symbol,direction,quantity,entry_utc,entry_price,exit_utc,exit_price,profit_loss,total_fees,mae,mfe,end_trade_drawdown,duration_days,is_win,order_ids
ORCL,Long,1224,2018-01-03T21:00:00Z,41.497881,2018-01-18T21:00:00Z,44.027493,3096.25,20.988,0.0,3171.39,279.11,15.0,True,14;282
AMGN,Long,366,2018-01-03T21:00:00Z,135.878945,2018-01-19T21:00:00Z,144.673326,3218.74,20.781,0.0,3477.37,399.18,16.0,True,24;304
UNP,Long,444,2018-01-03T21:00:00Z,112.347601,2018-01-19T21:00:00Z,116.41194,1804.57,20.3777,-84.36,1925.6,476.82,16.0,True,28;305
NKE,Short,893,2018-01-03T21:00:00Z,55.820802,2018-01-23T21:00:00Z,58.502803,-2395.03,20.514,-2929.0,47.12,2976.12,20.0,False,31;348
BMY,Short,1110,2018-01-03T21:00:00Z,44.819425,2018-01-25T21:00:00Z,47.044529,-2469.87,20.3675,-2469.87,728.91,3198.78,22.0,False,32;369
JPM,Short,583,2018-01-03T21:00:00Z,85.396907,2018-01-25T21:00:00Z,92.387399,-4075.46,20.724,-4075.46,0.0,4075.46,22.0,False,3;370
MDT,Long,765,2018-01-03T21:00:00Z,65.105318,2018-01-25T21:00:00Z,68.107133,2296.39,20.6905,0.0,3065.89,1229.99,22.0,True,27;371
MO,Short,1341,2018-01-03T21:00:00Z,37.142224,2018-01-25T21:00:00Z,37.589024,-599.16,19.792,-634.4,1226.51,1860.92,22.0,False,23;372
PFE,Short,2164,2018-01-03T21:00:00Z,22.996295,2018-01-26T21:00:00Z,23.584323,-1272.49,20.7183,-3598.55,0.0,3598.55,23.0,False,11;393
AAPL,Long,1241,2018-01-03T21:00:00Z,40.263298,2018-01-29T21:00:00Z,39.654485,-755.54,19.6955,-1346.07,1925.03,3271.1,26.0,False,1;424
AMZN,Long,840,2018-01-03T21:00:00Z,59.339462,2018-01-29T21:00:00Z,70.293703,9201.56,21.9721,0.0,9557.72,497.79,26.0,True,2;425
BA,Short,176,2018-01-03T21:00:00Z,282.02792,2018-01-29T21:00:00Z,325.693931,-7685.22,21.4227,-9236.69,0.0,9236.69,26.0,False,15;426
BIIB,Short,142,2018-01-25T21:00:00Z,358.0,2018-01-29T21:00:00Z,365.15,-1015.3,20.227,-1407.22,0.0,1407.22,4.0,False,376;427
CB,Short,371,2018-01-25T21:00:00Z,132.856796,2018-01-29T21:00:00Z,133.362802,-187.73,19.6593,-254.55,251.37,439.09,4.0,False,375;428
CVX,Short,567,2018-01-03T21:00:00Z,87.715458,2018-01-29T21:00:00Z,89.540711,-1034.92,20.0727,-2440.85,0.0,2440.85,26.0,False,7;429
DIS,Short,473,2018-01-03T21:00:00Z,105.982252,2018-01-29T21:00:00Z,105.699381,133.8,19.9644,-31.22,1306.76,1337.98,26.0,True,18;430
FDX,Short,326,2018-01-25T21:00:00Z,151.340472,2018-01-29T21:00:00Z,149.55697,581.42,19.5288,0.0,581.42,0.0,4.0,True,377;431
GILD,Short,925,2018-01-03T21:00:00Z,53.957127,2018-01-29T21:00:00Z,61.897987,-7345.3,21.9901,-9820.63,201.79,10022.43,26.0,False,34;432
INTC,Long,1268,2018-01-03T21:00:00Z,38.149211,2018-01-29T21:00:00Z,41.65014,4439.18,20.2776,-3129.78,4939.52,3129.78,26.0,True,9;433
MCD,Long,354,2018-01-03T21:00:00Z,140.80268,2018-01-29T21:00:00Z,144.948718,1467.7,20.1403,0.0,1484.96,330.95,26.0,True,22;434
NVDA,Long,10143,2018-01-03T21:00:00Z,5.036477,2018-01-29T21:00:00Z,5.987044,9641.6,22.9817,0.0,10669.81,1028.2,26.0,True,25;435
PEP,Short,556,2018-01-03T21:00:00Z,89.671664,2018-01-29T21:00:00Z,92.21678,-1415.08,20.0579,-1575.6,485.78,2061.38,26.0,False,16;436
PG,Short,695,2018-01-03T21:00:00Z,71.814065,2018-01-29T21:00:00Z,69.904775,1326.96,19.5904,-1023.25,1764.85,1644.86,26.0,True,8;437
PM,Short,728,2018-01-03T21:00:00Z,68.431148,2018-01-29T21:00:00Z,71.886803,-2515.72,20.3234,-2978.76,424.86,3403.62,26.0,False,17;438
QCOM,Short,956,2018-01-03T21:00:00Z,51.969026,2018-01-29T21:00:00Z,54.535891,-2453.92,20.3744,-2813.22,0.0,2813.22,26.0,False,33;439
SLB,Short,917,2018-01-03T21:00:00Z,54.711903,2018-01-29T21:00:00Z,60.287888,-5113.18,21.1856,-7049.44,0.0,7049.44,26.0,False,35;440
T,Short,2898,2018-01-03T21:00:00Z,17.159538,2018-01-29T21:00:00Z,16.785203,1084.82,19.5145,0.0,1897.73,1822.49,26.0,True,6;441
UPS,Short,573,2018-01-03T21:00:00Z,87.197172,2018-01-29T21:00:00Z,93.125173,-3396.74,20.7149,-4065.62,0.0,4065.62,26.0,False,29;442
USB,Long,1289,2018-01-03T21:00:00Z,38.66373,2018-01-29T21:00:00Z,41.55635,3728.59,20.7749,0.0,3793.19,941.38,26.0,True,36;443
UTX,Short,891,2018-01-03T21:00:00Z,56.69489,2018-01-29T21:00:00Z,60.25196,-3169.35,20.7419,-3169.35,0.0,3169.35,26.0,False,30;444
WFC,Short,1036,2018-01-03T21:00:00Z,48.124464,2018-01-29T21:00:00Z,51.793639,-3801.27,20.7813,-3923.62,0.0,3923.62,26.0,False,4;445
WMT,Short,1735,2018-01-03T21:00:00Z,28.820073,2018-01-29T21:00:00Z,31.50711,-4662.01,21.1358,-5390.13,0.0,5390.13,26.0,False,5;446
C,Long,890,2018-01-03T21:00:00Z,55.983163,2018-01-30T21:00:00Z,59.840953,3433.43,20.5483,0.0,3876.02,979.06,27.0,True,13;448
CL,Short,826,2018-01-29T21:00:00Z,59.910107,2018-01-30T21:00:00Z,60.212065,-249.42,20.0154,-849.37,0.0,849.37,1.0,False,410;449
CVS,Short,801,2018-01-25T21:00:00Z,61.860377,2018-01-30T21:00:00Z,59.795825,1653.71,19.7432,-1482.84,1653.71,1482.84,5.0,True,374;450
IBM,Long,489,2018-01-03T21:00:00Z,104.000975,2018-01-30T21:00:00Z,109.8291,2849.95,20.815,0.0,3803.17,2194.01,27.0,True,20;451
MMM,Long,406,2018-01-03T21:00:00Z,122.45266,2018-01-30T21:00:00Z,132.923152,4251.02,20.6067,0.0,4972.21,1488.91,27.0,True,21;452
MRK,Short,1214,2018-01-03T21:00:00Z,41.06146,2018-01-30T21:00:00Z,44.413267,-4069.09,20.7072,-5177.23,0.0,5177.23,27.0,False,19;453
UNH,Short,261,2018-01-03T21:00:00Z,191.215376,2018-01-30T21:00:00Z,201.034124,-2562.69,20.7236,-6046.42,0.0,6046.42,27.0,False,12;454
VZ,Short,1504,2018-01-03T21:00:00Z,32.974253,2018-01-30T21:00:00Z,34.076459,-1657.72,19.9219,-1949.77,1008.46,2958.24,27.0,False,10;455
BLK,Short,121,2018-01-03T21:00:00Z,409.680766,2018-02-01T21:00:00Z,452.166239,-5140.74,21.0411,-8230.06,0.0,8230.06,29.0,False,37;457
LOW,Long,640,2018-01-03T21:00:00Z,77.95191,2018-02-01T21:00:00Z,88.562727,6790.92,21.3454,0.0,8734.12,1943.19,29.0,True,38;458
NEE,Long,1603,2018-01-03T21:00:00Z,30.901236,2018-02-01T21:00:00Z,31.807677,1453.03,19.8113,-1308.37,1453.03,1308.37,29.0,True,41;459
TMO,Long,264,2018-01-03T21:00:00Z,187.670096,2018-02-01T21:00:00Z,218.865453,8235.57,21.5945,0.0,8235.57,1330.06,29.0,True,39;460
SPY,Short,294,2018-01-30T21:00:00Z,247.994219,2018-02-01T21:00:00Z,246.155278,540.65,88.3706,0.0,540.65,0.0,2.0,True,456;464
AXP,Long,562,2018-02-01T21:00:00Z,88.702134,2018-02-07T21:00:00Z,83.834498,-2735.61,19.508,-3481.23,0.0,3481.23,6.0,False,461;466
SPY,Short,334,2018-01-30T21:00:00Z,247.994219,2018-02-07T21:00:00Z,235.08661,4311.14,15.6576,0.0,6864.48,2553.34,8.0,True,456;467
SPY,Short,509,2018-01-30T21:00:00Z,247.994219,2018-02-16T21:00:00Z,238.422973,4871.76,24.3463,0.0,11397.16,6899.81,17.0,True,456;475
SPY,Short,231,2018-01-30T21:00:00Z,247.994219,2018-02-21T21:00:00Z,238.055185,2295.92,10.9253,0.0,5172.39,3131.35,22.0,True,456;481
SPY,Short,129,2018-01-30T21:00:00Z,247.994219,2018-02-22T21:00:00Z,237.389664,1367.99,7.2456,0.0,2888.48,1748.67,23.0,True,456;483
SPY,Short,24,2018-02-06T21:00:00Z,227.441873,2018-02-22T21:00:00Z,237.389664,-238.75,4.1479,-493.26,44.13,325.33,16.0,False,465;483
SPY,Short,64,2018-02-06T21:00:00Z,227.441873,2018-02-26T21:00:00Z,241.601712,-906.23,11.1456,-1315.35,117.69,1136.01,20.0,False,465;492
SPY,Short,137,2018-02-15T21:00:00Z,237.801236,2018-02-26T21:00:00Z,241.601712,-520.67,6.551,-1396.44,1671.17,941.76,11.0,False,469;492
SPY,Short,28,2018-02-20T21:00:00Z,238.186538,2018-02-26T21:00:00Z,241.601712,-95.62,4.6582,-274.62,352.34,192.48,6.0,False,479;492
COST,Long,300,2018-02-23T21:00:00Z,167.998176,2018-02-28T21:00:00Z,171.370125,1011.58,20.4308,0.0,1336.26,727.16,5.0,True,486;500
CRM,Long,445,2018-01-25T21:00:00Z,111.108908,2018-02-28T21:00:00Z,114.798473,1641.86,19.9337,-4026.04,1641.86,4322.97,34.0,True,373;501
CVS,Long,836,2018-02-01T21:00:00Z,59.689169,2018-02-28T21:00:00Z,52.017568,-6413.46,18.6634,-6763.75,0.0,6763.75,27.0,False,463;502
GD,Short,273,2018-02-22T21:00:00Z,184.254608,2018-02-28T21:00:00Z,186.681635,-662.58,20.087,-1157.24,154.3,1311.54,6.0,False,482;503
GM,Short,1404,2018-02-23T21:00:00Z,35.837028,2018-02-28T21:00:00Z,34.606085,1728.24,19.675,-600.6,2083.7,600.6,5.0,True,487;504
HON,Long,410,2018-01-03T21:00:00Z,120.924132,2018-02-28T21:00:00Z,122.648222,706.88,19.7333,-2230.89,3920.27,6151.16,56.0,True,26;505
LOW,Long,606,2018-02-23T21:00:00Z,82.882567,2018-02-28T21:00:00Z,74.62672,-5003.04,19.3434,-5003.04,170.56,5173.6,5.0,False,485;506
SBUX,Long,1069,2018-02-01T21:00:00Z,46.42343,2018-02-28T21:00:00Z,47.139657,765.65,20.0005,-1956.1,1058.21,1956.1,27.0,True,462;507
V,Short,437,2018-02-21T21:00:00Z,114.978765,2018-02-28T21:00:00Z,116.391859,-617.52,20.0423,-1041.55,683.39,1724.95,7.0,False,480;508
SPY,Short,70,2018-02-20T21:00:00Z,238.186538,2018-02-28T21:00:00Z,241.382791,-223.74,39.3929,-686.54,880.85,494.06,8.0,False,479;509
SPY,Short,145,2018-02-23T21:00:00Z,238.046428,2018-02-28T21:00:00Z,241.382791,-483.77,6.9762,-1442.43,1804.31,796.13,5.0,False,488;509
SPY,Short,194,2018-02-27T21:00:00Z,243.536978,2018-02-28T21:00:00Z,241.382791,417.91,9.3242,-864.7,3479.2,679.53,1.0,True,499;509
SPY,Long,419,2018-02-28T21:00:00Z,241.382791,2018-03-01T21:00:00Z,237.748695,-1522.69,19.6445,-2916.95,0.0,2916.95,1.0,False,509;510
ADP,Long,526,2018-02-20T21:00:00Z,95.065863,2018-03-01T21:00:00Z,94.77004,-155.6,19.8134,-821.24,955.23,1776.46,9.0,False,478;511
BLK,Long,110,2018-02-27T21:00:00Z,452.601161,2018-03-01T21:00:00Z,441.115989,-1263.37,19.286,-2336.26,0.0,2336.26,2.0,False,496;512
CAT,Short,373,2018-02-16T21:00:00Z,134.345828,2018-03-01T21:00:00Z,128.544435,2163.92,19.1701,-1075.71,3133.31,2645.49,13.0,True,474;513
CSCO,Short,1458,2018-02-26T21:00:00Z,34.55659,2018-03-01T21:00:00Z,34.931865,-547.15,20.3267,-957.51,455.96,1003.11,3.0,False,489;514
DIS,Long,505,2018-02-16T21:00:00Z,99.297073,2018-03-01T21:00:00Z,97.307548,-1004.71,19.9133,-1304.69,2133.22,3437.92,13.0,False,473;515
JPM,Short,547,2018-02-23T21:00:00Z,91.822022,2018-03-01T21:00:00Z,91.901652,-43.56,20.1011,-1507.1,818.89,1507.1,6.0,False,484;516
LMT,Short,176,2018-02-26T21:00:00Z,285.587676,2018-03-01T21:00:00Z,282.069789,619.15,19.5552,0.0,2569.37,1950.22,3.0,True,491;517
MA,Long,295,2018-02-27T21:00:00Z,169.655528,2018-03-01T21:00:00Z,168.175863,-436.5,19.6809,-1191.23,0.0,1191.23,2.0,False,495;518
MSFT,Short,589,2018-02-16T21:00:00Z,84.889467,2018-03-01T21:00:00Z,86.248433,-800.43,19.9946,-1606.27,519.2,2125.47,13.0,False,471;519
NKE,Long,837,2018-02-20T21:00:00Z,59.478876,2018-03-01T21:00:00Z,59.127138,-294.4,19.6971,-971.54,1479.38,2450.92,9.0,False,476;520
NOC,Short,163,2018-02-27T21:00:00Z,307.526839,2018-03-01T21:00:00Z,304.465878,498.94,19.5965,0.0,2135.67,1636.74,2.0,True,498;521
PM,Long,721,2018-02-26T21:00:00Z,69.657348,2018-03-01T21:00:00Z,67.9787,-1210.31,19.9852,-1271.77,0.0,1271.77,3.0,False,490;522
TMO,Long,240,2018-02-27T21:00:00Z,208.867317,2018-03-01T21:00:00Z,203.370294,-1319.29,19.4926,-2041.03,0.0,2041.03,2.0,False,497;523
USB,Short,1263,2018-02-20T21:00:00Z,39.737722,2018-03-01T21:00:00Z,38.942968,1003.77,19.5474,-307.46,2107.02,1419.75,9.0,True,477;524
XOM,Short,927,2018-02-27T21:00:00Z,54.260652,2018-03-01T21:00:00Z,51.856699,2228.46,19.4449,0.0,2419.48,191.01,2.0,True,494;525
FB,Short,274,2018-02-27T21:00:00Z,182.601108,2018-03-08T21:00:00Z,181.848318,206.26,19.7471,0.0,2282.48,2108.78,9.0,True,493;542
GOOGL,Short,927,2018-02-16T21:00:00Z,54.15369,2018-03-13T20:00:00Z,58.039217,-3601.88,20.5269,-3601.88,1008.71,4610.59,24.9583,False,470;546
UPS,Short,676,2018-03-01T21:00:00Z,74.43357,2018-03-13T20:00:00Z,77.794995,-2272.32,20.6868,-2598.31,0.0,2598.31,11.9583,False,533;547
SPY,Short,149,2018-03-08T21:00:00Z,239.51758,2018-03-14T20:00:00Z,243.274272,-559.75,15.1529,-824.62,0.0,824.62,5.9583,False,543;551
AMT,Long,447,2018-03-01T21:00:00Z,111.649915,2018-03-14T20:00:00Z,117.674191,2692.85,20.238,-1795.23,2692.85,1795.23,12.9583,True,539;552
SPY,Short,17,2018-03-08T21:00:00Z,239.51758,2018-03-15T20:00:00Z,241.557928,-34.69,8.8138,-94.08,0.0,94.08,6.9583,False,543;554
SPY,Short,116,2018-03-09T21:00:00Z,241.417818,2018-03-15T20:00:00Z,241.557928,-16.25,5.6655,-421.56,220.43,421.56,5.9583,False,545;554
SPY,Short,50,2018-03-13T20:00:00Z,245.051914,2018-03-15T20:00:00Z,241.557928,174.7,30.7746,0.0,276.72,109.9,2.0,True,549;554
V,Long,432,2018-03-01T21:00:00Z,116.222288,2018-03-16T20:00:00Z,116.636795,179.07,19.9343,-1058.12,463.95,1058.12,14.9583,True,526;555
SPY,Short,316,2018-03-13T20:00:00Z,245.051914,2018-03-16T20:00:00Z,241.297154,1186.5,15.2361,0.0,1748.85,694.56,3.0,True,549;556
SPY,Short,269,2018-03-13T20:00:00Z,245.051914,2018-03-21T20:00:00Z,238.1584,1854.36,12.7916,0.0,1960.78,591.25,8.0,True,549;557
SPY,Long,126,2018-03-21T20:00:00Z,238.1584,2018-03-22T20:00:00Z,235.494416,-335.66,23.4363,-798.72,0.0,798.72,1.0,False,564;566
ANTM,Short,241,2018-03-21T20:00:00Z,206.214103,2018-03-28T20:00:00Z,197.737459,2042.87,19.367,0.0,3034.01,1265.97,7.0,True,562;585
CRM,Long,439,2018-03-01T21:00:00Z,118.645041,2018-03-28T20:00:00Z,111.030406,-3342.82,20.0147,-3459.13,3049.9,6509.03,26.9583,False,534;586
DOW,Long,540,2018-03-01T21:00:00Z,92.421181,2018-03-28T20:00:00Z,84.341577,-4362.99,18.6719,-5487.54,1501.78,6989.32,26.9583,False,530;587
EOG,Short,635,2018-03-27T20:00:00Z,78.60569,2018-03-28T20:00:00Z,77.39142,771.06,19.5227,0.0,1690.76,919.7,1.0,True,570;588
GM,Short,1595,2018-03-26T20:00:00Z,31.677446,2018-03-28T20:00:00Z,30.910202,1223.75,20.1033,0.0,1476.94,843.97,2.0,True,568;589
ITW,Short,381,2018-03-01T21:00:00Z,131.527014,2018-03-28T20:00:00Z,127.067516,1699.07,19.4216,-2915.64,2147.97,3846.16,26.9583,True,541;590
LLY,Long,716,2018-03-21T20:00:00Z,69.813873,2018-03-28T20:00:00Z,67.678348,-1529.04,19.7819,-2357.26,0.0,2357.26,7.0,False,560;591
LVS,Short,808,2018-03-15T20:00:00Z,62.045033,2018-03-28T20:00:00Z,60.509432,1240.77,19.7536,-614.5,2850.48,1609.71,13.0,True,553;592
MO,Short,1513,2018-03-01T21:00:00Z,32.984356,2018-03-28T20:00:00Z,32.508454,720.04,19.9682,-2688.13,2263.36,2847.19,26.9583,True,531;593
SLB,Short,969,2018-03-01T21:00:00Z,51.585475,2018-03-28T20:00:00Z,50.656149,900.52,19.5977,-2503.13,1747.61,2526.03,26.9583,True,532;594
ABT,Short,959,2018-03-28T20:00:00Z,51.879791,2018-04-02T20:00:00Z,51.271255,583.59,19.306,0.0,1906.93,1323.34,5.0,True,579;595
C,Long,959,2018-03-28T20:00:00Z,51.814856,2018-04-02T20:00:00Z,51.633289,-174.12,19.7296,-565.9,406.29,972.19,5.0,False,573;596
HON,Short,432,2018-03-28T20:00:00Z,114.756712,2018-04-02T20:00:00Z,114.311672,192.26,19.6178,-37.76,676.33,484.08,5.0,True,576;597
MDT,Long,796,2018-03-28T20:00:00Z,62.446556,2018-04-02T20:00:00Z,63.506052,843.36,19.7765,-577.04,1160.41,1737.45,5.0,True,577;598
MRK,Short,1252,2018-03-28T20:00:00Z,39.814686,2018-04-02T20:00:00Z,40.04304,-285.9,19.9872,-387.35,719.36,1005.26,5.0,False,575;599
PG,Long,799,2018-03-28T20:00:00Z,62.144667,2018-04-02T20:00:00Z,63.229328,866.64,19.9124,-331.36,866.64,1198.01,5.0,True,572;600
TXN,Short,611,2018-03-28T20:00:00Z,80.810246,2018-04-02T20:00:00Z,81.276444,-284.85,19.5588,-782.12,782.12,1066.97,5.0,False,578;601
FDX,Long,363,2018-03-01T21:00:00Z,137.732185,2018-04-03T20:00:00Z,134.024542,-1345.87,19.696,-3322.66,1259.33,4582.0,32.9583,False,537;604
ORCL,Short,1210,2018-03-21T20:00:00Z,41.475302,2018-04-03T20:00:00Z,39.712448,2133.05,19.5074,0.0,2653.05,1793.46,13.0,True,558;605
QCOM,Short,1114,2018-04-02T20:00:00Z,44.438695,2018-04-03T20:00:00Z,43.785422,727.75,19.5126,0.0,727.75,0.0,1.0,True,602;606
SBUX,Short,1057,2018-03-01T21:00:00Z,47.272351,2018-04-03T20:00:00Z,46.899149,394.48,20.0166,-2103.87,666.23,2165.23,32.9583,True,535;607
SPY,Long,244,2018-03-21T20:00:00Z,238.1584,2018-04-03T20:00:00Z,227.643137,-2565.72,20.8177,-2876.79,0.0,2876.79,13.0,False,564;608
SPY,Long,210,2018-03-26T20:00:00Z,230.491754,2018-04-03T20:00:00Z,227.643137,-598.21,23.3085,-865.93,1610.0,1606.3,8.0,False,569;608
NEE,Long,1630,2018-03-01T21:00:00Z,30.841567,2018-04-04T20:00:00Z,32.659341,2962.97,30.7382,0.0,3512.77,790.13,33.9583,True,536;628
COP,Long,1241,2018-03-09T21:00:00Z,40.482101,2018-04-04T20:00:00Z,44.038416,4413.39,31.1544,-464.57,5537.64,1263.62,25.9583,True,544;629
BA,Long,144,2018-03-01T21:00:00Z,346.685409,2018-04-04T20:00:00Z,299.56684,-6785.07,18.6758,-6785.07,0.0,6785.07,33.9583,False,529;636
CME,Short,410,2018-03-01T21:00:00Z,122.244949,2018-04-04T20:00:00Z,116.593682,2317.02,19.4866,-1736.68,2413.82,1769.82,33.9583,True,540;637
CVX,Long,643,2018-03-01T21:00:00Z,77.528097,2018-04-04T20:00:00Z,78.912403,890.11,20.2641,0.0,2580.87,2290.13,33.9583,True,528;638
TSLA,Long,2371,2018-03-22T20:00:00Z,20.925998,2018-04-04T20:00:00Z,16.865998,-9626.26,18.8428,-9706.87,0.0,9706.87,13.0,False,565;639
HD,Long,341,2018-03-13T20:00:00Z,145.838653,2018-04-04T20:00:00Z,138.430821,-2526.07,19.6663,-2526.07,0.0,2526.07,22.0,False,548;640
MA,Short,301,2018-03-28T20:00:00Z,164.433743,2018-04-04T20:00:00Z,161.541236,870.64,19.7714,-830.42,870.64,830.42,7.0,True,574;641
MCD,Short,383,2018-03-21T20:00:00Z,130.89464,2018-04-04T20:00:00Z,129.667503,469.99,20.0775,-542.06,1572.91,2114.97,14.0,True,563;642
MDLZ,Long,1406,2018-03-01T21:00:00Z,35.67626,2018-04-04T20:00:00Z,33.266864,-3387.61,19.6029,-3947.16,1825.27,5772.43,33.9583,False,538;643
SCHW,Short,1002,2018-03-21T20:00:00Z,49.814344,2018-04-04T20:00:00Z,44.562296,5262.55,19.1932,0.0,5262.55,1462.81,14.0,True,561;644
UNH,Long,257,2018-02-16T21:00:00Z,194.985844,2018-04-04T20:00:00Z,190.844307,-1064.37,20.3522,-2817.48,1785.02,4602.5,46.9583,False,472;645
SPY,Long,290,2018-03-26T20:00:00Z,230.491754,2018-04-04T20:00:00Z,225.74406,-1376.83,15.1083,-1376.83,2223.33,2399.26,9.0,False,569;646
SPY,Long,36,2018-03-27T20:00:00Z,234.017356,2018-04-04T20:00:00Z,225.74406,-297.84,4.6741,-297.84,149.08,297.84,8.0,False,571;646
T,Long,3050,2018-03-01T21:00:00Z,16.423258,2018-04-11T20:00:00Z,16.354154,-210.77,19.8023,-2221.66,1504.11,3725.77,40.9583,False,527;647
TXN,Short,615,2018-04-04T20:00:00Z,79.000767,2018-04-16T20:00:00Z,81.442379,-1501.59,20.1874,-2070.16,252.69,2322.85,12.0,False,622;648
SPY,Long,66,2018-03-27T20:00:00Z,234.017356,2018-04-16T20:00:00Z,234.747094,48.16,8.6494,-546.04,273.31,546.04,20.0,True,571;649
SPY,Long,118,2018-04-02T20:00:00Z,230.843435,2018-04-16T20:00:00Z,234.747094,460.63,11.4542,-601.73,863.17,705.47,14.0,True,603;649
SPY,Long,135,2018-04-02T20:00:00Z,230.843435,2018-04-24T20:00:00Z,235.415288,617.2,6.2427,-688.42,987.52,879.51,22.0,True,603;652
MU,Short,988,2018-04-04T20:00:00Z,48.425318,2018-04-24T20:00:00Z,48.425318,0.0,19.3651,-4190.95,2456.76,5828.79,20.0,False,631;653
BIIB,Short,186,2018-04-04T20:00:00Z,263.63,2018-04-30T20:00:00Z,277.58,-2594.7,20.3112,-2594.7,1136.46,3731.16,26.0,False,632;654
CAT,Short,409,2018-03-26T20:00:00Z,123.925119,2018-05-02T20:00:00Z,121.322014,1064.67,20.1462,-2787.66,1656.14,4443.8,37.0,True,567;656
FB,Long,321,2018-04-04T20:00:00Z,150.676868,2018-05-02T20:00:00Z,172.646451,7052.24,21.0594,0.0,7615.02,2852.05,28.0,True,617;657
HON,Short,433,2018-04-04T20:00:00Z,112.706349,2018-05-02T20:00:00Z,115.217646,-1087.39,19.8084,-2993.77,0.0,2993.77,28.0,False,621;658
INTC,Long,1305,2018-02-15T21:00:00Z,38.729218,2018-05-02T20:00:00Z,44.840353,7975.03,21.6705,-286.79,8592.74,4070.24,75.9583,True,468;659
ITW,Long,391,2018-04-04T20:00:00Z,124.261067,2018-05-02T20:00:00Z,117.208124,-2757.7,19.2681,-3362.35,2408.99,5771.34,28.0,False,633;660
PEP,Long,600,2018-04-04T20:00:00Z,82.48952,2018-05-02T20:00:00Z,75.892195,-3958.39,19.049,-4844.67,1281.2,6125.87,28.0,False,618;661
TMUS,Long,882,2018-04-04T20:00:00Z,55.811367,2018-05-02T20:00:00Z,56.529685,633.56,19.4602,-1733.94,4559.94,6293.88,28.0,True,635;662
UPS,Long,664,2018-04-04T20:00:00Z,73.618035,2018-05-02T20:00:00Z,79.482799,3894.2,20.4891,0.0,4793.59,1337.31,28.0,True,624;663
NVDA,Short,8936,2018-04-04T20:00:00Z,5.309111,2018-05-02T20:00:00Z,5.602306,-2620.0,29.8346,-4944.47,191.87,5136.34,28.0,False,620;671
IBM,Long,497,2018-04-04T20:00:00Z,98.685678,2018-05-02T20:00:00Z,96.463598,-1104.37,29.3994,-1817.41,4318.0,6135.41,28.0,False,619;672
NEE,Short,1519,2018-04-04T20:00:00Z,32.659341,2018-05-02T20:00:00Z,33.014817,-539.97,19.9529,-705.64,806.88,1500.25,28.0,False,628;678
SPY,Short,182,2018-04-30T20:00:00Z,234.975687,2018-05-08T20:00:00Z,234.289909,124.81,31.8445,0.0,742.47,688.06,8.0,True,655;691
IBM,Short,512,2018-05-02T20:00:00Z,96.463598,2018-05-08T20:00:00Z,95.422624,532.98,9.7713,0.0,878.05,655.97,6.0,True,672;692
MRK,Long,1160,2018-05-02T20:00:00Z,42.488641,2018-05-08T20:00:00Z,42.260287,-264.89,19.4926,-786.13,59.81,845.94,6.0,False,668;693
NKE,Long,824,2018-05-02T20:00:00Z,60.011586,2018-05-08T20:00:00Z,61.034711,843.06,19.8728,-828.52,944.8,828.52,6.0,True,673;694
CRM,Long,434,2018-04-04T20:00:00Z,111.972423,2018-05-09T20:00:00Z,126.583495,6341.21,21.2254,0.0,6652.09,3053.49,35.0,True,625;695
GM,Short,1542,2018-05-02T20:00:00Z,32.206579,2018-05-09T20:00:00Z,32.091933,176.78,19.71,-258.38,503.15,761.53,7.0,True,686;696
LLY,Short,704,2018-05-02T20:00:00Z,69.920649,2018-05-09T20:00:00Z,70.258774,-238.04,19.8049,-432.23,338.27,770.5,7.0,False,677;697
SPY,Short,319,2018-04-30T20:00:00Z,234.975687,2018-05-16T20:00:00Z,238.360617,-1079.79,22.3557,-1604.26,1301.36,2905.62,16.0,False,655;701
SPY,Short,97,2018-05-02T20:00:00Z,232.786472,2018-05-16T20:00:00Z,238.360617,-540.69,4.4893,-700.17,183.36,883.53,14.0,False,687;701
SPY,Short,51,2018-05-09T20:00:00Z,235.33616,2018-05-16T20:00:00Z,238.360617,-154.25,10.8521,-238.1,226.44,238.1,7.0,False,698;701
MU,Long,1086,2018-05-02T20:00:00Z,44.807559,2018-05-16T20:00:00Z,54.217634,10219.34,21.6862,0.0,11172.44,953.1,14.0,True,684;702
GS,Long,252,2018-05-02T20:00:00Z,195.97216,2018-05-16T20:00:00Z,199.84025,974.76,19.8296,-665.84,1525.8,665.84,14.0,True,676;703
TJX,Long,1331,2018-05-02T20:00:00Z,37.056431,2018-05-16T20:00:00Z,38.443061,1845.6,20.0501,-776.59,1845.6,990.0,14.0,True,685;704
TMO,Short,246,2018-04-04T20:00:00Z,198.928747,2018-05-16T20:00:00Z,204.713491,-1423.05,20.1914,-3834.05,0.0,3834.05,42.0,False,627;705
SPY,Short,178,2018-05-09T20:00:00Z,235.33616,2018-05-17T20:00:00Z,239.081563,-666.68,10.0922,-831.0,790.32,831.0,8.0,False,698;707
SPY,Short,33,2018-05-16T20:00:00Z,238.360617,2018-05-17T20:00:00Z,239.081563,-23.79,1.5797,-54.26,246.33,26.11,1.0,False,706;707
AMGN,Long,354,2018-03-21T20:00:00Z,140.667113,2018-05-17T20:00:00Z,135.155336,-1951.17,19.5924,-4306.52,0.0,4306.52,57.0,False,559;708
DHR,Short,670,2018-04-04T20:00:00Z,73.089928,2018-05-18T20:00:00Z,76.004766,-1952.94,20.2691,-2969.89,65.77,3035.66,44.0,False,630;709
AMZN,Short,627,2018-05-02T20:00:00Z,78.863551,2018-05-23T20:00:00Z,78.368216,310.58,19.8389,-878.87,310.58,1157.23,21.0,True,664;713
COP,Short,1105,2018-04-04T20:00:00Z,44.038416,2018-05-23T20:00:00Z,52.362034,-9197.6,11.484,-10036.63,0.0,10036.63,49.0,False,629;714
HD,Short,331,2018-05-02T20:00:00Z,149.526359,2018-05-23T20:00:00Z,151.358055,-606.29,19.9904,-1767.9,351.43,2119.34,21.0,False,665;715
MDT,Short,767,2018-05-02T20:00:00Z,64.310632,2018-05-23T20:00:00Z,67.345731,-2327.92,20.1851,-3329.97,702.65,4032.62,21.0,False,674;716
ABBV,Long,687,2018-05-02T20:00:00Z,71.374539,2018-05-24T20:00:00Z,73.789467,1659.06,19.7447,-814.97,2498.29,1498.97,22.0,True,669;718
EOG,Short,575,2018-05-02T20:00:00Z,86.123956,2018-05-24T20:00:00Z,88.842348,-1563.08,19.9391,-4175.22,1537.8,5713.02,22.0,False,679;719
SPY,Short,148,2018-05-18T20:00:00Z,238.800218,2018-05-24T20:00:00Z,239.97835,-174.36,15.3119,-229.01,54.65,229.01,6.0,False,710;720
SPY,Short,24,2018-05-23T20:00:00Z,238.430953,2018-05-24T20:00:00Z,239.97835,-37.14,11.1998,-46.0,0.0,37.14,1.0,False,712;720
CME,Long,429,2018-05-02T20:00:00Z,115.435271,2018-05-25T20:00:00Z,117.611903,933.78,20.0037,0.0,1589.0,690.04,23.0,True,683;721
CSCO,Short,1402,2018-05-02T20:00:00Z,35.393944,2018-05-25T20:00:00Z,34.251187,1602.15,19.2523,-1535.85,1878.38,2055.17,23.0,True,666;722
DOW,Long,596,2018-05-02T20:00:00Z,82.812647,2018-05-25T20:00:00Z,86.832679,2395.94,20.2987,0.0,4556.21,2293.82,23.0,True,670;723
DUK,Short,875,2018-05-02T20:00:00Z,56.602568,2018-05-25T20:00:00Z,54.331877,1986.85,19.4397,-24.81,3279.87,1336.96,23.0,True,681;724
EPD,Long,3753,2018-04-04T20:00:00Z,13.074124,2018-05-25T20:00:00Z,15.168343,7859.6,21.2889,-80.9,9195.43,1355.11,51.0,True,634;725
NEE,Long,1503,2018-05-02T20:00:00Z,33.014817,2018-05-25T20:00:00Z,32.560374,-683.03,9.8611,-2137.12,191.25,2328.37,23.0,False,678;726
NOC,Short,185,2018-05-02T20:00:00Z,267.264841,2018-05-25T20:00:00Z,289.692051,-4149.03,20.571,-4149.03,0.0,4149.03,23.0,False,682;727
NVDA,Long,8839,2018-05-02T20:00:00Z,5.602306,2018-05-25T20:00:00Z,6.127083,4638.5,10.8825,0.0,7227.12,3802.26,23.0,True,671;728
ORCL,Long,1224,2018-05-02T20:00:00Z,40.414084,2018-05-25T20:00:00Z,40.986521,700.66,19.9441,-894.69,1422.89,905.47,23.0,True,667;729
PYPL,Long,674,2018-04-04T20:00:00Z,72.19489,2018-05-25T20:00:00Z,81.738461,6432.37,20.7622,-846.54,6432.37,5739.14,51.0,True,623;730
TXN,Long,606,2018-05-02T20:00:00Z,81.608313,2018-05-25T20:00:00Z,87.950281,3843.23,20.6085,0.0,4286.42,688.86,23.0,True,675;731
USB,Short,1372,2018-04-04T20:00:00Z,35.663499,2018-05-25T20:00:00Z,36.311795,-889.46,20.007,-1966.7,0.0,1966.7,51.0,False,626;732
SPY,Short,209,2018-05-23T20:00:00Z,238.430953,2018-05-25T20:00:00Z,239.274988,-176.4,51.492,-400.58,0.0,323.41,2.0,False,712;733
SPY,Short,718,2018-05-23T20:00:00Z,238.430953,2018-05-25T20:00:00Z,239.274988,-606.02,34.5127,-1376.16,0.0,1111.03,2.0,False,717;733
CL,Short,928,2018-05-02T20:00:00Z,53.14416,2018-06-01T20:00:00Z,51.921039,1135.06,19.171,0.0,2353.91,2087.28,30.0,True,680;734
SPY,Long,149,2018-05-25T20:00:00Z,239.274988,2018-06-01T20:00:00Z,239.573916,44.54,36.2268,-410.03,189.95,410.03,7.0,True,733;746
SPY,Short,604,2018-06-01T20:00:00Z,239.573916,2018-06-28T20:00:00Z,237.800523,1071.13,53.1113,-3414.58,1071.13,3414.58,27.0,True,746;757
ABT,Short,960,2018-06-01T20:00:00Z,53.361055,2018-06-28T20:00:00Z,52.069228,1240.15,20.451,-1306.3,1240.15,1306.3,27.0,True,739;758
BA,Long,150,2018-06-01T20:00:00Z,342.639996,2018-06-28T20:00:00Z,317.615727,-3753.64,19.9627,-3779.63,2246.41,6026.04,27.0,False,736;759
BMY,Long,1303,2018-06-01T20:00:00Z,39.245432,2018-06-28T20:00:00Z,40.469302,1594.7,20.9592,-1411.07,2309.9,1411.07,27.0,True,741;760
CVS,Short,1045,2018-06-01T20:00:00Z,49.014791,2018-06-28T20:00:00Z,49.437001,-441.21,20.8331,-6682.32,417.14,7099.47,27.0,False,743;761
EPD,Short,3215,2018-06-01T20:00:00Z,15.858311,2018-06-28T20:00:00Z,15.201198,2112.62,20.0487,-985.89,3256.95,1161.94,27.0,True,745;762
LVS,Short,747,2018-06-01T20:00:00Z,67.321808,2018-06-28T20:00:00Z,64.608942,2026.51,19.7745,-958.49,2160.17,2263.81,27.0,True,744;763
MRK,Long,1160,2018-06-01T20:00:00Z,44.116587,2018-06-28T20:00:00Z,44.620842,584.94,20.7343,0.0,2307.12,1920.23,27.0,True,737;764
QCOM,Long,1074,2018-06-01T20:00:00Z,47.543395,2018-06-28T20:00:00Z,44.9193,-2818.28,20.0448,-2818.28,2013.06,4831.33,27.0,False,740;765
SBUX,Short,1077,2018-06-01T20:00:00Z,47.386161,2018-06-28T20:00:00Z,41.183609,6680.15,18.9361,-529.74,7452.32,1571.27,27.0,True,742;766
WMT,Short,2089,2018-06-01T20:00:00Z,24.498475,2018-06-28T20:00:00Z,25.622502,-2348.09,20.8124,-2372.74,24.65,2397.4,27.0,False,735;767
TXN,Short,571,2018-06-01T20:00:00Z,89.468584,2018-07-03T17:00:00Z,87.926433,880.57,30.4377,-2523.69,1711.21,2523.69,31.875,True,738;785
AXP,Long,575,2018-07-03T17:00:00Z,89.359059,2018-07-06T20:00:00Z,88.912294,-256.89,20.3553,-760.56,0.0,760.56,3.125,False,793;846
SPY,Long,506,2018-06-28T20:00:00Z,237.800523,2018-07-17T20:00:00Z,245.943288,4120.24,47.9549,0.0,5009.53,911.64,19.0,True,757;979
BDX,Long,319,2018-07-03T17:00:00Z,161.10022,2018-07-19T20:00:00Z,165.430112,1381.24,20.9098,0.0,1745.85,422.52,16.125,True,804;1001
C,Short,1004,2018-07-03T17:00:00Z,51.277142,2018-07-19T20:00:00Z,52.82777,-1556.83,20.6219,-1831.57,686.84,2518.4,16.125,False,778;1002
AMT,Long,436,2018-07-03T17:00:00Z,117.485155,2018-07-24T20:00:00Z,113.758174,-1624.96,20.151,-1624.96,396.51,2021.47,21.125,False,805;1077
AMZN,Short,568,2018-07-20T20:00:00Z,91.135693,2018-07-26T20:00:00Z,91.784168,-368.33,20.523,-1037.28,708.33,1745.62,6.0,False,1023;1116
GS,Long,276,2018-07-03T17:00:00Z,186.574227,2018-07-26T20:00:00Z,196.997647,2876.86,20.9938,-853.42,2902.1,853.42,23.125,True,797;1117
LMT,Long,213,2018-07-03T17:00:00Z,240.82611,2018-07-26T20:00:00Z,260.758484,4245.6,21.2844,-138.5,4245.6,858.35,23.125,True,794;1118
MRK,Short,1142,2018-07-03T17:00:00Z,45.103349,2018-07-26T20:00:00Z,47.961281,-3263.76,21.1458,-3263.76,0.0,3263.76,23.125,False,780;1119
MS,Long,1375,2018-07-03T17:00:00Z,37.388323,2018-07-26T20:00:00Z,40.005349,3598.41,21.0555,-1246.02,3598.41,1246.02,23.125,True,795;1120
NFLX,Short,1287,2018-07-03T17:00:00Z,39.946,2018-07-26T20:00:00Z,35.795,5342.34,19.3979,-2510.94,5423.42,2648.65,23.125,True,779;1121
OXY,Long,753,2018-07-03T17:00:00Z,69.011261,2018-07-26T20:00:00Z,69.48123,353.89,20.8731,-776.07,1241.71,2017.78,23.125,True,803;1122
QCOM,Long,1120,2018-07-03T17:00:00Z,45.970568,2018-07-26T20:00:00Z,51.341,6014.88,21.7065,0.0,6544.27,976.62,23.125,True,798;1123
TMO,Long,255,2018-07-03T17:00:00Z,202.077616,2018-07-26T20:00:00Z,225.097879,5870.17,21.9386,0.0,6822.76,1336.62,23.125,True,796;1124
USB,Long,1403,2018-07-03T17:00:00Z,36.55347,2018-07-26T20:00:00Z,37.604273,1474.28,20.8087,-518.54,1952.15,660.88,23.125,True,799;1125
AMGN,Short,354,2018-07-03T17:00:00Z,145.402529,2018-07-27T20:00:00Z,152.850071,-2636.43,20.8789,-2636.43,0.0,2636.43,24.125,False,784;1152
AVGO,Short,2617,2018-07-03T17:00:00Z,19.694967,2018-07-27T20:00:00Z,18.143551,4060.05,19.4993,-1524.9,8662.3,4979.23,24.125,True,789;1153
TXN,Long,585,2018-07-03T17:00:00Z,87.926433,2018-07-27T20:00:00Z,90.064776,1250.93,10.4725,0.0,2432.11,1506.7,24.125,True,785;1154
BIIB,Long,148,2018-07-27T20:00:00Z,346.2,2018-07-30T20:00:00Z,340.52,-840.64,19.8871,-2181.52,0.0,2181.52,3.0,False,1168;1176
ABT,Long,976,2018-07-03T17:00:00Z,52.517061,2018-07-30T20:00:00Z,56.204839,3599.27,21.2277,0.0,4181.86,1308.71,27.125,True,788;1186
BA,Short,158,2018-07-03T17:00:00Z,325.565745,2018-07-30T20:00:00Z,347.452356,-3458.08,20.7996,-3458.08,772.52,4230.6,27.125,False,776;1187
BLK,Short,126,2018-07-03T17:00:00Z,410.212846,2018-07-30T20:00:00Z,410.131438,10.26,20.349,-881.11,1250.37,2131.48,27.125,True,800;1188
BMY,Short,1252,2018-07-03T17:00:00Z,40.981102,2018-07-30T20:00:00Z,42.525473,-1933.55,21.3604,-3916.56,0.0,3916.56,27.125,False,792;1189
CRM,Short,353,2018-07-27T20:00:00Z,145.472892,2018-07-30T20:00:00Z,140.762809,1662.66,19.5321,0.0,3540.08,1877.42,3.0,True,1162;1190
CSCO,Short,1481,2018-07-27T20:00:00Z,34.518144,2018-07-30T20:00:00Z,33.723893,1176.29,19.9357,0.0,1517.41,341.12,3.0,True,1157;1191
DIS,Short,516,2018-07-03T17:00:00Z,99.834527,2018-07-30T20:00:00Z,106.834166,-3611.81,21.1805,-4166.02,262.73,4428.75,27.125,False,781;1192
EOG,Long,571,2018-07-03T17:00:00Z,90.871984,2018-07-30T20:00:00Z,95.723975,2770.49,21.1301,-623.4,2770.49,1857.63,27.125,True,801;1193
GILD,Short,887,2018-07-27T20:00:00Z,57.678269,2018-07-30T20:00:00Z,56.497094,1047.7,20.0543,0.0,1185.21,137.51,3.0,True,1165;1194
GOOGL,Short,866,2018-07-20T20:00:00Z,59.451775,2018-07-30T20:00:00Z,61.991111,-2199.07,20.8276,-3652.24,0.0,3652.24,10.0,False,1024;1195
HD,Short,324,2018-07-03T17:00:00Z,158.472994,2018-07-30T20:00:00Z,160.176392,-551.9,20.6448,-2162.71,7.92,2170.63,27.125,False,772;1196
HON,Long,443,2018-07-03T17:00:00Z,115.890211,2018-07-30T20:00:00Z,127.160532,4992.75,21.3623,-194.61,5042.29,1238.46,27.125,True,786;1197
INTC,Short,1201,2018-07-03T17:00:00Z,42.999338,2018-07-30T20:00:00Z,40.542476,2950.69,19.8401,-1888.85,2960.9,1888.85,27.125,True,771;1198
JNJ,Short,489,2018-07-27T20:00:00Z,104.394867,2018-07-30T20:00:00Z,105.840557,-706.94,20.715,-860.11,0.0,860.11,3.0,False,1156;1199
MO,Short,1706,2018-07-03T17:00:00Z,30.161288,2018-07-30T20:00:00Z,31.070214,-1550.63,21.0867,-2458.98,0.0,2458.98,27.125,False,787;1200
NKE,Short,739,2018-07-03T17:00:00Z,68.448994,2018-07-30T20:00:00Z,67.997915,333.35,19.9067,-496.75,1215.74,1712.49,27.125,True,782;1201
PCLN,Short,629,2018-07-27T20:00:00Z,82.779825,2018-07-30T20:00:00Z,81.624809,726.51,20.2268,0.0,2179.02,1452.52,3.0,True,1164;1202
PM,Short,950,2018-07-03T17:00:00Z,54.398564,2018-07-30T20:00:00Z,57.564476,-3007.62,21.4224,-3633.4,19.16,3652.56,27.125,False,783;1203
PNC,Long,473,2018-07-27T20:00:00Z,108.705445,2018-07-30T20:00:00Z,109.760837,499.2,20.8127,0.0,786.51,287.31,3.0,True,1166;1204
SCHW,Short,1121,2018-07-03T17:00:00Z,45.922344,2018-07-30T20:00:00Z,46.885376,-1079.56,20.3077,-2718.89,2009.18,4728.07,27.125,False,802;1205
SYK,Long,325,2018-07-27T20:00:00Z,157.377904,2018-07-30T20:00:00Z,154.881299,-811.4,19.9287,-1930.05,0.0,1930.05,3.0,False,1167;1206
UPS,Short,677,2018-07-03T17:00:00Z,76.012588,2018-07-30T20:00:00Z,84.93969,-6043.65,21.732,-6701.72,154.84,6856.56,27.125,False,791;1207
UTX,Long,854,2018-07-27T20:00:00Z,60.244423,2018-07-30T20:00:00Z,59.511781,-625.68,20.1747,-1281.51,0.0,1281.51,3.0,False,1163;1208
WFC,Short,1140,2018-07-03T17:00:00Z,45.033188,2018-07-30T20:00:00Z,46.924534,-2156.13,20.7407,-2156.13,1082.62,3238.75,27.125,False,770;1209
XOM,Short,903,2018-07-03T17:00:00Z,57.34281,2018-07-30T20:00:00Z,56.961218,344.58,20.5568,-989.88,783.13,1773.01,27.125,True,769;1210
COST,Short,274,2018-07-03T17:00:00Z,187.056456,2018-08-01T20:00:00Z,196.134341,-2487.34,20.8548,-3241.9,0.0,3241.9,29.125,False,790;1226
MCD,Long,398,2018-07-27T20:00:00Z,129.206693,2018-08-01T20:00:00Z,128.638625,-226.09,20.6038,-226.09,557.04,783.13,5.0,False,1160;1227
ABBV,Long,764,2018-07-27T20:00:00Z,65.020093,2018-08-02T20:00:00Z,66.753487,1324.31,20.2386,0.0,2163.59,839.28,6.0,True,1159;1235
GILD,Short,899,2018-08-01T20:00:00Z,57.213181,2018-08-02T20:00:00Z,57.102446,99.55,20.6442,-86.28,99.55,86.28,1.0,True,1229;1269
KO,Short,1506,2018-07-03T17:00:00Z,34.284976,2018-08-02T20:00:00Z,36.168082,-2835.96,21.1572,-3011.74,0.0,3011.74,30.125,False,777;1270
MSFT,Long,506,2018-07-27T20:00:00Z,101.534242,2018-08-02T20:00:00Z,97.061571,-2263.17,20.0886,-2263.17,0.0,2263.17,6.0,False,1155;1271
PFE,Short,2191,2018-07-03T17:00:00Z,23.448791,2018-08-02T20:00:00Z,25.721457,-4979.41,21.5663,-5492.0,0.0,5492.0,30.125,False,773;1272
FDX,Long,374,2018-08-01T20:00:00Z,138.018624,2018-08-03T20:00:00Z,135.17062,-1065.15,20.3543,-1065.15,0.0,1065.15,2.0,False,1232;1273
HON,Long,412,2018-08-02T20:00:00Z,124.149255,2018-08-03T20:00:00Z,124.396867,102.02,20.4651,-128.34,102.02,128.34,1.0,True,1252;1274
SYK,Long,344,2018-08-01T20:00:00Z,149.961519,2018-08-03T20:00:00Z,153.302564,1149.32,20.8583,0.0,1149.32,369.42,2.0,True,1231;1275
V,Short,396,2018-08-02T20:00:00Z,129.77009,2018-08-03T20:00:00Z,131.279812,-597.85,20.8306,-855.67,0.0,855.67,1.0,False,1243;1276
BK,Short,1203,2018-08-01T20:00:00Z,43.071279,2018-08-03T20:00:00Z,42.276339,956.31,30.8442,0.0,975.63,135.24,2.0,True,1233;1296
DOW,Long,586,2018-08-03T20:00:00Z,88.531865,2018-08-06T20:00:00Z,87.895422,-372.96,20.915,-372.96,769.22,1142.18,3.0,False,1278;1297
MSFT,Long,520,2018-08-03T20:00:00Z,99.302518,2018-08-06T20:00:00Z,99.597622,153.45,20.7326,0.0,215.79,62.34,3.0,True,1277;1298
BK,Long,1222,2018-08-03T20:00:00Z,42.276339,2018-08-06T20:00:00Z,42.380725,127.56,20.7457,0.0,372.87,245.31,3.0,True,1296;1315
BK,Short,1214,2018-08-06T20:00:00Z,42.380725,2018-08-08T20:00:00Z,42.589497,-253.45,20.6692,-350.93,0.0,350.93,2.0,False,1315;1329
MA,Short,271,2018-07-03T17:00:00Z,189.59993,2018-08-08T20:00:00Z,193.753469,-1125.61,20.6975,-4202.06,54.65,4202.06,36.125,False,775;1330
DHR,Short,665,2018-08-09T20:00:00Z,77.278551,2018-08-15T20:00:00Z,75.788498,990.89,30.5359,0.0,1161.9,467.78,6.0,True,1331;1366
BK,Long,1208,2018-08-08T20:00:00Z,42.589497,2018-08-15T20:00:00Z,40.614192,-2386.17,20.1896,-2812.96,0.0,2812.96,7.0,False,1329;1377
VZ,Short,1603,2018-07-03T17:00:00Z,32.006142,2018-08-22T20:00:00Z,35.251839,-5202.85,21.4573,-5202.85,0.0,5202.85,50.125,False,774;1450
AAPL,Long,1165,2018-07-03T17:00:00Z,44.147708,2018-08-24T20:00:00Z,51.059873,8052.67,21.9587,-649.17,8374.27,1344.9,52.125,True,768;1491
ABBV,Long,761,2018-08-03T20:00:00Z,67.68795,2018-08-24T20:00:00Z,69.292944,1221.4,21.0548,-629.7,2127.95,1807.67,21.0,True,1279;1492
ACN,Long,373,2018-08-03T20:00:00Z,138.667244,2018-08-24T20:00:00Z,143.350255,1746.76,21.0288,-83.79,1746.76,312.61,21.0,True,1282;1493
AMGN,Short,338,2018-08-02T20:00:00Z,151.789478,2018-08-24T20:00:00Z,154.581336,-943.65,20.7897,-1518.27,176.6,1518.27,22.0,False,1250;1494
AVGO,Short,2880,2018-08-08T20:00:00Z,17.848159,2018-08-24T20:00:00Z,16.699771,3307.36,19.9728,0.0,3484.49,915.99,16.0,True,1317;1495
BK,Short,1259,2018-08-15T20:00:00Z,40.614192,2018-08-24T20:00:00Z,42.188012,-1981.44,10.627,-2001.66,0.0,2001.66,9.0,False,1377;1496
BMY,Short,1177,2018-08-01T20:00:00Z,43.974865,2018-08-24T20:00:00Z,44.901281,-1090.39,21.0322,-1978.53,0.0,1978.53,23.0,False,1230;1497
C,Short,945,2018-08-02T20:00:00Z,54.226376,2018-08-24T20:00:00Z,54.040362,175.78,20.5386,-1443.36,1635.91,1893.82,22.0,True,1246;1498
CSCO,Short,1555,2018-08-02T20:00:00Z,32.82639,2018-08-24T20:00:00Z,36.678507,-5990.04,21.947,-6162.95,0.0,6162.95,22.0,False,1245;1499
FB,Long,304,2018-08-02T20:00:00Z,168.951837,2018-08-24T20:00:00Z,171.953092,912.38,21.1395,0.0,4552.87,3971.72,22.0,True,1241;1500
IBM,Short,534,2018-08-02T20:00:00Z,96.387433,2018-08-24T20:00:00Z,99.201949,-1502.95,20.9384,-1885.34,0.0,1885.34,22.0,False,1249;1501
INTC,Short,1246,2018-08-02T20:00:00Z,41.120561,2018-08-24T20:00:00Z,40.446919,839.36,20.6406,-2197.88,1681.26,2197.88,22.0,True,1244;1502
MMM,Long,466,2018-07-27T20:00:00Z,110.089058,2018-08-24T20:00:00Z,107.974891,-985.2,20.3606,-2178.23,897.35,3075.58,28.0,False,1161;1503
MO,Long,1655,2018-08-02T20:00:00Z,31.263831,2018-08-24T20:00:00Z,31.850062,970.21,20.937,0.0,2545.69,1967.13,22.0,True,1253;1504
NFLX,Long,1527,2018-08-02T20:00:00Z,33.75,2018-08-24T20:00:00Z,34.582,1270.46,21.4794,-3163.94,3255.56,5352.14,22.0,True,1248;1505
PEP,Short,589,2018-08-02T20:00:00Z,87.688994,2018-08-24T20:00:00Z,86.406833,755.19,20.6395,-1751.5,755.19,1751.5,22.0,True,1247;1506
PG,Long,787,2018-07-27T20:00:00Z,64.735058,2018-08-24T20:00:00Z,67.594122,2250.08,20.959,0.0,2684.76,850.17,28.0,True,1158;1507
TXN,Long,582,2018-08-02T20:00:00Z,88.013599,2018-08-24T20:00:00Z,90.291673,1325.84,21.0134,-502.42,2814.5,3316.92,22.0,True,1254;1508
UTX,Long,862,2018-08-01T20:00:00Z,59.882515,2018-08-24T20:00:00Z,58.84019,-898.48,20.4658,-1495.15,390.46,1495.15,23.0,False,1228;1509
XOM,Short,926,2018-08-02T20:00:00Z,55.448728,2018-08-24T20:00:00Z,55.740268,-269.97,20.6039,-867.32,1404.68,1960.25,22.0,False,1242;1510
SPY,Short,462,2018-07-17T20:00:00Z,245.943288,2018-08-24T20:00:00Z,252.99093,-3256.01,54.0846,-3684.43,0.0,3684.43,38.0,False,979;1528
SPY,Short,603,2018-08-01T20:00:00Z,248.592778,2018-08-24T20:00:00Z,252.99093,-2652.09,80.2178,-3211.26,1597.64,3211.26,23.0,False,1234;1528
JPM,Short,554,2018-08-23T20:00:00Z,92.427061,2018-08-27T20:00:00Z,92.789173,-200.61,20.6352,-824.73,80.24,904.97,4.0,False,1471;1529
UPS,Long,609,2018-08-03T20:00:00Z,84.782447,2018-08-27T20:00:00Z,88.600178,2325.0,21.2361,-200.23,2684.63,1179.6,24.0,True,1281;1530
SPY,Short,1014,2018-08-01T20:00:00Z,248.592778,2018-08-27T20:00:00Z,255.110522,-6608.99,155.4476,-7432.88,2686.58,7432.88,26.0,False,1234;1549
C,Short,950,2018-08-27T20:00:00Z,54.36927,2018-09-04T20:00:00Z,54.300428,65.4,20.8972,-1053.65,65.4,1053.65,8.0,True,1534;1550
CME,Long,409,2018-08-27T20:00:00Z,125.926215,2018-09-04T20:00:00Z,129.445156,1439.25,21.0663,-115.14,2142.21,702.96,8.0,True,1545;1551
COST,Short,260,2018-08-03T20:00:00Z,198.242348,2018-09-04T20:00:00Z,209.651378,-2966.35,21.3305,-3326.41,643.7,3970.11,32.0,False,1284;1552
MU,Long,1039,2018-08-27T20:00:00Z,50.0733,2018-09-04T20:00:00Z,50.85341,810.53,21.0739,0.0,1428.57,840.93,8.0,True,1542;1553
EOG,Long,562,2018-08-08T20:00:00Z,90.477318,2018-09-04T20:00:00Z,87.351338,-1756.8,19.8321,-3517.73,0.0,3517.73,27.0,False,1318;1554
FDX,Long,373,2018-08-27T20:00:00Z,138.378135,2018-09-04T20:00:00Z,137.02435,-504.96,20.5417,-1058.11,270.29,1328.41,8.0,False,1541;1555
GM,Long,1607,2018-08-27T20:00:00Z,32.283,2018-09-04T20:00:00Z,32.02502,-414.57,20.9545,-986.4,1472.45,2458.85,8.0,False,1546;1556
LVS,Long,920,2018-08-27T20:00:00Z,56.259112,2018-09-04T20:00:00Z,55.560452,-642.77,20.5717,-1199.31,156.77,1356.08,8.0,False,1544;1557
MDT,Long,715,2018-08-02T20:00:00Z,71.946339,2018-09-04T20:00:00Z,77.443074,3930.17,21.2492,0.0,4021.83,716.14,33.0,True,1251;1558
MSFT,Short,512,2018-08-27T20:00:00Z,101.045514,2018-09-04T20:00:00Z,102.739635,-867.39,20.9795,-1507.27,0.0,1507.27,8.0,False,1531;1559
PSX,Long,582,2018-08-27T20:00:00Z,88.541635,2018-09-04T20:00:00Z,87.706058,-486.31,20.572,-529.34,301.25,830.59,8.0,False,1543;1560
PYPL,Long,610,2018-08-03T20:00:00Z,85.041625,2018-09-04T20:00:00Z,90.926003,3589.47,21.5079,-482.62,4271.17,1532.31,32.0,True,1283;1561
SCHW,Short,1137,2018-08-27T20:00:00Z,45.468708,2018-09-04T20:00:00Z,45.397188,81.32,20.8764,-477.74,304.94,772.52,8.0,True,1539;1562
SLB,Short,992,2018-08-27T20:00:00Z,51.763301,2018-09-04T20:00:00Z,50.425141,1327.46,20.0304,0.0,2231.75,904.29,8.0,True,1536;1563
ADBE,Long,204,2018-08-03T20:00:00Z,253.1,2018-09-04T20:00:00Z,263.67,2156.28,31.6149,-1509.6,3113.04,2111.4,32.0,True,1280;1574
CSX,Long,2316,2018-09-04T20:00:00Z,22.229525,2018-09-12T20:00:00Z,22.229525,0.0,20.6851,-367.94,111.08,465.13,8.0,False,1582;1598
BIIB,Short,150,2018-08-27T20:00:00Z,343.3,2018-09-14T20:00:00Z,341.32,297.0,20.4414,-1528.5,840.0,1528.5,18.0,True,1540;1608
LMT,Short,199,2018-08-27T20:00:00Z,258.542884,2018-09-21T20:00:00Z,270.23248,-2326.23,21.2181,-3721.51,35.14,3756.66,25.0,False,1537;1640
AMT,Long,425,2018-09-04T20:00:00Z,120.765547,2018-09-27T20:00:00Z,117.333337,-1458.69,20.1762,-1649.53,0.0,1649.53,23.0,False,1581;1696
BK,Long,1217,2018-08-27T20:00:00Z,42.428903,2018-09-27T20:00:00Z,41.706231,-879.49,20.4277,-1583.09,537.47,1807.85,31.0,False,1547;1697
BMY,Short,1138,2018-09-04T20:00:00Z,45.200125,2018-09-27T20:00:00Z,46.066772,-986.24,20.8183,-1487.87,144.54,1632.4,23.0,False,1576;1698
DOW,Short,560,2018-08-27T20:00:00Z,92.3903,2018-09-27T20:00:00Z,89.111959,1835.87,20.2691,-1306.83,2970.53,1492.98,31.0,True,1535;1699
DUK,Long,873,2018-09-04T20:00:00Z,59.046732,2018-09-27T20:00:00Z,56.594312,-2140.96,20.3176,-2140.96,1323.85,3464.81,23.0,False,1583;1700
GOOGL,Short,846,2018-08-02T20:00:00Z,60.40966,2018-09-27T20:00:00Z,59.43444,825.04,20.519,-1883.88,2508.21,2044.78,56.0,True,1240;1701
INTU,Long,249,2018-08-27T20:00:00Z,205.651001,2018-09-27T20:00:00Z,211.384624,1427.67,20.5542,-167.82,2727.7,2193.51,31.0,True,1548;1702
AAPL,Short,958,2018-09-04T20:00:00Z,53.933627,2018-10-01T20:00:00Z,53.782626,144.66,20.5968,0.0,2470.52,2325.86,27.0,True,1564;1739
AMZN,Short,512,2018-09-04T20:00:00Z,101.114727,2018-10-01T20:00:00Z,100.862819,128.98,20.656,0.0,3039.76,2910.79,27.0,True,1565;1740
AVGO,Short,2904,2018-09-04T20:00:00Z,17.690347,2018-10-01T20:00:00Z,20.211387,-7321.1,22.13,-7707.06,615.75,8322.81,27.0,False,1578;1741
AXP,Long,538,2018-09-04T20:00:00Z,96.037198,2018-10-01T20:00:00Z,97.355621,709.31,20.8819,-461.54,2317.41,2244.53,27.0,True,1577;1742
CSCO,Short,1357,2018-09-04T20:00:00Z,38.004906,2018-10-01T20:00:00Z,38.918294,-1239.47,20.8231,-1239.47,1034.69,2274.15,27.0,False,1569;1743
INTC,Short,1243,2018-09-04T20:00:00Z,41.379191,2018-10-01T20:00:00Z,40.027825,1679.75,20.0741,0.0,3667.81,2508.99,27.0,True,1568;1744
MRK,Short,1011,2018-09-04T20:00:00Z,50.752403,2018-10-01T20:00:00Z,53.019468,-2292.0,21.0088,-2737.81,0.0,2737.81,27.0,False,1571;1745
NEE,Long,1463,2018-08-27T20:00:00Z,35.244174,2018-10-01T20:00:00Z,34.26326,-1435.08,20.2038,-2324.48,724.05,3048.54,35.0,False,1538;1746
PEP,Short,595,2018-09-04T20:00:00Z,86.368214,2018-10-01T20:00:00Z,87.339213,-577.74,20.4624,-2083.69,89.51,2083.69,27.0,False,1572;1747
UNH,Short,220,2018-09-04T20:00:00Z,232.818622,2018-10-01T20:00:00Z,232.950413,-28.99,20.5843,-496.9,1414.99,1798.75,27.0,False,1567;1748
WMT,Short,1810,2018-09-04T20:00:00Z,28.427086,2018-10-01T20:00:00Z,27.961214,843.23,30.6638,-590.8,1015.1,676.73,27.0,True,1566;1753
NVDA,Long,7366,2018-10-01T20:00:00Z,7.023153,2018-10-01T20:00:00Z,7.023153,0.0,31.5986,0.0,0.0,0.0,0.0,False,1722;1758
HON,Long,403,2018-09-04T20:00:00Z,127.677652,2018-10-01T20:00:00Z,136.077291,3385.05,31.5376,0.0,3385.05,640.47,27.0,True,1575;1764
LOW,Long,517,2018-10-01T20:00:00Z,99.529244,2018-10-01T20:00:00Z,99.529244,0.0,30.476,0.0,0.0,0.0,0.0,False,1726;1774
SPY,Long,689,2018-08-27T20:00:00Z,255.110522,2018-10-01T20:00:00Z,259.163723,2792.66,35.6651,-766.71,2872.12,2360.98,35.0,True,1549;1791
PCLN,Long,659,2018-10-01T20:00:00Z,78.058559,2018-10-03T20:00:00Z,77.485349,-377.75,20.4031,-646.31,0.0,646.31,2.0,False,1725;1792
QCOM,Short,863,2018-10-01T20:00:00Z,59.587988,2018-10-03T20:00:00Z,60.517252,-801.95,20.6152,-801.95,0.0,801.95,2.0,False,1724;1793
SPY,Long,216,2018-08-27T20:00:00Z,255.110522,2018-10-12T20:00:00Z,245.625319,-2048.8,10.5761,-2947.56,900.4,3847.96,46.0,False,1549;2007
V,Short,377,2018-08-27T20:00:00Z,137.02426,2018-10-12T20:00:00Z,131.51494,2077.01,20.3362,-2080.58,4015.08,2899.98,46.0,True,1533;2008
UNP,Short,374,2018-10-01T20:00:00Z,137.96207,2018-10-16T20:00:00Z,128.555375,3518.1,19.9255,-47.08,3866.46,477.03,15.0,True,1723;2055
SPY,Long,314,2018-08-27T20:00:00Z,255.110522,2018-10-16T20:00:00Z,245.359165,-3061.93,15.6225,-4284.87,1308.92,5593.79,50.0,False,1549;2078
MCD,Short,374,2018-10-03T20:00:00Z,137.601675,2018-10-23T20:00:00Z,141.826651,-1580.14,21.1807,-3423.64,969.77,4393.41,20.0,False,1794;2159
MDT,Short,645,2018-10-01T20:00:00Z,79.502553,2018-10-23T20:00:00Z,74.493376,3230.92,20.0068,-155.83,3230.92,2171.26,22.0,True,1760;2160
TMO,Long,232,2018-10-19T20:00:00Z,224.57958,2018-10-23T20:00:00Z,217.112839,-1732.28,20.455,-1732.28,0.0,1732.28,4.0,False,2121;2161
ADBE,Short,195,2018-09-04T20:00:00Z,263.67,2018-10-25T20:00:00Z,242.17,4192.5,9.8639,-2304.9,5023.2,4438.2,51.0,True,1574;2177
AMGN,Short,328,2018-09-04T20:00:00Z,156.442154,2018-10-25T20:00:00Z,148.127361,2727.25,19.8211,-2482.6,2928.13,3280.94,51.0,True,1573;2178
BA,Short,142,2018-10-01T20:00:00Z,362.710388,2018-10-25T20:00:00Z,347.341139,2182.43,20.4937,-2376.09,3426.79,2376.09,24.0,True,1757;2179
CRM,Short,335,2018-09-17T20:00:00Z,154.058982,2018-10-25T20:00:00Z,131.185639,7662.57,19.4421,-1127.53,7790.77,3162.33,38.0,True,1616;2180
FB,Long,314,2018-10-01T20:00:00Z,161.473462,2018-10-25T20:00:00Z,146.011551,-4855.04,19.4942,-5281.14,0.0,5281.14,24.0,False,1750;2181
GOOGL,Long,855,2018-10-01T20:00:00Z,60.088219,2018-10-25T20:00:00Z,53.505855,-5627.92,19.5823,-6609.53,0.0,6609.53,24.0,False,1749;2182
JNJ,Short,457,2018-10-01T20:00:00Z,111.785007,2018-10-25T20:00:00Z,111.138197,295.59,20.5599,-820.27,1633.15,2091.32,24.0,True,1752;2183
JPM,Long,563,2018-10-01T20:00:00Z,91.292444,2018-10-25T20:00:00Z,84.444312,-3855.5,19.8518,-4275.22,1213.05,5488.26,24.0,False,1751;2184
LLY,Short,526,2018-10-03T20:00:00Z,97.763389,2018-10-25T20:00:00Z,95.880552,990.37,20.5192,-3293.34,1042.5,3293.34,22.0,True,1797;2185
LOW,Short,517,2018-10-01T20:00:00Z,99.529244,2018-10-25T20:00:00Z,83.9909,8033.32,8.7643,0.0,8257.02,779.11,24.0,True,1774;2186
MO,Short,1533,2018-10-03T20:00:00Z,33.455228,2018-10-25T20:00:00Z,33.498804,-66.8,20.7168,-1461.28,1127.28,2588.56,22.0,False,1798;2187
UTX,Short,815,2018-10-03T20:00:00Z,62.993302,2018-10-25T20:00:00Z,54.700389,6758.72,19.1964,0.0,7196.29,1309.07,22.0,True,1799;2188
WMT,Long,1835,2018-10-01T20:00:00Z,27.961214,2018-10-25T20:00:00Z,29.070998,2036.45,10.8008,-500.95,2695.31,1775.09,24.0,True,1753;2189
DHR,Long,676,2018-08-15T20:00:00Z,75.788498,2018-10-26T20:00:00Z,73.483637,-1558.09,9.9483,-2172.56,4730.01,6902.57,72.0,False,1366;2203
EOG,Short,669,2018-10-25T20:00:00Z,79.297136,2018-10-26T20:00:00Z,77.621067,1121.29,21.0173,0.0,1121.29,0.0,1.0,True,2193;2204
MS,Long,1397,2018-10-01T20:00:00Z,36.87067,2018-10-26T20:00:00Z,34.395337,-3458.04,19.892,-3831.29,384.23,4215.52,25.0,False,1727;2205
BSX,Long,1464,2018-10-25T20:00:00Z,35.85,2018-10-26T20:00:00Z,35.95,146.4,21.146,-29.28,146.4,29.28,1.0,True,2201;2206
SPY,Long,463,2018-08-27T20:00:00Z,255.110522,2018-10-26T20:00:00Z,235.919544,-8885.42,21.7977,-9131.88,1930.03,11061.91,60.0,False,1549;2207
CVS,Long,884,2018-09-04T20:00:00Z,57.964966,2018-10-29T20:00:00Z,55.421678,-2248.27,19.8328,-3191.49,3391.45,6582.95,55.0,False,1579;2208
DUK,Long,849,2018-10-25T20:00:00Z,61.310504,2018-10-31T20:00:00Z,60.381777,-788.49,20.4847,-1601.62,0.0,1601.62,6.0,False,2199;2211
ABT,Short,801,2018-10-03T20:00:00Z,63.852226,2018-11-01T20:00:00Z,59.980006,3101.65,19.7457,0.0,4569.76,2233.47,29.0,True,1795;2213
ADP,Long,455,2018-10-25T20:00:00Z,116.520022,2018-11-01T20:00:00Z,119.940946,1556.52,21.3661,-1651.43,1681.8,1651.43,7.0,True,2197;2214
BIIB,Long,173,2018-10-25T20:00:00Z,294.39,2018-11-01T20:00:00Z,304.43,1736.92,21.2375,0.0,3622.62,1885.7,7.0,True,2194;2215
BLK,Long,132,2018-09-04T20:00:00Z,387.687366,2018-11-01T20:00:00Z,339.034692,-6422.15,19.1585,-10216.61,1548.6,11765.21,58.0,False,1580;2216
BMY,Short,1138,2018-10-11T20:00:00Z,45.693583,2018-11-01T20:00:00Z,38.182,8548.18,18.7615,0.0,10216.75,2823.72,21.0,True,1958;2217
COP,Long,1049,2018-10-25T20:00:00Z,51.456529,2018-11-01T20:00:00Z,53.215208,1844.85,21.8838,-413.5,1844.85,890.62,7.0,True,2191;2218
EL,Long,465,2018-10-25T20:00:00Z,112.760396,2018-11-01T20:00:00Z,123.613855,5046.86,22.5345,0.0,7163.01,2116.15,7.0,True,2200;2219
CVX,Long,590,2018-10-01T20:00:00Z,87.277911,2018-11-01T20:00:00Z,79.180618,-4777.4,19.6914,-5964.44,1513.05,7477.49,31.0,False,1721;2220
DOW,Short,596,2018-10-01T20:00:00Z,86.35262,2018-11-01T20:00:00Z,77.648042,5187.93,19.5584,-31.78,10153.4,4981.37,31.0,True,1759;2221
CSX,Long,2645,2018-10-25T20:00:00Z,19.82852,2018-11-01T20:00:00Z,20.721778,2362.67,21.5621,-364.71,2727.37,364.71,7.0,True,2198;2222
GILD,Short,913,2018-10-17T20:00:00Z,56.593608,2018-11-01T20:00:00Z,50.738583,5345.64,19.8244,0.0,5474.69,2737.35,15.0,True,2079;2223
GS,Long,299,2018-10-25T20:00:00Z,176.192081,2018-11-01T20:00:00Z,188.276254,3613.17,21.9922,0.0,3914.89,301.72,7.0,True,2192;2224
HD,Short,301,2018-10-01T20:00:00Z,170.819647,2018-11-01T20:00:00Z,144.891957,7804.23,19.1375,0.0,8948.36,2029.35,31.0,True,1756;2225
HON,Short,382,2018-10-01T20:00:00Z,136.077291,2018-11-01T20:00:00Z,121.932376,5403.36,9.2522,0.0,6895.73,1841.76,31.0,True,1764;2226
LMT,Long,190,2018-10-17T20:00:00Z,271.185652,2018-11-01T20:00:00Z,238.882798,-6137.54,19.4247,-7528.04,0.0,7528.04,15.0,False,2080;2227
NVDA,Short,7366,2018-10-01T20:00:00Z,7.023153,2018-11-01T20:00:00Z,5.246116,13089.66,11.4337,-453.19,17949.14,5913.28,31.0,True,1758;2228
NVDA,Short,3242,2018-10-25T20:00:00Z,4.824588,2018-11-01T20:00:00Z,5.246116,-1366.59,3.3298,-7327.21,772.21,2602.61,7.0,False,2190;2228
SYK,Short,348,2018-10-25T20:00:00Z,151.320708,2018-11-01T20:00:00Z,150.124279,416.36,21.256,-688.59,1293.91,1982.5,7.0,True,2195;2229
T,Long,3309,2018-09-17T20:00:00Z,15.657691,2018-11-01T20:00:00Z,14.660991,-3298.08,19.9083,-6271.47,801.84,7073.31,45.0,False,1615;2230
UPS,Short,627,2018-10-15T20:00:00Z,83.083821,2018-11-01T20:00:00Z,77.200187,3689.04,20.1646,-1192.05,4623.72,1192.05,17.0,True,2032;2231
WFC,Short,1210,2018-10-01T20:00:00Z,42.396431,2018-11-01T20:00:00Z,42.975222,-700.34,20.5841,-1663.3,2490.09,3287.69,31.0,False,1755;2232
PG,Short,764,2018-09-04T20:00:00Z,66.903723,2018-11-01T20:00:00Z,72.772086,-4483.43,32.1551,-4971.73,2171.91,7143.65,58.0,False,1570;2234
PM,Short,898,2018-10-03T20:00:00Z,56.962067,2018-11-01T20:00:00Z,60.213731,-2919.99,31.5797,-4327.96,765.2,5093.16,29.0,False,1796;2236
NFLX,Long,1596,2018-10-11T20:00:00Z,32.494,2018-11-01T20:00:00Z,30.486,-3204.77,31.5013,-6399.96,6345.7,12745.66,21.0,False,1956;2237
TXN,Long,656,2018-10-11T20:00:00Z,80.332092,2018-11-01T20:00:00Z,75.283703,-3311.74,31.8719,-5411.36,865.19,6276.55,21.0,False,1957;2243
SPY,Long,318,2018-08-27T20:00:00Z,255.110522,2018-11-01T20:00:00Z,240.994227,-4488.98,15.4327,-6720.58,1325.59,8046.18,66.0,False,1549;2249
MMM,Short,523,2018-11-01T20:00:00Z,101.049202,2018-11-02T20:00:00Z,102.918713,-977.75,21.3934,-977.75,0.0,977.75,1.0,False,2240;2250
PM,Long,881,2018-11-01T20:00:00Z,60.213731,2018-11-02T20:00:00Z,60.111477,-90.09,10.6577,-90.09,240.23,330.31,1.0,False,2236;2251
NKE,Short,794,2018-11-01T20:00:00Z,66.693565,2018-11-05T21:00:00Z,67.819606,-894.08,21.7254,-1612.15,0.0,1612.15,4.0417,False,2238;2253
TXN,Short,706,2018-11-01T20:00:00Z,75.283703,2018-11-05T21:00:00Z,76.517201,-870.85,10.8896,-1297.74,0.0,1297.74,4.0417,False,2243;2254
SPY,Long,23,2018-08-27T20:00:00Z,255.110522,2018-11-05T21:00:00Z,241.73946,-307.53,25.6615,-486.08,95.88,581.96,70.0417,False,1549;2255
SPY,Long,506,2018-10-25T20:00:00Z,237.152727,2018-11-05T21:00:00Z,241.73946,2320.89,44.3279,-1607.11,11195.92,2280.48,11.0417,True,2202;2255
BA,Short,154,2018-11-01T20:00:00Z,345.213238,2018-11-06T21:00:00Z,350.532991,-819.24,21.7424,-1468.68,0.0,1468.68,5.0417,False,2235;2256
SPY,Long,94,2018-10-25T20:00:00Z,237.152727,2018-11-06T21:00:00Z,242.520181,504.54,4.5887,-298.55,2079.87,423.65,12.0417,True,2202;2257
ANTM,Short,212,2018-11-01T20:00:00Z,251.664623,2018-11-07T21:00:00Z,250.24626,300.69,21.2925,-2177.63,2024.41,4202.04,6.0417,True,2245;2258
CME,Short,387,2018-11-01T20:00:00Z,136.686311,2018-11-07T21:00:00Z,139.661633,-1151.45,21.4423,-1419.16,0.0,1419.16,6.0417,False,2246;2259
MS,Long,1463,2018-11-01T20:00:00Z,36.301206,2018-11-07T21:00:00Z,36.586045,416.72,21.4148,-185.21,845.02,428.3,6.0417,True,2244;2260
SPY,Long,194,2018-10-25T20:00:00Z,237.152727,2018-11-07T21:00:00Z,246.237475,1762.44,9.6731,-616.17,4292.51,874.34,13.0417,True,2202;2261
VZ,Long,1427,2018-11-01T20:00:00Z,36.978482,2018-11-08T21:00:00Z,37.406654,611.0,21.1684,-342.53,1175.71,564.71,7.0417,True,2233;2262
ABBV,Short,942,2018-11-01T20:00:00Z,56.025996,2018-11-09T21:00:00Z,63.322136,-6872.96,22.9375,-7524.95,0.0,7524.95,8.0417,False,2239;2264
NFLX,Short,1752,2018-11-01T20:00:00Z,30.486,2018-11-09T21:00:00Z,31.083,-1045.94,10.6336,-3966.53,243.53,3966.53,8.0417,False,2237;2265
SPY,Long,131,2018-10-25T20:00:00Z,237.152727,2018-11-09T21:00:00Z,247.52389,1358.62,26.2688,-416.07,2898.55,590.4,15.0417,True,2202;2266
SPY,Long,153,2018-10-29T20:00:00Z,238.483501,2018-11-09T21:00:00Z,247.52389,1383.18,7.1632,-689.55,3181.72,689.55,11.0417,True,2209;2266
SPY,Long,118,2018-10-30T20:00:00Z,233.976614,2018-11-09T21:00:00Z,247.52389,1598.58,5.6064,0.0,2985.69,362.22,10.0417,True,2210;2266
SPY,Long,104,2018-10-31T20:00:00Z,240.169148,2018-11-09T21:00:00Z,247.52389,764.89,4.994,-644.02,1987.43,319.24,9.0417,True,2212;2266
SPY,Long,27,2018-11-02T20:00:00Z,243.753364,2018-11-09T21:00:00Z,247.52389,101.8,4.9691,-263.97,419.19,82.88,7.0417,True,2252;2266
SPY,Long,76,2018-11-02T20:00:00Z,243.753364,2018-11-14T21:00:00Z,243.24767,-38.43,13.7597,-743.03,1179.95,728.87,12.0417,False,2252;2268
SPY,Long,84,2018-11-08T21:00:00Z,248.508662,2018-11-14T21:00:00Z,243.24767,-441.92,4.1808,-1220.69,904.71,738.53,6.0,False,2263;2268
PX,Short,357,2018-11-01T20:00:00Z,147.809542,2018-11-14T21:00:00Z,141.717628,2174.81,20.172,-514.92,3719.57,2162.02,13.0417,True,2242;2269
SPY,Short,127,2018-11-14T21:00:00Z,243.24767,2018-11-19T21:00:00Z,242.351616,113.8,6.064,0.0,572.37,458.58,5.0,True,2268;2270
PG,Long,727,2018-11-01T20:00:00Z,72.772086,2018-11-19T21:00:00Z,76.729852,2877.3,11.1148,0.0,2990.48,321.69,18.0417,True,2234;2271
XOM,Short,920,2018-08-27T20:00:00Z,56.006632,2018-11-20T21:00:00Z,55.64682,331.03,20.3977,-4320.71,1799.22,4320.71,85.0417,True,1532;2272
PFE,Short,1786,2018-10-01T20:00:00Z,28.613334,2018-11-21T21:00:00Z,28.434613,319.2,20.3607,-1671.34,1787.4,2474.06,51.0417,True,1754;2274
SPY,Short,137,2018-11-20T21:00:00Z,235.467081,2018-11-26T21:00:00Z,235.813082,-47.4,13.0168,-254.03,262.54,516.56,6.0,False,2273;2278
SPY,Short,2,2018-11-20T21:00:00Z,235.467081,2018-11-26T21:00:00Z,235.813082,-0.69,18.4161,-3.71,3.83,7.54,6.0,False,2273;2283
SPY,Short,90,2018-11-21T21:00:00Z,235.795338,2018-11-26T21:00:00Z,235.813082,-1.6,4.2322,-137.34,202.01,339.35,5.0,False,2275;2283
AMT,Short,403,2018-11-26T21:00:00Z,131.441751,2018-11-27T21:00:00Z,131.784663,-138.19,21.2996,-358.65,0.0,358.65,1.0,False,2282;2284
MDT,Short,712,2018-11-26T21:00:00Z,72.979349,2018-11-27T21:00:00Z,73.841056,-613.54,21.2375,-1439.23,0.0,1439.23,1.0,False,2281;2285
PYPL,Long,635,2018-11-01T20:00:00Z,83.370264,2018-11-27T21:00:00Z,80.106659,-2072.39,20.9763,-4107.1,2976.7,7083.8,26.0417,False,2241;2286
SCHW,Short,1373,2018-10-25T20:00:00Z,38.567048,2018-11-27T21:00:00Z,40.373685,-2480.51,21.7583,-6898.91,0.0,6898.91,33.0417,False,2196;2287
V,Short,419,2018-11-26T21:00:00Z,127.121748,2018-11-27T21:00:00Z,128.200976,-452.2,21.5666,-646.56,0.0,646.56,1.0,False,2276;2288
SPY,Long,296,2018-11-26T21:00:00Z,235.813082,2018-11-27T21:00:00Z,236.29216,141.81,33.7178,0.0,682.78,540.97,1.0,True,2283;2289
AAPL,Short,1293,2018-11-26T21:00:00Z,41.239497,2018-11-28T21:00:00Z,41.845612,-783.71,21.7699,-2069.48,0.0,2069.48,2.0,False,2279;2290
GD,Long,363,2018-11-01T20:00:00Z,146.011822,2018-11-28T21:00:00Z,151.126913,1856.78,22.0507,0.0,3597.32,2786.7,27.0417,True,2248;2291
SPY,Short,412,2018-11-27T21:00:00Z,236.29216,2018-12-04T21:00:00Z,246.938349,-4386.23,31.6485,-4737.13,0.0,4737.13,7.0,False,2289;2321
SPY,Short,248,2018-11-28T21:00:00Z,239.193247,2018-12-04T21:00:00Z,246.938349,-1920.79,12.0827,-2132.01,719.47,2132.01,6.0,False,2292;2321
AMZN,Long,704,2018-11-26T21:00:00Z,76.819358,2018-12-04T21:00:00Z,87.591527,7583.61,22.8244,0.0,8159.88,3650.81,8.0,True,2280;2322
INTU,Long,282,2018-11-26T21:00:00Z,191.82006,2018-12-04T21:00:00Z,201.872885,2834.9,21.9013,-888.75,3335.49,1841.75,8.0,True,2277;2323
SPY,Short,185,2018-12-07T21:00:00Z,239.051298,2018-12-11T21:00:00Z,237.427754,300.36,30.0895,0.0,883.01,582.66,4.0,True,2328;2330
INTC,Short,1229,2018-12-04T21:00:00Z,42.620775,2018-12-14T21:00:00Z,41.183442,1766.48,20.2267,0.0,3469.5,2168.44,10.0,True,2298;2331
ANTM,Short,198,2018-12-04T21:00:00Z,268.271006,2018-12-20T21:00:00Z,232.767213,7029.75,19.5481,0.0,7906.68,876.93,16.0,True,2310;2340
JNJ,Short,445,2018-12-04T21:00:00Z,119.05498,2018-12-20T21:00:00Z,103.766277,6803.47,19.8637,-550.36,6803.47,934.16,16.0,True,2296;2341
ABBV,Long,882,2018-12-21T21:00:00Z,61.015056,2018-12-26T21:00:00Z,61.094362,69.95,22.1238,-298.87,2804.27,2734.32,5.0,True,2347;2369
ADBE,Long,207,2018-12-04T21:00:00Z,253.22,2018-12-26T21:00:00Z,206.53,-9664.83,19.4071,-9948.42,0.0,9948.42,22.0,False,2301;2370
ADP,Long,431,2018-12-04T21:00:00Z,122.686029,2018-12-26T21:00:00Z,103.446899,-8292.07,19.5657,-8773.08,0.0,8773.08,22.0,False,2313;2371
AMT,Long,407,2018-12-20T21:00:00Z,132.552135,2018-12-26T21:00:00Z,125.933623,-2693.73,21.2629,-2914.26,0.0,2914.26,6.0,False,2342;2372
CRM,Long,374,2018-12-04T21:00:00Z,140.056296,2018-12-26T21:00:00Z,119.969752,-7512.37,19.828,-7853.67,0.0,7853.67,22.0,False,2304;2373
CSCO,Short,1416,2018-12-11T21:00:00Z,38.269847,2018-12-26T21:00:00Z,32.440612,8254.2,20.2811,0.0,8582.55,2479.66,15.0,True,2329;2374
CVS,Long,856,2018-12-04T21:00:00Z,61.71464,2018-12-26T21:00:00Z,49.089775,-10806.88,19.2431,-10813.55,0.0,10813.55,22.0,False,2308;2375
TSLA,Short,2219,2018-12-04T21:00:00Z,23.736664,2018-12-26T21:00:00Z,20.000665,8290.18,20.2902,-3068.14,8973.64,4541.55,22.0,True,2314;2376
EOG,Short,667,2018-12-04T21:00:00Z,79.627938,2018-12-26T21:00:00Z,61.624908,12008.02,18.9324,0.0,12483.63,3005.68,22.0,True,2315;2377
FDX,Short,409,2018-12-04T21:00:00Z,127.846077,2018-12-26T21:00:00Z,86.999381,16706.3,20.5872,0.0,17006.67,1721.37,22.0,True,2316;2378
FDX,Short,180,2018-12-20T21:00:00Z,91.51318,2018-12-26T21:00:00Z,86.999381,812.48,3.2481,-6539.92,944.68,757.57,6.0,True,2344;2378
GD,Short,346,2018-12-04T21:00:00Z,152.028584,2018-12-26T21:00:00Z,124.675068,9464.32,18.9747,0.0,9464.32,1425.77,22.0,True,2318;2379
GM,Short,1534,2018-12-04T21:00:00Z,34.369989,2018-12-26T21:00:00Z,29.606182,7307.68,19.4209,0.0,7600.41,1756.42,22.0,True,2320;2380
HON,Long,422,2018-12-04T21:00:00Z,125.025039,2018-12-26T21:00:00Z,105.693791,-8157.79,19.3716,-8349.9,0.0,8349.9,22.0,False,2305;2381
PX,Long,372,2018-12-14T21:00:00Z,140.991973,2018-12-26T21:00:00Z,133.260618,-2876.06,20.6403,-3082.69,76.65,3159.34,12.0,False,2332;2382
IBM,Long,612,2018-12-04T21:00:00Z,85.981978,2018-12-26T21:00:00Z,74.592767,-6970.2,19.7042,-7151.95,0.0,7151.95,22.0,False,2303;2383
MDLZ,Short,1427,2018-12-04T21:00:00Z,37.279265,2018-12-26T21:00:00Z,32.691556,6546.66,19.892,0.0,6711.51,647.6,22.0,True,2312;2384
MMM,Long,490,2018-12-07T21:00:00Z,108.348639,2018-12-26T21:00:00Z,95.921325,-6089.38,20.1495,-6288.52,0.0,6288.52,19.0,False,2327;2385
NFLX,Long,1982,2018-12-19T21:00:00Z,26.996,2018-12-26T21:00:00Z,23.373,-7180.79,20.6302,-7180.79,0.0,7180.79,7.0,False,2337;2386
NKE,Long,765,2018-12-04T21:00:00Z,68.847934,2018-12-26T21:00:00Z,61.173461,-5870.97,20.2402,-6768.96,0.0,6768.96,22.0,False,2324;2387
SYK,Short,331,2018-12-04T21:00:00Z,159.953406,2018-12-26T21:00:00Z,133.880449,8630.15,19.6839,0.0,8773.32,1775.99,22.0,True,2325;2388
UNH,Short,211,2018-12-04T21:00:00Z,250.22175,2018-12-26T21:00:00Z,203.745126,9806.57,19.2589,0.0,9817.64,1920.72,22.0,True,2297;2389
CI,Short,262,2018-12-04T21:00:00Z,202.723242,2018-12-26T21:00:00Z,160.515085,11058.54,19.1086,0.0,11176.33,2266.36,22.0,True,2319;2390
SPY,Short,273,2018-12-07T21:00:00Z,239.051298,2018-12-26T21:00:00Z,210.508833,7792.09,33.875,0.0,8172.13,2884.41,19.0,True,2328;2403
SPY,Short,488,2018-12-14T21:00:00Z,233.257997,2018-12-26T21:00:00Z,210.508833,11101.59,22.5538,-2827.13,11780.93,5156.01,12.0,True,2333;2403
SPY,Short,10,2018-12-17T21:00:00Z,230.126243,2018-12-26T21:00:00Z,210.508833,196.17,8.6542,-89.25,210.09,105.66,9.0,True,2335;2403
DUK,Short,881,2018-12-26T21:00:00Z,61.608935,2018-12-27T21:00:00Z,62.628416,-898.16,22.1258,-1266.47,0.0,1266.47,1.0,False,2398;2404
CSX,Short,2900,2018-12-20T21:00:00Z,18.607854,2018-12-27T21:00:00Z,18.307194,871.91,21.5659,-148.23,2729.09,2877.32,7.0,True,2343;2405
MA,Long,323,2018-12-26T21:00:00Z,168.659726,2018-12-27T21:00:00Z,176.10567,2405.04,23.2221,0.0,3927.92,1522.88,1.0,True,2392;2406
PNC,Short,602,2018-12-19T21:00:00Z,89.198579,2018-12-27T21:00:00Z,86.712127,1496.84,21.1658,0.0,3168.7,2781.83,8.0,True,2338;2407
SCHW,Long,1582,2018-12-26T21:00:00Z,34.296119,2018-12-27T21:00:00Z,35.703461,2226.42,23.1462,0.0,3970.68,1744.26,1.0,True,2402;2408
SLB,Short,1907,2018-12-26T21:00:00Z,28.62435,2018-12-27T21:00:00Z,29.165957,-1032.85,22.4883,-1418.24,0.0,1418.24,1.0,False,2399;2409
WMT,Long,2085,2018-12-21T21:00:00Z,25.926856,2018-12-27T21:00:00Z,26.786112,1791.55,22.2351,-671.83,2917.49,1125.94,6.0,True,2346;2410
GOOGL,Long,1112,2018-12-26T21:00:00Z,49.429147,2018-12-28T21:00:00Z,52.475162,3387.17,23.0716,0.0,3387.17,342.57,2.0,True,2391;2412
SPY,Short,181,2018-12-17T21:00:00Z,230.126243,2018-12-28T21:00:00Z,222.850237,1316.96,13.0439,-1615.43,3802.72,2485.76,11.0,True,2335;2413
SPY,Short,114,2018-12-19T21:00:00Z,226.391205,2018-12-28T21:00:00Z,222.850237,403.67,8.1586,-1443.25,1969.29,1565.62,9.0,True,2339;2413
KO,Short,1349,2018-12-04T21:00:00Z,39.548365,2019-01-02T21:00:00Z,37.175463,3201.04,20.5955,0.0,4310.74,1675.21,29.0,True,2299;2414
MO,Long,2058,2018-12-26T21:00:00Z,26.290877,2019-01-02T21:00:00Z,27.082704,1629.58,22.274,0.0,2176.57,546.99,7.0,True,2393;2415
TMO,Short,215,2018-12-04T21:00:00Z,247.07766,2019-01-03T21:00:00Z,214.229962,7062.26,29.9601,0.0,9228.79,3208.75,30.0,True,2309;2435
CL,Short,1000,2018-12-04T21:00:00Z,53.235222,2019-01-03T21:00:00Z,49.226571,4008.65,31.3849,-1214.24,4965.07,2295.41,30.0,True,2317;2446
BDX,Long,340,2018-11-01T20:00:00Z,155.144529,2019-01-03T21:00:00Z,147.530495,-2588.77,20.452,-4483.96,5197.42,9681.38,63.0417,False,2247;2450
CAT,Long,543,2018-12-26T21:00:00Z,100.781605,2019-01-03T21:00:00Z,107.069258,3414.2,22.8172,0.0,4141.51,2575.7,8.0,True,2396;2451
CB,Long,514,2018-12-26T21:00:00Z,105.739559,2019-01-03T21:00:00Z,110.850757,2627.16,22.5043,0.0,3861.87,2032.33,8.0,True,2400;2452
GS,Long,330,2018-12-04T21:00:00Z,159.614437,2019-01-03T21:00:00Z,142.901059,-5515.41,19.5537,-9469.6,0.0,9469.6,30.0,False,2311;2453
ORCL,Long,1199,2018-12-04T21:00:00Z,43.9583,2019-01-03T21:00:00Z,39.715152,-5087.53,19.9095,-7269.43,0.0,7269.43,30.0,False,2300;2454
PCLN,Short,815,2018-12-21T21:00:00Z,66.605688,2019-01-03T21:00:00Z,66.60686,-0.96,20.9955,-566.84,2795.67,3362.51,13.0,False,2348;2455
PYPL,Long,711,2018-12-26T21:00:00Z,76.843054,2019-01-03T21:00:00Z,83.409823,4668.97,23.1888,0.0,5660.43,2573.56,8.0,True,2394;2456
QCOM,Long,1106,2018-12-17T21:00:00Z,47.873415,2019-01-03T21:00:00Z,46.510116,-1507.81,20.7232,-3622.42,174.69,3797.1,17.0,False,2334;2457
UNP,Long,400,2018-12-04T21:00:00Z,131.732625,2019-01-03T21:00:00Z,114.700852,-6812.71,19.2814,-9431.17,0.0,9431.17,30.0,False,2302;2458
UTX,Long,961,2018-12-04T21:00:00Z,54.947175,2019-01-03T21:00:00Z,47.994548,-6681.47,19.2425,-9018.7,0.0,9018.7,30.0,False,2306;2459
XOM,Long,957,2018-12-07T21:00:00Z,56.135385,2019-01-03T21:00:00Z,49.614108,-6240.86,19.8217,-9330.8,0.0,9330.8,27.0,False,2326;2460
HON,Long,501,2019-01-03T21:00:00Z,112.109438,2019-01-07T21:00:00Z,113.255993,574.42,22.4228,0.0,1009.47,435.04,4.0,True,2434;2463
SPY,Short,69,2018-12-19T21:00:00Z,226.391205,2019-01-08T21:00:00Z,229.212797,-194.69,12.6481,-873.55,1191.94,1386.63,20.0,False,2339;2467
SPY,Short,207,2018-12-20T21:00:00Z,221.60042,2019-01-08T21:00:00Z,229.212797,-1575.76,15.7447,-3612.33,2584.12,4159.88,19.0,False,2345;2467
TJX,Long,1383,2019-01-03T21:00:00Z,40.193185,2019-01-11T21:00:00Z,42.357018,2992.58,22.8533,0.0,3578.63,586.05,8.0,True,2445;2468
SPY,Short,152,2018-12-20T21:00:00Z,221.60042,2019-01-11T21:00:00Z,229.917765,-1264.24,10.4459,-2652.53,1897.52,3342.16,22.0,False,2345;2469
SPY,Short,74,2018-12-27T21:00:00Z,216.460905,2019-01-11T21:00:00Z,229.917765,-995.81,18.3736,-1671.69,543.47,1083.63,15.0,False,2411;2469
ADP,Long,510,2019-01-03T21:00:00Z,107.835504,2019-01-16T21:00:00Z,111.317858,1776.0,22.1653,0.0,1818.8,667.61,13.0,True,2443;2474
PM,Long,1195,2019-01-03T21:00:00Z,46.390446,2019-01-16T21:00:00Z,48.730042,2795.82,22.6957,0.0,3085.32,1737.05,13.0,True,2433;2475
NFLX,Short,501,2019-01-03T21:00:00Z,26.99,2019-01-16T21:00:00Z,35.4,-4213.41,14.8083,-4245.47,0.0,4245.47,13.0,False,2432;2476
SPY,Short,341,2018-12-27T21:00:00Z,216.460905,2019-01-16T21:00:00Z,232.746561,-5553.41,17.0475,-7703.32,2504.36,5602.1,20.0,False,2411;2477
SPY,Short,25,2019-01-03T21:00:00Z,221.574155,2019-01-16T21:00:00Z,232.746561,-279.31,10.2424,-436.93,311.44,282.88,13.0,False,2462;2477
SPY,Short,210,2019-01-03T21:00:00Z,221.574155,2019-01-17T21:00:00Z,232.014822,-2192.54,16.0036,-3670.2,2616.06,2747.23,14.0,False,2462;2479
SPY,Short,131,2019-01-07T21:00:00Z,225.554102,2019-01-17T21:00:00Z,232.014822,-846.35,32.1886,-1768.13,2153.29,1192.38,10.0,False,2465;2479
NEE,Short,1592,2019-01-03T21:00:00Z,34.997263,2019-01-22T21:00:00Z,36.373178,-2190.46,22.7434,-2449.51,0.0,2449.51,19.0,False,2437;2480
SBUX,Short,1026,2019-01-03T21:00:00Z,53.559453,2019-01-22T21:00:00Z,54.774795,-1246.94,21.9808,-1671.25,77.93,1749.18,19.0,False,2439;2481
COST,Short,301,2019-01-03T21:00:00Z,183.612837,2019-01-24T21:00:00Z,191.445904,-2357.75,22.2877,-2683.33,0.0,2683.33,21.0,False,2436;2483
SPY,Short,279,2019-01-07T21:00:00Z,225.554102,2019-01-25T21:00:00Z,237.029912,-3201.75,13.2342,-3765.72,4586.02,3410.89,18.0,False,2465;2492
SPY,Short,299,2019-01-07T21:00:00Z,225.554102,2019-01-29T21:00:00Z,235.521815,-2980.35,18.0524,-4035.66,4914.77,3655.39,22.0,False,2465;2500
SPY,Short,85,2019-01-14T21:00:00Z,229.22172,2019-01-29T21:00:00Z,235.521815,-535.51,8.2231,-835.51,1708.92,727.41,15.0,False,2471;2500
SPY,Short,7,2019-01-14T21:00:00Z,229.22172,2019-01-29T21:00:00Z,235.521815,-44.1,0.3291,-68.81,140.73,59.9,15.0,False,2471;2503
SPY,Short,87,2019-01-14T21:00:00Z,229.22172,2019-01-30T21:00:00Z,236.556958,-638.17,81.8057,-855.17,1749.13,831.48,16.0,False,2471;2504
SPY,Short,249,2019-01-14T21:00:00Z,229.22172,2019-01-30T21:00:00Z,236.556958,-1826.47,11.4388,-2447.56,5006.14,2379.75,16.0,False,2473;2504
SPY,Short,546,2019-01-22T21:00:00Z,236.271402,2019-01-30T21:00:00Z,236.556958,-155.91,25.6147,-1517.82,14826.44,2129.2,8.0,False,2482;2504
SPY,Short,831,2019-01-24T21:00:00Z,234.879313,2019-01-30T21:00:00Z,236.556958,-1394.12,39.0874,-3466.92,21408.69,3240.6,6.0,False,2488;2504
ABT,Short,921,2019-01-17T21:00:00Z,60.930092,2019-01-30T21:00:00Z,60.886458,40.19,22.8582,-1494.94,618.87,2113.82,13.0,True,2478;2505
AMGN,Short,354,2019-01-08T21:00:00Z,157.49501,2019-01-30T21:00:00Z,149.343536,2885.62,21.5775,-1309.87,4013.56,1987.19,22.0,True,2466;2506
CL,Long,1130,2019-01-03T21:00:00Z,49.226571,2019-01-30T21:00:00Z,53.301582,4604.76,12.101,0.0,4879.14,482.53,27.0,True,2446;2507
COP,Long,1159,2019-01-03T21:00:00Z,48.287874,2019-01-30T21:00:00Z,49.879782,1845.02,22.4688,-202.07,3725.19,2319.46,27.0,True,2441;2508
TSLA,Long,2694,2019-01-03T21:00:00Z,20.467331,2019-01-30T21:00:00Z,20.029998,-1178.18,21.8799,-3487.83,7237.88,10725.71,27.0,False,2442;2509
EPD,Long,3680,2019-01-14T21:00:00Z,15.084304,2019-01-30T21:00:00Z,15.810763,2673.37,22.9974,0.0,2926.8,852.4,16.0,True,2472;2510
JPM,Long,692,2019-01-03T21:00:00Z,80.473706,2019-01-30T21:00:00Z,85.072903,3182.64,22.7839,0.0,3437.03,1079.72,27.0,True,2427;2511
LMT,Long,258,2019-01-03T21:00:00Z,213.846552,2019-01-30T21:00:00Z,239.225624,6547.8,23.0821,0.0,6547.8,1121.04,27.0,True,2440;2512
LOW,Long,729,2018-12-26T21:00:00Z,74.982603,2019-01-30T21:00:00Z,81.547357,4785.71,23.6283,0.0,6926.63,3535.82,35.0,True,2397;2513
MDLZ,Long,1602,2019-01-14T21:00:00Z,34.997055,2019-01-30T21:00:00Z,36.093308,1756.2,22.961,0.0,2221.86,1051.06,16.0,True,2470;2514
NFLX,Short,1580,2019-01-03T21:00:00Z,26.99,2019-01-30T21:00:00Z,33.25,-9890.8,10.7649,-13388.92,0.0,13388.92,27.0,False,2432;2515
NKE,Short,846,2019-01-03T21:00:00Z,65.139643,2019-01-30T21:00:00Z,71.622482,-5484.48,23.1763,-6041.21,0.0,6041.21,27.0,False,2431;2516
PNC,Long,612,2019-01-03T21:00:00Z,90.407377,2019-01-30T21:00:00Z,95.825604,3315.95,22.7467,0.0,3778.43,767.88,27.0,True,2461;2517
SCHW,Long,1494,2019-01-03T21:00:00Z,37.083911,2019-01-30T21:00:00Z,42.793955,8530.81,23.4604,0.0,8852.22,1486.53,27.0,True,2444;2518
TMUS,Long,870,2018-12-18T21:00:00Z,61.255457,2019-01-30T21:00:00Z,64.024759,2409.29,21.8892,-3297.36,3445.37,3346.7,43.0,True,2336;2519
VZ,Long,1533,2019-01-03T21:00:00Z,36.55031,2019-01-30T21:00:00Z,34.761717,-2741.91,22.0274,-2741.91,2352.92,5094.83,27.0,False,2429;2520
AAPL,Short,1513,2019-01-29T21:00:00Z,36.984854,2019-01-31T21:00:00Z,39.335917,-3557.16,23.0065,-3664.63,0.0,3664.63,2.0,False,2493;2527
ACN,Long,364,2018-12-04T21:00:00Z,145.14002,2019-01-31T21:00:00Z,133.83992,-4113.24,20.1701,-10406.87,0.0,10406.87,58.0,False,2307;2528
AXP,Short,642,2019-01-03T21:00:00Z,86.51351,2019-01-31T21:00:00Z,92.819796,-4048.64,22.9166,-4457.59,0.0,4457.59,28.0,False,2438;2529
BA,Long,160,2019-01-24T21:00:00Z,349.324029,2019-01-31T21:00:00Z,376.0359,4273.9,23.1307,0.0,4387.39,326.49,7.0,True,2487;2530
C,Short,1139,2019-01-29T21:00:00Z,49.067352,2019-01-31T21:00:00Z,49.021142,52.63,22.3989,-657.92,52.63,657.92,2.0,True,2501;2531
CSX,Long,2938,2019-01-07T21:00:00Z,18.77021,2019-01-31T21:00:00Z,19.972851,3533.36,22.64,0.0,4354.86,2040.51,24.0,True,2464;2532
GILD,Short,1194,2018-12-26T21:00:00Z,45.502262,2019-01-31T21:00:00Z,52.374492,-8205.44,23.8692,-8384.6,0.0,8384.6,36.0,False,2395;2533
ISRG,Long,374,2018-12-26T21:00:00Z,145.279985,2019-01-31T21:00:00Z,170.053316,9265.23,24.5748,0.0,13303.18,6021.4,36.0,True,2401;2534
HD,Long,384,2019-01-24T21:00:00Z,145.775155,2019-01-31T21:00:00Z,149.541295,1446.2,22.8379,0.0,2107.59,661.39,7.0,True,2486;2535
INTU,Long,301,2019-01-03T21:00:00Z,181.548901,2019-01-31T21:00:00Z,202.765204,6386.11,23.1066,0.0,7020.43,1705.82,28.0,True,2447;2536
MA,Long,294,2019-01-24T21:00:00Z,190.473378,2019-01-31T21:00:00Z,199.976888,2794.03,23.2006,0.0,3618.13,1027.3,7.0,True,2485;2537
MCD,Short,379,2019-01-03T21:00:00Z,146.243821,2019-01-31T21:00:00Z,149.511281,-1238.37,22.3709,-3765.65,0.0,3765.65,28.0,False,2430;2538
TMO,Long,259,2019-01-03T21:00:00Z,214.229962,2019-01-31T21:00:00Z,238.545787,6297.8,12.4622,0.0,6825.36,1362.03,28.0,True,2435;2539
WMT,Long,2000,2019-01-03T21:00:00Z,27.791561,2019-01-31T21:00:00Z,28.256991,930.86,22.5483,0.0,3317.68,2386.82,28.0,True,2428;2540
EL,Long,463,2019-01-31T21:00:00Z,121.331309,2019-02-01T21:00:00Z,124.329269,1388.06,22.9084,0.0,1388.06,0.0,1.0,True,2544;2547
GOOGL,Short,1037,2019-01-31T21:00:00Z,55.087801,2019-02-01T21:00:00Z,55.44738,-372.88,23.0562,-372.88,0.0,372.88,1.0,False,2541;2548
JNJ,Long,534,2019-01-24T21:00:00Z,104.547392,2019-02-01T21:00:00Z,109.209673,2489.66,22.7006,-117.31,2489.66,117.31,8.0,True,2484;2549
QCOM,Short,1352,2019-01-31T21:00:00Z,42.561536,2019-02-01T21:00:00Z,41.214862,1820.7,22.2823,0.0,1820.7,0.0,1.0,True,2543;2550
DE,Long,398,2019-01-29T21:00:00Z,141.624788,2019-02-01T21:00:00Z,147.560294,2362.33,23.2196,0.0,2362.33,57.27,3.0,True,2502;2551
V,Short,433,2019-01-31T21:00:00Z,127.046013,2019-02-01T21:00:00Z,128.153642,-479.6,22.5578,-2439.01,0.0,2439.01,1.0,False,2542;2552
GM,Long,1587,2019-01-31T21:00:00Z,35.267524,2019-02-01T21:00:00Z,35.41292,230.74,33.6785,-43.26,230.74,43.26,1.0,True,2545;2585
BSX,Long,1482,2019-02-01T21:00:00Z,38.15,2019-02-12T21:00:00Z,39.5,2000.7,23.1103,-592.8,2800.98,800.28,11.0,True,2586;2596
EPD,Short,3562,2019-02-01T21:00:00Z,15.971453,2019-02-13T21:00:00Z,16.051798,-286.19,22.9933,-1533.16,572.38,1533.16,12.0,False,2584;2598
UTX,Short,1073,2019-02-01T21:00:00Z,53.474539,2019-02-14T21:00:00Z,55.228808,-1882.33,23.3523,-2412.17,330.39,2742.57,13.0,False,2568;2600
PFE,Long,2017,2019-02-01T21:00:00Z,28.319625,2019-02-22T21:00:00Z,27.962905,-719.5,22.8749,-1585.58,119.92,1585.58,21.0,False,2555;2612
VZ,Long,1567,2019-02-01T21:00:00Z,36.197284,2019-02-22T21:00:00Z,36.990452,1242.89,22.9001,-1694.85,1746.21,1694.85,21.0,True,2556;2613
IBM,Long,609,2019-02-01T21:00:00Z,93.220239,2019-02-27T21:00:00Z,97.296899,2482.69,23.1233,-95.97,2682.68,663.81,26.0,True,2564;2635
AAPL,Long,1435,2019-02-01T21:00:00Z,39.541901,2019-03-01T21:00:00Z,41.428253,2706.91,23.2556,0.0,2959.41,1387.34,28.0,True,2553;2654
ADBE,Long,228,2019-02-01T21:00:00Z,247.82,2019-03-01T21:00:00Z,265.45,4019.64,23.3194,0.0,4019.64,823.08,28.0,True,2563;2655
AMGN,Short,382,2019-02-01T21:00:00Z,147.461819,2019-03-01T21:00:00Z,152.490136,-1920.82,22.9362,-1929.95,688.61,2618.56,28.0,False,2565;2656
AVGO,Short,2559,2019-02-01T21:00:00Z,22.176932,2019-03-01T21:00:00Z,22.911906,-1880.8,22.7534,-3008.86,12.65,3021.51,28.0,False,2567;2657
AXP,Long,605,2019-02-01T21:00:00Z,93.192895,2019-03-01T21:00:00Z,98.643783,3297.79,23.3389,0.0,3573.06,583.58,28.0,True,2575;2658
BA,Long,139,2019-02-22T21:00:00Z,410.161962,2019-03-01T21:00:00Z,435.269734,3489.98,23.4748,0.0,3489.98,12.22,7.0,True,2615;2659
BMY,Short,1484,2019-02-06T21:00:00Z,37.922133,2019-03-01T21:00:00Z,39.157407,-1833.15,23.4733,-3576.32,371.13,3947.45,23.0,False,2591;2660
CB,Short,484,2019-02-01T21:00:00Z,116.777292,2019-03-01T21:00:00Z,118.101119,-640.73,22.7167,-920.79,1408.76,2329.55,28.0,False,2583;2661
COP,Short,1102,2019-02-01T21:00:00Z,51.774911,2019-03-01T21:00:00Z,51.850079,-82.84,23.0434,-2231.1,1452.84,3683.94,28.0,False,2581;2662
COST,Long,292,2019-02-01T21:00:00Z,192.897139,2019-03-01T21:00:00Z,198.624186,1672.3,22.6516,-1497.34,1672.3,1497.34,28.0,True,2569;2663
CRM,Short,379,2019-02-01T21:00:00Z,149.545152,2019-03-01T21:00:00Z,162.399755,-4871.89,23.8314,-4871.89,0.0,4871.89,28.0,False,2566;2664
CVS,Long,1099,2019-02-01T21:00:00Z,50.617252,2019-03-01T21:00:00Z,45.634003,-5476.59,21.2768,-5752.58,4640.01,10392.59,28.0,False,2576;2665
CVX,Long,654,2019-02-28T21:00:00Z,86.70468,2019-03-01T21:00:00Z,87.037048,217.37,22.8341,0.0,959.26,741.89,1.0,True,2644;2666
DHR,Short,672,2019-02-01T21:00:00Z,84.16255,2019-03-01T21:00:00Z,96.772137,-8473.64,24.1738,-8585.81,1193.04,9778.85,28.0,False,2579;2667
FB,Short,342,2019-02-01T21:00:00Z,164.32614,2019-03-01T21:00:00Z,161.037636,1124.67,22.2217,-1781.85,1985.11,1781.85,28.0,True,2554;2668
GM,Short,1595,2019-02-01T21:00:00Z,35.41292,2019-03-01T21:00:00Z,36.212596,-1275.48,11.4591,-1695.81,492.8,2188.61,28.0,False,2585;2669
GS,Short,341,2019-02-01T21:00:00Z,165.794033,2019-03-01T21:00:00Z,167.094114,-443.33,22.5886,-443.33,1904.51,2347.84,28.0,False,2582;2670
PX,Long,387,2019-02-01T21:00:00Z,146.833044,2019-03-01T21:00:00Z,157.99558,4319.9,23.1687,-1112.91,4319.9,2163.42,28.0,True,2573;2671
LOW,Short,676,2019-02-01T21:00:00Z,83.678234,2019-03-01T21:00:00Z,92.10607,-5697.22,23.6414,-6708.49,0.0,6708.49,28.0,False,2580;2672
MCD,Long,378,2019-02-01T21:00:00Z,149.636311,2019-03-01T21:00:00Z,154.841919,1967.72,22.8713,-1748.67,2113.58,1748.67,28.0,True,2560;2673
MO,Long,2067,2019-02-01T21:00:00Z,27.426014,2019-03-01T21:00:00Z,29.164712,3593.89,23.3374,-915.64,3685.45,1041.54,28.0,True,2570;2674
MRK,Long,1009,2019-02-01T21:00:00Z,57.289722,2019-03-01T21:00:00Z,61.53452,4283.0,24.0121,0.0,4283.0,615.11,28.0,True,2558;2675
NVDA,Long,15911,2019-02-01T21:00:00Z,3.573955,2019-03-01T21:00:00Z,3.869049,4695.24,23.7174,0.0,5780.97,2577.63,28.0,True,2574;2676
PCLN,Long,789,2019-02-01T21:00:00Z,71.272251,2019-03-01T21:00:00Z,66.97298,-3392.13,21.8951,-3915.6,3435.9,7351.51,28.0,False,2577;2677
SBUX,Long,945,2019-02-15T21:00:00Z,60.439467,2019-03-01T21:00:00Z,59.921948,-489.06,22.6986,-873.89,48.1,921.99,14.0,False,2602;2678
SO,Long,1593,2019-02-01T21:00:00Z,35.455383,2019-03-01T21:00:00Z,36.846998,2216.84,23.0592,0.0,2852.94,1354.64,28.0,True,2587;2679
UPS,Long,739,2019-02-01T21:00:00Z,76.766844,2019-03-01T21:00:00Z,81.227546,3296.46,23.5255,0.0,3967.7,885.41,28.0,True,2571;2680
WFC,Long,1414,2019-02-01T21:00:00Z,40.068643,2019-03-01T21:00:00Z,41.074447,1422.21,22.8802,-1584.09,1422.21,1896.28,28.0,True,2557;2681
UNH,Long,245,2019-02-22T21:00:00Z,232.916531,2019-03-01T21:00:00Z,212.97924,-4884.64,33.4403,-5216.71,0.0,5216.71,7.0,False,2614;2685
ABT,Long,888,2019-02-01T21:00:00Z,63.722648,2019-03-01T21:00:00Z,68.059837,3851.42,34.8213,-402.97,4316.38,829.18,28.0,True,2561;2689
DOW,Long,783,2019-02-01T21:00:00Z,71.712397,2019-03-01T21:00:00Z,72.784376,839.36,33.8185,-1817.76,2942.03,2779.74,28.0,True,2562;2693
GILD,Long,1077,2019-02-01T21:00:00Z,52.517038,2019-03-01T21:00:00Z,49.230972,-3539.09,33.4474,-4023.9,40.4,4064.3,28.0,False,2572;2696
USB,Long,1503,2019-02-01T21:00:00Z,37.711592,2019-03-01T21:00:00Z,38.344288,950.94,34.0738,-884.6,950.94,1227.38,28.0,True,2578;2697
SPY,Short,842,2019-01-31T21:00:00Z,238.707557,2019-03-01T21:00:00Z,250.254756,-9722.74,119.0879,-9722.74,0.0,9722.74,29.0,False,2546;2709
PEP,Long,639,2019-02-01T21:00:00Z,88.660554,2019-03-05T21:00:00Z,91.777201,1991.54,22.9888,-180.57,2092.67,767.43,32.0,True,2559;2734
AMZN,Long,670,2019-03-05T21:00:00Z,84.97069,2019-03-07T21:00:00Z,82.986855,-1329.17,22.181,-2588.82,0.0,2588.82,2.0,False,2711;2735
BSX,Short,1407,2019-03-05T21:00:00Z,40.31,2019-03-15T20:00:00Z,40.11,281.4,22.6246,0.0,1125.6,1055.25,9.9583,True,2732;2737
SPY,Long,296,2019-03-01T21:00:00Z,250.254756,2019-03-15T20:00:00Z,251.464722,358.15,14.9265,-1579.56,557.13,1579.56,13.9583,True,2709;2738
GM,Short,1589,2019-03-05T21:00:00Z,35.694624,2019-03-21T20:00:00Z,33.956417,2762.01,22.2372,0.0,2762.01,1181.22,15.9583,True,2731;2739
SPY,Long,241,2019-03-01T21:00:00Z,250.254756,2019-03-21T20:00:00Z,251.527462,306.72,12.3007,-1286.06,1192.35,1286.06,19.9583,True,2709;2740
GILD,Short,1157,2019-03-01T21:00:00Z,49.230972,2019-03-22T20:00:00Z,49.070954,185.14,11.178,-559.82,2682.22,3242.04,20.9583,True,2696;2741
SPY,Long,190,2019-03-01T21:00:00Z,250.254756,2019-03-22T20:00:00Z,253.848868,682.88,15.1176,-1013.9,940.03,1013.9,20.9583,True,2709;2743
SPY,Long,112,2019-03-05T21:00:00Z,249.460552,2019-03-22T20:00:00Z,253.848868,491.49,42.1785,-508.72,643.07,550.11,16.9583,True,2733;2743
BIIB,Short,173,2019-03-05T21:00:00Z,327.75,2019-03-25T20:00:00Z,220.02,18637.29,22.4549,-366.76,19209.92,3795.62,19.9583,True,2727;2744
BIIB,Short,80,2019-03-22T20:00:00Z,225.0,2019-03-25T20:00:00Z,220.02,398.4,3.4674,-8389.6,663.2,0.0,3.0,True,2742;2744
PNC,Long,582,2019-03-05T21:00:00Z,97.306131,2019-03-25T20:00:00Z,92.139707,-3006.86,22.17,-3145.98,2553.59,5699.57,19.9583,False,2729;2745
ADP,Long,440,2019-03-05T21:00:00Z,128.763194,2019-03-27T20:00:00Z,131.938737,1397.24,22.9109,-1267.52,1534.56,1267.52,21.9583,True,2725;2747
BDX,Long,331,2019-03-05T21:00:00Z,171.044457,2019-03-27T20:00:00Z,167.755593,-1088.61,22.328,-2683.32,416.25,3099.56,21.9583,False,2724;2748
SPY,Long,285,2019-03-05T21:00:00Z,249.460552,2019-03-28T20:00:00Z,251.285462,520.1,14.3412,-1294.51,1636.39,1491.79,22.9583,True,2733;2751
ACN,Short,399,2019-03-05T21:00:00Z,142.097014,2019-03-28T20:00:00Z,149.107262,-2797.09,23.5728,-4226.94,445.31,4672.25,22.9583,False,2720;2752
CSCO,Long,1375,2019-03-05T21:00:00Z,41.193115,2019-04-02T20:00:00Z,44.319665,4299.01,23.6202,-55.4,4620.33,1340.67,27.9583,True,2715;2753
DOW,Short,784,2019-03-01T21:00:00Z,72.784376,2019-04-02T20:00:00Z,49.342592,18378.36,7.7306,-2182.1,18410.14,2383.36,31.9583,True,2693;2754
DUK,Long,851,2019-03-05T21:00:00Z,66.448496,2019-04-02T20:00:00Z,66.404029,-37.84,22.5358,-334.27,1179.39,1513.66,27.9583,False,2726;2755
EPD,Short,3531,2019-03-05T21:00:00Z,16.103449,2019-04-02T20:00:00Z,16.843771,-2614.08,23.2552,-2857.25,405.28,3262.53,27.9583,False,2728;2756
LLY,Long,513,2019-02-20T21:00:00Z,111.404692,2019-04-02T20:00:00Z,117.349068,3049.46,23.5346,0.0,4034.82,2671.2,40.9583,True,2605;2757
MA,Long,261,2019-03-05T21:00:00Z,217.169602,2019-04-02T20:00:00Z,229.648958,3257.11,23.3249,-1092.39,3264.63,1365.48,27.9583,True,2714;2758
MS,Short,1694,2019-03-05T21:00:00Z,33.451629,2019-04-02T20:00:00Z,34.615025,-1970.79,23.1096,-2767.21,1093.39,3860.6,27.9583,False,2721;2759
NKE,Long,742,2019-03-05T21:00:00Z,76.567722,2019-04-02T20:00:00Z,75.93471,-469.7,22.4673,-2441.09,1409.09,3850.18,27.9583,False,2718;2760
SYK,Long,322,2019-03-05T21:00:00Z,175.970002,2019-04-02T20:00:00Z,181.474479,1772.44,22.9325,-1040.71,2225.61,1058.55,27.9583,True,2722;2761
TMO,Short,223,2019-03-05T21:00:00Z,254.331977,2019-04-02T20:00:00Z,270.218571,-3542.71,23.1254,-3643.24,2153.25,5796.49,27.9583,False,2719;2762
USB,Short,1484,2019-03-01T21:00:00Z,38.344288,2019-04-02T20:00:00Z,36.380096,2914.86,10.813,-360.28,4388.91,1932.43,31.9583,True,2697;2763
V,Short,403,2019-03-05T21:00:00Z,140.317023,2019-04-02T20:00:00Z,149.459062,-3684.24,23.3697,-3756.86,439.51,4196.37,27.9583,False,2712;2764
BLK,Short,157,2019-03-05T21:00:00Z,361.106662,2019-04-02T20:00:00Z,364.759331,-573.47,34.1782,-846.49,2428.43,3001.89,27.9583,False,2723;2787
CL,Short,1025,2019-03-05T21:00:00Z,55.311067,2019-04-02T20:00:00Z,57.11123,-1845.17,34.5449,-2128.38,815.31,2943.69,27.9583,False,2730;2788
UTX,Short,963,2019-04-02T20:00:00Z,59.794174,2019-04-03T20:00:00Z,59.506874,276.67,22.7569,0.0,817.04,540.37,1.0,True,2778;2798
SPY,Long,244,2019-03-05T21:00:00Z,249.460552,2019-04-03T20:00:00Z,257.532643,1969.59,12.5278,-1108.28,1969.59,1277.19,28.9583,True,2733;2802
SPY,Long,206,2019-03-05T21:00:00Z,249.460552,2019-04-04T20:00:00Z,257.057607,1564.99,27.2327,-935.68,1662.85,1078.28,29.9583,True,2733;2808
SPY,Long,256,2019-03-07T21:00:00Z,247.042244,2019-04-04T20:00:00Z,257.057607,2563.93,12.565,-543.7,2685.54,1340.0,27.9583,True,2736;2808
SPY,Long,67,2019-03-25T20:00:00Z,249.967908,2019-04-04T20:00:00Z,257.057607,475.01,6.0525,-338.32,506.84,88.28,10.0,True,2746;2808
ABT,Short,833,2019-03-01T21:00:00Z,68.059837,2019-04-04T20:00:00Z,69.351395,-1075.87,11.4304,-1504.76,988.63,2493.4,33.9583,False,2689;2809
COST,Short,261,2019-04-02T20:00:00Z,220.532861,2019-04-04T20:00:00Z,218.878864,431.69,22.8774,-94.36,431.69,452.92,2.0,True,2780;2810
CVS,Short,1355,2019-04-02T20:00:00Z,41.39628,2019-04-04T20:00:00Z,41.498299,-138.24,22.4432,-691.18,0.0,691.18,2.0,False,2786;2811
GS,Long,348,2019-04-02T20:00:00Z,164.983894,2019-04-04T20:00:00Z,168.8176,1334.13,23.39,0.0,1752.51,418.38,2.0,True,2785;2812
NFLX,Short,1615,2019-03-05T21:00:00Z,35.146,2019-04-04T20:00:00Z,37.007,-3005.52,23.3264,-4265.22,300.39,4565.6,29.9583,False,2716;2813
SPY,Long,54,2019-03-25T20:00:00Z,249.967908,2019-04-04T20:00:00Z,257.057607,382.84,3.7065,-272.67,408.5,71.15,10.0,True,2746;2814
SPY,Long,18,2019-03-27T20:00:00Z,251.97561,2019-04-04T20:00:00Z,257.057607,91.48,20.6034,-127.03,100.03,12.42,8.0,True,2749;2814
SPY,Long,393,2019-03-27T20:00:00Z,251.97561,2019-04-08T20:00:00Z,258.222791,2455.14,35.8236,-2773.48,2698.19,271.23,12.0,True,2749;2821
AXP,Short,566,2019-04-02T20:00:00Z,101.373777,2019-04-08T20:00:00Z,101.02033,200.05,22.8781,0.0,458.49,434.18,6.0,True,2781;2822
MO,Short,1777,2019-04-02T20:00:00Z,32.506415,2019-04-08T20:00:00Z,30.759785,3103.76,22.3511,0.0,3902.16,1317.35,6.0,True,2779;2823
PCLN,Short,838,2019-04-02T20:00:00Z,69.005199,2019-04-08T20:00:00Z,69.079048,-61.89,23.2629,-742.95,0.0,742.95,6.0,False,2784;2824
PFE,Long,2036,2019-04-02T20:00:00Z,28.372472,2019-04-08T20:00:00Z,28.451744,161.4,23.1469,-282.44,255.54,282.44,6.0,True,2770;2825
PNC,Short,588,2019-04-02T20:00:00Z,97.537464,2019-04-08T20:00:00Z,98.632437,-643.84,23.124,-875.08,0.0,875.08,6.0,False,2791;2826
PYPL,Short,552,2019-04-02T20:00:00Z,104.405679,2019-04-08T20:00:00Z,104.494686,-49.13,23.1248,-545.91,605.96,1151.87,6.0,False,2777;2827
BLK,Long,158,2019-04-02T20:00:00Z,364.759331,2019-04-09T20:00:00Z,370.600273,922.87,11.5637,0.0,1018.84,832.16,7.0,True,2787;2829
JPM,Short,674,2019-04-02T20:00:00Z,85.407836,2019-04-09T20:00:00Z,86.431779,-690.14,23.2145,-1050.76,0.0,1050.76,7.0,False,2768;2830
PEP,Short,596,2019-04-02T20:00:00Z,96.46181,2019-04-09T20:00:00Z,96.335199,75.46,23.0012,-127.34,202.8,330.14,7.0,True,2775;2831
PM,Long,938,2019-03-05T21:00:00Z,60.095771,2019-04-09T20:00:00Z,59.651083,-417.12,22.5826,-417.12,3304.8,3721.91,34.9583,False,2717;2832
UNH,Short,266,2019-03-01T21:00:00Z,212.97924,2019-04-09T20:00:00Z,217.312044,-1152.53,11.618,-3384.69,1765.45,5150.13,38.9583,False,2685;2833
CL,Long,1007,2019-04-02T20:00:00Z,57.11123,2019-04-10T20:00:00Z,56.977265,-134.9,11.4853,-556.48,0.0,556.48,8.0,False,2788;2834
SPY,Short,277,2019-04-08T20:00:00Z,258.222791,2019-04-10T20:00:00Z,257.927014,81.93,14.315,-47.17,196.14,243.31,2.0,True,2821;2835
SPY,Short,22,2019-04-08T20:00:00Z,258.222791,2019-04-11T20:00:00Z,258.88605,-14.59,13.9494,-14.59,15.58,30.17,3.0,False,2821;2836
SPY,Short,248,2019-04-08T20:00:00Z,258.222791,2019-04-11T20:00:00Z,258.88605,-164.49,12.8385,-164.49,175.6,340.09,3.0,False,2828;2836
EOG,Long,806,2019-04-02T20:00:00Z,71.48062,2019-04-11T20:00:00Z,72.56366,872.93,23.1332,-1989.33,1460.82,1989.33,9.0,True,2792;2837
AMZN,Short,636,2019-04-02T20:00:00Z,90.338567,2019-04-17T20:00:00Z,93.391389,-1941.59,23.3423,-1941.59,0.0,1941.59,15.0,False,2767;2840
SPY,Short,259,2019-04-17T20:00:00Z,261.18953,2019-04-18T20:00:00Z,260.033308,299.46,26.9037,0.0,322.68,23.21,1.0,True,2839;2841
GM,Long,1664,2019-04-04T20:00:00Z,35.268787,2019-04-18T20:00:00Z,36.70964,2397.58,24.156,0.0,2855.72,458.14,14.0,True,2806;2842
CCI,Long,632,2019-04-04T20:00:00Z,92.90318,2019-04-22T20:00:00Z,88.350023,-2877.6,22.8739,-2877.6,684.06,3561.65,18.0,False,2805;2843
ORCL,Short,1184,2019-04-02T20:00:00Z,48.552701,2019-04-22T20:00:00Z,48.653767,-119.66,23.0061,-416.44,801.94,1218.38,20.0,False,2774;2844
SPY,Long,218,2019-04-22T20:00:00Z,259.181828,2019-04-26T20:00:00Z,261.8259,576.41,22.8093,0.0,828.46,252.06,4.0,True,2845;2846
AAPL,Short,1267,2019-04-02T20:00:00Z,45.427697,2019-04-26T20:00:00Z,48.711426,-4160.49,24.0001,-4949.8,0.0,4949.8,24.0,False,2766;2848
SO,Long,1516,2019-04-02T20:00:00Z,38.081886,2019-04-26T20:00:00Z,38.976626,1356.43,23.3574,-336.3,1367.64,986.49,24.0,True,2793;2849
MCD,Short,364,2019-04-02T20:00:00Z,158.465718,2019-04-29T20:00:00Z,166.074018,-2769.42,23.5398,-2769.42,170.99,2940.41,27.0,False,2776;2850
VZ,Long,1487,2019-04-02T20:00:00Z,38.819326,2019-05-01T20:00:00Z,37.901048,-1365.48,22.5423,-2724.47,170.78,2895.25,29.0,False,2769;2851
LOW,Long,608,2019-04-02T20:00:00Z,94.715307,2019-05-02T20:00:00Z,96.663804,1184.69,35.1058,0.0,4378.51,3193.82,30.0,True,2782;2879
CME,Short,457,2019-04-02T20:00:00Z,126.403713,2019-05-02T20:00:00Z,132.430148,-2754.08,34.8385,-4169.18,0.0,4169.18,30.0,False,2789;2887
AMT,Short,364,2019-04-02T20:00:00Z,158.648452,2019-05-02T20:00:00Z,159.402345,-274.42,23.237,-1679.35,359.0,1739.11,30.0,False,2783;2891
BA,Long,150,2019-04-02T20:00:00Z,379.888103,2019-05-02T20:00:00Z,366.704326,-1977.57,22.4578,-3515.67,1004.9,4520.57,30.0,False,2771;2892
DIS,Short,534,2019-04-02T20:00:00Z,108.323765,2019-05-02T20:00:00Z,129.674342,-11401.21,25.1809,-13723.39,291.55,14014.94,30.0,False,2773;2893
SPGI,Long,308,2019-04-08T20:00:00Z,190.16161,2019-05-02T20:00:00Z,191.235368,330.72,23.5504,-440.05,1741.05,1410.33,24.0,True,2820;2894
BSX,Long,1490,2019-04-02T20:00:00Z,38.7,2019-05-02T20:00:00Z,36.25,-3650.5,22.4722,-5647.1,0.0,5647.1,30.0,False,2794;2895
TMUS,Long,871,2019-04-02T20:00:00Z,65.981229,2019-05-02T20:00:00Z,69.733492,3268.22,23.6003,-666.82,3531.65,1350.1,30.0,True,2790;2896
WMT,Short,1942,2019-03-05T21:00:00Z,29.268407,2019-05-02T20:00:00Z,30.424754,-2245.63,23.18,-3468.92,376.61,3845.53,57.9583,False,2713;2897
ECL,Long,334,2019-05-03T20:00:00Z,170.8993,2019-05-10T20:00:00Z,166.603723,-1434.72,22.5896,-1681.56,0.0,1681.56,7.0,False,2900;2906
UNH,Long,280,2019-05-02T20:00:00Z,202.679448,2019-05-17T20:00:00Z,207.30535,1295.25,23.2914,0.0,2575.76,1280.51,15.0,True,2869;2914
ABT,Long,828,2019-05-02T20:00:00Z,68.732689,2019-05-24T20:00:00Z,66.612175,-1755.79,22.6017,-2133.06,457.08,2590.15,22.0,False,2871;2923
ADP,Short,430,2019-05-02T20:00:00Z,132.815967,2019-05-24T20:00:00Z,136.746631,-1690.19,23.2324,-2143.56,72.54,2216.1,22.0,False,2882;2924
AXP,Long,535,2019-05-02T20:00:00Z,106.828405,2019-05-24T20:00:00Z,108.901413,1109.06,23.1349,-527.66,1739.32,1685.57,22.0,True,2877;2925
BLK,Short,143,2019-05-02T20:00:00Z,398.972939,2019-05-24T20:00:00Z,363.602791,5057.93,21.7064,-355.76,5427.97,530.66,22.0,True,2881;2926
CME,Long,430,2019-05-02T20:00:00Z,132.430148,2019-05-24T20:00:00Z,142.083043,4150.74,12.2354,-328.8,4232.13,475.3,22.0,True,2887;2927
CSCO,Long,1268,2019-05-02T20:00:00Z,44.989509,2019-05-24T20:00:00Z,44.251577,-935.7,22.4794,-4298.04,1069.37,4298.04,22.0,False,2863;2928
CVX,Long,671,2019-05-02T20:00:00Z,84.739374,2019-05-24T20:00:00Z,86.317347,1058.82,22.9087,-4.85,2547.18,1698.89,22.0,True,2865;2929
DUK,Long,853,2019-05-02T20:00:00Z,67.026567,2019-05-24T20:00:00Z,66.597337,-366.13,22.7051,-2307.43,0.0,2307.43,22.0,False,2883;2930
INTC,Long,1300,2019-05-02T20:00:00Z,43.999582,2019-05-24T20:00:00Z,38.857416,-6684.82,21.482,-7851.67,1069.67,8921.35,22.0,False,2866;2931
INTU,Long,247,2019-05-02T20:00:00Z,231.243463,2019-05-24T20:00:00Z,238.495926,1791.36,23.6079,-1563.92,3254.46,2797.24,22.0,True,2884;2932
LOW,Short,591,2019-05-02T20:00:00Z,96.663804,2019-05-24T20:00:00Z,83.352551,7866.95,9.8461,-872.38,8192.16,3324.35,22.0,True,2879;2933
MDT,Long,795,2019-05-02T20:00:00Z,71.898123,2019-05-24T20:00:00Z,75.245062,2660.82,23.5874,-621.5,3068.68,1825.67,22.0,True,2874;2934
PFE,Long,2123,2019-05-02T20:00:00Z,26.965409,2019-05-24T20:00:00Z,28.024306,2248.04,23.3736,0.0,2248.04,1150.0,22.0,True,2868;2935
PG,Short,655,2019-05-02T20:00:00Z,87.497417,2019-05-24T20:00:00Z,89.127597,-1067.77,23.1259,-1585.31,522.99,2108.3,22.0,False,2862;2936
UNP,Short,384,2019-05-02T20:00:00Z,147.901236,2019-05-24T20:00:00Z,147.273745,240.96,22.6668,-1556.45,856.37,1556.45,22.0,True,2872;2937
VZ,Long,1527,2019-05-02T20:00:00Z,37.6229,2019-05-24T20:00:00Z,39.119604,2285.47,23.5241,-434.85,2720.31,859.58,22.0,True,2864;2938
XOM,Long,1015,2019-05-02T20:00:00Z,56.028361,2019-05-24T20:00:00Z,53.701644,-2361.62,22.1254,-2633.57,0.0,2633.57,22.0,False,2861;2939
CI,Long,392,2019-05-02T20:00:00Z,147.305927,2019-05-24T20:00:00Z,135.082899,-4791.43,21.6972,-5041.75,0.0,5041.75,22.0,False,2888;2940
ADBE,Long,201,2019-05-02T20:00:00Z,282.48,2019-05-28T20:00:00Z,276.49,-1203.99,22.4272,-2970.78,623.1,3593.88,26.0,False,2870;2942
AMT,Short,352,2019-05-22T20:00:00Z,163.75688,2019-05-28T20:00:00Z,168.367078,-1622.79,23.4111,-1622.79,0.0,1622.79,6.0,False,2918;2943
CSX,Long,2395,2019-05-02T20:00:00Z,23.827737,2019-05-28T20:00:00Z,22.738762,-2608.09,22.1695,-3229.41,1105.37,4334.78,26.0,False,2886;2944
PX,Long,363,2019-05-10T20:00:00Z,157.232294,2019-05-28T20:00:00Z,168.344816,4033.85,23.9219,0.0,4707.24,1533.12,18.0,True,2907;2945
IBM,Short,582,2019-05-02T20:00:00Z,98.1703,2019-05-28T20:00:00Z,93.298466,2835.41,22.0936,0.0,3452.64,2069.78,26.0,True,2873;2946
KO,Short,1546,2019-04-02T20:00:00Z,37.30053,2019-05-28T20:00:00Z,39.574466,-3515.51,23.5971,-3823.88,703.1,4526.98,56.0,False,2772;2947
MDLZ,Short,1323,2019-05-10T20:00:00Z,42.586647,2019-05-28T20:00:00Z,43.538397,-1259.17,22.718,-1977.11,44.18,1977.11,18.0,False,2908;2948
MS,Short,1499,2019-05-02T20:00:00Z,38.225143,2019-05-28T20:00:00Z,34.328055,5841.74,21.6312,-468.78,6611.02,769.28,26.0,True,2898;2949
MSFT,Short,518,2019-04-02T20:00:00Z,111.12191,2019-05-28T20:00:00Z,119.040019,-4101.58,23.7787,-5605.69,0.0,5605.69,56.0,False,2765;2950
PCLN,Short,799,2019-05-02T20:00:00Z,71.296086,2019-05-28T20:00:00Z,66.721736,3654.91,21.8152,-162.03,4335.19,2929.04,26.0,True,2880;2951
UPS,Long,746,2019-05-02T20:00:00Z,76.634736,2019-05-28T20:00:00Z,70.808379,-4346.46,21.9126,-5262.25,1076.5,6338.75,26.0,False,2878;2952
ACN,Long,361,2019-05-03T20:00:00Z,155.432518,2019-06-03T20:00:00Z,156.373201,339.59,22.3518,-1834.4,1139.36,1834.4,31.0,True,2899;2954
BDX,Long,357,2019-05-02T20:00:00Z,159.890989,2019-06-03T20:00:00Z,158.764566,-402.13,22.7389,-3098.36,700.1,3798.46,32.0,False,2885;2955
FB,Short,299,2019-05-02T20:00:00Z,191.169048,2019-06-03T20:00:00Z,173.33981,5330.94,21.1271,-731.52,8544.32,3213.37,32.0,True,2859;2956
JNJ,Short,491,2019-05-02T20:00:00Z,116.232535,2019-06-03T20:00:00Z,108.492585,3800.32,22.0076,-72.39,3966.33,1198.45,32.0,True,2860;2957
LLY,Long,531,2019-05-02T20:00:00Z,107.81804,2019-06-03T20:00:00Z,106.674429,-607.26,22.8044,-1967.35,102.43,1967.35,32.0,False,2875;2958
T,Long,3803,2019-05-02T20:00:00Z,15.117995,2019-06-03T20:00:00Z,15.005648,-427.26,22.9306,-1188.88,2730.72,3418.04,32.0,False,2867;2959
TXN,Long,605,2019-05-02T20:00:00Z,94.561032,2019-06-03T20:00:00Z,85.895483,-5242.66,21.9523,-6148.02,906.88,7054.89,32.0,False,2876;2960
SPY,Long,410,2019-05-24T20:00:00Z,254.323905,2019-06-03T20:00:00Z,246.750206,-3105.22,143.9297,-3373.48,0.0,3373.48,10.0,False,2941;2966
SPY,Long,1793,2019-05-28T20:00:00Z,253.660646,2019-06-03T20:00:00Z,246.750206,-12390.42,90.0435,-13563.57,1189.22,13563.57,6.0,False,2953;2966
AMGN,Long,426,2019-06-03T20:00:00Z,138.220989,2019-06-04T20:00:00Z,139.852318,694.95,23.7644,0.0,934.58,239.64,1.0,True,2964;2967
DIS,Short,446,2019-05-21T20:00:00Z,128.89848,2019-06-04T20:00:00Z,127.835262,474.2,22.9775,-111.07,1281.61,1392.68,14.0,True,2916;2968
TMUS,Long,823,2019-06-03T20:00:00Z,69.582267,2019-06-04T20:00:00Z,70.536873,785.64,23.3187,0.0,1610.17,824.53,1.0,True,2965;2969
UTX,Long,1002,2019-06-03T20:00:00Z,57.077117,2019-06-04T20:00:00Z,57.916685,841.25,23.1777,0.0,1320.67,479.42,1.0,True,2962;2970
SPY,Short,299,2019-06-03T20:00:00Z,246.750206,2019-06-04T20:00:00Z,248.372501,-485.07,70.1512,-1401.6,0.0,1401.6,1.0,False,2966;2978
BDX,Long,362,2019-06-04T20:00:00Z,159.280278,2019-06-11T20:00:00Z,164.287317,1812.55,23.2379,0.0,1812.55,786.13,7.0,True,2972;2980
TMO,Long,218,2019-06-03T20:00:00Z,262.927285,2019-06-13T20:00:00Z,279.342368,3578.49,23.5738,-68.37,3875.65,297.16,10.0,True,2963;2981
CSCO,Long,1355,2019-06-03T20:00:00Z,42.208074,2019-06-14T20:00:00Z,45.403075,4329.23,23.4108,0.0,5559.87,2593.14,11.0,True,2961;2983
NFLX,Short,1607,2019-05-23T20:00:00Z,35.544,2019-06-20T20:00:00Z,36.686,-1835.19,23.0579,-1835.19,3022.77,4857.96,28.0,False,2921;2986
SPY,Long,768,2019-06-04T20:00:00Z,248.372501,2019-06-20T20:00:00Z,265.321453,13016.79,40.7313,0.0,13016.79,702.12,16.0,True,2978;2989
SPY,Long,328,2019-06-04T20:00:00Z,248.372501,2019-06-21T20:00:00Z,264.918338,5427.03,44.1144,0.0,5559.26,299.86,17.0,True,2978;2990
SPY,Long,231,2019-06-13T20:00:00Z,259.361087,2019-06-21T20:00:00Z,264.918338,1283.73,11.9912,-2538.36,1376.84,211.19,8.0,True,2982;2990
SPY,Long,274,2019-06-18T20:00:00Z,261.162641,2019-06-21T20:00:00Z,264.918338,1029.06,14.3618,-3504.5,1139.51,145.0,3.0,True,2985;2990
AMT,Long,324,2019-06-21T20:00:00Z,179.737151,2019-06-26T20:00:00Z,174.137966,-1814.14,22.5989,-3005.67,0.0,3005.67,5.0,False,2995;3013
AMZN,Short,610,2019-06-21T20:00:00Z,95.665541,2019-06-26T20:00:00Z,94.464365,732.72,23.1812,0.0,1203.14,595.18,5.0,True,2991;3014
CAT,Long,517,2019-06-20T20:00:00Z,114.803618,2019-06-26T20:00:00Z,115.978433,607.38,24.0076,0.0,1004.86,397.48,6.0,True,2988;3015
CL,Short,961,2019-06-04T20:00:00Z,59.828254,2019-06-26T20:00:00Z,62.119943,-2202.31,23.1842,-2412.83,0.0,2412.83,22.0,False,2975;3016
EL,Short,350,2019-06-21T20:00:00Z,166.587195,2019-06-26T20:00:00Z,167.261047,-235.85,23.1903,-321.9,140.23,376.08,5.0,False,2999;3017
CSX,Short,2494,2019-06-25T20:00:00Z,23.49676,2019-06-26T20:00:00Z,23.112411,958.57,22.986,0.0,1101.98,143.41,1.0,True,3010;3018
SPGI,Short,283,2019-06-21T20:00:00Z,205.412164,2019-06-26T20:00:00Z,203.356796,581.67,22.9193,0.0,1123.05,541.38,5.0,True,3000;3019
MS,Short,1694,2019-06-25T20:00:00Z,34.456354,2019-06-26T20:00:00Z,34.303999,258.09,23.2688,-27.17,258.09,27.17,1.0,True,3009;3020
ORCL,Short,1152,2019-06-25T20:00:00Z,50.89175,2019-06-26T20:00:00Z,50.515769,433.13,23.2509,0.0,433.13,0.0,1.0,True,3005;3021
PEP,Short,547,2019-06-25T20:00:00Z,106.797186,2019-06-26T20:00:00Z,106.063842,401.14,23.2076,0.0,723.79,322.66,1.0,True,3004;3022
PG,Short,626,2019-06-25T20:00:00Z,93.244634,2019-06-26T20:00:00Z,92.654109,369.67,23.06,0.0,1239.17,869.5,1.0,True,3002;3023
NSC,Short,337,2019-06-04T20:00:00Z,171.76227,2019-06-26T20:00:00Z,166.585897,1744.44,22.9491,-1246.44,2326.89,1869.66,22.0,True,2977;3024
SYK,Long,310,2019-06-21T20:00:00Z,188.21496,2019-06-26T20:00:00Z,188.437174,68.89,23.2635,-261.19,344.43,605.62,5.0,True,2998;3025
TJX,Short,1262,2019-06-04T20:00:00Z,45.883352,2019-06-26T20:00:00Z,48.210703,-2937.12,23.7608,-4210.63,0.0,4210.63,22.0,False,2974;3026
SPY,Long,1231,2019-06-25T20:00:00Z,264.495031,2019-06-26T20:00:00Z,262.792795,-2095.45,148.7651,-3547.86,0.0,3547.86,1.0,False,3012;3027
AAPL,Short,1234,2019-06-25T20:00:00Z,47.364204,2019-06-27T20:00:00Z,47.784307,-518.41,23.2877,-518.41,0.0,518.41,2.0,False,3001;3035
ACN,Long,360,2019-06-20T20:00:00Z,162.456872,2019-06-27T20:00:00Z,157.735873,-1699.56,23.39,-1699.56,417.77,2117.33,7.0,False,2987;3036
CME,Long,386,2019-06-21T20:00:00Z,151.005074,2019-06-27T20:00:00Z,146.392318,-1780.52,22.9597,-1959.46,0.0,1959.46,6.0,False,2997;3037
CCI,Long,595,2019-06-25T20:00:00Z,98.580356,2019-06-27T20:00:00Z,95.313262,-1943.92,22.8352,-2173.38,0.0,2173.38,2.0,False,3011;3038
HD,Long,340,2019-06-25T20:00:00Z,172.479302,2019-06-27T20:00:00Z,173.574541,372.38,23.4094,0.0,372.38,0.0,2.0,True,3003;3039
MMM,Short,621,2019-06-25T20:00:00Z,94.027732,2019-06-27T20:00:00Z,93.680185,215.83,23.1697,0.0,556.43,340.6,2.0,True,3006;3040
MO,Short,2115,2019-06-25T20:00:00Z,27.764459,2019-06-27T20:00:00Z,27.325202,929.03,23.3295,0.0,929.03,0.0,2.0,True,3007;3041
SPY,Short,380,2019-06-26T20:00:00Z,262.792795,2019-06-28T20:00:00Z,263.504312,-270.38,20.0558,-417.54,95.83,513.37,2.0,False,3027;3042
ADP,Long,406,2019-06-21T20:00:00Z,143.573733,2019-06-28T20:00:00Z,139.276692,-1744.6,22.9509,-2264.19,0.0,2264.19,7.0,False,2996;3043
ABBV,Long,1008,2019-06-21T20:00:00Z,57.812671,2019-07-02T20:00:00Z,54.056105,-3786.62,22.8092,-9302.56,201.26,9503.82,11.0,False,2994;3044
UBER,Long,1358,2019-06-25T20:00:00Z,43.23,2019-07-02T20:00:00Z,44.55,1792.56,23.6509,-991.34,4277.7,3232.04,7.0,True,3008;3045
KO,Long,1406,2019-06-21T20:00:00Z,41.652427,2019-07-02T20:00:00Z,41.652427,0.0,23.4118,-1006.2,203.5,1141.87,11.0,False,2992;3046
PM,Long,1063,2019-06-21T20:00:00Z,55.07284,2019-07-02T20:00:00Z,55.805721,779.05,24.0009,-15.13,1777.45,1089.16,11.0,True,2993;3047
PNC,Short,565,2019-06-18T20:00:00Z,102.877377,2019-07-02T20:00:00Z,108.166483,-2988.34,24.0489,-3220.92,0.0,3220.92,14.0,False,2984;3048
SCHW,Short,1523,2019-06-04T20:00:00Z,38.260963,2019-07-02T20:00:00Z,36.580949,2558.66,23.1215,-2159.73,4415.75,2214.76,28.0,True,2976;3049
SPY,Long,104,2019-07-02T20:00:00Z,266.224286,2019-07-03T17:00:00Z,267.665333,149.87,41.9604,0.0,300.67,150.81,0.875,True,3067;3069
COP,Short,1260,2019-06-04T20:00:00Z,45.817679,2019-07-03T17:00:00Z,46.315115,-626.77,23.0651,-2777.07,2690.29,5467.36,28.875,False,2971;3070
SPY,Long,283,2019-07-02T20:00:00Z,266.224286,2019-07-09T20:00:00Z,266.152234,-20.39,15.1499,-20.39,818.18,838.57,7.0,False,3067;3077
SPY,Long,294,2019-07-02T20:00:00Z,266.224286,2019-07-16T20:00:00Z,270.772588,1337.2,27.2094,-21.18,1366.33,871.17,14.0,True,3067;3084
SPY,Long,111,2019-07-05T20:00:00Z,267.908509,2019-07-16T20:00:00Z,270.772588,317.91,5.9676,-194.95,328.91,194.95,11.0,True,3073;3084
SPY,Long,99,2019-07-08T20:00:00Z,267.503215,2019-07-16T20:00:00Z,270.772588,323.67,8.6616,-133.75,333.48,149.8,8.0,True,3075;3084
CME,Short,386,2019-07-02T20:00:00Z,149.17365,2019-07-16T20:00:00Z,157.054092,-3041.85,23.6572,-3276.52,0.0,3276.52,14.0,False,3064;3085
NVDA,Short,14025,2019-07-02T20:00:00Z,4.102249,2019-07-16T20:00:00Z,4.13125,-406.74,22.8961,-733.52,2881.92,3615.43,14.0,False,3057;3086
PUYI,Short,69,2019-07-02T20:00:00Z,807.6,2019-07-16T20:00:00Z,456.6,24219.0,18.0295,0.0,25295.4,2401.2,14.0,True,3063;3087
PUYI,Short,39,2019-07-05T20:00:00Z,552.0,2019-07-16T20:00:00Z,456.6,3720.6,4.0342,-9968.4,4329.0,1240.2,11.0,True,3072;3087
HON,Long,383,2019-07-02T20:00:00Z,150.806202,2019-07-18T20:00:00Z,145.29586,-2110.46,22.8634,-2684.56,433.84,3118.39,16.0,False,3055;3090
ABT,Short,780,2019-07-02T20:00:00Z,74.261798,2019-07-23T20:00:00Z,77.486311,-2515.12,23.7892,-2961.04,873.87,3834.91,21.0,False,3052;3096
EL,Short,348,2019-07-02T20:00:00Z,166.195632,2019-07-23T20:00:00Z,172.469742,-2183.39,23.6706,-2636.55,0.0,2636.55,21.0,False,3066;3097
HD,Long,328,2019-07-02T20:00:00Z,175.773381,2019-07-23T20:00:00Z,178.080908,756.87,23.2117,0.0,2319.97,2037.51,21.0,True,3050;3098
SPY,Long,63,2019-07-08T20:00:00Z,267.503215,2019-07-23T20:00:00Z,269.430614,121.43,37.9934,-85.11,212.21,203.13,15.0,True,3075;3100
SPY,Long,281,2019-07-10T20:00:00Z,268.755124,2019-07-23T20:00:00Z,269.430614,189.81,15.1147,-731.41,594.75,906.04,13.0,True,3081;3100
SPY,Long,5,2019-07-16T20:00:00Z,270.772588,2019-07-23T20:00:00Z,269.430614,-6.71,0.2699,-23.1,0.5,15.63,7.0,False,3089;3100
SPY,Long,161,2019-07-19T20:00:00Z,270.205177,2019-07-23T20:00:00Z,269.430614,-124.7,8.6182,-652.52,107.3,305.96,4.0,False,3093;3100
ADBE,Short,191,2019-07-02T20:00:00Z,300.94,2019-07-26T20:00:00Z,309.97,-1724.73,23.4036,-1973.03,0.0,1973.03,24.0,False,3053;3104
ANTM,Short,224,2019-07-02T20:00:00Z,257.923,2019-07-26T20:00:00Z,268.159413,-2292.96,23.6901,-5563.07,87.72,5650.79,24.0,False,3062;3105
BA,Short,165,2019-07-02T20:00:00Z,349.078975,2019-07-26T20:00:00Z,339.983926,1500.68,22.6613,-3557.23,1687.05,4252.48,24.0,True,3051;3106
C,Long,1055,2019-07-18T20:00:00Z,55.092899,2019-07-26T20:00:00Z,56.404263,1383.49,23.7087,0.0,2001.12,1334.08,8.0,True,3091;3107
CSCO,Short,1292,2019-07-10T20:00:00Z,46.220024,2019-07-26T20:00:00Z,46.260826,-52.72,23.9666,-1486.58,115.97,1486.58,16.0,False,3080;3108
CVX,Short,660,2019-07-10T20:00:00Z,90.556601,2019-07-26T20:00:00Z,91.271656,-471.94,23.9975,-1170.21,187.81,1170.21,16.0,False,3078;3109
DHR,Short,527,2019-07-02T20:00:00Z,109.840074,2019-07-26T20:00:00Z,109.558647,148.31,22.9619,-360.76,1908.01,1759.7,24.0,True,3056;3110
INTC,Short,1342,2019-07-19T20:00:00Z,43.589324,2019-07-26T20:00:00Z,45.837634,-3017.23,23.8244,-3391.46,0.0,3391.46,7.0,False,3092;3111
PFE,Short,1986,2019-07-05T20:00:00Z,29.530488,2019-07-26T20:00:00Z,28.430842,2183.9,23.0328,0.0,2528.03,992.68,21.0,True,3071;3112
SYK,Short,301,2019-07-02T20:00:00Z,191.252581,2019-07-26T20:00:00Z,204.313416,-3931.31,23.4845,-3931.31,176.03,4107.34,24.0,False,3060;3113
T,Short,3512,2019-07-16T20:00:00Z,16.700179,2019-07-26T20:00:00Z,16.710096,-34.83,23.5893,-818.47,2768.86,3587.33,10.0,False,3088;3114
UNH,Short,270,2019-07-08T20:00:00Z,217.251664,2019-07-26T20:00:00Z,219.552816,-621.31,23.8422,-4818.14,97.6,4915.74,18.0,False,3074;3115
VZ,Short,1573,2019-07-10T20:00:00Z,37.965049,2019-07-26T20:00:00Z,37.797743,263.17,24.0181,-905.31,1326.39,1694.83,16.0,True,3079;3116
UTX,Short,962,2019-07-24T20:00:00Z,60.656568,2019-07-29T20:00:00Z,61.189197,-512.39,23.4457,-859.77,0.0,859.77,5.0,False,3102;3118
SPY,Short,104,2019-07-23T20:00:00Z,269.430614,2019-07-29T20:00:00Z,271.86238,-252.9,5.6474,-267.89,0.0,267.89,6.0,False,3100;3119
SPY,Short,89,2019-07-23T20:00:00Z,269.430614,2019-07-30T20:00:00Z,270.106105,-60.12,19.555,-229.25,0.0,229.25,7.0,False,3100;3121
SPY,Short,133,2019-07-24T20:00:00Z,269.439621,2019-07-30T20:00:00Z,270.106105,-88.64,7.2217,-341.39,1.2,341.39,6.0,False,3103;3121
SPY,Short,139,2019-07-26T20:00:00Z,270.889674,2019-07-30T20:00:00Z,270.106105,108.92,97.7047,-155.24,202.81,135.21,4.0,True,3117;3121
MDLZ,Long,1258,2019-07-02T20:00:00Z,45.987045,2019-07-30T20:00:00Z,46.112876,158.3,23.166,-432.67,1044.75,1477.42,28.0,True,3059;3122
PCLN,Long,778,2019-07-02T20:00:00Z,74.327418,2019-07-30T20:00:00Z,74.625159,231.64,23.2529,-1048.78,1964.1,1733.06,28.0,True,3058;3123
SPY,Short,310,2019-07-26T20:00:00Z,270.889674,2019-07-30T20:00:00Z,270.106105,242.91,16.7924,-346.21,452.31,301.54,4.0,True,3117;3124
AMZN,Long,582,2019-07-16T20:00:00Z,100.264227,2019-08-01T20:00:00Z,93.340508,-4029.6,22.4428,-4490.63,0.0,4490.63,16.0,False,3083;3125
MDT,Long,738,2019-07-09T20:00:00Z,80.587812,2019-08-01T20:00:00Z,83.404537,2078.74,24.2693,0.0,3220.84,1142.1,23.0,True,3076;3126
MS,Long,1639,2019-07-02T20:00:00Z,35.065775,2019-08-01T20:00:00Z,35.896841,1362.12,22.8931,-611.41,2641.67,3253.08,30.0,True,3061;3127
PYPL,Long,507,2019-07-02T20:00:00Z,113.909691,2019-08-01T20:00:00Z,109.231858,-2371.66,34.5296,-2396.73,3068.62,5465.35,30.0,False,3054;3142
SPY,Short,575,2019-07-26T20:00:00Z,270.889674,2019-08-01T20:00:00Z,267.998574,1662.38,30.5381,-642.17,3071.0,1408.62,6.0,True,3117;3157
BDX,Short,340,2019-08-01T20:00:00Z,172.163687,2019-08-02T20:00:00Z,171.809693,120.36,23.1939,0.0,974.44,854.08,1.0,True,3152;3158
CVS,Long,1313,2019-08-01T20:00:00Z,44.606174,2019-08-02T20:00:00Z,44.310398,-388.35,23.3201,-388.35,0.0,388.35,1.0,False,3151;3159
FB,Long,304,2019-08-01T20:00:00Z,192.387379,2019-08-02T20:00:00Z,189.277167,-945.5,22.9902,-1568.81,0.0,1568.81,1.0,False,3130;3160
IBM,Long,559,2019-08-01T20:00:00Z,105.275398,2019-08-02T20:00:00Z,105.367311,51.38,23.5214,-652.12,51.38,652.12,1.0,True,3140;3161
INTU,Short,230,2019-07-02T20:00:00Z,251.709839,2019-08-02T20:00:00Z,264.404335,-2919.73,23.6432,-4170.77,0.0,4170.77,31.0,False,3065;3162
JPM,Long,610,2019-08-01T20:00:00Z,95.607128,2019-08-02T20:00:00Z,93.426891,-1329.94,22.8437,-1329.94,0.0,1329.94,1.0,False,3132;3163
BSX,Long,1381,2019-08-01T20:00:00Z,42.48,2019-08-02T20:00:00Z,42.66,248.58,23.5764,0.0,372.87,124.29,1.0,True,3156;3164
ORCL,Long,1159,2019-08-01T20:00:00Z,50.612391,2019-08-02T20:00:00Z,50.46858,-166.68,23.2764,-489.61,0.0,489.61,1.0,False,3138;3165
TJX,Short,1182,2019-08-01T20:00:00Z,49.728935,2019-08-02T20:00:00Z,47.783416,2299.6,22.5555,0.0,2514.52,214.92,1.0,True,3153;3166
DUK,Short,888,2019-06-04T20:00:00Z,64.372432,2019-08-02T20:00:00Z,65.818246,-1283.88,34.9688,-2787.29,192.92,2980.2,59.0,False,2973;3176
CL,Long,965,2019-08-01T20:00:00Z,60.700981,2019-08-02T20:00:00Z,60.421331,-269.86,35.0171,-351.64,0.0,351.64,1.0,False,3154;3177
SPY,Short,514,2019-07-26T20:00:00Z,270.889674,2019-08-02T20:00:00Z,264.666155,3198.89,27.0929,-574.04,3772.93,1259.19,7.0,True,3117;3178
BA,Long,175,2019-08-01T20:00:00Z,335.760523,2019-08-06T20:00:00Z,328.050358,-1349.28,22.9202,-1854.61,0.0,1854.61,5.0,False,3137;3179
CI,Short,389,2019-08-02T20:00:00Z,150.984527,2019-08-06T20:00:00Z,146.604384,1703.88,22.9726,0.0,3103.36,1651.39,4.0,True,3174;3180
CB,Short,438,2019-08-02T20:00:00Z,134.306806,2019-08-09T20:00:00Z,139.578082,-2308.82,24.205,-3112.06,1206.79,4318.85,7.0,False,3172;3181
SPY,Short,228,2019-07-26T20:00:00Z,270.889674,2019-08-14T20:00:00Z,259.433356,2612.04,11.6597,-254.63,3480.67,2012.42,19.0,True,3117;3184
JNJ,Long,551,2019-07-23T20:00:00Z,106.026845,2019-08-14T20:00:00Z,109.210042,1753.94,23.5464,0.0,2203.79,1435.87,22.0,True,3099;3185
WFC,Long,1468,2019-08-01T20:00:00Z,39.985377,2019-08-14T20:00:00Z,37.588256,-3518.97,22.1861,-4805.92,0.0,4805.92,13.0,False,3136;3186
SPY,Short,30,2019-07-26T20:00:00Z,270.889674,2019-08-14T20:00:00Z,259.433356,343.69,7.2618,-33.5,457.98,264.79,19.0,True,3117;3187
SPY,Short,112,2019-08-09T20:00:00Z,263.522325,2019-08-14T20:00:00Z,259.433356,457.96,11.7667,-950.23,884.66,448.89,5.0,True,3182;3187
KO,Long,1386,2019-08-01T20:00:00Z,42.440446,2019-08-26T20:00:00Z,43.373203,1292.8,23.7541,-1259.37,2128.66,1259.37,25.0,True,3134;3196
NFLX,Long,1908,2019-07-24T20:00:00Z,31.05,2019-08-26T20:00:00Z,29.5,-2957.4,23.389,-3636.65,4823.42,8460.07,33.0,False,3101;3197
PEP,Long,575,2019-08-01T20:00:00Z,102.253643,2019-08-26T20:00:00Z,104.27831,1164.18,23.9143,-1778.36,2502.54,1778.36,25.0,True,3139;3198
UNH,Long,267,2019-08-01T20:00:00Z,219.702699,2019-08-26T20:00:00Z,205.225721,-3865.35,22.6196,-4359.7,202.45,4562.15,25.0,False,3133;3199
UPS,Long,678,2019-08-02T20:00:00Z,86.449081,2019-08-26T20:00:00Z,84.454279,-1352.48,23.3178,-2343.55,442.59,2786.14,24.0,False,3168;3200
SPY,Short,112,2019-08-09T20:00:00Z,263.522325,2019-08-26T20:00:00Z,258.703826,539.67,63.2908,-950.23,884.66,864.48,17.0,True,3182;3202
SPY,Short,249,2019-08-21T20:00:00Z,263.414246,2019-08-26T20:00:00Z,258.703826,1172.89,13.1171,-2139.47,1939.87,1368.0,5.0,True,3189;3202
SPY,Short,172,2019-08-21T20:00:00Z,263.414246,2019-08-26T20:00:00Z,258.703826,810.19,9.0608,-1477.86,1339.99,944.97,5.0,True,3191;3202
SPY,Short,222,2019-08-23T20:00:00Z,262.045252,2019-08-26T20:00:00Z,258.703826,741.8,11.3909,-2211.39,1425.61,0.0,3.0,True,3195;3202
SPY,Long,465,2019-08-26T20:00:00Z,258.703826,2019-08-28T20:00:00Z,257.677081,-477.44,24.1977,-477.44,691.03,1168.46,2.0,False,3202;3211
ABBV,Short,1173,2019-08-01T20:00:00Z,50.233305,2019-08-28T20:00:00Z,49.227287,1180.06,23.226,-554.8,3460.92,4015.72,27.0,True,3147;3212
ABT,Long,786,2019-08-21T20:00:00Z,74.81255,2019-08-28T20:00:00Z,73.17663,-1285.83,23.3828,-2163.79,0.0,2163.79,7.0,False,3188;3213
ADBE,Long,202,2019-08-23T20:00:00Z,289.23,2019-08-28T20:00:00Z,286.55,-541.36,22.8086,-1434.2,44.44,1478.64,5.0,False,3192;3214
UBER,Short,1745,2019-08-26T20:00:00Z,33.67,2019-08-28T20:00:00Z,32.56,1936.95,22.9991,0.0,1936.95,0.0,2.0,True,3201;3215
GOOGL,Short,972,2019-08-01T20:00:00Z,60.307631,2019-08-28T20:00:00Z,57.694497,2539.97,22.9688,0.0,3083.49,2476.42,27.0,True,3129;3216
PYPL,Short,537,2019-08-01T20:00:00Z,109.231858,2019-08-28T20:00:00Z,105.533106,1986.23,11.415,0.0,4105.23,3770.65,27.0,True,3142;3217
AAPL,Long,1153,2019-08-01T20:00:00Z,51.085456,2019-09-03T20:00:00Z,49.518483,-1806.72,22.838,-5691.45,0.0,5691.45,33.0,False,3128;3218
AMGN,Short,391,2019-08-01T20:00:00Z,149.792979,2019-09-03T20:00:00Z,167.768636,-7028.48,24.6955,-7446.18,1539.64,8985.82,33.0,False,3145;3219
BLK,Long,165,2019-08-23T20:00:00Z,349.566749,2019-09-03T20:00:00Z,352.96231,560.27,22.7723,-1586.73,777.46,1586.73,11.0,True,3194;3220
CL,Short,971,2019-08-02T20:00:00Z,60.421331,2019-09-03T20:00:00Z,62.429726,-1950.15,12.2292,-2476.77,2057.12,4533.9,32.0,False,3177;3221
COP,Short,1297,2019-08-02T20:00:00Z,45.335198,2019-09-03T20:00:00Z,39.266404,7871.23,21.6504,0.0,8489.75,3022.79,32.0,True,3173;3222
SPGI,Long,269,2019-08-01T20:00:00Z,226.490801,2019-09-03T20:00:00Z,231.354816,1308.42,24.723,-2482.04,2410.23,2482.04,33.0,True,3155;3223
PNC,Long,542,2019-08-02T20:00:00Z,108.328035,2019-09-03T20:00:00Z,99.933063,-4550.08,22.4719,-6468.58,0.0,6468.58,32.0,False,3175;3224
TMO,Short,215,2019-08-01T20:00:00Z,274.046778,2019-09-03T20:00:00Z,278.930489,-1050.0,23.6709,-1604.51,2317.16,3921.68,33.0,False,3146;3225
UTX,Short,973,2019-08-01T20:00:00Z,60.17359,2019-09-03T20:00:00Z,58.424648,1701.72,22.9766,0.0,3985.86,2977.77,33.0,True,3144;3226
V,Short,347,2019-08-01T20:00:00Z,170.214178,2019-09-03T20:00:00Z,171.705822,-517.6,23.6441,-732.14,3397.99,4130.12,33.0,False,3131;3227
VZ,Long,1587,2019-08-02T20:00:00Z,36.827369,2019-09-03T20:00:00Z,38.814963,3154.31,35.8355,0.0,3271.14,1147.02,32.0,True,3167;3231
NEE,Long,1253,2019-08-28T20:00:00Z,46.82242,2019-09-03T20:00:00Z,45.913838,-1138.45,35.5519,-1138.45,636.27,1774.73,6.0,False,3210;3235
MDLZ,Long,1304,2019-08-02T20:00:00Z,44.846177,2019-09-03T20:00:00Z,46.062544,1586.14,35.7431,-1356.42,2384.68,1914.31,32.0,True,3169;3242
ADP,Short,421,2019-08-02T20:00:00Z,138.988527,2019-09-03T20:00:00Z,142.175288,-1341.63,35.1913,-2258.64,1512.9,3771.54,32.0,False,3171;3246
AVGO,Short,2470,2019-09-03T20:00:00Z,23.500187,2019-09-04T20:00:00Z,23.398633,250.84,23.0967,-626.06,250.84,626.06,1.0,True,3234;3255
UNP,Short,410,2019-08-23T20:00:00Z,140.739566,2019-09-04T20:00:00Z,137.044037,1515.17,22.4401,0.0,2670.05,1917.94,12.0,True,3193;3256
QCOM,Short,887,2019-09-03T20:00:00Z,65.14954,2019-09-05T20:00:00Z,66.100009,-843.07,23.2009,-1671.08,0.0,1671.08,2.0,False,3238;3258
PM,Short,986,2019-08-01T20:00:00Z,60.010896,2019-09-11T20:00:00Z,53.037849,6875.42,22.1024,-470.05,8867.89,3346.51,41.0,True,3141;3261
SPY,Long,236,2019-09-06T20:00:00Z,268.584,2019-09-11T20:00:00Z,268.836183,59.52,84.33,-17.0,433.61,374.1,5.0,True,3260;3262
MMM,Short,661,2019-09-03T20:00:00Z,88.449454,2019-09-12T20:00:00Z,93.069211,-3053.66,23.8519,-3325.34,489.02,3814.36,9.0,False,3239;3263
SPY,Long,288,2019-09-06T20:00:00Z,268.584,2019-09-12T20:00:00Z,271.312981,785.95,15.6302,-20.75,798.92,456.52,6.0,True,3260;3264
MO,Short,2186,2019-08-01T20:00:00Z,27.097016,2019-09-16T20:00:00Z,24.124319,6498.32,22.4709,-548.69,6587.29,2032.66,46.0,True,3149;3265
SPY,Long,224,2019-09-06T20:00:00Z,268.584,2019-09-16T20:00:00Z,270.016039,320.78,12.1112,-16.14,621.38,355.07,10.0,True,3260;3266
SPY,Long,253,2019-09-06T20:00:00Z,268.584,2019-09-24T20:00:00Z,270.909761,588.42,13.546,-221.95,701.83,923.78,18.0,True,3260;3268
MSFT,Short,452,2019-09-03T20:00:00Z,128.246985,2019-09-24T20:00:00Z,131.641454,-1534.3,23.2415,-1989.06,131.75,2120.82,21.0,False,3228;3269
ADP,Long,407,2019-09-03T20:00:00Z,142.175288,2019-09-26T20:00:00Z,138.182777,-1624.95,11.3195,-3174.47,1904.12,5078.6,23.0,False,3246;3296
ZTS,Long,495,2019-09-03T20:00:00Z,117.899122,2019-09-26T20:00:00Z,116.749388,-569.12,23.4218,-3002.91,1064.2,4067.11,23.0,False,3252;3297
AMT,Short,334,2019-08-01T20:00:00Z,174.030289,2019-09-26T20:00:00Z,184.369195,-3453.19,24.0886,-8564.96,0.0,8564.96,56.0,False,3148;3298
AXP,Long,531,2019-09-03T20:00:00Z,109.535112,2019-09-26T20:00:00Z,109.342736,-102.15,23.0094,-1357.16,535.08,1892.24,23.0,False,3237;3299
BMY,Long,1580,2019-09-03T20:00:00Z,36.975988,2019-09-26T20:00:00Z,38.572573,2522.6,23.888,0.0,3205.05,889.61,23.0,True,3243;3300
CME,Short,354,2019-09-03T20:00:00Z,164.197405,2019-09-26T20:00:00Z,163.798209,141.32,23.3762,-1883.1,3445.16,3668.24,23.0,True,3244;3301
CVS,Long,1188,2019-08-21T20:00:00Z,49.706306,2019-09-26T20:00:00Z,50.106003,474.84,23.4077,-2858.54,2013.32,2858.54,36.0,True,3190;3302
DIS,Short,443,2019-09-03T20:00:00Z,131.499358,2019-09-26T20:00:00Z,128.47306,1340.65,22.8508,-1327.84,2194.57,1327.84,23.0,True,3230;3303
DUK,Long,895,2019-08-02T20:00:00Z,65.818246,2019-09-26T20:00:00Z,72.87133,6312.51,13.0372,-603.42,6339.62,1246.93,55.0,True,3176;3304
EPD,Short,3475,2019-09-03T20:00:00Z,16.794204,2019-09-26T20:00:00Z,16.95978,-575.38,23.3522,-1767.24,61.65,1828.88,23.0,False,3250;3305
GS,Short,338,2019-09-03T20:00:00Z,170.897716,2019-09-26T20:00:00Z,177.653742,-2283.54,23.392,-5400.06,0.0,5400.06,23.0,False,3247;3306
HD,Short,307,2019-09-03T20:00:00Z,189.325923,2019-09-26T20:00:00Z,193.19903,-1189.04,23.3705,-2299.47,610.88,2910.34,23.0,False,3229;3307
INTC,Short,1332,2019-08-01T20:00:00Z,44.025043,2019-09-26T20:00:00Z,44.725855,-933.48,23.3924,-3305.72,6101.44,9407.17,56.0,False,3135;3308
FISV,Long,547,2019-09-03T20:00:00Z,107.09,2019-09-26T20:00:00Z,104.19,-1586.3,23.0736,-2784.23,880.67,3664.9,23.0,False,3248;3309
MCD,Short,316,2019-09-03T20:00:00Z,184.851778,2019-09-26T20:00:00Z,181.704896,994.41,23.0367,-562.88,2822.42,1828.01,23.0,True,3232;3310
MDLZ,Short,1265,2019-09-03T20:00:00Z,46.062544,2019-09-26T20:00:00Z,46.557479,-626.09,11.8194,-1825.22,912.61,1825.22,23.0,False,3242;3311
MS,Long,1691,2019-08-02T20:00:00Z,34.498788,2019-09-26T20:00:00Z,34.716981,368.96,23.1628,-4905.87,3375.35,4905.87,55.0,True,3170;3312
NEE,Short,1274,2019-09-03T20:00:00Z,45.913838,2019-09-26T20:00:00Z,48.259785,-2988.74,12.3891,-3451.22,184.46,3635.67,23.0,False,3235;3313
PCLN,Short,762,2019-09-03T20:00:00Z,76.449898,2019-09-26T20:00:00Z,77.91594,-1117.12,23.3443,-3599.09,0.0,3599.09,23.0,False,3240;3314
SBUX,Short,709,2019-09-03T20:00:00Z,82.49297,2019-09-26T20:00:00Z,77.718952,3384.78,22.6343,0.0,4246.14,1298.1,23.0,True,3233;3315
UPS,Short,662,2019-09-03T20:00:00Z,87.75071,2019-09-26T20:00:00Z,88.750081,-661.58,23.2818,-2562.4,0.0,2562.4,23.0,False,3236;3316
VZ,Short,1506,2019-09-03T20:00:00Z,38.814963,2019-09-26T20:00:00Z,40.247101,-2156.8,12.1829,-2529.7,0.0,2529.7,23.0,False,3231;3317
SPY,Long,332,2019-09-06T20:00:00Z,268.584,2019-09-26T20:00:00Z,269.290147,234.44,22.412,-291.25,920.97,1212.23,20.0,True,3260;3318
CAT,Long,565,2019-09-03T20:00:00Z,102.629769,2019-09-27T20:00:00Z,110.551151,4475.58,23.9635,0.0,7810.13,3831.29,24.0,True,3249;3319
INTU,Long,213,2019-09-03T20:00:00Z,271.308041,2019-09-27T20:00:00Z,258.004618,-2833.63,22.1744,-4480.33,1417.83,5898.16,24.0,False,3245;3320
USB,Short,1489,2019-09-03T20:00:00Z,39.127447,2019-09-27T20:00:00Z,41.780417,-3950.27,23.9875,-4091.6,0.0,4091.6,24.0,False,3241;3321
SPY,Short,85,2019-09-26T20:00:00Z,269.290147,2019-09-27T20:00:00Z,269.51635,-19.23,92.8536,-19.23,170.74,189.97,1.0,False,3318;3322
ANTM,Long,218,2019-08-01T20:00:00Z,268.132092,2019-09-30T20:00:00Z,216.734582,-11204.66,21.2005,-11204.66,0.0,11204.66,60.0,False,3150;3323
CRM,Short,387,2019-08-01T20:00:00Z,151.831505,2019-09-30T20:00:00Z,145.178512,2574.71,22.7235,-501.27,5700.05,6201.33,60.0,True,3143;3324
AAPL,Short,1101,2019-09-26T20:00:00Z,52.697998,2019-10-02T20:00:00Z,53.459931,-838.89,23.1539,-1226.68,295.46,1522.13,6.0,False,3289;3327
UBER,Short,1842,2019-09-26T20:00:00Z,31.72,2019-10-02T20:00:00Z,28.67,5618.1,22.314,0.0,5618.1,331.56,6.0,True,3294;3328
SPGI,Short,256,2019-09-26T20:00:00Z,226.387786,2019-10-02T20:00:00Z,215.080435,2894.68,22.4836,0.0,3979.05,1084.36,6.0,True,3293;3329
IBM,Short,569,2019-09-26T20:00:00Z,102.41686,2019-10-02T20:00:00Z,101.715816,398.89,23.2205,-911.76,602.41,911.76,6.0,True,3290;3330
FIS,Long,509,2019-09-26T20:00:00Z,114.497057,2019-10-02T20:00:00Z,111.57617,-1486.73,22.9157,-1870.4,0.0,1870.4,6.0,False,3291;3331
EL,Short,330,2019-09-26T20:00:00Z,177.016139,2019-10-02T20:00:00Z,178.311957,-427.62,34.6158,-1496.67,587.22,1496.67,6.0,False,3292;3356
FISV,Long,562,2019-10-02T20:00:00Z,102.27,2019-10-03T20:00:00Z,101.03,-696.88,22.9307,-696.88,438.36,1135.24,1.0,False,3357;3383
SPY,Long,193,2019-09-27T20:00:00Z,269.51635,2019-10-07T20:00:00Z,265.562322,-763.13,10.236,-1713.11,0.0,1713.11,10.0,False,3322;3409
PEP,Short,526,2019-10-02T20:00:00Z,109.870843,2019-10-10T20:00:00Z,110.04742,-92.88,22.9522,-1431.19,0.0,1431.19,8.0,False,3335;3437
EL,Long,322,2019-10-02T20:00:00Z,178.311957,2019-10-11T20:00:00Z,174.835148,-1119.53,11.3922,-1854.13,805.12,2659.26,9.0,False,3356;3452
TMO,Short,205,2019-10-02T20:00:00Z,279.677805,2019-10-11T20:00:00Z,280.315644,-130.76,22.658,-1466.49,2631.23,2761.99,9.0,False,3347;3453
KO,Long,1310,2019-10-02T20:00:00Z,43.90901,2019-10-16T20:00:00Z,43.285326,-817.03,22.6157,-965.58,350.15,1315.73,14.0,False,3334;3500
NVDA,Short,13441,2019-10-02T20:00:00Z,4.295374,2019-10-17T20:00:00Z,4.863062,-7630.29,24.5003,-7753.69,0.0,7753.69,15.0,False,3352;3519
ADP,Short,424,2019-10-02T20:00:00Z,135.397658,2019-10-21T20:00:00Z,139.749939,-1845.37,23.0147,-1874.26,956.99,2831.25,19.0,False,3358;3559
ADBE,Long,212,2019-10-02T20:00:00Z,271.18,2019-10-25T20:00:00Z,267.8,-716.56,22.7959,-2139.08,1740.52,3879.6,23.0,False,3338;3619
AMT,Long,315,2019-10-02T20:00:00Z,183.628857,2019-10-25T20:00:00Z,185.142807,476.89,22.881,-1082.18,2266.56,3348.74,23.0,True,3354;3620
COST,Long,225,2019-10-02T20:00:00Z,257.248944,2019-10-25T20:00:00Z,268.475145,2525.9,23.7716,0.0,4011.6,1485.7,23.0,True,3340;3621
CRM,Long,400,2019-10-02T20:00:00Z,143.323916,2019-10-25T20:00:00Z,144.265933,376.81,23.1351,-1464.05,2621.95,4086.0,23.0,True,3339;3622
DUK,Long,789,2019-10-08T20:00:00Z,73.416502,2019-10-25T20:00:00Z,72.894046,-412.22,22.8835,-1170.94,0.0,1170.94,17.0,False,3410;3623
INTU,Short,228,2019-10-08T20:00:00Z,252.308585,2019-10-25T20:00:00Z,246.914275,1229.9,22.5129,-1892.01,2489.96,2832.96,17.0,True,3411;3624
JPM,Long,605,2019-10-02T20:00:00Z,95.126316,2019-10-25T20:00:00Z,104.453537,5642.97,24.1028,-1020.25,6163.69,1415.55,23.0,True,3332;3625
LMT,Short,182,2019-10-02T20:00:00Z,317.524396,2019-10-25T20:00:00Z,310.588868,1262.27,22.6148,-625.09,1813.38,1029.74,23.0,True,3350;3626
MDT,Short,651,2019-10-02T20:00:00Z,88.97677,2019-10-25T20:00:00Z,86.89472,1355.41,22.6488,-235.72,1944.73,1875.08,23.0,True,3337;3627
PYPL,Long,572,2019-10-02T20:00:00Z,100.697037,2019-10-25T20:00:00Z,103.307921,1493.43,23.4106,-2930.28,3037.76,3954.18,23.0,True,3342;3628
QCOM,Long,898,2019-10-02T20:00:00Z,64.375184,2019-10-25T20:00:00Z,67.574269,2872.78,23.6828,-1851.18,3771.48,3564.09,23.0,True,3355;3629
SBUX,Short,784,2019-10-02T20:00:00Z,73.578048,2019-10-25T20:00:00Z,71.191039,1871.41,22.4972,-476.24,2186.67,1368.35,23.0,True,3353;3630
WMT,Short,1624,2019-10-02T20:00:00Z,35.576438,2019-10-25T20:00:00Z,36.061296,-787.41,23.1459,-1397.65,536.42,1934.07,23.0,False,3333;3631
AMGN,Short,371,2019-10-02T20:00:00Z,156.664991,2019-10-28T20:00:00Z,164.426212,-2879.41,23.673,-3431.88,288.24,3720.12,26.0,False,3348;3653
AVGO,Short,2492,2019-10-02T20:00:00Z,23.162483,2019-10-28T20:00:00Z,24.6617,-3736.05,23.7089,-3818.37,660.67,4479.04,26.0,False,3351;3654
NEE,Short,1191,2019-10-02T20:00:00Z,48.616503,2019-10-28T20:00:00Z,49.625806,-1202.08,23.1084,-1464.49,1037.14,2501.63,26.0,False,3349;3655
NFLX,Short,2152,2019-10-02T20:00:00Z,26.388,2019-10-28T20:00:00Z,27.805,-3049.38,23.6673,-6341.94,0.0,6341.94,26.0,False,3346;3656
BSX,Long,1371,2019-09-03T20:00:00Z,42.5,2019-10-28T20:00:00Z,40.85,-2262.15,22.8244,-6347.73,1302.45,7650.18,55.0,False,3253;3657
PM,Long,1030,2019-10-02T20:00:00Z,56.293567,2019-10-28T20:00:00Z,59.309682,3106.6,23.6623,-1087.68,3173.65,1422.93,26.0,True,3345;3658
SO,Long,1330,2019-09-03T20:00:00Z,44.069564,2019-10-28T20:00:00Z,46.194401,2826.03,24.2938,0.0,3791.51,1357.7,55.0,True,3251;3659
TXN,Short,548,2019-10-02T20:00:00Z,104.685883,2019-10-28T20:00:00Z,99.585675,2794.91,22.2547,-1997.01,3989.51,3024.82,26.0,True,3344;3660
UTX,Short,941,2019-10-21T20:00:00Z,62.738273,2019-10-28T20:00:00Z,65.054009,-2179.11,24.0462,-2251.74,0.0,2251.74,7.0,False,3561;3661
CL,Short,936,2019-09-30T20:00:00Z,61.989066,2019-10-29T20:00:00Z,57.282106,4405.71,22.5044,0.0,4493.52,1229.44,29.0,True,3325;3676
CME,Long,385,2019-10-28T20:00:00Z,153.74096,2019-10-29T20:00:00Z,153.252966,-187.88,23.5822,-187.88,0.0,187.88,1.0,False,3667;3677
TGT,Short,655,2019-10-28T20:00:00Z,90.105927,2019-10-29T20:00:00Z,90.18021,-48.66,23.5559,-48.66,556.84,605.49,1.0,False,3674;3678
MMM,Long,647,2019-10-28T20:00:00Z,91.233364,2019-10-29T20:00:00Z,92.082786,549.58,23.953,0.0,794.23,244.65,1.0,True,3665;3679
MRK,Short,934,2019-10-28T20:00:00Z,63.509791,2019-10-29T20:00:00Z,64.500332,-925.17,23.9897,-1714.07,0.0,1714.07,1.0,False,3662;3680
PNC,Short,509,2019-10-28T20:00:00Z,116.626846,2019-10-29T20:00:00Z,116.153138,241.12,23.7951,-229.06,241.12,229.06,1.0,True,3670;3681
ACN,Long,348,2019-10-02T20:00:00Z,165.57783,2019-11-01T20:00:00Z,164.841239,-256.33,22.877,-1878.48,397.72,2276.21,30.0,False,3341;3682
BA,Short,156,2019-10-15T20:00:00Z,368.226589,2019-11-01T20:00:00Z,336.995819,4872.0,22.0828,0.0,6401.44,2755.15,17.0,True,3470;3683
CCI,Long,570,2019-10-28T20:00:00Z,103.414126,2019-11-01T20:00:00Z,102.379765,-589.59,23.1502,-1484.42,0.0,1484.42,4.0,False,3672;3684
ISRG,Long,322,2019-10-28T20:00:00Z,182.739982,2019-11-01T20:00:00Z,185.819981,991.76,24.0002,0.0,1196.77,361.71,4.0,True,3669;3685
HON,Long,412,2019-10-02T20:00:00Z,138.784448,2019-11-01T20:00:00Z,149.184294,4284.74,23.778,-1241.34,4905.41,1766.79,30.0,True,3343;3686
MCD,Long,327,2019-10-02T20:00:00Z,176.369615,2019-11-01T20:00:00Z,167.76022,-2815.27,22.201,-4479.47,1359.1,5838.57,30.0,False,3336;3687
ORCL,Short,1145,2019-10-17T20:00:00Z,50.567284,2019-11-01T20:00:00Z,49.483893,1240.48,22.7587,0.0,1964.1,940.7,15.0,True,3521;3688
PCLN,Long,734,2019-10-28T20:00:00Z,80.21894,2019-11-01T20:00:00Z,79.070175,-843.19,23.4549,-843.19,0.0,843.19,4.0,False,3666;3689
T,Long,3041,2019-10-17T20:00:00Z,19.031796,2019-11-01T20:00:00Z,19.58978,1696.83,23.4652,-1589.82,1696.83,2507.03,15.0,True,3520;3690
TMUS,Short,764,2019-10-28T20:00:00Z,77.880723,2019-11-01T20:00:00Z,78.532879,-498.25,23.809,-628.23,454.92,1083.15,4.0,False,3668;3691
UNH,Short,271,2019-10-28T20:00:00Z,217.257464,2019-11-01T20:00:00Z,224.990717,-2095.71,23.9703,-2290.16,0.0,2290.16,4.0,False,3663;3692
V,Short,341,2019-10-15T20:00:00Z,169.432518,2019-11-01T20:00:00Z,171.734357,-784.93,23.3305,-898.45,2358.03,3256.48,17.0,False,3469;3693
CI,Long,382,2019-10-28T20:00:00Z,154.411293,2019-11-01T20:00:00Z,161.183875,2587.13,24.3458,0.0,2690.2,529.11,4.0,True,3673;3694
SPY,Long,1459,2019-09-27T20:00:00Z,269.51635,2019-11-01T20:00:00Z,275.895275,9306.85,94.8445,-12950.38,10917.4,12950.38,35.0,True,3322;3700
SPY,Long,253,2019-09-30T20:00:00Z,267.806256,2019-11-01T20:00:00Z,275.895275,2046.52,28.0873,-1813.03,2325.8,1813.03,32.0,True,3326;3700
PLD,Long,819,2019-11-01T20:00:00Z,72.539505,2019-11-05T21:00:00Z,71.81559,-592.89,23.357,-1536.11,0.0,1536.11,4.0417,False,3699;3701
SPY,Long,160,2019-09-30T20:00:00Z,267.806256,2019-11-05T21:00:00Z,278.302075,1679.33,8.8897,-1146.58,1679.33,1146.58,36.0417,True,3326;3702
SPY,Long,110,2019-09-30T20:00:00Z,267.806256,2019-11-12T21:00:00Z,279.360705,1270.99,16.1042,-788.27,1295.87,788.27,43.0417,True,3326;3703
SPY,Long,178,2019-10-28T20:00:00Z,274.076603,2019-11-12T21:00:00Z,279.360705,940.57,9.7697,-2391.69,980.83,196.49,15.0417,True,3675;3703
PG,Short,590,2019-10-21T20:00:00Z,98.929772,2019-11-12T21:00:00Z,100.757905,-1078.6,23.6944,-3732.84,0.0,3732.84,22.0417,False,3560;3704
SPGI,Long,257,2019-11-01T20:00:00Z,231.863111,2019-11-19T21:00:00Z,236.821224,1274.23,24.1403,-2021.36,1801.35,2021.36,18.0417,True,3697;3707
SPY,Long,361,2019-11-19T21:00:00Z,282.916616,2019-11-21T21:00:00Z,281.26081,-597.75,71.0224,-787.2,0.0,787.2,2.0,False,3706;3723
SPY,Long,541,2019-11-20T21:00:00Z,281.667976,2019-11-21T21:00:00Z,281.26081,-220.28,59.7244,-504.19,675.51,504.19,1.0,False,3715;3723
GILD,Short,1184,2019-11-21T21:00:00Z,50.247988,2019-11-25T21:00:00Z,50.579888,-392.97,24.3001,-1937.43,0.0,1937.43,4.0,False,3719;3728
MCD,Long,361,2019-11-20T21:00:00Z,164.206194,2019-11-25T21:00:00Z,164.503069,107.17,23.6403,-520.55,107.17,520.55,5.0,True,3709;3729
NEE,Short,1214,2019-11-20T21:00:00Z,48.96273,2019-11-25T21:00:00Z,49.073942,-135.01,23.8323,-458.53,198.7,458.53,5.0,False,3710;3730
NOC,Long,188,2019-11-20T21:00:00Z,315.139187,2019-11-25T21:00:00Z,312.286684,-536.27,23.554,-889.87,0.0,889.87,5.0,False,3713;3731
PNC,Long,495,2019-11-21T21:00:00Z,120.534934,2019-11-25T21:00:00Z,121.253391,355.64,23.8464,0.0,355.64,0.0,4.0,True,3721;3732
UNP,Short,390,2019-11-20T21:00:00Z,151.512608,2019-11-25T21:00:00Z,151.135242,147.17,23.6808,-1083.73,832.86,1916.59,5.0,True,3712;3733
SPY,Long,98,2019-11-20T21:00:00Z,281.667976,2019-11-25T21:00:00Z,282.292296,61.18,5.5574,-91.33,183.55,122.37,5.0,True,3715;3734
ANTM,Short,245,2019-10-28T20:00:00Z,241.750149,2019-11-27T21:00:00Z,263.70501,-5378.94,24.9415,-7436.06,0.0,7436.06,30.0417,False,3671;3746
AXP,Long,540,2019-11-21T21:00:00Z,109.696448,2019-11-27T21:00:00Z,110.349348,352.57,23.7481,-114.21,645.54,397.26,6.0,True,3716;3747
CL,Long,1035,2019-11-20T21:00:00Z,57.333273,2019-11-27T21:00:00Z,57.810837,494.28,23.8119,-458.97,494.28,458.97,7.0,True,3714;3748
CSCO,Short,1514,2019-11-01T20:00:00Z,38.479536,2019-11-27T21:00:00Z,37.320216,1755.21,22.9721,-2527.0,2439.87,2527.0,26.0417,True,3695;3749
LOW,Long,600,2019-11-01T20:00:00Z,98.820861,2019-11-27T21:00:00Z,104.18638,3219.31,24.5059,0.0,3431.11,1133.11,26.0417,True,3696;3750
MO,Short,2106,2019-11-21T21:00:00Z,28.16539,2019-11-27T21:00:00Z,28.781726,-1298.0,24.1429,-1616.38,0.0,1616.38,6.0,False,3718;3751
PCLN,Short,819,2019-11-21T21:00:00Z,72.33857,2019-11-27T21:00:00Z,73.966378,-1333.17,24.1914,-1763.59,0.0,1763.59,6.0,False,3717;3752
QCOM,Short,814,2019-11-25T21:00:00Z,73.356574,2019-11-27T21:00:00Z,72.843352,417.76,23.6858,0.0,786.79,369.02,2.0,True,3726;3753
TJX,Long,1090,2019-11-21T21:00:00Z,54.201739,2019-11-27T21:00:00Z,55.585886,1508.72,23.9976,0.0,1838.44,329.72,6.0,True,3720;3754
TXN,Short,610,2019-11-25T21:00:00Z,97.626154,2019-11-27T21:00:00Z,99.383243,-1071.82,24.3425,-1991.97,0.0,1991.97,2.0,False,3725;3755
VZ,Short,1464,2019-11-25T21:00:00Z,40.456262,2019-11-27T21:00:00Z,40.577976,-178.19,23.6555,-267.28,0.0,267.28,2.0,False,3724;3756
SPY,Long,423,2019-11-20T21:00:00Z,281.667976,2019-12-02T21:00:00Z,284.681,1274.51,39.4766,-394.22,1599.83,1469.7,12.0,True,3715;3757
SPY,Long,277,2019-11-25T21:00:00Z,282.292296,2019-12-02T21:00:00Z,284.681,661.67,15.7082,-431.09,874.71,962.43,7.0,True,3727;3757
AAPL,Short,926,2019-11-20T21:00:00Z,63.8509,2019-12-02T21:00:00Z,64.245026,-364.96,23.471,-478.46,870.12,1348.58,12.0,False,3708;3758
AVGO,Short,2202,2019-11-20T21:00:00Z,26.757216,2019-12-02T21:00:00Z,26.911373,-339.45,23.2167,-693.83,966.14,1305.59,12.0,False,3711;3759
COP,Short,1383,2019-11-01T20:00:00Z,43.12836,2019-12-02T21:00:00Z,46.685578,-4919.63,25.1919,-5787.8,0.0,5787.8,31.0417,False,3698;3760
ISRG,Long,310,2019-11-21T21:00:00Z,189.333314,2019-12-02T21:00:00Z,197.333314,2480.0,23.9568,0.0,2573.0,570.4,11.0,True,3722;3761
SPY,Long,570,2019-12-24T18:00:00Z,292.263603,2019-12-24T18:00:00Z,292.263603,0.0,89.5523,0.0,0.0,0.0,0.0,False,3771;3772
COST,Short,222,2019-12-24T18:00:00Z,267.529226,2019-12-26T21:00:00Z,268.057167,-117.2,23.8431,-367.77,0.0,367.77,2.125,False,3765;3773
EL,Long,315,2019-12-24T18:00:00Z,188.338077,2019-12-26T21:00:00Z,188.447852,34.58,23.7842,0.0,391.9,357.32,2.125,True,3768;3774
MDT,Long,633,2019-12-24T18:00:00Z,93.873291,2019-12-26T21:00:00Z,93.609873,-166.74,23.6382,-496.49,0.0,496.49,2.125,False,3763;3775
CI,Short,319,2019-12-24T18:00:00Z,185.75585,2019-12-26T21:00:00Z,183.939034,579.56,23.4345,0.0,616.86,37.3,2.125,True,3767;3776
SPY,Long,393,2019-12-24T18:00:00Z,292.263603,2019-12-30T21:00:00Z,293.636586,539.58,32.3475,-125.07,539.58,664.65,6.125,True,3771;3778
SPY,Long,161,2019-12-26T21:00:00Z,292.50001,2019-12-30T21:00:00Z,293.636586,182.99,9.4551,-89.3,182.99,260.58,4.0,True,3777;3778
ABBV,Short,864,2019-12-24T18:00:00Z,68.858412,2019-12-30T21:00:00Z,67.929128,802.9,23.4776,0.0,1237.26,434.36,6.125,True,3766;3779
BDX,Long,317,2019-12-24T18:00:00Z,187.352327,2019-12-30T21:00:00Z,186.749644,-191.05,23.6004,-659.99,0.0,659.99,6.125,False,3769;3780
CRM,Short,369,2019-12-24T18:00:00Z,160.250779,2019-12-30T21:00:00Z,161.771744,-561.24,23.5857,-604.69,315.02,876.25,6.125,False,3764;3781
PEP,Long,537,2019-10-28T20:00:00Z,109.597952,2019-12-30T21:00:00Z,110.486845,477.34,23.6484,-1969.71,1015.53,2236.93,63.0417,True,3664;3782
SPGI,Long,244,2019-12-24T18:00:00Z,242.9346,2020-01-02T21:00:00Z,245.374313,595.29,24.0009,0.0,1308.33,713.04,9.125,True,3770;3783
ZTS,Short,480,2020-01-02T21:00:00Z,123.591009,2020-01-03T21:00:00Z,123.815635,-107.82,24.1068,-947.92,0.0,947.92,1.0,False,3814;3820
MU,Short,1133,2020-01-02T21:00:00Z,53.466778,2020-01-03T21:00:00Z,52.97921,552.42,24.2886,0.0,552.42,0.0,1.0,True,3817;3821
CCI,Short,565,2020-01-02T21:00:00Z,105.350972,2020-01-03T21:00:00Z,104.255494,618.95,23.7658,-54.37,618.95,54.37,1.0,True,3818;3822
SO,Long,1222,2020-01-02T21:00:00Z,48.613286,2020-01-03T21:00:00Z,47.757875,-1045.31,23.3646,-1045.31,0.0,1045.31,1.0,False,3813;3823
TJX,Short,1062,2020-01-02T21:00:00Z,56.218378,2020-01-08T21:00:00Z,56.585039,-389.39,24.0685,-574.36,87.61,661.97,6.0,False,3811;3863
ANTM,Long,214,2020-01-02T21:00:00Z,277.307737,2020-01-17T21:00:00Z,279.506629,470.56,23.7736,-1162.68,994.06,2156.75,15.0,True,3809;3949
SPY,Long,163,2020-01-02T21:00:00Z,294.218513,2020-01-30T21:00:00Z,294.936828,117.09,24.4826,-173.41,1240.51,1252.37,28.0,True,3819;4097
ABBV,Long,872,2020-01-03T21:00:00Z,67.152186,2020-01-30T21:00:00Z,63.767324,-2951.6,22.799,-3496.88,1531.81,5028.69,27.0,False,3825;4098
BA,Long,183,2020-01-02T21:00:00Z,326.606791,2020-01-30T21:00:00Z,318.445349,-1493.54,23.8902,-3556.49,1588.14,5144.63,28.0,False,3789;4099
CME,Short,382,2020-01-02T21:00:00Z,155.820491,2020-01-30T21:00:00Z,165.156858,-3566.49,24.8991,-5229.87,0.0,5229.87,28.0,False,3812;4100
COST,Long,224,2020-01-03T21:00:00Z,264.015692,2020-01-30T21:00:00Z,281.119139,3831.17,24.5162,0.0,4732.38,901.21,27.0,True,3826;4101
CVS,Long,995,2020-01-03T21:00:00Z,58.974632,2020-01-30T21:00:00Z,56.834572,-2129.36,23.0408,-2435.95,2268.01,4703.96,27.0,False,3828;4102
EPD,Short,3511,2020-01-02T21:00:00Z,16.955473,2020-01-30T21:00:00Z,16.185331,2703.97,23.2634,-1731.03,2703.97,1731.03,28.0,True,3815;4103
HD,Long,321,2020-01-02T21:00:00Z,185.825312,2020-01-30T21:00:00Z,196.398672,3394.05,24.5899,-269.02,3942.97,668.48,28.0,True,3787;4104
MCD,Long,352,2020-01-02T21:00:00Z,169.023136,2020-01-30T21:00:00Z,182.681571,4807.77,25.0587,0.0,5462.83,1225.98,28.0,True,3793;4105
MDLZ,Long,1273,2020-01-02T21:00:00Z,46.66656,2020-01-30T21:00:00Z,47.463265,1014.21,24.4121,-1229.99,4035.24,3021.04,28.0,True,3808;4106
MRK,Long,845,2020-01-02T21:00:00Z,70.416401,2020-01-30T21:00:00Z,67.285237,-2645.83,23.3278,-3344.86,365.84,3710.7,28.0,False,3788;4107
PM,Long,952,2020-01-02T21:00:00Z,62.70196,2020-01-30T21:00:00Z,61.015438,-1605.57,23.6745,-1605.57,2422.32,4027.88,28.0,False,3798;4108
SCHW,Short,1372,2020-01-02T21:00:00Z,43.506131,2020-01-30T21:00:00Z,41.356331,2949.53,23.8512,-1549.75,2949.53,2487.1,28.0,True,3816;4109
TMO,Long,186,2020-01-02T21:00:00Z,320.090696,2020-01-30T21:00:00Z,312.923021,-1333.19,23.604,-1333.19,2565.93,3899.12,28.0,False,3799;4110
USB,Long,1325,2020-01-03T21:00:00Z,44.296405,2020-01-30T21:00:00Z,40.303212,-5290.98,22.6418,-5290.98,0.0,5290.98,27.0,False,3829;4111
VZ,Long,1440,2020-01-03T21:00:00Z,40.861974,2020-01-30T21:00:00Z,40.105249,-1089.68,23.4426,-1089.68,878.0,1967.69,27.0,False,3824;4112
AAPL,Short,842,2020-01-02T21:00:00Z,71.199917,2020-02-04T21:00:00Z,75.818888,-3889.17,25.0591,-5679.97,0.0,5679.97,33.0,False,3784;4137
ACN,Long,319,2020-01-02T21:00:00Z,186.172596,2020-02-04T21:00:00Z,186.130098,-13.56,23.856,-1951.85,701.78,1951.85,33.0,False,3797;4138
AMGN,Short,302,2020-01-02T21:00:00Z,197.967532,2020-02-04T21:00:00Z,179.857169,5469.33,22.7291,0.0,6630.61,1417.15,33.0,True,3795;4139
BDX,Short,304,2020-01-31T21:00:00Z,191.447834,2020-02-04T21:00:00Z,194.009238,-778.67,23.303,-1022.26,47.89,1070.15,4.0,False,4132;4140
CRM,Long,372,2020-01-02T21:00:00Z,160.849352,2020-02-04T21:00:00Z,184.478271,8789.96,25.945,0.0,8914.07,1664.54,33.0,True,3794;4141
DIS,Long,424,2020-01-02T21:00:00Z,140.867837,2020-02-04T21:00:00Z,141.022967,65.78,24.0803,-3888.96,493.31,4382.27,33.0,True,3786;4142
FB,Long,272,2020-01-21T21:00:00Z,220.171274,2020-02-04T21:00:00Z,204.540976,-4251.44,23.2385,-5488.08,255.95,5744.03,14.0,False,3964;4143
HON,Long,390,2020-01-02T21:00:00Z,152.377469,2020-02-04T21:00:00Z,149.762433,-1019.86,23.8863,-1952.5,2039.73,3992.23,33.0,False,3801;4144
IBM,Short,612,2020-01-02T21:00:00Z,97.71306,2020-02-04T21:00:00Z,106.977706,-5669.96,25.2074,-6250.25,398.67,6648.92,33.0,False,3804;4145
INTC,Long,1000,2020-01-31T21:00:00Z,57.974905,2020-02-04T21:00:00Z,58.027834,52.93,22.8283,-1146.8,52.93,1146.8,4.0,True,4126;4146
JNJ,Short,487,2020-01-02T21:00:00Z,122.034579,2020-02-04T21:00:00Z,126.736261,-2289.72,24.2474,-2334.54,721.14,3055.67,33.0,False,3785;4147
TFC,Short,1159,2020-01-31T21:00:00Z,50.306788,2020-02-04T21:00:00Z,51.800665,-1731.4,23.5493,-1731.4,0.0,1731.4,4.0,False,4131;4148
NEE,Short,1163,2020-01-02T21:00:00Z,51.045205,2020-02-04T21:00:00Z,56.171454,-5961.83,24.6893,-6859.78,404.82,7264.6,33.0,False,3805;4149
BSX,Short,1350,2020-01-31T21:00:00Z,43.29,2020-02-04T21:00:00Z,42.83,621.0,22.8825,0.0,1444.5,891.0,4.0,True,4135;4150
QCOM,Short,775,2020-01-31T21:00:00Z,75.037361,2020-02-04T21:00:00Z,76.287266,-968.68,23.2803,-1255.94,380.79,1636.73,4.0,False,4129;4151
TMUS,Long,766,2020-01-31T21:00:00Z,76.169993,2020-02-04T21:00:00Z,75.754125,-318.55,23.269,-818.11,666.07,984.62,4.0,False,4134;4152
TXN,Short,559,2020-01-02T21:00:00Z,107.02492,2020-02-04T21:00:00Z,105.251899,991.12,23.8097,-2372.14,3525.05,3377.51,33.0,True,3803;4153
UTX,Long,851,2020-01-03T21:00:00Z,68.873479,2020-02-04T21:00:00Z,69.110769,201.93,23.7933,-388.33,1374.7,1763.04,32.0,True,3827;4154
PG,Long,564,2019-12-24T18:00:00Z,105.130259,2020-02-04T21:00:00Z,106.483688,763.33,35.5872,-1320.91,935.4,1938.6,42.125,True,3762;4156
WFC,Long,1340,2020-01-09T21:00:00Z,44.84286,2020-02-04T21:00:00Z,40.274283,-6121.89,34.2462,-7093.26,0.0,7093.26,26.0,False,3875;4160
ADBE,Short,180,2020-01-02T21:00:00Z,330.0,2020-02-04T21:00:00Z,363.43,-6017.4,37.1245,-6613.2,0.0,6613.2,33.0,False,3791;4161
NFLX,Short,1837,2020-01-02T21:00:00Z,32.543,2020-02-04T21:00:00Z,36.088,-6512.16,37.6527,-8005.65,0.0,8005.65,33.0,False,3796;4163
PYPL,Long,555,2020-01-02T21:00:00Z,108.262666,2020-02-04T21:00:00Z,116.69859,4681.94,37.3101,-389.7,5823.61,2195.52,33.0,True,3800;4165
MMM,Short,652,2020-01-31T21:00:00Z,89.546949,2020-02-04T21:00:00Z,88.314297,803.69,34.4348,0.0,1949.76,1146.07,4.0,True,4128;4175
ISRG,Short,308,2020-01-31T21:00:00Z,189.283314,2020-02-04T21:00:00Z,192.056647,-854.19,35.0693,-854.19,228.95,1083.13,4.0,False,4133;4181
SPY,Long,87,2020-01-02T21:00:00Z,294.218513,2020-02-04T21:00:00Z,298.301092,355.18,69.7737,-146.35,662.11,808.46,33.0,True,3819;4185
SPY,Long,832,2020-01-31T21:00:00Z,297.300906,2020-02-04T21:00:00Z,298.301092,832.16,48.6781,-3964.08,3767.39,2156.04,4.0,True,4136;4185
MO,Long,2015,2020-01-02T21:00:00Z,29.660425,2020-02-05T21:00:00Z,27.49707,-4359.16,22.751,-4704.56,1262.49,5967.05,34.0,False,3806;4209
SPY,Short,247,2020-02-04T21:00:00Z,298.301092,2020-02-05T21:00:00Z,302.138172,-947.76,15.7987,-1075.77,0.0,1075.77,1.0,False,4185;4210
ZTS,Short,446,2020-02-05T21:00:00Z,131.183682,2020-02-06T21:00:00Z,129.309094,836.07,23.1473,0.0,836.07,0.0,1.0,True,4207;4211
LMT,Short,161,2020-02-05T21:00:00Z,361.687827,2020-02-06T21:00:00Z,363.557533,-301.02,23.4978,-759.28,0.0,759.28,1.0,False,4194;4212
PG,Short,548,2020-02-04T21:00:00Z,106.483688,2020-02-06T21:00:00Z,107.483694,-548.0,11.809,-691.97,0.0,691.97,2.0,False,4156;4213
LLY,Long,488,2020-01-02T21:00:00Z,121.999399,2020-02-07T21:00:00Z,136.618588,7134.16,25.1878,0.0,7134.16,1468.4,36.0,True,3802;4215
SPY,Long,14,2020-02-05T21:00:00Z,302.138172,2020-02-07T21:00:00Z,302.610987,6.62,26.7622,-1.15,21.51,22.66,2.0,True,4210;4216
ABBV,Short,893,2020-02-05T21:00:00Z,65.596967,2020-02-10T21:00:00Z,71.363819,-5149.8,25.0093,-6745.75,0.0,6745.75,5.0,False,4195;4217
LOW,Long,562,2020-01-02T21:00:00Z,105.942528,2020-02-10T21:00:00Z,107.17438,692.3,24.0259,-1629.3,1594.04,3223.33,39.0,True,3807;4218
NKE,Short,653,2020-01-02T21:00:00Z,91.109851,2020-02-12T21:00:00Z,90.597594,334.5,24.0843,-1877.92,3004.67,3955.36,41.0,True,3792;4219
UNH,Long,233,2020-02-05T21:00:00Z,253.964259,2020-02-12T21:00:00Z,262.323027,1947.59,24.8302,0.0,3704.57,1756.98,7.0,True,4188;4220
PM,Long,949,2020-02-05T21:00:00Z,61.301414,2020-02-13T21:00:00Z,65.143751,3646.38,24.0438,0.0,4063.9,1071.65,8.0,True,4192;4222
SPY,Short,300,2020-02-07T21:00:00Z,302.610987,2020-02-13T21:00:00Z,305.438787,-848.34,18.3885,-1257.51,0.0,1257.51,6.0,False,4216;4223
SPY,Short,129,2020-02-07T21:00:00Z,302.610987,2020-02-14T21:00:00Z,306.857234,-547.77,17.1901,-561.84,0.0,561.84,7.0,False,4216;4224
SPY,Short,151,2020-02-12T21:00:00Z,306.293492,2020-02-14T21:00:00Z,306.857234,-85.12,9.2654,-101.6,556.06,230.66,2.0,False,4221;4224
ADBE,Long,162,2020-02-04T21:00:00Z,363.43,2020-02-14T21:00:00Z,376.28,2081.7,12.3013,0.0,2630.88,549.18,10.0,True,4161;4225
TMO,Long,181,2020-02-05T21:00:00Z,324.273476,2020-02-14T21:00:00Z,330.459278,1119.63,23.8741,-719.76,1587.03,1028.99,9.0,True,4193;4226
SPGI,Short,218,2020-02-05T21:00:00Z,267.716003,2020-02-19T21:00:00Z,275.374734,-1669.6,23.6094,-2257.96,1061.77,3319.72,14.0,False,4203;4227
ANTM,Long,232,2020-02-05T21:00:00Z,252.286181,2020-02-21T21:00:00Z,267.559317,3543.37,24.7436,0.0,6100.46,2557.09,16.0,True,4204;4233
INTU,Long,209,2020-02-05T21:00:00Z,282.375464,2020-02-21T21:00:00Z,286.986728,963.75,23.4406,-311.27,1963.42,1604.26,16.0,True,4202;4234
MCD,Short,317,2020-02-05T21:00:00Z,184.08156,2020-02-21T21:00:00Z,183.7401,108.24,23.2853,-492.51,1090.55,1583.06,16.0,True,4190;4235
SYK,Short,288,2020-02-05T21:00:00Z,203.071113,2020-02-21T21:00:00Z,208.426876,-1542.46,23.7566,-2004.66,784.67,2789.33,16.0,False,4201;4236
ISRG,Long,308,2020-02-04T21:00:00Z,192.056647,2020-02-24T21:00:00Z,196.823314,1468.13,11.9128,0.0,4324.32,3913.65,20.0,True,4181;4237
FIS,Long,462,2020-01-31T21:00:00Z,126.524558,2020-02-24T21:00:00Z,128.826098,1063.31,23.3595,-626.88,3995.35,2932.04,24.0,True,4130;4238
MMM,Long,671,2020-02-04T21:00:00Z,88.314297,2020-02-24T21:00:00Z,86.146734,-1454.43,11.4164,-2176.76,1494.73,3671.49,20.0,False,4175;4239
SPY,Short,237,2020-02-19T21:00:00Z,307.15729,2020-02-24T21:00:00Z,293.845716,3154.84,59.5534,0.0,3316.46,415.9,5.0,True,4228;4240
SPY,Short,128,2020-02-21T21:00:00Z,304.975064,2020-02-24T21:00:00Z,293.845716,1424.56,7.7624,-279.32,1511.85,87.29,3.0,True,4232;4240
JPM,Long,511,2020-02-05T21:00:00Z,114.820761,2020-02-25T21:00:00Z,110.388728,-2264.77,22.6778,-4413.51,631.73,5045.23,20.0,False,4186;4241
DHR,Short,469,2020-02-05T21:00:00Z,124.858856,2020-02-27T21:00:00Z,114.353574,4926.98,22.1635,-768.72,5981.74,1444.48,22.0,True,4196;4243
SPY,Long,223,2020-02-24T21:00:00Z,293.845716,2020-02-27T21:00:00Z,277.73362,-3593.0,12.0649,-5202.95,160.18,5363.14,3.0,False,4240;4244
ABT,Short,741,2020-01-31T21:00:00Z,79.040751,2020-02-28T21:00:00Z,68.283831,7970.88,21.5772,-341.7,7970.88,1708.51,28.0,True,4127;4245
AXP,Short,478,2020-02-05T21:00:00Z,123.124561,2020-02-28T21:00:00Z,100.904375,10621.25,21.4789,-1543.79,10621.25,2253.93,23.0,True,4198;4246
COP,Long,1329,2020-02-05T21:00:00Z,44.430349,2020-02-28T21:00:00Z,35.480544,-11894.29,22.1531,-11894.29,2502.82,14397.11,23.0,False,4205;4247
COST,Short,209,2020-02-05T21:00:00Z,279.444294,2020-02-28T21:00:00Z,260.193954,4023.32,22.4744,-3379.29,4806.86,3379.29,23.0,True,4191;4248
HD,Short,292,2020-02-05T21:00:00Z,200.716057,2020-02-28T21:00:00Z,184.987232,4592.82,22.5448,-2452.14,4743.6,2452.14,23.0,True,4189;4249
PX,Short,299,2020-02-05T21:00:00Z,196.806506,2020-02-28T21:00:00Z,173.534668,6958.28,22.1573,-1893.76,6958.28,2551.28,23.0,True,4197;4250
FISV,Short,469,2020-02-05T21:00:00Z,122.64,2020-02-28T21:00:00Z,105.12,8216.88,21.6706,-426.79,8216.88,2068.29,23.0,True,4200;4251
NFLX,Long,1623,2020-02-04T21:00:00Z,36.088,2020-02-28T21:00:00Z,36.421,540.46,11.9787,-128.22,4365.87,4494.09,24.0,True,4163;4252
ORCL,Long,1243,2020-01-02T21:00:00Z,48.093541,2020-02-28T21:00:00Z,44.779947,-4118.8,23.2534,-4118.8,3038.97,7157.76,57.0,False,3790;4253
PYPL,Short,504,2020-02-04T21:00:00Z,116.69859,2020-02-28T21:00:00Z,103.110127,6848.59,10.7653,-2945.79,6848.59,2945.79,24.0,True,4165;4254
SBUX,Short,765,2020-02-05T21:00:00Z,76.778348,2020-02-28T21:00:00Z,65.798906,8399.27,21.9386,-832.66,8399.27,2636.75,23.0,True,4199;4255
T,Long,3036,2020-02-05T21:00:00Z,19.204961,2020-02-28T21:00:00Z,17.345594,-5645.04,22.5817,-5645.04,1407.39,7052.43,23.0,False,4187;4256
V,Long,295,2020-01-31T21:00:00Z,191.98251,2020-02-28T21:00:00Z,165.802072,-7723.23,21.4169,-7723.23,3406.22,11129.45,28.0,False,4125;4257
WFC,Short,1463,2020-02-04T21:00:00Z,40.274283,2020-02-28T21:00:00Z,35.030305,7671.94,10.1776,-1201.97,8033.38,1201.97,24.0,True,4160;4258
SPY,Long,179,2020-02-24T21:00:00Z,293.845716,2020-02-28T21:00:00Z,262.430766,-5623.28,24.2979,-5623.28,128.58,5751.85,4.0,False,4240;4259
SPY,Long,152,2020-02-25T21:00:00Z,294.564032,2020-02-28T21:00:00Z,262.430766,-4884.26,8.6421,-4884.26,0.0,4884.26,3.0,False,4242;4259
SPY,Short,120,2020-02-28T21:00:00Z,262.430766,2020-03-03T21:00:00Z,281.461588,-2283.7,6.5519,-2283.7,0.0,2283.7,4.0,False,4259;4260
ADP,Short,407,2020-01-02T21:00:00Z,147.262778,2020-03-03T21:00:00Z,138.416392,3600.48,22.6945,-3237.99,6001.96,4572.92,61.0,True,3810;4261
NOW,Long,826,2020-02-05T21:00:00Z,71.08,2020-03-03T21:00:00Z,68.878,-1818.85,22.073,-5831.56,383.26,6214.82,27.0,False,4206;4262
MS,Short,1571,2020-03-03T21:00:00Z,38.289497,2020-03-26T20:00:00Z,27.80742,16467.34,25.0628,0.0,24346.95,10171.39,22.9583,True,4263;4269
MS,Short,758,2020-03-13T20:00:00Z,28.094263,2020-03-26T20:00:00Z,27.80742,217.43,4.6604,-7727.99,4019.3,4907.64,13.0,True,4266;4269
SPY,Short,133,2020-03-26T20:00:00Z,227.974567,2020-03-30T20:00:00Z,233.846334,-780.95,12.7202,-1507.15,0.0,1507.15,4.0,False,4268;4284
ABBV,Long,1137,2020-03-26T20:00:00Z,53.129143,2020-03-30T20:00:00Z,56.75755,4125.5,26.1767,0.0,5705.48,1579.98,4.0,True,4273;4285
ZTS,Short,588,2020-03-26T20:00:00Z,102.643077,2020-03-30T20:00:00Z,106.504729,-2270.65,25.8579,-3951.59,0.0,3951.59,4.0,False,4276;4286
BA,Short,375,2020-03-26T20:00:00Z,172.05,2020-03-30T20:00:00Z,153.72,6873.75,24.9503,0.0,7417.5,543.75,4.0,True,4272;4287
BDX,Short,426,2020-03-26T20:00:00Z,140.725783,2020-03-30T20:00:00Z,151.204632,-4463.99,25.8894,-5289.46,0.0,5289.46,4.0,False,4275;4288
MU,Short,1439,2020-03-26T20:00:00Z,43.881178,2020-03-30T20:00:00Z,43.149826,1052.42,25.0644,0.0,2132.9,1459.35,4.0,True,4277;4289
HD,Long,385,2020-03-26T20:00:00Z,156.371976,2020-03-30T20:00:00Z,162.951036,2532.94,25.6345,0.0,4052.04,1519.11,4.0,True,4270;4290
IBM,Long,770,2020-03-26T20:00:00Z,78.189535,2020-03-30T20:00:00Z,79.352394,895.4,25.4058,0.0,3390.14,2494.74,4.0,True,4274;4291
TFC,Long,1264,2020-03-03T21:00:00Z,46.940715,2020-03-30T20:00:00Z,32.166855,-18674.16,23.0272,-27833.45,0.0,27833.45,26.9583,False,4264;4292
TFC,Long,561,2020-03-12T20:00:00Z,29.411913,2020-03-30T20:00:00Z,32.166855,1545.52,3.2891,-2519.64,9833.66,4429.77,18.0,True,4265;4292
NVDA,Long,9773,2020-03-26T20:00:00Z,6.285709,2020-03-30T20:00:00Z,6.354032,667.72,25.3894,-65.56,3056.94,2389.22,4.0,True,4271;4293
ZTS,Long,561,2020-04-06T20:00:00Z,112.081628,2020-04-08T20:00:00Z,118.436482,3565.07,26.716,0.0,4033.05,467.98,2.0,True,4297;4299
ANTM,Short,322,2020-04-06T20:00:00Z,198.186164,2020-04-08T20:00:00Z,208.890479,-3446.79,27.9972,-9330.61,0.0,9330.61,2.0,False,4296;4300
USB,Long,2520,2020-04-06T20:00:00Z,25.432242,2020-04-08T20:00:00Z,26.804678,3458.54,27.0578,0.0,4791.72,1333.18,2.0,True,4298;4301
WFC,Short,2697,2020-04-06T20:00:00Z,23.393292,2020-04-08T20:00:00Z,24.994872,-4319.46,27.0288,-6456.22,0.0,6456.22,2.0,False,4294;4302
CI,Long,409,2020-04-06T20:00:00Z,154.442882,2020-04-08T20:00:00Z,160.533156,2490.92,26.47,0.0,5349.78,2858.86,2.0,True,4295;4303
BLK,Long,158,2020-04-08T20:00:00Z,382.211815,2020-05-01T20:00:00Z,421.315202,6178.34,25.3346,-371.16,8883.47,3840.29,23.0,True,4304;4308
BIIB,Long,200,2020-04-08T20:00:00Z,305.25,2020-05-01T20:00:00Z,295.07,-2036.0,24.4016,-2600.0,7460.0,10060.0,23.0,False,4306;4309
TJX,Short,1406,2020-04-08T20:00:00Z,43.554746,2020-05-01T20:00:00Z,44.161973,-853.76,25.1782,-5433.03,2043.85,7476.88,23.0,False,4305;4310
SPY,Short,192,2020-04-08T20:00:00Z,245.160004,2020-05-20T20:00:00Z,270.567745,-4878.29,30.1551,-5071.45,0.0,5071.45,42.0,False,4307;4321
SPY,Short,186,2020-05-01T20:00:00Z,260.808904,2020-05-20T20:00:00Z,270.567745,-1815.14,37.5547,-2002.27,2910.7,2607.89,19.0,False,4315;4321
ABT,Short,763,2020-05-20T20:00:00Z,79.774179,2020-05-26T20:00:00Z,82.775284,-2289.84,24.4028,-2289.84,67.95,2357.79,6.0,False,4318;4333
NKE,Short,715,2020-05-21T20:00:00Z,83.810661,2020-05-26T20:00:00Z,86.063635,-1610.88,24.5987,-2332.55,0.0,2332.55,5.0,False,4326;4334
ORCL,Short,1258,2020-05-20T20:00:00Z,48.327672,2020-05-26T20:00:00Z,48.883476,-699.2,24.2268,-699.2,939.91,1639.11,6.0,False,4317;4335
UNP,Long,435,2020-05-01T20:00:00Z,136.792781,2020-05-26T20:00:00Z,147.462097,4641.15,24.6426,-2437.55,4641.15,2648.85,25.0,True,4312;4336
WMT,Long,1555,2020-05-21T20:00:00Z,38.352112,2020-05-26T20:00:00Z,38.183214,-262.64,23.7662,-491.85,0.0,491.85,5.0,False,4323;4337
SPY,Short,420,2020-05-01T20:00:00Z,260.808904,2020-05-28T20:00:00Z,278.67115,-7502.14,23.2762,-7502.14,6572.54,8869.66,27.0,False,4315;4343
ANTM,Long,232,2020-05-21T20:00:00Z,256.526521,2020-05-28T20:00:00Z,266.688263,2357.52,24.3241,-392.57,2649.81,392.57,7.0,True,4329;4344
SHOP,Long,770,2020-05-21T20:00:00Z,79.186,2020-05-28T20:00:00Z,72.801,-4916.45,23.8204,-4916.45,2564.87,7481.32,7.0,False,4328;4345
DIS,Short,541,2020-05-20T20:00:00Z,112.653548,2020-05-28T20:00:00Z,117.860103,-2816.75,24.8283,-2816.75,0.0,2816.75,8.0,False,4316;4346
EQIX,Long,101,2020-05-01T20:00:00Z,593.102487,2020-05-28T20:00:00Z,605.558886,1258.1,24.4317,-2085.88,2306.06,3520.15,27.0,True,4314;4347
TSLA,Short,1102,2020-05-21T20:00:00Z,54.399995,2020-06-01T20:00:00Z,57.253328,-3144.37,25.3563,-6031.61,748.63,6780.24,11.0,False,4325;4348
AMT,Long,311,2020-05-20T20:00:00Z,194.642309,2020-06-01T20:00:00Z,216.499504,6797.59,25.8047,-996.81,8436.32,1638.73,12.0,True,4319;4349
AXP,Long,712,2020-05-01T20:00:00Z,81.746906,2020-06-01T20:00:00Z,88.668949,4928.49,24.4522,-6652.81,8674.41,7577.72,31.0,True,4313;4350
GOOGL,Short,858,2020-05-21T20:00:00Z,69.718084,2020-06-01T20:00:00Z,70.613068,-767.9,24.1513,-1157.58,0.0,1157.58,11.0,False,4322;4351
INTU,Long,215,2020-05-22T20:00:00Z,273.809841,2020-06-01T20:00:00Z,276.613191,602.72,23.7616,-1022.36,851.63,1022.36,10.0,True,4331;4352
NFLX,Long,1338,2020-05-21T20:00:00Z,44.8,2020-06-01T20:00:00Z,41.872,-3917.66,23.0717,-4624.13,0.0,4624.13,11.0,False,4324;4353
BA,Short,117,2020-06-01T20:00:00Z,145.48,2020-06-08T20:00:00Z,222.94,-9062.82,17.838,-9947.34,0.0,9947.34,7.0,False,4377;4390
C,Long,417,2020-05-21T20:00:00Z,36.396974,2020-06-09T20:00:00Z,47.540878,4647.01,15.8555,-359.53,5399.67,1461.64,19.0,True,4327;4393
TXN,Long,600,2020-06-01T20:00:00Z,99.082963,2020-06-17T20:00:00Z,106.898882,4689.55,24.6421,0.0,7617.37,4487.63,16.0,True,4367;4399
SPY,Short,120,2020-05-01T20:00:00Z,260.808904,2020-06-18T20:00:00Z,283.509413,-2724.06,21.8429,-4174.99,1877.87,4565.71,48.0,False,4315;4403
SPY,Short,263,2020-05-21T20:00:00Z,271.454912,2020-06-18T20:00:00Z,283.509413,-3170.33,16.2359,-6350.29,6915.56,6889.1,28.0,False,4330;4403
HON,Long,471,2020-06-01T20:00:00Z,126.756706,2020-06-18T20:00:00Z,127.941593,558.08,24.1625,-841.23,7152.47,7993.7,17.0,True,4370;4404
LOW,Long,516,2020-06-01T20:00:00Z,115.911419,2020-06-18T20:00:00Z,120.565708,2401.61,24.2784,-2788.08,2594.85,4094.7,17.0,True,4371;4405
WFC,Long,2606,2020-06-01T20:00:00Z,23.129785,2020-06-18T20:00:00Z,23.555699,1109.93,24.7538,0.0,15199.3,14791.57,17.0,True,4368;4406
SPY,Short,38,2020-05-21T20:00:00Z,271.454912,2020-06-18T20:00:00Z,283.509413,-458.07,10.3226,-917.53,999.21,995.38,28.0,False,4330;4407
SPY,Short,143,2020-05-22T20:00:00Z,269.406196,2020-06-18T20:00:00Z,283.509413,-2016.76,12.9161,-3745.79,3467.21,3745.79,27.0,False,4332;4407
C,Long,1218,2020-05-21T20:00:00Z,36.396974,2020-06-19T20:00:00Z,43.528106,8685.72,10.3247,-1050.14,15771.69,12611.47,29.0,True,4327;4408
SPY,Short,96,2020-05-22T20:00:00Z,269.406196,2020-06-19T20:00:00Z,288.541997,-1837.04,12.1916,-2514.65,2327.63,2514.65,28.0,False,4332;4409
SPY,Short,119,2020-05-26T20:00:00Z,276.174277,2020-06-19T20:00:00Z,288.541997,-1471.76,19.2025,-2311.72,3690.7,2311.72,24.0,False,4338;4409
CRM,Short,349,2020-06-01T20:00:00Z,170.05364,2020-06-24T20:00:00Z,184.821715,-5154.06,24.7881,-6284.18,636.98,6921.16,23.0,False,4363;4410
INTC,Short,1069,2020-06-01T20:00:00Z,55.718869,2020-06-24T20:00:00Z,53.213748,2677.97,23.0534,-1753.55,3249.78,2296.77,23.0,True,4355;4411
JPM,Long,725,2020-06-01T20:00:00Z,83.257035,2020-06-24T20:00:00Z,82.203364,-763.91,23.8119,-2045.31,9530.42,11575.73,23.0,False,4354;4412
REGN,Short,98,2020-06-01T20:00:00Z,599.344097,2020-06-25T20:00:00Z,599.017182,32.04,23.6774,-3778.5,1612.56,5391.07,24.0,True,4383;4414
MRK,Long,953,2020-06-01T20:00:00Z,62.407872,2020-06-25T20:00:00Z,59.501821,-2769.47,23.2875,-4049.88,2109.77,6159.65,24.0,False,4357;4415
XOM,Short,1719,2020-06-01T20:00:00Z,34.770506,2020-06-29T20:00:00Z,33.604328,2004.66,23.8976,-12423.61,2242.05,12423.61,28.0,True,4360;4418
SPY,Short,185,2020-05-26T20:00:00Z,276.174277,2020-06-30T20:00:00Z,279.27301,-573.27,10.481,-3593.85,5737.64,3593.85,35.0,False,4338;4423
ABBV,Short,825,2020-06-01T20:00:00Z,72.193081,2020-07-01T20:00:00Z,77.07438,-4027.07,24.5425,-4524.8,808.0,5332.8,30.0,False,4362;4424
ABT,Short,709,2020-06-01T20:00:00Z,82.775284,2020-07-01T20:00:00Z,81.911464,612.45,23.3172,0.0,3567.35,2954.9,30.0,True,4361;4425
ANTM,Long,221,2020-06-01T20:00:00Z,269.658618,2020-07-01T20:00:00Z,246.490871,-5120.07,22.7445,-7472.84,1495.81,8968.65,30.0,False,4380;4426
BA,Short,294,2020-06-01T20:00:00Z,145.48,2020-07-01T20:00:00Z,185.88,-11877.6,10.6028,-24995.88,0.0,24995.88,30.0,False,4377;4427
SHOP,Short,791,2020-06-01T20:00:00Z,75.1,2020-07-01T20:00:00Z,95.036,-15769.38,28.0748,-21012.12,2047.11,23059.23,30.0,False,4375;4428
EL,Short,331,2020-06-01T20:00:00Z,182.653818,2020-07-01T20:00:00Z,173.987025,2868.71,23.6637,-1824.44,4559.58,2124.97,30.0,True,4382;4429
PX,Long,324,2020-06-01T20:00:00Z,184.869219,2020-07-01T20:00:00Z,194.051409,2975.03,24.907,-722.14,5866.79,6588.92,30.0,True,4369;4430
MCD,Long,372,2020-06-01T20:00:00Z,161.452133,2020-07-01T20:00:00Z,159.930223,-566.15,23.9372,-2242.08,5127.52,7369.61,30.0,False,4364;4431
MDT,Short,731,2020-06-01T20:00:00Z,81.315699,2020-07-01T20:00:00Z,76.857981,3258.59,23.1169,-2621.45,5352.38,3071.53,30.0,True,4366;4432
NOW,Long,772,2020-06-01T20:00:00Z,77.012,2020-07-01T20:00:00Z,81.076,3137.41,24.7089,-1545.54,4899.11,4108.58,30.0,True,4381;4433
QCOM,Long,853,2020-06-01T20:00:00Z,69.552251,2020-07-01T20:00:00Z,79.686991,8644.93,25.2291,0.0,8913.81,5489.52,30.0,True,4374;4434
SBUX,Long,885,2020-06-01T20:00:00Z,67.46516,2020-07-01T20:00:00Z,64.363813,-2744.69,23.426,-4682.12,4536.05,9218.17,30.0,False,4373;4435
ECL,Short,302,2020-06-01T20:00:00Z,198.382093,2020-07-01T20:00:00Z,186.273489,3656.8,23.0874,-4916.08,5766.13,5062.58,30.0,True,4385;4436
TMO,Long,174,2020-06-01T20:00:00Z,341.956493,2020-07-01T20:00:00Z,357.676696,2735.32,24.2562,-1976.51,2735.32,3036.57,30.0,True,4365;4437
UNH,Long,231,2020-05-01T20:00:00Z,257.556033,2020-07-01T20:00:00Z,265.338476,1797.74,24.0764,-2143.48,4839.85,5801.21,61.0,True,4311;4438
VZ,Long,1513,2020-06-01T20:00:00Z,39.155858,2020-07-01T20:00:00Z,38.044025,-1682.2,34.6711,-3698.76,1452.34,5151.09,30.0,False,4356;4442
CSCO,Long,1499,2020-06-01T20:00:00Z,39.414202,2020-07-01T20:00:00Z,38.929258,-726.93,34.6894,-4349.05,1240.79,5589.84,30.0,False,4358;4444
KO,Long,1560,2020-06-01T20:00:00Z,38.409896,2020-07-01T20:00:00Z,37.355019,-1645.61,35.4047,-3459.78,4096.51,7556.29,30.0,False,4359;4446
GILD,Short,979,2020-06-01T20:00:00Z,59.393431,2020-07-01T20:00:00Z,61.239103,-1806.91,34.9369,-2024.39,1747.54,3771.93,30.0,False,4372;4457
AMT,Long,268,2020-07-01T20:00:00Z,218.492374,2020-07-02T20:00:00Z,225.847913,1971.28,23.9173,0.0,1971.28,0.0,1.0,True,4453;4475
BMY,Short,1258,2020-07-01T20:00:00Z,46.745374,2020-07-02T20:00:00Z,47.189564,-558.79,23.6497,-558.79,0.0,558.79,1.0,False,4451;4476
CRM,Short,317,2020-07-01T20:00:00Z,184.576398,2020-07-02T20:00:00Z,189.541611,-1573.97,23.9157,-1573.97,0.0,1573.97,1.0,False,4448;4477
CSCO,Short,1498,2020-07-01T20:00:00Z,38.929258,2020-07-02T20:00:00Z,38.764011,247.54,11.5203,0.0,714.61,467.07,1.0,True,4444;4478
GOOGL,Long,832,2020-07-01T20:00:00Z,70.289645,2020-07-02T20:00:00Z,71.930036,1364.8,23.9989,0.0,2091.71,726.91,1.0,True,4440;4479
MDLZ,Long,1346,2020-06-30T20:00:00Z,43.475879,2020-07-02T20:00:00Z,43.87891,542.48,23.689,0.0,911.83,369.35,2.0,True,4421;4480
MMM,Short,665,2020-07-01T20:00:00Z,88.065799,2020-07-02T20:00:00Z,88.786819,-479.48,23.412,-479.48,0.0,479.48,1.0,False,4458;4481
UNP,Long,396,2020-07-01T20:00:00Z,147.818501,2020-07-02T20:00:00Z,147.574259,-96.72,23.21,-131.26,0.0,131.26,1.0,False,4452;4482
AMGN,Long,299,2020-07-01T20:00:00Z,194.543689,2020-07-06T20:00:00Z,214.789383,6053.46,25.2596,0.0,6053.46,491.49,5.0,True,4450;4492
C,Long,1419,2020-07-01T20:00:00Z,41.747337,2020-07-06T20:00:00Z,41.795684,68.6,23.4008,-1457.83,194.38,1457.83,5.0,True,4454;4493
SPGI,Long,215,2020-05-20T20:00:00Z,282.477634,2020-07-06T20:00:00Z,303.947405,4616.0,25.2573,-1476.91,5083.05,5085.46,47.0,True,4320;4494
ORCL,Short,1160,2020-07-01T20:00:00Z,49.858413,2020-07-06T20:00:00Z,51.202366,-1558.99,23.6903,-1965.91,0.0,1965.91,5.0,False,4447;4495
SPY,Short,47,2020-05-26T20:00:00Z,276.174277,2020-07-06T20:00:00Z,290.636476,-679.72,6.9318,-913.03,1457.67,913.03,41.0,False,4338;4504
SPY,Short,72,2020-06-24T20:00:00Z,284.628629,2020-07-06T20:00:00Z,290.636476,-432.56,13.8556,-789.97,2841.74,1124.4,12.0,False,4413;4504
BLK,Short,132,2020-06-01T20:00:00Z,452.676787,2020-07-08T20:00:00Z,475.556068,-3020.07,24.8873,-3823.23,0.0,3823.23,37.0,False,4378;4508
UPS,Short,784,2020-06-01T20:00:00Z,76.303508,2020-07-08T20:00:00Z,87.73983,-8966.08,25.7076,-9531.34,0.0,9531.34,37.0,False,4376;4509
CCI,Long,464,2020-07-01T20:00:00Z,126.146447,2020-07-13T20:00:00Z,128.662915,1167.64,23.6177,-355.52,2220.26,2575.78,12.0,True,4462;4510
SPY,Short,176,2020-06-24T20:00:00Z,284.628629,2020-07-13T20:00:00Z,294.017038,-1652.36,13.3042,-1931.05,6946.48,3235.2,19.0,False,4413;4511
SPY,Short,54,2020-06-29T20:00:00Z,276.893756,2020-07-13T20:00:00Z,294.017038,-924.66,11.4671,-1010.16,1713.62,924.66,14.0,False,4417;4511
HON,Short,463,2020-07-01T20:00:00Z,126.521472,2020-07-14T20:00:00Z,125.014226,697.85,23.5754,-1165.78,1540.93,2706.71,13.0,True,4455;4514
EQIX,Short,96,2020-06-01T20:00:00Z,621.726785,2020-07-15T20:00:00Z,643.313595,-2072.33,24.2889,-2457.8,3340.47,5798.27,44.0,False,4384;4515
MS,Long,1463,2020-07-01T20:00:00Z,40.023616,2020-07-16T20:00:00Z,42.578315,3737.52,24.2528,-1112.79,5122.46,1699.42,15.0,True,4460;4517
SPY,Short,151,2020-06-29T20:00:00Z,276.893756,2020-07-16T20:00:00Z,293.759821,-2546.78,12.2001,-2921.3,4791.8,2921.3,17.0,False,4417;4518
SPY,Short,56,2020-07-08T20:00:00Z,288.992126,2020-07-16T20:00:00Z,293.759821,-266.99,17.7176,-405.89,2454.6,474.82,8.0,False,4507;4518
PLD,Long,745,2020-07-01T20:00:00Z,78.529464,2020-07-21T20:00:00Z,83.038694,3359.38,36.2292,-888.33,3359.38,2796.35,20.0,True,4465;4525
SPY,Short,249,2020-07-08T20:00:00Z,288.992126,2020-07-21T20:00:00Z,299.914649,-2719.71,46.3969,-2719.71,10914.2,3026.22,13.0,False,4507;4526
SPY,Short,212,2020-07-14T20:00:00Z,287.761161,2020-07-21T20:00:00Z,299.914649,-2576.54,12.4219,-2576.54,9031.45,2576.54,7.0,False,4513;4526
SPY,Short,176,2020-07-15T20:00:00Z,296.240125,2020-07-21T20:00:00Z,299.914649,-646.72,10.4073,-646.72,8990.1,1083.25,6.0,False,4516;4526
AXP,Long,661,2020-07-01T20:00:00Z,88.73572,2020-07-21T20:00:00Z,88.782325,30.81,23.4617,-2852.62,1312.33,3696.7,20.0,True,4459;4527
CAT,Short,514,2020-07-06T20:00:00Z,116.022425,2020-07-21T20:00:00Z,121.059309,-2588.96,24.4094,-3863.27,2016.42,5879.69,15.0,False,4496;4528
INTU,Long,212,2020-06-30T20:00:00Z,276.651462,2020-07-21T20:00:00Z,286.967571,2187.02,24.1205,-667.71,4306.21,4973.92,21.0,True,4420;4529
ZM,Long,230,2020-07-01T20:00:00Z,251.35,2020-07-21T20:00:00Z,268.75,4002.0,23.9002,-1106.3,5639.6,6745.9,20.0,True,4461;4530
VRTX,Long,208,2020-06-01T20:00:00Z,285.42,2020-07-21T20:00:00Z,300.65,3167.84,24.0465,-4478.24,3677.44,4478.24,50.0,True,4379;4531
CL,Long,926,2020-07-06T20:00:00Z,63.633792,2020-07-22T20:00:00Z,63.896534,243.3,23.6639,-319.72,1537.78,1294.48,16.0,True,4498;4532
TGT,Long,586,2020-07-06T20:00:00Z,100.73835,2020-07-22T20:00:00Z,100.981781,142.65,23.8452,-1141.2,1539.64,1396.99,16.0,True,4501;4533
FB,Short,267,2020-06-30T20:00:00Z,218.507212,2020-07-22T20:00:00Z,237.980701,-5199.42,24.698,-6564.07,0.0,6564.07,22.0,False,4419;4534
LMT,Long,189,2020-07-01T20:00:00Z,309.566459,2020-07-24T20:00:00Z,327.8697,3459.31,23.8485,-4213.14,4451.11,4213.14,23.0,True,4456;4535
NKE,Short,659,2020-07-01T20:00:00Z,88.988633,2020-07-28T20:00:00Z,87.904508,714.44,23.0609,-863.28,1696.79,1940.89,27.0,True,4449;4537
AMD,Long,263,2020-07-06T20:00:00Z,52.83,2020-07-28T20:00:00Z,68.08,4010.75,15.5072,0.0,4357.91,963.9,22.0,True,4499;4538
SPY,Long,140,2020-07-21T20:00:00Z,299.914649,2020-07-28T20:00:00Z,296.212566,-518.29,12.6276,-720.21,48.87,769.08,7.0,False,4526;4539
SPY,Long,74,2020-07-24T20:00:00Z,294.816247,2020-07-28T20:00:00Z,296.212566,103.33,10.0811,-3.4,403.11,139.36,4.0,True,4536;4539
AAPL,Short,663,2020-07-01T20:00:00Z,88.165793,2020-07-29T20:00:00Z,90.578812,-1599.83,23.838,-4551.27,144.13,4695.4,28.0,False,4439;4540
PLD,Short,734,2020-07-21T20:00:00Z,83.038694,2020-07-29T20:00:00Z,86.15401,-2286.64,13.0875,-4486.99,314.34,4801.33,8.0,False,4525;4541
ZTS,Short,453,2020-07-06T20:00:00Z,130.090985,2020-07-29T20:00:00Z,137.615644,-3408.67,24.3598,-3923.98,625.16,4549.15,23.0,False,4497;4542
BDX,Long,354,2020-07-01T20:00:00Z,164.791298,2020-07-29T20:00:00Z,188.699272,8463.42,25.2795,0.0,9117.46,654.04,28.0,True,4463;4543
AMD,Long,856,2020-07-06T20:00:00Z,52.83,2020-07-29T20:00:00Z,75.48,19388.4,13.0266,0.0,19910.56,3137.24,23.0,True,4499;4544
CME,Short,453,2020-07-06T20:00:00Z,129.957471,2020-07-29T20:00:00Z,129.25428,318.55,23.4081,-1408.68,615.85,2024.53,23.0,True,4503;4545
DUK,Short,916,2020-07-06T20:00:00Z,63.015345,2020-07-29T20:00:00Z,66.087929,-2814.49,23.6016,-3129.6,615.89,3745.49,23.0,False,4502;4546
CCI,Long,457,2020-07-21T20:00:00Z,128.828176,2020-07-29T20:00:00Z,129.90237,490.91,23.4399,-1647.8,813.6,1647.8,8.0,True,4524;4547
GILD,Long,957,2020-07-01T20:00:00Z,61.239103,2020-07-29T20:00:00Z,58.573429,-2551.05,11.0864,-3173.63,675.72,3849.35,28.0,False,4457;4548
KO,Short,1574,2020-07-01T20:00:00Z,37.355019,2020-07-29T20:00:00Z,39.988228,-4144.67,12.5569,-4602.28,1385.92,5988.2,28.0,False,4446;4549
MA,Long,204,2020-07-01T20:00:00Z,286.016454,2020-07-29T20:00:00Z,294.662518,1763.8,24.0866,-1063.11,3514.82,2957.68,28.0,True,4441;4550
MRK,Short,961,2020-07-01T20:00:00Z,60.774672,2020-07-29T20:00:00Z,62.503234,-1661.15,23.7801,-1902.77,498.34,2401.11,28.0,False,4445;4551
PYPL,Long,339,2020-07-01T20:00:00Z,172.387552,2020-07-29T20:00:00Z,176.481893,1387.98,24.2749,-1508.68,3449.84,4499.21,28.0,True,4443;4552
TJX,Long,1231,2020-07-06T20:00:00Z,48.228554,2020-07-29T20:00:00Z,47.777734,-554.96,23.8383,-2899.38,1234.5,2899.38,23.0,False,4500;4553
VZ,Short,1535,2020-07-01T20:00:00Z,38.044025,2020-07-29T20:00:00Z,40.06345,-3099.82,12.3166,-3217.73,576.95,3794.68,28.0,False,4442;4554
CI,Long,346,2020-07-01T20:00:00Z,169.088327,2020-07-29T20:00:00Z,159.336691,-3374.07,23.1765,-4376.33,787.49,5163.82,28.0,False,4464;4555
SPY,Long,97,2020-07-24T20:00:00Z,294.816247,2020-07-29T20:00:00Z,295.92779,107.82,26.2825,-4.46,528.41,265.54,5.0,True,4536;4558
ADP,Short,460,2020-06-30T20:00:00Z,127.799412,2020-07-30T20:00:00Z,116.384572,5250.83,22.4689,-1307.72,5805.01,1307.72,30.0,True,4422;4561
DHR,Long,386,2020-07-29T20:00:00Z,152.454817,2020-08-04T20:00:00Z,157.284705,1864.34,24.0889,0.0,2165.23,300.89,6.0,True,4556;4562
SPGI,Long,188,2020-07-29T20:00:00Z,312.591863,2020-08-04T20:00:00Z,312.834231,45.57,23.8164,-415.15,698.67,1113.82,6.0,True,4557;4563
SPY,Short,122,2020-07-29T20:00:00Z,295.92779,2020-08-04T20:00:00Z,301.200732,-643.3,7.3982,-887.62,26.9,914.52,6.0,False,4558;4590
SPY,Short,221,2020-07-29T20:00:00Z,295.92779,2020-08-06T20:00:00Z,304.544549,-1904.3,23.2801,-2474.78,48.72,2523.51,8.0,False,4558;4591
SPY,Short,158,2020-07-30T20:00:00Z,295.707319,2020-08-06T20:00:00Z,304.544549,-1396.28,9.4042,-1804.14,0.0,1804.14,7.0,False,4560;4591
SPY,Short,218,2020-08-06T20:00:00Z,304.544549,2020-08-14T20:00:00Z,309.055027,-983.28,28.5404,-1185.55,0.0,1185.55,8.0,False,4595;4599
SPY,Short,27,2020-08-06T20:00:00Z,304.544549,2020-08-18T20:00:00Z,310.79124,-168.66,10.0792,-176.6,0.0,176.6,12.0,False,4595;4600
SPY,Short,135,2020-08-12T20:00:00Z,308.173142,2020-08-18T20:00:00Z,310.79124,-353.44,8.3695,-393.13,489.86,393.13,6.0,False,4597;4600
EL,Long,326,2020-08-04T20:00:00Z,181.800896,2020-08-20T20:00:00Z,180.535269,-412.59,23.7804,-412.59,4705.97,5118.56,16.0,False,4587;4605
AVGO,Short,2104,2020-08-04T20:00:00Z,28.175248,2020-08-24T20:00:00Z,29.23193,-2223.26,24.5036,-2497.0,0.0,2497.0,20.0,False,4574;4610
BDX,Short,303,2020-08-04T20:00:00Z,195.117474,2020-08-24T20:00:00Z,178.454967,5048.74,22.468,-83.55,5865.48,1850.72,20.0,True,4586;4611
BMY,Long,1263,2020-08-04T20:00:00Z,46.815549,2020-08-24T20:00:00Z,49.608726,3527.78,24.4995,0.0,4834.37,1457.35,20.0,True,4572;4612
COST,Short,196,2020-08-04T20:00:00Z,301.946695,2020-08-24T20:00:00Z,316.193785,-2792.43,24.5633,-2792.43,0.0,2792.43,20.0,False,4571;4613
CVS,Short,1129,2020-08-04T20:00:00Z,52.524966,2020-08-24T20:00:00Z,52.74746,-251.2,23.9752,-1832.79,18.61,1832.79,20.0,False,4585;4614
IBM,Short,644,2020-08-04T20:00:00Z,91.771284,2020-08-24T20:00:00Z,92.950356,-759.32,24.1678,-2364.75,0.0,2364.75,20.0,False,4579;4615
LLY,Short,415,2020-08-04T20:00:00Z,143.414963,2020-08-24T20:00:00Z,140.985254,1008.33,23.6756,-376.4,1316.37,1263.67,20.0,True,4570;4616
NOW,Short,675,2020-08-04T20:00:00Z,87.484,2020-08-24T20:00:00Z,90.61,-2110.05,23.9288,-2149.2,2168.1,4317.3,20.0,False,4584;4617
VRTX,Long,212,2020-08-04T20:00:00Z,279.23,2020-08-24T20:00:00Z,270.4,-1871.96,23.0291,-3682.44,0.0,3682.44,20.0,False,4588;4618
SPY,Long,408,2020-08-18T20:00:00Z,310.79124,2020-08-24T20:00:00Z,314.291224,1427.99,58.0582,-408.53,1724.09,408.53,6.0,True,4604;4619
AMGN,Short,296,2020-08-21T20:00:00Z,198.640855,2020-08-25T20:00:00Z,201.83401,-945.17,23.9178,-2298.94,814.72,3113.66,4.0,False,4608;4620
AMT,Short,274,2020-08-04T20:00:00Z,215.930995,2020-08-25T20:00:00Z,207.522257,2303.99,23.3899,-307.05,2551.02,1465.97,21.0,True,4577;4621
SHOP,Short,586,2020-08-18T20:00:00Z,102.1,2020-08-25T20:00:00Z,99.9,1289.2,24.1655,-1091.13,1289.2,2219.18,7.0,True,4603;4622
BLK,Long,118,2020-08-04T20:00:00Z,495.095803,2020-08-25T20:00:00Z,513.047503,2118.3,23.6718,0.0,2118.3,882.96,21.0,True,4581;4623
C,Long,1448,2020-08-20T20:00:00Z,40.3062,2020-08-25T20:00:00Z,42.161978,2687.17,23.8663,-259.29,2687.17,259.29,5.0,True,4606;4624
CVX,Long,916,2020-08-04T20:00:00Z,64.495458,2020-08-25T20:00:00Z,68.09211,3294.53,24.3539,0.0,4444.84,3266.31,21.0,True,4568;4625
GILD,Long,1044,2020-08-04T20:00:00Z,57.359595,2020-08-25T20:00:00Z,52.218652,-5367.14,22.6828,-5466.54,0.0,5466.54,21.0,False,4582;4626
HD,Short,240,2020-08-18T20:00:00Z,247.673537,2020-08-25T20:00:00Z,246.27614,335.38,23.5022,0.0,1691.28,1355.9,7.0,True,4602;4627
PX,Short,265,2020-08-04T20:00:00Z,222.459691,2020-08-25T20:00:00Z,229.72458,-1925.2,24.012,-1925.2,0.0,1925.2,21.0,False,4573;4628
LOW,Short,441,2020-08-04T20:00:00Z,134.032614,2020-08-25T20:00:00Z,148.926122,-6568.04,24.9128,-6568.04,0.0,6568.04,21.0,False,4578;4629
MA,Short,185,2020-08-06T20:00:00Z,316.822688,2020-08-25T20:00:00Z,333.563777,-3097.1,24.2684,-3627.01,809.18,4436.2,19.0,False,4592;4630
MCD,Short,353,2020-08-04T20:00:00Z,168.577437,2020-08-25T20:00:00Z,185.015791,-5802.74,25.1529,-5802.74,0.0,5802.74,21.0,False,4569;4631
FIS,Long,484,2020-08-12T20:00:00Z,124.07483,2020-08-25T20:00:00Z,122.538353,-743.65,24.1638,-1044.46,680.99,1654.42,13.0,False,4596;4632
MMM,Long,701,2020-08-04T20:00:00Z,84.471966,2020-08-25T20:00:00Z,93.710311,6476.08,24.942,0.0,6476.08,1232.0,21.0,True,4583;4633
NVDA,Short,5254,2020-08-06T20:00:00Z,11.284392,2020-08-25T20:00:00Z,12.592069,-6870.53,25.1633,-7314.55,2610.57,9925.12,19.0,False,4593;4634
ORCL,Long,1160,2020-08-04T20:00:00Z,51.039063,2020-08-25T20:00:00Z,51.377615,392.72,23.7946,-1899.92,435.18,1899.92,21.0,True,4567;4635
PEP,Long,530,2020-08-04T20:00:00Z,112.768243,2020-08-25T20:00:00Z,113.350452,308.57,23.8834,-1043.06,308.57,1043.06,21.0,True,4565;4636
PG,Short,501,2020-08-21T20:00:00Z,117.270485,2020-08-25T20:00:00Z,119.330874,-1032.25,23.7892,-1088.17,0.0,1088.17,4.0,False,4607;4637
QCOM,Short,619,2020-08-04T20:00:00Z,96.051675,2020-08-25T20:00:00Z,101.664174,-3474.14,24.5954,-3474.14,1810.24,5284.37,21.0,False,4575;4638
SBUX,Long,905,2020-08-04T20:00:00Z,65.475781,2020-08-25T20:00:00Z,69.928439,4029.66,24.891,0.0,6132.31,2102.66,21.0,True,4580;4639
TMUS,Long,578,2020-08-06T20:00:00Z,101.43397,2020-08-25T20:00:00Z,109.222042,4501.51,24.4207,0.0,5217.16,1354.82,19.0,True,4594;4640
TXN,Short,512,2020-08-14T20:00:00Z,116.673507,2020-08-25T20:00:00Z,119.93491,-1669.84,24.2027,-1704.54,0.0,1704.54,11.0,False,4598;4641
UNP,Short,395,2020-08-04T20:00:00Z,149.929446,2020-08-25T20:00:00Z,168.962844,-7518.19,25.3992,-7931.66,0.0,7931.66,21.0,False,4576;4642
UPS,Short,482,2020-08-18T20:00:00Z,122.969224,2020-08-25T20:00:00Z,124.70978,-838.95,23.6591,-838.95,284.67,1123.62,7.0,False,4601;4643
V,Long,326,2020-08-04T20:00:00Z,182.671408,2020-08-25T20:00:00Z,198.138164,5042.16,24.9697,0.0,5385.41,750.89,21.0,True,4564;4644
SPY,Long,112,2020-08-18T20:00:00Z,310.79124,2020-08-25T20:00:00Z,315.577307,536.04,25.0999,-112.15,596.74,112.15,7.0,True,4604;4645
CRM,Long,76,2020-08-04T20:00:00Z,199.197282,2020-08-27T20:00:00Z,262.008208,4773.63,15.9006,-821.09,5467.94,1178.31,23.0,True,4566;4646
SPY,Short,285,2020-08-25T20:00:00Z,315.577307,2020-09-01T20:00:00Z,321.741321,-1756.74,18.4628,-2374.62,0.0,2374.62,7.0,False,4645;4647
CRM,Long,222,2020-08-04T20:00:00Z,199.197282,2020-09-01T20:00:00Z,265.923465,14813.21,12.2536,-2398.43,17046.09,3441.89,28.0,True,4566;4648
CCI,Long,482,2020-08-04T20:00:00Z,123.494765,2020-09-01T20:00:00Z,121.999907,-720.52,23.7504,-1343.28,1372.25,2715.53,28.0,False,4589;4649
AVGO,Long,1854,2020-09-23T20:00:00Z,31.952202,2020-09-24T20:00:00Z,31.066858,-1641.43,23.1612,-1641.43,0.0,1641.43,1.0,False,4655;4665
KO,Long,1430,2020-09-23T20:00:00Z,41.64337,2020-09-24T20:00:00Z,40.370538,-1820.15,23.2093,-1820.15,0.0,1820.15,1.0,False,4651;4666
PCLN,Short,909,2020-09-23T20:00:00Z,66.116486,2020-09-24T20:00:00Z,63.192997,2657.45,23.364,0.0,2657.45,0.0,1.0,True,4660;4667
NOW,Long,631,2020-09-23T20:00:00Z,94.0,2020-09-24T20:00:00Z,91.758,-1414.7,23.2357,-1414.7,0.0,1414.7,1.0,False,4659;4668
TMO,Long,140,2020-09-23T20:00:00Z,423.782308,2020-09-24T20:00:00Z,412.685285,-1553.58,23.1082,-1739.52,0.0,1739.52,1.0,False,4653;4669
SPY,Short,383,2020-09-23T20:00:00Z,305.210461,2020-09-24T20:00:00Z,296.264065,3426.47,106.3541,0.0,3426.47,0.0,1.0,True,4664;4670
AAPL,Long,549,2020-09-23T20:00:00Z,108.048474,2020-09-25T20:00:00Z,105.009218,-1668.55,23.3172,-1812.03,345.4,2013.95,2.0,False,4650;4671
CAT,Short,449,2020-09-23T20:00:00Z,132.47627,2020-09-25T20:00:00Z,129.251495,1447.92,23.416,0.0,1447.92,310.56,2.0,True,4661;4672
AMD,Long,765,2020-09-23T20:00:00Z,77.42,2020-09-25T20:00:00Z,76.36,-810.9,23.3761,-1224.0,485.78,1296.68,2.0,False,4658;4673
REGN,Short,105,2020-09-23T20:00:00Z,567.019142,2020-09-25T20:00:00Z,550.207788,1765.19,23.7006,-175.79,1765.19,1726.71,2.0,True,4663;4674
IBM,Long,657,2020-09-23T20:00:00Z,90.705251,2020-09-25T20:00:00Z,88.302463,-1578.63,23.4604,-1578.63,0.0,1578.63,2.0,False,4656;4675
EQIX,Long,88,2020-09-23T20:00:00Z,665.995618,2020-09-25T20:00:00Z,653.070069,-1137.45,23.2509,-1137.45,329.47,1466.92,2.0,False,4662;4676
ORCL,Long,1072,2020-09-23T20:00:00Z,55.001041,2020-09-25T20:00:00Z,54.378836,-667.0,23.298,-794.52,0.0,794.52,2.0,False,4652;4677
SPY,Short,722,2020-09-23T20:00:00Z,305.210461,2020-09-25T20:00:00Z,297.509182,5560.32,43.7807,0.0,6459.3,5000.96,2.0,True,4664;4678
LLY,Long,422,2020-09-23T20:00:00Z,140.985254,2020-09-29T20:00:00Z,139.040306,-820.77,23.4795,-1514.65,83.27,1597.92,6.0,False,4654;4679
SPY,Short,191,2020-09-23T20:00:00Z,305.210461,2020-09-29T20:00:00Z,308.051173,-542.58,11.7101,-576.05,1708.76,2284.81,6.0,False,4664;4680
LMT,Long,180,2020-09-23T20:00:00Z,330.91669,2020-10-01T20:00:00Z,326.470234,-800.36,23.3877,-1600.72,247.91,1600.72,8.0,False,4657;4681
EL,Long,296,2020-10-01T20:00:00Z,201.930194,2020-10-14T20:00:00Z,207.564643,1667.8,24.0712,-552.3,1994.28,1194.39,13.0,True,4692;4697
SPY,Short,107,2020-09-23T20:00:00Z,305.210461,2020-10-14T20:00:00Z,323.4814,-1954.99,13.0927,-2122.76,957.26,3080.02,21.0,False,4664;4698
SPY,Short,97,2020-10-01T20:00:00Z,311.399154,2020-10-14T20:00:00Z,323.4814,-1171.98,28.2256,-1324.07,1468.1,1663.14,13.0,False,4694;4698
NVDA,Short,4417,2020-10-01T20:00:00Z,13.67491,2020-10-16T20:00:00Z,13.991422,-1398.03,24.0958,-2188.75,3021.2,5209.95,15.0,False,4684;4699
SPY,Short,169,2020-10-01T20:00:00Z,311.399154,2020-10-20T20:00:00Z,316.739322,-902.49,10.7045,-2306.88,2557.83,2897.63,19.0,False,4694;4702
GILD,Long,1173,2020-10-01T20:00:00Z,50.801695,2020-10-20T20:00:00Z,48.581075,-2604.79,23.2964,-2651.81,1109.62,3761.43,19.0,False,4691;4703
T,Long,3960,2020-10-01T20:00:00Z,15.030241,2020-10-22T20:00:00Z,14.914547,-458.15,23.927,-2691.3,1328.38,4019.68,21.0,False,4685;4704
SPY,Short,169,2020-10-01T20:00:00Z,311.399154,2020-10-22T20:00:00Z,316.278168,-824.55,10.7429,-2306.88,2557.83,2897.63,21.0,False,4694;4705
SPY,Short,19,2020-10-01T20:00:00Z,311.399154,2020-10-26T20:00:00Z,315.558767,-79.03,30.9892,-259.35,287.57,325.77,25.0,False,4694;4706
SPY,Short,207,2020-10-05T20:00:00Z,309.905013,2020-10-26T20:00:00Z,315.558767,-1170.33,12.9733,-3134.87,2823.68,3341.06,21.0,False,4696;4706
SPY,Short,269,2020-10-16T20:00:00Z,321.876583,2020-10-26T20:00:00Z,315.558767,1699.49,17.2326,-853.47,6889.77,935.34,10.0,True,4700;4706
AMZN,Long,378,2020-10-01T20:00:00Z,160.043655,2020-10-26T20:00:00Z,159.606183,-165.36,24.242,-2044.71,4435.42,5366.89,25.0,False,4682;4707
BLK,Long,121,2020-10-01T20:00:00Z,500.839138,2020-10-26T20:00:00Z,546.995106,5584.87,25.0059,-705.99,8461.35,3696.98,25.0,True,4688;4708
TGT,Long,443,2020-10-05T20:00:00Z,134.96198,2020-10-26T20:00:00Z,133.705068,-556.81,23.8667,-784.77,2111.4,2896.17,21.0,False,4695;4709
INTU,Long,190,2020-10-01T20:00:00Z,316.98502,2020-10-26T20:00:00Z,317.707651,137.3,24.0737,-1611.57,3789.34,4166.46,25.0,True,4689;4710
MDT,Short,679,2020-10-01T20:00:00Z,87.156061,2020-10-26T20:00:00Z,92.664378,-3740.15,24.0456,-4780.98,869.27,5650.25,25.0,False,4687;4711
WMT,Short,1377,2020-10-01T20:00:00Z,43.415629,2020-10-26T20:00:00Z,44.044662,-866.18,24.2224,-2305.56,127.38,2432.94,25.0,False,4683;4712
CAT,Long,443,2020-10-01T20:00:00Z,134.668039,2020-10-27T20:00:00Z,145.472815,4786.52,24.3208,0.0,7855.17,4289.8,26.0,True,4690;4713
NKE,Short,522,2020-10-01T20:00:00Z,115.543109,2020-10-27T20:00:00Z,116.602473,-552.99,24.0696,-1592.79,458.46,2051.25,26.0,False,4686;4714
APD,Short,228,2020-10-01T20:00:00Z,261.383883,2020-10-27T20:00:00Z,250.956846,2377.36,23.0431,-761.23,3100.74,1363.05,26.0,True,4693;4715
T,Long,4047,2020-11-03T21:00:00Z,14.769537,2020-11-24T21:00:00Z,15.537553,3108.16,24.6392,-999.83,3738.49,1630.15,21.0,True,4720;4732
PLD,Short,690,2020-11-03T21:00:00Z,86.693855,2020-11-25T21:00:00Z,83.805749,1992.79,23.7038,-1876.26,2243.35,2674.54,22.0,True,4728;4734
ZTS,Long,387,2020-11-03T21:00:00Z,154.976093,2020-11-25T21:00:00Z,152.839336,-826.93,23.5553,-1628.35,3537.2,5165.55,22.0,False,4727;4735
FDX,Long,383,2020-11-03T21:00:00Z,158.037109,2020-11-25T21:00:00Z,169.615685,4434.59,25.0572,-1783.19,4434.59,3537.44,22.0,True,4730;4736
CVX,Short,1062,2020-11-03T21:00:00Z,56.712418,2020-11-25T21:00:00Z,74.474303,-18863.12,27.2109,-19640.01,1654.72,21294.73,22.0,False,4722;4737
CCI,Short,492,2020-11-03T21:00:00Z,121.70388,2020-11-25T21:00:00Z,124.572577,-1411.4,24.2291,-3671.87,137.79,3809.66,22.0,False,4731;4738
GILD,Short,1266,2020-11-03T21:00:00Z,47.154106,2020-11-25T21:00:00Z,48.212308,-1339.68,24.0189,-2303.85,0.0,2303.85,22.0,False,4729;4739
GOOGL,Short,738,2020-11-03T21:00:00Z,80.769423,2020-11-25T21:00:00Z,87.645988,-5074.9,24.9271,-5236.83,0.0,5236.83,22.0,False,4716;4740
HON,Long,390,2020-11-03T21:00:00Z,153.789088,2020-11-25T21:00:00Z,183.097015,11430.09,26.507,0.0,11660.11,2595.4,22.0,True,4724;4741
IBM,Long,701,2020-11-03T21:00:00Z,85.599326,2020-11-25T21:00:00Z,93.643075,5638.67,25.2823,-1105.36,6434.32,1820.92,22.0,True,4725;4742
MS,Long,1434,2020-11-03T21:00:00Z,42.278479,2020-11-25T21:00:00Z,52.837615,15141.8,27.5848,0.0,15851.39,1202.68,22.0,True,4726;4743
PFE,Long,2345,2020-11-03T21:00:00Z,25.54029,2020-11-25T21:00:00Z,27.218664,3935.79,24.6455,0.0,5091.87,3066.84,22.0,True,4719;4744
TMO,Long,125,2020-11-03T21:00:00Z,483.054968,2020-11-25T21:00:00Z,431.367241,-6460.97,23.1176,-6460.97,4505.71,10966.67,22.0,False,4721;4745
TXN,Short,478,2020-11-03T21:00:00Z,125.301466,2020-11-25T21:00:00Z,136.128618,-5175.38,24.8696,-5175.38,0.0,5175.38,22.0,False,4723;4746
UNH,Short,211,2020-11-03T21:00:00Z,285.922054,2020-11-25T21:00:00Z,305.15044,-4057.19,24.8767,-7477.77,0.0,7477.77,22.0,False,4717;4747
VZ,Long,1459,2020-11-03T21:00:00Z,40.800211,2020-11-25T21:00:00Z,42.861042,3006.75,24.3341,-607.53,3387.74,1091.49,22.0,True,4718;4748
SPY,Long,77,2020-11-24T21:00:00Z,332.307897,2020-12-01T21:00:00Z,337.196134,376.39,17.9958,0.0,406.22,114.34,7.0,True,4733;4751
SPY,Long,114,2020-11-24T21:00:00Z,332.307897,2020-12-08T21:00:00Z,339.105313,774.91,13.1785,0.0,1037.76,262.86,14.0,True,4733;4752
SPY,Long,79,2020-11-25T21:00:00Z,334.9457,2020-12-08T21:00:00Z,339.105313,328.61,5.2849,-208.39,510.77,182.16,13.0,True,4749;4752
TSLA,Short,315,2020-12-01T21:00:00Z,199.283313,2020-12-08T21:00:00Z,208.333313,-2850.75,25.9274,-5463.15,3048.15,8511.3,7.0,False,4750;4753
SPY,Long,396,2020-12-24T18:00:00Z,340.912042,2020-12-24T18:00:00Z,340.912042,0.0,73.4149,0.0,0.0,0.0,0.0,False,4766;4767
SPY,Short,282,2020-12-24T18:00:00Z,340.912042,2020-12-29T21:00:00Z,346.274974,-1512.35,19.4051,-1512.35,0.0,1512.35,5.125,False,4767;4768
AAPL,Long,469,2020-12-24T18:00:00Z,127.413283,2020-12-29T21:00:00Z,133.851333,3019.45,24.2683,0.0,3019.45,827.62,5.125,True,4754;4769
ABBV,Short,717,2020-12-24T18:00:00Z,82.887345,2020-12-29T21:00:00Z,83.562598,-484.16,23.9784,-916.44,0.0,916.44,5.125,False,4758;4770
PLD,Short,729,2020-12-24T18:00:00Z,82.103922,2020-12-29T21:00:00Z,84.125517,-1473.74,24.1446,-1473.74,0.0,1473.74,5.125,False,4764;4771
AMZN,Long,375,2020-12-24T18:00:00Z,159.320356,2020-12-29T21:00:00Z,165.16162,2190.47,24.298,0.0,2396.24,205.77,5.125,True,4756;4772
ANTM,Short,208,2020-12-24T18:00:00Z,285.966375,2020-12-29T21:00:00Z,292.865522,-1435.02,24.0651,-1435.02,0.0,1435.02,5.125,False,4763;4773
BMY,Short,1218,2020-12-24T18:00:00Z,49.003638,2020-12-29T21:00:00Z,49.46866,-566.4,23.939,-566.4,0.0,566.4,5.125,False,4760;4774
CL,Short,808,2020-12-24T18:00:00Z,73.878396,2020-12-29T21:00:00Z,74.9348,-853.57,23.9946,-853.57,0.0,853.57,5.125,False,4765;4775
COST,Long,174,2020-12-24T18:00:00Z,341.019755,2020-12-29T21:00:00Z,350.666014,1678.45,24.1703,0.0,1755.49,77.04,5.125,True,4759;4776
SPGI,Short,210,2020-12-24T18:00:00Z,282.259039,2020-12-29T21:00:00Z,288.801199,-1373.85,24.1492,-1563.09,0.0,1563.09,5.125,False,4762;4777
ISRG,Short,220,2020-12-24T18:00:00Z,270.23664,2020-12-29T21:00:00Z,270.789973,-121.73,23.7757,-246.4,407.0,653.4,5.125,False,4761;4778
MSFT,Long,282,2020-12-24T18:00:00Z,211.102841,2020-12-29T21:00:00Z,215.546108,1253.0,24.0329,0.0,1253.0,217.8,5.125,True,4755;4779
V,Long,302,2020-12-24T18:00:00Z,198.091592,2020-12-29T21:00:00Z,205.482641,2232.1,24.4963,0.0,2237.89,5.79,5.125,True,4757;4780
CVS,Long,1052,2021-01-04T21:00:00Z,57.074673,2021-01-05T21:00:00Z,58.396,1390.04,24.5573,0.0,1556.14,166.1,1.0,True,4817;4823
MDLZ,Short,1178,2021-01-04T21:00:00Z,50.707847,2021-01-05T21:00:00Z,50.100983,714.89,23.6729,0.0,714.89,0.0,1.0,True,4818;4824
VZ,Long,1440,2021-01-04T21:00:00Z,41.64007,2021-01-06T21:00:00Z,41.505975,-193.1,24.0131,-426.85,294.73,487.82,2.0,False,4790;4828
JNJ,Long,441,2021-01-04T21:00:00Z,135.122905,2021-01-08T21:00:00Z,137.932952,1239.23,23.9918,0.0,1239.23,125.06,4.0,True,4784;4833
JPM,Short,542,2021-01-04T21:00:00Z,110.412068,2021-01-26T21:00:00Z,115.786355,-2912.86,24.2563,-6893.33,765.06,7658.39,22.0,False,4785;4876
TSLA,Short,253,2021-01-04T21:00:00Z,239.999976,2021-01-28T21:00:00Z,273.149973,-8386.95,26.3997,-13753.92,0.0,13753.92,24.0,False,4783;4923
AXP,Long,527,2021-01-04T21:00:00Z,113.53566,2021-01-28T21:00:00Z,110.298793,-1705.83,23.422,-3369.02,3991.58,7360.6,24.0,False,4814;4924
AMD,Long,651,2021-01-04T21:00:00Z,92.13,2021-01-28T21:00:00Z,89.78,-1529.85,23.4126,-3001.11,3333.12,6334.23,24.0,False,4806;4925
SQ,Long,274,2021-01-04T21:00:00Z,222.61,2021-01-28T21:00:00Z,208.31,-3918.2,24.1706,-5521.1,5162.16,10683.26,24.0,False,4813;4926
COST,Long,167,2021-01-06T21:00:00Z,352.286284,2021-01-28T21:00:00Z,336.158945,-2693.27,22.8764,-3067.68,0.0,3067.68,22.0,False,4829;4927
CVX,Long,899,2021-01-04T21:00:00Z,66.875848,2021-01-28T21:00:00Z,69.794095,2623.5,24.569,0.0,7403.8,5155.08,24.0,True,4795;4928
HON,Short,323,2021-01-06T21:00:00Z,184.373412,2021-01-28T21:00:00Z,176.600592,2510.62,23.605,-898.48,2883.09,1003.68,22.0,True,4830;4929
INTU,Long,163,2021-01-04T21:00:00Z,364.099823,2021-01-28T21:00:00Z,352.672587,-1862.64,23.2317,-2852.94,1698.67,4130.3,24.0,False,4810;4930
LLY,Long,374,2021-01-04T21:00:00Z,159.625243,2021-01-28T21:00:00Z,196.43859,13768.19,26.5297,-1660.09,15435.35,2521.93,24.0,True,4796;4931
MCD,Long,318,2021-01-04T21:00:00Z,187.668025,2021-01-28T21:00:00Z,182.540819,-1630.45,23.2069,-2134.06,383.96,2518.02,24.0,False,4797;4932
MMM,Long,595,2021-01-04T21:00:00Z,100.33464,2021-01-28T21:00:00Z,106.068048,3411.38,24.2337,-3343.15,4001.55,3343.15,24.0,True,4811;4933
SCHW,Short,1213,2021-01-04T21:00:00Z,49.368868,2021-01-28T21:00:00Z,49.767752,-483.85,23.9673,-8979.29,506.35,9485.64,24.0,False,4816;4934
TMUS,Long,468,2021-01-04T21:00:00Z,127.369007,2021-01-28T21:00:00Z,118.890972,-3967.72,23.019,-5082.4,132.7,5215.1,24.0,False,4794;4935
UNH,Long,188,2021-01-04T21:00:00Z,317.664163,2021-01-28T21:00:00Z,304.277888,-2516.62,23.3701,-3136.85,2307.61,5444.46,24.0,False,4786;4936
AAPL,Short,464,2021-01-04T21:00:00Z,129.497893,2021-01-29T21:00:00Z,131.572807,-962.76,23.5174,-4318.92,3131.22,7450.14,25.0,False,4781;4950
AMT,Long,312,2021-01-04T21:00:00Z,192.472403,2021-01-29T21:00:00Z,193.153511,212.51,23.7454,-2969.76,1652.23,2969.76,25.0,True,4812;4951
BA,Short,279,2021-01-04T21:00:00Z,210.0,2021-01-29T21:00:00Z,198.3,3264.3,22.1476,-756.09,4455.63,1989.27,25.0,True,4804;4952
BLK,Long,94,2021-01-04T21:00:00Z,635.276042,2021-01-29T21:00:00Z,624.263125,-1035.21,23.1665,-2476.48,4246.68,6723.15,25.0,False,4807;4953
C,Short,1175,2021-01-04T21:00:00Z,50.768205,2021-01-29T21:00:00Z,49.862976,1063.64,22.9731,-7164.9,3016.61,7164.9,25.0,True,4801;4954
FB,Long,220,2021-01-04T21:00:00Z,272.39113,2021-01-29T21:00:00Z,262.852488,-2098.5,22.9798,-6397.92,1536.29,6397.92,25.0,False,4782;4955
KO,Short,1290,2021-01-04T21:00:00Z,45.793009,2021-01-29T21:00:00Z,41.379123,5693.91,21.9722,0.0,6651.97,1219.35,25.0,True,4791;4956
MDT,Short,602,2021-01-04T21:00:00Z,99.204737,2021-01-29T21:00:00Z,96.513004,1620.42,23.17,-1279.01,2991.16,1666.28,25.0,True,4798;4957
NVDA,Short,4598,2021-01-04T21:00:00Z,13.023355,2021-01-29T21:00:00Z,13.007189,74.33,23.8805,-3551.9,2179.63,5731.52,25.0,True,4787;4958
NOW,Long,542,2021-01-04T21:00:00Z,111.388,2021-01-29T21:00:00Z,109.816,-852.02,23.1974,-5386.4,0.0,5386.4,25.0,False,4809;4959
SBUX,Short,636,2021-01-04T21:00:00Z,94.435211,2021-01-29T21:00:00Z,85.431352,5726.45,22.3153,0.0,6027.85,2031.61,25.0,True,4802;4960
UTX,Long,946,2021-01-04T21:00:00Z,63.066446,2021-01-29T21:00:00Z,59.194255,-3663.09,22.556,-5006.51,16.69,5023.19,25.0,False,4808;4961
WFC,Short,2257,2021-01-04T21:00:00Z,26.567031,2021-01-29T21:00:00Z,26.979127,-930.1,23.5573,-8806.27,949.89,8806.27,25.0,False,4803;4962
WMT,Short,1303,2021-01-27T21:00:00Z,45.480701,2021-01-29T21:00:00Z,44.310879,1524.28,22.9311,0.0,2609.02,1084.74,2.0,True,4888;4963
CI,Long,318,2021-01-04T21:00:00Z,188.1418,2021-01-29T21:00:00Z,196.382112,2620.42,24.1885,-1633.47,5515.47,4537.1,25.0,True,4819;4964
PLD,Long,705,2021-01-04T21:00:00Z,84.558716,2021-02-02T21:00:00Z,90.555547,4227.77,24.3031,-3377.42,4389.45,3377.42,29.0,True,4820;4968
AMZN,Short,358,2021-01-27T21:00:00Z,166.481017,2021-02-02T21:00:00Z,168.634952,-771.11,23.6175,-771.11,2343.86,3114.97,6.0,False,4887;4969
SPGI,Short,210,2021-01-29T21:00:00Z,283.556658,2021-02-02T21:00:00Z,292.171402,-1809.1,24.4909,-2919.91,0.0,2919.91,4.0,False,4966;4970
ISRG,Short,219,2021-01-04T21:00:00Z,275.279972,2021-02-02T21:00:00Z,251.219975,5269.14,22.7445,0.0,5968.48,1895.08,29.0,True,4815;4971
HD,Short,259,2021-01-04T21:00:00Z,230.242657,2021-02-02T21:00:00Z,233.960022,-962.8,24.0623,-4347.18,0.0,4347.18,29.0,False,4788;4972
MS,Short,1039,2021-01-04T21:00:00Z,58.104603,2021-02-02T21:00:00Z,58.268478,-170.27,24.3356,-6265.38,1669.09,6265.38,29.0,False,4805;4973
MSFT,Short,268,2021-01-27T21:00:00Z,226.902182,2021-02-02T21:00:00Z,229.848468,-789.6,24.1435,-789.6,1535.77,2325.37,6.0,False,4886;4974
NKE,Short,465,2021-01-04T21:00:00Z,129.602234,2021-02-02T21:00:00Z,124.349193,2442.66,23.5989,-1771.88,4990.8,3615.48,29.0,True,4792;4975
PYPL,Short,257,2021-01-04T21:00:00Z,235.335563,2021-02-02T21:00:00Z,240.893581,-1428.41,24.4517,-3568.48,2828.86,6397.35,29.0,False,4789;4976
TMO,Short,130,2021-01-04T21:00:00Z,461.656834,2021-02-02T21:00:00Z,511.80376,-6519.1,25.3432,-6519.1,0.0,6519.1,29.0,False,4793;4977
UPS,Short,456,2021-01-04T21:00:00Z,130.78232,2021-02-02T21:00:00Z,126.743911,1841.51,22.9637,0.0,4727.73,2886.22,29.0,True,4800;4978
ADBE,Short,124,2021-01-27T21:00:00Z,470.99,2021-02-02T21:00:00Z,473.65,-329.84,35.8485,-1728.56,1515.28,3243.84,6.0,False,4889;4981
TGT,Long,388,2021-01-29T21:00:00Z,154.459969,2021-02-02T21:00:00Z,157.704179,1258.75,36.2654,0.0,1258.75,0.0,4.0,True,4965;4994
SPY,Long,432,2021-01-29T21:00:00Z,347.868107,2021-02-04T21:00:00Z,354.77786,2985.01,115.228,0.0,4249.44,1264.43,6.0,True,4967;5005
INTU,Short,167,2021-02-02T21:00:00Z,361.894734,2021-02-04T21:00:00Z,367.289545,-900.93,24.9512,-2633.75,0.0,2633.75,2.0,False,4989;5006
GM,Long,1221,2021-02-02T21:00:00Z,50.128964,2021-02-04T21:00:00Z,51.240811,1357.57,25.0096,0.0,2282.11,924.55,2.0,True,5002;5007
DE,Short,221,2021-02-02T21:00:00Z,275.994262,2021-02-04T21:00:00Z,281.584397,-1235.42,25.1947,-2684.98,0.0,2684.98,2.0,False,4993;5008
SCHW,Short,1217,2021-02-02T21:00:00Z,50.240847,2021-02-09T21:00:00Z,51.84566,-1953.06,25.0195,-2382.05,790.25,3172.31,7.0,False,4992;5010
SPY,Long,241,2021-01-29T21:00:00Z,347.868107,2021-02-09T21:00:00Z,360.816948,3120.67,17.4226,0.0,3334.97,705.39,11.0,True,4967;5011
ABT,Short,546,2021-02-02T21:00:00Z,111.195144,2021-02-16T21:00:00Z,115.716077,-2468.43,24.4138,-2468.43,1858.7,4327.13,14.0,False,4982;5012
SPY,Long,74,2021-01-29T21:00:00Z,347.868107,2021-02-16T21:00:00Z,364.994292,1267.34,5.3778,0.0,1267.34,216.59,18.0,True,4967;5013
SPY,Long,128,2021-01-29T21:00:00Z,347.868107,2021-02-19T21:00:00Z,363.178861,1959.78,9.2483,0.0,2192.15,477.79,21.0,True,4967;5015
TXN,Short,426,2021-01-04T21:00:00Z,140.437296,2021-02-19T21:00:00Z,152.670969,-5211.54,24.8357,-6271.98,606.99,6878.97,46.0,False,4799;5016
CVS,Long,1008,2021-02-02T21:00:00Z,59.982922,2021-02-22T21:00:00Z,58.811708,-1180.58,24.0013,-1180.58,2116.62,3297.2,20.0,False,4991;5017
MELI,Long,31,2021-02-02T21:00:00Z,1915.81,2021-02-22T21:00:00Z,1878.48,-1157.23,22.9326,-3936.69,842.89,4779.58,20.0,False,4995;5018
BMY,Short,1199,2021-02-02T21:00:00Z,50.913853,2021-02-23T21:00:00Z,49.459172,1744.16,23.9648,0.0,3488.33,1744.16,21.0,True,4987;5020
SPY,Long,92,2021-01-29T21:00:00Z,347.868107,2021-02-23T21:00:00Z,356.343207,779.71,6.6041,0.0,1575.61,795.9,25.0,True,4967;5021
BDX,Short,332,2021-02-02T21:00:00Z,182.165007,2021-03-01T21:00:00Z,168.470008,4546.74,23.243,0.0,4906.24,1131.5,27.0,True,5001;5022
DHR,Short,325,2021-02-02T21:00:00Z,187.361892,2021-03-01T21:00:00Z,169.119465,5928.79,23.4246,-286.11,6341.79,2580.01,27.0,True,4984;5023
TGT,Short,387,2021-02-02T21:00:00Z,157.704179,2021-03-01T21:00:00Z,158.070851,-141.9,12.2413,-2661.81,677.25,3012.57,27.0,False,4994;5024
MDLZ,Short,1258,2021-02-02T21:00:00Z,48.211034,2021-03-01T21:00:00Z,46.494475,2159.43,23.9544,-654.37,2672.02,1363.28,27.0,True,4997;5025
FIS,Long,537,2021-02-02T21:00:00Z,113.224305,2021-03-01T21:00:00Z,121.316092,4345.29,25.3284,0.0,4345.29,2147.03,27.0,True,5000;5026
PFE,Long,2236,2021-02-02T21:00:00Z,26.867004,2021-03-01T21:00:00Z,25.300327,-3503.09,23.1288,-3671.51,0.0,3671.51,27.0,False,4983;5027
CI,Long,309,2021-02-02T21:00:00Z,197.83946,2021-03-01T21:00:00Z,191.0475,-2098.72,24.0593,-4628.29,0.0,4628.29,27.0,False,4998;5028
VZ,Short,1557,2021-02-02T21:00:00Z,38.811377,2021-03-01T21:00:00Z,39.588888,-1210.59,36.2889,-3009.8,288.76,3298.57,27.0,False,4980;5033
COST,Short,182,2021-02-02T21:00:00Z,331.364076,2021-03-01T21:00:00Z,316.397177,2723.98,35.491,-1505.39,3447.19,1505.39,27.0,True,4985;5043
SBUX,Short,696,2021-02-02T21:00:00Z,86.905668,2021-03-01T21:00:00Z,95.709745,-6127.64,37.2633,-6127.64,0.0,6127.64,27.0,False,4988;5046
GOOGL,Short,643,2021-02-02T21:00:00Z,94.945527,2021-03-04T21:00:00Z,99.731981,-3077.69,25.1785,-6421.62,0.0,6421.62,30.0,False,4979;5062
SPY,Long,77,2021-01-29T21:00:00Z,347.868107,2021-03-04T21:00:00Z,353.101365,402.96,5.3733,0.0,1318.72,1238.12,34.0,True,4967;5064
BLK,Short,97,2021-03-01T21:00:00Z,616.810643,2021-03-09T21:00:00Z,621.481906,-453.11,24.4712,-1646.9,1656.03,3302.93,8.0,False,5052;5065
SPY,Long,186,2021-01-29T21:00:00Z,347.868107,2021-03-09T21:00:00Z,357.417646,1776.21,16.281,0.0,3185.47,2990.79,39.0,True,4967;5067
SPY,Long,41,2021-02-04T21:00:00Z,354.77786,2021-03-09T21:00:00Z,357.417646,108.23,15.0236,-283.3,418.87,659.26,33.0,True,5009;5067
COST,Long,190,2021-03-01T21:00:00Z,316.397177,2021-03-11T21:00:00Z,311.998708,-835.71,11.7878,-4266.42,0.0,4266.42,10.0,False,5043;5068
SNAP,Short,904,2021-03-01T21:00:00Z,66.85,2021-03-11T21:00:00Z,56.79,9094.24,22.8332,0.0,12619.84,6083.92,10.0,True,5055;5069
NFLX,Short,1101,2021-03-01T21:00:00Z,54.607,2021-03-15T20:00:00Z,51.632,3275.48,23.581,-192.68,5806.67,3273.27,13.9583,True,5032;5072
SPY,Long,169,2021-02-04T21:00:00Z,354.77786,2021-03-15T20:00:00Z,365.309214,1779.8,19.1663,-1167.75,2094.43,2717.44,38.9583,True,5009;5073
SPY,Long,92,2021-02-22T21:00:00Z,358.510609,2021-03-15T20:00:00Z,365.309214,625.47,30.6144,-979.11,796.75,1284.18,20.9583,True,5019;5073
ADBE,Long,128,2021-02-02T21:00:00Z,473.65,2021-03-16T20:00:00Z,452.01,-2769.92,11.5338,-6713.6,3582.72,10296.32,41.9583,False,4981;5074
SPY,Long,264,2021-02-22T21:00:00Z,358.510609,2021-03-18T20:00:00Z,365.392575,1816.84,19.1455,-2809.62,2494.18,3685.03,23.9583,True,5019;5078
BA,Short,280,2021-03-01T21:00:00Z,219.84,2021-03-18T20:00:00Z,261.32,-11614.4,26.9052,-13818.0,0.0,13818.0,16.9583,False,5047;5079
PYPL,Long,231,2021-03-01T21:00:00Z,265.528851,2021-03-18T20:00:00Z,243.30667,-5133.32,23.3953,-9686.38,159.92,9846.3,16.9583,False,5031;5080
TJX,Long,1022,2021-02-02T21:00:00Z,59.508258,2021-03-18T20:00:00Z,62.005207,2551.88,24.9366,-1780.34,5468.34,7248.68,43.9583,True,4999;5081
VZ,Long,1505,2021-03-01T21:00:00Z,39.588888,2021-03-18T20:00:00Z,39.767216,268.38,12.0902,-751.48,1696.19,1685.45,16.9583,True,5033;5082
AMAT,Short,525,2021-03-01T21:00:00Z,115.759188,2021-03-19T20:00:00Z,109.477904,3297.67,23.8025,0.0,7729.71,7137.43,17.9583,True,5051;5084
SPY,Long,71,2021-02-22T21:00:00Z,358.510609,2021-03-24T20:00:00Z,363.271597,338.03,6.1219,-755.62,670.78,991.05,29.9583,True,5019;5092
SPY,Long,14,2021-03-12T21:00:00Z,363.169598,2021-03-24T20:00:00Z,363.271597,1.43,6.2049,-214.22,67.04,109.85,11.9583,True,5071;5092
MMM,Short,586,2021-03-01T21:00:00Z,101.566088,2021-03-24T20:00:00Z,108.92486,-4312.24,24.8701,-5179.43,0.0,5179.43,22.9583,False,5054;5093
SPY,Long,71,2021-03-12T21:00:00Z,363.169598,2021-03-24T20:00:00Z,363.271597,7.24,5.1136,-1086.41,340.0,557.08,11.9583,True,5071;5096
AMGN,Long,299,2021-02-02T21:00:00Z,201.019948,2021-03-25T20:00:00Z,208.359588,2194.55,24.4601,-4142.83,2862.84,4142.83,50.9583,True,4986;5097
AAPL,Long,536,2021-03-09T21:00:00Z,115.650245,2021-03-30T20:00:00Z,116.533886,473.63,25.0853,0.0,3367.47,2951.09,20.9583,True,5066;5110
ABT,Short,550,2021-03-01T21:00:00Z,108.961694,2021-03-30T20:00:00Z,109.420992,-252.61,23.9736,-762.79,2654.92,3269.12,28.9583,False,5035;5111
AMZN,Long,384,2021-03-01T21:00:00Z,156.027599,2021-03-30T20:00:00Z,153.139889,-1108.88,23.7576,-3370.12,184.08,3370.12,28.9583,False,5029;5112
AXP,Short,467,2021-03-01T21:00:00Z,129.788702,2021-03-30T20:00:00Z,134.081178,-2004.59,24.7656,-5311.93,916.76,5311.93,28.9583,False,5050;5113
CAT,Short,285,2021-03-19T20:00:00Z,207.840191,2021-03-30T20:00:00Z,210.066239,-634.42,23.7388,-1121.25,2718.96,3840.21,11.0,False,5086;5114
SQ,Short,271,2021-02-02T21:00:00Z,225.3,2021-03-30T20:00:00Z,204.49,5639.51,23.8729,-13894.17,6365.79,13894.17,55.9583,True,4990;5115
EL,Short,270,2021-02-02T21:00:00Z,224.453575,2021-03-30T20:00:00Z,267.316443,-11572.97,26.9858,-12950.18,0.0,12950.18,55.9583,False,4996;5116
PX,Long,263,2021-03-01T21:00:00Z,228.667952,2021-03-30T20:00:00Z,260.122366,8272.51,25.8638,-232.02,8550.79,1831.34,28.9583,True,5045;5117
JNJ,Long,433,2021-03-01T21:00:00Z,139.389704,2021-03-30T20:00:00Z,142.69286,1430.27,24.2868,-3044.0,1812.17,3044.0,28.9583,True,5030;5118
JPM,Short,442,2021-03-12T21:00:00Z,136.815425,2021-03-30T20:00:00Z,134.722113,925.24,23.9507,-304.56,2852.84,2170.47,17.9583,True,5070;5119
LLY,Long,305,2021-03-01T21:00:00Z,195.153583,2021-03-30T20:00:00Z,175.949286,-5857.31,22.6755,-7390.33,685.52,8075.86,28.9583,False,5038;5120
LOW,Short,369,2021-03-23T20:00:00Z,163.356202,2021-03-30T20:00:00Z,168.439397,-1875.7,24.6408,-3448.76,189.57,3638.32,7.0,False,5088;5121
MCD,Long,327,2021-03-01T21:00:00Z,182.53713,2021-03-30T20:00:00Z,199.069792,5406.18,24.9427,-722.55,5757.38,1102.54,28.9583,True,5042;5122
NKE,Short,484,2021-03-01T21:00:00Z,123.31107,2021-03-30T20:00:00Z,120.538298,1342.02,23.8132,-4092.07,3080.05,5676.09,28.9583,True,5034;5123
ORCL,Long,980,2021-03-24T20:00:00Z,61.890748,2021-03-30T20:00:00Z,65.321438,3362.08,24.8342,0.0,3633.21,524.19,6.0,True,5091;5124
PM,Long,904,2021-03-01T21:00:00Z,66.212623,2021-03-30T20:00:00Z,72.067295,5292.62,24.7958,-84.77,5292.62,1381.73,28.9583,True,5044;5125
NOW,Short,556,2021-03-01T21:00:00Z,108.964,2021-03-30T20:00:00Z,96.0,7207.98,23.2194,-498.18,8981.62,4316.78,28.9583,True,5053;5126
QCOM,Short,493,2021-03-01T21:00:00Z,121.471726,2021-03-30T20:00:00Z,115.628306,2880.81,23.555,0.0,5933.15,4769.01,28.9583,True,5041;5127
SBUX,Long,623,2021-03-01T21:00:00Z,95.709745,2021-03-30T20:00:00Z,95.55111,-98.83,12.1088,-2036.99,1504.41,3497.47,28.9583,False,5046;5128
DE,Short,182,2021-03-01T21:00:00Z,330.805532,2021-03-30T20:00:00Z,342.768275,-2177.22,24.9043,-4298.53,2901.3,7199.83,28.9583,False,5048;5129
T,Long,3893,2021-03-01T21:00:00Z,15.397062,2021-03-30T20:00:00Z,16.725243,5170.61,25.0317,0.0,5447.23,1000.08,28.9583,True,5037;5130
TMUS,Long,499,2021-03-16T20:00:00Z,118.900424,2021-03-30T20:00:00Z,116.754923,-1070.6,23.8099,-1622.41,707.45,2329.86,14.0,False,5075;5131
TXN,Long,401,2021-03-01T21:00:00Z,149.786821,2021-03-30T20:00:00Z,161.203238,4577.98,25.0316,-4264.75,4715.67,4398.99,28.9583,True,5040;5132
USB,Short,1409,2021-03-23T20:00:00Z,42.520105,2021-03-30T20:00:00Z,44.424044,-2682.65,24.5258,-2918.81,234.38,3153.18,7.0,False,5089;5133
UTX,Short,929,2021-03-01T21:00:00Z,65.238339,2021-03-30T20:00:00Z,68.885864,-3388.55,25.0934,-4996.26,0.0,4996.26,28.9583,False,5049;5134
WMT,Long,1479,2021-03-19T20:00:00Z,40.440353,2021-03-30T20:00:00Z,42.311182,2766.96,24.5882,0.0,3005.96,427.45,11.0,True,5085;5135
SPY,Long,479,2021-03-18T20:00:00Z,365.392575,2021-03-30T20:00:00Z,366.459005,510.82,89.6126,-8394.22,1236.37,3210.4,12.0,True,5083;5136
SPY,Long,71,2021-03-19T20:00:00Z,362.360909,2021-03-30T20:00:00Z,366.459005,290.96,5.1395,-1028.99,398.51,435.46,11.0,True,5087;5136
SPY,Long,198,2021-03-23T20:00:00Z,364.172992,2021-03-30T20:00:00Z,366.459005,452.63,27.7979,-3228.37,752.54,1085.58,7.0,True,5090;5136
SPY,Long,186,2021-03-23T20:00:00Z,364.172992,2021-03-31T20:00:00Z,367.388278,598.04,21.2877,-3032.71,767.43,1019.78,8.0,True,5090;5137
SPY,Long,103,2021-03-25T20:00:00Z,358.690278,2021-03-31T20:00:00Z,367.388278,895.89,7.46,-1114.68,989.69,156.02,6.0,True,5099;5137
ACN,Short,262,2021-03-01T21:00:00Z,228.640564,2021-03-31T20:00:00Z,250.694476,-5778.13,25.2072,-6313.49,1650.89,7964.38,29.9583,False,5039;5138
TSLA,Long,299,2021-03-30T20:00:00Z,200.733313,2021-03-31T20:00:00Z,215.649978,4460.08,25.9841,0.0,6551.09,2091.01,1.0,True,5103;5139
CRM,Long,279,2021-03-01T21:00:00Z,215.780701,2021-03-31T20:00:00Z,206.497912,-2589.9,23.5122,-3988.88,0.0,3988.88,29.9583,False,5036;5140
LRCX,Short,1133,2021-03-04T21:00:00Z,51.787207,2021-03-31T20:00:00Z,55.324526,-4007.78,24.077,-5147.55,4914.89,10062.44,26.9583,False,5063;5141
HD,Long,237,2021-03-25T20:00:00Z,255.507069,2021-03-31T20:00:00Z,266.380267,2576.95,24.8986,0.0,2576.95,332.71,6.0,True,5098;5142
UPS,Short,487,2021-03-24T20:00:00Z,125.092364,2021-03-31T20:00:00Z,132.259033,-3490.17,25.1178,-3809.88,0.0,3809.88,7.0,False,5095;5143
WFC,Long,1809,2021-03-24T20:00:00Z,33.828431,2021-03-31T20:00:00Z,34.584865,1368.39,24.5674,-31.82,2068.5,2100.32,7.0,True,5094;5144
SPGI,Short,191,2021-04-01T20:00:00Z,324.650018,2021-04-05T20:00:00Z,328.04609,-648.65,25.1807,-1333.53,0.0,1333.53,4.0,False,5154;5160
CPNG,Short,1295,2021-04-05T20:00:00Z,47.12,2021-04-12T20:00:00Z,45.85,1644.65,23.6104,0.0,2460.5,815.85,7.0,True,5161;5165
SPY,Long,187,2021-04-01T20:00:00Z,370.166806,2021-04-12T20:00:00Z,381.80131,2175.65,38.6533,0.0,2311.2,498.73,11.0,True,5159;5166
MDLZ,Short,1197,2021-04-01T20:00:00Z,51.044382,2021-04-15T20:00:00Z,50.992091,62.59,24.4421,-646.78,260.8,646.78,14.0,True,5155;5167
SPY,Long,117,2021-04-01T20:00:00Z,370.166806,2021-04-15T20:00:00Z,384.524082,1679.8,9.0431,0.0,1905.95,312.04,14.0,True,5159;5168
SPY,Long,23,2021-04-01T20:00:00Z,370.166806,2021-04-23T20:00:00Z,383.622686,309.49,51.2739,0.0,404.38,108.79,22.0,True,5159;5178
SPY,Long,348,2021-04-05T20:00:00Z,374.952565,2021-04-23T20:00:00Z,383.622686,3017.2,26.2823,-1665.44,4453.04,1646.04,18.0,True,5164;5178
SPY,Short,291,2021-04-23T20:00:00Z,383.622686,2021-04-27T20:00:00Z,388.408445,-1392.66,36.9367,-1392.66,0.0,1392.66,4.0,False,5178;5186
ABBV,Short,666,2021-04-27T20:00:00Z,91.576917,2021-04-28T20:00:00Z,91.930877,-235.74,24.4915,-372.79,0.0,372.79,1.0,False,5183;5187
AVGO,Short,1499,2021-04-23T20:00:00Z,41.340668,2021-04-28T20:00:00Z,41.961017,-929.9,25.0136,-1805.74,0.0,1805.74,5.0,False,5173;5188
C,Long,1060,2021-04-23T20:00:00Z,58.082057,2021-04-28T20:00:00Z,61.032283,3127.24,25.4196,0.0,3127.24,61.66,5.0,True,5175;5189
CSCO,Short,1370,2021-04-27T20:00:00Z,44.609056,2021-04-28T20:00:00Z,44.54861,82.81,24.247,0.0,650.66,567.85,1.0,True,5181;5190
LRCX,Short,1012,2021-04-05T20:00:00Z,61.432265,2021-04-28T20:00:00Z,60.944895,493.22,24.8783,-1805.27,3459.23,3050.29,23.0,True,5162;5191
JPM,Long,475,2021-04-23T20:00:00Z,129.128461,2021-04-28T20:00:00Z,133.734552,2187.89,25.2062,0.0,2187.89,0.0,5.0,True,5170;5192
LLY,Short,346,2021-04-23T20:00:00Z,177.371827,2021-04-28T20:00:00Z,172.079976,1830.98,24.2339,-95.16,2126.3,295.32,5.0,True,5174;5193
MSFT,Short,250,2021-04-23T20:00:00Z,246.366474,2021-04-28T20:00:00Z,244.751364,403.78,24.6429,-998.69,771.72,998.69,5.0,True,5169;5194
NFLX,Long,1209,2021-04-23T20:00:00Z,50.901,2021-04-28T20:00:00Z,50.506,-477.56,24.4719,-477.56,155.96,633.52,5.0,False,5172;5195
QCOM,Long,520,2021-04-23T20:00:00Z,118.79949,2021-04-28T20:00:00Z,122.76125,2060.11,25.1279,0.0,2411.17,1103.96,5.0,True,5176;5196
T,Short,3558,2021-04-27T20:00:00Z,17.122425,2021-04-28T20:00:00Z,17.233609,-395.59,24.424,-395.59,0.0,395.59,1.0,False,5182;5197
TMO,Short,125,2021-04-27T20:00:00Z,488.070002,2021-04-28T20:00:00Z,482.121772,743.53,24.0298,0.0,1206.39,462.86,1.0,True,5184;5198
XOM,Long,1347,2021-04-27T20:00:00Z,45.688281,2021-04-28T20:00:00Z,46.372749,921.98,25.1371,0.0,2239.09,1317.11,1.0,True,5180;5199
CI,Short,271,2021-04-27T20:00:00Z,224.718631,2021-04-29T20:00:00Z,225.052899,-90.59,24.5162,-367.24,391.73,758.97,2.0,False,5185;5203
SPY,Long,185,2021-04-27T20:00:00Z,388.408445,2021-05-04T20:00:00Z,386.568483,-340.39,57.1612,-404.0,414.32,818.32,7.0,False,5186;5204
SPY,Long,436,2021-04-28T20:00:00Z,388.287639,2021-05-04T20:00:00Z,386.568483,-749.55,33.823,-899.46,1029.11,1928.58,6.0,False,5200;5204
SPY,Long,119,2021-04-29T20:00:00Z,390.647994,2021-05-04T20:00:00Z,386.568483,-485.46,9.2903,-526.38,0.0,526.38,5.0,False,5202;5204
ADP,Short,367,2021-04-01T20:00:00Z,167.719181,2021-05-04T20:00:00Z,168.098317,-139.14,24.8108,-1834.74,1427.02,3261.77,33.0,False,5158;5205
CVX,Short,730,2021-04-01T20:00:00Z,84.086442,2021-05-04T20:00:00Z,84.700678,-448.39,24.6825,-867.67,2591.36,3459.02,33.0,False,5151;5206
DIS,Long,341,2021-04-01T20:00:00Z,180.745972,2021-05-04T20:00:00Z,179.10741,-558.75,24.6828,-1213.38,1120.81,2334.18,33.0,False,5147;5207
GILD,Short,1153,2021-04-01T20:00:00Z,53.970366,2021-05-04T20:00:00Z,53.888369,94.54,24.9743,-992.7,2221.75,2202.84,33.0,True,5156;5208
ISRG,Long,248,2021-04-01T20:00:00Z,249.996642,2021-05-04T20:00:00Z,287.239971,9236.35,26.397,0.0,11688.24,3504.24,33.0,True,5153;5209
HD,Short,219,2021-04-27T20:00:00Z,279.459494,2021-05-04T20:00:00Z,286.97569,-1646.05,24.9527,-2343.04,150.86,2493.89,7.0,False,5179;5210
INTC,Long,1081,2021-04-23T20:00:00Z,53.66276,2021-05-04T20:00:00Z,51.661775,-2163.06,22.838,-2163.06,0.0,2163.06,11.0,False,5171;5211
GM,Short,1109,2021-04-01T20:00:00Z,55.515671,2021-05-04T20:00:00Z,54.154617,1509.41,24.0528,-4273.12,2742.45,4273.12,33.0,True,5157;5212
PFE,Short,2238,2021-04-01T20:00:00Z,27.341527,2021-05-04T20:00:00Z,30.11334,-6203.32,25.7134,-6203.32,674.27,6877.59,33.0,False,5150;5213
USB,Short,1375,2021-04-05T20:00:00Z,45.046587,2021-05-04T20:00:00Z,47.089806,-2809.43,25.6733,-4565.32,307.28,4872.6,29.0,False,5163;5214
UTX,Short,880,2021-04-23T20:00:00Z,69.94196,2021-05-04T20:00:00Z,74.654456,-4147.0,25.6911,-4162.62,0.0,4162.62,11.0,False,5177;5215
KO,Short,1362,2021-04-01T20:00:00Z,45.06789,2021-05-04T20:00:00Z,46.463497,-1900.82,36.8944,-1912.41,173.86,2086.26,33.0,False,5149;5222
AMAT,Long,482,2021-05-04T20:00:00Z,124.229839,2021-05-18T20:00:00Z,119.76506,-2152.02,23.0898,-6939.93,1387.06,8326.99,14.0,False,5241;5327
AMD,Long,780,2021-05-04T20:00:00Z,78.0,2021-05-18T20:00:00Z,74.76,-2527.2,23.8758,-3829.8,631.8,4461.6,14.0,False,5249;5328
SPGI,Short,172,2021-05-04T20:00:00Z,354.401775,2021-05-18T20:00:00Z,338.550429,2726.43,23.8388,0.0,3524.94,1555.08,14.0,True,5251;5329
GS,Long,199,2021-05-04T20:00:00Z,306.552856,2021-05-18T20:00:00Z,326.304384,3930.55,24.9821,0.0,3930.55,2883.22,14.0,True,5242;5330
SNAP,Long,1035,2021-05-04T20:00:00Z,58.03,2021-05-18T20:00:00Z,54.17,-3995.1,22.592,-7317.45,0.0,7317.45,14.0,False,5250;5331
PCLN,Long,642,2021-05-04T20:00:00Z,94.159238,2021-05-18T20:00:00Z,87.194755,-4471.2,23.0512,-5958.75,0.0,5958.75,14.0,False,5247;5332
SBUX,Long,600,2021-05-04T20:00:00Z,101.482294,2021-05-18T20:00:00Z,98.541479,-1764.49,23.861,-2603.29,0.0,2603.29,14.0,False,5239;5333
T,Short,3805,2021-05-19T20:00:00Z,16.121763,2021-05-20T20:00:00Z,16.14956,-105.76,24.7869,-1353.78,0.0,1353.78,1.0,False,5353;5366
UTX,Long,825,2021-05-19T20:00:00Z,75.293438,2021-05-20T20:00:00Z,75.577162,234.07,25.0333,0.0,661.29,427.21,1.0,True,5354;5367
AAPL,Short,476,2021-05-04T20:00:00Z,127.322083,2021-05-24T20:00:00Z,122.558209,2267.6,23.5882,0.0,3763.09,2166.83,20.0,True,5216;5398
ABT,Short,567,2021-05-04T20:00:00Z,107.743795,2021-05-24T20:00:00Z,106.695282,594.51,24.0704,0.0,1460.64,1025.01,20.0,True,5223;5399
ACN,Short,232,2021-05-04T20:00:00Z,262.657846,2021-05-24T20:00:00Z,257.520085,1191.96,24.1513,-134.07,2409.06,1845.55,20.0,True,5228;5400
TSLA,Short,274,2021-04-01T20:00:00Z,229.556644,2021-05-24T20:00:00Z,193.876647,9776.32,23.1656,-6726.7,11435.85,8343.3,53.0,True,5145;5401
BLK,Short,83,2021-05-21T20:00:00Z,744.851305,2021-05-24T20:00:00Z,760.590691,-1306.37,25.255,-1736.97,0.0,1736.97,3.0,False,5384;5402
C,Long,1021,2021-05-04T20:00:00Z,59.657568,2021-05-24T20:00:00Z,65.230852,5690.32,25.6953,0.0,5758.67,1033.83,20.0,True,5238;5403
CAT,Short,286,2021-05-19T20:00:00Z,215.488021,2021-05-24T20:00:00Z,216.939211,-415.04,24.846,-770.04,289.75,1059.79,5.0,False,5355;5404
EL,Long,229,2021-05-04T20:00:00Z,270.832308,2021-05-24T20:00:00Z,274.661924,876.98,25.5517,-722.72,2083.62,2806.34,20.0,True,5245;5405
TGT,Long,341,2021-05-04T20:00:00Z,178.30426,2021-05-24T20:00:00Z,193.030244,5021.56,25.392,-1957.23,5021.56,3400.23,20.0,True,5246;5406
FB,Short,203,2021-05-19T20:00:00Z,300.947626,2021-05-24T20:00:00Z,315.438834,-2941.72,25.6659,-4182.34,0.0,4182.34,5.0,False,5350;5407
HD,Short,226,2021-05-19T20:00:00Z,272.047932,2021-05-24T20:00:00Z,276.268163,-953.77,24.8016,-953.77,0.0,953.77,5.0,False,5352;5408
IBM,Long,548,2021-05-04T20:00:00Z,111.475651,2021-05-24T20:00:00Z,113.228561,960.59,24.7119,-647.74,1696.32,2344.06,20.0,True,5240;5409
LLY,Short,347,2021-05-04T20:00:00Z,177.343376,2021-05-24T20:00:00Z,191.462771,-4899.43,25.6781,-4906.04,0.0,4906.04,20.0,False,5232;5410
MCD,Short,295,2021-05-04T20:00:00Z,206.552626,2021-05-24T20:00:00Z,204.149315,708.98,24.1919,-644.05,1737.38,1101.12,20.0,True,5230;5411
MMM,Long,533,2021-05-04T20:00:00Z,114.740198,2021-05-24T20:00:00Z,118.094357,1787.77,24.8712,0.0,2745.25,2625.09,20.0,True,5244;5412
NKE,Short,506,2021-05-04T20:00:00Z,120.21102,2021-05-24T20:00:00Z,121.001942,-400.21,24.4365,-2566.84,9.2,2576.04,20.0,False,5225;5413
PEP,Short,515,2021-04-01T20:00:00Z,118.377423,2021-05-24T20:00:00Z,123.785274,-2785.04,24.9687,-2875.72,0.0,2875.72,53.0,False,5152;5414
DE,Long,175,2021-05-04T20:00:00Z,347.298046,2021-05-24T20:00:00Z,337.668779,-1685.12,24.1553,-2718.1,3656.27,6374.37,20.0,False,5243;5415
TMO,Short,133,2021-05-04T20:00:00Z,456.881187,2021-05-24T20:00:00Z,458.299308,-188.61,24.3029,-813.38,1442.08,1630.69,20.0,False,5227;5416
WMT,Short,1412,2021-05-19T20:00:00Z,43.900019,2021-05-24T20:00:00Z,44.227608,-462.56,24.9939,-753.3,0.0,753.3,5.0,False,5351;5417
CRM,Short,279,2021-05-04T20:00:00Z,217.517545,2021-05-25T20:00:00Z,223.728967,-1732.99,24.3598,-1732.99,3047.1,4780.09,21.0,False,5224;5426
UPS,Short,369,2021-05-04T20:00:00Z,165.372637,2021-05-25T20:00:00Z,167.546957,-802.32,24.6163,-1713.01,273.97,1713.01,21.0,False,5229;5427
CVS,Long,936,2021-05-04T20:00:00Z,66.523625,2021-06-02T20:00:00Z,72.687586,5769.47,26.3425,0.0,8520.21,3105.42,29.0,True,5248;5431
MSFT,Short,254,2021-05-04T20:00:00Z,239.571542,2021-06-02T20:00:00Z,237.643798,489.65,24.0638,-432.09,2835.25,3228.8,29.0,True,5217;5432
PG,Short,519,2021-05-04T20:00:00Z,118.040049,2021-06-02T20:00:00Z,116.134768,988.84,24.3128,-1515.01,1002.45,2236.23,29.0,True,5219;5433
TMUS,Short,493,2021-05-04T20:00:00Z,123.692356,2021-06-02T20:00:00Z,134.022894,-5092.96,25.1116,-5092.96,0.0,5092.96,29.0,False,5234;5434
TXN,Short,397,2021-05-04T20:00:00Z,153.858862,2021-06-02T20:00:00Z,163.560274,-3851.46,25.3415,-4279.78,568.81,4848.59,29.0,False,5233;5435
UNP,Long,309,2021-05-04T20:00:00Z,197.472488,2021-06-02T20:00:00Z,199.372277,587.03,24.6733,-451.14,1725.28,2176.42,29.0,True,5237;5436
XOM,Long,1278,2021-05-04T20:00:00Z,48.083921,2021-06-02T20:00:00Z,50.189825,2691.35,25.2091,0.0,4255.03,4173.34,29.0,True,5221;5437
MRK,Long,986,2021-05-13T20:00:00Z,62.676762,2021-06-02T20:00:00Z,60.60068,-2047.02,36.9822,-2150.16,1570.97,3721.13,20.0,False,5304;5456
HON,Long,310,2021-05-04T20:00:00Z,196.409662,2021-06-02T20:00:00Z,207.64313,3482.37,37.2711,-578.34,3482.37,2976.65,29.0,True,5236;5462
SCHW,Long,935,2021-05-21T20:00:00Z,66.425595,2021-06-02T20:00:00Z,69.831318,3184.35,38.0557,0.0,3262.87,942.22,12.0,True,5383;5467
SPY,Long,251,2021-05-25T20:00:00Z,390.60153,2021-06-02T20:00:00Z,390.620116,4.66,125.9454,-293.89,4.66,293.89,8.0,True,5430;5488
SPY,Long,200,2021-05-25T20:00:00Z,390.60153,2021-06-07T20:00:00Z,392.664517,412.6,15.6932,-289.93,421.89,293.65,13.0,True,5430;5546
PYPL,Short,254,2021-04-01T20:00:00Z,245.581304,2021-06-07T20:00:00Z,259.209325,-3461.52,25.5288,-6810.0,2112.58,6810.0,67.0,False,5148;5547
ADBE,Long,121,2021-05-04T20:00:00Z,499.23,2021-06-14T20:00:00Z,545.11,5551.48,25.3531,-3283.94,6984.12,3283.94,41.0,True,5220;5677
COST,Short,170,2021-05-04T20:00:00Z,358.52425,2021-06-17T20:00:00Z,359.290428,-130.25,24.4433,-1365.22,1098.28,2463.5,44.0,False,5235;5752
LLY,Short,326,2021-06-03T20:00:00Z,189.671975,2021-06-17T20:00:00Z,210.847186,-6903.12,26.3896,-10688.5,0.0,10688.5,14.0,False,5489;5753
PCLN,Long,673,2021-05-25T20:00:00Z,92.116078,2021-06-18T20:00:00Z,89.208609,-1956.73,24.0962,-3021.21,106.5,3127.71,24.0,False,5428;5776
HD,Long,223,2021-06-02T20:00:00Z,276.524782,2021-06-21T20:00:00Z,267.557974,-1999.6,24.27,-2515.62,0.0,2515.62,19.0,False,5445;5800
VZ,Long,1518,2021-06-02T20:00:00Z,40.555204,2021-06-21T20:00:00Z,40.411007,-218.89,24.7433,-470.61,1192.95,1663.56,19.0,False,5447;5801
MDT,Short,549,2021-05-04T20:00:00Z,111.332666,2021-06-23T20:00:00Z,107.742662,1970.91,23.7247,0.0,4236.06,2465.98,50.0,True,5231;5821
TSLA,Short,296,2021-06-02T20:00:00Z,206.776646,2021-06-24T20:00:00Z,225.069977,-5414.83,25.3561,-5869.68,4685.68,10555.36,22.0,False,5440;5856
C,Long,984,2021-06-15T20:00:00Z,62.778942,2021-06-24T20:00:00Z,58.829107,-3886.64,23.9061,-6105.81,0.0,6105.81,9.0,False,5703;5857
CSCO,Long,1358,2021-06-02T20:00:00Z,45.351677,2021-06-24T20:00:00Z,45.792068,598.05,24.7992,-527.69,2943.35,3471.04,22.0,True,5450;5858
MRK,Short,1020,2021-06-02T20:00:00Z,60.60068,2021-06-24T20:00:00Z,64.582755,-4061.72,13.2478,-5163.53,0.0,5163.53,22.0,False,5456;5859
ABT,Long,645,2021-06-02T20:00:00Z,95.812435,2021-06-25T20:00:00Z,101.127314,3428.1,25.6151,0.0,3923.65,1224.32,23.0,True,5453;5877
BMY,Long,1135,2021-06-18T20:00:00Z,54.120874,2021-06-25T20:00:00Z,53.697354,-480.69,24.6282,-1100.05,351.28,1451.33,7.0,False,5777;5878
DIS,Short,356,2021-06-02T20:00:00Z,173.474248,2021-06-25T20:00:00Z,173.493639,-6.9,24.5315,-6.9,2233.21,2240.12,23.0,False,5446;5879
FB,Long,189,2021-06-02T20:00:00Z,327.651861,2021-06-25T20:00:00Z,339.022953,2149.14,25.1052,-889.23,2319.49,1331.04,23.0,True,5439;5880
INTC,Long,1185,2021-06-02T20:00:00Z,52.043568,2021-06-25T20:00:00Z,51.29316,-889.23,24.5927,-1745.93,1431.45,3177.38,23.0,False,5448;5881
KO,Long,1321,2021-05-04T20:00:00Z,46.463497,2021-06-25T20:00:00Z,46.55638,122.7,12.3047,-674.49,1843.6,2321.18,52.0,True,5222;5882
MCD,Short,299,2021-06-08T20:00:00Z,204.922758,2021-06-25T20:00:00Z,206.020401,-328.2,24.6178,-1450.41,497.59,1458.35,17.0,False,5575;5883
MS,Short,779,2021-06-08T20:00:00Z,78.182236,2021-06-25T20:00:00Z,73.822317,3396.38,23.8986,-204.44,5447.39,2835.81,17.0,True,5576;5884
NFLX,Long,1237,2021-06-02T20:00:00Z,49.982,2021-06-25T20:00:00Z,52.902,3612.04,25.3909,-1733.04,3612.04,1733.04,23.0,True,5449;5885
T,Long,3787,2021-06-02T20:00:00Z,16.282981,2021-06-25T20:00:00Z,15.960546,-1221.06,24.6423,-1389.48,105.26,1494.75,23.0,False,5452;5886
UNH,Short,167,2021-06-02T20:00:00Z,371.122097,2021-06-25T20:00:00Z,364.25132,1147.42,24.6093,0.0,2778.78,2368.74,23.0,True,5444;5887
WMT,Short,1396,2021-06-02T20:00:00Z,44.112172,2021-06-25T20:00:00Z,42.783098,1855.39,24.3796,-200.35,2709.04,1463.4,23.0,True,5443;5888
SPY,Long,917,2021-05-25T20:00:00Z,390.60153,2021-06-28T20:00:00Z,398.219023,6985.24,78.9101,-3453.47,7275.92,7654.54,34.0,True,5430;5906
SPY,Long,73,2021-06-18T20:00:00Z,388.923858,2021-06-28T20:00:00Z,398.219023,678.55,5.6478,-152.45,701.69,34.71,10.0,True,5799;5906
AAPL,Long,510,2021-06-02T20:00:00Z,120.797651,2021-06-28T20:00:00Z,129.79498,4588.64,25.7797,-322.44,5253.37,664.73,26.0,True,5438;5907
AMZN,Short,362,2021-05-04T20:00:00Z,167.107045,2021-06-28T20:00:00Z,170.399303,-1191.8,24.3985,-2806.86,3576.48,6383.34,55.0,False,5218;5908
AVGO,Long,1462,2021-06-02T20:00:00Z,42.543496,2021-06-28T20:00:00Z,42.43942,-152.16,25.0527,-1098.1,615.75,1625.39,26.0,False,5455;5909
BLK,Short,80,2021-06-23T20:00:00Z,764.173407,2021-06-28T20:00:00Z,772.542908,-669.56,24.6116,-865.0,0.0,865.0,5.0,False,5822;5910
CAT,Short,316,2021-06-23T20:00:00Z,194.952314,2021-06-28T20:00:00Z,197.553504,-821.98,24.8069,-1655.49,0.0,1655.49,5.0,False,5823;5911
AMD,Long,711,2021-06-25T20:00:00Z,86.3,2021-06-28T20:00:00Z,86.4,71.1,24.5579,0.0,554.58,483.48,3.0,True,5898;5912
SQ,Long,251,2021-06-25T20:00:00Z,243.03,2021-06-28T20:00:00Z,241.72,-328.81,24.4243,-328.81,896.07,1224.88,3.0,False,5896;5913
HON,Short,298,2021-06-02T20:00:00Z,207.64313,2021-06-28T20:00:00Z,194.623951,3879.72,11.4699,0.0,5729.28,1849.56,26.0,True,5462;5914
IBM,Short,539,2021-06-25T20:00:00Z,113.478341,2021-06-28T20:00:00Z,114.75066,-685.78,24.5812,-685.78,37.87,723.64,3.0,False,5890;5915
JNJ,Long,429,2021-04-01T20:00:00Z,140.600285,2021-06-28T20:00:00Z,143.148079,1093.0,24.3253,-1157.38,3343.83,3198.93,88.0,True,5146;5916
MMM,Short,544,2021-06-25T20:00:00Z,112.68461,2021-06-28T20:00:00Z,113.994829,-712.76,24.804,-947.18,0.0,947.18,3.0,False,5894;5917
MO,Short,1867,2021-05-25T20:00:00Z,33.065563,2021-06-28T20:00:00Z,31.881462,2210.72,23.9596,-208.6,3983.79,1773.07,34.0,True,5429;5918
NVDA,Short,3814,2021-06-02T20:00:00Z,16.182061,2021-06-28T20:00:00Z,19.267044,-11766.12,27.9112,-14154.1,0.0,14154.1,26.0,False,5442;5919
ORCL,Short,837,2021-06-02T20:00:00Z,73.819614,2021-06-28T20:00:00Z,72.837823,821.76,24.6171,-3814.2,2674.59,3814.2,26.0,True,5451;5920
ZM,Long,164,2021-06-25T20:00:00Z,374.07,2021-06-28T20:00:00Z,376.38,378.84,24.9716,0.0,2425.56,2046.72,3.0,True,5897;5921
PEP,Short,498,2021-06-02T20:00:00Z,124.254792,2021-06-28T20:00:00Z,123.929516,161.99,24.7461,-611.89,956.9,1043.06,26.0,True,5454;5922
SCHW,Short,886,2021-06-02T20:00:00Z,69.831318,2021-06-28T20:00:00Z,68.674305,1025.11,12.1162,-967.24,4141.79,3265.48,26.0,True,5467;5923
V,Short,283,2021-06-02T20:00:00Z,220.542535,2021-06-28T20:00:00Z,228.840403,-2348.3,25.2381,-2348.3,342.86,2691.15,26.0,False,5441;5924
WFC,Short,1532,2021-05-04T20:00:00Z,39.862312,2021-06-28T20:00:00Z,40.548687,-1051.53,24.6971,-3617.38,4674.37,6225.56,55.0,False,5226;5925
SBUX,Long,626,2021-06-18T20:00:00Z,97.966351,2021-06-28T20:00:00Z,99.868697,1190.87,24.5862,0.0,1285.03,443.11,10.0,True,5779;5926
AMAT,Short,462,2021-06-25T20:00:00Z,132.846312,2021-06-30T20:00:00Z,135.709916,-1322.98,24.6535,-1632.71,0.0,1632.71,5.0,False,5892;5927
MU,Long,780,2021-06-25T20:00:00Z,79.54195,2021-06-30T20:00:00Z,82.789157,2532.82,25.4058,0.0,2593.67,342.27,5.0,True,5900;5928
AXP,Short,386,2021-06-25T20:00:00Z,158.940999,2021-07-01T20:00:00Z,156.46537,955.59,24.4951,0.0,1618.24,1125.68,6.0,True,5889;5929
DHR,Short,333,2021-06-03T20:00:00Z,185.434126,2021-07-01T20:00:00Z,205.517458,-6687.75,26.1998,-7752.61,459.29,8211.91,28.0,False,5490;5930
SPGI,Long,164,2021-06-25T20:00:00Z,371.830372,2021-07-01T20:00:00Z,372.825926,163.27,24.4776,-57.89,201.86,57.89,6.0,True,5901;5931
ABNB,Long,406,2021-06-25T20:00:00Z,151.32,2021-07-01T20:00:00Z,154.5,1291.08,24.5833,-2127.44,1291.08,2127.44,6.0,True,5904;5932
GS,Short,188,2021-06-25T20:00:00Z,325.149499,2021-07-01T20:00:00Z,335.622836,-1968.99,24.6541,-1968.99,18.23,1987.22,6.0,False,5891;5933
LMT,Short,186,2021-06-25T20:00:00Z,327.337558,2021-07-01T20:00:00Z,327.702338,-67.85,24.6253,-529.87,546.02,1075.89,6.0,False,5895;5934
USB,Short,1350,2021-06-25T20:00:00Z,45.589317,2021-07-01T20:00:00Z,46.109457,-702.19,24.9659,-951.83,46.74,998.57,6.0,False,5902;5935
UTX,Long,793,2021-06-18T20:00:00Z,76.693186,2021-07-01T20:00:00Z,76.264633,-339.84,24.3752,-1033.69,1486.81,2520.5,13.0,False,5778;5936
INTU,Short,131,2021-06-25T20:00:00Z,463.204625,2021-07-01T20:00:00Z,472.314827,-1193.44,36.8551,-1313.28,0.0,1313.28,6.0,False,5893;5953
GM,Long,1065,2021-06-25T20:00:00Z,57.959818,2021-07-01T20:00:00Z,56.991744,-1031.0,36.5596,-1868.05,0.0,1868.05,6.0,False,5903;5960
SYK,Long,247,2021-06-25T20:00:00Z,247.733156,2021-07-13T20:00:00Z,251.590497,952.76,24.5759,-283.06,1051.25,895.8,18.0,True,5899;5966
AMT,Short,262,2021-07-01T20:00:00Z,230.993836,2021-07-19T20:00:00Z,243.26455,-3214.93,24.8372,-3214.93,0.0,3214.93,18.0,False,5954;5968
JNJ,Short,425,2021-07-01T20:00:00Z,143.3395,2021-07-19T20:00:00Z,144.853466,-643.44,24.6162,-2100.41,0.0,2100.41,18.0,False,5939;5969
EL,Long,207,2021-07-01T20:00:00Z,295.80832,2021-07-22T20:00:00Z,298.304203,516.65,24.633,-1230.39,1331.8,2076.16,21.0,True,5955;5971
TMUS,Long,445,2021-07-01T20:00:00Z,136.612617,2021-07-23T20:00:00Z,137.453804,374.33,24.3389,-227.12,2048.29,2275.41,22.0,True,5948;5972
GOOGL,Long,504,2021-07-01T20:00:00Z,120.57762,2021-07-27T20:00:00Z,132.985055,6253.35,25.3963,0.0,6253.35,1826.75,26.0,True,5937;5973
UPS,Long,373,2021-07-01T20:00:00Z,164.429402,2021-07-27T20:00:00Z,155.540053,-3315.73,23.7479,-4159.3,1426.47,5585.77,26.0,False,5947;5974
SPY,Short,109,2021-07-01T20:00:00Z,399.850571,2021-07-27T20:00:00Z,410.161957,-1123.94,131.5586,-1233.69,397.34,1631.04,26.0,False,5965;5975
SPY,Short,75,2021-07-01T20:00:00Z,399.850571,2021-07-28T20:00:00Z,409.956848,-757.97,6.1369,-848.87,273.4,1122.27,27.0,False,5965;5987
ADBE,Short,104,2021-07-01T20:00:00Z,583.06,2021-07-28T20:00:00Z,620.99,-3944.72,25.0775,-4452.24,0.0,4452.24,27.0,False,5942;5988
AMGN,Short,294,2021-07-01T20:00:00Z,207.021763,2021-07-28T20:00:00Z,207.786183,-224.74,24.529,-1238.56,129.85,1238.56,27.0,False,5952;5989
SHOP,Long,417,2021-07-01T20:00:00Z,146.098,2021-07-28T20:00:00Z,156.0,4129.13,24.9866,-812.32,7603.58,4391.84,27.0,True,5946;5990
SQ,Short,250,2021-07-01T20:00:00Z,242.85,2021-07-28T20:00:00Z,254.0,-2787.5,25.023,-5287.5,2290.0,7577.5,27.0,False,5957;5991
GILD,Short,1069,2021-07-01T20:00:00Z,57.168087,2021-07-28T20:00:00Z,57.085235,88.57,24.6559,-938.83,1160.26,2099.09,27.0,True,5964;5992
HD,Short,218,2021-07-01T20:00:00Z,280.407769,2021-07-28T20:00:00Z,286.11392,-1243.94,24.7282,-2470.68,546.49,3017.18,27.0,False,5941;5993
MCD,Long,298,2021-07-01T20:00:00Z,204.843091,2021-07-28T20:00:00Z,214.659909,2925.41,25.0098,-567.14,3941.0,2076.01,27.0,True,5949;5994
FIS,Long,493,2021-07-01T20:00:00Z,123.556831,2021-07-28T20:00:00Z,131.79686,4062.33,25.1418,0.0,4062.33,2643.74,27.0,True,5962;5995
NEE,Long,956,2021-07-01T20:00:00Z,63.812082,2021-07-28T20:00:00Z,67.885194,3893.89,25.3003,0.0,3893.89,1697.34,27.0,True,5950;5996
GM,Short,1075,2021-07-01T20:00:00Z,56.991744,2021-07-28T20:00:00Z,53.119449,4162.72,11.4351,0.0,5440.38,2998.39,27.0,True,5960;5997
NVDA,Long,3064,2021-07-01T20:00:00Z,20.03251,2021-07-28T20:00:00Z,19.191393,-2577.18,24.2255,-5990.04,1749.13,7739.17,27.0,False,5938;5998
PEP,Short,487,2021-07-01T20:00:00Z,125.061216,2021-07-28T20:00:00Z,133.042229,-3886.75,25.0636,-4055.39,0.0,4055.39,27.0,False,5945;5999
DE,Short,184,2021-07-01T20:00:00Z,333.033658,2021-07-28T20:00:00Z,331.769542,232.6,24.3917,0.0,3568.22,3533.76,27.0,True,5958;6000
UNH,Long,167,2021-07-01T20:00:00Z,366.008393,2021-07-28T20:00:00Z,377.351986,1894.38,24.7534,0.0,2739.71,1670.89,27.0,True,5940;6001
UNP,Long,312,2021-07-01T20:00:00Z,196.953919,2021-07-28T20:00:00Z,194.535561,-754.53,24.4173,-1991.73,1894.64,3886.37,27.0,False,5951;6002
XOM,Short,1170,2021-07-01T20:00:00Z,53.124661,2021-07-28T20:00:00Z,47.982498,6016.33,23.5004,0.0,8608.58,3017.84,27.0,True,5943;6003
SPY,Short,533,2021-07-01T20:00:00Z,399.850571,2021-07-28T20:00:00Z,409.956848,-5386.65,43.6129,-6032.65,1942.97,7975.61,27.0,False,5965;6004
ZTS,Long,346,2021-07-01T20:00:00Z,176.559005,2021-08-03T20:00:00Z,191.908161,5310.81,25.7234,0.0,5677.15,1127.05,33.0,True,5961;6005
INTU,Long,129,2021-07-01T20:00:00Z,472.314827,2021-08-03T20:00:00Z,509.927918,4852.09,13.1882,0.0,5012.53,983.81,33.0,True,5953;6006
MDLZ,Long,1115,2021-07-01T20:00:00Z,54.68976,2021-08-03T20:00:00Z,55.521843,927.77,24.5811,-97.66,2724.72,1923.91,33.0,True,5963;6007
ZM,Long,157,2021-07-01T20:00:00Z,386.12,2021-08-03T20:00:00Z,378.13,-1254.43,23.9067,-5204.55,2355.0,7559.55,33.0,False,5956;6008
PFE,Long,2048,2021-07-01T20:00:00Z,29.793952,2021-08-03T20:00:00Z,33.901403,8412.06,26.6984,0.0,10848.48,2436.42,33.0,True,5944;6009
SPY,Short,492,2021-07-01T20:00:00Z,399.850571,2021-08-03T20:00:00Z,408.77281,-4389.74,40.4709,-5628.23,1793.51,7421.74,33.0,False,5965;6017
SPY,Short,319,2021-07-01T20:00:00Z,399.850571,2021-08-11T20:00:00Z,413.732718,-4428.4,31.8581,-4431.38,1162.87,5594.24,41.0,False,5965;6028
C,Long,1082,2021-08-03T20:00:00Z,57.599096,2021-08-12T20:00:00Z,62.733441,5555.36,26.0947,0.0,5555.36,155.08,9.0,True,6013;6029
ADP,Long,333,2021-08-03T20:00:00Z,185.678038,2021-08-13T20:00:00Z,190.612325,1643.12,25.2875,0.0,2100.36,536.89,10.0,True,6015;6031
ISRG,Long,186,2021-08-03T20:00:00Z,331.676633,2021-08-13T20:00:00Z,333.896633,412.92,24.8329,-257.3,2292.14,2255.56,10.0,True,6014;6032
CVX,Short,753,2021-08-03T20:00:00Z,82.063481,2021-08-16T20:00:00Z,81.554773,383.06,24.7504,-747.87,851.24,1599.11,13.0,True,6012;6034
LRCX,Long,988,2021-07-01T20:00:00Z,61.41499,2021-08-16T20:00:00Z,54.985889,-6351.95,22.8959,-6351.95,197.68,6549.63,46.0,False,5959;6035
SPY,Long,66,2021-08-11T20:00:00Z,413.732718,2021-08-16T20:00:00Z,414.506538,51.07,8.501,-11.08,196.9,145.83,5.0,True,6028;6036
SPY,Long,36,2021-08-12T20:00:00Z,413.564901,2021-08-16T20:00:00Z,414.506538,33.9,27.4718,0.0,113.44,79.54,4.0,True,6030;6036
CSCO,Short,1281,2021-08-03T20:00:00Z,48.215599,2021-08-18T20:00:00Z,48.459069,-311.88,24.8171,-1136.15,334.16,1136.15,15.0,False,6010;6043
SPY,Long,166,2021-08-12T20:00:00Z,413.564901,2021-08-18T20:00:00Z,412.949574,-102.14,13.5939,-682.51,523.1,1205.61,6.0,False,6030;6044
SPY,Long,129,2021-08-12T20:00:00Z,413.564901,2021-08-19T20:00:00Z,406.768336,-876.76,31.4947,-876.76,406.51,1283.26,7.0,False,6030;6053
SPY,Long,184,2021-08-13T20:00:00Z,415.392235,2021-08-19T20:00:00Z,406.768336,-1586.8,15.2991,-1586.8,243.59,1830.39,6.0,False,6033;6053
SPY,Long,71,2021-08-17T20:00:00Z,414.208197,2021-08-19T20:00:00Z,406.768336,-528.23,20.5336,-528.23,178.06,528.23,2.0,False,6042;6053
SPY,Long,177,2021-08-17T20:00:00Z,414.208197,2021-08-20T20:00:00Z,410.34842,-683.18,14.6326,-1316.86,443.9,1316.86,3.0,False,6042;6054
ACN,Long,209,2021-08-19T20:00:00Z,292.302647,2021-08-25T20:00:00Z,300.569811,1727.84,25.0447,0.0,2011.71,380.39,6.0,True,6047;6066
TSLA,Short,274,2021-08-20T20:00:00Z,227.616644,2021-08-25T20:00:00Z,235.576643,-2181.04,25.4173,-2589.3,0.0,2589.3,5.0,False,6055;6067
ZTS,Short,320,2021-08-19T20:00:00Z,191.917615,2021-08-25T20:00:00Z,193.222212,-417.47,24.8589,-1222.16,0.0,1222.16,6.0,False,6051;6068
SHOP,Short,406,2021-08-11T20:00:00Z,153.625,2021-08-25T20:00:00Z,154.145,-211.12,24.6643,-649.19,3473.33,4122.52,14.0,False,6021;6069
AMD,Long,581,2021-08-11T20:00:00Z,107.41,2021-08-25T20:00:00Z,108.26,493.85,25.0969,-2306.57,1824.34,4130.91,14.0,True,6025;6070
CRM,Short,259,2021-08-11T20:00:00Z,240.086695,2021-08-25T20:00:00Z,255.708472,-4046.04,25.5739,-4112.12,0.0,4112.12,14.0,False,6019;6071
TGT,Long,275,2021-08-11T20:00:00Z,225.616997,2021-08-25T20:00:00Z,214.367855,-3093.51,24.1566,-4324.31,0.0,4324.31,14.0,False,6024;6072
HD,Short,218,2021-08-19T20:00:00Z,279.426066,2021-08-25T20:00:00Z,284.124217,-1024.2,24.7175,-1996.8,0.0,1996.8,6.0,False,6046;6073
MDLZ,Long,1116,2021-08-19T20:00:00Z,55.031352,2021-08-25T20:00:00Z,54.532102,-557.16,24.5445,-938.38,645.14,1583.52,6.0,False,6052;6074
QCOM,Long,485,2021-08-19T20:00:00Z,125.485809,2021-08-25T20:00:00Z,129.351718,1874.97,24.637,0.0,1874.97,255.48,6.0,True,6049;6075
T,Long,3911,2021-08-19T20:00:00Z,15.737527,2021-08-25T20:00:00Z,15.539393,-774.9,24.3364,-819.18,0.0,819.18,6.0,False,6048;6076
TXN,Long,386,2021-08-23T20:00:00Z,161.261134,2021-08-25T20:00:00Z,163.49171,861.0,25.1895,0.0,861.0,0.0,2.0,True,6060;6077
SPY,Short,174,2021-08-23T20:00:00Z,415.140511,2021-08-25T20:00:00Z,417.881512,-476.93,50.8391,-588.87,0.0,588.87,2.0,False,6061;6078
BLK,Long,75,2021-08-25T20:00:00Z,823.324351,2021-08-26T20:00:00Z,831.138238,586.04,24.8095,0.0,586.04,0.0,1.0,True,6065;6079
COST,Long,144,2021-08-25T20:00:00Z,427.618307,2021-08-26T20:00:00Z,427.618307,0.0,24.5784,-262.01,0.0,262.01,1.0,False,6063;6080
PFE,Short,1669,2021-08-25T20:00:00Z,36.764256,2021-08-26T20:00:00Z,36.695179,115.29,24.3107,0.0,666.12,550.83,1.0,True,6062;6081
SBUX,Long,606,2021-08-25T20:00:00Z,102.645708,2021-08-26T20:00:00Z,102.699003,32.3,24.7489,-667.46,32.3,667.46,1.0,True,6064;6082
AVGO,Long,1433,2021-08-20T20:00:00Z,42.966482,2021-09-01T20:00:00Z,45.097449,3053.68,25.2193,0.0,3394.85,746.16,12.0,True,6056;6084
CCI,Long,418,2021-08-11T20:00:00Z,148.697928,2021-09-01T20:00:00Z,151.038651,978.42,25.264,-686.84,2008.68,2695.52,21.0,True,6026;6085
JPM,Long,448,2021-08-19T20:00:00Z,135.890586,2021-09-01T20:00:00Z,141.379153,2458.88,24.826,0.0,3577.63,1316.41,13.0,True,6045;6086
SYK,Short,245,2021-08-20T20:00:00Z,250.802496,2021-09-01T20:00:00Z,263.647852,-3147.11,25.2118,-3147.11,0.0,3147.11,12.0,False,6059;6087
TJX,Long,935,2021-08-11T20:00:00Z,66.522442,2021-09-01T20:00:00Z,68.057361,1435.15,25.0133,-2000.51,3740.09,3244.31,21.0,True,6027;6088
TMUS,Long,463,2021-08-20T20:00:00Z,133.361286,2021-09-01T20:00:00Z,130.157212,-1483.49,24.4666,-1785.43,630.15,2415.59,12.0,False,6057;6089
UTX,Long,791,2021-08-11T20:00:00Z,78.398472,2021-09-01T20:00:00Z,76.470892,-1524.72,24.467,-2796.44,120.06,2916.49,21.0,False,6023;6090
NVDA,Long,3113,2021-08-17T20:00:00Z,19.589555,2021-09-01T20:00:00Z,22.400543,8750.61,38.4714,-1983.16,9320.87,1983.16,15.0,True,6037;6093
MA,Short,174,2021-08-17T20:00:00Z,351.988456,2021-09-01T20:00:00Z,337.772789,2473.53,36.6958,0.0,2668.09,1148.79,15.0,True,6038;6098
NFLX,Long,1199,2021-08-03T20:00:00Z,51.439,2021-09-01T20:00:00Z,56.9,6547.74,38.9548,-440.03,8114.83,1698.98,29.0,True,6011;6101
AMT,Long,248,2021-08-20T20:00:00Z,248.853873,2021-09-01T20:00:00Z,251.089603,554.46,37.8202,-1386.15,1825.46,1386.15,12.0,True,6058;6120
SPGI,Short,153,2021-08-17T20:00:00Z,402.113315,2021-09-01T20:00:00Z,402.205589,-14.12,37.2751,-707.7,1980.16,2687.86,15.0,False,6040;6130
GILD,Long,1091,2021-08-03T20:00:00Z,56.704114,2021-09-01T20:00:00Z,60.192196,3805.5,37.9312,0.0,4148.99,1581.86,29.0,True,6016;6135
SPY,Long,260,2021-08-25T20:00:00Z,417.881512,2021-09-01T20:00:00Z,421.965045,1061.72,116.088,-475.11,1061.72,475.11,7.0,True,6078;6137
SPY,Long,593,2021-08-26T20:00:00Z,418.235791,2021-09-01T20:00:00Z,421.965045,2211.45,49.344,-1293.7,2211.45,370.42,6.0,True,6083;6137
AAPL,Long,421,2021-09-01T20:00:00Z,148.868304,2021-09-27T20:00:00Z,141.630433,-3047.14,24.4329,-4051.92,1587.14,5639.06,26.0,False,6091;6361
ABBV,Short,620,2021-09-01T20:00:00Z,100.713164,2021-09-27T20:00:00Z,89.168606,7157.63,22.7042,0.0,7539.5,830.84,26.0,True,6104;6362
AMT,Short,248,2021-09-01T20:00:00Z,251.089603,2021-09-27T20:00:00Z,242.679975,2085.59,11.7451,-2478.01,3544.62,2478.01,26.0,True,6120;6363
COST,Long,144,2021-09-01T20:00:00Z,431.645916,2021-09-27T20:00:00Z,441.179502,1372.84,25.0298,-592.26,1674.42,2019.68,26.0,True,6105;6364
EL,Short,208,2021-08-19T20:00:00Z,294.957871,2021-09-27T20:00:00Z,295.324698,-76.3,24.8641,-4954.22,1537.48,4954.22,39.0,False,6050;6365
SPGI,Long,154,2021-09-01T20:00:00Z,402.205589,2021-09-27T20:00:00Z,409.268349,1087.67,12.4357,0.0,1456.27,1281.74,26.0,True,6130;6366
GS,Short,170,2021-09-02T20:00:00Z,367.736734,2021-09-27T20:00:00Z,351.321418,2790.6,24.5269,0.0,5914.03,3609.86,25.0,True,6139;6367
HON,Short,301,2021-09-01T20:00:00Z,207.577333,2021-09-27T20:00:00Z,195.168157,3735.16,24.0231,0.0,4816.53,1287.99,26.0,True,6112;6368
JNJ,Long,411,2021-09-01T20:00:00Z,151.33344,2021-09-27T20:00:00Z,143.543575,-3201.63,24.2396,-3500.21,769.83,4270.04,26.0,False,6095;6369
LLY,Short,252,2021-09-01T20:00:00Z,247.067753,2021-09-27T20:00:00Z,219.765495,6880.17,23.3015,-248.04,7739.89,929.56,26.0,True,6102;6370
MRNA,Short,165,2021-09-01T20:00:00Z,381.82,2021-09-27T20:00:00Z,429.38,-7847.4,26.3597,-12226.5,0.0,12226.5,26.0,False,6113;6371
MDT,Long,557,2021-08-17T20:00:00Z,110.680307,2021-09-27T20:00:00Z,111.326972,360.19,24.7779,-766.74,2724.08,3490.82,41.0,True,6039;6372
NFLX,Short,1095,2021-09-01T20:00:00Z,56.9,2021-09-27T20:00:00Z,58.661,-1928.3,12.9788,-4129.24,0.0,4129.24,26.0,False,6101;6373
NVDA,Short,2798,2021-09-01T20:00:00Z,22.400543,2021-09-27T20:00:00Z,21.607066,2220.15,12.0674,-955.47,3863.67,3813.53,26.0,True,6093;6374
ORCL,Short,743,2021-08-11T20:00:00Z,83.564899,2021-09-27T20:00:00Z,83.425454,103.61,24.9584,-794.33,2569.47,3363.8,47.0,True,6018;6375
PFE,Short,1763,2021-09-01T20:00:00Z,35.451795,2021-09-27T20:00:00Z,33.709522,3071.63,24.2483,-906.6,3558.76,906.6,26.0,True,6100;6376
TMO,Short,116,2021-08-11T20:00:00Z,532.536245,2021-09-27T20:00:00Z,594.949512,-7239.94,25.8826,-7956.94,0.0,7956.94,47.0,False,6020;6377
V,Long,282,2021-09-01T20:00:00Z,220.583207,2021-09-27T20:00:00Z,223.105809,711.37,24.9643,-2457.23,711.37,2457.23,26.0,True,6094;6378
WMT,Short,1344,2021-09-01T20:00:00Z,46.206555,2021-09-27T20:00:00Z,44.737941,1973.82,24.4122,-711.25,2234.75,711.25,26.0,True,6096;6379
SPY,Short,525,2021-09-01T20:00:00Z,421.965045,2021-09-28T20:00:00Z,411.279689,5609.81,109.8523,-288.78,8605.11,5047.82,27.0,True,6137;6391
PG,Short,498,2021-09-01T20:00:00Z,125.176061,2021-10-04T20:00:00Z,122.555217,1305.18,37.3541,-1467.23,1550.45,1467.23,33.0,True,6097;6410
BA,Long,284,2021-09-28T20:00:00Z,222.9,2021-10-04T20:00:00Z,225.53,746.92,37.6492,-840.64,880.4,1539.28,6.0,True,6386;6415
SPY,Long,829,2021-09-28T20:00:00Z,411.279689,2021-10-04T20:00:00Z,404.985117,-5218.2,100.0664,-8598.79,0.0,8598.79,6.0,False,6391;6422
PLD,Short,586,2021-09-28T20:00:00Z,108.09725,2021-10-04T20:00:00Z,108.597821,-293.33,25.5312,-799.08,0.0,799.08,6.0,False,6388;6423
C,Short,1028,2021-09-01T20:00:00Z,60.903962,2021-10-04T20:00:00Z,59.892268,1040.02,24.7161,-8.67,4602.09,4610.76,33.0,True,6115;6424
CAT,Long,334,2021-09-14T20:00:00Z,189.0615,2021-10-04T20:00:00Z,178.692665,-3463.19,24.2399,-4964.93,0.0,4964.93,20.0,False,6244;6425
TEAM,Short,162,2021-09-28T20:00:00Z,383.03,2021-10-04T20:00:00Z,390.76,-1252.26,24.763,-1488.78,51.84,1488.78,6.0,False,6389;6426
CVS,Long,878,2021-09-28T20:00:00Z,72.560196,2021-10-04T20:00:00Z,71.162364,-1227.3,25.2109,-1368.62,847.95,2216.57,6.0,False,6387;6427
GILD,Short,1034,2021-09-01T20:00:00Z,60.192196,2021-10-04T20:00:00Z,57.158501,3136.84,11.6923,0.0,3777.18,1604.85,33.0,True,6135;6428
LMT,Short,197,2021-08-17T20:00:00Z,311.843111,2021-10-04T20:00:00Z,304.160985,1513.38,24.3016,-573.62,3527.99,2993.49,48.0,True,6041;6429
LOW,Short,337,2021-09-02T20:00:00Z,184.961744,2021-10-04T20:00:00Z,184.117584,284.48,25.1274,-2095.38,312.01,2318.68,32.0,True,6138;6430
MA,Long,185,2021-09-01T20:00:00Z,337.772789,2021-10-04T20:00:00Z,350.675791,2387.06,12.3832,-1798.84,2387.06,2874.54,33.0,True,6098;6431
MDLZ,Long,1225,2021-09-28T20:00:00Z,51.84316,2021-10-04T20:00:00Z,51.290618,-676.86,25.1324,-827.98,229.82,1057.8,6.0,False,6390;6432
MS,Long,700,2021-09-01T20:00:00Z,89.194352,2021-10-04T20:00:00Z,84.25664,-3456.4,24.0527,-4441.38,304.45,4745.83,33.0,False,6107;6433
NKE,Long,414,2021-09-01T20:00:00Z,150.480133,2021-10-04T20:00:00Z,134.183897,-6746.64,23.549,-7437.93,0.0,7437.93,33.0,False,6099;6434
T,Long,4016,2021-09-01T20:00:00Z,15.52241,2021-10-04T20:00:00Z,15.437495,-341.02,24.7579,-1068.52,522.89,1591.41,33.0,False,6106;6435
TXN,Long,376,2021-09-01T20:00:00Z,166.104175,2021-10-04T20:00:00Z,167.544937,541.73,24.7203,-949.65,3025.18,3345.0,33.0,True,6110;6436
UNP,Short,314,2021-08-11T20:00:00Z,197.709656,2021-10-04T20:00:00Z,182.212887,4865.99,24.1711,-1515.94,7093.42,2665.07,54.0,True,6022;6437
WFC,Long,1541,2021-09-01T20:00:00Z,40.379901,2021-10-04T20:00:00Z,41.628217,1923.65,24.6801,-2455.73,3151.52,2742.23,33.0,True,6108;6438
SBUX,Short,598,2021-09-14T20:00:00Z,106.394106,2021-10-04T20:00:00Z,99.865498,3904.11,24.4679,0.0,5030.19,1386.36,20.0,True,6236;6439
SPY,Short,259,2021-10-04T20:00:00Z,404.985117,2021-10-13T20:00:00Z,406.565774,-409.39,21.0838,-1371.09,0.0,1371.09,9.0,False,6422;6442
AMD,Long,619,2021-10-04T20:00:00Z,101.58,2021-10-13T20:00:00Z,106.36,2958.82,25.9361,0.0,4692.02,1733.2,9.0,True,6416;6443
KO,Short,1291,2021-09-01T20:00:00Z,48.374051,2021-10-13T20:00:00Z,46.881834,1926.45,24.6482,-387.41,3933.9,2007.44,42.0,True,6103;6444
MDT,Long,579,2021-10-04T20:00:00Z,109.127411,2021-10-13T20:00:00Z,105.535941,-2079.46,24.6371,-2208.81,0.0,2208.81,9.0,False,6414;6445
UPS,Long,403,2021-09-01T20:00:00Z,154.609376,2021-10-13T20:00:00Z,143.778431,-4364.87,24.2098,-5557.89,744.45,6302.34,42.0,False,6111;6446
SHOP,Long,469,2021-10-04T20:00:00Z,132.632,2021-10-14T20:00:00Z,141.315,4072.33,25.5291,-386.46,4072.33,1945.88,10.0,True,6413;6448
SPY,Short,107,2021-10-04T20:00:00Z,404.985117,2021-10-14T20:00:00Z,410.653038,-606.47,8.8568,-950.73,0.0,950.73,10.0,False,6422;6449
SPY,Short,53,2021-10-04T20:00:00Z,404.985117,2021-10-19T20:00:00Z,419.8751,-789.17,45.0988,-874.43,0.0,874.43,15.0,False,6422;6453
SPY,Short,128,2021-10-13T20:00:00Z,406.565774,2021-10-19T20:00:00Z,419.8751,-1703.59,10.4198,-1909.51,202.32,1909.51,6.0,False,6447;6453
TSLA,Short,254,2021-09-01T20:00:00Z,244.666642,2021-10-19T20:00:00Z,292.449971,-12136.97,27.0656,-12136.97,324.27,12461.24,48.0,False,6092;6454
ABNB,Long,366,2021-10-04T20:00:00Z,171.76,2021-10-19T20:00:00Z,172.61,311.1,24.5396,-2569.32,666.12,2569.32,15.0,True,6417;6455
DE,Long,197,2021-10-04T20:00:00Z,320.012172,2021-10-19T20:00:00Z,314.536822,-1078.64,25.2188,-2172.09,619.8,2791.89,15.0,False,6418;6456
SPY,Long,320,2021-10-19T20:00:00Z,419.8751,2021-10-21T20:00:00Z,422.559413,858.98,27.1515,0.0,1397.71,538.73,2.0,True,6453;6465
AAPL,Short,429,2021-10-21T20:00:00Z,144.952255,2021-10-26T20:00:00Z,145.46855,-221.49,24.9741,-221.49,66.87,288.36,5.0,False,6457;6475
ANTM,Short,180,2021-10-04T20:00:00Z,351.441303,2021-10-26T20:00:00Z,408.798053,-10324.22,27.2087,-10332.65,828.3,11160.95,22.0,False,6419;6476
BA,Short,280,2021-10-04T20:00:00Z,225.53,2021-10-26T20:00:00Z,213.19,3455.2,11.7494,-266.0,4401.6,946.4,22.0,True,6415;6477
TGT,Short,290,2021-10-21T20:00:00Z,215.651495,2021-10-26T20:00:00Z,223.695638,-2332.8,25.4563,-2332.8,0.0,2332.8,5.0,False,6459;6478
ISRG,Short,183,2021-10-21T20:00:00Z,342.22,2021-10-26T20:00:00Z,345.14,-534.36,25.1929,-1185.84,128.1,1313.94,5.0,False,6463;6479
HD,Short,218,2021-10-04T20:00:00Z,289.401043,2021-10-26T20:00:00Z,328.948114,-8621.26,26.7211,-8621.26,0.0,8621.26,22.0,False,6409;6480
MCD,Long,295,2021-09-01T20:00:00Z,211.724713,2021-10-26T20:00:00Z,211.359794,-107.65,24.921,-443.73,2741.17,3124.51,55.0,False,6109;6481
MO,Long,2031,2021-10-04T20:00:00Z,31.327573,2021-10-26T20:00:00Z,32.65559,2697.2,26.1725,0.0,3734.59,1092.71,22.0,True,6421;6482
PG,Long,516,2021-10-04T20:00:00Z,122.555217,2021-10-26T20:00:00Z,125.323588,1428.48,13.0457,0.0,2328.05,1945.24,22.0,True,6410;6483
USB,Short,1288,2021-10-04T20:00:00Z,49.063841,2021-10-26T20:00:00Z,50.708484,-2118.3,25.6638,-2274.83,500.88,2775.7,22.0,False,6420;6484
SBUX,Long,617,2021-10-21T20:00:00Z,101.197867,2021-10-26T20:00:00Z,102.07723,542.57,25.14,0.0,542.57,0.0,5.0,True,6462;6485
SPY,Long,34,2021-10-19T20:00:00Z,419.8751,2021-10-26T20:00:00Z,427.666154,264.9,49.0429,0.0,264.9,57.24,7.0,True,6453;6486
SPY,Long,525,2021-10-21T20:00:00Z,422.559413,2021-10-26T20:00:00Z,427.666154,2681.04,44.5455,-1409.26,2681.04,0.0,5.0,True,6460;6486
SPY,Long,16,2021-10-22T20:00:00Z,423.831422,2021-10-26T20:00:00Z,427.666154,61.36,31.3614,-63.3,61.36,0.0,4.0,True,6474;6486
SPY,Long,354,2021-10-22T20:00:00Z,423.831422,2021-10-27T20:00:00Z,426.955325,1105.86,30.0596,-1400.54,1357.5,1095.93,5.0,True,6474;6498
ABT,Short,549,2021-10-22T20:00:00Z,114.318951,2021-10-27T20:00:00Z,117.497767,-1745.17,25.4455,-1745.17,0.0,1745.17,5.0,False,6468;6499
PLD,Long,500,2021-10-22T20:00:00Z,125.064851,2021-10-27T20:00:00Z,126.739172,837.16,24.8438,-453.1,837.16,1022.72,5.0,True,6473;6500
AXP,Long,367,2021-10-21T20:00:00Z,170.148856,2021-10-27T20:00:00Z,170.537086,142.48,24.6985,-576.87,2606.35,3183.22,6.0,True,6461;6501
BMY,Short,1136,2021-09-01T20:00:00Z,55.029372,2021-10-27T20:00:00Z,48.264949,7684.38,22.884,0.0,9432.15,1747.76,56.0,True,6114;6502
DHR,Short,262,2021-10-22T20:00:00Z,238.749262,2021-10-27T20:00:00Z,236.50082,589.09,24.8754,0.0,1182.2,593.11,5.0,True,6466;6503
INTC,Short,1213,2021-10-22T20:00:00Z,46.421948,2021-10-27T20:00:00Z,44.681125,2111.62,21.753,0.0,2804.32,692.7,5.0,True,6467;6504
JPM,Long,412,2021-10-21T20:00:00Z,151.525558,2021-10-27T20:00:00Z,151.197101,-135.32,24.6752,-1046.02,398.66,1444.68,6.0,False,6458;6505
MRK,Long,908,2021-10-04T20:00:00Z,72.198608,2021-10-27T20:00:00Z,70.72254,-1340.27,25.6615,-5439.0,0.0,5439.0,23.0,False,6412;6506
NFLX,Long,1034,2021-10-04T20:00:00Z,61.4,2021-10-27T20:00:00Z,66.9,5687.0,26.1865,0.0,5962.04,1464.14,23.0,True,6411;6507
UNP,Long,302,2021-10-22T20:00:00Z,208.256062,2021-10-27T20:00:00Z,214.920971,2012.8,25.7385,0.0,2055.97,361.55,5.0,True,6471;6508
CVS,Long,845,2021-10-22T20:00:00Z,73.689046,2021-10-29T20:00:00Z,75.214293,1288.83,25.4599,0.0,2016.05,727.22,7.0,True,6472;6509
HON,Short,312,2021-10-22T20:00:00Z,199.349122,2021-10-29T20:00:00Z,194.61545,1476.91,24.2519,0.0,2188.94,776.0,7.0,True,6470;6510
PLD,Short,495,2021-10-29T20:00:00Z,125.988316,2021-11-01T20:00:00Z,125.401441,290.5,24.7517,0.0,534.01,243.51,3.0,True,6513;6515
UBER,Long,1358,2021-10-21T20:00:00Z,45.97,2021-11-01T20:00:00Z,44.07,-2580.2,24.6694,-2919.7,67.9,2987.6,11.0,False,6464;6516
NFLX,Long,931,2021-10-29T20:00:00Z,67.306,2021-11-01T20:00:00Z,68.906,1489.6,25.537,0.0,1489.6,0.0,3.0,True,6511;6517
PEP,Short,462,2021-10-22T20:00:00Z,135.697353,2021-11-01T20:00:00Z,137.074905,-636.43,25.2395,-801.43,141.43,942.86,10.0,False,6469;6518
WFC,Long,1380,2021-10-29T20:00:00Z,45.373162,2021-11-01T20:00:00Z,45.647615,378.74,37.8218,0.0,549.79,171.05,3.0,True,6512;6526
SPY,Long,185,2021-10-29T20:00:00Z,426.403498,2021-11-05T20:00:00Z,438.98329,2327.26,32.1069,0.0,2327.26,0.0,7.0,True,6514;6544
TEAM,Long,137,2021-11-01T20:00:00Z,455.44,2021-11-17T21:00:00Z,445.0,-1430.28,24.3964,-2996.19,0.0,2996.19,16.0417,False,6536;6546
KO,Short,1289,2021-11-01T20:00:00Z,48.713223,2021-11-17T21:00:00Z,48.376317,434.27,24.9606,-501.08,534.49,824.0,16.0417,True,6524;6547
ABBV,Short,650,2021-11-01T20:00:00Z,97.090173,2021-11-24T21:00:00Z,99.979711,-1878.2,25.5709,-1987.72,0.0,1987.72,23.0417,False,6527;6557
ABT,Long,542,2021-11-22T21:00:00Z,115.475712,2021-11-24T21:00:00Z,113.043781,-1318.11,24.7152,-1318.11,0.0,1318.11,2.0,False,6554;6558
AXP,Short,381,2021-11-22T21:00:00Z,165.707885,2021-11-24T21:00:00Z,159.534083,2352.22,24.7171,0.0,2352.22,292.22,2.0,True,6555;6559
SHOP,Long,428,2021-11-01T20:00:00Z,146.1,2021-11-24T21:00:00Z,155.541,4040.75,27.0181,0.0,9826.88,5786.13,23.0417,True,6529;6560
INTC,Long,1391,2021-11-01T20:00:00Z,45.473246,2021-11-24T21:00:00Z,45.223262,-347.73,25.5359,-347.73,3251.67,3599.4,23.0417,False,6528;6561
LLY,Long,243,2021-11-05T20:00:00Z,257.054053,2021-11-24T21:00:00Z,251.925403,-1246.26,24.5148,-2383.16,0.0,2383.16,19.0417,False,6545;6562
LMT,Long,209,2021-11-19T21:00:00Z,298.203562,2021-11-24T21:00:00Z,301.685287,727.68,25.0501,0.0,780.7,292.53,5.0,True,6550;6563
MDLZ,Long,1173,2021-11-01T20:00:00Z,53.484633,2021-11-24T21:00:00Z,54.101425,723.5,25.2666,-186.04,2222.17,2408.21,23.0417,True,6542;6564
TFC,Long,1020,2021-11-01T20:00:00Z,62.083194,2021-11-24T21:00:00Z,60.860931,-1246.71,25.1954,-3324.56,1127.97,4452.53,23.0417,False,6543;6565
MSFT,Long,197,2021-11-01T20:00:00Z,317.880876,2021-11-24T21:00:00Z,323.385226,1084.36,25.2554,-79.41,2366.68,1282.32,23.0417,True,6519;6566
PFE,Long,1634,2021-11-17T21:00:00Z,38.68194,2021-11-24T21:00:00Z,39.70396,1669.98,25.7531,0.0,1847.1,771.73,7.0,True,6548;6567
PM,Long,818,2021-11-01T20:00:00Z,76.7963,2021-11-24T21:00:00Z,72.876962,-3206.02,24.3538,-3312.22,477.92,3790.14,23.0417,False,6533;6568
WFC,Short,1386,2021-11-01T20:00:00Z,45.647615,2021-11-24T21:00:00Z,45.77942,-182.68,12.6408,-552.18,3118.56,3301.24,23.0417,False,6526;6569
SPY,Short,153,2021-11-17T21:00:00Z,438.627875,2021-11-24T21:00:00Z,435.980975,404.98,96.2942,-269.03,404.98,469.37,7.0,True,6549;6570
SPY,Short,104,2021-11-19T21:00:00Z,439.226468,2021-11-24T21:00:00Z,435.980975,337.53,9.1219,-120.62,337.53,319.05,5.0,True,6551;6570
SPY,Short,169,2021-11-22T21:00:00Z,440.38624,2021-11-24T21:00:00Z,435.980975,744.49,14.7814,0.0,744.49,197.58,2.0,True,6556;6570
SPY,Long,460,2021-11-24T21:00:00Z,435.980975,2021-11-29T21:00:00Z,434.082315,-873.38,39.9777,-3084.81,0.0,3084.81,5.0,False,6570;6586
AMZN,Long,373,2021-11-01T20:00:00Z,167.695661,2021-11-29T21:00:00Z,176.834171,3408.66,25.601,-912.64,6219.32,3563.1,28.0417,True,6520;6587
ANTM,Short,154,2021-11-01T20:00:00Z,408.910517,2021-11-29T21:00:00Z,392.087745,2590.71,24.391,-101.03,3045.34,2426.17,28.0417,True,6539;6588
C,Short,1069,2021-11-01T20:00:00Z,59.095007,2021-11-29T21:00:00Z,56.020946,3286.17,24.4466,0.0,4121.33,1942.65,28.0417,True,6534;6589
SQ,Long,246,2021-11-01T20:00:00Z,255.49,2021-11-29T21:00:00Z,220.19,-8683.8,23.0212,-11055.24,0.0,11055.24,28.0417,False,6535;6590
CSCO,Short,1282,2021-11-01T20:00:00Z,48.847711,2021-11-29T21:00:00Z,48.234926,785.59,25.1075,-2210.88,2861.79,2816.9,28.0417,True,6525;6591
SNOW,Short,177,2021-11-01T20:00:00Z,353.84,2021-11-29T21:00:00Z,372.36,-3278.04,25.5769,-8504.85,1817.79,8628.75,28.0417,False,6537;6592
HD,Short,191,2021-11-01T20:00:00Z,328.604533,2021-11-29T21:00:00Z,359.341831,-5870.82,26.0241,-6580.91,960.8,7541.71,28.0417,False,6523;6593
MCD,Short,287,2021-11-01T20:00:00Z,218.773897,2021-11-29T21:00:00Z,224.15869,-1545.44,25.5893,-2889.07,0.0,2889.07,28.0417,False,6530;6594
PG,Short,482,2021-11-22T21:00:00Z,129.907518,2021-11-29T21:00:00Z,130.597763,-332.7,25.3209,-1121.79,0.0,1121.79,7.0,False,6552;6595
SCHW,Long,818,2021-11-01T20:00:00Z,77.211104,2021-11-29T21:00:00Z,75.396216,-1484.58,24.8119,-2466.09,596.77,3062.86,28.0417,False,6532;6596
DE,Short,195,2021-11-01T20:00:00Z,326.004066,2021-11-29T21:00:00Z,343.735561,-3457.64,25.8898,-3798.28,745.37,4543.65,28.0417,False,6538;6597
T,Short,4310,2021-11-01T20:00:00Z,14.692616,2021-11-29T21:00:00Z,13.988571,3034.43,24.5018,0.0,3917.41,1566.96,28.0417,True,6531;6598
TMO,Long,99,2021-11-22T21:00:00Z,630.92192,2021-11-29T21:00:00Z,630.92192,0.0,25.0378,-706.59,855.91,855.91,7.0,False,6553;6599
USB,Long,1284,2021-11-01T20:00:00Z,49.363603,2021-11-29T21:00:00Z,46.503706,-3672.11,24.5875,-3672.11,936.23,4608.34,28.0417,False,6540;6600
V,Long,308,2021-11-01T20:00:00Z,204.542543,2021-11-29T21:00:00Z,193.86852,-3287.6,24.2635,-4897.73,2387.23,7284.96,28.0417,False,6521;6601
WMT,Short,1342,2021-11-01T20:00:00Z,46.989399,2021-11-29T21:00:00Z,45.404923,2126.37,24.5768,-512.68,3412.27,1933.06,28.0417,True,6522;6602
SPY,Long,58,2021-11-24T21:00:00Z,435.980975,2021-11-29T21:00:00Z,434.082315,-110.12,12.6017,-388.95,0.0,388.95,5.0,False,6570;6603
PNC,Long,352,2021-11-01T20:00:00Z,180.093781,2021-12-01T21:00:00Z,170.585829,-3346.8,24.1403,-5299.59,0.0,5299.59,30.0417,False,6541;6604
SPY,Short,87,2021-11-29T21:00:00Z,434.082315,2021-12-01T21:00:00Z,431.809535,197.73,88.6526,0.0,1107.46,909.73,2.0,True,6603;6622
ANTM,Long,162,2021-12-01T21:00:00Z,385.836609,2021-12-02T21:00:00Z,379.125929,-1087.13,24.4596,-1644.37,0.0,1644.37,1.0,False,6620;6623
LMT,Short,210,2021-12-01T21:00:00Z,295.484338,2021-12-02T21:00:00Z,291.074124,926.14,24.4113,0.0,926.14,0.0,1.0,True,6621;6624
SPY,Long,184,2021-12-01T21:00:00Z,431.809535,2021-12-08T21:00:00Z,438.365991,1206.39,16.1604,-1872.4,1349.23,1872.4,7.0,True,6622;6633
SBUX,Long,632,2021-12-01T21:00:00Z,99.020436,2021-12-09T21:00:00Z,103.302401,2706.2,25.259,0.0,2965.55,513.05,8.0,True,6619;6636
SPY,Long,229,2021-12-01T21:00:00Z,431.809535,2021-12-13T21:00:00Z,439.815707,1833.41,19.9863,-2330.32,1940.51,2330.32,12.0,True,6622;6639
AAPL,Short,383,2021-12-01T21:00:00Z,163.319035,2021-12-13T21:00:00Z,176.576939,-5077.78,25.4457,-5077.78,2081.18,7158.96,12.0,False,6605;6640
SPY,Long,201,2021-12-01T21:00:00Z,431.809535,2021-12-16T21:00:00Z,442.023016,2052.91,17.5381,-2045.39,2052.91,2045.39,15.0,True,6622;6642
SPY,Long,188,2021-12-01T21:00:00Z,431.809535,2021-12-16T21:00:00Z,442.023016,1920.13,16.4038,-1913.1,1920.13,1913.1,15.0,True,6622;6644
SPY,Long,163,2021-12-01T21:00:00Z,431.809535,2021-12-17T21:00:00Z,433.129881,215.22,23.9985,-1658.7,1664.8,1694.36,16.0,True,6622;6647
SPY,Long,89,2021-12-02T21:00:00Z,421.633465,2021-12-17T21:00:00Z,433.129881,1023.18,7.615,0.0,1814.67,925.14,15.0,True,6629;6647
SPY,Long,26,2021-12-03T21:00:00Z,429.480637,2021-12-17T21:00:00Z,433.129881,94.88,6.022,-204.03,326.1,270.27,14.0,True,6631;6647
SPY,Long,45,2021-12-03T21:00:00Z,429.480637,2021-12-21T21:00:00Z,430.548766,48.07,16.6026,-353.12,564.41,674.31,18.0,True,6631;6648
SPY,Long,146,2021-12-09T21:00:00Z,437.83287,2021-12-21T21:00:00Z,430.548766,-1063.48,12.7364,-2365.11,611.76,2187.75,12.0,False,6635;6648
AMZN,Short,353,2021-12-01T21:00:00Z,176.753362,2021-12-27T21:00:00Z,170.635747,2159.52,24.0784,0.0,3553.41,2350.75,26.0,True,6606;6654
AVGO,Short,1221,2021-12-01T21:00:00Z,51.580272,2021-12-27T21:00:00Z,61.244268,-11799.74,27.5701,-12866.09,1232.81,14098.9,26.0,False,6608;6655
DHR,Long,253,2021-12-02T21:00:00Z,244.120967,2021-12-27T21:00:00Z,249.193391,1283.32,24.9982,-2178.35,1803.64,2261.83,25.0,True,6625;6656
SHW,Short,196,2021-12-02T21:00:00Z,317.539055,2021-12-27T21:00:00Z,324.746932,-1412.74,25.7116,-3099.41,0.0,3099.41,25.0,False,6627;6657
PX,Short,208,2021-12-01T21:00:00Z,300.650879,2021-12-27T21:00:00Z,320.371815,-4101.95,25.7706,-4445.22,662.87,5108.1,26.0,False,6617;6658
JPM,Long,439,2021-12-01T21:00:00Z,142.923516,2021-12-27T21:00:00Z,139.905255,-1325.02,24.6336,-2751.36,611.85,3363.2,26.0,False,6607;6659
LOW,Short,277,2021-12-01T21:00:00Z,225.787682,2021-12-27T21:00:00Z,228.784823,-830.21,25.1914,-3404.11,552.63,3404.11,26.0,False,6616;6660
MRK,Short,963,2021-12-01T21:00:00Z,64.818267,2021-12-27T21:00:00Z,65.883689,-1026.0,25.0765,-1459.82,2685.89,4145.71,26.0,False,6611;6661
MS,Short,760,2021-12-01T21:00:00Z,83.276784,2021-12-27T21:00:00Z,85.629624,-1788.16,25.5393,-3602.42,1044.18,3602.42,26.0,False,6615;6662
NEE,Short,812,2021-12-01T21:00:00Z,76.401443,2021-12-27T21:00:00Z,79.694608,-2674.05,25.5511,-3729.41,0.0,3729.41,26.0,False,6614;6663
LCID,Short,121,2021-12-02T21:00:00Z,508.2,2021-12-27T21:00:00Z,372.0,16480.2,21.0661,0.0,17303.0,5263.5,25.0,True,6626;6664
T,Short,4696,2021-12-01T21:00:00Z,13.272984,2021-12-27T21:00:00Z,14.352135,-5067.69,25.4848,-5067.69,2276.4,7344.09,26.0,False,6618;6665
TXN,Short,368,2021-12-01T21:00:00Z,170.925959,2021-12-27T21:00:00Z,164.262877,2452.01,24.6551,-1060.5,3692.48,2442.37,26.0,True,6612;6666
UPS,Short,393,2021-12-01T21:00:00Z,158.379962,2021-12-27T21:00:00Z,168.891555,-4131.06,25.5128,-4823.2,0.0,4823.2,26.0,False,6613;6667
WFC,Short,1457,2021-12-01T21:00:00Z,43.282037,2021-12-27T21:00:00Z,43.086513,284.88,24.857,-2007.1,2395.58,3237.27,26.0,True,6610;6668
ANTM,Long,147,2021-12-17T21:00:00Z,419.463274,2021-12-29T21:00:00Z,434.509893,2211.85,25.2207,-947.74,2949.6,947.74,12.0,True,6646;6673
MMM,Long,609,2021-12-22T21:00:00Z,102.289033,2021-12-29T21:00:00Z,104.986454,1642.73,25.2908,0.0,1966.95,324.22,7.0,True,6650;6674
GILD,Short,1077,2021-12-02T21:00:00Z,57.794525,2021-12-30T21:00:00Z,62.329462,-4884.13,25.9173,-4884.13,0.0,4884.13,28.0,False,6628;6675
AMD,Long,448,2021-12-13T21:00:00Z,138.26,2021-12-31T21:00:00Z,145.96,3449.6,24.8819,-1191.68,7212.8,4793.6,18.0,True,6638;6676
SPY,Short,107,2021-12-22T21:00:00Z,434.387588,2021-12-31T21:00:00Z,446.410892,-1286.49,21.4303,-1473.29,0.0,1473.29,9.0,False,6651;6677
SPY,Short,28,2021-12-23T21:00:00Z,439.981569,2021-12-31T21:00:00Z,446.410892,-180.02,11.7492,-228.9,156.63,228.9,8.0,False,6653;6677
TMO,Long,96,2021-12-16T21:00:00Z,646.462294,2022-01-04T21:00:00Z,625.830728,-1980.63,36.0469,-3550.36,1111.5,4661.87,19.0,False,6643;6687
XOM,Long,1243,2021-12-21T21:00:00Z,50.74117,2022-01-04T21:00:00Z,54.644991,4852.45,39.5534,0.0,6607.37,1754.92,14.0,True,6649;6689
SYK,Short,263,2021-12-03T21:00:00Z,236.814743,2022-01-04T21:00:00Z,260.235515,-6159.66,39.0709,-7416.79,270.3,7687.09,32.0,False,6630;6700
SPY,Short,105,2021-12-23T21:00:00Z,439.981569,2022-01-04T21:00:00Z,449.827349,-1033.81,15.7774,-1033.81,587.37,1033.81,12.0,False,6653;6704
SPY,Short,71,2021-12-27T21:00:00Z,443.097678,2022-01-04T21:00:00Z,449.827349,-477.81,85.2001,-477.81,618.42,477.81,8.0,False,6669;6704
ABBV,Long,559,2021-12-17T21:00:00Z,110.223672,2022-01-04T21:00:00Z,114.006187,2114.43,24.9267,-423.83,2401.69,433.25,18.0,True,6645;6705
SHOP,Short,406,2021-12-01T21:00:00Z,154.66,2022-01-04T21:00:00Z,135.65,7718.06,21.7743,0.0,13184.44,6380.7,34.0,True,6609;6706
BX,Long,561,2021-12-23T21:00:00Z,110.399196,2022-01-04T21:00:00Z,107.995718,-1348.35,24.6824,-2615.99,2207.69,4823.68,12.0,False,6652;6707
ADBE,Long,109,2022-01-04T21:00:00Z,563.9,2022-01-11T21:00:00Z,525.0,-4240.1,23.6288,-5798.8,0.0,5798.8,7.0,False,6686;6708
SPY,Short,88,2021-12-27T21:00:00Z,443.097678,2022-01-11T21:00:00Z,436.668355,565.78,7.7599,-592.21,766.49,592.21,15.0,True,6669;6709
PG,Short,429,2022-01-04T21:00:00Z,143.800897,2022-01-12T21:00:00Z,140.0488,1609.65,24.4857,-649.17,1609.65,649.17,8.0,True,6683;6712
VZ,Long,1599,2022-01-04T21:00:00Z,38.83426,2022-01-14T21:00:00Z,40.01143,1882.3,25.3367,0.0,2658.3,1146.09,10.0,True,6693;6715
SPY,Short,137,2021-12-27T21:00:00Z,443.097678,2022-01-14T21:00:00Z,432.782604,1413.17,11.9513,-921.96,1413.17,986.26,18.0,True,6669;6717
ABNB,Long,358,2022-01-04T21:00:00Z,173.72,2022-01-20T21:00:00Z,157.76,-5713.68,23.5421,-6852.12,0.0,6852.12,16.0,False,6696;6720
TMO,Short,97,2022-01-04T21:00:00Z,625.830728,2022-01-20T21:00:00Z,586.85561,3780.59,11.253,0.0,4440.66,1734.36,16.0,True,6687;6721
SPY,Short,102,2021-12-27T21:00:00Z,443.097678,2022-01-21T21:00:00Z,418.093713,2550.4,8.3861,-686.43,3265.55,734.29,25.0,True,6669;6724
TEAM,Long,176,2022-01-04T21:00:00Z,347.28,2022-01-25T21:00:00Z,294.58,-9275.2,21.8831,-11313.28,0.0,11313.28,21.0,False,6702;6725
GOOGL,Long,430,2022-01-04T21:00:00Z,143.981912,2022-01-25T21:00:00Z,127.530954,-7073.91,23.1148,-7844.66,0.0,7844.66,21.0,False,6681;6726
PFE,Short,1411,2022-01-04T21:00:00Z,43.466855,2022-01-25T21:00:00Z,39.827842,5134.65,23.3921,-611.79,5134.65,2021.08,21.0,True,6685;6727
ACN,Short,167,2022-01-04T21:00:00Z,371.27417,2022-01-26T21:00:00Z,310.875645,10086.55,22.2964,0.0,11839.8,1753.25,22.0,True,6688;6734
COST,Short,115,2022-01-04T21:00:00Z,535.570332,2022-01-26T21:00:00Z,458.086671,8910.62,22.8731,0.0,9486.98,795.77,22.0,True,6691;6735
CSCO,Long,1215,2021-12-08T21:00:00Z,50.817376,2022-01-26T21:00:00Z,49.346891,-1786.64,23.9689,-2546.26,6285.99,8832.25,49.0,False,6632;6736
MU,Long,661,2022-01-04T21:00:00Z,93.452967,2022-01-26T21:00:00Z,81.38033,-7980.01,23.0432,-9614.79,1137.23,10752.02,22.0,False,6697;6737
JNJ,Long,412,2021-12-16T21:00:00Z,150.985574,2022-01-26T21:00:00Z,147.602539,-1393.81,24.783,-3052.59,932.84,3985.43,41.0,False,6641;6738
PCLN,Long,643,2022-01-04T21:00:00Z,97.530511,2022-01-26T21:00:00Z,92.799866,-3041.8,24.2981,-4197.02,0.0,4197.02,22.0,False,6701;6739
PYPL,Long,320,2022-01-04T21:00:00Z,193.838336,2022-01-26T21:00:00Z,160.302326,-10731.52,22.034,-12348.69,0.0,12348.69,22.0,False,6692;6740
XOM,Short,1144,2022-01-04T21:00:00Z,54.644991,2022-01-26T21:00:00Z,64.264211,-11004.39,14.4332,-11004.39,0.0,11004.39,22.0,False,6689;6741
SPY,Short,94,2021-12-27T21:00:00Z,443.097678,2022-01-26T21:00:00Z,414.498923,2688.28,7.6472,-632.59,3432.04,743.76,30.0,True,6669;6742
SPY,Short,459,2021-12-27T21:00:00Z,443.097678,2022-01-27T21:00:00Z,411.223254,14630.36,113.6556,-3088.92,17598.65,3631.74,31.0,True,6669;6743
SPY,Short,81,2021-12-29T21:00:00Z,447.743686,2022-01-27T21:00:00Z,411.223254,2958.15,7.2601,-168.78,3481.97,640.9,29.0,True,6672;6743
SPY,Short,219,2022-01-13T21:00:00Z,443.200923,2022-01-27T21:00:00Z,411.223254,7003.11,19.0969,-1451.19,8419.35,1732.79,14.0,True,6714;6743
SPY,Short,110,2022-01-20T21:00:00Z,425.883987,2022-01-27T21:00:00Z,411.223254,1612.68,9.2249,-2633.77,2324.04,870.35,7.0,True,6722;6743
SPY,Short,161,2022-01-25T21:00:00Z,406.586632,2022-01-27T21:00:00Z,411.223254,-746.5,13.1308,-6961.76,294.67,1273.88,2.0,False,6728;6743
SPY,Short,374,2022-01-26T21:00:00Z,414.498923,2022-01-27T21:00:00Z,411.223254,1225.1,30.426,-13212.83,3643.71,2418.61,1.0,True,6733;6743
AXP,Short,389,2022-01-19T21:00:00Z,158.273238,2022-01-27T21:00:00Z,167.737546,-3681.62,24.6148,-3681.62,2965.23,6646.85,8.0,False,6719;6744
C,Short,1154,2022-01-04T21:00:00Z,54.526374,2022-01-27T21:00:00Z,55.392546,-999.56,25.0381,-3557.27,1479.74,4860.62,23.0,False,6695;6745
ADI,Short,378,2022-01-04T21:00:00Z,164.068042,2022-01-27T21:00:00Z,150.143312,5263.55,23.0465,0.0,8059.37,2795.82,23.0,True,6703;6746
FB,Long,205,2022-01-26T21:00:00Z,304.27575,2022-01-27T21:00:00Z,294.89559,-1922.93,23.9309,-2548.34,0.0,2548.34,1.0,False,6730;6747
IBM,Short,543,2022-01-04T21:00:00Z,113.900729,2022-01-27T21:00:00Z,111.858717,1108.81,24.5884,-963.39,3308.26,3308.26,23.0,True,6694;6748
MA,Short,171,2022-01-04T21:00:00Z,362.480439,2022-01-27T21:00:00Z,340.300568,3792.76,24.1857,-263.04,5513.09,1962.05,23.0,True,6684;6749
NEE,Long,861,2022-01-19T21:00:00Z,71.167505,2022-01-27T21:00:00Z,64.361629,-5859.86,23.4546,-6449.63,1867.59,8317.22,8.0,False,6718;6750
V,Short,289,2022-01-04T21:00:00Z,214.12344,2022-01-27T21:00:00Z,202.076585,3481.54,23.8947,0.0,5616.74,2135.2,23.0,True,6682;6751
WMT,Long,1417,2022-01-26T21:00:00Z,43.094562,2022-01-27T21:00:00Z,43.047402,-66.83,24.1988,-547.97,0.0,547.97,1.0,False,6731;6752
KO,Long,1198,2022-01-04T21:00:00Z,52.059602,2022-02-01T21:00:00Z,53.139098,1293.24,25.2077,-208.59,1658.26,1866.85,28.0,True,6690;6753
ADP,Long,283,2022-01-04T21:00:00Z,217.371501,2022-02-02T21:00:00Z,183.744082,-9516.56,22.9212,-11828.66,0.0,11828.66,29.0,False,6699;6755
INTU,Long,114,2022-01-14T21:00:00Z,532.858295,2022-02-02T21:00:00Z,545.16179,1402.6,24.5282,-4831.42,1402.6,4831.42,19.0,True,6716;6756
JPM,Short,410,2022-01-12T21:00:00Z,150.495927,2022-02-02T21:00:00Z,134.403257,6597.99,23.3149,0.0,8630.12,2270.12,21.0,True,6711;6757
SCHW,Short,721,2022-01-21T21:00:00Z,85.370302,2022-02-02T21:00:00Z,84.320398,756.98,24.272,0.0,2277.7,1797.83,12.0,True,6723;6758
QCOM,Long,410,2022-01-26T21:00:00Z,151.29794,2022-02-02T21:00:00Z,162.606569,4636.54,39.1704,-2524.99,7442.09,2805.55,7.0,True,6732;6765
SPY,Long,289,2022-02-01T21:00:00Z,422.964981,2022-02-02T21:00:00Z,427.526515,1318.28,71.3624,0.0,1820.1,501.82,1.0,True,6754;6780
SPY,Short,181,2022-02-02T21:00:00Z,427.526515,2022-02-03T21:00:00Z,423.237171,776.37,15.1741,0.0,1511.97,735.6,1.0,True,6780;6782
SPY,Short,75,2022-02-02T21:00:00Z,427.526515,2022-02-04T21:00:00Z,418.835197,651.85,6.3172,0.0,651.85,304.81,2.0,True,6780;6783
INTC,Long,1342,2022-02-02T21:00:00Z,44.768803,2022-02-04T21:00:00Z,44.726678,-56.53,24.3669,-56.53,131.59,188.12,2.0,False,6764;6784
TSLA,Long,166,2022-01-13T21:00:00Z,369.969963,2022-02-11T21:00:00Z,303.156636,-11091.01,20.9333,-15538.15,0.0,15538.15,29.0,False,6713;6794
SPY,Long,168,2022-02-08T21:00:00Z,419.229403,2022-02-14T21:00:00Z,412.865782,-1069.09,57.3549,-1204.7,1715.59,2920.28,6.0,False,6789;6799
JNJ,Short,404,2022-02-02T21:00:00Z,149.769796,2022-02-16T21:00:00Z,146.67749,1249.29,24.2014,-982.35,1566.06,982.35,14.0,True,6761;6800
UPS,Long,333,2022-02-02T21:00:00Z,182.981057,2022-02-16T21:00:00Z,171.239806,-3909.84,23.6313,-4557.07,0.0,4557.07,14.0,False,6767;6801
SPY,Long,141,2022-02-08T21:00:00Z,419.229403,2022-02-16T21:00:00Z,416.676446,-359.97,11.8207,-1011.08,1439.87,2450.95,8.0,False,6789;6802
AXP,Short,323,2022-02-17T21:00:00Z,185.707392,2022-02-25T21:00:00Z,180.040198,1830.5,23.8806,0.0,2250.57,1661.86,8.0,True,6804;6825
BLK,Short,89,2022-02-18T21:00:00Z,676.829113,2022-02-25T21:00:00Z,654.982999,1944.3,23.8685,0.0,2281.69,1511.09,7.0,True,6807;6826
BMY,Short,1079,2022-02-17T21:00:00Z,56.281062,2022-02-25T21:00:00Z,56.481321,-216.08,24.5232,-1215.45,315.12,1530.56,8.0,False,6803;6827
CVS,Short,669,2022-02-02T21:00:00Z,90.650491,2022-02-25T21:00:00Z,86.864107,2533.09,24.4369,-2871.22,2894.14,2871.22,23.0,True,6771;6828
PX,Long,202,2022-02-02T21:00:00Z,300.539631,2022-02-25T21:00:00Z,269.942744,-6180.57,23.479,-6678.73,0.0,6678.73,23.0,False,6769;6829
LMT,Short,176,2022-02-18T21:00:00Z,343.238135,2022-02-25T21:00:00Z,348.609776,-945.41,24.7163,-3166.89,470.38,3637.26,7.0,False,6809;6830
MDT,Short,688,2022-02-18T21:00:00Z,87.764665,2022-02-25T21:00:00Z,89.606426,-1267.13,24.5597,-2581.85,0.0,2581.85,7.0,False,6806;6831
TXN,Long,382,2022-02-02T21:00:00Z,159.592817,2022-02-25T21:00:00Z,149.079294,-4016.17,24.0876,-6407.06,0.0,6407.06,23.0,False,6768;6832
WFC,Long,1233,2022-02-02T21:00:00Z,49.058901,2022-02-25T21:00:00Z,47.466917,-1962.92,24.1636,-2458.25,4520.48,6978.73,23.0,False,6762;6833
SPY,Long,205,2022-02-08T21:00:00Z,419.229403,2022-02-28T21:00:00Z,405.685589,-2776.48,76.0617,-4754.46,2093.43,6847.89,20.0,False,6789;6846
SPY,Long,158,2022-02-09T21:00:00Z,427.329412,2022-02-28T21:00:00Z,405.685589,-3419.72,13.5703,-4944.22,333.67,4944.22,19.0,False,6791;6846
SPY,Long,162,2022-02-10T21:00:00Z,423.678307,2022-02-28T21:00:00Z,405.685589,-2914.82,13.6639,-4477.91,933.59,4477.91,18.0,False,6793;6846
SPY,Long,213,2022-02-11T21:00:00Z,421.707274,2022-02-28T21:00:00Z,405.685589,-3412.62,17.6113,-5467.79,1647.33,5467.79,17.0,False,6796;6846
SPY,Long,190,2022-02-17T21:00:00Z,415.96312,2022-02-28T21:00:00Z,405.685589,-1952.73,15.5883,-3785.98,2560.84,3785.98,11.0,False,6805;6846
PLD,Short,447,2022-02-03T21:00:00Z,135.223399,2022-02-28T21:00:00Z,126.931153,3706.63,23.4165,0.0,5925.97,2978.48,25.0,True,6781;6847
BA,Short,281,2022-02-08T21:00:00Z,212.68,2022-02-28T21:00:00Z,198.58,3962.1,23.5259,-1756.25,4569.06,2506.52,20.0,True,6788;6848
SHOP,Short,619,2022-02-02T21:00:00Z,98.511,2022-02-28T21:00:00Z,68.976,18282.16,23.686,0.0,22219.0,7151.31,26.0,True,6774;6849
SHOP,Short,297,2022-02-18T21:00:00Z,66.278,2022-02-28T21:00:00Z,68.976,-801.31,3.9019,-9573.2,1087.61,2022.57,10.0,False,6808;6849
C,Short,1037,2022-02-10T21:00:00Z,58.156829,2022-02-28T21:00:00Z,51.33549,7073.73,22.4921,0.0,7757.14,1162.68,18.0,True,6792;6850
EL,Short,206,2022-02-11T21:00:00Z,292.331089,2022-02-28T21:00:00Z,274.658534,3640.55,22.8403,0.0,4633.35,1913.72,17.0,True,6795;6851
DHR,Short,276,2022-02-02T21:00:00Z,221.849629,2022-02-28T21:00:00Z,214.992417,1892.59,24.1141,-657.0,5622.67,3730.08,26.0,True,6763;6852
SNOW,Long,186,2022-01-04T21:00:00Z,330.25,2022-02-28T21:00:00Z,270.82,-11053.98,21.6203,-15908.58,0.0,15908.58,55.0,False,6698;6853
BX,Long,533,2022-02-02T21:00:00Z,115.815484,2022-02-28T21:00:00Z,107.644873,-4354.94,24.0733,-6630.41,0.0,6630.41,26.0,False,6778;6854
FB,Long,192,2022-02-02T21:00:00Z,324.88833,2022-02-28T21:00:00Z,205.828643,-22859.46,23.7403,-24637.63,0.0,24637.63,26.0,False,6760;6855
FB,Long,82,2022-02-09T21:00:00Z,221.934388,2022-02-28T21:00:00Z,205.828643,-1320.67,3.7687,-2080.1,8442.22,2405.8,19.0,False,6790;6855
ABNB,Long,388,2022-02-02T21:00:00Z,156.21,2022-02-28T21:00:00Z,155.0,-469.48,23.5322,-2576.32,11806.84,14200.8,26.0,False,6777;6856
GS,Short,182,2022-02-08T21:00:00Z,330.466296,2022-02-28T21:00:00Z,303.010556,4996.94,23.0605,-559.18,5006.67,1609.46,20.0,True,6786;6857
IBM,Short,537,2022-02-02T21:00:00Z,113.565973,2022-02-28T21:00:00Z,103.330438,5496.48,23.4804,-939.27,5510.13,1005.16,26.0,True,6775;6858
MS,Long,678,2022-02-02T21:00:00Z,89.754261,2022-02-28T21:00:00Z,79.196463,-7158.19,22.8183,-7662.37,2890.24,10552.61,26.0,False,6766;6859
MSFT,Long,205,2022-02-02T21:00:00Z,297.569405,2022-02-28T21:00:00Z,283.828981,-2816.79,24.1597,-5645.15,339.02,5984.17,26.0,False,6759;6860
NFLX,Long,1525,2022-02-14T21:00:00Z,38.8,2022-02-28T21:00:00Z,38.733,-102.18,24.1282,-3132.35,2967.65,6100.0,14.0,False,6798;6861
PM,Long,717,2022-02-02T21:00:00Z,84.816973,2022-02-28T21:00:00Z,83.961566,-613.33,24.1757,-1208.96,5177.9,6386.86,26.0,False,6770;6862
NOW,Short,520,2022-02-08T21:00:00Z,112.84,2022-02-28T21:00:00Z,115.64,-1456.0,24.3608,-5176.08,4108.0,5775.12,20.0,False,6787;6863
QCOM,Short,382,2022-02-02T21:00:00Z,162.606569,2022-02-28T21:00:00Z,151.622072,4196.08,11.8309,-1152.2,6528.0,3566.67,26.0,True,6765;6864
SCHW,Long,683,2022-02-08T21:00:00Z,87.90132,2022-02-28T21:00:00Z,77.979743,-6776.44,22.9978,-7251.23,480.19,7731.42,20.0,False,6785;6865
SYK,Long,241,2022-01-04T21:00:00Z,260.235515,2022-02-28T21:00:00Z,250.074538,-2448.8,12.1102,-6307.09,0.0,6307.09,55.0,False,6700;6866
TMUS,Short,588,2022-02-02T21:00:00Z,103.598374,2022-02-28T21:00:00Z,115.015839,-6713.47,25.8746,-10264.72,0.0,10264.72,26.0,False,6772;6867
USB,Long,1258,2022-02-02T21:00:00Z,48.1753,2022-02-28T21:00:00Z,45.275634,-3647.78,23.9027,-3750.53,791.21,4541.74,26.0,False,6779;6868
UTX,Short,743,2022-02-02T21:00:00Z,81.581264,2022-02-28T21:00:00Z,89.93853,-6209.45,26.2881,-8706.92,0.0,8706.92,26.0,False,6773;6869
WMT,Long,1402,2022-02-14T21:00:00Z,42.547509,2022-02-28T21:00:00Z,42.443757,-145.46,23.724,-793.42,1564.79,1917.42,14.0,False,6797;6870
SBUX,Short,691,2022-02-02T21:00:00Z,85.398435,2022-02-28T21:00:00Z,81.733974,2532.14,23.4223,-862.99,3467.66,1815.28,26.0,True,6776;6871
MRK,Short,901,2022-02-28T21:00:00Z,65.476519,2022-03-01T21:00:00Z,66.273534,-718.11,23.8709,-718.11,0.0,718.11,1.0,False,6872;6874
LOW,Long,297,2022-02-28T21:00:00Z,198.573315,2022-03-01T21:00:00Z,202.338951,1118.39,35.8845,0.0,1150.97,32.57,1.0,True,6873;6888
SPY,Long,147,2022-03-01T21:00:00Z,408.398106,2022-03-29T20:00:00Z,434.739103,3872.13,51.2767,-2603.54,3872.13,2985.72,27.9583,True,6898;6900
SPY,Long,113,2022-03-01T21:00:00Z,408.398106,2022-03-30T20:00:00Z,433.364508,2821.2,9.7602,-2001.36,2976.53,2295.15,28.9583,True,6898;6906
AXP,Short,320,2022-03-01T21:00:00Z,184.796085,2022-03-30T20:00:00Z,181.321724,1111.8,22.3416,0.0,10802.03,9787.44,28.9583,True,6889;6907
PX,Short,215,2022-03-01T21:00:00Z,273.806035,2022-03-30T20:00:00Z,305.596066,-6834.86,24.575,-7195.15,4235.69,11430.85,28.9583,False,6887;6908
MCD,Long,268,2022-03-01T21:00:00Z,218.060696,2022-03-30T20:00:00Z,222.749496,1256.6,23.572,-4896.15,1623.21,4896.15,28.9583,True,6883;6909
MDT,Short,652,2022-03-01T21:00:00Z,90.445162,2022-03-30T20:00:00Z,97.361023,-4509.14,24.342,-4764.35,778.0,5542.35,28.9583,False,6890;6910
TXN,Long,365,2022-03-29T20:00:00Z,165.236363,2022-03-30T20:00:00Z,167.020849,651.34,24.2862,-166.85,651.34,166.85,1.0,True,6899;6911
SBUX,Short,719,2022-03-01T21:00:00Z,81.760872,2022-03-30T20:00:00Z,81.366368,283.65,23.3584,-1018.55,7671.39,7697.18,28.9583,True,6895;6912
CAT,Long,340,2022-03-01T21:00:00Z,174.089003,2022-03-31T20:00:00Z,206.94683,11171.66,25.5744,0.0,11329.28,841.66,29.9583,True,6896;6913
ABBV,Short,471,2022-03-01T21:00:00Z,125.692687,2022-04-01T20:00:00Z,138.01767,-5805.07,24.892,-6446.51,208.47,6654.98,30.9583,False,6878;6915
ACN,Short,205,2022-03-01T21:00:00Z,288.640324,2022-04-01T20:00:00Z,308.298824,-4029.99,24.3401,-4421.98,2870.83,7292.81,30.9583,False,6881;6916
AMGN,Short,300,2022-03-01T21:00:00Z,196.10624,2022-04-01T20:00:00Z,210.74805,-4392.54,24.4609,-4658.92,0.0,4658.92,30.9583,False,6891;6917
ANTM,Long,139,2022-03-01T21:00:00Z,422.122983,2022-04-01T20:00:00Z,465.373528,6011.83,24.8792,0.0,7151.56,2914.49,30.9583,True,6893;6918
EL,Long,215,2022-03-01T21:00:00Z,274.165948,2022-04-01T20:00:00Z,255.782266,-3952.49,22.3801,-8914.09,0.0,8914.09,30.9583,False,6894;6919
IBM,Long,570,2022-03-01T21:00:00Z,103.897908,2022-04-01T20:00:00Z,109.818234,3374.59,24.2835,0.0,4567.04,1293.83,30.9583,True,6892;6920
LLY,Short,246,2022-03-01T21:00:00Z,238.333909,2022-04-01T20:00:00Z,275.485733,-9139.35,25.6754,-10683.49,0.0,10683.49,30.9583,False,6879;6921
LOW,Short,293,2022-03-01T21:00:00Z,202.338951,2022-04-01T20:00:00Z,186.545216,4627.56,10.8416,-3840.24,5163.16,3840.24,30.9583,True,6888;6922
TFC,Short,981,2022-03-01T21:00:00Z,59.444658,2022-04-01T20:00:00Z,55.292844,4072.93,21.5979,0.0,5662.13,4120.51,30.9583,True,6897;6923
NEE,Long,857,2022-03-01T21:00:00Z,68.939034,2022-04-01T20:00:00Z,74.608159,4858.44,24.6933,-393.52,5781.7,3708.16,30.9583,True,6884;6924
PG,Short,427,2022-03-01T21:00:00Z,136.347368,2022-04-01T20:00:00Z,136.587588,-102.57,23.4234,-839.59,3810.44,4650.03,30.9583,False,6876;6925
UPS,Long,352,2022-03-01T21:00:00Z,167.337898,2022-04-01T20:00:00Z,171.688955,1531.57,23.1831,-2312.13,3667.9,4463.92,30.9583,True,6882;6926
UTX,Short,634,2022-03-01T21:00:00Z,93.57241,2022-04-01T20:00:00Z,90.628967,1866.14,23.3729,0.0,4694.16,4365.85,30.9583,True,6886;6927
V,Long,283,2022-03-01T21:00:00Z,207.206812,2022-04-01T20:00:00Z,216.06585,2507.11,23.8041,-6501.53,3729.22,6501.53,30.9583,True,6875;6928
WFC,Long,1244,2022-03-01T21:00:00Z,46.810754,2022-04-01T20:00:00Z,43.967381,-3537.16,21.9892,-7357.51,1071.7,7357.51,30.9583,False,6880;6929
WMT,Long,1394,2022-03-01T21:00:00Z,42.805315,2022-04-01T20:00:00Z,47.234821,6174.73,25.208,0.0,6768.69,1788.15,30.9583,True,6877;6930
SPY,Long,217,2022-03-01T21:00:00Z,408.398106,2022-04-01T20:00:00Z,426.783401,3989.61,117.6935,-3843.32,5716.0,4407.49,30.9583,True,6898;6953
SPY,Long,229,2022-03-31T20:00:00Z,431.133145,2022-04-01T20:00:00Z,426.783401,-996.09,19.4751,-9262.18,825.76,1078.02,1.0,False,6914;6953
KO,Short,1102,2022-04-01T20:00:00Z,54.59854,2022-04-06T20:00:00Z,55.06347,-512.35,24.3551,-831.36,0.0,831.36,5.0,False,6934;6954
CRM,Long,287,2022-04-01T20:00:00Z,208.352507,2022-04-11T20:00:00Z,190.571942,-5103.02,22.9636,-5103.02,1836.19,6939.21,10.0,False,6937;6956
SPY,Short,164,2022-04-01T20:00:00Z,426.783401,2022-04-11T20:00:00Z,418.130986,1419.0,13.5853,-540.42,2065.96,646.96,10.0,True,6953;6957
DE,Short,152,2022-04-01T20:00:00Z,393.874907,2022-04-13T20:00:00Z,398.861502,-757.96,24.2344,-1469.99,1089.57,2559.56,12.0,False,6940;6958
AMT,Long,274,2022-04-01T20:00:00Z,218.108551,2022-04-22T20:00:00Z,231.921571,3784.77,24.6854,0.0,4139.22,3499.3,21.0,True,6944;6960
SPY,Short,337,2022-04-01T20:00:00Z,426.783401,2022-04-22T20:00:00Z,411.380408,5190.81,27.0354,-1110.5,8649.23,3458.42,21.0,True,6953;6962
SPY,Short,219,2022-04-01T20:00:00Z,426.783401,2022-04-28T20:00:00Z,397.474406,6418.67,17.642,-721.66,7670.24,2414.48,27.0,True,6953;6968
PLD,Long,426,2022-04-01T20:00:00Z,141.178515,2022-04-28T20:00:00Z,146.996359,2478.4,25.1409,0.0,4062.65,2752.95,27.0,True,6941;6969
SHOP,Long,887,2022-04-01T20:00:00Z,68.756,2022-04-28T20:00:00Z,42.881,-22951.12,23.9521,-24069.63,3524.05,27593.68,27.0,False,6950;6970
SHOP,Long,428,2022-04-25T20:00:00Z,46.134,2022-04-28T20:00:00Z,42.881,-1392.28,3.9308,-1931.99,11382.66,1931.99,3.0,False,6963;6970
BLK,Short,87,2022-04-01T20:00:00Z,687.964954,2022-04-28T20:00:00Z,582.262005,9196.16,22.1445,-1108.99,9740.13,1681.03,27.0,True,6943;6971
BMY,Long,976,2022-04-01T20:00:00Z,61.386732,2022-04-28T20:00:00Z,64.530459,3068.28,24.7792,0.0,3888.67,1788.46,27.0,True,6938;6972
CAT,Long,290,2022-04-01T20:00:00Z,208.003769,2022-04-28T20:00:00Z,193.257495,-4276.42,23.2965,-4276.42,2884.98,7161.4,27.0,False,6942;6973
CME,Long,304,2022-04-01T20:00:00Z,197.875239,2022-04-28T20:00:00Z,187.477772,-3160.83,23.4688,-6397.28,1424.14,7821.42,27.0,False,6949;6974
CSCO,Long,1221,2022-04-01T20:00:00Z,49.443753,2022-04-28T20:00:00Z,43.913085,-6752.95,22.9305,-6991.1,0.0,6991.1,27.0,False,6936;6975
CCI,Short,409,2022-04-01T20:00:00Z,146.758825,2022-04-28T20:00:00Z,149.867685,-1271.52,24.724,-4207.06,0.0,4207.06,27.0,False,6952;6976
HD,Short,225,2022-04-01T20:00:00Z,267.43277,2022-04-28T20:00:00Z,271.215097,-851.02,24.5756,-2931.53,392.47,3324.0,27.0,False,6933;6977
MMM,Long,674,2022-04-01T20:00:00Z,89.367681,2022-04-28T20:00:00Z,86.453063,-1964.45,23.9011,-2218.06,865.49,3083.55,27.0,False,6951;6978
MS,Short,793,2022-04-01T20:00:00Z,76.196007,2022-04-28T20:00:00Z,72.12353,3229.47,23.4612,-1700.52,4086.74,5122.14,27.0,True,6939;6979
PEP,Long,415,2022-04-01T20:00:00Z,144.673701,2022-04-28T20:00:00Z,150.395503,2374.55,24.8369,0.0,3436.66,1187.27,27.0,True,6935;6980
SCHW,Short,746,2022-03-01T21:00:00Z,78.120654,2022-04-28T20:00:00Z,64.893876,9867.18,20.6005,-6335.18,10245.6,11570.1,57.9583,True,6885;6981
UNH,Long,127,2022-04-01T20:00:00Z,469.4622,2022-04-28T20:00:00Z,476.880857,942.17,24.2141,-77.05,4124.76,3762.84,27.0,True,6931;6982
SPY,Short,214,2022-04-01T20:00:00Z,426.783401,2022-04-28T20:00:00Z,397.474406,6272.12,59.6927,-705.19,7495.12,2359.35,27.0,True,6953;6983
SPY,Short,89,2022-04-06T20:00:00Z,420.729535,2022-04-28T20:00:00Z,397.474406,2069.71,7.4831,-832.07,2578.33,981.23,22.0,True,6955;6983
SPY,Short,193,2022-04-13T20:00:00Z,412.340741,2022-04-28T20:00:00Z,397.474406,2869.2,16.1108,-3423.42,3972.18,2127.83,15.0,True,6959;6983
BA,Short,313,2022-04-01T20:00:00Z,192.58,2022-04-29T20:00:00Z,153.12,12350.98,21.259,0.0,13690.62,3427.35,28.0,True,6945;6984
MMC,Long,377,2022-04-01T20:00:00Z,159.731139,2022-04-29T20:00:00Z,159.176459,-209.11,23.4461,-3266.3,2721.27,5987.57,28.0,False,6948;6985
NFLX,Short,2777,2022-04-22T20:00:00Z,22.022,2022-04-29T20:00:00Z,19.881,5945.56,22.5426,0.0,8797.54,3049.15,7.0,True,6961;6986
SPY,Long,245,2022-04-28T20:00:00Z,397.474406,2022-04-29T20:00:00Z,398.783095,320.63,34.1351,-2345.9,320.63,2345.9,1.0,True,6983;6987
CVX,Long,440,2022-04-01T20:00:00Z,136.166968,2022-05-03T20:00:00Z,133.582154,-1137.32,24.0405,-2418.18,4089.19,6507.37,32.0,False,6932;6988
DUK,Long,640,2022-04-01T20:00:00Z,93.690062,2022-05-03T20:00:00Z,91.718964,-1261.5,23.7442,-1792.94,2002.3,3795.24,32.0,False,6947;6989
HD,Long,223,2022-05-03T20:00:00Z,272.051658,2022-05-04T20:00:00Z,270.618824,-319.52,24.6199,-319.52,1909.19,2228.72,1.0,False,6992;7004
NOW,Long,538,2022-04-01T20:00:00Z,111.22,2022-05-05T20:00:00Z,98.978,-6586.2,21.9078,-10770.76,2014.27,12785.03,34.0,False,6946;7005
SPY,Short,195,2022-04-29T20:00:00Z,398.783095,2022-05-05T20:00:00Z,399.743429,-187.26,20.5711,-1009.76,1790.03,2676.79,6.0,False,6987;7006
SPY,Short,69,2022-05-03T20:00:00Z,390.639093,2022-05-05T20:00:00Z,399.743429,-628.2,63.4293,-919.24,71.46,919.24,2.0,False,7003;7006
SPY,Short,260,2022-05-03T20:00:00Z,390.639093,2022-05-11T20:00:00Z,374.708859,4141.86,19.2283,-3463.79,5424.56,3463.79,8.0,True,7003;7010
SPY,Short,480,2022-05-03T20:00:00Z,390.639093,2022-05-25T20:00:00Z,369.408196,10190.83,105.204,-6394.69,11501.4,8469.01,22.0,True,7003;7039
SPY,Short,125,2022-05-11T20:00:00Z,374.708859,2022-05-25T20:00:00Z,369.408196,662.58,9.2444,-3656.56,1003.88,2205.47,14.0,True,7012;7039
SPY,Short,383,2022-05-12T20:00:00Z,366.790817,2022-05-25T20:00:00Z,369.408196,-1002.46,28.2952,-14236.32,43.27,6757.56,13.0,False,7015;7039
SPY,Short,177,2022-05-16T20:00:00Z,376.63894,2022-05-25T20:00:00Z,369.408196,1279.84,13.3347,-4836.07,1763.12,1379.83,9.0,True,7017;7039
SPY,Short,65,2022-05-23T20:00:00Z,369.850702,2022-05-25T20:00:00Z,369.408196,28.76,4.8581,-2217.19,206.24,296.81,2.0,True,7024;7039
SPY,Short,176,2022-05-24T20:00:00Z,369.558836,2022-05-25T20:00:00Z,369.408196,26.51,13.0539,-6054.84,507.06,803.67,1.0,True,7026;7039
AAPL,Short,395,2022-05-03T20:00:00Z,154.393972,2022-05-25T20:00:00Z,135.388596,7507.12,23.1662,-3071.27,7912.85,3071.27,22.0,True,6990;7040
ACN,Short,238,2022-05-19T20:00:00Z,246.714082,2022-05-25T20:00:00Z,254.184455,-1777.95,24.0501,-2877.76,0.0,2877.76,6.0,False,7020;7041
ADBE,Short,149,2022-05-23T20:00:00Z,404.01,2022-05-25T20:00:00Z,395.32,1294.81,24.1159,0.0,1294.81,609.41,2.0,True,7021;7042
AMZN,Long,557,2022-05-19T20:00:00Z,106.031166,2022-05-25T20:00:00Z,103.568457,-1371.73,23.7941,-1371.73,728.24,2099.96,6.0,False,7018;7043
AXP,Long,373,2022-05-03T20:00:00Z,164.691381,2022-05-25T20:00:00Z,148.774387,-5937.04,23.6303,-7016.5,1707.96,8724.46,22.0,False,6995;7044
BLK,Long,111,2022-05-12T20:00:00Z,531.202106,2022-05-25T20:00:00Z,550.909435,2187.51,24.4007,-113.35,3340.93,2333.68,13.0,True,7014;7045
CSCO,Long,1380,2022-05-03T20:00:00Z,44.125868,2022-05-25T20:00:00Z,38.788562,-7365.48,22.9823,-9849.19,2214.54,12063.73,22.0,False,6993;7046
DHR,Long,316,2022-05-16T20:00:00Z,190.517503,2022-05-25T20:00:00Z,192.715575,694.59,24.1256,-1007.89,1233.75,1296.89,9.0,True,7016;7047
ADI,Long,415,2022-05-03T20:00:00Z,146.496378,2022-05-25T20:00:00Z,148.899632,997.35,24.7366,-2268.11,2653.18,4921.29,22.0,True,7002;7048
TGT,Long,307,2022-05-03T20:00:00Z,199.250051,2022-05-25T20:00:00Z,130.10177,-21228.52,24.347,-21289.67,1652.09,22941.76,22.0,False,6998;7049
TGT,Long,137,2022-05-23T20:00:00Z,133.790758,2022-05-25T20:00:00Z,130.10177,-505.39,3.6516,-532.68,9705.18,741.48,2.0,False,7023;7049
SPGI,Long,182,2022-05-03T20:00:00Z,333.987127,2022-05-25T20:00:00Z,318.318258,-2851.73,23.4263,-6829.59,0.0,6829.59,22.0,False,6997;7050
GOOGL,Long,528,2022-05-03T20:00:00Z,115.333026,2022-05-25T20:00:00Z,103.995907,-5986.0,23.3414,-5986.0,3049.49,9035.49,22.0,False,6991;7051
GS,Long,222,2022-05-12T20:00:00Z,268.74066,2022-05-25T20:00:00Z,278.818435,2237.27,24.4333,0.0,3303.2,1240.94,13.0,True,7013;7052
ISRG,Long,253,2022-05-03T20:00:00Z,239.5,2022-05-25T20:00:00Z,216.18,-5899.96,23.3109,-7789.87,1722.93,9512.8,22.0,False,7001;7053
HON,Long,344,2022-05-03T20:00:00Z,177.015413,2022-05-25T20:00:00Z,171.127938,-2025.29,24.0617,-2025.29,2855.29,4880.58,22.0,False,6994;7054
JPM,Short,541,2022-05-09T20:00:00Z,109.85802,2022-05-25T20:00:00Z,113.60962,-2029.62,24.2483,-2496.87,2321.65,4818.51,16.0,False,7007;7055
LMT,Short,154,2022-05-11T20:00:00Z,388.550531,2022-05-25T20:00:00Z,393.861462,-817.88,24.2786,-1343.08,1825.88,3168.96,14.0,False,7009;7056
LOW,Long,327,2022-05-03T20:00:00Z,185.804168,2022-05-25T20:00:00Z,167.569719,-5962.66,23.4215,-5962.66,1407.39,7370.06,22.0,False,6996;7057
PM,Short,732,2022-05-11T20:00:00Z,82.988314,2022-05-25T20:00:00Z,89.257246,-4588.86,25.8965,-5504.19,0.0,5504.19,14.0,False,7008;7058
SCHW,Long,995,2022-05-11T20:00:00Z,61.070511,2022-05-25T20:00:00Z,60.184439,-881.64,24.5122,-2016.12,927.9,2765.87,14.0,False,7011;7059
SYK,Long,269,2022-05-03T20:00:00Z,226.665999,2022-05-25T20:00:00Z,222.246888,-1188.74,24.3347,-2688.82,2336.31,5025.13,22.0,False,7000;7060
TMO,Short,111,2022-05-19T20:00:00Z,532.853046,2022-05-25T20:00:00Z,543.549578,-1187.31,23.7684,-1665.97,627.61,1814.93,6.0,False,7019;7061
UTX,Long,726,2022-05-23T20:00:00Z,82.799114,2022-05-25T20:00:00Z,85.284915,1804.69,24.6009,0.0,1963.93,159.24,2.0,True,7022;7062
EL,Long,270,2022-05-24T20:00:00Z,218.67102,2022-06-01T20:00:00Z,239.790805,5702.34,24.2462,-795.48,5702.34,1064.13,8.0,True,7025;7063
MO,Short,1560,2022-05-03T20:00:00Z,39.14349,2022-06-01T20:00:00Z,38.289167,1332.74,24.1149,-1244.63,4824.31,3788.95,29.0,True,6999;7064
AAPL,Long,406,2022-06-01T20:00:00Z,146.657936,2022-06-02T20:00:00Z,144.652541,-814.19,23.8236,-814.19,512.34,1326.53,1.0,False,7065;7086
ACN,Long,217,2022-06-01T20:00:00Z,277.746266,2022-06-02T20:00:00Z,273.93802,-826.39,23.9899,-826.39,493.46,1319.84,1.0,False,7068;7087
PLD,Long,533,2022-06-01T20:00:00Z,111.784469,2022-06-02T20:00:00Z,110.077437,-909.85,23.7108,-909.85,547.77,1457.61,1.0,False,7079;7088
AMT,Short,266,2022-06-01T20:00:00Z,222.3714,2022-06-02T20:00:00Z,213.70679,2304.79,23.7832,-1438.76,2304.79,1438.76,1.0,True,7077;7089
ANTM,Short,123,2022-06-01T20:00:00Z,481.414391,2022-06-02T20:00:00Z,472.140473,1140.69,23.0948,0.0,1607.87,467.17,1.0,True,7076;7090
CVX,Short,402,2022-06-01T20:00:00Z,149.052474,2022-06-02T20:00:00Z,147.374126,674.7,23.893,0.0,674.7,0.0,1.0,True,7066;7091
INTC,Short,1416,2022-06-01T20:00:00Z,42.263892,2022-06-02T20:00:00Z,41.576291,973.64,23.7275,0.0,973.64,0.0,1.0,True,7072;7092
MCD,Short,261,2022-06-01T20:00:00Z,227.861278,2022-06-02T20:00:00Z,224.630415,843.26,23.473,0.0,843.26,0.0,1.0,True,7071;7093
PCLN,Long,675,2022-06-01T20:00:00Z,88.501767,2022-06-02T20:00:00Z,88.288816,-143.74,24.3224,-143.74,2831.59,2975.33,1.0,False,7081;7094
NOW,Long,633,2022-06-01T20:00:00Z,98.208,2022-06-02T20:00:00Z,93.932,-2706.71,24.8118,-2706.71,1742.02,4448.72,1.0,False,7080;7095
PYPL,Short,703,2022-06-01T20:00:00Z,84.606478,2022-06-02T20:00:00Z,81.402211,2252.6,23.7496,-1925.83,2252.6,1925.83,1.0,True,7078;7096
VZ,Long,1528,2022-06-01T20:00:00Z,38.956979,2022-06-02T20:00:00Z,38.941865,-23.09,23.7158,-300.23,0.0,300.23,1.0,False,7067;7097
NKE,Long,544,2022-06-01T20:00:00Z,109.784519,2022-06-02T20:00:00Z,109.491345,-159.49,36.4327,-159.49,1784.26,1943.74,1.0,False,7069;7106
SPY,Long,134,2022-06-01T20:00:00Z,390.912129,2022-06-06T20:00:00Z,390.497867,-55.51,49.8789,-709.03,276.29,985.32,5.0,False,7085;7119
MA,Short,169,2022-06-02T20:00:00Z,351.911347,2022-06-08T20:00:00Z,356.314022,-744.05,23.9354,-744.05,440.49,1184.54,6.0,False,7102;7123
INTU,Short,149,2022-06-02T20:00:00Z,396.189088,2022-06-16T20:00:00Z,353.701544,6330.64,22.6833,-1051.26,7171.37,2098.2,14.0,True,7113;7130
SPY,Long,111,2022-06-01T20:00:00Z,390.912129,2022-06-17T20:00:00Z,345.539609,-5036.35,7.68,-5073.81,228.87,5302.68,16.0,False,7085;7131
T,Short,3529,2022-06-02T20:00:00Z,16.780935,2022-06-24T20:00:00Z,16.369715,1451.2,23.554,0.0,6279.21,5665.24,22.0,True,7110;7139
SPY,Long,80,2022-06-01T20:00:00Z,390.912129,2022-06-27T20:00:00Z,369.831299,-1686.47,5.879,-3656.8,164.95,3821.75,26.0,False,7085;7164
TSLA,Long,239,2022-06-02T20:00:00Z,244.123309,2022-06-28T20:00:00Z,244.503309,90.82,23.4696,-7414.58,378.42,7414.58,26.0,True,7098;7165
AMGN,Short,288,2022-06-23T20:00:00Z,212.10785,2022-06-28T20:00:00Z,215.802099,-1063.94,24.5945,-1063.94,0.0,1063.94,5.0,False,7133;7166
AVGO,Long,1309,2022-06-23T20:00:00Z,46.921768,2022-06-28T20:00:00Z,47.937355,1329.4,24.3609,-403.96,1329.4,1302.47,5.0,True,7132;7167
EOG,Short,521,2022-06-01T20:00:00Z,115.157174,2022-06-28T20:00:00Z,99.008051,8413.69,22.4689,-3091.06,13028.57,4882.22,27.0,True,7084;7168
CVS,Short,772,2022-06-23T20:00:00Z,78.806874,2022-06-28T20:00:00Z,81.743188,-2266.83,24.6719,-2266.83,0.0,2266.83,5.0,False,7134;7169
JPM,Short,506,2022-06-02T20:00:00Z,116.866406,2022-06-28T20:00:00Z,105.86351,5567.47,22.563,-77.39,7679.73,2112.27,26.0,True,7101;7170
LOW,Short,330,2022-06-01T20:00:00Z,180.224628,2022-06-28T20:00:00Z,169.294972,3606.79,22.201,-102.96,7440.7,3833.91,27.0,True,7075;7171
MS,Short,798,2022-06-02T20:00:00Z,74.225316,2022-06-28T20:00:00Z,70.030465,3347.49,22.7365,-139.19,8504.44,5156.95,26.0,True,7111;7172
NEE,Short,881,2022-06-01T20:00:00Z,67.280259,2022-06-28T20:00:00Z,69.340584,-1815.15,23.8801,-3465.99,3872.83,5687.98,27.0,False,7073;7173
ORCL,Long,880,2022-06-02T20:00:00Z,67.191014,2022-06-28T20:00:00Z,66.345016,-744.48,23.4461,-6121.26,1232.52,7353.79,26.0,False,7105;7174
TXN,Short,383,2022-06-02T20:00:00Z,153.995968,2022-06-28T20:00:00Z,138.720276,5850.59,22.4316,0.0,8067.44,2216.85,26.0,True,7107;7175
USB,Short,1547,2022-06-14T20:00:00Z,38.768883,2022-06-28T20:00:00Z,39.295903,-815.3,23.5953,-815.3,2127.42,2942.72,14.0,False,7127;7176
UTX,Short,664,2022-06-07T20:00:00Z,88.812559,2022-06-28T20:00:00Z,87.213238,1061.95,23.5801,-1244.0,5036.67,3974.72,21.0,True,7121;7177
V,Short,291,2022-06-02T20:00:00Z,205.09562,2022-07-05T20:00:00Z,189.937767,4410.94,35.4854,-735.16,6433.32,4636.27,33.0,True,7100;7219
COST,Short,134,2022-06-29T20:00:00Z,448.434351,2022-07-05T20:00:00Z,462.345862,-1864.14,36.4443,-2208.65,0.0,2208.65,6.0,False,7193;7224
HON,Short,376,2022-06-29T20:00:00Z,159.093243,2022-07-05T20:00:00Z,156.161482,1102.34,35.2665,0.0,1272.46,421.88,6.0,True,7199;7233
LMT,Long,148,2022-06-06T20:00:00Z,396.628264,2022-07-05T20:00:00Z,379.621739,-2516.97,34.1409,-5275.97,1633.45,6909.42,29.0,False,7118;7234
GS,Short,204,2022-06-02T20:00:00Z,288.943984,2022-07-05T20:00:00Z,263.203193,5251.12,34.7454,-169.15,7501.6,4318.94,33.0,True,7114;7237
SO,Short,924,2022-06-01T20:00:00Z,64.187281,2022-07-05T20:00:00Z,61.748503,2253.43,34.5155,-117.37,8160.86,6079.57,34.0,True,7082;7243
MO,Long,1551,2022-06-02T20:00:00Z,38.246804,2022-07-05T20:00:00Z,30.065536,-12689.15,33.0224,-13012.9,0.0,13012.9,33.0,False,7116;7244
MMM,Short,762,2022-06-29T20:00:00Z,78.428163,2022-07-05T20:00:00Z,76.612249,1383.73,35.8688,0.0,1383.73,335.59,6.0,True,7201;7247
SPY,Long,187,2022-06-01T20:00:00Z,390.912129,2022-07-05T20:00:00Z,355.534282,-6615.66,105.2449,-8547.77,385.57,8933.34,34.0,False,7085;7250
SPY,Long,773,2022-06-02T20:00:00Z,385.620881,2022-07-05T20:00:00Z,355.534282,-23256.94,60.7538,-31243.68,5683.98,35726.82,33.0,False,7117;7250
SPY,Long,247,2022-06-07T20:00:00Z,384.255701,2022-07-05T20:00:00Z,355.534282,-7094.19,19.3362,-9646.23,2153.42,10995.03,28.0,False,7122;7250
SPY,Long,99,2022-06-08T20:00:00Z,389.71642,2022-07-05T20:00:00Z,355.534282,-3384.03,7.6659,-4406.91,322.5,4406.91,27.0,False,7125;7250
SPY,Long,122,2022-06-13T20:00:00Z,357.771216,2022-07-05T20:00:00Z,355.534282,-272.91,8.6148,-1533.43,4294.74,1744.24,22.0,False,7126;7250
SPY,Long,29,2022-06-14T20:00:00Z,354.796066,2022-07-05T20:00:00Z,355.534282,21.41,5.5616,-278.22,1107.16,414.61,21.0,True,7128;7250
BMY,Short,939,2022-06-02T20:00:00Z,63.462937,2022-07-05T20:00:00Z,64.194232,-686.69,23.8414,-3536.04,2273.17,5809.2,33.0,False,7108;7251
CB,Long,327,2022-06-29T20:00:00Z,184.266089,2022-07-05T20:00:00Z,184.313153,15.39,23.8182,-806.44,664.85,1471.29,6.0,True,7200;7252
CRM,Short,342,2022-06-02T20:00:00Z,171.721795,2022-07-05T20:00:00Z,162.988515,2986.78,24.203,-4762.07,5084.24,8748.92,33.0,True,7109;7253
CSCO,Short,1483,2022-06-01T20:00:00Z,40.366702,2022-07-05T20:00:00Z,37.106992,4834.15,23.0272,-341.85,4834.15,1617.23,34.0,True,7070;7254
MU,Long,1058,2022-06-29T20:00:00Z,56.021148,2022-07-05T20:00:00Z,51.05824,-5250.76,23.354,-5250.76,0.0,5250.76,6.0,False,7202;7255
IBM,Short,495,2022-06-02T20:00:00Z,119.542815,2022-07-05T20:00:00Z,119.988583,-220.65,23.5736,-1455.47,1879.81,3301.34,33.0,False,7112;7256
INTC,Short,1684,2022-06-29T20:00:00Z,35.321951,2022-07-05T20:00:00Z,33.777205,2601.35,23.4693,0.0,2601.35,555.17,6.0,True,7194;7257
MMC,Short,396,2022-06-01T20:00:00Z,149.497693,2022-07-05T20:00:00Z,144.873186,1831.3,23.1307,-3.7,5800.98,5397.72,34.0,True,7083;7258
NKE,Short,544,2022-06-02T20:00:00Z,109.491345,2022-07-05T20:00:00Z,92.293915,9355.4,10.4243,-1943.74,9355.4,3992.05,33.0,True,7106;7259
PEP,Short,412,2022-06-02T20:00:00Z,143.710263,2022-07-05T20:00:00Z,146.851376,-1294.14,24.0016,-1347.76,3396.22,4743.98,33.0,False,7103;7260
PG,Short,485,2022-06-14T20:00:00Z,123.038965,2022-07-05T20:00:00Z,129.355538,-3063.54,24.1716,-3727.45,2239.07,5966.52,21.0,False,7129;7261
COP,Short,624,2022-06-01T20:00:00Z,96.629802,2022-07-05T20:00:00Z,75.81341,12989.43,21.1729,-4317.84,15382.67,4317.84,34.0,True,7074;7262
DE,Short,169,2022-06-08T20:00:00Z,340.892333,2022-07-05T20:00:00Z,278.558051,10534.49,20.6924,0.0,10813.23,2844.23,27.0,True,7124;7263
TMO,Long,107,2022-06-02T20:00:00Z,547.220343,2022-07-05T20:00:00Z,533.027262,-1518.66,23.5555,-5634.62,644.06,6278.68,33.0,False,7104;7264
UNP,Short,309,2022-06-29T20:00:00Z,194.213455,2022-07-05T20:00:00Z,193.451228,235.53,23.739,-344.88,1082.31,846.78,6.0,True,7198;7265
SPY,Long,50,2022-06-14T20:00:00Z,354.796066,2022-07-08T20:00:00Z,366.086842,564.54,13.0835,-479.7,1908.9,714.85,24.0,True,7128;7288
SPY,Long,70,2022-06-23T20:00:00Z,356.186726,2022-07-08T20:00:00Z,366.086842,693.01,5.0048,-768.92,2575.11,1000.79,15.0,True,7135;7288
SPY,Long,58,2022-06-23T20:00:00Z,356.186726,2022-07-08T20:00:00Z,366.086842,574.21,4.1468,-637.11,2133.66,829.23,15.0,True,7138;7288
ORCL,Short,893,2022-07-06T20:00:00Z,67.980612,2022-07-08T20:00:00Z,67.388414,528.83,24.0997,0.0,528.83,33.58,2.0,True,7269;7289
AMT,Short,270,2022-07-06T20:00:00Z,225.294783,2022-07-11T20:00:00Z,222.709605,698.0,24.346,-7.07,698.0,702.71,5.0,True,7276;7290
SPY,Short,134,2022-07-11T20:00:00Z,364.90488,2022-07-12T20:00:00Z,362.777348,285.09,19.3876,0.0,643.67,358.58,1.0,True,7291;7292
FB,Long,316,2022-06-02T20:00:00Z,186.662213,2022-07-12T20:00:00Z,163.236575,-7402.5,22.6676,-10203.87,2563.49,12767.36,40.0,False,7099;7293
SYK,Long,311,2022-07-06T20:00:00Z,194.358608,2022-07-12T20:00:00Z,188.762447,-1740.41,23.6725,-2003.11,0.0,2003.11,6.0,False,7284;7294
PX,Short,216,2022-06-29T20:00:00Z,275.536718,2022-07-19T20:00:00Z,265.350553,2200.21,23.5598,0.0,4610.65,3416.66,20.0,True,7197;7299
SPY,Long,192,2022-07-13T20:00:00Z,354.673814,2022-07-19T20:00:00Z,365.150728,2011.57,31.2941,0.0,3119.02,1107.45,6.0,True,7296;7300
SPY,Long,46,2022-07-13T20:00:00Z,354.673814,2022-07-21T20:00:00Z,372.68692,828.6,7.3908,0.0,1030.86,265.33,8.0,True,7296;7303
SPY,Long,52,2022-07-18T20:00:00Z,367.136425,2022-07-21T20:00:00Z,372.68692,288.63,13.9408,-648.06,517.26,299.93,3.0,True,7298;7303
AMGN,Short,279,2022-07-06T20:00:00Z,216.40757,2022-07-27T20:00:00Z,218.636405,-621.84,24.3337,-1248.59,680.6,1929.19,21.0,False,7275;7306
AXP,Long,454,2022-07-06T20:00:00Z,132.600361,2022-07-27T20:00:00Z,144.319152,5320.33,25.0432,-1188.54,6266.84,2247.42,21.0,True,7278;7307
CAT,Short,373,2022-07-06T20:00:00Z,161.611522,2022-07-27T20:00:00Z,171.592569,-3722.93,24.9388,-4538.2,1230.08,5768.29,21.0,False,7280;7308
AMD,Short,741,2022-06-29T20:00:00Z,79.41,2022-07-27T20:00:00Z,87.02,-5639.01,24.8694,-8654.88,4253.34,12908.22,28.0,False,7196;7309
COST,Long,129,2022-07-05T20:00:00Z,462.345862,2022-07-27T20:00:00Z,488.074063,3318.94,12.8313,0.0,5424.29,2185.19,22.0,True,7224;7310
GS,Long,222,2022-07-05T20:00:00Z,263.203193,2022-07-27T20:00:00Z,288.673598,5654.43,12.9872,-2088.9,6904.97,3403.46,22.0,True,7237;7311
INTU,Long,156,2022-07-06T20:00:00Z,390.362778,2022-07-27T20:00:00Z,405.328461,2334.65,25.3282,-3448.43,4849.62,4580.79,21.0,True,7277;7312
JPM,Short,591,2022-07-06T20:00:00Z,101.326976,2022-07-27T20:00:00Z,103.559727,-1319.56,24.3667,-1973.97,1952.51,3926.48,21.0,False,7266;7313
LLY,Long,191,2022-07-06T20:00:00Z,316.840161,2022-07-27T20:00:00Z,317.786817,180.81,24.3206,-1149.44,662.36,1811.8,21.0,True,7267;7314
MMM,Long,774,2022-07-05T20:00:00Z,76.612249,2022-07-27T20:00:00Z,84.231847,5897.57,12.9653,0.0,6425.22,924.56,22.0,True,7247;7315
NVDA,Long,3764,2022-06-29T20:00:00Z,15.737096,2022-07-27T20:00:00Z,17.009093,4787.79,24.994,-4784.05,8439.57,5687.62,28.0,True,7192;7316
NOC,Long,139,2022-07-06T20:00:00Z,433.843484,2022-07-27T20:00:00Z,415.823054,-2504.84,24.0672,-2625.48,2015.81,4641.28,21.0,False,7285;7317
PM,Short,739,2022-07-06T20:00:00Z,82.329743,2022-07-27T20:00:00Z,79.82884,1848.17,23.6516,0.0,5698.52,4589.62,21.0,True,7273;7318
NOW,Long,609,2022-07-06T20:00:00Z,100.074,2022-07-27T20:00:00Z,86.41,-8321.38,22.9449,-9670.92,0.0,9670.92,21.0,False,7279;7319
UPS,Short,406,2022-07-06T20:00:00Z,149.334364,2022-07-27T20:00:00Z,147.400086,785.32,24.1442,-880.21,2460.66,3340.87,21.0,True,7272;7320
V,Long,311,2022-07-05T20:00:00Z,189.937767,2022-07-27T20:00:00Z,204.2148,4440.16,12.6715,0.0,6008.51,1721.88,22.0,True,7219;7321
ABT,Short,552,2022-06-07T20:00:00Z,106.543948,2022-07-28T20:00:00Z,101.48691,2791.49,23.0691,0.0,7046.33,4560.13,51.0,True,7120;7323
CME,Long,355,2022-07-06T20:00:00Z,171.505527,2022-07-28T20:00:00Z,162.872335,-3064.78,23.8722,-3064.78,914.11,3978.89,22.0,False,7286;7324
ADI,Long,453,2022-07-06T20:00:00Z,133.90365,2022-07-28T20:00:00Z,157.451451,10667.15,26.5513,0.0,10992.32,1440.02,22.0,True,7283;7325
LMT,Short,154,2022-07-05T20:00:00Z,379.621739,2022-07-28T20:00:00Z,356.708061,3528.71,11.1765,-141.75,5162.32,2583.22,23.0,True,7234;7326
MO,Short,1973,2022-07-05T20:00:00Z,30.065536,2022-07-28T20:00:00Z,31.670663,-3166.92,12.4972,-3351.53,908.89,4260.42,23.0,False,7244;7327
NEE,Short,860,2022-07-06T20:00:00Z,70.708213,2022-07-28T20:00:00Z,75.317302,-3963.82,25.0675,-3963.82,1611.49,5575.31,22.0,False,7274;7328
PEP,Short,422,2022-07-21T20:00:00Z,145.766737,2022-07-28T20:00:00Z,149.133455,-1420.75,25.1452,-2508.29,0.0,2508.29,7.0,False,7302;7329
SO,Long,968,2022-07-05T20:00:00Z,61.748503,2022-07-28T20:00:00Z,62.603769,827.9,12.4299,-1696.78,2377.13,1696.78,23.0,True,7243;7330
UNH,Long,125,2022-07-05T20:00:00Z,468.33176,2022-07-28T20:00:00Z,495.870376,3442.33,24.142,-738.05,3903.61,2005.43,23.0,True,7218;7331
VZ,Short,1555,2022-07-06T20:00:00Z,38.836065,2022-07-28T20:00:00Z,34.312474,7034.18,22.9464,-319.5,7498.25,1308.91,22.0,True,7268;7332
WFC,Short,1661,2022-06-29T20:00:00Z,36.156101,2022-07-28T20:00:00Z,39.091316,-4875.39,24.7497,-5099.03,2385.51,7484.55,29.0,False,7195;7333
PG,Long,487,2022-07-21T20:00:00Z,126.809663,2022-07-29T20:00:00Z,126.46747,-166.65,24.5324,-828.86,3100.53,3929.39,8.0,False,7301;7334
PYPL,Long,821,2022-07-06T20:00:00Z,74.004707,2022-07-29T20:00:00Z,85.318537,9288.65,25.9449,-4287.07,9499.76,4636.21,23.0,True,7281;7335
ADBE,Short,160,2022-07-06T20:00:00Z,378.54,2022-08-02T20:00:00Z,405.34,-4288.0,25.3693,-5208.0,1056.0,6264.0,27.0,False,7270;7337
CCI,Long,440,2022-07-06T20:00:00Z,138.25975,2022-08-02T20:00:00Z,143.764855,2422.25,24.6182,-936.51,2964.43,1182.96,27.0,True,7287;7338
JNJ,Short,386,2022-07-13T20:00:00Z,155.749659,2022-08-02T20:00:00Z,155.173334,222.46,23.8451,-879.58,1694.13,1471.67,20.0,True,7295;7339
TMUS,Short,464,2022-07-06T20:00:00Z,130.75266,2022-08-02T20:00:00Z,135.903751,-2390.11,24.5019,-2390.11,2569.91,4960.02,27.0,False,7271;7340
BLK,Short,100,2022-06-02T20:00:00Z,593.37873,2022-08-11T20:00:00Z,660.510521,-6713.18,25.4468,-6713.18,6806.31,13519.48,70.0,False,7115;7375
SPY,Long,101,2022-07-18T20:00:00Z,367.136425,2022-08-11T20:00:00Z,399.976068,3316.8,8.022,-1258.72,3316.8,754.47,24.0,True,7298;7380
GILD,Long,1118,2022-07-06T20:00:00Z,54.26471,2022-08-12T20:00:00Z,54.360063,106.61,24.3622,-2965.56,523.33,3198.15,37.0,True,7282;7381
INTU,Long,141,2022-08-02T20:00:00Z,429.447884,2022-08-16T20:00:00Z,468.128149,5453.92,25.5651,0.0,6320.53,945.89,14.0,True,7355;7391
SPY,Long,40,2022-07-18T20:00:00Z,367.136425,2022-08-16T20:00:00Z,404.344601,1488.33,6.1759,-498.5,1567.0,298.8,29.0,True,7298;7400
SPY,Long,36,2022-07-29T20:00:00Z,385.508848,2022-08-16T20:00:00Z,404.344601,678.09,27.9708,-1110.06,748.89,105.53,18.0,True,7336;7400
SPY,Long,95,2022-07-29T20:00:00Z,385.508848,2022-08-17T20:00:00Z,402.756043,1638.48,7.6651,-2929.33,1976.24,337.76,19.0,True,7336;7410
SPY,Long,116,2022-07-29T20:00:00Z,385.508848,2022-08-18T20:00:00Z,403.550322,2092.81,9.3867,-3576.86,2413.09,412.42,20.0,True,7336;7421
SPY,Long,112,2022-07-29T20:00:00Z,385.508848,2022-08-19T20:00:00Z,401.744283,1818.37,22.5128,-3453.52,2329.88,800.63,21.0,True,7336;7434
SPY,Long,124,2022-08-02T20:00:00Z,386.766456,2022-08-19T20:00:00Z,401.744283,1857.25,9.5691,-3979.49,2423.57,886.42,17.0,True,7368;7434
SPY,Long,46,2022-08-04T20:00:00Z,391.702331,2022-08-19T20:00:00Z,401.744283,461.93,12.8454,-1703.31,672.02,328.83,15.0,True,7370;7434
AMT,Long,261,2022-08-02T20:00:00Z,235.024136,2022-08-22T20:00:00Z,237.836391,734.0,24.4535,-61.55,2831.14,2682.97,20.0,True,7356;7435
CSCO,Short,1513,2022-08-02T20:00:00Z,40.765806,2022-08-24T20:00:00Z,42.089777,-2003.17,24.9016,-5143.27,879.77,6023.04,22.0,False,7349;7457
VRTX,Long,223,2022-08-02T20:00:00Z,275.82,2022-08-24T20:00:00Z,287.35,2571.19,25.1941,-216.31,6625.33,4299.44,22.0,True,7367;7458
ABT,Short,607,2022-08-02T20:00:00Z,101.04446,2022-08-25T20:00:00Z,97.007106,2450.67,24.0166,-1348.43,2450.67,2277.22,23.0,True,7348;7478
PLD,Short,533,2022-08-02T20:00:00Z,114.263681,2022-08-25T20:00:00Z,115.868952,-855.61,24.519,-3796.47,841.58,3796.47,23.0,False,7362;7479
AMAT,Short,580,2022-08-04T20:00:00Z,105.60285,2022-08-25T20:00:00Z,98.664418,4024.29,24.2187,-537.38,5463.32,6000.7,21.0,True,7369;7480
AMD,Long,633,2022-08-02T20:00:00Z,95.55,2022-08-25T20:00:00Z,93.23,-1468.56,24.8731,-1936.98,5291.88,7228.86,23.0,False,7351;7481
COST,Short,117,2022-08-02T20:00:00Z,520.650616,2022-08-25T20:00:00Z,520.545695,12.28,24.4229,-1686.26,1523.32,3209.58,23.0,True,7346;7482
EL,Short,240,2022-08-02T20:00:00Z,252.033776,2022-08-25T20:00:00Z,248.735442,791.6,24.4059,-2486.61,1169.51,3575.62,23.0,True,7363;7483
GOOGL,Short,552,2022-07-18T20:00:00Z,111.558444,2022-08-25T20:00:00Z,113.123551,-863.94,24.6802,-5172.7,4155.66,9328.35,38.0,False,7297;7484
HON,Long,378,2022-07-05T20:00:00Z,156.161482,2022-08-25T20:00:00Z,181.467315,9565.6,13.7794,-1067.16,10999.03,2148.42,51.0,True,7233;7485
MSFT,Short,228,2022-08-02T20:00:00Z,266.295966,2022-08-25T20:00:00Z,268.390267,-477.5,24.4078,-3901.64,0.0,3901.64,23.0,False,7342;7486
PM,Long,746,2022-08-02T20:00:00Z,82.596506,2022-08-25T20:00:00Z,81.646163,-708.96,24.4826,-1063.43,1641.79,2537.32,23.0,False,7352;7487
NOW,Short,623,2022-08-09T20:00:00Z,98.456,2022-08-25T20:00:00Z,91.28,4470.65,23.761,-2980.43,4470.65,2980.43,16.0,True,7371;7488
PYPL,Short,700,2022-08-02T20:00:00Z,86.050375,2022-08-25T20:00:00Z,92.963283,-4839.04,25.8013,-10432.66,0.0,10432.66,23.0,False,7361;7489
AAPL,Short,388,2022-08-02T20:00:00Z,156.518608,2022-08-26T20:00:00Z,167.012038,-4071.45,24.5845,-5614.6,0.0,5614.6,24.0,False,7341;7507
ADBE,Short,141,2022-08-12T20:00:00Z,439.61,2022-08-26T20:00:00Z,403.99,5022.42,23.3127,-1608.81,8261.19,3238.77,14.0,True,7383;7508
ADP,Short,268,2022-08-25T20:00:00Z,231.677571,2022-08-26T20:00:00Z,233.32029,-440.25,24.6099,-440.25,1499.75,1940.0,1.0,False,7503;7509
BA,Short,362,2022-08-02T20:00:00Z,167.0,2022-08-26T20:00:00Z,170.0,-1086.0,23.7334,-1838.96,2903.24,3989.24,24.0,False,7364;7510
CRM,Short,341,2022-08-02T20:00:00Z,177.275768,2022-08-26T20:00:00Z,170.701277,2241.9,23.3573,-3550.24,5163.07,3550.24,24.0,True,7350;7511
CVS,Long,737,2022-08-02T20:00:00Z,83.578206,2022-08-26T20:00:00Z,88.315748,3491.57,24.9491,0.0,6338.44,4066.05,24.0,True,7358;7512
HD,Short,224,2022-08-25T20:00:00Z,276.411749,2022-08-26T20:00:00Z,277.898412,-333.01,24.3893,-333.01,2114.43,2447.44,1.0,False,7493;7513
COP,Long,657,2022-08-25T20:00:00Z,95.20361,2022-08-26T20:00:00Z,96.203056,656.64,25.1654,0.0,656.64,0.0,1.0,True,7498;7514
SCHW,Short,947,2022-08-02T20:00:00Z,61.927687,2022-08-26T20:00:00Z,70.375299,-7999.89,24.9265,-10443.7,0.0,10443.7,24.0,False,7359;7515
XOM,Short,788,2022-07-05T20:00:00Z,75.007262,2022-08-26T20:00:00Z,86.560497,-9103.95,25.1444,-9435.74,2183.78,11619.51,52.0,False,7220;7516
TSLA,Short,206,2022-08-02T20:00:00Z,294.006637,2022-08-29T20:00:00Z,283.0,2267.37,24.1188,-3154.55,2267.37,5353.25,27.0,True,7343;7518
C,Long,1393,2022-08-25T20:00:00Z,44.717581,2022-08-29T20:00:00Z,43.381555,-1861.08,24.6855,-2213.84,0.0,2213.84,4.0,False,7502;7519
CVX,Long,468,2022-08-17T20:00:00Z,132.100317,2022-08-29T20:00:00Z,139.479256,3453.34,25.5656,0.0,3768.0,844.38,12.0,True,7401;7520
LLY,Long,205,2022-08-17T20:00:00Z,300.439867,2022-08-29T20:00:00Z,303.492626,625.82,24.913,0.0,2618.49,2592.66,12.0,True,7402;7521
MA,Long,179,2022-08-02T20:00:00Z,338.820468,2022-08-29T20:00:00Z,322.137162,-2986.31,23.7074,-3098.15,2248.91,5347.05,27.0,False,7344;7522
NOC,Long,138,2022-08-02T20:00:00Z,449.66152,2022-08-29T20:00:00Z,449.563897,-13.47,24.9472,-1518.36,1627.83,1641.3,27.0,False,7366;7523
PEP,Long,399,2022-08-22T20:00:00Z,156.196621,2022-08-29T20:00:00Z,151.085804,-2039.22,24.4387,-2039.22,0.0,2039.22,7.0,False,7436;7524
UTX,Long,719,2022-08-02T20:00:00Z,85.531667,2022-08-29T20:00:00Z,85.174916,-256.5,24.4973,-1570.45,2036.89,2650.29,27.0,False,7353;7525
SPY,Long,118,2022-08-04T20:00:00Z,391.702331,2022-08-29T20:00:00Z,380.336581,-1341.16,142.4635,-4369.37,1723.87,3065.03,25.0,False,7370;7526
SPY,Long,175,2022-08-09T20:00:00Z,389.85847,2022-08-29T20:00:00Z,380.336581,-1666.33,13.6136,-6157.31,2879.26,4545.59,20.0,False,7372;7526
AMGN,Long,284,2022-08-02T20:00:00Z,216.468995,2022-08-30T20:00:00Z,212.118832,-1235.45,24.1671,-1426.31,1609.89,3036.19,28.0,False,7354;7527
INTC,Long,1926,2022-08-25T20:00:00Z,32.215345,2022-08-30T20:00:00Z,31.463717,-1447.64,24.6098,-2931.92,0.0,2931.92,5.0,False,7496;7528
KO,Long,1072,2022-08-19T20:00:00Z,57.687881,2022-08-30T20:00:00Z,55.478971,-2367.95,24.119,-2974.15,0.0,2974.15,11.0,False,7423;7529
SYK,Long,299,2022-08-02T20:00:00Z,204.85021,2022-08-30T20:00:00Z,198.937285,-1767.96,24.0231,-2336.24,3205.87,5542.11,28.0,False,7365;7530
SPY,Short,162,2022-08-29T20:00:00Z,380.336581,2022-08-30T20:00:00Z,381.868404,-248.16,12.1997,-248.16,615.79,863.95,1.0,False,7526;7531
ABBV,Long,504,2022-08-02T20:00:00Z,122.496778,2022-08-31T20:00:00Z,117.705385,-2414.86,24.0036,-3021.85,528.39,3550.24,29.0,False,7345;7532
SPGI,Long,178,2022-08-02T20:00:00Z,337.496536,2022-08-31T20:00:00Z,326.203231,-2010.21,23.4699,-2763.65,3766.83,6530.48,29.0,False,7357;7533
MS,Long,795,2022-08-25T20:00:00Z,78.415411,2022-08-31T20:00:00Z,74.480114,-3128.56,24.5204,-3247.54,0.0,3247.54,6.0,False,7497;7534
NKE,Long,606,2022-08-25T20:00:00Z,102.773302,2022-08-31T20:00:00Z,99.154653,-2192.9,24.4525,-3033.33,0.0,3033.33,6.0,False,7495;7535
PFE,Long,1604,2022-08-19T20:00:00Z,38.711068,2022-08-31T20:00:00Z,36.547242,-3470.78,23.9979,-4602.27,76.28,4678.55,12.0,False,7422;7536
SPY,Short,420,2022-08-29T20:00:00Z,380.336581,2022-08-31T20:00:00Z,378.152314,917.39,31.3883,-643.37,2799.83,2239.87,2.0,True,7526;7537
BMY,Long,986,2022-08-22T20:00:00Z,63.32004,2022-09-01T20:00:00Z,56.645925,-6580.68,23.8098,-7111.11,0.0,7111.11,10.0,False,7438;7538
CAT,Short,340,2022-08-25T20:00:00Z,183.384164,2022-09-01T20:00:00Z,171.198578,4143.1,24.324,0.0,4162.24,19.14,7.0,True,7501;7539
FB,Long,383,2022-08-25T20:00:00Z,163.434678,2022-09-01T20:00:00Z,161.968718,-561.46,25.3523,-2974.23,136.57,2974.23,7.0,False,7492;7540
LOW,Long,322,2022-08-25T20:00:00Z,192.508399,2022-09-01T20:00:00Z,178.849431,-4398.19,24.1847,-4398.19,0.0,4398.19,7.0,False,7499;7541
NVDA,Long,3618,2022-08-25T20:00:00Z,16.783978,2022-09-01T20:00:00Z,14.150338,-9528.51,22.9564,-10497.94,0.0,10497.94,7.0,False,7491;7542
UNH,Long,125,2022-08-25T20:00:00Z,493.58241,2022-09-01T20:00:00Z,479.116564,-1808.23,24.5765,-1808.23,0.0,1808.23,7.0,False,7490;7543
UPS,Long,369,2022-08-22T20:00:00Z,166.863287,2022-09-01T20:00:00Z,157.687837,-3385.74,24.1502,-3385.74,0.0,3385.74,10.0,False,7437;7544
IBM,Long,541,2022-08-02T20:00:00Z,113.327789,2022-09-01T20:00:00Z,111.717482,-871.18,36.4468,-988.58,3998.71,4987.29,30.0,False,7360;7560
SPY,Short,150,2022-08-29T20:00:00Z,380.336581,2022-09-08T20:00:00Z,373.925617,961.64,11.3576,-229.77,1626.85,1364.46,10.0,True,7526;7571
MDT,Long,775,2022-09-01T20:00:00Z,76.89681,2022-09-09T20:00:00Z,77.300008,312.48,24.2184,-1039.33,1358.6,1046.12,8.0,True,7559;7572
SPY,Short,131,2022-08-29T20:00:00Z,380.336581,2022-09-09T20:00:00Z,380.847189,-66.89,10.0731,-541.31,1420.78,1962.1,11.0,False,7526;7573
TXN,Long,405,2022-09-01T20:00:00Z,145.522553,2022-09-14T20:00:00Z,146.306513,317.5,23.9152,-252.56,2666.31,2918.87,13.0,True,7554;7576
QCOM,Long,494,2022-09-01T20:00:00Z,118.79964,2022-09-20T20:00:00Z,114.924348,-1914.39,22.9989,-2352.36,1363.55,3715.91,19.0,False,7555;7578
SPY,Short,94,2022-08-29T20:00:00Z,380.336581,2022-09-20T20:00:00Z,365.635159,1381.93,6.8559,-776.84,1472.07,1796.34,22.0,True,7526;7579
SPY,Short,125,2022-08-29T20:00:00Z,380.336581,2022-09-21T20:00:00Z,366.546636,1723.74,8.9579,-1033.04,2752.72,2388.75,23.0,True,7526;7581
DE,Short,172,2022-09-01T20:00:00Z,340.275527,2022-09-21T20:00:00Z,341.526749,-215.21,23.2681,-2453.72,1495.06,2453.72,20.0,False,7563;7582
SPGI,Long,185,2022-09-01T20:00:00Z,319.602554,2022-09-22T20:00:00Z,304.975017,-2706.09,22.8103,-4603.74,3705.66,8309.4,21.0,False,7558;7584
SPY,Short,131,2022-08-29T20:00:00Z,380.336581,2022-09-22T20:00:00Z,357.469845,2995.54,9.309,-1082.62,3279.13,2503.41,24.0,True,7526;7585
PYPL,Short,646,2022-09-01T20:00:00Z,91.430378,2022-09-26T20:00:00Z,86.030596,3488.26,22.606,-3328.54,5232.39,4171.86,25.0,True,7564;7586
SPY,Short,365,2022-08-29T20:00:00Z,380.336581,2022-09-27T20:00:00Z,349.408971,11288.58,40.1595,-3016.46,12893.11,6975.14,29.0,True,7526;7603
SPY,Short,191,2022-09-01T20:00:00Z,371.495502,2022-09-27T20:00:00Z,349.408971,4218.53,14.319,-3267.12,5058.16,3650.0,26.0,True,7567;7603
SPY,Short,26,2022-09-06T20:00:00Z,371.731895,2022-09-27T20:00:00Z,349.408971,580.4,5.0251,-438.59,694.69,438.59,21.0,True,7569;7603
ACN,Long,232,2022-09-14T20:00:00Z,257.480667,2022-09-27T20:00:00Z,237.803477,-4565.11,22.7456,-5230.63,0.0,5230.63,13.0,False,7577;7604
ADBE,Long,159,2022-09-01T20:00:00Z,371.0,2022-09-27T20:00:00Z,281.7,-14198.7,20.6096,-14952.36,4032.24,18984.6,26.0,False,7550;7605
ADP,Short,270,2022-09-01T20:00:00Z,219.411332,2022-09-27T20:00:00Z,208.865098,2847.48,23.1302,-552.14,3530.34,1758.45,26.0,True,7565;7606
AMGN,Short,277,2022-09-08T20:00:00Z,216.469443,2022-09-27T20:00:00Z,200.702898,4367.33,23.0952,-707.89,4982.14,1048.36,19.0,True,7570;7607
ANTM,Long,133,2022-08-25T20:00:00Z,463.123151,2022-09-27T20:00:00Z,426.479983,-4873.54,23.586,-5538.34,437.34,5975.68,33.0,False,7500;7608
AVGO,Long,1222,2022-08-02T20:00:00Z,49.864724,2022-09-27T20:00:00Z,44.278743,-6826.07,22.8521,-7666.13,2941.49,10607.62,56.0,False,7347;7609
AXP,Long,412,2022-09-01T20:00:00Z,143.576613,2022-09-27T20:00:00Z,132.743157,-4463.38,22.6479,-5243.89,4561.44,9805.32,26.0,False,7561;7610
COST,Long,120,2022-09-06T20:00:00Z,496.146606,2022-09-27T20:00:00Z,463.07716,-3968.33,22.8279,-6153.38,2215.95,8369.33,21.0,False,7568;7611
CRM,Long,389,2022-09-01T20:00:00Z,151.968882,2022-09-27T20:00:00Z,145.590644,-2481.13,23.0875,-3263.65,4107.23,7370.88,26.0,False,7553;7612
CVS,Short,672,2022-09-21T20:00:00Z,88.289765,2022-09-27T20:00:00Z,84.929315,2258.22,22.9291,0.0,2752.94,494.71,6.0,True,7580;7613
DHR,Short,287,2022-09-01T20:00:00Z,207.817646,2022-09-27T20:00:00Z,203.774771,1160.31,23.5793,-5196.53,2200.27,5338.95,26.0,True,7547;7614
GOOGL,Long,557,2022-09-01T20:00:00Z,107.328693,2022-09-27T20:00:00Z,98.502679,-4916.09,22.8689,-5986.48,1384.89,7371.38,26.0,False,7545;7615
HON,Short,346,2022-09-01T20:00:00Z,172.127955,2022-09-27T20:00:00Z,155.50444,5751.74,22.7043,-865.28,6047.5,2026.32,26.0,True,7556;7616
IBM,Short,535,2022-09-01T20:00:00Z,111.717482,2022-09-27T20:00:00Z,106.422403,2832.87,11.3073,-910.23,3232.25,1829.75,26.0,True,7560;7617
LLY,Long,204,2022-09-01T20:00:00Z,291.70801,2022-09-27T20:00:00Z,298.782656,1443.23,24.5254,-893.62,3329.31,4222.92,26.0,True,7546;7618
LMT,Short,158,2022-09-01T20:00:00Z,376.246362,2022-09-27T20:00:00Z,368.114028,1284.91,23.3728,-545.8,2628.09,1830.71,26.0,True,7562;7619
MRK,Long,782,2022-08-25T20:00:00Z,79.658663,2022-09-27T20:00:00Z,77.02308,-2061.03,24.3745,-3582.28,0.0,3582.28,33.0,False,7494;7620
MSFT,Long,234,2022-09-13T20:00:00Z,250.312417,2022-09-27T20:00:00Z,232.157146,-4248.33,22.1203,-5036.4,0.0,5036.4,14.0,False,7574;7621
NEE,Long,786,2022-09-01T20:00:00Z,76.146606,2022-09-27T20:00:00Z,73.192835,-2321.66,23.4748,-2980.99,3843.72,6824.71,26.0,False,7551;7622
NKE,Long,610,2022-09-01T20:00:00Z,97.170825,2022-09-27T20:00:00Z,89.408935,-4734.75,22.7524,-5302.23,3867.28,9169.5,26.0,False,7552;7623
SO,Long,907,2022-09-01T20:00:00Z,65.991183,2022-09-27T20:00:00Z,62.873153,-2828.05,23.3233,-4269.2,2277.94,6547.14,26.0,False,7566;7624
T,Short,4249,2022-09-01T20:00:00Z,14.023123,2022-09-27T20:00:00Z,12.66889,5754.14,22.6352,0.0,6128.67,2042.89,26.0,True,7557;7625
TMUS,Long,438,2022-09-01T20:00:00Z,135.620205,2022-09-27T20:00:00Z,125.06283,-4624.13,22.9012,-4624.13,914.89,5539.02,26.0,False,7548;7626
VZ,Long,1866,2022-09-01T20:00:00Z,31.947943,2022-09-27T20:00:00Z,29.996632,-3641.15,23.0463,-4083.8,1442.18,5525.98,26.0,False,7549;7627
SPY,Short,42,2022-09-06T20:00:00Z,371.731895,2022-09-27T20:00:00Z,349.408971,937.56,70.1756,-708.5,1122.19,708.5,21.0,True,7569;7632
SPY,Short,117,2022-09-13T20:00:00Z,379.778695,2022-09-27T20:00:00Z,349.408971,3553.26,8.6979,-1032.19,4067.59,963.12,14.0,True,7575;7632
SPY,Short,209,2022-09-21T20:00:00Z,366.546636,2022-09-27T20:00:00Z,349.408971,3581.77,14.9776,-4609.33,4500.53,918.76,6.0,True,7583;7632
SPY,Short,246,2022-09-26T20:00:00Z,347.889843,2022-09-27T20:00:00Z,349.408971,-373.71,17.0181,-10014.91,707.7,1081.41,1.0,False,7587;7632
ADI,Long,446,2022-09-27T20:00:00Z,133.658251,2022-09-28T20:00:00Z,131.934716,-768.7,23.929,-768.7,789.59,1558.28,1.0,False,7630;7633
MDLZ,Long,1127,2022-09-27T20:00:00Z,52.576022,2022-09-28T20:00:00Z,51.948944,-706.72,23.3661,-706.72,0.0,706.72,1.0,False,7602;7634
VRTX,Short,212,2022-09-27T20:00:00Z,279.93,2022-09-28T20:00:00Z,289.28,-1982.2,24.4712,-2645.76,0.0,2645.76,1.0,False,7631;7635
CI,Long,228,2022-09-28T20:00:00Z,259.351897,2022-09-29T20:00:00Z,261.337278,452.67,23.8225,0.0,452.67,0.0,1.0,True,7636;7639
CB,Long,349,2022-09-28T20:00:00Z,169.065625,2022-09-29T20:00:00Z,169.604472,188.06,24.0252,0.0,1629.83,1441.78,1.0,True,7637;7640
ABNB,Short,553,2022-09-28T20:00:00Z,106.33,2022-09-29T20:00:00Z,109.19,-1581.58,24.0389,-1581.58,0.0,1581.58,1.0,False,7638;7641
LOW,Short,343,2022-09-27T20:00:00Z,173.450446,2022-09-29T20:00:00Z,177.197434,-1285.22,35.4518,-2044.95,0.0,2044.95,2.0,False,7600;7643
SPY,Long,98,2022-09-27T20:00:00Z,349.408971,2022-09-29T20:00:00Z,348.288614,-109.79,6.7513,-485.7,234.48,720.18,2.0,False,7632;7651
AMT,Short,303,2022-09-29T20:00:00Z,190.691824,2022-10-03T20:00:00Z,189.425436,383.72,22.8054,0.0,963.26,653.64,4.0,True,7644;7652
ADI,Long,433,2022-09-29T20:00:00Z,133.854959,2022-10-03T20:00:00Z,132.337499,-657.06,23.2908,-1443.91,904.47,1561.53,4.0,False,7648;7653
DUK,Long,689,2022-09-29T20:00:00Z,84.868294,2022-10-03T20:00:00Z,80.682962,-2883.69,22.414,-3678.18,0.0,3678.18,4.0,False,7646;7654
MMC,Short,414,2022-09-29T20:00:00Z,141.213156,2022-10-03T20:00:00Z,141.400715,-77.65,23.7367,-1700.52,454.25,2154.77,4.0,False,7647;7655
LOW,Long,327,2022-09-29T20:00:00Z,177.197434,2022-10-03T20:00:00Z,176.837501,-117.7,11.7076,-1264.5,594.53,1264.5,4.0,False,7643;7656
MDLZ,Long,1126,2022-09-29T20:00:00Z,51.961572,2022-10-03T20:00:00Z,49.779222,-2457.33,22.9526,-2833.03,0.0,2833.03,4.0,False,7645;7657
PCLN,Long,869,2022-09-29T20:00:00Z,66.055922,2022-10-03T20:00:00Z,65.348298,-614.92,22.8031,-1607.43,0.0,1607.43,4.0,False,7649;7658
VRTX,Short,200,2022-09-29T20:00:00Z,292.41,2022-10-03T20:00:00Z,291.68,146.0,23.6092,-1004.0,574.0,1578.0,4.0,True,7650;7659
SPY,Long,305,2022-09-27T20:00:00Z,349.408971,2022-10-04T20:00:00Z,353.624552,1285.75,56.3419,-3136.19,2884.25,3865.94,7.0,True,7632;7689
SPY,Long,130,2022-10-03T20:00:00Z,342.867226,2022-10-04T20:00:00Z,353.624552,1398.45,9.0501,-486.31,2079.78,681.33,1.0,True,7666;7689
ABT,Short,639,2022-09-27T20:00:00Z,92.407473,2022-10-04T20:00:00Z,92.85914,-288.62,23.7348,-1702.24,2037.98,3740.22,7.0,False,7629;7690
ADBE,Long,211,2022-10-03T20:00:00Z,277.8,2022-10-04T20:00:00Z,291.0,2785.2,24.4849,0.0,3622.87,837.67,1.0,True,7660;7691
CI,Long,226,2022-10-03T20:00:00Z,260.465195,2022-10-04T20:00:00Z,268.258276,1761.24,24.3319,0.0,2572.66,811.43,1.0,True,7663;7692
CB,Long,339,2022-10-03T20:00:00Z,173.395308,2022-10-04T20:00:00Z,177.847887,1509.42,24.3469,0.0,2993.21,1483.79,1.0,True,7664;7693
EL,Short,289,2022-10-03T20:00:00Z,203.457166,2022-10-04T20:00:00Z,208.827031,-1551.89,24.0934,-2537.0,0.0,2537.0,1.0,False,7662;7694
ABNB,Short,555,2022-10-03T20:00:00Z,105.49,2022-10-04T20:00:00Z,109.01,-1953.6,23.9549,-2952.6,0.0,2952.6,1.0,False,7665;7695
INTU,Long,155,2022-10-03T20:00:00Z,377.418565,2022-10-04T20:00:00Z,394.01521,2572.48,24.3066,0.0,3409.44,836.96,1.0,True,7661;7696
NVDA,Short,4836,2022-09-27T20:00:00Z,12.461697,2022-10-04T20:00:00Z,12.848292,-1869.57,24.6514,-3180.2,1773.2,4953.4,7.0,False,7628;7697
AMGN,Long,287,2022-10-04T20:00:00Z,204.133868,2022-10-05T20:00:00Z,205.70787,451.74,23.6955,0.0,753.74,302.0,1.0,True,7681;7713
ANTM,Long,131,2022-10-04T20:00:00Z,446.001588,2022-10-05T20:00:00Z,450.716632,617.67,23.729,0.0,821.91,204.24,1.0,True,7682;7714
LMT,Long,162,2022-10-04T20:00:00Z,362.635499,2022-10-05T20:00:00Z,365.334282,437.2,23.5714,-87.44,437.2,87.44,1.0,True,7684;7715
NOC,Long,128,2022-10-04T20:00:00Z,457.402351,2022-10-05T20:00:00Z,456.072529,-170.22,23.3684,-475.89,0.0,475.89,1.0,False,7687;7716
VRTX,Short,196,2022-10-04T20:00:00Z,299.85,2022-10-05T20:00:00Z,300.64,-154.84,23.6243,-425.32,0.0,425.32,1.0,False,7686;7717
TJX,Short,982,2022-10-04T20:00:00Z,60.855982,2022-10-05T20:00:00Z,61.348206,-483.36,24.3932,-1385.02,0.0,1385.02,1.0,False,7688;7718
PLD,Short,635,2022-10-04T20:00:00Z,93.450307,2022-10-06T20:00:00Z,92.708778,470.87,23.3104,0.0,2242.24,1771.37,2.0,True,7706;7719
AXP,Long,439,2022-10-04T20:00:00Z,136.893761,2022-10-06T20:00:00Z,136.179781,-313.44,24.0636,-589.26,238.21,827.47,2.0,False,7702;7720
BA,Short,464,2022-10-04T20:00:00Z,129.4,2022-10-06T20:00:00Z,131.13,-802.72,24.6579,-1299.2,0.0,1299.2,2.0,False,7709;7721
CAT,Long,364,2022-10-04T20:00:00Z,163.834694,2022-10-06T20:00:00Z,166.423779,942.43,24.4785,0.0,1420.47,478.04,2.0,True,7703;7722
GILD,Long,1071,2022-10-04T20:00:00Z,56.212664,2022-10-06T20:00:00Z,56.931541,769.92,24.4608,0.0,1248.77,478.85,2.0,True,7704;7723
MMC,Short,402,2022-10-04T20:00:00Z,146.521075,2022-10-06T20:00:00Z,148.9674,-983.42,23.8754,-1161.14,0.0,1161.14,2.0,False,7707;7724
WM,Long,377,2022-10-04T20:00:00Z,156.437038,2022-10-06T20:00:00Z,155.01019,-537.92,23.1858,-2565.75,0.0,2565.75,2.0,False,7711;7725
MO,Long,1922,2022-10-04T20:00:00Z,30.642285,2022-10-06T20:00:00Z,31.503271,1654.82,24.1773,0.0,1866.97,212.16,2.0,True,7708;7726
NOW,Short,747,2022-10-04T20:00:00Z,80.426,2022-10-06T20:00:00Z,84.424,-2986.51,24.7998,-2986.51,0.0,2986.51,2.0,False,7705;7727
T,Long,4593,2022-10-04T20:00:00Z,12.813128,2022-10-06T20:00:00Z,12.76301,-230.19,23.328,-1466.28,0.0,1466.28,2.0,False,7700;7728
UNP,Long,320,2022-10-04T20:00:00Z,185.094847,2022-10-06T20:00:00Z,182.649303,-782.57,23.5701,-1351.98,0.0,1351.98,2.0,False,7699;7729
UTX,Long,766,2022-10-04T20:00:00Z,77.444277,2022-10-06T20:00:00Z,77.674082,176.03,23.9134,0.0,675.96,654.83,2.0,True,7698;7730
ISRG,Short,302,2022-10-04T20:00:00Z,197.87,2022-10-06T20:00:00Z,200.09,-670.44,35.5807,-1060.02,51.34,1060.02,2.0,False,7710;7742
ACN,Short,241,2022-10-04T20:00:00Z,247.820789,2022-10-12T20:00:00Z,232.334088,3732.3,23.2137,-870.25,4244.79,870.25,8.0,True,7677;7744
HON,Long,361,2022-10-06T20:00:00Z,160.496951,2022-10-14T20:00:00Z,162.142933,594.2,22.9282,-1651.28,594.2,1651.28,8.0,True,7732;7746
SPY,Short,195,2022-10-04T20:00:00Z,353.624552,2022-10-14T20:00:00Z,349.912183,723.91,13.2426,-859.07,2941.93,2218.02,10.0,True,7689;7747
SPY,Short,155,2022-10-04T20:00:00Z,353.624552,2022-10-21T20:00:00Z,346.655552,1080.2,13.433,-682.85,2338.46,2724.03,17.0,True,7689;7760
SPY,Short,34,2022-10-04T20:00:00Z,353.624552,2022-10-21T20:00:00Z,346.655552,236.95,29.3552,-149.79,512.95,597.53,17.0,True,7712;7760
ADP,Long,269,2022-10-06T20:00:00Z,216.996342,2022-10-25T20:00:00Z,213.31598,-990.02,23.0508,-3723.54,0.0,3723.54,19.0,False,7735;7761
AMGN,Long,282,2022-10-06T20:00:00Z,205.6106,2022-10-25T20:00:00Z,230.343649,6974.72,24.4841,-870.28,7181.69,1366.52,19.0,True,7731;7762
ANTM,Long,129,2022-10-06T20:00:00Z,450.074101,2022-10-25T20:00:00Z,495.873336,5908.1,24.4274,-1313.99,6154.32,1313.99,19.0,True,7733;7763
AVGO,Long,1358,2022-10-04T20:00:00Z,44.179728,2022-10-25T20:00:00Z,43.188631,-1345.91,24.0735,-5301.68,2087.38,7389.06,21.0,False,7675;7764
C,Long,1525,2022-10-06T20:00:00Z,37.810413,2022-10-25T20:00:00Z,38.439131,958.8,23.5437,-3768.6,2716.59,3768.6,19.0,True,7736;7765
EL,Short,276,2022-10-06T20:00:00Z,210.648116,2022-10-25T20:00:00Z,185.657233,6897.48,22.3843,0.0,7415.57,2147.09,19.0,True,7737;7766
TGT,Long,430,2022-10-20T20:00:00Z,135.988702,2022-10-25T20:00:00Z,141.007893,2158.25,24.0016,0.0,3660.79,1502.53,5.0,True,7757;7767
JPM,Long,546,2022-10-20T20:00:00Z,107.28845,2022-10-25T20:00:00Z,111.400136,2244.98,23.8828,0.0,2769.98,525.0,5.0,True,7754;7768
LMT,Long,161,2022-10-06T20:00:00Z,361.295103,2022-10-25T20:00:00Z,408.460837,7593.68,24.9037,-1732.22,8481.52,3099.46,19.0,True,7734;7769
MCD,Long,273,2022-10-04T20:00:00Z,215.383092,2022-10-25T20:00:00Z,231.633956,4436.49,24.5537,-874.38,4724.63,1465.58,21.0,True,7676;7770
NEE,Long,807,2022-10-04T20:00:00Z,72.844808,2022-10-25T20:00:00Z,65.81287,-5674.77,22.8546,-7914.44,100.82,8015.26,21.0,False,7678;7771
NKE,Long,714,2022-10-20T20:00:00Z,82.40875,2022-10-25T20:00:00Z,81.0824,-947.01,23.4846,-960.17,1479.71,2426.72,5.0,False,7756;7772
NVDA,Long,4855,2022-10-20T20:00:00Z,12.070121,2022-10-25T20:00:00Z,12.649016,2810.54,24.6273,0.0,5548.51,2737.98,5.0,True,7755;7773
PM,Long,797,2022-10-20T20:00:00Z,71.871206,2022-10-25T20:00:00Z,73.849778,1576.92,23.3883,0.0,2358.64,781.72,5.0,True,7750;7774
VRTX,Short,193,2022-10-06T20:00:00Z,300.0,2022-10-25T20:00:00Z,312.0,-2316.0,23.4626,-2316.0,1904.91,4220.91,19.0,False,7738;7775
QCOM,Long,572,2022-10-21T20:00:00Z,102.137712,2022-10-25T20:00:00Z,106.543115,2519.89,24.5621,0.0,3879.17,1359.28,4.0,True,7758;7776
TJX,Short,938,2022-10-06T20:00:00Z,62.521972,2022-10-25T20:00:00Z,66.175792,-3427.28,24.0709,-3933.38,2166.47,6099.85,19.0,False,7740;7777
MDLZ,Long,1108,2022-10-18T20:00:00Z,52.241129,2022-10-25T20:00:00Z,53.052747,899.27,35.5258,-1019.18,1378.88,1019.18,7.0,True,7748;7793
ABNB,Short,522,2022-10-06T20:00:00Z,112.0,2022-10-25T20:00:00Z,115.37,-1759.14,36.1207,-4149.9,2703.96,6853.86,19.0,False,7741;7798
ISRG,Long,290,2022-10-06T20:00:00Z,200.09,2022-10-25T20:00:00Z,231.03,8972.6,26.6414,-4938.7,10956.2,4938.7,19.0,True,7742;7799
SPY,Short,120,2022-10-04T20:00:00Z,353.624552,2022-10-25T20:00:00Z,359.577635,-714.37,8.7711,-1420.76,1810.42,3231.19,21.0,False,7712;7801
ADBE,Long,188,2022-10-25T20:00:00Z,319.12,2022-10-26T20:00:00Z,318.16,-180.48,24.2246,-180.48,255.68,436.16,1.0,False,7781;7802
TSLA,Short,262,2022-10-20T20:00:00Z,208.3,2022-10-26T20:00:00Z,219.42,-2913.44,22.6326,-4281.08,0.0,4281.08,6.0,False,7753;7803
PLD,Short,652,2022-10-25T20:00:00Z,91.781867,2022-10-26T20:00:00Z,95.983865,-2739.7,25.127,-3395.85,0.0,3395.85,1.0,False,7792;7804
AXP,Long,439,2022-10-25T20:00:00Z,136.154928,2022-10-26T20:00:00Z,141.009413,2131.12,24.6497,0.0,2131.12,0.0,1.0,True,7788;7805
BA,Short,419,2022-10-25T20:00:00Z,142.05,2022-10-26T20:00:00Z,147.0,-2074.05,23.5009,-2074.05,3460.94,5534.99,1.0,False,7796;7806
CAT,Long,329,2022-10-25T20:00:00Z,179.70059,2022-10-26T20:00:00Z,187.321504,2507.28,24.3458,0.0,2507.28,0.0,1.0,True,7789;7807
AMD,Long,885,2022-10-04T20:00:00Z,68.26,2022-10-26T20:00:00Z,59.74,-7540.2,22.5905,-10903.2,0.0,10903.2,22.0,False,7701;7808
CRM,Long,403,2022-10-04T20:00:00Z,148.858265,2022-10-26T20:00:00Z,156.806531,3203.15,24.964,-3748.87,5366.27,5540.27,22.0,True,7679;7809
GILD,Long,983,2022-10-25T20:00:00Z,60.350589,2022-10-26T20:00:00Z,61.367537,999.66,24.2021,0.0,1706.32,706.66,1.0,True,7790;7810
ISRG,Short,270,2022-10-25T20:00:00Z,231.03,2022-10-26T20:00:00Z,237.75,-1814.4,13.0496,-2870.1,0.0,2870.1,1.0,False,7799;7811
HON,Long,350,2022-10-25T20:00:00Z,169.736279,2022-10-26T20:00:00Z,174.37413,1623.25,24.1921,0.0,1623.25,0.0,1.0,True,7785;7812
INTC,Long,2301,2022-10-25T20:00:00Z,25.859808,2022-10-26T20:00:00Z,25.869322,21.89,23.9152,0.0,65.68,43.78,1.0,True,7787;7813
MMC,Short,403,2022-10-25T20:00:00Z,146.793037,2022-10-26T20:00:00Z,144.797518,804.19,23.3338,0.0,804.19,0.0,1.0,True,7794;7814
LLY,Long,187,2022-10-04T20:00:00Z,312.234175,2022-10-26T20:00:00Z,341.618184,5494.81,24.93,0.0,6442.63,1607.49,22.0,True,7674;7815
MDLZ,Short,1123,2022-10-25T20:00:00Z,53.052747,2022-10-26T20:00:00Z,53.963562,-1022.85,12.1324,-1083.61,0.0,1083.61,1.0,False,7793;7816
MDT,Long,803,2022-10-25T20:00:00Z,73.791983,2022-10-26T20:00:00Z,75.11727,1064.21,24.1035,0.0,1312.52,248.31,1.0,True,7786;7817
MO,Long,1779,2022-10-25T20:00:00Z,33.357703,2022-10-26T20:00:00Z,33.872823,916.4,24.1013,0.0,1282.96,366.56,1.0,True,7795;7818
NOC,Long,128,2022-10-06T20:00:00Z,453.000829,2022-10-26T20:00:00Z,497.746508,5727.45,24.3631,-2341.08,5727.45,5168.85,20.0,True,7739;7819
NOW,Short,811,2022-10-25T20:00:00Z,73.882,2022-10-26T20:00:00Z,70.76,2531.94,24.1052,0.0,2531.94,0.0,1.0,True,7791;7820
SYK,Short,289,2022-10-04T20:00:00Z,204.186252,2022-10-26T20:00:00Z,217.477622,-3841.21,24.7407,-4631.71,1113.39,5745.11,22.0,False,7685;7821
TXN,Long,411,2022-10-04T20:00:00Z,145.255294,2022-10-26T20:00:00Z,135.705237,-3925.07,23.6544,-5385.99,1739.19,7125.18,22.0,False,7680;7822
UPS,Long,437,2022-10-25T20:00:00Z,140.051483,2022-10-26T20:00:00Z,136.121467,-1717.42,23.843,-1717.42,0.0,1717.42,1.0,False,7780;7823
VZ,Long,2126,2022-10-25T20:00:00Z,27.941797,2022-10-26T20:00:00Z,28.307507,777.5,24.1058,0.0,860.21,82.71,1.0,True,7778;7824
WFC,Long,1456,2022-10-25T20:00:00Z,40.462983,2022-10-26T20:00:00Z,41.077565,894.83,23.9762,0.0,1223.81,328.98,1.0,True,7779;7825
WMT,Short,1388,2022-10-04T20:00:00Z,42.586359,2022-10-26T20:00:00Z,44.654276,-2870.27,24.3213,-3214.7,2340.37,5555.07,22.0,False,7673;7826
XOM,Short,753,2022-09-29T20:00:00Z,77.499189,2022-10-26T20:00:00Z,93.209551,-11829.9,25.8739,-12430.98,620.89,13051.86,27.0,False,7642;7827
ABNB,Long,511,2022-10-25T20:00:00Z,115.37,2022-10-26T20:00:00Z,117.0,832.93,23.3618,-30.66,832.93,30.66,1.0,True,7798;7843
NEE,Long,878,2022-10-26T20:00:00Z,67.82072,2022-10-27T20:00:00Z,67.865339,39.18,23.6729,-415.26,39.18,415.26,1.0,True,7834;7846
SPY,Short,173,2022-10-04T20:00:00Z,353.624552,2022-10-27T20:00:00Z,363.726754,-1747.68,12.4828,-2048.27,2610.02,4658.29,23.0,False,7712;7847
LOW,Long,341,2022-10-25T20:00:00Z,176.212616,2022-10-31T20:00:00Z,182.791591,2243.43,24.6113,0.0,2825.65,1221.39,6.0,True,7784;7848
PGR,Long,534,2022-10-26T20:00:00Z,112.119597,2022-10-31T20:00:00Z,117.683166,2970.95,24.4816,0.0,3297.26,633.15,5.0,True,7842;7849
TJX,Short,891,2022-10-26T20:00:00Z,66.98039,2022-10-31T20:00:00Z,68.315076,-1189.2,24.1231,-1459.1,0.0,1459.1,5.0,False,7841;7850
C,Long,1502,2022-10-26T20:00:00Z,39.766425,2022-10-31T20:00:00Z,39.98473,327.89,35.9927,-131.16,773.83,445.94,5.0,True,7837;7855
SPY,Short,82,2022-10-04T20:00:00Z,353.624552,2022-10-31T20:00:00Z,366.954902,-1093.09,55.2967,-1290.06,1237.12,2527.18,27.0,False,7712;7858
SPY,Short,221,2022-10-06T20:00:00Z,356.662808,2022-10-31T20:00:00Z,366.954902,-2274.55,15.6617,-2805.42,4005.65,6811.07,25.0,False,7743;7858
SPY,Short,234,2022-10-12T20:00:00Z,340.009366,2022-10-31T20:00:00Z,366.954902,-6305.26,15.8436,-6867.35,344.37,6973.99,19.0,False,7745;7858
SPY,Short,136,2022-10-18T20:00:00Z,356.112124,2022-10-31T20:00:00Z,366.954902,-1474.62,9.5845,-1801.31,2390.12,3087.4,13.0,False,7749;7858
SPY,Short,81,2022-10-20T20:00:00Z,349.465939,2022-10-31T20:00:00Z,366.954902,-1416.61,11.6572,-1611.18,885.19,1838.82,11.0,False,7751;7858
SPY,Short,87,2022-10-20T20:00:00Z,349.465939,2022-11-02T20:00:00Z,364.55278,-1312.56,50.8969,-1730.52,950.76,1975.03,13.0,False,7751;7859
SPY,Short,628,2022-10-27T20:00:00Z,363.726754,2022-11-02T20:00:00Z,364.55278,-518.74,45.3132,-3535.81,15818.72,5419.98,6.0,False,7845;7859
ACN,Long,230,2022-10-26T20:00:00Z,256.379441,2022-11-02T20:00:00Z,257.548568,268.9,23.3887,-1280.98,1964.87,3245.85,7.0,True,7833;7860
AMZN,Short,507,2022-10-20T20:00:00Z,113.40333,2022-11-02T20:00:00Z,97.151547,8239.65,20.978,-3505.27,10900.22,3505.27,13.0,True,7752;7861
AVGO,Long,1370,2022-10-26T20:00:00Z,43.188631,2022-11-02T20:00:00Z,44.347583,1587.76,23.6992,-334.61,1926.25,2179.46,7.0,True,7831;7862
CI,Short,201,2022-10-31T20:00:00Z,299.059503,2022-11-02T20:00:00Z,300.710894,-331.93,24.0153,-516.54,277.85,609.78,2.0,False,7853;7863
BLK,Long,100,2022-10-31T20:00:00Z,598.092662,2022-11-02T20:00:00Z,591.257421,-683.52,23.3547,-1745.17,0.0,1745.17,2.0,False,7854;7864
EL,Short,310,2022-10-26T20:00:00Z,189.084607,2022-11-02T20:00:00Z,179.306784,3031.13,22.9265,-1241.98,3621.72,1815.2,7.0,True,7838;7865
CVS,Long,740,2022-10-26T20:00:00Z,81.172516,2022-11-02T20:00:00Z,84.013031,2101.98,24.441,-296.6,2347.0,296.6,7.0,True,7835;7866
DIS,Long,587,2022-10-26T20:00:00Z,100.70853,2022-11-02T20:00:00Z,102.240439,899.23,23.495,-1172.42,1553.73,2726.15,7.0,True,7832;7867
GILD,Short,872,2022-10-31T20:00:00Z,68.354669,2022-11-02T20:00:00Z,68.573839,-191.12,23.9033,-1047.32,68.8,1047.32,2.0,False,7856;7868
ABNB,Short,502,2022-10-26T20:00:00Z,117.0,2022-11-02T20:00:00Z,102.58,7238.84,9.4788,0.0,11340.18,4101.34,7.0,True,7843;7869
HD,Long,227,2022-10-26T20:00:00Z,261.953582,2022-11-02T20:00:00Z,266.100129,941.27,23.6904,-382.65,1647.22,2029.86,7.0,True,7829;7870
IBM,Long,554,2022-10-04T20:00:00Z,106.596012,2022-11-02T20:00:00Z,119.573295,7189.41,25.2308,-2515.09,7554.9,3928.93,29.0,True,7683;7871
INTC,Long,2192,2022-10-31T20:00:00Z,27.658006,2022-11-02T20:00:00Z,26.944435,-1564.15,23.2954,-3441.12,0.0,3441.12,2.0,False,7852;7872
JPM,Long,525,2022-10-31T20:00:00Z,115.108895,2022-11-02T20:00:00Z,116.748075,860.57,24.3123,0.0,1177.87,567.3,2.0,True,7851;7873
SO,Long,1059,2022-10-26T20:00:00Z,56.380817,2022-11-02T20:00:00Z,55.817009,-597.07,23.597,-1103.68,307.58,1411.26,7.0,False,7840;7874
VRTX,Short,192,2022-10-26T20:00:00Z,313.04,2022-11-02T20:00:00Z,314.47,-274.56,23.8537,-274.56,4828.8,5103.36,7.0,False,7839;7875
SYK,Short,274,2022-10-31T20:00:00Z,219.432801,2022-11-02T20:00:00Z,211.583188,2150.79,23.2777,0.0,4201.31,2050.51,2.0,True,7857;7876
UTX,Long,721,2022-10-25T20:00:00Z,81.341769,2022-11-02T20:00:00Z,87.463773,4413.97,24.192,0.0,4679.07,927.86,8.0,True,7782;7877
PEP,Long,381,2022-10-26T20:00:00Z,156.617381,2022-11-07T21:00:00Z,156.896915,106.5,23.9151,-502.56,978.49,1481.05,12.0417,True,7830;7903
SPY,Long,94,2022-11-07T21:00:00Z,358.609191,2022-11-09T21:00:00Z,360.75496,201.7,19.4278,-318.62,383.77,702.39,2.0,True,7904;7906
MDLZ,Short,1090,2022-11-02T20:00:00Z,58.571748,2022-11-09T21:00:00Z,57.57977,1081.26,24.7647,0.0,2899.73,2349.27,7.0417,True,7898;7907
EOG,Short,516,2022-11-02T20:00:00Z,116.877963,2022-11-18T21:00:00Z,121.582084,-2427.33,24.6394,-5723.14,0.0,5723.14,16.0417,False,7899;7908
SPY,Short,84,2022-11-09T21:00:00Z,360.75496,2022-11-23T21:00:00Z,379.36428,-1563.18,17.7285,-1791.28,0.0,1791.28,14.0,False,7906;7910
SPY,Short,148,2022-11-18T21:00:00Z,377.579304,2022-11-23T21:00:00Z,379.36428,-264.18,11.13,-666.06,2490.0,1100.27,5.0,False,7909;7910
AAPL,Long,412,2022-11-02T20:00:00Z,145.96043,2022-11-25T18:00:00Z,145.515697,-183.23,23.6818,-5612.51,1025.52,5612.51,22.9167,False,7878;7926
AMGN,Short,252,2022-11-02T20:00:00Z,240.203266,2022-11-25T18:00:00Z,251.03734,-2730.19,24.7216,-4623.85,1283.54,5907.39,22.9167,False,7887;7927
C,Short,1505,2022-10-31T20:00:00Z,39.98473,2022-11-25T18:00:00Z,42.576265,-3900.26,12.842,-6585.66,1590.18,8175.83,24.9167,False,7855;7928
DUK,Short,759,2022-11-02T20:00:00Z,79.837354,2022-11-25T18:00:00Z,85.437515,-4250.52,25.0896,-4656.64,803.89,5460.53,22.9167,False,7902;7929
GILD,Short,820,2022-11-23T21:00:00Z,74.570324,2022-11-25T18:00:00Z,74.552791,14.38,24.6834,-862.65,14.38,862.65,1.875,True,7919;7930
SPGI,Long,210,2022-11-02T20:00:00Z,288.519037,2022-11-25T18:00:00Z,325.366151,7737.89,25.707,-1207.59,8288.28,1983.22,22.9167,True,7893;7931
PX,Long,190,2022-11-23T21:00:00Z,323.30706,2022-11-25T18:00:00Z,325.698132,454.3,24.7805,0.0,663.43,209.12,1.875,True,7921;7932
JPM,Long,495,2022-11-23T21:00:00Z,123.57036,2022-11-25T18:00:00Z,124.980605,698.07,24.7697,0.0,815.93,117.86,1.875,True,7911;7933
MRK,Short,686,2022-11-02T20:00:00Z,88.517471,2022-11-25T18:00:00Z,94.957528,-4417.88,25.2166,-4783.5,1042.01,5825.51,22.9167,False,7882;7934
ORCL,Long,786,2022-11-23T21:00:00Z,77.936413,2022-11-25T18:00:00Z,78.629223,544.55,24.6584,0.0,544.55,0.0,1.875,True,7912;7935
XOM,Short,619,2022-11-02T20:00:00Z,97.876168,2022-11-25T18:00:00Z,100.724394,-1763.05,24.2929,-1921.78,1438.89,3360.67,22.9167,False,7879;7936
TXN,Long,385,2022-11-23T21:00:00Z,158.940088,2022-11-29T21:00:00Z,155.985778,-1137.41,24.3357,-1389.78,24.2,1413.98,6.0,False,7915;7946
TMO,Long,113,2022-11-23T21:00:00Z,539.042727,2022-11-30T21:00:00Z,534.745479,-485.59,24.7262,-659.73,1625.33,2110.92,7.0,False,7913;7947
AMT,Long,332,2022-11-02T20:00:00Z,181.868505,2022-12-01T21:00:00Z,197.431094,5166.78,24.9133,-1661.9,5166.78,2733.81,29.0417,True,7895;7949
ANTM,Long,118,2022-11-02T20:00:00Z,512.560246,2022-12-01T21:00:00Z,506.46565,-719.16,23.7036,-7365.56,0.0,7365.56,29.0417,False,7889;7950
ADI,Long,448,2022-11-02T20:00:00Z,136.234186,2022-12-01T21:00:00Z,162.246448,11653.49,26.2462,-3113.75,11653.49,3113.75,29.0417,True,7901;7951
INTU,Short,158,2022-11-02T20:00:00Z,390.95234,2022-12-01T21:00:00Z,396.168016,-824.08,24.5873,-2079.37,6342.48,8421.85,29.0417,False,7890;7952
MMC,Short,398,2022-11-02T20:00:00Z,152.186587,2022-12-01T21:00:00Z,163.867905,-4649.16,24.8822,-4649.16,992.77,5641.94,29.0417,False,7900;7953
LOW,Long,338,2022-11-02T20:00:00Z,179.265483,2022-12-01T21:00:00Z,199.317903,6777.72,25.1688,-4196.48,7022.36,4196.48,29.0417,True,7891;7954
MCD,Long,244,2022-11-02T20:00:00Z,248.403464,2022-12-01T21:00:00Z,249.948857,377.08,24.2135,-1145.6,1198.89,2344.49,29.0417,True,7883;7955
MDT,Short,889,2022-11-23T21:00:00Z,68.481999,2022-12-01T21:00:00Z,70.072344,-1413.82,24.8627,-1413.82,1083.93,2497.74,8.0,False,7918;7956
NKE,Long,704,2022-11-02T20:00:00Z,85.779892,2022-12-01T21:00:00Z,101.401356,10997.51,26.1204,-1770.24,11658.92,2392.74,29.0417,True,7885;7957
NVDA,Long,4501,2022-10-26T20:00:00Z,12.814415,2022-12-01T21:00:00Z,16.942756,18581.66,26.9399,0.0,19187.25,6049.86,36.0417,True,7828;7958
DE,Short,164,2022-11-02T20:00:00Z,369.664104,2022-12-01T21:00:00Z,418.754843,-8050.88,25.8202,-8281.71,0.0,8281.71,29.0417,False,7892;7959
NFLX,Short,2137,2022-11-23T21:00:00Z,28.612,2022-12-01T21:00:00Z,30.355,-3724.79,38.7529,-6588.37,1102.69,7691.06,8.0,False,7916;7981
UNP,Long,337,2022-10-25T20:00:00Z,176.644944,2022-12-01T21:00:00Z,199.987116,7866.31,37.4267,-322.89,7866.31,2761.51,37.0417,True,7783;7983
GS,Short,176,2022-11-29T21:00:00Z,346.101409,2022-12-01T21:00:00Z,353.279591,-1263.36,36.8227,-1263.36,0.0,1263.36,2.0,False,7944;7984
ADP,Long,275,2022-10-26T20:00:00Z,223.024522,2022-12-01T21:00:00Z,242.088074,5242.48,37.5188,-2757.1,5464.34,2757.1,36.0417,True,7836;7989
ISRG,Short,246,2022-11-02T20:00:00Z,245.43,2022-12-01T21:00:00Z,270.39,-6140.16,37.5844,-7148.76,2765.04,9913.8,29.0417,False,7896;7991
ABBV,Short,435,2022-12-01T21:00:00Z,140.915685,2022-12-05T21:00:00Z,142.753715,-799.54,24.7851,-1107.94,0.0,1107.94,4.0,False,7968;8021
ABT,Long,630,2022-11-23T21:00:00Z,97.214764,2022-12-05T21:00:00Z,98.992913,1120.23,24.6837,0.0,1820.38,1563.66,12.0,True,7914;8022
TSLA,Long,315,2022-12-01T21:00:00Z,197.0,2022-12-05T21:00:00Z,189.5,-2362.5,23.7604,-4583.25,0.0,4583.25,4.0,False,7961;8023
BA,Short,424,2022-11-02T20:00:00Z,142.12,2022-12-05T21:00:00Z,182.0,-16909.12,28.1968,-18223.52,0.0,18223.52,33.0417,False,7897;8024
COST,Short,119,2022-12-01T21:00:00Z,495.780934,2022-12-05T21:00:00Z,470.802688,2972.41,22.5721,0.0,3431.8,459.39,4.0,True,7970;8025
CRM,Short,390,2022-12-01T21:00:00Z,144.481812,2022-12-05T21:00:00Z,140.124985,1699.16,21.5021,0.0,5093.66,3394.5,4.0,True,7978;8026
DIS,Long,647,2022-12-01T21:00:00Z,94.299717,2022-12-05T21:00:00Z,95.220802,595.94,24.411,-840.59,1342.44,2183.03,4.0,True,7975;8027
ISRG,Long,227,2022-12-01T21:00:00Z,270.39,2022-12-05T21:00:00Z,269.14,-283.75,12.2453,-283.75,422.22,705.97,4.0,False,7991;8028
LMT,Short,140,2022-11-29T21:00:00Z,434.594055,2022-12-05T21:00:00Z,445.468992,-1522.49,24.6209,-2066.16,0.0,2066.16,6.0,False,7942;8029
SCHW,Short,805,2022-11-02T20:00:00Z,75.356869,2022-12-05T21:00:00Z,77.461416,-1694.16,24.4103,-2319.86,2311.85,4631.71,33.0417,False,7886;8030
TMUS,Long,422,2022-11-02T20:00:00Z,144.032079,2022-12-05T21:00:00Z,143.909209,-51.85,23.9824,-2995.4,7.98,2995.4,33.0417,False,7884;8031
PG,Long,454,2022-12-01T21:00:00Z,135.491129,2022-12-05T21:00:00Z,134.865367,-284.1,36.8477,-284.1,498.2,782.29,4.0,False,7964;8033
CVX,Short,391,2022-12-01T21:00:00Z,157.925351,2022-12-05T21:00:00Z,156.596013,519.77,36.1634,0.0,2561.97,2042.2,4.0,True,7965;8034
MA,Long,186,2022-11-02T20:00:00Z,324.055118,2022-12-05T21:00:00Z,348.088897,4470.28,36.8409,-4046.53,5343.24,4046.53,33.0417,True,7881;8035
HD,Short,209,2022-12-01T21:00:00Z,295.922903,2022-12-05T21:00:00Z,294.734895,248.29,36.6072,-318.42,1180.82,932.52,4.0,True,7966;8036
TMO,Long,111,2022-12-01T21:00:00Z,560.766052,2022-12-05T21:00:00Z,549.11903,-1292.82,36.8213,-1292.82,0.0,1292.82,4.0,False,7973;8037
MS,Long,817,2022-11-02T20:00:00Z,74.180157,2022-12-05T21:00:00Z,81.318164,5831.75,37.3821,0.0,6964.69,2356.67,33.0417,True,7888;8040
PM,Short,729,2022-12-01T21:00:00Z,84.605093,2022-12-05T21:00:00Z,87.327743,-1984.81,37.6904,-2613.54,0.0,2613.54,4.0,False,7979;8041
NFLX,Long,2011,2022-12-01T21:00:00Z,30.355,2022-12-05T21:00:00Z,31.608,2519.78,24.6759,0.0,3390.55,1572.6,4.0,True,7981;8045
IBM,Short,476,2022-11-29T21:00:00Z,128.166644,2022-12-05T21:00:00Z,129.949786,-848.78,36.8779,-1358.88,0.0,1358.88,6.0,False,7943;8046
GS,Long,174,2022-12-01T21:00:00Z,353.279591,2022-12-05T21:00:00Z,346.012908,-1264.4,23.9082,-2379.3,0.0,2379.3,4.0,False,7984;8048
ADP,Short,256,2022-12-01T21:00:00Z,242.088074,2022-12-05T21:00:00Z,241.625762,118.35,24.3982,-659.06,619.61,659.06,4.0,True,7989;8055
NVDA,Long,3756,2022-12-06T21:00:00Z,16.495268,2022-12-08T21:00:00Z,16.217207,-1044.4,38.1594,-1613.38,2313.39,3357.79,2.0,False,8069;8108
AMD,Short,1019,2022-11-02T20:00:00Z,63.0,2022-12-08T21:00:00Z,70.14,-7275.66,26.3106,-14907.97,3138.52,18046.49,36.0417,False,7894;8139
FB,Short,525,2022-12-01T21:00:00Z,117.950312,2022-12-08T21:00:00Z,115.464124,1305.25,24.521,-2293.29,2678.1,2293.29,7.0,True,7967;8140
GS,Short,178,2022-12-05T21:00:00Z,346.012908,2022-12-08T21:00:00Z,330.912834,2687.81,11.652,0.0,3330.48,642.67,3.0,True,8048;8141
INTU,Short,162,2022-12-06T21:00:00Z,384.085518,2022-12-08T21:00:00Z,380.34616,605.78,25.0222,-1559.28,1069.94,2629.23,2.0,True,8081;8142
LLY,Long,177,2022-11-02T20:00:00Z,344.225143,2022-12-08T21:00:00Z,362.746386,3278.26,24.9718,-731.4,3522.52,2992.24,36.0417,True,7880;8143
LOW,Long,324,2022-12-06T21:00:00Z,190.41912,2022-12-08T21:00:00Z,190.224256,-63.14,24.3855,-475.02,463.0,938.02,2.0,False,8076;8144
PFE,Short,1534,2022-12-01T21:00:00Z,40.38585,2022-12-08T21:00:00Z,40.114053,416.94,25.2394,-1569.64,1005.55,2575.2,7.0,True,7969;8145
PM,Long,703,2022-12-05T21:00:00Z,87.327743,2022-12-08T21:00:00Z,86.008695,-927.29,12.1332,-980.79,0.0,980.79,3.0,False,8041;8146
COP,Short,590,2022-12-06T21:00:00Z,104.441316,2022-12-08T21:00:00Z,103.868141,338.17,23.746,0.0,3038.36,2700.18,2.0,True,8072;8147
DE,Short,149,2022-12-06T21:00:00Z,417.61364,2022-12-08T21:00:00Z,421.58883,-592.3,24.9725,-592.3,0.0,592.3,2.0,False,8075;8148
T,Short,4069,2022-12-06T21:00:00Z,15.40532,2022-12-08T21:00:00Z,15.821239,-1692.38,25.3889,-1692.38,0.0,1692.38,2.0,False,8074;8149
UTX,Short,667,2022-12-06T21:00:00Z,93.681465,2022-12-08T21:00:00Z,92.12812,1036.08,24.449,0.0,1406.11,370.03,2.0,True,8073;8150
WFC,Long,1565,2022-12-06T21:00:00Z,39.732106,2022-12-08T21:00:00Z,38.849776,-1380.85,24.4794,-1708.26,0.0,1708.26,2.0,False,8071;8151
PG,Short,454,2022-12-05T21:00:00Z,134.865367,2022-12-09T21:00:00Z,136.670101,-819.35,24.8265,-1074.62,0.0,1074.62,4.0,False,8033;8175
CVX,Long,399,2022-12-05T21:00:00Z,156.596013,2022-12-09T21:00:00Z,147.445022,-3651.25,23.5362,-5009.77,0.0,5009.77,4.0,False,8034;8176
MA,Short,176,2022-12-05T21:00:00Z,348.088897,2022-12-09T21:00:00Z,340.657786,1307.88,24.353,0.0,1476.52,645.33,4.0,True,8035;8177
HD,Long,208,2022-12-05T21:00:00Z,294.734895,2022-12-09T21:00:00Z,291.542689,-663.98,24.3553,-1424.16,0.0,1424.16,4.0,False,8036;8178
TMO,Short,111,2022-12-05T21:00:00Z,549.11903,2022-12-09T21:00:00Z,557.160316,-892.58,24.4619,-1325.72,584.46,1910.17,4.0,False,8037;8182
MS,Short,757,2022-12-05T21:00:00Z,81.318164,2022-12-09T21:00:00Z,78.766971,1931.25,24.5752,0.0,2826.22,1473.67,4.0,True,8040;8188
NFLX,Short,1936,2022-12-05T21:00:00Z,31.608,2022-12-09T21:00:00Z,32.145,-1039.63,25.2168,-1039.63,2036.67,3076.3,4.0,False,8045;8190
AXP,Short,416,2022-12-06T21:00:00Z,148.835837,2022-12-09T21:00:00Z,147.153968,699.66,36.9323,0.0,767.24,67.58,3.0,True,8078;8192
SPGI,Long,193,2022-12-06T21:00:00Z,321.673078,2022-12-09T21:00:00Z,321.966325,56.6,36.9078,-755.21,316.59,1071.8,3.0,True,8080;8193
ADP,Long,253,2022-12-05T21:00:00Z,241.625762,2022-12-09T21:00:00Z,236.985107,-1174.09,24.1308,-1858.53,0.0,1858.53,4.0,False,8055;8195
INTC,Short,2131,2022-11-23T21:00:00Z,28.648693,2022-12-15T21:00:00Z,26.941922,3637.13,23.3516,-739.76,5260.48,2763.81,22.0,True,7917;8236
SPY,Long,138,2022-11-29T21:00:00Z,375.98422,2022-12-20T21:00:00Z,361.763332,-1962.48,24.2775,-1962.48,1530.37,3492.85,21.0,False,7945;8270
SPY,Long,52,2022-11-29T21:00:00Z,375.98422,2022-12-23T21:00:00Z,362.125783,-720.64,21.5483,-739.49,576.66,1316.15,24.0,False,7945;8289
SPY,Long,122,2022-11-30T21:00:00Z,375.367074,2022-12-23T21:00:00Z,362.125783,-1615.44,9.4446,-1659.66,1428.23,3053.13,23.0,False,7948;8289
AXP,Long,422,2022-12-09T21:00:00Z,147.153968,2022-12-29T21:00:00Z,138.639507,-3593.1,11.8818,-4036.7,1423.53,5460.23,20.0,False,8192;8319
CVS,Short,696,2022-12-09T21:00:00Z,89.023142,2022-12-29T21:00:00Z,81.216082,5433.71,23.6633,-982.43,5706.61,982.43,20.0,True,8191;8320
ISRG,Long,230,2022-12-16T21:00:00Z,264.71,2022-12-29T21:00:00Z,263.24,-338.1,24.4936,-851.0,708.4,1046.5,13.0,False,8247;8321
KO,Short,1087,2022-12-09T21:00:00Z,57.014775,2022-12-29T21:00:00Z,57.11337,-107.17,24.7647,-584.58,837.9,1422.47,20.0,False,8180;8322
MCD,Long,250,2022-12-06T21:00:00Z,248.70442,2022-12-29T21:00:00Z,243.34236,-1340.51,24.6005,-1530.38,1102.61,2632.99,23.0,False,8070;8323
TMO,Long,110,2022-12-09T21:00:00Z,557.160316,2022-12-29T21:00:00Z,542.241625,-1641.06,12.112,-3827.48,801.96,4629.43,20.0,False,8182;8324
UNP,Short,309,2022-12-01T21:00:00Z,199.987116,2022-12-29T21:00:00Z,191.009513,2774.08,11.8713,0.0,3520.22,1962.49,28.0,True,7983;8325
SBUX,Long,657,2022-12-06T21:00:00Z,94.81646,2022-12-29T21:00:00Z,90.414463,-2892.11,24.2229,-3636.14,0.0,3636.14,23.0,False,8079;8326
JPM,Short,485,2022-12-01T21:00:00Z,126.537368,2023-01-04T21:00:00Z,124.678409,901.59,36.605,0.0,3948.36,3148.92,34.0,True,7963;8356
VZ,Short,2025,2022-12-01T21:00:00Z,30.486205,2023-01-04T21:00:00Z,31.482181,-2016.85,37.6371,-3072.55,3608.27,6680.82,34.0,False,7976;8364
TXN,Short,392,2022-12-09T21:00:00Z,158.006203,2023-01-04T21:00:00Z,149.062456,3505.95,36.9076,-542.08,5199.08,2808.98,26.0,True,8186;8367
CRM,Short,487,2022-12-09T21:00:00Z,127.309632,2023-01-04T21:00:00Z,138.849337,-5619.84,38.5836,-5619.84,702.48,6322.32,26.0,False,8187;8368
NFLX,Long,2004,2022-12-09T21:00:00Z,32.145,2023-01-04T21:00:00Z,29.8,-4699.38,25.2912,-8931.83,0.0,8931.83,26.0,False,8190;8369
SO,Long,985,2022-12-30T21:00:00Z,62.312799,2023-01-04T21:00:00Z,62.183305,-127.55,36.8639,-238.1,263.61,391.16,5.0,False,8333;8383
PGR,Long,515,2022-12-30T21:00:00Z,118.604347,2023-01-04T21:00:00Z,118.896207,150.31,36.8911,0.0,563.65,413.35,5.0,True,8331;8385
VRTX,Short,212,2022-12-30T21:00:00Z,288.67,2023-01-04T21:00:00Z,288.3,78.44,36.6822,0.0,561.8,483.36,5.0,True,8329;8387
AAPL,Long,423,2022-12-01T21:00:00Z,145.554946,2023-01-04T21:00:00Z,124.77289,-8790.81,22.8141,-9592.88,0.0,9592.88,34.0,False,7960;8388
ABBV,Short,428,2022-12-09T21:00:00Z,145.95714,2023-01-04T21:00:00Z,142.141038,1633.29,24.4784,0.0,2315.08,1146.3,26.0,True,8179;8389
ACN,Long,227,2022-11-23T21:00:00Z,269.801388,2023-01-04T21:00:00Z,251.712139,-4106.26,23.5664,-7873.99,2037.46,9911.45,42.0,False,7920;8390
ADBE,Short,178,2022-12-01T21:00:00Z,348.03,2023-01-04T21:00:00Z,342.89,914.92,24.4045,0.0,3800.3,2885.38,34.0,True,7977;8391
ADP,Short,262,2022-12-09T21:00:00Z,236.985107,2023-01-04T21:00:00Z,218.767395,4773.04,11.3971,-1016.66,5372.06,1016.66,26.0,True,8195;8392
PLD,Short,588,2022-12-16T21:00:00Z,102.421834,2023-01-04T21:00:00Z,101.924166,292.63,23.9538,-893.56,2518.7,3412.26,19.0,True,8246;8393
CAT,Short,283,2022-12-06T21:00:00Z,219.646646,2023-01-04T21:00:00Z,226.644288,-1980.33,25.1029,-2819.5,1416.43,4235.93,29.0,False,8077;8394
COST,Short,135,2022-12-09T21:00:00Z,453.889338,2023-01-04T21:00:00Z,436.861321,2298.78,24.2412,-1702.8,2839.29,1702.8,26.0,True,8181;8395
CSCO,Long,1368,2022-12-01T21:00:00Z,45.081043,2023-01-04T21:00:00Z,43.921368,-1586.44,24.1841,-3532.52,0.0,3532.52,34.0,False,7974;8396
DHR,Long,297,2022-12-09T21:00:00Z,208.301733,2023-01-04T21:00:00Z,204.425179,-1151.34,24.5082,-3398.61,1422.57,4821.17,26.0,False,8183;8397
DUK,Short,684,2022-12-30T21:00:00Z,89.64898,2023-01-04T21:00:00Z,89.985552,-230.22,24.5327,-548.97,106.25,655.23,5.0,False,8332;8398
SPGI,Short,192,2022-12-09T21:00:00Z,321.966325,2023-01-04T21:00:00Z,311.977616,1917.83,12.0215,-1117.27,3825.11,2114.89,26.0,True,8193;8399
IBM,Long,475,2022-12-05T21:00:00Z,129.949786,2023-01-04T21:00:00Z,124.793606,-2449.19,11.8996,-3784.35,1097.34,4881.68,30.0,False,8046;8400
MA,Long,181,2022-12-09T21:00:00Z,340.657786,2023-01-04T21:00:00Z,343.581341,529.16,12.5707,-1263.62,1729.07,2992.69,26.0,True,8177;8401
MS,Long,788,2022-12-09T21:00:00Z,78.766971,2023-01-04T21:00:00Z,76.135775,-2073.38,12.1377,-2913.94,2871.91,5785.86,26.0,False,8188;8402
NVDA,Short,3897,2022-12-08T21:00:00Z,16.217207,2023-01-04T21:00:00Z,14.510972,6649.2,11.4567,-6990.98,8684.35,6990.98,27.0,True,8108;8403
QCOM,Short,555,2022-12-09T21:00:00Z,110.662522,2023-01-04T21:00:00Z,100.884925,5426.57,23.542,-1623.38,6810.01,2327.86,26.0,True,8189;8404
REGN,Short,85,2022-12-30T21:00:00Z,714.418164,2023-01-04T21:00:00Z,721.382443,-591.96,24.3855,-591.96,58.1,650.07,5.0,False,8328;8405
TMUS,Long,457,2022-12-09T21:00:00Z,135.648559,2023-01-04T21:00:00Z,132.907612,-1252.61,24.3206,-1960.99,0.0,1960.99,26.0,False,8184;8406
V,Long,306,2022-12-09T21:00:00Z,202.050265,2023-01-04T21:00:00Z,203.71207,508.51,25.0575,-918.89,1986.47,2905.36,26.0,True,8174;8407
WMT,Short,1267,2022-12-01T21:00:00Z,48.373344,2023-01-04T21:00:00Z,45.799791,3260.69,23.9974,-471.61,4122.5,1096.48,34.0,True,7962;8408
CVX,Short,418,2022-12-09T21:00:00Z,147.445022,2023-01-09T21:00:00Z,153.354143,-2470.01,12.563,-2767.56,1057.55,3825.11,31.0,False,8176;8434
JPM,Long,496,2023-01-04T21:00:00Z,124.678409,2023-01-09T21:00:00Z,127.859498,1577.82,12.5711,0.0,1577.82,260.81,5.0,True,8356;8435
KO,Short,1077,2023-01-05T21:00:00Z,56.109494,2023-01-09T21:00:00Z,56.701064,-637.12,24.0967,-772.27,0.0,772.27,4.0,False,8411;8436
PFE,Short,1516,2023-01-05T21:00:00Z,39.754321,2023-01-09T21:00:00Z,39.914202,-242.38,23.7641,-1405.8,1630.0,1872.38,4.0,False,8410;8437
PCLN,Short,784,2022-12-30T21:00:00Z,77.338041,2023-01-12T21:00:00Z,86.959531,-7543.25,26.1738,-8500.25,0.0,8500.25,13.0,False,8330;8443
HD,Short,211,2022-12-09T21:00:00Z,291.542689,2023-01-13T21:00:00Z,296.086141,-958.67,12.6755,-2286.64,1270.57,3132.42,35.0,False,8178;8445
TMO,Short,109,2023-01-05T21:00:00Z,549.338279,2023-01-18T21:00:00Z,584.268045,-3807.34,24.4987,-3807.34,2239.8,6047.15,13.0,False,8412;8447
BA,Short,298,2023-01-05T21:00:00Z,201.33,2023-01-19T21:00:00Z,206.5,-1540.66,24.56,-3871.02,0.0,3871.02,14.0,False,8422;8450
BLK,Short,91,2023-01-05T21:00:00Z,652.570546,2023-01-19T21:00:00Z,675.249393,-2063.78,23.8377,-3685.31,0.0,3685.31,14.0,False,8425;8451
GILD,Long,792,2022-12-09T21:00:00Z,78.02444,2023-01-19T21:00:00Z,74.366705,-2896.93,23.9243,-3253.97,92.45,3346.42,41.0,False,8194;8452
AMD,Short,939,2023-01-05T21:00:00Z,64.03,2023-01-20T21:00:00Z,67.92,-3652.71,24.8647,-7098.84,65.73,7164.57,15.0,False,8426;8454
TSLA,Short,155,2023-01-04T21:00:00Z,109.31,2023-01-24T21:00:00Z,143.09,-5235.9,17.3701,-5359.9,0.0,5359.9,20.0,False,8357;8456
ORCL,Short,779,2022-12-01T21:00:00Z,78.819034,2023-01-25T21:00:00Z,84.496853,-4423.02,25.7423,-5157.69,3156.87,8314.56,55.0,False,7972;8457
SPY,Short,121,2022-12-23T21:00:00Z,362.125783,2023-01-25T21:00:00Z,377.634831,-1876.59,22.1479,-2420.18,346.24,2766.42,33.0,False,8289;8460
SPY,Short,169,2023-01-19T21:00:00Z,371.244264,2023-01-25T21:00:00Z,377.634831,-1080.01,54.1209,-1839.23,2024.61,1839.23,6.0,False,8449;8460
SPY,Short,139,2023-01-19T21:00:00Z,371.244264,2023-01-26T21:00:00Z,384.445077,-1834.91,10.7324,-2058.97,1665.21,2058.97,7.0,False,8449;8462
SPY,Short,422,2023-01-19T21:00:00Z,371.244264,2023-01-30T21:00:00Z,384.149394,-5445.97,35.6107,-6625.32,5055.53,6625.32,11.0,False,8449;8470
SPY,Short,44,2023-01-19T21:00:00Z,371.244264,2023-01-30T21:00:00Z,384.149394,-567.83,17.1259,-690.79,527.12,690.79,11.0,False,8453;8470
ABT,Long,627,2022-12-09T21:00:00Z,98.844734,2023-01-30T21:00:00Z,102.157638,2077.19,25.2986,-139.36,4503.74,2926.61,52.0,True,8185;8471
TSLA,Short,413,2023-01-04T21:00:00Z,109.31,2023-01-30T21:00:00Z,178.05,-28389.62,13.7661,-28389.62,0.0,28389.62,26.0,False,8357;8472
AVGO,Short,1182,2022-12-01T21:00:00Z,51.962338,2023-01-30T21:00:00Z,55.435838,-4105.68,25.3478,-5856.76,3625.89,9482.65,60.0,False,7971;8473
CI,Short,206,2023-01-25T21:00:00Z,287.658699,2023-01-30T21:00:00Z,288.394137,-151.5,23.9313,-805.44,134.24,805.44,5.0,False,8458;8474
C,Short,1465,2023-01-05T21:00:00Z,41.251278,2023-01-30T21:00:00Z,45.376405,-6043.31,25.4984,-7091.51,0.0,7091.51,25.0,False,8429;8475
CB,Short,285,2023-01-05T21:00:00Z,212.808406,2023-01-30T21:00:00Z,215.73126,-833.01,24.3213,-1855.35,1352.29,3207.64,25.0,False,8427;8476
EOG,Long,546,2023-01-11T21:00:00Z,112.819661,2023-01-30T21:00:00Z,117.06241,2316.54,24.7782,0.0,3636.33,1838.1,19.0,True,8441;8477
CRM,Long,464,2023-01-04T21:00:00Z,138.849337,2023-01-30T21:00:00Z,160.594223,10089.63,15.0024,-2349.39,10740.72,2349.39,26.0,True,8368;8478
EL,Short,247,2023-01-05T21:00:00Z,243.719608,2023-01-30T21:00:00Z,252.075281,-2063.85,24.6357,-3928.72,155.02,4083.74,25.0,False,8428;8479
ISRG,Short,229,2023-01-25T21:00:00Z,241.09,2023-01-30T21:00:00Z,245.0,-895.39,22.2602,-2166.34,0.0,2166.34,5.0,False,8459;8480
INTU,Long,159,2023-01-05T21:00:00Z,375.247035,2023-01-30T21:00:00Z,404.998226,4730.44,24.49,-1078.61,5733.17,2800.85,25.0,True,8424;8481
LLY,Short,172,2023-01-05T21:00:00Z,350.783121,2023-01-30T21:00:00Z,335.146328,2689.53,23.381,-341.0,3425.01,1969.09,25.0,True,8409;8482
LMT,Long,140,2023-01-05T21:00:00Z,430.596491,2023-01-30T21:00:00Z,420.014656,-1481.46,23.7629,-4602.78,0.0,4602.78,25.0,False,8418;8483
NKE,Long,542,2023-01-05T21:00:00Z,111.127173,2023-01-30T21:00:00Z,116.873856,3114.7,24.7363,0.0,4291.48,2163.27,25.0,True,8414;8484
PGR,Short,517,2023-01-04T21:00:00Z,118.896207,2023-01-30T21:00:00Z,123.678438,-2472.41,12.7789,-2472.41,2048.34,4520.75,26.0,False,8385;8485
SO,Short,990,2023-01-04T21:00:00Z,62.183305,2023-01-30T21:00:00Z,58.427961,3717.79,11.526,0.0,4769.03,1324.73,26.0,True,8383;8486
VRTX,Long,214,2023-01-04T21:00:00Z,288.3,2023-01-30T21:00:00Z,321.21,7042.74,13.6951,-1084.98,7094.1,1493.72,26.0,True,8387;8487
DE,Long,150,2023-01-05T21:00:00Z,402.989205,2023-01-30T21:00:00Z,399.32714,-549.31,23.8987,-1998.4,2440.42,4438.82,25.0,False,8419;8488
TJX,Short,756,2023-01-26T21:00:00Z,78.702038,2023-01-30T21:00:00Z,77.846581,646.73,23.5667,0.0,912.6,265.88,4.0,True,8461;8489
TXN,Long,419,2023-01-04T21:00:00Z,149.062456,2023-01-30T21:00:00Z,155.758939,2805.83,13.1208,0.0,4894.99,3040.08,26.0,True,8367;8490
PG,Long,453,2022-12-09T21:00:00Z,136.670101,2023-01-30T21:00:00Z,128.675839,-3621.4,23.6025,-3807.43,1331.08,5138.51,52.0,False,8175;8491
NFLX,Short,2083,2023-01-04T21:00:00Z,29.8,2023-01-31T21:00:00Z,34.9,-10623.3,14.7418,-14572.67,0.0,14572.67,27.0,False,8369;8492
PG,Short,464,2023-01-30T21:00:00Z,128.675839,2023-02-02T21:00:00Z,129.743574,-495.43,23.8795,-952.75,0.0,952.75,3.0,False,8491;8503
SPY,Short,68,2023-01-19T21:00:00Z,371.244264,2023-02-02T21:00:00Z,395.671491,-1661.05,5.4064,-1787.53,814.64,1787.53,14.0,False,8453;8532
AXP,Long,422,2023-01-05T21:00:00Z,141.114608,2023-02-02T21:00:00Z,167.005438,10925.93,25.8629,-109.26,11221.33,3585.32,28.0,True,8423;8533
DIS,Long,681,2023-01-05T21:00:00Z,88.52112,2023-02-02T21:00:00Z,107.146429,12683.84,27.087,0.0,14453.37,1769.53,28.0,True,8416;8534
PX,Long,201,2023-01-05T21:00:00Z,290.586292,2023-02-02T21:00:00Z,314.789915,4864.93,24.4004,0.0,5534.76,1865.97,28.0,True,8415;8535
MCD,Long,251,2023-01-05T21:00:00Z,242.262628,2023-02-02T21:00:00Z,242.381581,29.86,24.1325,-355.99,2287.53,2643.52,28.0,True,8413;8536
T,Long,3895,2023-01-05T21:00:00Z,15.592892,2023-02-02T21:00:00Z,16.611835,3968.78,25.2735,0.0,5064.35,1965.58,28.0,True,8417;8537
WFC,Long,1661,2022-12-23T21:00:00Z,37.030541,2023-02-02T21:00:00Z,43.372604,10534.17,26.7459,0.0,10534.17,1933.92,41.0,True,8279;8538
SPY,Short,119,2023-01-19T21:00:00Z,371.244264,2023-02-02T21:00:00Z,395.671491,-2906.84,12.085,-3128.17,1425.61,3128.17,14.0,False,8453;8541
SPY,Short,33,2023-01-20T21:00:00Z,371.940549,2023-02-02T21:00:00Z,395.671491,-783.12,10.1951,-844.5,418.32,844.5,13.0,False,8455;8541
PYPL,Short,687,2023-02-03T21:00:00Z,84.557029,2023-02-06T21:00:00Z,82.252726,1583.06,22.8082,0.0,2153.77,570.72,3.0,True,8544;8551
SPY,Short,102,2023-01-20T21:00:00Z,371.940549,2023-02-13T21:00:00Z,389.795985,-1821.25,18.4281,-2610.27,1292.97,2610.27,24.0,False,8455;8568
SPY,Short,132,2023-01-31T21:00:00Z,382.556521,2023-02-13T21:00:00Z,389.795985,-955.61,51.9528,-1976.69,3074.57,1976.69,13.0,False,8493;8568
BA,Long,277,2023-02-02T21:00:00Z,214.93,2023-02-17T21:00:00Z,211.0,-1088.61,23.3234,-2470.84,975.04,2470.84,15.0,False,8517;8578
IBM,Long,502,2023-02-02T21:00:00Z,119.215797,2023-02-17T21:00:00Z,119.595342,190.53,24.0821,-144.25,1462.69,1272.16,15.0,True,8519;8579
ABBV,Long,460,2023-02-02T21:00:00Z,128.559857,2023-02-28T21:00:00Z,135.672619,3271.87,24.2842,-345.48,3568.57,1727.39,26.0,True,8505;8616
BMY,Long,981,2023-02-02T21:00:00Z,59.739855,2023-02-28T21:00:00Z,59.46668,-267.98,23.7384,-854.2,3810.4,4664.6,26.0,False,8513;8617
C,Long,1281,2023-02-03T21:00:00Z,45.484967,2023-02-28T21:00:00Z,45.030028,-582.78,23.2219,-1314.1,948.44,2262.54,25.0,False,8542;8618
GS,Long,191,2023-01-05T21:00:00Z,314.661058,2023-02-28T21:00:00Z,334.541605,3797.18,24.2814,-420.75,5385.89,5614.6,54.0,True,8420;8619
KO,Long,1085,2023-02-02T21:00:00Z,54.496122,2023-02-28T21:00:00Z,53.456394,-1128.11,23.2993,-1536.56,0.0,1536.56,26.0,False,8539;8620
COP,Long,571,2023-02-02T21:00:00Z,100.700721,2023-02-28T21:00:00Z,95.06176,-3219.85,21.7973,-4904.34,795.45,5699.78,26.0,False,8514;8621
QCOM,Long,468,2023-02-02T21:00:00Z,127.3571,2023-02-28T21:00:00Z,113.523135,-6474.3,22.3312,-6474.3,0.0,6474.3,26.0,False,8515;8622
DE,Long,146,2023-02-02T21:00:00Z,406.851538,2023-02-28T21:00:00Z,402.245348,-672.5,22.9957,-3294.29,931.48,3294.29,26.0,False,8518;8623
TMO,Short,102,2023-02-02T21:00:00Z,584.801776,2023-02-28T21:00:00Z,534.136813,5167.83,22.7608,0.0,5167.83,703.7,26.0,True,8508;8624
SBUX,Long,637,2023-01-05T21:00:00Z,95.428356,2023-02-28T21:00:00Z,93.611899,-1157.08,24.0884,-1385.11,3199.67,4584.77,54.0,False,8421;8625
SPY,Short,262,2023-01-31T21:00:00Z,382.556521,2023-02-28T21:00:00Z,378.903406,957.12,19.8051,-3923.43,6102.55,3923.43,28.0,True,8493;8634
PLD,Long,513,2023-02-02T21:00:00Z,117.813991,2023-03-01T21:00:00Z,108.198336,-4932.83,23.3074,-5215.49,0.0,5215.49,27.0,False,8520;8635
ADI,Short,355,2023-02-07T21:00:00Z,167.842442,2023-03-01T21:00:00Z,173.794106,-2112.84,24.3815,-5942.04,210.43,6152.47,22.0,False,8556;8636
GILD,Long,795,2023-02-22T21:00:00Z,74.80868,2023-03-01T21:00:00Z,71.016535,-3014.76,22.922,-3541.81,0.0,3541.81,7.0,False,8588;8637
INTU,Short,140,2023-02-02T21:00:00Z,432.073371,2023-03-01T21:00:00Z,394.15649,5308.36,23.2562,0.0,6499.2,3208.73,27.0,True,8521;8638
MMC,Short,366,2023-02-10T21:00:00Z,161.725827,2023-03-01T21:00:00Z,152.082537,3529.44,23.0966,-957.55,3529.44,957.55,19.0,True,8563;8639
MDLZ,Short,977,2023-02-03T21:00:00Z,60.498421,2023-03-01T21:00:00Z,58.938342,1524.2,23.0579,-132.92,2224.26,2268.57,26.0,True,8547;8640
MRK,Long,610,2023-02-22T21:00:00Z,98.600027,2023-03-01T21:00:00Z,94.746158,-2350.86,23.5446,-2350.86,163.63,2514.49,7.0,False,8587;8641
NKE,Long,498,2023-02-02T21:00:00Z,120.523277,2023-03-01T21:00:00Z,109.593492,-5443.03,22.788,-5709.89,0.0,5709.89,27.0,False,8509;8642
PCLN,Short,616,2023-02-03T21:00:00Z,94.597253,2023-03-01T21:00:00Z,98.856279,-2623.56,24.1049,-3160.79,1748.16,4908.94,26.0,False,8546;8643
PFE,Long,1681,2023-02-02T21:00:00Z,35.230428,2023-03-01T21:00:00Z,32.729527,-4204.01,22.9295,-4719.34,528.89,5248.24,27.0,False,8506;8644
SCHW,Long,804,2023-02-02T21:00:00Z,74.153286,2023-03-01T21:00:00Z,73.899052,-204.4,23.514,-441.39,2255.82,2697.21,27.0,False,8516;8645
UNH,Short,130,2023-02-14T21:00:00Z,458.856475,2023-03-01T21:00:00Z,439.658936,2495.68,23.365,-578.06,2495.68,1415.59,15.0,True,8569;8646
VZ,Long,1968,2023-01-04T21:00:00Z,31.482181,2023-03-01T21:00:00Z,30.490908,-1950.82,11.9141,-2386.33,3290.77,5677.09,56.0,False,8364;8647
WMT,Long,1291,2023-02-02T21:00:00Z,46.115938,2023-03-01T21:00:00Z,45.046148,-1381.1,23.3979,-1756.26,1203.82,2960.09,27.0,False,8502;8648
XOM,Short,600,2023-02-22T21:00:00Z,98.612448,2023-03-01T21:00:00Z,97.436263,705.71,23.5953,-133.66,705.71,657.59,7.0,True,8586;8649
JNJ,Short,402,2023-02-02T21:00:00Z,146.434783,2023-03-01T21:00:00Z,138.34918,3250.41,34.7628,-581.44,3370.45,1193.08,27.0,True,8501;8655
EL,Long,235,2023-02-03T21:00:00Z,251.09171,2023-03-01T21:00:00Z,231.299842,-4651.09,34.6342,-5575.96,0.0,5575.96,26.0,False,8543;8675
CVX,Long,405,2023-02-02T21:00:00Z,146.973321,2023-03-02T21:00:00Z,140.156858,-2760.67,23.137,-3314.32,934.35,4248.67,28.0,False,8504;8684
SPY,Short,276,2023-01-31T21:00:00Z,382.556521,2023-03-02T21:00:00Z,374.563543,2206.06,34.3012,-4133.08,6428.64,4133.08,30.0,True,8493;8694
SPY,Short,91,2023-02-06T21:00:00Z,390.845182,2023-03-02T21:00:00Z,374.563543,1481.63,7.1144,-608.45,2873.86,598.03,24.0,True,8555;8694
SPY,Long,85,2023-03-02T21:00:00Z,374.563543,2023-03-06T21:00:00Z,386.371785,1003.7,6.5584,0.0,1003.7,0.0,4.0,True,8694;8708
ACN,Long,226,2023-02-02T21:00:00Z,268.723095,2023-03-06T21:00:00Z,250.799559,-4050.72,23.6511,-5437.32,0.0,5437.32,32.0,False,8511;8709
AMZN,Short,650,2023-03-03T21:00:00Z,92.71,2023-03-06T21:00:00Z,95.2,-1618.5,24.5245,-1618.5,0.0,1618.5,3.0,False,8695;8710
AXP,Long,353,2023-03-01T21:00:00Z,166.38214,2023-03-06T21:00:00Z,171.224684,1709.42,24.0314,0.0,1895.59,186.17,5.0,True,8669;8711
BA,Long,292,2023-03-01T21:00:00Z,201.47,2023-03-06T21:00:00Z,214.12,3693.8,24.3218,0.0,3982.88,931.48,5.0,True,8672;8712
EL,Short,258,2023-03-01T21:00:00Z,231.299842,2023-03-06T21:00:00Z,236.926182,-1451.6,12.1987,-1691.51,0.0,1691.51,5.0,False,8675;8713
PX,Long,177,2023-03-01T21:00:00Z,333.347295,2023-03-06T21:00:00Z,342.773568,1668.45,23.8673,0.0,2069.55,729.74,5.0,True,8663;8714
JPM,Short,445,2023-03-01T21:00:00Z,131.005247,2023-03-06T21:00:00Z,132.324433,-587.04,23.4298,-677.35,385.88,1063.24,5.0,False,8654;8715
NOW,Short,601,2023-02-03T21:00:00Z,95.838,2023-03-06T21:00:00Z,89.1,4049.54,22.0745,0.0,6442.72,2455.69,31.0,True,8545;8716
QCOM,Long,518,2023-03-01T21:00:00Z,114.753345,2023-03-06T21:00:00Z,115.012465,134.22,23.5938,-762.2,134.22,762.2,5.0,True,8667;8717
UNP,Long,307,2023-03-01T21:00:00Z,190.49552,2023-03-06T21:00:00Z,193.702951,984.68,23.6562,0.0,1495.47,717.94,5.0,True,8671;8718
V,Short,265,2023-02-02T21:00:00Z,227.63818,2023-03-06T21:00:00Z,218.045008,2542.19,23.5257,0.0,3979.45,2164.92,32.0,True,8500;8719
ADBE,Long,155,2023-02-02T21:00:00Z,393.22,2023-03-07T21:00:00Z,348.0,-7009.1,22.8479,-11265.4,0.0,11265.4,33.0,False,8512;8727
BMY,Long,1000,2023-03-01T21:00:00Z,58.672767,2023-03-07T21:00:00Z,59.056918,384.15,23.452,-623.18,486.59,1109.77,6.0,True,8666;8728
MCD,Long,243,2023-03-03T21:00:00Z,247.029744,2023-03-07T21:00:00Z,249.956332,711.16,23.9827,-288.49,711.16,784.96,4.0,True,8696;8729
PM,Long,707,2023-03-01T21:00:00Z,84.441686,2023-03-07T21:00:00Z,85.537775,774.94,23.8244,-151.35,902.07,514.61,6.0,True,8665;8730
TMUS,Short,438,2023-03-01T21:00:00Z,133.758251,2023-03-07T21:00:00Z,135.790333,-890.05,23.5272,-910.75,153.17,1063.92,6.0,False,8662;8731
UPS,Long,391,2023-03-01T21:00:00Z,150.419924,2023-03-07T21:00:00Z,153.1401,1063.59,23.6867,0.0,1480.62,1047.42,6.0,True,8664;8732
WFC,Short,1428,2023-03-03T21:00:00Z,42.200867,2023-03-07T21:00:00Z,42.283254,-117.65,23.8738,-705.9,2150.38,2268.03,4.0,False,8697;8733
VRTX,Long,205,2023-03-07T21:00:00Z,291.85,2023-03-10T21:00:00Z,286.58,-1080.35,23.5266,-1367.35,0.0,1367.35,3.0,False,8740;8745
AAPL,Short,406,2023-03-01T21:00:00Z,144.150697,2023-03-15T20:00:00Z,148.647411,-1825.67,23.8335,-2928.26,235.7,3163.96,13.9583,False,8650;8747
PLD,Short,531,2023-03-07T21:00:00Z,112.695121,2023-03-15T20:00:00Z,105.083468,4041.79,23.0125,0.0,4638.74,1429.84,7.9583,True,8737;8748
SPY,Long,527,2023-03-07T21:00:00Z,385.789958,2023-03-15T20:00:00Z,368.029904,-9359.55,106.6012,-9605.85,0.0,9605.85,7.9583,False,8742;8749
HON,Long,334,2023-03-01T21:00:00Z,175.36154,2023-03-16T20:00:00Z,172.123205,-1081.6,23.4406,-1081.6,1894.72,2976.33,14.9583,False,8670;8750
AVGO,Long,1041,2023-02-02T21:00:00Z,57.777835,2023-03-17T20:00:00Z,60.523003,2857.72,24.4839,-3114.09,2857.72,3789.18,42.9583,True,8507;8752
CI,Short,216,2023-03-01T21:00:00Z,268.965538,2023-03-17T20:00:00Z,256.588986,2673.34,22.4952,0.0,3683.05,1009.71,15.9583,True,8676;8753
SPY,Long,248,2023-03-07T21:00:00Z,385.789958,2023-03-17T20:00:00Z,376.395378,-2329.86,18.5206,-4520.4,0.0,4520.4,9.9583,False,8742;8754
SPY,Long,113,2023-03-07T21:00:00Z,385.789958,2023-03-21T20:00:00Z,380.397547,-609.34,14.5901,-2059.7,0.0,2059.7,13.9583,False,8742;8759
SPY,Long,78,2023-03-09T21:00:00Z,381.249793,2023-03-21T20:00:00Z,380.397547,-66.48,9.0381,-1067.61,354.13,1067.61,11.9583,False,8744;8759
PEP,Long,386,2023-03-01T21:00:00Z,151.450184,2023-03-21T20:00:00Z,156.862869,2089.3,23.7872,-329.11,2345.48,580.69,19.9583,True,8659;8760
PG,Long,456,2023-02-02T21:00:00Z,129.743574,2023-03-21T20:00:00Z,132.244083,1140.23,11.9916,-2305.43,1210.98,2476.05,46.9583,True,8503;8761
MO,Short,1689,2023-03-01T21:00:00Z,34.767901,2023-03-22T20:00:00Z,34.812966,-76.12,23.1568,-1141.73,1484.25,1560.36,20.9583,False,8677;8763
HD,Long,219,2023-03-01T21:00:00Z,264.735417,2023-03-23T20:00:00Z,259.838223,-1072.49,22.9094,-1442.57,1296.9,2739.46,21.9583,False,8657;8765
NVDA,Short,2546,2023-03-01T21:00:00Z,23.133838,2023-03-23T20:00:00Z,27.03028,-9920.34,25.3203,-10108.14,616.85,10724.99,21.9583,False,8652;8766
SPY,Long,43,2023-03-09T21:00:00Z,381.249793,2023-03-27T20:00:00Z,381.230534,-0.83,32.7234,-588.55,195.23,588.55,17.9583,False,8744;8768
SPY,Long,106,2023-03-10T21:00:00Z,372.942056,2023-03-27T20:00:00Z,381.230534,878.58,7.8034,-570.23,1361.88,934.21,16.9583,True,8746;8768
SPY,Long,200,2023-03-16T20:00:00Z,369.002796,2023-03-27T20:00:00Z,381.230534,2445.55,15.1126,-288.05,3357.43,1302.14,11.0,True,8751;8768
SPY,Long,82,2023-03-22T20:00:00Z,381.737986,2023-03-27T20:00:00Z,381.230534,-41.61,6.157,-1162.39,332.26,434.17,5.0,False,8764;8768
TSLA,Short,286,2023-03-01T21:00:00Z,206.13,2023-03-28T20:00:00Z,191.99,4044.04,22.4201,0.0,9498.06,7052.76,26.9583,True,8651;8771
SPY,Short,339,2023-03-28T20:00:00Z,378.980511,2023-03-30T20:00:00Z,386.822081,-2658.29,65.3381,-2658.29,0.0,2658.29,2.0,False,8773;8789
ABT,Short,573,2023-02-02T21:00:00Z,103.525197,2023-03-30T20:00:00Z,92.454476,6343.52,22.5339,-378.48,7692.19,2500.09,55.9583,True,8540;8790
ADP,Long,294,2023-03-01T21:00:00Z,200.394832,2023-03-30T20:00:00Z,202.051869,487.17,23.5821,-1492.31,1478.26,2970.57,28.9583,True,8674;8791
AMT,Long,329,2023-03-21T20:00:00Z,178.61422,2023-03-30T20:00:00Z,178.72057,34.99,23.2893,-2892.43,34.99,2892.43,9.0,True,8757;8792
BLK,Short,85,2023-02-02T21:00:00Z,699.127162,2023-03-30T20:00:00Z,611.648267,7435.71,22.3507,0.0,10392.87,2957.16,55.9583,True,8522;8793
COST,Long,127,2023-03-01T21:00:00Z,460.403628,2023-03-30T20:00:00Z,471.909411,1461.23,23.5876,-1196.22,1737.19,1811.35,28.9583,True,8660;8794
CVS,Long,909,2023-03-27T20:00:00Z,65.037348,2023-03-30T20:00:00Z,65.932236,813.45,23.6492,-805.48,813.45,805.48,3.0,True,8770;8795
DHR,Short,289,2023-02-02T21:00:00Z,207.34653,2023-03-30T20:00:00Z,192.633904,4251.95,23.1986,-189.35,6515.81,2286.16,55.9583,True,8510;8796
DIS,Long,609,2023-03-01T21:00:00Z,96.170974,2023-03-30T20:00:00Z,95.821931,-212.57,23.2241,-3879.35,1127.79,5007.13,28.9583,False,8661;8797
FB,Short,340,2023-03-01T21:00:00Z,173.062466,2023-03-30T20:00:00Z,201.420859,-9641.85,25.6797,-11153.97,63.99,11217.96,28.9583,False,8653;8798
IBM,Short,518,2023-03-07T21:00:00Z,115.842983,2023-03-30T20:00:00Z,115.594011,128.97,23.718,0.0,3224.18,3095.22,22.9583,True,8736;8799
INTC,Long,2421,2023-03-01T21:00:00Z,24.449489,2023-03-30T20:00:00Z,31.135277,16186.29,27.1363,0.0,16635.26,4844.07,28.9583,True,8673;8800
JNJ,Long,424,2023-03-01T21:00:00Z,138.34918,2023-03-30T20:00:00Z,138.964467,260.88,11.7727,-709.75,1020.51,1730.26,28.9583,True,8655;8801
MMC,Short,384,2023-03-07T21:00:00Z,156.427212,2023-03-30T20:00:00Z,155.841625,224.87,23.7298,0.0,4192.65,3967.78,22.9583,True,8738;8802
LLY,Long,194,2023-03-01T21:00:00Z,302.242932,2023-03-30T20:00:00Z,328.577066,5108.82,24.7716,0.0,5799.2,1581.26,28.9583,True,8658;8803
MDLZ,Long,960,2023-03-21T20:00:00Z,61.505216,2023-03-30T20:00:00Z,63.886476,2286.01,23.9964,-531.15,2286.01,531.15,9.0,True,8758;8804
MDT,Long,819,2023-03-27T20:00:00Z,72.524903,2023-03-30T20:00:00Z,71.787697,-603.77,23.3881,-1178.09,0.0,1178.09,3.0,False,8769;8805
SLB,Long,1182,2023-03-07T21:00:00Z,50.430402,2023-03-30T20:00:00Z,45.286501,-6080.09,22.2785,-11303.98,0.0,11303.98,22.9583,False,8739;8806
MS,Short,680,2023-03-07T21:00:00Z,87.816546,2023-03-30T20:00:00Z,78.192569,6544.3,22.2007,0.0,8530.75,2778.59,22.9583,True,8734;8807
MSFT,Short,242,2023-03-09T21:00:00Z,248.961318,2023-03-30T20:00:00Z,276.456127,-6653.74,25.2574,-6653.74,1718.77,8372.51,20.9583,False,8743;8808
T,Long,3768,2023-03-01T21:00:00Z,15.586004,2023-03-30T20:00:00Z,15.701824,436.41,23.5255,-2182.04,732.54,2182.04,28.9583,True,8668;8809
USB,Long,1496,2023-03-07T21:00:00Z,39.80882,2023-03-30T20:00:00Z,31.195268,-12885.87,20.7532,-17615.46,0.0,17615.46,22.9583,False,8741;8810
SBUX,Short,643,2023-03-21T20:00:00Z,92.47376,2023-03-30T20:00:00Z,93.162151,-442.63,23.8267,-442.63,1422.33,1864.97,9.0,False,8762;8811
SPY,Long,174,2023-03-30T20:00:00Z,386.822081,2023-03-30T20:00:00Z,386.822081,0.0,28.0617,0.0,0.0,0.0,0.0,False,8789;8812
CRM,Short,332,2023-03-07T21:00:00Z,181.524656,2023-03-31T20:00:00Z,193.790499,-4072.26,24.9613,-4818.3,3847.47,8665.77,23.9583,False,8735;8813
ADI,Long,331,2023-03-23T20:00:00Z,178.624346,2023-04-04T20:00:00Z,186.744064,2687.63,24.0647,-1680.16,2687.63,1680.16,12.0,True,8767;8837
MA,Long,169,2023-03-01T21:00:00Z,347.096643,2023-04-04T20:00:00Z,359.230972,2050.7,23.7478,-1605.47,2072.22,3677.69,33.9583,True,8656;8838
SPY,Short,189,2023-03-30T20:00:00Z,386.822081,2023-04-12T20:00:00Z,394.280669,-1409.67,15.862,-1409.67,0.0,1409.67,13.0,False,8812;8841
SPY,Short,14,2023-03-31T20:00:00Z,387.348683,2023-04-12T20:00:00Z,394.280669,-97.05,9.2506,-97.05,7.37,97.05,12.0,False,8814;8841
FB,Short,279,2023-04-04T20:00:00Z,211.098173,2023-04-12T20:00:00Z,212.504702,-392.42,23.6956,-823.53,453.22,1276.75,8.0,False,8818;8842
ORCL,Short,660,2023-04-04T20:00:00Z,89.402815,2023-04-12T20:00:00Z,90.284191,-581.71,23.6795,-1301.46,0.0,1301.46,8.0,False,8821;8843
GOOGL,Short,571,2023-04-04T20:00:00Z,103.366397,2023-04-17T20:00:00Z,103.534794,-96.16,23.834,-2556.59,0.0,2556.59,13.0,False,8817;8846
MMC,Long,370,2023-04-04T20:00:00Z,159.829352,2023-04-18T20:00:00Z,165.487783,2093.62,24.0293,-161.32,2188.31,424.33,14.0,True,8832;8849
SPY,Short,104,2023-03-31T20:00:00Z,387.348683,2023-04-18T20:00:00Z,397.90943,-1098.32,10.7079,-1098.32,54.77,1098.32,18.0,False,8814;8850
SPY,Short,31,2023-04-04T20:00:00Z,394.050879,2023-04-18T20:00:00Z,397.90943,-119.62,29.3463,-119.62,224.09,237.15,14.0,False,8836;8850
CB,Long,315,2023-04-04T20:00:00Z,188.085463,2023-04-20T20:00:00Z,195.081953,2203.89,23.9858,-462.4,2203.89,1303.12,16.0,True,8834;8852
TJX,Long,812,2023-03-28T20:00:00Z,72.36332,2023-04-21T20:00:00Z,75.816915,2804.32,23.9576,0.0,2804.32,1665.55,24.0,True,8772;8855
SPY,Short,230,2023-04-04T20:00:00Z,394.050879,2023-04-21T20:00:00Z,394.663652,-140.94,18.1545,-887.47,1662.62,1759.52,17.0,False,8836;8856
SPY,Short,114,2023-04-04T20:00:00Z,394.050879,2023-04-28T20:00:00Z,393.945559,12.01,19.1153,-476.99,824.08,1262.87,24.0,True,8836;8872
SPY,Short,4,2023-04-04T20:00:00Z,394.050879,2023-04-28T20:00:00Z,393.945559,0.42,0.313,-16.74,28.92,44.31,24.0,True,8839;8872
SPY,Short,122,2023-04-12T20:00:00Z,394.280669,2023-04-28T20:00:00Z,393.945559,40.88,30.7083,-482.42,909.95,1351.49,16.0,True,8844;8872
ABBV,Short,407,2023-04-20T20:00:00Z,143.947325,2023-04-28T20:00:00Z,131.846939,4924.86,22.7131,-1259.34,4924.86,1259.34,8.0,True,8854;8873
PLD,Long,533,2023-04-04T20:00:00Z,110.796701,2023-04-28T20:00:00Z,109.838856,-510.53,23.7927,-2242.52,706.16,2905.73,24.0,False,8827;8874
AVGO,Short,959,2023-04-04T20:00:00Z,61.595498,2023-04-28T20:00:00Z,59.289318,2211.63,23.1616,0.0,2476.14,1638.51,24.0,True,8819;8875
CVS,Long,884,2023-04-04T20:00:00Z,66.669203,2023-04-28T20:00:00Z,64.315856,-2080.36,23.2923,-2432.23,1365.0,3797.24,24.0,False,8829;8876
SPGI,Long,185,2023-04-04T20:00:00Z,320.186966,2023-04-28T20:00:00Z,326.195813,1111.64,24.1021,-1641.96,2394.95,2182.48,24.0,True,8828;8877
ISRG,Long,195,2023-04-25T20:00:00Z,299.93,2023-04-28T20:00:00Z,297.62,-450.45,23.2514,-969.15,251.55,969.15,3.0,False,8860;8878
INTC,Short,2065,2023-04-27T20:00:00Z,28.011989,2023-04-28T20:00:00Z,31.164558,-6510.05,24.5568,-6510.05,0.0,6510.05,1.0,False,8863;8879
KO,Short,1020,2023-04-27T20:00:00Z,57.406947,2023-04-28T20:00:00Z,57.388883,18.43,23.5529,-543.54,18.43,543.54,1.0,True,8862;8880
MCD,Short,227,2023-04-04T20:00:00Z,258.984578,2023-04-28T20:00:00Z,271.335145,-2803.58,24.1513,-2995.78,0.0,2995.78,24.0,False,8823;8881
MO,Long,1712,2023-04-04T20:00:00Z,34.341209,2023-04-28T20:00:00Z,36.308714,3368.37,24.1551,-459.62,3598.18,590.94,24.0,True,8835;8882
PGR,Long,445,2023-04-04T20:00:00Z,132.057538,2023-04-28T20:00:00Z,122.67729,-4174.21,22.8088,-4365.25,1796.66,6161.91,24.0,False,8831;8883
PEP,Short,365,2023-04-04T20:00:00Z,161.225579,2023-04-28T20:00:00Z,168.13689,-2522.63,24.079,-2810.1,0.0,2810.1,24.0,False,8820;8884
NOW,Long,635,2023-04-04T20:00:00Z,95.088,2023-04-28T20:00:00Z,90.848,-2692.4,23.7609,-4211.32,1023.62,5234.94,24.0,False,8830;8885
VRTX,Long,186,2023-04-04T20:00:00Z,315.56,2023-04-28T20:00:00Z,338.5,4266.84,24.3716,0.0,4681.62,1900.92,24.0,True,8833;8886
VZ,Short,1905,2023-04-04T20:00:00Z,31.059945,2023-04-28T20:00:00Z,30.979062,154.08,23.8249,-1253.95,2664.06,2923.21,24.0,True,8824;8887
SPY,Short,271,2023-04-12T20:00:00Z,394.280669,2023-04-28T20:00:00Z,393.945559,90.81,146.0726,-1071.61,2021.28,3002.08,16.0,True,8844;8889
SPY,Short,538,2023-04-17T20:00:00Z,394.883867,2023-04-28T20:00:00Z,393.945559,504.81,42.6451,-1802.89,4337.24,5959.84,11.0,True,8848;8889
SPY,Short,130,2023-04-25T20:00:00Z,393.083848,2023-04-28T20:00:00Z,393.945559,-112.02,10.1089,-669.65,814.03,1440.11,3.0,False,8858;8889
SPY,Short,306,2023-04-25T20:00:00Z,393.083848,2023-04-28T20:00:00Z,393.945559,-263.68,23.7948,-1576.24,1916.1,3389.8,3.0,False,8861;8889
CAT,Long,270,2023-04-04T20:00:00Z,217.192887,2023-05-02T20:00:00Z,206.828371,-2798.42,22.2255,-5054.64,0.0,5054.64,28.0,False,8826;8890
IBM,Long,503,2023-04-04T20:00:00Z,117.363489,2023-05-02T20:00:00Z,112.099515,-2647.78,22.9677,-3054.79,67.09,3121.87,28.0,False,8825;8891
MA,Short,160,2023-04-20T20:00:00Z,364.355751,2023-05-02T20:00:00Z,370.555046,-991.89,23.574,-1346.58,736.07,2082.65,12.0,False,8853;8892
MDLZ,Long,921,2023-04-13T20:00:00Z,64.041518,2023-05-02T20:00:00Z,70.516807,5963.74,24.8696,-344.39,6198.93,344.39,19.0,True,8845;8893
PYPL,Long,770,2023-04-17T20:00:00Z,75.98265,2023-05-02T20:00:00Z,73.994818,-1530.63,22.7858,-3845.61,0.0,3845.61,15.0,False,8847;8894
TMO,Short,108,2023-04-28T20:00:00Z,537.360323,2023-05-02T20:00:00Z,538.87354,-163.43,23.472,-553.3,0.0,553.3,4.0,False,8888;8895
XOM,Long,557,2023-04-25T20:00:00Z,104.742869,2023-05-02T20:00:00Z,101.428165,-1846.29,33.7448,-3682.65,347.42,4030.07,7.0,False,8859;8896
PFE,Long,1771,2023-04-04T20:00:00Z,33.43946,2023-05-02T20:00:00Z,31.834043,-2843.19,34.5294,-4029.05,500.06,4529.11,28.0,False,8822;8901
SPY,Long,589,2023-04-28T20:00:00Z,393.945559,2023-05-02T20:00:00Z,397.13389,1877.93,62.5445,-344.0,2289.6,2633.61,4.0,True,8889;8917
XOM,Short,573,2023-05-02T20:00:00Z,101.428165,2023-05-22T20:00:00Z,95.127034,3610.55,10.8119,0.0,5330.65,1931.26,20.0,True,8896;8918
CSCO,Short,1349,2023-05-02T20:00:00Z,43.050103,2023-05-24T20:00:00Z,44.883973,-2473.89,23.4451,-2696.54,1546.18,4242.72,22.0,False,8904;8920
NOW,Long,650,2023-05-02T20:00:00Z,90.106,2023-05-25T20:00:00Z,104.658,9458.8,25.362,-2602.6,10562.5,2602.6,23.0,True,8912;8922
SPY,Short,206,2023-05-02T20:00:00Z,397.13389,2023-05-25T20:00:00Z,397.066868,13.81,22.3913,-877.7,1903.33,2781.03,23.0,True,8917;8923
SPY,Short,76,2023-05-22T20:00:00Z,400.810524,2023-05-25T20:00:00Z,397.066868,284.52,11.2273,-44.39,981.62,263.42,3.0,True,8919;8923
ABT,Short,564,2023-05-02T20:00:00Z,103.83688,2023-05-26T20:00:00Z,95.506368,4698.41,22.6083,-369.12,4703.68,384.94,24.0,True,8905;8924
PM,Long,679,2023-05-02T20:00:00Z,85.967874,2023-05-31T20:00:00Z,78.139989,-5315.13,22.0289,-5332.81,0.0,5332.81,29.0,False,8909;8926
SPY,Short,64,2023-05-22T20:00:00Z,400.810524,2023-05-31T20:00:00Z,400.465839,22.06,5.361,-95.59,826.63,557.01,9.0,True,8919;8927
SPY,Short,3,2023-05-24T20:00:00Z,394.883867,2023-05-31T20:00:00Z,400.465839,-16.75,22.8289,-22.26,20.97,22.26,7.0,False,8921;8927
SPY,Short,287,2023-05-24T20:00:00Z,394.883867,2023-06-01T20:00:00Z,400.283923,-1549.82,39.4181,-2580.28,2005.97,2580.28,8.0,False,8921;8928
SPY,Short,201,2023-05-26T20:00:00Z,397.708364,2023-06-01T20:00:00Z,400.283923,-517.69,16.1665,-1239.37,1972.6,1239.37,6.0,False,8925;8928
ADBE,Long,156,2023-05-02T20:00:00Z,374.56,2023-06-01T20:00:00Z,412.29,5885.88,24.8168,-6101.16,8141.64,6101.16,30.0,True,8907;8929
CRM,Short,318,2023-04-12T20:00:00Z,186.735186,2023-06-01T20:00:00Z,204.103619,-5523.16,25.1644,-10322.38,0.0,10322.38,50.0,False,8840;8930
DHR,Long,314,2023-05-02T20:00:00Z,185.874278,2023-06-01T20:00:00Z,177.949466,-2488.39,23.0425,-3850.1,1136.37,4986.47,30.0,False,8906;8931
JNJ,Long,402,2023-04-19T20:00:00Z,147.03559,2023-06-01T20:00:00Z,140.888153,-2471.27,23.1513,-2540.9,974.83,3515.73,43.0,False,8851;8932
KO,Short,1009,2023-05-02T20:00:00Z,57.930799,2023-06-01T20:00:00Z,54.074165,3891.34,22.6026,0.0,4082.72,656.15,30.0,True,8900;8933
MCD,Long,213,2023-05-02T20:00:00Z,273.672733,2023-06-01T20:00:00Z,262.214868,-2440.53,22.9719,-2440.53,0.0,2440.53,30.0,False,8902;8934
NEE,Long,845,2023-05-02T20:00:00Z,69.200767,2023-06-01T20:00:00Z,66.264845,-2480.85,22.7869,-2672.77,991.61,3664.38,30.0,False,8910;8935
PFE,Short,1853,2023-05-02T20:00:00Z,31.834043,2023-06-01T20:00:00Z,31.085781,1386.53,11.4962,-910.3,3849.57,4759.87,30.0,True,8901;8936
VRTX,Short,169,2023-05-02T20:00:00Z,345.0,2023-06-01T20:00:00Z,324.47,3469.57,22.6342,-912.6,3621.67,1066.39,30.0,True,8914;8937
UNH,Short,126,2023-05-02T20:00:00Z,461.385152,2023-06-01T20:00:00Z,454.435261,875.69,23.1721,0.0,2060.09,1869.93,30.0,True,8898;8938
V,Long,258,2023-05-02T20:00:00Z,225.854238,2023-06-01T20:00:00Z,217.299353,-2207.16,22.8068,-2635.07,528.92,3163.99,30.0,False,8897;8939
VZ,Long,1884,2023-05-02T20:00:00Z,30.906756,2023-06-01T20:00:00Z,28.601001,-4344.04,22.2167,-5524.65,0.0,5524.65,30.0,False,8908;8940
WMT,Short,1205,2023-05-02T20:00:00Z,48.568735,2023-06-01T20:00:00Z,47.166429,1689.78,23.1173,-862.28,1875.95,1190.7,30.0,True,8899;8941
REGN,Long,73,2023-05-02T20:00:00Z,799.178297,2023-06-01T20:00:00Z,729.11943,-5114.3,33.5682,-5909.79,0.0,5909.79,30.0,False,8913;8952
MO,Short,1599,2023-05-02T20:00:00Z,36.58869,2023-06-01T20:00:00Z,34.233821,3765.44,34.1741,0.0,4139.53,674.59,30.0,True,8915;8953
NKE,Long,494,2023-05-02T20:00:00Z,117.809358,2023-06-06T20:00:00Z,98.06227,-9755.06,21.4025,-10765.34,0.0,10765.34,35.0,False,8903;8957
JPM,Long,448,2023-04-25T20:00:00Z,129.792695,2023-06-07T20:00:00Z,130.164594,166.61,23.1889,-2290.9,666.44,2957.34,43.0,True,8857;8959
QCOM,Long,546,2023-05-02T20:00:00Z,107.470209,2023-06-07T20:00:00Z,108.626547,631.36,23.4543,-6624.28,631.36,6624.28,36.0,True,8911;8960
CSCO,Long,1277,2023-06-01T20:00:00Z,45.608352,2023-06-12T20:00:00Z,45.819247,269.31,23.47,-93.67,866.49,644.01,11.0,True,8947;8962
LLY,Long,138,2023-06-01T20:00:00Z,420.594605,2023-06-21T20:00:00Z,445.022659,3371.07,23.9971,0.0,3371.07,1081.87,20.0,True,8944;8965
SYK,Short,217,2023-06-01T20:00:00Z,266.550187,2023-06-21T20:00:00Z,287.32008,-4507.07,24.2225,-4761.43,0.0,4761.43,20.0,False,8950;8966
ZTS,Long,372,2023-06-01T20:00:00Z,156.013647,2023-06-29T20:00:00Z,161.520574,2048.58,24.0749,0.0,3206.47,3135.21,28.0,True,8955;8967
AMD,Short,492,2023-06-01T20:00:00Z,117.17,2023-06-29T20:00:00Z,112.12,2484.6,22.7019,-5913.84,4752.72,5913.84,28.0,True,8949;8968
FB,Short,221,2023-06-01T20:00:00Z,264.13025,2023-06-29T20:00:00Z,281.801005,-3905.24,24.2606,-4831.2,669.84,5501.04,28.0,False,8942;8969
MRK,Short,584,2023-06-01T20:00:00Z,99.798751,2023-06-29T20:00:00Z,101.743557,-1135.77,23.6914,-2379.71,1177.85,3557.56,28.0,False,8946;8970
ORCL,Long,573,2023-06-01T20:00:00Z,100.328523,2023-06-29T20:00:00Z,110.631137,5903.4,24.5334,0.0,11889.02,5985.62,28.0,True,8945;8971
LRCX,Long,972,2023-06-01T20:00:00Z,59.80402,2023-06-29T20:00:00Z,62.975573,3082.75,23.7907,-1045.33,3228.31,2290.19,28.0,True,8951;8972
SHOP,Long,1017,2023-06-01T20:00:00Z,56.43,2023-06-29T20:00:00Z,64.68,8390.25,24.7538,0.0,9834.39,4454.46,28.0,True,8956;8973
TMO,Short,115,2023-06-01T20:00:00Z,507.501477,2023-06-29T20:00:00Z,504.741645,317.38,23.5237,-2789.75,360.63,2789.75,28.0,True,8948;8974
XOM,Short,632,2023-06-01T20:00:00Z,91.585835,2023-06-29T20:00:00Z,94.947278,-2124.43,23.8663,-3771.72,0.0,3771.72,28.0,False,8943;8975
REGN,Short,79,2023-06-01T20:00:00Z,729.11943,2023-06-29T20:00:00Z,690.256176,3070.2,23.019,-3786.29,3070.2,3786.29,28.0,True,8952;8978
MO,Long,1706,2023-06-01T20:00:00Z,34.233821,2023-06-29T20:00:00Z,34.787341,944.31,23.9677,-391.74,1692.49,1883.55,28.0,True,8953;8979
CB,Short,304,2023-05-02T20:00:00Z,191.822008,2023-06-29T20:00:00Z,176.468917,4667.34,34.725,-69.55,4667.34,2965.17,58.0,True,8916;8980
UBER,Short,1533,2023-06-01T20:00:00Z,37.5,2023-07-05T20:00:00Z,42.89,-8262.87,37.1557,-10608.36,0.0,10608.36,34.0,False,8954;8990
SPY,Long,147,2023-06-06T20:00:00Z,408.565923,2023-07-05T20:00:00Z,424.691351,2370.44,45.0098,-23.93,2648.74,1345.11,29.0,True,8958;8993
SPY,Long,240,2023-06-07T20:00:00Z,410.193599,2023-07-05T20:00:00Z,424.691351,3479.46,25.4844,-429.71,3933.83,2196.1,28.0,True,8961;8993
TSLA,Short,230,2023-06-29T20:00:00Z,257.88,2023-07-05T20:00:00Z,278.7,-4788.6,24.8391,-5658.0,0.0,5658.0,6.0,False,8976;8994
CB,Long,334,2023-06-29T20:00:00Z,176.468917,2023-07-05T20:00:00Z,182.769668,2104.45,12.225,0.0,2644.96,540.5,6.0,True,8980;8995
LLY,Short,131,2023-06-29T20:00:00Z,448.73721,2023-07-05T20:00:00Z,452.588612,-504.53,23.8237,-1270.3,0.0,1270.3,6.0,False,8977;8996
MO,Short,1696,2023-06-29T20:00:00Z,34.787341,2023-07-05T20:00:00Z,35.758442,-1646.99,12.2169,-2085.3,0.0,2085.3,6.0,False,8979;8997
SO,Short,961,2023-06-29T20:00:00Z,60.899592,2023-07-05T20:00:00Z,62.114766,-1167.78,23.838,-2132.47,0.0,2132.47,6.0,False,8981;8998
REGN,Long,85,2023-06-29T20:00:00Z,690.256176,2023-07-05T20:00:00Z,709.663037,1649.58,12.089,0.0,1833.15,183.57,6.0,True,8978;8999
CI,Long,224,2023-07-05T20:00:00Z,262.924529,2023-07-06T20:00:00Z,262.802418,-27.35,23.5551,-191.47,0.0,191.47,1.0,False,8992;9001
GS,Long,195,2023-07-05T20:00:00Z,300.496862,2023-07-06T20:00:00Z,294.977627,-1076.25,22.9015,-1980.66,0.0,1980.66,1.0,False,8989;9002
UBER,Long,1371,2023-07-05T20:00:00Z,42.89,2023-07-12T20:00:00Z,44.99,2879.1,12.2074,-1069.38,2879.1,1069.38,7.0,True,8990;9004
LRCX,Short,934,2023-07-05T20:00:00Z,62.630365,2023-07-14T20:00:00Z,62.440744,177.11,23.0172,0.0,2379.58,2202.47,9.0,True,8991;9006
SPY,Long,72,2023-06-07T20:00:00Z,410.193599,2023-07-14T20:00:00Z,432.994513,1641.67,10.276,-128.91,1641.67,658.83,37.0,True,8961;9007
SPY,Long,47,2023-07-05T20:00:00Z,424.691351,2023-07-14T20:00:00Z,432.994513,390.25,6.6433,-765.55,390.25,152.22,9.0,True,9000;9007
SPY,Long,31,2023-07-05T20:00:00Z,424.691351,2023-07-25T20:00:00Z,436.17547,356.01,31.7759,-504.93,402.78,100.4,20.0,True,9000;9013
SPY,Long,115,2023-07-06T20:00:00Z,422.269596,2023-07-25T20:00:00Z,436.17547,1599.18,9.7179,-1594.64,1772.69,333.76,19.0,True,9003;9013
SPY,Long,127,2023-07-12T20:00:00Z,428.977474,2023-07-25T20:00:00Z,436.17547,914.15,10.8872,-2612.94,1105.76,368.59,13.0,True,9005;9013
SPY,Long,78,2023-07-24T20:00:00Z,435.733403,2023-07-25T20:00:00Z,436.17547,34.48,6.8093,-2131.76,152.17,117.69,1.0,True,9009;9013
SPY,Long,12,2023-07-24T20:00:00Z,435.733403,2023-07-25T20:00:00Z,436.17547,5.3,1.0476,-327.96,23.41,18.11,1.0,True,9012;9013
CRM,Short,264,2023-07-24T20:00:00Z,223.002829,2023-07-26T20:00:00Z,220.255281,725.35,23.3792,0.0,725.35,0.0,2.0,True,9008;9018
PX,Short,163,2023-07-05T20:00:00Z,355.853777,2023-07-26T20:00:00Z,371.392405,-2532.8,23.6222,-3133.16,1014.68,4147.85,21.0,False,8988;9019
TMO,Short,104,2023-07-25T20:00:00Z,550.267362,2023-07-27T20:00:00Z,569.467338,-1996.8,23.2808,-1996.8,0.0,1996.8,2.0,False,9015;9021
AMD,Short,534,2023-07-24T20:00:00Z,110.6,2023-08-02T20:00:00Z,119.35,-4672.5,23.4917,-4672.5,667.5,5340.0,9.0,False,9010;9023
MCD,Long,217,2023-07-25T20:00:00Z,272.294346,2023-08-02T20:00:00Z,268.547304,-813.11,23.3685,-941.6,176.68,1118.27,8.0,False,9014;9024
UPS,Long,379,2023-07-24T20:00:00Z,155.028841,2023-08-02T20:00:00Z,153.551343,-559.97,23.5182,-749.79,686.52,1436.31,9.0,False,9011;9025
TJX,Long,715,2023-07-25T20:00:00Z,82.788159,2023-08-02T20:00:00Z,82.701932,-61.65,35.3819,-548.02,691.88,1239.91,8.0,False,9017;9044
SPY,Short,146,2023-07-26T20:00:00Z,436.771298,2023-08-03T20:00:00Z,430.572757,904.99,30.8987,-629.98,904.99,910.6,8.0,True,9020;9048
SPY,Short,64,2023-07-27T20:00:00Z,441.086252,2023-08-03T20:00:00Z,430.572757,672.86,5.5661,0.0,672.86,53.51,7.0,True,9022;9048
DHR,Short,299,2023-08-02T20:00:00Z,196.386189,2023-08-10T20:00:00Z,198.773323,-713.75,23.8033,-1122.6,0.0,1122.6,8.0,False,9032;9054
SPY,Long,69,2023-08-04T20:00:00Z,433.138665,2023-08-18T20:00:00Z,416.666883,-1136.55,68.2607,-1136.55,0.0,1136.55,14.0,False,9051;9062
SPY,Long,106,2023-08-08T20:00:00Z,430.620808,2023-08-18T20:00:00Z,416.666883,-1479.12,9.1426,-1479.12,266.89,1481.15,10.0,False,9053;9062
SPY,Long,127,2023-08-15T20:00:00Z,428.881373,2023-08-18T20:00:00Z,416.666883,-1551.24,10.8108,-1551.24,540.68,1551.24,3.0,False,9057;9062
SPY,Long,119,2023-08-17T20:00:00Z,423.768778,2023-08-18T20:00:00Z,416.666883,-845.13,9.9789,-845.13,1115.02,845.13,1.0,False,9059;9062
SPY,Short,322,2023-08-18T20:00:00Z,416.666883,2023-08-22T20:00:00Z,423.855269,-2314.66,41.0963,-2314.66,0.0,2314.66,4.0,False,9062;9067
TMUS,Long,455,2023-08-02T20:00:00Z,129.769699,2023-08-22T20:00:00Z,127.624199,-976.2,23.3033,-1161.12,946.1,1922.3,20.0,False,9034;9068
ADP,Short,258,2023-08-02T20:00:00Z,225.780395,2023-08-25T20:00:00Z,231.60342,-1502.34,23.7907,-1901.7,0.0,1901.7,23.0,False,9043;9092
ZTS,Short,341,2023-08-04T20:00:00Z,172.904281,2023-08-25T20:00:00Z,175.726189,-962.27,23.6706,-3498.87,0.0,3498.87,21.0,False,9050;9093
AMZN,Long,448,2023-08-02T20:00:00Z,130.1,2023-08-25T20:00:00Z,132.7,1164.8,23.4277,-533.12,5429.76,4650.24,23.0,True,9026;9094
CI,Short,227,2023-08-22T20:00:00Z,263.760522,2023-08-25T20:00:00Z,266.155784,-543.72,23.8514,-543.72,334.76,878.49,3.0,False,9070;9095
CAT,Short,229,2023-08-22T20:00:00Z,262.634441,2023-08-25T20:00:00Z,260.314315,531.31,23.8325,0.0,1018.71,715.73,3.0,True,9063;9096
CB,Short,313,2023-08-22T20:00:00Z,190.736576,2023-08-25T20:00:00Z,193.025146,-716.32,24.0211,-731.31,0.0,731.31,3.0,False,9066;9097
CVS,Short,895,2023-08-02T20:00:00Z,64.647089,2023-08-25T20:00:00Z,59.501363,4605.43,22.9441,-1899.64,4860.84,1899.64,23.0,True,9046;9098
FB,Short,211,2023-08-23T20:00:00Z,285.763058,2023-08-25T20:00:00Z,283.603739,455.62,24.2329,0.0,626.99,171.38,2.0,True,9072;9099
MMC,Short,322,2023-08-15T20:00:00Z,181.53719,2023-08-25T20:00:00Z,183.525413,-640.21,23.5456,-1038.42,640.21,1678.63,10.0,False,9056;9100
LOW,Short,284,2023-08-10T20:00:00Z,208.577966,2023-08-25T20:00:00Z,211.172594,-736.87,23.748,-1537.94,1029.75,2567.69,15.0,False,9055;9101
SLB,Short,1124,2023-08-18T20:00:00Z,52.714408,2023-08-25T20:00:00Z,52.723627,-10.36,23.7273,-735.72,797.89,1533.6,7.0,False,9061;9102
MRK,Long,618,2023-08-02T20:00:00Z,96.10574,2023-08-25T20:00:00Z,99.522874,2111.79,24.192,-576.96,2968.83,1355.58,23.0,True,9029;9103
NFLX,Long,1385,2023-07-25T20:00:00Z,42.718,2023-08-25T20:00:00Z,41.208,-2091.35,23.3713,-3348.93,1880.83,5229.76,31.0,False,9016;9104
PG,Long,408,2023-08-02T20:00:00Z,144.130395,2023-08-25T20:00:00Z,141.709278,-987.82,23.3871,-1579.75,429.81,2009.56,23.0,False,9028;9105
LRCX,Short,848,2023-08-02T20:00:00Z,68.574741,2023-08-25T20:00:00Z,64.058843,3829.48,22.2009,-13.19,4857.77,2622.25,23.0,True,9047;9106
VRTX,Short,171,2023-08-22T20:00:00Z,349.91,2023-08-25T20:00:00Z,347.94,336.87,23.9557,-117.99,536.94,562.59,3.0,True,9064;9107
COP,Short,561,2023-08-03T20:00:00Z,104.202571,2023-08-25T20:00:00Z,105.366484,-652.95,23.6066,-1475.3,610.47,2085.77,22.0,False,9049;9108
QCOM,Short,582,2023-08-22T20:00:00Z,103.874077,2023-08-25T20:00:00Z,101.469887,1399.24,23.8402,0.0,1605.33,981.64,3.0,True,9069;9109
ABNB,Short,396,2023-08-02T20:00:00Z,146.45,2023-08-25T20:00:00Z,125.04,8478.36,21.4117,0.0,8890.2,1635.48,23.0,True,9045;9110
DE,Short,141,2023-08-02T20:00:00Z,413.244943,2023-08-25T20:00:00Z,372.519243,5742.32,22.21,-947.13,6146.88,1853.67,23.0,True,9038;9111
TJX,Short,713,2023-08-02T20:00:00Z,82.701932,2023-08-25T20:00:00Z,85.415593,-1934.84,12.1816,-2764.6,594.31,3358.91,23.0,False,9044;9112
UNP,Short,274,2023-08-02T20:00:00Z,215.358688,2023-08-25T20:00:00Z,207.737101,2088.31,23.1719,0.0,2297.4,451.32,23.0,True,9037;9113
VZ,Short,2159,2023-08-02T20:00:00Z,27.370759,2023-08-25T20:00:00Z,27.313515,123.59,23.542,-158.9,1659.63,1818.53,23.0,True,9036;9114
XOM,Long,616,2023-08-02T20:00:00Z,95.51351,2023-08-25T20:00:00Z,97.347619,1129.81,23.7446,0.0,3128.12,2612.31,23.0,True,9027;9115
SPY,Long,166,2023-08-22T20:00:00Z,423.855269,2023-08-25T20:00:00Z,421.548835,-382.87,22.4093,-663.64,315.87,979.5,3.0,False,9067;9123
SPY,Long,99,2023-08-22T20:00:00Z,423.855269,2023-08-25T20:00:00Z,421.548835,-228.34,26.4431,-395.78,188.38,584.16,3.0,False,9071;9123
AMGN,Short,257,2023-08-25T20:00:00Z,235.007307,2023-08-29T20:00:00Z,235.235816,-58.73,24.2433,-594.31,131.55,725.86,4.0,False,9121;9130
C,Short,1609,2023-08-25T20:00:00Z,37.64066,2023-08-29T20:00:00Z,37.668029,-44.04,24.3547,-675.21,0.0,675.21,4.0,False,9122;9131
COST,Short,110,2023-08-02T20:00:00Z,529.736849,2023-08-29T20:00:00Z,513.516129,1784.28,23.1317,-1129.0,2062.3,1169.19,27.0,True,9030;9132
SPGI,Short,169,2023-08-25T20:00:00Z,359.101277,2023-08-29T20:00:00Z,359.710627,-102.98,24.3648,-553.91,0.0,553.91,4.0,False,9120;9133
NEE,Short,988,2023-08-25T20:00:00Z,61.140993,2023-08-29T20:00:00Z,62.003212,-851.87,24.403,-851.87,0.0,851.87,4.0,False,9119;9134
AMT,Short,381,2023-08-22T20:00:00Z,157.672323,2023-08-30T20:00:00Z,164.27951,-2517.34,24.5567,-2517.34,0.0,2517.34,8.0,False,9065;9135
BLK,Short,86,2023-08-02T20:00:00Z,670.869632,2023-08-30T20:00:00Z,642.398253,2448.54,22.5727,0.0,4520.13,2393.43,28.0,True,9039;9136
SPY,Long,207,2023-08-22T20:00:00Z,423.855269,2023-08-30T20:00:00Z,432.043109,1694.88,17.9439,-827.55,1981.34,1301.0,8.0,True,9071;9137
INTU,Short,118,2023-08-02T20:00:00Z,490.051061,2023-08-31T20:00:00Z,527.954646,-4472.62,23.9675,-4614.37,1822.01,6436.38,29.0,False,9035;9138
SPY,Long,8,2023-08-22T20:00:00Z,423.855269,2023-08-31T20:00:00Z,434.090069,81.88,9.7811,-31.98,81.88,50.28,9.0,True,9071;9139
SPY,Long,105,2023-08-29T20:00:00Z,425.364061,2023-08-31T20:00:00Z,434.090069,916.23,25.8989,-578.19,916.23,145.31,2.0,True,9129;9139
ACN,Long,196,2023-08-02T20:00:00Z,296.971855,2023-09-01T20:00:00Z,304.930633,1559.92,23.6653,-2676.24,1869.71,2676.24,30.0,True,9031;9140
GILD,Short,810,2023-08-08T20:00:00Z,72.700157,2023-09-01T20:00:00Z,69.573753,2532.39,22.8761,0.0,3510.31,1700.42,24.0,True,9052;9141
GOOGL,Short,469,2023-08-25T20:00:00Z,128.358579,2023-09-01T20:00:00Z,136.094962,-3628.36,24.6729,-3628.36,0.0,3628.36,7.0,False,9117;9142
MSFT,Long,193,2023-08-25T20:00:00Z,314.112966,2023-09-01T20:00:00Z,323.766856,1863.2,24.5777,0.0,1863.2,194.24,7.0,True,9116;9143
SYK,Short,217,2023-08-02T20:00:00Z,270.082572,2023-09-01T20:00:00Z,277.2401,-1553.18,23.541,-1905.13,982.07,2887.19,30.0,False,9040;9144
T,Short,4831,2023-08-02T20:00:00Z,12.202595,2023-09-01T20:00:00Z,12.646637,-2145.16,23.9268,-2145.16,1196.34,3341.5,30.0,False,9042;9145
TXN,Long,394,2023-08-18T20:00:00Z,151.031139,2023-09-01T20:00:00Z,155.996068,1956.18,24.3217,0.0,2212.91,1533.13,14.0,True,9060;9146
WFC,Short,1399,2023-08-02T20:00:00Z,41.608412,2023-09-01T20:00:00Z,38.651657,4136.5,22.4776,-507.31,4565.76,988.6,30.0,True,9033;9147
NKE,Long,637,2023-08-23T20:00:00Z,90.281616,2023-09-01T20:00:00Z,95.108051,3074.44,35.9257,0.0,3306.15,231.71,9.0,True,9073;9159
PCLN,Short,518,2023-08-02T20:00:00Z,112.922785,2023-09-01T20:00:00Z,122.514188,-4968.35,36.2637,-7144.97,1013.83,8158.8,30.0,False,9041;9163
SPY,Long,93,2023-08-29T20:00:00Z,425.364061,2023-09-05T20:00:00Z,433.177106,726.61,8.0301,-512.11,933.96,342.3,7.0,True,9129;9169
SPY,Long,102,2023-08-29T20:00:00Z,425.364061,2023-09-07T20:00:00Z,425.834958,48.03,10.8587,-561.67,1024.34,976.31,9.0,True,9129;9171
SPY,Long,25,2023-09-01T20:00:00Z,435.406658,2023-09-07T20:00:00Z,425.834958,-239.29,29.0512,-388.73,0.0,239.29,6.0,False,9167;9171
SPY,Long,79,2023-09-01T20:00:00Z,435.406658,2023-09-12T20:00:00Z,429.525252,-464.63,6.7719,-1228.39,0.0,756.16,11.0,False,9167;9173
ADP,Short,254,2023-09-01T20:00:00Z,234.754486,2023-09-12T20:00:00Z,228.762148,1522.05,23.6372,0.0,1522.05,75.26,11.0,True,9164;9174
ADI,Short,346,2023-09-01T20:00:00Z,174.254212,2023-09-15T20:00:00Z,171.210012,1053.29,23.811,0.0,2492.9,1525.46,14.0,True,9166;9175
SPY,Long,111,2023-09-01T20:00:00Z,435.406658,2023-09-15T20:00:00Z,431.175518,-469.66,9.4925,-1725.96,0.0,1062.46,14.0,False,9167;9176
SPY,Long,120,2023-09-01T20:00:00Z,435.406658,2023-09-19T20:00:00Z,426.951428,-1014.63,10.2468,-1865.9,0.0,1148.6,18.0,False,9167;9177
INTU,Long,113,2023-09-01T20:00:00Z,532.593709,2023-09-20T20:00:00Z,518.696053,-1570.44,23.6876,-2399.25,913.79,3313.03,19.0,False,9160;9186
NKE,Short,632,2023-09-01T20:00:00Z,95.108051,2023-09-20T20:00:00Z,87.832943,4597.87,11.0868,0.0,4674.5,624.84,19.0,True,9159;9187
PCLN,Long,492,2023-09-01T20:00:00Z,122.514188,2023-09-20T20:00:00Z,122.492307,-10.77,11.7995,-1279.56,1193.63,2473.2,19.0,False,9163;9188
PFE,Long,2049,2023-09-01T20:00:00Z,29.428443,2023-09-20T20:00:00Z,28.09266,-2737.02,23.4505,-3514.2,0.0,3514.2,19.0,False,9158;9189
SPY,Long,123,2023-09-20T20:00:00Z,428.214797,2023-09-20T20:00:00Z,428.214797,0.0,27.4967,0.0,0.0,0.0,0.0,False,9185;9191
AMD,Short,554,2023-08-17T20:00:00Z,107.76,2023-09-25T20:00:00Z,96.13,6443.02,22.3617,-1673.08,6454.1,4974.92,39.0,True,9058;9198
CSCO,Short,1128,2023-09-01T20:00:00Z,53.068144,2023-09-25T20:00:00Z,49.437263,4095.63,23.2023,0.0,4272.8,239.69,24.0,True,9154;9199
MCD,Long,228,2023-09-01T20:00:00Z,262.810175,2023-09-25T20:00:00Z,251.564422,-2564.03,23.3592,-2706.12,470.81,3176.94,24.0,False,9157;9200
MDLZ,Long,915,2023-09-01T20:00:00Z,65.773621,2023-09-25T20:00:00Z,64.471718,-1191.24,23.3886,-1828.81,536.9,2239.87,24.0,False,9165;9201
NVDA,Short,1215,2023-09-01T20:00:00Z,49.61497,2023-09-25T20:00:00Z,41.473675,9891.67,21.9802,0.0,10596.67,1459.66,24.0,True,9149;9202
TMO,Short,108,2023-09-01T20:00:00Z,557.640549,2023-09-25T20:00:00Z,496.402153,6613.75,22.7289,0.0,6613.75,544.43,24.0,True,9156;9203
V,Short,249,2023-09-01T20:00:00Z,241.890145,2023-09-25T20:00:00Z,230.072746,2942.53,23.4366,-87.62,3434.17,873.75,24.0,True,9151;9204
XOM,Long,593,2023-09-01T20:00:00Z,101.669951,2023-09-25T20:00:00Z,104.379338,1606.67,24.6916,0.0,3396.03,2020.42,24.0,True,9152;9205
SPY,Long,79,2023-09-20T20:00:00Z,428.214797,2023-09-25T20:00:00Z,413.903037,-1130.63,57.2744,-1130.63,0.0,1130.63,5.0,False,9185;9206
SPY,Long,608,2023-09-21T20:00:00Z,420.200598,2023-09-25T20:00:00Z,413.903037,-3828.92,85.4535,-3828.92,4872.63,3828.92,4.0,False,9197;9206
SPY,Long,120,2023-09-21T20:00:00Z,420.200598,2023-09-26T20:00:00Z,413.787309,-769.59,9.8573,-1137.61,961.7,1137.61,5.0,False,9197;9210
AMAT,Short,450,2023-09-21T20:00:00Z,131.891587,2023-09-26T20:00:00Z,132.487453,-268.14,23.6728,-690.13,413.2,690.13,5.0,False,9194;9211
UBER,Long,1301,2023-09-07T20:00:00Z,45.5,2023-09-26T20:00:00Z,44.62,-1144.88,23.5585,-1600.23,4475.44,6075.67,19.0,False,9170;9212
LLY,Short,110,2023-09-01T20:00:00Z,544.975856,2023-09-26T20:00:00Z,539.636989,587.28,23.86,-4652.94,679.95,4652.94,25.0,True,9150;9213
LOW,Short,295,2023-09-20T20:00:00Z,205.620749,2023-09-26T20:00:00Z,198.368975,2139.27,23.5292,0.0,2719.93,580.66,6.0,True,9184;9214
UTX,Long,854,2023-09-19T20:00:00Z,70.701979,2023-09-26T20:00:00Z,67.282738,-2920.03,23.7045,-2920.03,0.0,2920.03,7.0,False,9179;9215
AMZN,Short,446,2023-09-21T20:00:00Z,131.8,2023-09-27T20:00:00Z,125.67,2733.98,22.7737,0.0,2733.98,958.9,6.0,True,9192;9217
VFS,Short,3497,2023-09-21T20:00:00Z,16.89,2023-09-27T20:00:00Z,12.61,14967.16,18.8628,0.0,19827.99,4860.83,6.0,True,9195;9218
HD,Short,209,2023-09-21T20:00:00Z,286.471882,2023-09-27T20:00:00Z,280.546155,1238.48,23.5535,0.0,1466.82,228.34,6.0,True,9193;9219
MA,Long,154,2023-08-25T20:00:00Z,393.566388,2023-09-27T20:00:00Z,389.204888,-671.67,24.155,-797.23,2493.05,3290.28,33.0,False,9118;9220
BX,Short,581,2023-09-21T20:00:00Z,102.725181,2023-09-27T20:00:00Z,96.652578,3528.18,22.9945,0.0,3728.89,322.18,6.0,True,9196;9221
NOW,Long,505,2023-09-05T20:00:00Z,118.176,2023-09-27T20:00:00Z,109.912,-4173.32,23.0995,-4671.25,1521.06,6192.31,22.0,False,9168;9222
DE,Long,151,2023-09-01T20:00:00Z,397.920027,2023-09-27T20:00:00Z,366.348974,-4767.23,23.2786,-5077.32,0.0,5077.32,26.0,False,9161;9223
SPY,Long,299,2023-09-21T20:00:00Z,420.200598,2023-09-27T20:00:00Z,411.752416,-2526.01,57.9347,-2834.55,2396.25,2834.55,6.0,False,9197;9224
SPY,Long,23,2023-09-26T20:00:00Z,413.787309,2023-09-27T20:00:00Z,411.752416,-46.8,1.8893,-70.54,331.83,66.77,1.0,False,9216;9224
ABNB,Long,426,2023-09-20T20:00:00Z,142.86,2023-09-29T20:00:00Z,138.05,-2049.06,23.4487,-4541.16,0.0,4541.16,9.0,False,9190;9225
UNH,Short,134,2023-09-01T20:00:00Z,448.078155,2023-09-29T20:00:00Z,478.793303,-4115.83,24.6285,-4169.94,258.22,4428.16,28.0,False,9153;9226
SPY,Short,201,2023-09-27T20:00:00Z,411.752416,2023-09-29T20:00:00Z,416.236896,-901.38,16.573,-901.38,0.0,901.38,2.0,False,9224;9227
AAPL,Long,322,2023-09-01T20:00:00Z,187.040264,2023-10-02T20:00:00Z,168.875938,-5848.91,23.0786,-6080.84,41.3,6122.14,31.0,False,9148;9228
AXP,Long,392,2023-09-01T20:00:00Z,153.857217,2023-10-02T20:00:00Z,143.339954,-4122.77,23.407,-4122.77,1680.91,5803.67,31.0,False,9162;9229
JPM,Long,433,2023-09-19T20:00:00Z,139.951779,2023-10-02T20:00:00Z,135.673654,-1852.43,23.7289,-2322.63,0.0,2322.63,13.0,False,9178;9230
SPY,Short,156,2023-09-27T20:00:00Z,411.752416,2023-10-19T20:00:00Z,415.552169,-592.76,12.831,-1409.69,806.4,2216.09,22.0,False,9224;9238
SPY,Short,26,2023-09-27T20:00:00Z,411.752416,2023-10-20T20:00:00Z,410.710859,27.08,54.4305,-234.95,144.43,369.35,23.0,True,9224;9244
SPY,Short,109,2023-10-02T20:00:00Z,411.443807,2023-10-20T20:00:00Z,410.710859,79.89,8.9838,-1018.61,571.85,1548.42,18.0,True,9236;9244
ABBV,Long,454,2023-10-20T20:00:00Z,132.339126,2023-10-24T20:00:00Z,132.175216,-74.42,24.1882,-248.05,405.15,479.56,4.0,False,9239;9254
GILD,Short,831,2023-10-19T20:00:00Z,71.938455,2023-10-24T20:00:00Z,70.591941,1118.95,23.678,0.0,1141.64,446.07,5.0,True,9237;9255
SPY,Long,179,2023-10-20T20:00:00Z,410.710859,2023-10-24T20:00:00Z,407.557257,-564.49,14.6261,-933.92,0.0,933.92,4.0,False,9244;9256
SPY,Long,356,2023-10-20T20:00:00Z,410.710859,2023-10-26T20:00:00Z,401.577951,-3251.32,89.6788,-4573.13,0.0,4573.13,6.0,False,9244;9257
SPY,Long,771,2023-10-24T20:00:00Z,407.557257,2023-10-26T20:00:00Z,401.577951,-4610.05,62.9985,-7472.73,2431.43,7472.73,2.0,False,9253;9257
ADBE,Short,108,2023-10-20T20:00:00Z,555.74,2023-10-26T20:00:00Z,530.0,2779.92,22.7932,0.0,4477.68,1697.76,6.0,True,9241;9258
ZTS,Short,373,2023-10-20T20:00:00Z,160.887174,2023-10-26T20:00:00Z,155.752068,1915.39,23.2826,0.0,3419.07,1503.67,6.0,True,9243;9259
AVGO,Long,752,2023-10-02T20:00:00Z,80.124556,2023-10-26T20:00:00Z,82.041318,1441.41,24.1938,-935.46,5672.44,5740.14,24.0,True,9232;9260
AMAT,Long,447,2023-10-02T20:00:00Z,135.642614,2023-10-26T20:00:00Z,128.072181,-3383.98,23.6093,-3820.63,2680.99,6501.61,24.0,False,9234;9261
CRM,Short,275,2023-09-01T20:00:00Z,219.313264,2023-10-26T20:00:00Z,193.72181,7037.65,22.5475,-488.43,7353.37,2701.18,55.0,True,9155;9262
FB,Short,193,2023-10-24T20:00:00Z,313.774771,2023-10-26T20:00:00Z,291.508035,4297.48,22.9747,0.0,5434.94,1137.46,2.0,True,9245;9263
KO,Short,1216,2023-10-24T20:00:00Z,51.00143,2023-10-26T20:00:00Z,51.707744,-858.88,24.8562,-858.88,0.0,858.88,2.0,False,9247;9264
LMT,Short,146,2023-10-24T20:00:00Z,414.621635,2023-10-26T20:00:00Z,413.587689,150.96,23.9069,0.0,425.91,274.96,2.0,True,9251;9265
LOW,Long,308,2023-10-02T20:00:00Z,195.308161,2023-10-26T20:00:00Z,176.845772,-5686.42,22.7157,-6255.38,0.0,6255.38,24.0,False,9233;9266
MS,Short,922,2023-10-24T20:00:00Z,65.45091,2023-10-26T20:00:00Z,65.140759,285.96,24.1602,-269.14,294.37,563.51,2.0,True,9248;9267
LRCX,Short,989,2023-10-02T20:00:00Z,61.227898,2023-10-26T20:00:00Z,57.458151,3728.28,23.4599,-2624.75,4283.9,3554.65,24.0,True,9235;9268
DE,Long,167,2023-10-24T20:00:00Z,361.775632,2023-10-26T20:00:00Z,357.268845,-752.63,23.9013,-987.43,0.0,987.43,2.0,False,9249;9269
T,Long,4640,2023-10-24T20:00:00Z,13.244579,2023-10-30T20:00:00Z,13.009623,-1090.2,24.8646,-1615.11,161.51,1615.11,6.0,False,9250;9270
C,Short,1700,2023-10-24T20:00:00Z,35.505926,2023-11-02T20:00:00Z,36.482065,-1659.44,24.9009,-3768.63,1054.6,4823.22,9.0,False,9252;9315
CVX,Short,425,2023-10-24T20:00:00Z,141.919203,2023-11-02T20:00:00Z,127.497057,6129.41,22.8981,0.0,6339.35,1788.21,9.0,True,9246;9316
BX,Short,703,2023-10-20T20:00:00Z,84.698276,2023-11-02T20:00:00Z,89.161903,-3137.93,24.7296,-3763.26,1774.42,5537.68,13.0,False,9242;9317
PEP,Short,418,2023-10-20T20:00:00Z,144.810501,2023-11-02T20:00:00Z,147.834678,-1264.11,24.5192,-2048.08,656.43,2704.51,13.0,False,9240;9318
V,Short,268,2023-10-02T20:00:00Z,224.071188,2023-11-02T20:00:00Z,234.569027,-2813.42,24.8608,-3670.02,112.64,3782.66,31.0,False,9231;9319
NEE,Short,1129,2023-11-02T20:00:00Z,53.532428,2023-11-13T21:00:00Z,50.358171,3583.74,23.632,-888.19,4151.76,888.19,11.0417,True,9298;9346
AAPL,Short,351,2023-11-02T20:00:00Z,173.13829,2023-11-27T21:00:00Z,187.612692,-5080.52,25.4619,-5618.01,0.0,5618.01,25.0417,False,9278;9490
PG,Long,443,2023-10-30T20:00:00Z,137.535331,2023-11-27T21:00:00Z,140.883047,1483.04,24.7585,0.0,2030.94,1326.5,28.0417,True,9271;9491
SPY,Long,163,2023-10-30T20:00:00Z,398.85833,2023-11-27T21:00:00Z,438.466415,6456.12,33.2279,0.0,6558.3,660.23,28.0417,True,9272;9507
SPY,Long,67,2023-11-02T20:00:00Z,411.376298,2023-11-27T21:00:00Z,438.466415,1815.04,17.1987,-838.7,1857.04,220.34,25.0417,True,9321;9507
BA,Short,318,2023-11-02T20:00:00Z,191.0,2023-11-29T21:00:00Z,223.22,-10245.96,26.4856,-10630.74,0.0,10630.74,27.0417,False,9320;9526
NOW,Short,508,2023-11-02T20:00:00Z,120.242,2023-11-29T21:00:00Z,134.508,-7247.13,25.9763,-7896.35,0.0,7896.35,27.0417,False,9299;9527
UPS,Short,512,2023-11-02T20:00:00Z,119.666953,2023-11-29T21:00:00Z,129.121435,-4840.69,25.5362,-5176.66,1010.27,6186.92,27.0417,False,9297;9528
XOM,Long,630,2023-11-02T20:00:00Z,95.943088,2023-11-29T21:00:00Z,95.339035,-380.55,24.2491,-1684.08,1084.66,2768.74,27.0417,False,9283;9529
ACN,Short,192,2023-11-29T21:00:00Z,314.600343,2023-12-01T21:00:00Z,313.473416,216.37,24.2118,-551.74,335.37,887.12,2.0,True,9514;9541
TSLA,Long,293,2023-11-02T20:00:00Z,212.93,2023-12-01T21:00:00Z,233.1,5909.81,26.8001,-864.35,9900.47,3990.66,29.0417,True,9281;9542
ANTM,Short,142,2023-11-02T20:00:00Z,424.392027,2023-12-01T21:00:00Z,455.02708,-4350.18,25.2456,-4984.94,0.0,4984.94,29.0417,False,9304;9543
AXP,Short,424,2023-11-02T20:00:00Z,143.9289,2023-12-01T21:00:00Z,165.505628,-9148.53,26.694,-10419.05,0.0,10419.05,29.0417,False,9303;9544
CI,Long,206,2023-11-02T20:00:00Z,289.007375,2023-12-01T21:00:00Z,249.049612,-8231.3,22.8537,-8443.16,843.54,9286.69,29.0417,False,9308;9545
BMY,Short,1341,2023-11-02T20:00:00Z,44.577109,2023-12-01T21:00:00Z,43.29646,1717.35,23.8147,-2352.53,2752.47,2352.53,29.0417,True,9305;9546
CAT,Short,270,2023-11-02T20:00:00Z,227.776279,2023-12-01T21:00:00Z,242.761561,-4046.03,25.8051,-5307.97,575.03,5883.0,29.0417,False,9300;9547
CME,Short,323,2023-11-03T20:00:00Z,186.873075,2023-12-01T21:00:00Z,192.540429,-1830.56,24.3407,-2043.74,366.68,2410.42,28.0417,False,9323;9548
CVX,Long,463,2023-11-29T21:00:00Z,130.259682,2023-12-01T21:00:00Z,127.897645,-1093.62,23.8303,-1093.62,0.0,1093.62,2.0,False,9513;9549
ADI,Long,397,2023-11-02T20:00:00Z,154.576656,2023-12-01T21:00:00Z,175.238249,8202.65,26.389,0.0,8316.84,973.66,29.0417,True,9309;9550
HD,Short,227,2023-11-02T20:00:00Z,268.96321,2023-12-01T21:00:00Z,292.692552,-5386.56,25.9064,-6573.58,550.67,7124.24,29.0417,False,9286;9551
INTC,Short,1351,2023-11-30T21:00:00Z,44.059915,2023-12-01T21:00:00Z,43.773747,386.61,23.5807,0.0,1213.16,826.55,1.0,True,9532;9552
JPM,Long,460,2023-11-02T20:00:00Z,132.110446,2023-12-01T21:00:00Z,146.944462,6823.65,25.8769,0.0,7266.12,442.47,29.0417,True,9284;9553
MMC,Long,332,2023-11-02T20:00:00Z,181.937214,2023-12-01T21:00:00Z,189.94841,2659.72,24.7807,0.0,3293.74,1575.54,29.0417,True,9307;9554
KO,Short,1165,2023-11-02T20:00:00Z,51.826992,2023-12-01T21:00:00Z,53.876209,-2387.34,24.8347,-2785.88,0.0,2785.88,29.0417,False,9288;9555
MA,Short,162,2023-11-02T20:00:00Z,374.117729,2023-12-01T21:00:00Z,406.177936,-5193.75,25.4046,-5428.02,0.0,5428.02,29.0417,False,9285;9556
PFE,Long,2384,2023-11-30T21:00:00Z,25.329282,2023-12-01T21:00:00Z,24.234549,-2609.84,23.6599,-2789.15,0.0,2789.15,1.0,False,9530;9557
PM,Long,760,2023-11-02T20:00:00Z,79.70895,2023-12-01T21:00:00Z,83.231554,2677.18,25.076,0.0,3361.72,1233.54,29.0417,True,9291;9558
LRCX,Long,996,2023-11-03T20:00:00Z,61.369324,2023-12-01T21:00:00Z,69.453065,8051.41,26.3489,0.0,9058.8,1171.57,28.0417,True,9322;9559
VRTX,Long,170,2023-11-30T21:00:00Z,352.79,2023-12-01T21:00:00Z,355.11,394.4,24.003,-277.1,394.4,277.1,1.0,True,9533;9560
T,Short,4451,2023-11-02T20:00:00Z,13.592663,2023-12-01T21:00:00Z,14.445468,-3795.83,25.1842,-4454.29,154.93,4609.23,29.0417,False,9301;9561
TMO,Long,122,2023-11-30T21:00:00Z,491.123491,2023-12-01T21:00:00Z,487.993928,-381.81,23.969,-381.81,27.79,409.6,1.0,False,9531;9562
TMUS,Short,440,2023-11-02T20:00:00Z,137.047388,2023-12-01T21:00:00Z,142.667351,-2472.78,24.9034,-3291.44,0.0,3291.44,29.0417,False,9290;9563
UNP,Long,310,2023-11-02T20:00:00Z,195.361472,2023-12-01T21:00:00Z,212.86547,5426.24,25.6954,0.0,6575.33,1285.47,29.0417,True,9295;9564
WMT,Short,1133,2023-11-02T20:00:00Z,53.096631,2023-12-01T21:00:00Z,50.157226,3330.35,23.412,-1976.25,3674.36,2144.6,29.0417,True,9282;9565
ADBE,Short,110,2023-11-02T20:00:00Z,550.44,2023-12-01T21:00:00Z,609.24,-6468.0,37.6479,-8016.8,0.0,8016.8,29.0417,False,9289;9567
ABBV,Long,465,2023-11-02T20:00:00Z,128.614726,2023-12-01T21:00:00Z,129.79852,550.46,36.3176,-1541.3,918.85,1930.86,29.0417,True,9287;9569
SPY,Long,140,2023-11-02T20:00:00Z,411.376298,2023-12-05T21:00:00Z,439.07399,3877.68,101.8963,-1752.52,4393.44,515.76,33.0417,True,9321;9597
AMGN,Long,253,2023-11-02T20:00:00Z,240.665179,2023-12-08T21:00:00Z,249.807471,2313.0,24.8745,0.0,2632.3,2127.51,36.0417,True,9292;9598
SPY,Short,71,2023-12-05T21:00:00Z,439.07399,2023-12-08T21:00:00Z,441.147459,-147.22,6.3022,-336.89,35.61,372.49,3.0,False,9597;9599
AMZN,Short,440,2023-11-02T20:00:00Z,138.8,2023-12-12T21:00:00Z,145.5,-2948.0,25.1284,-3929.2,88.0,4017.2,40.0417,False,9280;9602
BA,Long,254,2023-12-05T21:00:00Z,233.54,2023-12-12T21:00:00Z,248.0,3672.84,24.5257,0.0,3832.86,160.02,7.0,True,9588;9603
DIS,Short,668,2023-12-05T21:00:00Z,88.773207,2023-12-12T21:00:00Z,89.646161,-583.13,23.5974,-1011.99,125.13,1037.89,7.0,False,9587;9604
MSFT,Short,178,2023-11-02T20:00:00Z,339.058697,2023-12-12T21:00:00Z,363.088554,-4277.31,25.1657,-6344.27,0.0,6344.27,40.0417,False,9279;9605
ORCL,Short,534,2023-12-05T21:00:00Z,110.38509,2023-12-12T21:00:00Z,98.948667,6107.05,22.1583,-257.25,7079.44,1564.06,7.0,True,9583;9606
DE,Long,167,2023-12-05T21:00:00Z,354.168021,2023-12-12T21:00:00Z,347.590807,-1098.39,23.175,-1349.27,0.0,1349.27,7.0,False,9591;9607
AMD,Long,503,2023-12-05T21:00:00Z,117.45,2023-12-13T21:00:00Z,138.0,10336.65,25.8109,-316.89,10432.22,316.89,8.0,True,9586;9609
PGR,Long,399,2023-12-05T21:00:00Z,149.477778,2023-12-13T21:00:00Z,151.215785,693.46,23.6566,-1043.85,693.46,1671.62,8.0,True,9592;9610
SPY,Short,271,2023-12-05T21:00:00Z,439.07399,2023-12-13T21:00:00Z,447.936865,-2401.84,24.5934,-3977.8,135.9,4113.71,8.0,False,9597;9611
ADBE,Long,97,2023-12-01T21:00:00Z,609.24,2023-12-14T21:00:00Z,593.0,-1575.28,11.342,-2386.2,2368.74,4754.94,13.0,False,9567;9612
SPY,Short,80,2023-12-05T21:00:00Z,439.07399,2023-12-14T21:00:00Z,455.681032,-1328.56,7.2833,-1328.56,40.12,1368.68,9.0,False,9597;9613
GILD,Short,837,2023-12-05T21:00:00Z,71.30159,2023-12-15T21:00:00Z,74.686963,-2833.56,24.3807,-3594.32,243.68,3838.0,10.0,False,9593;9614
GOOGL,Long,442,2023-11-29T21:00:00Z,136.342605,2023-12-15T21:00:00Z,129.943497,-2828.41,23.432,-3664.67,0.0,3664.67,16.0,False,9512;9615
QCOM,Long,579,2023-11-02T20:00:00Z,110.737702,2023-12-15T21:00:00Z,133.702035,13296.35,28.4072,0.0,14149.39,1586.63,43.0417,True,9296;9616
SPY,Short,150,2023-12-05T21:00:00Z,439.07399,2023-12-15T21:00:00Z,454.720489,-2346.97,13.6338,-2491.06,75.22,2566.28,10.0,False,9597;9617
SPY,Short,281,2023-12-05T21:00:00Z,439.07399,2023-12-20T21:00:00Z,458.903608,-5572.12,25.4824,-5822.45,140.92,5963.37,15.0,False,9597;9623
ABBV,Short,461,2023-12-01T21:00:00Z,129.79852,2023-12-26T21:00:00Z,140.461778,-4915.76,12.9816,-5205.42,0.0,5205.42,25.0,False,9569;9630
SPY,Short,164,2023-12-05T21:00:00Z,439.07399,2023-12-27T21:00:00Z,460.365763,-3491.85,16.9799,-3663.36,82.24,3745.6,22.0,False,9597;9655
SPY,Short,20,2023-12-12T21:00:00Z,445.178669,2023-12-27T21:00:00Z,460.365763,-303.74,21.3943,-324.66,132.12,324.66,15.0,False,9608;9655
PLD,Long,546,2023-12-05T21:00:00Z,108.046145,2023-12-27T21:00:00Z,122.314361,7790.45,25.1526,-24.79,8982.83,2883.68,22.0,True,9590;9656
C,Long,1363,2023-12-05T21:00:00Z,43.498545,2023-12-27T21:00:00Z,47.222767,5076.11,24.7281,0.0,5529.56,1083.24,22.0,True,9595;9657
COST,Long,103,2023-12-05T21:00:00Z,576.260195,2023-12-27T21:00:00Z,652.551942,7858.05,25.532,0.0,8273.88,2007.15,22.0,True,9584;9658
CSCO,Long,1296,2023-12-26T21:00:00Z,46.658324,2023-12-27T21:00:00Z,46.807213,192.96,24.2938,0.0,361.8,168.84,1.0,True,9634;9659
CVS,Short,968,2023-12-05T21:00:00Z,63.124222,2023-12-27T21:00:00Z,70.760652,-7392.06,26.0925,-7679.39,0.0,7679.39,22.0,False,9596;9660
ADI,Short,320,2023-12-22T21:00:00Z,189.476297,2023-12-27T21:00:00Z,190.674786,-383.52,24.3272,-530.79,0.0,530.79,5.0,False,9628;9661
FB,Short,172,2023-12-22T21:00:00Z,352.206684,2023-12-27T21:00:00Z,352.592984,-66.44,24.2339,-383.33,127.78,511.1,5.0,False,9625;9662
PX,Long,152,2023-12-26T21:00:00Z,396.495249,2023-12-27T21:00:00Z,394.926605,-238.43,24.1034,-238.43,71.9,310.33,1.0,False,9633;9663
IBM,Long,455,2023-11-02T20:00:00Z,132.895798,2023-12-27T21:00:00Z,150.41849,7972.82,25.9113,0.0,8631.47,1954.96,55.0417,True,9293;9664
ETN,Short,262,2023-12-20T21:00:00Z,230.173256,2023-12-27T21:00:00Z,232.156008,-519.48,24.0618,-719.67,174.85,894.52,7.0,False,9622;9665
LOW,Short,333,2023-11-02T20:00:00Z,183.855943,2023-12-27T21:00:00Z,210.797735,-8971.62,26.3224,-9940.07,1132.49,11072.57,55.0417,False,9302;9666
MCD,Short,222,2023-12-05T21:00:00Z,268.137243,2023-12-27T21:00:00Z,273.704915,-1236.02,24.1425,-1948.55,211.89,2160.44,22.0,False,9585;9667
MDT,Long,932,2023-11-02T20:00:00Z,64.865052,2023-12-27T21:00:00Z,75.637122,10039.57,26.4371,-758.02,10603.76,2836.19,55.0417,True,9306;9668
MS,Long,707,2023-12-26T21:00:00Z,85.512018,2023-12-27T21:00:00Z,85.585886,52.23,24.3499,0.0,685.45,633.23,1.0,True,9636;9669
NEE,Long,1096,2023-12-26T21:00:00Z,55.037338,2023-12-27T21:00:00Z,55.175669,151.61,24.4174,0.0,909.67,758.05,1.0,True,9637;9670
NFLX,Long,1241,2023-12-26T21:00:00Z,48.939,2023-12-27T21:00:00Z,49.124,229.58,24.3976,0.0,297.84,68.26,1.0,True,9632;9671
NVDA,Long,1235,2023-12-22T21:00:00Z,49.0511,2023-12-27T21:00:00Z,49.355208,375.57,24.196,0.0,375.57,0.0,5.0,True,9624;9672
VRTX,Short,149,2023-12-20T21:00:00Z,404.0,2023-12-27T21:00:00Z,408.65,-692.85,24.0873,-692.85,502.13,1194.98,7.0,False,9621;9673
T,Long,4180,2023-12-20T21:00:00Z,14.419361,2023-12-27T21:00:00Z,14.323638,-400.12,24.0,-400.12,72.75,472.87,7.0,False,9620;9674
REGN,Long,73,2023-12-05T21:00:00Z,810.164621,2023-12-27T21:00:00Z,839.735566,2158.68,24.5196,0.0,4216.84,2482.66,22.0,True,9594;9675
TJX,Long,681,2023-12-26T21:00:00Z,88.731755,2023-12-27T21:00:00Z,89.552273,558.77,24.3967,0.0,558.77,0.0,1.0,True,9638;9676
TXN,Long,455,2023-11-02T20:00:00Z,134.235355,2023-12-27T21:00:00Z,158.574427,11074.28,26.8463,-703.73,11078.49,2932.91,55.0417,True,9294;9677
UNH,Short,123,2023-12-26T21:00:00Z,489.877829,2023-12-27T21:00:00Z,489.755331,15.07,24.1729,-337.27,15.07,337.27,1.0,True,9631;9678
XOM,Short,642,2023-12-20T21:00:00Z,94.644064,2023-12-27T21:00:00Z,93.308988,857.12,23.8279,0.0,1080.2,258.31,7.0,True,9618;9679
SBUX,Short,655,2023-12-05T21:00:00Z,90.800871,2023-12-27T21:00:00Z,89.22505,1032.16,23.3098,-470.28,1630.7,1044.38,22.0,True,9589;9680
SPY,Short,219,2023-12-12T21:00:00Z,445.178669,2023-12-27T21:00:00Z,460.365763,-3325.97,63.7671,-3555.0,1446.75,3555.0,15.0,False,9608;9681
SPY,Short,312,2023-12-22T21:00:00Z,458.758361,2023-12-27T21:00:00Z,460.365763,-501.51,28.6193,-827.79,6297.99,827.79,5.0,False,9629;9681
SPY,Short,160,2023-12-26T21:00:00Z,459.097271,2023-12-27T21:00:00Z,460.365763,-202.96,55.4537,-370.28,3283.96,370.28,1.0,False,9639;9681
SPGI,Long,150,2023-12-26T21:00:00Z,402.036591,2023-12-29T21:00:00Z,408.818778,1017.33,24.3368,0.0,1017.33,183.2,3.0,True,9635;9682
SPY,Short,136,2023-12-26T21:00:00Z,459.097271,2023-12-29T21:00:00Z,461.37281,-309.47,12.5188,-338.45,2791.37,338.45,3.0,False,9639;9683
PEP,Long,399,2023-12-22T21:00:00Z,150.978381,2024-01-03T21:00:00Z,158.239305,2897.11,36.6831,0.0,2897.11,3.61,12.0,True,9626;9692
UPS,Long,450,2023-12-22T21:00:00Z,134.643524,2024-01-03T21:00:00Z,134.021436,-279.94,36.2755,-444.83,130.38,456.34,12.0,False,9627;9702
AMT,Short,302,2024-01-03T21:00:00Z,199.32045,2024-02-01T21:00:00Z,178.92926,6158.14,22.8657,0.0,6158.14,954.86,29.0,True,9717;9874
BMY,Short,1309,2024-01-03T21:00:00Z,46.20862,2024-02-01T21:00:00Z,43.284279,3827.96,23.3164,-179.29,3955.73,778.22,29.0,True,9716;9875
COST,Long,94,2024-01-03T21:00:00Z,641.237891,2024-02-01T21:00:00Z,684.377204,4055.1,24.9952,-264.72,5026.56,1394.89,29.0,True,9689;9876
FB,Short,176,2024-01-03T21:00:00Z,341.875631,2024-02-01T21:00:00Z,390.044288,-8477.68,25.7747,-9739.84,0.0,9739.84,29.0,False,9685;9877
GS,Short,165,2024-01-03T21:00:00Z,362.005673,2024-02-01T21:00:00Z,362.524333,-85.58,23.8264,-774.88,1084.52,1549.76,29.0,False,9705;9878
LOW,Short,292,2024-01-03T21:00:00Z,204.971715,2024-02-01T21:00:00Z,202.812912,630.37,23.9887,-1374.07,1424.58,2798.65,29.0,True,9703;9879
MA,Long,145,2024-01-03T21:00:00Z,414.352846,2024-02-01T21:00:00Z,448.308861,4923.62,25.117,-253.9,5769.4,845.78,29.0,True,9687;9880
NEE,Short,1067,2024-01-03T21:00:00Z,56.356094,2024-02-01T21:00:00Z,53.84769,2676.47,23.9583,-1781.03,4191.82,2853.59,29.0,True,9706;9881
PCLN,Short,445,2024-01-03T21:00:00Z,135.293218,2024-02-01T21:00:00Z,140.36224,-2255.71,24.2306,-2677.54,945.55,3623.09,29.0,False,9707;9882
NOW,Short,440,2024-01-03T21:00:00Z,135.152,2024-02-01T21:00:00Z,153.818,-8213.04,25.4549,-9810.24,342.32,10152.56,29.0,False,9697;9883
VRTX,Short,147,2024-01-03T21:00:00Z,412.43,2024-02-01T21:00:00Z,434.0,-3170.79,24.8307,-4946.55,0.0,4946.55,29.0,False,9715;9884
SCHW,Short,909,2024-01-03T21:00:00Z,64.852948,2024-02-01T21:00:00Z,60.630952,3837.79,22.6623,-455.63,4389.81,1454.51,29.0,True,9709;9885
DE,Long,156,2024-01-03T21:00:00Z,383.343661,2024-02-01T21:00:00Z,381.855211,-232.2,23.7334,-2715.51,205.06,2920.57,29.0,False,9714;9886
SYK,Long,209,2024-01-03T21:00:00Z,288.142878,2024-02-01T21:00:00Z,327.604204,8247.42,25.8995,0.0,9284.21,1489.88,29.0,True,9713;9887
T,Short,4032,2024-01-03T21:00:00Z,15.072018,2024-02-01T21:00:00Z,16.016091,-3806.5,24.9741,-3806.5,2861.57,6668.07,29.0,False,9712;9888
UNH,Short,119,2024-01-03T21:00:00Z,512.521063,2024-02-01T21:00:00Z,478.598615,4036.77,23.5292,-169.32,5663.81,2056.51,29.0,True,9686;9889
UPS,Short,449,2024-01-03T21:00:00Z,134.021436,2024-02-01T21:00:00Z,121.008736,5842.7,10.8949,-1511.37,5880.96,2104.44,29.0,True,9702;9890
UTX,Short,749,2024-01-03T21:00:00Z,81.110502,2024-02-01T21:00:00Z,87.012553,-4420.64,25.2701,-4754.67,326.93,5081.6,29.0,False,9710;9891
PEP,Short,387,2024-01-03T21:00:00Z,158.239305,2024-02-02T21:00:00Z,154.947927,1273.76,11.9657,0.0,3460.86,2306.07,30.0,True,9692;9933
CVX,Long,447,2023-12-20T21:00:00Z,135.625518,2024-02-02T21:00:00Z,135.482905,-63.75,36.6975,-4115.75,99.61,4215.35,44.0,False,9619;9940
AMD,Long,437,2024-01-03T21:00:00Z,135.5,2024-02-02T21:00:00Z,174.0,16824.5,40.0749,0.0,19590.71,5523.68,30.0,True,9691;9942
ACN,Short,185,2024-01-03T21:00:00Z,321.671807,2024-02-02T21:00:00Z,351.49004,-5516.37,37.051,-5591.35,1026.77,6618.12,30.0,False,9693;9945
ABT,Short,583,2024-01-03T21:00:00Z,104.043366,2024-02-02T21:00:00Z,107.26073,-1875.72,36.4537,-2810.95,0.0,2810.95,30.0,False,9696;9947
AMAT,Short,400,2024-01-03T21:00:00Z,148.513288,2024-02-02T21:00:00Z,162.423866,-5564.23,37.3464,-8782.95,1061.16,9844.11,30.0,False,9701;9954
UBER,Short,1037,2024-01-03T21:00:00Z,57.61,2024-02-02T21:00:00Z,66.98,-9716.69,38.6828,-10847.02,31.11,10878.13,30.0,False,9704;9955
HON,Long,310,2024-01-03T21:00:00Z,195.003517,2024-02-02T21:00:00Z,184.187631,-3352.92,35.3529,-3688.8,0.0,3688.8,30.0,False,9699;9957
BLK,Short,80,2024-01-03T21:00:00Z,746.129294,2024-02-02T21:00:00Z,735.056137,885.85,35.8537,-981.52,1363.43,1703.16,30.0,True,9711;9962
REGN,Long,67,2024-01-03T21:00:00Z,898.32269,2024-02-02T21:00:00Z,962.150359,4276.45,36.7126,-272.8,4276.45,1125.03,30.0,True,9719;9965
