symbol,direction,quantity,entry_utc,entry_price,exit_utc,exit_price,profit_loss,total_fees,mae,mfe,end_trade_drawdown,duration_days,is_win,order_ids
CAT,Short,388,2013-01-02T21:00:00Z,66.84011,2013-01-04T21:00:00Z,67.634548,-308.24,10.4647,-424.87,0.0,424.87,2.0,False,11;18
SBUX,Long,1214,2013-01-02T21:00:00Z,20.924516,2013-01-04T21:00:00Z,21.265344,413.76,10.293,0.0,492.8,79.03,2.0,True,16;19
UNP,Short,535,2013-01-02T21:00:00Z,47.58999,2013-01-04T21:00:00Z,47.727052,-73.33,10.2798,-479.6,0.0,479.6,2.0,False,10;20
CVS,Short,722,2013-01-04T21:00:00Z,34.573792,2013-01-07T21:00:00Z,34.462822,80.12,10.018,-95.14,80.12,95.14,3.0,True,22;30
AIG,Short,950,2013-01-02T21:00:00Z,26.990944,2013-01-07T21:00:00Z,26.797674,183.61,10.2269,0.0,268.35,84.74,5.0,True,12;40
BMY,Short,1162,2013-01-04T21:00:00Z,21.531248,2013-01-07T21:00:00Z,21.434435,112.5,10.0122,-30.0,112.5,30.0,3.0,True,23;41
C,Short,860,2013-01-02T21:00:00Z,30.032726,2013-01-07T21:00:00Z,31.131484,-944.93,10.5467,-944.93,0.0,944.93,5.0,False,5;42
F,Short,3719,2013-01-02T21:00:00Z,6.860419,2013-01-07T21:00:00Z,7.000217,-519.91,10.2479,-616.18,0.0,616.18,5.0,False,13;43
HON,Short,554,2013-01-02T21:00:00Z,45.748484,2013-01-07T21:00:00Z,46.833008,-600.83,10.2981,-718.64,0.0,718.64,5.0,False,14;44
QCOM,Long,581,2013-01-02T21:00:00Z,43.9758,2013-01-07T21:00:00Z,43.816718,-92.43,10.3486,-92.43,349.61,442.04,5.0,False,7;45
TXN,Short,1136,2013-01-04T21:00:00Z,22.019376,2013-01-07T21:00:00Z,21.861112,179.79,9.9696,0.0,179.79,0.0,3.0,True,25;46
APA,Short,408,2013-01-07T21:00:00Z,60.085591,2013-01-08T21:00:00Z,58.816384,517.84,9.5916,0.0,595.66,77.83,1.0,True,37;56
BIIB,Short,168,2013-01-04T21:00:00Z,148.02,2013-01-08T21:00:00Z,145.53,418.32,9.7544,0.0,609.84,191.52,4.0,True,27;57
BK,Short,1261,2013-01-07T21:00:00Z,19.172615,2013-01-08T21:00:00Z,19.389663,-273.7,9.7455,-273.7,0.0,273.7,1.0,False,54;58
EBAY,Long,1316,2013-01-02T21:00:00Z,19.463345,2013-01-08T21:00:00Z,19.838211,493.32,10.3862,0.0,522.63,434.71,6.0,True,9;59
KFT,Short,1256,2013-01-04T21:00:00Z,19.868054,2013-01-08T21:00:00Z,19.75631,140.35,9.9967,0.0,140.35,9.36,4.0,True,24;60
PCLN,Short,982,2013-01-07T21:00:00Z,25.319711,2013-01-08T21:00:00Z,25.699507,-372.96,10.0899,-372.96,0.0,372.96,1.0,False,36;61
UNH,Short,600,2013-01-07T21:00:00Z,41.353005,2013-01-08T21:00:00Z,41.392798,-23.88,9.8837,-23.88,267.41,291.29,1.0,False,33;62
VZ,Short,1138,2013-01-07T21:00:00Z,21.861943,2013-01-08T21:00:00Z,22.071851,-238.88,9.9237,-238.88,375.14,614.02,1.0,False,47;63
SPY,Long,249,2013-01-02T21:00:00Z,115.032675,2013-01-08T21:00:00Z,115.381067,86.75,26.8461,0.0,230.68,181.39,6.0,True,17;70
EPD,Short,2286,2013-01-08T21:00:00Z,10.919254,2013-01-09T21:00:00Z,10.843269,173.7,9.9376,0.0,173.7,0.0,1.0,True,67;71
F,Short,3582,2013-01-08T21:00:00Z,6.932907,2013-01-09T21:00:00Z,6.94844,-55.64,9.952,-166.92,0.0,166.92,1.0,False,66;72
MRK,Short,950,2013-01-08T21:00:00Z,26.229683,2013-01-09T21:00:00Z,26.31666,-82.63,10.0062,-218.37,0.0,218.37,1.0,False,64;73
PNC,Short,619,2013-01-07T21:00:00Z,40.067557,2013-01-09T21:00:00Z,39.336034,452.81,9.9784,0.0,452.81,0.0,2.0,True,53;74
USB,Short,1176,2013-01-07T21:00:00Z,21.077648,2013-01-09T21:00:00Z,21.064909,14.98,9.9164,-134.84,89.89,224.73,2.0,True,32;75
UTX,Short,783,2013-01-02T21:00:00Z,32.394944,2013-01-09T21:00:00Z,32.589088,-152.02,10.2489,-471.25,0.0,471.25,7.0,False,8;76
YUM,Long,474,2013-01-07T21:00:00Z,52.235017,2013-01-09T21:00:00Z,50.204142,-962.64,9.69,-1074.28,0.0,1074.28,2.0,False,38;77
SPY,Long,542,2013-01-02T21:00:00Z,115.032675,2013-01-09T21:00:00Z,115.515673,261.78,12.5305,0.0,502.11,394.82,7.0,True,17;88
ABT,Long,982,2013-01-07T21:00:00Z,25.284065,2013-01-11T21:00:00Z,25.989177,692.42,10.0593,0.0,692.42,256.88,4.0,True,48;89
AMT,Long,438,2013-01-09T21:00:00Z,56.955437,2013-01-11T21:00:00Z,57.814948,376.47,10.0719,0.0,402.21,25.74,2.0,True,87;90
FB,Long,852,2013-01-08T21:00:00Z,29.230045,2013-01-11T21:00:00Z,30.983253,1493.73,10.2587,0.0,1865.06,371.32,3.0,True,65;92
SPY,Long,121,2013-01-02T21:00:00Z,115.032675,2013-01-11T21:00:00Z,116.442079,170.54,10.2243,0.0,171.5,88.14,9.0,True,17;110
SPY,Long,318,2013-01-04T21:00:00Z,115.579017,2013-01-11T21:00:00Z,116.442079,274.45,23.6788,-173.74,276.97,110.79,7.0,True,28;110
BA,Long,400,2013-01-09T21:00:00Z,62.84487,2013-01-11T21:00:00Z,63.599008,301.66,10.1839,0.0,700.51,646.88,2.0,True,82;111
BAX,Short,851,2013-01-09T21:00:00Z,29.15651,2013-01-11T21:00:00Z,29.288943,-112.7,9.986,-254.48,0.0,254.48,2.0,False,85;112
BIIB,Long,172,2013-01-09T21:00:00Z,145.1,2013-01-11T21:00:00Z,143.99,-190.92,9.9027,-225.32,0.0,225.32,2.0,False,86;113
COP,Long,682,2013-01-09T21:00:00Z,36.555196,2013-01-11T21:00:00Z,36.411622,-97.92,9.9212,-123.46,0.0,123.46,2.0,False,79;114
CVS,Short,719,2013-01-09T21:00:00Z,34.684761,2013-01-11T21:00:00Z,35.544771,-618.35,10.1309,-643.28,0.0,643.28,2.0,False,80;115
PSX,Short,765,2013-01-08T21:00:00Z,32.402659,2013-01-11T21:00:00Z,32.567043,-125.75,9.8833,-125.75,324.06,449.81,3.0,False,69;116
IBM,Long,229,2013-01-02T21:00:00Z,110.29982,2013-01-11T21:00:00Z,110.248674,-11.71,10.1717,-230.35,153.56,383.91,9.0,False,1;117
MDT,Short,812,2013-01-08T21:00:00Z,30.642765,2013-01-11T21:00:00Z,31.047173,-328.38,10.0449,-506.97,0.0,506.97,3.0,False,68;118
SO,Short,1025,2013-01-07T21:00:00Z,24.208229,2013-01-11T21:00:00Z,23.806683,411.58,9.7596,0.0,535.62,124.04,4.0,True,34;119
TJX,Short,1342,2013-01-07T21:00:00Z,18.497671,2013-01-11T21:00:00Z,18.202074,396.69,9.858,0.0,519.61,257.01,4.0,True,35;120
ORCL,Short,887,2013-01-04T21:00:00Z,28.209383,2013-01-11T21:00:00Z,28.626996,-370.42,15.0827,-370.42,29.05,399.48,7.0,False,21;124
KO,Long,1032,2013-01-11T21:00:00Z,24.142083,2013-01-11T21:00:00Z,24.142083,0.0,14.9528,0.0,0.0,0.0,0.0,False,100;125
AMZN,Short,1990,2013-01-02T21:00:00Z,12.788428,2013-01-15T21:00:00Z,13.502249,-1420.5,10.507,-1624.0,0.0,1624.0,13.0,False,6;147
APA,Long,421,2013-01-11T21:00:00Z,59.095169,2013-01-15T21:00:00Z,58.552271,-228.56,9.9448,-228.56,0.0,228.56,4.0,False,107;148
BLK,Short,160,2013-01-07T21:00:00Z,155.037617,2013-01-15T21:00:00Z,157.231277,-350.99,10.0482,-634.74,389.73,1024.47,8.0,False,52;149
COF,Short,525,2013-01-04T21:00:00Z,47.674543,2013-01-15T21:00:00Z,47.886326,-111.19,10.1846,-864.78,0.0,864.78,11.0,False,26;150
FB,Short,805,2013-01-11T21:00:00Z,30.983253,2013-01-15T21:00:00Z,30.329514,526.26,9.8586,0.0,940.89,414.63,4.0,True,127;151
DE,Long,356,2013-01-11T21:00:00Z,69.955716,2013-01-15T21:00:00Z,69.597807,-127.42,9.9357,-127.42,0.0,127.42,4.0,False,106;152
ABBV,Short,1245,2013-01-07T21:00:00Z,19.852676,2013-01-15T21:00:00Z,19.830184,28.0,10.0563,-623.82,318.46,942.27,8.0,True,50;153
KMI,Short,1358,2013-01-07T21:00:00Z,18.322859,2013-01-15T21:00:00Z,18.402785,-108.54,10.0615,-447.72,0.0,447.72,8.0,False,51;154
HAL,Long,866,2013-01-11T21:00:00Z,28.745016,2013-01-15T21:00:00Z,28.034781,-615.06,9.841,-628.58,0.0,628.58,4.0,False,131;155
HPQ,Long,5221,2013-01-11T21:00:00Z,4.84478,2013-01-15T21:00:00Z,4.932867,459.9,10.0228,0.0,689.85,643.86,4.0,True,109;156
KFT,Short,1252,2013-01-09T21:00:00Z,19.957449,2013-01-15T21:00:00Z,20.48637,-662.21,10.2148,-858.07,0.0,858.07,6.0,False,83;157
MA,Short,512,2013-01-11T21:00:00Z,48.722622,2013-01-15T21:00:00Z,48.185067,275.23,9.9449,0.0,275.23,0.0,4.0,True,102;158
MO,Short,1793,2013-01-11T21:00:00Z,13.945916,2013-01-15T21:00:00Z,13.984217,-68.67,10.028,-167.87,0.0,167.87,4.0,False,128;159
SBUX,Short,1195,2013-01-11T21:00:00Z,21.104504,2013-01-15T21:00:00Z,20.890051,256.27,10.0211,0.0,288.31,32.03,4.0,True,105;160
QCOM,Long,557,2013-01-11T21:00:00Z,44.805793,2013-01-15T21:00:00Z,44.079549,-404.52,14.9666,-404.52,0.0,404.52,4.0,False,101;163
AMT,Short,431,2013-01-11T21:00:00Z,57.814948,2013-01-15T21:00:00Z,57.778217,15.83,15.0345,-196.31,15.83,196.31,4.0,True,132;171
BK,Long,1285,2013-01-11T21:00:00Z,19.339019,2013-01-15T21:00:00Z,19.295609,-55.78,14.9576,-55.78,46.48,102.27,4.0,False,108;172
AIG,Short,957,2013-01-15T21:00:00Z,25.86849,2013-01-16T21:00:00Z,25.734687,128.05,10.0134,-526.42,128.05,526.42,1.0,True,145;174
AMGN,Short,417,2013-01-15T21:00:00Z,59.323703,2013-01-16T21:00:00Z,58.416423,378.34,9.7106,0.0,570.37,192.03,1.0,True,143;175
AMT,Long,431,2013-01-15T21:00:00Z,57.778217,2013-01-16T21:00:00Z,58.218992,189.97,4.9836,0.0,189.97,0.0,1.0,True,171;176
BA,Long,388,2013-01-15T21:00:00Z,63.892285,2013-01-16T21:00:00Z,61.839352,-796.54,9.8368,-796.54,0.0,796.54,1.0,False,144;177
BIIB,Long,173,2013-01-15T21:00:00Z,141.58,2013-01-16T21:00:00Z,142.82,214.52,9.8897,0.0,214.52,0.0,1.0,True,168;178
EPD,Short,2232,2013-01-15T21:00:00Z,11.180068,2013-01-16T21:00:00Z,11.175961,9.17,9.9513,0.0,110.01,100.84,1.0,True,166;179
MCD,Long,392,2013-01-11T21:00:00Z,63.934113,2013-01-16T21:00:00Z,63.39843,-209.99,9.972,-218.17,0.0,218.17,5.0,False,126;180
MSFT,Long,1178,2013-01-11T21:00:00Z,21.19845,2013-01-16T21:00:00Z,21.774626,678.73,10.1565,0.0,678.73,160.26,5.0,True,122;181
PCLN,Short,963,2013-01-15T21:00:00Z,25.725295,2013-01-16T21:00:00Z,25.831575,-102.35,10.018,-355.96,0.0,355.96,1.0,False,170;182
PEP,Short,530,2013-01-15T21:00:00Z,46.940978,2013-01-16T21:00:00Z,47.053103,-59.43,10.0004,-101.37,0.0,101.37,1.0,False,162;183
KO,Short,1032,2013-01-11T21:00:00Z,24.142083,2013-01-16T21:00:00Z,24.325275,-189.05,10.0305,-283.58,0.0,283.58,5.0,False,125;184
ORCL,Long,873,2013-01-11T21:00:00Z,28.626996,2013-01-16T21:00:00Z,28.356776,-235.9,9.9305,-235.9,7.15,243.05,5.0,False,124;185
ABT,Short,983,2013-01-16T21:00:00Z,25.473702,2013-01-17T21:00:00Z,25.235198,234.45,9.9043,0.0,249.57,15.13,1.0,True,186;192
BAX,Short,858,2013-01-15T21:00:00Z,29.053982,2013-01-17T21:00:00Z,28.528524,450.84,9.8401,0.0,546.14,245.58,2.0,True,167;193
DIS,Long,554,2013-01-16T21:00:00Z,44.784955,2013-01-17T21:00:00Z,45.719261,517.61,10.1509,0.0,781.29,263.69,1.0,True,187;194
FDX,Short,469,2013-01-15T21:00:00Z,53.037301,2013-01-17T21:00:00Z,54.01567,-458.85,10.0695,-458.85,0.0,458.85,2.0,False,173;195
GS,Short,237,2013-01-15T21:00:00Z,104.59782,2013-01-17T21:00:00Z,108.87626,-1013.99,10.1348,-1034.12,0.0,1034.12,2.0,False,164;196
HON,Short,527,2013-01-15T21:00:00Z,46.981864,2013-01-17T21:00:00Z,47.492229,-268.96,10.0256,-384.77,0.0,384.77,2.0,False,165;197
LVS,Short,702,2013-01-09T21:00:00Z,35.709544,2013-01-17T21:00:00Z,35.369454,238.74,9.9594,-52.52,315.14,210.09,8.0,True,84;198
MS,Short,1706,2013-01-16T21:00:00Z,14.844658,2013-01-17T21:00:00Z,14.751565,158.82,10.0665,0.0,158.82,0.0,1.0,True,190;199
ORCL,Short,878,2013-01-16T21:00:00Z,28.356776,2013-01-17T21:00:00Z,28.438661,-71.9,4.9766,-71.9,14.38,86.27,1.0,False,185;200
PFE,Long,1875,2013-01-02T21:00:00Z,13.516297,2013-01-17T21:00:00Z,14.184423,1252.74,10.4872,0.0,1332.28,238.62,15.0,True,4;201
QCOM,Short,561,2013-01-15T21:00:00Z,44.079549,2013-01-17T21:00:00Z,44.992542,-512.19,5.0536,-539.35,0.0,539.35,2.0,False,163;202
AIG,Short,945,2013-01-17T21:00:00Z,26.440867,2013-01-18T21:00:00Z,26.247597,182.64,9.8766,0.0,337.18,154.54,1.0,True,209;216
BMY,Long,1126,2013-01-17T21:00:00Z,22.215394,2013-01-18T21:00:00Z,22.105673,-123.55,9.9898,-123.55,29.07,152.62,1.0,False,206;217
EOG,Long,566,2013-01-15T21:00:00Z,43.842409,2013-01-18T21:00:00Z,44.712115,492.25,10.0808,0.0,556.29,64.03,3.0,True,146;218
ABBV,Short,1194,2013-01-17T21:00:00Z,21.094939,2013-01-18T21:00:00Z,21.565546,-561.9,10.3376,-920.12,0.0,920.12,1.0,False,207;219
HD,Long,543,2013-01-07T21:00:00Z,45.242808,2013-01-18T21:00:00Z,47.236682,1082.67,10.1039,0.0,1208.66,125.98,11.0,True,49;220
PCLN,Short,956,2013-01-17T21:00:00Z,26.279359,2013-01-18T21:00:00Z,26.122674,149.79,10.0305,-5.98,149.79,5.98,1.0,True,211;221
PEP,Short,529,2013-01-17T21:00:00Z,47.28395,2013-01-18T21:00:00Z,47.633517,-184.92,10.1114,-279.13,0.0,279.13,1.0,False,203;222
UNP,Short,515,2013-01-09T21:00:00Z,48.341976,2013-01-18T21:00:00Z,48.927266,-301.42,10.0493,-379.64,0.0,379.64,9.0,False,81;223
INTC,Short,1578,2013-01-17T21:00:00Z,15.820133,2013-01-18T21:00:00Z,15.269432,869.01,14.5906,0.0,981.86,112.86,1.0,True,204;225
CSCO,Long,1787,2013-01-15T21:00:00Z,13.929421,2013-01-18T21:00:00Z,13.856178,-130.88,15.0026,-130.88,130.88,261.77,3.0,False,161;227
AMGN,Short,430,2013-01-17T21:00:00Z,57.804697,2013-01-22T21:00:00Z,56.361298,620.66,9.8851,0.0,620.66,360.57,5.0,True,205;236
BA,Long,395,2013-01-18T21:00:00Z,62.978939,2013-01-22T21:00:00Z,62.099111,-347.53,9.8765,-347.53,0.0,347.53,4.0,False,229;237
CSCO,Short,1789,2013-01-18T21:00:00Z,13.856178,2013-01-22T21:00:00Z,13.922762,-119.12,4.972,-119.12,0.0,119.12,4.0,False,227;238
FCX,Short,912,2013-01-17T21:00:00Z,27.655502,2013-01-22T21:00:00Z,27.160227,451.69,10.0931,-415.26,713.96,1129.23,5.0,True,212;239
GM,Short,1149,2013-01-17T21:00:00Z,21.831738,2013-01-22T21:00:00Z,21.609495,255.36,9.8943,0.0,715.0,459.64,5.0,True,210;240
PSX,Long,715,2013-01-18T21:00:00Z,34.906357,2013-01-22T21:00:00Z,34.925324,13.56,9.9163,-271.23,13.56,271.23,4.0,True,233;241
HPQ,Short,4967,2013-01-18T21:00:00Z,4.988656,2013-01-22T21:00:00Z,5.056189,-335.44,10.0223,-379.19,0.0,379.19,4.0,False,234;242
INTC,Long,1538,2013-01-18T21:00:00Z,15.269432,2013-01-22T21:00:00Z,15.226521,-66.0,4.6573,-197.99,0.0,197.99,4.0,False,225;243
OXY,Long,472,2013-01-18T21:00:00Z,52.922653,2013-01-22T21:00:00Z,52.852089,-33.31,10.0633,-33.31,333.06,366.37,4.0,False,228;244
SPY,Long,259,2013-01-04T21:00:00Z,115.579017,2013-01-22T21:00:00Z,117.455582,486.03,6.1154,-141.5,641.89,155.86,18.0,True,28;259
FB,Long,850,2013-01-22T21:00:00Z,29.467768,2013-01-24T21:00:00Z,30.943632,1254.48,10.408,0.0,1254.48,0.0,2.0,True,246;261
UNP,Short,509,2013-01-22T21:00:00Z,49.068032,2013-01-24T21:00:00Z,49.805201,-375.22,10.0898,-544.92,0.0,544.92,2.0,False,249;268
WMT,Long,1427,2013-01-11T21:00:00Z,17.519506,2013-01-24T21:00:00Z,17.839205,456.21,10.1038,-65.69,470.81,131.39,13.0,True,121;270
AXP,Short,501,2013-01-22T21:00:00Z,49.796537,2013-01-24T21:00:00Z,49.387958,204.7,9.9174,0.0,330.02,154.57,2.0,True,248;285
BLK,Short,151,2013-01-18T21:00:00Z,166.126994,2013-01-24T21:00:00Z,169.146838,-456.0,10.1149,-456.0,0.0,456.0,6.0,False,232;286
CAT,Short,366,2013-01-11T21:00:00Z,67.670333,2013-01-24T21:00:00Z,68.772526,-403.4,10.0479,-830.38,0.0,830.38,13.0,False,103;287
COP,Long,677,2013-01-16T21:00:00Z,36.798647,2013-01-24T21:00:00Z,37.260581,312.73,10.0826,0.0,617.01,304.28,8.0,True,188;288
DE,Long,353,2013-01-22T21:00:00Z,70.803806,2013-01-24T21:00:00Z,71.94756,403.75,10.2117,0.0,615.23,211.49,2.0,True,254;289
EMR,Short,642,2013-01-22T21:00:00Z,38.962217,2013-01-24T21:00:00Z,39.783794,-527.45,10.1995,-585.56,0.0,585.56,2.0,False,253;290
ABBV,Long,1143,2013-01-22T21:00:00Z,21.859675,2013-01-24T21:00:00Z,22.247925,443.77,9.9351,0.0,443.77,228.61,2.0,True,250;291
HON,Short,523,2013-01-18T21:00:00Z,47.846648,2013-01-24T21:00:00Z,48.45625,-318.82,10.0874,-333.65,0.0,333.65,6.0,False,231;292
JPM,Short,774,2013-01-11T21:00:00Z,32.122405,2013-01-24T21:00:00Z,32.338976,-167.63,10.0046,-459.62,43.26,502.88,13.0,False,123;293
KFT,Short,1209,2013-01-16T21:00:00Z,20.545966,2013-01-24T21:00:00Z,20.806702,-315.23,10.0243,-450.33,18.01,450.33,8.0,False,189;294
MO,Long,1765,2013-01-22T21:00:00Z,14.120399,2013-01-24T21:00:00Z,14.128911,15.02,9.999,-127.69,172.76,157.74,2.0,True,247;295
PEP,Long,522,2013-01-22T21:00:00Z,47.745643,2013-01-24T21:00:00Z,47.429053,-165.26,9.9452,-199.69,0.0,199.69,2.0,False,245;296
PG,Long,542,2013-01-02T21:00:00Z,46.438268,2013-01-24T21:00:00Z,48.191088,950.03,10.2951,-47.67,961.12,212.68,22.0,True,3;297
PNC,Short,601,2013-01-18T21:00:00Z,41.763941,2013-01-24T21:00:00Z,41.456016,185.06,9.9532,0.0,221.27,36.21,6.0,True,235;298
TJX,Short,1353,2013-01-17T21:00:00Z,18.485181,2013-01-24T21:00:00Z,18.593427,-146.46,10.0808,-264.75,0.0,264.75,7.0,False,213;299
UNH,Short,584,2013-01-17T21:00:00Z,42.785557,2013-01-24T21:00:00Z,44.568289,-1041.12,10.2829,-1143.37,0.0,1143.37,7.0,False,208;300
VZ,Short,1155,2013-01-09T21:00:00Z,21.427381,2013-01-24T21:00:00Z,21.387414,46.16,9.8775,-398.15,796.3,825.15,15.0,True,78;301
QCOM,Short,554,2013-01-18T21:00:00Z,44.77121,2013-01-24T21:00:00Z,44.224798,302.71,14.8543,-61.31,302.71,80.47,6.0,True,226;303
NOV,Short,474,2013-01-22T21:00:00Z,52.731006,2013-01-24T21:00:00Z,53.42636,-329.6,15.1431,-329.6,0.0,329.6,2.0,False,258;312
SPY,Long,444,2013-01-04T21:00:00Z,115.579017,2013-01-24T21:00:00Z,118.073186,1107.41,14.4812,-242.58,1212.88,267.18,20.0,True,28;314
SPY,Long,168,2013-01-07T21:00:00Z,115.499837,2013-01-24T21:00:00Z,118.073186,432.32,10.4679,-78.48,472.23,101.1,17.0,True,39;314
AMZN,Short,1871,2013-01-24T21:00:00Z,13.466833,2013-01-25T21:00:00Z,13.717742,-469.45,10.4084,-1308.49,0.0,1308.49,1.0,False,273;315
BIIB,Long,174,2013-01-24T21:00:00Z,144.98,2013-01-25T21:00:00Z,146.94,341.04,10.1828,0.0,341.04,0.0,1.0,True,310;316
BMY,Long,1111,2013-01-24T21:00:00Z,22.551013,2013-01-25T21:00:00Z,23.170617,688.38,10.4003,0.0,1254.86,566.48,1.0,True,276;317
C,Long,826,2013-01-18T21:00:00Z,30.230502,2013-01-25T21:00:00Z,31.600287,1131.44,10.2326,0.0,1131.44,0.0,7.0,True,224;318
COF,Short,559,2013-01-22T21:00:00Z,44.670373,2013-01-25T21:00:00Z,44.709592,-21.92,9.8638,-21.92,311.31,333.24,3.0,False,257;319
DOW,Short,659,2013-01-24T21:00:00Z,38.108366,2013-01-25T21:00:00Z,38.509389,-264.27,10.132,-271.62,0.0,271.62,1.0,False,280;320
EPD,Short,2193,2013-01-24T21:00:00Z,11.422399,2013-01-25T21:00:00Z,11.307394,252.2,9.9414,-9.01,252.2,9.01,1.0,True,278;321
FDX,Short,464,2013-01-24T21:00:00Z,54.053507,2013-01-25T21:00:00Z,54.983227,-431.39,10.248,-644.58,0.0,644.58,1.0,False,313;322
GILD,Long,954,2013-01-24T21:00:00Z,26.377609,2013-01-25T21:00:00Z,26.752969,358.09,10.2714,0.0,670.61,312.52,1.0,True,305;323
KMI,Short,1333,2013-01-24T21:00:00Z,18.817397,2013-01-25T21:00:00Z,18.762448,73.25,9.9189,0.0,279.67,206.42,1.0,True,282;324
GOOG,Long,1362,2013-01-24T21:00:00Z,18.340478,2013-01-25T21:00:00Z,18.592331,343.02,10.1693,0.0,440.84,97.81,1.0,True,271;325
LLY,Short,615,2013-01-11T21:00:00Z,40.645235,2013-01-25T21:00:00Z,40.500509,89.01,9.9613,-192.07,449.72,454.4,14.0,True,104;326
MET,Short,2301,2013-01-24T21:00:00Z,10.88186,2013-01-25T21:00:00Z,10.794526,200.96,9.9782,-180.86,200.96,180.86,1.0,True,281;327
MSFT,Long,1132,2013-01-24T21:00:00Z,22.15074,2013-01-25T21:00:00Z,22.086721,-72.47,10.057,-72.47,181.18,253.65,1.0,False,272;328
OXY,Long,470,2013-01-24T21:00:00Z,53.378108,2013-01-25T21:00:00Z,53.53848,75.37,10.0978,0.0,256.27,180.9,1.0,True,275;329
PFE,Long,1771,2013-01-24T21:00:00Z,14.248055,2013-01-25T21:00:00Z,14.263962,28.17,10.114,0.0,122.08,93.91,1.0,True,302;330
QCOM,Long,557,2013-01-24T21:00:00Z,44.224798,2013-01-25T21:00:00Z,44.390797,92.46,4.9051,-107.87,92.46,107.87,1.0,True,303;331
PCLN,Short,952,2013-01-24T21:00:00Z,26.251226,2013-01-25T21:00:00Z,26.648214,-377.93,15.6949,-1747.57,0.0,1747.57,1.0,False,284;343
NOV,Long,469,2013-01-24T21:00:00Z,53.42636,2013-01-25T21:00:00Z,53.918902,231.0,10.0447,0.0,231.0,0.0,1.0,True,312;346
AIG,Short,923,2013-01-24T21:00:00Z,27.199081,2013-01-28T21:00:00Z,27.541021,-315.61,10.1393,-480.28,0.0,480.28,4.0,False,306;348
COP,Long,663,2013-01-25T21:00:00Z,37.703788,2013-01-28T21:00:00Z,37.965967,173.82,10.0826,0.0,173.82,0.0,3.0,True,337;349
GS,Long,223,2013-01-25T21:00:00Z,111.409344,2013-01-28T21:00:00Z,111.826376,93.0,9.9412,-18.94,93.0,18.94,3.0,True,338;350
HAL,Long,853,2013-01-22T21:00:00Z,29.353789,2013-01-28T21:00:00Z,31.359618,1710.97,10.4136,0.0,1777.55,66.57,6.0,True,255;351
PSX,Long,712,2013-01-24T21:00:00Z,35.089709,2013-01-28T21:00:00Z,36.038079,675.24,10.1925,0.0,715.75,40.51,4.0,True,283;352
KFT,Short,1206,2013-01-25T21:00:00Z,20.732206,2013-01-28T21:00:00Z,20.769454,-44.92,9.9886,-44.92,17.97,62.89,3.0,False,340;353
KO,Long,1022,2013-01-16T21:00:00Z,24.325275,2013-01-28T21:00:00Z,24.240222,-86.92,4.9494,-113.67,347.7,461.37,12.0,False,184;354
PCLN,Long,942,2013-01-25T21:00:00Z,26.648214,2013-01-28T21:00:00Z,28.054865,1325.06,5.1897,0.0,1325.06,0.0,3.0,True,343;355
PG,Long,520,2013-01-25T21:00:00Z,49.043605,2013-01-28T21:00:00Z,50.325791,666.74,10.428,0.0,666.74,0.0,3.0,True,333;356
SCCO,Long,1018,2013-01-15T21:00:00Z,24.461552,2013-01-28T21:00:00Z,24.541052,80.93,9.9458,-385.98,1220.19,1606.17,13.0,True,169;357
TGT,Short,607,2013-01-25T21:00:00Z,41.247379,2013-01-28T21:00:00Z,41.001225,149.42,9.9074,0.0,351.33,201.91,3.0,True,342;358
WMT,Long,1401,2013-01-25T21:00:00Z,17.895472,2013-01-28T21:00:00Z,17.672961,-311.74,9.9147,-311.74,0.0,311.74,3.0,False,332;359
BIIB,Long,171,2013-01-28T21:00:00Z,149.64,2013-01-29T21:00:00Z,149.66,3.42,10.3937,0.0,731.88,728.46,1.0,True,369;372
CSCO,Long,1787,2013-01-25T21:00:00Z,14.01598,2013-01-29T21:00:00Z,13.949396,-118.99,9.9782,-321.26,11.9,333.16,4.0,False,335;373
CVS,Long,694,2013-01-28T21:00:00Z,35.799883,2013-01-29T21:00:00Z,35.792916,-4.83,9.9284,-24.17,0.0,24.17,1.0,False,364;374
PNC,Short,604,2013-01-25T21:00:00Z,41.549732,2013-01-29T21:00:00Z,41.101234,270.89,10.0174,0.0,270.89,0.0,4.0,True,345;375
UPS,Short,516,2013-01-15T21:00:00Z,47.991605,2013-01-29T21:00:00Z,50.094094,-1084.88,10.1596,-1182.37,0.0,1182.37,14.0,False,142;376
AMGN,Long,426,2013-01-29T21:00:00Z,58.423296,2013-01-30T21:00:00Z,59.674242,532.9,10.0707,0.0,532.9,0.0,1.0,True,379;382
AMT,Short,431,2013-01-17T21:00:00Z,57.851679,2013-01-30T21:00:00Z,57.888411,-15.83,9.8672,-364.12,569.92,585.75,13.0,False,214;383
BA,Short,402,2013-01-24T21:00:00Z,62.425904,2013-01-30T21:00:00Z,62.367249,23.58,10.0994,-178.53,286.32,316.64,6.0,True,277;384
BMY,Short,1058,2013-01-28T21:00:00Z,23.306156,2013-01-30T21:00:00Z,23.570779,-279.97,9.9738,-348.26,0.0,348.26,2.0,False,365;385
FB,Short,779,2013-01-29T21:00:00Z,31.706328,2013-01-30T21:00:00Z,30.705909,779.33,9.5726,0.0,779.33,0.0,1.0,True,378;386
F,Short,3389,2013-01-18T21:00:00Z,7.295344,2013-01-30T21:00:00Z,6.780579,1744.54,9.5159,-140.38,1903.63,388.88,12.0,True,230;387
GM,Short,1182,2013-01-24T21:00:00Z,21.179824,2013-01-30T21:00:00Z,20.950172,271.45,9.9333,-420.31,569.17,420.31,6.0,True,309;388
HPQ,Long,5026,2013-01-28T21:00:00Z,5.003337,2013-01-30T21:00:00Z,4.853589,-752.63,9.8639,-944.48,0.0,944.48,2.0,False,370;389
LVS,Short,703,2013-01-22T21:00:00Z,35.417066,2013-01-30T21:00:00Z,34.893326,368.19,10.053,-573.8,473.39,573.8,8.0,True,252;390
MO,Long,1759,2013-01-25T21:00:00Z,14.265093,2013-01-30T21:00:00Z,14.299139,59.89,10.0534,0.0,134.74,74.86,5.0,True,339;391
SBUX,Short,1200,2013-01-24T21:00:00Z,20.993448,2013-01-30T21:00:00Z,21.353423,-431.97,10.1623,-914.49,0.0,914.49,6.0,False,308;392
T,Long,2141,2013-01-02T21:00:00Z,11.877774,2013-01-30T21:00:00Z,12.104194,484.76,10.3383,-571.01,731.86,1302.87,28.0,True,2;393
TJX,Short,1340,2013-01-29T21:00:00Z,18.718327,2013-01-30T21:00:00Z,18.88486,-223.15,10.1279,-312.42,0.0,312.42,1.0,False,381;394
VZ,Short,1175,2013-01-25T21:00:00Z,21.337455,2013-01-30T21:00:00Z,21.667184,-387.43,10.1296,-528.32,0.0,528.32,5.0,False,334;395
SPY,Long,285,2013-01-07T21:00:00Z,115.499837,2013-01-30T21:00:00Z,119.276722,1076.41,46.3688,-133.14,1080.93,171.5,23.0,True,39;407
SPY,Long,124,2013-01-07T21:00:00Z,115.499837,2013-01-30T21:00:00Z,119.276722,468.33,2.8654,-57.93,470.3,74.62,23.0,True,55;407
SPY,Long,270,2013-01-16T21:00:00Z,116.220375,2013-01-30T21:00:00Z,119.276722,825.21,6.2874,-320.68,829.49,162.48,14.0,True,191;407
SPY,Long,671,2013-01-17T21:00:00Z,116.917158,2013-01-30T21:00:00Z,119.276722,1583.27,15.7232,-1264.49,1593.89,403.79,13.0,True,215;407
SPY,Long,201,2013-01-25T21:00:00Z,118.674954,2013-01-30T21:00:00Z,119.276722,120.96,4.7825,-732.1,124.14,92.31,5.0,True,347;407
SPY,Long,400,2013-01-28T21:00:00Z,119.031264,2013-01-30T21:00:00Z,119.276722,98.18,19.2735,-1599.44,104.52,183.7,2.0,True,371;407
APA,Long,401,2013-01-30T21:00:00Z,62.814736,2013-01-31T21:00:00Z,61.851636,-386.2,9.9133,-492.34,0.0,492.34,1.0,False,403;408
BK,Short,1290,2013-01-15T21:00:00Z,19.295609,2013-01-31T21:00:00Z,19.77452,-617.79,5.0943,-720.96,587.98,1308.94,16.0,False,172;409
CL,Short,656,2013-01-02T21:00:00Z,38.382555,2013-01-31T21:00:00Z,39.526862,-750.67,10.2182,-1414.85,0.0,1414.85,29.0,False,15;410
COF,Long,577,2013-01-30T21:00:00Z,43.501648,2013-01-31T21:00:00Z,44.246808,429.96,10.2176,0.0,429.96,0.0,1.0,True,404;411
COP,Short,654,2013-01-30T21:00:00Z,38.490324,2013-01-31T21:00:00Z,36.929737,1020.62,9.7237,0.0,1494.19,473.57,1.0,True,398;412
CSCO,Long,1820,2013-01-30T21:00:00Z,13.88947,2013-01-31T21:00:00Z,13.689718,-363.55,9.9734,-363.55,0.0,363.55,1.0,False,397;413
DUK,Short,652,2013-01-25T21:00:00Z,38.459671,2013-01-31T21:00:00Z,38.635002,-114.32,10.079,-272.88,136.44,409.32,6.0,False,341;414
EMR,Short,626,2013-01-28T21:00:00Z,40.166732,2013-01-31T21:00:00Z,39.783794,239.72,9.9845,0.0,239.72,17.43,3.0,True,367;415
JNJ,Short,492,2013-01-28T21:00:00Z,50.949116,2013-01-31T21:00:00Z,50.997324,-23.72,9.9983,-145.7,20.33,145.7,3.0,False,361;416
KMB,Long,484,2013-01-25T21:00:00Z,52.217716,2013-01-31T21:00:00Z,52.635458,202.19,10.1538,-202.19,580.57,378.38,6.0,True,344;417
MSFT,Long,1123,2013-01-28T21:00:00Z,22.406818,2013-01-31T21:00:00Z,22.18275,-251.63,9.9555,-476.3,8.99,485.28,3.0,False,360;418
ORCL,Long,865,2013-01-28T21:00:00Z,28.995479,2013-01-31T21:00:00Z,28.889028,-92.08,10.0664,-92.08,262.07,354.15,3.0,False,362;419
LLY,Short,608,2013-01-30T21:00:00Z,41.285078,2013-01-31T21:00:00Z,41.132734,92.62,14.978,0.0,236.19,143.57,1.0,True,400;424
FDX,Long,454,2013-01-30T21:00:00Z,55.145388,2013-01-31T21:00:00Z,54.534583,-277.31,14.9886,-277.31,0.0,277.31,1.0,False,405;434
DHR,Short,754,2013-01-31T21:00:00Z,33.272532,2013-02-01T21:00:00Z,33.478296,-155.15,10.0971,-268.36,0.0,268.36,1.0,False,428;438
DIS,Short,526,2013-01-24T21:00:00Z,47.623128,2013-02-01T21:00:00Z,47.728898,-55.64,10.0644,-259.63,111.27,370.9,8.0,False,304;439
EOG,Long,557,2013-01-22T21:00:00Z,44.941916,2013-02-01T21:00:00Z,44.627266,-175.26,10.0469,-576.98,291.44,576.98,10.0,False,256;440
F,Short,3740,2013-01-31T21:00:00Z,6.702342,2013-02-01T21:00:00Z,6.832737,-487.68,10.132,-487.68,0.0,487.68,1.0,False,426;441
FDX,Short,459,2013-01-31T21:00:00Z,54.534583,2013-02-01T21:00:00Z,54.858904,-148.86,5.0991,-463.96,0.0,463.96,1.0,False,434;442
HON,Short,514,2013-01-30T21:00:00Z,48.846111,2013-02-01T21:00:00Z,48.775228,36.43,10.0435,-87.44,244.11,331.55,2.0,True,402;443
HPQ,Long,5230,2013-01-31T21:00:00Z,4.806609,2013-02-01T21:00:00Z,4.897633,476.05,10.1261,0.0,476.05,0.0,1.0,True,433;444
KO,Long,1026,2013-01-31T21:00:00Z,24.51501,2013-02-01T21:00:00Z,24.534637,20.14,10.0395,0.0,46.99,26.85,1.0,True,422;445
NEE,Long,2029,2013-01-31T21:00:00Z,12.413381,2013-02-01T21:00:00Z,12.490965,157.42,10.0999,0.0,157.42,0.0,1.0,True,435;446
NKE,Short,1136,2013-01-31T21:00:00Z,22.165446,2013-02-01T21:00:00Z,22.425924,-295.9,10.1218,-295.9,0.0,295.9,1.0,False,427;447
OXY,Long,465,2013-01-28T21:00:00Z,54.199211,2013-02-01T21:00:00Z,56.643276,1136.49,10.2326,0.0,1136.49,175.99,4.0,True,363;448
PG,Short,491,2013-01-31T21:00:00Z,51.028265,2013-02-01T21:00:00Z,51.362452,-164.09,10.1184,-368.36,0.0,368.36,1.0,False,421;449
UNP,Short,518,2013-01-31T21:00:00Z,48.623508,2013-02-01T21:00:00Z,49.101371,-247.53,15.3172,-518.09,0.0,518.09,1.0,False,425;458
USB,Short,1164,2013-01-11T21:00:00Z,21.389768,2013-02-01T21:00:00Z,21.287852,118.63,15.0095,0.0,607.98,489.35,21.0,True,129;459
LLY,Long,610,2013-01-31T21:00:00Z,41.132734,2013-02-01T21:00:00Z,40.904219,-139.39,10.1231,-139.39,92.93,232.32,1.0,False,424;460
ABT,Long,985,2013-01-31T21:00:00Z,25.489089,2013-02-01T21:00:00Z,26.073807,575.95,15.3065,0.0,575.95,0.0,1.0,True,423;463
ABT,Short,969,2013-02-01T21:00:00Z,26.073807,2013-02-04T21:00:00Z,25.68143,380.21,4.995,0.0,380.21,0.0,3.0,True,463;477
BLK,Short,149,2013-02-01T21:00:00Z,166.682532,2013-02-04T21:00:00Z,166.518719,24.41,10.0045,-47.75,24.41,47.75,3.0,True,468;478
C,Long,815,2013-01-30T21:00:00Z,30.765231,2013-02-04T21:00:00Z,31.007026,197.06,10.0498,-29.85,615.06,483.68,5.0,True,396;479
DUK,Short,648,2013-02-01T21:00:00Z,39.013943,2013-02-04T21:00:00Z,38.85558,102.62,10.056,0.0,230.89,128.27,3.0,True,465;480
KMI,Long,1334,2013-02-01T21:00:00Z,19.055214,2013-02-04T21:00:00Z,18.868547,-249.01,9.97,-800.88,0.0,800.88,3.0,False,469;481
PSX,Short,658,2013-02-01T21:00:00Z,39.199314,2013-02-04T21:00:00Z,39.174024,16.64,10.3148,0.0,324.49,307.85,3.0,True,471;482
INTC,Long,1676,2013-02-01T21:00:00Z,15.176457,2013-02-04T21:00:00Z,15.212217,59.93,10.1935,-71.92,59.93,71.92,3.0,True,452;483
JNJ,Short,495,2013-02-01T21:00:00Z,51.066193,2013-02-04T21:00:00Z,50.776944,143.18,10.1104,0.0,143.18,0.0,3.0,True,450;484
MET,Short,2287,2013-01-28T21:00:00Z,11.015773,2013-02-04T21:00:00Z,10.997695,41.34,9.9928,-239.68,392.81,632.49,7.0,True,368;485
NOV,Short,468,2013-01-25T21:00:00Z,53.918902,2013-02-04T21:00:00Z,51.427217,1166.11,4.7573,0.0,1447.47,281.36,10.0,True,346;486
PCLN,Long,941,2013-02-01T21:00:00Z,27.082713,2013-02-04T21:00:00Z,26.642744,-414.01,10.0366,-508.51,0.0,508.51,3.0,False,474;487
PEP,Long,523,2013-01-29T21:00:00Z,47.791812,2013-02-04T21:00:00Z,47.805003,6.9,10.0305,-3.45,258.71,262.16,6.0,True,377;488
WMT,Long,1411,2013-01-31T21:00:00Z,17.836647,2013-02-04T21:00:00Z,17.721556,-162.39,10.0742,-162.39,270.66,433.05,4.0,False,420;489
TJX,Long,1329,2013-01-31T21:00:00Z,18.93482,2013-02-04T21:00:00Z,18.80992,-165.99,15.0236,-165.99,0.0,165.99,4.0,False,432;503
AMT,Long,445,2013-01-31T21:00:00Z,56.61751,2013-02-05T21:00:00Z,56.419162,-88.27,9.9955,-199.41,0.0,199.41,5.0,False,436;506
FB,Long,822,2013-02-01T21:00:00Z,30.705909,2013-02-05T21:00:00Z,27.981998,-2239.06,9.505,-2353.04,0.0,2353.04,4.0,False,454;507
DHR,Short,747,2013-02-04T21:00:00Z,33.472735,2013-02-05T21:00:00Z,33.556153,-62.31,10.0233,-203.56,0.0,203.56,1.0,False,499;508
FCX,Long,894,2013-01-24T21:00:00Z,27.855209,2013-02-05T21:00:00Z,28.36646,457.06,10.0481,-214.25,614.17,278.52,12.0,True,311;509
ABBV,Long,1165,2013-02-01T21:00:00Z,21.624371,2013-02-05T21:00:00Z,21.994974,431.75,10.1948,0.0,431.75,54.83,4.0,True,462;510
GS,Long,221,2013-01-30T21:00:00Z,113.370939,2013-02-05T21:00:00Z,114.567975,264.55,10.1585,0.0,622.96,406.2,6.0,True,399;511
MSFT,Long,1124,2013-02-04T21:00:00Z,22.326794,2013-02-05T21:00:00Z,22.086721,-269.84,9.8816,-359.79,0.0,359.79,1.0,False,491;512
PG,Short,485,2013-02-04T21:00:00Z,51.696638,2013-02-05T21:00:00Z,51.492034,99.23,9.9861,0.0,99.23,0.0,1.0,True,492;513
SCCO,Long,1041,2013-01-29T21:00:00Z,24.051821,2013-02-05T21:00:00Z,24.339244,299.21,10.1081,-82.76,451.99,152.79,7.0,True,380;514
SO,Short,1026,2013-02-04T21:00:00Z,24.405271,2013-02-05T21:00:00Z,24.449765,-45.65,9.9794,-45.65,142.66,188.31,1.0,False,501;515
TJX,Short,1332,2013-02-04T21:00:00Z,18.80992,2013-02-05T21:00:00Z,18.914004,-138.64,10.1233,-244.0,0.0,244.0,1.0,False,503;522
APA,Long,400,2013-02-04T21:00:00Z,62.314806,2013-02-05T21:00:00Z,61.785468,-211.74,15.0429,-211.74,141.16,352.89,1.0,False,502;523
BMY,Short,1081,2013-02-01T21:00:00Z,23.532053,2013-02-06T21:00:00Z,23.538508,-6.98,10.2506,-62.79,0.0,62.79,5.0,False,461;528
DOW,Long,692,2013-02-04T21:00:00Z,36.114388,2013-02-06T21:00:00Z,35.936156,-123.34,9.9687,-123.34,84.79,208.13,2.0,False,500;529
EPD,Short,2194,2013-01-28T21:00:00Z,11.500437,2013-02-06T21:00:00Z,11.428598,157.61,10.1145,-567.26,166.73,567.26,9.0,True,366;530
KMI,Short,1361,2013-02-05T21:00:00Z,18.530527,2013-02-06T21:00:00Z,18.792871,-357.05,10.2514,-370.78,0.0,370.78,1.0,False,521;531
HAL,Short,794,2013-02-01T21:00:00Z,31.991806,2013-02-06T21:00:00Z,31.687419,241.68,10.0875,0.0,421.4,179.71,5.0,True,470;532
MCD,Short,384,2013-01-24T21:00:00Z,65.061135,2013-02-06T21:00:00Z,65.875094,-312.56,10.065,-649.16,0.0,649.16,13.0,False,274;533
MET,Short,2306,2013-02-05T21:00:00Z,11.012324,2013-02-06T21:00:00Z,10.848484,377.81,10.1443,0.0,377.81,0.0,1.0,True,520;534
NOV,Long,494,2013-02-05T21:00:00Z,50.74635,2013-02-06T21:00:00Z,49.181803,-772.89,9.646,-1248.78,0.0,1248.78,1.0,False,526;535
JPM,Short,767,2013-02-01T21:00:00Z,33.128413,2013-02-06T21:00:00Z,33.813058,-525.12,15.3363,-734.1,0.0,734.1,5.0,False,451;536
WFC,Long,1032,2013-01-11T21:00:00Z,23.862329,2013-02-06T21:00:00Z,23.922655,62.26,14.942,-119.78,303.53,262.56,26.0,True,99;537
LLY,Short,616,2013-02-01T21:00:00Z,40.904219,2013-02-06T21:00:00Z,41.079414,-107.92,10.0645,-187.69,70.38,258.07,5.0,False,460;539
USB,Long,1196,2013-02-01T21:00:00Z,21.287852,2013-02-06T21:00:00Z,21.007581,-335.2,10.212,-350.44,144.75,479.95,5.0,False,459;540
APA,Short,408,2013-02-05T21:00:00Z,61.785468,2013-02-06T21:00:00Z,62.153064,-149.98,10.0855,-254.96,0.0,254.96,1.0,False,523;545
TJX,Long,1333,2013-02-05T21:00:00Z,18.914004,2013-02-06T21:00:00Z,18.926494,16.65,10.044,0.0,16.65,0.0,1.0,True,522;546
SPY,Long,309,2013-01-28T21:00:00Z,119.031264,2013-02-06T21:00:00Z,119.189624,48.93,7.3977,-1235.56,232.43,428.17,9.0,True,371;550
ACN,Short,444,2013-02-04T21:00:00Z,55.585665,2013-02-07T21:00:00Z,55.37096,95.33,9.9258,-296.2,95.33,296.2,3.0,True,497;551
COP,Long,684,2013-02-04T21:00:00Z,36.499015,2013-02-07T21:00:00Z,36.049565,-307.42,9.8768,-375.74,0.0,375.74,3.0,False,495;552
CSCO,Short,1788,2013-02-06T21:00:00Z,14.009322,2013-02-07T21:00:00Z,14.115857,-190.48,10.0695,-190.48,0.0,190.48,1.0,False,538;553
EMR,Short,621,2013-02-04T21:00:00Z,40.299019,2013-02-07T21:00:00Z,39.902156,246.45,9.9411,0.0,419.4,242.13,3.0,True,498;554
GM,Long,1185,2013-02-06T21:00:00Z,21.031661,2013-02-07T21:00:00Z,21.246497,254.58,10.0059,0.0,254.58,0.0,1.0,True,542;555
PSX,Short,650,2013-02-06T21:00:00Z,38.390038,2013-02-07T21:00:00Z,39.066542,-439.73,10.2724,-1043.84,0.0,1043.84,1.0,False,543;556
JNJ,Short,492,2013-02-05T21:00:00Z,51.307234,2013-02-07T21:00:00Z,51.575822,-132.15,10.144,-301.56,0.0,301.56,2.0,False,517;557
SLB,Long,450,2013-02-04T21:00:00Z,55.343022,2013-02-07T21:00:00Z,55.315039,-12.59,9.9133,-349.44,324.25,673.69,3.0,False,494;558
UNP,Long,517,2013-02-01T21:00:00Z,49.101371,2013-02-07T21:00:00Z,49.279181,91.93,5.056,-107.25,132.15,237.48,6.0,True,458;559
WMT,Long,1410,2013-02-05T21:00:00Z,17.885241,2013-02-07T21:00:00Z,18.271438,544.54,10.2416,0.0,544.54,28.85,2.0,True,516;560
MO,Long,1759,2013-02-01T21:00:00Z,14.452344,2013-02-07T21:00:00Z,14.541713,157.2,15.3834,-52.4,479.09,321.89,6.0,True,456;567
USB,Short,1189,2013-02-06T21:00:00Z,21.007581,2013-02-07T21:00:00Z,21.427987,-499.86,10.0839,-499.86,0.0,499.86,1.0,False,540;568
LLY,Long,609,2013-02-06T21:00:00Z,41.079414,2013-02-07T21:00:00Z,41.018477,-37.11,9.9873,-69.58,0.0,69.58,1.0,False,539;569
COF,Short,560,2013-02-06T21:00:00Z,44.505653,2013-02-07T21:00:00Z,45.34517,-470.13,15.0699,-470.13,0.0,470.13,1.0,False,547;573
APA,Long,400,2013-02-06T21:00:00Z,62.153064,2013-02-07T21:00:00Z,62.594179,176.45,9.8627,-235.26,176.45,235.26,1.0,True,545;574
BEN,Long,929,2013-02-06T21:00:00Z,26.757743,2013-02-11T21:00:00Z,27.002484,227.36,10.0513,0.0,241.69,14.32,5.0,True,549;575
BK,Short,1277,2013-02-01T21:00:00Z,19.83995,2013-02-11T21:00:00Z,20.232532,-501.33,10.2642,-594.17,92.84,687.0,10.0,False,475;576
DHR,Short,744,2013-02-06T21:00:00Z,33.506102,2013-02-11T21:00:00Z,33.800844,-219.29,10.0219,-231.7,33.1,264.8,5.0,False,541;577
GILD,Short,924,2013-01-30T21:00:00Z,27.278474,2013-02-11T21:00:00Z,27.913174,-586.46,10.1212,-586.46,327.91,914.38,12.0,False,401;580
PEP,Short,522,2013-02-07T21:00:00Z,48.029254,2013-02-11T21:00:00Z,47.765429,137.72,9.9961,0.0,158.37,20.66,4.0,True,562;583
MO,Short,1726,2013-02-07T21:00:00Z,14.541713,2013-02-11T21:00:00Z,14.784288,-418.68,10.1154,-426.03,0.0,426.03,4.0,False,567;587
COF,Long,556,2013-02-07T21:00:00Z,45.34517,2013-02-11T21:00:00Z,44.811328,-296.82,9.8735,-528.16,0.0,528.16,4.0,False,573;593
AIG,Short,884,2013-02-05T21:00:00Z,28.574274,2013-02-11T21:00:00Z,28.879046,-269.42,10.2773,-663.69,0.0,663.69,6.0,False,519;596
AXP,Long,514,2013-02-01T21:00:00Z,49.471342,2013-02-11T21:00:00Z,51.447527,1015.76,10.4482,0.0,1200.05,184.29,10.0,True,457;597
CL,Short,642,2013-02-01T21:00:00Z,39.724241,2013-02-11T21:00:00Z,39.567069,100.9,10.2373,-354.34,100.9,354.34,10.0,True,464;598
FB,Long,871,2013-02-07T21:00:00Z,28.833839,2013-02-11T21:00:00Z,28.298962,-465.88,9.8197,-733.33,0.0,733.33,4.0,False,566;599
DOW,Long,691,2013-02-07T21:00:00Z,36.158946,2013-02-11T21:00:00Z,36.092109,-46.18,9.9574,-46.18,15.39,61.58,4.0,False,571;600
FDX,Short,449,2013-02-05T21:00:00Z,56.031865,2013-02-11T21:00:00Z,57.302123,-570.35,10.2458,-800.91,0.0,800.91,6.0,False,525;601
KMB,Short,472,2013-02-01T21:00:00Z,53.638038,2013-02-11T21:00:00Z,53.852877,-101.4,10.1635,-312.66,163.37,476.03,10.0,False,473;602
LLY,Short,610,2013-02-07T21:00:00Z,41.018477,2013-02-11T21:00:00Z,40.751876,162.63,5.0089,-23.23,162.63,83.64,4.0,True,569;603
MET,Short,2280,2013-02-07T21:00:00Z,10.994769,2013-02-11T21:00:00Z,10.792896,460.27,9.8511,0.0,460.27,0.0,4.0,True,570;604
NKE,Short,1132,2013-02-04T21:00:00Z,22.16958,2013-02-11T21:00:00Z,22.905534,-833.1,10.1919,-833.1,0.0,833.1,7.0,False,496;605
CSCO,Short,1774,2013-02-11T21:00:00Z,14.14249,2013-02-12T21:00:00Z,14.149149,-11.81,9.9765,-11.81,330.74,342.55,1.0,False,585;610
EMR,Short,624,2013-02-11T21:00:00Z,40.041407,2013-02-12T21:00:00Z,40.208507,-104.27,10.0621,-243.3,0.0,243.3,1.0,False,590;611
MSFT,Long,1145,2013-02-07T21:00:00Z,21.894662,2013-02-12T21:00:00Z,22.286781,448.98,10.1084,0.0,476.46,27.49,5.0,True,561;612
OXY,Long,445,2013-02-05T21:00:00Z,56.489319,2013-02-12T21:00:00Z,56.130086,-159.86,10.0106,-322.57,176.99,499.56,7.0,False,518;613
PNC,Short,589,2013-02-11T21:00:00Z,42.500282,2013-02-12T21:00:00Z,42.942087,-260.22,10.1542,-504.67,0.0,504.67,1.0,False,592;614
PX,Short,290,2013-02-05T21:00:00Z,87.071983,2013-02-12T21:00:00Z,87.29992,-66.1,10.1022,-189.19,82.06,271.25,7.0,False,524;615
TJX,Short,1321,2013-02-06T21:00:00Z,18.926494,2013-02-12T21:00:00Z,18.939083,-16.63,4.985,-120.99,77.11,164.99,6.0,False,546;616
USB,Long,1171,2013-02-07T21:00:00Z,21.427987,2013-02-12T21:00:00Z,21.720998,343.12,5.1184,0.0,499.75,156.64,5.0,True,568;617
SPY,Long,102,2013-01-28T21:00:00Z,119.031264,2013-02-12T21:00:00Z,120.179374,117.11,11.6502,-407.86,134.88,141.34,15.0,True,371;626
SPY,Long,323,2013-01-31T21:00:00Z,118.714544,2013-02-12T21:00:00Z,120.179374,473.14,7.6572,-1189.24,529.41,447.56,12.0,True,437;626
SPY,Long,59,2013-02-01T21:00:00Z,119.292558,2013-02-12T21:00:00Z,120.179374,52.32,22.6391,-251.33,62.6,52.79,11.0,True,476;626
AMT,Long,445,2013-02-06T21:00:00Z,56.125312,2013-02-13T21:00:00Z,55.566997,-248.45,9.804,-784.58,215.76,1000.34,7.0,False,548;627
APA,Short,401,2013-02-07T21:00:00Z,62.594179,2013-02-13T21:00:00Z,61.858988,294.81,4.9717,0.0,392.1,150.35,6.0,True,574;628
BIIB,Short,161,2013-02-01T21:00:00Z,157.28,2013-02-13T21:00:00Z,163.39,-983.71,10.4074,-1389.43,249.55,1638.98,12.0,False,472;629
DHR,Short,742,2013-02-12T21:00:00Z,33.839773,2013-02-13T21:00:00Z,34.034414,-144.42,10.0676,-144.42,0.0,144.42,1.0,False,623;630
FDX,Short,437,2013-02-12T21:00:00Z,57.41023,2013-02-13T21:00:00Z,57.388608,9.45,10.0287,0.0,11.81,2.36,1.0,True,624;631
ABBV,Short,1173,2013-02-11T21:00:00Z,21.253769,2013-02-13T21:00:00Z,20.80081,531.32,9.8149,0.0,593.42,62.1,2.0,True,606;632
PSX,Long,618,2013-02-11T21:00:00Z,40.463808,2013-02-13T21:00:00Z,40.779932,195.36,10.0253,0.0,195.36,125.03,2.0,True,591;633
JPM,Long,736,2013-02-06T21:00:00Z,33.813058,2013-02-13T21:00:00Z,34.476744,488.47,5.0061,-97.69,488.47,241.67,7.0,True,536;634
LLY,Short,609,2013-02-12T21:00:00Z,40.972774,2013-02-13T21:00:00Z,41.088009,-70.18,9.995,-70.18,0.0,70.18,1.0,False,621;635
PCLN,Short,913,2013-02-11T21:00:00Z,27.339036,2013-02-13T21:00:00Z,27.46876,-118.44,9.9908,-160.18,0.0,160.18,2.0,False,608;636
PEP,Short,524,2013-02-12T21:00:00Z,47.732451,2013-02-13T21:00:00Z,47.646708,44.93,9.9294,0.0,307.59,262.66,1.0,True,618;637
CCL,Long,817,2013-01-30T21:00:00Z,30.954569,2013-02-14T21:00:00Z,29.45022,-1229.05,9.9144,-1229.05,169.08,1398.13,15.0,False,406;647
DUK,Short,641,2013-02-11T21:00:00Z,38.996975,2013-02-14T21:00:00Z,39.22226,-144.41,9.999,-232.39,68.22,232.39,3.0,False,589;648
GILD,Short,898,2013-02-13T21:00:00Z,27.981422,2013-02-14T21:00:00Z,28.104267,-110.32,10.1735,-367.72,0.0,367.72,1.0,False,640;649
GM,Short,1184,2013-02-13T21:00:00Z,21.320578,2013-02-14T21:00:00Z,21.305762,17.54,9.8974,0.0,903.44,885.89,1.0,True,642;650
HPQ,Short,5050,2013-02-11T21:00:00Z,4.953421,2013-02-14T21:00:00Z,5.000401,-237.25,10.0445,-341.04,0.0,341.04,3.0,False,594;651
MMM,Long,529,2013-02-07T21:00:00Z,47.331374,2013-02-14T21:00:00Z,47.523914,101.85,10.0319,-7.32,207.39,105.54,7.0,True,565;652
UTX,Short,724,2013-01-25T21:00:00Z,34.503353,2013-02-14T21:00:00Z,34.875733,-269.6,10.1216,-385.56,362.65,748.21,20.0,False,336;653
SPY,Long,290,2013-02-01T21:00:00Z,119.292558,2013-02-14T21:00:00Z,120.123948,241.1,6.9947,-1235.37,378.88,259.47,13.0,True,476;663
ACE,Long,376,2013-02-14T21:00:00Z,66.442456,2013-02-15T21:00:00Z,66.711891,101.31,10.0115,0.0,101.31,0.0,1.0,True,662;664
COF,Short,556,2013-02-11T21:00:00Z,44.811328,2013-02-15T21:00:00Z,43.869253,523.79,4.7168,0.0,1331.31,807.51,4.0,True,593;665
FB,Long,923,2013-02-13T21:00:00Z,27.090536,2013-02-15T21:00:00Z,28.249436,1069.67,10.2798,0.0,1069.67,164.56,2.0,True,639;666
CVS,Short,705,2013-02-14T21:00:00Z,35.472466,2013-02-15T21:00:00Z,36.217861,-525.5,10.1182,-525.5,0.0,525.5,1.0,False,656;667
KMI,Short,1315,2013-02-14T21:00:00Z,18.954313,2013-02-15T21:00:00Z,18.969448,-19.9,9.9633,-19.9,33.17,53.07,1.0,False,660;668
KO,Long,1031,2013-02-14T21:00:00Z,24.397244,2013-02-15T21:00:00Z,24.135541,-269.82,10.0183,-269.82,87.69,357.51,1.0,False,654;669
MDT,Short,768,2013-01-24T21:00:00Z,32.600951,2013-02-15T21:00:00Z,33.345912,-572.13,10.1937,-692.01,0.0,692.01,22.0,False,279;670
NKE,Short,1112,2013-02-14T21:00:00Z,22.55823,2013-02-15T21:00:00Z,22.616114,-64.37,10.0744,-174.71,0.0,174.71,1.0,False,658;671
PX,Short,287,2013-02-13T21:00:00Z,87.488558,2013-02-15T21:00:00Z,87.079843,117.3,10.0121,0.0,261.67,144.37,2.0,True,645;672
SBUX,Short,1173,2013-02-01T21:00:00Z,21.663614,2013-02-15T21:00:00Z,21.376025,337.34,10.0086,-5.34,909.97,572.63,14.0,True,467;673
SLB,Long,452,2013-02-11T21:00:00Z,54.958258,2013-02-15T21:00:00Z,56.974451,911.32,10.009,-9.49,948.62,386.46,4.0,True,586;674
AXP,Short,482,2013-02-13T21:00:00Z,52.114594,2013-02-15T21:00:00Z,52.172962,-28.13,14.9043,-28.13,337.6,365.74,2.0,False,638;677
MO,Long,1694,2013-02-11T21:00:00Z,14.784288,2013-02-15T21:00:00Z,14.545969,-403.71,10.0106,-454.18,28.84,483.01,4.0,False,587;678
BEN,Long,913,2013-02-13T21:00:00Z,27.409102,2013-02-15T21:00:00Z,27.759833,320.22,15.1175,0.0,409.95,89.73,2.0,True,646;685
NEE,Short,2017,2013-02-04T21:00:00Z,12.466828,2013-02-15T21:00:00Z,12.482345,-31.3,15.084,-83.46,104.32,187.78,11.0,False,504;686
ACN,Short,444,2013-02-14T21:00:00Z,56.137765,2013-02-19T21:00:00Z,56.958246,-364.29,10.1137,-745.61,0.0,745.61,5.0,False,659;689
AXP,Long,482,2013-02-15T21:00:00Z,52.172962,2013-02-19T21:00:00Z,51.422512,-361.72,5.0062,-361.72,0.0,361.72,4.0,False,677;690
BK,Short,1233,2013-02-12T21:00:00Z,20.188912,2013-02-19T21:00:00Z,20.392473,-250.99,10.0647,-421.31,0.0,421.31,7.0,False,625;691
BMY,Long,1077,2013-02-14T21:00:00Z,23.273885,2013-02-19T21:00:00Z,23.609504,361.46,10.221,0.0,611.7,250.24,5.0,True,657;692
CAT,Short,364,2013-02-15T21:00:00Z,68.858411,2013-02-19T21:00:00Z,68.586441,99.0,9.9627,0.0,158.92,59.92,4.0,True,679;693
COP,Long,685,2013-02-14T21:00:00Z,36.491706,2013-02-19T21:00:00Z,36.365437,-86.49,10.0783,-337.33,345.98,432.47,5.0,False,655;694
EOG,Short,530,2013-02-11T21:00:00Z,47.123253,2013-02-19T21:00:00Z,46.168697,505.91,9.9212,-151.77,768.24,414.1,8.0,True,607;695
FDX,Short,437,2013-02-14T21:00:00Z,57.291312,2013-02-19T21:00:00Z,57.626444,-146.45,10.1048,-316.53,0.0,316.53,5.0,False,661;696
KMB,Short,466,2013-02-13T21:00:00Z,53.679812,2013-02-19T21:00:00Z,54.50336,-383.77,10.1283,-628.5,0.0,628.5,6.0,False,643;697
MA,Long,520,2013-02-12T21:00:00Z,48.108406,2013-02-19T21:00:00Z,48.49079,198.84,10.014,-79.25,198.84,79.25,7.0,True,620;698
MO,Short,1727,2013-02-15T21:00:00Z,14.545969,2013-02-19T21:00:00Z,14.694918,-257.24,5.1109,-433.63,0.0,433.63,4.0,False,678;699
NOV,Long,492,2013-02-15T21:00:00Z,51.253379,2013-02-19T21:00:00Z,50.630457,-306.48,9.8935,-456.15,0.0,456.15,4.0,False,687;700
ORCL,Long,877,2013-02-15T21:00:00Z,28.49598,2013-02-19T21:00:00Z,28.561488,57.45,10.0869,0.0,430.88,373.43,4.0,True,675;701
TJX,Short,1327,2013-02-13T21:00:00Z,18.959954,2013-02-19T21:00:00Z,18.822201,182.8,9.9875,0.0,227.11,77.55,6.0,True,644;702
UPS,Short,521,2013-02-01T21:00:00Z,48.210995,2013-02-19T21:00:00Z,50.886336,-1393.85,10.4606,-1793.91,0.0,1793.91,18.0,False,453;703
UNH,Long,550,2013-02-12T21:00:00Z,45.539241,2013-02-19T21:00:00Z,43.127778,-1326.3,14.9025,-1326.3,43.77,1370.08,7.0,False,622;707
NEE,Long,2014,2013-02-15T21:00:00Z,12.482345,2013-02-19T21:00:00Z,12.532343,100.7,10.1026,0.0,173.61,72.92,4.0,True,686;712
APA,Short,424,2013-02-15T21:00:00Z,58.932927,2013-02-19T21:00:00Z,56.492092,1034.91,14.6449,0.0,1034.91,0.0,4.0,True,684;713
SPY,Long,596,2013-02-01T21:00:00Z,119.292558,2013-02-19T21:00:00Z,120.654454,811.69,20.2092,-2538.89,1198.66,533.26,18.0,True,476;715
SPY,Long,237,2013-02-04T21:00:00Z,119.015428,2013-02-19T21:00:00Z,120.654454,388.45,13.4263,-943.91,542.33,153.88,15.0,True,505;715
AMT,Long,453,2013-02-19T21:00:00Z,55.368649,2013-02-20T21:00:00Z,54.751564,-279.54,9.8884,-472.55,0.0,472.55,1.0,False,714;716
BIIB,Short,152,2013-02-15T21:00:00Z,165.34,2013-02-20T21:00:00Z,166.77,-217.36,10.1387,-223.44,86.64,304.0,5.0,False,682;717
COST,Short,315,2013-01-11T21:00:00Z,79.286545,2013-02-20T21:00:00Z,80.426951,-359.23,9.9718,-778.93,155.79,934.72,40.0,False,130;718
DE,Short,340,2013-01-31T21:00:00Z,73.488126,2013-02-20T21:00:00Z,70.298064,1084.62,9.6447,-52.91,1645.45,560.83,20.0,True,430;719
DOW,Short,699,2013-02-19T21:00:00Z,35.813621,2013-02-20T21:00:00Z,35.869318,-38.93,9.9419,-38.93,397.11,436.05,1.0,False,709;720
EMR,Short,619,2013-02-13T21:00:00Z,40.620632,2013-02-20T21:00:00Z,41.118485,-308.17,10.0568,-308.17,78.13,386.3,7.0,False,641;721
FCX,Short,895,2013-02-19T21:00:00Z,27.959057,2013-02-20T21:00:00Z,27.160227,714.95,9.5046,0.0,1994.72,1279.77,1.0,True,710;722
MMM,Long,523,2013-02-19T21:00:00Z,47.983239,2013-02-20T21:00:00Z,48.335853,184.42,10.0633,-58.24,184.42,58.24,1.0,True,705;723
UNH,Short,549,2013-02-19T21:00:00Z,43.127778,2013-02-20T21:00:00Z,44.990096,-1022.41,4.8246,-1022.41,0.0,1022.41,1.0,False,707;724
VZ,Long,1129,2013-02-04T21:00:00Z,22.146789,2013-02-20T21:00:00Z,22.166773,22.56,10.0895,-5.64,332.78,310.22,16.0,True,493;725
BEN,Short,900,2013-02-15T21:00:00Z,27.759833,2013-02-20T21:00:00Z,28.089367,-296.58,9.867,-352.08,164.77,461.35,5.0,False,685;735
COF,Long,590,2013-02-19T21:00:00Z,42.385487,2013-02-20T21:00:00Z,41.019479,-805.94,14.6873,-805.94,0.0,805.94,1.0,False,711;736
SPY,Long,330,2013-02-04T21:00:00Z,119.015428,2013-02-20T21:00:00Z,121.224549,729.01,39.164,-1314.31,755.14,506.91,16.0,True,505;738
SPY,Long,1305,2013-02-05T21:00:00Z,119.055018,2013-02-20T21:00:00Z,121.224549,2831.24,38.5671,-5249.16,2934.57,2004.6,15.0,True,527;738
CAT,Short,365,2013-02-20T21:00:00Z,67.992402,2013-02-21T21:00:00Z,66.389213,585.16,9.6526,0.0,906.48,321.32,1.0,True,729;739
GS,Long,212,2013-02-12T21:00:00Z,117.772944,2013-02-21T21:00:00Z,118.614731,178.46,9.9868,-265.23,1006.9,1272.13,9.0,True,619;740
HAL,Short,796,2013-02-07T21:00:00Z,31.585957,2013-02-21T21:00:00Z,32.335216,-596.41,10.1377,-1770.59,0.0,1770.59,14.0,False,572;741
KO,Long,1023,2013-02-19T21:00:00Z,24.554265,2013-02-21T21:00:00Z,24.613148,60.24,10.0904,0.0,133.86,73.62,2.0,True,704;742
LOW,Short,842,2013-01-24T21:00:00Z,29.759153,2013-02-21T21:00:00Z,29.570953,158.46,10.0467,-1214.89,184.88,1221.5,28.0,True,307;743
LVS,Short,671,2013-02-01T21:00:00Z,37.205944,2013-02-21T21:00:00Z,33.430935,2533.03,9.5817,-13.69,2555.85,502.04,20.0,True,466;744
MCD,Long,385,2013-02-15T21:00:00Z,65.255928,2013-02-21T21:00:00Z,64.991565,-101.78,10.073,-101.78,91.07,192.85,6.0,False,676;745
MS,Short,1559,2013-01-22T21:00:00Z,15.789904,2013-02-21T21:00:00Z,16.628317,-1307.09,10.2373,-2593.75,0.0,2593.75,30.0,False,251;746
PCLN,Short,910,2013-02-20T21:00:00Z,27.555113,2013-02-21T21:00:00Z,26.902193,594.16,9.7535,0.0,777.99,183.83,1.0,True,731;747
SO,Short,1034,2013-02-06T21:00:00Z,24.216169,2013-02-21T21:00:00Z,24.761227,-563.59,10.1515,-580.84,0.0,580.84,15.0,False,544;748
TJX,Long,1328,2013-02-20T21:00:00Z,18.822201,2013-02-21T21:00:00Z,18.421462,-532.18,9.8132,-532.18,0.0,532.18,1.0,False,734;749
UNP,Long,494,2013-02-19T21:00:00Z,50.912806,2013-02-21T21:00:00Z,49.771862,-563.63,9.9469,-583.76,0.0,583.76,2.0,False,706;750
WMT,Long,1423,2013-02-20T21:00:00Z,17.583446,2013-02-21T21:00:00Z,17.903145,454.93,10.1519,0.0,549.56,94.63,1.0,True,726;751
NEE,Short,2005,2013-02-19T21:00:00Z,12.532343,2013-02-21T21:00:00Z,12.584065,-103.7,9.9938,-103.7,55.31,159.01,2.0,False,712;759
BEN,Long,889,2013-02-20T21:00:00Z,28.089367,2013-02-21T21:00:00Z,27.520873,-505.39,9.7546,-842.89,0.0,842.89,1.0,False,735;761
SPY,Long,307,2013-02-05T21:00:00Z,119.055018,2013-02-21T21:00:00Z,119.48259,131.26,10.4558,-1234.86,690.35,680.63,16.0,True,527;762
SPY,Long,132,2013-02-11T21:00:00Z,120.163538,2013-02-21T21:00:00Z,119.48259,-89.89,4.3742,-677.27,150.51,292.65,10.0,False,609;762
ADP,Long,558,2013-02-20T21:00:00Z,44.797926,2013-02-22T21:00:00Z,44.272865,-292.98,9.9468,-472.03,0.0,472.03,2.0,False,737;763
BAX,Short,868,2013-01-31T21:00:00Z,29.032622,2013-02-22T21:00:00Z,28.451627,504.3,10.0,-485.76,571.05,485.76,22.0,True,429;764
CVS,Long,693,2013-02-21T21:00:00Z,36.099434,2013-02-22T21:00:00Z,36.148198,33.79,9.9652,-226.9,33.79,226.9,1.0,True,753;765
DHR,Short,737,2013-02-15T21:00:00Z,34.023292,2013-02-22T21:00:00Z,33.984363,28.69,10.094,-254.11,86.07,254.11,7.0,True,681;766
EBAY,Long,1214,2013-02-01T21:00:00Z,20.936828,2013-02-22T21:00:00Z,20.391231,-662.35,10.1138,-806.54,288.37,1094.91,21.0,False,455;767
ABBV,Short,1102,2013-02-21T21:00:00Z,22.606763,2013-02-22T21:00:00Z,22.747945,-155.58,10.0143,-155.58,0.0,155.58,1.0,False,755;768
KMI,Short,1325,2013-02-20T21:00:00Z,18.888727,2013-02-22T21:00:00Z,18.565843,427.82,9.9108,0.0,474.61,180.49,2.0,True,730;769
KFT,Short,1266,2013-02-15T21:00:00Z,19.994697,2013-02-22T21:00:00Z,20.031945,-47.16,10.0895,-179.19,66.02,179.19,7.0,False,680;770
MDT,Short,750,2013-02-19T21:00:00Z,32.530002,2013-02-22T21:00:00Z,31.926938,452.3,9.6334,0.0,601.29,148.99,3.0,True,708;771
PNC,Long,588,2013-02-20T21:00:00Z,42.419954,2013-02-22T21:00:00Z,41.978149,-259.78,9.9244,-385.74,0.0,385.74,2.0,False,733;772
PX,Long,288,2013-02-21T21:00:00Z,86.246694,2013-02-22T21:00:00Z,86.678988,124.5,10.0112,0.0,325.97,201.46,1.0,True,757;773
WFC,Short,1047,2013-02-06T21:00:00Z,23.922655,2013-02-22T21:00:00Z,24.479635,-583.16,5.1577,-741.55,93.59,835.14,16.0,False,537;774
MRK,Long,954,2013-02-20T21:00:00Z,26.329085,2013-02-22T21:00:00Z,26.453338,118.54,15.2171,0.0,349.68,231.15,2.0,True,727;779
TRV,Long,428,2013-02-11T21:00:00Z,58.350742,2013-02-22T21:00:00Z,59.825256,631.09,15.2043,0.0,716.72,155.39,11.0,True,595;792
BEN,Short,908,2013-02-21T21:00:00Z,27.520873,2013-02-22T21:00:00Z,27.330091,173.23,10.1085,-75.24,173.23,75.24,1.0,True,761;793
C,Long,807,2013-02-22T21:00:00Z,31.402673,2013-02-26T21:00:00Z,30.33296,-863.26,9.9428,-1011.08,0.0,1011.08,4.0,False,778;799
MSFT,Short,1130,2013-02-22T21:00:00Z,22.342136,2013-02-26T21:00:00Z,22.092008,282.65,10.0531,0.0,291.76,9.12,4.0,True,775;805
MRK,Short,949,2013-02-22T21:00:00Z,26.453338,2013-02-26T21:00:00Z,26.558952,-100.23,10.0092,-100.23,94.33,194.56,4.0,False,779;807
HPQ,Long,4992,2013-02-22T21:00:00Z,5.34394,2013-02-26T21:00:00Z,5.6082,1319.19,16.6388,0.0,2330.57,1011.38,4.0,True,791;812
ACE,Long,377,2013-02-22T21:00:00Z,66.627211,2013-02-26T21:00:00Z,65.264644,-513.69,9.9673,-618.17,0.0,618.17,4.0,False,794;818
ACN,Short,442,2013-02-22T21:00:00Z,56.881565,2013-02-26T21:00:00Z,56.988918,-47.45,10.075,-47.45,118.62,166.07,4.0,False,786;819
AIG,Short,905,2013-02-22T21:00:00Z,29.176385,2013-02-26T21:00:00Z,27.726858,1311.82,10.2443,0.0,1473.28,423.82,4.0,True,785;820
APA,Long,443,2013-02-19T21:00:00Z,56.492092,2013-02-26T21:00:00Z,54.124776,-1048.72,4.7928,-1162.71,0.0,1162.71,7.0,False,713;821
BMY,Short,1058,2013-02-22T21:00:00Z,23.699863,2013-02-26T21:00:00Z,23.583687,122.91,10.0093,0.0,259.49,136.57,4.0,True,784;822
CAT,Short,382,2013-02-22T21:00:00Z,65.838117,2013-02-26T21:00:00Z,64.134728,650.69,9.9239,0.0,773.72,215.99,4.0,True,783;823
FB,Long,926,2013-02-22T21:00:00Z,27.36788,2013-02-26T21:00:00Z,27.120251,-229.3,10.0013,-330.2,0.0,330.2,4.0,False,781;824
EMR,Short,627,2013-02-22T21:00:00Z,40.122778,2013-02-26T21:00:00Z,39.393528,457.24,9.9705,0.0,637.5,180.26,4.0,True,788;825
FDX,Long,431,2013-02-20T21:00:00Z,58.048061,2013-02-26T21:00:00Z,56.042676,-864.32,9.7312,-997.11,0.0,997.11,6.0,False,732;826
PSX,Long,633,2013-02-22T21:00:00Z,39.918475,2013-02-26T21:00:00Z,39.060765,-542.93,10.0816,-643.47,0.0,643.47,4.0,False,789;827
JPM,Short,743,2013-02-22T21:00:00Z,33.987712,2013-02-26T21:00:00Z,33.64539,254.35,10.0191,0.0,545.03,290.68,4.0,True,776;828
LLY,Short,600,2013-02-21T21:00:00Z,41.587676,2013-02-26T21:00:00Z,41.587676,0.0,10.0041,-152.21,152.21,304.41,5.0,False,754;829
MMM,Long,525,2013-02-22T21:00:00Z,47.788374,2013-02-26T21:00:00Z,47.375446,-216.79,10.0287,-304.48,0.0,304.48,4.0,False,780;830
MS,Short,1529,2013-02-22T21:00:00Z,16.657023,2013-02-26T21:00:00Z,16.003947,998.55,10.0997,0.0,1294.83,449.9,4.0,True,787;831
PG,Short,484,2013-02-11T21:00:00Z,51.437473,2013-02-26T21:00:00Z,51.805761,-178.25,10.0276,-646.99,0.0,646.99,15.0,False,584;832
TXN,Short,1108,2013-01-31T21:00:00Z,22.728083,2013-02-26T21:00:00Z,23.344414,-682.9,10.2572,-1120.25,260.88,1304.41,26.0,False,431;833
AMGN,Long,405,2013-02-26T21:00:00Z,61.94116,2013-02-26T21:00:00Z,61.94116,0.0,15.0248,0.0,0.0,0.0,0.0,False,810;837
TRV,Short,420,2013-02-22T21:00:00Z,59.825256,2013-02-26T21:00:00Z,58.839777,413.9,10.0465,0.0,463.69,245.85,4.0,True,792;842
FCX,Long,973,2013-02-21T21:00:00Z,25.562566,2013-02-26T21:00:00Z,25.506648,-54.41,15.0754,-380.86,349.77,730.63,5.0,False,760;843
BEN,Long,923,2013-02-22T21:00:00Z,27.330091,2013-02-26T21:00:00Z,27.10462,-208.11,9.9628,-412.66,0.0,412.66,4.0,False,793;844
COF,Short,600,2013-02-20T21:00:00Z,41.019479,2013-02-26T21:00:00Z,40.375728,386.25,9.9321,-14.13,683.0,315.59,6.0,True,736;845
SPY,Long,50,2013-02-11T21:00:00Z,120.163538,2013-02-26T21:00:00Z,118.53243,-81.56,16.1786,-256.54,57.01,165.88,15.0,False,609;847
SPY,Long,195,2013-02-15T21:00:00Z,120.694044,2013-02-26T21:00:00Z,118.53243,-421.51,4.699,-1103.97,118.89,646.94,11.0,False,688;847
SPY,Long,436,2013-02-22T21:00:00Z,119.672622,2013-02-26T21:00:00Z,118.53243,-497.12,23.019,-2023.02,711.16,735.33,4.0,False,795;847
ADP,Long,566,2013-02-26T21:00:00Z,44.571858,2013-02-27T21:00:00Z,44.382252,-107.32,10.1266,-107.32,194.0,301.31,1.0,False,816;848
C,Short,832,2013-02-26T21:00:00Z,30.33296,2013-02-27T21:00:00Z,30.252365,67.05,10.1741,-463.29,67.05,463.29,1.0,True,834;849
COP,Long,698,2013-02-26T21:00:00Z,36.226542,2013-02-27T21:00:00Z,36.340184,79.32,10.2052,0.0,290.85,211.53,1.0,True,809;850
HAL,Short,787,2013-02-22T21:00:00Z,31.929367,2013-02-27T21:00:00Z,31.383032,429.97,10.1202,-221.13,651.09,872.22,5.0,True,790;851
HD,Short,541,2013-02-26T21:00:00Z,47.541201,2013-02-27T21:00:00Z,49.071046,-827.65,10.6394,-976.7,0.0,976.7,1.0,False,835;852
HPQ,Short,4482,2013-02-26T21:00:00Z,5.6082,2013-02-27T21:00:00Z,5.822545,-960.69,5.2035,-960.69,0.0,960.69,1.0,False,812;853
KFT,Short,1271,2013-02-26T21:00:00Z,19.771209,2013-02-27T21:00:00Z,20.024495,-321.93,10.3244,-975.25,0.0,975.25,1.0,False,811;854
OXY,Long,476,2013-02-26T21:00:00Z,52.909823,2013-02-27T21:00:00Z,52.300411,-290.08,10.016,-290.08,0.0,290.08,1.0,False,838;855
SCCO,Long,1085,2013-02-21T21:00:00Z,22.871352,2013-02-27T21:00:00Z,23.129716,280.32,9.9942,-553.98,487.23,553.98,6.0,True,758;856
USB,Short,1165,2013-02-22T21:00:00Z,21.587232,2013-02-27T21:00:00Z,21.504425,96.47,10.0789,-103.89,408.14,512.04,5.0,True,782;857
VZ,Short,1098,2013-02-26T21:00:00Z,22.966116,2013-02-27T21:00:00Z,23.04605,-87.77,10.1449,-208.45,0.0,208.45,1.0,False,808;858
WMT,Short,1393,2013-02-26T21:00:00Z,18.079618,2013-02-27T21:00:00Z,18.148673,-96.19,10.173,-345.58,0.0,345.58,1.0,False,806;859
FCX,Short,997,2013-02-26T21:00:00Z,25.506648,2013-02-27T21:00:00Z,25.506648,0.0,10.2082,-270.79,0.0,270.79,1.0,False,843;872
TRV,Long,427,2013-02-26T21:00:00Z,58.839777,2013-02-27T21:00:00Z,59.35845,221.47,10.1634,0.0,433.46,211.98,1.0,True,842;873
COF,Long,629,2013-02-26T21:00:00Z,40.375728,2013-02-27T21:00:00Z,40.305073,-44.44,10.1172,-44.44,79.01,123.45,1.0,False,845;874
BEN,Short,930,2013-02-26T21:00:00Z,27.10462,2013-02-27T21:00:00Z,26.857952,229.4,10.1777,-209.69,229.4,209.69,1.0,True,844;876
SPY,Long,521,2013-02-22T21:00:00Z,119.672622,2013-02-27T21:00:00Z,118.682872,-515.66,28.4829,-2417.41,849.81,878.68,5.0,False,795;877
SPY,Long,414,2013-02-26T21:00:00Z,118.53243,2013-02-27T21:00:00Z,118.682872,62.28,9.8355,-1448.9,1147.32,662.17,1.0,True,817;877
AMGN,Short,405,2013-02-26T21:00:00Z,61.94116,2013-02-28T21:00:00Z,62.887934,-383.44,5.1169,-498.2,0.0,498.2,2.0,False,837;878
KMI,Short,1372,2013-02-27T21:00:00Z,18.207643,2013-02-28T21:00:00Z,18.697015,-671.42,10.2582,-671.42,0.0,671.42,1.0,False,868;879
MA,Short,532,2013-02-27T21:00:00Z,47.194008,2013-02-28T21:00:00Z,47.584705,-207.85,10.1557,-337.08,0.0,337.08,1.0,False,863;880
MDT,Long,801,2013-02-27T21:00:00Z,31.302588,2013-02-28T21:00:00Z,31.643142,272.78,10.1726,0.0,477.37,204.59,1.0,True,866;881
MMM,Long,528,2013-02-27T21:00:00Z,47.370806,2013-02-28T21:00:00Z,48.066753,367.46,10.1684,0.0,458.1,90.64,1.0,True,862;882
PCLN,Long,956,2013-02-26T21:00:00Z,26.243802,2013-02-28T21:00:00Z,27.206967,920.79,10.2057,0.0,920.79,311.16,2.0,True,815;883
SLB,Long,445,2013-02-20T21:00:00Z,56.223032,2013-02-28T21:00:00Z,54.671034,-690.64,9.7739,-1321.9,0.0,1321.9,8.0,False,728;884
SO,Long,1008,2013-02-27T21:00:00Z,24.866902,2013-02-28T21:00:00Z,25.10606,241.07,10.1003,0.0,241.07,0.0,1.0,True,867;885
TJX,Long,1375,2013-02-27T21:00:00Z,18.279533,2013-02-28T21:00:00Z,18.713667,596.93,10.2994,0.0,677.29,80.36,1.0,True,871;886
AMT,Long,452,2013-02-27T21:00:00Z,55.471496,2013-02-28T21:00:00Z,56.742396,574.45,15.3216,0.0,693.99,119.54,1.0,True,875;895
COF,Short,620,2013-02-27T21:00:00Z,40.305073,2013-02-28T21:00:00Z,40.297222,4.87,9.9273,0.0,150.89,146.02,1.0,True,874;896
SPY,Short,249,2013-02-27T21:00:00Z,118.682872,2013-02-28T21:00:00Z,120.250636,-390.37,13.9178,-390.37,0.0,390.37,1.0,False,877;897
AXP,Short,485,2013-02-26T21:00:00Z,51.747707,2013-03-01T21:00:00Z,51.672662,36.4,10.052,-177.94,36.4,177.94,3.0,True,836;898
COF,Long,619,2013-02-28T21:00:00Z,40.297222,2013-03-01T21:00:00Z,39.410102,-549.13,5.0413,-549.13,262.41,811.54,1.0,False,896;899
COP,Long,685,2013-02-28T21:00:00Z,36.554841,2013-03-01T21:00:00Z,36.573781,12.97,10.0532,0.0,164.34,151.36,1.0,True,887;900
FDX,Long,449,2013-02-27T21:00:00Z,55.512952,2013-03-01T21:00:00Z,56.934559,638.3,10.2478,0.0,672.28,33.98,2.0,True,870;901
HAL,Short,779,2013-02-28T21:00:00Z,32.171316,2013-03-01T21:00:00Z,32.077658,72.96,9.9881,0.0,358.72,285.76,1.0,True,893;902
PSX,Long,627,2013-02-28T21:00:00Z,39.937535,2013-03-01T21:00:00Z,39.848588,-55.77,10.1072,-55.77,414.29,470.06,1.0,False,892;903
INTC,Long,1652,2013-02-07T21:00:00Z,15.158846,2013-03-01T21:00:00Z,15.021498,-226.9,9.9907,-883.71,334.38,1218.09,22.0,False,564;904
LLY,Short,595,2013-02-28T21:00:00Z,42.033533,2013-03-01T21:00:00Z,41.772169,155.51,10.0113,-45.74,155.51,45.74,1.0,True,889;905
MO,Short,1731,2013-02-28T21:00:00Z,14.494901,2013-03-01T21:00:00Z,14.286371,360.96,9.8772,0.0,419.9,58.93,1.0,True,888;906
MS,Long,1527,2013-02-28T21:00:00Z,16.40584,2013-03-01T21:00:00Z,16.032654,-569.86,9.8585,-569.86,0.0,569.86,1.0,False,891;907
PX,Long,291,2013-02-26T21:00:00Z,86.490351,2013-03-01T21:00:00Z,88.761862,661.01,10.2514,0.0,795.96,134.95,3.0,True,840;908
AMT,Short,441,2013-02-28T21:00:00Z,56.742396,2013-03-01T21:00:00Z,56.962784,-97.19,10.1017,-288.33,0.0,288.33,1.0,False,895;918
FCX,Long,983,2013-02-27T21:00:00Z,25.506648,2013-03-01T21:00:00Z,25.306941,-196.31,9.8929,-353.36,0.0,353.36,2.0,False,872;919
BMY,Long,1067,2013-02-27T21:00:00Z,23.473965,2013-03-04T21:00:00Z,23.493328,20.66,10.1977,0.0,537.16,516.5,5.0,True,864;921
CAT,Short,379,2013-03-01T21:00:00Z,65.415848,2013-03-04T21:00:00Z,64.578468,317.37,9.8254,0.0,447.57,130.2,3.0,True,912;922
CVS,Short,713,2013-02-26T21:00:00Z,35.326173,2013-03-04T21:00:00Z,35.806849,-342.72,10.1833,-576.17,0.0,576.17,6.0,False,839;923
GIS,Long,897,2013-02-26T21:00:00Z,28.069448,2013-03-04T21:00:00Z,28.556059,436.49,10.2172,0.0,486.22,49.73,6.0,True,846;924
KMI,Short,1341,2013-03-01T21:00:00Z,18.646564,2013-03-04T21:00:00Z,18.767646,-162.37,10.1211,-392.4,0.0,392.4,3.0,False,917;925
HON,Long,501,2013-03-01T21:00:00Z,49.702851,2013-03-04T21:00:00Z,49.560252,-71.44,9.9847,-71.44,0.0,71.44,3.0,False,913;926
LOW,Short,837,2013-03-01T21:00:00Z,29.719944,2013-03-04T21:00:00Z,29.868936,-124.71,10.0828,-347.86,0.0,347.86,3.0,False,915;927
MRK,Long,950,2013-02-26T21:00:00Z,26.558952,2013-03-04T21:00:00Z,26.664567,100.33,5.1158,-70.82,348.22,247.88,6.0,True,807;928
NKE,Short,1117,2013-02-28T21:00:00Z,22.467268,2013-03-04T21:00:00Z,22.641594,-194.72,10.1246,-319.9,0.0,319.9,4.0,False,890;929
SLB,Long,458,2013-03-01T21:00:00Z,54.277768,2013-03-04T21:00:00Z,54.41822,64.33,9.9192,-254.09,64.33,254.09,3.0,True,910;930
V,Long,689,2013-02-07T21:00:00Z,35.941186,2013-03-04T21:00:00Z,35.742843,-136.66,9.8729,-603.41,192.72,603.41,25.0,False,563;931
FCX,Short,984,2013-03-01T21:00:00Z,25.306941,2013-03-04T21:00:00Z,25.051315,251.54,9.933,0.0,251.54,0.0,3.0,True,919;942
DUK,Short,632,2013-03-04T21:00:00Z,39.439589,2013-03-05T21:00:00Z,39.965756,-332.54,10.1113,-433.74,0.0,433.74,1.0,False,938;944
EBAY,Long,1235,2013-03-01T21:00:00Z,20.194519,2013-03-05T21:00:00Z,20.584232,481.29,10.0989,0.0,490.46,100.84,4.0,True,911;945
FCX,Long,996,2013-03-04T21:00:00Z,25.051315,2013-03-05T21:00:00Z,25.346882,294.38,5.0189,0.0,294.38,0.0,1.0,True,942;946
GILD,Short,845,2013-03-04T21:00:00Z,29.70808,2013-03-05T21:00:00Z,30.308657,-507.49,10.2524,-859.27,0.0,859.27,1.0,False,934;947
MCD,Short,374,2013-02-27T21:00:00Z,66.799244,2013-03-05T21:00:00Z,66.988596,-70.82,10.0477,-170.49,44.59,191.47,6.0,False,861;948
USB,Short,1156,2013-03-04T21:00:00Z,21.625451,2013-03-05T21:00:00Z,21.924831,-346.08,10.0276,-346.08,103.09,449.17,1.0,False,935;949
ACN,Short,442,2013-02-27T21:00:00Z,56.74354,2013-03-06T21:00:00Z,59.066958,-1026.95,10.2912,-1155.74,0.0,1155.74,7.0,False,865;963
BIIB,Long,150,2013-03-01T21:00:00Z,165.3,2013-03-06T21:00:00Z,171.54,936.0,10.2345,0.0,1072.5,136.5,5.0,True,916;964
CVS,Short,693,2013-03-05T21:00:00Z,36.217861,2013-03-06T21:00:00Z,36.63584,-289.66,10.0937,-289.66,0.0,289.66,1.0,False,955;965
GIS,Long,875,2013-03-05T21:00:00Z,28.654613,2013-03-06T21:00:00Z,28.673092,16.17,10.0162,-48.51,16.17,48.51,1.0,True,961;966
GOOG,Short,1308,2013-02-04T21:00:00Z,19.015059,2013-03-06T21:00:00Z,20.85183,-2402.5,10.3032,-2402.5,68.02,2470.52,30.0,False,490;967
LVS,Short,717,2013-03-04T21:00:00Z,34.145126,2013-03-06T21:00:00Z,34.689272,-390.15,10.0757,-877.84,0.0,877.84,2.0,False,939;968
MMM,Long,522,2013-03-05T21:00:00Z,48.140988,2013-03-06T21:00:00Z,48.642069,261.56,10.1289,0.0,261.56,0.0,1.0,True,953;969
MRK,Short,930,2013-03-05T21:00:00Z,27.049749,2013-03-06T21:00:00Z,26.900646,138.67,10.0452,-80.89,138.67,80.89,1.0,True,952;970
ORCL,Long,894,2013-03-01T21:00:00Z,27.930974,2013-03-06T21:00:00Z,29.085552,1032.19,10.3234,0.0,1288.41,256.22,5.0,True,909;971
OXY,Short,478,2013-03-05T21:00:00Z,52.698132,2013-03-06T21:00:00Z,53.291415,-283.59,10.1176,-283.59,0.0,283.59,1.0,False,954;972
PNC,Long,589,2013-03-05T21:00:00Z,42.734573,2013-03-06T21:00:00Z,42.908617,102.51,10.0793,0.0,126.17,23.66,1.0,True,960;973
BA,Short,384,2013-03-04T21:00:00Z,64.812977,2013-03-06T21:00:00Z,66.499717,-647.71,15.1306,-722.19,0.0,722.19,2.0,False,936;979
COF,Short,615,2013-03-04T21:00:00Z,40.619098,2013-03-06T21:00:00Z,42.621005,-1231.17,15.4049,-1240.83,0.0,1240.83,2.0,False,941;986
AMT,Long,439,2013-03-01T21:00:00Z,56.962784,2013-03-06T21:00:00Z,57.881064,403.13,9.9178,-12.9,425.7,438.6,5.0,True,918;987
BEN,Long,932,2013-02-27T21:00:00Z,26.857952,2013-03-06T21:00:00Z,28.116346,1172.82,10.2892,0.0,1226.71,66.45,7.0,True,876;988
TRV,Short,422,2013-02-27T21:00:00Z,59.35845,2013-03-06T21:00:00Z,60.813307,-613.95,10.1007,-613.95,0.0,613.95,7.0,False,873;989
SPY,Long,331,2013-02-28T21:00:00Z,120.250636,2013-03-06T21:00:00Z,122.594363,775.77,16.9064,-28.83,775.77,304.02,6.0,True,897;991
SPY,Long,360,2013-03-04T21:00:00Z,120.163538,2013-03-06T21:00:00Z,122.594363,875.1,15.9586,0.0,875.1,182.43,2.0,True,943;991
ADP,Long,560,2013-03-01T21:00:00Z,44.695831,2013-03-07T21:00:00Z,45.749986,590.33,10.2449,0.0,1018.01,427.69,6.0,True,920;992
C,Short,782,2013-03-06T21:00:00Z,32.208622,2013-03-07T21:00:00Z,32.633576,-332.31,10.2662,-601.6,0.0,601.6,1.0,False,974;993
DOW,Short,710,2013-02-21T21:00:00Z,35.078411,2013-03-07T21:00:00Z,36.481993,-996.54,10.0192,-996.54,672.27,1668.81,14.0,False,756;994
EBAY,Long,1218,2013-03-06T21:00:00Z,20.406077,2013-03-07T21:00:00Z,19.927288,-583.17,9.6335,-904.13,0.0,904.13,1.0,False,976;995
EMR,Long,633,2013-03-06T21:00:00Z,39.596877,2013-03-07T21:00:00Z,39.526757,-44.39,10.0171,-44.39,4.44,48.82,1.0,False,984;996
HAL,Short,790,2013-03-04T21:00:00Z,31.42508,2013-03-07T21:00:00Z,32.082705,-519.52,10.0652,-785.47,0.0,785.47,3.0,False,940;997
INTC,Long,1649,2013-03-04T21:00:00Z,15.296194,2013-03-07T21:00:00Z,15.75161,750.98,10.2896,0.0,870.18,119.2,3.0,True,933;998
MSFT,Short,1135,2013-02-27T21:00:00Z,22.083939,2013-03-07T21:00:00Z,22.656814,-650.21,10.2477,-897.48,0.0,897.48,8.0,False,860;999
PFE,Short,1691,2013-03-05T21:00:00Z,14.880731,2013-03-07T21:00:00Z,15.078641,-334.67,10.192,-407.03,0.0,407.03,2.0,False,951;1000
FCX,Long,992,2013-03-06T21:00:00Z,25.802215,2013-03-07T21:00:00Z,26.265537,459.61,15.4842,0.0,618.1,158.49,1.0,True,990;1011
AMT,Short,432,2013-03-06T21:00:00Z,57.881064,2013-03-07T21:00:00Z,56.808513,463.34,9.9255,0.0,463.34,0.0,1.0,True,987;1012
AMT,Long,439,2013-03-07T21:00:00Z,56.808513,2013-03-08T21:00:00Z,57.227249,183.83,4.9755,-61.28,183.83,61.28,1.0,True,1012;1014
BAX,Short,875,2013-02-26T21:00:00Z,28.806205,2013-03-08T21:00:00Z,29.920648,-975.14,10.2504,-1118.1,44.86,1162.95,10.0,False,814;1015
FDX,Long,428,2013-03-06T21:00:00Z,59.102105,2013-03-08T21:00:00Z,58.264103,-358.66,9.9933,-518.5,0.0,518.5,2.0,False,985;1016
GS,Long,210,2013-03-06T21:00:00Z,119.335478,2013-03-08T21:00:00Z,121.063518,362.89,9.9952,-165.98,434.49,600.47,2.0,True,977;1017
SBUX,Short,1150,2013-03-06T21:00:00Z,21.779637,2013-03-08T21:00:00Z,22.552264,-888.52,10.2352,-888.52,0.0,888.52,2.0,False,983;1018
TRV,Long,414,2013-03-06T21:00:00Z,60.813307,2013-03-08T21:00:00Z,61.029407,89.47,5.0378,-126.49,89.47,126.49,2.0,True,989;1019
USB,Short,1160,2013-03-06T21:00:00Z,21.580862,2013-03-08T21:00:00Z,21.816544,-273.39,10.0446,-273.39,0.0,273.39,2.0,False,978;1020
BIIB,Long,145,2013-03-07T21:00:00Z,172.44,2013-03-08T21:00:00Z,172.41,-4.35,14.9707,-8.7,0.0,8.7,1.0,False,1007;1027
FCX,Short,953,2013-03-07T21:00:00Z,26.265537,2013-03-08T21:00:00Z,26.736847,-449.16,10.1023,-449.16,0.0,449.16,1.0,False,1011;1029
NEE,Long,1991,2013-02-21T21:00:00Z,12.584065,2013-03-08T21:00:00Z,12.901885,632.78,10.1577,-274.61,639.71,274.61,15.0,True,759;1030
CAT,Short,387,2013-03-06T21:00:00Z,65.129565,2013-03-11T20:00:00Z,64.843281,110.79,10.0167,-49.86,373.92,423.78,4.9583,True,980;1032
FB,Short,884,2013-03-08T21:00:00Z,28.16029,2013-03-11T20:00:00Z,27.73437,376.51,9.8244,0.0,376.51,0.0,2.9583,True,1023;1033
EMR,Long,631,2013-03-08T21:00:00Z,39.807238,2013-03-11T20:00:00Z,40.199911,247.78,10.1571,0.0,318.57,70.79,2.9583,True,1026;1034
GM,Short,1219,2013-02-15T21:00:00Z,20.490868,2013-03-11T20:00:00Z,20.72052,-279.95,10.1268,-586.98,1201.06,1788.04,23.9583,False,683;1035
HON,Long,496,2013-03-06T21:00:00Z,50.529924,2013-03-11T20:00:00Z,52.298151,877.04,10.2649,0.0,1057.4,180.36,4.9583,True,981;1036
LOW,Short,824,2013-03-08T21:00:00Z,30.425695,2013-03-11T20:00:00Z,30.68447,-213.23,10.2066,-562.15,0.0,562.15,2.9583,False,1025;1037
MMM,Long,516,2013-03-08T21:00:00Z,48.716304,2013-03-11T20:00:00Z,48.929728,110.13,10.1278,0.0,193.92,83.79,2.9583,True,1021;1038
PM,Short,509,2013-02-22T21:00:00Z,49.280127,2013-03-11T20:00:00Z,48.032395,635.1,9.9371,0.0,635.1,250.27,16.9583,True,777;1039
T,Short,1971,2013-03-07T21:00:00Z,12.719721,2013-03-11T20:00:00Z,12.82464,-206.8,10.0627,-213.69,0.0,213.69,3.9583,False,1001;1040
UNP,Long,490,2013-03-08T21:00:00Z,51.230094,2013-03-11T20:00:00Z,51.673209,217.13,10.159,0.0,384.99,167.86,2.9583,True,1024;1041
AMGN,Long,389,2013-03-11T20:00:00Z,64.035121,2013-03-12T20:00:00Z,63.095257,-365.61,9.8493,-365.61,0.0,365.61,1.0,False,1046;1054
BAX,Short,833,2013-03-11T20:00:00Z,29.950745,2013-03-12T20:00:00Z,30.071133,-100.28,9.9746,-100.28,136.1,236.38,1.0,False,1052;1055
BIIB,Short,145,2013-03-08T21:00:00Z,172.41,2013-03-12T20:00:00Z,174.44,-294.35,5.1055,-527.8,0.0,527.8,3.9583,False,1027;1056
DIS,Short,502,2013-03-06T21:00:00Z,49.80905,2013-03-12T20:00:00Z,50.743355,-469.02,10.0415,-508.84,84.07,592.91,5.9583,False,975;1057
DUK,Short,623,2013-03-06T21:00:00Z,40.14877,2013-03-12T20:00:00Z,39.908564,149.65,9.9352,0.0,235.16,85.51,5.9583,True,982;1058
KMB,Short,446,2013-02-26T21:00:00Z,56.251908,2013-03-12T20:00:00Z,56.382151,-58.09,10.0663,-428.52,0.0,428.52,13.9583,False,813;1059
NKE,Short,1102,2013-03-05T21:00:00Z,22.828371,2013-03-12T20:00:00Z,22.288792,594.62,9.9155,-141.79,690.67,141.79,6.9583,True,957;1060
PFE,Short,1660,2013-03-11T20:00:00Z,15.03585,2013-03-12T20:00:00Z,15.094688,-97.67,9.9785,-97.67,150.95,248.62,1.0,False,1042;1061
TXN,Short,1072,2013-02-27T21:00:00Z,23.40674,2013-03-12T20:00:00Z,24.584002,-1262.02,10.3798,-1351.11,0.0,1351.11,12.9583,False,869;1062
SPY,Long,299,2013-03-04T21:00:00Z,120.163538,2013-03-12T20:00:00Z,123.465343,987.24,16.6861,0.0,1010.91,160.99,7.9583,True,943;1071
SPY,Long,273,2013-03-05T21:00:00Z,121.660039,2013-03-12T20:00:00Z,123.465343,492.85,6.6703,-408.54,514.46,146.99,6.9583,True,962;1071
SPY,Long,105,2013-03-07T21:00:00Z,122.483511,2013-03-12T20:00:00Z,123.465343,103.09,17.3337,-243.6,111.41,56.53,4.9583,True,1013;1071
BA,Long,376,2013-03-06T21:00:00Z,66.499717,2013-03-13T20:00:00Z,71.391262,1839.22,5.375,0.0,1870.93,31.71,6.9583,True,979;1072
BMY,Long,1050,2013-03-05T21:00:00Z,23.951577,2013-03-13T20:00:00Z,24.642178,725.13,10.3091,0.0,935.22,237.19,7.9583,True,956;1073
FB,Short,897,2013-03-12T20:00:00Z,27.833421,2013-03-13T20:00:00Z,27.357975,426.48,9.761,0.0,888.49,462.01,1.0,True,1066;1074
ABBV,Short,1139,2013-03-11T20:00:00Z,21.912618,2013-03-13T20:00:00Z,21.883205,33.5,10.0276,0.0,60.3,26.8,2.0,True,1049;1075
HPQ,Short,4070,2013-03-07T21:00:00Z,6.14553,2013-03-13T20:00:00Z,6.31737,-699.39,10.1112,-723.44,0.0,723.44,5.9583,False,1008;1076
LVS,Short,703,2013-03-11T20:00:00Z,35.913599,2013-03-13T20:00:00Z,36.049635,-95.63,10.1391,-176.92,28.69,205.61,2.0,False,1050;1077
NEE,Short,1945,2013-03-08T21:00:00Z,12.901885,2013-03-13T20:00:00Z,12.729628,335.04,4.9918,-10.15,355.35,219.98,4.9583,True,1030;1078
T,Short,1955,2013-03-12T20:00:00Z,12.782672,2013-03-13T20:00:00Z,12.849121,-129.91,10.0261,-129.91,0.0,129.91,1.0,False,1063;1079
UNH,Long,588,2013-03-04T21:00:00Z,42.419461,2013-03-13T20:00:00Z,43.687067,745.35,10.1092,0.0,745.35,64.59,8.9583,True,937;1080
VZ,Short,1059,2013-03-07T21:00:00Z,23.700512,2013-03-13T20:00:00Z,24.16513,-492.03,10.0967,-492.03,0.0,492.03,5.9583,False,1002;1081
EMR,Short,628,2013-03-13T20:00:00Z,39.793214,2013-03-15T20:00:00Z,40.12979,-211.37,10.0207,-365.49,0.0,365.49,2.0,False,1089;1095
PSX,Short,599,2013-03-12T20:00:00Z,41.71649,2013-03-15T20:00:00Z,40.865133,509.96,9.9268,0.0,555.63,152.23,3.0,True,1067;1097
OXY,Short,469,2013-03-11T20:00:00Z,53.2203,2013-03-15T20:00:00Z,54.293498,-503.33,15.0657,-630.68,0.0,630.68,4.0,False,1047;1100
SPY,Long,602,2013-03-07T21:00:00Z,122.483511,2013-03-15T20:00:00Z,123.971532,895.79,34.144,-1396.62,972.39,324.13,7.9583,True,1013;1105
SPY,Long,393,2013-03-08T21:00:00Z,123.101115,2013-03-15T20:00:00Z,123.971532,342.07,9.6739,-1154.47,392.08,211.6,6.9583,True,1031;1105
SPY,Long,382,2013-03-11T20:00:00Z,123.006099,2013-03-15T20:00:00Z,123.971532,368.8,17.4692,-1085.86,417.41,48.61,4.0,True,1053;1105
BEN,Short,894,2013-03-06T21:00:00Z,28.116346,2013-03-15T20:00:00Z,28.835154,-642.61,5.165,-721.86,0.0,721.86,8.9583,False,988;1106
BK,Long,1287,2013-02-26T21:00:00Z,19.614579,2013-03-15T20:00:00Z,20.930457,1693.53,10.4644,0.0,1880.67,243.27,16.9583,True,841;1107
CAT,Long,390,2013-03-13T20:00:00Z,64.227771,2013-03-15T20:00:00Z,63.404705,-321.0,9.9431,-321.0,0.0,321.0,2.0,False,1087;1108
CVS,Long,690,2013-03-13T20:00:00Z,36.405952,2013-03-15T20:00:00Z,37.172246,528.74,10.2365,0.0,634.49,105.75,2.0,True,1086;1109
DOW,Short,676,2013-03-13T20:00:00Z,36.927575,2013-03-15T20:00:00Z,37.28404,-240.97,10.0937,-497.0,0.0,497.0,2.0,False,1090;1110
FDX,Long,430,2013-03-12T20:00:00Z,58.172093,2013-03-15T20:00:00Z,58.789102,265.31,10.0307,0.0,370.04,104.73,3.0,True,1070;1111
KMI,Short,1341,2013-03-07T21:00:00Z,18.697015,2013-03-15T20:00:00Z,18.545663,202.96,9.9668,-209.73,446.52,243.56,7.9583,True,1009;1112
GM,Short,1193,2013-03-12T20:00:00Z,21.009437,2013-03-15T20:00:00Z,20.698296,371.19,10.001,0.0,371.19,123.73,3.0,True,1069;1113
HAL,Short,772,2013-03-08T21:00:00Z,32.709015,2013-03-15T20:00:00Z,33.123945,-320.33,10.1513,-453.29,0.0,453.29,6.9583,False,1028;1114
MET,Short,2192,2013-03-11T20:00:00Z,11.410218,2013-03-15T20:00:00Z,11.740822,-724.68,10.2366,-769.58,0.0,769.58,4.0,False,1051;1115
ORCL,Long,863,2013-03-13T20:00:00Z,29.323018,2013-03-15T20:00:00Z,29.593239,233.2,10.1633,0.0,374.53,141.33,2.0,True,1083;1116
PCLN,Short,897,2013-03-05T21:00:00Z,27.992347,2013-03-15T20:00:00Z,27.805184,167.88,10.0374,-303.88,167.88,303.88,9.9583,True,959;1117
SCCO,Long,1076,2013-02-28T21:00:00Z,23.345019,2013-03-15T20:00:00Z,22.760625,-628.81,9.8663,-800.9,0.0,800.9,14.9583,False,894;1118
SLB,Short,458,2013-03-12T20:00:00Z,54.818509,2013-03-15T20:00:00Z,55.253911,-199.41,10.0859,-414.91,215.5,630.41,3.0,False,1064;1119
SO,Short,993,2013-03-12T20:00:00Z,25.200611,2013-03-15T20:00:00Z,25.039318,160.16,10.0207,-115.98,160.16,127.03,3.0,True,1068;1120
ADP,Short,533,2013-03-13T20:00:00Z,46.998381,2013-03-15T20:00:00Z,47.490395,-262.24,15.0372,-399.24,0.0,399.24,2.0,False,1091;1130
FCX,Long,947,2013-03-08T21:00:00Z,26.736847,2013-03-15T20:00:00Z,26.824718,83.21,10.2224,-295.03,249.64,295.03,6.9583,True,1029;1131
COF,Long,590,2013-03-06T21:00:00Z,42.621005,2013-03-19T20:00:00Z,43.131295,301.07,4.9691,-301.07,416.87,717.94,12.9583,True,986;1137
MDT,Long,785,2013-03-01T21:00:00Z,31.78504,2013-03-19T20:00:00Z,32.125594,267.33,10.064,0.0,785.3,612.64,17.9583,True,914;1142
ADP,Long,524,2013-03-15T20:00:00Z,47.490395,2013-03-19T20:00:00Z,47.226029,-138.53,4.9493,-177.01,0.0,177.01,4.0,False,1130;1157
AMZN,Long,1891,2013-03-15T20:00:00Z,13.217918,2013-03-19T20:00:00Z,12.88969,-620.68,9.7799,-807.45,0.0,807.45,4.0,False,1123;1158
AXP,Long,464,2013-03-07T21:00:00Z,53.974042,2013-03-19T20:00:00Z,55.024673,487.49,10.0346,-11.61,537.79,383.03,11.9583,True,1004;1159
BA,Long,351,2013-03-15T20:00:00Z,71.526201,2013-03-19T20:00:00Z,72.065958,189.45,10.1796,0.0,207.22,17.76,4.0,True,1125;1160
FB,Long,935,2013-03-15T20:00:00Z,26.763667,2013-03-19T20:00:00Z,26.2486,-481.59,9.8577,-490.85,0.0,490.85,4.0,False,1101;1161
COST,Long,309,2013-03-15T20:00:00Z,80.718182,2013-03-19T20:00:00Z,80.175076,-167.82,9.9164,-211.6,0.0,211.6,4.0,False,1126;1162
DIS,Short,492,2013-03-15T20:00:00Z,50.672842,2013-03-19T20:00:00Z,50.126361,268.87,9.8779,0.0,511.72,242.85,4.0,True,1124;1163
FCX,Short,946,2013-03-15T20:00:00Z,26.824718,2013-03-19T20:00:00Z,26.760812,60.46,4.9846,0.0,453.42,392.96,4.0,True,1131;1164
ABBV,Long,1134,2013-03-15T20:00:00Z,21.936148,2013-03-19T20:00:00Z,22.500876,640.4,10.2544,0.0,713.78,73.38,4.0,True,1102;1165
HPQ,Short,3868,2013-03-15T20:00:00Z,6.500568,2013-03-19T20:00:00Z,6.736952,-914.33,10.3526,-1268.64,0.0,1268.64,4.0,False,1128;1166
MA,Long,518,2013-03-13T20:00:00Z,48.24418,2013-03-19T20:00:00Z,47.67984,-292.33,9.9441,-508.11,232.04,740.15,6.0,False,1085;1167
PFE,Short,1676,2013-03-13T20:00:00Z,14.939569,2013-03-19T20:00:00Z,15.03585,-161.37,10.0424,-161.37,0.0,161.37,6.0,False,1082;1168
TXN,Short,1023,2013-03-15T20:00:00Z,24.37625,2013-03-19T20:00:00Z,24.023071,361.3,9.8827,0.0,410.89,49.59,4.0,True,1129;1169
WMT,Short,1336,2013-03-05T21:00:00Z,18.798302,2013-03-19T20:00:00Z,18.641577,209.38,10.021,-213.61,267.85,275.12,13.9583,True,950;1170
YUM,Short,464,2013-03-15T20:00:00Z,53.540273,2013-03-19T20:00:00Z,53.493938,21.5,9.9643,0.0,175.58,154.08,4.0,True,1132;1171
PEP,Short,503,2013-02-21T21:00:00Z,49.585819,2013-03-19T20:00:00Z,51.003649,-713.17,15.1341,-846.82,0.0,846.82,25.9583,False,752;1173
SPY,Long,325,2013-03-11T20:00:00Z,123.006099,2013-03-19T20:00:00Z,123.510228,163.84,12.174,-923.83,355.12,367.05,8.0,True,1053;1178
SPY,Long,170,2013-03-15T20:00:00Z,123.971532,2013-03-19T20:00:00Z,123.510228,-78.42,13.8609,-647.36,21.63,170.36,4.0,False,1133;1178
BMY,Long,999,2013-03-19T20:00:00Z,25.132698,2013-03-21T20:00:00Z,25.694214,560.95,10.1939,0.0,599.64,103.16,2.0,True,1148;1179
C,Short,732,2013-03-11T20:00:00Z,34.252799,2013-03-21T20:00:00Z,33.600714,477.33,9.9574,-380.79,815.21,380.79,10.0,True,1043;1180
COP,Long,685,2013-03-08T21:00:00Z,36.617975,2013-03-21T20:00:00Z,37.987993,938.46,10.3214,0.0,1271.46,333.0,12.9583,True,1022;1181
HD,Short,496,2013-03-19T20:00:00Z,50.623954,2013-03-21T20:00:00Z,50.018858,300.13,9.9613,0.0,300.13,25.31,2.0,True,1146;1182
MS,Long,1520,2013-03-19T20:00:00Z,16.55655,2013-03-21T20:00:00Z,16.183364,-567.24,9.6977,-1101.76,0.0,1101.76,2.0,False,1151;1183
OXY,Long,459,2013-03-15T20:00:00Z,54.293498,2013-03-21T20:00:00Z,50.601954,-1694.42,4.6506,-1694.42,0.0,1694.42,6.0,False,1100;1184
PCLN,Short,921,2013-03-19T20:00:00Z,27.255028,2013-03-21T20:00:00Z,26.899848,327.12,9.847,0.0,487.26,160.14,2.0,True,1177;1185
PNC,Short,565,2013-03-19T20:00:00Z,44.367912,2013-03-21T20:00:00Z,44.401382,-18.91,10.006,-158.85,94.55,158.85,2.0,False,1154;1186
MCD,Short,361,2013-03-11T20:00:00Z,69.106536,2013-03-21T20:00:00Z,69.078483,10.13,14.999,-286.08,35.44,286.08,10.0,True,1044;1190
ABT,Long,974,2013-03-19T20:00:00Z,25.804529,2013-03-22T20:00:00Z,25.773754,-29.97,10.0759,-44.96,202.33,247.29,3.0,False,1150;1198
AXP,Long,455,2013-03-21T20:00:00Z,54.891259,2013-03-22T20:00:00Z,54.691139,-91.05,9.9879,-91.05,147.96,239.02,1.0,False,1192;1199
LLY,Long,590,2013-03-11T20:00:00Z,42.364082,2013-03-22T20:00:00Z,42.471703,63.5,10.036,-204.09,208.63,204.09,11.0,True,1048;1200
MO,Long,1738,2013-03-19T20:00:00Z,14.44261,2013-03-22T20:00:00Z,14.623682,314.7,10.1304,0.0,404.62,134.87,3.0,True,1174;1201
QCOM,Short,546,2013-03-04T21:00:00Z,45.684202,2013-03-22T20:00:00Z,45.60988,40.58,10.0298,-725.08,472.69,725.08,17.9583,True,932;1202
T,Short,1983,2013-03-19T20:00:00Z,12.691742,2013-03-22T20:00:00Z,12.660266,62.42,10.0657,-97.09,97.09,194.18,3.0,True,1172;1203
TRV,Long,401,2013-03-21T20:00:00Z,62.378164,2013-03-22T20:00:00Z,62.855073,191.24,10.0067,-5.98,191.24,5.98,1.0,True,1196;1204
USB,Long,1153,2013-03-19T20:00:00Z,21.771956,2013-03-22T20:00:00Z,21.396138,-433.32,9.9178,-462.7,0.0,462.7,3.0,False,1149;1205
VZ,Short,1032,2013-03-21T20:00:00Z,24.14015,2013-03-22T20:00:00Z,24.474875,-345.44,10.0867,-360.9,0.0,360.9,1.0,False,1189;1206
GILD,Long,798,2013-03-12T20:00:00Z,31.257295,2013-03-22T20:00:00Z,30.800038,-364.89,15.1181,-773.35,43.57,816.92,10.0,False,1065;1210
SPY,Long,267,2013-03-15T20:00:00Z,123.971532,2013-03-22T20:00:00Z,123.160273,-216.61,6.6086,-1016.73,33.98,324.91,7.0,False,1133;1222
BEN,Long,878,2013-03-19T20:00:00Z,28.634735,2013-03-25T20:00:00Z,28.763851,113.36,10.0284,-245.34,113.36,338.4,6.0,True,1156;1223
C,Short,758,2013-03-22T20:00:00Z,33.336949,2013-03-25T20:00:00Z,33.476158,-105.52,9.9656,-105.52,560.93,666.45,3.0,False,1208;1224
CSCO,Short,1731,2013-03-07T21:00:00Z,14.462095,2013-03-25T20:00:00Z,13.902787,968.16,9.8314,-253.57,1118.0,426.45,17.9583,True,1003;1225
DOW,Short,676,2013-03-19T20:00:00Z,37.206063,2013-03-25T20:00:00Z,36.526551,459.35,9.8617,-30.12,835.87,376.52,6.0,True,1176;1226
EBAY,Long,1279,2013-03-22T20:00:00Z,19.734288,2013-03-25T20:00:00Z,19.819653,109.18,9.929,-882.95,109.18,882.95,3.0,True,1209;1227
GS,Long,211,2013-03-11T20:00:00Z,118.459834,2013-03-25T20:00:00Z,114.6318,-807.72,9.791,-1224.65,343.36,1568.01,14.0,False,1045;1228
TGT,Short,565,2013-03-07T21:00:00Z,44.200634,2013-03-25T20:00:00Z,46.020581,-1028.27,10.1511,-1028.27,0.0,1028.27,17.9583,False,1006;1229
GILD,Short,826,2013-03-22T20:00:00Z,30.800038,2013-03-25T20:00:00Z,31.40744,-501.71,10.0504,-501.71,84.56,586.27,3.0,False,1210;1232
CVS,Long,652,2013-03-21T20:00:00Z,38.217193,2013-03-25T20:00:00Z,38.593374,245.27,15.0345,0.0,245.27,0.0,4.0,True,1193;1233
FB,Short,985,2013-03-22T20:00:00Z,25.555241,2013-03-25T20:00:00Z,25.485905,68.3,14.8469,0.0,643.93,575.64,3.0,True,1214;1235
ABBV,Long,1109,2013-03-22T20:00:00Z,22.689119,2013-03-25T20:00:00Z,22.953835,293.57,15.299,0.0,489.28,195.71,3.0,True,1213;1236
SPY,Long,122,2013-03-15T20:00:00Z,123.971532,2013-03-26T20:00:00Z,123.756787,-26.2,7.7497,-464.58,27.17,148.46,11.0,False,1133;1242
SPY,Long,190,2013-03-21T20:00:00Z,123.112552,2013-03-26T20:00:00Z,123.756787,122.4,4.6647,-560.31,205.52,113.34,5.0,True,1197;1242
MO,Long,1723,2013-03-25T20:00:00Z,14.649549,2013-03-26T20:00:00Z,14.675417,44.57,10.1381,0.0,282.27,237.7,1.0,True,1231;1245
ABBV,Short,1099,2013-03-25T20:00:00Z,22.953835,2013-03-26T20:00:00Z,23.383263,-471.94,10.3462,-769.33,0.0,769.33,1.0,False,1236;1250
AMGN,Long,401,2013-03-19T20:00:00Z,62.66679,2013-03-26T20:00:00Z,67.234803,1831.77,10.5899,0.0,2214.2,382.43,7.0,True,1147;1258
BLK,Short,139,2013-03-07T21:00:00Z,179.628075,2013-03-26T20:00:00Z,181.313545,-234.28,10.1066,-822.47,257.21,1079.68,18.9583,False,1005;1259
FB,Long,988,2013-03-25T20:00:00Z,25.485905,2013-03-26T20:00:00Z,24.812356,-665.47,4.9323,-665.47,0.0,665.47,1.0,False,1235;1260
CVS,Short,655,2013-03-25T20:00:00Z,38.593374,2013-03-26T20:00:00Z,38.767532,-114.07,5.0457,-114.07,50.19,164.27,1.0,False,1233;1261
FCX,Long,953,2013-03-22T20:00:00Z,26.377373,2013-03-26T20:00:00Z,26.113759,-251.22,10.0185,-327.35,0.0,327.35,4.0,False,1221;1262
GILD,Long,811,2013-03-25T20:00:00Z,31.40744,2013-03-26T20:00:00Z,30.902409,-409.58,5.0655,-409.58,0.0,409.58,1.0,False,1232;1263
MSFT,Short,1103,2013-03-15T20:00:00Z,22.616471,2013-03-26T20:00:00Z,22.834325,-240.29,10.0069,-240.29,0.0,240.29,11.0,False,1122;1264
SBUX,Short,1130,2013-03-15T20:00:00Z,22.048711,2013-03-26T20:00:00Z,21.906486,160.71,9.9678,-30.41,291.02,260.62,11.0,True,1127;1265
SO,Short,992,2013-03-25T20:00:00Z,25.445331,2013-03-26T20:00:00Z,25.434207,11.03,10.1265,-215.18,11.03,215.18,1.0,True,1239;1266
YUM,Long,468,2013-03-25T20:00:00Z,54.374306,2013-03-26T20:00:00Z,54.683207,144.57,10.2504,0.0,252.99,108.42,1.0,True,1241;1267
SPY,Short,477,2013-03-26T20:00:00Z,123.756787,2013-03-27T20:00:00Z,123.494321,125.2,23.697,-212.45,125.2,212.45,1.0,True,1270;1271
ABT,Short,968,2013-03-26T20:00:00Z,26.043032,2013-03-27T20:00:00Z,26.235374,-186.19,10.2715,-566.01,0.0,566.01,1.0,False,1253;1272
BA,Long,352,2013-03-25T20:00:00Z,71.703309,2013-03-27T20:00:00Z,72.318969,216.71,10.1558,0.0,474.99,258.27,2.0,True,1234;1273
BEN,Long,880,2013-03-26T20:00:00Z,28.742912,2013-03-27T20:00:00Z,28.843317,88.36,10.2048,0.0,120.64,32.28,1.0,True,1256;1274
CL,Long,604,2013-03-22T20:00:00Z,41.577405,2013-03-27T20:00:00Z,42.582573,607.12,10.2054,0.0,788.15,181.03,5.0,True,1215;1275
DHR,Short,730,2013-03-05T21:00:00Z,34.384768,2013-03-27T20:00:00Z,34.198572,135.92,10.0749,-328.83,320.71,495.28,21.9583,True,958;1276
EMR,Short,628,2013-03-19T20:00:00Z,40.038634,2013-03-27T20:00:00Z,38.664278,863.1,9.8913,-4.4,863.1,140.91,8.0,True,1152;1277
ABBV,Long,1088,2013-03-26T20:00:00Z,23.383263,2013-03-27T20:00:00Z,23.518563,147.21,5.1368,0.0,243.21,96.0,1.0,True,1250;1278
IBM,Short,203,2013-03-15T20:00:00Z,122.913963,2013-03-27T20:00:00Z,120.460021,498.15,9.8659,0.0,537.54,214.32,12.0,True,1121;1279
MA,Long,529,2013-03-22T20:00:00Z,47.642894,2013-03-27T20:00:00Z,49.237087,843.33,10.3147,0.0,1085.19,241.86,5.0,True,1212;1280
MCD,Long,362,2013-03-21T20:00:00Z,69.078483,2013-03-27T20:00:00Z,68.917183,-58.39,5.0216,-66.01,195.48,261.49,6.0,False,1190;1281
OXY,Long,495,2013-03-22T20:00:00Z,50.815301,2013-03-27T20:00:00Z,50.162331,-323.22,10.0352,-323.22,0.0,323.22,5.0,False,1211;1282
UNH,Long,574,2013-03-26T20:00:00Z,44.054588,2013-03-27T20:00:00Z,44.41412,206.37,10.2975,0.0,678.73,472.36,1.0,True,1252;1283
UNP,Long,492,2013-03-26T20:00:00Z,51.49075,2013-03-27T20:00:00Z,51.61363,60.46,10.2708,0.0,467.17,406.71,1.0,True,1268;1284
SLB,Short,483,2013-03-21T20:00:00Z,51.496814,2013-03-27T20:00:00Z,51.918171,-203.52,15.1608,-600.37,0.0,600.37,6.0,False,1191;1286
BIIB,Short,142,2013-03-22T20:00:00Z,176.88,2013-04-01T20:00:00Z,193.66,-2382.76,10.5299,-2382.76,93.72,2476.48,10.0,False,1216;1297
CVX,Short,364,2013-03-21T20:00:00Z,68.587668,2013-04-01T20:00:00Z,67.958948,228.85,9.9843,-245.5,245.5,245.5,11.0,True,1187;1298
MO,Long,1702,2013-03-27T20:00:00Z,14.744396,2013-04-01T20:00:00Z,14.740085,-7.34,10.0835,-7.34,139.42,146.75,5.0,False,1287;1299
MSFT,Short,1110,2013-03-27T20:00:00Z,22.68102,2013-04-01T20:00:00Z,23.092522,-456.77,10.2065,-456.77,0.0,456.77,5.0,False,1285;1300
CAT,Long,404,2013-03-27T20:00:00Z,61.858772,2013-04-02T20:00:00Z,61.393561,-187.95,9.9339,-448.18,156.14,604.32,6.0,False,1292;1307
COF,Long,587,2013-03-26T20:00:00Z,43.099893,2013-04-02T20:00:00Z,42.275578,-483.87,10.1097,-562.21,18.43,580.65,7.0,False,1257;1308
FB,Short,992,2013-04-01T20:00:00Z,25.357138,2013-04-02T20:00:00Z,25.53543,-176.87,10.0126,-176.87,176.87,353.73,1.0,False,1303;1309
CVS,Long,654,2013-03-27T20:00:00Z,38.349553,2013-04-02T20:00:00Z,38.036069,-205.02,10.0441,-236.91,86.56,291.58,6.0,False,1289;1310
PSX,Short,607,2013-03-19T20:00:00Z,41.220924,2013-04-02T20:00:00Z,44.308681,-1874.27,10.2005,-1962.97,0.0,1962.97,14.0,False,1153;1311
LOW,Short,818,2013-03-13T20:00:00Z,30.755045,2013-04-02T20:00:00Z,29.500378,1026.32,9.9322,0.0,1090.46,320.72,20.0,True,1088;1312
MET,Short,2189,2013-03-19T20:00:00Z,11.515543,2013-04-02T20:00:00Z,11.08254,947.84,9.8422,0.0,1101.55,339.43,14.0,True,1175;1313
MRK,Short,895,2013-03-13T20:00:00Z,28.044365,2013-04-02T20:00:00Z,27.925188,106.66,10.0489,-112.28,606.3,718.58,20.0,True,1084;1314
MS,Short,1582,2013-03-25T20:00:00Z,16.054184,2013-04-02T20:00:00Z,15.358048,1101.29,9.9161,0.0,1101.29,79.47,8.0,True,1238;1315
SLB,Long,482,2013-03-27T20:00:00Z,51.918171,2013-04-02T20:00:00Z,52.304414,186.17,5.0645,0.0,324.95,294.49,6.0,True,1286;1316
SO,Short,982,2013-03-27T20:00:00Z,25.606624,2013-04-02T20:00:00Z,26.001513,-387.78,10.1784,-480.63,0.0,480.63,6.0,False,1296;1317
VZ,Short,1028,2013-03-25T20:00:00Z,24.539822,2013-04-02T20:00:00Z,24.729665,-195.16,10.1349,-195.16,92.44,287.6,8.0,False,1230;1318
WFC,Short,966,2013-03-19T20:00:00Z,26.019927,2013-04-02T20:00:00Z,25.442317,557.97,9.8801,0.0,637.68,106.28,14.0,True,1145;1319
BLK,Short,136,2013-03-27T20:00:00Z,184.239808,2013-04-03T20:00:00Z,184.921168,-92.66,9.8479,-92.66,843.74,936.4,7.0,False,1295;1330
GS,Long,222,2013-03-27T20:00:00Z,113.329959,2013-04-03T20:00:00Z,113.725161,87.73,10.0207,-488.56,154.83,643.39,7.0,True,1288;1333
USB,Long,1168,2013-03-27T20:00:00Z,21.437487,2013-04-03T20:00:00Z,21.821901,449.0,10.0919,0.0,478.93,321.78,7.0,True,1291;1337
AIG,Long,884,2013-04-02T20:00:00Z,28.477639,2013-04-03T20:00:00Z,29.027716,486.27,10.0986,-308.85,486.27,308.85,1.0,True,1322;1345
BEN,Long,870,2013-04-02T20:00:00Z,28.98234,2013-04-03T20:00:00Z,29.127155,125.99,9.9649,-690.42,125.99,690.42,1.0,True,1327;1346
C,Short,784,2013-04-02T20:00:00Z,32.201295,2013-04-03T20:00:00Z,32.245256,-34.47,9.9501,-34.47,832.91,867.38,1.0,False,1320;1347
DHR,Short,731,2013-04-02T20:00:00Z,34.493435,2013-04-03T20:00:00Z,34.404419,65.07,9.9907,0.0,370.09,305.02,1.0,True,1326;1348
HPQ,Short,3570,2013-04-01T20:00:00Z,7.017659,2013-04-03T20:00:00Z,6.494658,1867.11,9.5402,0.0,1940.95,73.84,2.0,True,1305;1349
LLY,Long,582,2013-03-27T20:00:00Z,43.071303,2013-04-03T20:00:00Z,43.547909,277.38,10.1308,0.0,366.86,129.74,7.0,True,1290;1350
MDT,Long,776,2013-03-21T20:00:00Z,32.161068,2013-04-03T20:00:00Z,33.501569,1040.23,10.2514,0.0,1101.12,137.64,13.0,True,1194;1351
MMM,Long,509,2013-04-01T20:00:00Z,49.180269,2013-04-03T20:00:00Z,49.458648,141.69,9.981,-75.57,141.69,198.37,2.0,True,1302;1352
SBUX,Short,1148,2013-04-01T20:00:00Z,21.933393,2013-04-03T20:00:00Z,22.448478,-591.32,10.1115,-591.32,0.0,591.32,2.0,False,1306;1353
SPY,Short,283,2013-04-02T20:00:00Z,124.544185,2013-04-03T20:00:00Z,124.806652,-74.28,23.8724,-74.28,324.12,398.4,1.0,False,1328;1361
SPY,Short,394,2013-04-02T20:00:00Z,124.544185,2013-04-04T20:00:00Z,123.621577,363.51,9.7677,-103.41,451.25,554.66,2.0,True,1328;1362
BK,Long,1220,2013-03-21T20:00:00Z,20.443364,2013-04-04T20:00:00Z,19.985351,-558.78,9.8132,-611.99,168.52,780.51,14.0,False,1195;1363
CSCO,Long,1813,2013-03-26T20:00:00Z,13.942738,2013-04-04T20:00:00Z,14.102431,289.52,10.1523,-132.79,338.01,132.79,9.0,True,1249;1364
FCX,Short,987,2013-04-03T20:00:00Z,25.418777,2013-04-04T20:00:00Z,25.243034,173.46,9.9754,0.0,173.46,0.0,1.0,True,1344;1365
MS,Short,1616,2013-04-03T20:00:00Z,15.573348,2013-04-04T20:00:00Z,15.157102,672.65,9.8439,0.0,672.65,0.0,1.0,True,1342;1366
OXY,Long,482,2013-04-03T20:00:00Z,52.108311,2013-04-04T20:00:00Z,52.373378,127.76,10.1512,0.0,380.17,252.41,1.0,True,1340;1367
KO,Short,954,2013-03-21T20:00:00Z,26.234515,2013-04-04T20:00:00Z,26.544242,-295.48,15.2222,-572.1,0.0,572.1,14.0,False,1188;1368
JPM,Long,758,2013-04-01T20:00:00Z,33.198275,2013-04-04T20:00:00Z,33.01921,-135.73,15.2347,-199.67,402.46,602.13,3.0,False,1301;1369
BMY,Short,936,2013-04-03T20:00:00Z,26.829554,2013-04-04T20:00:00Z,26.653814,164.49,14.9791,0.0,268.06,103.57,1.0,True,1339;1370
CVS,Long,654,2013-04-03T20:00:00Z,38.405284,2013-04-04T20:00:00Z,37.854945,-359.92,15.1253,-359.92,95.68,455.6,1.0,False,1338;1371
BA,Long,355,2013-04-03T20:00:00Z,70.918975,2013-04-04T20:00:00Z,71.374395,161.67,15.2106,0.0,257.48,95.81,1.0,True,1358;1373
FB,Short,1000,2013-04-03T20:00:00Z,25.555241,2013-04-04T20:00:00Z,26.387272,-832.03,15.7553,-1248.05,0.0,1248.05,1.0,False,1359;1374
COF,Long,587,2013-04-03T20:00:00Z,42.94288,2013-04-05T20:00:00Z,42.621005,-188.94,10.0341,-188.94,170.51,359.45,2.0,False,1343;1379
FB,Long,969,2013-04-04T20:00:00Z,26.387272,2013-04-05T20:00:00Z,26.624995,230.35,5.2578,0.0,719.86,489.5,1.0,True,1374;1380
COP,Long,664,2013-04-03T20:00:00Z,37.943798,2013-04-05T20:00:00Z,36.857886,-721.05,9.8783,-721.05,0.0,721.05,2.0,False,1356;1381
CVS,Short,668,2013-04-04T20:00:00Z,37.854945,2013-04-05T20:00:00Z,38.258991,-269.9,5.1784,-604.95,0.0,604.95,1.0,False,1371;1382
GS,Short,221,2013-04-03T20:00:00Z,113.725161,2013-04-05T20:00:00Z,109.246206,989.85,9.8334,0.0,989.85,119.88,2.0,True,1357;1383
PEP,Long,492,2013-03-19T20:00:00Z,51.003649,2013-04-05T20:00:00Z,52.451786,712.48,5.1371,-202.63,964.14,372.58,17.0,True,1173;1384
BMY,Long,943,2013-04-04T20:00:00Z,26.653814,2013-04-05T20:00:00Z,26.185176,-441.93,10.0073,-441.93,0.0,441.93,1.0,False,1370;1385
DE,Long,369,2013-03-25T20:00:00Z,68.703034,2013-04-08T20:00:00Z,67.120673,-583.89,9.985,-1080.63,0.0,1080.63,14.0,False,1240;1390
DHR,Short,742,2013-04-04T20:00:00Z,34.031668,2013-04-08T20:00:00Z,33.675607,264.2,10.0329,0.0,264.2,90.82,4.0,True,1377;1391
F,Short,3643,2013-03-25T20:00:00Z,6.937054,2013-04-08T20:00:00Z,6.488493,1634.11,9.9111,-19.0,1634.11,646.04,14.0,True,1237;1392
LVS,Short,668,2013-04-03T20:00:00Z,37.629013,2013-04-08T20:00:00Z,36.245996,923.86,9.9136,0.0,1024.47,855.25,5.0,True,1341;1393
MCD,Long,362,2013-04-02T20:00:00Z,69.744723,2013-04-08T20:00:00Z,70.887849,413.81,10.2443,-50.77,520.44,106.63,6.0,True,1321;1394
WMT,Short,1334,2013-03-22T20:00:00Z,18.880968,2013-04-08T20:00:00Z,19.614584,-978.64,10.4093,-1352.93,0.0,1352.93,17.0,False,1207;1395
JPM,Short,765,2013-04-04T20:00:00Z,33.01921,2013-04-08T20:00:00Z,33.672986,-500.14,10.3409,-865.83,0.0,865.83,4.0,False,1369;1397
KO,Long,952,2013-04-04T20:00:00Z,26.544242,2013-04-08T20:00:00Z,26.372904,-163.11,10.2698,-163.11,363.87,526.98,4.0,False,1368;1398
ABBV,Long,1030,2013-04-05T20:00:00Z,24.300946,2013-04-08T20:00:00Z,24.265651,-36.35,15.1688,-36.35,278.72,315.07,3.0,False,1386;1402
BA,Short,354,2013-04-04T20:00:00Z,71.374395,2013-04-10T20:00:00Z,73.659927,-809.08,5.2438,-952.38,0.0,952.38,6.0,False,1373;1406
BIIB,Short,130,2013-04-02T20:00:00Z,194.94,2013-04-10T20:00:00Z,193.69,162.5,10.3108,-447.2,230.1,677.3,8.0,True,1324;1408
BMY,Short,950,2013-04-05T20:00:00Z,26.185176,2013-04-10T20:00:00Z,26.601744,-395.74,5.0939,-593.61,0.0,593.61,5.0,False,1385;1409
OXY,Long,477,2013-04-08T20:00:00Z,53.562948,2013-04-10T20:00:00Z,52.767746,-379.31,15.0497,-459.49,0.0,459.49,2.0,False,1400;1416
FB,Short,930,2013-04-08T20:00:00Z,26.932054,2013-04-10T20:00:00Z,26.743856,175.02,15.2492,-340.84,552.71,893.54,2.0,True,1401;1418
BAX,Long,824,2013-04-05T20:00:00Z,30.251715,2013-04-10T20:00:00Z,30.453794,166.51,10.0567,-88.57,379.08,212.57,5.0,True,1388;1424
COST,Short,302,2013-03-27T20:00:00Z,82.835509,2013-04-10T20:00:00Z,83.221193,-116.48,10.0973,-582.38,0.0,582.38,14.0,False,1294;1425
ABBV,Short,1038,2013-04-08T20:00:00Z,24.265651,2013-04-10T20:00:00Z,25.08333,-848.75,5.327,-1447.15,0.0,1447.15,2.0,False,1402;1426
PSX,Long,635,2013-04-04T20:00:00Z,39.626218,2013-04-10T20:00:00Z,41.15739,972.29,10.1869,-24.21,972.29,322.75,6.0,True,1378;1427
HPQ,Short,3828,2013-04-05T20:00:00Z,6.500568,2013-04-10T20:00:00Z,6.565574,-248.84,10.0193,-361.95,79.18,441.13,5.0,False,1387;1428
LLY,Long,577,2013-04-04T20:00:00Z,43.701652,2013-04-10T20:00:00Z,44.06295,208.47,10.16,-164.11,332.66,164.11,6.0,True,1372;1429
MDT,Short,764,2013-04-08T20:00:00Z,33.016453,2013-04-10T20:00:00Z,33.41596,-305.22,10.2054,-523.24,0.0,523.24,2.0,False,1404;1430
NEE,Long,1910,2013-03-22T20:00:00Z,13.161141,2013-04-10T20:00:00Z,13.80841,1236.28,10.3708,0.0,1429.04,249.25,19.0,True,1220;1431
PX,Long,285,2013-03-22T20:00:00Z,87.924219,2013-04-10T20:00:00Z,88.287705,103.59,10.1139,-216.2,380.59,412.12,19.0,True,1219;1432
TGT,Short,547,2013-04-02T20:00:00Z,46.161092,2013-04-10T20:00:00Z,46.174474,-7.32,10.0788,-98.82,369.66,468.48,8.0,False,1325;1433
MA,Short,516,2013-04-10T20:00:00Z,48.977134,2013-04-10T20:00:00Z,48.977134,0.0,15.2996,0.0,0.0,0.0,0.0,False,1414;1434
SPY,Long,508,2013-04-05T20:00:00Z,122.468316,2013-04-10T20:00:00Z,125.00549,1288.88,29.5874,0.0,1919.18,630.3,5.0,True,1389;1436
COF,Long,575,2013-04-10T20:00:00Z,43.932058,2013-04-11T20:00:00Z,43.782897,-85.77,9.9834,-514.61,0.0,514.61,1.0,False,1435;1437
CSCO,Long,1824,2013-04-08T20:00:00Z,13.854078,2013-04-11T20:00:00Z,14.303798,820.29,10.3479,0.0,1285.53,465.24,3.0,True,1399;1438
LVS,Short,671,2013-04-10T20:00:00Z,37.793331,2013-04-11T20:00:00Z,38.121969,-220.52,10.1502,-220.52,105.66,326.18,1.0,False,1421;1439
MSFT,Short,1090,2013-04-08T20:00:00Z,23.108659,2013-04-11T20:00:00Z,23.479818,-404.56,10.1281,-1442.35,0.0,1442.35,3.0,False,1396;1440
PFE,Short,1610,2013-04-03T20:00:00Z,15.629581,2013-04-11T20:00:00Z,16.025402,-637.27,10.2773,-1222.87,103.34,1326.21,8.0,False,1354;1441
TXN,Long,1035,2013-04-10T20:00:00Z,24.480126,2013-04-11T20:00:00Z,24.549377,71.67,10.2452,0.0,265.2,193.52,1.0,True,1422;1442
FB,Long,957,2013-04-10T20:00:00Z,26.743856,2013-04-11T20:00:00Z,27.229208,464.48,10.4374,0.0,957.4,492.92,1.0,True,1418;1450
OXY,Short,478,2013-04-10T20:00:00Z,52.767746,2013-04-11T20:00:00Z,54.299963,-732.4,10.419,-797.3,0.0,797.3,1.0,False,1416;1451
BA,Short,340,2013-04-11T20:00:00Z,74.090046,2013-04-12T20:00:00Z,74.477996,-131.9,10.1749,-298.22,0.0,298.22,1.0,False,1449;1454
COST,Short,303,2013-04-11T20:00:00Z,83.33926,2013-04-12T20:00:00Z,83.567522,-69.16,10.1188,-69.16,0.0,69.16,1.0,False,1452;1455
PX,Long,282,2013-04-11T20:00:00Z,89.27544,2013-04-12T20:00:00Z,88.485252,-222.83,9.954,-441.21,0.0,441.21,1.0,False,1453;1456
UPS,Long,488,2013-04-03T20:00:00Z,51.578704,2013-04-12T20:00:00Z,51.646239,32.96,10.0352,-233.7,164.79,233.7,9.0,True,1355;1457
WMT,Short,1267,2013-04-11T20:00:00Z,19.936346,2013-04-12T20:00:00Z,20.005846,-88.06,10.1983,-362.01,0.0,362.01,1.0,False,1443;1458
OXY,Long,479,2013-04-11T20:00:00Z,54.299963,2013-04-12T20:00:00Z,54.021966,-133.16,10.157,-185.81,0.0,185.81,1.0,False,1451;1462
MA,Long,516,2013-04-10T20:00:00Z,48.977134,2013-04-12T20:00:00Z,49.437621,237.61,10.0441,0.0,552.04,393.63,2.0,True,1434;1464
SPY,Long,171,2013-04-05T20:00:00Z,122.468316,2013-04-12T20:00:00Z,126.230332,643.3,8.3601,0.0,712.67,212.17,7.0,True,1389;1475
SPY,Long,160,2013-04-08T20:00:00Z,123.478414,2013-04-12T20:00:00Z,126.230332,440.31,11.9024,-161.62,505.21,198.52,4.0,True,1405;1475
AMGN,Long,337,2013-04-12T20:00:00Z,74.981768,2013-04-16T20:00:00Z,75.54845,190.97,10.36,-4.66,547.3,356.33,4.0,True,1460;1476
BK,Long,1210,2013-04-12T20:00:00Z,20.639655,2013-04-16T20:00:00Z,20.065321,-694.94,9.8893,-932.46,0.0,932.46,4.0,False,1474;1477
CAT,Short,414,2013-04-03T20:00:00Z,60.019399,2013-04-16T20:00:00Z,59.912042,44.45,9.8805,-802.98,471.12,802.98,13.0,True,1360;1478
FB,Short,924,2013-04-11T20:00:00Z,27.229208,2013-04-16T20:00:00Z,26.555659,622.36,4.9276,0.0,887.78,366.09,5.0,True,1450;1479
COP,Long,663,2013-04-11T20:00:00Z,38.164769,2013-04-16T20:00:00Z,36.624289,-1021.34,9.845,-1343.65,0.0,1343.65,5.0,False,1445;1480
EOG,Long,573,2013-03-22T20:00:00Z,43.99443,2013-04-16T20:00:00Z,41.934499,-1180.34,9.8981,-1636.81,933.88,2570.69,25.0,False,1218;1481
JPM,Long,749,2013-04-08T20:00:00Z,33.672986,2013-04-16T20:00:00Z,34.031509,268.53,5.1063,0.0,763.48,747.68,8.0,True,1397;1482
LVS,Short,669,2013-04-12T20:00:00Z,37.498927,2013-04-16T20:00:00Z,37.074436,283.98,10.1153,0.0,558.81,407.65,4.0,True,1467;1483
MCD,Short,352,2013-04-12T20:00:00Z,71.147331,2013-04-16T20:00:00Z,71.925779,-274.01,10.2012,-392.51,0.0,392.51,4.0,False,1459;1484
PCLN,Long,940,2013-03-22T20:00:00Z,26.935796,2013-04-16T20:00:00Z,28.118164,1111.43,10.4209,-52.52,1974.2,1165.42,25.0,True,1217;1485
UNP,Long,478,2013-04-12T20:00:00Z,52.652531,2013-04-16T20:00:00Z,51.017845,-781.38,15.177,-1003.87,0.0,1003.87,4.0,False,1463;1491
OXY,Short,463,2013-04-12T20:00:00Z,54.021966,2013-04-16T20:00:00Z,52.871187,532.81,9.9707,0.0,856.09,323.28,4.0,True,1462;1492
CVS,Short,642,2013-04-16T20:00:00Z,39.387534,2013-04-17T20:00:00Z,40.084165,-447.24,10.2721,-447.24,0.0,447.24,1.0,False,1489;1505
ABBV,Short,983,2013-04-11T20:00:00Z,25.778563,2013-04-17T20:00:00Z,25.006749,758.69,9.9716,0.0,1155.55,589.45,6.0,True,1447;1508
MDT,Short,763,2013-04-16T20:00:00Z,33.123464,2013-04-17T20:00:00Z,33.209073,-65.32,10.1223,-65.32,54.43,119.75,1.0,False,1493;1513
SO,Long,951,2013-04-12T20:00:00Z,26.440897,2013-04-17T20:00:00Z,26.696741,243.31,10.1385,-95.21,312.07,95.21,5.0,True,1470;1516
OXY,Long,482,2013-04-16T20:00:00Z,52.871187,2013-04-17T20:00:00Z,52.470354,-193.2,9.955,-414.45,0.0,414.45,1.0,False,1492;1523
AIG,Short,856,2013-04-10T20:00:00Z,29.518325,2013-04-17T20:00:00Z,29.050016,400.87,10.0104,-464.5,731.75,623.58,7.0,True,1419;1532
AXP,Long,469,2013-04-16T20:00:00Z,53.950119,2013-04-17T20:00:00Z,53.62396,-152.97,10.0975,-152.97,0.0,152.97,1.0,False,1488;1533
BA,Short,344,2013-04-16T20:00:00Z,73.811734,2013-04-17T20:00:00Z,72.774389,356.85,10.0718,0.0,356.85,0.0,1.0,True,1490;1534
BEN,Long,868,2013-04-16T20:00:00Z,29.25073,2013-04-17T20:00:00Z,29.192804,-50.28,10.0771,-615.09,0.0,615.09,1.0,False,1498;1535
BLK,Short,133,2013-04-12T20:00:00Z,188.593341,2013-04-17T20:00:00Z,182.568682,801.28,9.8092,0.0,1137.05,335.77,5.0,True,1468;1536
CL,Short,584,2013-04-02T20:00:00Z,43.149122,2013-04-17T20:00:00Z,43.500018,-204.92,10.1074,-273.23,283.9,557.13,15.0,False,1323;1537
COST,Short,307,2013-04-16T20:00:00Z,82.434083,2013-04-17T20:00:00Z,82.512794,-24.16,10.1645,-24.16,0.0,24.16,1.0,False,1494;1538
CVX,Long,371,2013-04-10T20:00:00Z,67.804625,2013-04-17T20:00:00Z,66.467166,-496.2,9.943,-810.03,491.96,1301.99,7.0,False,1413;1539
EMR,Long,634,2013-04-12T20:00:00Z,39.533769,2013-04-17T20:00:00Z,37.878932,-1049.17,9.727,-1244.77,0.0,1244.77,5.0,False,1471;1540
KMI,Long,1288,2013-04-12T20:00:00Z,19.433594,2013-04-17T20:00:00Z,19.282242,-194.94,9.9524,-467.86,0.0,467.86,5.0,False,1473;1541
GS,Short,218,2013-04-11T20:00:00Z,115.817406,2013-04-17T20:00:00Z,110.656534,1125.07,9.7847,0.0,1506.85,381.78,6.0,True,1446;1542
HPQ,Long,4086,2013-04-12T20:00:00Z,6.131218,2013-04-17T20:00:00Z,6.166675,144.88,9.9943,-313.91,338.05,651.96,5.0,True,1472;1543
KO,Short,955,2013-04-08T20:00:00Z,26.372904,2013-04-17T20:00:00Z,27.789739,-1353.08,5.3544,-1585.93,0.0,1585.93,9.0,False,1398;1544
LLY,Long,565,2013-04-12T20:00:00Z,44.378125,2013-04-17T20:00:00Z,43.801586,-325.74,9.9878,-538.56,0.0,538.56,5.0,False,1465;1545
LOW,Long,827,2013-04-12T20:00:00Z,30.339437,2013-04-17T20:00:00Z,29.657211,-564.2,9.9234,-713.36,0.0,713.36,5.0,False,1469;1546
MA,Short,503,2013-04-12T20:00:00Z,49.437621,2013-04-17T20:00:00Z,48.753363,344.18,4.8907,0.0,601.85,459.06,5.0,True,1464;1547
MS,Long,1634,2013-04-16T20:00:00Z,15.630761,2013-04-17T20:00:00Z,15.429815,-328.35,10.16,-363.53,0.0,363.53,1.0,False,1495;1548
ORCL,Short,937,2013-04-16T20:00:00Z,26.981108,2013-04-17T20:00:00Z,27.103935,-115.09,10.1141,-115.09,360.61,475.7,1.0,False,1486;1549
PG,Short,467,2013-04-11T20:00:00Z,54.131427,2013-04-17T20:00:00Z,54.540636,-191.1,10.1111,-232.51,98.74,289.84,6.0,False,1444;1550
UNP,Short,498,2013-04-16T20:00:00Z,51.017845,2013-04-17T20:00:00Z,51.673209,-326.37,5.0788,-326.37,12.98,339.35,1.0,False,1491;1551
SPY,Long,193,2013-04-08T20:00:00Z,123.478414,2013-04-17T20:00:00Z,124.321487,162.71,4.7598,-194.95,609.41,641.64,9.0,True,1405;1558
ABT,Short,903,2013-04-08T20:00:00Z,27.920285,2013-04-18T20:00:00Z,28.90644,-890.5,10.2223,-890.5,16.08,906.58,10.0,False,1403;1559
BIIB,Short,123,2013-04-17T20:00:00Z,200.11,2013-04-18T20:00:00Z,204.18,-500.61,9.9074,-500.61,178.35,678.96,1.0,False,1526;1560
COP,Short,691,2013-04-17T20:00:00Z,36.030825,2013-04-18T20:00:00Z,35.974004,39.26,9.958,-109.06,39.26,109.06,1.0,True,1522;1561
DE,Long,371,2013-04-10T20:00:00Z,68.020729,2013-04-18T20:00:00Z,64.61617,-1263.09,9.8533,-1263.09,194.55,1457.64,8.0,False,1423;1562
KMB,Long,410,2013-04-17T20:00:00Z,60.99841,2013-04-18T20:00:00Z,60.69748,-123.38,9.9702,-123.38,2.47,125.85,1.0,False,1557;1563
LVS,Short,672,2013-04-17T20:00:00Z,36.930657,2013-04-18T20:00:00Z,36.355542,386.48,9.6463,0.0,910.98,524.51,1.0,True,1527;1564
MRK,Short,851,2013-04-17T20:00:00Z,29.267504,2013-04-18T20:00:00Z,29.430589,-138.79,9.9627,-138.79,53.38,192.16,1.0,False,1553;1565
PFE,Short,1515,2013-04-17T20:00:00Z,16.464015,2013-04-18T20:00:00Z,16.496108,-48.62,9.961,-48.62,153.97,202.59,1.0,False,1519;1566
PM,Short,494,2013-04-17T20:00:00Z,50.508155,2013-04-18T20:00:00Z,49.094034,698.58,9.7922,0.0,780.3,81.72,1.0,True,1552;1567
PNC,Long,568,2013-03-26T20:00:00Z,44.602202,2013-04-18T20:00:00Z,43.972567,-357.63,10.0339,-935.54,258.55,1194.09,23.0,False,1255;1568
TXN,Long,1013,2013-04-17T20:00:00Z,24.258524,2013-04-18T20:00:00Z,23.995371,-266.57,9.5588,-778.68,0.0,778.68,1.0,False,1528;1569
SPY,Long,126,2013-04-08T20:00:00Z,123.478414,2013-04-18T20:00:00Z,123.542042,8.02,6.2279,-127.27,397.85,509.09,10.0,True,1405;1586
SPY,Long,128,2013-04-16T20:00:00Z,124.32944,2013-04-18T20:00:00Z,123.542042,-100.79,12.2199,-238.22,295.23,221.94,2.0,False,1499;1586
AAPL,Long,2053,2013-04-18T20:00:00Z,12.276737,2013-04-19T20:00:00Z,11.761114,-1058.57,9.7389,-1058.57,0.0,1058.57,1.0,False,1570;1587
CVS,Long,624,2013-04-17T20:00:00Z,40.084165,2013-04-19T20:00:00Z,40.06154,-14.12,10.0363,-291.25,300.11,314.23,2.0,False,1555;1588
CVX,Short,382,2013-04-18T20:00:00Z,65.661261,2013-04-19T20:00:00Z,66.610057,-362.44,10.1086,-362.44,0.0,362.44,1.0,False,1572;1589
DHR,Short,754,2013-04-18T20:00:00Z,32.290306,2013-04-19T20:00:00Z,32.412702,-92.29,9.8277,-440.46,0.0,440.46,1.0,False,1580;1590
EMR,Long,667,2013-04-18T20:00:00Z,37.69662,2013-04-19T20:00:00Z,37.556379,-93.54,9.991,-130.96,0.0,130.96,1.0,False,1582;1591
GILD,Short,715,2013-04-12T20:00:00Z,35.256591,2013-04-19T20:00:00Z,34.574118,487.97,10.2591,-746.59,487.97,1229.68,7.0,True,1461;1592
KMI,Long,1314,2013-04-18T20:00:00Z,19.055214,2013-04-19T20:00:00Z,19.221701,218.76,10.1812,0.0,729.21,510.45,1.0,True,1583;1593
KFT,Short,1131,2013-03-26T20:00:00Z,22.266822,2013-04-19T20:00:00Z,22.549874,-320.13,10.4639,-1623.25,0.0,1623.25,24.0,False,1254;1594
MA,Short,515,2013-04-18T20:00:00Z,48.614662,2013-04-19T20:00:00Z,48.344658,139.05,9.9333,0.0,180.48,41.43,1.0,True,1578;1595
SO,Long,939,2013-04-18T20:00:00Z,26.718988,2013-04-19T20:00:00Z,26.696741,-20.89,10.067,-20.89,245.46,266.35,1.0,False,1581;1596
UNH,Short,511,2013-04-04T20:00:00Z,49.335706,2013-04-19T20:00:00Z,47.857632,755.3,9.9675,-522.58,841.03,522.58,15.0,True,1376;1597
USB,Short,1169,2013-04-04T20:00:00Z,21.623287,2013-04-19T20:00:00Z,20.758356,1011.1,9.9343,-337.03,1100.98,629.13,15.0,True,1375;1598
QCOM,Long,562,2013-04-18T20:00:00Z,45.137814,2013-04-19T20:00:00Z,44.158972,-550.11,14.9824,-550.11,0.0,550.11,1.0,False,1573;1603
ACN,Short,418,2013-04-12T20:00:00Z,59.662741,2013-04-22T20:00:00Z,58.128158,641.46,9.8596,-165.22,725.69,728.93,10.0,True,1466;1612
BEN,Short,896,2013-04-19T20:00:00Z,28.098002,2013-04-22T20:00:00Z,28.474521,-337.36,10.2098,-468.85,0.0,468.85,3.0,False,1611;1613
CAT,Short,424,2013-04-17T20:00:00Z,58.330324,2013-04-22T20:00:00Z,58.53935,-88.63,9.9967,-528.42,167.92,696.34,5.0,False,1525;1614
HAL,Long,807,2013-04-17T20:00:00Z,30.720482,2013-04-22T20:00:00Z,30.532589,-151.63,9.727,-1282.53,31.59,1282.53,5.0,False,1530;1615
HON,Short,489,2013-04-18T20:00:00Z,51.178749,2013-04-22T20:00:00Z,52.968366,-875.12,10.1849,-979.72,0.0,979.72,4.0,False,1579;1616
JNJ,Long,432,2013-04-17T20:00:00Z,57.847394,2013-04-22T20:00:00Z,58.71514,374.87,10.1202,-44.98,449.84,74.97,5.0,True,1518;1617
LLY,Short,579,2013-04-19T20:00:00Z,43.471037,2013-04-22T20:00:00Z,44.132135,-382.78,10.237,-458.44,0.0,458.44,3.0,False,1606;1618
MS,Long,1719,2013-04-19T20:00:00Z,14.518379,2013-04-22T20:00:00Z,14.783915,456.46,10.1876,0.0,592.16,135.7,3.0,True,1608;1619
NEE,Long,1833,2013-04-16T20:00:00Z,13.768391,2013-04-22T20:00:00Z,13.914548,267.91,10.1817,-89.3,309.37,89.3,6.0,True,1497;1620
OXY,Short,475,2013-04-17T20:00:00Z,52.470354,2013-04-22T20:00:00Z,51.558782,433.0,4.9478,0.0,475.99,291.74,5.0,True,1523;1621
PFE,Short,1531,2013-04-19T20:00:00Z,16.426572,2013-04-22T20:00:00Z,16.613785,-286.62,10.153,-286.62,0.0,286.62,3.0,False,1600;1622
PX,Long,287,2013-04-18T20:00:00Z,87.371087,2013-04-22T20:00:00Z,86.896974,-136.07,9.9567,-188.23,0.0,188.23,4.0,False,1585;1623
UPS,Short,490,2013-04-17T20:00:00Z,50.835813,2013-04-22T20:00:00Z,50.934047,-48.13,9.9746,-138.39,129.36,267.75,5.0,False,1521;1624
DIS,Short,468,2013-04-18T20:00:00Z,53.449315,2013-04-22T20:00:00Z,54.38362,-437.25,15.0935,-565.13,0.0,565.13,4.0,False,1575;1628
CSCO,Long,1809,2013-04-18T20:00:00Z,13.9212,2013-04-22T20:00:00Z,13.760106,-291.42,15.0288,-352.13,0.0,352.13,4.0,False,1574;1629
SPY,Long,360,2013-04-16T20:00:00Z,124.32944,2013-04-24T20:00:00Z,125.522468,429.49,9.0422,-670.0,830.35,624.19,8.0,True,1499;1642
GS,Short,232,2013-04-22T20:00:00Z,107.711892,2013-04-24T20:00:00Z,111.02074,-767.65,10.1916,-886.31,0.0,886.31,2.0,False,1633;1649
KMB,Long,410,2013-04-19T20:00:00Z,63.225288,2013-04-24T20:00:00Z,63.291492,27.14,10.3393,-407.16,133.25,540.41,5.0,True,1609;1651
MSFT,Short,1075,2013-04-18T20:00:00Z,23.374925,2013-04-24T20:00:00Z,24.722393,-1448.53,10.504,-2419.99,0.0,2419.99,6.0,False,1571;1652
NKE,Short,1017,2013-03-26T20:00:00Z,24.696147,2013-04-24T20:00:00Z,25.671541,-991.98,10.2152,-991.98,523.43,1515.4,29.0,False,1269;1653
QCOM,Short,567,2013-04-19T20:00:00Z,44.158972,2013-04-24T20:00:00Z,45.859797,-964.37,10.2449,-964.37,0.0,964.37,5.0,False,1603;1657
DIS,Long,460,2013-04-22T20:00:00Z,54.38362,2013-04-24T20:00:00Z,55.309111,425.73,9.9691,0.0,425.73,263.54,2.0,True,1628;1658
ABT,Short,869,2013-04-22T20:00:00Z,28.497132,2013-04-24T20:00:00Z,28.721093,-194.62,9.8533,-208.04,255.02,449.64,2.0,False,1634;1669
AIG,Short,864,2013-04-22T20:00:00Z,28.88648,2013-04-24T20:00:00Z,30.194771,-1130.36,10.303,-1759.77,0.0,1759.77,2.0,False,1635;1670
AXP,Short,444,2013-04-22T20:00:00Z,56.183057,2013-04-24T20:00:00Z,56.467401,-126.25,9.9573,-126.25,0.0,126.25,2.0,False,1632;1671
BA,Short,345,2013-04-19T20:00:00Z,73.786433,2013-04-24T20:00:00Z,77.581597,-1309.33,10.4042,-1309.33,160.03,1469.36,5.0,False,1605;1672
EBAY,Short,1278,2013-04-19T20:00:00Z,19.585826,2013-04-24T20:00:00Z,19.671191,-109.1,9.999,-113.84,540.74,654.58,5.0,False,1604;1673
EPD,Short,2033,2013-03-27T20:00:00Z,12.344964,2013-04-24T20:00:00Z,12.768861,-861.78,10.2248,-933.6,67.59,1001.19,28.0,False,1293;1674
ABBV,Short,999,2013-04-18T20:00:00Z,25.155175,2013-04-24T20:00:00Z,26.799731,-1642.91,10.2774,-1648.84,0.0,1648.84,6.0,False,1577;1675
GIS,Long,811,2013-04-17T20:00:00Z,30.865473,2013-04-24T20:00:00Z,31.42982,457.69,9.9464,-216.27,457.69,663.9,7.0,True,1531;1676
KMI,Long,1274,2013-04-22T20:00:00Z,19.645487,2013-04-24T20:00:00Z,20.008732,462.77,10.1527,0.0,668.45,205.68,2.0,True,1637;1677
INTC,Long,1559,2013-04-19T20:00:00Z,16.105822,2013-04-24T20:00:00Z,16.843162,1149.51,10.3907,0.0,1555.22,405.71,5.0,True,1602;1678
MET,Long,2388,2013-04-16T20:00:00Z,10.672943,2013-04-24T20:00:00Z,11.18494,1222.65,10.505,-663.72,1285.53,663.72,8.0,True,1496;1679
PCLN,Long,935,2013-04-22T20:00:00Z,26.765826,2013-04-24T20:00:00Z,27.467979,656.51,10.1686,0.0,656.51,56.63,2.0,True,1640;1680
PG,Short,450,2013-04-22T20:00:00Z,55.434074,2013-04-24T20:00:00Z,54.549412,398.1,9.7649,-386.7,1102.98,704.88,2.0,True,1627;1681
PNC,Long,568,2013-04-22T20:00:00Z,44.087113,2013-04-24T20:00:00Z,45.414511,753.96,10.2455,0.0,1151.99,398.03,2.0,True,1639;1682
TXN,Long,1053,2013-04-22T20:00:00Z,23.759919,2013-04-24T20:00:00Z,24.604777,889.64,10.3285,0.0,1239.66,350.02,2.0,True,1638;1683
XOM,Long,496,2013-04-19T20:00:00Z,50.86047,2013-04-24T20:00:00Z,52.153977,641.58,10.2237,0.0,641.58,0.0,5.0,True,1599;1684
BAX,Long,846,2013-04-19T20:00:00Z,29.834657,2013-04-25T20:00:00Z,29.989441,130.95,10.0524,-109.12,167.32,276.44,6.0,True,1610;1695
BIIB,Short,117,2013-04-24T20:00:00Z,211.93,2013-04-25T20:00:00Z,212.23,-35.1,9.879,-476.19,0.0,476.19,1.0,False,1664;1696
C,Short,733,2013-04-17T20:00:00Z,33.791211,2013-04-25T20:00:00Z,34.553198,-558.54,9.9731,-558.54,585.39,1143.93,8.0,False,1520;1697
CAT,Short,413,2013-04-24T20:00:00Z,60.916363,2013-04-25T20:00:00Z,61.010003,-38.67,10.0128,-38.67,17.85,56.52,1.0,False,1663;1698
FB,Long,940,2013-04-17T20:00:00Z,26.387272,2013-04-25T20:00:00Z,25.812774,-540.03,9.8266,-903.15,0.0,903.15,8.0,False,1524;1699
COP,Short,685,2013-04-24T20:00:00Z,36.554841,2013-04-25T20:00:00Z,36.851573,-203.26,10.0878,-203.26,0.0,203.26,1.0,False,1660;1700
CSCO,Short,1820,2013-04-22T20:00:00Z,13.760106,2013-04-25T20:00:00Z,13.760106,0.0,5.0429,-500.87,134.38,500.87,3.0,False,1629;1701
EXC,Short,1561,2013-04-24T20:00:00Z,15.993118,2013-04-25T20:00:00Z,16.158264,-257.79,10.0879,-264.58,0.0,264.58,1.0,False,1694;1702
GM,Long,1148,2013-04-17T20:00:00Z,21.505781,2013-04-25T20:00:00Z,22.268818,875.97,10.2003,-42.52,1428.76,552.79,8.0,True,1556;1703
HPQ,Long,4309,2013-04-24T20:00:00Z,5.770732,2013-04-25T20:00:00Z,5.883014,483.83,10.0407,0.0,483.83,0.0,1.0,True,1692;1704
LMT,Short,375,2013-04-24T20:00:00Z,66.998568,2013-04-25T20:00:00Z,65.879981,419.47,10.0858,-164.7,419.47,164.7,1.0,True,1668;1705
LOW,Long,856,2013-04-19T20:00:00Z,29.414119,2013-04-25T20:00:00Z,29.711341,254.42,10.2123,0.0,443.16,202.22,6.0,True,1607;1706
QCOM,Long,551,2013-04-24T20:00:00Z,45.859797,2013-04-25T20:00:00Z,43.561947,-1266.11,4.7768,-1384.69,0.0,1384.69,1.0,False,1657;1707
UNH,Short,534,2013-04-24T20:00:00Z,47.194496,2013-04-25T20:00:00Z,47.242434,-25.6,10.0799,-115.19,0.0,115.19,1.0,False,1690;1708
PFE,Short,1505,2013-04-24T20:00:00Z,16.624483,2013-04-25T20:00:00Z,16.38913,354.21,14.7839,0.0,660.11,305.91,1.0,True,1685;1709
LLY,Short,558,2013-04-24T20:00:00Z,44.60874,2013-04-25T20:00:00Z,43.340355,707.76,14.7231,0.0,707.76,0.0,1.0,True,1661;1715
AMT,Short,422,2013-04-25T20:00:00Z,59.969415,2013-04-26T20:00:00Z,61.767907,-758.96,10.3773,-758.96,0.0,758.96,1.0,False,1722;1724
BMY,Short,941,2013-04-11T20:00:00Z,26.862098,2013-04-26T20:00:00Z,26.113578,704.36,9.9933,-630.86,704.36,1071.85,15.0,True,1448;1725
CL,Short,581,2013-04-25T20:00:00Z,44.335448,2013-04-26T20:00:00Z,44.070759,153.78,10.1844,0.0,343.88,190.09,1.0,True,1717;1726
DOW,Long,736,2013-04-17T20:00:00Z,33.764366,2013-04-26T20:00:00Z,37.915999,3055.6,10.553,0.0,3279.18,455.44,9.0,True,1529;1727
KMI,Long,1250,2013-04-25T20:00:00Z,20.170173,2013-04-26T20:00:00Z,19.94606,-280.14,9.9183,-522.08,0.0,522.08,1.0,False,1720;1728
GOOG,Long,1261,2013-04-22T20:00:00Z,19.826339,2013-04-26T20:00:00Z,19.999689,218.59,10.0,0.0,410.33,384.73,4.0,True,1625;1729
INTC,Short,1474,2013-04-25T20:00:00Z,17.074485,2013-04-26T20:00:00Z,16.828705,362.28,9.9691,0.0,362.28,0.0,1.0,True,1711;1730
MA,Short,509,2013-04-24T20:00:00Z,49.189808,2013-04-26T20:00:00Z,49.39786,-105.9,10.0471,-167.08,0.0,167.08,2.0,False,1662;1731
TRV,Short,394,2013-04-25T20:00:00Z,64.047344,2013-04-26T20:00:00Z,63.50337,214.33,10.007,0.0,234.88,20.55,1.0,True,1721;1732
UNP,Short,455,2013-04-24T20:00:00Z,55.046844,2013-04-26T20:00:00Z,55.266539,-99.96,9.9901,-99.96,52.52,152.48,2.0,False,1689;1733
V,Short,672,2013-04-17T20:00:00Z,37.0977,2013-04-26T20:00:00Z,38.235055,-764.3,10.0322,-764.3,354.75,1119.05,9.0,False,1554;1734
DIS,Short,453,2013-04-24T20:00:00Z,55.309111,2013-04-26T20:00:00Z,54.700931,275.51,9.9469,0.0,351.37,75.86,2.0,True,1658;1736
SPY,Long,353,2013-04-25T20:00:00Z,125.86447,2013-04-26T20:00:00Z,125.936052,25.27,43.1491,0.0,25.27,0.0,1.0,True,1723;1748
AIG,Long,815,2013-04-25T20:00:00Z,31.079355,2013-04-30T20:00:00Z,30.767149,-254.45,10.1428,-569.48,0.0,569.48,5.0,False,1716;1749
ABBV,Short,955,2013-04-26T20:00:00Z,26.686927,2013-04-30T20:00:00Z,26.746298,-56.7,10.4189,-618.01,0.0,618.01,4.0,False,1739;1750
GIS,Short,819,2013-04-26T20:00:00Z,30.648416,2013-04-30T20:00:00Z,31.070126,-345.38,10.1684,-507.91,0.0,507.91,4.0,False,1746;1751
HON,Long,472,2013-04-26T20:00:00Z,53.146614,2013-04-30T20:00:00Z,52.690298,-215.38,9.9224,-336.53,0.0,336.53,4.0,False,1740;1752
LLY,Long,585,2013-04-25T20:00:00Z,43.340355,2013-04-30T20:00:00Z,42.909872,-251.83,4.9809,-449.7,35.98,485.68,5.0,False,1715;1753
MMM,Long,516,2013-04-26T20:00:00Z,48.702385,2013-04-30T20:00:00Z,48.252339,-232.22,9.9827,-280.1,0.0,280.1,4.0,False,1738;1754
MRK,Short,838,2013-04-25T20:00:00Z,30.076657,2013-04-30T20:00:00Z,29.901027,147.18,9.9187,0.0,499.35,352.18,5.0,True,1710;1755
PEP,Short,464,2013-04-19T20:00:00Z,54.477849,2013-04-30T20:00:00Z,54.743562,-123.29,10.1832,-644.2,0.0,644.2,11.0,False,1601;1756
PFE,Long,1540,2013-04-25T20:00:00Z,16.38913,2013-04-30T20:00:00Z,15.693768,-1070.86,4.7892,-1293.26,0.0,1293.26,5.0,False,1709;1757
QCOM,Short,579,2013-04-26T20:00:00Z,43.416162,2013-04-30T20:00:00Z,42.763601,377.83,9.8976,0.0,377.83,4.02,4.0,True,1737;1758
TJX,Long,1333,2013-03-07T21:00:00Z,18.809677,2013-04-30T20:00:00Z,20.308274,1997.63,10.3932,-261.53,2103.35,1135.14,53.9583,True,1010;1759
DHR,Short,746,2013-04-26T20:00:00Z,33.592155,2013-05-01T20:00:00Z,33.753495,-120.36,9.9675,-232.42,99.61,294.67,5.0,False,1743;1775
EBAY,Short,1281,2013-04-25T20:00:00Z,19.771403,2013-05-01T20:00:00Z,19.441075,423.15,9.9616,0.0,423.15,142.63,6.0,True,1714;1776
HPQ,Long,4338,2013-04-26T20:00:00Z,5.818008,2013-05-01T20:00:00Z,6.078031,1127.98,10.3364,0.0,1166.43,320.45,5.0,True,1745;1780
KFT,Short,1054,2013-04-22T20:00:00Z,23.492569,2013-05-01T20:00:00Z,23.417752,78.86,9.9344,-362.74,78.86,362.74,9.0,True,1636;1781
MET,Long,2249,2013-04-25T20:00:00Z,11.269785,2013-05-01T20:00:00Z,11.401441,296.1,10.1738,-78.96,414.53,493.49,6.0,True,1719;1782
MS,Long,1613,2013-04-24T20:00:00Z,15.551818,2013-05-01T20:00:00Z,15.875924,522.78,10.0366,-277.82,685.23,417.71,7.0,True,1666;1783
UPS,Short,486,2013-04-24T20:00:00Z,51.48661,2013-05-01T20:00:00Z,52.68997,-584.83,10.0448,-719.11,0.0,719.11,7.0,False,1688;1787
AMZN,Short,1865,2013-04-24T20:00:00Z,13.468329,2013-05-01T20:00:00Z,12.665218,1497.8,14.5503,-437.25,2025.29,527.49,7.0,True,1686;1789
AMGN,Short,324,2013-04-22T20:00:00Z,77.400534,2013-05-01T20:00:00Z,72.639019,1542.73,9.7561,-170.17,1744.25,835.18,9.0,True,1630;1798
C,Short,733,2013-04-30T20:00:00Z,34.348048,2013-05-01T20:00:00Z,34.054976,214.82,9.9387,0.0,542.43,327.6,1.0,True,1761;1799
COF,Long,566,2013-04-22T20:00:00Z,44.144025,2013-05-01T20:00:00Z,45.360871,688.73,10.0164,0.0,688.73,186.62,9.0,True,1641;1800
CVX,Long,377,2013-04-22T20:00:00Z,66.530038,2013-05-01T20:00:00Z,69.387857,1077.4,10.2068,0.0,1208.84,374.93,9.0,True,1626;1801
DE,Long,377,2013-04-24T20:00:00Z,66.525853,2013-05-01T20:00:00Z,69.507777,1124.19,10.2026,0.0,1268.77,451.44,7.0,True,1693;1802
EOG,Short,583,2013-04-30T20:00:00Z,43.12413,2013-05-01T20:00:00Z,42.380611,433.47,9.9075,0.0,613.05,179.58,1.0,True,1769;1803
GILD,Short,688,2013-04-22T20:00:00Z,36.860405,2013-05-01T20:00:00Z,34.430798,1671.57,9.7843,0.0,1817.13,389.72,9.0,True,1631;1804
HD,Short,472,2013-04-18T20:00:00Z,52.978726,2013-05-01T20:00:00Z,53.386984,-192.7,9.9955,-457.66,0.0,457.66,13.0,False,1576;1805
PSX,Long,680,2013-04-18T20:00:00Z,36.798951,2013-05-01T20:00:00Z,38.793921,1356.58,10.1009,-34.56,1719.49,963.43,13.0,True,1584;1806
IBM,Long,221,2013-04-30T20:00:00Z,113.777309,2013-05-01T20:00:00Z,115.192606,312.78,10.1434,0.0,312.78,0.0,1.0,True,1760;1807
MO,Long,1595,2013-04-30T20:00:00Z,15.748912,2013-05-01T20:00:00Z,15.731667,-27.51,10.0162,-144.4,0.0,144.4,1.0,False,1762;1808
MSFT,Long,974,2013-04-26T20:00:00Z,25.730976,2013-05-01T20:00:00Z,26.562048,809.46,10.1395,0.0,950.92,298.64,5.0,True,1735;1809
NEE,Long,1795,2013-04-24T20:00:00Z,13.966747,2013-05-01T20:00:00Z,14.206863,431.01,10.1125,0.0,549.69,218.63,7.0,True,1667;1810
NKE,Short,974,2013-04-26T20:00:00Z,25.80021,2013-05-01T20:00:00Z,26.381296,-565.98,10.127,-582.15,0.0,582.15,5.0,False,1741;1811
SO,Long,924,2013-04-24T20:00:00Z,26.680055,2013-05-01T20:00:00Z,26.858034,164.45,9.8538,-66.81,164.45,200.43,7.0,True,1665;1812
TGT,Short,536,2013-04-24T20:00:00Z,46.810117,2013-05-01T20:00:00Z,47.17143,-193.66,10.0598,-254.63,0.0,254.63,7.0,False,1691;1813
TRV,Short,395,2013-04-30T20:00:00Z,63.577887,2013-05-01T20:00:00Z,63.682211,-41.21,9.9788,-41.21,359.1,400.31,1.0,False,1770;1814
UNH,Long,525,2013-04-30T20:00:00Z,48.025413,2013-05-01T20:00:00Z,47.90557,-62.92,10.0375,-163.59,0.0,163.59,1.0,False,1765;1815
FB,Long,942,2013-04-30T20:00:00Z,26.872623,2013-05-01T20:00:00Z,27.585793,671.81,15.2821,0.0,671.81,0.0,1.0,True,1764;1823
BMY,Short,975,2013-05-01T20:00:00Z,25.690502,2013-05-01T20:00:00Z,25.690502,0.0,15.1203,0.0,0.0,0.0,0.0,False,1790;1825
SPY,Long,52,2013-04-25T20:00:00Z,125.86447,2013-05-01T20:00:00Z,126.715497,44.25,1.3096,0.0,59.14,56.25,6.0,True,1723;1833
AIG,Long,819,2013-05-01T20:00:00Z,31.205724,2013-05-02T20:00:00Z,30.952986,-206.99,10.1451,-206.99,91.32,298.31,1.0,False,1826;1834
AMT,Short,407,2013-05-01T20:00:00Z,59.718805,2013-05-02T20:00:00Z,62.151193,-989.98,10.0666,-989.98,0.0,989.98,1.0,False,1796;1835
BLK,Short,130,2013-04-30T20:00:00Z,192.753224,2013-05-02T20:00:00Z,187.689642,658.27,9.8609,0.0,728.19,126.8,2.0,True,1766;1836
CAT,Short,413,2013-05-01T20:00:00Z,60.505788,2013-05-02T20:00:00Z,60.001573,208.24,9.9563,-77.35,208.24,77.35,1.0,True,1828;1837
CL,Short,574,2013-05-01T20:00:00Z,43.909005,2013-05-02T20:00:00Z,43.80607,59.08,10.1233,-272.21,59.08,272.21,1.0,True,1791;1838
GIS,Short,806,2013-05-01T20:00:00Z,31.293385,2013-05-02T20:00:00Z,31.225167,54.98,10.081,0.0,54.98,0.0,1.0,True,1832;1839
GM,Long,1103,2013-05-01T20:00:00Z,22.765162,2013-05-02T20:00:00Z,23.254098,539.3,10.0244,0.0,539.3,0.0,1.0,True,1830;1840
HAL,Long,753,2013-05-01T20:00:00Z,32.889079,2013-05-02T20:00:00Z,33.061314,129.69,9.9604,0.0,229.91,100.22,1.0,True,1795;1841
HON,Long,480,2013-05-01T20:00:00Z,52.191202,2013-05-02T20:00:00Z,51.927394,-126.63,10.0276,-126.63,263.52,390.15,1.0,False,1827;1842
KMB,Long,406,2013-05-01T20:00:00Z,62.141942,2013-05-02T20:00:00Z,62.268332,51.31,10.1573,0.0,317.66,266.35,1.0,True,1794;1843
LMT,Short,370,2013-04-30T20:00:00Z,67.492668,2013-05-02T20:00:00Z,68.302443,-299.62,10.1443,-589.08,0.0,589.08,2.0,False,1768;1844
LOW,Long,833,2013-05-01T20:00:00Z,30.231073,2013-05-02T20:00:00Z,30.105077,-104.95,10.1084,-104.95,314.86,419.82,1.0,False,1793;1845
LVS,Short,654,2013-05-01T20:00:00Z,38.42322,2013-05-02T20:00:00Z,39.231121,-528.37,10.1402,-528.37,0.0,528.37,1.0,False,1792;1846
MA,Short,493,2013-05-01T20:00:00Z,49.705776,2013-05-02T20:00:00Z,49.562451,70.66,9.8831,-349.65,70.66,349.65,1.0,True,1822;1847
MRK,Short,855,2013-05-01T20:00:00Z,28.069455,2013-05-02T20:00:00Z,28.790793,-616.74,9.8057,-616.74,0.0,616.74,1.0,False,1819;1848
SBUX,Short,1079,2013-04-26T20:00:00Z,22.755992,2013-05-02T20:00:00Z,23.078881,-348.4,9.9857,-680.2,0.0,680.2,6.0,False,1744;1849
SPY,Long,953,2013-04-25T20:00:00Z,125.86447,2013-05-02T20:00:00Z,126.198518,318.35,36.4841,0.0,1114.22,1030.84,7.0,True,1723;1861
SPY,Long,374,2013-04-30T20:00:00Z,126.691636,2013-05-02T20:00:00Z,126.198518,-184.43,9.4997,-309.36,127.91,312.33,2.0,False,1771;1861
SPY,Long,109,2013-05-01T20:00:00Z,126.715497,2013-05-02T20:00:00Z,126.198518,-56.35,9.9981,-92.76,34.68,91.03,1.0,False,1797;1861
ABT,Long,885,2013-05-02T20:00:00Z,28.5203,2013-05-03T20:00:00Z,28.76743,218.71,10.0962,-88.85,218.71,88.85,1.0,True,1855;1862
CSCO,Long,1843,2013-05-02T20:00:00Z,13.753394,2013-05-03T20:00:00Z,14.048733,544.31,10.2825,0.0,544.31,0.0,1.0,True,1850;1863
DHR,Long,743,2013-05-01T20:00:00Z,33.753495,2013-05-03T20:00:00Z,33.98716,173.61,9.9985,-86.81,173.61,86.81,2.0,True,1831;1864
DIS,Long,459,2013-04-26T20:00:00Z,54.700931,2013-05-03T20:00:00Z,56.631241,886.01,5.2433,0.0,1108.53,222.51,7.0,True,1736;1865
F,Short,3781,2013-04-10T20:00:00Z,6.712773,2013-05-03T20:00:00Z,7.140395,-1616.84,10.6697,-2093.62,236.65,2330.27,23.0,False,1420;1866
KFT,Short,1071,2013-05-02T20:00:00Z,23.53746,2013-05-03T20:00:00Z,23.702057,-176.28,10.1203,-216.35,0.0,216.35,1.0,False,1856;1867
LLY,Long,604,2013-05-02T20:00:00Z,41.695297,2013-05-03T20:00:00Z,42.42558,441.09,10.185,0.0,441.09,0.0,1.0,True,1853;1868
PCLN,Long,921,2013-04-30T20:00:00Z,27.294883,2013-05-03T20:00:00Z,28.032593,679.43,10.2257,-161.58,943.57,264.14,3.0,True,1767;1869
SO,Long,947,2013-05-02T20:00:00Z,26.679425,2013-05-03T20:00:00Z,26.651318,-26.62,10.0593,-106.47,0.0,106.47,1.0,False,1858;1870
MET,Long,2244,2013-05-02T20:00:00Z,11.430698,2013-05-03T20:00:00Z,11.813964,860.05,15.675,0.0,925.7,65.65,1.0,True,1857;1878
MS,Short,1582,2013-05-01T20:00:00Z,15.875924,2013-05-03T20:00:00Z,16.47298,-944.54,15.3072,-944.54,0.0,944.54,2.0,False,1829;1879
BK,Short,1245,2013-05-02T20:00:00Z,20.305547,2013-05-06T20:00:00Z,20.736802,-536.91,10.2177,-536.91,0.0,536.91,4.0,False,1860;1883
CL,Short,568,2013-05-03T20:00:00Z,44.60749,2013-05-06T20:00:00Z,44.530289,43.85,10.0793,0.0,238.04,194.19,3.0,True,1876;1884
DUK,Short,605,2013-04-01T20:00:00Z,41.498501,2013-05-06T20:00:00Z,42.493641,-602.06,10.0496,-913.47,294.11,1207.58,35.0,False,1304;1885
EXC,Short,1553,2013-04-26T20:00:00Z,16.16261,2013-05-06T20:00:00Z,15.419452,1154.13,9.7999,-398.21,1302.61,398.21,10.0,True,1747;1886
GM,Long,1093,2013-05-03T20:00:00Z,23.505974,2013-05-06T20:00:00Z,23.72081,234.82,10.3513,0.0,234.82,0.0,3.0,True,1880;1887
GOOG,Short,1235,2013-05-01T20:00:00Z,20.387499,2013-05-06T20:00:00Z,21.024933,-787.23,10.2883,-1171.06,0.0,1171.06,5.0,False,1816;1888
KMB,Long,401,2013-05-03T20:00:00Z,63.225288,2013-05-06T20:00:00Z,63.261399,14.48,10.1293,-139.98,14.48,139.98,3.0,True,1882;1889
LOW,Long,824,2013-05-03T20:00:00Z,30.845302,2013-05-06T20:00:00Z,31.120917,227.11,10.4339,0.0,1064.16,837.05,3.0,True,1881;1890
MMM,Short,513,2013-05-03T20:00:00Z,49.625675,2013-05-06T20:00:00Z,49.904054,-142.81,10.2665,-209.45,0.0,209.45,3.0,False,1873;1891
TGT,Long,545,2013-05-03T20:00:00Z,46.509023,2013-05-06T20:00:00Z,47.057683,299.02,10.2491,0.0,299.02,0.0,3.0,True,1877;1892
UPS,Long,478,2013-05-01T20:00:00Z,52.68997,2013-05-06T20:00:00Z,52.880297,90.98,10.0872,-143.8,358.04,267.06,5.0,True,1820;1893
USB,Long,1199,2013-05-02T20:00:00Z,21.097922,2013-05-06T20:00:00Z,20.976191,-145.96,10.0586,-145.96,0.0,145.96,4.0,False,1854;1894
MS,Long,1574,2013-05-03T20:00:00Z,16.47298,2013-05-06T20:00:00Z,16.401045,-113.22,10.4363,-113.22,430.25,543.48,3.0,False,1879;1898
MET,Short,2158,2013-05-03T20:00:00Z,11.813964,2013-05-06T20:00:00Z,11.890033,-164.16,10.2316,-233.61,0.0,233.61,3.0,False,1878;1899
ACN,Short,418,2013-04-25T20:00:00Z,60.453284,2013-05-07T20:00:00Z,61.065567,-255.93,10.262,-1114.45,0.0,1114.45,12.0,False,1718;1904
AIG,Long,806,2013-05-03T20:00:00Z,32.595783,2013-05-07T20:00:00Z,33.301964,569.18,10.679,0.0,976.59,527.24,4.0,True,1874;1905
AMZN,Long,1991,2013-05-01T20:00:00Z,12.665218,2013-05-07T20:00:00Z,12.785435,239.35,5.1194,-134.08,412.16,231.41,6.0,True,1789;1906
BA,Short,329,2013-04-25T20:00:00Z,77.084009,2013-05-07T20:00:00Z,79.538215,-807.43,10.3474,-940.62,61.04,1001.66,12.0,False,1712;1907
CAT,Short,403,2013-05-06T20:00:00Z,62.666709,2013-05-07T20:00:00Z,63.459047,-319.31,10.2981,-809.89,0.0,809.89,1.0,False,1897;1908
DOW,Long,661,2013-05-06T20:00:00Z,38.25353,2013-05-07T20:00:00Z,38.512304,171.05,10.196,0.0,401.59,230.55,1.0,True,1901;1909
HON,Long,478,2013-05-03T20:00:00Z,53.267823,2013-05-07T20:00:00Z,54.337315,511.22,10.3702,0.0,753.19,241.98,4.0,True,1875;1910
MET,Long,2133,2013-05-06T20:00:00Z,11.890033,2013-05-07T20:00:00Z,12.023837,285.41,5.1243,0.0,285.41,0.0,1.0,True,1899;1911
MO,Short,1604,2013-05-06T20:00:00Z,15.718734,2013-05-07T20:00:00Z,15.606642,179.8,10.034,-6.92,179.8,6.92,1.0,True,1896;1912
MS,Short,1542,2013-05-06T20:00:00Z,16.401045,2013-05-07T20:00:00Z,16.796685,-610.08,5.1623,-610.08,0.0,610.08,1.0,False,1898;1913
OXY,Short,462,2013-04-25T20:00:00Z,53.659923,2013-05-07T20:00:00Z,57.888067,-1953.4,10.442,-2317.8,0.0,2317.8,12.0,False,1713;1914
SLB,Short,498,2013-04-16T20:00:00Z,51.173774,2013-05-07T20:00:00Z,53.912592,-1363.93,10.5044,-1405.9,1021.2,2427.1,21.0,False,1487;1915
T,Long,1902,2013-05-01T20:00:00Z,13.27554,2013-05-07T20:00:00Z,13.162285,-215.41,10.1081,-282.73,33.66,316.38,6.0,False,1818;1916
TXN,Long,992,2013-05-02T20:00:00Z,25.411224,2013-05-07T20:00:00Z,25.899767,484.63,10.2106,0.0,484.63,0.0,5.0,True,1859;1917
YUM,Short,472,2013-05-06T20:00:00Z,52.894316,2013-05-07T20:00:00Z,53.266866,-175.84,10.0377,-175.84,0.0,175.84,1.0,False,1902;1918
SPY,Long,226,2013-05-01T20:00:00Z,126.715497,2013-05-07T20:00:00Z,128.918622,497.91,5.8465,-192.33,594.97,188.74,6.0,True,1797;1931
SPY,Long,62,2013-05-01T20:00:00Z,126.715497,2013-05-08T20:00:00Z,129.181088,152.87,14.4983,-52.76,198.23,51.78,7.0,True,1797;1932
SPY,Long,496,2013-05-06T20:00:00Z,128.41755,2013-05-08T20:00:00Z,129.181088,378.71,12.7643,-1266.33,741.65,362.94,2.0,True,1903;1932
ACE,Short,360,2013-05-07T20:00:00Z,70.210797,2013-05-08T20:00:00Z,70.783631,-206.22,10.2358,-434.73,0.0,434.73,1.0,False,1930;1933
BIIB,Short,116,2013-04-26T20:00:00Z,215.89,2013-05-08T20:00:00Z,212.03,447.76,9.8438,-895.52,600.88,895.52,12.0,True,1742;1934
BMY,Long,975,2013-05-01T20:00:00Z,25.690502,2013-05-08T20:00:00Z,26.087543,387.11,5.0363,0.0,463.27,330.0,7.0,True,1825;1935
FB,Short,917,2013-05-01T20:00:00Z,27.585793,2013-05-08T20:00:00Z,26.624995,881.05,4.9266,-1017.3,881.05,1017.3,7.0,True,1823;1936
DIS,Long,440,2013-05-07T20:00:00Z,57.680131,2013-05-08T20:00:00Z,58.173727,217.18,10.2432,0.0,217.18,0.0,1.0,True,1921;1937
EMR,Long,629,2013-05-07T20:00:00Z,39.22524,2013-05-08T20:00:00Z,39.2603,22.05,10.0323,0.0,542.5,520.45,1.0,True,1927;1938
MA,Long,499,2013-05-07T20:00:00Z,50.679456,2013-05-08T20:00:00Z,50.96518,142.58,10.197,0.0,260.24,117.66,1.0,True,1923;1939
QCOM,Short,570,2013-05-07T20:00:00Z,44.401947,2013-05-08T20:00:00Z,44.471368,-39.57,10.1379,-67.27,0.0,67.27,1.0,False,1922;1940
TRV,Long,397,2013-05-07T20:00:00Z,63.779083,2013-05-08T20:00:00Z,64.174023,156.79,10.2536,0.0,499.96,343.17,1.0,True,1929;1941
EPD,Short,1984,2013-05-07T20:00:00Z,12.827595,2013-05-09T20:00:00Z,12.913728,-170.89,10.1775,-170.89,0.0,170.89,2.0,False,1924;1946
KMI,Long,1266,2013-05-08T20:00:00Z,19.884938,2013-05-09T20:00:00Z,20.093771,264.38,10.1729,0.0,270.83,6.45,1.0,True,1943;1947
GS,Short,222,2013-05-01T20:00:00Z,112.973502,2013-05-09T20:00:00Z,116.383087,-756.93,10.0197,-768.97,364.7,1133.67,8.0,False,1824;1948
MCD,Long,357,2013-04-24T20:00:00Z,70.481092,2013-05-09T20:00:00Z,70.796679,112.66,10.0502,-202.8,605.88,808.68,15.0,True,1659;1949
TGT,Short,539,2013-05-07T20:00:00Z,47.004156,2013-05-09T20:00:00Z,46.769971,126.23,10.1002,0.0,277.7,151.47,2.0,True,1926;1950
UNP,Short,458,2013-04-30T20:00:00Z,54.920239,2013-05-09T20:00:00Z,57.48584,-1175.05,10.2882,-1345.59,322.33,1667.92,9.0,False,1763;1951
V,Long,634,2013-05-03T20:00:00Z,40.020384,2013-05-09T20:00:00Z,40.607187,372.03,10.2882,0.0,452.47,173.81,6.0,True,1871;1952
BA,Short,317,2013-05-09T20:00:00Z,79.743816,2013-05-13T20:00:00Z,79.786202,-13.44,10.1787,-190.79,0.0,190.79,4.0,False,1955;1962
BAX,Long,858,2013-05-08T20:00:00Z,29.568084,2013-05-13T20:00:00Z,30.320508,645.58,10.4569,0.0,818.96,195.52,5.0,True,1944;1963
CAT,Short,389,2013-05-09T20:00:00Z,64.82763,2013-05-13T20:00:00Z,63.502265,515.57,9.9762,0.0,540.78,25.22,4.0,True,1956;1981
EBAY,Short,1296,2013-05-02T20:00:00Z,19.385402,2013-05-13T20:00:00Z,20.561962,-1524.82,10.4746,-1645.08,0.0,1645.08,11.0,False,1852;1982
KFT,Short,1095,2013-05-09T20:00:00Z,23.163374,2013-05-13T20:00:00Z,22.834179,360.47,10.062,0.0,360.47,163.85,4.0,True,1957;1983
LOW,Short,759,2013-05-09T20:00:00Z,33.168346,2013-05-13T20:00:00Z,33.034476,101.61,10.0245,0.0,101.61,11.95,4.0,True,1959;1984
MSFT,Short,934,2013-05-06T20:00:00Z,26.941276,2013-05-13T20:00:00Z,26.287714,610.43,10.0653,0.0,610.43,278.84,7.0,True,1895;1985
SO,Long,961,2013-05-07T20:00:00Z,26.392731,2013-05-13T20:00:00Z,25.813721,-556.43,10.0589,-605.05,0.0,605.05,6.0,False,1928;1986
TJX,Short,1212,2013-05-08T20:00:00Z,20.850941,2013-05-13T20:00:00Z,21.289249,-531.23,10.2239,-531.23,0.0,531.23,5.0,False,1945;1987
AXP,Short,435,2013-05-03T20:00:00Z,58.474536,2013-05-14T20:00:00Z,58.499626,-10.91,10.3128,-578.43,47.29,625.72,11.0,False,1872;1995
BK,Long,1223,2013-05-13T20:00:00Z,20.627161,2013-05-14T20:00:00Z,21.094963,572.12,10.5074,0.0,1546.52,974.4,1.0,True,1978;1996
GS,Short,219,2013-05-13T20:00:00Z,114.213351,2013-05-14T20:00:00Z,115.848402,-358.08,10.3231,-1209.99,0.0,1209.99,1.0,False,1971;1997
INTC,Short,1456,2013-05-01T20:00:00Z,17.219061,2013-05-14T20:00:00Z,17.556394,-491.16,10.1157,-958.63,0.0,958.63,13.0,False,1788;1998
MMM,Short,493,2013-05-13T20:00:00Z,51.050047,2013-05-14T20:00:00Z,51.147479,-48.03,10.1142,-128.09,0.0,128.09,1.0,False,1969;1999
OXY,Short,438,2013-05-13T20:00:00Z,57.584209,2013-05-14T20:00:00Z,58.521642,-410.6,10.2819,-555.01,0.0,555.01,1.0,False,1970;2000
PNC,Short,547,2013-05-13T20:00:00Z,46.155697,2013-05-14T20:00:00Z,46.398267,-132.69,10.2411,-615.51,0.0,615.51,1.0,False,1977;2001
TRV,Long,392,2013-05-13T20:00:00Z,64.360316,2013-05-14T20:00:00Z,64.531705,67.18,10.1887,0.0,446.92,379.74,1.0,True,1979;2002
TXN,Long,978,2013-05-09T20:00:00Z,25.822996,2013-05-14T20:00:00Z,25.494974,-320.81,10.0351,-341.28,27.3,368.58,5.0,False,1960;2003
APA,Long,411,2013-05-13T20:00:00Z,60.336966,2013-05-15T20:00:00Z,60.89728,230.29,10.0091,0.0,360.58,348.46,2.0,True,1993;2015
BLK,Short,128,2013-05-07T20:00:00Z,196.905936,2013-05-15T20:00:00Z,203.970566,-904.27,10.371,-1354.11,0.0,1354.11,8.0,False,1925;2016
COP,Short,644,2013-05-13T20:00:00Z,39.168607,2013-05-15T20:00:00Z,39.597921,-276.48,10.1175,-414.72,0.0,414.72,2.0,False,1989;2017
CVS,Short,619,2013-05-01T20:00:00Z,41.250518,2013-05-15T20:00:00Z,41.95691,-437.26,10.3123,-593.11,649.39,1242.5,14.0,False,1821;2018
DIS,Short,426,2013-05-14T20:00:00Z,59.469414,2013-05-15T20:00:00Z,59.442972,11.26,10.1486,-75.1,11.26,75.1,1.0,True,2006;2019
EOG,Short,534,2013-05-14T20:00:00Z,47.443625,2013-05-15T20:00:00Z,48.378335,-499.14,10.2606,-499.14,0.0,499.14,1.0,False,2013;2020
LLY,Short,600,2013-05-13T20:00:00Z,42.056595,2013-05-15T20:00:00Z,43.542652,-891.63,10.4698,-1156.85,0.0,1156.85,2.0,False,1972;2021
SPY,Short,352,2013-05-13T20:00:00Z,129.825323,2013-05-15T20:00:00Z,131.24105,-498.34,29.4904,-817.49,0.0,817.49,2.0,False,1994;2035
AMZN,Short,1887,2013-05-15T20:00:00Z,13.322173,2013-05-16T20:00:00Z,13.238869,157.19,9.9903,0.0,277.68,120.48,1.0,True,2023;2036
BA,Short,310,2013-05-15T20:00:00Z,81.108625,2013-05-16T20:00:00Z,82.244553,-352.14,10.1752,-352.14,0.0,352.14,1.0,False,2025;2037
HPQ,Long,3975,2013-05-13T20:00:00Z,6.332144,2013-05-16T20:00:00Z,6.184404,-587.27,10.0305,-587.27,105.71,692.98,3.0,False,1990;2038
MMM,Short,492,2013-05-15T20:00:00Z,51.221714,2013-05-16T20:00:00Z,51.597525,-184.9,10.1612,-184.9,0.0,184.9,1.0,False,2024;2039
MS,Short,1488,2013-05-09T20:00:00Z,17.019681,2013-05-16T20:00:00Z,17.767799,-1113.2,10.2735,-1284.46,0.0,1284.46,7.0,False,1958;2040
PG,Long,478,2013-05-01T20:00:00Z,52.763159,2013-05-16T20:00:00Z,55.298264,1211.78,10.3241,0.0,1274.18,157.63,15.0,True,1817;2041
PM,Long,508,2013-05-07T20:00:00Z,49.675691,2013-05-16T20:00:00Z,51.127167,737.35,10.2497,0.0,870.18,322.59,9.0,True,1920;2042
PNC,Short,534,2013-05-15T20:00:00Z,47.301167,2013-05-16T20:00:00Z,47.523523,-118.74,10.169,-118.74,0.0,118.74,1.0,False,2033;2043
LMT,Long,361,2013-05-13T20:00:00Z,69.80533,2013-05-20T20:00:00Z,72.694441,1042.97,10.3281,0.0,1199.04,156.07,7.0,True,1980;2056
OXY,Short,428,2013-05-16T20:00:00Z,58.663873,2013-05-20T20:00:00Z,60.021533,-581.08,10.2226,-816.28,0.0,816.28,4.0,False,2047;2057
SPY,Short,424,2013-05-13T20:00:00Z,129.825323,2013-05-20T20:00:00Z,132.672684,-1207.28,13.8643,-1261.24,0.0,1261.24,7.0,False,1994;2071
SPY,Short,98,2013-05-14T20:00:00Z,130.215046,2013-05-20T20:00:00Z,132.672684,-240.85,7.7296,-253.32,38.19,253.32,6.0,False,2014;2071
AIG,Short,737,2013-05-15T20:00:00Z,34.394684,2013-05-20T20:00:00Z,33.599302,586.2,9.9127,0.0,756.03,175.31,5.0,True,2029;2072
AXP,Short,414,2013-05-16T20:00:00Z,60.7242,2013-05-20T20:00:00Z,61.276163,-228.51,10.1536,-619.75,0.0,619.75,4.0,False,2045;2073
COP,Short,639,2013-05-16T20:00:00Z,39.37695,2013-05-20T20:00:00Z,39.983041,-387.29,10.2035,-669.69,0.0,669.69,4.0,False,2046;2074
GM,Long,1102,2013-05-14T20:00:00Z,22.972589,2013-05-20T20:00:00Z,24.757947,1967.46,10.6537,0.0,2196.05,228.59,6.0,True,2011;2075
PSX,Long,648,2013-05-13T20:00:00Z,38.819335,2013-05-20T20:00:00Z,41.752191,1900.49,10.56,0.0,2132.16,329.92,7.0,True,1976;2076
IBM,Long,216,2013-05-15T20:00:00Z,115.979089,2013-05-20T20:00:00Z,119.258703,708.4,10.1781,0.0,762.89,104.03,5.0,True,2022;2077
MSFT,Short,949,2013-05-14T20:00:00Z,26.69143,2013-05-20T20:00:00Z,28.218976,-1449.64,10.5762,-1704.1,0.0,1704.1,6.0,False,2004;2078
PCLN,Long,846,2013-05-13T20:00:00Z,29.735031,2013-05-20T20:00:00Z,32.263095,2138.74,10.7098,0.0,2694.09,555.35,7.0,True,1991;2079
TXN,Long,981,2013-05-16T20:00:00Z,25.676433,2013-05-20T20:00:00Z,25.648516,-27.39,10.0275,-109.55,0.0,109.55,4.0,False,2050;2080
USB,Short,1179,2013-05-14T20:00:00Z,21.501556,2013-05-20T20:00:00Z,22.167874,-785.59,10.4272,-1185.94,0.0,1185.94,6.0,False,2010;2081
UTX,Long,689,2013-04-24T20:00:00Z,36.297638,2013-05-20T20:00:00Z,38.15107,1277.01,10.2155,-503.3,1339.26,503.3,26.0,True,1687;2082
WFC,Long,970,2013-05-07T20:00:00Z,26.129948,2013-05-20T20:00:00Z,27.65248,1476.86,10.5275,0.0,1678.53,376.46,13.0,True,1919;2083
WMT,Short,1229,2013-04-24T20:00:00Z,20.399682,2013-05-20T20:00:00Z,20.159505,295.18,9.8636,-344.51,484.02,828.54,26.0,True,1656;2084
UNH,Short,512,2013-05-15T20:00:00Z,49.25581,2013-05-20T20:00:00Z,50.102706,-433.61,15.1571,-486.79,0.0,486.79,5.0,False,2030;2088
LLY,Long,573,2013-05-16T20:00:00Z,43.814066,2013-05-20T20:00:00Z,43.348784,-266.61,14.8017,-657.63,0.0,657.63,4.0,False,2048;2089
SPY,Short,196,2013-05-14T20:00:00Z,130.215046,2013-05-20T20:00:00Z,132.672684,-481.7,13.4128,-506.64,76.39,506.64,6.0,False,2014;2092
HAL,Long,742,2013-05-14T20:00:00Z,34.102553,2013-05-22T20:00:00Z,35.002873,668.04,10.2494,0.0,1156.0,888.78,8.0,True,2012;2097
MMM,Short,486,2013-05-20T20:00:00Z,51.597525,2013-05-22T20:00:00Z,52.031685,-211.0,10.0649,-211.0,0.0,211.0,2.0,False,2086;2102
SO,Long,971,2013-05-15T20:00:00Z,25.999229,2013-05-22T20:00:00Z,26.049822,49.13,10.0894,-267.46,191.05,458.51,7.0,True,2032;2103
V,Short,599,2013-05-20T20:00:00Z,41.748445,2013-05-22T20:00:00Z,41.323992,254.25,9.8368,0.0,515.29,261.05,2.0,True,2085;2106
SPY,Long,309,2013-05-20T20:00:00Z,132.672684,2013-05-22T20:00:00Z,133.09422,130.25,21.2199,-218.73,130.25,292.46,2.0,True,2092;2117
AMGN,Short,342,2013-05-20T20:00:00Z,73.112534,2013-05-22T20:00:00Z,72.369817,254.01,9.8143,0.0,258.76,68.84,2.0,True,2065;2118
CL,Long,550,2013-05-20T20:00:00Z,45.61478,2013-05-22T20:00:00Z,45.210393,-222.41,9.9447,-254.76,0.0,254.76,2.0,False,2068;2119
FB,Short,966,2013-05-20T20:00:00Z,25.90192,2013-05-22T20:00:00Z,25.396758,487.99,9.7425,0.0,956.84,468.85,2.0,True,2067;2120
CSCO,Short,1772,2013-05-14T20:00:00Z,14.216539,2013-05-22T20:00:00Z,16.075832,-3294.67,10.6119,-3639.6,0.0,3639.6,8.0,False,2007;2121
DHR,Long,746,2013-05-06T20:00:00Z,33.686733,2013-05-22T20:00:00Z,35.511547,1361.31,10.2987,0.0,1460.92,543.69,16.0,True,1900;2122
EMR,Long,632,2013-05-09T20:00:00Z,40.038634,2013-05-22T20:00:00Z,41.490953,917.87,10.2818,0.0,1185.62,656.0,13.0,True,1961;2123
EOG,Short,528,2013-05-16T20:00:00Z,47.624194,2013-05-22T20:00:00Z,47.556923,35.52,9.8761,-205.64,669.25,633.73,6.0,True,2052;2124
GIS,Long,804,2013-05-20T20:00:00Z,31.305788,2013-05-22T20:00:00Z,30.567795,-593.35,9.7887,-722.99,0.0,722.99,2.0,False,2090;2125
HD,Short,448,2013-05-20T20:00:00Z,55.967756,2013-05-22T20:00:00Z,57.812206,-826.31,10.2195,-953.69,0.0,953.69,2.0,False,2063;2126
HPQ,Long,3998,2013-05-20T20:00:00Z,6.267139,2013-05-22T20:00:00Z,6.273048,23.63,10.02,-118.13,23.63,118.13,2.0,True,2069;2127
ITW,Long,482,2013-05-20T20:00:00Z,51.990524,2013-05-22T20:00:00Z,52.343801,170.28,10.0607,0.0,184.47,127.71,2.0,True,2091;2128
KMB,Long,400,2013-05-16T20:00:00Z,62.725745,2013-05-22T20:00:00Z,61.239153,-594.64,9.9133,-594.64,31.3,625.93,6.0,False,2051;2129
LLY,Short,579,2013-05-20T20:00:00Z,43.348784,2013-05-22T20:00:00Z,42.922276,246.95,4.9318,0.0,440.02,193.07,2.0,True,2089;2130
MDT,Short,721,2013-05-13T20:00:00Z,34.914114,2013-05-22T20:00:00Z,37.097138,-1573.96,10.3779,-1753.99,0.0,1753.99,9.0,False,1974;2131
MO,Short,1556,2013-05-20T20:00:00Z,16.145545,2013-05-22T20:00:00Z,15.908428,368.95,9.9604,0.0,368.95,0.0,2.0,True,2087;2132
MRK,Long,897,2013-05-09T20:00:00Z,28.383081,2013-05-22T20:00:00Z,29.857119,1322.21,10.3751,-22.51,1322.21,855.22,13.0,True,1953;2133
T,Long,1932,2013-05-14T20:00:00Z,13.102119,2013-05-22T20:00:00Z,13.056109,-88.89,10.0993,-273.51,348.72,622.23,8.0,False,2005;2134
TRV,Long,385,2013-05-15T20:00:00Z,65.314133,2013-05-22T20:00:00Z,62.266388,-1173.38,9.8421,-1173.38,0.0,1173.38,7.0,False,2034;2135
UNH,Long,500,2013-05-20T20:00:00Z,50.102706,2013-05-22T20:00:00Z,49.511477,-295.61,4.9759,-295.61,63.92,359.53,2.0,False,2088;2136
NEE,Short,1780,2013-05-20T20:00:00Z,14.095505,2013-05-22T20:00:00Z,13.987627,192.02,14.8184,0.0,572.97,380.95,2.0,True,2070;2143
BA,Short,300,2013-05-22T20:00:00Z,83.821288,2013-05-23T20:00:00Z,82.380186,432.33,10.0545,-221.25,432.33,221.25,1.0,True,2108;2146
BAX,Long,800,2013-05-22T20:00:00Z,31.429794,2013-05-23T20:00:00Z,30.892349,-429.96,9.9371,-429.96,0.0,429.96,1.0,False,2142;2147
F,Long,3201,2013-05-22T20:00:00Z,7.91801,2013-05-23T20:00:00Z,7.618523,-958.66,10.0138,-958.66,0.0,958.66,1.0,False,2140;2148
HON,Short,456,2013-05-13T20:00:00Z,55.392547,2013-05-23T20:00:00Z,56.402193,-460.4,10.242,-1130.34,0.0,1130.34,10.0,False,1973;2149
JPM,Long,674,2013-05-22T20:00:00Z,37.609703,2013-05-23T20:00:00Z,37.131673,-322.19,10.1377,-322.19,0.0,322.19,1.0,False,2139;2150
LVS,Short,630,2013-05-16T20:00:00Z,39.826777,2013-05-23T20:00:00Z,39.169502,414.08,9.9863,-565.05,414.08,565.05,7.0,True,2049;2151
PCLN,Long,779,2013-05-22T20:00:00Z,31.434343,2013-05-23T20:00:00Z,30.783376,-507.1,9.7502,-507.1,0.0,507.1,1.0,False,2141;2152
WFC,Long,891,2013-05-22T20:00:00Z,28.186124,2013-05-23T20:00:00Z,27.396053,-703.95,9.8936,-703.95,0.0,703.95,1.0,False,2138;2153
DE,Short,366,2013-05-22T20:00:00Z,68.740773,2013-05-23T20:00:00Z,67.065887,613.01,15.0046,0.0,613.01,0.0,1.0,True,2144;2164
NEE,Long,1795,2013-05-22T20:00:00Z,13.987627,2013-05-23T20:00:00Z,13.667472,-574.68,9.851,-677.74,0.0,677.74,1.0,False,2143;2165
SPY,Short,495,2013-05-22T20:00:00Z,133.09422,2013-05-23T20:00:00Z,130.596815,1236.22,15.5541,0.0,1236.22,0.0,1.0,True,2117;2166
SPY,Short,96,2013-05-22T20:00:00Z,133.09422,2013-05-23T20:00:00Z,130.596815,239.75,25.8387,0.0,239.75,0.0,1.0,True,2145;2166
BLK,Short,122,2013-05-23T20:00:00Z,202.034068,2013-05-24T20:00:00Z,200.735897,158.38,9.9077,-145.25,158.38,145.25,1.0,True,2160;2167
KMI,Long,1259,2013-05-13T20:00:00Z,20.093771,2013-05-24T20:00:00Z,20.521623,538.67,10.2693,0.0,1051.68,513.02,11.0,True,1975;2168
HPQ,Long,4005,2013-05-23T20:00:00Z,6.834461,2013-05-24T20:00:00Z,7.274727,1763.26,11.6139,0.0,1763.26,0.0,1.0,True,2162;2169
KFT,Long,1084,2013-05-22T20:00:00Z,23.148411,2013-05-24T20:00:00Z,23.193301,48.66,10.1734,0.0,235.2,227.08,2.0,True,2110;2170
QCOM,Short,563,2013-05-13T20:00:00Z,44.693517,2013-05-24T20:00:00Z,44.103434,332.22,10.0861,-871.58,332.22,871.58,11.0,True,1988;2171
SBUX,Short,1031,2013-05-15T20:00:00Z,24.456482,2013-05-24T20:00:00Z,24.329205,131.22,15.1587,-334.02,131.22,334.02,9.0,True,2031;2175
BIIB,Short,107,2013-05-23T20:00:00Z,229.83,2013-05-28T20:00:00Z,237.23,-791.8,10.1325,-1180.21,0.0,1180.21,5.0,False,2159;2183
BMY,Short,919,2013-05-15T20:00:00Z,27.460914,2013-05-28T20:00:00Z,31.079845,-3325.8,11.0086,-3325.8,0.0,3325.8,13.0,False,2027;2184
HAL,Long,729,2013-05-23T20:00:00Z,33.233549,2013-05-28T20:00:00Z,34.337419,804.72,9.9181,0.0,804.72,0.0,5.0,True,2161;2185
KMB,Long,408,2013-05-23T20:00:00Z,61.1248,2013-05-28T20:00:00Z,62.749819,663.01,10.1696,0.0,729.31,66.3,5.0,True,2163;2186
LOW,Short,749,2013-05-24T20:00:00Z,33.176221,2013-05-28T20:00:00Z,33.979443,-601.61,10.0859,-601.61,0.0,601.61,4.0,False,2178;2187
SBUX,Long,1028,2013-05-24T20:00:00Z,24.329205,2013-05-28T20:00:00Z,24.76889,452.0,5.0957,0.0,467.86,15.86,4.0,True,2175;2188
SLB,Long,465,2013-05-09T20:00:00Z,54.453333,2013-05-28T20:00:00Z,53.147128,-607.39,9.9696,-940.47,0.0,940.47,19.0,False,1954;2189
MS,Short,1444,2013-05-24T20:00:00Z,17.357773,2013-05-28T20:00:00Z,17.81096,-654.4,15.3124,-654.4,0.0,654.4,4.0,False,2177;2194
SPY,Short,411,2013-05-22T20:00:00Z,133.09422,2013-05-28T20:00:00Z,132.895382,81.72,10.8724,0.0,1026.43,944.71,6.0,True,2145;2198
ABT,Long,864,2013-05-28T20:00:00Z,29.369808,2013-05-29T20:00:00Z,29.53971,146.79,10.1822,-200.17,146.79,200.17,1.0,True,2192;2199
AIG,Long,763,2013-05-23T20:00:00Z,32.313311,2013-05-29T20:00:00Z,33.078959,584.19,10.2148,0.0,1162.71,578.52,6.0,True,2158;2200
MET,Short,2034,2013-05-28T20:00:00Z,12.612952,2013-05-29T20:00:00Z,12.592333,41.94,10.4452,-665.03,41.94,665.03,1.0,True,2195;2201
MS,Long,1438,2013-05-28T20:00:00Z,17.81096,2013-05-29T20:00:00Z,17.681478,-186.2,5.1679,-186.2,227.57,413.77,1.0,False,2194;2202
PCLN,Long,804,2013-05-28T20:00:00Z,31.719971,2013-05-29T20:00:00Z,31.107297,-492.59,10.0315,-613.54,0.0,613.54,1.0,False,2197;2203
PG,Long,464,2013-05-22T20:00:00Z,54.1372,2013-05-29T20:00:00Z,55.037196,417.6,10.0555,-31.88,985.02,953.14,7.0,True,2107;2204
PM,Long,500,2013-05-24T20:00:00Z,50.011879,2013-05-29T20:00:00Z,49.414212,-298.83,9.9453,-392.22,0.0,392.22,5.0,False,2172;2205
LVS,Short,636,2013-05-24T20:00:00Z,39.368054,2013-05-29T20:00:00Z,40.052715,-435.44,15.1426,-539.95,0.0,539.95,5.0,False,2176;2208
ETN,Long,512,2013-05-22T20:00:00Z,48.911507,2013-05-29T20:00:00Z,48.697296,-109.68,14.8802,-456.98,62.15,519.13,7.0,False,2116;2214
NEE,Short,1824,2013-05-23T20:00:00Z,13.667472,2013-05-29T20:00:00Z,13.331658,612.53,9.7522,0.0,898.16,285.63,6.0,True,2165;2215
SPY,Short,250,2013-05-22T20:00:00Z,133.09422,2013-05-29T20:00:00Z,131.559191,383.76,6.5704,0.0,624.35,574.64,7.0,True,2145;2216
ADP,Long,482,2013-05-22T20:00:00Z,52.20492,2013-05-30T20:00:00Z,51.411822,-382.27,9.9157,-467.22,0.0,467.22,8.0,False,2112;2217
AMT,Long,413,2013-05-13T20:00:00Z,61.347768,2013-05-30T20:00:00Z,58.620545,-1126.34,9.8467,-1357.7,429.23,1786.93,17.0,False,1992;2218
COP,Short,631,2013-05-28T20:00:00Z,40.301947,2013-05-30T20:00:00Z,39.829908,297.86,10.0724,0.0,362.26,64.4,2.0,True,2190;2219
CVX,Short,346,2013-05-22T20:00:00Z,72.51141,2013-05-30T20:00:00Z,72.136897,129.58,9.9694,-115.63,147.52,205.34,8.0,True,2137;2220
F,Long,3133,2013-05-29T20:00:00Z,8.028347,2013-05-30T20:00:00Z,8.301563,855.99,10.3805,0.0,1020.6,164.61,1.0,True,2207;2221
KFT,Short,1088,2013-05-28T20:00:00Z,23.440197,2013-05-30T20:00:00Z,22.482539,1041.93,9.9114,0.0,1408.24,366.3,2.0,True,2193;2222
MA,Short,479,2013-05-15T20:00:00Z,52.737777,2013-05-30T20:00:00Z,53.034597,-142.18,10.1917,-642.67,27.02,651.53,15.0,False,2028;2223
MCD,Long,360,2013-05-13T20:00:00Z,70.144466,2013-05-30T20:00:00Z,69.647964,-178.74,10.0084,-552.78,535.24,1088.01,17.0,False,1968;2224
LVS,Long,625,2013-05-29T20:00:00Z,40.052715,2013-05-30T20:00:00Z,40.196494,89.86,10.0623,0.0,102.7,12.84,1.0,True,2208;2230
APA,Long,404,2013-05-22T20:00:00Z,62.202221,2013-05-30T20:00:00Z,61.958927,-98.29,15.0736,-804.2,107.23,804.2,8.0,False,2115;2236
ETN,Short,513,2013-05-29T20:00:00Z,48.697296,2013-05-30T20:00:00Z,48.254593,227.11,10.0361,0.0,227.11,0.0,1.0,True,2214;2237
SPY,Short,222,2013-05-22T20:00:00Z,133.09422,2013-05-30T20:00:00Z,131.53533,346.07,15.1996,0.0,554.42,510.28,8.0,True,2145;2238
BAX,Long,820,2013-05-30T20:00:00Z,30.698869,2013-06-03T20:00:00Z,30.277512,-345.51,10.0438,-377.24,0.0,377.24,4.0,False,2234;2239
KMI,Long,1222,2013-05-29T20:00:00Z,20.506342,2013-06-03T20:00:00Z,19.36031,-1400.45,9.7023,-1419.12,0.0,1419.12,5.0,False,2212;2243
ITW,Long,487,2013-05-24T20:00:00Z,51.37229,2013-06-03T20:00:00Z,51.762367,189.97,10.1192,0.0,405.02,215.06,10.0,True,2182;2244
MMM,Short,485,2013-05-23T20:00:00Z,51.3551,2013-06-03T20:00:00Z,51.653731,-144.84,10.0027,-346.25,0.0,346.25,11.0,False,2156;2245
AMGN,Short,343,2013-05-24T20:00:00Z,72.827941,2013-06-03T20:00:00Z,69.836248,1026.15,9.7634,-304.75,1378.52,352.37,10.0,True,2173;2262
BK,Long,1163,2013-05-24T20:00:00Z,21.5116,2013-06-03T20:00:00Z,22.045187,620.56,10.1534,0.0,952.09,416.54,10.0,True,2181;2263
BMY,Short,828,2013-05-30T20:00:00Z,30.59168,2013-06-03T20:00:00Z,30.546118,37.73,10.1988,-323.36,533.54,856.91,4.0,True,2228;2264
CAT,Long,404,2013-05-30T20:00:00Z,62.284946,2013-06-03T20:00:00Z,61.82395,-186.24,10.042,-194.97,0.0,194.97,4.0,False,2229;2265
ETN,Long,524,2013-05-30T20:00:00Z,48.254593,2013-06-03T20:00:00Z,47.447732,-422.8,4.9553,-568.72,0.0,568.72,4.0,False,2237;2266
DE,Long,369,2013-05-23T20:00:00Z,67.065887,2013-06-03T20:00:00Z,68.490323,525.62,5.1031,0.0,768.21,242.59,11.0,True,2164;2267
EMR,Long,624,2013-05-24T20:00:00Z,40.071674,2013-06-03T20:00:00Z,40.685989,383.33,10.1076,0.0,467.05,171.84,10.0,True,2179;2268
ABBV,Short,932,2013-05-02T20:00:00Z,27.072834,2013-06-03T20:00:00Z,25.446089,1516.13,9.6667,-868.73,1604.66,2036.26,32.0,True,1851;2269
GILD,Long,654,2013-05-20T20:00:00Z,38.423269,2013-06-03T20:00:00Z,37.256239,-763.24,9.7177,-1419.35,49.1,1468.45,14.0,False,2064;2270
HD,Short,432,2013-05-23T20:00:00Z,57.513303,2013-06-03T20:00:00Z,57.338335,75.59,9.9515,-292.9,75.59,292.9,11.0,True,2154;2271
PSX,Long,602,2013-05-22T20:00:00Z,41.64366,2013-06-03T20:00:00Z,42.773651,680.25,10.1054,0.0,680.25,292.09,12.0,True,2111;2272
JNJ,Short,420,2013-05-30T20:00:00Z,59.953845,2013-06-03T20:00:00Z,58.939694,425.94,10.0288,0.0,434.76,138.06,4.0,True,2225;2273
LVS,Short,626,2013-05-30T20:00:00Z,40.196494,2013-06-03T20:00:00Z,39.915783,175.73,4.9657,0.0,347.16,171.44,4.0,True,2230;2274
NEE,Long,1877,2013-05-29T20:00:00Z,13.331658,2013-06-03T20:00:00Z,13.280377,-96.25,5.0263,-293.93,108.01,293.93,5.0,False,2215;2275
PNC,Short,520,2013-05-30T20:00:00Z,48.433161,2013-06-03T20:00:00Z,48.284924,77.08,10.1407,0.0,84.09,66.57,4.0,True,2235;2276
SLB,Long,478,2013-05-30T20:00:00Z,52.402731,2013-06-03T20:00:00Z,51.612295,-377.83,9.962,-530.38,0.0,530.38,4.0,False,2227;2277
USB,Long,1112,2013-05-22T20:00:00Z,22.501033,2013-06-03T20:00:00Z,22.488219,-14.25,10.0655,-42.75,299.23,341.97,12.0,False,2109;2278
VZ,Long,980,2013-05-29T20:00:00Z,25.37806,2013-06-03T20:00:00Z,24.444116,-915.27,9.7196,-915.27,0.0,915.27,5.0,False,2206;2279
BA,Short,297,2013-05-24T20:00:00Z,84.685949,2013-06-04T20:00:00Z,85.143711,-135.96,10.0511,-211.49,221.56,433.04,11.0,False,2174;2290
BIIB,Long,106,2013-06-03T20:00:00Z,234.16,2013-06-04T20:00:00Z,224.0,-1076.96,9.4792,-1528.52,0.0,1528.52,1.0,False,2256;2291
HPQ,Short,3494,2013-06-03T20:00:00Z,7.224495,2013-06-04T20:00:00Z,7.342687,-412.96,10.225,-412.96,0.0,412.96,1.0,False,2286;2292
KMB,Short,432,2013-06-03T20:00:00Z,58.380323,2013-06-04T20:00:00Z,58.145598,101.4,10.1027,-150.8,101.4,150.8,1.0,True,2259;2293
LMT,Long,342,2013-05-22T20:00:00Z,73.353241,2013-06-04T20:00:00Z,73.003273,-119.69,9.9839,-160.02,304.97,464.99,13.0,False,2114;2294
MA,Short,478,2013-06-03T20:00:00Z,52.830244,2013-06-04T20:00:00Z,53.213059,-182.99,10.114,-182.99,137.9,320.89,1.0,False,2253;2295
MRK,Long,860,2013-06-03T20:00:00Z,30.697635,2013-06-04T20:00:00Z,30.233469,-399.18,10.5611,-399.18,269.72,668.9,1.0,False,2251;2296
ORCL,Short,912,2013-06-03T20:00:00Z,27.718073,2013-06-04T20:00:00Z,28.119309,-365.93,10.24,-365.93,0.0,365.93,1.0,False,2250;2297
PX,Long,274,2013-05-22T20:00:00Z,91.54328,2013-06-04T20:00:00Z,91.108676,-119.08,10.0617,-329.1,175.37,409.21,13.0,False,2113;2298
SO,Long,1021,2013-06-03T20:00:00Z,24.711916,2013-06-04T20:00:00Z,24.740023,28.7,10.105,-11.48,28.7,11.48,1.0,True,2258;2299
UNH,Long,503,2013-06-03T20:00:00Z,50.246519,2013-06-04T20:00:00Z,50.03879,-104.49,10.0606,-212.99,0.0,212.99,1.0,False,2255;2300
V,Short,614,2013-05-23T20:00:00Z,40.488706,2013-06-04T20:00:00Z,40.720225,-142.15,9.987,-369.32,33.45,402.77,12.0,False,2155;2301
APA,Short,405,2013-05-30T20:00:00Z,61.958927,2013-06-04T20:00:00Z,62.047398,-35.83,10.0507,-140.34,582.25,722.58,5.0,False,2236;2313
BEN,Long,805,2013-05-24T20:00:00Z,31.013614,2013-06-04T20:00:00Z,30.021147,-798.94,14.8416,-987.01,651.27,1638.28,11.0,False,2180;2314
SPY,Long,354,2013-05-30T20:00:00Z,131.53533,2013-06-04T20:00:00Z,130.779746,-267.48,20.736,-602.53,0.0,602.53,5.0,False,2238;2316
SPY,Long,443,2013-06-03T20:00:00Z,130.342302,2013-06-04T20:00:00Z,130.779746,193.79,16.5778,-225.5,528.51,112.75,1.0,True,2261;2316
AIG,Short,763,2013-06-03T20:00:00Z,33.212762,2013-06-05T20:00:00Z,33.747972,-408.37,10.056,-408.37,442.4,850.76,2.0,False,2254;2317
CVS,Short,604,2013-05-20T20:00:00Z,41.530277,2013-06-05T20:00:00Z,40.229396,785.73,9.8183,-350.62,908.24,789.96,16.0,True,2066;2318
DE,Long,363,2013-06-04T20:00:00Z,69.030356,2013-06-05T20:00:00Z,67.856371,-426.16,9.8329,-653.44,0.0,653.44,1.0,False,2312;2319
DIS,Short,422,2013-05-16T20:00:00Z,59.610441,2013-06-05T20:00:00Z,56.446143,1335.33,9.6404,0.0,1692.41,543.06,20.0,True,2044;2320
DOW,Long,651,2013-05-08T20:00:00Z,38.827333,2013-06-05T20:00:00Z,38.69232,-87.89,9.9861,-622.58,959.5,1582.08,28.0,False,1942;2321
EBAY,Short,1232,2013-05-14T20:00:00Z,20.487731,2013-06-05T20:00:00Z,19.511595,1202.6,9.843,-690.47,1755.89,690.47,22.0,True,2009;2322
HD,Short,435,2013-06-04T20:00:00Z,57.512617,2013-06-05T20:00:00Z,55.864166,717.08,9.6713,0.0,1083.58,366.51,1.0,True,2302;2323
ITW,Long,481,2013-06-04T20:00:00Z,52.115643,2013-06-05T20:00:00Z,51.328131,-378.79,9.8571,-577.04,0.0,577.04,1.0,False,2315;2324
LVS,Short,633,2013-06-04T20:00:00Z,39.710384,2013-06-05T20:00:00Z,40.258114,-346.71,10.0382,-346.71,281.7,628.42,1.0,False,2308;2325
OXY,Short,426,2013-05-23T20:00:00Z,58.133739,2013-06-05T20:00:00Z,60.318926,-930.89,10.1302,-1330.24,0.0,1330.24,13.0,False,2157;2326
ADP,Long,499,2013-06-03T20:00:00Z,50.831686,2013-06-06T20:00:00Z,49.95781,-436.06,10.0764,-498.36,0.0,498.36,3.0,False,2287;2335
APA,Long,403,2013-06-04T20:00:00Z,62.047398,2013-06-06T20:00:00Z,62.600339,222.84,5.0985,0.0,487.27,264.43,2.0,True,2313;2336
BEN,Short,836,2013-06-04T20:00:00Z,30.021147,2013-06-06T20:00:00Z,28.698502,1105.73,4.8268,0.0,1128.33,164.65,2.0,True,2314;2337
COP,Short,644,2013-06-03T20:00:00Z,39.357869,2013-06-06T20:00:00Z,39.23029,82.16,10.1879,-86.27,82.16,119.13,3.0,True,2252;2338
DUK,Short,648,2013-05-30T20:00:00Z,39.059163,2013-06-06T20:00:00Z,38.619841,284.68,10.0994,0.0,284.68,258.46,7.0,True,2231;2339
HAL,Long,740,2013-05-29T20:00:00Z,33.695452,2013-06-06T20:00:00Z,32.759892,-692.31,9.97,-692.31,0.0,692.31,8.0,False,2213;2340
KMB,Short,427,2013-06-05T20:00:00Z,58.438083,2013-06-06T20:00:00Z,58.013256,181.4,9.9543,-15.55,181.4,15.55,1.0,True,2333;2341
LOW,Short,745,2013-05-29T20:00:00Z,33.506959,2013-06-06T20:00:00Z,31.207539,1713.07,9.8314,-64.53,1730.67,645.33,8.0,True,2211;2342
USB,Short,1111,2013-06-05T20:00:00Z,22.571509,2013-06-06T20:00:00Z,22.353674,242.01,10.0208,-106.77,242.01,106.77,1.0,True,2330;2343
TMO,Long,298,2013-06-03T20:00:00Z,84.870391,2013-06-06T20:00:00Z,81.832824,-905.2,9.989,-905.2,0.0,905.2,3.0,False,2260;2344
NEE,Short,1886,2013-06-06T20:00:00Z,13.33479,2013-06-10T20:00:00Z,13.819245,-913.68,10.3332,-936.85,0.0,936.85,4.0,False,2354;2365
AXP,Long,398,2013-06-03T20:00:00Z,63.467285,2013-06-10T20:00:00Z,65.28207,722.28,10.3017,-376.12,795.51,416.06,7.0,True,2284;2381
BA,Short,297,2013-06-05T20:00:00Z,84.211233,2013-06-10T20:00:00Z,86.839126,-780.48,10.1075,-793.07,0.0,793.07,5.0,False,2328;2382
BMY,Short,810,2013-06-04T20:00:00Z,30.70233,2013-06-10T20:00:00Z,31.001738,-242.52,9.9265,-242.52,527.22,769.74,6.0,False,2303;2383
CVX,Long,356,2013-06-03T20:00:00Z,70.604276,2013-06-10T20:00:00Z,70.81746,75.89,10.1238,-399.98,86.15,486.13,7.0,True,2280;2384
PSX,Long,595,2013-06-04T20:00:00Z,42.007556,2013-06-10T20:00:00Z,42.090549,49.38,9.8983,-831.88,49.38,831.88,6.0,True,2309;2385
KFT,Long,1135,2013-06-05T20:00:00Z,22.108453,2013-06-10T20:00:00Z,22.325423,246.26,10.0287,-220.79,263.24,237.77,5.0,True,2331;2386
LMT,Long,350,2013-06-06T20:00:00Z,72.018242,2013-06-10T20:00:00Z,74.529377,878.9,10.2477,0.0,878.9,167.52,4.0,True,2353;2387
MA,Short,478,2013-06-05T20:00:00Z,52.244002,2013-06-10T20:00:00Z,52.484417,-114.92,9.9479,-114.92,2.21,117.13,5.0,False,2329;2388
MET,Short,1986,2013-06-06T20:00:00Z,12.677755,2013-06-10T20:00:00Z,13.361128,-1357.18,10.4503,-1497.58,0.0,1497.58,4.0,False,2350;2389
MMM,Short,496,2013-06-06T20:00:00Z,50.617856,2013-06-10T20:00:00Z,51.859039,-615.63,10.1592,-615.63,0.0,615.63,4.0,False,2347;2390
PFE,Long,1716,2013-06-03T20:00:00Z,14.724317,2013-06-10T20:00:00Z,15.290637,971.8,10.3881,0.0,990.32,166.6,7.0,True,2281;2391
PRU,Long,628,2013-06-03T20:00:00Z,40.316816,2013-06-10T20:00:00Z,41.776433,916.64,10.3664,-686.57,1106.54,686.57,7.0,True,2288;2392
SBUX,Short,1015,2013-05-29T20:00:00Z,24.603044,2013-06-10T20:00:00Z,25.277998,-685.08,10.158,-908.22,567.64,1475.85,12.0,False,2209;2393
TRV,Long,402,2013-06-05T20:00:00Z,62.221678,2013-06-10T20:00:00Z,62.557296,134.92,9.9483,-377.45,134.92,377.45,5.0,True,2334;2394
TXN,Long,1006,2013-06-03T20:00:00Z,25.069243,2013-06-10T20:00:00Z,25.236744,168.51,10.2016,-175.53,505.52,681.04,7.0,True,2257;2395
V,Short,614,2013-06-05T20:00:00Z,40.745193,2013-06-10T20:00:00Z,40.978983,-143.55,10.0218,-393.01,22.3,415.31,5.0,False,2327;2396
AIG,Short,770,2013-06-06T20:00:00Z,32.580917,2013-06-10T20:00:00Z,33.747972,-898.63,15.4917,-1213.44,0.0,1213.44,4.0,False,2348;2399
SPY,Long,191,2013-06-03T20:00:00Z,130.342302,2013-06-10T20:00:00Z,131.471702,215.72,28.1285,-410.16,227.87,493.71,7.0,True,2261;2407
SPY,Long,153,2013-06-03T20:00:00Z,130.342302,2013-06-10T20:00:00Z,131.471702,172.8,4.0006,-328.56,182.53,395.49,7.0,True,2289;2407
SPY,Long,242,2013-06-06T20:00:00Z,128.202805,2013-06-10T20:00:00Z,131.471702,791.07,6.2608,-1.92,806.47,1.92,4.0,True,2356;2407
SPY,Long,191,2013-06-10T20:00:00Z,131.471702,2013-06-10T20:00:00Z,131.471702,0.0,5.007,-625.88,12.15,0.0,0.0,False,2380;2407
BAX,Long,829,2013-06-04T20:00:00Z,30.213019,2013-06-12T20:00:00Z,30.426676,177.12,9.9818,-339.77,177.12,339.77,8.0,True,2311;2409
KMI,Long,1285,2013-06-04T20:00:00Z,19.472366,2013-06-12T20:00:00Z,19.604797,170.17,9.891,-392.71,857.41,1250.12,8.0,True,2310;2414
GS,Short,211,2013-05-15T20:00:00Z,119.381972,2013-06-12T20:00:00Z,128.092475,-1837.92,10.3983,-2282.42,0.0,2282.42,28.0,False,2026;2415
HAL,Long,741,2013-06-10T20:00:00Z,33.929888,2013-06-12T20:00:00Z,33.348816,-430.57,9.8252,-930.97,0.0,930.97,2.0,False,2377;2416
NEE,Long,1817,2013-06-10T20:00:00Z,13.819245,2013-06-12T20:00:00Z,13.910519,165.84,9.9781,-312.55,165.84,357.2,2.0,True,2406;2418
ABT,Long,875,2013-06-04T20:00:00Z,28.690202,2013-06-12T20:00:00Z,28.659311,-27.03,9.8983,-567.63,243.27,723.05,8.0,False,2306;2433
ACN,Short,400,2013-06-10T20:00:00Z,62.995422,2013-06-12T20:00:00Z,62.654403,136.41,9.9987,0.0,486.73,350.32,2.0,True,2401;2434
AIG,Long,746,2013-06-10T20:00:00Z,33.747972,2013-06-12T20:00:00Z,33.65877,-66.54,4.9531,-410.36,0.0,410.36,2.0,False,2399;2435
BIIB,Long,111,2013-06-10T20:00:00Z,225.81,2013-06-12T20:00:00Z,217.73,-896.88,9.518,-2137.86,0.0,2137.86,2.0,False,2375;2436
CSCO,Short,1541,2013-06-06T20:00:00Z,16.431581,2013-06-12T20:00:00Z,16.223501,320.65,10.0415,-10.34,506.84,186.18,6.0,True,2345;2437
DE,Long,369,2013-06-10T20:00:00Z,68.286832,2013-06-12T20:00:00Z,67.261551,-378.33,9.8493,-846.19,0.0,846.19,2.0,False,2405;2438
DIS,Short,439,2013-06-10T20:00:00Z,57.19535,2013-06-12T20:00:00Z,56.684127,224.43,9.8144,0.0,735.19,510.77,2.0,True,2372;2439
HD,Short,435,2013-06-10T20:00:00Z,57.842307,2013-06-12T20:00:00Z,57.241538,261.33,9.8243,0.0,812.69,551.35,2.0,True,2397;2440
PNC,Short,534,2013-06-06T20:00:00Z,46.930574,2013-06-12T20:00:00Z,48.635303,-910.33,10.1546,-1180.18,0.0,1180.18,6.0,False,2352;2441
PX,Long,277,2013-06-10T20:00:00Z,90.968098,2013-06-12T20:00:00Z,91.857684,246.42,10.1123,-105.61,246.42,105.61,2.0,True,2404;2442
TGT,Short,537,2013-05-28T20:00:00Z,47.254775,2013-06-12T20:00:00Z,47.409466,-83.07,10.0362,-451.46,303.38,754.85,15.0,False,2196;2443
YUM,Long,440,2013-06-10T20:00:00Z,57.031171,2013-06-12T20:00:00Z,55.758293,-560.07,9.8469,-607.88,0.0,607.88,2.0,False,2378;2444
MS,Long,1337,2013-06-12T20:00:00Z,19.062619,2013-06-12T20:00:00Z,19.062619,0.0,14.7554,0.0,0.0,0.0,0.0,False,2424;2448
BEN,Long,865,2013-06-10T20:00:00Z,29.192804,2013-06-13T20:00:00Z,27.659695,-1326.14,9.9377,-1326.14,0.0,1326.14,3.0,False,2379;2450
KMB,Short,422,2013-06-12T20:00:00Z,59.912842,2013-06-13T20:00:00Z,58.826497,458.44,9.9565,0.0,458.44,0.0,1.0,True,2429;2451
LMT,Long,341,2013-06-12T20:00:00Z,74.161724,2013-06-13T20:00:00Z,74.251903,30.75,10.1724,0.0,250.74,219.99,1.0,True,2430;2452
MA,Long,484,2013-06-12T20:00:00Z,52.222734,2013-06-13T20:00:00Z,51.556045,-322.68,10.1297,-322.68,400.55,723.23,1.0,False,2422;2453
MMM,Short,487,2013-06-12T20:00:00Z,51.789048,2013-06-13T20:00:00Z,50.837163,463.57,10.0099,-52.26,463.57,52.26,1.0,True,2421;2454
MS,Short,1337,2013-06-12T20:00:00Z,19.062619,2013-06-13T20:00:00Z,18.372048,923.29,5.0723,0.0,923.29,0.0,1.0,True,2448;2455
PRU,Long,608,2013-06-12T20:00:00Z,41.753172,2013-06-13T20:00:00Z,41.148391,-367.71,10.0914,-367.71,0.0,367.71,1.0,False,2431;2456
TXN,Long,1019,2013-06-12T20:00:00Z,24.776117,2013-06-13T20:00:00Z,24.32247,-462.27,9.9935,-462.27,0.0,462.27,1.0,False,2427;2457
SPY,Short,296,2013-06-10T20:00:00Z,131.471702,2013-06-14T20:00:00Z,130.461605,298.99,7.6828,0.0,835.76,581.5,4.0,True,2407;2467
GIS,Long,835,2013-06-13T20:00:00Z,30.040657,2013-06-14T20:00:00Z,30.387948,289.99,10.1817,0.0,440.16,150.17,1.0,True,2466;2468
KMI,Long,1309,2013-06-13T20:00:00Z,19.166758,2013-06-14T20:00:00Z,19.365403,260.03,10.1851,0.0,526.72,266.69,1.0,True,2461;2469
KFT,Long,1125,2013-06-12T20:00:00Z,22.44513,2013-06-14T20:00:00Z,22.310459,-151.5,9.9892,-159.92,0.0,159.92,2.0,False,2447;2470
PNC,Short,525,2013-06-13T20:00:00Z,47.732403,2013-06-14T20:00:00Z,48.257971,-275.92,10.1002,-275.92,0.0,275.92,1.0,False,2463;2471
PX,Long,274,2013-06-13T20:00:00Z,91.063411,2013-06-14T20:00:00Z,92.786984,472.26,10.2112,0.0,709.48,237.22,1.0,True,2464;2472
UNH,Short,491,2013-06-12T20:00:00Z,51.349082,2013-06-14T20:00:00Z,51.462978,-55.92,10.0356,-63.8,172.61,236.41,2.0,False,2446;2473
FB,Long,1089,2013-06-10T20:00:00Z,23.811937,2013-06-18T20:00:00Z,23.861463,53.93,10.4717,-442.25,183.37,442.25,8.0,True,2400;2484
GS,Short,199,2013-06-13T20:00:00Z,125.371734,2013-06-18T20:00:00Z,127.610515,-445.52,10.2088,-445.52,0.0,445.52,5.0,False,2459;2487
AXP,Long,398,2013-06-14T20:00:00Z,62.656068,2013-06-18T20:00:00Z,61.953571,-279.59,9.8484,-359.48,19.97,359.48,4.0,False,2474;2504
C,Long,685,2013-06-12T20:00:00Z,36.883832,2013-06-18T20:00:00Z,36.304889,-396.58,9.9847,-557.21,0.0,557.21,6.0,False,2445;2505
COP,Short,632,2013-06-10T20:00:00Z,39.778877,2013-06-18T20:00:00Z,39.447173,209.64,10.0222,0.0,596.66,491.84,8.0,True,2398;2506
EOG,Short,531,2013-06-14T20:00:00Z,47.305542,2013-06-18T20:00:00Z,47.266596,20.68,10.0304,-265.09,52.64,317.73,4.0,True,2480;2507
FDX,Long,464,2013-06-14T20:00:00Z,53.936017,2013-06-18T20:00:00Z,53.458995,-221.34,9.9904,-276.67,0.0,276.67,4.0,False,2481;2508
ITW,Long,494,2013-06-06T20:00:00Z,50.886535,2013-06-18T20:00:00Z,52.145083,621.72,10.2471,0.0,796.24,472.65,12.0,True,2355;2509
KMB,Short,423,2013-06-14T20:00:00Z,59.214911,2013-06-18T20:00:00Z,60.495463,-541.67,10.1301,-541.67,0.0,541.67,4.0,False,2478;2510
NEE,Long,1839,2013-06-13T20:00:00Z,13.666536,2013-06-18T20:00:00Z,14.203649,987.75,10.3759,0.0,1204.02,216.27,5.0,True,2465;2511
SBUX,Short,994,2013-06-12T20:00:00Z,25.385991,2013-06-18T20:00:00Z,25.474699,-88.18,10.0866,-490.72,84.34,575.06,6.0,False,2426;2512
TXN,Long,1012,2013-06-14T20:00:00Z,24.678409,2013-06-18T20:00:00Z,25.048306,374.34,10.1141,0.0,536.78,162.45,4.0,True,2477;2513
SPY,Long,356,2013-06-18T20:00:00Z,130.883142,2013-06-18T20:00:00Z,130.883142,0.0,23.3781,0.0,0.0,0.0,0.0,False,2503;2517
ABT,Long,881,2013-06-18T20:00:00Z,28.543469,2013-06-20T20:00:00Z,27.817526,-639.56,9.8886,-1217.88,0.0,1217.88,2.0,False,2496;2518
AMGN,Short,364,2013-06-04T20:00:00Z,68.739526,2013-06-20T20:00:00Z,68.38552,128.86,9.7826,-624.08,1119.3,1743.37,16.0,True,2304;2519
BA,Long,287,2013-06-18T20:00:00Z,87.483383,2013-06-20T20:00:00Z,86.008373,-423.33,9.9127,-866.12,0.0,866.12,2.0,False,2514;2520
MDT,Long,665,2013-06-14T20:00:00Z,37.724936,2013-06-20T20:00:00Z,36.861714,-574.04,9.8783,-801.76,298.88,1100.64,6.0,False,2476;2527
PCLN,Long,813,2013-05-30T20:00:00Z,31.063534,2013-06-20T20:00:00Z,32.138059,873.59,10.313,0.0,1264.96,607.7,21.0,True,2233;2528
TJX,Short,1170,2013-06-14T20:00:00Z,21.392246,2013-06-20T20:00:00Z,20.739175,764.09,9.7363,0.0,1043.28,372.25,6.0,True,2479;2530
VZ,Short,981,2013-06-18T20:00:00Z,25.665816,2013-06-20T20:00:00Z,25.120595,534.86,9.9554,0.0,931.06,396.19,2.0,True,2493;2531
BLK,Short,123,2013-05-30T20:00:00Z,201.754352,2013-06-20T20:00:00Z,191.10164,1310.28,9.5026,-160.75,2443.08,1431.98,21.0,True,2232;2542
COF,Short,513,2013-06-18T20:00:00Z,48.871738,2013-06-20T20:00:00Z,48.753385,60.71,10.0155,0.0,129.53,68.81,2.0,True,2501;2543
DOW,Long,653,2013-06-18T20:00:00Z,38.523555,2013-06-20T20:00:00Z,37.848493,-440.82,9.9639,-771.43,0.0,771.43,2.0,False,2516;2544
DUK,Short,642,2013-06-10T20:00:00Z,39.325068,2013-06-20T20:00:00Z,38.440644,567.8,9.8708,-74.22,1087.36,608.62,10.0,True,2402;2545
GIS,Long,813,2013-06-18T20:00:00Z,30.908884,2013-06-20T20:00:00Z,30.294923,-499.15,9.8943,-821.83,0.0,821.83,2.0,False,2502;2546
GM,Short,1000,2013-05-29T20:00:00Z,25.002415,2013-06-20T20:00:00Z,24.646825,355.59,9.8691,-948.24,881.57,948.24,22.0,True,2210;2547
HAL,Long,768,2013-06-13T20:00:00Z,32.712778,2013-06-20T20:00:00Z,33.348816,488.48,10.2387,0.0,1453.37,1362.91,7.0,True,2462;2548
PSX,Long,614,2013-06-12T20:00:00Z,41.439368,2013-06-20T20:00:00Z,39.964635,-905.49,9.6977,-1771.77,0.0,1771.77,8.0,False,2449;2549
INTC,Short,1423,2013-06-03T20:00:00Z,18.132851,2013-06-20T20:00:00Z,18.059882,103.84,10.2651,-643.78,685.31,1048.74,17.0,True,2283;2550
LVS,Short,641,2013-06-10T20:00:00Z,39.306434,2013-06-20T20:00:00Z,38.081485,785.19,9.7949,-5.23,1403.4,896.13,10.0,True,2376;2551
MO,Short,1575,2013-05-28T20:00:00Z,16.111055,2013-06-20T20:00:00Z,15.331902,1227.17,9.7552,0.0,1770.2,601.13,23.0,True,2191;2552
OXY,Short,414,2013-06-10T20:00:00Z,60.585461,2013-06-20T20:00:00Z,59.153335,592.9,9.7683,0.0,1113.04,563.26,10.0,True,2373;2553
PM,Long,508,2013-06-18T20:00:00Z,49.366185,2013-06-20T20:00:00Z,47.909373,-740.06,9.72,-1593.98,0.0,1593.98,2.0,False,2492;2554
PNC,Short,522,2013-06-18T20:00:00Z,48.143424,2013-06-20T20:00:00Z,47.402238,386.9,10.0446,0.0,386.9,59.79,2.0,True,2500;2555
SO,Long,1006,2013-06-10T20:00:00Z,25.021096,2013-06-20T20:00:00Z,24.397115,-627.73,9.8264,-1148.0,135.72,1283.73,10.0,False,2403;2556
UPS,Long,469,2013-06-18T20:00:00Z,53.646819,2013-06-20T20:00:00Z,53.071833,-269.67,9.9934,-545.14,0.0,545.14,2.0,False,2494;2557
AXP,Long,403,2013-06-20T20:00:00Z,61.685953,2013-06-21T20:00:00Z,61.359793,-131.44,9.8561,-151.66,0.0,151.66,1.0,False,2560;2571
BAX,Long,830,2013-06-20T20:00:00Z,29.95038,2013-06-21T20:00:00Z,29.790171,-132.97,9.9234,-132.97,283.92,416.89,1.0,False,2563;2572
COP,Short,636,2013-06-20T20:00:00Z,38.987892,2013-06-21T20:00:00Z,38.758251,146.05,9.7887,0.0,308.33,162.28,1.0,True,2535;2573
CVS,Short,606,2013-06-20T20:00:00Z,40.95677,2013-06-21T20:00:00Z,40.30633,394.17,9.7109,0.0,419.6,25.43,1.0,True,2561;2574
DHR,Short,712,2013-06-18T20:00:00Z,35.227811,2013-06-21T20:00:00Z,34.843933,273.32,10.0194,-142.6,479.3,205.98,3.0,True,2498;2575
EMR,Long,636,2013-06-06T20:00:00Z,39.549154,2013-06-21T20:00:00Z,38.68064,-552.37,9.9769,-736.5,727.52,1464.02,15.0,False,2351;2576
EOG,Short,522,2013-06-20T20:00:00Z,47.376354,2013-06-21T20:00:00Z,46.824025,288.32,9.6608,0.0,635.77,347.46,1.0,True,2565;2577
FDX,Long,459,2013-06-20T20:00:00Z,53.074125,2013-06-21T20:00:00Z,52.26644,-370.73,9.5633,-370.73,0.0,370.73,1.0,False,2569;2578
GILD,Long,725,2013-06-20T20:00:00Z,34.267004,2013-06-21T20:00:00Z,33.905293,-262.24,9.7108,-682.81,0.0,682.81,1.0,False,2534;2579
KFT,Long,1134,2013-06-20T20:00:00Z,22.026154,2013-06-21T20:00:00Z,21.412654,-695.71,9.7026,-695.71,0.0,695.71,1.0,False,2538;2580
MET,Short,1915,2013-06-12T20:00:00Z,13.243305,2013-06-21T20:00:00Z,13.422985,-344.09,10.0981,-344.09,558.44,902.52,9.0,False,2425;2581
MRK,Short,832,2013-06-20T20:00:00Z,29.909778,2013-06-21T20:00:00Z,29.688224,184.33,9.8286,0.0,184.33,0.0,1.0,True,2533;2582
ADP,Short,491,2013-06-20T20:00:00Z,50.581944,2013-06-21T20:00:00Z,50.759321,-87.09,14.9493,-87.09,0.0,87.09,1.0,False,2567;2599
APA,Long,403,2013-06-12T20:00:00Z,62.681437,2013-06-21T20:00:00Z,63.050065,148.56,15.0645,-41.6,626.91,653.65,9.0,True,2432;2600
PM,Long,539,2013-06-21T20:00:00Z,46.67135,2013-06-25T20:00:00Z,46.615282,-30.22,10.0586,-175.45,0.0,175.45,4.0,False,2583;2609
TJX,Short,1216,2013-06-21T20:00:00Z,20.701498,2013-06-25T20:00:00Z,20.563349,167.99,10.0529,0.0,305.44,203.62,4.0,True,2597;2610
USB,Short,1103,2013-06-14T20:00:00Z,22.69324,2013-06-25T20:00:00Z,22.872633,-197.87,10.0278,-367.47,254.41,621.88,11.0,False,2475;2612
NEE,Short,1837,2013-06-21T20:00:00Z,13.682334,2013-06-25T20:00:00Z,13.856105,-319.22,15.17,-338.57,0.0,338.57,4.0,False,2601;2624
SPY,Short,175,2013-06-18T20:00:00Z,130.883142,2013-06-25T20:00:00Z,126.747694,723.7,6.85,0.0,937.79,361.89,7.0,True,2517;2626
SPY,Short,95,2013-06-20T20:00:00Z,128.743644,2013-06-25T20:00:00Z,126.747694,189.62,6.0044,-203.25,305.83,126.09,5.0,True,2541;2626
ADP,Long,494,2013-06-21T20:00:00Z,50.759321,2013-06-25T20:00:00Z,51.114074,175.25,5.0252,-113.18,175.25,113.18,4.0,True,2599;2627
BA,Long,295,2013-06-21T20:00:00Z,84.77072,2013-06-25T20:00:00Z,84.143417,-185.05,9.9329,-537.66,0.0,537.66,4.0,False,2587;2628
BLK,Short,137,2013-06-21T20:00:00Z,184.634628,2013-06-25T20:00:00Z,179.546187,697.12,9.9129,0.0,1006.62,687.23,4.0,True,2592;2629
C,Long,690,2013-06-20T20:00:00Z,35.813886,2013-06-25T20:00:00Z,33.842547,-1360.22,9.5974,-1734.41,0.0,1734.41,5.0,False,2532;2630
CL,Long,582,2013-06-04T20:00:00Z,43.261986,2013-06-25T20:00:00Z,41.534154,-1005.6,9.8497,-1270.91,368.01,1638.91,21.0,False,2307;2631
COF,Short,513,2013-06-21T20:00:00Z,48.99009,2013-06-25T20:00:00Z,47.680321,671.91,9.9143,0.0,858.1,461.43,4.0,True,2596;2632
F,Long,3074,2013-06-18T20:00:00Z,8.175464,2013-06-25T20:00:00Z,7.807673,-1130.59,9.891,-1437.46,0.0,1437.46,7.0,False,2495;2633
KMI,Long,1277,2013-06-18T20:00:00Z,19.614984,2013-06-25T20:00:00Z,18.794934,-1047.2,9.8515,-1450.47,0.0,1450.47,7.0,False,2499;2634
GS,Short,199,2013-06-20T20:00:00Z,123.568271,2013-06-25T20:00:00Z,118.60875,986.94,9.5437,0.0,1265.39,352.7,5.0,True,2536;2635
PSX,Long,647,2013-06-21T20:00:00Z,38.955943,2013-06-25T20:00:00Z,37.410984,-999.59,9.8026,-1581.99,0.0,1581.99,4.0,False,2595;2636
HPQ,Short,3454,2013-06-05T20:00:00Z,7.256998,2013-06-25T20:00:00Z,7.058971,683.98,9.8345,-1050.96,1012.5,1367.35,20.0,True,2332;2637
ITW,Long,483,2013-06-20T20:00:00Z,51.37229,2013-06-25T20:00:00Z,49.804626,-757.18,9.7317,-942.03,0.0,942.03,5.0,False,2540;2638
KMB,Short,427,2013-06-20T20:00:00Z,58.092152,2013-06-25T20:00:00Z,58.073945,7.77,9.861,-15.55,163.26,155.49,5.0,True,2564;2639
KO,Long,922,2013-05-30T20:00:00Z,27.315264,2013-06-25T20:00:00Z,26.422481,-823.15,9.8144,-1245.28,0.0,1245.28,26.0,False,2226;2640
LOW,Short,770,2013-06-18T20:00:00Z,32.60924,2013-06-25T20:00:00Z,31.32566,988.36,9.8193,0.0,1188.45,200.1,7.0,True,2497;2641
ORCL,Long,895,2013-06-18T20:00:00Z,28.045613,2013-06-25T20:00:00Z,24.958548,-2762.92,9.432,-3151.34,0.0,3151.34,7.0,False,2491;2642
PNC,Long,521,2013-06-21T20:00:00Z,48.446637,2013-06-25T20:00:00Z,48.102996,-179.04,10.1391,-480.94,280.84,480.94,4.0,False,2594;2643
SBUX,Short,991,2013-06-21T20:00:00Z,25.343565,2013-06-25T20:00:00Z,24.888453,451.02,9.8941,0.0,649.77,279.02,4.0,True,2591;2644
UNP,Short,441,2013-05-14T20:00:00Z,57.269868,2013-06-25T20:00:00Z,56.485492,345.91,10.2152,-1004.99,624.65,1062.18,42.0,True,2008;2645
UPS,Long,475,2013-06-21T20:00:00Z,52.929632,2013-06-25T20:00:00Z,53.065651,64.61,10.0513,-99.85,64.61,99.85,4.0,True,2586;2646
PRU,Short,596,2013-06-20T20:00:00Z,41.514748,2013-06-25T20:00:00Z,41.351923,97.04,14.9559,-58.92,391.64,294.6,5.0,True,2568;2656
SPY,Short,142,2013-06-20T20:00:00Z,128.743644,2013-06-25T20:00:00Z,126.747694,283.42,21.2096,-303.81,457.14,188.47,5.0,True,2541;2657
SPY,Short,168,2013-06-20T20:00:00Z,128.743644,2013-06-25T20:00:00Z,126.747694,335.32,4.2563,-359.44,540.84,222.98,5.0,True,2570;2657
SPY,Long,526,2013-06-25T20:00:00Z,126.747694,2013-06-26T20:00:00Z,127.875086,593.01,13.4726,0.0,693.95,100.94,1.0,True,2657;2658
AIG,Short,792,2013-06-25T20:00:00Z,31.837569,2013-06-26T20:00:00Z,32.618084,-618.17,10.2404,-618.17,0.0,618.17,1.0,False,2617;2659
AMGN,Short,373,2013-06-25T20:00:00Z,67.774687,2013-06-26T20:00:00Z,67.57339,75.08,10.1436,-507.46,75.08,507.46,1.0,True,2614;2660
APA,Short,398,2013-06-21T20:00:00Z,63.050065,2013-06-26T20:00:00Z,61.347005,677.82,4.8803,0.0,974.18,296.36,5.0,True,2600;2661
BAX,Long,829,2013-06-25T20:00:00Z,30.322757,2013-06-26T20:00:00Z,30.335747,10.77,9.9962,-104.1,10.77,104.1,1.0,True,2620;2662
BMY,Long,842,2013-06-25T20:00:00Z,29.791089,2013-06-26T20:00:00Z,29.647894,-120.57,10.0457,-120.57,383.63,504.2,1.0,False,2650;2663
FB,Long,1041,2013-06-20T20:00:00Z,24.04966,2013-06-26T20:00:00Z,24.247763,206.22,9.9132,-350.58,278.4,628.99,6.0,True,2537;2664
HAL,Long,759,2013-06-21T20:00:00Z,33.019018,2013-06-26T20:00:00Z,32.602845,-315.88,9.9244,-655.59,0.0,655.59,5.0,False,2593;2665
MMM,Short,497,2013-06-25T20:00:00Z,50.543199,2013-06-26T20:00:00Z,50.944483,-199.44,10.1074,-315.39,0.0,315.39,1.0,False,2651;2666
MO,Short,1650,2013-06-25T20:00:00Z,15.187879,2013-06-26T20:00:00Z,15.384274,-324.05,10.1104,-338.45,0.0,338.45,1.0,False,2615;2667
MRK,Long,848,2013-06-25T20:00:00Z,29.45401,2013-06-26T20:00:00Z,29.517311,53.68,9.9758,0.0,85.89,32.21,1.0,True,2613;2668
MS,Short,1420,2013-06-25T20:00:00Z,17.782186,2013-06-26T20:00:00Z,18.228179,-633.31,10.1963,-633.31,0.0,633.31,1.0,False,2653;2669
OXY,Short,430,2013-06-21T20:00:00Z,58.443781,2013-06-26T20:00:00Z,58.619542,-75.58,10.0311,-75.58,321.9,397.48,5.0,False,2588;2670
PX,Short,263,2013-06-20T20:00:00Z,93.986336,2013-06-26T20:00:00Z,91.802085,574.46,9.7052,0.0,883.62,384.36,6.0,True,2566;2671
QCOM,Long,588,2013-06-13T20:00:00Z,42.777307,2013-06-26T20:00:00Z,43.677808,529.49,10.1162,-574.65,529.49,1026.15,13.0,True,2458;2672
YUM,Long,471,2013-06-25T20:00:00Z,53.406572,2013-06-26T20:00:00Z,53.585085,84.08,10.0581,0.0,153.54,69.46,1.0,True,2625;2673
NEE,Long,1812,2013-06-25T20:00:00Z,13.856105,2013-06-26T20:00:00Z,13.964932,197.19,10.1266,0.0,286.25,89.06,1.0,True,2624;2684
AAPL,Long,1941,2013-06-20T20:00:00Z,12.802275,2013-06-27T20:00:00Z,12.175221,-1217.11,9.5997,-1526.87,0.0,1526.87,7.0,False,2558;2687
BIIB,Short,120,2013-06-18T20:00:00Z,207.51,2013-06-27T20:00:00Z,209.8,-274.8,10.0706,-274.8,1026.0,1300.8,9.0,False,2515;2688
BK,Short,1178,2013-06-21T20:00:00Z,21.401958,2013-06-27T20:00:00Z,20.890299,602.73,9.8452,0.0,1222.69,740.5,6.0,True,2598;2689
EOG,Short,552,2013-06-25T20:00:00Z,45.680421,2013-06-27T20:00:00Z,47.266596,-875.57,10.2082,-875.57,0.0,875.57,2.0,False,2622;2690
F,Long,3175,2013-06-26T20:00:00Z,7.954789,2013-06-27T20:00:00Z,8.101905,467.09,10.3228,0.0,850.78,383.68,1.0,True,2677;2691
GILD,Long,735,2013-06-26T20:00:00Z,34.410324,2013-06-27T20:00:00Z,35.331663,677.18,10.2621,0.0,677.18,0.0,1.0,True,2675;2692
GIS,Long,833,2013-06-26T20:00:00Z,29.811197,2013-06-27T20:00:00Z,30.009649,165.31,9.9641,0.0,165.31,0.0,1.0,True,2685;2693
MDT,Long,683,2013-06-21T20:00:00Z,36.968725,2013-06-27T20:00:00Z,37.204149,160.79,10.1759,-116.94,160.79,116.94,6.0,True,2590;2694
NEE,Short,1801,2013-06-26T20:00:00Z,13.964932,2013-06-27T20:00:00Z,14.08429,-214.96,5.0845,-271.87,0.0,271.87,1.0,False,2684;2695
PNC,Long,509,2013-06-26T20:00:00Z,49.47756,2013-06-27T20:00:00Z,49.646011,85.74,10.0702,0.0,85.74,0.0,1.0,True,2679;2696
SO,Short,1019,2013-06-26T20:00:00Z,24.621973,2013-06-27T20:00:00Z,24.852453,-234.86,10.0852,-234.86,0.0,234.86,1.0,False,2681;2697
USB,Short,1084,2013-06-26T20:00:00Z,23.245635,2013-06-27T20:00:00Z,23.284324,-41.94,10.0751,-62.91,0.0,62.91,1.0,False,2676;2698
AMGN,Short,360,2013-06-27T20:00:00Z,69.746012,2013-07-01T20:00:00Z,69.41283,119.95,9.8195,0.0,747.16,627.21,4.0,True,2701;2713
ABBV,Short,968,2013-06-27T20:00:00Z,25.861681,2013-07-01T20:00:00Z,24.579283,1241.36,9.7401,0.0,1275.84,155.17,4.0,True,2702;2715
PSX,Short,658,2013-06-26T20:00:00Z,38.368603,2013-07-01T20:00:00Z,37.819568,361.26,9.9659,0.0,504.09,142.83,5.0,True,2682;2716
LMT,Short,346,2013-06-25T20:00:00Z,72.489947,2013-07-01T20:00:00Z,75.236934,-950.46,10.1637,-950.46,0.0,950.46,6.0,False,2655;2717
TXN,Long,1005,2013-06-20T20:00:00Z,24.713305,2013-07-01T20:00:00Z,24.573721,-140.28,9.7734,-855.72,0.0,855.72,11.0,False,2539;2720
UNH,Short,480,2013-06-25T20:00:00Z,52.137061,2013-07-01T20:00:00Z,53.051887,-439.12,9.9656,-439.12,73.19,512.3,6.0,False,2616;2721
SPY,Long,528,2013-06-27T20:00:00Z,128.85056,2013-07-01T20:00:00Z,128.954504,54.88,35.6584,-481.28,105.54,481.28,4.0,True,2712;2736
AMZN,Short,1878,2013-06-03T20:00:00Z,13.416451,2013-07-01T20:00:00Z,13.917273,-940.54,10.2857,-1230.95,305.4,1536.35,28.0,False,2282;2737
BMY,Short,824,2013-06-27T20:00:00Z,30.311798,2013-07-01T20:00:00Z,29.270379,858.13,9.7741,0.0,1008.3,150.17,4.0,True,2699;2738
COF,Short,517,2013-06-26T20:00:00Z,48.603472,2013-07-01T20:00:00Z,49.842229,-640.44,10.2111,-811.76,0.0,811.76,5.0,False,2683;2739
DUK,Short,659,2013-06-25T20:00:00Z,37.937737,2013-07-01T20:00:00Z,39.249921,-864.73,10.1299,-864.73,0.0,864.73,6.0,False,2654;2740
EBAY,Short,1322,2013-06-25T20:00:00Z,19.055075,2013-07-01T20:00:00Z,19.444787,-515.2,10.2579,-770.35,9.81,780.16,6.0,False,2652;2741
EPD,Long,2021,2013-06-03T20:00:00Z,12.474657,2013-07-01T20:00:00Z,13.115407,1294.95,10.3953,-585.91,1524.23,1146.35,28.0,True,2285;2742
KFT,Long,1155,2013-06-27T20:00:00Z,21.772621,2013-07-01T20:00:00Z,21.577216,-225.69,10.1041,-381.94,69.44,381.94,4.0,False,2706;2743
MA,Short,462,2013-06-20T20:00:00Z,53.594024,2013-07-01T20:00:00Z,53.538544,25.63,9.8762,-154.22,726.24,880.46,11.0,True,2562;2744
MMM,Short,487,2013-06-27T20:00:00Z,51.579073,2013-07-01T20:00:00Z,50.566529,493.11,9.9767,0.0,493.11,0.0,4.0,True,2700;2745
PM,Long,535,2013-06-26T20:00:00Z,46.949404,2013-07-01T20:00:00Z,47.046407,51.9,10.095,-144.16,190.29,334.44,5.0,True,2674;2746
TJX,Short,1202,2013-06-27T20:00:00Z,20.831275,2013-07-01T20:00:00Z,21.090829,-311.98,10.1224,-352.24,0.0,352.24,4.0,False,2709;2747
VZ,Long,1005,2013-06-25T20:00:00Z,24.989337,2013-07-01T20:00:00Z,25.383109,395.74,10.2284,0.0,761.04,365.3,6.0,True,2648;2748
YUM,Long,464,2013-06-27T20:00:00Z,54.174956,2013-07-01T20:00:00Z,54.174956,0.0,10.0707,-165.66,151.26,165.66,4.0,False,2711;2749
PRU,Long,610,2013-06-25T20:00:00Z,41.351923,2013-07-01T20:00:00Z,42.55567,734.29,10.2045,-21.28,776.85,42.57,6.0,True,2656;2757
ADP,Short,486,2013-06-27T20:00:00Z,51.513172,2013-07-01T20:00:00Z,50.884963,305.31,15.0027,0.0,305.31,211.92,4.0,True,2710;2758
ACN,Short,447,2013-07-01T20:00:00Z,56.423065,2013-07-02T20:00:00Z,55.345756,481.56,9.9928,0.0,481.56,0.0,1.0,True,2754;2760
BIIB,Long,116,2013-07-01T20:00:00Z,218.51,2013-07-02T20:00:00Z,217.49,-118.32,10.0811,-215.76,0.0,215.76,1.0,False,2753;2761
FDX,Long,474,2013-06-26T20:00:00Z,53.166277,2013-07-02T20:00:00Z,53.534885,174.72,10.105,0.0,331.45,282.64,6.0,True,2686;2762
GILD,Short,714,2013-07-01T20:00:00Z,35.474983,2013-07-02T20:00:00Z,35.28389,136.44,10.1248,-121.82,136.44,121.82,1.0,True,2726;2763
ITW,Long,487,2013-07-01T20:00:00Z,51.646955,2013-07-02T20:00:00Z,51.454519,-93.72,10.0003,-219.87,0.0,219.87,1.0,False,2735;2764
LLY,Long,609,2013-06-04T20:00:00Z,41.192977,2013-07-02T20:00:00Z,38.882076,-1407.34,9.7286,-1917.38,0.0,1917.38,28.0,False,2305;2765
NKE,Long,961,2013-06-10T20:00:00Z,26.257223,2013-07-02T20:00:00Z,25.794963,-444.23,10.0573,-1240.65,252.13,1240.65,22.0,False,2374;2766
ORCL,Long,993,2013-07-01T20:00:00Z,25.310654,2013-07-02T20:00:00Z,24.655573,-650.49,9.7883,-666.76,0.0,666.76,1.0,False,2750;2767
PEP,Short,463,2013-06-06T20:00:00Z,54.250499,2013-07-02T20:00:00Z,54.812403,-260.16,10.1172,-542.0,681.38,975.61,26.0,False,2346;2768
USB,Short,1071,2013-07-01T20:00:00Z,23.445528,2013-07-02T20:00:00Z,23.400391,48.34,10.0289,0.0,48.34,0.0,1.0,True,2727;2769
BA,Short,287,2013-07-01T20:00:00Z,87.246025,2013-07-05T20:00:00Z,87.958099,-204.37,10.0937,-311.41,352.77,664.19,4.0,False,2752;2785
KFT,Long,1143,2013-07-02T20:00:00Z,21.810199,2013-07-05T20:00:00Z,21.750074,-68.72,9.8892,-377.97,0.0,377.97,3.0,False,2776;2791
NEE,Short,1745,2013-07-01T20:00:00Z,14.372155,2013-07-05T20:00:00Z,14.072004,523.76,9.8112,0.0,597.27,73.51,4.0,True,2734;2792
ADP,Long,490,2013-07-01T20:00:00Z,50.884963,2013-07-05T20:00:00Z,52.207898,648.24,10.1441,0.0,688.07,39.84,4.0,True,2758;2799
PX,Short,273,2013-07-01T20:00:00Z,92.215107,2013-07-05T20:00:00Z,91.857684,97.58,15.0966,0.0,310.08,221.17,4.0,True,2756;2800
SPY,Long,327,2013-06-27T20:00:00Z,128.85056,2013-07-05T20:00:00Z,129.953966,360.81,39.137,-298.06,496.77,298.06,8.0,True,2712;2804
SPY,Long,1174,2013-07-02T20:00:00Z,128.802586,2013-07-05T20:00:00Z,129.953966,1351.72,30.256,-1013.79,1839.84,488.12,3.0,True,2784;2804
BLK,Short,134,2013-07-01T20:00:00Z,186.005981,2013-07-05T20:00:00Z,186.085375,-10.64,9.9303,-10.64,236.96,247.59,4.0,False,2755;2805
C,Long,710,2013-07-01T20:00:00Z,35.542735,2013-07-05T20:00:00Z,35.396167,-104.06,10.0712,-431.86,15.61,431.86,4.0,False,2724;2806
ETN,Long,525,2013-07-02T20:00:00Z,47.383469,2013-07-05T20:00:00Z,47.561978,93.72,10.0285,-52.48,509.82,416.1,3.0,True,2782;2807
DIS,Short,453,2013-06-25T20:00:00Z,55.423696,2013-07-05T20:00:00Z,56.305116,-399.28,10.0931,-419.25,0.0,419.25,10.0,False,2649;2808
DOW,Long,685,2013-06-25T20:00:00Z,36.768393,2013-07-05T20:00:00Z,37.190839,289.38,10.0984,-146.51,289.38,146.51,10.0,True,2618;2809
EOG,Short,535,2013-07-01T20:00:00Z,47.185163,2013-07-05T20:00:00Z,49.146638,-1049.39,10.445,-1350.57,0.0,1350.57,4.0,False,2733;2810
PSX,Short,663,2013-07-02T20:00:00Z,37.570587,2013-07-05T20:00:00Z,36.925791,427.5,9.6776,0.0,681.46,253.96,3.0,True,2779;2811
LMT,Short,333,2013-07-02T20:00:00Z,74.890092,2013-07-05T20:00:00Z,74.626492,87.78,9.9356,-161.7,175.56,337.26,3.0,True,2781;2812
MRK,Long,851,2013-07-02T20:00:00Z,29.175485,2013-07-05T20:00:00Z,29.726205,468.66,10.0962,0.0,576.4,107.74,3.0,True,2771;2813
MS,Short,1393,2013-06-27T20:00:00Z,18.120278,2013-07-05T20:00:00Z,17.494449,871.78,9.9423,0.0,1152.35,531.08,8.0,True,2707;2814
PNC,Long,508,2013-07-01T20:00:00Z,49.389965,2013-07-05T20:00:00Z,50.245699,434.71,10.2284,0.0,896.81,462.1,4.0,True,2732;2815
PRU,Short,587,2013-07-01T20:00:00Z,42.55567,2013-07-05T20:00:00Z,43.497733,-552.99,5.1613,-826.07,0.0,826.07,4.0,False,2757;2816
V,Short,615,2013-06-21T20:00:00Z,40.856414,2013-07-05T20:00:00Z,42.858378,-1231.21,10.338,-1506.21,241.5,1747.7,14.0,False,2585;2817
ABT,Long,918,2013-06-21T20:00:00Z,27.408217,2013-07-08T20:00:00Z,26.991186,-382.83,10.0643,-879.1,77.98,957.09,17.0,False,2589;2825
DUK,Short,640,2013-07-05T20:00:00Z,39.007138,2013-07-08T20:00:00Z,38.903088,66.59,9.9888,-92.49,66.59,92.49,3.0,True,2821;2826
GIS,Long,821,2013-07-05T20:00:00Z,30.406553,2013-07-08T20:00:00Z,30.606554,164.2,10.0522,0.0,333.53,169.33,3.0,True,2802;2827
KMI,Long,1319,2013-06-26T20:00:00Z,19.100542,2013-07-08T20:00:00Z,19.635358,705.42,10.2844,0.0,987.59,282.17,12.0,True,2680;2828
GM,Short,991,2013-07-02T20:00:00Z,25.261699,2013-07-08T20:00:00Z,25.780268,-513.9,10.093,-513.9,0.0,513.9,6.0,False,2777;2829
GS,Short,213,2013-07-05T20:00:00Z,118.406637,2013-07-08T20:00:00Z,120.225647,-387.45,10.1674,-387.45,0.0,387.45,3.0,False,2796;2830
SO,Long,1022,2013-07-05T20:00:00Z,24.458951,2013-07-08T20:00:00Z,24.391493,-68.94,9.9954,-68.94,195.33,264.28,3.0,False,2823;2831
VZ,Long,969,2013-07-05T20:00:00Z,25.892992,2013-07-08T20:00:00Z,26.084178,185.26,10.0771,0.0,200.08,14.82,3.0,True,2818;2832
COF,Short,494,2013-07-05T20:00:00Z,50.899512,2013-07-08T20:00:00Z,52.185611,-635.33,15.2024,-635.33,0.0,635.33,3.0,False,2824;2843
PX,Long,273,2013-07-05T20:00:00Z,91.857684,2013-07-08T20:00:00Z,92.373962,140.94,10.0062,0.0,140.94,0.0,3.0,True,2800;2845
ADP,Short,480,2013-07-05T20:00:00Z,52.207898,2013-07-10T20:00:00Z,52.370493,-78.05,5.0907,-393.78,0.0,393.78,5.0,False,2799;2851
ABBV,Short,1010,2013-07-02T20:00:00Z,24.68615,2013-07-10T20:00:00Z,25.74294,-1067.36,10.3282,-1397.16,0.0,1397.16,8.0,False,2774;2854
LLY,Long,635,2013-07-08T20:00:00Z,39.41715,2013-07-10T20:00:00Z,40.19262,492.42,10.0996,0.0,492.42,182.2,2.0,True,2838;2856
UNP,Long,429,2013-07-05T20:00:00Z,58.508842,2013-07-10T20:00:00Z,59.436366,397.91,10.1117,-30.48,476.53,285.6,5.0,True,2820;2860
SPY,Long,431,2013-07-08T20:00:00Z,131.065367,2013-07-10T20:00:00Z,131.952889,382.52,29.3701,0.0,444.55,62.03,2.0,True,2849;2871
ACN,Short,436,2013-07-08T20:00:00Z,57.360866,2013-07-10T20:00:00Z,57.523625,-70.96,10.0578,-114.89,0.0,114.89,2.0,False,2841;2872
APA,Long,421,2013-07-05T20:00:00Z,60.285358,2013-07-10T20:00:00Z,59.879867,-170.71,10.0887,-440.75,0.0,440.75,5.0,False,2801;2873
BIIB,Long,114,2013-07-05T20:00:00Z,220.27,2013-07-10T20:00:00Z,218.87,-159.6,10.0628,-250.8,0.0,250.8,5.0,False,2797;2874
BK,Long,1166,2013-07-08T20:00:00Z,21.526218,2013-07-10T20:00:00Z,21.445815,-93.75,9.9631,-102.27,0.0,102.27,2.0,False,2846;2875
CAT,Long,413,2013-06-06T20:00:00Z,60.671459,2013-07-10T20:00:00Z,61.521421,351.03,10.0527,-806.19,351.03,1076.9,34.0,True,2349;2876
COF,Long,481,2013-07-08T20:00:00Z,52.185611,2013-07-10T20:00:00Z,51.70431,-231.51,4.9269,-466.81,0.0,466.81,2.0,False,2843;2877
ETN,Long,515,2013-07-08T20:00:00Z,48.633033,2013-07-10T20:00:00Z,48.654454,11.03,9.9544,-264.76,11.03,264.76,2.0,True,2848;2878
CVX,Long,370,2013-06-25T20:00:00Z,67.838644,2013-07-10T20:00:00Z,71.243829,1259.92,10.2478,0.0,1259.92,78.88,15.0,True,2647;2879
DE,Long,390,2013-07-01T20:00:00Z,64.522202,2013-07-10T20:00:00Z,66.152386,635.77,10.0851,-316.35,635.77,322.49,9.0,True,2759;2880
EBAY,Short,1247,2013-07-08T20:00:00Z,20.146269,2013-07-10T20:00:00Z,20.287308,-175.88,10.0527,-277.7,0.0,277.7,2.0,False,2837;2881
HAL,Long,765,2013-06-27T20:00:00Z,32.807005,2013-07-10T20:00:00Z,34.746529,1483.74,10.3285,-36.04,1519.78,108.13,13.0,True,2708;2882
HD,Short,439,2013-07-01T20:00:00Z,56.875216,2013-07-10T20:00:00Z,58.369811,-656.13,10.0523,-665.78,102.92,768.7,9.0,False,2751;2883
LMT,Short,330,2013-07-08T20:00:00Z,75.646207,2013-07-10T20:00:00Z,76.020797,-123.61,10.1039,-565.42,0.0,565.42,2.0,False,2844;2884
NEE,Short,1777,2013-07-08T20:00:00Z,14.036898,2013-07-10T20:00:00Z,14.249286,-377.41,10.124,-517.77,0.0,517.77,2.0,False,2847;2885
PCLN,Short,760,2013-07-02T20:00:00Z,32.943367,2013-07-10T20:00:00Z,34.948625,-1524.0,10.2949,-1602.1,0.0,1602.1,8.0,False,2778;2886
PNC,Long,487,2013-07-08T20:00:00Z,51.357478,2013-07-10T20:00:00Z,50.946457,-200.17,9.906,-534.87,13.13,548.0,2.0,False,2842;2887
PX,Short,271,2013-07-08T20:00:00Z,92.373962,2013-07-10T20:00:00Z,93.335032,-260.45,5.0437,-277.67,0.0,277.67,2.0,False,2845;2888
QCOM,Long,585,2013-07-01T20:00:00Z,43.007668,2013-07-10T20:00:00Z,41.346277,-971.91,9.9151,-971.91,0.0,971.91,9.0,False,2725;2889
TXN,Long,1007,2013-07-05T20:00:00Z,24.957576,2013-07-10T20:00:00Z,25.166952,210.84,10.2033,-49.2,583.33,372.49,5.0,True,2822;2890
UNH,Short,474,2013-07-02T20:00:00Z,52.506201,2013-07-10T20:00:00Z,54.544498,-966.15,10.1149,-966.15,0.0,966.15,8.0,False,2773;2891
DHR,Short,708,2013-07-01T20:00:00Z,35.420055,2013-07-10T20:00:00Z,37.0675,-1166.39,15.514,-1639.25,3.94,1643.19,9.0,False,2730;2894
SPY,Short,253,2013-07-10T20:00:00Z,131.952889,2013-07-10T20:00:00Z,131.952889,0.0,12.6813,0.0,0.0,0.0,0.0,False,2871;2901
ADP,Long,474,2013-07-10T20:00:00Z,52.370493,2013-07-11T20:00:00Z,53.375628,476.43,10.0612,0.0,476.43,0.0,1.0,True,2899;2902
CL,Long,595,2013-06-27T20:00:00Z,42.276754,2013-07-11T20:00:00Z,43.556086,761.2,10.1791,-91.87,761.2,157.49,14.0,True,2705;2903
DHR,Long,672,2013-07-10T20:00:00Z,37.0675,2013-07-11T20:00:00Z,38.230729,781.69,5.1128,0.0,781.69,0.0,1.0,True,2894;2904
EMR,Long,654,2013-06-25T20:00:00Z,38.525296,2013-07-11T20:00:00Z,40.919005,1565.49,10.4089,-9.24,1565.49,392.53,16.0,True,2619;2905
EPD,Long,1860,2013-07-10T20:00:00Z,13.396916,2013-07-11T20:00:00Z,13.424227,50.8,9.99,0.0,214.91,164.12,1.0,True,2865;2906
GM,Short,963,2013-07-10T20:00:00Z,25.854349,2013-07-11T20:00:00Z,26.469223,-592.12,10.1974,-884.62,0.0,884.62,1.0,False,2896;2907
PSX,Short,667,2013-07-10T20:00:00Z,37.289686,2013-07-11T20:00:00Z,36.421445,579.12,9.696,0.0,579.12,0.0,1.0,True,2898;2908
KMB,Short,423,2013-07-05T20:00:00Z,59.196704,2013-07-11T20:00:00Z,60.374084,-498.03,10.1167,-541.67,0.0,541.67,6.0,False,2798;2909
PM,Long,529,2013-07-02T20:00:00Z,47.062574,2013-07-11T20:00:00Z,48.415225,715.55,10.1443,0.0,863.79,213.81,9.0,True,2770;2910
PRU,Short,548,2013-07-10T20:00:00Z,45.358599,2013-07-11T20:00:00Z,45.695881,-184.83,9.9069,-184.83,0.0,184.83,1.0,False,2868;2911
EOG,Long,494,2013-07-10T20:00:00Z,50.446027,2013-07-15T20:00:00Z,51.27014,407.11,10.0044,0.0,407.11,172.07,5.0,True,2897;2931
HAL,Long,718,2013-07-11T20:00:00Z,35.099884,2013-07-15T20:00:00Z,35.05277,-33.83,9.9555,-332.64,0.0,332.64,4.0,False,2920;2932
LMT,Short,321,2013-07-11T20:00:00Z,77.907616,2013-07-15T20:00:00Z,78.212837,-97.98,10.1303,-458.71,0.0,458.71,4.0,False,2923;2934
OXY,Long,425,2013-07-10T20:00:00Z,58.652091,2013-07-15T20:00:00Z,58.697658,19.37,9.9482,0.0,113.43,94.06,5.0,True,2863;2938
KFT,Short,1142,2013-07-10T20:00:00Z,21.817714,2013-07-15T20:00:00Z,22.899957,-1235.92,15.0973,-1235.92,0.0,1235.92,5.0,False,2895;2948
SPY,Long,186,2013-07-10T20:00:00Z,131.952889,2013-07-15T20:00:00Z,134.295626,435.75,5.0035,0.0,474.42,59.49,5.0,True,2901;2958
ABT,Long,929,2013-07-10T20:00:00Z,26.89079,2013-07-15T20:00:00Z,27.317515,396.43,10.095,-57.4,569.31,172.88,5.0,True,2893;2959
AMGN,Long,365,2013-07-10T20:00:00Z,68.135634,2013-07-15T20:00:00Z,72.321228,1527.74,10.4641,0.0,1593.61,65.87,5.0,True,2862;2960
AMZN,Short,1774,2013-07-02T20:00:00Z,14.019034,2013-07-15T20:00:00Z,15.327457,-2321.14,10.4474,-2345.92,0.0,2345.92,13.0,False,2772;2961
AXP,Short,388,2013-07-11T20:00:00Z,65.053368,2013-07-15T20:00:00Z,65.942557,-345.01,10.0761,-345.01,0.0,345.01,4.0,False,2914;2962
BA,Short,282,2013-07-08T20:00:00Z,88.161549,2013-07-15T20:00:00Z,88.076778,23.91,10.0417,-688.47,482.89,879.72,7.0,True,2836;2963
BMY,Long,853,2013-07-10T20:00:00Z,29.192427,2013-07-15T20:00:00Z,29.946838,643.51,10.0735,0.0,856.15,486.83,5.0,True,2892;2964
COF,Short,486,2013-07-11T20:00:00Z,51.846333,2013-07-15T20:00:00Z,53.400698,-755.42,10.174,-755.42,0.0,755.42,4.0,False,2922;2965
DIS,Short,435,2013-07-10T20:00:00Z,57.168908,2013-07-15T20:00:00Z,59.037518,-812.85,10.0333,-812.85,0.0,812.85,5.0,False,2861;2966
EBAY,Short,1222,2013-07-11T20:00:00Z,20.539693,2013-07-15T20:00:00Z,21.163233,-761.97,10.1895,-771.04,0.0,771.04,4.0,False,2915;2967
INTC,Short,1438,2013-07-05T20:00:00Z,17.505316,2013-07-15T20:00:00Z,17.395862,157.39,10.0733,0.0,891.9,881.41,10.0,True,2795;2968
MET,Long,1781,2013-07-08T20:00:00Z,14.071012,2013-07-15T20:00:00Z,14.359678,514.11,10.1375,0.0,687.24,272.8,7.0,True,2839;2969
MRK,Long,820,2013-07-11T20:00:00Z,30.694712,2013-07-15T20:00:00Z,30.675722,-15.57,10.0523,-15.57,25.95,41.53,4.0,False,2913;2970
ORCL,Long,992,2013-07-05T20:00:00Z,25.269711,2013-07-15T20:00:00Z,25.92523,650.28,10.2873,0.0,1033.51,505.55,10.0,True,2819;2971
PCLN,Short,714,2013-07-11T20:00:00Z,35.199478,2013-07-15T20:00:00Z,36.045422,-604.0,10.1664,-604.0,0.0,604.0,4.0,False,2919;2972
PX,Long,267,2013-07-11T20:00:00Z,93.835424,2013-07-15T20:00:00Z,93.001437,-222.67,9.919,-354.16,0.0,354.16,4.0,False,2924;2973
YUM,Long,458,2013-07-02T20:00:00Z,54.500937,2013-07-15T20:00:00Z,55.28241,357.91,10.109,0.0,988.22,719.58,13.0,True,2783;2974
CSCO,Short,1521,2013-06-21T20:00:00Z,16.411444,2013-07-17T20:00:00Z,17.412513,-1522.63,10.2871,-1707.69,449.21,2156.9,26.0,False,2584;2989
PSX,Short,655,2013-07-15T20:00:00Z,37.940867,2013-07-17T20:00:00Z,36.881102,694.15,9.8075,0.0,748.51,167.26,2.0,True,2956;2992
BK,Long,1125,2013-07-15T20:00:00Z,22.293707,2013-07-17T20:00:00Z,22.659177,411.15,15.1724,-123.35,411.15,123.35,2.0,True,2984;3007
ADP,Short,455,2013-07-15T20:00:00Z,54.092526,2013-07-17T20:00:00Z,53.70821,174.86,14.6793,0.0,299.29,124.42,2.0,True,2983;3008
BIIB,Short,109,2013-07-15T20:00:00Z,228.01,2013-07-17T20:00:00Z,224.06,430.55,9.798,0.0,562.44,247.43,2.0,True,2949;3009
C,Long,701,2013-07-08T20:00:00Z,35.857856,2013-07-17T20:00:00Z,38.122332,1587.4,10.409,0.0,1587.4,297.96,9.0,True,2834;3010
DHR,Short,651,2013-07-15T20:00:00Z,38.130547,2013-07-17T20:00:00Z,38.002536,83.34,9.9111,0.0,159.42,108.7,2.0,True,2980;3011
DUK,Short,632,2013-07-10T20:00:00Z,39.336629,2013-07-17T20:00:00Z,40.972524,-1033.89,10.1781,-1081.38,0.0,1081.38,7.0,False,2866;3012
EMR,Long,611,2013-07-15T20:00:00Z,40.417668,2013-07-17T20:00:00Z,40.601256,112.17,9.8971,-12.94,112.17,12.94,2.0,True,2951;3013
F,Short,3019,2013-07-02T20:00:00Z,8.291055,2013-07-17T20:00:00Z,8.758675,-1411.74,10.4564,-2125.55,0.0,2125.55,15.0,False,2775;3014
GS,Short,198,2013-07-15T20:00:00Z,126.553313,2013-07-17T20:00:00Z,124.37672,430.97,9.9879,0.0,430.97,187.78,2.0,True,2945;3015
HD,Short,418,2013-07-15T20:00:00Z,59.07315,2013-07-17T20:00:00Z,59.227006,-64.31,9.8513,-64.31,125.56,189.87,2.0,False,2943;3016
JNJ,Long,423,2013-06-10T20:00:00Z,59.450266,2013-07-17T20:00:00Z,63.436931,1686.36,10.3708,-704.13,1686.36,1106.49,37.0,True,2371;3017
LLY,Long,624,2013-07-11T20:00:00Z,40.32445,2013-07-17T20:00:00Z,39.704074,-387.11,9.8917,-643.58,0.0,643.58,6.0,False,2918;3018
LVS,Short,685,2013-07-01T20:00:00Z,37.199714,2013-07-17T20:00:00Z,37.75771,-382.23,10.1814,-467.17,1042.87,1510.03,16.0,False,2731;3019
MA,Long,446,2013-07-15T20:00:00Z,55.466859,2013-07-17T20:00:00Z,53.963652,-670.43,9.8188,-670.43,0.0,670.43,2.0,False,2944;3020
OXY,Short,420,2013-07-15T20:00:00Z,58.697658,2013-07-17T20:00:00Z,58.528407,71.09,9.8672,0.0,139.44,76.55,2.0,True,2978;3021
PM,Long,511,2013-07-15T20:00:00Z,48.307444,2013-07-17T20:00:00Z,48.733179,217.55,9.8762,0.0,217.55,66.09,2.0,True,2942;3022
SO,Long,977,2013-07-15T20:00:00Z,25.290926,2013-07-17T20:00:00Z,25.566377,269.12,9.9749,0.0,269.12,0.0,2.0,True,2953;3023
USB,Short,1036,2013-07-10T20:00:00Z,24.00007,2013-07-17T20:00:00Z,23.729247,280.57,9.8615,-293.93,320.65,340.7,7.0,True,2864;3024
VZ,Long,961,2013-07-15T20:00:00Z,25.599721,2013-07-17T20:00:00Z,25.8343,225.43,9.8699,0.0,264.64,39.21,2.0,True,2941;3025
WFC,Long,854,2013-07-11T20:00:00Z,29.454396,2013-07-17T20:00:00Z,29.967249,437.98,10.1113,0.0,597.78,195.31,6.0,True,2912;3026
LMT,Short,316,2013-07-17T20:00:00Z,78.379321,2013-07-17T20:00:00Z,78.379321,0.0,15.0041,0.0,0.0,0.0,0.0,False,3006;3037
SPY,Long,41,2013-07-10T20:00:00Z,131.952889,2013-07-17T20:00:00Z,134.45554,102.61,15.4986,0.0,104.58,23.6,7.0,True,2901;3038
SPY,Long,536,2013-07-11T20:00:00Z,133.615992,2013-07-17T20:00:00Z,134.45554,450.0,16.4741,-891.42,475.71,308.57,6.0,True,2925;3038
AIG,Short,769,2013-06-27T20:00:00Z,32.662685,2013-07-18T20:00:00Z,34.915027,-1732.05,10.4575,-1743.48,0.0,1743.48,21.0,False,2703;3039
AMZN,Short,1617,2013-07-17T20:00:00Z,15.312492,2013-07-18T20:00:00Z,15.277575,56.46,9.8857,0.0,230.69,174.23,1.0,True,2999;3040
AXP,Short,377,2013-07-17T20:00:00Z,63.207882,2013-07-18T20:00:00Z,63.123997,31.62,9.5374,0.0,430.1,398.47,1.0,True,3029;3041
BA,Short,280,2013-07-17T20:00:00Z,88.53454,2013-07-18T20:00:00Z,88.975348,-123.43,10.0839,-757.17,0.0,757.17,1.0,False,3000;3042
BLK,Short,126,2013-07-15T20:00:00Z,194.999169,2013-07-18T20:00:00Z,197.489257,-313.75,9.9804,-794.84,165.52,960.35,3.0,False,2950;3043
BMY,Long,838,2013-07-17T20:00:00Z,29.638514,2013-07-18T20:00:00Z,29.258028,-318.85,9.7259,-676.18,0.0,676.18,1.0,False,3001;3044
CAT,Long,389,2013-07-17T20:00:00Z,63.747169,2013-07-18T20:00:00Z,62.363727,-538.16,9.6942,-611.52,0.0,611.52,1.0,False,3033;3045
DIS,Short,431,2013-07-17T20:00:00Z,57.591989,2013-07-18T20:00:00Z,57.909301,-136.76,9.9668,-182.35,0.0,182.35,1.0,False,3028;3046
KMI,Long,1211,2013-07-15T20:00:00Z,20.328071,2013-07-18T20:00:00Z,20.353538,30.84,9.8482,-240.56,30.84,240.56,3.0,True,2952;3047
GM,Short,923,2013-07-17T20:00:00Z,26.869262,2013-07-18T20:00:00Z,27.039649,-157.27,10.009,-389.75,0.0,389.75,1.0,False,3034;3048
KFT,Long,1083,2013-07-15T20:00:00Z,22.899957,2013-07-18T20:00:00Z,22.99766,105.81,4.978,-496.5,105.81,496.5,3.0,True,2948;3049
MO,Long,1523,2013-07-17T20:00:00Z,16.322605,2013-07-18T20:00:00Z,16.108753,-325.7,9.84,-325.7,0.0,325.7,1.0,False,3031;3050
MRK,Long,810,2013-07-17T20:00:00Z,30.606091,2013-07-18T20:00:00Z,30.403527,-164.08,9.7964,-487.1,0.0,487.1,1.0,False,2998;3051
NEE,Short,1676,2013-07-15T20:00:00Z,14.695125,2013-07-18T20:00:00Z,14.930331,-394.21,10.0534,-503.05,0.0,503.05,3.0,False,2982;3052
PNC,Long,495,2013-07-11T20:00:00Z,50.794639,2013-07-18T20:00:00Z,50.096501,-345.58,10.0661,-466.36,325.45,671.03,7.0,False,2921;3053
SPY,Long,79,2013-07-11T20:00:00Z,133.615992,2013-07-19T20:00:00Z,134.711402,86.54,22.4075,-131.39,133.91,47.37,8.0,True,2925;3063
SPY,Long,749,2013-07-15T20:00:00Z,134.295626,2013-07-19T20:00:00Z,134.711402,311.42,20.1486,-1754.71,760.57,449.16,4.0,True,2986;3063
BAX,Long,805,2013-07-10T20:00:00Z,30.985242,2013-07-19T20:00:00Z,31.686696,564.67,10.1334,0.0,864.43,299.76,9.0,True,2867;3064
BK,Short,1115,2013-07-17T20:00:00Z,22.659177,2013-07-19T20:00:00Z,23.024648,-407.5,5.1785,-627.55,0.0,627.55,2.0,False,3007;3065
CSCO,Short,1423,2013-07-18T20:00:00Z,17.486868,2013-07-19T20:00:00Z,17.507146,-28.86,9.9439,-28.86,38.48,67.33,1.0,False,3055;3066
DE,Long,373,2013-07-15T20:00:00Z,66.317767,2013-07-19T20:00:00Z,65.861,-170.37,9.8975,-179.19,0.0,179.19,4.0,False,2985;3067
EBAY,Long,1161,2013-07-18T20:00:00Z,19.856769,2013-07-19T20:00:00Z,19.990384,155.13,9.112,-555.87,155.13,555.87,1.0,True,3057;3068
EOG,Long,483,2013-07-17T20:00:00Z,51.280776,2013-07-19T20:00:00Z,52.323053,503.42,10.0855,0.0,688.35,184.93,2.0,True,3036;3069
FDX,Long,445,2013-07-10T20:00:00Z,55.56765,2013-07-19T20:00:00Z,58.787549,1432.86,10.1815,-53.07,1483.51,508.98,9.0,True,2900;3070
ABBV,Short,915,2013-07-15T20:00:00Z,26.740538,2013-07-19T20:00:00Z,26.656655,76.75,9.7761,0.0,449.55,400.21,4.0,True,2979;3071
KMB,Short,407,2013-07-15T20:00:00Z,60.622911,2013-07-19T20:00:00Z,60.046359,234.66,9.861,-74.1,242.07,143.26,4.0,True,2954;3072
LLY,Long,629,2013-07-18T20:00:00Z,39.262056,2013-07-19T20:00:00Z,38.664944,-375.58,9.8061,-375.58,0.0,375.58,1.0,False,3058;3073
LMT,Long,316,2013-07-17T20:00:00Z,78.379321,2013-07-19T20:00:00Z,79.759752,436.22,5.0658,0.0,561.16,124.95,2.0,True,3037;3074
MET,Short,1748,2013-07-17T20:00:00Z,14.209454,2013-07-19T20:00:00Z,14.342005,-231.7,9.9342,-308.93,0.0,308.93,2.0,False,3005;3075
MS,Short,1411,2013-07-08T20:00:00Z,17.846927,2013-07-19T20:00:00Z,19.889864,-2882.58,10.6534,-2933.33,0.0,2933.33,11.0,False,2840;3076
MSFT,Short,840,2013-07-17T20:00:00Z,29.486514,2013-07-19T20:00:00Z,26.333919,2648.18,9.1649,0.0,3337.53,689.35,2.0,True,3027;3077
SO,Long,972,2013-07-18T20:00:00Z,25.555134,2013-07-19T20:00:00Z,25.645078,87.42,9.9642,0.0,87.42,0.0,1.0,True,3061;3078
TXN,Long,944,2013-07-15T20:00:00Z,26.164976,2013-07-19T20:00:00Z,26.21383,46.12,9.8904,-144.94,270.12,415.07,4.0,True,2981;3079
UNH,Short,458,2013-07-11T20:00:00Z,54.737093,2013-07-19T20:00:00Z,56.679092,-889.44,10.277,-1190.81,727.72,1918.53,8.0,False,2916;3080
WMT,Long,1299,2013-06-20T20:00:00Z,19.273885,2013-07-19T20:00:00Z,20.053334,1012.5,10.1661,-309.47,1227.79,309.47,29.0,True,2559;3081
HD,Short,419,2013-07-18T20:00:00Z,58.765439,2013-07-19T20:00:00Z,58.589605,73.67,14.7461,0.0,98.23,24.56,1.0,True,3056;3086
UPS,Short,464,2013-07-15T20:00:00Z,52.941998,2013-07-19T20:00:00Z,54.370189,-662.68,14.913,-702.84,0.0,702.84,4.0,False,2976;3088
ADP,Long,463,2013-07-17T20:00:00Z,53.70821,2013-07-19T20:00:00Z,54.055572,160.83,9.9324,0.0,160.83,0.0,2.0,True,3008;3102
PSX,Short,667,2013-07-18T20:00:00Z,37.149235,2013-07-19T20:00:00Z,36.67681,315.11,14.7352,0.0,315.11,0.0,1.0,True,3062;3103
AXP,Short,398,2013-07-19T20:00:00Z,61.748271,2013-07-22T20:00:00Z,62.419357,-267.09,9.9345,-370.59,0.0,370.59,3.0,False,3090;3105
CL,Long,568,2013-07-15T20:00:00Z,43.563438,2013-07-22T20:00:00Z,43.484017,-45.11,9.8401,-371.68,0.0,371.68,7.0,False,2947;3106
FB,Short,974,2013-07-11T20:00:00Z,25.733533,2013-07-22T20:00:00Z,25.743438,-9.65,10.0084,-646.39,77.18,713.92,11.0,False,2917;3107
DOW,Long,629,2013-07-19T20:00:00Z,39.304342,2013-07-22T20:00:00Z,39.440697,85.77,9.9004,0.0,85.77,0.0,3.0,True,3099;3108
GIS,Long,774,2013-07-15T20:00:00Z,31.969067,2013-07-22T20:00:00Z,32.30657,261.23,9.9412,-4.84,261.23,72.56,7.0,True,2957;3109
GM,Short,905,2013-07-19T20:00:00Z,27.261893,2013-07-22T20:00:00Z,27.247076,13.41,9.838,0.0,26.82,13.41,3.0,True,3098;3110
HPQ,Short,3387,2013-07-01T20:00:00Z,7.427524,2013-07-22T20:00:00Z,7.498856,-241.6,10.1554,-1469.76,0.0,1469.76,21.0,False,2729;3111
JNJ,Long,392,2013-07-19T20:00:00Z,63.122195,2013-07-22T20:00:00Z,64.381142,493.51,10.1174,0.0,556.57,63.06,3.0,True,3082;3112
NKE,Long,937,2013-07-19T20:00:00Z,26.336349,2013-07-22T20:00:00Z,26.278045,-54.63,9.8834,-54.63,19.51,74.14,3.0,False,3096;3113
PNC,Long,480,2013-07-19T20:00:00Z,51.62156,2013-07-22T20:00:00Z,52.326477,338.36,10.0447,0.0,338.36,0.0,3.0,True,3100;3114
TJX,Short,1181,2013-07-02T20:00:00Z,21.12432,2013-07-22T20:00:00Z,21.781576,-776.22,10.1255,-969.04,88.99,1058.03,20.0,False,2780;3115
USB,Short,1034,2013-07-19T20:00:00Z,23.896899,2013-07-22T20:00:00Z,24.00007,-106.68,9.9491,-193.35,0.0,193.35,3.0,False,3094;3116
UTX,Short,657,2013-07-08T20:00:00Z,38.103931,2013-07-22T20:00:00Z,40.464803,-1551.09,10.2764,-1551.09,0.0,1551.09,14.0,False,2835;3117
PSX,Long,680,2013-07-19T20:00:00Z,36.67681,2013-07-22T20:00:00Z,36.938559,177.99,10.0351,0.0,221.4,43.41,3.0,True,3103;3129
ADP,Short,459,2013-07-19T20:00:00Z,54.055572,2013-07-22T20:00:00Z,54.535968,-220.5,9.9489,-220.5,0.0,220.5,3.0,False,3102;3130
ACN,Short,426,2013-07-22T20:00:00Z,58.469176,2013-07-24T20:00:00Z,57.849142,264.13,9.8205,0.0,567.89,303.75,2.0,True,3125;3132
AMGN,Short,327,2013-07-22T20:00:00Z,74.854796,2013-07-24T20:00:00Z,74.3342,170.23,9.7851,0.0,281.46,111.22,2.0,True,3123;3133
AMZN,Short,1629,2013-07-19T20:00:00Z,15.183795,2013-07-24T20:00:00Z,15.115456,111.32,9.8188,0.0,442.86,331.54,5.0,True,3084;3134
APA,Long,400,2013-07-19T20:00:00Z,62.818978,2013-07-24T20:00:00Z,61.754751,-425.69,9.905,-733.13,0.0,733.13,5.0,False,3104;3135
BK,Short,1069,2013-07-22T20:00:00Z,23.156217,2013-07-24T20:00:00Z,23.572854,-445.38,10.0001,-445.38,0.0,445.38,2.0,False,3128;3136
CVS,Long,581,2013-07-17T20:00:00Z,42.691278,2013-07-24T20:00:00Z,43.481248,458.97,9.9831,-36.57,458.97,93.81,7.0,True,3032;3137
DHR,Short,655,2013-07-19T20:00:00Z,37.83,2013-07-24T20:00:00Z,37.846697,-10.94,9.9392,-72.91,123.95,134.88,5.0,False,3097;3138
DUK,Short,605,2013-07-18T20:00:00Z,40.989866,2013-07-24T20:00:00Z,41.163282,-104.92,9.9077,-139.89,143.39,248.3,6.0,False,3059;3139
MDT,Long,680,2013-07-01T20:00:00Z,37.125674,2013-07-24T20:00:00Z,39.801035,1819.25,10.424,-112.21,1819.25,190.22,23.0,True,2728;3140
MO,Long,1531,2013-07-19T20:00:00Z,16.161125,2013-07-24T20:00:00Z,15.707234,-694.91,9.718,-975.54,0.0,975.54,5.0,False,3092;3141
PFE,Long,1608,2013-07-19T20:00:00Z,15.301424,2013-07-24T20:00:00Z,15.867744,910.64,10.1246,0.0,910.64,121.42,5.0,True,3083;3142
UNP,Long,415,2013-07-17T20:00:00Z,60.16567,2013-07-24T20:00:00Z,60.547151,158.31,9.9049,-228.16,386.47,614.63,7.0,True,3003;3143
MET,Short,1706,2013-07-24T20:00:00Z,14.615943,2013-07-25T20:00:00Z,14.427426,321.61,9.8423,0.0,381.91,60.3,1.0,True,3147;3156
SPY,Long,414,2013-07-22T20:00:00Z,135.43901,2013-07-25T20:00:00Z,134.463536,-403.85,28.5378,-403.85,135.72,539.57,3.0,False,3131;3171
SPY,Long,227,2013-07-24T20:00:00Z,135.766833,2013-07-25T20:00:00Z,134.463536,-295.85,6.1184,-295.85,0.0,295.85,1.0,False,3151;3171
BA,Short,270,2013-07-19T20:00:00Z,90.747056,2013-07-25T20:00:00Z,90.162138,157.93,9.7796,-169.37,157.93,212.86,6.0,True,3089;3172
BAX,Short,774,2013-07-22T20:00:00Z,32.041754,2013-07-25T20:00:00Z,31.786286,197.73,9.8692,-97.19,398.82,201.08,3.0,True,3126;3173
CAT,Long,397,2013-07-19T20:00:00Z,61.979303,2013-07-25T20:00:00Z,59.513187,-979.05,9.6632,-979.05,158.38,1137.42,6.0,False,3095;3174
GS,Long,193,2013-07-19T20:00:00Z,127.291799,2013-07-25T20:00:00Z,127.991418,135.03,9.91,0.0,376.57,241.55,6.0,True,3091;3175
IBM,Long,224,2013-07-15T20:00:00Z,110.125092,2013-07-25T20:00:00Z,112.550401,543.27,10.0491,0.0,760.32,571.52,10.0,True,2975;3176
LLY,Long,633,2013-07-22T20:00:00Z,39.200019,2013-07-25T20:00:00Z,40.549337,854.12,10.1336,0.0,1001.38,147.26,3.0,True,3124;3177
LMT,Short,303,2013-07-24T20:00:00Z,82.250076,2013-07-25T20:00:00Z,81.459277,239.61,10.0309,-195.47,239.61,195.47,1.0,True,3149;3178
LOW,Short,695,2013-07-24T20:00:00Z,35.746982,2013-07-25T20:00:00Z,35.264663,335.21,9.7684,0.0,593.49,258.28,1.0,True,3148;3179
OXY,Long,416,2013-07-19T20:00:00Z,59.478818,2013-07-25T20:00:00Z,59.05569,-176.02,9.9189,-176.02,178.73,354.75,6.0,False,3093;3180
SBUX,Short,1000,2013-06-26T20:00:00Z,25.224002,2013-07-25T20:00:00Z,25.821818,-597.82,10.3341,-1666.17,0.0,1666.17,29.0,False,2678;3181
VZ,Long,956,2013-07-18T20:00:00Z,25.50283,2013-07-25T20:00:00Z,25.60992,102.38,9.8157,-34.13,341.26,238.88,7.0,True,3054;3182
AXP,Short,397,2013-07-24T20:00:00Z,62.805231,2013-07-25T20:00:00Z,62.956225,-59.94,15.0478,-296.39,0.0,296.39,1.0,False,3145;3183
UPS,Long,455,2013-07-19T20:00:00Z,54.370189,2013-07-25T20:00:00Z,53.751924,-281.31,9.8349,-312.25,0.0,312.25,6.0,False,3088;3184
ACN,Short,434,2013-07-25T20:00:00Z,56.965594,2013-07-26T20:00:00Z,56.686579,121.09,9.8394,0.0,127.82,6.73,1.0,True,3166;3195
AMGN,Short,335,2013-07-25T20:00:00Z,73.896899,2013-07-26T20:00:00Z,75.673867,-595.28,10.1901,-730.15,0.0,730.15,1.0,False,3162;3196
BMY,Long,836,2013-07-24T20:00:00Z,29.658194,2013-07-26T20:00:00Z,28.746341,-762.31,9.7411,-762.31,0.0,762.31,2.0,False,3146;3197
FB,Short,945,2013-07-25T20:00:00Z,33.192097,2013-07-26T20:00:00Z,33.42982,-224.65,12.7993,-468.02,0.0,468.02,1.0,False,3189;3198
COST,Short,290,2013-06-13T20:00:00Z,86.168667,2013-07-26T20:00:00Z,92.167402,-1739.63,10.4126,-2272.97,368.53,2641.5,43.0,False,2460;3199
ETN,Long,510,2013-07-25T20:00:00Z,48.311716,2013-07-26T20:00:00Z,48.19033,-61.91,9.9088,-61.91,134.74,196.65,1.0,False,3194;3200
CVS,Long,573,2013-07-25T20:00:00Z,43.172373,2013-07-26T20:00:00Z,43.179393,4.02,9.9683,0.0,185.03,181.01,1.0,True,3185;3201
DHR,Short,659,2013-07-25T20:00:00Z,37.340219,2013-07-26T20:00:00Z,37.173248,110.03,9.8297,0.0,135.71,25.67,1.0,True,3165;3202
ABBV,Long,949,2013-07-25T20:00:00Z,26.00357,2013-07-26T20:00:00Z,26.968219,915.45,10.1257,0.0,915.45,0.0,1.0,True,3188;3203
SO,Short,969,2013-07-22T20:00:00Z,25.583242,2013-07-26T20:00:00Z,25.257197,315.94,9.8975,-65.37,315.94,163.42,4.0,True,3127;3204
TGT,Short,503,2013-07-25T20:00:00Z,49.144697,2013-07-26T20:00:00Z,48.135842,507.45,9.6944,0.0,544.67,37.21,1.0,True,3167;3205
V,Long,576,2013-07-22T20:00:00Z,43.126214,2013-07-26T20:00:00Z,44.034135,522.96,10.0519,-424.91,602.71,424.91,4.0,True,3120;3206
MMM,Short,460,2013-07-15T20:00:00Z,53.660154,2013-07-26T20:00:00Z,54.206087,-251.13,14.9132,-409.96,141.66,551.63,11.0,False,2977;3210
PX,Short,264,2013-07-25T20:00:00Z,93.5336,2013-07-26T20:00:00Z,94.319931,-207.59,14.9226,-257.92,0.0,257.92,1.0,False,3192;3214
ADP,Long,461,2013-07-22T20:00:00Z,54.535968,2013-07-26T20:00:00Z,53.249986,-592.84,9.91,-592.84,0.0,592.84,4.0,False,3130;3215
APA,Long,404,2013-07-26T20:00:00Z,60.786599,2013-07-29T20:00:00Z,60.498371,-116.44,9.7467,-328.43,0.0,328.43,3.0,False,3217;3219
KMI,Long,1257,2013-07-25T20:00:00Z,19.742321,2013-07-29T20:00:00Z,19.665388,-96.7,9.9199,-103.17,0.0,103.17,4.0,False,3191;3220
JPM,Short,619,2013-07-25T20:00:00Z,39.852515,2013-07-29T20:00:00Z,39.647163,127.11,9.835,0.0,258.61,131.5,4.0,True,3160;3221
LVS,Short,654,2013-07-18T20:00:00Z,37.888598,2013-07-29T20:00:00Z,37.730155,103.62,10.0036,-518.11,270.32,518.11,11.0,True,3060;3222
MA,Long,453,2013-07-25T20:00:00Z,55.096611,2013-07-29T20:00:00Z,55.432611,152.21,10.0298,0.0,152.21,47.38,4.0,True,3187;3223
PM,Long,520,2013-07-25T20:00:00Z,47.472141,2013-07-29T20:00:00Z,47.746983,142.92,9.97,0.0,221.38,78.46,4.0,True,3161;3224
PX,Long,261,2013-07-26T20:00:00Z,94.319931,2013-07-29T20:00:00Z,94.454957,35.24,4.9513,0.0,138.89,103.65,3.0,True,3214;3225
QCOM,Short,578,2013-07-22T20:00:00Z,43.175203,2013-07-29T20:00:00Z,44.878477,-984.49,10.204,-1113.61,185.6,1299.21,7.0,False,3121;3226
INTC,Short,1456,2013-07-19T20:00:00Z,16.892374,2013-07-29T20:00:00Z,16.892374,0.0,14.7788,-116.87,424.97,541.84,10.0,False,3087;3228
HD,Long,421,2013-07-19T20:00:00Z,58.589605,2013-07-29T20:00:00Z,57.615187,-410.23,9.7983,-410.23,92.53,502.76,10.0,False,3086;3229
MMM,Long,455,2013-07-26T20:00:00Z,54.206087,2013-07-29T20:00:00Z,54.285411,36.09,9.8811,0.0,93.42,57.32,3.0,True,3210;3231
BA,Short,273,2013-07-26T20:00:00Z,90.043459,2013-07-29T20:00:00Z,87.856374,597.07,14.6432,0.0,597.07,0.0,3.0,True,3209;3232
AXP,Long,392,2013-07-25T20:00:00Z,62.956225,2013-07-31T20:00:00Z,63.115608,62.48,4.8509,-424.19,95.36,519.55,6.0,True,3183;3241
BMY,Long,853,2013-07-29T20:00:00Z,28.930023,2013-07-31T20:00:00Z,28.529858,-341.34,9.7366,-481.24,0.0,481.24,2.0,False,3233;3242
F,Short,2781,2013-07-26T20:00:00Z,8.890029,2013-07-31T20:00:00Z,9.021599,-365.9,9.9358,-365.9,0.0,365.9,5.0,False,3211;3243
ABBV,Short,922,2013-07-29T20:00:00Z,26.794462,2013-07-31T20:00:00Z,26.866361,-66.29,10.0022,-419.84,16.57,436.42,2.0,False,3235;3256
GILD,Short,605,2013-07-22T20:00:00Z,40.893824,2013-07-31T20:00:00Z,42.183699,-780.37,10.0053,-1094.18,330.32,1424.49,9.0,False,3122;3257
KO,Long,927,2013-07-08T20:00:00Z,26.926778,2013-07-31T20:00:00Z,26.82061,-98.42,9.918,-307.55,313.71,621.26,23.0,False,2833;3258
MET,Short,1721,2013-07-26T20:00:00Z,14.312549,2013-07-31T20:00:00Z,14.233018,136.87,9.87,-10.14,177.43,91.25,5.0,True,3212;3259
MRK,Long,806,2013-07-29T20:00:00Z,30.479488,2013-07-31T20:00:00Z,30.701042,178.57,9.848,-51.02,178.57,51.02,2.0,True,3227;3260
PCLN,Short,702,2013-07-17T20:00:00Z,35.352646,2013-07-31T20:00:00Z,34.782171,400.47,9.7779,-198.32,798.2,493.19,14.0,True,3035;3261
BA,Long,276,2013-07-29T20:00:00Z,87.856374,2013-07-31T20:00:00Z,89.789147,533.45,9.836,0.0,533.45,147.4,2.0,True,3232;3264
COP,Short,597,2013-07-17T20:00:00Z,41.622381,2013-07-31T20:00:00Z,41.942614,-191.18,14.9519,-599.14,0.0,599.14,14.0,False,3030;3265
MO,Short,1595,2013-07-31T20:00:00Z,15.519568,2013-07-31T20:00:00Z,15.519568,0.0,14.6434,0.0,0.0,0.0,0.0,False,3251;3267
OXY,Long,418,2013-07-29T20:00:00Z,58.821342,2013-07-31T20:00:00Z,57.623563,-500.67,14.7555,-552.37,0.0,552.37,2.0,False,3234;3268
EBAY,Short,1283,2013-07-31T20:00:00Z,19.348287,2013-08-01T20:00:00Z,19.366845,-23.81,9.9143,-133.33,0.0,133.33,1.0,False,3252;3272
GIS,Long,771,2013-07-24T20:00:00Z,32.21282,2013-08-01T20:00:00Z,33.112828,693.91,10.0029,-53.01,693.91,53.01,8.0,True,3150;3273
HAL,Short,685,2013-07-29T20:00:00Z,35.900821,2013-08-01T20:00:00Z,35.947935,-32.27,9.8906,-371.14,285.08,656.22,3.0,False,3236;3274
ITW,Long,464,2013-07-29T20:00:00Z,53.223453,2013-08-01T20:00:00Z,54.015403,367.46,9.9813,0.0,611.3,243.83,3.0,True,3239;3275
OXY,Short,430,2013-07-31T20:00:00Z,57.623563,2013-08-01T20:00:00Z,58.28104,-282.71,5.0295,-369.49,0.0,369.49,1.0,False,3268;3276
PRU,Short,545,2013-07-15T20:00:00Z,45.358599,2013-08-01T20:00:00Z,46.329738,-529.27,10.1512,-1464.21,297.91,1762.12,17.0,False,2955;3277
UNH,Long,426,2013-07-25T20:00:00Z,57.858736,2013-08-01T20:00:00Z,58.934058,458.09,9.9672,0.0,458.09,177.77,7.0,True,3163;3278
UPS,Short,461,2013-07-25T20:00:00Z,53.751924,2013-08-01T20:00:00Z,54.073422,-148.21,5.0186,-313.52,139.66,453.18,7.0,False,3184;3279
YUM,Long,428,2013-07-29T20:00:00Z,57.364273,2013-08-01T20:00:00Z,57.255111,-46.72,9.8395,-216.92,110.13,216.92,3.0,False,3238;3280
HD,Short,429,2013-07-29T20:00:00Z,57.615187,2013-08-01T20:00:00Z,58.215956,-257.73,9.8637,-257.73,12.57,270.3,3.0,False,3229;3283
COP,Long,592,2013-07-31T20:00:00Z,41.942614,2013-08-01T20:00:00Z,42.38744,263.34,10.0722,0.0,393.1,129.76,1.0,True,3265;3285
BA,Short,276,2013-07-31T20:00:00Z,89.789147,2013-08-01T20:00:00Z,89.941734,-42.11,10.0038,-182.49,0.0,182.49,1.0,False,3264;3286
MO,Long,1595,2013-07-31T20:00:00Z,15.519568,2013-08-01T20:00:00Z,15.423553,-153.14,9.9611,-153.14,0.0,153.14,1.0,False,3267;3288
ABT,Long,878,2013-07-25T20:00:00Z,28.240246,2013-08-05T20:00:00Z,28.379819,122.54,9.9452,0.0,319.98,299.55,11.0,True,3164;3293
ADP,Short,464,2013-07-26T20:00:00Z,53.249986,2013-08-05T20:00:00Z,52.86567,178.32,4.9107,-30.86,178.32,30.86,10.0,True,3215;3294
ABBV,Long,907,2013-08-01T20:00:00Z,27.231849,2013-08-05T20:00:00Z,26.986193,-222.81,9.7775,-402.14,0.0,402.14,4.0,False,3287;3298
JNJ,Short,380,2013-07-31T20:00:00Z,65.290381,2013-08-05T20:00:00Z,65.745001,-172.76,14.8633,-276.41,0.0,276.41,5.0,False,3247;3304
MSFT,Long,973,2013-07-22T20:00:00Z,25.838279,2013-08-05T20:00:00Z,25.919532,79.06,14.9932,-324.14,126.49,450.63,14.0,True,3118;3305
MS,Long,1269,2013-07-31T20:00:00Z,19.507857,2013-08-05T20:00:00Z,19.997896,621.86,15.0157,0.0,777.32,155.46,5.0,True,3269;3309
SPY,Short,837,2013-07-26T20:00:00Z,134.519505,2013-08-05T20:00:00Z,136.414484,-1586.1,64.3151,-1813.64,0.0,1813.64,10.0,False,3218;3315
SPY,Short,179,2013-07-29T20:00:00Z,134.887307,2013-08-05T20:00:00Z,136.414484,-273.36,4.8241,-322.03,65.84,336.34,7.0,False,3240;3315
SPY,Short,510,2013-07-31T20:00:00Z,135.079204,2013-08-05T20:00:00Z,136.414484,-680.99,14.4295,-819.64,285.45,819.64,5.0,False,3255;3315
BK,Short,1064,2013-07-25T20:00:00Z,23.265548,2013-08-05T20:00:00Z,23.309612,-46.88,9.9284,-250.05,179.72,429.77,11.0,False,3169;3316
CAT,Long,411,2013-08-01T20:00:00Z,60.818778,2013-08-05T20:00:00Z,61.007363,77.51,10.0165,-86.45,134.15,220.6,4.0,True,3290;3317
COF,Long,456,2013-07-29T20:00:00Z,53.984571,2013-08-05T20:00:00Z,54.973082,450.76,9.9485,0.0,570.01,119.25,7.0,True,3237;3318
EPD,Long,1823,2013-07-15T20:00:00Z,13.550276,2013-08-05T20:00:00Z,13.185783,-664.47,9.7414,-881.27,0.0,881.27,21.0,False,2946;3319
F,Short,2772,2013-08-01T20:00:00Z,9.016314,2013-08-05T20:00:00Z,9.217146,-556.71,10.0735,-644.61,0.0,644.61,4.0,False,3289;3320
FDX,Long,435,2013-07-26T20:00:00Z,56.705998,2013-08-05T20:00:00Z,59.085687,1035.16,10.0923,-287.68,1273.32,287.68,10.0,True,3216;3321
PSX,Short,676,2013-07-22T20:00:00Z,36.938559,2013-08-05T20:00:00Z,37.206692,-181.26,4.9881,-1570.9,30.21,1570.9,14.0,False,3129;3322
MA,Long,444,2013-07-31T20:00:00Z,57.80405,2013-08-05T20:00:00Z,59.352612,687.56,10.2995,0.0,899.62,212.06,5.0,True,3250;3323
PNC,Long,480,2013-07-26T20:00:00Z,51.411441,2013-08-05T20:00:00Z,52.407813,478.26,9.9595,-100.86,585.62,159.42,10.0,True,3213;3324
TMO,Long,286,2013-07-25T20:00:00Z,86.476083,2013-08-05T20:00:00Z,87.633946,331.15,10.033,0.0,459.78,128.63,11.0,True,3193;3325
WMT,Long,1228,2013-07-22T20:00:00Z,20.180221,2013-08-05T20:00:00Z,20.345951,203.52,9.9621,-12.72,267.12,209.88,14.0,True,3119;3326
V,Short,615,2013-08-01T20:00:00Z,41.24001,2013-08-05T20:00:00Z,41.764334,-322.46,15.1137,-397.84,0.0,397.84,4.0,False,3284;3327
INTC,Long,1458,2013-07-29T20:00:00Z,16.892374,2013-08-05T20:00:00Z,16.947136,79.84,9.8602,0.0,244.69,240.05,7.0,True,3228;3328
BA,Long,277,2013-08-01T20:00:00Z,89.941734,2013-08-05T20:00:00Z,91.026799,300.56,9.9695,0.0,422.67,122.1,4.0,True,3286;3330
MMM,Short,453,2013-07-29T20:00:00Z,54.285411,2013-08-05T20:00:00Z,55.139308,-386.82,9.9151,-437.54,0.0,437.54,7.0,False,3231;3331
ADP,Long,467,2013-08-05T20:00:00Z,52.86567,2013-08-06T20:00:00Z,52.828716,-17.26,9.9291,-17.26,245.05,262.31,1.0,False,3336;3338
FB,Long,664,2013-07-31T20:00:00Z,37.619691,2013-08-06T20:00:00Z,38.729066,736.62,9.9155,-322.27,802.39,427.51,6.0,True,3248;3339
COP,Short,590,2013-08-01T20:00:00Z,42.38744,2013-08-06T20:00:00Z,43.251306,-509.68,5.1037,-562.93,0.0,562.93,5.0,False,3285;3340
EBAY,Short,1268,2013-08-05T20:00:00Z,19.459633,2013-08-06T20:00:00Z,19.567268,-136.48,10.0158,-597.69,0.0,597.69,1.0,False,3333;3341
KMI,Long,1276,2013-08-05T20:00:00Z,19.341148,2013-08-06T20:00:00Z,19.377175,45.97,9.9584,0.0,387.46,341.49,1.0,True,3310;3342
MS,Short,1232,2013-08-05T20:00:00Z,19.997896,2013-08-06T20:00:00Z,20.033928,-44.39,4.8494,-44.39,390.65,435.04,1.0,False,3309;3343
NKE,Long,896,2013-08-05T20:00:00Z,27.610688,2013-08-06T20:00:00Z,27.614853,3.73,9.921,0.0,89.55,85.82,1.0,True,3308;3344
OXY,Long,427,2013-08-05T20:00:00Z,57.838382,2013-08-06T20:00:00Z,57.545447,-125.08,9.8026,-186.24,0.0,186.24,1.0,False,3332;3345
PX,Short,258,2013-07-31T20:00:00Z,96.464468,2013-08-06T20:00:00Z,95.416028,270.5,9.8633,0.0,288.94,92.22,6.0,True,3270;3346
MO,Short,1616,2013-08-01T20:00:00Z,15.423553,2013-08-06T20:00:00Z,15.528297,-169.27,9.9095,-239.79,0.0,239.79,5.0,False,3288;3352
TJX,Short,1135,2013-08-01T20:00:00Z,21.898794,2013-08-06T20:00:00Z,22.610474,-807.76,15.0883,-921.79,0.0,921.79,5.0,False,3291;3357
SO,Long,981,2013-08-05T20:00:00Z,25.142639,2013-08-06T20:00:00Z,25.04598,-94.82,14.7117,-251.0,0.0,251.0,1.0,False,3335;3358
ABT,Long,875,2013-08-06T20:00:00Z,28.123936,2013-08-07T20:00:00Z,27.968855,-135.7,9.7742,-230.68,0.0,230.68,1.0,False,3354;3361
AIG,Long,685,2013-08-06T20:00:00Z,36.052349,2013-08-07T20:00:00Z,35.650941,-274.96,9.7806,-274.96,0.0,274.96,1.0,False,3351;3362
BAX,Short,811,2013-08-05T20:00:00Z,30.439666,2013-08-07T20:00:00Z,31.314319,-709.34,10.0256,-709.34,0.0,709.34,2.0,False,3312;3363
CAT,Short,408,2013-08-06T20:00:00Z,60.347315,2013-08-07T20:00:00Z,59.752545,242.67,9.7635,0.0,242.67,0.0,1.0,True,3355;3364
FDX,Long,416,2013-08-06T20:00:00Z,59.264571,2013-08-07T20:00:00Z,58.608665,-272.86,9.7755,-304.43,0.0,304.43,1.0,False,3359;3365
HPQ,Short,3083,2013-08-05T20:00:00Z,7.965491,2013-08-07T20:00:00Z,7.834715,403.18,9.845,0.0,403.18,229.08,2.0,True,3334;3366
LMT,Long,288,2013-08-05T20:00:00Z,85.704621,2013-08-07T20:00:00Z,86.016779,89.9,9.9367,0.0,197.78,107.88,2.0,True,3311;3367
LOW,Long,711,2013-07-31T20:00:00Z,34.798157,2013-08-07T20:00:00Z,35.406986,432.88,9.9933,0.0,820.78,657.75,7.0,True,3253;3368
MO,Long,1591,2013-08-06T20:00:00Z,15.528297,2013-08-07T20:00:00Z,15.419188,-173.59,4.8883,-263.86,0.0,263.86,1.0,False,3352;3369
MMM,Long,448,2013-08-05T20:00:00Z,55.139308,2013-08-07T20:00:00Z,54.747355,-175.59,9.8855,-175.59,0.0,175.59,2.0,False,3331;3370
AMGN,Short,331,2013-08-06T20:00:00Z,74.271728,2013-08-07T20:00:00Z,72.598879,553.71,15.2741,-1240.68,553.71,1240.68,1.0,True,3350;3371
TJX,Long,1088,2013-08-06T20:00:00Z,22.610474,2013-08-07T20:00:00Z,22.422088,-204.96,9.6847,-510.13,0.0,510.13,1.0,False,3357;3377
EPD,Long,1865,2013-08-07T20:00:00Z,13.266482,2013-08-08T20:00:00Z,13.111455,-289.13,9.7194,-578.25,0.0,578.25,1.0,False,3374;3379
ABBV,Long,920,2013-08-07T20:00:00Z,26.782479,2013-08-08T20:00:00Z,26.878345,88.2,9.8813,0.0,198.44,110.25,1.0,True,3372;3380
LVS,Short,621,2013-08-06T20:00:00Z,39.920805,2013-08-08T20:00:00Z,38.935701,611.75,9.7101,0.0,752.92,218.18,2.0,True,3356;3381
MS,Long,1257,2013-08-07T20:00:00Z,19.529477,2013-08-08T20:00:00Z,19.74567,271.76,9.7814,-163.05,271.76,163.05,1.0,True,3375;3382
PG,Long,445,2013-07-26T20:00:00Z,55.324517,2013-08-08T20:00:00Z,56.826508,668.39,10.0141,0.0,689.95,107.8,13.0,True,3208;3383
SO,Short,987,2013-08-06T20:00:00Z,25.04598,2013-08-08T20:00:00Z,25.142639,-95.4,4.943,-95.4,5.61,101.01,2.0,False,3358;3384
UPS,Long,455,2013-08-05T20:00:00Z,54.20944,2013-08-08T20:00:00Z,54.487659,126.59,9.901,0.0,126.59,19.69,3.0,True,3329;3385
VZ,Long,963,2013-07-31T20:00:00Z,25.640517,2013-08-08T20:00:00Z,25.507929,-127.68,9.7333,-324.12,0.0,324.12,8.0,False,3262;3386
MSFT,Short,955,2013-08-05T20:00:00Z,25.919532,2013-08-08T20:00:00Z,26.21204,-279.35,10.1872,-768.2,248.31,1016.51,3.0,False,3305;3387
JNJ,Long,374,2013-08-05T20:00:00Z,65.745001,2013-08-08T20:00:00Z,65.933843,70.63,9.8186,-172.64,70.63,172.64,3.0,True,3304;3388
MMM,Short,451,2013-08-07T20:00:00Z,54.747355,2013-08-08T20:00:00Z,55.190635,-199.92,9.979,-284.1,0.0,284.1,1.0,False,3370;3391
SPY,Short,25,2013-07-31T20:00:00Z,135.079204,2013-08-08T20:00:00Z,135.926747,-21.19,14.0663,-40.18,13.99,40.18,8.0,False,3255;3401
SPY,Short,155,2013-07-31T20:00:00Z,135.079204,2013-08-08T20:00:00Z,135.926747,-131.37,4.1805,-249.11,86.75,249.11,8.0,False,3271;3401
SPY,Short,298,2013-08-01T20:00:00Z,135.926747,2013-08-08T20:00:00Z,135.926747,0.0,8.1322,-226.36,419.36,226.36,7.0,False,3292;3401
SPY,Short,40,2013-08-05T20:00:00Z,136.414484,2013-08-08T20:00:00Z,135.926747,19.51,21.4409,-10.87,75.8,26.23,3.0,True,3337;3401
AMGN,Long,338,2013-08-07T20:00:00Z,72.598879,2013-08-09T20:00:00Z,75.451746,964.27,5.1442,0.0,1356.08,391.81,2.0,True,3371;3402
BAX,Short,798,2013-08-08T20:00:00Z,31.26236,2013-08-09T20:00:00Z,31.695356,-345.53,10.1552,-549.39,0.0,549.39,1.0,False,3399;3403
CL,Long,549,2013-08-08T20:00:00Z,45.310642,2013-08-09T20:00:00Z,44.985251,-178.64,9.8731,-239.54,0.0,239.54,1.0,False,3393;3404
DHR,Short,659,2013-08-08T20:00:00Z,37.735383,2013-08-09T20:00:00Z,37.440401,194.39,9.8532,0.0,297.09,102.7,1.0,True,3397;3405
GM,Long,942,2013-08-08T20:00:00Z,26.417367,2013-08-09T20:00:00Z,26.63961,209.35,10.0532,0.0,251.22,41.87,1.0,True,3396;3406
HPQ,Short,3123,2013-08-08T20:00:00Z,7.995213,2013-08-09T20:00:00Z,7.944686,157.8,9.9579,0.0,157.8,0.0,1.0,True,3395;3407
INTC,Short,1460,2013-08-05T20:00:00Z,16.947136,2013-08-09T20:00:00Z,16.505037,645.46,4.8431,0.0,645.46,64.55,4.0,True,3328;3408
JPM,Long,622,2013-08-06T20:00:00Z,39.640082,2013-08-09T20:00:00Z,38.698293,-585.79,9.6907,-643.05,0.0,643.05,3.0,False,3348;3409
OXY,Long,431,2013-08-07T20:00:00Z,57.174396,2013-08-09T20:00:00Z,57.591015,179.56,9.8849,0.0,182.37,56.11,2.0,True,3373;3410
PCLN,Long,677,2013-08-07T20:00:00Z,36.408416,2013-08-09T20:00:00Z,38.762211,1593.52,10.0387,0.0,1593.52,0.0,2.0,True,3376;3411
PM,Long,521,2013-08-08T20:00:00Z,47.746983,2013-08-09T20:00:00Z,48.151162,210.58,9.9988,0.0,210.58,0.0,1.0,True,3389;3412
TJX,Short,1099,2013-08-07T20:00:00Z,22.422088,2013-08-09T20:00:00Z,22.045316,414.07,4.8216,0.0,533.69,119.62,2.0,True,3377;3413
MMM,Long,450,2013-08-08T20:00:00Z,55.190635,2013-08-09T20:00:00Z,55.386611,88.19,9.9037,0.0,88.19,0.0,1.0,True,3391;3417
BA,Short,270,2013-08-05T20:00:00Z,91.026799,2013-08-09T20:00:00Z,89.840181,320.39,9.7589,0.0,359.47,39.09,4.0,True,3330;3418
SPY,Short,417,2013-08-05T20:00:00Z,136.414484,2013-08-09T20:00:00Z,135.574937,350.09,11.2896,-113.36,790.21,273.4,4.0,True,3337;3426
ABBV,Long,917,2013-08-09T20:00:00Z,26.902311,2013-08-13T20:00:00Z,27.034126,120.87,9.8502,0.0,120.87,60.44,4.0,True,3419;3430
KMB,Short,409,2013-08-05T20:00:00Z,60.343739,2013-08-13T20:00:00Z,59.712566,258.15,9.8027,-76.95,320.2,76.95,8.0,True,3314;3432
SPY,Short,254,2013-08-05T20:00:00Z,136.414484,2013-08-13T20:00:00Z,135.447006,245.74,6.8925,-69.05,481.32,166.53,8.0,True,3337;3440
AIG,Long,694,2013-08-08T20:00:00Z,35.92598,2013-08-13T20:00:00Z,35.658375,-185.72,9.9978,-299.21,0.0,299.21,5.0,False,3392;3441
BK,Short,1085,2013-08-09T20:00:00Z,22.773505,2013-08-13T20:00:00Z,22.633971,151.39,9.8359,0.0,207.17,55.78,4.0,True,3425;3442
CAT,Long,414,2013-08-08T20:00:00Z,60.282035,2013-08-13T20:00:00Z,62.885964,1078.03,10.2416,0.0,1078.03,0.0,5.0,True,3394;3443
COST,Short,266,2013-08-09T20:00:00Z,92.478341,2013-08-13T20:00:00Z,92.066834,109.46,9.737,0.0,254.71,145.25,4.0,True,3421;3444
CVX,Long,346,2013-08-06T20:00:00Z,71.410919,2013-08-13T20:00:00Z,70.229764,-408.68,9.7916,-426.62,0.0,426.62,7.0,False,3347;3445
DOW,Short,621,2013-07-31T20:00:00Z,39.940666,2013-08-13T20:00:00Z,42.849574,-1806.43,10.2924,-2039.29,0.0,2039.29,13.0,False,3254;3446
ITW,Short,455,2013-08-08T20:00:00Z,54.651923,2013-08-13T20:00:00Z,54.459486,87.56,9.9345,-43.78,181.85,225.63,5.0,True,3400;3447
MRK,Long,811,2013-08-01T20:00:00Z,30.656732,2013-08-13T20:00:00Z,30.701042,35.94,9.9604,-20.53,61.6,82.14,12.0,True,3282;3448
NEE,Short,1648,2013-07-19T20:00:00Z,15.049689,2013-08-13T20:00:00Z,15.049689,0.0,9.8386,-737.63,572.75,1310.39,25.0,False,3101;3449
SLB,Short,428,2013-07-29T20:00:00Z,57.205155,2013-08-13T20:00:00Z,56.873674,141.87,9.863,-736.54,259.6,736.54,15.0,True,3230;3450
T,Long,1932,2013-07-24T20:00:00Z,12.691709,2013-08-13T20:00:00Z,12.526835,-318.54,9.7112,-477.8,325.46,803.27,20.0,False,3144;3451
ACN,Long,437,2013-08-09T20:00:00Z,56.717581,2013-08-14T20:00:00Z,56.252556,-203.22,9.8241,-569.0,0.0,569.0,5.0,False,3422;3458
AXP,Short,392,2013-07-31T20:00:00Z,63.115608,2013-08-14T20:00:00Z,63.786694,-263.07,9.8413,-325.54,36.17,361.72,14.0,False,3263;3459
FCX,Short,922,2013-08-13T20:00:00Z,26.911573,2013-08-14T20:00:00Z,26.380257,489.87,9.7601,0.0,489.87,0.0,1.0,True,3456;3460
GILD,Long,594,2013-08-06T20:00:00Z,41.432978,2013-08-14T20:00:00Z,40.34102,-648.62,9.5794,-1029.69,0.0,1029.69,8.0,False,3349;3461
OXY,Long,431,2013-08-13T20:00:00Z,57.480351,2013-08-14T20:00:00Z,57.350157,-56.11,9.8507,-173.95,0.0,173.95,1.0,False,3436;3462
PX,Short,260,2013-08-13T20:00:00Z,95.416028,2013-08-14T20:00:00Z,95.479569,-16.52,9.8919,-16.52,185.86,202.38,1.0,False,3454;3463
SO,Short,988,2013-08-09T20:00:00Z,25.006179,2013-08-14T20:00:00Z,24.824233,179.76,9.8285,0.0,235.94,117.97,5.0,True,3424;3464
TJX,Short,1129,2013-08-13T20:00:00Z,21.930174,2013-08-14T20:00:00Z,22.035124,-118.49,9.9198,-118.49,127.97,246.45,1.0,False,3438;3465
VZ,Long,978,2013-08-09T20:00:00Z,25.375341,2013-08-14T20:00:00Z,25.033671,-334.15,9.7972,-433.9,0.0,433.9,5.0,False,3415;3466
QCOM,Short,534,2013-08-09T20:00:00Z,46.253661,2013-08-14T20:00:00Z,46.784189,-283.3,14.8594,-365.31,0.0,365.31,5.0,False,3416;3468
V,Long,592,2013-08-05T20:00:00Z,41.764334,2013-08-14T20:00:00Z,40.633883,-669.23,9.7417,-715.0,0.0,715.0,9.0,False,3327;3469
BK,Short,1097,2013-08-14T20:00:00Z,22.545844,2013-08-15T20:00:00Z,22.325526,241.69,9.8464,0.0,241.69,0.0,1.0,True,3475;3478
FB,Long,675,2013-08-14T20:00:00Z,36.480601,2013-08-15T20:00:00Z,36.01506,-314.24,9.7883,-314.24,0.0,314.24,1.0,False,3470;3479
COP,Short,577,2013-08-08T20:00:00Z,43.193285,2013-08-15T20:00:00Z,43.032116,92.99,10.0218,-230.63,334.78,565.41,7.0,True,3390;3480
DHR,Long,658,2013-08-14T20:00:00Z,37.512755,2013-08-15T20:00:00Z,36.978449,-351.57,9.7547,-351.57,0.0,351.57,1.0,False,3474;3481
EMR,Short,586,2013-07-25T20:00:00Z,42.18294,2013-08-15T20:00:00Z,43.727081,-904.87,10.0162,-1162.72,0.0,1162.72,21.0,False,3190;3482
ABBV,Long,920,2013-08-14T20:00:00Z,26.872353,2013-08-15T20:00:00Z,26.722563,-137.81,9.6774,-904.01,0.0,904.01,1.0,False,3473;3483
JNJ,Short,378,2013-08-08T20:00:00Z,65.933843,2013-08-15T20:00:00Z,63.087224,1076.02,4.735,0.0,1247.87,267.02,7.0,True,3388;3484
KFT,Long,1007,2013-08-09T20:00:00Z,24.388041,2013-08-15T20:00:00Z,23.516234,-877.91,9.5859,-968.73,0.0,968.73,6.0,False,3420;3485
PRU,Short,516,2013-08-05T20:00:00Z,47.66142,2013-08-15T20:00:00Z,46.335553,684.15,9.6717,0.0,966.21,363.08,10.0,True,3313;3486
YUM,Short,426,2013-08-13T20:00:00Z,56.41301,2013-08-15T20:00:00Z,56.662521,-106.29,9.6619,-235.84,0.0,235.84,2.0,False,3439;3487
V,Short,609,2013-08-14T20:00:00Z,40.633883,2013-08-15T20:00:00Z,40.34736,174.49,9.6426,0.0,659.19,484.7,1.0,True,3469;3489
HD,Long,427,2013-08-01T20:00:00Z,58.215956,2013-08-15T20:00:00Z,55.988716,-951.03,9.5018,-1351.47,240.89,1592.35,14.0,False,3283;3490
AAPL,Long,1725,2013-08-13T20:00:00Z,14.467709,2013-08-16T20:00:00Z,15.357524,1534.93,10.5109,0.0,1658.38,123.45,3.0,True,3434;3501
BMY,Long,860,2013-08-05T20:00:00Z,28.67418,2013-08-16T20:00:00Z,27.454002,-1049.35,9.6247,-1145.26,242.59,1387.85,11.0,False,3307;3502
CL,Long,552,2013-08-15T20:00:00Z,44.593303,2013-08-16T20:00:00Z,43.964708,-346.98,9.7384,-346.98,0.0,346.98,1.0,False,3494;3503
CSCO,Long,1391,2013-08-13T20:00:00Z,17.865401,2013-08-16T20:00:00Z,16.574333,-1795.87,9.5134,-2040.34,0.0,2040.34,3.0,False,3453;3504
DIS,Long,426,2013-07-19T20:00:00Z,58.041514,2013-08-16T20:00:00Z,54.595161,-1468.15,9.5621,-1468.15,443.07,1911.22,28.0,False,3085;3505
EBAY,Short,1230,2013-08-15T20:00:00Z,19.808518,2013-08-16T20:00:00Z,19.686037,150.65,9.6855,0.0,205.43,54.78,1.0,True,3493;3506
FCX,Short,929,2013-08-15T20:00:00Z,26.262187,2013-08-16T20:00:00Z,26.945307,-634.62,9.9455,-634.62,0.0,634.62,1.0,False,3499;3507
HD,Short,436,2013-08-15T20:00:00Z,55.988716,2013-08-16T20:00:00Z,55.087563,392.9,4.8158,0.0,392.9,0.0,1.0,True,3490;3508
INTC,Short,1485,2013-08-13T20:00:00Z,16.726086,2013-08-16T20:00:00Z,16.247146,711.23,9.7208,0.0,875.36,164.13,3.0,True,3435;3509
KMB,Short,421,2013-08-15T20:00:00Z,58.571601,2013-08-16T20:00:00Z,58.001118,240.17,9.7475,0.0,398.59,158.41,1.0,True,3497;3510
LVS,Long,634,2013-08-15T20:00:00Z,38.784147,2013-08-16T20:00:00Z,38.990812,131.03,9.8662,0.0,131.03,0.0,1.0,True,3496;3511
V,Long,610,2013-08-15T20:00:00Z,40.34736,2013-08-16T20:00:00Z,39.458231,-542.37,9.7164,-596.47,0.0,596.47,1.0,False,3489;3513
SPY,Short,74,2013-08-05T20:00:00Z,136.414484,2013-08-16T20:00:00Z,132.760453,270.4,26.2597,-20.12,280.46,68.64,11.0,True,3337;3523
SPY,Short,218,2013-08-06T20:00:00Z,136.1986,2013-08-16T20:00:00Z,132.760453,749.52,5.917,-106.33,779.15,202.2,10.0,True,3360;3523
SPY,Short,178,2013-08-07T20:00:00Z,135.311079,2013-08-16T20:00:00Z,132.760453,454.01,4.8157,-244.8,478.21,165.1,9.0,True,3378;3523
SPY,Short,57,2013-08-13T20:00:00Z,135.447006,2013-08-16T20:00:00Z,132.760453,153.13,1.5467,-70.64,160.88,52.87,3.0,True,3457;3523
SPY,Short,328,2013-08-14T20:00:00Z,135.574937,2013-08-16T20:00:00Z,132.760453,923.15,8.8507,-364.54,967.73,304.22,2.0,True,3477;3523
SPY,Short,135,2013-08-15T20:00:00Z,133.871854,2013-08-16T20:00:00Z,132.760453,150.04,8.3755,-379.96,168.39,18.35,1.0,True,3500;3523
ADP,Short,460,2013-08-13T20:00:00Z,53.870805,2013-08-19T20:00:00Z,52.924796,435.16,9.8517,0.0,435.16,98.59,6.0,True,3455;3524
CAT,Long,396,2013-08-16T20:00:00Z,62.276688,2013-08-19T20:00:00Z,61.761705,-203.93,9.7291,-476.8,0.0,476.8,3.0,False,3517;3525
EOG,Short,447,2013-08-08T20:00:00Z,56.027748,2013-08-19T20:00:00Z,55.134367,399.34,9.8653,-126.78,847.81,448.47,11.0,True,3398;3526
GIS,Short,782,2013-08-16T20:00:00Z,31.23781,2013-08-19T20:00:00Z,30.800306,342.13,9.6656,0.0,342.13,0.0,3.0,True,3522;3527
KMI,Short,1276,2013-08-16T20:00:00Z,19.289682,2013-08-19T20:00:00Z,19.202188,111.64,9.7286,0.0,558.21,446.57,3.0,True,3520;3528
MRK,Long,808,2013-08-14T20:00:00Z,30.688382,2013-08-19T20:00:00Z,30.049041,-516.59,9.8356,-516.59,0.0,516.59,5.0,False,3467;3529
PRU,Short,539,2013-08-16T20:00:00Z,45.614468,2013-08-19T20:00:00Z,46.178543,-304.04,9.8733,-304.04,169.26,473.29,3.0,False,3521;3530
PX,Short,261,2013-08-15T20:00:00Z,94.073706,2013-08-19T20:00:00Z,93.35886,186.57,9.7632,0.0,248.77,62.19,4.0,True,3498;3531
UNP,Long,416,2013-07-25T20:00:00Z,59.503686,2013-08-19T20:00:00Z,58.950164,-230.27,9.8504,-407.63,664.35,1071.98,25.0,False,3186;3532
V,Short,624,2013-08-16T20:00:00Z,39.458231,2013-08-19T20:00:00Z,39.251298,129.13,4.9658,-207.17,129.13,207.17,3.0,True,3513;3533
AIG,Long,690,2013-08-14T20:00:00Z,35.829345,2013-08-20T20:00:00Z,34.379817,-1000.17,9.7432,-1000.17,0.0,1000.17,6.0,False,3472;3545
BAX,Short,801,2013-08-19T20:00:00Z,30.760083,2013-08-20T20:00:00Z,30.920292,-128.33,9.9006,-128.33,0.0,128.33,1.0,False,3539;3546
DE,Short,372,2013-08-19T20:00:00Z,66.097259,2013-08-20T20:00:00Z,66.54615,-166.99,9.83,-166.99,199.21,366.2,1.0,False,3543;3547
DUK,Long,613,2013-08-15T20:00:00Z,40.148776,2013-08-20T20:00:00Z,38.751839,-856.32,9.6524,-856.32,0.0,856.32,5.0,False,3495;3548
F,Short,2722,2013-08-06T20:00:00Z,9.079735,2013-08-20T20:00:00Z,8.493093,1596.84,9.5897,0.0,1596.84,431.58,14.0,True,3353;3549
ABBV,Short,954,2013-08-16T20:00:00Z,25.674032,2013-08-20T20:00:00Z,25.937662,-251.5,9.8292,-297.23,0.0,297.23,4.0,False,3516;3550
INTC,Short,1529,2013-08-19T20:00:00Z,16.247146,2013-08-20T20:00:00Z,16.431354,-281.65,10.0945,-529.51,0.0,529.51,1.0,False,3536;3551
KMB,Short,428,2013-08-19T20:00:00Z,57.594497,2013-08-20T20:00:00Z,57.412428,77.93,9.8493,-23.38,77.93,23.38,1.0,True,3540;3552
UPS,Short,461,2013-08-16T20:00:00Z,53.519286,2013-08-20T20:00:00Z,53.612688,-43.06,9.8948,-100.47,0.0,100.47,4.0,False,3514;3553
BA,Long,274,2013-08-09T20:00:00Z,89.840181,2013-08-20T20:00:00Z,89.17596,-182.0,9.8009,-646.32,170.33,816.65,11.0,False,3418;3556
MMM,Short,447,2013-08-09T20:00:00Z,55.386611,2013-08-20T20:00:00Z,53.902791,663.27,9.7372,0.0,684.12,60.49,11.0,True,3417;3557
ACN,Short,445,2013-08-16T20:00:00Z,55.307004,2013-08-21T20:00:00Z,55.896036,-262.12,9.964,-496.65,0.0,496.65,5.0,False,3519;3568
ADP,Long,464,2013-08-20T20:00:00Z,53.057828,2013-08-21T20:00:00Z,53.323893,123.45,9.888,0.0,123.45,0.0,1.0,True,3565;3569
BIIB,Long,119,2013-08-16T20:00:00Z,205.61,2013-08-21T20:00:00Z,205.61,0.0,9.8763,0.0,293.93,293.93,5.0,False,3518;3570
CVS,Long,578,2013-07-31T20:00:00Z,42.863497,2013-08-21T20:00:00Z,41.417398,-835.85,9.7039,-1205.08,454.44,1659.52,21.0,False,3266;3571
DIS,Short,452,2013-08-20T20:00:00Z,54.498205,2013-08-21T20:00:00Z,54.242593,115.54,9.8023,0.0,274.9,159.36,1.0,True,3554;3572
KMI,Short,1308,2013-08-20T20:00:00Z,18.816189,2013-08-21T20:00:00Z,19.011762,-255.81,9.9456,-255.81,0.0,255.81,1.0,False,3564;3573
PSX,Short,682,2013-08-19T20:00:00Z,36.120892,2013-08-21T20:00:00Z,36.384033,-179.46,9.9177,-730.98,0.0,730.98,2.0,False,3541;3574
HON,Short,436,2013-06-27T20:00:00Z,57.441369,2013-08-21T20:00:00Z,58.731166,-562.35,10.0731,-1415.49,709.31,2124.79,55.0,False,2704;3575
IBM,Long,221,2013-08-01T20:00:00Z,112.751077,2013-08-21T20:00:00Z,106.348143,-1415.05,9.6705,-1457.07,0.0,1457.07,20.0,False,3281;3576
UNH,Long,426,2013-08-05T20:00:00Z,58.051331,2013-08-21T20:00:00Z,57.866761,-78.63,9.9268,-321.34,345.27,666.62,16.0,False,3306;3577
USB,Short,1043,2013-08-20T20:00:00Z,23.619628,2013-08-21T20:00:00Z,23.68411,-67.25,9.9066,-107.61,0.0,107.61,1.0,False,3559;3578
YUM,Short,438,2013-08-20T20:00:00Z,56.41301,2013-08-21T20:00:00Z,56.584549,-75.13,9.8938,-75.13,47.81,122.95,1.0,False,3566;3579
CAT,Long,403,2013-08-20T20:00:00Z,60.811525,2013-08-23T20:00:00Z,61.203202,157.85,9.8069,-266.0,157.85,266.0,3.0,True,3561;3593
CSCO,Long,1504,2013-08-19T20:00:00Z,16.439143,2013-08-23T20:00:00Z,16.256636,-274.49,9.7861,-467.65,0.0,467.65,4.0,False,3535;3595
FCX,Short,942,2013-08-21T20:00:00Z,25.924843,2013-08-23T20:00:00Z,26.59953,-635.56,9.8749,-834.17,0.0,834.17,2.0,False,3591;3596
PX,Short,263,2013-08-21T20:00:00Z,93.247662,2013-08-23T20:00:00Z,93.97045,-190.09,9.8694,-273.65,0.0,273.65,2.0,False,3590;3603
SPY,Short,180,2013-08-15T20:00:00Z,133.871854,2013-08-23T20:00:00Z,133.168234,126.65,13.1932,-506.61,413.06,303.68,8.0,True,3500;3617
SPY,Short,287,2013-08-19T20:00:00Z,132.440626,2013-08-23T20:00:00Z,133.168234,-208.82,7.5617,-1218.52,247.83,484.2,4.0,False,3544;3617
SPY,Short,28,2013-08-20T20:00:00Z,131.952889,2013-08-23T20:00:00Z,133.168234,-34.03,15.6498,-132.54,10.52,47.24,3.0,False,3567;3617
BK,Long,1096,2013-08-21T20:00:00Z,22.354902,2013-08-23T20:00:00Z,22.883664,579.52,9.8406,0.0,579.52,136.83,2.0,True,3589;3618
BMY,Long,896,2013-08-20T20:00:00Z,27.519603,2013-08-23T20:00:00Z,27.394961,-111.68,9.8524,-370.3,170.46,370.3,3.0,False,3558;3619
COF,Short,466,2013-08-21T20:00:00Z,52.603621,2013-08-23T20:00:00Z,53.142495,-251.12,9.8105,-251.12,0.0,251.12,2.0,False,3587;3620
COST,Long,275,2013-08-21T20:00:00Z,89.115061,2013-08-23T20:00:00Z,89.099234,-4.35,9.7944,-80.52,100.11,104.46,2.0,False,3585;3621
DHR,Short,666,2013-08-21T20:00:00Z,36.867135,2013-08-23T20:00:00Z,37.46823,-400.33,9.8985,-407.74,0.0,407.74,2.0,False,3586;3622
FDX,Short,418,2013-08-19T20:00:00Z,58.7225,2013-08-23T20:00:00Z,59.958421,-516.61,9.9408,-534.74,58.91,593.65,4.0,False,3542;3623
GILD,Long,623,2013-08-15T20:00:00Z,39.146691,2013-08-23T20:00:00Z,40.948422,1122.48,9.9093,-191.33,1122.48,191.33,8.0,True,3491;3624
GM,Long,965,2013-08-20T20:00:00Z,25.602473,2013-08-23T20:00:00Z,26.024736,407.48,9.9869,-21.45,407.48,21.45,3.0,True,3562;3625
HAL,Short,683,2013-08-09T20:00:00Z,36.309142,2013-08-23T20:00:00Z,37.141488,-568.49,10.1621,-1324.69,117.99,1442.68,14.0,False,3423;3626
HPQ,Long,3205,2013-08-21T20:00:00Z,7.712855,2013-08-23T20:00:00Z,6.601252,-3562.68,9.1029,-3562.68,0.0,3562.68,2.0,False,3584;3627
ITW,Short,452,2013-08-14T20:00:00Z,54.651923,2013-08-23T20:00:00Z,54.037607,277.67,9.8255,0.0,615.56,428.22,9.0,True,3476;3628
MO,Short,1670,2013-08-21T20:00:00Z,14.729624,2013-08-23T20:00:00Z,14.637973,153.06,9.8744,-386.29,153.06,524.77,2.0,True,3583;3629
MSFT,Long,951,2013-08-08T20:00:00Z,26.21204,2013-08-23T20:00:00Z,28.76967,2432.31,5.4113,-485.78,2432.31,957.13,15.0,True,3387;3630
PCLN,Long,671,2013-08-19T20:00:00Z,36.494769,2013-08-23T20:00:00Z,37.373925,589.91,9.8967,-32.25,589.91,32.25,4.0,True,3538;3631
V,Short,625,2013-08-21T20:00:00Z,39.424121,2013-08-23T20:00:00Z,41.06594,-1026.14,10.1616,-1026.14,0.0,1026.14,2.0,False,3581;3632
SPY,Short,563,2013-08-20T20:00:00Z,131.952889,2013-08-23T20:00:00Z,133.168234,-684.24,26.5196,-2664.93,211.57,949.83,3.0,False,3567;3637
BA,Short,276,2013-08-20T20:00:00Z,89.17596,2013-08-27T20:00:00Z,88.937522,65.81,4.8515,-190.38,354.9,380.75,7.0,True,3556;3638
BIIB,Long,115,2013-08-23T20:00:00Z,211.49,2013-08-27T20:00:00Z,210.09,-161.0,9.6329,-465.75,97.75,563.5,4.0,False,3608;3639
DE,Short,373,2013-08-23T20:00:00Z,65.742871,2013-08-27T20:00:00Z,66.152386,-152.75,9.81,-378.94,0.0,378.94,4.0,False,3616;3640
GOOG,Long,1126,2013-07-26T20:00:00Z,21.965731,2013-08-27T20:00:00Z,21.266633,-787.18,9.6788,-1027.27,545.98,1573.25,32.0,False,3207;3641
PSX,Long,656,2013-08-23T20:00:00Z,37.481523,2013-08-27T20:00:00Z,37.013004,-307.35,9.7013,-547.33,0.0,547.33,4.0,False,3613;3642
LMT,Short,285,2013-08-23T20:00:00Z,85.822547,2013-08-27T20:00:00Z,86.363621,-154.21,9.851,-290.62,114.67,290.62,4.0,False,3611;3643
LOW,Long,653,2013-08-23T20:00:00Z,37.296729,2013-08-27T20:00:00Z,36.679993,-402.73,9.6015,-604.09,0.0,604.09,4.0,False,3609;3644
LVS,Short,626,2013-08-23T20:00:00Z,39.266365,2013-08-27T20:00:00Z,38.419038,530.43,9.6227,0.0,1047.92,517.49,4.0,True,3635;3645
MET,Short,1700,2013-08-23T20:00:00Z,14.398301,2013-08-27T20:00:00Z,14.010279,659.64,9.4776,0.0,1389.77,730.13,4.0,True,3634;3646
OXY,Long,436,2013-08-16T20:00:00Z,56.52994,2013-08-27T20:00:00Z,56.881462,153.26,9.869,-414.38,377.48,414.38,11.0,True,3515;3647
QCOM,Long,527,2013-08-14T20:00:00Z,46.784189,2013-08-27T20:00:00Z,46.288564,-261.19,4.8582,-364.2,47.82,412.02,13.0,False,3468;3648
TJX,Short,1077,2013-08-23T20:00:00Z,22.778164,2013-08-27T20:00:00Z,22.463316,339.09,9.7097,0.0,596.8,257.71,4.0,True,3636;3649
USB,Long,1015,2013-08-23T20:00:00Z,24.232204,2013-08-27T20:00:00Z,23.568043,-674.12,9.6131,-962.1,0.0,962.1,4.0,False,3633;3650
CL,Long,561,2013-08-19T20:00:00Z,43.838989,2013-08-28T20:00:00Z,42.470869,-767.52,9.6599,-833.89,0.0,833.89,9.0,False,3537;3664
DIS,Short,450,2013-08-23T20:00:00Z,54.542276,2013-08-28T20:00:00Z,53.325916,547.36,9.7208,0.0,547.36,47.6,5.0,True,3606;3665
TXN,Short,913,2013-07-25T20:00:00Z,27.156021,2013-08-28T20:00:00Z,26.965216,174.2,9.9349,-839.83,244.8,866.42,34.0,True,3168;3671
YUM,Short,431,2013-08-23T20:00:00Z,56.795074,2013-08-28T20:00:00Z,55.563111,530.98,9.6349,0.0,692.29,161.31,5.0,True,3615;3672
AIG,Long,705,2013-08-21T20:00:00Z,34.788658,2013-08-28T20:00:00Z,34.283182,-356.36,9.7611,-356.36,309.2,665.56,7.0,False,3582;3682
BAX,Short,796,2013-08-21T20:00:00Z,30.885652,2013-08-28T20:00:00Z,30.586885,237.82,9.7713,-210.25,251.61,210.25,7.0,True,3588;3683
CVX,Long,358,2013-08-21T20:00:00Z,68.68953,2013-08-28T20:00:00Z,69.444743,270.37,9.9624,0.0,742.47,472.1,7.0,True,3580;3684
DHR,Short,659,2013-08-27T20:00:00Z,36.694599,2013-08-28T20:00:00Z,36.338394,234.74,9.5869,0.0,234.74,0.0,1.0,True,3657;3685
DOW,Short,557,2013-08-27T20:00:00Z,43.429083,2013-08-28T20:00:00Z,42.599589,462.03,9.495,0.0,487.34,25.32,1.0,True,3656;3686
EOG,Short,455,2013-08-20T20:00:00Z,54.134631,2013-08-28T20:00:00Z,55.63778,-683.93,10.1325,-1090.42,138.72,1229.14,8.0,False,3563;3687
KMI,Short,1282,2013-08-23T20:00:00Z,19.140429,2013-08-28T20:00:00Z,19.099255,52.78,9.8099,0.0,125.36,79.18,5.0,True,3612;3688
GS,Long,196,2013-07-31T20:00:00Z,126.343427,2013-08-28T20:00:00Z,119.324608,-1375.69,9.675,-1416.96,882.17,2299.13,28.0,False,3249;3689
LLY,Short,591,2013-08-13T20:00:00Z,43.635808,2013-08-28T20:00:00Z,40.051661,2118.23,9.8447,0.0,2118.23,92.5,15.0,True,3437;3690
MSFT,Long,875,2013-08-27T20:00:00Z,27.403192,2013-08-28T20:00:00Z,27.288638,-100.24,9.4894,-336.51,0.0,336.51,1.0,False,3651;3691
NEE,Short,1723,2013-08-23T20:00:00Z,14.217691,2013-08-28T20:00:00Z,14.233488,-27.22,9.8687,-225.41,133.07,358.48,5.0,False,3614;3692
PM,Long,534,2013-08-19T20:00:00Z,46.151824,2013-08-28T20:00:00Z,45.127905,-546.77,9.6756,-774.12,0.0,774.12,9.0,False,3534;3693
PNC,Short,486,2013-08-27T20:00:00Z,49.723709,2013-08-28T20:00:00Z,48.984902,359.06,9.5391,0.0,359.06,0.0,1.0,True,3658;3694
TMO,Short,283,2013-08-27T20:00:00Z,85.413912,2013-08-28T20:00:00Z,84.992871,119.15,9.6261,0.0,119.15,0.0,1.0,True,3661;3695
SPY,Long,432,2013-08-23T20:00:00Z,133.168234,2013-08-28T20:00:00Z,130.57763,-1119.14,20.6546,-1126.05,0.0,1126.05,5.0,False,3637;3702
DE,Short,372,2013-08-28T20:00:00Z,65.72712,2013-08-29T20:00:00Z,66.239014,-190.42,9.8388,-190.42,0.0,190.42,1.0,False,3681;3703
HPQ,Short,3746,2013-08-28T20:00:00Z,6.556669,2013-08-29T20:00:00Z,6.690418,-501.02,10.0494,-512.16,0.0,512.16,1.0,False,3680;3704
LVS,Short,651,2013-08-28T20:00:00Z,37.688822,2013-08-29T20:00:00Z,38.501704,-529.19,10.1093,-905.9,0.0,905.9,1.0,False,3679;3705
TJX,Short,1101,2013-08-28T20:00:00Z,22.257616,2013-08-29T20:00:00Z,22.127479,143.28,9.7801,0.0,143.28,0.0,1.0,True,3700;3706
VZ,Long,998,2013-08-16T20:00:00Z,24.620608,2013-08-29T20:00:00Z,24.793993,173.04,9.7237,-875.37,173.04,875.37,13.0,True,3512;3707
ADP,Short,459,2013-08-27T20:00:00Z,52.636558,2013-08-30T20:00:00Z,52.688293,-23.75,9.641,-27.14,94.99,122.12,3.0,False,3660;3716
DUK,Long,636,2013-08-28T20:00:00Z,38.541422,2013-08-30T20:00:00Z,38.453748,-55.76,9.7878,-126.39,0.0,126.39,2.0,False,3699;3717
HAL,Short,636,2013-08-29T20:00:00Z,38.476383,2013-08-30T20:00:00Z,37.914422,357.41,9.6549,0.0,437.52,80.11,1.0,True,3711;3718
JPM,Long,646,2013-08-13T20:00:00Z,38.372562,2013-08-30T20:00:00Z,35.979145,-1546.15,9.587,-1687.95,0.0,1687.95,17.0,False,3452;3719
MS,Long,1335,2013-08-28T20:00:00Z,18.30438,2013-08-30T20:00:00Z,18.75118,596.48,9.8784,0.0,596.48,144.31,2.0,True,3698;3720
NOV,Short,450,2013-08-29T20:00:00Z,54.124608,2013-08-30T20:00:00Z,54.110039,6.56,9.7444,0.0,6.56,0.0,1.0,True,3714;3721
TMO,Short,287,2013-08-29T20:00:00Z,84.811057,2013-08-30T20:00:00Z,85.385204,-164.78,9.777,-164.78,0.0,164.78,1.0,False,3713;3722
SPY,Short,356,2013-08-28T20:00:00Z,130.57763,2013-09-03T20:00:00Z,132.112802,-546.52,18.7687,-546.52,0.0,546.52,6.0,False,3702;3730
SPY,Short,198,2013-08-29T20:00:00Z,130.753535,2013-09-03T20:00:00Z,132.112802,-269.13,5.1997,-269.13,34.83,269.13,5.0,False,3715;3730
SPY,Short,160,2013-08-30T20:00:00Z,131.497134,2013-09-03T20:00:00Z,132.112802,-98.51,4.1872,-98.51,147.12,108.74,4.0,False,3729;3730
BK,Short,1124,2013-08-28T20:00:00Z,21.760044,2013-09-03T20:00:00Z,22.134584,-420.98,9.884,-420.98,0.0,420.98,6.0,False,3701;3731
C,Long,690,2013-08-29T20:00:00Z,35.410288,2013-09-03T20:00:00Z,36.09929,475.41,9.8966,0.0,536.1,60.69,5.0,True,3708;3732
CVS,Long,598,2013-08-27T20:00:00Z,40.61713,2013-09-03T20:00:00Z,41.059383,264.47,9.7568,-243.48,277.06,243.48,7.0,True,3654;3733
HD,Short,450,2013-08-28T20:00:00Z,54.296306,2013-09-03T20:00:00Z,55.112355,-367.22,9.8458,-367.22,0.0,367.22,6.0,False,3675;3734
KMB,Long,433,2013-08-30T20:00:00Z,56.568841,2013-09-03T20:00:00Z,57.145393,249.65,9.782,-149.79,249.65,149.79,4.0,True,3726;3735
OXY,Long,430,2013-08-28T20:00:00Z,56.9075,2013-09-03T20:00:00Z,57.909989,431.07,9.8889,0.0,431.07,0.0,6.0,True,3697;3736
PFE,Long,1563,2013-08-09T20:00:00Z,15.812269,2013-09-03T20:00:00Z,15.453394,-560.92,9.7261,-926.37,161.48,1087.85,25.0,False,3414;3737
PX,Short,265,2013-08-30T20:00:00Z,92.532816,2013-09-03T20:00:00Z,94.327873,-475.69,9.8809,-475.69,0.0,475.69,4.0,False,3727;3738
TGT,Short,563,2013-08-23T20:00:00Z,43.715403,2013-09-03T20:00:00Z,42.997981,403.91,9.7502,0.0,556.33,175.28,11.0,True,3610;3739
MMM,Long,457,2013-08-20T20:00:00Z,53.902791,2013-09-03T20:00:00Z,53.759949,-65.28,9.7319,-461.96,0.0,461.96,14.0,False,3557;3745
AXP,Short,389,2013-08-15T20:00:00Z,63.132385,2013-09-03T20:00:00Z,61.001688,828.84,14.5475,0.0,1093.16,264.32,19.0,True,3492;3746
COF,Short,467,2013-08-27T20:00:00Z,51.819084,2013-09-03T20:00:00Z,51.755687,29.61,14.4157,0.0,499.61,470.0,7.0,True,3659;3749
AMZN,Long,1695,2013-08-23T20:00:00Z,14.526341,2013-09-04T20:00:00Z,14.437051,-151.35,9.8697,-869.19,205.46,869.19,12.0,False,3605;3756
COF,Long,479,2013-09-03T20:00:00Z,51.755687,2013-09-04T20:00:00Z,50.986999,-368.2,4.9369,-368.2,0.0,368.2,1.0,False,3749;3757
DE,Short,370,2013-08-30T20:00:00Z,65.931878,2013-09-04T20:00:00Z,66.215388,-104.9,9.7975,-221.45,0.0,221.45,5.0,False,3728;3758
DIS,Short,457,2013-09-03T20:00:00Z,54.313107,2013-09-04T20:00:00Z,53.652041,302.11,9.8318,0.0,302.11,0.0,1.0,True,3743;3759
DUK,Short,639,2013-09-03T20:00:00Z,38.541422,2013-09-04T20:00:00Z,37.986155,354.82,9.6839,0.0,470.6,115.78,1.0,True,3747;3760
FDX,Short,421,2013-09-03T20:00:00Z,58.771286,2013-09-04T20:00:00Z,58.240057,223.65,9.8227,0.0,223.65,0.0,1.0,True,3753;3761
GM,Long,959,2013-08-30T20:00:00Z,25.528392,2013-09-04T20:00:00Z,25.343189,-177.61,9.9362,-227.34,987.51,1165.12,5.0,False,3725;3762
ITW,Short,463,2013-09-03T20:00:00Z,53.423291,2013-09-04T20:00:00Z,52.964404,212.46,9.8906,-219.32,212.46,219.32,1.0,True,3755;3763
JPM,Long,685,2013-09-03T20:00:00Z,36.311958,2013-09-04T20:00:00Z,36.205741,-72.76,9.9922,-72.76,286.18,358.94,1.0,False,3741;3764
LMT,Short,285,2013-09-03T20:00:00Z,86.371459,2013-09-04T20:00:00Z,86.301437,19.96,9.8942,-183.6,19.96,183.6,1.0,True,3748;3765
ORCL,Long,935,2013-09-03T20:00:00Z,26.484176,2013-09-04T20:00:00Z,26.31978,-153.71,9.8897,-153.71,76.86,230.57,1.0,False,3742;3766
PEP,Long,447,2013-08-15T20:00:00Z,55.059908,2013-09-04T20:00:00Z,53.700723,-607.56,9.6268,-968.8,0.0,968.8,20.0,False,3488;3767
TXN,Short,904,2013-08-29T20:00:00Z,26.979275,2013-09-04T20:00:00Z,27.253426,-247.83,9.9108,-629.11,114.38,743.5,6.0,False,3712;3768
AXP,Long,406,2013-09-03T20:00:00Z,61.001688,2013-09-04T20:00:00Z,60.884248,-47.68,9.9271,-47.68,143.04,190.72,1.0,False,3746;3771
MMM,Short,459,2013-09-03T20:00:00Z,53.759949,2013-09-04T20:00:00Z,53.065546,318.73,9.8892,0.0,318.73,0.0,1.0,True,3745;3772
ABT,Long,935,2013-08-30T20:00:00Z,26.154407,2013-09-04T20:00:00Z,25.596116,-522.0,14.6609,-580.0,0.0,580.0,5.0,False,3724;3774
TJX,Short,1107,2013-09-03T20:00:00Z,22.333179,2013-09-04T20:00:00Z,22.341575,-9.29,14.911,-311.36,0.0,311.36,1.0,False,3750;3778
SPY,Short,452,2013-09-04T20:00:00Z,131.497134,2013-09-06T20:00:00Z,133.112264,-730.04,28.4436,-730.04,0.0,730.04,2.0,False,3783;3804
ABT,Short,959,2013-09-04T20:00:00Z,25.596116,2013-09-06T20:00:00Z,26.162161,-542.84,4.9822,-542.84,0.0,542.84,2.0,False,3774;3805
CL,Long,576,2013-08-29T20:00:00Z,42.212036,2013-09-06T20:00:00Z,42.714912,289.66,9.8185,0.0,391.89,153.35,8.0,True,3709;3806
COST,Long,276,2013-09-04T20:00:00Z,88.474059,2013-09-06T20:00:00Z,90.808571,644.33,9.8658,0.0,644.33,58.97,2.0,True,3775;3807
DOW,Short,574,2013-08-29T20:00:00Z,42.40642,2013-09-06T20:00:00Z,44.088132,-965.3,9.9244,-965.3,0.0,965.3,8.0,False,3710;3808
F,Short,2806,2013-08-30T20:00:00Z,8.746776,2013-09-06T20:00:00Z,9.159011,-1156.73,9.8441,-1156.73,311.43,1468.16,7.0,False,3723;3809
FCX,Short,933,2013-09-04T20:00:00Z,25.958578,2013-09-06T20:00:00Z,26.24532,-267.53,9.801,-314.74,15.74,330.48,2.0,False,3782;3810
GOOG,Long,1163,2013-08-28T20:00:00Z,21.055889,2013-09-06T20:00:00Z,21.853053,927.1,9.9544,-96.48,927.1,237.03,9.0,True,3673;3811
PSX,Long,668,2013-09-03T20:00:00Z,37.2248,2013-09-06T20:00:00Z,37.051512,-115.76,9.9062,-248.66,441.59,690.25,3.0,False,3751;3812
LOW,Long,679,2013-09-04T20:00:00Z,36.150233,2013-09-06T20:00:00Z,36.426973,187.91,9.8324,-64.43,187.91,139.59,2.0,True,3776;3813
LVS,Long,614,2013-09-04T20:00:00Z,40.18258,2013-09-06T20:00:00Z,40.637244,279.16,9.9814,0.0,384.91,105.74,2.0,True,3777;3814
NEE,Short,1723,2013-09-03T20:00:00Z,14.344977,2013-09-06T20:00:00Z,14.192785,262.23,9.7439,0.0,338.46,76.23,3.0,True,3752;3815
SLB,Short,419,2013-09-04T20:00:00Z,58.140254,2013-09-06T20:00:00Z,59.981031,-771.29,9.968,-898.84,0.0,898.84,2.0,False,3770;3816
SO,Long,1048,2013-09-04T20:00:00Z,23.351609,2013-09-06T20:00:00Z,23.300437,-53.63,9.7735,-190.68,29.79,190.68,2.0,False,3779;3817
VZ,Long,1044,2013-09-04T20:00:00Z,23.401817,2013-09-06T20:00:00Z,23.932169,553.69,9.9169,0.0,553.69,159.72,2.0,True,3769;3818
BIIB,Long,110,2013-09-04T20:00:00Z,223.64,2013-09-09T20:00:00Z,226.09,269.5,10.109,0.0,572.0,302.5,5.0,True,3773;3825
COF,Long,469,2013-09-06T20:00:00Z,52.017199,2013-09-09T20:00:00Z,51.922104,-44.6,9.8001,-44.6,304.76,349.36,3.0,False,3822;3826
FB,Short,599,2013-09-03T20:00:00Z,41.472788,2013-09-09T20:00:00Z,43.939166,-1477.36,10.1956,-1477.36,35.6,1512.96,6.0,False,3744;3827
GM,Long,906,2013-09-06T20:00:00Z,26.906303,2013-09-09T20:00:00Z,26.898895,-6.71,9.7495,-6.71,107.39,114.1,3.0,False,3797;3828
MDT,Short,634,2013-09-06T20:00:00Z,38.481267,2013-09-09T20:00:00Z,38.344987,86.4,9.7661,-122.78,86.4,122.78,3.0,True,3795;3829
MET,Short,1702,2013-09-06T20:00:00Z,14.374605,2013-09-09T20:00:00Z,14.223543,257.11,9.7247,0.0,257.11,0.0,3.0,True,3820;3830
MS,Short,1270,2013-09-06T20:00:00Z,19.334903,2013-09-09T20:00:00Z,19.442999,-137.28,9.9301,-558.28,0.0,558.28,3.0,False,3796;3831
PRU,Long,535,2013-09-06T20:00:00Z,45.658109,2013-09-09T20:00:00Z,45.441858,-115.69,9.7727,-115.69,187.61,303.31,3.0,False,3802;3832
USB,Short,1031,2013-09-06T20:00:00Z,23.716351,2013-09-09T20:00:00Z,23.522906,199.44,9.6782,0.0,305.81,106.37,3.0,True,3794;3833
SPY,Long,168,2013-09-06T20:00:00Z,133.112264,2013-09-10T20:00:00Z,134.839333,290.15,13.1219,0.0,317.01,26.87,4.0,True,3804;3839
SPY,Long,318,2013-09-06T20:00:00Z,133.112264,2013-09-10T20:00:00Z,134.839333,549.21,8.4436,0.0,600.06,50.85,4.0,True,3824;3839
CL,Long,567,2013-09-09T20:00:00Z,42.892398,2013-09-10T20:00:00Z,43.476622,331.26,9.8253,0.0,331.26,0.0,1.0,True,3836;3840
EBAY,Short,1265,2013-09-06T20:00:00Z,19.496749,2013-09-10T20:00:00Z,19.671191,-220.67,9.9837,-450.73,0.0,450.73,4.0,False,3819;3841
F,Short,2711,2013-09-09T20:00:00Z,9.037454,2013-09-10T20:00:00Z,9.238287,-544.46,9.9893,-644.75,0.0,644.75,1.0,False,3835;3842
MMM,Long,461,2013-09-04T20:00:00Z,53.065546,2013-09-10T20:00:00Z,55.040842,910.61,5.0869,0.0,971.17,60.56,6.0,True,3772;3843
SO,Long,1041,2013-09-09T20:00:00Z,23.402782,2013-09-10T20:00:00Z,23.493755,94.7,9.7828,0.0,147.97,53.27,1.0,True,3838;3844
TJX,Long,1098,2013-09-04T20:00:00Z,22.341575,2013-09-10T20:00:00Z,22.652225,341.09,4.9707,0.0,414.84,92.19,6.0,True,3778;3845
TMO,Short,284,2013-09-04T20:00:00Z,86.160302,2013-09-10T20:00:00Z,87.605239,-410.36,9.8715,-410.36,0.0,410.36,6.0,False,3780;3846
AXP,Short,403,2013-09-04T20:00:00Z,60.884248,2013-09-10T20:00:00Z,62.259974,-554.42,9.9876,-682.88,0.0,682.88,6.0,False,3771;3848
AXP,Long,395,2013-09-10T20:00:00Z,62.259974,2013-09-11T20:00:00Z,62.671014,162.36,4.9822,0.0,318.09,155.73,1.0,True,3848;3856
BIIB,Long,106,2013-09-10T20:00:00Z,230.0,2013-09-11T20:00:00Z,229.41,-62.54,9.8586,-62.54,664.62,727.16,1.0,False,3850;3857
COP,Short,581,2013-08-20T20:00:00Z,42.413227,2013-09-11T20:00:00Z,44.366595,-1134.91,10.1235,-1262.26,101.13,1363.39,22.0,False,3555;3858
COST,Short,267,2013-09-10T20:00:00Z,91.679068,2013-09-11T20:00:00Z,93.040207,-363.42,9.9971,-718.4,0.0,718.4,1.0,False,3852;3859
DUK,Short,644,2013-09-06T20:00:00Z,38.027069,2013-09-11T20:00:00Z,38.576492,-353.83,9.844,-353.83,0.0,353.83,5.0,False,3798;3860
KMI,Long,1335,2013-09-06T20:00:00Z,18.358136,2013-09-11T20:00:00Z,19.083815,968.78,9.7881,0.0,968.78,714.56,5.0,True,3801;3861
HAL,Short,622,2013-09-06T20:00:00Z,39.205528,2013-09-11T20:00:00Z,38.96935,146.9,9.7671,-254.63,146.9,254.63,5.0,True,3821;3862
MET,Short,1700,2013-09-10T20:00:00Z,14.510858,2013-09-11T20:00:00Z,14.667844,-266.88,9.9872,-281.98,0.0,281.98,1.0,False,3851;3863
ACN,Short,422,2013-09-11T20:00:00Z,57.942147,2013-09-12T20:00:00Z,58.120407,-75.23,9.7571,-75.23,196.24,271.47,1.0,False,3867;3870
CAT,Long,403,2013-08-27T20:00:00Z,60.100703,2013-09-12T20:00:00Z,63.023776,1178.0,9.9116,-119.85,1248.15,172.46,16.0,True,3655;3871
EPD,Long,1949,2013-08-23T20:00:00Z,12.572046,2013-09-12T20:00:00Z,12.55081,-41.39,9.7738,-372.51,314.56,633.27,20.0,False,3607;3872
FCX,Short,909,2013-09-10T20:00:00Z,27.054944,2013-09-12T20:00:00Z,27.409154,-321.98,9.9782,-820.28,0.0,820.28,2.0,False,3855;3873
GM,Short,892,2013-09-11T20:00:00Z,27.098914,2013-09-12T20:00:00Z,26.950751,132.16,9.6107,0.0,138.77,6.61,1.0,True,3866;3874
KFT,Long,1070,2013-08-20T20:00:00Z,23.072815,2013-09-12T20:00:00Z,23.441078,394.04,9.9717,-144.75,498.58,619.21,23.0,True,3560;3875
MMM,Long,443,2013-09-11T20:00:00Z,55.223826,2013-09-12T20:00:00Z,55.744629,230.72,9.8484,0.0,230.72,0.0,1.0,True,3864;3876
SBUX,Long,903,2013-08-28T20:00:00Z,27.121445,2013-09-12T20:00:00Z,29.175279,1854.61,10.2412,0.0,1931.45,230.52,15.0,True,3678;3877
SO,Long,1038,2013-09-11T20:00:00Z,23.550613,2013-09-12T20:00:00Z,23.334552,-224.27,9.6531,-389.52,0.0,389.52,1.0,False,3868;3878
USB,Short,1042,2013-09-10T20:00:00Z,23.548699,2013-09-12T20:00:00Z,23.703455,-161.26,9.8877,-235.16,0.0,235.16,2.0,False,3849;3879
SPY,Short,229,2013-09-11T20:00:00Z,134.855324,2013-09-12T20:00:00Z,135.407027,-126.34,31.0987,-126.34,0.0,126.34,1.0,False,3869;3892
ABT,Short,937,2013-09-09T20:00:00Z,25.976064,2013-09-13T20:00:00Z,27.061631,-1017.18,9.9785,-1017.18,0.0,1017.18,4.0,False,3837;3893
AMGN,Short,330,2013-08-14T20:00:00Z,74.58284,2013-09-13T20:00:00Z,79.456032,-1608.15,10.2011,-1858.92,577.46,2436.39,30.0,False,3471;3894
AXP,Long,387,2013-09-12T20:00:00Z,63.157551,2013-09-13T20:00:00Z,63.40082,94.14,9.7781,0.0,94.14,0.0,1.0,True,3880;3895
BMY,Short,861,2013-09-12T20:00:00Z,28.306814,2013-09-13T20:00:00Z,28.66762,-310.65,9.8551,-310.65,0.0,310.65,1.0,False,3881;3896
DHR,Short,633,2013-09-12T20:00:00Z,38.581368,2013-09-13T20:00:00Z,38.748338,-105.69,9.809,-155.02,0.0,155.02,1.0,False,3886;3897
DOW,Short,539,2013-09-12T20:00:00Z,45.213061,2013-09-13T20:00:00Z,44.31539,483.84,9.6438,-49.0,483.84,49.0,1.0,True,3887;3898
SPY,Long,478,2013-09-12T20:00:00Z,135.407027,2013-09-13T20:00:00Z,135.231122,-84.08,12.9434,-84.08,0.0,84.08,1.0,False,3892;3908
BK,Long,1066,2013-09-12T20:00:00Z,22.91304,2013-09-17T20:00:00Z,23.074606,172.23,9.7842,-70.46,195.72,70.46,5.0,True,3890;3909
EPD,Short,1971,2013-09-13T20:00:00Z,12.429761,2013-09-17T20:00:00Z,12.332073,192.54,9.705,0.0,263.7,71.16,4.0,True,3904;3910
UNP,Short,419,2013-09-13T20:00:00Z,58.307588,2013-09-17T20:00:00Z,58.634652,-137.04,9.835,-368.59,0.0,368.59,4.0,False,3902;3911
VZ,Long,1043,2013-09-10T20:00:00Z,23.432414,2013-09-17T20:00:00Z,24.732798,1356.3,10.1111,0.0,1398.85,42.55,7.0,True,3847;3912
BAX,Long,802,2013-09-06T20:00:00Z,30.555379,2013-09-18T20:00:00Z,31.183319,503.61,9.9113,0.0,758.91,255.3,12.0,True,3800;3923
FCX,Long,875,2013-09-13T20:00:00Z,28.041673,2013-09-18T20:00:00Z,28.319982,243.52,9.9755,0.0,959.32,715.8,5.0,True,3907;3925
KMI,Long,1319,2013-09-12T20:00:00Z,18.430189,2013-09-18T20:00:00Z,18.32211,-142.56,9.7577,-739.94,305.48,739.94,6.0,False,3888;3926
SPY,Long,214,2013-09-12T20:00:00Z,135.407027,2013-09-18T20:00:00Z,136.702329,277.19,10.9366,-37.64,648.5,371.3,6.0,True,3892;3939
ACN,Short,425,2013-09-13T20:00:00Z,57.740636,2013-09-18T20:00:00Z,59.476731,-737.84,10.0326,-1083.7,0.0,1083.7,5.0,False,3905;3940
AMZN,Long,1654,2013-09-17T20:00:00Z,14.833618,2013-09-18T20:00:00Z,15.167334,551.97,10.1687,0.0,1212.84,660.87,1.0,True,3913;3941
APA,Short,387,2013-09-03T20:00:00Z,63.897986,2013-09-18T20:00:00Z,65.095242,-463.34,9.9366,-706.45,263.13,969.58,15.0,False,3754;3942
COF,Long,463,2013-09-10T20:00:00Z,53.007776,2013-09-18T20:00:00Z,54.648173,759.5,10.0629,0.0,876.91,168.78,8.0,True,3853;3943
COST,Short,259,2013-09-12T20:00:00Z,94.219334,2013-09-18T20:00:00Z,93.127257,282.85,9.7148,0.0,416.07,350.49,6.0,True,3885;3944
CSCO,Long,1519,2013-08-27T20:00:00Z,16.033572,2013-09-18T20:00:00Z,16.445902,626.33,9.9124,-420.98,1108.91,482.58,22.0,True,3653;3945
DOW,Short,540,2013-09-17T20:00:00Z,45.292602,2013-09-18T20:00:00Z,44.838085,245.44,9.8875,-613.6,245.44,613.6,1.0,True,3919;3946
EBAY,Short,1212,2013-09-12T20:00:00Z,20.213077,2013-09-18T20:00:00Z,20.157404,67.48,9.7849,-121.46,364.37,485.83,6.0,True,3883;3947
ABBV,Short,913,2013-09-13T20:00:00Z,26.78847,2013-09-18T20:00:00Z,28.298355,-1378.52,10.1573,-1772.39,0.0,1772.39,5.0,False,3903;3948
MDT,Short,632,2013-09-11T20:00:00Z,38.768173,2013-09-18T20:00:00Z,38.667756,63.46,9.8069,-13.6,213.06,226.66,7.0,True,3865;3949
MET,Long,1671,2013-09-17T20:00:00Z,14.61749,2013-09-18T20:00:00Z,14.762628,242.53,9.7515,-356.36,242.53,356.36,1.0,True,3918;3950
NEE,Short,1735,2013-09-12T20:00:00Z,14.141465,2013-09-18T20:00:00Z,13.992812,257.91,9.937,-810.58,279.4,1089.99,6.0,True,3891;3951
PNC,Long,490,2013-09-06T20:00:00Z,49.777933,2013-09-18T20:00:00Z,50.713303,458.33,9.8063,-162.74,458.33,179.35,12.0,True,3799;3952
SO,Long,1049,2013-09-17T20:00:00Z,23.28338,2013-09-18T20:00:00Z,23.408467,131.22,9.994,0.0,1002.02,870.8,1.0,True,3921;3953
WMT,Long,1286,2013-08-27T20:00:00Z,18.927188,2013-09-18T20:00:00Z,19.583712,844.29,10.0028,-90.46,1263.09,418.79,22.0,True,3652;3954
PSX,Long,675,2013-09-13T20:00:00Z,36.351943,2013-09-18T20:00:00Z,35.973277,-255.6,14.8936,-255.6,264.26,519.86,5.0,False,3906;3960
ADP,Long,444,2013-09-12T20:00:00Z,54.948803,2013-09-19T20:00:00Z,55.67739,323.49,9.8289,0.0,323.49,23.11,7.0,True,3889;3962
AIG,Short,649,2013-09-18T20:00:00Z,37.45909,2013-09-19T20:00:00Z,37.838969,-246.54,9.7118,-246.54,207.87,454.41,1.0,False,3956;3963
BMY,Short,825,2013-09-17T20:00:00Z,29.566353,2013-09-19T20:00:00Z,30.530687,-795.58,10.0589,-1331.37,0.0,1331.37,2.0,False,3916;3964
CAT,Short,386,2013-09-18T20:00:00Z,62.574072,2013-09-19T20:00:00Z,63.814384,-478.76,9.8322,-478.76,0.0,478.76,1.0,False,3958;3965
DHR,Short,626,2013-09-18T20:00:00Z,38.959835,2013-09-19T20:00:00Z,39.449616,-306.6,9.8092,-306.6,0.0,306.6,1.0,False,3933;3966
TMO,Short,272,2013-09-18T20:00:00Z,89.408404,2013-09-19T20:00:00Z,90.577768,-318.07,9.8283,-318.07,0.0,318.07,1.0,False,3961;3967
MA,Short,413,2013-09-09T20:00:00Z,58.986066,2013-09-19T20:00:00Z,64.028845,-2082.67,14.9978,-2082.67,0.0,2082.67,10.0,False,3834;3969
MMM,Long,441,2013-09-13T20:00:00Z,55.594487,2013-09-19T20:00:00Z,56.861304,558.67,14.8215,0.0,637.29,78.63,6.0,True,3901;3970
EPD,Short,1985,2013-09-18T20:00:00Z,12.300218,2013-09-19T20:00:00Z,12.903337,-1197.19,15.3509,-1791.57,0.0,1791.57,1.0,False,3931;3972
LVS,Short,559,2013-09-12T20:00:00Z,43.799219,2013-09-19T20:00:00Z,45.022692,-683.92,14.8642,-916.24,15.4,931.64,7.0,False,3884;3974
BK,Long,1056,2013-09-18T20:00:00Z,23.096638,2013-09-20T20:00:00Z,22.861632,-248.17,9.6521,-465.31,0.0,465.31,2.0,False,3937;3982
COP,Short,551,2013-09-13T20:00:00Z,44.579338,2013-09-20T20:00:00Z,45.623713,-575.45,9.9446,-600.32,0.0,600.32,7.0,False,3900;3983
EPD,Long,1901,2013-09-19T20:00:00Z,12.903337,2013-09-20T20:00:00Z,13.20702,577.3,4.9551,0.0,577.3,0.0,1.0,True,3972;3984
PSX,Short,678,2013-09-18T20:00:00Z,35.973277,2013-09-20T20:00:00Z,37.35958,-939.91,5.0416,-939.91,0.0,939.91,2.0,False,3960;3985
MS,Short,1167,2013-09-18T20:00:00Z,20.869876,2013-09-20T20:00:00Z,20.732954,159.79,9.6226,0.0,647.56,487.78,2.0,True,3930;3986
OXY,Short,409,2013-09-18T20:00:00Z,59.729032,2013-09-20T20:00:00Z,60.555141,-337.88,9.8628,-337.88,0.0,337.88,2.0,False,3957;3987
PCLN,Long,643,2013-09-18T20:00:00Z,37.794357,2013-09-20T20:00:00Z,39.104887,842.67,10.0402,0.0,898.2,55.52,2.0,True,3932;3988
PNC,Long,483,2013-09-19T20:00:00Z,50.543852,2013-09-20T20:00:00Z,50.23884,-147.32,9.697,-170.24,0.0,170.24,1.0,False,3976;3989
SBUX,Short,814,2013-09-19T20:00:00Z,29.983662,2013-09-20T20:00:00Z,29.504048,390.41,9.6009,0.0,443.93,53.52,1.0,True,3971;3990
SLB,Short,396,2013-09-17T20:00:00Z,61.566932,2013-09-20T20:00:00Z,63.067874,-594.37,9.8234,-594.37,0.0,594.37,3.0,False,3914;3991
UNP,Short,412,2013-09-18T20:00:00Z,59.175999,2013-09-20T20:00:00Z,60.435383,-518.87,9.8832,-535.9,0.0,535.9,2.0,False,3929;3992
MMM,Short,428,2013-09-19T20:00:00Z,56.861304,2013-09-20T20:00:00Z,56.987986,-54.22,9.6173,-54.22,236.96,291.18,1.0,False,3970;3994
MA,Long,382,2013-09-19T20:00:00Z,64.028845,2013-09-20T20:00:00Z,63.837241,-73.19,9.7114,-212.15,0.0,212.15,1.0,False,3969;3995
EMR,Long,529,2013-09-18T20:00:00Z,45.987356,2013-09-20T20:00:00Z,47.181464,631.68,14.5747,0.0,676.8,594.08,2.0,True,3934;4000
BAX,Long,779,2013-09-19T20:00:00Z,31.327222,2013-09-24T20:00:00Z,31.335943,6.79,9.7466,-197.02,6.79,197.02,5.0,True,3977;4003
MDT,Long,628,2013-09-19T20:00:00Z,38.811209,2013-09-24T20:00:00Z,38.62472,-117.12,9.6782,-306.3,0.0,306.3,5.0,False,3973;4012
PX,Long,251,2013-09-18T20:00:00Z,96.95996,2013-09-24T20:00:00Z,96.377162,-146.28,9.7877,-188.36,266.51,454.88,6.0,False,3936;4013
ORCL,Short,875,2013-09-19T20:00:00Z,27.618508,2013-09-24T20:00:00Z,27.791124,-151.04,14.5419,-323.65,0.0,323.65,5.0,False,3968;4015
C,Long,664,2013-09-13T20:00:00Z,36.861589,2013-09-24T20:00:00Z,36.216567,-428.3,14.4964,-647.31,934.46,1581.77,11.0,False,3899;4016
MA,Short,383,2013-09-20T20:00:00Z,63.837241,2013-09-24T20:00:00Z,63.268911,217.67,9.7443,0.0,236.81,84.37,4.0,True,3995;4019
CAT,Short,382,2013-09-20T20:00:00Z,63.466226,2013-09-24T20:00:00Z,61.768958,648.36,14.3052,0.0,684.38,36.02,4.0,True,3998;4023
COST,Long,258,2013-09-20T20:00:00Z,94.456742,2013-09-24T20:00:00Z,93.317183,-294.01,9.5666,-616.6,0.0,616.6,4.0,False,3999;4029
CVS,Short,569,2013-09-18T20:00:00Z,42.793298,2013-09-24T20:00:00Z,40.897926,1078.47,9.4649,0.0,1214.27,135.81,6.0,True,3955;4030
DIS,Short,420,2013-09-20T20:00:00Z,57.829973,2013-09-24T20:00:00Z,57.292307,225.82,9.5755,0.0,477.55,251.73,4.0,True,3993;4031
DOW,Short,525,2013-09-19T20:00:00Z,46.269813,2013-09-24T20:00:00Z,44.542649,906.76,9.5103,0.0,966.42,59.66,5.0,True,3975;4032
EMR,Short,515,2013-09-20T20:00:00Z,47.181464,2013-09-24T20:00:00Z,46.200589,505.15,4.7557,0.0,519.79,14.64,4.0,True,4000;4033
GS,Long,186,2013-09-20T20:00:00Z,131.023099,2013-09-24T20:00:00Z,129.143542,-349.6,9.5894,-726.76,0.0,726.76,4.0,False,3996;4034
KFT,Short,983,2013-09-20T20:00:00Z,24.726242,2013-09-24T20:00:00Z,23.989715,724.01,9.5096,0.0,724.01,81.27,4.0,True,3997;4035
LMT,Long,266,2013-09-20T20:00:00Z,91.349984,2013-09-24T20:00:00Z,89.54343,-480.54,9.5416,-528.97,0.0,528.97,4.0,False,4001;4036
MMM,Long,426,2013-09-20T20:00:00Z,56.987986,2013-09-24T20:00:00Z,56.673628,-133.92,4.829,-133.92,0.0,133.92,4.0,False,3994;4037
MO,Short,1582,2013-09-12T20:00:00Z,15.476226,2013-09-24T20:00:00Z,15.577985,-160.98,9.7458,-573.94,97.99,671.93,12.0,False,3882;4038
NOV,Short,444,2013-09-04T20:00:00Z,55.064322,2013-09-24T20:00:00Z,58.426291,-1492.71,10.0285,-1492.71,0.0,1492.71,20.0,False,3781;4039
UPS,Short,458,2013-08-28T20:00:00Z,53.444564,2013-09-24T20:00:00Z,56.763445,-1520.05,10.0899,-1674.05,71.3,1745.35,27.0,False,3676;4040
AXP,Long,380,2013-09-24T20:00:00Z,64.080294,2013-09-25T20:00:00Z,63.862191,-82.88,9.6943,-127.51,0.0,127.51,1.0,False,4042;4049
BIIB,Short,100,2013-09-24T20:00:00Z,242.46,2013-09-25T20:00:00Z,243.26,-80.0,9.7038,-80.0,81.0,161.0,1.0,False,4021;4050
FB,Short,521,2013-09-24T20:00:00Z,48.049795,2013-09-25T20:00:00Z,48.762965,-371.56,10.1065,-490.25,0.0,490.25,1.0,False,4018;4051
EBAY,Short,1199,2013-09-24T20:00:00Z,20.4135,2013-09-25T20:00:00Z,20.420924,-8.9,9.7342,-8.9,351.56,360.46,1.0,False,4044;4052
ITW,Short,454,2013-09-06T20:00:00Z,53.852572,2013-09-25T20:00:00Z,57.65689,-1727.16,10.0888,-1760.76,0.0,1760.76,19.0,False,3803;4053
LLY,Short,582,2013-09-17T20:00:00Z,41.976771,2013-09-25T20:00:00Z,41.162903,473.67,9.6957,-236.84,551.1,236.84,8.0,True,3917;4054
MA,Long,385,2013-09-24T20:00:00Z,63.268911,2013-09-25T20:00:00Z,63.282795,5.35,4.7891,-413.03,5.35,413.03,1.0,True,4019;4055
PCLN,Short,626,2013-09-24T20:00:00Z,38.984931,2013-09-25T20:00:00Z,39.362773,-236.53,9.7994,-236.53,13.94,250.47,1.0,False,4045;4056
TJX,Long,1039,2013-09-18T20:00:00Z,23.46663,2013-09-25T20:00:00Z,23.542193,78.51,9.8103,-122.13,357.66,479.79,7.0,True,3935;4057
TMO,Short,272,2013-09-24T20:00:00Z,89.446744,2013-09-25T20:00:00Z,89.063346,104.28,9.6546,0.0,247.68,143.39,1.0,True,4047;4058
MET,Long,1738,2013-09-24T20:00:00Z,14.007317,2013-09-25T20:00:00Z,13.974735,-56.63,14.7206,-56.63,288.29,344.91,1.0,False,4024;4063
ABT,Long,900,2013-09-18T20:00:00Z,27.139171,2013-09-26T20:00:00Z,26.169915,-872.33,9.6766,-935.14,237.27,1172.41,8.0,False,3959;4071
AIG,Short,665,2013-09-24T20:00:00Z,36.580153,2013-09-26T20:00:00Z,37.041967,-307.11,9.7769,-307.11,0.0,307.11,2.0,False,4043;4072
AMGN,Short,299,2013-09-17T20:00:00Z,81.700907,2013-09-26T20:00:00Z,79.15625,760.85,9.5296,-85.47,981.81,220.96,9.0,True,3915;4073
BK,Short,1097,2013-09-25T20:00:00Z,22.200679,2013-09-26T20:00:00Z,22.428341,-249.74,9.8464,-290.03,0.0,290.03,1.0,False,4068;4074
COST,Short,264,2013-09-25T20:00:00Z,92.153884,2013-09-26T20:00:00Z,91.710722,116.99,9.6859,0.0,116.99,0.0,1.0,True,4064;4075
CVS,Short,598,2013-09-25T20:00:00Z,40.687329,2013-09-26T20:00:00Z,40.645209,25.19,9.7349,-88.16,25.19,88.16,1.0,True,4060;4076
EPD,Long,1902,2013-09-25T20:00:00Z,12.801401,2013-09-26T20:00:00Z,12.8821,153.49,9.8718,0.0,456.43,302.94,1.0,True,4062;4077
JNJ,Long,402,2013-09-03T20:00:00Z,61.208887,2013-09-26T20:00:00Z,61.476667,107.65,9.8294,0.0,909.34,849.85,23.0,True,3740;4078
MET,Short,1744,2013-09-25T20:00:00Z,13.974735,2013-09-26T20:00:00Z,14.247239,-475.25,4.9126,-475.25,0.0,475.25,1.0,False,4063;4079
MMM,Long,429,2013-09-25T20:00:00Z,56.720547,2013-09-26T20:00:00Z,56.584481,-58.37,9.6962,-58.37,0.0,58.37,1.0,False,4059;4080
ORCL,Long,873,2013-09-24T20:00:00Z,27.791124,2013-09-26T20:00:00Z,28.013058,193.75,4.8523,0.0,193.75,43.06,2.0,True,4015;4081
SPY,Short,181,2013-09-18T20:00:00Z,136.702329,2013-09-26T20:00:00Z,136.044319,119.1,17.3154,-370.49,149.64,370.49,8.0,True,3939;4093
SPY,Short,454,2013-09-19T20:00:00Z,138.749226,2013-09-26T20:00:00Z,136.044319,1228.03,22.8263,0.0,1304.63,211.57,7.0,True,3981;4093
ADP,Long,448,2013-09-24T20:00:00Z,53.863358,2013-09-27T20:00:00Z,54.041788,79.94,9.6929,0.0,156.54,119.9,3.0,True,4027;4094
COP,Short,535,2013-09-26T20:00:00Z,45.359396,2013-09-27T20:00:00Z,45.217568,75.88,9.6945,0.0,75.88,0.0,1.0,True,4084;4095
EBAY,Short,1207,2013-09-26T20:00:00Z,20.227923,2013-09-27T20:00:00Z,20.825482,-721.25,10.0725,-721.25,0.0,721.25,1.0,False,4086;4096
HPQ,Long,3844,2013-09-24T20:00:00Z,6.351109,2013-09-27T20:00:00Z,6.345126,-23.0,9.754,-69.0,195.49,264.49,3.0,False,4025;4097
QCOM,Short,503,2013-09-26T20:00:00Z,48.490573,2013-09-27T20:00:00Z,47.859002,317.68,9.6186,0.0,607.12,289.44,1.0,True,4083;4098
TGT,Long,565,2013-09-17T20:00:00Z,43.241634,2013-09-27T20:00:00Z,42.889691,-198.85,9.8139,-248.56,608.02,856.58,10.0,False,3920;4099
SPY,Short,372,2013-09-19T20:00:00Z,138.749226,2013-09-27T20:00:00Z,135.666686,1146.7,26.3892,0.0,1146.7,173.36,8.0,True,3981;4112
SPY,Short,582,2013-09-24T20:00:00Z,136.526404,2013-09-27T20:00:00Z,135.666686,500.36,15.8589,-1293.68,500.36,271.22,3.0,True,4028;4112
SPY,Short,18,2013-09-24T20:00:00Z,136.526404,2013-09-27T20:00:00Z,135.666686,15.47,3.1064,-40.01,15.47,8.39,3.0,True,4048;4112
DHR,Short,623,2013-09-27T20:00:00Z,38.667744,2013-10-01T20:00:00Z,38.667744,0.0,9.6665,-6.94,45.09,52.03,4.0,False,4110;4116
GM,Short,885,2013-09-27T20:00:00Z,27.239668,2013-10-01T20:00:00Z,26.713692,465.49,9.4763,0.0,570.39,104.9,4.0,True,4109;4118
INTC,Short,1404,2013-09-27T20:00:00Z,17.109239,2013-10-01T20:00:00Z,16.902926,289.66,9.4782,0.0,403.46,113.8,4.0,True,4100;4120
MO,Short,1564,2013-09-27T20:00:00Z,15.409861,2013-10-01T20:00:00Z,15.153251,401.34,9.6072,0.0,401.34,249.11,4.0,True,4105;4121
NOV,Short,423,2013-09-25T20:00:00Z,57.520004,2013-10-01T20:00:00Z,57.00839,216.41,9.7633,-126.76,216.41,244.24,6.0,True,4069;4123
OXY,Short,394,2013-09-27T20:00:00Z,61.564831,2013-10-01T20:00:00Z,61.263235,118.83,9.7569,-126.58,118.83,219.57,4.0,True,4102;4124
PCLN,Short,623,2013-09-26T20:00:00Z,39.118172,2013-10-01T20:00:00Z,39.593307,-296.01,14.97,-903.85,0.0,903.85,5.0,False,4089;4137
ABT,Long,928,2013-09-27T20:00:00Z,25.914032,2013-10-01T20:00:00Z,25.720181,-179.89,14.5819,-179.89,273.44,453.33,4.0,False,4108;4138
COF,Long,448,2013-09-25T20:00:00Z,54.457982,2013-10-01T20:00:00Z,54.751193,131.36,14.8015,0.0,379.87,248.52,6.0,True,4065;4140
AXP,Long,380,2013-09-26T20:00:00Z,63.75314,2013-10-01T20:00:00Z,63.451151,-114.76,9.7064,-153.01,0.0,153.01,5.0,False,4085;4143
CAT,Long,395,2013-09-24T20:00:00Z,61.768958,2013-10-01T20:00:00Z,60.383581,-547.22,4.8007,-547.22,0.0,547.22,7.0,False,4023;4144
CL,Long,553,2013-09-26T20:00:00Z,44.090427,2013-10-01T20:00:00Z,43.779827,-171.76,9.8542,-171.76,192.21,363.97,5.0,False,4087;4145
FB,Short,495,2013-09-26T20:00:00Z,49.52566,2013-10-01T20:00:00Z,49.476134,24.52,9.8875,-607.98,24.52,607.98,5.0,True,4082;4146
DOW,Short,536,2013-09-26T20:00:00Z,45.647692,2013-10-01T20:00:00Z,44.055464,853.43,9.615,0.0,945.53,92.1,5.0,True,4090;4147
GS,Short,191,2013-09-27T20:00:00Z,125.337633,2013-10-01T20:00:00Z,124.027402,250.25,9.4992,0.0,372.4,122.15,4.0,True,4104;4148
PSX,Long,661,2013-09-24T20:00:00Z,36.737027,2013-10-01T20:00:00Z,37.000168,173.94,9.8151,0.0,538.78,364.84,7.0,True,4046;4149
LVS,Long,544,2013-09-19T20:00:00Z,45.022692,2013-10-01T20:00:00Z,46.241768,663.18,5.0469,-82.9,742.31,384.34,12.0,True,3974;4150
NEE,Short,1663,2013-09-20T20:00:00Z,14.484782,2013-10-01T20:00:00Z,14.205173,464.99,9.464,0.0,523.85,58.86,11.0,True,4002;4151
NKE,Short,824,2013-09-27T20:00:00Z,31.274983,2013-10-01T20:00:00Z,30.510345,630.06,10.0576,0.0,836.64,206.58,4.0,True,4106;4152
PG,Long,453,2013-08-28T20:00:00Z,53.815603,2013-10-01T20:00:00Z,52.258239,-705.49,9.5934,-705.49,812.09,1517.58,34.0,False,3674;4153
SLB,Short,395,2013-09-24T20:00:00Z,61.949247,2013-10-01T20:00:00Z,62.296163,-137.03,9.8982,-436.26,0.0,436.26,7.0,False,4041;4154
UNH,Long,416,2013-09-27T20:00:00Z,57.754429,2013-10-01T20:00:00Z,57.851089,40.21,9.6887,-30.16,294.88,254.67,4.0,True,4103;4155
UPS,Short,423,2013-09-27T20:00:00Z,56.975156,2013-10-01T20:00:00Z,56.931568,18.44,9.6428,-79.02,34.24,113.26,4.0,True,4101;4156
SPY,Short,96,2013-09-24T20:00:00Z,136.526404,2013-10-01T20:00:00Z,135.104254,136.53,26.9767,-213.39,140.38,100.27,7.0,True,4048;4170
SPY,Short,234,2013-09-25T20:00:00Z,136.277327,2013-10-01T20:00:00Z,135.104254,274.5,6.359,-578.42,283.9,244.42,6.0,True,4070;4170
SPY,Short,435,2013-10-01T20:00:00Z,135.104254,2013-10-01T20:00:00Z,135.104254,0.0,11.8414,-1585.56,17.48,0.0,0.0,False,4142;4170
ADP,Long,451,2013-10-01T20:00:00Z,53.960007,2013-10-02T20:00:00Z,53.543672,-187.77,9.6687,-187.77,0.0,187.77,1.0,False,4167;4171
AIG,Long,671,2013-10-01T20:00:00Z,36.170479,2013-10-02T20:00:00Z,36.393938,149.94,9.8281,0.0,329.87,179.93,1.0,True,4134;4172
BIIB,Short,100,2013-10-01T20:00:00Z,242.85,2013-10-02T20:00:00Z,243.9,-105.0,9.823,-338.0,0.0,338.0,1.0,False,4161;4173
COF,Short,446,2013-10-01T20:00:00Z,54.751193,2013-10-02T20:00:00Z,55.028554,-123.7,4.9163,-162.58,0.0,162.58,1.0,False,4140;4174
COP,Short,542,2013-10-01T20:00:00Z,44.721167,2013-10-02T20:00:00Z,45.107973,-209.65,9.8116,-345.92,0.0,345.92,1.0,False,4131;4175
CVS,Short,610,2013-10-01T20:00:00Z,39.92918,2013-10-02T20:00:00Z,40.111697,-111.34,9.8181,-111.34,0.0,111.34,1.0,False,4160;4176
DHR,Long,629,2013-10-01T20:00:00Z,38.667744,2013-10-02T20:00:00Z,38.50628,-101.56,9.7078,-112.07,0.0,112.07,1.0,False,4162;4177
EPD,Short,1857,2013-09-27T20:00:00Z,13.007396,2013-10-02T20:00:00Z,13.0796,-134.08,9.654,-197.18,82.82,280.0,5.0,False,4107;4178
KFT,Short,1010,2013-09-25T20:00:00Z,23.997231,2013-10-02T20:00:00Z,23.189017,816.3,9.5452,-136.7,869.66,136.7,7.0,True,4061;4179
LMT,Long,266,2013-09-27T20:00:00Z,90.740797,2013-10-02T20:00:00Z,89.004265,-461.92,9.4738,-840.02,0.0,840.02,5.0,False,4111;4180
MMM,Long,433,2013-10-01T20:00:00Z,56.157517,2013-10-02T20:00:00Z,55.913538,-105.64,9.7054,-105.64,0.0,105.64,1.0,False,4132;4181
QCOM,Short,514,2013-10-01T20:00:00Z,47.297606,2013-10-02T20:00:00Z,47.073048,115.42,9.7554,-101.0,115.42,101.0,1.0,True,4130;4182
TJX,Long,1026,2013-10-01T20:00:00Z,23.718508,2013-10-02T20:00:00Z,23.705914,-12.92,9.7763,-12.92,90.45,103.37,1.0,False,4139;4183
WFC,Long,853,2013-08-28T20:00:00Z,28.665587,2013-10-02T20:00:00Z,28.714433,41.67,9.8224,0.0,1327.35,1285.68,35.0,True,3696;4184
TMO,Short,275,2013-10-01T20:00:00Z,88.382815,2013-10-02T20:00:00Z,88.229456,42.17,9.7711,-76.44,42.17,76.44,1.0,True,4141;4185
ABBV,Short,906,2013-10-01T20:00:00Z,26.914294,2013-10-02T20:00:00Z,27.165942,-227.99,14.8308,-559.12,0.0,559.12,1.0,False,4135;4189
MET,Short,1747,2013-10-01T20:00:00Z,13.906609,2013-10-02T20:00:00Z,13.918457,-20.7,14.5964,-56.92,0.0,56.92,1.0,False,4163;4191
PCLN,Long,615,2013-10-01T20:00:00Z,39.593307,2013-10-02T20:00:00Z,40.466212,536.84,10.118,0.0,1299.56,762.72,1.0,True,4137;4192
MS,Long,1242,2013-09-24T20:00:00Z,19.615954,2013-10-02T20:00:00Z,19.378141,-295.36,14.587,-295.36,0.0,295.36,8.0,False,4022;4193
APA,Short,370,2013-09-19T20:00:00Z,65.775165,2013-10-02T20:00:00Z,63.417606,872.3,14.3655,0.0,1036.37,347.28,13.0,True,3980;4197
APA,Long,379,2013-10-02T20:00:00Z,63.417606,2013-10-04T20:00:00Z,63.291968,-47.62,4.8765,-47.62,347.32,394.94,2.0,False,4197;4202
LLY,Short,612,2013-10-02T20:00:00Z,39.472563,2013-10-04T20:00:00Z,38.204809,775.87,9.4751,0.0,986.59,210.73,2.0,True,4190;4205
MDT,Long,641,2013-09-26T20:00:00Z,37.850074,2013-10-04T20:00:00Z,38.18613,215.41,9.7995,0.0,474.24,258.82,8.0,True,4088;4206
MET,Long,1728,2013-10-02T20:00:00Z,13.918457,2013-10-04T20:00:00Z,13.912533,-10.24,9.8231,-35.83,358.28,368.52,2.0,False,4191;4216
BAX,Long,783,2013-09-25T20:00:00Z,30.341705,2013-10-04T20:00:00Z,28.213687,-1666.24,13.893,-1942.81,0.0,1942.81,9.0,False,4066;4221
AMGN,Short,303,2013-10-02T20:00:00Z,79.393287,2013-10-04T20:00:00Z,77.204185,663.3,9.5468,0.0,663.3,395.02,2.0,True,4187;4222
BK,Long,1096,2013-10-01T20:00:00Z,22.244743,2013-10-04T20:00:00Z,22.002393,-265.62,9.86,-297.81,169.03,434.64,3.0,False,4168;4223
EBAY,Long,1173,2013-10-01T20:00:00Z,20.77352,2013-10-04T20:00:00Z,20.354116,-491.96,9.7147,-491.96,0.0,491.96,3.0,False,4158;4224
EMR,Short,526,2013-09-26T20:00:00Z,46.157943,2013-10-04T20:00:00Z,45.340548,429.95,9.675,-48.6,444.9,138.33,8.0,True,4091;4225
FCX,Short,871,2013-10-01T20:00:00Z,27.37542,2013-10-04T20:00:00Z,28.024806,-565.62,9.7991,-969.63,0.0,969.63,3.0,False,4169;4226
ABBV,Long,884,2013-10-02T20:00:00Z,27.165942,2013-10-04T20:00:00Z,27.633287,413.13,4.9576,0.0,773.3,360.17,2.0,True,4189;4227
KMI,Long,1306,2013-09-19T20:00:00Z,18.728696,2013-10-04T20:00:00Z,18.219176,-665.43,9.7032,-685.6,0.0,685.6,15.0,False,3978;4228
MO,Long,1599,2013-10-01T20:00:00Z,15.153251,2013-10-04T20:00:00Z,15.361194,332.5,9.8137,0.0,353.72,70.74,3.0,True,4159;4229
PCLN,Short,598,2013-10-02T20:00:00Z,40.466212,2013-10-04T20:00:00Z,41.045283,-346.28,4.9637,-619.9,0.0,619.9,2.0,False,4192;4230
PEP,Short,453,2013-10-01T20:00:00Z,53.478401,2013-10-04T20:00:00Z,53.599667,-54.93,9.7312,-73.24,0.0,73.24,3.0,False,4128;4231
PRU,Long,530,2013-09-10T20:00:00Z,46.505578,2013-10-04T20:00:00Z,45.149628,-718.65,9.8505,-718.65,638.11,1356.77,24.0,False,3854;4232
SBUX,Short,816,2013-10-01T20:00:00Z,29.774798,2013-10-04T20:00:00Z,29.705176,56.81,9.7583,-132.56,56.81,167.28,3.0,True,4136;4233
TGT,Short,561,2013-10-02T20:00:00Z,43.126575,2013-10-04T20:00:00Z,42.937067,106.31,9.6487,0.0,117.7,11.39,2.0,True,4196;4234
AIG,Long,668,2013-10-04T20:00:00Z,36.341797,2013-10-07T20:00:00Z,36.528013,124.39,9.7782,-29.85,124.39,29.85,3.0,True,4211;4240
CAT,Long,399,2013-10-04T20:00:00Z,60.905817,2013-10-07T20:00:00Z,60.593926,-124.44,9.7084,-127.34,0.0,127.34,3.0,False,4215;4241
FB,Short,499,2013-10-04T20:00:00Z,49.278032,2013-10-07T20:00:00Z,50.25864,-489.32,10.0385,-489.32,0.0,489.32,3.0,False,4235;4242
COP,Short,537,2013-10-04T20:00:00Z,45.236908,2013-10-07T20:00:00Z,45.41097,-93.47,9.8214,-245.8,0.0,245.8,3.0,False,4210;4243
EPD,Short,1883,2013-10-04T20:00:00Z,12.905461,2013-10-07T20:00:00Z,12.83538,131.96,9.6932,0.0,131.96,0.0,3.0,True,4212;4244
HPQ,Long,3808,2013-10-02T20:00:00Z,6.366067,2013-10-07T20:00:00Z,6.273329,-353.15,9.6444,-410.11,0.0,410.11,5.0,False,4195;4245
LVS,Long,531,2013-10-04T20:00:00Z,45.680716,2013-10-07T20:00:00Z,45.535258,-77.24,9.7136,-95.63,0.0,95.63,3.0,False,4214;4246
PX,Long,253,2013-09-25T20:00:00Z,96.393129,2013-10-07T20:00:00Z,96.001936,-98.97,9.6669,-193.9,139.37,333.27,12.0,False,4067;4247
CL,Long,555,2013-10-04T20:00:00Z,43.794617,2013-10-07T20:00:00Z,43.639317,-86.19,14.5735,-86.19,0.0,86.19,3.0,False,4213;4251
LMT,Short,282,2013-10-04T20:00:00Z,86.231416,2013-10-07T20:00:00Z,85.545205,193.51,14.5971,-80.96,193.51,80.96,3.0,True,4218;4256
BAX,Short,864,2013-10-04T20:00:00Z,28.213687,2013-10-07T20:00:00Z,28.370672,-135.64,9.7209,-135.64,0.0,135.64,3.0,False,4221;4258
AMZN,Short,1516,2013-10-02T20:00:00Z,15.864694,2013-10-08T20:00:00Z,15.538461,494.57,9.4364,-75.62,1119.96,625.4,6.0,True,4186;4259
COF,Long,435,2013-10-07T20:00:00Z,55.218745,2013-10-08T20:00:00Z,54.584776,-275.78,9.4254,-637.73,0.0,637.73,1.0,False,4255;4260
PSX,Long,635,2013-10-04T20:00:00Z,37.866607,2013-10-08T20:00:00Z,37.16062,-448.3,9.46,-859.92,0.0,859.92,4.0,False,4219;4261
HON,Long,414,2013-10-04T20:00:00Z,58.774382,2013-10-08T20:00:00Z,59.638711,357.83,9.7843,0.0,390.63,325.03,4.0,True,4236;4262
LLY,Long,640,2013-10-07T20:00:00Z,37.696142,2013-10-08T20:00:00Z,37.367464,-210.35,9.5861,-210.35,0.0,210.35,1.0,False,4252;4263
LMT,Long,282,2013-10-07T20:00:00Z,85.545205,2013-10-08T20:00:00Z,86.567519,288.29,4.8362,0.0,288.29,0.0,1.0,True,4256;4264
SPY,Long,215,2013-10-01T20:00:00Z,135.104254,2013-10-08T20:00:00Z,134.541822,-120.92,5.7172,-461.23,165.84,627.07,7.0,False,4170;4271
BAX,Long,855,2013-10-07T20:00:00Z,28.370672,2013-10-09T20:00:00Z,28.213687,-134.22,4.8469,-242.35,0.0,242.35,2.0,False,4258;4272
CL,Short,553,2013-10-07T20:00:00Z,43.639317,2013-10-09T20:00:00Z,43.772431,-73.61,4.8936,-335.34,20.45,355.79,2.0,False,4251;4273
CVS,Long,610,2013-10-08T20:00:00Z,40.125737,2013-10-09T20:00:00Z,40.111697,-8.56,9.8566,-8.56,376.83,385.39,1.0,False,4265;4274
DHR,Long,643,2013-10-08T20:00:00Z,37.793614,2013-10-09T20:00:00Z,37.498525,-189.74,9.6267,-264.92,0.0,264.92,1.0,False,4267;4275
KFT,Long,1054,2013-10-04T20:00:00Z,23.128629,2013-10-09T20:00:00Z,23.279599,159.12,9.7813,-23.87,159.12,119.34,5.0,True,4237;4276
LVS,Long,533,2013-10-08T20:00:00Z,45.507552,2013-10-09T20:00:00Z,44.891087,-328.58,9.5427,-328.58,0.0,328.58,1.0,False,4266;4277
MO,Long,1582,2013-10-07T20:00:00Z,15.237313,2013-10-09T20:00:00Z,15.365618,202.98,9.687,0.0,202.98,160.98,2.0,True,4250;4278
NEE,Short,1712,2013-10-02T20:00:00Z,14.116689,2013-10-09T20:00:00Z,14.152083,-60.59,9.7198,-69.68,127.25,196.93,7.0,False,4198;4279
PEP,Short,452,2013-10-07T20:00:00Z,53.39082,2013-10-09T20:00:00Z,53.289765,45.68,9.6561,-82.22,91.35,173.57,2.0,True,4248;4280
SLB,Short,383,2013-10-04T20:00:00Z,63.322751,2013-10-09T20:00:00Z,62.289083,395.89,9.6018,0.0,650.79,254.89,5.0,True,4209;4281
SO,Long,1005,2013-09-19T20:00:00Z,24.255653,2013-10-09T20:00:00Z,23.380038,-879.99,9.5508,-1239.99,0.0,1239.99,20.0,False,3979;4282
TJX,Long,1045,2013-10-08T20:00:00Z,23.273524,2013-10-09T20:00:00Z,23.025844,-258.83,9.6143,-258.83,0.0,258.83,1.0,False,4269;4283
ABBV,Short,865,2013-10-07T20:00:00Z,27.627295,2013-10-09T20:00:00Z,26.806445,710.04,14.3194,0.0,824.06,150.3,2.0,True,4249;4286
MDT,Long,630,2013-10-07T20:00:00Z,38.18613,2013-10-09T20:00:00Z,37.876084,-195.33,14.5302,-227.13,45.43,240.75,2.0,False,4253;4289
MET,Short,1749,2013-10-04T20:00:00Z,13.912533,2013-10-09T20:00:00Z,13.788129,217.58,9.6659,0.0,305.65,88.07,5.0,True,4216;4290
BIIB,Long,107,2013-10-09T20:00:00Z,226.96,2013-10-10T20:00:00Z,227.85,95.23,9.8053,0.0,771.47,676.24,1.0,True,4288;4299
BK,Short,1121,2013-10-09T20:00:00Z,21.774732,2013-10-10T20:00:00Z,22.200679,-477.49,9.9762,-954.97,0.0,954.97,1.0,False,4297;4300
FB,Short,521,2013-10-09T20:00:00Z,46.940421,2013-10-10T20:00:00Z,47.475298,-278.67,9.8887,-856.66,0.0,856.66,1.0,False,4284;4301
GM,Short,912,2013-10-02T20:00:00Z,26.513672,2013-10-10T20:00:00Z,25.743227,702.65,9.5654,0.0,1101.26,466.18,8.0,True,4194;4302
HAL,Long,641,2013-10-01T20:00:00Z,37.796333,2013-10-10T20:00:00Z,38.559975,489.49,9.9514,0.0,1004.22,514.73,9.0,True,4166;4303
HPQ,Long,3880,2013-10-08T20:00:00Z,6.246404,2013-10-10T20:00:00Z,6.880618,2460.75,9.9985,0.0,2460.75,325.0,2.0,True,4268;4304
KMB,Long,432,2013-09-06T20:00:00Z,56.64537,2013-10-10T20:00:00Z,58.102525,629.49,9.9973,0.0,1372.71,1195.5,34.0,True,3823;4305
LMT,Long,283,2013-10-09T20:00:00Z,85.860302,2013-10-10T20:00:00Z,85.923321,17.83,9.8569,0.0,804.53,786.7,1.0,True,4294;4306
MDT,Short,643,2013-10-09T20:00:00Z,37.876084,2013-10-10T20:00:00Z,38.503386,-403.36,5.0322,-806.71,0.0,806.71,1.0,False,4289;4307
OXY,Short,392,2013-10-02T20:00:00Z,61.728741,2013-10-10T20:00:00Z,62.20736,-187.62,9.7613,-323.83,151.64,395.8,8.0,False,4188;4308
PRU,Long,529,2013-10-07T20:00:00Z,45.330811,2013-10-10T20:00:00Z,45.167162,-86.57,9.6761,-485.41,466.86,553.43,3.0,False,4257;4309
PX,Long,259,2013-10-09T20:00:00Z,94.285477,2013-10-10T20:00:00Z,95.794364,390.8,9.9388,0.0,663.74,272.94,1.0,True,4296;4310
V,Short,546,2013-09-24T20:00:00Z,44.624731,2013-10-10T20:00:00Z,42.296168,1271.4,9.495,0.0,1702.23,807.04,16.0,True,4017;4311
ABBV,Long,912,2013-10-09T20:00:00Z,26.806445,2013-10-10T20:00:00Z,27.132527,297.39,10.0523,0.0,738.47,441.08,1.0,True,4286;4313
UNH,Short,422,2013-10-09T20:00:00Z,57.794704,2013-10-10T20:00:00Z,57.996079,-84.98,14.9355,-758.02,0.0,758.02,1.0,False,4285;4314
MS,Short,1241,2013-10-02T20:00:00Z,19.378141,2013-10-10T20:00:00Z,19.486238,-134.15,9.9752,-670.74,304.07,974.81,8.0,False,4193;4317
MET,Long,1769,2013-10-09T20:00:00Z,13.788129,2013-10-10T20:00:00Z,13.971773,324.87,10.0977,0.0,817.41,492.54,1.0,True,4290;4318
ACN,Short,428,2013-10-04T20:00:00Z,56.833837,2013-10-14T20:00:00Z,56.68408,64.1,9.7448,-114.04,743.05,857.09,10.0,True,4217;4323
APA,Long,378,2013-10-08T20:00:00Z,64.326633,2013-10-14T20:00:00Z,64.474443,55.87,9.7631,-307.3,449.77,393.9,6.0,True,4270;4324
BAX,Long,860,2013-10-10T20:00:00Z,28.558182,2013-10-14T20:00:00Z,28.684642,108.76,9.9335,0.0,371.27,262.51,4.0,True,4320;4325
DHR,Short,652,2013-10-10T20:00:00Z,37.765775,2013-10-14T20:00:00Z,38.400494,-413.84,10.0577,-624.39,0.0,624.39,4.0,False,4316;4326
DOW,Short,529,2013-10-07T20:00:00Z,45.097858,2013-10-14T20:00:00Z,46.552627,-769.57,9.716,-1030.14,515.07,1545.21,7.0,False,4254;4327
FDX,Long,406,2013-09-18T20:00:00Z,61.452333,2013-10-14T20:00:00Z,62.494542,423.14,10.2091,-249.03,797.79,1046.82,26.0,True,3938;4328
ABBV,Short,908,2013-10-10T20:00:00Z,27.132527,2013-10-14T20:00:00Z,27.332031,-181.15,5.0865,-795.96,0.0,795.96,4.0,False,4313;4329
KMI,Long,1367,2013-10-09T20:00:00Z,17.807444,2013-10-14T20:00:00Z,18.24491,598.02,9.8567,0.0,626.16,161.82,5.0,True,4295;4330
PSX,Short,667,2013-10-10T20:00:00Z,37.013004,2013-10-14T20:00:00Z,38.232437,-813.36,10.1927,-1202.92,0.0,1202.92,4.0,False,4321;4331
LLY,Long,647,2013-10-09T20:00:00Z,37.602234,2013-10-14T20:00:00Z,37.938737,217.72,9.8216,0.0,556.95,339.23,5.0,True,4287;4332
LVS,Long,542,2013-10-10T20:00:00Z,45.659936,2013-10-14T20:00:00Z,47.02447,739.58,10.1491,0.0,1115.0,375.42,4.0,True,4315;4333
TXN,Long,882,2013-10-10T20:00:00Z,27.815787,2013-10-14T20:00:00Z,28.279735,409.2,10.0031,0.0,607.6,198.4,4.0,True,4319;4334
UNH,Long,424,2013-10-10T20:00:00Z,57.996079,2013-10-14T20:00:00Z,59.397651,594.27,5.1039,0.0,928.97,334.7,4.0,True,4314;4335
MS,Long,1263,2013-10-10T20:00:00Z,19.486238,2013-10-14T20:00:00Z,19.947451,582.51,10.0402,0.0,1037.6,455.09,4.0,True,4317;4344
SPY,Long,11,2013-10-01T20:00:00Z,135.104254,2013-10-14T20:00:00Z,135.980041,9.63,7.6959,-23.6,25.54,32.08,13.0,True,4170;4351
SPY,Long,250,2013-10-02T20:00:00Z,135.256914,2013-10-14T20:00:00Z,135.980041,180.78,6.7938,-574.48,542.35,684.96,12.0,True,4200;4351
SPY,Long,19,2013-10-04T20:00:00Z,134.774829,2013-10-14T20:00:00Z,135.980041,22.9,11.073,-34.5,50.38,34.5,10.0,True,4239;4351
BA,Short,278,2013-08-28T20:00:00Z,87.796424,2013-10-15T20:00:00Z,101.693976,-3863.52,10.485,-3872.99,0.0,3872.99,48.0,False,3677;4352
EPD,Long,1897,2013-10-14T20:00:00Z,12.765299,2013-10-15T20:00:00Z,13.068982,576.09,9.8281,0.0,576.09,0.0,1.0,True,4342;4354
KMB,Long,410,2013-10-14T20:00:00Z,59.051513,2013-10-15T20:00:00Z,59.333148,115.47,9.7151,0.0,115.47,0.0,1.0,True,4348;4356
MET,Short,1774,2013-10-10T20:00:00Z,13.971773,2013-10-15T20:00:00Z,14.368681,-704.12,5.0812,-824.97,0.0,824.97,5.0,False,4318;4357
BIIB,Long,103,2013-10-14T20:00:00Z,232.65,2013-10-15T20:00:00Z,237.69,519.12,9.7914,0.0,519.12,0.0,1.0,True,4341;4367
BK,Long,1077,2013-10-14T20:00:00Z,22.479748,2013-10-15T20:00:00Z,22.839601,387.56,9.8124,0.0,387.56,0.0,1.0,True,4349;4368
CAT,Long,392,2013-10-14T20:00:00Z,61.602133,2013-10-15T20:00:00Z,62.545059,369.63,9.7803,0.0,369.63,0.0,1.0,True,4345;4369
FCX,Short,855,2013-10-14T20:00:00Z,28.43838,2013-10-15T20:00:00Z,28.847075,-349.43,9.8875,-465.91,0.0,465.91,1.0,False,4350;4370
HPQ,Long,3570,2013-10-14T20:00:00Z,6.763947,2013-10-15T20:00:00Z,6.847711,299.04,9.7593,0.0,299.04,0.0,1.0,True,4347;4371
MS,Short,1209,2013-10-14T20:00:00Z,19.947451,2013-10-15T20:00:00Z,20.271741,-392.07,4.8773,-392.07,0.0,392.07,1.0,False,4344;4372
MSFT,Short,872,2013-10-14T20:00:00Z,27.75504,2013-10-15T20:00:00Z,28.368727,-535.14,9.8379,-535.14,0.0,535.14,1.0,False,4337;4373
ACN,Short,426,2013-10-15T20:00:00Z,56.589842,2013-10-16T20:00:00Z,56.550576,16.73,9.6369,-123.78,16.73,123.78,1.0,True,4363;4379
CL,Long,535,2013-10-14T20:00:00Z,45.214503,2013-10-16T20:00:00Z,45.295851,43.52,9.797,0.0,451.04,407.51,2.0,True,4340;4380
EOG,Short,400,2013-10-09T20:00:00Z,61.093785,2013-10-16T20:00:00Z,64.709503,-1446.29,10.0399,-1446.29,0.0,1446.29,7.0,False,4293;4381
GOOG,Long,1127,2013-10-14T20:00:00Z,21.465243,2013-10-16T20:00:00Z,21.940224,535.3,9.9009,0.0,866.03,330.73,2.0,True,4336;4382
MRK,Long,815,2013-10-15T20:00:00Z,29.713084,2013-10-16T20:00:00Z,29.796117,67.67,9.7593,0.0,338.36,270.69,1.0,True,4358;4383
PRU,Long,519,2013-10-15T20:00:00Z,46.704294,2013-10-16T20:00:00Z,47.008214,157.73,9.7838,0.0,491.4,333.67,1.0,True,4366;4384
TGT,Long,565,2013-10-15T20:00:00Z,42.984444,2013-10-16T20:00:00Z,42.761096,-126.19,9.7,-126.19,149.14,275.33,1.0,False,4365;4385
ABT,Short,944,2013-10-01T20:00:00Z,25.720181,2013-10-17T20:00:00Z,27.962812,-2117.04,5.4646,-3043.25,117.12,3160.37,16.0,False,4138;4393
ADP,Short,459,2013-10-04T20:00:00Z,52.978646,2013-10-17T20:00:00Z,54.577076,-733.68,9.9371,-962.31,344.66,1306.97,13.0,False,4238;4394
COP,Short,519,2013-10-15T20:00:00Z,46.815183,2013-10-17T20:00:00Z,47.303519,-253.45,9.8202,-510.27,0.0,510.27,2.0,False,4359;4395
COST,Short,266,2013-10-01T20:00:00Z,91.093461,2013-10-17T20:00:00Z,92.771145,-446.26,9.8195,-658.87,610.46,1269.33,16.0,False,4164;4396
DOW,Short,525,2013-10-16T20:00:00Z,46.621357,2013-10-17T20:00:00Z,47.079552,-240.55,9.9252,-414.95,0.0,414.95,1.0,False,4390;4397
HON,Short,391,2013-10-14T20:00:00Z,61.849954,2013-10-17T20:00:00Z,61.468208,149.26,9.7285,-245.02,205.59,450.6,3.0,True,4339;4398
ITW,Short,424,2013-09-26T20:00:00Z,57.190725,2013-10-17T20:00:00Z,56.357236,353.4,9.7273,-126.21,880.34,1006.56,21.0,True,4092;4399
KMB,Long,411,2013-10-16T20:00:00Z,59.418863,2013-10-17T20:00:00Z,59.749477,135.88,9.9164,0.0,500.75,364.87,1.0,True,4392;4400
LMT,Long,272,2013-10-15T20:00:00Z,89.368377,2013-10-17T20:00:00Z,89.326364,-11.43,9.7214,-11.43,319.97,331.4,2.0,False,4364;4401
LVS,Long,510,2013-10-15T20:00:00Z,47.966483,2013-10-17T20:00:00Z,48.035749,35.33,9.8968,0.0,607.6,572.27,2.0,True,4360;4402
MDT,Long,614,2013-10-14T20:00:00Z,39.483997,2013-10-17T20:00:00Z,39.952671,287.77,9.8735,-79.69,690.64,402.87,3.0,True,4343;4403
TJX,Long,1032,2013-10-15T20:00:00Z,23.563183,2013-10-17T20:00:00Z,24.125711,580.53,9.8075,0.0,688.84,108.31,2.0,True,4377;4404
XOM,Long,470,2013-09-24T20:00:00Z,51.713957,2013-10-17T20:00:00Z,51.513104,-94.4,9.7089,-660.81,16.66,660.81,23.0,False,4014;4405
C,Short,671,2013-09-24T20:00:00Z,36.216567,2013-10-17T20:00:00Z,37.000856,-526.26,9.9071,-841.03,855.78,1696.81,23.0,False,4016;4406
ORCL,Long,891,2013-10-01T20:00:00Z,27.289716,2013-10-17T20:00:00Z,26.926616,-323.52,14.5712,-654.29,351.54,1005.83,16.0,False,4157;4407
KFT,Short,1051,2013-10-15T20:00:00Z,23.158823,2013-10-17T20:00:00Z,23.649476,-515.68,14.9545,-1277.29,0.0,1277.29,2.0,False,4376;4416
MET,Long,1689,2013-10-15T20:00:00Z,14.368681,2013-10-17T20:00:00Z,14.522706,260.15,14.6244,0.0,395.22,135.08,2.0,True,4375;4417
SPY,Long,389,2013-10-04T20:00:00Z,134.774829,2013-10-17T20:00:00Z,137.699477,1137.69,16.3999,-706.37,1728.41,706.37,13.0,True,4239;4421
SPY,Long,200,2013-10-09T20:00:00Z,133.232158,2013-10-17T20:00:00Z,137.699477,893.46,21.2584,-54.64,1197.18,308.53,8.0,True,4298;4421
BK,Short,1074,2013-10-17T20:00:00Z,22.494436,2013-10-18T20:00:00Z,23.059918,-607.33,9.9081,-670.43,0.0,670.43,1.0,False,4420;4422
DHR,Short,628,2013-10-15T20:00:00Z,38.639905,2013-10-18T20:00:00Z,40.221135,-993.01,9.8616,-1017.49,87.41,1104.9,3.0,False,4362;4423
MS,Long,1176,2013-10-17T20:00:00Z,20.451902,2013-10-18T20:00:00Z,21.583315,1330.54,9.9358,0.0,1330.54,0.0,1.0,True,4415;4424
NOV,Short,421,2013-10-02T20:00:00Z,57.410373,2013-10-18T20:00:00Z,59.756487,-987.71,9.9418,-1110.79,240.01,1350.8,16.0,False,4199;4425
PM,Long,515,2013-10-15T20:00:00Z,47.135909,2013-10-18T20:00:00Z,47.304738,86.95,9.673,-129.02,106.58,129.02,3.0,True,4374;4426
PNC,Long,493,2013-09-24T20:00:00Z,49.344138,2013-10-18T20:00:00Z,50.859618,747.13,9.9064,-644.92,905.17,728.46,24.0,True,4026;4427
CL,Long,527,2013-10-17T20:00:00Z,45.73217,2013-10-18T20:00:00Z,46.365333,333.68,14.6841,0.0,611.87,278.2,1.0,True,4414;4436
CL,Short,516,2013-10-18T20:00:00Z,46.365333,2013-10-21T20:00:00Z,46.662738,-153.46,4.7772,-153.46,38.37,191.83,3.0,False,4436;4442
GM,Short,930,2013-10-14T20:00:00Z,25.832125,2013-10-21T20:00:00Z,26.854446,-950.76,9.7597,-950.76,117.12,1067.88,7.0,False,4346;4443
HON,Long,387,2013-10-18T20:00:00Z,61.73471,2013-10-21T20:00:00Z,60.9208,-314.98,9.4344,-314.98,0.0,314.98,3.0,False,4435;4444
KFT,Long,1022,2013-10-17T20:00:00Z,23.649476,2013-10-21T20:00:00Z,24.426972,794.6,5.0129,0.0,894.89,100.29,4.0,True,4416;4445
MDT,Short,596,2013-10-18T20:00:00Z,40.623236,2013-10-21T20:00:00Z,40.688129,-38.68,9.719,-64.46,0.0,64.46,3.0,False,4439;4446
NEE,Short,1697,2013-10-15T20:00:00Z,14.313123,2013-10-21T20:00:00Z,14.769699,-774.81,9.8503,-873.91,0.0,873.91,6.0,False,4378;4447
VZ,Long,959,2013-10-18T20:00:00Z,25.410244,2013-10-21T20:00:00Z,25.791887,366.0,9.9492,0.0,647.91,281.92,3.0,True,4429;4448
AMZN,Long,1571,2013-10-14T20:00:00Z,15.395298,2013-10-21T20:00:00Z,16.455804,1666.06,14.7897,-174.76,1666.06,200.62,7.0,True,4338;4449
ORCL,Short,891,2013-10-17T20:00:00Z,26.926616,2013-10-21T20:00:00Z,27.43809,-455.72,9.6932,-455.72,0.0,455.72,4.0,False,4407;4450
ABT,Short,836,2013-10-18T20:00:00Z,28.889455,2013-10-21T20:00:00Z,28.889455,0.0,14.436,0.0,156.24,156.24,3.0,False,4437;4455
EPD,Long,1831,2013-10-18T20:00:00Z,13.272853,2013-10-21T20:00:00Z,13.240998,-58.33,14.7012,-58.33,346.07,404.4,3.0,False,4438;4456
CAT,Short,387,2013-10-17T20:00:00Z,62.325732,2013-10-21T20:00:00Z,64.180969,-717.98,14.6669,-717.98,0.0,717.98,4.0,False,4418;4458
LLY,Long,634,2013-10-15T20:00:00Z,38.196983,2013-10-21T20:00:00Z,38.776081,367.15,14.6191,0.0,441.57,74.42,6.0,True,4361;4459
SPY,Long,386,2013-10-09T20:00:00Z,133.232158,2013-10-21T20:00:00Z,140.182213,2682.72,10.8208,-105.45,2682.72,595.47,12.0,True,4298;4464
ACN,Long,423,2013-10-21T20:00:00Z,57.367305,2013-10-23T20:00:00Z,57.838494,199.31,9.7869,0.0,298.97,99.66,2.0,True,4461;4465
BA,Short,236,2013-10-17T20:00:00Z,102.281556,2013-10-23T20:00:00Z,107.297278,-1183.71,10.1011,-1790.64,0.0,1790.64,6.0,False,4408;4466
BLK,Short,118,2013-10-16T20:00:00Z,206.854755,2013-10-23T20:00:00Z,221.369603,-1712.75,10.1754,-1841.34,0.0,1841.34,7.0,False,4391;4467
EPD,Short,1835,2013-10-21T20:00:00Z,13.240998,2013-10-23T20:00:00Z,13.506455,-487.11,4.9327,-526.08,0.0,526.08,2.0,False,4456;4468
MA,Short,382,2013-10-16T20:00:00Z,63.874718,2013-10-23T20:00:00Z,66.333505,-939.26,9.9551,-1034.1,0.0,1034.1,7.0,False,4386;4469
MS,Short,1131,2013-10-21T20:00:00Z,21.259025,2013-10-23T20:00:00Z,21.057244,228.21,9.5377,0.0,342.32,114.11,2.0,True,4454;4470
UPS,Short,422,2013-10-18T20:00:00Z,57.467073,2013-10-23T20:00:00Z,58.232968,-323.21,9.825,-436.2,0.0,436.2,5.0,False,4431;4471
ORCL,Long,892,2013-10-21T20:00:00Z,27.43809,2013-10-23T20:00:00Z,27.108107,-294.34,9.6143,-412.08,0.0,412.08,2.0,False,4450;4472
AMZN,Short,1475,2013-10-21T20:00:00Z,16.455804,2013-10-23T20:00:00Z,16.503192,-69.9,9.561,-194.98,214.84,284.74,2.0,False,4449;4473
SBUX,Long,820,2013-10-16T20:00:00Z,29.859891,2013-10-23T20:00:00Z,31.132417,1043.47,14.8087,0.0,1173.51,269.59,7.0,True,4389;4478
ABT,Long,833,2013-10-21T20:00:00Z,28.889455,2013-10-23T20:00:00Z,28.796012,-77.84,9.6887,-77.84,84.32,162.16,2.0,False,4455;4481
CAT,Long,379,2013-10-21T20:00:00Z,64.180969,2013-10-24T20:00:00Z,60.857611,-1259.55,4.68,-1259.55,359.87,1619.42,3.0,False,4458;4489
SLB,Short,395,2013-10-10T20:00:00Z,62.289083,2013-10-24T20:00:00Z,65.744081,-1364.72,10.1929,-1812.17,0.0,1812.17,14.0,False,4312;4492
AMZN,Long,1456,2013-10-23T20:00:00Z,16.503192,2013-10-24T20:00:00Z,16.443333,-87.16,9.7275,-87.16,99.5,186.66,1.0,False,4473;4496
ORCL,Short,890,2013-10-23T20:00:00Z,27.108107,2013-10-24T20:00:00Z,27.017361,80.76,9.734,-154.18,80.76,154.18,1.0,True,4472;4497
SBUX,Short,772,2013-10-23T20:00:00Z,31.132417,2013-10-24T20:00:00Z,30.695349,337.42,9.4845,0.0,429.98,92.57,1.0,True,4478;4502
LVS,Long,478,2013-10-23T20:00:00Z,50.065234,2013-10-24T20:00:00Z,49.635786,-205.28,14.4438,-205.28,105.95,311.22,1.0,False,4477;4503
KFT,Long,961,2013-10-23T20:00:00Z,24.985561,2013-10-24T20:00:00Z,24.932722,-50.78,14.4703,-50.78,108.81,159.59,1.0,False,4480;4504
DHR,Short,604,2013-10-21T20:00:00Z,40.215567,2013-10-24T20:00:00Z,40.059671,94.16,14.5137,-3.36,110.98,50.44,3.0,True,4457;4508
SPY,Long,213,2013-10-09T20:00:00Z,133.232158,2013-10-24T20:00:00Z,140.519673,1552.24,27.428,-58.19,1630.97,328.59,15.0,True,4298;4512
SPY,Long,163,2013-10-10T20:00:00Z,134.43737,2013-10-24T20:00:00Z,140.519673,991.42,4.4329,-240.98,1051.66,247.53,14.0,True,4322;4512
SPY,Long,383,2013-10-18T20:00:00Z,139.684059,2013-10-24T20:00:00Z,140.519673,320.04,10.7312,-2575.71,461.6,224.64,6.0,True,4441;4512
SPY,Long,215,2013-10-23T20:00:00Z,140.44736,2013-10-24T20:00:00Z,140.519673,15.55,6.033,-1610.0,95.01,60.46,1.0,True,4484;4512
ADP,Short,439,2013-10-18T20:00:00Z,55.127233,2013-10-24T20:00:00Z,55.982207,-375.33,9.7659,-424.29,0.0,424.29,6.0,False,4440;4513
AMGN,Short,298,2013-10-23T20:00:00Z,80.132283,2013-10-24T20:00:00Z,81.066486,-278.39,9.6353,-278.39,0.0,278.39,1.0,False,4476;4514
BAX,Short,841,2013-10-21T20:00:00Z,28.80238,2013-10-24T20:00:00Z,28.732609,58.68,9.5857,0.0,289.72,231.04,3.0,True,4463;4515
BMY,Short,800,2013-10-01T20:00:00Z,30.504446,2013-10-24T20:00:00Z,32.642108,-1710.13,10.1801,-1889.9,0.0,1889.9,23.0,False,4133;4516
C,Long,651,2013-10-17T20:00:00Z,37.000856,2013-10-24T20:00:00Z,36.83227,-109.75,4.786,-157.47,314.93,472.4,7.0,False,4406;4517
DIS,Short,427,2013-10-01T20:00:00Z,56.957367,2013-10-24T20:00:00Z,60.015895,-1305.99,10.0776,-1667.3,387.66,2054.96,23.0,False,4129;4518
EBAY,Long,1214,2013-10-16T20:00:00Z,20.205654,2013-10-24T20:00:00Z,19.326018,-1067.88,9.5352,-1360.76,0.0,1360.76,8.0,False,4387;4519
ABBV,Short,831,2013-10-18T20:00:00Z,29.151748,2013-10-24T20:00:00Z,29.38148,-190.91,9.672,-391.86,145.69,391.86,6.0,False,4432;4520
GM,Short,920,2013-10-23T20:00:00Z,26.16549,2013-10-24T20:00:00Z,26.24698,-74.97,9.6344,-211.28,0.0,211.28,1.0,False,4482;4521
INTC,Short,1362,2013-10-23T20:00:00Z,17.63239,2013-10-24T20:00:00Z,17.580812,70.25,9.5379,0.0,150.53,80.29,1.0,True,4474;4522
LOW,Short,645,2013-10-01T20:00:00Z,37.668352,2013-10-24T20:00:00Z,39.112802,-931.67,10.0796,-1525.5,566.09,2091.6,23.0,False,4165;4523
MCD,Long,356,2013-10-21T20:00:00Z,66.619601,2013-10-24T20:00:00Z,67.296484,240.97,9.6018,0.0,410.92,230.82,3.0,True,4452;4524
PCLN,Short,624,2013-10-09T20:00:00Z,39.006812,2013-10-24T20:00:00Z,41.965076,-1845.96,10.0913,-2165.12,0.0,2165.12,15.0,False,4291;4525
TGT,Long,548,2013-10-23T20:00:00Z,43.992897,2013-10-24T20:00:00Z,43.593577,-218.83,9.5246,-322.68,0.0,322.68,1.0,False,4483;4526
TJX,Long,998,2013-10-21T20:00:00Z,24.25165,2013-10-24T20:00:00Z,24.696634,444.09,9.7508,0.0,444.09,0.0,3.0,True,4462;4527
EPD,Long,1795,2013-10-24T20:00:00Z,13.42788,2013-10-24T20:00:00Z,13.42788,0.0,14.6402,0.0,0.0,0.0,0.0,False,4506;4530
ABT,Short,838,2013-10-23T20:00:00Z,28.796012,2013-10-28T20:00:00Z,29.006258,-176.19,4.8654,-195.76,0.0,195.76,5.0,False,4481;4535
AIG,Short,635,2013-10-17T20:00:00Z,38.136914,2013-10-28T20:00:00Z,38.621074,-307.44,9.77,-515.56,0.0,515.56,11.0,False,4409;4536
AMZN,Short,1479,2013-10-24T20:00:00Z,16.443333,2013-10-28T20:00:00Z,17.953781,-2233.95,5.2848,-2489.96,0.0,2489.96,4.0,False,4496;4537
COF,Long,431,2013-10-24T20:00:00Z,56.074604,2013-10-28T20:00:00Z,55.765544,-133.2,9.6597,-133.2,0.0,133.2,4.0,False,4510;4538
CSCO,Short,1592,2013-10-24T20:00:00Z,15.224792,2013-10-28T20:00:00Z,15.245219,-32.52,9.7407,-195.12,0.0,195.12,4.0,False,4499;4539
EOG,Short,375,2013-10-17T20:00:00Z,64.588842,2013-10-28T20:00:00Z,65.23828,-243.54,9.6833,-419.21,473.77,717.31,11.0,False,4419;4540
FDX,Long,342,2013-10-24T20:00:00Z,70.783361,2013-10-28T20:00:00Z,71.32075,183.79,9.8057,0.0,395.42,211.63,4.0,True,4533;4541
JPM,Long,641,2013-10-24T20:00:00Z,37.678001,2013-10-28T20:00:00Z,37.713667,22.86,9.6158,-64.01,22.86,64.01,4.0,True,4495;4542
LMT,Long,261,2013-10-24T20:00:00Z,92.442318,2013-10-28T20:00:00Z,93.660692,318.0,9.7171,0.0,361.86,140.72,4.0,True,4509;4543
NKE,Long,763,2013-10-21T20:00:00Z,31.772208,2013-10-28T20:00:00Z,31.651035,-92.45,9.6663,-168.97,0.0,168.97,7.0,False,4453;4544
PFE,Long,1450,2013-10-24T20:00:00Z,16.74752,2013-10-28T20:00:00Z,16.584395,-236.53,9.6741,-236.53,0.0,236.53,4.0,False,4528;4545
SBUX,Long,779,2013-10-24T20:00:00Z,30.695349,2013-10-28T20:00:00Z,31.035721,265.15,4.7444,-189.82,265.15,370.61,4.0,True,4502;4546
LVS,Short,491,2013-10-24T20:00:00Z,49.635786,2013-10-28T20:00:00Z,49.87129,-115.63,9.5846,-115.63,163.25,278.88,4.0,False,4503;4551
CL,Short,511,2013-10-24T20:00:00Z,46.328158,2013-10-28T20:00:00Z,47.354203,-524.31,14.5935,-930.84,0.0,930.84,4.0,False,4505;4552
ACN,Long,415,2013-10-28T20:00:00Z,57.799228,2013-10-29T20:00:00Z,58.466746,277.02,9.727,0.0,426.94,149.92,1.0,True,4554;4555
AXP,Short,355,2013-10-23T20:00:00Z,67.876206,2013-10-29T20:00:00Z,69.93765,-731.81,9.8147,-893.11,0.0,893.11,6.0,False,4475;4556
BIIB,Short,96,2013-10-23T20:00:00Z,249.8,2013-10-29T20:00:00Z,255.85,-580.8,9.7058,-580.8,56.64,637.44,6.0,False,4479;4558
DUK,Short,619,2013-10-09T20:00:00Z,39.342177,2013-10-29T20:00:00Z,42.328932,-1848.8,10.1398,-1921.16,0.0,1921.16,20.0,False,4292;4559
EBAY,Long,1251,2013-10-28T20:00:00Z,19.203537,2013-10-29T20:00:00Z,19.400248,246.09,9.7794,0.0,742.9,496.82,1.0,True,4550;4560
APA,Short,367,2013-10-24T20:00:00Z,65.913336,2013-10-29T20:00:00Z,66.950291,-380.56,9.8218,-508.32,0.0,508.32,5.0,False,4511;4571
BA,Long,219,2013-10-24T20:00:00Z,109.851975,2013-10-29T20:00:00Z,110.064867,46.62,9.6458,0.0,408.42,361.8,5.0,True,4529;4572
CL,Long,507,2013-10-28T20:00:00Z,47.354203,2013-10-29T20:00:00Z,48.283591,471.2,4.9713,0.0,848.16,376.96,1.0,True,4552;4573
HON,Long,386,2013-10-24T20:00:00Z,62.555822,2013-10-29T20:00:00Z,62.743094,72.29,9.7164,0.0,180.72,108.43,5.0,True,4501;4574
ITW,Short,413,2013-10-24T20:00:00Z,58.746074,2013-10-29T20:00:00Z,58.597237,61.47,9.6938,-92.2,150.6,242.81,5.0,True,4534;4575
LLY,Short,624,2013-10-21T20:00:00Z,38.776081,2013-10-29T20:00:00Z,39.840369,-664.12,4.9027,-664.12,0.0,664.12,8.0,False,4459;4576
LVS,Long,481,2013-10-28T20:00:00Z,49.87129,2013-10-29T20:00:00Z,49.088587,-376.48,4.7503,-376.48,0.0,376.48,1.0,False,4551;4577
MET,Short,1662,2013-10-17T20:00:00Z,14.522706,2013-10-29T20:00:00Z,14.430883,152.61,4.8441,-270.76,379.06,462.75,12.0,True,4417;4578
SLB,Short,364,2013-10-28T20:00:00Z,65.637883,2013-10-29T20:00:00Z,66.013118,-136.59,9.6311,-332.44,0.0,332.44,1.0,False,4549;4579
TXN,Long,864,2013-10-24T20:00:00Z,28.047761,2013-10-29T20:00:00Z,28.990908,814.88,9.9542,0.0,1316.58,501.7,5.0,True,4532;4580
UNH,Long,421,2013-10-18T20:00:00Z,57.198633,2013-10-29T20:00:00Z,53.968574,-1359.86,9.2809,-1380.2,0.0,1380.2,11.0,False,4433;4581
VZ,Short,920,2013-10-24T20:00:00Z,26.29215,2013-10-29T20:00:00Z,26.085856,189.79,9.6328,-52.19,194.54,246.73,5.0,True,4498;4582
SBUX,Long,788,2013-10-29T20:00:00Z,30.637331,2013-10-29T20:00:00Z,30.637331,0.0,14.5603,0.0,0.0,0.0,0.0,False,4565;4586
DHR,Long,602,2013-10-24T20:00:00Z,40.059671,2013-10-29T20:00:00Z,40.165458,63.68,9.6851,0.0,197.75,134.07,5.0,True,4508;4587
DOW,Short,511,2013-10-21T20:00:00Z,47.194101,2013-10-29T20:00:00Z,45.086403,1077.03,14.298,-204.87,1223.37,204.87,8.0,True,4460;4590
ADP,Short,426,2013-10-29T20:00:00Z,56.532364,2013-10-30T20:00:00Z,56.435715,41.17,9.5419,0.0,554.25,513.07,1.0,True,4569;4594
BIIB,Long,94,2013-10-29T20:00:00Z,255.85,2013-10-30T20:00:00Z,253.72,-200.22,9.4628,-648.6,0.0,648.6,1.0,False,4585;4595
CAT,Short,394,2013-10-24T20:00:00Z,60.857611,2013-10-30T20:00:00Z,61.493066,-250.37,9.6706,-417.28,0.0,417.28,6.0,False,4531;4596
COST,Short,258,2013-10-29T20:00:00Z,93.119343,2013-10-30T20:00:00Z,93.847394,-187.84,9.6577,-187.84,0.0,187.84,1.0,False,4567;4597
DHR,Short,597,2013-10-29T20:00:00Z,40.165458,2013-10-30T20:00:00Z,40.388166,-132.96,4.7891,-132.96,33.24,166.2,1.0,False,4587;4598
EMR,Long,503,2013-10-29T20:00:00Z,47.806948,2013-10-30T20:00:00Z,47.856703,25.03,9.6023,-128.71,25.03,128.71,1.0,True,4568;4599
F,Long,2713,2013-10-16T20:00:00Z,9.042739,2013-10-30T20:00:00Z,9.360145,861.12,9.9592,0.0,931.99,460.22,14.0,True,4388;4600
MA,Short,366,2013-10-24T20:00:00Z,66.19917,2013-10-30T20:00:00Z,68.000181,-659.17,9.8358,-659.17,0.0,659.17,6.0,False,4500;4601
MDT,Short,580,2013-10-24T20:00:00Z,41.502901,2013-10-30T20:00:00Z,42.281621,-451.66,9.6554,-451.66,83.64,535.3,6.0,False,4507;4602
MS,Long,1150,2013-10-29T20:00:00Z,20.970931,2013-10-30T20:00:00Z,21.223592,290.56,9.7081,0.0,290.56,0.0,1.0,True,4588;4603
NKE,Long,760,2013-10-29T20:00:00Z,31.684462,2013-10-30T20:00:00Z,32.010374,247.69,9.6562,0.0,247.69,0.0,1.0,True,4564;4604
NOV,Short,396,2013-10-29T20:00:00Z,60.268101,2013-10-30T20:00:00Z,59.931898,133.14,9.4683,0.0,199.7,66.57,1.0,True,4570;4605
ORCL,Long,894,2013-10-24T20:00:00Z,27.017361,2013-10-30T20:00:00Z,27.916565,803.89,9.72,0.0,803.89,132.75,6.0,True,4497;4606
C,Short,653,2013-10-28T20:00:00Z,36.641695,2013-10-30T20:00:00Z,36.964207,-210.6,14.3451,-210.6,47.86,258.46,2.0,False,4548;4607
CL,Long,489,2013-10-30T20:00:00Z,49.071713,2013-10-31T20:00:00Z,48.328202,-363.58,9.4494,-461.74,0.0,461.74,1.0,False,4612;4617
DUK,Short,565,2013-10-30T20:00:00Z,42.428296,2013-10-31T20:00:00Z,42.048376,214.65,9.4943,0.0,280.7,66.05,1.0,True,4613;4618
LOW,Short,597,2013-10-28T20:00:00Z,40.073161,2013-10-31T20:00:00Z,39.914424,94.77,9.4662,-56.86,336.42,241.65,3.0,True,4553;4619
PX,Short,242,2013-10-29T20:00:00Z,99.011727,2013-10-31T20:00:00Z,99.570574,-135.24,9.6353,-135.24,0.0,135.24,2.0,False,4592;4620
UNP,Long,411,2013-10-17T20:00:00Z,58.781267,2013-10-31T20:00:00Z,56.645954,-877.61,9.3497,-894.61,0.0,894.61,14.0,False,4410;4621
UTX,Long,571,2013-10-30T20:00:00Z,42.141139,2013-10-31T20:00:00Z,41.912154,-130.75,9.5673,-130.75,0.0,130.75,1.0,False,4608;4622
SBUX,Short,788,2013-10-29T20:00:00Z,30.637331,2013-10-31T20:00:00Z,30.443938,152.39,9.7433,-560.81,152.39,560.81,2.0,True,4586;4625
APA,Short,356,2013-10-30T20:00:00Z,67.283598,2013-11-04T21:00:00Z,66.27627,358.61,9.4551,0.0,532.64,408.71,5.0417,True,4615;4632
BIIB,Short,96,2013-10-31T20:00:00Z,249.23,2013-11-04T21:00:00Z,243.79,522.24,9.2978,0.0,879.36,357.12,4.0417,True,4626;4633
BLK,Short,107,2013-10-31T20:00:00Z,222.568277,2013-11-04T21:00:00Z,220.650399,205.21,9.3955,0.0,224.65,19.43,4.0417,True,4627;4634
C,Long,652,2013-10-30T20:00:00Z,36.964207,2013-11-04T21:00:00Z,35.805947,-755.19,4.649,-855.57,0.0,855.57,5.0417,False,4607;4635
CVS,Long,584,2013-10-17T20:00:00Z,41.540285,2013-11-04T21:00:00Z,44.168703,1535.0,10.0396,0.0,1535.0,279.84,18.0417,True,4413;4636
EPD,Short,1795,2013-10-24T20:00:00Z,13.42788,2013-11-04T21:00:00Z,13.583326,-279.02,4.8926,-476.5,0.0,476.5,11.0417,False,4530;4637
GS,Long,191,2013-10-17T20:00:00Z,121.664306,2013-11-04T21:00:00Z,126.554276,933.98,9.5776,0.0,1066.56,302.39,18.0417,True,4411;4638
KFT,Short,965,2013-10-24T20:00:00Z,24.932722,2013-11-04T21:00:00Z,25.430923,-480.76,4.898,-633.73,0.0,633.73,11.0417,False,4504;4639
SBUX,Long,766,2013-10-31T20:00:00Z,30.443938,2013-11-04T21:00:00Z,31.232982,604.41,4.7624,0.0,604.41,5.93,4.0417,True,4625;4640
SLB,Long,360,2013-10-31T20:00:00Z,66.494552,2013-11-04T21:00:00Z,66.352954,-50.98,9.5446,-234.49,0.0,234.49,4.0417,False,4623;4641
SO,Long,996,2013-10-30T20:00:00Z,23.98842,2013-11-04T21:00:00Z,23.764538,-222.99,9.5013,-423.62,0.0,423.62,5.0417,False,4614;4642
UNH,Long,437,2013-10-30T20:00:00Z,55.080165,2013-11-04T21:00:00Z,55.329871,109.12,9.6414,-42.24,197.12,88.0,5.0417,True,4611;4643
USB,Long,990,2013-10-18T20:00:00Z,24.559972,2013-11-04T21:00:00Z,24.274466,-282.65,9.6936,-314.77,147.75,462.52,17.0417,False,4434;4644
DOW,Long,535,2013-10-29T20:00:00Z,45.086403,2013-11-04T21:00:00Z,44.616753,-251.26,9.422,-588.32,67.41,655.73,6.0417,False,4590;4652
ACN,Short,411,2013-10-29T20:00:00Z,58.466746,2013-11-04T21:00:00Z,57.40657,435.73,14.2915,0.0,561.61,125.88,6.0417,True,4589;4654
BMY,Short,681,2013-10-30T20:00:00Z,35.358428,2013-11-05T21:00:00Z,35.027976,225.04,9.5101,0.0,459.08,252.04,6.0417,True,4609;4660
F,Long,2668,2013-11-04T21:00:00Z,9.025284,2013-11-05T21:00:00Z,8.988078,-99.27,9.6658,-99.27,155.99,255.26,1.0,False,4649;4661
HON,Long,381,2013-10-30T20:00:00Z,63.096028,2013-11-05T21:00:00Z,61.943589,-439.08,9.4984,-439.08,0.0,439.08,6.0417,False,4610;4664
DOW,Short,536,2013-11-04T21:00:00Z,44.616753,2013-11-05T21:00:00Z,43.95237,356.11,9.5803,0.0,356.11,0.0,1.0,True,4652;4674
ACN,Long,417,2013-11-04T21:00:00Z,57.40657,2013-11-05T21:00:00Z,57.116004,-121.17,9.6325,-121.17,85.14,206.31,1.0,False,4654;4675
AMGN,Short,291,2013-10-29T20:00:00Z,82.474761,2013-11-05T21:00:00Z,81.101344,399.66,9.4702,-62.89,641.09,529.5,7.0417,True,4563;4678
AMZN,Short,1337,2013-11-04T21:00:00Z,17.963758,2013-11-05T21:00:00Z,17.79715,222.76,9.5759,0.0,222.76,0.0,1.0,True,4645;4679
BA,Long,217,2013-10-31T20:00:00Z,110.660963,2013-11-05T21:00:00Z,112.37261,371.43,9.7595,0.0,668.94,297.51,5.0417,True,4624;4680
CAT,Long,392,2013-11-04T21:00:00Z,61.215511,2013-11-05T21:00:00Z,61.06943,-57.26,9.6169,-57.26,68.72,125.98,1.0,False,4651;4681
EBAY,Long,1243,2013-11-04T21:00:00Z,19.296325,2013-11-05T21:00:00Z,19.029094,-332.17,9.453,-419.82,0.0,419.82,1.0,False,4648;4682
FCX,Short,755,2013-10-31T20:00:00Z,31.563196,2013-11-05T21:00:00Z,31.759029,-147.85,9.5064,-212.14,186.42,398.56,5.0417,False,4629;4683
KMI,Long,1294,2013-10-31T20:00:00Z,18.475324,2013-11-05T21:00:00Z,18.22024,-330.08,9.4887,-330.08,0.0,330.08,5.0417,False,4630;4684
HPQ,Short,3310,2013-10-31T20:00:00Z,7.221657,2013-11-05T21:00:00Z,7.691334,-1554.63,9.8704,-1742.77,0.0,1742.77,5.0417,False,4628;4685
PX,Long,241,2013-11-04T21:00:00Z,99.355018,2013-11-05T21:00:00Z,98.99576,-86.58,9.5717,-86.58,107.75,194.33,1.0,False,4656;4686
AXP,Short,347,2013-11-05T21:00:00Z,68.683955,2013-11-06T21:00:00Z,69.458049,-268.61,9.5777,-268.61,0.0,268.61,1.0,False,4667;4694
DHR,Short,591,2013-11-05T21:00:00Z,40.454979,2013-11-06T21:00:00Z,40.588604,-78.97,9.58,-105.3,0.0,105.3,1.0,False,4673;4695
GS,Long,188,2013-11-05T21:00:00Z,126.28911,2013-11-06T21:00:00Z,126.608869,60.11,9.5442,0.0,233.13,173.01,1.0,True,4687;4696
MCK,Long,164,2013-11-05T21:00:00Z,145.534904,2013-11-06T21:00:00Z,144.951342,-95.7,9.4322,-471.04,0.0,471.04,1.0,False,4677;4697
MS,Long,1130,2013-11-05T21:00:00Z,20.97815,2013-11-06T21:00:00Z,21.035901,65.26,9.4821,0.0,65.26,0.0,1.0,True,4689;4698
NKE,Long,750,2013-11-05T21:00:00Z,31.772208,2013-11-06T21:00:00Z,32.269432,372.92,9.6495,0.0,372.92,0.0,1.0,True,4670;4699
SBUX,Short,770,2013-11-05T21:00:00Z,31.039589,2013-11-06T21:00:00Z,31.867311,-637.35,9.7163,-637.35,0.0,637.35,1.0,False,4688;4700
T,Short,1858,2013-10-29T20:00:00Z,12.956378,2013-11-06T21:00:00Z,12.989069,-60.74,9.7304,-526.41,94.48,526.41,8.0417,False,4583;4701
TMO,Short,255,2013-10-29T20:00:00Z,93.769556,2013-11-06T21:00:00Z,93.213629,141.76,9.5806,-51.33,180.87,134.43,8.0417,True,4593;4702
ABT,Long,831,2013-11-05T21:00:00Z,28.671421,2013-11-07T21:00:00Z,29.161997,407.67,9.7064,0.0,530.62,122.95,2.0,True,4690;4712
AIG,Long,626,2013-10-29T20:00:00Z,38.42741,2013-11-07T21:00:00Z,35.529898,-1813.84,9.2837,-2000.36,177.19,2177.54,9.0417,False,4584;4713
AMGN,Short,298,2013-11-06T21:00:00Z,81.045571,2013-11-07T21:00:00Z,79.588493,434.21,9.322,0.0,1084.48,650.27,1.0,True,4704;4714
BIIB,Long,98,2013-11-06T21:00:00Z,245.27,2013-11-07T21:00:00Z,239.72,-543.9,9.2,-1379.84,0.0,1379.84,1.0,False,4708;4715
BLK,Short,108,2013-11-05T21:00:00Z,220.120077,2013-11-07T21:00:00Z,222.299483,-235.38,9.392,-235.38,495.86,731.23,2.0,False,4692;4716
DIS,Long,393,2013-11-04T21:00:00Z,61.249883,2013-11-07T21:00:00Z,61.082413,-65.82,9.4193,-810.57,0.0,810.57,3.0,False,4647;4717
DOW,Long,544,2013-11-05T21:00:00Z,43.95237,2013-11-07T21:00:00Z,45.097858,623.15,4.8194,0.0,623.15,367.66,2.0,True,4674;4718
F,Long,2637,2013-11-06T21:00:00Z,9.105013,2013-11-07T21:00:00Z,8.982762,-322.37,9.3825,-798.93,0.0,798.93,1.0,False,4707;4719
GILD,Short,526,2013-10-18T20:00:00Z,45.910006,2013-11-07T21:00:00Z,46.333139,-222.57,9.6128,-1938.5,577.96,2039.01,20.0417,False,4430;4720
ITW,Short,406,2013-11-06T21:00:00Z,59.296772,2013-11-07T21:00:00Z,58.470725,335.38,9.524,0.0,398.82,63.45,1.0,True,4710;4721
ORCL,Short,863,2013-10-30T20:00:00Z,27.916565,2013-11-07T21:00:00Z,28.2053,-249.18,4.8412,-249.18,242.06,491.24,8.0417,False,4606;4722
PCLN,Long,582,2013-11-04T21:00:00Z,41.30356,2013-11-07T21:00:00Z,41.399681,55.94,9.5214,-777.28,572.16,1349.44,3.0,True,4650;4723
ACN,Short,419,2013-11-05T21:00:00Z,57.116004,2013-11-07T21:00:00Z,58.521719,-588.99,9.7777,-927.91,0.0,927.91,2.0,False,4675;4734
EMR,Long,502,2013-11-04T21:00:00Z,47.949104,2013-11-07T21:00:00Z,47.799841,-74.93,14.2064,-503.1,0.0,503.1,3.0,False,4653;4735
ACN,Long,405,2013-11-07T21:00:00Z,58.521719,2013-11-11T21:00:00Z,58.945789,171.75,4.802,0.0,308.51,136.76,4.0,True,4734;4739
CL,Short,489,2013-11-05T21:00:00Z,48.603301,2013-11-11T21:00:00Z,48.253851,170.88,9.4515,-232.69,272.68,232.69,6.0,True,4671;4740
FDX,Short,326,2013-11-05T21:00:00Z,72.938345,2013-11-11T21:00:00Z,71.679009,410.54,9.5119,0.0,675.98,357.46,6.0,True,4676;4741
GM,Short,882,2013-11-07T21:00:00Z,27.121138,2013-11-11T21:00:00Z,27.210036,-78.41,9.4873,-78.41,0.0,78.41,4.0,False,4733;4742
MDT,Long,577,2013-11-07T21:00:00Z,41.531743,2013-11-11T21:00:00Z,41.820158,166.42,9.6005,0.0,199.7,33.28,4.0,True,4730;4743
MO,Long,1537,2013-10-17T20:00:00Z,15.816898,2013-11-11T21:00:00Z,16.595576,1196.83,9.9378,0.0,1407.63,299.21,25.0417,True,4412;4744
PX,Long,240,2013-11-06T21:00:00Z,99.929832,2013-11-11T21:00:00Z,99.554607,-90.05,9.6013,-193.52,0.0,193.52,5.0,False,4709;4745
TMO,Short,255,2013-11-07T21:00:00Z,93.702461,2013-11-11T21:00:00Z,94.191294,-124.65,9.5112,-158.87,0.0,158.87,4.0,False,4738;4746
EMR,Short,499,2013-11-07T21:00:00Z,47.799841,2013-11-12T21:00:00Z,47.373374,212.81,9.4438,0.0,336.94,124.14,5.0,True,4735;4772
BIIB,Long,101,2013-11-11T21:00:00Z,236.23,2013-11-12T21:00:00Z,233.5,-275.73,9.5023,-275.73,0.0,275.73,1.0,False,4750;4777
BK,Long,1022,2013-10-29T20:00:00Z,23.502026,2013-11-12T21:00:00Z,24.306334,822.0,9.7569,-37.71,980.37,444.94,14.0417,True,4591;4778
COST,Long,243,2013-11-07T21:00:00Z,98.714259,2013-11-12T21:00:00Z,96.237302,-601.9,9.4316,-601.9,0.0,601.9,5.0,False,4732;4779
DOW,Long,527,2013-11-11T21:00:00Z,45.178042,2013-11-12T21:00:00Z,45.36132,96.59,9.538,-60.37,96.59,60.37,1.0,True,4751;4780
ITW,Short,407,2013-11-11T21:00:00Z,58.857702,2013-11-12T21:00:00Z,58.835377,9.09,9.5663,0.0,78.75,69.66,1.0,True,4753;4781
KMB,Short,356,2013-11-07T21:00:00Z,67.090355,2013-11-12T21:00:00Z,66.055652,368.35,9.4198,0.0,368.35,54.49,5.0,True,4737;4782
LLY,Long,605,2013-11-07T21:00:00Z,39.558646,2013-11-12T21:00:00Z,39.19084,-222.52,9.4757,-231.99,37.88,269.87,5.0,False,4731;4783
MET,Long,1681,2013-11-05T21:00:00Z,14.193923,2013-11-12T21:00:00Z,14.829731,1068.79,9.7236,-27.91,1249.07,415.65,7.0,True,4691;4784
MRK,Long,813,2013-10-21T20:00:00Z,29.821666,2013-11-12T21:00:00Z,29.987732,135.01,9.7728,-830.84,467.35,830.84,22.0417,True,4451;4785
NKE,Long,745,2013-11-07T21:00:00Z,32.286145,2013-11-12T21:00:00Z,32.17333,-84.05,9.4986,-124.51,0.0,124.51,5.0,False,4728;4786
SBUX,Short,762,2013-11-11T21:00:00Z,31.461185,2013-11-12T21:00:00Z,31.337452,94.28,9.5416,0.0,135.68,41.4,1.0,True,4748;4787
UNP,Long,412,2013-11-07T21:00:00Z,58.014359,2013-11-12T21:00:00Z,58.634652,255.56,9.6277,0.0,362.43,106.87,5.0,True,4727;4788
SPY,Short,192,2013-10-30T20:00:00Z,142.51229,2013-11-12T21:00:00Z,142.166796,66.33,17.4746,0.0,370.24,360.99,13.0417,True,4616;4793
ACN,Long,404,2013-11-12T21:00:00Z,59.244209,2013-11-13T21:00:00Z,59.872461,253.81,9.7534,0.0,625.02,371.2,1.0,True,4771;4794
AIG,Long,658,2013-11-12T21:00:00Z,36.230068,2013-11-13T21:00:00Z,35.865086,-240.16,9.4858,-240.16,0.0,240.16,1.0,False,4768;4795
BAX,Short,842,2013-11-12T21:00:00Z,28.440443,2013-11-13T21:00:00Z,28.680281,-201.94,9.7131,-422.25,0.0,422.25,1.0,False,4776;4796
FB,Long,523,2013-11-12T21:00:00Z,45.563607,2013-11-13T21:00:00Z,45.771615,108.79,9.8769,0.0,1409.06,1300.28,1.0,True,4767;4797
DHR,Long,578,2013-11-12T21:00:00Z,41.329109,2013-11-13T21:00:00Z,40.972776,-205.96,9.5038,-205.96,0.0,205.96,1.0,False,4791;4798
HAL,Short,550,2013-11-12T21:00:00Z,43.299278,2013-11-13T21:00:00Z,42.661598,350.72,9.5258,-233.82,350.72,233.82,1.0,True,4773;4799
HON,Long,385,2013-11-06T21:00:00Z,62.642255,2013-11-13T21:00:00Z,62.202888,-169.16,9.663,-418.73,149.75,418.73,7.0,False,4706;4800
LVS,Long,495,2013-11-05T21:00:00Z,48.23662,2013-11-13T21:00:00Z,49.067808,411.44,9.7161,-404.58,792.02,709.73,8.0,True,4672;4801
PCLN,Long,559,2013-11-12T21:00:00Z,43.098993,2013-11-13T21:00:00Z,42.878618,-123.19,9.7141,-123.19,462.84,586.03,1.0,False,4770;4802
PRU,Short,474,2013-11-12T21:00:00Z,50.433157,2013-11-13T21:00:00Z,50.433157,0.0,9.6668,-426.63,0.0,426.63,1.0,False,4774;4803
CSCO,Long,1508,2013-11-07T21:00:00Z,15.939731,2013-11-14T21:00:00Z,14.257922,-2536.17,9.1405,-2536.17,595.54,3131.7,7.0,False,4726;4812
EPD,Long,1772,2013-11-07T21:00:00Z,13.529654,2013-11-14T21:00:00Z,13.095983,-768.46,9.4042,-814.12,0.0,814.12,7.0,False,4729;4813
KFT,Long,971,2013-11-11T21:00:00Z,24.532651,2013-11-14T21:00:00Z,25.227114,674.32,9.7528,-51.31,1216.71,542.39,3.0,True,4749;4814
MS,Long,1114,2013-11-13T21:00:00Z,21.230811,2013-11-14T21:00:00Z,21.728916,554.89,9.713,0.0,747.89,193.0,1.0,True,4806;4815
NKE,Long,745,2013-11-13T21:00:00Z,31.981125,2013-11-14T21:00:00Z,32.783369,597.67,9.7427,0.0,653.7,56.03,1.0,True,4805;4816
NOV,Short,395,2013-11-12T21:00:00Z,60.195013,2013-11-14T21:00:00Z,60.246175,-20.21,9.5911,-346.44,0.0,346.44,2.0,False,4792;4817
PX,Long,240,2013-11-12T21:00:00Z,99.275183,2013-11-14T21:00:00Z,99.786129,122.63,9.5657,0.0,243.34,120.71,2.0,True,4775;4818
QCOM,Long,504,2013-11-12T21:00:00Z,47.543217,2013-11-14T21:00:00Z,49.101091,785.17,9.8818,0.0,1216.66,431.49,2.0,True,4789;4819
SPY,Short,232,2013-10-30T20:00:00Z,142.51229,2013-11-14T21:00:00Z,143.44432,-216.23,15.7046,-363.49,447.37,810.87,15.0417,False,4616;4830
SPY,Short,286,2013-10-31T20:00:00Z,141.556155,2013-11-14T21:00:00Z,143.44432,-540.02,8.0763,-721.55,278.05,999.6,14.0417,False,4631;4830
SPY,Short,27,2013-11-04T21:00:00Z,141.981997,2013-11-14T21:00:00Z,143.44432,-39.48,13.4429,-56.62,37.75,94.37,10.0,False,4657;4830
ADP,Long,421,2013-11-14T21:00:00Z,56.978437,2013-11-18T21:00:00Z,57.491422,215.97,9.6603,0.0,222.23,6.26,4.0,True,4828;4831
MDT,Long,572,2013-11-12T21:00:00Z,41.812947,2013-11-18T21:00:00Z,42.137414,185.59,9.5849,0.0,350.57,218.59,6.0,True,4769;4835
HAL,Short,548,2013-11-14T21:00:00Z,43.944831,2013-11-18T21:00:00Z,44.09441,-81.97,14.1529,-176.88,642.81,724.78,4.0,False,4826;4846
EMR,Long,503,2013-11-12T21:00:00Z,47.373374,2013-11-18T21:00:00Z,48.648438,641.36,9.6116,-125.13,641.36,140.34,6.0,True,4772;4847
ABT,Long,815,2013-11-14T21:00:00Z,29.496834,2013-11-18T21:00:00Z,29.621425,101.54,9.6084,0.0,107.89,69.81,4.0,True,4822;4853
DOW,Long,531,2013-11-13T21:00:00Z,44.903125,2013-11-18T21:00:00Z,46.002793,583.92,9.6676,0.0,626.5,218.97,5.0,True,4807;4854
GM,Short,842,2013-11-14T21:00:00Z,28.662028,2013-11-18T21:00:00Z,28.802782,-118.52,9.6147,-118.52,74.85,193.37,4.0,False,4824;4855
LLY,Long,600,2013-11-14T21:00:00Z,39.91017,2013-11-18T21:00:00Z,40.38435,284.51,9.679,0.0,284.51,0.0,4.0,True,4823;4856
LVS,Long,481,2013-11-14T21:00:00Z,49.87129,2013-11-18T21:00:00Z,49.642713,-109.95,9.472,-409.8,0.0,409.8,4.0,False,4821;4857
NEE,Long,1579,2013-11-13T21:00:00Z,15.047538,2013-11-18T21:00:00Z,15.74479,1100.96,9.789,0.0,1126.11,25.15,5.0,True,4811;4858
UNP,Long,406,2013-11-13T21:00:00Z,58.446684,2013-11-18T21:00:00Z,59.995538,628.83,9.6874,0.0,628.83,29.0,5.0,True,4804;4859
USB,Long,982,2013-11-05T21:00:00Z,24.332865,2013-11-18T21:00:00Z,24.845477,503.39,9.6854,-19.12,528.87,286.74,13.0,True,4669;4860
TMO,Short,253,2013-11-14T21:00:00Z,94.708881,2013-11-18T21:00:00Z,97.181798,-625.65,9.7475,-625.65,0.0,625.65,4.0,False,4829;4861
SPY,Short,91,2013-11-04T21:00:00Z,141.981997,2013-11-18T21:00:00Z,144.938783,-269.07,2.6249,-269.07,127.22,396.29,14.0,False,4657;4869
ACN,Long,389,2013-11-18T21:00:00Z,61.270323,2013-11-19T21:00:00Z,61.757219,189.4,9.5917,0.0,189.4,0.0,1.0,True,4844;4870
ADP,Short,415,2013-11-18T21:00:00Z,57.491422,2013-11-19T21:00:00Z,58.584301,-453.55,9.6917,-734.31,0.0,734.31,1.0,False,4867;4871
BK,Long,968,2013-11-18T21:00:00Z,24.712177,2013-11-19T21:00:00Z,24.380123,-321.43,9.4443,-364.29,0.0,364.29,1.0,False,4849;4872
FCX,Long,761,2013-11-18T21:00:00Z,31.503594,2013-11-19T21:00:00Z,30.975696,-401.73,9.4458,-401.73,0.0,401.73,1.0,False,4850;4873
ABBV,Long,822,2013-11-06T21:00:00Z,29.321024,2013-11-19T21:00:00Z,29.460072,114.3,9.5921,-626.15,183.87,626.15,13.0,True,4705;4874
KMI,Short,1297,2013-11-18T21:00:00Z,18.392031,2013-11-19T21:00:00Z,18.48053,-114.78,9.5728,-114.78,40.51,155.29,1.0,False,4868;4875
HAL,Long,539,2013-11-18T21:00:00Z,44.09441,2013-11-19T21:00:00Z,42.590744,-810.48,4.5616,-958.99,0.0,958.99,1.0,False,4846;4876
KMB,Short,361,2013-11-13T21:00:00Z,66.080142,2013-11-19T21:00:00Z,65.963815,41.99,9.58,-393.42,41.99,393.42,6.0,True,4809;4877
MET,Long,1541,2013-11-18T21:00:00Z,15.491081,2013-11-19T21:00:00Z,15.544704,82.63,9.5955,0.0,151.49,68.86,1.0,True,4866;4878
NKE,Long,721,2013-11-18T21:00:00Z,33.176135,2013-11-19T21:00:00Z,32.762478,-298.25,9.4228,-479.0,0.0,479.0,1.0,False,4840;4879
SLB,Long,362,2013-11-18T21:00:00Z,66.048518,2013-11-19T21:00:00Z,64.901572,-415.19,9.3957,-515.15,0.0,515.15,1.0,False,4839;4880
SO,Long,978,2013-11-18T21:00:00Z,24.414912,2013-11-19T21:00:00Z,24.386134,-28.14,9.5016,-197.01,0.0,197.01,1.0,False,4851;4881
WFC,Short,780,2013-11-18T21:00:00Z,30.61155,2013-11-19T21:00:00Z,30.576413,27.41,9.5344,0.0,27.41,0.0,1.0,True,4837;4882
XOM,Short,434,2013-11-07T21:00:00Z,55.17646,2013-11-19T21:00:00Z,56.740695,-678.88,9.6736,-691.78,46.46,738.25,12.0,False,4724;4883
EMR,Short,491,2013-11-18T21:00:00Z,48.648438,2013-11-19T21:00:00Z,48.355116,144.02,9.4935,0.0,224.81,80.79,1.0,True,4847;4891
ABT,Long,808,2013-11-19T21:00:00Z,29.535769,2013-11-20T21:00:00Z,30.21323,547.39,9.6756,0.0,547.39,0.0,1.0,True,4888;4897
BAX,Long,796,2013-11-19T21:00:00Z,29.918718,2013-11-20T21:00:00Z,30.106228,149.26,9.5914,0.0,149.26,0.0,1.0,True,4894;4898
CAT,Short,390,2013-11-18T21:00:00Z,61.390809,2013-11-20T21:00:00Z,60.857611,207.95,9.4983,0.0,390.26,182.31,2.0,True,4842;4899
CSCO,Long,1647,2013-11-19T21:00:00Z,14.537089,2013-11-20T21:00:00Z,14.618796,134.57,9.5658,-134.57,134.57,134.57,1.0,True,4885;4900
FDX,Short,327,2013-11-13T21:00:00Z,72.824353,2013-11-20T21:00:00Z,73.1609,-110.05,9.5805,-796.98,28.4,796.98,7.0,False,4808;4901
GOOG,Long,1099,2013-10-18T20:00:00Z,24.18115,2013-11-20T21:00:00Z,25.505299,1455.24,11.0713,0.0,1627.25,769.94,33.0417,True,4428;4902
GS,Long,188,2013-11-11T21:00:00Z,127.123602,2013-11-20T21:00:00Z,130.056024,551.3,9.643,-16.13,551.3,236.06,9.0,True,4747;4903
HON,Long,380,2013-11-14T21:00:00Z,63.204069,2013-11-20T21:00:00Z,63.816016,232.54,9.6522,-26.05,254.54,280.6,6.0,True,4820;4904
MDT,Long,568,2013-11-19T21:00:00Z,41.546163,2013-11-20T21:00:00Z,41.733633,106.48,9.4057,-298.97,106.48,298.97,1.0,True,4889;4905
NEE,Long,1516,2013-11-19T21:00:00Z,15.511193,2013-11-20T21:00:00Z,15.52712,24.15,9.311,-380.96,24.15,380.96,1.0,True,4893;4906
PX,Short,236,2013-11-19T21:00:00Z,100.576498,2013-11-20T21:00:00Z,100.528597,11.3,9.4484,0.0,278.85,267.54,1.0,True,4895;4907
SBUX,Long,758,2013-11-18T21:00:00Z,31.43834,2013-11-20T21:00:00Z,31.092992,-261.77,9.4262,-391.19,0.0,391.19,2.0,False,4864;4908
T,Long,1883,2013-11-12T21:00:00Z,12.763867,2013-11-20T21:00:00Z,12.996334,437.73,9.6534,-47.88,437.73,218.87,8.0,True,4766;4909
USB,Long,960,2013-11-19T21:00:00Z,24.903876,2013-11-20T21:00:00Z,25.169916,255.4,9.6428,0.0,255.4,0.0,1.0,True,4887;4910
SPY,Short,355,2013-11-04T21:00:00Z,141.981997,2013-11-20T21:00:00Z,144.151378,-770.13,24.1533,-1049.66,496.31,1545.97,16.0,False,4657;4921
SPY,Short,487,2013-11-05T21:00:00Z,141.540086,2013-11-20T21:00:00Z,144.151378,-1271.7,17.0247,-1655.17,465.64,2120.8,15.0,False,4693;4921
SO,Short,986,2013-11-20T21:00:00Z,24.276779,2013-11-22T21:00:00Z,23.793316,476.7,9.3795,0.0,533.44,56.75,2.0,True,4920;4929
TMO,Short,247,2013-11-19T21:00:00Z,96.242473,2013-11-22T21:00:00Z,97.65146,-348.02,9.5646,-348.02,0.0,348.02,3.0,False,4896;4930
ADP,Long,403,2013-11-20T21:00:00Z,59.409537,2013-11-22T21:00:00Z,59.216239,-77.9,9.5313,-77.9,29.96,107.86,2.0,False,4918;4945
APA,Short,346,2013-11-20T21:00:00Z,69.194559,2013-11-22T21:00:00Z,69.987089,-274.22,9.6145,-274.22,0.0,274.22,2.0,False,4919;4946
BA,Short,202,2013-11-19T21:00:00Z,118.448577,2013-11-22T21:00:00Z,114.132498,871.85,9.4246,0.0,1060.03,607.7,3.0,True,4886;4947
BIIB,Long,97,2013-11-20T21:00:00Z,245.67,2013-11-22T21:00:00Z,278.13,3148.62,10.3179,0.0,3885.82,737.2,2.0,True,4917;4948
CL,Long,492,2013-11-20T21:00:00Z,48.677652,2013-11-22T21:00:00Z,49.041972,179.25,9.6222,0.0,288.99,109.74,2.0,True,4916;4949
CVS,Long,548,2013-11-05T21:00:00Z,44.746532,2013-11-22T21:00:00Z,46.494113,957.67,10.0324,0.0,1227.99,270.31,17.0,True,4668;4950
EBAY,Long,1223,2013-11-18T21:00:00Z,19.418806,2013-11-22T21:00:00Z,18.717324,-857.91,9.2972,-935.08,0.0,935.08,4.0,False,4841;4951
HD,Long,403,2013-11-20T21:00:00Z,59.310409,2013-11-22T21:00:00Z,58.735939,-231.51,9.4344,-400.69,0.0,400.69,2.0,False,4914;4952
MO,Long,1446,2013-11-12T21:00:00Z,16.546908,2013-11-22T21:00:00Z,16.392057,-223.91,9.5426,-223.91,403.05,626.96,10.0,False,4790;4953
MS,Long,1091,2013-11-18T21:00:00Z,21.96714,2013-11-22T21:00:00Z,22.306429,370.16,9.714,-126.01,716.7,346.54,4.0,True,4865;4954
NKE,Long,734,2013-11-20T21:00:00Z,32.591165,2013-11-22T21:00:00Z,32.787548,144.14,9.6123,0.0,266.82,122.68,2.0,True,4915;4955
TGT,Short,529,2013-11-14T21:00:00Z,45.008118,2013-11-22T21:00:00Z,43.330674,887.37,9.3649,-200.89,887.37,200.89,8.0,True,4827;4956
SPY,Short,114,2013-11-05T21:00:00Z,141.540086,2013-11-22T21:00:00Z,144.593289,-348.07,13.656,-425.92,109.0,534.92,17.0,False,4693;4964
SPY,Short,167,2013-11-06T21:00:00Z,142.263213,2013-11-22T21:00:00Z,144.593289,-389.12,4.7548,-503.18,280.44,783.61,16.0,False,4711;4964
SPY,Short,189,2013-11-18T21:00:00Z,144.938783,2013-11-22T21:00:00Z,144.593289,65.3,18.1433,-63.78,823.06,349.27,4.0,True,4852;4964
GILD,Short,489,2013-11-22T21:00:00Z,49.82058,2013-11-26T21:00:00Z,51.124105,-637.42,9.9211,-637.42,0.0,637.42,4.0,False,4933;4969
PSX,Short,571,2013-11-11T21:00:00Z,41.987007,2013-11-26T21:00:00Z,44.414387,-1386.03,9.8692,-1386.03,0.0,1386.03,15.0,False,4752;4970
SBUX,Long,755,2013-11-22T21:00:00Z,31.636237,2013-11-26T21:00:00Z,31.376255,-196.29,9.5424,-240.23,0.0,240.23,4.0,False,4959;4975
ABT,Long,806,2013-11-22T21:00:00Z,29.722655,2013-11-26T21:00:00Z,29.722655,0.0,9.5801,-62.76,0.0,62.76,4.0,False,4937;4987
C,Short,636,2013-11-20T21:00:00Z,37.426159,2013-11-26T21:00:00Z,38.973058,-983.83,9.6779,-1044.44,0.0,1044.44,6.0,False,4912;4988
CSCO,Long,1635,2013-11-22T21:00:00Z,14.577943,2013-11-26T21:00:00Z,14.523471,-89.06,9.5006,-222.65,0.0,222.65,4.0,False,4957;4989
F,Long,2632,2013-11-22T21:00:00Z,9.105013,2013-11-26T21:00:00Z,9.051861,-139.9,9.4794,-363.73,0.0,363.73,4.0,False,4936;4990
FCX,Long,776,2013-11-22T21:00:00Z,30.779863,2013-11-26T21:00:00Z,29.962473,-634.3,9.4391,-634.3,0.0,634.3,4.0,False,4962;4991
KMI,Short,1301,2013-11-22T21:00:00Z,18.366002,2013-11-26T21:00:00Z,18.699173,-433.45,9.6687,-433.45,0.0,433.45,4.0,False,4942;4992
GS,Long,183,2013-11-22T21:00:00Z,130.063823,2013-11-26T21:00:00Z,132.083762,369.65,9.5949,0.0,386.78,205.52,4.0,True,4958;4993
HON,Long,375,2013-11-22T21:00:00Z,63.613311,2013-11-26T21:00:00Z,64.17799,211.75,9.6283,0.0,211.75,16.29,4.0,True,4935;4994
IBM,Short,222,2013-11-20T21:00:00Z,107.301606,2013-11-26T21:00:00Z,103.640306,812.81,9.3242,0.0,1017.3,204.49,6.0,True,4911;4995
JNJ,Short,360,2013-11-12T21:00:00Z,66.212146,2013-11-26T21:00:00Z,67.781365,-564.92,9.6037,-595.57,157.29,752.86,14.0,False,4765;4996
LMT,Short,254,2013-11-04T21:00:00Z,94.528958,2013-11-26T21:00:00Z,99.080352,-1156.05,9.9172,-1433.51,0.0,1433.51,22.0,False,4655;4997
MCK,Short,162,2013-11-22T21:00:00Z,146.711146,2013-11-26T21:00:00Z,150.422236,-601.2,9.6898,-626.31,0.0,626.31,4.0,False,4943;4998
MSFT,Short,799,2013-11-06T21:00:00Z,30.422535,2013-11-26T21:00:00Z,30.950063,-421.5,9.9091,-640.71,105.5,640.71,20.0,False,4703;4999
PRU,Short,453,2013-11-22T21:00:00Z,52.618455,2013-11-26T21:00:00Z,52.459718,71.91,9.5776,-63.92,71.91,135.83,4.0,True,4961;5000
PX,Short,238,2013-11-22T21:00:00Z,100.137404,2013-11-26T21:00:00Z,100.600449,-110.2,9.6007,-121.61,0.0,121.61,4.0,False,4963;5001
UTX,Short,548,2013-11-22T21:00:00Z,43.628272,2013-11-26T21:00:00Z,43.830733,-110.95,9.6216,-226.25,0.0,226.25,4.0,False,4934;5002
VZ,Long,920,2013-11-22T21:00:00Z,25.910506,2013-11-26T21:00:00Z,25.827989,-75.92,9.5151,-109.13,0.0,109.13,4.0,False,4932;5003
XOM,Short,424,2013-11-22T21:00:00Z,56.502789,2013-11-26T21:00:00Z,56.342202,68.09,9.5466,-22.7,184.09,116.0,4.0,True,4931;5004
ADP,Short,399,2013-11-26T21:00:00Z,59.44671,2013-11-27T21:00:00Z,59.699485,-100.86,9.5304,-109.76,0.0,109.76,1.0,False,5012;5015
BAX,Short,806,2013-11-26T21:00:00Z,29.582945,2013-11-27T21:00:00Z,29.670158,-70.29,9.5643,-133.56,0.0,133.56,1.0,False,4984;5016
BIIB,Long,80,2013-11-26T21:00:00Z,296.43,2013-11-27T21:00:00Z,292.8,-290.4,9.3285,-290.4,0.0,290.4,1.0,False,4979;5017
GILD,Long,467,2013-11-26T21:00:00Z,51.124105,2013-11-27T21:00:00Z,50.912538,-98.8,9.4977,-98.8,0.0,98.8,1.0,False,5007;5018
PSX,Long,537,2013-11-26T21:00:00Z,44.414387,2013-11-27T21:00:00Z,44.388561,-13.87,9.6297,-13.87,461.13,475.0,1.0,False,5011;5019
MS,Short,1045,2013-11-26T21:00:00Z,22.768439,2013-11-27T21:00:00Z,22.660155,113.16,9.475,0.0,113.16,0.0,1.0,True,4981;5020
NEE,Short,1562,2013-11-26T21:00:00Z,15.254727,2013-11-27T21:00:00Z,15.20301,80.78,9.4749,0.0,167.14,86.35,1.0,True,5013;5021
SBUX,Short,760,2013-11-26T21:00:00Z,31.376255,2013-11-27T21:00:00Z,31.624596,-188.74,9.6215,-224.13,0.0,224.13,1.0,False,5008;5022
SO,Short,1008,2013-11-26T21:00:00Z,23.626405,2013-11-27T21:00:00Z,23.471006,156.64,9.4461,0.0,214.66,58.02,1.0,True,4985;5023
TXN,Short,795,2013-11-19T21:00:00Z,30.08143,2013-11-27T21:00:00Z,29.81234,213.93,9.5332,-123.85,309.63,433.48,8.0,True,4892;5024
TMO,Short,243,2013-11-26T21:00:00Z,97.977349,2013-11-27T21:00:00Z,97.306402,163.04,9.4307,0.0,284.16,121.12,1.0,True,5014;5025
ACN,Long,392,2013-11-26T21:00:00Z,60.767721,2013-11-29T18:00:00Z,61.058288,113.9,9.5333,0.0,113.9,43.1,2.875,True,5009;5038
APA,Long,344,2013-11-26T21:00:00Z,69.053829,2013-11-29T18:00:00Z,68.14279,-313.4,9.4386,-445.89,0.0,445.89,2.875,False,4983;5039
BK,Short,957,2013-11-27T21:00:00Z,24.852378,2013-11-29T18:00:00Z,25.036852,-176.54,9.5488,-176.54,0.0,176.54,1.875,False,5033;5040
CAT,Long,398,2013-11-22T21:00:00Z,60.054162,2013-11-29T18:00:00Z,61.843662,712.22,9.7374,0.0,712.22,20.35,6.875,True,4938;5041
COF,Short,426,2013-11-18T21:00:00Z,55.981833,2013-11-29T18:00:00Z,57.056264,-457.71,9.5644,-457.71,522.13,979.83,10.875,False,4848;5042
FCX,Short,790,2013-11-27T21:00:00Z,30.064647,2013-11-29T18:00:00Z,29.792183,215.25,9.3323,0.0,417.04,201.79,1.875,True,5036;5043
HPQ,Long,3166,2013-11-18T21:00:00Z,7.574663,2013-11-29T18:00:00Z,8.080239,1600.65,9.9165,-359.91,1932.15,359.91,10.875,True,4845;5044
PRU,Long,450,2013-11-27T21:00:00Z,52.977084,2013-11-29T18:00:00Z,52.577301,-179.9,9.4205,-357.16,0.0,357.16,1.875,False,5032;5045
TGT,Short,548,2013-11-26T21:00:00Z,43.521408,2013-11-29T18:00:00Z,44.107234,-321.03,9.5414,-321.03,0.0,321.03,2.875,False,4982;5046
AMZN,Short,1266,2013-11-26T21:00:00Z,18.836206,2013-12-02T21:00:00Z,19.903197,-1350.81,9.7717,-1350.81,0.0,1350.81,6.0,False,5005;5057
DHR,Long,577,2013-11-22T21:00:00Z,41.434896,2013-12-02T21:00:00Z,41.529547,54.61,9.5876,0.0,305.19,257.01,10.0,True,4940;5058
GM,Long,846,2013-11-22T21:00:00Z,28.29903,2013-12-02T21:00:00Z,28.995393,589.12,9.619,-407.37,589.12,407.37,10.0,True,4939;5059
KMB,Short,359,2013-11-29T18:00:00Z,66.276062,2013-12-02T21:00:00Z,66.649535,-134.08,9.5089,-134.08,241.78,375.85,3.125,False,5052;5060
MCK,Long,158,2013-11-27T21:00:00Z,150.413903,2013-12-02T21:00:00Z,151.473156,167.36,9.5275,-7.21,168.8,176.02,5.0,True,5034;5061
ORCL,Short,829,2013-11-26T21:00:00Z,28.659027,2013-12-02T21:00:00Z,29.17875,-430.85,9.5758,-430.85,0.0,430.85,6.0,False,4977;5062
OXY,Long,381,2013-11-29T18:00:00Z,62.423722,2013-12-02T21:00:00Z,62.29915,-47.46,9.4784,-112.41,0.0,112.41,3.125,False,5050;5063
PCLN,Short,516,2013-11-27T21:00:00Z,46.200658,2013-12-02T21:00:00Z,46.735966,-276.22,9.5797,-276.22,0.0,276.22,5.0,False,5031;5064
TJX,Short,922,2013-11-07T21:00:00Z,25.939232,2013-12-02T21:00:00Z,26.50108,-518.02,9.5577,-909.87,38.71,948.57,25.0,False,4736;5065
FB,Short,536,2013-11-26T21:00:00Z,44.166984,2013-12-02T21:00:00Z,46.445164,-1221.1,14.615,-1311.36,0.0,1311.36,6.0,False,4978;5068
HD,Long,401,2013-11-27T21:00:00Z,59.170474,2013-12-02T21:00:00Z,59.222029,20.67,14.1645,-168.34,97.46,265.8,5.0,True,5029;5069
APA,Long,350,2013-12-02T21:00:00Z,67.765042,2013-12-03T21:00:00Z,67.609499,-54.44,9.4239,-241.09,0.0,241.09,1.0,False,5076;5077
CAT,Long,384,2013-12-02T21:00:00Z,61.865575,2013-12-03T21:00:00Z,61.193599,-258.04,9.4308,-258.04,0.0,258.04,1.0,False,5073;5078
DOW,Long,523,2013-11-19T21:00:00Z,45.727876,2013-12-03T21:00:00Z,45.601872,-65.9,9.3961,-718.91,35.95,754.85,14.0,False,4890;5079
INTC,Long,1309,2013-11-18T21:00:00Z,18.258567,2013-12-03T21:00:00Z,17.633834,-817.78,9.3733,-973.54,652.27,1625.82,15.0,False,4863;5080
MRK,Long,750,2013-11-26T21:00:00Z,31.718653,2013-12-03T21:00:00Z,31.801686,62.27,9.5175,0.0,249.1,201.2,7.0,True,5006;5081
MS,Short,1050,2013-12-02T21:00:00Z,22.775658,2013-12-03T21:00:00Z,22.544653,242.56,9.4597,0.0,439.63,197.08,1.0,True,5072;5082
PEP,Long,417,2013-11-27T21:00:00Z,56.887329,2013-12-03T21:00:00Z,56.287735,-250.03,9.4512,-250.03,0.0,250.03,6.0,False,5028;5083
PG,Short,403,2013-11-18T21:00:00Z,59.112014,2013-12-03T21:00:00Z,58.11449,402.0,9.4681,-188.35,402.0,300.8,15.0,True,4862;5084
PRU,Short,454,2013-12-02T21:00:00Z,52.283343,2013-12-03T21:00:00Z,52.406805,-56.05,9.4605,-56.05,312.29,368.34,1.0,False,5075;5085
SPY,Short,440,2013-11-18T21:00:00Z,144.938783,2013-12-03T21:00:00Z,144.585254,155.55,21.0399,-335.85,1916.13,1000.49,15.0,True,4852;5089
SPY,Short,288,2013-11-22T21:00:00Z,144.593289,2013-12-03T21:00:00Z,144.585254,2.31,8.6004,-319.33,1154.69,319.33,11.0,True,4944;5089
AAPL,Short,1484,2013-10-28T20:00:00Z,16.256553,2013-12-04T21:00:00Z,17.473825,-1806.43,10.0067,-1841.27,627.59,2468.87,37.0417,False,4547;5090
ADP,Short,398,2013-11-29T18:00:00Z,59.788699,2013-12-04T21:00:00Z,59.394668,156.82,9.4302,0.0,322.53,227.84,5.125,True,5053;5091
EBAY,Long,1307,2013-11-26T21:00:00Z,18.264516,2013-12-04T21:00:00Z,19.036517,1009.01,9.6874,0.0,1319.47,407.48,8.0,True,4980;5092
ABBV,Long,815,2013-11-29T18:00:00Z,29.278705,2013-12-04T21:00:00Z,30.076721,650.38,9.669,-34.49,758.78,147.81,5.125,True,5049;5093
HD,Short,399,2013-12-02T21:00:00Z,59.222029,2013-12-04T21:00:00Z,57.869928,539.49,4.6304,0.0,539.49,0.0,2.0,True,5069;5094
HPQ,Long,2901,2013-12-02T21:00:00Z,8.161011,2013-12-04T21:00:00Z,8.379396,633.53,9.6245,0.0,737.68,104.14,2.0,True,5074;5095
KMB,Short,362,2013-12-03T21:00:00Z,65.259727,2013-12-04T21:00:00Z,64.779026,174.01,9.3742,0.0,352.68,178.67,1.0,True,5087;5096
KO,Short,877,2013-12-02T21:00:00Z,27.036656,2013-12-04T21:00:00Z,26.996272,35.42,9.4974,-118.05,35.42,118.05,2.0,True,5066;5097
LOW,Long,625,2013-11-22T21:00:00Z,38.231811,2013-12-04T21:00:00Z,36.660315,-982.19,9.4012,-982.19,0.0,982.19,12.0,False,4941;5098
MA,Short,336,2013-12-02T21:00:00Z,70.484908,2013-12-04T21:00:00Z,69.668709,274.24,9.369,0.0,375.1,100.86,2.0,True,5070;5099
SBUX,Short,755,2013-12-03T21:00:00Z,31.333572,2013-12-04T21:00:00Z,31.054189,210.93,9.3778,0.0,366.21,155.27,1.0,True,5086;5100
V,Long,528,2013-11-04T21:00:00Z,45.406982,2013-12-04T21:00:00Z,45.961328,292.69,9.595,-429.84,704.15,554.63,30.0,True,4646;5101
GILD,Long,467,2013-11-29T18:00:00Z,51.315198,2013-12-04T21:00:00Z,49.05621,-1054.95,14.1361,-1054.95,0.0,1054.95,5.125,False,5048;5105
ACN,Long,392,2013-12-04T21:00:00Z,59.440538,2013-12-05T21:00:00Z,59.79393,138.53,9.3498,0.0,138.53,0.0,1.0,True,5110;5114
AXP,Short,333,2013-12-04T21:00:00Z,70.644431,2013-12-05T21:00:00Z,70.930509,-95.26,9.4726,-162.51,0.0,162.51,1.0,False,5106;5115
BK,Short,969,2013-12-04T21:00:00Z,24.431776,2013-12-05T21:00:00Z,24.453913,-21.45,9.5098,-21.45,0.0,21.45,1.0,False,5113;5116
FB,Long,509,2013-12-02T21:00:00Z,46.445164,2013-12-05T21:00:00Z,47.732831,655.42,4.8743,-80.67,872.22,216.79,3.0,True,5068;5117
FDX,Short,318,2013-11-22T21:00:00Z,74.963053,2013-12-05T21:00:00Z,74.854489,34.52,9.5039,-355.59,151.9,507.49,13.0,True,4960;5118
GILD,Short,480,2013-12-04T21:00:00Z,49.05621,2013-12-05T21:00:00Z,49.452044,-190.0,4.7952,-429.14,0.0,429.14,1.0,False,5105;5119
KMI,Long,1273,2013-11-27T21:00:00Z,18.647115,2013-12-05T21:00:00Z,17.397727,-1590.47,9.1214,-1882.06,0.0,1882.06,8.0,False,5035;5120
PSX,Long,525,2013-11-29T18:00:00Z,45.214996,2013-12-05T21:00:00Z,45.079409,-71.18,9.4463,-149.15,450.83,599.97,6.125,False,5051;5121
PRU,Short,460,2013-12-04T21:00:00Z,51.577844,2013-12-05T21:00:00Z,51.477899,45.98,9.4876,0.0,45.98,0.0,1.0,True,5112;5122
TMO,Long,245,2013-12-03T21:00:00Z,96.328737,2013-12-05T21:00:00Z,95.820735,-124.46,9.4332,-133.85,0.0,133.85,2.0,False,5088;5123
SPY,Short,8,2013-11-22T21:00:00Z,144.593289,2013-12-05T21:00:00Z,144.159413,3.47,7.1627,-8.87,32.07,8.87,13.0,True,4944;5138
SPY,Short,217,2013-11-26T21:00:00Z,145.228034,2013-12-05T21:00:00Z,144.159413,231.89,6.2991,-102.87,1007.77,102.87,9.0,True,4986;5138
SPY,Short,24,2013-11-27T21:00:00Z,145.332486,2013-12-05T21:00:00Z,144.159413,28.15,18.8601,-8.87,113.96,8.87,8.0,True,5037;5138
ADP,Short,402,2013-12-05T21:00:00Z,58.69582,2013-12-06T21:00:00Z,59.067547,-149.43,9.4556,-212.2,0.0,212.2,1.0,False,5133;5139
AMZN,Short,1237,2013-12-04T21:00:00Z,19.118044,2013-12-06T21:00:00Z,19.371947,-314.08,9.5385,-314.08,0.0,314.08,2.0,False,5102;5140
CAT,Short,387,2013-12-05T21:00:00Z,61.295856,2013-12-06T21:00:00Z,62.121217,-319.41,9.6056,-446.62,0.0,446.62,1.0,False,5129;5141
CSCO,Long,1640,2013-12-04T21:00:00Z,14.353248,2013-12-06T21:00:00Z,14.394101,67.0,9.4984,-189.83,223.33,189.83,2.0,True,5104;5142
GS,Long,179,2013-12-02T21:00:00Z,133.018268,2013-12-06T21:00:00Z,131.359452,-296.93,9.4381,-621.87,0.0,621.87,4.0,False,5071;5143
INTC,Long,1344,2013-12-05T21:00:00Z,17.745393,2013-12-06T21:00:00Z,18.556059,1089.53,9.8118,0.0,1089.53,0.0,1.0,True,5124;5144
KMB,Short,369,2013-12-05T21:00:00Z,64.180591,2013-12-06T21:00:00Z,64.735839,-204.89,9.5377,-352.86,0.0,352.86,1.0,False,5132;5145
NEE,Long,1580,2013-12-05T21:00:00Z,14.989008,2013-12-06T21:00:00Z,15.022892,53.54,9.4798,0.0,163.43,109.89,1.0,True,5135;5146
PEP,Long,420,2013-12-04T21:00:00Z,56.298502,2013-12-06T21:00:00Z,55.939005,-150.99,9.4462,-313.37,42.73,313.37,2.0,False,5103;5147
C,Short,611,2013-12-02T21:00:00Z,38.841095,2013-12-09T21:00:00Z,38.12263,438.98,9.3826,0.0,860.05,470.34,7.0,True,5067;5157
EMR,Long,494,2013-11-19T21:00:00Z,48.355116,2013-12-09T21:00:00Z,48.140491,-106.02,4.781,-402.89,144.9,547.8,20.0,False,4891;5158
GILD,Long,475,2013-12-06T21:00:00Z,50.48258,2013-12-09T21:00:00Z,51.868001,658.08,9.6721,0.0,658.08,0.0,3.0,True,5152;5159
HAL,Short,573,2013-11-26T21:00:00Z,41.401982,2013-12-09T21:00:00Z,39.950532,831.68,9.3138,-40.6,1143.84,312.16,13.0,True,5010;5160
KFT,Short,917,2013-12-05T21:00:00Z,25.695121,2013-12-09T21:00:00Z,26.480166,-719.89,9.5648,-726.81,0.0,726.81,4.0,False,5127;5161
KO,Short,885,2013-12-06T21:00:00Z,26.97608,2013-12-09T21:00:00Z,27.198189,-196.57,9.6329,-196.57,0.0,196.57,3.0,False,5148;5162
NOV,Long,395,2013-12-05T21:00:00Z,59.791163,2013-12-09T21:00:00Z,59.387912,-159.28,9.3717,-393.87,11.58,405.45,4.0,False,5137;5163
OXY,Long,387,2013-12-06T21:00:00Z,62.081879,2013-12-09T21:00:00Z,61.111437,-375.56,9.4933,-375.56,0.0,375.56,3.0,False,5153;5164
V,Long,516,2013-12-06T21:00:00Z,46.369195,2013-12-09T21:00:00Z,46.027407,-176.36,9.4874,-224.57,0.0,224.57,3.0,False,5150;5165
APA,Long,360,2013-12-09T21:00:00Z,65.942963,2013-12-10T21:00:00Z,65.831861,-40.0,9.4329,-303.98,0.0,303.98,1.0,False,5177;5179
COP,Long,515,2013-12-09T21:00:00Z,46.014311,2013-12-10T21:00:00Z,45.708287,-157.6,9.4394,-157.6,0.0,157.6,1.0,False,5169;5180
CSCO,Long,1640,2013-12-09T21:00:00Z,14.489426,2013-12-10T21:00:00Z,14.496235,11.17,9.476,-78.17,11.17,78.17,1.0,True,5168;5181
DUK,Long,572,2013-11-14T21:00:00Z,42.026159,2013-12-10T21:00:00Z,41.204782,-469.83,9.5169,-625.31,229.84,855.15,26.0,False,4825;5182
PSX,Short,516,2013-12-09T21:00:00Z,46.854951,2013-12-10T21:00:00Z,46.067256,406.45,9.5569,0.0,406.45,0.0,1.0,True,5175;5183
TJX,Long,905,2013-12-09T21:00:00Z,26.459002,2013-12-10T21:00:00Z,26.08871,-335.11,9.4624,-335.11,0.0,335.11,1.0,False,5174;5184
AMZN,Short,1231,2013-12-09T21:00:00Z,19.359975,2013-12-11T21:00:00Z,19.321565,47.28,9.4206,0.0,363.52,316.24,2.0,True,5166;5195
DIS,Long,387,2013-11-18T21:00:00Z,61.72585,2013-12-11T21:00:00Z,63.224264,579.89,9.5524,-310.41,579.89,436.62,23.0,True,4838;5196
GILD,Long,462,2013-12-10T21:00:00Z,51.185527,2013-12-11T21:00:00Z,49.793281,-643.22,9.0441,-1384.18,0.0,1384.18,1.0,False,5186;5197
GS,Long,181,2013-12-09T21:00:00Z,131.453347,2013-12-11T21:00:00Z,132.634862,213.85,9.4965,-56.65,245.01,301.66,2.0,True,5170;5198
HAL,Short,602,2013-12-10T21:00:00Z,39.042565,2013-12-11T21:00:00Z,39.129414,-52.28,9.3558,-52.28,218.64,270.92,1.0,False,5192;5199
ITW,Long,396,2013-12-09T21:00:00Z,59.877238,2013-12-11T21:00:00Z,59.482819,-156.19,9.3443,-518.67,0.0,518.67,2.0,False,5176;5200
MA,Short,342,2013-12-05T21:00:00Z,69.506581,2013-12-11T21:00:00Z,73.559781,-1386.19,9.7724,-1386.19,0.0,1386.19,6.0,False,5126;5201
MET,Long,1542,2013-12-10T21:00:00Z,15.315317,2013-12-11T21:00:00Z,15.428521,174.56,9.4887,0.0,174.56,0.0,1.0,True,5189;5202
MMM,Long,391,2013-12-10T21:00:00Z,60.38418,2013-12-11T21:00:00Z,60.728371,134.58,9.3773,-239.66,134.58,239.66,1.0,True,5187;5203
MS,Short,1062,2013-12-04T21:00:00Z,22.190926,2013-12-11T21:00:00Z,22.16927,23.0,9.3914,-23.0,475.32,452.32,7.0,True,5109;5204
ORCL,Short,808,2013-12-10T21:00:00Z,29.203499,2013-12-11T21:00:00Z,28.840518,293.29,9.2466,0.0,559.92,266.63,1.0,True,5185;5205
PCLN,Short,515,2013-12-09T21:00:00Z,46.226446,2013-12-11T21:00:00Z,46.598818,-191.77,9.4851,-191.77,99.61,291.38,2.0,False,5171;5206
PNC,Short,473,2013-11-13T21:00:00Z,50.484497,2013-12-11T21:00:00Z,52.148671,-787.15,9.662,-1122.66,0.0,1122.66,28.0,False,4810;5207
EMR,Short,490,2013-12-10T21:00:00Z,48.319345,2013-12-11T21:00:00Z,48.204878,56.09,14.065,0.0,399.63,343.54,1.0,True,5190;5217
TXN,Long,771,2013-12-09T21:00:00Z,30.846212,2013-12-11T21:00:00Z,30.775399,-54.6,14.12,-409.48,0.0,409.48,2.0,False,5173;5218
BIIB,Long,83,2013-12-10T21:00:00Z,286.83,2013-12-12T21:00:00Z,278.2,-716.29,9.3475,-743.68,0.0,743.68,2.0,False,5188;5223
CL,Short,484,2013-11-27T21:00:00Z,49.24272,2013-12-12T21:00:00Z,48.387683,413.84,9.3419,0.0,813.28,413.84,15.0,True,5030;5224
FB,Long,495,2013-12-06T21:00:00Z,48.515337,2013-12-12T21:00:00Z,50.545889,1005.12,9.7835,-68.64,1397.37,426.56,6.0,True,5151;5225
COP,Long,519,2013-12-11T21:00:00Z,45.773399,2013-12-12T21:00:00Z,45.070194,-364.96,9.3667,-364.96,0.0,364.96,1.0,False,5212;5226
CSCO,Long,1647,2013-12-11T21:00:00Z,14.298776,2013-12-12T21:00:00Z,14.183024,-190.64,9.2832,-549.5,0.0,549.5,1.0,False,5210;5227
ABBV,Short,754,2013-12-11T21:00:00Z,31.890392,2013-12-12T21:00:00Z,31.727162,123.08,9.578,0.0,164.1,41.03,1.0,True,5213;5228
KMB,Short,367,2013-12-11T21:00:00Z,64.877736,2013-12-12T21:00:00Z,64.853059,9.06,9.4738,0.0,301.14,292.08,1.0,True,5219;5229
KO,Short,887,2013-12-11T21:00:00Z,26.915505,2013-12-12T21:00:00Z,26.915505,0.0,9.4732,0.0,465.66,465.66,1.0,False,5208;5230
MO,Short,1440,2013-12-11T21:00:00Z,16.524787,2013-12-12T21:00:00Z,16.648667,-178.39,9.5399,-178.39,95.57,273.95,1.0,False,5215;5231
OXY,Long,389,2013-12-11T21:00:00Z,60.972802,2013-12-12T21:00:00Z,60.365451,-236.26,9.3872,-287.62,0.0,287.62,1.0,False,5214;5232
PEP,Long,421,2013-12-09T21:00:00Z,56.244238,2013-12-12T21:00:00Z,56.054315,-79.96,9.3659,-468.32,0.0,468.32,3.0,False,5167;5233
SBUX,Short,769,2013-12-05T21:00:00Z,30.871814,2013-12-12T21:00:00Z,29.571907,999.63,9.3219,-113.39,999.63,113.39,7.0,True,5128;5234
V,Long,523,2013-12-11T21:00:00Z,45.888413,2013-12-12T21:00:00Z,46.713261,431.4,9.7505,0.0,431.4,0.0,1.0,True,5209;5235
HD,Short,409,2013-12-05T21:00:00Z,57.958742,2013-12-12T21:00:00Z,58.462024,-205.84,14.2171,-463.14,0.0,463.14,7.0,False,5125;5238
TXN,Short,773,2013-12-11T21:00:00Z,30.775399,2013-12-12T21:00:00Z,29.975211,618.55,9.3421,0.0,618.55,0.0,1.0,True,5218;5245
EMR,Long,492,2013-12-11T21:00:00Z,48.204878,2013-12-12T21:00:00Z,47.425072,-383.66,9.445,-383.66,0.0,383.66,1.0,False,5217;5246
AMZN,Short,1244,2013-12-12T21:00:00Z,19.018278,2013-12-13T21:00:00Z,19.220802,-251.94,9.5004,-251.94,0.0,251.94,1.0,False,5236;5249
AXP,Short,331,2013-12-11T21:00:00Z,71.755087,2013-12-13T21:00:00Z,70.105931,545.87,9.3344,0.0,551.44,105.83,2.0,True,5211;5250
DIS,Long,381,2013-12-12T21:00:00Z,61.898976,2013-12-13T21:00:00Z,62.416511,197.18,9.4681,0.0,197.18,0.0,1.0,True,5237;5251
EMR,Short,499,2013-12-12T21:00:00Z,47.425072,2013-12-13T21:00:00Z,47.696931,-135.66,4.7266,-135.66,32.13,167.79,1.0,False,5246;5252
KFT,Short,925,2013-12-11T21:00:00Z,25.8008,2013-12-13T21:00:00Z,25.830994,-27.93,9.4862,-27.93,230.42,258.35,2.0,False,5216;5253
MET,Short,1548,2013-12-12T21:00:00Z,15.312338,2013-12-13T21:00:00Z,15.348086,-55.34,9.4417,-55.34,106.07,161.41,1.0,False,5244;5254
PNC,Short,460,2013-12-12T21:00:00Z,51.459812,2013-12-13T21:00:00Z,51.746269,-131.77,9.4874,-131.77,21.96,153.73,1.0,False,5247;5255
QCOM,Long,473,2013-11-19T21:00:00Z,50.518615,2013-12-13T21:00:00Z,51.79633,604.36,9.6103,-318.65,704.41,393.54,24.0,True,4884;5256
TXN,Long,782,2013-12-12T21:00:00Z,29.975211,2013-12-13T21:00:00Z,30.201813,177.2,4.646,-210.43,177.2,210.43,1.0,True,5245;5257
UNH,Short,406,2013-12-12T21:00:00Z,58.370798,2013-12-13T21:00:00Z,57.570312,325.0,9.2897,0.0,561.36,236.36,1.0,True,5242;5258
UPS,Short,375,2013-12-12T21:00:00Z,63.128538,2013-12-13T21:00:00Z,63.31023,-68.13,9.5073,-145.67,0.0,145.67,1.0,False,5239;5259
SPY,Short,581,2013-11-27T21:00:00Z,145.332486,2013-12-13T21:00:00Z,143.396112,1125.03,16.629,-280.09,2758.9,1153.04,16.0,True,5037;5268
BLK,Long,108,2013-11-18T21:00:00Z,222.117866,2013-12-17T21:00:00Z,222.431887,33.91,9.5442,-971.14,145.15,1116.29,29.0,True,4843;5269
BMY,Short,708,2013-12-12T21:00:00Z,33.448412,2013-12-17T21:00:00Z,33.706165,-182.49,9.5138,-229.28,0.0,229.28,5.0,False,5241;5270
DOW,Long,535,2013-12-04T21:00:00Z,44.261652,2013-12-17T21:00:00Z,47.640841,1807.87,9.939,-18.39,2181.7,625.09,13.0,True,5111;5271
LOW,Long,638,2013-12-05T21:00:00Z,37.033347,2013-12-17T21:00:00Z,37.469874,278.5,9.4448,-5.06,668.41,673.47,12.0,True,5130;5272
WMT,Short,1174,2013-11-07T21:00:00Z,20.3705,2013-12-17T21:00:00Z,20.379022,-10.01,9.4938,-923.69,149.97,994.04,40.0,False,4725;5273
SPY,Short,43,2013-11-27T21:00:00Z,145.332486,2013-12-17T21:00:00Z,144.119239,52.17,9.3531,-20.73,204.19,85.34,20.0,True,5037;5280
SPY,Short,283,2013-11-29T18:00:00Z,145.702084,2013-12-17T21:00:00Z,144.119239,447.95,19.5672,-31.83,1448.43,561.64,18.125,True,5056;5280
AIG,Short,644,2013-12-13T21:00:00Z,36.922583,2013-12-18T21:00:00Z,36.795701,81.71,9.6112,-389.33,81.71,427.79,5.0,True,5262;5297
APA,Long,365,2013-12-11T21:00:00Z,65.113399,2013-12-18T21:00:00Z,63.180217,-705.61,9.3157,-711.02,0.0,711.02,7.0,False,5221;5298
CL,Short,499,2013-12-13T21:00:00Z,47.681348,2013-12-18T21:00:00Z,47.421119,129.85,9.5439,-189.22,204.06,393.27,5.0,True,5265;5299
COST,Long,254,2013-12-17T21:00:00Z,93.752367,2013-12-18T21:00:00Z,93.442954,-78.59,9.5136,-78.59,66.5,145.09,1.0,False,5279;5300
EBAY,Long,1244,2013-12-12T21:00:00Z,19.017959,2013-12-18T21:00:00Z,19.611807,738.75,9.6499,0.0,872.64,244.71,6.0,True,5243;5301
HD,Long,405,2013-12-12T21:00:00Z,58.462024,2013-12-18T21:00:00Z,58.336203,-50.96,4.799,-110.91,317.73,368.69,6.0,False,5238;5302
KFT,Short,931,2013-12-17T21:00:00Z,25.642282,2013-12-18T21:00:00Z,25.763058,-112.44,9.642,-470.85,0.0,470.85,1.0,False,5278;5303
KMB,Short,371,2013-12-13T21:00:00Z,64.174421,2013-12-18T21:00:00Z,63.699375,176.24,9.5702,-256.35,290.69,547.04,5.0,True,5267;5304
LMT,Long,241,2013-12-10T21:00:00Z,98.038189,2013-12-18T21:00:00Z,99.607252,378.14,9.6423,-212.92,855.08,476.94,8.0,True,5191;5305
MCD,Short,351,2013-12-13T21:00:00Z,67.741246,2013-12-18T21:00:00Z,67.956776,-75.65,9.5996,-405.99,0.0,405.99,5.0,False,5261;5306
MS,Short,1080,2013-12-13T21:00:00Z,22.053767,2013-12-18T21:00:00Z,22.133175,-85.76,9.7783,-834.22,23.39,857.61,5.0,False,5264;5307
PCLN,Short,517,2013-12-13T21:00:00Z,46.186201,2013-12-18T21:00:00Z,45.381284,416.14,9.5319,-120.4,426.85,547.25,5.0,True,5263;5308
WFC,Short,770,2013-12-17T21:00:00Z,30.738044,2013-12-18T21:00:00Z,30.836429,-75.76,9.5799,-643.92,0.0,643.92,1.0,False,5274;5309
TMO,Long,247,2013-12-06T21:00:00Z,96.415002,2013-12-18T21:00:00Z,98.66031,554.59,9.9097,-50.01,1417.63,863.04,12.0,True,5155;5310
BK,Long,979,2013-12-12T21:00:00Z,24.247302,2013-12-20T21:00:00Z,25.088505,823.54,9.6397,0.0,823.54,202.27,8.0,True,5248;5318
CVX,Short,342,2013-12-18T21:00:00Z,69.916567,2013-12-20T21:00:00Z,72.17194,-771.34,9.7922,-775.34,0.0,775.34,2.0,False,5290;5320
PSX,Short,508,2013-12-18T21:00:00Z,46.906603,2013-12-20T21:00:00Z,47.203603,-150.88,9.7092,-452.63,0.0,452.63,2.0,False,5294;5324
OXY,Short,400,2013-12-18T21:00:00Z,59.995759,2013-12-20T21:00:00Z,61.28308,-514.93,9.7752,-541.33,0.0,541.33,2.0,False,5291;5326
SPY,Short,269,2013-11-29T18:00:00Z,145.702084,2013-12-20T21:00:00Z,145.959896,-69.35,7.8922,-267.11,1376.78,965.23,21.125,False,5056;5333
ADP,Long,407,2013-12-11T21:00:00Z,58.570671,2013-12-20T21:00:00Z,59.408463,340.98,9.584,-389.69,508.43,389.69,9.0,True,5220;5334
COF,Short,412,2013-12-05T21:00:00Z,57.501954,2013-12-20T21:00:00Z,58.783313,-527.92,9.6173,-813.19,259.04,1072.23,15.0,False,5131;5335
CSCO,Long,1673,2013-12-18T21:00:00Z,14.21026,2013-12-20T21:00:00Z,14.346439,227.83,9.5961,0.0,284.78,56.96,2.0,True,5314;5336
ETN,Long,448,2013-12-18T21:00:00Z,53.080031,2013-12-20T21:00:00Z,53.961687,394.98,9.7593,0.0,734.93,339.94,2.0,True,5295;5337
DHR,Long,572,2013-12-18T21:00:00Z,41.624198,2013-12-20T21:00:00Z,42.498328,500.0,9.7714,0.0,579.62,79.62,2.0,True,5293;5338
F,Long,2698,2013-12-04T21:00:00Z,8.823305,2013-12-20T21:00:00Z,8.16953,-1763.88,9.1865,-1864.27,387.19,2251.46,16.0,False,5108;5339
HAL,Short,607,2013-12-13T21:00:00Z,38.892553,2013-12-20T21:00:00Z,39.176786,-172.53,9.5783,-613.44,0.0,613.44,7.0,False,5266;5340
LLY,Short,612,2013-12-18T21:00:00Z,38.914392,2013-12-20T21:00:00Z,39.728401,-498.17,9.742,-498.17,0.0,498.17,2.0,False,5292;5341
LVS,Short,454,2013-12-06T21:00:00Z,52.808154,2013-12-20T21:00:00Z,53.632703,-374.35,9.603,-683.92,18.87,702.79,14.0,False,5154;5342
PFE,Long,1442,2013-12-18T21:00:00Z,16.592239,2013-12-20T21:00:00Z,16.827862,339.77,9.6431,-23.7,339.77,363.47,2.0,True,5312;5343
PX,Long,235,2013-11-29T18:00:00Z,100.991642,2013-12-20T21:00:00Z,101.850715,201.88,9.548,-640.82,313.11,640.82,21.125,True,5054;5344
SO,Long,1004,2013-12-05T21:00:00Z,23.586117,2013-12-20T21:00:00Z,23.522806,-63.56,9.4768,-496.95,254.26,751.21,15.0,False,5136;5345
T,Long,1854,2013-11-27T21:00:00Z,12.814719,2013-12-20T21:00:00Z,12.538665,-511.8,9.3889,-963.0,0.0,963.0,23.0,False,5027;5346
ACN,Long,400,2013-12-09T21:00:00Z,59.401272,2013-12-20T21:00:00Z,62.573947,1269.07,14.6008,-534.01,1542.36,534.01,11.0,True,5172;5352
SPY,Short,121,2013-11-29T18:00:00Z,145.702084,2013-12-20T21:00:00Z,145.959896,-31.2,34.2386,-120.15,619.29,434.17,21.125,False,5056;5356
SPY,Short,415,2013-12-06T21:00:00Z,145.211964,2013-12-20T21:00:00Z,145.959896,-310.39,12.0673,-615.49,1920.63,1489.11,14.0,False,5156;5356
SPY,Short,631,2013-12-09T21:00:00Z,145.81457,2013-12-20T21:00:00Z,145.959896,-91.7,21.0755,-555.59,3300.52,2264.16,11.0,False,5178;5356
ACN,Short,381,2013-12-20T21:00:00Z,62.573947,2013-12-23T21:00:00Z,63.225759,-248.34,4.88,-559.51,0.0,559.51,3.0,False,5352;5357
AMZN,Short,1209,2013-12-20T21:00:00Z,19.795451,2013-12-23T21:00:00Z,20.126173,-399.84,9.7111,-399.84,0.0,399.84,3.0,False,5347;5358
CAT,Short,375,2013-12-18T21:00:00Z,63.57473,2013-12-23T21:00:00Z,65.225452,-619.02,9.7581,-799.8,0.0,799.8,5.0,False,5315;5359
EOG,Short,406,2013-12-20T21:00:00Z,58.910702,2013-12-23T21:00:00Z,59.936317,-416.4,9.6832,-416.4,0.0,416.4,3.0,False,5332;5360
HD,Long,402,2013-12-20T21:00:00Z,59.43158,2013-12-23T21:00:00Z,59.43158,0.0,9.5625,0.0,77.36,77.36,3.0,False,5329;5361
IBM,Long,231,2013-11-27T21:00:00Z,103.118918,2013-12-23T21:00:00Z,104.845291,398.79,9.6674,-695.88,566.07,920.7,26.0,True,5026;5362
ITW,Long,391,2013-12-20T21:00:00Z,61.008401,2013-12-23T21:00:00Z,61.328401,125.12,9.5772,0.0,209.5,84.38,3.0,True,5355;5363
MDT,Long,578,2013-12-20T21:00:00Z,41.178434,2013-12-23T21:00:00Z,41.322642,83.35,9.5263,0.0,120.86,37.51,3.0,True,5331;5364
MO,Long,1445,2013-12-17T21:00:00Z,16.480544,2013-12-23T21:00:00Z,17.154154,973.37,9.7266,0.0,973.37,0.0,6.0,True,5276;5365
VZ,Long,924,2013-11-29T18:00:00Z,25.791887,2013-12-23T21:00:00Z,24.982184,-748.17,9.3592,-1167.52,0.0,1167.52,24.125,False,5047;5366
SPY,Short,92,2013-12-09T21:00:00Z,145.81457,2013-12-23T21:00:00Z,147.36561,-142.7,4.1882,-152.36,481.22,401.47,14.0,False,5178;5381
SPY,Short,50,2013-12-11T21:00:00Z,145.276242,2013-12-23T21:00:00Z,147.36561,-104.47,6.4619,-109.72,234.61,218.19,12.0,False,5222;5381
BK,Short,953,2013-12-20T21:00:00Z,25.088505,2013-12-24T18:00:00Z,25.361527,-260.19,9.6045,-288.32,0.0,288.32,3.875,False,5354;5382
FB,Short,438,2013-12-18T21:00:00Z,54.339554,2013-12-24T18:00:00Z,57.717204,-1479.41,9.8509,-1479.41,0.0,1479.41,5.875,False,5313;5383
CVS,Long,504,2013-12-04T21:00:00Z,46.832355,2013-12-24T18:00:00Z,49.721501,1456.13,9.739,-209.54,1605.29,468.8,19.875,True,5107;5384
CVX,Short,331,2013-12-23T21:00:00Z,72.283244,2013-12-24T18:00:00Z,71.884892,131.85,9.5521,-23.27,131.85,23.27,0.875,True,5367;5385
EPD,Long,1771,2013-12-23T21:00:00Z,13.450219,2013-12-24T18:00:00Z,13.647732,349.8,9.6817,0.0,418.23,68.44,0.875,True,5374;5386
GILD,Long,468,2013-12-23T21:00:00Z,51.383445,2013-12-24T18:00:00Z,51.062682,-150.12,9.5787,-150.12,0.0,150.12,0.875,False,5371;5387
PSX,Short,498,2013-12-23T21:00:00Z,48.101059,2013-12-24T18:00:00Z,48.256016,-77.17,9.5914,-77.17,0.0,77.17,0.875,False,5378;5388
KO,Short,900,2013-12-13T21:00:00Z,26.585708,2013-12-24T18:00:00Z,27.023194,-393.74,9.6217,-417.97,242.3,660.27,10.875,False,5260;5389
NEE,Long,1583,2013-12-10T21:00:00Z,15.010409,2013-12-24T18:00:00Z,15.067476,90.34,9.4611,-499.68,183.5,499.68,13.875,True,5193;5390
SBUX,Long,791,2013-12-23T21:00:00Z,30.239322,2013-12-24T18:00:00Z,30.305287,52.18,9.6309,0.0,196.44,144.26,0.875,True,5373;5391
TXN,Long,792,2013-12-20T21:00:00Z,30.173487,2013-12-24T18:00:00Z,30.66918,392.59,9.6767,0.0,459.89,67.3,3.875,True,5353;5392
FCX,Long,805,2013-12-10T21:00:00Z,29.690009,2013-12-26T21:00:00Z,31.07787,1117.23,9.8494,-397.54,1432.52,397.54,16.0,True,5194;5399
KMI,Long,1287,2013-12-24T18:00:00Z,18.511764,2013-12-26T21:00:00Z,18.542999,40.2,9.5433,0.0,100.5,60.3,2.125,True,5398;5400
KFT,Long,917,2013-12-20T21:00:00Z,26.110289,2013-12-26T21:00:00Z,26.200871,83.06,9.6326,0.0,221.5,138.44,6.0,True,5351;5401
LLY,Short,600,2013-12-23T21:00:00Z,39.91017,2013-12-26T21:00:00Z,40.091939,-109.06,9.6297,-232.35,0.0,232.35,3.0,False,5376;5402
T,Short,1913,2013-12-23T21:00:00Z,12.524136,2013-12-26T21:00:00Z,12.702118,-340.48,9.7072,-472.5,0.0,472.5,3.0,False,5370;5403
TGT,Short,564,2013-12-24T18:00:00Z,42.015972,2013-12-26T21:00:00Z,42.090903,-42.26,9.5426,-307.35,0.0,307.35,2.125,False,5397;5404
TJX,Short,901,2013-12-24T18:00:00Z,26.517912,2013-12-26T21:00:00Z,26.593653,-68.24,9.6056,-238.85,0.0,238.85,2.125,False,5396;5405
GM,Long,785,2013-12-23T21:00:00Z,30.35108,2013-12-26T21:00:00Z,30.484426,104.68,14.4482,-52.34,319.85,215.17,3.0,True,5375;5411
BAX,Long,800,2013-11-29T18:00:00Z,29.822783,2013-12-27T21:00:00Z,30.449865,501.67,9.6584,-823.16,554.38,823.16,28.125,True,5055;5414
GM,Short,783,2013-12-26T21:00:00Z,30.484426,2013-12-27T21:00:00Z,30.595548,-87.01,4.7495,-87.01,121.81,208.82,1.0,False,5411;5415
SPY,Short,175,2013-12-11T21:00:00Z,145.276242,2013-12-30T21:00:00Z,148.58551,-579.12,27.8001,-579.12,821.15,958.76,19.0,False,5222;5419
SPY,Short,184,2013-12-18T21:00:00Z,143.773745,2013-12-30T21:00:00Z,148.58551,-885.36,5.3725,-885.36,586.92,885.36,12.0,False,5296;5419
SPY,Short,577,2013-12-18T21:00:00Z,143.773745,2013-12-30T21:00:00Z,148.58551,-2776.39,16.8474,-2776.39,1840.51,2776.39,12.0,False,5316;5419
BIIB,Long,87,2013-12-17T21:00:00Z,274.55,2013-12-30T21:00:00Z,278.39,334.08,9.5888,0.0,670.77,442.83,13.0,True,5277;5420
CSCO,Long,1619,2013-12-24T18:00:00Z,14.59837,2013-12-30T21:00:00Z,14.993288,639.37,9.6876,0.0,892.92,253.54,6.125,True,5394;5421
JNJ,Long,370,2013-12-18T21:00:00Z,64.559763,2013-12-30T21:00:00Z,65.397095,309.81,9.7113,0.0,406.96,97.14,12.0,True,5311;5422
MCK,Long,159,2013-12-05T21:00:00Z,148.441501,2013-12-30T21:00:00Z,146.971332,-233.76,9.3108,-845.01,68.24,913.25,25.0,False,5134;5423
MDT,Short,573,2013-12-27T21:00:00Z,41.510112,2013-12-30T21:00:00Z,41.47406,20.66,9.4835,0.0,82.63,61.97,3.0,True,5418;5424
OXY,Short,389,2013-12-23T21:00:00Z,61.652772,2013-12-30T21:00:00Z,62.669425,-395.48,9.6445,-395.48,0.0,395.48,7.0,False,5372;5425
PCLN,Long,514,2013-12-26T21:00:00Z,46.231917,2013-12-30T21:00:00Z,45.807968,-217.91,9.4102,-608.74,0.0,608.74,4.0,False,5409;5426
PFE,Long,1438,2013-12-23T21:00:00Z,16.674433,2013-12-30T21:00:00Z,16.740188,94.56,9.6195,-110.32,204.87,110.32,7.0,True,5369;5427
PM,Short,506,2013-12-24T18:00:00Z,46.817071,2013-12-30T21:00:00Z,47.742179,-468.1,9.5867,-479.25,0.0,479.25,6.125,False,5393;5428
SBUX,Long,775,2013-12-27T21:00:00Z,30.770926,2013-12-30T21:00:00Z,30.573029,-153.37,9.45,-225.54,0.0,225.54,3.0,False,5417;5429
SLB,Long,369,2013-11-20T21:00:00Z,64.951131,2013-12-30T21:00:00Z,63.98075,-358.07,9.4016,-1543.1,258.64,1801.74,40.0,False,4913;5430
AMZN,Short,1192,2013-12-26T21:00:00Z,20.010445,2013-12-31T21:00:00Z,19.682716,390.65,9.5514,0.0,462.6,322.27,5.0,True,5406;5438
FB,Short,432,2013-12-30T21:00:00Z,54.379175,2013-12-31T21:00:00Z,53.557049,355.16,9.2743,0.0,355.16,0.0,1.0,True,5431;5439
KMI,Long,1270,2013-12-30T21:00:00Z,18.75123,2013-12-31T21:00:00Z,18.902198,191.73,9.5481,-13.22,191.73,13.22,1.0,True,5437;5440
GM,Short,782,2013-12-30T21:00:00Z,30.35108,2013-12-31T21:00:00Z,30.151061,156.42,9.4498,0.0,156.42,0.0,1.0,True,5435;5441
HAL,Short,597,2013-12-23T21:00:00Z,40.218974,2013-12-31T21:00:00Z,39.911055,183.83,9.526,-127.27,254.53,249.82,8.0,True,5380;5442
ITW,Long,382,2013-12-26T21:00:00Z,62.184216,2013-12-31T21:00:00Z,62.639891,174.07,9.5639,0.0,268.35,94.29,5.0,True,5413;5443
MET,Long,1477,2013-12-30T21:00:00Z,16.080933,2013-12-31T21:00:00Z,16.018373,-92.4,9.4531,-92.4,0.0,92.4,1.0,False,5434;5444
ABT,Long,794,2013-12-31T21:00:00Z,29.901754,2014-01-02T21:00:00Z,29.660359,-191.67,9.4671,-191.67,0.0,191.67,2.0,False,5448;5450
AXP,Short,327,2013-12-20T21:00:00Z,72.958297,2014-01-02T21:00:00Z,76.525858,-1166.59,9.741,-1166.59,0.0,1166.59,13.0,False,5349;5451
CAT,Long,357,2013-12-26T21:00:00Z,66.43793,2014-01-02T21:00:00Z,65.985077,-161.67,9.4404,-284.22,0.0,284.22,7.0,False,5410;5452
CL,Long,488,2013-12-31T21:00:00Z,48.647912,2014-01-02T21:00:00Z,48.1795,-228.58,9.3974,-410.0,0.0,410.0,2.0,False,5447;5453
DIS,Short,349,2013-12-31T21:00:00Z,68.180781,2014-01-02T21:00:00Z,67.814937,127.68,9.5087,0.0,127.68,0.0,2.0,True,5445;5454
EPD,Long,1678,2013-12-31T21:00:00Z,14.160837,2014-01-02T21:00:00Z,14.212362,86.46,9.4774,-259.38,86.46,259.38,2.0,True,5446;5455
FCX,Short,743,2013-12-30T21:00:00Z,32.031493,2014-01-02T21:00:00Z,32.133666,-75.92,9.5274,-75.92,0.0,75.92,3.0,False,5436;5456
PSX,Short,491,2013-12-26T21:00:00Z,48.423885,2014-01-02T21:00:00Z,49.895971,-722.79,9.61,-722.79,88.76,811.56,7.0,False,5412;5457
MS,Long,1057,2013-12-27T21:00:00Z,22.436369,2014-01-02T21:00:00Z,22.63128,206.02,9.4754,-175.5,213.65,251.8,6.0,True,5416;5458
V,Short,503,2013-12-17T21:00:00Z,47.499372,2014-01-02T21:00:00Z,50.470647,-1494.55,9.9544,-1629.79,0.0,1629.79,16.0,False,5275;5459
UNP,Short,378,2013-12-30T21:00:00Z,62.667958,2014-01-02T21:00:00Z,63.616156,-358.42,14.2237,-358.42,0.0,358.42,3.0,False,5433;5464
SPY,Short,471,2013-12-31T21:00:00Z,148.747087,2014-01-02T21:00:00Z,148.577431,79.91,32.0623,0.0,456.61,376.71,2.0,True,5449;5471
COF,Short,400,2013-12-23T21:00:00Z,59.650816,2014-01-03T21:00:00Z,61.47337,-729.02,9.7001,-760.86,0.0,760.86,11.0,False,5379;5472
FB,Short,437,2014-01-02T21:00:00Z,54.339554,2014-01-03T21:00:00Z,54.478226,-60.6,9.4596,-60.6,134.18,194.78,1.0,False,5461;5473
F,Long,2890,2014-01-02T21:00:00Z,8.206737,2014-01-03T21:00:00Z,8.249259,122.89,9.5054,0.0,122.89,0.0,1.0,True,5466;5474
KMB,Short,367,2014-01-02T21:00:00Z,64.359504,2014-01-03T21:00:00Z,64.359504,0.0,9.4276,-6.79,0.0,6.79,1.0,False,5469;5475
LOW,Short,625,2013-12-23T21:00:00Z,38.208001,2014-01-03T21:00:00Z,39.215981,-629.99,9.6582,-699.43,0.0,699.43,11.0,False,5377;5476
MCD,Short,340,2014-01-02T21:00:00Z,69.537333,2014-01-03T21:00:00Z,69.616361,-26.87,9.4263,-26.87,61.07,87.94,1.0,False,5463;5477
MMM,Long,397,2013-12-12T21:00:00Z,59.70523,2014-01-03T21:00:00Z,65.240564,2197.53,9.9218,-43.05,2549.43,393.08,22.0,True,5240;5478
OXY,Short,377,2014-01-02T21:00:00Z,62.392156,2014-01-03T21:00:00Z,62.035667,134.4,9.3266,0.0,246.39,112.0,1.0,True,5465;5479
PG,Long,417,2013-12-23T21:00:00Z,57.402969,2014-01-03T21:00:00Z,56.335689,-445.06,9.4108,-535.23,0.0,535.23,11.0,False,5368;5480
USB,Short,901,2013-12-26T21:00:00Z,26.422247,2014-01-03T21:00:00Z,26.018389,363.88,9.4488,0.0,363.88,99.96,8.0,True,5408;5481
SPY,Short,137,2013-12-31T21:00:00Z,148.747087,2014-01-07T21:00:00Z,147.939205,110.68,9.3952,0.0,194.8,118.43,7.0,True,5449;5503
SPY,Short,180,2014-01-03T21:00:00Z,148.036151,2014-01-07T21:00:00Z,147.939205,17.45,5.3188,-127.97,127.97,155.6,4.0,True,5490;5503
ACN,Short,372,2014-01-03T21:00:00Z,63.77548,2014-01-07T21:00:00Z,63.484913,108.09,9.519,-90.56,195.73,286.29,4.0,True,5485;5504
AMGN,Long,302,2013-12-20T21:00:00Z,78.688284,2014-01-07T21:00:00Z,79.458365,232.56,9.7402,-31.71,854.15,621.58,18.0,True,5350;5505
AXP,Short,314,2014-01-03T21:00:00Z,75.002913,2014-01-07T21:00:00Z,75.844319,-264.2,9.4637,-264.2,0.0,264.2,4.0,False,5484;5506
BK,Short,929,2014-01-03T21:00:00Z,25.538622,2014-01-07T21:00:00Z,25.900192,-335.9,9.5285,-335.9,47.99,383.88,4.0,False,5488;5507
FCX,Short,739,2014-01-03T21:00:00Z,31.946348,2014-01-07T21:00:00Z,31.580225,270.56,9.3087,0.0,541.13,270.56,4.0,True,5489;5508
MET,Long,1475,2014-01-02T21:00:00Z,15.952834,2014-01-07T21:00:00Z,16.039227,127.43,9.3647,-79.09,127.43,193.34,5.0,True,5467;5509
MRK,Long,761,2013-12-06T21:00:00Z,31.380134,2014-01-07T21:00:00Z,32.225483,643.31,9.7168,-391.58,697.26,600.59,32.0,True,5149;5510
TJX,Long,887,2014-01-03T21:00:00Z,26.6189,2014-01-07T21:00:00Z,26.509496,-97.04,9.4638,-130.63,0.0,130.63,4.0,False,5487;5511
ABBV,Long,748,2013-12-24T18:00:00Z,31.908529,2014-01-07T21:00:00Z,30.856599,-786.84,14.0515,-1080.78,104.01,1184.79,14.125,False,5395;5516
ABT,Long,777,2014-01-07T21:00:00Z,30.509133,2014-01-08T21:00:00Z,30.252165,-199.66,9.4447,-199.66,12.1,211.77,1.0,False,5498;5521
ADP,Short,392,2014-01-02T21:00:00Z,59.909643,2014-01-08T21:00:00Z,60.066729,-61.58,9.3956,-202.33,82.1,284.43,6.0,False,5470;5522
BMY,Long,675,2013-12-30T21:00:00Z,35.047803,2014-01-08T21:00:00Z,34.879707,-113.46,9.5648,-185.33,335.67,449.14,9.0,False,5432;5523
FB,Long,418,2014-01-07T21:00:00Z,57.122896,2014-01-08T21:00:00Z,57.043655,-33.12,9.6188,-33.12,231.86,264.98,1.0,False,5514;5524
ABBV,Short,778,2014-01-07T21:00:00Z,30.856599,2014-01-08T21:00:00Z,30.820326,28.22,4.7373,0.0,319.83,291.61,1.0,True,5516;5525
PSX,Long,476,2014-01-07T21:00:00Z,49.760384,2014-01-08T21:00:00Z,49.876602,55.32,9.459,-61.47,55.32,61.47,1.0,True,5519;5526
JPM,Long,567,2014-01-03T21:00:00Z,41.844673,2014-01-08T21:00:00Z,42.024171,101.78,9.5693,0.0,293.11,276.83,5.0,True,5482;5527
KMB,Short,368,2014-01-07T21:00:00Z,64.692653,2014-01-08T21:00:00Z,64.088049,222.49,9.4111,0.0,358.72,136.22,1.0,True,5501;5528
UNP,Long,373,2014-01-02T21:00:00Z,63.616156,2014-01-08T21:00:00Z,63.548158,-25.36,4.7043,-457.95,0.0,457.95,6.0,False,5464;5529
TMO,Short,224,2014-01-07T21:00:00Z,106.435641,2014-01-08T21:00:00Z,107.827522,-311.78,9.7323,-679.47,0.0,679.47,1.0,False,5520;5530
MO,Long,1419,2014-01-07T21:00:00Z,16.782309,2014-01-08T21:00:00Z,16.692707,-127.14,14.1817,-209.79,0.0,209.79,1.0,False,5496;5536
AMGN,Long,290,2014-01-08T21:00:00Z,81.278557,2014-01-10T21:00:00Z,83.30877,588.76,9.4961,0.0,588.76,182.72,2.0,True,5534;5542
BK,Short,929,2014-01-08T21:00:00Z,25.501727,2014-01-10T21:00:00Z,25.582896,-75.41,9.4449,-95.97,226.22,301.62,2.0,False,5539;5543
COP,Long,521,2013-12-26T21:00:00Z,45.571553,2014-01-10T21:00:00Z,45.369707,-105.16,9.4347,-379.94,223.89,603.83,15.0,False,5407;5544
EBAY,Long,1233,2014-01-07T21:00:00Z,19.45221,2014-01-10T21:00:00Z,19.248075,-251.7,9.6121,-251.7,0.0,251.7,3.0,False,5518;5545
LOW,Short,618,2014-01-07T21:00:00Z,38.414359,2014-01-10T21:00:00Z,38.850886,-269.77,9.6196,-627.84,0.0,627.84,3.0,False,5499;5546
OXY,Long,382,2014-01-07T21:00:00Z,62.32614,2014-01-10T21:00:00Z,62.748645,161.4,9.5527,-141.22,161.4,249.66,3.0,True,5517;5547
PG,Long,417,2014-01-08T21:00:00Z,56.454275,2014-01-10T21:00:00Z,56.231053,-93.08,9.3398,-183.26,0.0,183.26,2.0,False,5532;5548
PM,Short,494,2014-01-02T21:00:00Z,47.907376,2014-01-10T21:00:00Z,46.227865,829.68,9.1722,0.0,1205.07,375.4,8.0,True,5462;5549
SPY,Long,275,2014-01-08T21:00:00Z,148.213885,2014-01-10T21:00:00Z,148.617826,111.08,38.2344,0.0,151.07,39.99,2.0,True,5541;5561
SPY,Short,585,2014-01-10T21:00:00Z,148.617826,2014-01-13T21:00:00Z,148.399698,127.6,17.1709,0.0,1087.0,959.4,3.0,True,5561;5578
BLK,Long,102,2014-01-10T21:00:00Z,229.546552,2014-01-13T21:00:00Z,229.006013,-55.14,9.2598,-579.66,0.0,579.66,3.0,False,5555;5579
BMY,Long,646,2014-01-10T21:00:00Z,37.161992,2014-01-13T21:00:00Z,37.221877,38.69,9.5941,-184.83,38.69,184.83,3.0,True,5551;5580
DHR,Long,548,2014-01-10T21:00:00Z,43.219499,2014-01-13T21:00:00Z,43.063553,-85.46,9.3901,-442.55,0.0,442.55,3.0,False,5554;5581
EOG,Long,400,2014-01-08T21:00:00Z,58.9178,2014-01-13T21:00:00Z,58.956837,15.61,9.3757,-363.4,139.11,502.52,5.0,True,5538;5582
GS,Short,169,2014-01-08T21:00:00Z,139.669181,2014-01-13T21:00:00Z,139.512689,26.45,9.3708,0.0,346.46,320.01,5.0,True,5535;5583
HAL,Long,603,2014-01-10T21:00:00Z,39.121519,2014-01-13T21:00:00Z,39.847892,438.0,9.5313,0.0,438.0,0.0,3.0,True,5557;5584
LMT,Long,229,2014-01-03T21:00:00Z,103.544046,2014-01-13T21:00:00Z,108.632901,1165.35,9.6458,-35.61,1165.35,35.61,10.0,True,5486;5585
MO,Short,1419,2014-01-08T21:00:00Z,16.692707,2014-01-13T21:00:00Z,16.674787,25.43,4.7158,0.0,108.07,82.64,5.0,True,5536;5586
TGT,Long,548,2014-01-10T21:00:00Z,42.901523,2014-01-13T21:00:00Z,42.233954,-365.83,9.2666,-552.47,0.0,552.47,3.0,False,5558;5587
UNP,Long,369,2014-01-10T21:00:00Z,63.850373,2014-01-13T21:00:00Z,64.216808,135.21,9.4352,-135.21,135.21,135.21,3.0,True,5552;5588
UPS,Short,371,2014-01-07T21:00:00Z,63.805184,2014-01-13T21:00:00Z,63.679879,46.49,9.405,-158.06,374.23,327.74,6.0,True,5495;5589
V,Short,470,2014-01-03T21:00:00Z,50.554954,2014-01-13T21:00:00Z,50.502547,24.63,9.4255,-37.48,318.07,293.44,10.0,True,5483;5590
PX,Short,226,2014-01-08T21:00:00Z,104.321573,2014-01-15T21:00:00Z,105.958116,-369.86,14.3445,-522.15,0.0,522.15,7.0,False,5540;5615
SPY,Short,151,2014-01-10T21:00:00Z,148.617826,2014-01-15T21:00:00Z,148.730929,-17.08,21.7843,-89.05,280.58,369.63,5.0,False,5561;5618
SPY,Short,178,2014-01-13T21:00:00Z,148.399698,2014-01-15T21:00:00Z,148.730929,-58.96,5.2246,-143.8,291.92,143.8,2.0,False,5596;5618
DOW,Short,480,2014-01-13T21:00:00Z,48.963783,2014-01-15T21:00:00Z,49.252213,-138.45,9.4077,-337.81,0.0,337.81,2.0,False,5595;5619
DUK,Long,590,2014-01-07T21:00:00Z,40.20022,2014-01-15T21:00:00Z,39.875214,-191.75,9.4566,-313.78,195.24,509.02,8.0,False,5500;5620
EMR,Long,480,2014-01-08T21:00:00Z,49.263697,2014-01-15T21:00:00Z,49.54271,133.93,9.5005,-278.15,315.93,278.15,7.0,True,5537;5621
FDX,Short,303,2014-01-02T21:00:00Z,77.651886,2014-01-15T21:00:00Z,77.586678,19.76,9.2968,0.0,688.24,668.48,13.0,True,5468;5622
HPQ,Long,2848,2014-01-10T21:00:00Z,8.34536,2014-01-15T21:00:00Z,8.679174,950.7,9.6852,0.0,950.7,8.56,5.0,True,5556;5623
JPM,Long,560,2014-01-10T21:00:00Z,42.17495,2014-01-15T21:00:00Z,41.464136,-398.06,9.4874,-418.16,301.56,699.61,5.0,False,5550;5624
KMB,Short,366,2014-01-13T21:00:00Z,64.40269,2014-01-15T21:00:00Z,65.186208,-286.77,9.4886,-286.77,0.0,286.77,2.0,False,5577;5625
MA,Short,306,2014-01-13T21:00:00Z,77.503778,2014-01-15T21:00:00Z,76.543631,293.8,9.273,0.0,390.32,96.52,2.0,True,5573;5626
NKE,Long,730,2014-01-07T21:00:00Z,32.571781,2014-01-15T21:00:00Z,31.540684,-752.7,9.358,-777.18,0.0,777.18,8.0,False,5497;5627
UNH,Short,392,2014-01-13T21:00:00Z,60.408399,2014-01-15T21:00:00Z,59.898999,199.68,9.4315,-41.2,218.7,259.91,2.0,True,5593;5628
WFC,Short,733,2014-01-13T21:00:00Z,32.326247,2014-01-15T21:00:00Z,32.255973,51.51,9.4739,-206.04,211.2,417.24,2.0,True,5570;5629
SPY,Long,22,2014-01-15T21:00:00Z,148.730929,2014-01-15T21:00:00Z,148.730929,0.0,0.6565,0.0,0.0,0.0,0.0,False,5618;5635
ACN,Long,362,2014-01-13T21:00:00Z,64.874922,2014-01-16T21:00:00Z,65.573853,253.01,9.3916,-187.63,457.7,204.68,3.0,True,5575;5636
CL,Short,491,2014-01-15T21:00:00Z,48.22411,2014-01-16T21:00:00Z,48.120019,51.11,9.4741,-43.81,51.11,43.81,1.0,True,5631;5637
COST,Short,257,2014-01-15T21:00:00Z,92.086293,2014-01-16T21:00:00Z,92.268768,-46.9,9.4526,-46.9,103.99,150.88,1.0,False,5612;5638
CVX,Long,334,2014-01-13T21:00:00Z,70.824574,2014-01-16T21:00:00Z,69.78183,-348.28,9.3166,-405.02,0.0,405.02,3.0,False,5591;5639
F,Short,2772,2014-01-13T21:00:00Z,8.717,2014-01-16T21:00:00Z,8.849881,-368.35,9.6772,-486.22,0.0,486.22,3.0,False,5594;5640
GM,Short,799,2014-01-15T21:00:00Z,29.410248,2014-01-16T21:00:00Z,29.121332,230.84,9.2788,0.0,414.34,183.49,1.0,True,5608;5641
MMM,Long,368,2014-01-13T21:00:00Z,64.038255,2014-01-16T21:00:00Z,64.957668,338.34,9.4681,0.0,454.6,116.25,3.0,True,5592;5642
OXY,Short,389,2014-01-15T21:00:00Z,61.236868,2014-01-16T21:00:00Z,60.299435,364.66,9.4108,0.0,364.66,0.0,1.0,True,5605;5643
PCLN,Short,523,2014-01-15T21:00:00Z,45.329316,2014-01-16T21:00:00Z,45.901354,-299.18,9.6354,-501.69,0.0,501.69,1.0,False,5609;5644
PG,Long,420,2014-01-15T21:00:00Z,56.133394,2014-01-16T21:00:00Z,56.20315,29.3,9.4544,0.0,29.3,0.0,1.0,True,5630;5645
PNC,Long,440,2014-01-13T21:00:00Z,53.566431,2014-01-16T21:00:00Z,55.246812,739.37,9.5544,-30.18,854.05,114.68,3.0,True,5576;5646
TGT,Long,564,2014-01-15T21:00:00Z,42.022784,2014-01-16T21:00:00Z,41.872921,-84.52,9.4027,-338.09,0.0,338.09,1.0,False,5614;5647
BK,Short,950,2014-01-15T21:00:00Z,25.066368,2014-01-16T21:00:00Z,25.199189,-126.18,14.2454,-126.18,35.05,161.23,1.0,False,5616;5657
BK,Long,939,2014-01-16T21:00:00Z,25.199189,2014-01-17T21:00:00Z,24.682661,-485.02,4.5315,-1004.68,0.0,1004.68,1.0,False,5657;5658
CAT,Short,358,2014-01-15T21:00:00Z,66.467146,2014-01-17T21:00:00Z,67.739633,-455.55,9.6461,-455.55,0.0,455.55,2.0,False,5611;5659
MDT,Short,550,2014-01-15T21:00:00Z,43.170095,2014-01-17T21:00:00Z,42.829545,187.3,9.4719,0.0,187.3,159.41,2.0,True,5610;5660
MO,Long,1433,2014-01-16T21:00:00Z,16.495585,2014-01-17T21:00:00Z,16.688227,276.06,9.5439,0.0,276.06,0.0,1.0,True,5652;5661
PM,Short,517,2014-01-16T21:00:00Z,45.671699,2014-01-17T21:00:00Z,46.376543,-364.4,9.5571,-364.4,0.0,364.4,1.0,False,5650;5662
VZ,Short,951,2014-01-13T21:00:00Z,24.847031,2014-01-17T21:00:00Z,25.384011,-510.67,9.4588,-510.67,297.48,808.14,4.0,False,5572;5663
WMT,Long,1150,2014-01-02T21:00:00Z,20.620101,2014-01-17T21:00:00Z,20.106499,-590.64,9.346,-765.43,0.0,765.43,15.0,False,5460;5664
MCK,Short,155,2014-01-15T21:00:00Z,152.788091,2014-01-17T21:00:00Z,154.148683,-210.89,14.1932,-210.89,0.0,210.89,2.0,False,5633;5676
ADP,Short,392,2014-01-10T21:00:00Z,60.635231,2014-01-21T21:00:00Z,60.156492,187.67,9.4226,0.0,589.39,401.72,11.0,True,5559;5679
COF,Short,385,2014-01-15T21:00:00Z,61.481328,2014-01-21T21:00:00Z,57.883974,1384.98,9.1703,0.0,1489.16,104.18,6.0,True,5613;5680
DUK,Long,597,2014-01-16T21:00:00Z,39.739303,2014-01-21T21:00:00Z,40.1234,229.31,9.5871,0.0,444.5,215.19,5.0,True,5655;5681
GOOG,Short,840,2014-01-08T21:00:00Z,28.412634,2014-01-21T21:00:00Z,28.743733,-278.12,9.5895,-340.74,506.32,847.06,13.0,False,5531;5682
KFT,Short,875,2014-01-16T21:00:00Z,27.03394,2014-01-21T21:00:00Z,26.450364,510.63,9.304,0.0,809.05,298.42,5.0,True,5653;5683
MCD,Long,345,2014-01-16T21:00:00Z,68.538709,2014-01-21T21:00:00Z,68.610552,24.79,9.4752,-116.49,24.79,116.49,5.0,True,5651;5684
NEE,Short,1533,2014-01-15T21:00:00Z,15.474078,2014-01-21T21:00:00Z,15.650629,-270.65,9.615,-623.32,0.0,623.32,6.0,False,5617;5685
QCOM,Short,449,2014-01-17T21:00:00Z,52.670649,2014-01-21T21:00:00Z,52.882177,-94.98,9.5097,-240.61,0.0,240.61,4.0,False,5667;5686
TGT,Short,572,2014-01-17T21:00:00Z,41.484642,2014-01-21T21:00:00Z,40.653586,475.36,9.3078,0.0,662.39,187.03,4.0,True,5677;5687
V,Short,468,2014-01-17T21:00:00Z,50.700784,2014-01-21T21:00:00Z,53.410021,-1267.92,9.8983,-1267.92,0.0,1267.92,4.0,False,5665;5688
PNC,Short,426,2014-01-17T21:00:00Z,56.344204,2014-01-21T21:00:00Z,56.700856,-151.93,14.5563,-572.67,0.0,572.67,4.0,False,5674;5695
FDX,Long,307,2014-01-17T21:00:00Z,76.369461,2014-01-21T21:00:00Z,77.005239,195.18,14.22,0.0,268.59,73.4,4.0,True,5673;5696
SPY,Long,277,2014-01-15T21:00:00Z,148.730929,2014-01-21T21:00:00Z,149.231815,138.75,8.2433,-100.7,138.75,165.6,6.0,True,5618;5697
BAX,Short,767,2014-01-10T21:00:00Z,30.836418,2014-01-22T21:00:00Z,30.581645,195.41,9.4168,0.0,215.63,134.77,12.0,True,5560;5698
FB,Short,424,2014-01-21T21:00:00Z,56.063047,2014-01-22T21:00:00Z,58.242176,-923.95,9.7452,-923.95,0.0,923.95,1.0,False,5689;5699
DHR,Short,544,2014-01-15T21:00:00Z,43.626074,2014-01-22T21:00:00Z,43.470128,84.83,9.4621,-60.6,139.37,60.6,7.0,True,5632;5700
EBAY,Long,1206,2014-01-15T21:00:00Z,19.752845,2014-01-22T21:00:00Z,19.968115,259.62,9.6863,-8.95,532.66,273.04,7.0,True,5607;5701
FCX,Short,764,2014-01-15T21:00:00Z,31.030933,2014-01-22T21:00:00Z,30.060412,741.48,9.3348,-511.82,1056.44,511.82,7.0,True,5634;5702
FDX,Short,310,2014-01-21T21:00:00Z,77.005239,2014-01-22T21:00:00Z,77.619282,-190.35,4.7942,-190.35,0.0,190.35,1.0,False,5696;5703
GM,Short,820,2014-01-17T21:00:00Z,28.921312,2014-01-22T21:00:00Z,28.491641,352.33,9.4036,0.0,431.3,285.51,5.0,True,5671;5704
PSX,Long,485,2014-01-16T21:00:00Z,48.624037,2014-01-22T21:00:00Z,49.908884,623.15,9.5502,0.0,623.15,0.0,6.0,True,5656;5705
HON,Long,366,2014-01-15T21:00:00Z,65.053967,2014-01-22T21:00:00Z,65.814112,278.21,9.5917,0.0,325.91,47.69,7.0,True,5606;5706
INTC,Short,1200,2014-01-17T21:00:00Z,18.875862,2014-01-22T21:00:00Z,18.8833,-8.92,9.1318,-187.42,62.47,187.42,5.0,False,5666;5707
JPM,Long,554,2014-01-16T21:00:00Z,42.20367,2014-01-22T21:00:00Z,41.851853,-194.91,9.2744,-473.34,0.0,473.34,6.0,False,5649;5708
OXY,Long,391,2014-01-17T21:00:00Z,60.5635,2014-01-22T21:00:00Z,59.7581,-314.91,9.3715,-456.88,0.0,456.88,5.0,False,5670;5709
PEP,Short,424,2014-01-21T21:00:00Z,55.823695,2014-01-22T21:00:00Z,56.189974,-155.3,9.535,-158.18,0.0,158.18,1.0,False,5691;5710
PNC,Long,419,2014-01-21T21:00:00Z,56.700856,2014-01-22T21:00:00Z,57.89427,500.04,4.84,0.0,500.04,0.0,1.0,True,5695;5711
MSFT,Long,795,2014-01-07T21:00:00Z,29.927738,2014-01-24T21:00:00Z,30.917085,786.53,9.5983,-858.63,786.53,858.63,17.0,True,5512;5729
QCOM,Short,447,2014-01-22T21:00:00Z,53.234725,2014-01-24T21:00:00Z,53.19242,18.91,9.4465,-116.62,447.55,428.64,2.0,True,5713;5730
UPS,Long,385,2014-01-22T21:00:00Z,62.176222,2014-01-24T21:00:00Z,61.136192,-400.41,9.4227,-701.93,0.0,701.93,2.0,False,5717;5731
VZ,Short,939,2014-01-21T21:00:00Z,25.363157,2014-01-24T21:00:00Z,24.789684,538.49,9.3316,0.0,646.19,259.45,3.0,True,5690;5732
WFC,Short,726,2014-01-16T21:00:00Z,32.635455,2014-01-24T21:00:00Z,32.333274,219.38,9.3743,-117.34,489.78,270.4,8.0,True,5648;5733
TMO,Long,215,2014-01-22T21:00:00Z,110.448096,2014-01-24T21:00:00Z,108.605055,-396.25,9.2723,-1056.68,0.0,1056.68,2.0,False,5727;5734
COST,Long,260,2014-01-22T21:00:00Z,91.245323,2014-01-24T21:00:00Z,89.396774,-480.62,14.0514,-594.07,0.0,594.07,2.0,False,5725;5745
AIG,Long,649,2014-01-24T21:00:00Z,36.415056,2014-01-27T21:00:00Z,35.788111,-406.89,9.2179,-726.58,0.0,726.58,3.0,False,5738;5747
BIIB,Long,81,2014-01-10T21:00:00Z,291.57,2014-01-27T21:00:00Z,303.61,975.24,9.6745,-639.9,1894.59,1383.48,17.0,True,5553;5748
COST,Short,266,2014-01-24T21:00:00Z,89.396774,2014-01-27T21:00:00Z,88.881084,137.17,4.7728,-84.41,137.17,84.41,3.0,True,5745;5749
DIS,Short,359,2014-01-22T21:00:00Z,66.074948,2014-01-27T21:00:00Z,64.620496,522.15,9.4538,-237.05,576.61,237.05,5.0,True,5714;5750
HPQ,Short,2665,2014-01-17T21:00:00Z,8.98893,2014-01-27T21:00:00Z,8.57091,1114.02,9.361,-8.01,1122.04,88.16,10.0,True,5672;5751
LMT,Long,224,2014-01-24T21:00:00Z,106.957819,2014-01-27T21:00:00Z,104.71731,-501.87,9.3339,-682.36,0.0,682.36,3.0,False,5744;5752
MET,Long,1557,2014-01-24T21:00:00Z,15.190196,2014-01-27T21:00:00Z,14.716527,-737.5,9.1311,-960.15,0.0,960.15,3.0,False,5742;5753
PX,Long,224,2014-01-15T21:00:00Z,105.958116,2014-01-27T21:00:00Z,102.027204,-880.52,4.5169,-1150.07,206.65,1356.73,12.0,False,5615;5754
UNP,Long,373,2014-01-17T21:00:00Z,63.48016,2014-01-27T21:00:00Z,65.097008,603.08,9.5547,0.0,863.76,418.5,10.0,True,5668;5755
USB,Long,875,2014-01-17T21:00:00Z,27.12125,2014-01-27T21:00:00Z,26.148905,-850.8,9.3063,-867.93,11.42,879.35,10.0,False,5669;5756
ABT,Short,776,2014-01-22T21:00:00Z,29.771371,2014-01-27T21:00:00Z,28.722091,814.24,13.7793,0.0,1045.15,230.9,5.0,True,5721;5761
AXP,Long,308,2014-01-21T21:00:00Z,77.853721,2014-01-28T21:00:00Z,72.395778,-1681.05,9.2096,-1707.03,0.0,1707.03,7.0,False,5693;5764
BLK,Short,103,2014-01-24T21:00:00Z,228.750353,2014-01-28T21:00:00Z,219.867978,914.88,9.1308,0.0,993.88,281.39,4.0,True,5743;5765
COF,Long,418,2014-01-24T21:00:00Z,56.698121,2014-01-28T21:00:00Z,55.68736,-422.5,9.4121,-429.15,0.0,429.15,4.0,False,5746;5766
DOW,Short,449,2014-01-22T21:00:00Z,53.347911,2014-01-28T21:00:00Z,49.840609,1574.78,9.1938,0.0,1647.3,72.52,6.0,True,5723;5767
F,Long,2729,2014-01-24T21:00:00Z,8.610695,2014-01-28T21:00:00Z,8.477814,-362.63,9.1528,-710.76,0.0,710.76,4.0,False,5739;5768
MCK,Long,153,2014-01-17T21:00:00Z,154.148683,2014-01-28T21:00:00Z,157.518203,515.54,4.8972,-41.91,901.14,385.6,11.0,True,5676;5769
MO,Long,1429,2014-01-27T21:00:00Z,16.697187,2014-01-28T21:00:00Z,16.491105,-294.49,9.434,-294.49,0.0,294.49,1.0,False,5758;5770
NEE,Long,1538,2014-01-27T21:00:00Z,15.548979,2014-01-28T21:00:00Z,15.502612,-71.31,9.6365,-71.31,436.1,507.41,1.0,False,5763;5771
PCLN,Short,504,2014-01-22T21:00:00Z,47.200552,2014-01-28T21:00:00Z,45.106596,1055.35,9.3544,-17.13,1275.13,364.52,6.0,True,5719;5772
SBUX,Short,801,2014-01-16T21:00:00Z,29.443857,2014-01-28T21:00:00Z,28.881211,450.68,9.2734,0.0,773.93,494.19,12.0,True,5654;5773
T,Long,1914,2014-01-13T21:00:00Z,12.374631,2014-01-28T21:00:00Z,12.304697,-133.85,9.4402,-197.26,239.53,436.79,15.0,False,5571;5774
V,Short,450,2014-01-22T21:00:00Z,52.942911,2014-01-28T21:00:00Z,49.577442,1514.46,9.3093,0.0,1653.91,486.02,6.0,True,5712;5775
WMT,Short,1214,2014-01-24T21:00:00Z,19.582414,2014-01-28T21:00:00Z,19.459254,149.52,9.4857,0.0,190.87,171.78,4.0,True,5735;5776
CL,Long,503,2014-01-24T21:00:00Z,47.320179,2014-01-28T21:00:00Z,46.490525,-417.32,14.2493,-451.15,0.0,451.15,4.0,False,5741;5785
KFT,Short,936,2014-01-27T21:00:00Z,25.480265,2014-01-28T21:00:00Z,25.434792,42.56,14.3497,-78.03,42.56,78.03,1.0,True,5760;5786
BIIB,Long,80,2014-01-28T21:00:00Z,302.38,2014-01-29T21:00:00Z,299.6,-222.4,9.7778,-222.4,246.4,468.8,1.0,False,5780;5793
MA,Long,339,2014-01-28T21:00:00Z,71.125065,2014-01-29T21:00:00Z,72.349599,415.12,9.8452,0.0,415.12,0.0,1.0,True,5778;5798
MDT,Long,553,2014-01-22T21:00:00Z,43.112129,2014-01-29T21:00:00Z,41.083323,-1121.93,9.2567,-1258.16,0.0,1258.16,7.0,False,5722;5799
OXY,Short,415,2014-01-28T21:00:00Z,57.619166,2014-01-29T21:00:00Z,57.645573,-10.96,9.6508,-147.94,0.0,147.94,1.0,False,5781;5803
FDX,Long,333,2014-01-28T21:00:00Z,71.72339,2014-01-29T21:00:00Z,72.179846,152.0,14.3193,-25.33,152.0,25.33,1.0,True,5788;5813
SPY,Long,102,2014-01-15T21:00:00Z,148.730929,2014-01-29T21:00:00Z,143.495859,-533.98,19.7645,-561.99,51.09,613.08,14.0,False,5618;5814
SPY,Long,132,2014-01-17T21:00:00Z,148.730929,2014-01-29T21:00:00Z,143.495859,-691.03,3.9169,-727.29,66.12,793.4,12.0,False,5678;5814
SPY,Long,456,2014-01-22T21:00:00Z,149.06216,2014-01-29T21:00:00Z,143.495859,-2538.23,26.4731,-2663.49,77.36,2663.49,7.0,False,5728;5814
ABT,Long,834,2014-01-27T21:00:00Z,28.722091,2014-01-29T21:00:00Z,28.36189,-300.41,4.6824,-542.04,0.0,542.04,2.0,False,5761;5815
CRM,Long,426,2014-01-28T21:00:00Z,56.638754,2014-01-29T21:00:00Z,57.531708,380.4,9.8093,0.0,380.4,0.0,1.0,True,5790;5816
CL,Short,514,2014-01-28T21:00:00Z,46.490525,2014-01-29T21:00:00Z,46.931513,-226.67,4.7324,-226.67,234.35,461.02,1.0,False,5785;5817
COP,Long,528,2014-01-13T21:00:00Z,44.70557,2014-01-29T21:00:00Z,42.915003,-945.42,9.1833,-976.36,0.0,976.36,16.0,False,5574;5818
GILD,Short,427,2014-01-22T21:00:00Z,57.0821,2014-01-29T21:00:00Z,54.700267,1017.04,9.4436,0.0,1392.97,527.46,7.0,True,5715;5819
HAL,Short,589,2014-01-17T21:00:00Z,40.487416,2014-01-29T21:00:00Z,37.889842,1529.97,9.1947,0.0,1529.97,353.43,12.0,True,5675;5820
HON,Short,365,2014-01-28T21:00:00Z,65.343546,2014-01-29T21:00:00Z,64.720951,227.25,9.5227,0.0,227.25,0.0,1.0,True,5782;5821
HPQ,Short,2778,2014-01-28T21:00:00Z,8.591961,2014-01-29T21:00:00Z,8.691203,-275.69,9.6944,-375.95,0.0,375.95,1.0,False,5787;5822
KFT,Long,938,2014-01-28T21:00:00Z,25.434792,2014-01-29T21:00:00Z,25.389318,-42.65,4.6905,-405.21,0.0,405.21,1.0,False,5786;5823
LLY,Short,541,2014-01-22T21:00:00Z,44.027635,2014-01-29T21:00:00Z,42.826379,649.88,9.3643,0.0,769.59,119.71,7.0,True,5720;5824
LVS,Short,467,2014-01-28T21:00:00Z,51.489622,2014-01-29T21:00:00Z,51.976686,-227.46,9.6962,-227.46,22.75,250.2,1.0,False,5784;5825
MRK,Short,694,2014-01-15T21:00:00Z,33.862537,2014-01-29T21:00:00Z,33.978549,-80.51,9.3689,-147.61,532.27,679.88,14.0,False,5604;5826
MS,Short,982,2014-01-21T21:00:00Z,24.103937,2014-01-29T21:00:00Z,21.222715,2829.36,8.8782,0.0,2829.36,113.42,8.0,True,5694;5827
ORCL,Short,789,2013-12-20T21:00:00Z,30.209947,2014-01-29T21:00:00Z,30.719848,-402.31,9.5626,-1244.63,9.05,1244.63,40.0,False,5348;5828
TJX,Short,939,2014-01-22T21:00:00Z,25.373375,2014-01-29T21:00:00Z,24.199383,1102.38,9.2015,0.0,1205.11,146.19,7.0,True,5726;5829
AIG,Short,660,2014-01-29T21:00:00Z,35.914992,2014-01-29T21:00:00Z,35.914992,0.0,14.1721,0.0,0.0,0.0,0.0,False,5809;5833
UNH,Long,412,2014-01-27T21:00:00Z,57.667341,2014-01-29T21:00:00Z,57.699684,13.33,14.2694,-19.99,129.92,149.91,2.0,True,5759;5834
SPY,Long,170,2014-01-22T21:00:00Z,149.06216,2014-01-29T21:00:00Z,143.495859,-946.27,4.8695,-992.97,28.84,992.97,7.0,False,5728;5839
AXP,Long,327,2014-01-29T21:00:00Z,73.07064,2014-01-30T21:00:00Z,72.927232,-46.89,9.5008,-46.89,11.03,57.93,1.0,False,5804;5840
BAX,Long,794,2014-01-29T21:00:00Z,30.014992,2014-01-30T21:00:00Z,30.203877,149.97,9.6032,0.0,327.85,177.88,1.0,True,5838;5841
C,Short,600,2014-01-07T21:00:00Z,40.036093,2014-01-30T21:00:00Z,35.534749,2700.81,9.0157,-259.53,2872.39,558.64,23.0,True,5513;5842
DUK,Short,592,2014-01-27T21:00:00Z,40.48977,2014-01-30T21:00:00Z,40.85614,-216.89,9.6985,-479.26,0.0,479.26,3.0,False,5762;5843
EPD,Short,1701,2014-01-24T21:00:00Z,13.976205,2014-01-30T21:00:00Z,13.999393,-39.44,9.5338,-257.27,306.76,564.02,6.0,False,5740;5844
ABBV,Long,822,2014-01-29T21:00:00Z,28.694094,2014-01-30T21:00:00Z,29.266879,470.83,9.6089,0.0,611.08,140.25,1.0,True,5806;5845
GM,Short,876,2014-01-29T21:00:00Z,26.706283,2014-01-30T21:00:00Z,27.321158,-538.63,9.4981,-538.63,0.0,538.63,1.0,False,5835;5846
INTC,Short,1276,2014-01-24T21:00:00Z,18.518872,2014-01-30T21:00:00Z,18.392438,161.33,9.4046,0.0,208.78,170.82,6.0,True,5737;5847
JPM,Long,603,2014-01-27T21:00:00Z,39.518373,2014-01-30T21:00:00Z,40.243547,437.28,9.6193,0.0,437.28,90.92,3.0,True,5757;5848
KMB,Short,356,2014-01-29T21:00:00Z,66.204164,2014-01-30T21:00:00Z,66.376908,-61.5,9.4622,-239.4,0.0,239.4,1.0,False,5836;5849
PCLN,Short,526,2014-01-29T21:00:00Z,44.934672,2014-01-30T21:00:00Z,44.745556,99.48,9.4287,-205.53,99.48,205.53,1.0,True,5811;5850
USB,Long,903,2014-01-29T21:00:00Z,26.253318,2014-01-30T21:00:00Z,26.168482,-76.61,9.4143,-76.61,0.0,76.61,1.0,False,5832;5851
UNH,Short,412,2014-01-29T21:00:00Z,57.699684,2014-01-30T21:00:00Z,57.942255,-99.94,9.7243,-479.71,0.0,479.71,1.0,False,5834;5853
AIG,Long,660,2014-01-29T21:00:00Z,35.914992,2014-01-30T21:00:00Z,36.19861,187.19,9.6824,0.0,374.38,187.19,1.0,True,5833;5854
FDX,Short,327,2014-01-29T21:00:00Z,72.179846,2014-01-30T21:00:00Z,72.32113,-46.2,9.5944,-165.25,0.0,165.25,1.0,False,5813;5865
AIG,Short,667,2014-01-30T21:00:00Z,36.19861,2014-02-03T21:00:00Z,35.832892,243.93,4.6676,0.0,806.48,562.54,4.0,True,5854;5870
LLY,Short,561,2014-01-30T21:00:00Z,42.771058,2014-02-03T21:00:00Z,42.810573,-22.17,9.393,-22.17,647.3,669.47,4.0,False,5856;5871
NKE,Long,792,2014-01-28T21:00:00Z,30.300014,2014-02-03T21:00:00Z,30.497012,156.02,9.5333,-468.07,547.74,1015.81,6.0,True,5783;5872
PNC,Long,436,2014-01-30T21:00:00Z,55.486867,2014-02-03T21:00:00Z,54.78728,-305.02,9.5722,-738.63,0.0,738.63,4.0,False,5864;5873
PX,Long,234,2014-01-30T21:00:00Z,101.882804,2014-02-03T21:00:00Z,100.174061,-399.85,9.2734,-1030.59,0.0,1030.59,4.0,False,5868;5874
QCOM,Short,471,2014-01-29T21:00:00Z,50.364986,2014-02-03T21:00:00Z,51.972604,-757.19,9.5937,-926.56,0.0,926.56,5.0,False,5831;5875
WFC,Short,746,2014-01-28T21:00:00Z,32.115424,2014-02-03T21:00:00Z,31.848381,199.21,9.4773,-183.49,665.79,466.58,6.0,True,5777;5876
TMO,Short,222,2014-01-30T21:00:00Z,111.235228,2014-02-03T21:00:00Z,110.553687,151.3,9.7221,0.0,588.16,436.86,4.0,True,5867;5877
MA,Long,331,2014-01-30T21:00:00Z,74.631687,2014-02-03T21:00:00Z,70.596288,-1335.72,14.0859,-2008.18,0.0,2008.18,4.0,False,5852;5886
BA,Short,197,2014-01-08T21:00:00Z,120.089541,2014-02-03T21:00:00Z,105.978956,2779.79,13.5571,-649.91,2934.69,734.09,26.0,True,5533;5887
MO,Long,1448,2014-01-29T21:00:00Z,16.419424,2014-02-03T21:00:00Z,15.742934,-979.56,13.764,-1647.73,0.0,1647.73,5.0,False,5807;5890
HAL,Short,628,2014-01-30T21:00:00Z,38.48989,2014-02-03T21:00:00Z,38.8136,-203.29,14.3889,-203.29,208.25,411.54,4.0,False,5866;5895
FDX,Long,333,2014-01-30T21:00:00Z,72.32113,2014-02-03T21:00:00Z,72.196148,-41.62,9.2986,-660.48,41.62,702.09,4.0,False,5865;5896
NEE,Short,1510,2014-01-29T21:00:00Z,15.770113,2014-02-03T21:00:00Z,16.415684,-974.81,14.4211,-974.81,0.0,974.81,5.0,False,5837;5899
PRU,Long,487,2014-01-28T21:00:00Z,49.284973,2014-02-03T21:00:00Z,49.631843,168.93,13.9816,-973.47,395.11,1368.59,6.0,True,5789;5900
SPY,Long,141,2014-01-22T21:00:00Z,149.06216,2014-02-03T21:00:00Z,143.754381,-748.4,3.9675,-1180.12,23.92,1180.12,12.0,False,5728;5901
COF,Short,423,2014-02-03T21:00:00Z,56.125091,2014-02-04T21:00:00Z,55.010866,471.32,9.2641,0.0,605.98,134.66,1.0,True,5898;5903
MA,Short,339,2014-02-03T21:00:00Z,70.596288,2014-02-04T21:00:00Z,68.852254,591.23,4.599,0.0,937.16,345.93,1.0,True,5886;5905
UNH,Long,414,2014-01-30T21:00:00Z,57.942255,2014-02-04T21:00:00Z,57.246883,-287.88,4.7206,-384.96,207.54,592.51,5.0,False,5853;5908
BA,Long,222,2014-02-03T21:00:00Z,105.978956,2014-02-04T21:00:00Z,105.295221,-151.79,9.3464,-369.99,0.0,369.99,1.0,False,5887;5915
MET,Long,1630,2014-02-03T21:00:00Z,14.606302,2014-02-04T21:00:00Z,14.155773,-734.36,14.1001,-956.6,0.0,956.6,1.0,False,5893;5922
AMZN,Short,1331,2014-02-03T21:00:00Z,17.90739,2014-02-04T21:00:00Z,17.435001,628.75,9.2168,0.0,732.99,104.24,1.0,True,5881;5927
DOW,Short,463,2014-01-30T21:00:00Z,52.182656,2014-02-04T21:00:00Z,52.482622,-138.88,9.6439,-149.57,288.45,427.34,5.0,False,5860;5928
FDX,Short,328,2014-02-03T21:00:00Z,72.196148,2014-02-04T21:00:00Z,70.337719,609.56,4.6491,0.0,609.56,0.0,1.0,True,5896;5929
OXY,Short,412,2014-01-30T21:00:00Z,58.583007,2014-02-04T21:00:00Z,57.757801,339.98,9.5424,0.0,440.62,100.64,5.0,True,5855;5930
PG,Long,442,2014-02-03T21:00:00Z,53.943108,2014-02-04T21:00:00Z,53.387863,-245.42,9.4309,-245.42,0.0,245.42,1.0,False,5880;5931
PM,Long,553,2014-02-03T21:00:00Z,43.023027,2014-02-04T21:00:00Z,41.72347,-718.65,9.2737,-718.65,0.0,718.65,1.0,False,5884;5932
SLB,Short,369,2014-01-21T21:00:00Z,64.833353,2014-02-04T21:00:00Z,61.316366,1297.77,9.3481,0.0,1316.12,395.88,14.0,True,5692;5933
WMT,Short,1217,2014-02-03T21:00:00Z,19.459254,2014-02-04T21:00:00Z,19.05833,487.93,9.2738,0.0,487.93,0.0,1.0,True,5879;5934
MCD,Long,353,2014-01-28T21:00:00Z,67.769983,2014-02-04T21:00:00Z,66.706699,-375.34,14.2604,-375.34,0.0,375.34,7.0,False,5779;5937
NEE,Long,1453,2014-02-03T21:00:00Z,16.415684,2014-02-04T21:00:00Z,16.305116,-160.65,9.375,-494.92,0.0,494.92,1.0,False,5899;5943
ACN,Short,356,2014-01-22T21:00:00Z,66.327756,2014-02-05T21:00:00Z,61.152526,1842.38,9.1124,0.0,1926.25,111.83,14.0,True,5724;5946
AIG,Short,680,2014-02-04T21:00:00Z,35.071602,2014-02-05T21:00:00Z,35.332829,-177.63,9.6704,-334.97,0.0,334.97,1.0,False,5939;5947
FB,Short,384,2014-02-03T21:00:00Z,62.570719,2014-02-05T21:00:00Z,62.124988,171.16,9.4078,0.0,372.75,201.59,2.0,True,5882;5948
PSX,Long,504,2014-02-03T21:00:00Z,47.21006,2014-02-05T21:00:00Z,45.679865,-771.22,9.2436,-797.25,0.0,797.25,2.0,False,5894;5949
JPM,Long,610,2014-02-04T21:00:00Z,39.245536,2014-02-05T21:00:00Z,39.561453,192.71,9.6495,0.0,240.89,48.18,1.0,True,5935;5950
KMB,Short,365,2014-02-04T21:00:00Z,65.482341,2014-02-05T21:00:00Z,64.957939,191.41,9.51,0.0,191.41,0.0,1.0,True,5942;5951
MA,Long,347,2014-02-04T21:00:00Z,68.852254,2014-02-05T21:00:00Z,67.534951,-457.1,9.397,-457.1,0.0,457.1,1.0,False,5938;5952
MET,Short,1698,2014-02-04T21:00:00Z,14.155773,2014-02-05T21:00:00Z,14.293615,-234.06,4.8521,-234.06,0.0,234.06,1.0,False,5922;5953
QCOM,Long,460,2014-02-04T21:00:00Z,51.754024,2014-02-05T21:00:00Z,50.809196,-434.62,9.3982,-434.62,0.0,434.62,1.0,False,5936;5954
UTX,Short,529,2014-01-07T21:00:00Z,44.870824,2014-02-05T21:00:00Z,42.985162,997.52,9.2998,-648.91,1075.22,732.91,29.0,True,5515;5955
WFC,Short,762,2014-02-04T21:00:00Z,31.321322,2014-02-05T21:00:00Z,31.440647,-90.93,9.5637,-107.1,22.29,113.21,1.0,False,5910;5956
DIS,Long,381,2014-02-04T21:00:00Z,63.228506,2014-02-05T21:00:00Z,63.683579,173.38,14.5125,0.0,305.97,132.59,1.0,True,5914;5962
BA,Short,226,2014-02-04T21:00:00Z,105.295221,2014-02-05T21:00:00Z,103.329482,444.26,9.4211,0.0,444.26,0.0,1.0,True,5915;5963
MDT,Long,585,2014-01-30T21:00:00Z,41.047094,2014-02-05T21:00:00Z,39.069009,-1157.18,14.3267,-1288.58,0.0,1288.58,6.0,False,5857;5966
AMZN,Short,1370,2014-02-05T21:00:00Z,17.259414,2014-02-06T21:00:00Z,17.373147,-155.81,9.5817,-587.03,0.0,587.03,1.0,False,5960;5969
CSCO,Short,1519,2014-01-22T21:00:00Z,15.718308,2014-02-06T21:00:00Z,15.162576,844.16,9.4483,0.0,1417.35,979.64,15.0,True,5716;5970
DOW,Long,458,2014-02-05T21:00:00Z,51.421202,2014-02-06T21:00:00Z,51.951912,243.07,9.5577,0.0,538.97,295.91,1.0,True,5965;5971
GILD,Long,424,2014-02-05T21:00:00Z,55.962843,2014-02-06T21:00:00Z,53.608309,-998.32,8.9502,-1591.53,0.0,1591.53,1.0,False,5961;5972
GM,Long,911,2014-02-04T21:00:00Z,26.298837,2014-02-06T21:00:00Z,25.543208,-688.38,9.59,-688.38,0.0,688.38,2.0,False,5921;5973
MMM,Long,394,2014-02-03T21:00:00Z,60.483194,2014-02-06T21:00:00Z,60.087139,-156.05,9.3917,-289.8,111.46,289.8,3.0,False,5888;5974
MRK,Short,709,2014-02-04T21:00:00Z,33.965659,2014-02-06T21:00:00Z,34.275023,-219.34,9.8045,-488.94,0.0,488.94,2.0,False,5913;5975
NEE,Short,1463,2014-02-04T21:00:00Z,16.305116,2014-02-06T21:00:00Z,15.930614,547.9,4.6848,0.0,547.9,109.58,2.0,True,5943;5976
PG,Long,444,2014-02-05T21:00:00Z,53.415977,2014-02-06T21:00:00Z,54.090705,299.58,9.5709,0.0,299.58,0.0,1.0,True,5958;5977
TJX,Short,987,2014-02-03T21:00:00Z,24.077355,2014-02-06T21:00:00Z,24.350866,-269.96,9.6046,-901.23,494.23,1395.46,3.0,False,5897;5978
WMT,Short,1248,2014-02-05T21:00:00Z,18.969235,2014-02-06T21:00:00Z,19.12122,-189.68,9.5283,-189.68,0.0,189.68,1.0,False,5957;5979
DIS,Short,375,2014-02-05T21:00:00Z,63.683579,2014-02-06T21:00:00Z,67.475862,-1422.11,10.0459,-1422.11,0.0,1422.11,1.0,False,5962;5982
MDT,Short,612,2014-02-05T21:00:00Z,39.069009,2014-02-06T21:00:00Z,39.634176,-345.88,9.5923,-368.05,0.0,368.05,1.0,False,5966;5985
DUK,Short,571,2014-02-04T21:00:00Z,41.772064,2014-02-10T21:00:00Z,41.287511,276.68,9.4935,-16.87,361.03,377.9,6.0,True,5940;5990
EBAY,Short,1211,2014-01-29T21:00:00Z,19.600672,2014-02-10T21:00:00Z,20.216789,-746.12,9.526,-804.55,188.78,993.32,12.0,False,5810;5991
EMR,Short,519,2014-02-05T21:00:00Z,45.52206,2014-02-10T21:00:00Z,46.452104,-482.69,9.561,-575.52,0.0,575.52,5.0,False,5967;5992
ABBV,Short,825,2014-02-04T21:00:00Z,28.748935,2014-02-10T21:00:00Z,29.705608,-789.26,9.8029,-1191.42,0.0,1191.42,6.0,False,5917;5993
INTC,Short,1305,2014-02-03T21:00:00Z,18.191631,2014-02-10T21:00:00Z,18.102316,116.56,9.409,-59.81,694.65,754.46,7.0,True,5885;5994
MCK,Short,152,2014-02-04T21:00:00Z,156.148479,2014-02-10T21:00:00Z,159.362763,-488.57,9.4997,-553.81,330.34,884.15,6.0,False,5925;5995
OXY,Short,413,2014-02-05T21:00:00Z,57.704988,2014-02-10T21:00:00Z,59.67888,-815.22,9.7052,-894.29,0.0,894.29,5.0,False,5964;5996
PCLN,Short,547,2014-02-04T21:00:00Z,43.671031,2014-02-10T21:00:00Z,46.5363,-1567.3,9.9768,-1927.01,0.0,1927.01,6.0,False,5920;5997
PEP,Short,440,2014-02-06T21:00:00Z,54.229701,2014-02-10T21:00:00Z,54.446756,-95.5,9.5492,-193.99,0.0,193.99,4.0,False,5983;5998
PNC,Long,442,2014-02-04T21:00:00Z,54.156279,2014-02-10T21:00:00Z,54.849008,306.19,9.6233,-45.47,306.19,45.47,6.0,True,5924;5999
SBUX,Short,860,2014-01-30T21:00:00Z,28.046942,2014-02-10T21:00:00Z,28.982706,-804.76,9.8105,-935.4,1104.57,2039.97,11.0,False,5859;6000
WFC,Short,757,2014-02-06T21:00:00Z,31.412347,2014-02-10T21:00:00Z,32.02786,-465.94,9.6723,-599.83,0.0,599.83,4.0,False,5980;6001
XOM,Long,434,2014-02-03T21:00:00Z,54.534113,2014-02-10T21:00:00Z,54.27945,-110.52,9.3032,-544.65,0.0,544.65,7.0,False,5878;6002
KO,Long,951,2014-02-04T21:00:00Z,25.192482,2014-02-10T21:00:00Z,25.582855,371.24,14.5537,0.0,729.69,358.44,6.0,True,5912;6003
T,Short,2024,2014-02-04T21:00:00Z,11.796755,2014-02-10T21:00:00Z,11.932942,-275.64,14.4278,-290.54,37.25,327.79,6.0,False,5911;6004
MDT,Long,597,2014-02-06T21:00:00Z,39.634176,2014-02-10T21:00:00Z,40.380487,445.55,9.5839,0.0,480.15,34.61,4.0,True,5985;6013
SPY,Long,122,2014-01-22T21:00:00Z,149.06216,2014-02-10T21:00:00Z,145.18433,-473.1,18.2656,-1021.1,20.7,1021.1,19.0,False,5728;6016
SPY,Long,506,2014-01-30T21:00:00Z,144.513789,2014-02-10T21:00:00Z,145.18433,339.29,18.1575,-1933.57,2387.32,1933.57,11.0,True,5869;6016
DOW,Long,450,2014-02-10T21:00:00Z,52.274953,2014-02-11T21:00:00Z,52.897961,280.35,9.6234,0.0,794.33,513.98,1.0,True,6012;6020
KMB,Short,363,2014-02-06T21:00:00Z,65.439155,2014-02-11T21:00:00Z,66.389247,-344.88,9.6272,-564.35,0.0,564.35,5.0,False,5988;6024
LMT,Short,228,2014-02-04T21:00:00Z,104.378053,2014-02-11T21:00:00Z,109.367957,-1137.7,9.8538,-1592.13,0.0,1592.13,7.0,False,5923;6026
TGT,Long,630,2014-02-04T21:00:00Z,38.05143,2014-02-11T21:00:00Z,38.596384,343.32,9.6353,-339.03,549.31,339.03,7.0,True,5944;6030
T,Long,1993,2014-02-10T21:00:00Z,11.932942,2014-02-11T21:00:00Z,12.002876,139.38,9.6685,0.0,388.79,249.41,1.0,True,6004;6032
KO,Short,928,2014-02-10T21:00:00Z,25.582855,2014-02-11T21:00:00Z,26.060724,-443.46,9.5913,-443.46,0.0,443.46,1.0,False,6003;6033
SPY,Long,121,2014-01-30T21:00:00Z,144.513789,2014-02-11T21:00:00Z,145.604429,131.97,12.526,-462.37,570.88,462.37,12.0,True,5869;6043
SPY,Long,305,2014-02-04T21:00:00Z,141.330737,2014-02-11T21:00:00Z,145.604429,1303.48,18.7854,-194.66,2409.83,460.78,7.0,True,5945;6043
ACN,Short,374,2014-02-10T21:00:00Z,62.974458,2014-02-11T21:00:00Z,63.241465,-99.86,9.4292,-105.73,0.0,105.73,1.0,False,6014;6044
CRM,Short,397,2014-02-05T21:00:00Z,59.37649,2014-02-11T21:00:00Z,60.102628,-288.28,9.5723,-463.58,0.0,463.58,6.0,False,5968;6045
AIG,Short,648,2014-02-10T21:00:00Z,36.571792,2014-02-11T21:00:00Z,36.482228,58.04,9.4678,0.0,58.04,0.0,1.0,True,6008;6046
AMGN,Long,284,2014-02-10T21:00:00Z,83.070745,2014-02-11T21:00:00Z,84.014807,268.11,9.6292,0.0,635.81,367.69,1.0,True,6006;6047
BIIB,Long,76,2014-02-03T21:00:00Z,313.43,2014-02-11T21:00:00Z,314.31,66.88,9.4272,-1026.0,485.64,1026.0,8.0,True,5889;6048
DIS,Long,370,2014-02-06T21:00:00Z,67.475862,2014-02-11T21:00:00Z,68.912468,531.54,5.1365,0.0,716.43,184.88,5.0,True,5982;6049
EOG,Short,414,2014-02-04T21:00:00Z,57.732813,2014-02-11T21:00:00Z,61.925104,-1735.61,10.0986,-2059.2,0.0,2059.2,7.0,False,5941;6050
FDX,Short,335,2014-02-06T21:00:00Z,70.718099,2014-02-11T21:00:00Z,70.853949,-45.51,9.6113,-547.94,52.79,600.73,5.0,False,5987;6051
KMI,Long,1357,2014-02-04T21:00:00Z,17.640899,2014-02-11T21:00:00Z,17.8726,314.42,9.6612,-185.79,350.15,185.79,7.0,True,5926;6052
GM,Long,886,2014-02-10T21:00:00Z,26.587753,2014-02-11T21:00:00Z,26.091409,-439.76,9.21,-439.76,0.0,439.76,1.0,False,6011;6053
GS,Long,175,2014-01-22T21:00:00Z,135.686458,2014-02-11T21:00:00Z,126.140441,-1670.55,9.2584,-1860.89,0.0,1860.89,20.0,False,5718;6054
HAL,Long,615,2014-02-03T21:00:00Z,38.8136,2014-02-11T21:00:00Z,41.253266,1500.4,5.2286,0.0,2272.44,772.05,8.0,True,5895;6055
LLY,Short,563,2014-02-10T21:00:00Z,41.688346,2014-02-11T21:00:00Z,42.549774,-484.98,9.6534,-783.09,0.0,783.09,1.0,False,6009;6056
MCD,Short,356,2014-02-04T21:00:00Z,66.706699,2014-02-11T21:00:00Z,68.308809,-570.35,4.8769,-785.19,0.0,785.19,7.0,False,5937;6057
MDT,Short,588,2014-02-10T21:00:00Z,40.380487,2014-02-11T21:00:00Z,40.351504,17.04,4.8118,-315.28,17.04,315.28,1.0,True,6013;6058
MO,Short,1509,2014-02-03T21:00:00Z,15.742934,2014-02-11T21:00:00Z,15.711574,47.32,4.7512,-108.17,770.69,878.85,8.0,True,5890;6059
MS,Short,1104,2014-02-10T21:00:00Z,21.446873,2014-02-11T21:00:00Z,21.50472,-63.86,9.5747,-486.96,0.0,486.96,1.0,False,6010;6060
NEE,Short,1466,2014-02-10T21:00:00Z,16.112515,2014-02-11T21:00:00Z,16.251616,-203.92,9.5854,-426.14,0.0,426.14,1.0,False,6015;6061
PRU,Short,480,2014-02-03T21:00:00Z,49.631843,2014-02-11T21:00:00Z,48.949861,327.35,4.7709,-31.04,612.37,643.41,8.0,True,5900;6062
TXN,Short,790,2014-01-30T21:00:00Z,30.385975,2014-02-11T21:00:00Z,30.17204,169.01,9.6696,-292.95,968.99,1261.93,12.0,True,5863;6063
BA,Long,228,2014-02-05T21:00:00Z,103.329482,2014-02-11T21:00:00Z,109.064311,1307.54,9.9452,0.0,1804.45,496.9,6.0,True,5963;6066
SPY,Long,246,2014-02-04T21:00:00Z,141.330737,2014-02-11T21:00:00Z,145.604429,1051.33,7.2333,-157.0,1943.67,371.64,7.0,True,5945;6076
AAPL,Long,1526,2014-01-29T21:00:00Z,15.570735,2014-02-12T21:00:00Z,16.687068,1703.52,9.8033,-214.98,1703.52,214.98,14.0,True,5830;6077
ABT,Long,829,2014-02-03T21:00:00Z,28.643786,2014-02-12T21:00:00Z,29.700897,876.34,9.6216,-214.22,1090.56,214.22,9.0,True,5892;6078
AXP,Long,340,2014-02-04T21:00:00Z,70.151863,2014-02-12T21:00:00Z,74.816844,1586.09,9.925,0.0,1680.74,94.65,8.0,True,5916;6079
BMY,Long,703,2014-01-29T21:00:00Z,33.695314,2014-02-12T21:00:00Z,34.959554,888.76,9.6435,-977.64,1038.45,977.64,14.0,True,5805;6080
COF,Short,417,2014-02-11T21:00:00Z,57.01089,2014-02-12T21:00:00Z,57.07484,-26.67,9.5281,-113.33,0.0,113.33,1.0,False,6041;6081
DHR,Short,571,2014-01-30T21:00:00Z,41.999774,2014-02-12T21:00:00Z,42.16129,-92.23,9.5947,-92.23,922.26,1014.48,13.0,False,5861;6082
EBAY,Short,1192,2014-02-11T21:00:00Z,20.042346,2014-02-12T21:00:00Z,20.142558,-119.45,9.6571,-367.21,0.0,367.21,1.0,False,6036;6083
LOW,Short,652,2014-01-30T21:00:00Z,36.893389,2014-02-12T21:00:00Z,37.29172,-259.71,9.68,-259.71,732.39,992.1,13.0,False,5862;6084
MCK,Short,150,2014-02-11T21:00:00Z,157.216863,2014-02-12T21:00:00Z,160.047625,-424.61,9.5881,-424.61,0.0,424.61,1.0,False,6072;6085
MET,Short,1635,2014-02-11T21:00:00Z,14.539333,2014-02-12T21:00:00Z,14.967842,-700.61,9.7635,-700.61,0.0,700.61,1.0,False,6038;6086
OXY,Long,397,2014-02-11T21:00:00Z,59.942946,2014-02-12T21:00:00Z,60.787956,335.47,9.6327,0.0,359.06,23.59,1.0,True,6068;6087
PM,Short,548,2014-02-11T21:00:00Z,43.29285,2014-02-12T21:00:00Z,43.788443,-271.59,9.5296,-271.59,54.32,325.9,1.0,False,6065;6088
QCOM,Short,451,2014-02-11T21:00:00Z,52.748209,2014-02-12T21:00:00Z,53.354592,-273.48,9.6697,-511.98,0.0,511.98,1.0,False,6034;6089
SPY,Long,112,2014-02-04T21:00:00Z,141.330737,2014-02-12T21:00:00Z,147.244428,662.33,5.7982,-71.48,884.92,169.2,8.0,True,5945;6100
SPY,Long,85,2014-02-06T21:00:00Z,141.872018,2014-02-12T21:00:00Z,147.244428,456.65,7.5706,-100.26,625.58,120.17,6.0,True,5989;6100
SPY,Long,179,2014-02-06T21:00:00Z,141.872018,2014-02-13T21:00:00Z,146.121473,760.65,5.2928,-211.13,1317.4,308.02,7.0,True,5989;6101
FB,Short,384,2014-02-06T21:00:00Z,60.936372,2014-02-13T21:00:00Z,63.541422,-1000.34,9.8505,-2209.87,0.0,2209.87,7.0,False,5981;6102
ABBV,Short,788,2014-02-11T21:00:00Z,30.13215,2014-02-13T21:00:00Z,30.650094,-408.14,9.6043,-532.98,0.0,532.98,2.0,False,6067;6103
GS,Long,184,2014-02-12T21:00:00Z,128.714736,2014-02-13T21:00:00Z,127.204587,-277.87,9.4319,-277.87,0.0,277.87,1.0,False,6091;6104
IBM,Long,225,2014-01-24T21:00:00Z,105.030673,2014-02-13T21:00:00Z,103.60268,-321.3,9.4496,-1107.95,200.33,1107.95,20.0,False,5736;6105
KMB,Short,355,2014-02-12T21:00:00Z,67.043207,2014-02-13T21:00:00Z,66.407755,225.59,9.4925,-17.52,225.59,17.52,1.0,True,6096;6106
MCD,Long,347,2014-02-12T21:00:00Z,68.509971,2014-02-13T21:00:00Z,68.02862,-167.03,9.4907,-167.03,24.93,191.96,1.0,False,6090;6107
UNH,Short,410,2014-02-10T21:00:00Z,57.376255,2014-02-13T21:00:00Z,56.70514,275.16,9.3454,-82.88,275.16,321.57,3.0,True,6007;6108
GM,Short,910,2014-02-12T21:00:00Z,26.254388,2014-02-13T21:00:00Z,26.076593,161.79,14.2446,0.0,161.79,0.0,1.0,True,6093;6113
SBUX,Long,817,2014-02-11T21:00:00Z,29.161876,2014-02-13T21:00:00Z,28.643841,-423.23,14.2952,-423.23,0.0,423.23,2.0,False,6037;6114
COP,Short,559,2014-02-13T21:00:00Z,42.380185,2014-02-14T21:00:00Z,42.551285,-95.64,9.5814,-415.69,0.0,415.69,1.0,False,6111;6115
CSCO,Short,1523,2014-02-10T21:00:00Z,15.512481,2014-02-14T21:00:00Z,15.258628,386.62,9.4857,-250.78,386.62,303.03,4.0,True,6005;6116
EMR,Short,511,2014-02-11T21:00:00Z,46.552262,2014-02-14T21:00:00Z,46.387193,84.35,9.497,-173.26,84.35,217.13,3.0,True,6070;6117
KMI,Long,1331,2014-02-12T21:00:00Z,17.877866,2014-02-14T21:00:00Z,17.746218,-175.22,9.4775,-203.26,0.0,203.26,2.0,False,6099;6118
KO,Long,916,2014-02-11T21:00:00Z,26.060724,2014-02-14T21:00:00Z,25.939574,-110.97,4.8015,-129.47,135.63,246.61,3.0,False,6033;6119
MRK,Short,670,2014-02-13T21:00:00Z,35.093551,2014-02-14T21:00:00Z,35.480257,-259.09,9.5467,-427.5,0.0,427.5,1.0,False,6109;6120
PX,Short,232,2014-02-11T21:00:00Z,102.43634,2014-02-14T21:00:00Z,103.768037,-308.95,9.6126,-396.43,0.0,396.43,3.0,False,6073;6121
SLB,Short,387,2014-02-06T21:00:00Z,61.529516,2014-02-14T21:00:00Z,64.543881,-1166.56,9.8631,-1169.32,0.0,1169.32,8.0,False,5984;6122
TMO,Long,209,2014-02-11T21:00:00Z,114.191774,2014-02-14T21:00:00Z,117.868258,768.39,9.802,0.0,868.7,100.31,3.0,True,6071;6123
SBUX,Short,825,2014-02-13T21:00:00Z,28.643841,2014-02-14T21:00:00Z,28.955441,-257.07,9.5972,-478.79,0.0,478.79,1.0,False,6114;6128
HPQ,Short,2814,2014-02-06T21:00:00Z,8.486705,2014-02-14T21:00:00Z,8.973893,-1370.95,14.686,-1523.28,0.0,1523.28,8.0,False,5986;6129
DOW,Long,440,2014-02-12T21:00:00Z,53.417134,2014-02-14T21:00:00Z,53.221002,-86.3,14.2356,-86.3,208.13,294.43,2.0,False,6092;6130
GM,Long,902,2014-02-13T21:00:00Z,26.076593,2014-02-14T21:00:00Z,26.224755,133.64,9.6542,0.0,494.48,360.83,1.0,True,6113;6131
AXP,Long,316,2014-02-13T21:00:00Z,74.60595,2014-02-18T21:00:00Z,75.078353,149.28,9.4856,0.0,154.61,5.33,5.0,True,6110;6134
DUK,Short,569,2014-02-11T21:00:00Z,41.760246,2014-02-18T21:00:00Z,42.873364,-633.36,9.656,-633.36,0.0,633.36,7.0,False,6039;6135
EPD,Short,1659,2014-02-11T21:00:00Z,14.396585,2014-02-18T21:00:00Z,14.433483,-61.21,9.6069,-252.05,0.0,252.05,7.0,False,6069;6136
NEE,Short,1450,2014-02-12T21:00:00Z,16.399634,2014-02-18T21:00:00Z,16.645735,-356.85,9.5961,-359.43,0.0,359.43,6.0,False,6097;6137
ORCL,Long,799,2014-02-05T21:00:00Z,29.395716,2014-02-18T21:00:00Z,31.572257,1739.06,9.7757,0.0,1917.59,297.56,13.0,True,5959;6138
OXY,Long,390,2014-02-13T21:00:00Z,60.325841,2014-02-18T21:00:00Z,63.389005,1194.63,9.7074,0.0,1261.57,66.94,5.0,True,6112;6139
SBUX,Long,817,2014-02-14T21:00:00Z,28.955441,2014-02-18T21:00:00Z,29.157981,165.48,4.7078,-117.74,165.48,117.74,4.0,True,6128;6140
TJX,Short,954,2014-02-11T21:00:00Z,25.001141,2014-02-18T21:00:00Z,25.309068,-293.76,9.6732,-386.32,0.0,386.32,7.0,False,6040;6141
VZ,Long,973,2014-02-11T21:00:00Z,24.502947,2014-02-18T21:00:00Z,24.221424,-273.92,9.4544,-517.41,187.69,705.1,7.0,False,6064;6142
GM,Short,911,2014-02-14T21:00:00Z,26.224755,2014-02-18T21:00:00Z,26.987792,-695.13,9.7105,-695.13,0.0,695.13,4.0,False,6131;6147
AMZN,Short,1334,2014-02-14T21:00:00Z,17.907889,2014-02-19T21:00:00Z,17.590635,423.22,9.379,0.0,773.24,350.02,5.0,True,6125;6151
BLK,Short,107,2014-02-18T21:00:00Z,221.555337,2014-02-19T21:00:00Z,221.526119,3.13,9.4799,0.0,220.41,217.28,1.0,True,6149;6152
DOW,Short,444,2014-02-14T21:00:00Z,53.221002,2014-02-19T21:00:00Z,54.017067,-353.45,4.7578,-353.45,0.0,353.45,5.0,False,6130;6153
ABBV,Short,774,2014-02-14T21:00:00Z,30.832897,2014-02-19T21:00:00Z,31.021795,-146.21,9.6138,-405.6,0.0,405.6,5.0,False,6126;6154
HAL,Short,559,2014-02-12T21:00:00Z,42.477048,2014-02-19T21:00:00Z,42.556001,-44.14,9.5023,-322.19,150.06,472.25,7.0,False,6095;6155
HPQ,Long,2649,2014-02-14T21:00:00Z,8.973893,2014-02-19T21:00:00Z,8.835556,-366.46,4.6922,-366.46,0.0,366.46,5.0,False,6129;6156
KO,Long,908,2014-02-18T21:00:00Z,25.576124,2014-02-19T21:00:00Z,25.219405,-323.9,9.1145,-550.02,0.0,550.02,1.0,False,6143;6157
MCK,Short,148,2014-02-18T21:00:00Z,160.823802,2014-02-19T21:00:00Z,162.485733,-245.97,9.5992,-245.97,0.0,245.97,1.0,False,6150;6158
FB,Long,356,2014-02-14T21:00:00Z,66.869546,2014-02-19T21:00:00Z,66.41391,-162.21,14.3178,-162.21,193.94,356.15,5.0,False,6124;6159
T,Short,1993,2014-02-11T21:00:00Z,12.002876,2014-02-19T21:00:00Z,12.032322,-58.69,9.569,-645.54,0.0,645.54,8.0,False,6032;6160
C,Short,684,2014-02-03T21:00:00Z,35.028786,2014-02-20T21:00:00Z,35.527416,-341.06,9.4775,-1103.44,501.56,1605.0,17.0,False,5883;6170
COP,Short,551,2014-02-19T21:00:00Z,42.998777,2014-02-20T21:00:00Z,42.761869,130.54,9.4211,0.0,152.29,21.76,1.0,True,6163;6171
COST,Short,258,2014-02-19T21:00:00Z,91.269229,2014-02-20T21:00:00Z,91.141947,32.84,9.4399,-67.73,32.84,67.73,1.0,True,6167;6172
MDT,Short,577,2014-02-18T21:00:00Z,40.989129,2014-02-20T21:00:00Z,40.858705,75.25,9.4645,-179.77,154.69,334.46,2.0,True,6148;6173
MRK,Short,661,2014-02-19T21:00:00Z,35.71228,2014-02-20T21:00:00Z,35.480257,153.37,9.4449,-170.41,153.37,170.41,1.0,True,6162;6174
UNH,Short,397,2014-02-19T21:00:00Z,59.438113,2014-02-20T21:00:00Z,59.510884,-28.89,9.4394,-28.89,9.63,38.52,1.0,False,6164;6175
USB,Long,940,2014-02-04T21:00:00Z,25.444118,2014-02-20T21:00:00Z,26.070595,588.89,9.7449,0.0,1104.17,515.28,16.0,True,5918;6176
SPY,Short,262,2014-02-14T21:00:00Z,147.761471,2014-02-21T21:00:00Z,148.989451,-321.73,15.5773,-321.73,0.0,321.73,7.0,False,6133;6185
ADP,Long,427,2014-02-11T21:00:00Z,55.443909,2014-02-21T21:00:00Z,57.433667,849.63,9.6372,0.0,849.63,108.6,10.0,True,6074;6186
HON,Long,370,2014-02-04T21:00:00Z,64.308301,2014-02-21T21:00:00Z,67.93528,1341.98,9.8407,0.0,1548.24,447.33,17.0,True,5919;6187
LOW,Short,634,2014-02-19T21:00:00Z,37.29172,2014-02-21T21:00:00Z,37.220021,45.46,9.4552,-126.27,75.76,202.03,2.0,True,6168;6188
MET,Long,1550,2014-02-19T21:00:00Z,15.342413,2014-02-21T21:00:00Z,15.195581,-227.59,9.4083,-315.84,0.0,315.84,2.0,False,6165;6189
UNP,Short,357,2014-02-20T21:00:00Z,66.513638,2014-02-21T21:00:00Z,67.503391,-353.34,9.629,-411.33,0.0,411.33,1.0,False,6177;6190
HPQ,Short,2678,2014-02-20T21:00:00Z,8.850592,2014-02-21T21:00:00Z,9.21448,-974.49,14.3341,-974.49,0.0,974.49,1.0,False,6181;6195
CL,Long,520,2014-02-03T21:00:00Z,45.79541,2014-02-21T21:00:00Z,46.311141,268.18,14.1741,-357.57,548.02,446.97,18.0,True,5891;6197
BIIB,Short,72,2014-02-14T21:00:00Z,329.48,2014-02-25T21:00:00Z,346.51,-1226.16,9.7141,-1269.36,74.16,1343.52,11.0,False,6127;6201
HPQ,Long,2608,2014-02-21T21:00:00Z,9.21448,2014-02-25T21:00:00Z,8.970886,-635.29,4.6871,-635.29,0.0,635.29,4.0,False,6195;6206
AIG,Short,645,2014-02-20T21:00:00Z,36.743455,2014-02-25T21:00:00Z,36.907655,-105.91,9.4577,-105.91,120.35,226.26,5.0,False,6179;6219
BA,Short,219,2014-02-11T21:00:00Z,109.064311,2014-02-25T21:00:00Z,111.260903,-481.05,4.7727,-703.16,21.52,703.16,14.0,False,6066;6220
BLK,Short,108,2014-02-20T21:00:00Z,219.648841,2014-02-25T21:00:00Z,221.007494,-146.73,9.4781,-149.1,134.11,283.21,5.0,False,6182;6221
CL,Short,512,2014-02-21T21:00:00Z,46.311141,2014-02-25T21:00:00Z,46.370936,-30.61,4.7507,-42.1,3.83,45.92,4.0,False,6197;6222
FB,Short,355,2014-02-19T21:00:00Z,66.41391,2014-02-25T21:00:00Z,70.296722,-1378.4,4.9123,-1378.4,0.0,1378.4,6.0,False,6159;6223
COP,Short,554,2014-02-21T21:00:00Z,42.722385,2014-02-25T21:00:00Z,43.709501,-546.86,9.5664,-583.32,0.0,583.32,4.0,False,6193;6224
DOW,Long,435,2014-02-21T21:00:00Z,54.628537,2014-02-25T21:00:00Z,54.224736,-175.65,9.4532,-200.75,0.0,200.75,4.0,False,6196;6225
EOG,Short,383,2014-02-12T21:00:00Z,62.440258,2014-02-25T21:00:00Z,64.998266,-979.72,9.7729,-1122.59,40.82,1163.41,13.0,False,6094;6226
GD,Long,302,2014-02-11T21:00:00Z,78.962521,2014-02-25T21:00:00Z,83.45776,1357.56,9.8158,0.0,1392.37,350.41,14.0,True,6042;6227
GM,Long,894,2014-02-18T21:00:00Z,26.987792,2014-02-25T21:00:00Z,27.143363,139.08,4.7817,-264.91,139.08,298.03,7.0,True,6147;6228
GS,Long,185,2014-02-20T21:00:00Z,127.924451,2014-02-25T21:00:00Z,129.974497,379.26,9.4954,-1.45,441.5,442.95,5.0,True,6178;6229
MCD,Long,345,2014-02-18T21:00:00Z,68.991323,2014-02-25T21:00:00Z,69.307434,109.06,9.5496,-118.97,146.24,118.97,7.0,True,6144;6230
NEE,Short,1425,2014-02-19T21:00:00Z,16.633252,2014-02-25T21:00:00Z,16.40855,320.2,9.3559,0.0,414.23,94.03,6.0,True,6169;6231
SBUX,Short,823,2014-02-19T21:00:00Z,28.682791,2014-02-25T21:00:00Z,28.238761,365.44,9.225,0.0,984.11,618.68,6.0,True,6166;6232
T,Long,1964,2014-02-19T21:00:00Z,12.032322,2014-02-25T21:00:00Z,11.96975,-122.89,4.6511,-375.91,354.22,730.13,6.0,False,6160;6233
VZ,Short,944,2014-02-21T21:00:00Z,24.716696,2014-02-25T21:00:00Z,24.20057,487.22,9.212,0.0,536.44,49.21,4.0,True,6191;6234
SPY,Long,157,2014-02-25T21:00:00Z,149.482258,2014-02-25T21:00:00Z,149.482258,0.0,15.1718,0.0,0.0,0.0,0.0,False,6218;6241
SPY,Short,194,2014-02-25T21:00:00Z,149.482258,2014-02-26T21:00:00Z,149.53881,-10.97,5.7943,-10.97,28.21,39.18,1.0,False,6241;6242
AXP,Long,311,2014-02-25T21:00:00Z,75.92193,2014-02-26T21:00:00Z,76.056902,41.98,9.4242,-78.71,41.98,78.71,1.0,True,6236;6243
BAX,Long,774,2014-02-25T21:00:00Z,30.515755,2014-02-26T21:00:00Z,30.146772,-285.59,9.3749,-285.59,0.0,285.59,1.0,False,6239;6244
BK,Long,1018,2014-02-11T21:00:00Z,23.374721,2014-02-26T21:00:00Z,23.352481,-22.64,9.565,-301.88,339.61,641.49,15.0,False,6075;6245
CAT,Short,330,2014-02-25T21:00:00Z,71.055302,2014-02-26T21:00:00Z,71.062653,-2.43,9.3943,-133.44,0.0,133.44,1.0,False,6214;6246
COST,Short,260,2014-02-25T21:00:00Z,90.998755,2014-02-26T21:00:00Z,91.881775,-229.59,9.5698,-308.18,0.0,308.18,1.0,False,6216;6247
HD,Long,420,2014-02-11T21:00:00Z,56.471103,2014-02-26T21:00:00Z,59.942262,1457.89,9.8477,0.0,1678.59,460.06,15.0,True,6035;6248
HON,Long,348,2014-02-25T21:00:00Z,68.182879,2014-02-26T21:00:00Z,68.05194,-45.57,9.5047,-45.57,32.91,78.48,1.0,False,6211;6249
LMT,Short,204,2014-02-21T21:00:00Z,116.619574,2014-02-26T21:00:00Z,115.552329,217.72,9.3766,-164.37,601.25,383.53,5.0,True,6198;6250
MET,Long,1550,2014-02-25T21:00:00Z,15.210564,2014-02-26T21:00:00Z,14.785052,-659.54,9.3367,-659.54,0.0,659.54,1.0,False,6237;6251
USB,Long,900,2014-02-21T21:00:00Z,26.272895,2014-02-26T21:00:00Z,26.684021,370.01,9.551,0.0,417.0,46.99,5.0,True,6194;6252
HPQ,Short,2626,2014-02-25T21:00:00Z,8.970886,2014-02-27T21:00:00Z,8.955849,39.49,9.4183,-55.28,63.18,55.28,2.0,True,6238;6262
LOW,Short,628,2014-02-25T21:00:00Z,38.112281,2014-02-27T21:00:00Z,40.327,-1390.84,9.899,-1490.9,0.0,1490.9,2.0,False,6217;6263
MCD,Long,340,2014-02-26T21:00:00Z,69.472674,2014-02-27T21:00:00Z,68.948701,-178.15,9.3691,-197.86,0.0,197.86,1.0,False,6254;6264
PM,Long,536,2014-02-26T21:00:00Z,44.091306,2014-02-27T21:00:00Z,43.77743,-168.24,9.4614,-168.24,209.56,377.8,1.0,False,6253;6265
SO,Long,962,2014-02-25T21:00:00Z,24.552656,2014-02-27T21:00:00Z,24.465239,-84.1,9.4389,-84.1,0.0,84.1,2.0,False,6240;6266
TGT,Long,611,2014-02-12T21:00:00Z,38.909733,2014-02-27T21:00:00Z,41.457563,1556.72,9.8285,-263.39,1665.76,490.67,15.0,True,6098;6267
WMT,Long,1229,2014-02-25T21:00:00Z,19.176249,2014-02-27T21:00:00Z,19.566692,479.85,9.5269,0.0,515.28,70.85,2.0,True,6209;6268
BA,Long,217,2014-02-27T21:00:00Z,108.596486,2014-03-03T21:00:00Z,109.155154,121.23,9.5784,0.0,479.33,358.1,4.0,True,6270;6277
ETN,Long,433,2014-02-26T21:00:00Z,54.532595,2014-03-03T21:00:00Z,53.441365,-472.5,9.3405,-622.7,0.0,622.7,5.0,False,6261;6278
GM,Long,883,2014-02-26T21:00:00Z,26.632202,2014-03-03T21:00:00Z,26.446999,-163.53,9.5556,-163.53,536.39,699.93,5.0,False,6256;6279
PSX,Short,474,2014-02-27T21:00:00Z,49.642357,2014-03-03T21:00:00Z,48.454524,563.03,9.2054,0.0,563.03,0.0,4.0,True,6274;6280
MDT,Long,566,2014-02-25T21:00:00Z,41.844125,2014-03-03T21:00:00Z,42.525225,385.5,9.5547,0.0,619.26,233.76,6.0,True,6215;6282
ALXN,Long,132,2014-02-14T21:00:00Z,180.06,2014-03-03T21:00:00Z,174.77,-698.28,9.3187,-1007.16,505.56,1512.72,17.0,False,6132;6299
EOG,Short,361,2014-02-26T21:00:00Z,65.23275,2014-03-03T21:00:00Z,67.165467,-697.71,9.6379,-745.17,0.0,745.17,5.0,False,6258;6300
ABBV,Short,762,2014-02-25T21:00:00Z,31.033982,2014-03-03T21:00:00Z,30.698841,255.38,9.3617,0.0,390.03,134.65,6.0,True,6210;6301
GD,Long,284,2014-02-27T21:00:00Z,82.973657,2014-03-03T21:00:00Z,83.165761,54.56,9.5842,0.0,573.95,519.39,4.0,True,6276;6302
KFT,Long,956,2014-01-30T21:00:00Z,25.071005,2014-03-03T21:00:00Z,25.540896,449.22,9.6698,-775.26,1014.36,775.26,32.0,True,5858;6303
KMB,Long,352,2014-02-27T21:00:00Z,66.90131,2014-03-03T21:00:00Z,67.542931,225.85,9.4627,0.0,410.44,295.34,4.0,True,6275;6304
MS,Long,1108,2014-02-18T21:00:00Z,21.403488,2014-03-03T21:00:00Z,21.866266,512.76,9.5854,-512.76,961.42,512.76,13.0,True,6146;6305
NKE,Short,724,2014-02-25T21:00:00Z,32.580164,2014-03-03T21:00:00Z,32.617115,-26.75,9.4521,-245.91,31.08,245.91,6.0,False,6213;6306
ORCL,Long,755,2014-02-19T21:00:00Z,31.365362,2014-03-03T21:00:00Z,32.077082,537.35,9.5448,0.0,756.04,374.89,12.0,True,6161;6307
PX,Long,228,2014-02-26T21:00:00Z,103.326812,2014-03-03T21:00:00Z,104.056838,166.45,9.479,0.0,287.17,120.72,5.0,True,6260;6308
QCOM,Long,446,2014-02-27T21:00:00Z,52.910381,2014-03-03T21:00:00Z,52.859965,-22.49,9.3816,-335.27,78.62,413.89,4.0,False,6269;6309
UNP,Short,349,2014-02-26T21:00:00Z,67.586911,2014-03-03T21:00:00Z,68.046351,-160.34,9.4542,-296.84,0.0,296.84,5.0,False,6255;6310
AXP,Long,306,2014-03-03T21:00:00Z,76.36059,2014-03-04T21:00:00Z,76.875172,157.46,9.426,0.0,539.5,382.04,1.0,True,6290;6330
BAX,Long,773,2014-03-03T21:00:00Z,30.265374,2014-03-04T21:00:00Z,30.445472,139.22,9.3662,0.0,139.22,0.0,1.0,True,6328;6331
BIIB,Short,69,2014-03-03T21:00:00Z,335.79,2014-03-04T21:00:00Z,342.58,-468.51,9.4051,-507.84,0.0,507.84,1.0,False,6291;6332
DOW,Long,420,2014-03-03T21:00:00Z,55.424603,2014-03-04T21:00:00Z,56.486023,445.8,9.4877,0.0,688.08,242.28,1.0,True,6294;6333
F,Short,2863,2014-03-03T21:00:00Z,8.143927,2014-03-04T21:00:00Z,8.208222,-184.07,9.3786,-260.77,0.0,260.77,1.0,False,6293;6334
GS,Short,180,2014-03-03T21:00:00Z,129.204203,2014-03-04T21:00:00Z,130.829364,-292.53,9.4251,-587.88,0.0,587.88,1.0,False,6292;6335
INTC,Long,1270,2014-03-03T21:00:00Z,18.440186,2014-03-04T21:00:00Z,18.537793,123.96,9.3657,0.0,123.96,0.0,1.0,True,6316;6336
LMT,Long,204,2014-03-03T21:00:00Z,114.413471,2014-03-04T21:00:00Z,117.513624,632.43,9.572,0.0,741.47,109.04,1.0,True,6322;6337
NEE,Long,1437,2014-03-03T21:00:00Z,16.323692,2014-03-04T21:00:00Z,16.347061,33.58,9.3994,0.0,219.56,185.98,1.0,True,6327;6338
T,Short,2008,2014-03-03T21:00:00Z,11.701056,2014-03-04T21:00:00Z,11.807797,-214.34,9.4619,-266.07,0.0,266.07,1.0,False,6313;6339
CRM,Long,390,2014-03-04T21:00:00Z,61.083896,2014-03-05T21:00:00Z,61.859097,302.33,9.7021,0.0,551.08,248.75,1.0,True,6350;6352
ADP,Long,405,2014-03-03T21:00:00Z,57.635634,2014-03-05T21:00:00Z,58.346262,287.8,9.3545,0.0,424.13,221.15,2.0,True,6297;6353
AMZN,Short,1313,2014-03-04T21:00:00Z,18.148324,2014-03-05T21:00:00Z,18.182244,-44.54,9.6445,-559.99,0.0,559.99,1.0,False,6340;6354
FB,Long,348,2014-03-03T21:00:00Z,66.245523,2014-03-05T21:00:00Z,69.03877,972.05,9.5812,0.0,1616.64,644.59,2.0,True,6312;6355
ETN,Long,444,2014-03-04T21:00:00Z,53.795473,2014-03-05T21:00:00Z,53.730433,-28.88,9.5156,-28.88,0.0,28.88,1.0,False,6351;6356
EMR,Short,507,2014-02-26T21:00:00Z,46.632056,2014-03-05T21:00:00Z,46.920131,-146.05,9.5147,-186.22,146.05,292.11,7.0,False,6259;6357
ABBV,Short,772,2014-03-04T21:00:00Z,30.930393,2014-03-05T21:00:00Z,31.490991,-432.78,9.7178,-442.19,0.0,442.19,1.0,False,6344;6358
UTX,Short,508,2014-02-25T21:00:00Z,46.319576,2014-03-05T21:00:00Z,47.161605,-427.75,9.4592,-427.75,0.0,427.75,8.0,False,6235;6359
BAX,Long,778,2014-03-05T21:00:00Z,30.309206,2014-03-06T21:00:00Z,30.083579,-175.54,9.3283,-323.54,0.0,323.54,1.0,False,6364;6366
BIIB,Short,68,2014-03-05T21:00:00Z,345.23,2014-03-06T21:00:00Z,346.8,-106.76,9.2438,-106.76,308.72,415.48,1.0,False,6362;6367
PSX,Long,486,2014-03-03T21:00:00Z,48.454524,2014-03-06T21:00:00Z,49.966902,735.02,9.653,0.0,1100.95,365.93,3.0,True,6325;6368
HON,Short,343,2014-03-03T21:00:00Z,67.397245,2014-03-06T21:00:00Z,69.063081,-571.38,9.3986,-571.38,0.0,571.38,3.0,False,6319;6369
KFT,Long,920,2014-03-04T21:00:00Z,25.768263,2014-03-06T21:00:00Z,26.116893,320.74,9.6487,0.0,613.59,292.85,2.0,True,6346;6370
MA,Long,336,2014-02-21T21:00:00Z,70.373645,2014-03-06T21:00:00Z,72.674287,773.02,9.5586,0.0,822.89,321.05,13.0,True,6192;6371
MCK,Long,146,2014-03-03T21:00:00Z,160.313414,2014-03-06T21:00:00Z,166.686815,930.52,9.5756,0.0,969.23,38.72,3.0,True,6326;6372
MET,Long,1555,2014-03-03T21:00:00Z,14.952859,2014-03-06T21:00:00Z,15.699004,1160.25,9.5467,0.0,1160.25,0.0,3.0,True,6320;6373
ORCL,Long,724,2014-03-05T21:00:00Z,32.615011,2014-03-06T21:00:00Z,32.846734,167.77,9.4633,0.0,167.77,0.0,1.0,True,6360;6374
PRU,Long,480,2014-03-04T21:00:00Z,50.05156,2014-03-06T21:00:00Z,51.134235,519.68,9.774,0.0,616.24,96.55,2.0,True,6349;6375
T,Short,1995,2014-03-05T21:00:00Z,11.866689,2014-03-06T21:00:00Z,11.833563,66.09,9.4681,-73.43,66.09,73.43,1.0,True,6361;6376
SPY,Short,480,2014-03-03T21:00:00Z,149.175264,2014-03-06T21:00:00Z,152.059399,-1384.39,35.8774,-1384.39,0.0,1384.39,3.0,False,6329;6388
ACN,Long,363,2014-03-04T21:00:00Z,65.550293,2014-03-07T21:00:00Z,66.162839,222.35,9.5732,0.0,222.35,88.37,3.0,True,6347;6389
BK,Long,995,2014-03-03T21:00:00Z,23.404375,2014-03-07T21:00:00Z,24.464504,1054.83,9.6454,0.0,1431.03,376.2,4.0,True,6298;6390
BLK,Short,107,2014-02-26T21:00:00Z,219.349353,2014-03-07T21:00:00Z,230.990377,-1245.59,9.5414,-1245.59,0.0,1245.59,9.0,False,6257;6391
BMY,Long,627,2014-03-06T21:00:00Z,37.507995,2014-03-07T21:00:00Z,37.082146,-267.01,9.2944,-267.01,0.0,267.01,1.0,False,6380;6392
COF,Long,402,2014-03-03T21:00:00Z,58.090036,2014-03-07T21:00:00Z,60.216354,854.78,9.4636,0.0,854.78,6.43,4.0,True,6296;6393
FB,Long,333,2014-03-06T21:00:00Z,71.168373,2014-03-07T21:00:00Z,70.405678,-253.98,9.2778,-676.17,0.0,676.17,1.0,False,6377;6394
COST,Short,254,2014-03-03T21:00:00Z,92.374993,2014-03-07T21:00:00Z,90.529402,468.78,9.2645,-107.09,577.89,109.11,4.0,True,6323;6395
KMB,Long,349,2014-03-06T21:00:00Z,67.710488,2014-03-07T21:00:00Z,68.325925,214.79,9.4741,0.0,214.79,0.0,1.0,True,6384;6396
MRK,Short,644,2014-03-06T21:00:00Z,36.782166,2014-03-07T21:00:00Z,36.936848,-99.62,9.5241,-166.03,0.0,166.03,1.0,False,6378;6397
MS,Short,1022,2014-03-06T21:00:00Z,23.203984,2014-03-07T21:00:00Z,23.616146,-421.23,9.4666,-421.23,0.0,421.23,1.0,False,6382;6398
TGT,Long,561,2014-03-05T21:00:00Z,42.253768,2014-03-07T21:00:00Z,41.759572,-277.24,9.3454,-315.75,0.0,315.75,2.0,False,6363;6399
SPY,Short,188,2014-03-03T21:00:00Z,149.175264,2014-03-07T21:00:00Z,152.657232,-654.61,5.7186,-654.61,0.0,654.61,4.0,False,6329;6409
ABT,Short,758,2014-03-06T21:00:00Z,31.259156,2014-03-10T20:00:00Z,30.930277,249.29,9.4434,0.0,249.29,148.39,3.9583,True,6383;6410
CRM,Long,378,2014-03-06T21:00:00Z,62.575422,2014-03-10T20:00:00Z,59.611995,-1120.18,9.1187,-1479.97,0.0,1479.97,3.9583,False,6386;6411
FDX,Long,325,2014-03-04T21:00:00Z,73.168834,2014-03-10T20:00:00Z,74.543572,446.79,9.7168,0.0,593.53,146.74,5.9583,True,6348;6412
GILD,Long,417,2014-03-03T21:00:00Z,55.826349,2014-03-10T20:00:00Z,54.24301,-660.25,9.2026,-660.25,330.13,990.38,6.9583,False,6288;6413
IBM,Short,218,2014-03-03T21:00:00Z,106.736507,2014-03-10T20:00:00Z,109.217938,-540.95,9.4133,-563.81,0.0,563.81,6.9583,False,6311;6414
LOW,Short,591,2014-03-07T21:00:00Z,40.175634,2014-03-10T20:00:00Z,40.016302,94.17,9.4551,0.0,207.16,113.0,2.9583,True,6404;6415
T,Short,1982,2014-03-07T21:00:00Z,11.940304,2014-03-10T20:00:00Z,11.907177,65.66,9.4911,-51.07,65.66,51.07,2.9583,True,6400;6416
AMGN,Long,275,2014-02-27T21:00:00Z,85.837239,2014-03-11T20:00:00Z,88.271839,669.51,9.5725,0.0,812.71,760.46,11.9583,True,6271;6428
BAX,Long,789,2014-03-07T21:00:00Z,29.999522,2014-03-11T20:00:00Z,29.937586,-48.87,9.442,-48.87,0.0,48.87,3.9583,False,6408;6429
EBAY,Short,1076,2014-03-10T20:00:00Z,21.682849,2014-03-11T20:00:00Z,21.693984,-11.98,9.246,-11.98,351.44,363.42,1.0,False,6421;6430
EOG,Short,349,2014-03-10T20:00:00Z,67.474559,2014-03-11T20:00:00Z,67.446137,9.92,9.2905,0.0,536.89,526.97,1.0,True,6424;6431
F,Short,2810,2014-03-07T21:00:00Z,8.417178,2014-03-11T20:00:00Z,8.304663,316.17,9.3104,0.0,617.28,301.11,3.9583,True,6402;6432
LVS,Short,426,2014-02-18T21:00:00Z,55.601833,2014-03-11T20:00:00Z,59.783626,-1781.44,9.7893,-2341.66,65.21,2406.88,20.9583,False,6145;6433
MA,Long,327,2014-03-07T21:00:00Z,72.470198,2014-03-11T20:00:00Z,71.88576,-191.11,9.4548,-218.41,0.0,218.41,3.9583,False,6401;6434
MET,Short,1481,2014-03-10T20:00:00Z,16.100544,2014-03-11T20:00:00Z,16.022633,115.39,9.4386,0.0,332.84,217.46,1.0,True,6422;6435
PRU,Long,450,2014-03-10T20:00:00Z,52.116334,2014-03-11T20:00:00Z,52.382566,119.8,9.3607,-170.39,119.8,170.39,1.0,True,6425;6436
TJX,Long,915,2014-03-07T21:00:00Z,25.865867,2014-03-11T20:00:00Z,26.270813,370.52,9.5372,0.0,370.52,150.53,3.9583,True,6405;6437
VZ,Short,959,2014-03-10T20:00:00Z,24.409106,2014-03-11T20:00:00Z,24.362185,45.0,9.3723,0.0,60.0,15.0,1.0,True,6417;6438
CRM,Long,402,2014-03-11T20:00:00Z,58.974171,2014-03-12T20:00:00Z,59.239113,106.51,9.6677,0.0,560.15,453.64,1.0,True,6449;6451
BMY,Long,632,2014-03-11T20:00:00Z,37.308378,2014-03-12T20:00:00Z,36.762759,-344.83,9.3416,-349.04,0.0,349.04,1.0,False,6440;6452
CL,Long,502,2014-03-03T21:00:00Z,46.625064,2014-03-12T20:00:00Z,47.021205,198.86,9.4133,0.0,341.44,146.33,8.9583,True,6295;6453
EPD,Short,1621,2014-02-27T21:00:00Z,14.570221,2014-03-12T20:00:00Z,14.596266,-42.22,9.4684,-214.62,24.63,221.65,12.9583,False,6272;6454
GM,Short,859,2014-03-11T20:00:00Z,27.461912,2014-03-12T20:00:00Z,25.77286,1450.9,8.9141,0.0,1450.9,0.0,1.0,True,6443;6455
IBM,Short,217,2014-03-11T20:00:00Z,109.165514,2014-03-12T20:00:00Z,108.472344,150.42,9.428,0.0,155.47,5.06,1.0,True,6439;6456
KMB,Long,348,2014-03-11T20:00:00Z,67.822386,2014-03-12T20:00:00Z,67.555075,-93.02,9.4668,-93.02,140.62,233.64,1.0,False,6446;6457
LOW,Short,593,2014-03-11T20:00:00Z,39.920703,2014-03-12T20:00:00Z,39.31524,359.04,9.3388,0.0,359.04,0.0,1.0,True,6445;6458
MCD,Long,342,2014-03-03T21:00:00Z,68.376303,2014-03-12T20:00:00Z,71.368717,1023.41,9.5719,0.0,1092.79,94.16,8.9583,True,6318;6459
AIG,Short,638,2014-03-04T21:00:00Z,37.392791,2014-03-13T20:00:00Z,37.544054,-96.51,9.4388,-607.26,590.87,687.37,8.9583,False,6345;6468
C,Short,662,2014-03-03T21:00:00Z,35.124112,2014-03-13T20:00:00Z,35.344096,-145.63,9.2174,-893.19,276.7,893.19,9.9583,False,6314;6469
FDX,Long,315,2014-03-11T20:00:00Z,74.929808,2014-03-13T20:00:00Z,75.267084,106.24,9.3894,-181.64,106.24,188.49,2.0,True,6447;6470
GD,Long,275,2014-03-10T20:00:00Z,84.902383,2014-03-13T20:00:00Z,84.356807,-150.03,9.2298,-530.4,0.0,530.4,3.0,False,6427;6471
HPQ,Long,2625,2014-03-12T20:00:00Z,9.014024,2014-03-13T20:00:00Z,8.953588,-158.64,9.2807,-729.76,0.0,729.76,1.0,False,6464;6472
MCK,Long,142,2014-03-12T20:00:00Z,166.421637,2014-03-13T20:00:00Z,168.332743,271.38,9.5384,0.0,271.38,0.0,1.0,True,6466;6473
MS,Short,1035,2014-03-12T20:00:00Z,22.77736,2014-03-13T20:00:00Z,22.791822,-14.97,9.4119,-14.97,44.9,59.87,1.0,False,6463;6474
NEE,Long,1450,2014-03-06T21:00:00Z,16.359644,2014-03-13T20:00:00Z,16.600517,349.27,9.6189,-13.03,721.99,372.73,6.9583,True,6385;6475
TGT,Long,565,2014-03-10T20:00:00Z,41.821347,2014-03-13T20:00:00Z,41.924304,58.17,9.3764,-465.37,65.93,531.3,3.0,True,6426;6476
SPY,Short,44,2014-03-03T21:00:00Z,149.175264,2014-03-13T20:00:00Z,151.78472,-114.82,3.8598,-153.21,0.0,153.21,9.9583,False,6329;6482
SPY,Short,85,2014-03-05T21:00:00Z,151.679695,2014-03-13T20:00:00Z,151.78472,-8.93,4.8804,-83.09,212.88,185.41,7.9583,False,6365;6482
ADP,Long,407,2014-03-12T20:00:00Z,58.158556,2014-03-14T20:00:00Z,57.812329,-140.91,9.5111,-140.91,85.77,226.69,2.0,False,6467;6483
DIS,Short,320,2014-03-06T21:00:00Z,73.953973,2014-03-14T20:00:00Z,71.294914,850.9,9.3319,0.0,850.9,94.23,7.9583,True,6379;6484
GS,Short,173,2014-03-11T20:00:00Z,136.497799,2014-03-14T20:00:00Z,130.907874,967.06,9.1077,0.0,1155.85,188.79,3.0,True,6441;6485
KFT,Short,887,2014-03-10T20:00:00Z,26.526153,2014-03-14T20:00:00Z,25.972894,490.74,9.3214,0.0,504.19,13.44,4.0,True,6423;6486
LOW,Long,603,2014-03-13T20:00:00Z,39.466606,2014-03-14T20:00:00Z,39.100142,-220.98,9.3964,-220.98,0.0,220.98,1.0,False,6480;6487
MO,Short,1427,2014-03-06T21:00:00Z,16.589666,2014-03-14T20:00:00Z,16.278052,444.67,9.4247,0.0,444.67,239.67,7.9583,True,6381;6488
PG,Long,434,2014-02-11T21:00:00Z,54.82166,2014-03-14T20:00:00Z,55.552616,317.23,9.6281,-158.62,427.05,585.66,30.9583,True,6031;6489
PRU,Long,464,2014-03-13T20:00:00Z,51.388634,2014-03-14T20:00:00Z,49.79716,-738.44,9.2292,-859.23,0.0,859.23,1.0,False,6481;6490
SO,Long,963,2014-03-07T21:00:00Z,24.424444,2014-03-14T20:00:00Z,25.129612,679.08,9.607,0.0,886.73,207.65,6.9583,True,6407;6491
COST,Long,260,2014-03-14T20:00:00Z,90.688505,2014-03-18T20:00:00Z,90.608953,-20.68,9.4026,-111.69,0.0,111.69,4.0,False,6496;6499
ETN,Long,439,2014-03-06T21:00:00Z,53.904786,2014-03-18T20:00:00Z,52.92999,-427.94,9.4957,-903.77,654.68,1558.45,11.9583,False,6387;6500
DUK,Short,557,2014-02-27T21:00:00Z,42.275909,2014-03-18T20:00:00Z,42.544763,-149.75,9.3625,-149.75,429.29,579.04,18.9583,False,6273;6501
HD,Long,388,2014-03-03T21:00:00Z,59.727628,2014-03-18T20:00:00Z,59.460795,-103.53,9.3202,-415.45,634.64,1050.09,14.9583,False,6317;6502
PCLN,Short,460,2014-02-25T21:00:00Z,51.387682,2014-03-18T20:00:00Z,50.607382,358.94,9.5546,-993.6,848.73,993.6,20.9583,True,6212;6503
TGT,Long,579,2014-03-14T20:00:00Z,40.935912,2014-03-18T20:00:00Z,41.052597,67.56,9.4649,0.0,67.56,0.0,4.0,True,6497;6504
USB,Short,872,2014-03-14T20:00:00Z,27.147353,2014-03-18T20:00:00Z,27.460592,-273.14,9.5498,-438.17,0.0,438.17,4.0,False,6494;6505
VZ,Short,974,2014-03-12T20:00:00Z,24.294411,2014-03-18T20:00:00Z,24.179717,111.71,9.4509,-50.78,289.44,340.22,6.0,True,6460;6506
TMO,Short,197,2014-03-03T21:00:00Z,117.522687,2014-03-18T20:00:00Z,118.210023,-135.41,9.3503,-801.8,6.59,801.8,14.9583,False,6324;6507
BLK,Long,107,2014-03-14T20:00:00Z,219.618746,2014-03-18T20:00:00Z,220.603748,105.4,14.1683,-7.87,181.69,76.29,4.0,True,6495;6517
CVS,Short,451,2014-03-18T20:00:00Z,52.654561,2014-03-19T20:00:00Z,52.215891,197.84,9.3942,0.0,290.38,92.54,1.0,True,6511;6524
SPY,Short,76,2014-03-05T21:00:00Z,151.679695,2014-03-19T20:00:00Z,151.64738,2.46,23.7358,-74.29,190.34,187.27,13.9583,True,6365;6540
SPY,Short,390,2014-03-11T20:00:00Z,152.269449,2014-03-19T20:00:00Z,151.64738,242.61,11.7982,-151.24,1206.73,960.97,8.0,True,6450;6540
SPY,Short,182,2014-03-14T20:00:00Z,149.296446,2014-03-19T20:00:00Z,151.64738,-427.87,5.4303,-611.66,22.06,427.87,5.0,False,6498;6540
SPY,Short,139,2014-03-18T20:00:00Z,150.863735,2014-03-19T20:00:00Z,151.64738,-108.93,4.2147,-249.3,234.7,117.91,1.0,False,6520;6540
AMGN,Long,271,2014-03-12T20:00:00Z,87.174158,2014-03-19T20:00:00Z,89.531357,638.8,9.632,-257.43,682.66,266.96,7.0,True,6461;6541
BK,Long,956,2014-03-11T20:00:00Z,24.857419,2014-03-19T20:00:00Z,24.827765,-28.35,9.5551,-283.49,467.76,496.11,8.0,False,6448;6542
BLK,Short,108,2014-03-18T20:00:00Z,220.603748,2014-03-19T20:00:00Z,221.493191,-96.06,4.7379,-96.06,135.75,231.81,1.0,False,6517;6543
CSCO,Long,1582,2014-03-10T20:00:00Z,14.867557,2014-03-19T20:00:00Z,14.881279,21.71,9.4038,-347.33,162.81,510.13,9.0,True,6420;6544
IBM,Short,219,2014-03-18T20:00:00Z,108.379145,2014-03-19T20:00:00Z,108.111196,58.68,9.4787,0.0,172.21,113.53,1.0,True,6508;6545
KFT,Short,914,2014-03-18T20:00:00Z,25.919841,2014-03-19T20:00:00Z,26.13963,-200.89,9.4985,-200.89,34.64,235.52,1.0,False,6514;6546
QCOM,Long,452,2014-03-04T21:00:00Z,53.483347,2014-03-19T20:00:00Z,54.701775,550.73,9.7927,-243.35,624.37,746.05,14.9583,True,6341;6547
SBUX,Long,805,2014-03-13T20:00:00Z,29.602011,2014-03-19T20:00:00Z,29.212511,-313.55,9.4277,-570.66,0.0,570.66,6.0,False,6479;6548
TXN,Short,757,2014-02-20T21:00:00Z,31.270242,2014-03-19T20:00:00Z,32.454018,-896.12,9.6867,-1392.76,0.0,1392.76,26.9583,False,6183;6549
UNH,Short,379,2014-03-14T20:00:00Z,62.493084,2014-03-19T20:00:00Z,63.353266,-326.01,9.5748,-907.29,76.89,984.18,5.0,False,6493;6550
BA,Long,213,2014-03-04T21:00:00Z,111.192144,2014-03-21T20:00:00Z,106.65404,-966.62,9.2564,-1369.37,0.0,1369.37,16.9583,False,6343;6557
BAX,Long,797,2014-03-19T20:00:00Z,29.82256,2014-03-21T20:00:00Z,30.225149,320.86,9.5293,0.0,320.86,45.84,2.0,True,6538;6558
USB,Short,859,2014-03-19T20:00:00Z,27.662892,2014-03-21T20:00:00Z,28.269792,-521.33,9.57,-521.33,0.0,521.33,2.0,False,6554;6565
ADP,Long,399,2014-03-19T20:00:00Z,59.302609,2014-03-21T20:00:00Z,59.754209,180.19,9.3722,-312.33,180.19,312.33,2.0,True,6537;6577
COST,Short,262,2014-03-19T20:00:00Z,90.322569,2014-03-21T20:00:00Z,91.014665,-181.33,9.4491,-181.33,79.2,260.53,2.0,False,6535;6578
ALXN,Long,133,2014-03-18T20:00:00Z,178.51,2014-03-21T20:00:00Z,173.62,-650.37,9.0634,-2489.76,0.0,2489.76,3.0,False,6519;6579
DIS,Short,324,2014-03-19T20:00:00Z,73.427515,2014-03-21T20:00:00Z,73.141979,92.51,9.3017,0.0,560.87,468.35,2.0,True,6552;6580
HAL,Short,551,2014-02-20T21:00:00Z,42.998141,2014-03-21T20:00:00Z,45.913908,-1606.59,9.8834,-1632.76,0.0,1632.76,28.9583,False,6184;6581
HPQ,Long,2572,2014-03-19T20:00:00Z,9.252746,2014-03-21T20:00:00Z,9.606297,909.33,9.8814,0.0,1033.68,124.35,2.0,True,6534;6582
INTC,Long,1275,2014-03-10T20:00:00Z,18.455202,2014-03-21T20:00:00Z,19.281106,1053.03,9.5749,-76.58,1053.03,248.9,11.0,True,6419;6583
LLY,Short,512,2014-02-20T21:00:00Z,46.093708,2014-03-21T20:00:00Z,47.648773,-796.19,9.4588,-837.02,8.17,837.02,28.9583,False,6180;6584
MMM,Short,377,2014-03-19T20:00:00Z,63.002029,2014-03-21T20:00:00Z,63.39594,-148.5,9.4596,-148.5,57.25,205.76,2.0,False,6531;6585
PX,Long,223,2014-03-07T21:00:00Z,105.680301,2014-03-21T20:00:00Z,107.679745,445.88,9.4925,0.0,445.88,59.33,13.9583,True,6406;6586
V,Short,457,2014-03-03T21:00:00Z,51.075222,2014-03-21T20:00:00Z,50.897172,81.37,9.2804,-357.81,310.87,588.36,17.9583,True,6315;6587
OXY,Short,368,2014-03-18T20:00:00Z,64.522243,2014-03-21T20:00:00Z,62.227617,844.42,14.1671,0.0,998.62,269.24,3.0,True,6512;6590
BMY,Long,663,2014-03-21T20:00:00Z,36.137293,2014-03-25T20:00:00Z,34.227626,-1266.11,9.0966,-1442.57,0.0,1442.57,4.0,False,6567;6596
CVS,Short,453,2014-03-21T20:00:00Z,52.753616,2014-03-25T20:00:00Z,52.788992,-16.03,9.5596,-125.0,67.31,192.31,4.0,False,6568;6598
LOW,Long,602,2014-03-18T20:00:00Z,39.402873,2014-03-25T20:00:00Z,39.251507,-91.12,9.4182,-527.55,57.55,585.1,7.0,False,6516;6601
MET,Short,1477,2014-03-21T20:00:00Z,16.211417,2014-03-25T20:00:00Z,16.247375,-53.11,9.5326,-75.24,261.13,336.37,4.0,False,6571;6603
NKE,Short,711,2014-03-11T20:00:00Z,33.23515,2014-03-25T20:00:00Z,31.734207,1067.17,9.1143,-176.37,1614.21,547.04,14.0,True,6442;6605
OXY,Long,384,2014-03-21T20:00:00Z,62.227617,2014-03-25T20:00:00Z,62.886075,252.85,4.8348,0.0,278.39,25.54,4.0,True,6590;6606
TJX,Long,926,2014-03-19T20:00:00Z,25.671831,2014-03-25T20:00:00Z,25.680268,7.81,9.419,-312.48,347.64,660.12,6.0,True,6555;6608
CRM,Long,414,2014-03-18T20:00:00Z,57.453206,2014-03-25T20:00:00Z,55.745801,-706.87,9.4476,-889.68,231.56,1121.24,7.0,False,6518;6623
BIIB,Short,67,2014-03-19T20:00:00Z,352.29,2014-03-25T20:00:00Z,317.3,2344.33,8.868,0.0,2714.17,369.84,6.0,True,6533;6624
BK,Short,909,2014-03-21T20:00:00Z,26.429078,2014-03-25T20:00:00Z,26.451318,-20.22,9.522,-20.22,168.47,188.69,4.0,False,6594;6625
CAT,Long,335,2014-03-21T20:00:00Z,71.364078,2014-03-25T20:00:00Z,71.562577,66.5,9.6485,-54.18,374.35,307.86,4.0,True,6591;6626
GD,Long,288,2014-03-21T20:00:00Z,83.204182,2014-03-25T20:00:00Z,82.489554,-205.81,9.5041,-376.22,0.0,376.22,4.0,False,6575;6627
GILD,Long,461,2014-03-18T20:00:00Z,51.745156,2014-03-25T20:00:00Z,49.547591,-1013.08,9.489,-1179.83,226.53,1406.35,7.0,False,6510;6628
GS,Short,178,2014-03-21T20:00:00Z,133.223924,2014-03-25T20:00:00Z,130.750854,440.21,9.229,0.0,899.98,459.77,4.0,True,6589;6629
KMB,Long,348,2014-03-21T20:00:00Z,69.040827,2014-03-25T20:00:00Z,69.040827,0.0,9.5499,-108.17,0.0,108.17,4.0,False,6572;6630
LMT,Long,198,2014-03-07T21:00:00Z,119.373716,2014-03-25T20:00:00Z,113.315945,-1199.44,9.2329,-1313.74,0.0,1313.74,17.9583,False,6403;6631
MDT,Short,550,2014-03-21T20:00:00Z,43.749754,2014-03-25T20:00:00Z,42.27887,808.99,9.3914,0.0,888.69,338.74,4.0,True,6592;6632
MRK,Short,636,2014-03-10T20:00:00Z,37.020635,2014-03-25T20:00:00Z,35.172617,1175.34,9.2591,0.0,1328.19,582.48,15.0,True,6418;6633
MS,Short,1002,2014-03-21T20:00:00Z,24.028307,2014-03-25T20:00:00Z,23.500451,528.91,9.3016,0.0,1181.0,652.08,4.0,True,6570;6634
PEP,Long,437,2014-03-04T21:00:00Z,54.13474,2014-03-25T20:00:00Z,56.054406,838.89,9.7125,0.0,1062.78,540.3,20.9583,True,6342;6635
PRU,Long,457,2014-03-21T20:00:00Z,52.352985,2014-03-25T20:00:00Z,51.702196,-297.41,9.4144,-427.19,0.0,427.19,4.0,False,6573;6636
SLB,Long,370,2014-03-18T20:00:00Z,64.258415,2014-03-25T20:00:00Z,67.434225,1175.05,9.8261,0.0,1457.59,282.54,7.0,True,6509;6637
SO,Long,952,2014-03-21T20:00:00Z,25.001399,2014-03-25T20:00:00Z,25.211201,199.73,9.5816,0.0,294.05,94.32,4.0,True,6574;6638
UNP,Short,333,2014-03-13T20:00:00Z,71.399117,2014-03-25T20:00:00Z,71.562389,-54.37,9.4292,-171.96,366.68,538.64,12.0,False,6478;6639
SPY,Long,232,2014-03-25T20:00:00Z,151.257747,2014-03-25T20:00:00Z,151.257747,0.0,23.9174,0.0,0.0,0.0,0.0,False,6622;6653
SPY,Long,327,2014-03-25T20:00:00Z,151.257747,2014-03-26T20:00:00Z,151.744628,159.21,9.8164,-379.45,159.21,379.45,1.0,True,6622;6654
BLK,Long,107,2014-03-25T20:00:00Z,223.713121,2014-03-26T20:00:00Z,228.175034,477.42,9.703,0.0,477.42,0.0,1.0,True,6647;6655
COF,Short,396,2014-03-25T20:00:00Z,60.36024,2014-03-26T20:00:00Z,60.496132,-53.81,9.5142,-53.81,174.1,227.92,1.0,False,6619;6656
CVS,Long,453,2014-03-25T20:00:00Z,52.788992,2014-03-26T20:00:00Z,53.546052,342.95,9.6314,0.0,342.95,0.0,1.0,True,6642;6657
HAL,Short,521,2014-03-25T20:00:00Z,46.198891,2014-03-26T20:00:00Z,46.935096,-383.56,9.693,-383.56,0.0,383.56,1.0,False,6617;6658
LLY,Long,520,2014-03-25T20:00:00Z,45.838518,2014-03-26T20:00:00Z,45.838518,0.0,9.512,0.0,0.0,0.0,1.0,False,6645;6659
PM,Long,530,2014-03-03T21:00:00Z,44.190425,2014-03-26T20:00:00Z,44.818924,333.1,9.4455,-315.2,388.16,703.36,22.9583,True,6289;6660
TXN,Long,718,2014-03-25T20:00:00Z,33.445253,2014-03-26T20:00:00Z,33.516565,51.2,9.5317,-261.13,51.2,261.13,1.0,True,6616;6661
UNH,Short,359,2014-03-21T20:00:00Z,66.696618,2014-03-26T20:00:00Z,66.120458,206.84,9.4902,0.0,317.55,128.18,5.0,True,6569;6662
TMO,Short,199,2014-03-19T20:00:00Z,119.007701,2014-03-26T20:00:00Z,115.057756,786.04,9.2091,0.0,1107.34,321.3,7.0,True,6536;6663
LVS,Short,423,2014-03-25T20:00:00Z,56.573539,2014-03-26T20:00:00Z,55.29955,538.9,13.9156,0.0,1051.15,512.25,1.0,True,6614;6670
EPD,Short,1593,2014-03-18T20:00:00Z,14.843697,2014-03-26T20:00:00Z,14.878424,-55.32,14.2708,-262.77,134.84,262.77,8.0,False,6513;6671
BAX,Long,788,2014-03-26T20:00:00Z,30.371143,2014-03-27T20:00:00Z,33.485678,2454.25,9.962,0.0,2454.25,0.0,1.0,True,6676;6677
BMY,Short,702,2014-03-25T20:00:00Z,34.227626,2014-03-27T20:00:00Z,34.932938,-495.13,9.6569,-569.87,0.0,569.87,2.0,False,6643;6678
CAT,Short,329,2014-03-26T20:00:00Z,73.003533,2014-03-27T20:00:00Z,71.944871,348.3,9.4936,0.0,348.3,0.0,1.0,True,6672;6679
DHR,Long,554,2014-03-03T21:00:00Z,42.183568,2014-03-27T20:00:00Z,40.952028,-682.27,9.2028,-703.9,515.28,1219.18,23.9583,False,6321;6680
DOW,Short,408,2014-03-26T20:00:00Z,58.493492,2014-03-27T20:00:00Z,56.667916,744.83,9.2055,0.0,1105.28,360.44,1.0,True,6673;6681
FDX,Short,324,2014-03-25T20:00:00Z,73.199905,2014-03-27T20:00:00Z,72.155436,338.41,9.3862,0.0,431.82,93.41,2.0,True,6651;6682
LOW,Short,619,2014-03-26T20:00:00Z,38.606211,2014-03-27T20:00:00Z,38.550445,34.52,9.5737,-39.45,34.52,39.45,1.0,True,6675;6683
LVS,Long,432,2014-03-26T20:00:00Z,55.29955,2014-03-27T20:00:00Z,54.01156,-556.41,4.6745,-556.41,0.0,556.41,1.0,False,6670;6684
MA,Long,328,2014-03-12T20:00:00Z,71.8301,2014-03-27T20:00:00Z,68.221433,-1183.64,9.2306,-1244.5,453.37,1697.87,15.0,False,6462;6685
OXY,Short,381,2014-03-25T20:00:00Z,62.886075,2014-03-27T20:00:00Z,62.147804,281.28,9.5935,-22.81,281.28,278.75,2.0,True,6644;6686
PCLN,Short,497,2014-03-25T20:00:00Z,48.433716,2014-03-27T20:00:00Z,46.449557,986.13,9.3445,0.0,1112.74,126.62,2.0,True,6646;6687
TGT,Long,584,2014-03-25T20:00:00Z,40.901593,2014-03-27T20:00:00Z,40.688814,-124.26,9.5249,-156.33,64.14,188.4,2.0,False,6652;6688
TJX,Short,933,2014-03-25T20:00:00Z,25.680268,2014-03-27T20:00:00Z,25.157214,488.01,9.4028,0.0,582.46,94.45,2.0,True,6649;6689
MO,Long,1424,2014-03-26T20:00:00Z,16.772839,2014-03-27T20:00:00Z,16.872704,142.21,14.4081,0.0,180.99,38.78,1.0,True,6667;6694
ACN,Long,358,2014-03-11T20:00:00Z,66.217811,2014-03-28T20:00:00Z,62.471856,-1341.05,9.1293,-1551.91,0.0,1551.91,17.0,False,6444;6706
ADP,Long,414,2014-03-25T20:00:00Z,57.722009,2014-03-28T20:00:00Z,57.962863,99.71,9.5743,-152.69,99.71,152.69,3.0,True,6620;6707
AIG,Long,643,2014-03-27T20:00:00Z,37.117587,2014-03-28T20:00:00Z,37.072696,-28.87,9.5534,-28.87,129.89,158.76,1.0,False,6695;6708
C,Short,645,2014-03-21T20:00:00Z,37.39728,2014-03-28T20:00:00Z,34.904128,1608.08,9.202,0.0,1773.62,165.54,7.0,True,6566;6709
DUK,Short,574,2014-03-21T20:00:00Z,41.666505,2014-03-28T20:00:00Z,42.078749,-236.63,9.5694,-240.06,144.03,384.09,7.0,False,6593;6710
EMR,Short,506,2014-03-25T20:00:00Z,47.38105,2014-03-28T20:00:00Z,47.863575,-244.16,9.7014,-353.48,18.22,371.7,3.0,False,6618;6711
F,Short,2926,2014-03-27T20:00:00Z,8.170717,2014-03-28T20:00:00Z,8.208222,-109.74,9.6257,-313.54,0.0,313.54,1.0,False,6697;6712
MDT,Short,556,2014-03-27T20:00:00Z,42.909249,2014-03-28T20:00:00Z,43.300518,-217.55,9.6349,-479.41,0.0,479.41,1.0,False,6698;6713
MET,Short,1467,2014-03-26T20:00:00Z,16.376228,2014-03-28T20:00:00Z,15.770922,887.98,9.3317,0.0,1006.68,118.69,2.0,True,6674;6714
MO,Short,1414,2014-03-27T20:00:00Z,16.872704,2014-03-28T20:00:00Z,16.913558,-57.77,4.7652,-57.77,32.09,89.86,1.0,False,6694;6715
SPY,Long,316,2014-03-27T20:00:00Z,149.935053,2014-03-28T20:00:00Z,150.235297,94.88,29.9379,0.0,187.19,92.31,1.0,True,6705;6724
SPY,Short,364,2014-03-28T20:00:00Z,150.235297,2014-03-31T20:00:00Z,151.468729,-448.97,11.0494,-561.21,0.0,561.21,3.0,False,6724;6725
COP,Short,530,2014-03-19T20:00:00Z,44.999333,2014-03-31T20:00:00Z,46.565557,-830.1,9.6159,-830.1,313.9,1144.0,12.0,False,6532;6726
CVX,Short,343,2014-03-27T20:00:00Z,69.53879,2014-03-31T20:00:00Z,70.242097,-241.23,9.5918,-253.4,0.0,253.4,4.0,False,6690;6727
EOG,Long,356,2014-03-18T20:00:00Z,66.579256,2014-03-31T20:00:00Z,70.512193,1400.13,9.7473,0.0,1400.13,258.02,13.0,True,6515;6728
ABBV,Short,734,2014-03-19T20:00:00Z,32.350169,2014-03-31T20:00:00Z,31.314281,760.34,9.3486,-263.88,943.72,263.88,12.0,True,6553;6729
HD,Long,399,2014-03-19T20:00:00Z,59.438464,2014-03-31T20:00:00Z,58.962063,-190.08,9.4377,-347.5,169.29,516.79,12.0,False,6530;6730
LOW,Long,619,2014-03-28T20:00:00Z,38.908943,2014-03-31T20:00:00Z,39.124041,133.15,9.6477,0.0,133.15,0.0,3.0,True,6721;6731
QCOM,Short,428,2014-03-26T20:00:00Z,55.955623,2014-03-31T20:00:00Z,56.309818,-151.6,9.5305,-151.6,39.41,191.01,5.0,False,6666;6732
HAL,Short,520,2014-03-28T20:00:00Z,46.238472,2014-03-31T20:00:00Z,47.449649,-629.81,14.4816,-629.81,0.0,629.81,3.0,False,6722;6743
BIIB,Long,77,2014-03-28T20:00:00Z,305.5,2014-04-01T20:00:00Z,308.42,224.84,9.3002,0.0,330.33,105.49,4.0,True,6717;6745
CL,Short,497,2014-03-27T20:00:00Z,48.022769,2014-04-01T20:00:00Z,48.48618,-230.31,9.5306,-230.31,55.72,286.04,5.0,False,6699;6746
DUK,Short,568,2014-03-31T20:00:00Z,42.222138,2014-04-01T20:00:00Z,42.652305,-244.34,9.6302,-244.34,0.0,244.34,1.0,False,6744;6747
EPD,Long,1604,2014-03-26T20:00:00Z,14.878424,2014-04-01T20:00:00Z,15.084617,330.73,4.9269,0.0,769.39,438.66,6.0,True,6671;6748
F,Short,2891,2014-03-31T20:00:00Z,8.358241,2014-04-01T20:00:00Z,8.395746,-108.43,9.8854,-1099.76,0.0,1099.76,1.0,False,6741;6749
GILD,Long,511,2014-03-31T20:00:00Z,47.295427,2014-04-01T20:00:00Z,49.882003,1321.74,10.0787,0.0,1513.55,191.81,1.0,True,6737;6750
PSX,Short,462,2014-03-12T20:00:00Z,51.537698,2014-04-01T20:00:00Z,50.122683,653.74,9.5709,-284.89,824.67,878.65,20.0,True,6465;6751
JPM,Short,555,2014-03-31T20:00:00Z,43.654017,2014-04-01T20:00:00Z,43.819156,-91.65,9.6737,-91.65,51.8,143.46,1.0,False,6733;6752
KFT,Short,923,2014-03-27T20:00:00Z,25.866665,2014-04-01T20:00:00Z,26.429811,-519.78,9.6975,-583.0,0.0,583.0,5.0,False,6700;6753
LMT,Long,211,2014-03-28T20:00:00Z,113.693665,2014-04-01T20:00:00Z,116.537254,600.0,9.7518,0.0,628.57,28.57,4.0,True,6720;6754
MCK,Long,150,2014-03-27T20:00:00Z,158.457173,2014-04-01T20:00:00Z,162.087359,544.53,9.5777,0.0,544.53,72.7,5.0,True,6703;6755
PEP,Short,422,2014-03-27T20:00:00Z,56.594048,2014-04-01T20:00:00Z,56.798975,-86.48,9.5369,-190.25,0.0,190.25,5.0,False,6691;6756
PM,Short,530,2014-03-31T20:00:00Z,45.25909,2014-04-01T20:00:00Z,45.632395,-197.85,9.6906,-289.4,0.0,289.4,1.0,False,6736;6757
UTX,Long,526,2014-03-14T20:00:00Z,45.206183,2014-04-01T20:00:00Z,46.822399,850.13,9.6768,0.0,969.78,293.87,18.0,True,6492;6758
V,Short,494,2014-03-31T20:00:00Z,48.438714,2014-04-01T20:00:00Z,49.602886,-575.1,9.7104,-575.1,0.0,575.1,1.0,False,6735;6759
VZ,Short,975,2014-03-19T20:00:00Z,24.294411,2014-04-01T20:00:00Z,24.805324,-498.14,9.5673,-584.55,0.0,584.55,13.0,False,6529;6760
TMO,Short,211,2014-03-28T20:00:00Z,113.43357,2014-04-01T20:00:00Z,115.845823,-508.99,9.749,-780.71,0.0,780.71,4.0,False,6723;6761
WMT,Short,1178,2014-03-25T20:00:00Z,20.273141,2014-04-01T20:00:00Z,20.270504,3.11,9.5465,0.0,267.18,264.08,7.0,True,6609;6762
GOOG,Long,831,2014-03-25T20:00:00Z,28.872508,2014-04-01T20:00:00Z,27.742758,-938.82,14.3135,-1062.09,0.0,1062.09,7.0,False,6640;6763
LLY,Long,521,2014-03-27T20:00:00Z,45.854467,2014-04-01T20:00:00Z,47.210165,706.32,14.4434,0.0,706.32,16.62,5.0,True,6696;6774
NKE,Short,770,2014-03-26T20:00:00Z,31.187646,2014-04-01T20:00:00Z,31.120377,51.8,14.3737,-67.98,278.41,346.39,6.0,True,6669;6776
HAL,Long,508,2014-03-31T20:00:00Z,47.449649,2014-04-01T20:00:00Z,46.76094,-349.86,9.6391,-349.86,0.0,349.86,1.0,False,6743;6780
AIG,Long,641,2014-03-31T20:00:00Z,37.52909,2014-04-02T20:00:00Z,37.514126,-9.59,9.6464,-91.12,191.84,201.43,2.0,False,6739;6786
AMGN,Long,279,2014-03-25T20:00:00Z,85.661328,2014-04-02T20:00:00Z,88.672914,840.23,9.6827,-320.0,850.05,341.59,8.0,True,6610;6787
AMZN,Long,1425,2014-04-01T20:00:00Z,16.877812,2014-04-02T20:00:00Z,17.258915,543.07,9.7376,0.0,543.07,0.0,1.0,True,6767;6788
CSCO,Long,1611,2014-03-25T20:00:00Z,14.874418,2014-04-02T20:00:00Z,15.991105,1798.98,10.064,0.0,1798.98,331.59,8.0,True,6641;6789
DOW,Short,429,2014-03-28T20:00:00Z,55.830975,2014-04-02T20:00:00Z,57.679221,-792.9,9.7841,-932.53,0.0,932.53,5.0,False,6718;6790
HAL,Short,513,2014-04-01T20:00:00Z,46.76094,2014-04-02T20:00:00Z,47.140917,-194.93,4.8675,-349.25,0.0,349.25,1.0,False,6780;6791
HPQ,Short,2495,2014-03-25T20:00:00Z,9.624427,2014-04-02T20:00:00Z,10.092806,-1168.6,9.9776,-1326.93,0.0,1326.93,8.0,False,6615;6792
SCHW,Long,970,2014-03-21T20:00:00Z,24.835704,2014-04-02T20:00:00Z,23.639114,-1160.69,9.4242,-1411.2,0.0,1411.2,12.0,False,6576;6793
NKE,Long,770,2014-04-01T20:00:00Z,31.120377,2014-04-02T20:00:00Z,31.389453,207.19,4.8262,0.0,207.19,0.0,1.0,True,6776;6794
PX,Long,228,2014-03-27T20:00:00Z,104.551582,2014-04-02T20:00:00Z,105.599678,238.97,9.5737,-62.5,354.77,115.81,6.0,True,6704;6795
QCOM,Short,428,2014-04-01T20:00:00Z,56.146888,2014-04-02T20:00:00Z,56.493999,-148.56,9.7166,-266.81,0.0,266.81,1.0,False,6768;6796
SO,Short,934,2014-04-01T20:00:00Z,25.584182,2014-04-02T20:00:00Z,25.362725,206.84,9.4483,0.0,332.03,125.19,1.0,True,6783;6797
USB,Short,843,2014-03-25T20:00:00Z,28.308946,2014-04-02T20:00:00Z,28.185906,103.72,9.5394,0.0,490.89,436.94,8.0,True,6613;6798
LVS,Long,423,2014-04-01T20:00:00Z,58.820521,2014-04-02T20:00:00Z,58.169526,-275.37,14.5994,-343.47,0.0,343.47,1.0,False,6775;6803
LLY,Short,509,2014-04-01T20:00:00Z,47.210165,2014-04-02T20:00:00Z,47.042696,85.24,9.6133,0.0,85.24,0.0,1.0,True,6774;6805
CL,Short,498,2014-04-02T20:00:00Z,48.082564,2014-04-03T20:00:00Z,48.202154,-59.56,9.5721,-59.56,18.61,78.17,1.0,False,6809;6811
COST,Short,267,2014-03-27T20:00:00Z,89.359998,2014-04-03T20:00:00Z,88.91451,118.95,9.5041,0.0,165.67,46.73,7.0,True,6702;6812
DUK,Short,567,2014-04-02T20:00:00Z,42.222138,2014-04-03T20:00:00Z,42.114596,60.98,9.5333,0.0,74.53,13.55,1.0,True,6810;6813
EPD,Long,1559,2014-04-02T20:00:00Z,15.301662,2014-04-03T20:00:00Z,15.327707,40.6,9.5529,0.0,57.52,16.92,1.0,True,6804;6814
HD,Long,406,2014-04-01T20:00:00Z,58.984394,2014-04-03T20:00:00Z,59.520345,217.6,9.5972,0.0,217.6,166.22,2.0,True,6770;6815
INTC,Short,1234,2014-04-01T20:00:00Z,19.356189,2014-04-03T20:00:00Z,19.649009,-361.34,9.7099,-583.7,0.0,583.7,2.0,False,6769;6816
PRU,Short,477,2014-04-01T20:00:00Z,50.412451,2014-04-03T20:00:00Z,51.163816,-358.4,9.7259,-364.05,0.0,364.05,2.0,False,6784;6817
SBUX,Long,837,2014-04-01T20:00:00Z,28.667211,2014-04-03T20:00:00Z,28.764586,81.5,9.5913,-166.27,81.5,189.09,2.0,True,6778;6818
PCLN,Short,489,2014-04-02T20:00:00Z,49.193698,2014-04-03T20:00:00Z,49.428139,-114.64,14.24,-114.64,411.76,526.4,1.0,False,6806;6821
BA,Long,224,2014-03-25T20:00:00Z,106.972051,2014-04-04T20:00:00Z,111.166359,939.53,9.679,-240.66,939.53,273.39,10.0,True,6611;6829
FB,Long,386,2014-04-02T20:00:00Z,62.640055,2014-04-04T20:00:00Z,59.401077,-1250.25,9.1333,-2492.84,0.0,2492.84,2.0,False,6800;6830
F,Short,2740,2014-04-02T20:00:00Z,8.711859,2014-04-04T20:00:00Z,8.83509,-337.65,9.5688,-337.65,190.85,528.5,2.0,False,6807;6831
MCK,Long,148,2014-04-03T20:00:00Z,160.6426,2014-04-04T20:00:00Z,159.206985,-212.47,9.3276,-650.95,0.0,650.95,1.0,False,6826;6832
TXN,Long,711,2014-04-01T20:00:00Z,33.744763,2014-04-04T20:00:00Z,34.222552,339.71,9.5189,-496.89,339.71,684.49,3.0,True,6779;6833
LVS,Short,413,2014-04-02T20:00:00Z,58.169526,2014-04-04T20:00:00Z,57.875529,121.42,9.1215,0.0,1384.78,1263.36,2.0,True,6803;6837
PCLN,Long,483,2014-04-03T20:00:00Z,49.428139,2014-04-04T20:00:00Z,48.660343,-370.85,8.9946,-1640.4,0.0,1640.4,1.0,False,6821;6838
SPY,Short,710,2014-04-01T20:00:00Z,152.272083,2014-04-04T20:00:00Z,153.886905,-1146.52,45.2787,-1146.52,731.7,1878.23,3.0,False,6785;6842
SPY,Short,69,2014-04-01T20:00:00Z,152.272083,2014-04-07T20:00:00Z,150.852013,97.98,6.9707,-111.42,185.33,182.53,6.0,True,6785;6843
SPY,Short,164,2014-04-03T20:00:00Z,153.473056,2014-04-07T20:00:00Z,150.852013,429.85,5.0198,-67.87,637.46,433.84,4.0,True,6828;6843
BAX,Short,738,2014-04-03T20:00:00Z,32.49469,2014-04-07T20:00:00Z,32.260215,173.04,9.5258,0.0,313.44,140.39,4.0,True,6827;6844
DHR,Long,584,2014-03-28T20:00:00Z,41.225301,2014-04-07T20:00:00Z,41.911274,400.61,9.6211,-29.31,625.34,654.65,10.0,True,6719;6845
HON,Long,354,2014-04-01T20:00:00Z,67.760964,2014-04-07T20:00:00Z,67.790062,10.3,9.5362,-321.89,290.99,612.88,6.0,True,6773;6846
KMB,Long,349,2014-04-01T20:00:00Z,68.24511,2014-04-07T20:00:00Z,68.238894,-2.17,9.5335,-60.75,71.6,73.77,6.0,False,6782;6847
LLY,Long,510,2014-04-02T20:00:00Z,47.042696,2014-04-07T20:00:00Z,47.47333,219.62,4.7683,-150.48,219.62,158.62,5.0,True,6805;6848
MDT,Short,546,2014-03-31T20:00:00Z,44.561276,2014-04-07T20:00:00Z,44.808391,-134.92,9.7671,-432.99,0.0,432.99,7.0,False,6742;6849
MS,Short,1061,2014-04-01T20:00:00Z,22.69782,2014-04-07T20:00:00Z,21.90242,843.92,9.3184,-15.34,1434.66,590.74,6.0,True,6777;6850
NKE,Short,763,2014-04-03T20:00:00Z,31.427292,2014-04-07T20:00:00Z,30.611654,622.33,9.2914,0.0,1257.5,635.16,4.0,True,6822;6851
UNP,Short,341,2014-03-27T20:00:00Z,69.70185,2014-04-07T20:00:00Z,71.270018,-534.75,9.57,-725.08,0.0,725.08,11.0,False,6693;6852
WFC,Short,696,2014-03-13T20:00:00Z,34.129091,2014-04-07T20:00:00Z,35.048822,-640.13,9.5035,-782.93,413.62,1196.56,25.0,False,6477;6853
MA,Long,345,2014-04-02T20:00:00Z,69.473798,2014-04-07T20:00:00Z,66.792553,-925.03,14.0862,-1104.53,0.0,1104.53,5.0,False,6801;6860
LVS,Long,419,2014-04-04T20:00:00Z,57.875529,2014-04-07T20:00:00Z,53.899561,-1665.93,9.0085,-2176.27,0.0,2176.27,3.0,False,6837;6863
BK,Long,911,2014-04-04T20:00:00Z,26.429078,2014-04-07T20:00:00Z,25.621008,-736.15,13.9152,-1235.92,0.0,1235.92,3.0,False,6840;6867
CAT,Short,326,2014-04-02T20:00:00Z,73.547567,2014-04-08T20:00:00Z,74.378322,-270.83,9.8274,-601.57,0.0,601.57,6.0,False,6808;6870
EPD,Short,1559,2014-04-04T20:00:00Z,15.442741,2014-04-08T20:00:00Z,15.164924,433.12,9.5935,0.0,433.12,372.21,4.0,True,6836;6871
FDX,Long,327,2014-04-07T20:00:00Z,73.091106,2014-04-08T20:00:00Z,72.373033,-234.81,9.4596,-257.94,0.0,257.94,1.0,False,6866;6872
ABBV,Short,736,2014-04-03T20:00:00Z,32.508598,2014-04-08T20:00:00Z,30.729309,1309.56,9.2028,0.0,1906.03,596.48,5.0,True,6820;6873
HPQ,Short,2355,2014-04-03T20:00:00Z,10.15022,2014-04-08T20:00:00Z,9.869193,661.82,9.3153,0.0,811.26,149.44,5.0,True,6823;6874
INTC,Short,1218,2014-04-07T20:00:00Z,19.739108,2014-04-08T20:00:00Z,19.791665,-64.02,9.765,-566.99,0.0,566.99,1.0,False,6857;6875
KO,Long,918,2014-04-02T20:00:00Z,26.104393,2014-04-08T20:00:00Z,26.192584,80.96,9.6192,-255.33,261.56,255.33,6.0,True,6799;6876
MO,Long,1408,2014-04-01T20:00:00Z,16.990727,2014-04-08T20:00:00Z,17.067896,108.65,9.6229,0.0,294.0,185.35,7.0,True,6772;6877
NEE,Long,1410,2014-03-25T20:00:00Z,16.940257,2014-04-08T20:00:00Z,16.87914,-86.18,9.6856,-91.24,572.81,658.99,14.0,False,6650;6878
TJX,Short,912,2014-04-03T20:00:00Z,26.215976,2014-04-08T20:00:00Z,25.157214,965.59,9.3866,0.0,965.59,219.28,5.0,True,6825;6879
TXN,Long,723,2014-04-07T20:00:00Z,32.917545,2014-04-08T20:00:00Z,33.060169,103.12,9.5919,0.0,314.51,211.39,1.0,True,6865;6880
V,Short,504,2014-04-07T20:00:00Z,47.295085,2014-04-08T20:00:00Z,46.265591,518.86,9.3419,0.0,529.22,10.35,1.0,True,6858;6881
SO,Short,939,2014-04-07T20:00:00Z,25.444315,2014-04-08T20:00:00Z,25.759017,-295.51,14.5732,-574.6,0.0,574.6,1.0,False,6868;6892
BMY,Short,694,2014-03-31T20:00:00Z,34.700052,2014-04-09T20:00:00Z,33.012856,1170.91,9.5001,0.0,1268.57,702.16,9.0,True,6738;6894
EMR,Short,497,2014-04-01T20:00:00Z,48.058025,2014-04-09T20:00:00Z,48.245274,-93.06,9.6227,-433.1,89.48,433.1,8.0,False,6781;6895
LLY,Short,512,2014-04-08T20:00:00Z,46.253202,2014-04-09T20:00:00Z,46.875228,-318.48,9.7185,-992.18,0.0,992.18,1.0,False,6888;6896
LMT,Long,210,2014-04-07T20:00:00Z,113.586763,2014-04-09T20:00:00Z,112.624647,-202.04,9.4757,-408.58,0.0,408.58,2.0,False,6864;6897
MA,Short,357,2014-04-07T20:00:00Z,66.792553,2014-04-09T20:00:00Z,66.866881,-26.53,4.8798,-553.92,122.72,676.64,2.0,False,6860;6898
OXY,Long,377,2014-04-01T20:00:00Z,63.351651,2014-04-09T20:00:00Z,63.251885,-37.61,9.572,-416.24,315.94,732.18,8.0,False,6771;6899
PCLN,Short,494,2014-04-04T20:00:00Z,48.660343,2014-04-09T20:00:00Z,46.785199,926.32,4.7663,0.0,1459.65,1252.72,5.0,True,6838;6900
PEP,Short,417,2014-04-08T20:00:00Z,57.318124,2014-04-09T20:00:00Z,57.147351,71.21,9.5362,-2.85,71.21,2.85,1.0,True,6885;6901
PRU,Short,479,2014-04-07T20:00:00Z,49.785328,2014-04-09T20:00:00Z,48.276682,722.64,9.2606,0.0,861.5,314.56,2.0,True,6869;6902
UPS,Long,388,2014-03-21T20:00:00Z,61.550665,2014-04-09T20:00:00Z,61.525426,-9.79,9.5336,-195.85,237.47,283.98,19.0,False,6588;6903
VZ,Short,955,2014-04-07T20:00:00Z,24.878311,2014-04-09T20:00:00Z,25.397865,-496.17,9.6224,-511.28,0.0,511.28,2.0,False,6855;6904
AMGN,Long,288,2014-04-09T20:00:00Z,83.100073,2014-04-11T20:00:00Z,79.736666,-968.66,9.4005,-1248.32,0.0,1248.32,2.0,False,6907;6917
CL,Short,488,2014-04-09T20:00:00Z,49.031808,2014-04-11T20:00:00Z,49.18877,-76.6,9.5593,-124.01,105.78,182.37,2.0,False,6910;6918
F,Long,2768,2014-04-07T20:00:00Z,8.61006,2014-04-11T20:00:00Z,8.465398,-400.42,9.364,-652.54,44.49,697.03,4.0,False,6862;6919
GM,Long,917,2014-04-03T20:00:00Z,26.083894,2014-04-11T20:00:00Z,24.686275,-1281.62,9.2331,-2042.36,0.0,2042.36,8.0,False,6824;6921
QCOM,Short,432,2014-04-08T20:00:00Z,55.077221,2014-04-11T20:00:00Z,55.169312,-39.78,9.603,-667.13,0.0,667.13,3.0,False,6883;6923
SO,Long,929,2014-04-08T20:00:00Z,25.759017,2014-04-11T20:00:00Z,25.834779,70.38,4.8261,0.0,200.32,129.94,3.0,True,6892;6924
AAPL,Short,1434,2014-04-01T20:00:00Z,16.717526,2014-04-11T20:00:00Z,16.135722,834.31,9.4604,-207.24,834.31,305.73,10.0,True,6764;6937
BK,Short,932,2014-04-07T20:00:00Z,25.621008,2014-04-11T20:00:00Z,24.43485,1105.5,4.5768,0.0,1105.5,62.18,4.0,True,6867;6938
CAT,Short,318,2014-04-09T20:00:00Z,75.466391,2014-04-11T20:00:00Z,74.32686,362.37,9.5591,0.0,362.37,0.0,2.0,True,6908;6939
COF,Short,386,2014-04-04T20:00:00Z,62.142829,2014-04-11T20:00:00Z,58.673575,1339.13,9.3023,0.0,1339.13,243.76,7.0,True,6839;6940
CVS,Long,448,2014-03-27T20:00:00Z,52.930499,2014-04-11T20:00:00Z,51.331476,-716.36,9.3007,-716.36,136.3,852.66,15.0,False,6692;6941
CVX,Short,340,2014-04-01T20:00:00Z,70.313019,2014-04-11T20:00:00Z,69.030517,436.05,9.4858,-76.36,458.15,353.66,10.0,True,6766;6942
FDX,Long,331,2014-04-09T20:00:00Z,72.519912,2014-04-11T20:00:00Z,71.246965,-421.35,9.5516,-421.35,0.0,421.35,2.0,False,6914;6943
HPQ,Short,2441,2014-04-09T20:00:00Z,9.872215,2014-04-11T20:00:00Z,9.851062,51.63,9.6142,-95.89,162.28,110.64,2.0,True,6909;6944
PM,Short,518,2014-04-08T20:00:00Z,46.228569,2014-04-11T20:00:00Z,46.423579,-101.02,9.6374,-262.64,0.0,262.64,3.0,False,6884;6945
PNC,Short,399,2014-03-25T20:00:00Z,59.752977,2014-04-11T20:00:00Z,55.847235,1558.39,9.197,-134.09,1558.39,675.95,17.0,True,6648;6946
SLB,Short,340,2014-04-09T20:00:00Z,70.274612,2014-04-11T20:00:00Z,69.225524,356.69,9.5176,0.0,356.69,0.0,2.0,True,6906;6947
TGT,Short,564,2014-04-04T20:00:00Z,42.50773,2014-04-11T20:00:00Z,40.908457,901.99,9.294,0.0,1172.97,387.12,7.0,True,6841;6948
TXN,Long,717,2014-04-09T20:00:00Z,33.480909,2014-04-11T20:00:00Z,31.926311,-1114.65,9.4305,-1114.65,0.0,1114.65,2.0,False,6911;6949
TMO,Short,212,2014-04-09T20:00:00Z,113.049147,2014-04-11T20:00:00Z,111.482624,332.1,9.6236,0.0,378.96,46.86,2.0,True,6913;6950
ABT,Long,819,2014-04-11T20:00:00Z,29.073856,2014-04-14T20:00:00Z,29.286534,174.18,9.6459,0.0,535.45,361.27,3.0,True,6931;6959
BIIB,Long,77,2014-04-02T20:00:00Z,311.64,2014-04-14T20:00:00Z,277.91,-2597.21,9.074,-2898.28,0.0,2898.28,12.0,False,6802;6960
BLK,Long,105,2014-03-27T20:00:00Z,227.45466,2014-04-14T20:00:00Z,219.207103,-865.99,9.3387,-1213.32,703.91,1917.23,18.0,False,6701;6961
ETN,Long,451,2014-03-25T20:00:00Z,53.497408,2014-04-14T20:00:00Z,52.173431,-597.11,9.5118,-859.58,1141.73,2001.32,20.0,False,6621;6962
DUK,Long,563,2014-04-08T20:00:00Z,42.3954,2014-04-14T20:00:00Z,43.046626,366.64,9.7264,0.0,373.37,77.36,6.0,True,6891;6963
ABBV,Long,829,2014-04-11T20:00:00Z,28.637347,2014-04-14T20:00:00Z,29.049262,341.48,9.5094,0.0,341.48,0.0,3.0,True,6954;6964
GD,Long,292,2014-04-09T20:00:00Z,82.045628,2014-04-14T20:00:00Z,81.473666,-167.01,9.6222,-261.8,0.0,261.8,5.0,False,6915;6965
JPM,Short,545,2014-04-04T20:00:00Z,44.073671,2014-04-14T20:00:00Z,40.352697,2027.93,9.0395,0.0,2378.39,350.46,10.0,True,6834;6966
LMT,Long,215,2014-04-11T20:00:00Z,110.208665,2014-04-14T20:00:00Z,110.408215,42.9,9.4893,0.0,180.81,137.9,3.0,True,6957;6967
MCK,Long,156,2014-04-11T20:00:00Z,151.78202,2014-04-14T20:00:00Z,151.681435,-15.69,9.476,-15.69,211.12,226.81,3.0,False,6934;6968
NKE,Long,785,2014-04-11T20:00:00Z,30.271104,2014-04-14T20:00:00Z,30.144974,-99.01,9.4807,-99.01,125.41,224.43,3.0,False,6930;6969
UPS,Long,392,2014-04-11T20:00:00Z,60.818745,2014-04-14T20:00:00Z,61.209944,153.35,9.5156,-74.2,153.35,74.2,3.0,True,6929;6970
UTX,Long,500,2014-04-03T20:00:00Z,47.871943,2014-04-14T20:00:00Z,45.780837,-1045.55,9.3665,-1203.18,0.0,1203.18,11.0,False,6819;6971
IBM,Short,210,2014-03-26T20:00:00Z,113.575006,2014-04-14T20:00:00Z,114.244876,-140.67,14.3895,-341.28,629.97,971.25,19.0,False,6664;6972
VZ,Long,955,2014-04-11T20:00:00Z,24.960335,2014-04-14T20:00:00Z,24.912892,-45.31,14.3078,-45.31,0.0,45.31,3.0,False,6927;6973
DIS,Long,336,2014-03-26T20:00:00Z,71.357375,2014-04-14T20:00:00Z,69.33185,-680.58,14.1891,-887.45,515.68,1403.13,19.0,False,6665;6975
COST,Long,268,2014-04-14T20:00:00Z,89.48728,2014-04-16T20:00:00Z,89.733889,66.09,9.6387,-91.67,213.2,147.11,2.0,True,6985;6989
SPY,Short,198,2014-04-08T20:00:00Z,149.456287,2014-04-16T20:00:00Z,150.519311,-210.48,15.2054,-477.19,433.81,748.73,8.0,False,6893;7002
AMZN,Long,1437,2014-04-04T20:00:00Z,16.718187,2014-04-16T20:00:00Z,16.033297,-984.19,9.2678,-1678.78,0.0,1678.78,12.0,False,6835;7003
BAX,Long,748,2014-04-11T20:00:00Z,31.866474,2014-04-16T20:00:00Z,32.738013,651.91,9.6251,0.0,651.91,0.0,5.0,True,6935;7004
COP,Long,517,2014-04-07T20:00:00Z,46.006191,2014-04-16T20:00:00Z,48.302881,1187.39,9.7482,-68.05,1316.67,622.61,9.0,True,6859;7005
CVS,Long,466,2014-04-14T20:00:00Z,51.76307,2014-04-16T20:00:00Z,52.442301,316.52,9.7119,0.0,316.52,0.0,2.0,True,6978;7006
HAL,Short,516,2014-04-09T20:00:00Z,46.499706,2014-04-16T20:00:00Z,47.695051,-616.8,9.7454,-718.92,461.58,1180.49,7.0,False,6912;7007
IBM,Long,210,2014-04-14T20:00:00Z,114.244876,2014-04-16T20:00:00Z,115.363268,234.86,4.8034,0.0,234.86,83.18,2.0,True,6972;7008
INTC,Short,1205,2014-04-11T20:00:00Z,19.724091,2014-04-16T20:00:00Z,20.242158,-624.27,9.6083,-624.27,0.0,624.27,5.0,False,6928;7009
LVS,Short,436,2014-04-07T20:00:00Z,53.899561,2014-04-16T20:00:00Z,51.897577,872.86,4.6628,-189.22,1165.85,979.68,9.0,True,6863;7010
MDT,Short,533,2014-04-08T20:00:00Z,44.844785,2014-04-16T20:00:00Z,42.595631,1198.8,9.2715,0.0,1381.14,182.34,8.0,True,6889;7011
MO,Long,1401,2014-04-14T20:00:00Z,17.17684,2014-04-16T20:00:00Z,17.426503,349.78,9.7442,0.0,349.78,0.0,2.0,True,6979;7012
MS,Long,1163,2014-04-14T20:00:00Z,20.839477,2014-04-16T20:00:00Z,21.58426,866.18,9.9149,0.0,899.82,33.64,2.0,True,6982;7013
MSFT,Short,723,2014-03-19T20:00:00Z,32.710521,2014-04-16T20:00:00Z,33.275354,-408.37,9.5692,-1225.12,120.11,1237.14,28.0,False,6551;7014
PCLN,Short,520,2014-04-11T20:00:00Z,45.325799,2014-04-16T20:00:00Z,46.118212,-412.05,9.6246,-1061.43,0.0,1061.43,5.0,False,6956;7015
PG,Short,423,2014-04-08T20:00:00Z,56.515509,2014-04-16T20:00:00Z,57.190237,-285.41,9.692,-368.65,0.0,368.65,8.0,False,6882;7016
SBUX,Long,874,2014-04-11T20:00:00Z,27.26501,2014-04-16T20:00:00Z,27.058575,-180.42,9.4978,-377.87,268.93,449.36,5.0,False,6932;7017
ACN,Long,390,2014-04-14T20:00:00Z,61.569786,2014-04-17T20:00:00Z,62.571179,390.54,9.7152,0.0,508.33,117.78,3.0,True,6984;7028
BLK,Long,108,2014-04-16T20:00:00Z,222.404685,2014-04-17T20:00:00Z,229.549627,771.65,9.8208,0.0,771.65,0.0,1.0,True,6998;7029
C,Long,676,2014-04-16T20:00:00Z,35.586078,2014-04-17T20:00:00Z,35.417424,-114.01,9.557,-153.67,0.0,153.67,1.0,False,7019;7030
DIS,Short,348,2014-04-14T20:00:00Z,69.33185,2014-04-17T20:00:00Z,70.206306,-304.31,4.9677,-711.09,12.42,723.51,3.0,False,6975;7031
EPD,Long,1529,2014-04-14T20:00:00Z,15.735752,2014-04-17T20:00:00Z,15.772649,56.42,9.6326,-13.27,185.84,129.43,3.0,True,6980;7032
FCX,Long,848,2014-04-14T20:00:00Z,28.499358,2014-04-17T20:00:00Z,28.672765,147.05,9.7508,0.0,147.05,7.35,3.0,True,6988;7033
LMT,Short,213,2014-04-16T20:00:00Z,112.916845,2014-04-17T20:00:00Z,113.038,-25.81,9.7052,-274.76,0.0,274.76,1.0,False,6999;7034
PFE,Short,1403,2014-04-09T20:00:00Z,17.117367,2014-04-17T20:00:00Z,16.658767,643.42,9.5318,0.0,868.22,302.33,8.0,True,6905;7035
TXN,Short,733,2014-04-16T20:00:00Z,32.589511,2014-04-17T20:00:00Z,32.168771,308.4,9.5176,-67.95,308.4,67.95,1.0,True,7000;7036
UPS,Long,396,2014-04-16T20:00:00Z,60.825055,2014-04-17T20:00:00Z,61.222563,157.41,9.7621,0.0,399.78,242.37,1.0,True,7023;7037
VZ,Short,965,2014-04-14T20:00:00Z,24.912892,2014-04-17T20:00:00Z,24.744205,162.78,4.8428,-172.96,178.04,351.0,3.0,True,6973;7038
ADP,Long,431,2014-04-14T20:00:00Z,55.855396,2014-04-21T20:00:00Z,57.029556,506.06,9.7514,0.0,681.24,175.18,7.0,True,6987;7048
AXP,Long,326,2014-04-08T20:00:00Z,73.103216,2014-04-21T20:00:00Z,73.230072,41.36,9.5481,-523.83,628.6,1152.43,13.0,True,6886;7049
EMR,Short,502,2014-04-11T20:00:00Z,46.596047,2014-04-21T20:00:00Z,49.095093,-1254.52,9.6877,-1402.75,0.0,1402.75,10.0,False,6933;7050
EOG,Long,344,2014-04-08T20:00:00Z,69.478332,2014-04-21T20:00:00Z,73.002849,1212.43,9.8932,0.0,1437.6,225.16,13.0,True,6890;7051
GD,Long,290,2014-04-16T20:00:00Z,82.957675,2014-04-21T20:00:00Z,84.39531,416.91,9.7486,0.0,434.85,17.93,5.0,True,7001;7052
HD,Long,425,2014-04-14T20:00:00Z,56.855477,2014-04-21T20:00:00Z,58.307011,616.9,9.7395,-155.02,616.9,155.02,7.0,True,6977;7053
HPQ,Short,2448,2014-04-16T20:00:00Z,9.88128,2014-04-21T20:00:00Z,9.693929,458.64,9.5322,0.0,569.6,110.96,5.0,True,6997;7054
IBM,Long,209,2014-04-17T20:00:00Z,108.98494,2014-04-21T20:00:00Z,110.615928,340.88,9.3086,0.0,629.4,288.53,4.0,True,7039;7055
KMB,Short,342,2014-04-17T20:00:00Z,69.998173,2014-04-21T20:00:00Z,67.77887,759.0,9.5026,0.0,759.0,0.0,4.0,True,7045;7056
SCHW,Long,1035,2014-04-17T20:00:00Z,23.148426,2014-04-21T20:00:00Z,23.260337,115.83,9.6619,0.0,249.48,133.65,4.0,True,7046;7057
MET,Long,1625,2014-04-14T20:00:00Z,14.931883,2014-04-21T20:00:00Z,15.270495,550.24,9.7895,0.0,671.98,121.74,7.0,True,6983;7058
PRU,Long,521,2014-04-14T20:00:00Z,46.36573,2014-04-21T20:00:00Z,47.738302,715.11,9.826,0.0,807.58,92.47,7.0,True,6986;7059
SPY,Short,109,2014-04-08T20:00:00Z,149.456287,2014-04-21T20:00:00Z,151.29832,-200.78,13.6903,-262.7,238.82,491.78,13.0,False,6893;7069
SPY,Short,189,2014-04-09T20:00:00Z,150.616687,2014-04-21T20:00:00Z,151.29832,-128.83,5.7405,-236.19,633.41,852.72,12.0,False,6916;7069
SPY,Short,153,2014-04-11T20:00:00Z,147.81712,2014-04-21T20:00:00Z,151.29832,-532.62,28.0393,-619.53,84.43,605.87,10.0,False,6936;7069
BLK,Long,105,2014-04-21T20:00:00Z,226.49906,2014-04-23T20:00:00Z,226.410851,-9.26,9.47,-40.91,10.81,51.71,2.0,False,7064;7071
F,Short,2856,2014-04-11T20:00:00Z,8.465398,2014-04-23T20:00:00Z,8.615418,-428.46,9.7504,-657.99,153.02,811.01,12.0,False,6955;7074
MO,Long,1376,2014-04-21T20:00:00Z,17.412885,2014-04-23T20:00:00Z,17.494593,112.43,9.5853,-31.23,174.89,206.12,2.0,True,7062;7079
NEE,Short,1383,2014-04-21T20:00:00Z,17.371673,2014-04-23T20:00:00Z,17.324936,64.64,14.4452,0.0,74.58,32.32,2.0,True,7067;7085
AMGN,Long,296,2014-04-16T20:00:00Z,81.727972,2014-04-23T20:00:00Z,81.657608,-20.83,9.535,-581.1,656.08,1237.17,7.0,False,7024;7087
CL,Short,490,2014-04-14T20:00:00Z,49.076654,2014-04-23T20:00:00Z,49.882114,-394.68,9.6751,-600.88,0.0,600.88,9.0,False,6981;7088
FB,Long,425,2014-04-07T20:00:00Z,55.339972,2014-04-23T20:00:00Z,62.828252,3182.52,9.9609,0.0,3182.52,1641.78,16.0,True,6856;7089
COST,Short,268,2014-04-16T20:00:00Z,89.733889,2014-04-23T20:00:00Z,90.274838,-144.97,9.7337,-424.26,0.0,424.26,7.0,False,7027;7090
DOW,Short,424,2014-04-21T20:00:00Z,56.842279,2014-04-23T20:00:00Z,58.365048,-645.65,9.672,-645.65,0.0,645.65,2.0,False,7063;7091
GILD,Long,535,2014-04-11T20:00:00Z,43.698791,2014-04-23T20:00:00Z,51.670084,4264.64,10.2162,0.0,4264.64,0.0,12.0,True,6953;7092
GS,Long,186,2014-03-26T20:00:00Z,129.392628,2014-04-23T20:00:00Z,125.820414,-664.43,9.4095,-1765.49,359.23,2124.72,28.0,False,6668;7093
HAL,Long,498,2014-04-21T20:00:00Z,48.692491,2014-04-23T20:00:00Z,50.821946,1060.47,10.0638,0.0,1265.47,205.0,2.0,True,7065;7094
INTC,Short,1184,2014-04-17T20:00:00Z,20.137043,2014-04-23T20:00:00Z,20.084486,62.23,9.5636,-115.57,62.23,115.57,6.0,True,7041;7095
MCD,Short,328,2014-04-16T20:00:00Z,73.180105,2014-04-23T20:00:00Z,71.752731,468.18,9.5043,0.0,468.18,0.0,7.0,True,7022;7096
MMM,Long,379,2014-03-25T20:00:00Z,63.467129,2014-04-23T20:00:00Z,65.878054,913.74,9.7867,-241.03,928.13,744.66,29.0,True,6612;7097
NOV,Long,396,2014-04-21T20:00:00Z,60.579435,2014-04-23T20:00:00Z,60.432308,-58.26,9.6185,-58.26,87.39,145.66,2.0,False,7068;7098
KMB,Short,358,2014-04-23T20:00:00Z,67.47426,2014-04-23T20:00:00Z,67.47426,0.0,14.5162,0.0,0.0,0.0,0.0,False,7086;7102
SPY,Short,258,2014-04-11T20:00:00Z,147.81712,2014-04-23T20:00:00Z,152.393803,-1180.78,7.8484,-1199.63,142.36,1199.63,12.0,False,6936;7104
ACN,Short,381,2014-04-23T20:00:00Z,63.048033,2014-04-25T20:00:00Z,62.857292,72.67,9.5413,0.0,296.75,224.07,2.0,True,7083;7105
BA,Long,218,2014-04-21T20:00:00Z,110.186541,2014-04-25T20:00:00Z,111.613293,311.03,9.6113,-121.79,455.31,369.12,4.0,True,7061;7106
GOOG,Short,867,2014-04-01T20:00:00Z,27.742758,2014-04-25T20:00:00Z,26.362146,1196.99,4.4925,-488.03,1590.33,1134.08,24.0,True,6763;7107
JPM,Long,605,2014-04-16T20:00:00Z,39.738556,2014-04-25T20:00:00Z,40.677831,568.26,9.7015,0.0,568.26,209.82,9.0,True,7018;7108
SCHW,Long,1023,2014-04-23T20:00:00Z,23.578854,2014-04-25T20:00:00Z,23.191469,-396.3,9.5287,-475.55,0.0,475.55,2.0,False,7103;7109
SLB,Short,345,2014-04-14T20:00:00Z,69.803593,2014-04-25T20:00:00Z,72.486974,-925.77,9.8599,-1085.81,0.0,1085.81,11.0,False,6976;7110
UTX,Long,508,2014-04-23T20:00:00Z,47.520765,2014-04-25T20:00:00Z,47.365129,-79.06,9.6035,-379.1,0.0,379.1,2.0,False,7080;7111
TMO,Short,209,2014-04-21T20:00:00Z,114.78866,2014-04-25T20:00:00Z,110.329355,931.99,9.3874,-188.81,1028.41,188.81,4.0,True,7066;7112
SPY,Short,274,2014-04-11T20:00:00Z,147.81712,2014-04-25T20:00:00Z,151.906922,-1120.61,8.284,-1274.02,151.19,1274.02,14.0,False,6936;7124
AMZN,Long,1482,2014-04-17T20:00:00Z,15.950492,2014-04-28T20:00:00Z,15.164341,-1165.08,9.1889,-1713.61,1285.58,2999.18,11.0,False,7040;7126
INTC,Short,1208,2014-04-25T20:00:00Z,19.986879,2014-04-28T20:00:00Z,19.664026,390.01,14.3951,0.0,390.01,0.0,3.0,True,7113;7137
QCOM,Long,433,2014-04-14T20:00:00Z,55.53059,2014-04-28T20:00:00Z,55.367661,-70.55,14.5085,-239.25,898.73,1137.98,14.0,False,6974;7138
AIG,Long,632,2014-04-07T20:00:00Z,37.611391,2014-04-28T20:00:00Z,39.399559,1130.12,9.6216,-411.38,1130.12,803.85,21.0,True,6861;7147
BIIB,Long,82,2014-04-17T20:00:00Z,291.0,2014-04-28T20:00:00Z,289.16,-150.88,9.408,-646.16,1271.0,1917.16,11.0,False,7043;7148
BMY,Short,707,2014-04-23T20:00:00Z,34.279231,2014-04-28T20:00:00Z,34.064818,151.59,9.6004,0.0,374.24,222.65,5.0,True,7099;7149
ETN,Long,444,2014-04-25T20:00:00Z,54.37036,2014-04-28T20:00:00Z,53.904786,-206.72,9.5903,-206.72,0.0,206.72,3.0,False,7123;7150
F,Short,2774,2014-04-25T20:00:00Z,8.465398,2014-04-28T20:00:00Z,8.524335,-163.49,9.4378,-252.67,0.0,252.67,3.0,False,7117;7151
PSX,Short,452,2014-04-25T20:00:00Z,53.569348,2014-04-28T20:00:00Z,53.777057,-93.88,9.778,-445.95,0.0,445.95,3.0,False,7120;7152
KMB,Long,358,2014-04-23T20:00:00Z,67.47426,2014-04-28T20:00:00Z,68.176728,251.48,4.9504,0.0,596.44,344.96,5.0,True,7102;7153
LMT,Long,211,2014-04-25T20:00:00Z,114.185413,2014-04-28T20:00:00Z,114.976487,166.92,9.698,0.0,172.93,6.02,3.0,True,7118;7154
LOW,Short,643,2014-04-25T20:00:00Z,37.563661,2014-04-28T20:00:00Z,37.307745,164.55,9.539,0.0,308.54,143.98,3.0,True,7119;7155
LVS,Short,431,2014-04-23T20:00:00Z,56.097543,2014-04-28T20:00:00Z,53.696563,1034.82,9.1921,0.0,1734.76,699.94,5.0,True,7100;7156
PCLN,Short,503,2014-04-23T20:00:00Z,48.12816,2014-04-28T20:00:00Z,45.247261,1449.09,9.2754,0.0,1808.37,359.28,5.0,True,7082;7157
T,Short,1860,2014-03-28T20:00:00Z,12.919379,2014-04-28T20:00:00Z,12.906307,24.32,9.6682,-1140.94,107.55,1154.64,31.0,True,6716;7158
TGT,Short,575,2014-04-25T20:00:00Z,41.821347,2014-04-28T20:00:00Z,42.157675,-193.39,9.7436,-493.34,0.0,493.34,3.0,False,7122;7159
TJX,Short,960,2014-04-23T20:00:00Z,25.152995,2014-04-28T20:00:00Z,24.651032,481.88,9.5073,0.0,603.37,161.98,5.0,True,7101;7160
UNH,Long,371,2014-04-16T20:00:00Z,64.456897,2014-04-28T20:00:00Z,61.998073,-912.22,9.2686,-1348.77,0.0,1348.77,12.0,False,6996;7161
V,Short,514,2014-04-16T20:00:00Z,47.199212,2014-04-28T20:00:00Z,45.539695,852.99,9.6394,-375.46,919.87,375.46,12.0,True,7021;7162
VZ,Long,957,2014-04-21T20:00:00Z,25.19755,2014-04-28T20:00:00Z,24.391018,-771.85,9.5427,-938.33,60.54,998.87,7.0,False,7060;7163
PM,Short,509,2014-04-16T20:00:00Z,47.209192,2014-04-28T20:00:00Z,47.081042,65.23,14.5157,-70.9,448.09,518.99,12.0,True,7020;7164
MA,Long,351,2014-04-25T20:00:00Z,67.089863,2014-04-28T20:00:00Z,65.556859,-538.08,14.1425,-538.08,0.0,538.08,3.0,False,7115;7167
COF,Long,402,2014-04-23T20:00:00Z,60.000525,2014-04-30T20:00:00Z,58.769499,-494.87,9.5645,-678.04,0.0,678.04,7.0,False,7084;7174
ABBV,Long,814,2014-04-16T20:00:00Z,29.848501,2014-04-30T20:00:00Z,31.588383,1416.26,10.0289,0.0,1766.58,500.45,14.0,True,7025;7177
PX,Short,232,2014-04-28T20:00:00Z,104.61608,2014-04-30T20:00:00Z,103.995285,144.02,9.7245,-147.77,243.16,390.92,2.0,True,7146;7183
INTC,Long,1228,2014-04-28T20:00:00Z,19.664026,2014-04-30T20:00:00Z,19.776649,138.3,9.8153,0.0,461.0,322.7,2.0,True,7137;7188
CL,Short,486,2014-04-28T20:00:00Z,50.05495,2014-04-30T20:00:00Z,50.57346,-252.0,9.8724,-252.0,0.0,252.0,2.0,False,7168;7196
CVX,Short,337,2014-04-16T20:00:00Z,71.512779,2014-04-30T20:00:00Z,74.3792,-965.98,9.853,-989.88,0.0,989.88,14.0,False,6995;7197
EBAY,Long,1168,2014-03-31T20:00:00Z,20.665886,2014-04-30T20:00:00Z,19.281479,-1616.99,9.2832,-1669.01,156.06,1825.07,30.0,False,6740;7198
MA,Short,369,2014-04-28T20:00:00Z,65.556859,2014-04-30T20:00:00Z,67.210645,-610.25,5.0431,-1025.08,0.0,1025.08,2.0,False,7167;7199
MCK,Long,157,2014-04-28T20:00:00Z,154.424649,2014-04-30T20:00:00Z,153.958303,-73.22,9.6654,-73.22,44.5,117.72,2.0,False,7145;7200
MO,Long,1392,2014-04-25T20:00:00Z,17.431043,2014-04-30T20:00:00Z,17.998459,789.84,10.0114,0.0,1086.83,296.98,5.0,True,7116;7201
NKE,Short,792,2014-04-28T20:00:00Z,30.817666,2014-04-30T20:00:00Z,30.409847,322.99,9.6312,0.0,322.99,153.17,2.0,True,7141;7202
OXY,Long,375,2014-04-23T20:00:00Z,64.296106,2014-04-30T20:00:00Z,64.116527,-67.34,9.6035,-229.46,117.23,346.69,7.0,False,7081;7203
PFE,Long,1426,2014-04-28T20:00:00Z,17.432309,2014-04-30T20:00:00Z,17.542815,157.58,9.9781,-212.73,165.46,378.2,2.0,True,7135;7204
PM,Long,516,2014-04-28T20:00:00Z,47.081042,2014-04-30T20:00:00Z,47.354057,140.88,4.9122,0.0,267.38,126.5,2.0,True,7164;7205
PNC,Short,411,2014-04-17T20:00:00Z,57.889333,2014-04-30T20:00:00Z,57.620273,110.58,9.5164,-232.51,269.37,306.23,13.0,True,7044;7206
QCOM,Short,440,2014-04-28T20:00:00Z,55.367661,2014-04-30T20:00:00Z,55.651016,-124.68,4.9066,-171.43,0.0,171.43,2.0,False,7138;7207
SO,Short,898,2014-04-28T20:00:00Z,26.965379,2014-04-30T20:00:00Z,27.099419,-120.37,9.6818,-120.37,230.27,350.64,2.0,False,7170;7208
TMO,Short,220,2014-04-28T20:00:00Z,110.684946,2014-04-30T20:00:00Z,110.060259,137.43,9.624,0.0,247.38,109.94,2.0,True,7142;7209
WMT,Short,1173,2014-04-07T20:00:00Z,20.389183,2014-04-30T20:00:00Z,21.019505,-739.37,9.7151,-757.93,247.49,1005.42,23.0,False,6854;7210
AIG,Long,614,2014-04-30T20:00:00Z,39.511787,2014-05-01T20:00:00Z,39.676388,101.07,9.7454,0.0,101.07,0.0,1.0,True,7214;7218
BAX,Long,757,2014-04-28T20:00:00Z,32.118645,2014-05-01T20:00:00Z,32.229246,83.73,9.8916,0.0,599.47,515.75,3.0,True,7171;7219
CVS,Long,465,2014-04-28T20:00:00Z,52.346985,2014-05-01T20:00:00Z,51.601301,-346.74,9.689,-346.74,0.0,346.74,3.0,False,7166;7220
DIS,Long,347,2014-04-28T20:00:00Z,70.357997,2014-05-01T20:00:00Z,70.92907,198.16,9.7434,-65.02,219.84,65.02,3.0,True,7136;7221
ABBV,Short,768,2014-04-30T20:00:00Z,31.588383,2014-05-01T20:00:00Z,31.90193,-240.8,9.7918,-240.8,0.0,240.8,1.0,False,7213;7222
HPQ,Short,2438,2014-04-30T20:00:00Z,9.911498,2014-05-01T20:00:00Z,10.008196,-235.75,9.6804,-235.75,117.87,353.62,1.0,False,7190;7223
INTC,Short,1221,2014-04-30T20:00:00Z,19.776649,2014-05-01T20:00:00Z,19.904289,-155.85,4.8496,-155.85,0.0,155.85,1.0,False,7188;7224
KMB,Long,351,2014-04-30T20:00:00Z,69.071909,2014-05-01T20:00:00Z,69.507067,152.74,9.7527,0.0,152.74,0.0,1.0,True,7192;7225
MET,Long,1563,2014-04-30T20:00:00Z,15.534193,2014-05-01T20:00:00Z,15.339416,-304.44,9.7345,-304.44,0.0,304.44,1.0,False,7191;7226
PRU,Long,508,2014-04-30T20:00:00Z,47.803381,2014-05-01T20:00:00Z,47.720553,-42.08,9.7287,-42.08,111.2,153.28,1.0,False,7194;7227
XOM,Long,409,2014-04-01T20:00:00Z,58.508239,2014-05-01T20:00:00Z,61.149735,1080.37,9.7572,-235.18,1158.77,301.33,30.0,True,6765;7228
TJX,Short,984,2014-04-30T20:00:00Z,24.693214,2014-05-01T20:00:00Z,24.524487,166.03,14.5123,0.0,166.03,0.0,1.0,True,7193;7236
GD,Short,284,2014-04-25T20:00:00Z,85.021376,2014-05-01T20:00:00Z,84.642644,107.56,14.457,0.0,570.73,520.24,6.0,True,7121;7237
SPY,Short,267,2014-04-11T20:00:00Z,147.81712,2014-05-01T20:00:00Z,152.758964,-1319.47,11.4288,-1358.47,147.33,1358.47,20.0,False,6936;7238
SPY,Short,107,2014-04-11T20:00:00Z,147.81712,2014-05-01T20:00:00Z,152.758964,-528.78,9.6312,-544.41,59.04,544.41,20.0,False,6958;7238
GD,Long,286,2014-05-01T20:00:00Z,84.642644,2014-05-05T20:00:00Z,85.485129,240.95,4.9459,0.0,521.69,280.74,4.0,True,7237;7242
DOW,Short,417,2014-05-01T20:00:00Z,57.748966,2014-05-05T20:00:00Z,56.516802,513.81,9.5075,0.0,513.81,324.77,4.0,True,7235;7252
EOG,Long,343,2014-04-28T20:00:00Z,71.14594,2014-05-05T20:00:00Z,68.335675,-963.92,9.6299,-963.92,0.0,963.92,7.0,False,7169;7253
F,Short,2777,2014-05-01T20:00:00Z,8.720546,2014-05-05T20:00:00Z,8.536956,509.83,9.4918,0.0,614.8,104.97,4.0,True,7234;7254
GM,Long,961,2014-04-16T20:00:00Z,25.179552,2014-05-05T20:00:00Z,26.046524,833.16,9.8715,0.0,919.35,481.22,19.0,True,7026;7255
NEE,Long,1396,2014-04-23T20:00:00Z,17.324936,2014-05-05T20:00:00Z,17.567608,338.77,4.9159,0.0,900.88,562.11,12.0,True,7085;7256
QCOM,Short,434,2014-05-01T20:00:00Z,55.629765,2014-05-05T20:00:00Z,55.792694,-70.71,9.7489,-316.66,0.0,316.66,4.0,False,7231;7257
UNP,Long,335,2014-04-25T20:00:00Z,72.371154,2014-05-05T20:00:00Z,71.285207,-363.79,9.5532,-363.79,0.0,363.79,10.0,False,7114;7258
UTX,Short,517,2014-04-28T20:00:00Z,47.017942,2014-05-05T20:00:00Z,46.331548,354.87,9.6775,-105.22,354.87,158.86,7.0,True,7139;7259
PRU,Short,498,2014-05-05T20:00:00Z,48.164273,2014-05-05T20:00:00Z,48.164273,0.0,14.5594,0.0,0.0,0.0,0.0,False,7251;7269
ADP,Long,414,2014-05-05T20:00:00Z,58.166083,2014-05-05T20:00:00Z,58.166083,0.0,14.5588,0.0,0.0,0.0,0.0,False,7250;7270
BK,Short,943,2014-05-05T20:00:00Z,25.393066,2014-05-06T20:00:00Z,25.467576,-70.26,9.5417,-70.26,337.26,407.53,1.0,False,7267;7271
CVS,Long,461,2014-05-05T20:00:00Z,52.105525,2014-05-06T20:00:00Z,53.163686,487.81,9.7837,0.0,487.81,0.0,1.0,True,7261;7272
FDX,Short,325,2014-05-05T20:00:00Z,74.233495,2014-05-06T20:00:00Z,73.597021,206.85,9.5945,0.0,206.85,0.0,1.0,True,7249;7273
GD,Short,282,2014-05-05T20:00:00Z,85.485129,2014-05-06T20:00:00Z,86.057091,-161.29,9.7469,-244.12,0.0,244.12,1.0,False,7268;7274
HAL,Long,479,2014-05-05T20:00:00Z,50.228232,2014-05-06T20:00:00Z,50.560712,159.26,9.6639,0.0,159.26,0.0,1.0,True,7265;7275
HPQ,Short,2466,2014-05-05T20:00:00Z,9.757387,2014-05-06T20:00:00Z,9.814801,-141.58,9.6321,-141.58,119.23,260.81,1.0,False,7247;7276
MA,Long,354,2014-05-01T20:00:00Z,70.295237,2014-05-06T20:00:00Z,69.078124,-430.86,9.7374,-618.33,0.0,618.33,5.0,False,7233;7277
MS,Short,1087,2014-05-05T20:00:00Z,21.952516,2014-05-06T20:00:00Z,21.713114,260.23,9.3888,0.0,630.86,370.63,1.0,True,7264;7278
PEP,Short,418,2014-04-11T20:00:00Z,56.98341,2014-05-06T20:00:00Z,58.397407,-591.05,9.6241,-970.81,0.0,970.81,25.0,False,6952;7279
PFE,Long,1425,2014-05-05T20:00:00Z,16.708495,2014-05-06T20:00:00Z,16.570363,-196.84,9.3522,-637.76,0.0,637.76,1.0,False,7260;7280
PM,Long,508,2014-05-01T20:00:00Z,47.632643,2014-05-06T20:00:00Z,47.49335,-70.76,9.6801,-70.76,0.0,70.76,5.0,False,7230;7281
SBUX,Long,880,2014-05-05T20:00:00Z,27.432496,2014-05-06T20:00:00Z,27.650716,192.03,9.6491,-203.59,192.03,371.54,1.0,True,7248;7282
SPY,Short,189,2014-04-11T20:00:00Z,147.81712,2014-05-06T20:00:00Z,152.580441,-900.27,5.7301,-963.15,104.29,963.15,25.0,False,6958;7288
ADP,Short,414,2014-05-05T20:00:00Z,58.166083,2014-05-07T20:00:00Z,58.143503,9.35,4.8274,-56.09,68.55,124.64,2.0,True,7270;7289
AMZN,Long,1620,2014-04-30T20:00:00Z,14.936876,2014-05-07T20:00:00Z,14.743331,-313.54,9.6461,-543.85,857.39,1401.24,7.0,False,7187;7290
MCK,Short,156,2014-05-06T20:00:00Z,153.592541,2014-05-07T20:00:00Z,152.970746,97.0,9.5071,0.0,223.96,126.96,1.0,True,7286;7291
MRK,Short,636,2014-04-30T20:00:00Z,38.017604,2014-05-07T20:00:00Z,36.543147,937.75,9.4519,-450.29,1111.26,450.29,7.0,True,7211;7292
PRU,Long,498,2014-05-05T20:00:00Z,48.164273,2014-05-07T20:00:00Z,47.685056,-238.65,4.7671,-383.02,0.0,383.02,2.0,False,7269;7293
QCOM,Long,429,2014-05-06T20:00:00Z,56.054798,2014-05-07T20:00:00Z,56.458579,173.22,9.6409,0.0,173.22,0.0,1.0,True,7285;7294
TGT,Short,589,2014-05-06T20:00:00Z,40.59272,2014-05-07T20:00:00Z,39.652375,553.86,9.3591,0.0,553.86,0.0,1.0,True,7287;7295
TJX,Long,986,2014-05-01T20:00:00Z,24.524487,2014-05-07T20:00:00Z,24.094233,-424.23,4.7589,-461.66,99.82,561.48,6.0,False,7236;7296
SPY,Short,31,2014-04-11T20:00:00Z,147.81712,2014-05-07T20:00:00Z,152.07733,-132.07,8.4772,-157.98,17.11,157.98,26.0,False,6958;7303
SPY,Short,190,2014-04-17T20:00:00Z,150.827669,2014-05-07T20:00:00Z,152.07733,-237.44,5.7475,-396.24,676.85,396.24,20.0,False,7047;7303
SPY,Short,57,2014-04-28T20:00:00Z,151.809546,2014-05-07T20:00:00Z,152.07733,-15.26,7.825,-62.91,259.02,62.91,9.0,False,7172;7303
AIG,Long,618,2014-05-05T20:00:00Z,38.905755,2014-05-08T20:00:00Z,38.554107,-217.32,9.7183,-675.07,171.08,675.07,3.0,False,7262;7304
BAX,Long,739,2014-05-07T20:00:00Z,32.782253,2014-05-08T20:00:00Z,33.021152,176.55,9.78,0.0,238.66,62.12,1.0,True,7302;7305
COP,Short,476,2014-05-07T20:00:00Z,51.152356,2014-05-08T20:00:00Z,51.251068,-46.99,9.7181,-46.99,225.54,272.52,1.0,False,7298;7306
DOW,Short,423,2014-05-07T20:00:00Z,57.179381,2014-05-08T20:00:00Z,57.53973,-152.43,9.7092,-152.43,0.0,152.43,1.0,False,7300;7307
OXY,Long,385,2014-05-05T20:00:00Z,62.819564,2014-05-08T20:00:00Z,64.183038,524.94,9.7249,0.0,524.94,266.31,3.0,True,7263;7308
SO,Short,929,2014-05-05T20:00:00Z,25.998564,2014-05-08T20:00:00Z,26.464298,-432.67,9.7147,-432.67,0.0,432.67,3.0,False,7266;7309
SPY,Short,201,2014-04-28T20:00:00Z,151.809546,2014-05-08T20:00:00Z,152.320771,-102.76,15.9928,-221.82,913.39,221.82,10.0,False,7172;7321
SPY,Short,324,2014-04-30T20:00:00Z,152.117904,2014-05-08T20:00:00Z,152.320771,-65.73,16.8501,-257.66,1572.24,320.76,8.0,False,7195;7321
SPY,Short,227,2014-04-30T20:00:00Z,152.117904,2014-05-09T20:00:00Z,152.320771,-46.05,10.923,-180.52,1101.54,224.73,9.0,False,7195;7322
SPY,Short,131,2014-04-30T20:00:00Z,152.117904,2014-05-09T20:00:00Z,152.320771,-26.58,4.0061,-104.18,635.69,129.69,9.0,False,7217;7322
ACN,Long,389,2014-05-08T20:00:00Z,62.126116,2014-05-09T20:00:00Z,62.63476,197.86,9.7429,0.0,197.86,0.0,1.0,True,7318;7323
BA,Short,214,2014-05-08T20:00:00Z,112.689012,2014-05-09T20:00:00Z,112.576651,24.05,9.6798,-133.17,24.05,133.17,1.0,True,7312;7324
BMY,Short,708,2014-05-07T20:00:00Z,34.038017,2014-05-09T20:00:00Z,34.111721,-52.18,9.6728,-180.27,28.46,208.73,2.0,False,7299;7325
FDX,Long,320,2014-05-08T20:00:00Z,73.879898,2014-05-09T20:00:00Z,73.983257,33.07,9.5471,0.0,297.67,264.6,1.0,True,7319;7326
GM,Short,922,2014-05-08T20:00:00Z,26.091367,2014-05-09T20:00:00Z,26.009155,75.8,9.5205,0.0,468.58,392.78,1.0,True,7315;7327
HON,Long,358,2014-04-08T20:00:00Z,66.611611,2014-05-09T20:00:00Z,67.477263,309.9,9.6237,-304.7,643.25,731.79,31.0,True,6887;7328
LMT,Short,206,2014-05-08T20:00:00Z,117.007622,2014-05-09T20:00:00Z,116.986241,4.4,9.677,-146.81,4.4,146.81,1.0,True,7317;7329
PCLN,Short,547,2014-05-08T20:00:00Z,42.848531,2014-05-09T20:00:00Z,43.59093,-406.09,9.5919,-839.97,0.0,839.97,1.0,False,7314;7330
SLB,Short,335,2014-04-30T20:00:00Z,72.222918,2014-05-09T20:00:00Z,71.723353,167.35,9.6477,-162.57,234.3,258.2,9.0,True,7212;7331
TJX,Short,1002,2014-05-08T20:00:00Z,24.208124,2014-05-09T20:00:00Z,24.427469,-219.78,9.8303,-456.47,0.0,456.47,1.0,False,7320;7332
UNH,Long,397,2014-04-30T20:00:00Z,61.097315,2014-05-09T20:00:00Z,62.3389,492.91,9.7931,-109.54,844.07,351.16,9.0,True,7215;7333
VZ,Long,969,2014-05-06T20:00:00Z,24.970878,2014-05-09T20:00:00Z,25.513837,526.13,9.8023,0.0,572.1,45.97,3.0,True,7284;7334
PX,Long,234,2014-04-30T20:00:00Z,103.995285,2014-05-09T20:00:00Z,104.954696,224.5,14.6597,0.0,379.2,188.66,9.0,True,7216;7347
SO,Short,930,2014-05-09T20:00:00Z,26.028041,2014-05-13T20:00:00Z,25.597679,400.24,9.5377,0.0,487.96,87.72,4.0,True,7345;7353
BAX,Long,732,2014-05-09T20:00:00Z,32.976912,2014-05-13T20:00:00Z,33.401621,310.89,9.7457,0.0,310.89,0.0,4.0,True,7344;7363
EOG,Short,334,2014-05-09T20:00:00Z,72.568859,2014-05-13T20:00:00Z,74.361736,-598.82,9.8592,-753.28,0.0,753.28,4.0,False,7341;7364
EPD,Long,1514,2014-04-30T20:00:00Z,16.024752,2014-05-13T20:00:00Z,16.015983,-13.28,9.7019,-23.23,481.25,504.48,13.0,False,7189;7365
HAL,Short,472,2014-05-08T20:00:00Z,51.249421,2014-05-13T20:00:00Z,51.075264,82.2,9.5302,0.0,463.32,381.12,5.0,True,7316;7366
INTC,Short,1221,2014-05-05T20:00:00Z,19.832993,2014-05-13T20:00:00Z,20.082893,-305.13,9.7308,-305.13,0.0,305.13,8.0,False,7246;7367
MS,Short,1125,2014-05-09T20:00:00Z,21.444692,2014-05-13T20:00:00Z,22.003299,-628.43,9.7954,-628.43,0.0,628.43,4.0,False,7340;7368
NEE,Short,1375,2014-05-07T20:00:00Z,17.630522,2014-05-13T20:00:00Z,17.28539,474.56,9.6563,-101.34,561.07,101.34,6.0,True,7301;7369
PRU,Long,492,2014-05-09T20:00:00Z,49.187786,2014-05-13T20:00:00Z,50.246796,521.03,9.7925,0.0,521.03,101.88,4.0,True,7346;7370
USB,Long,901,2014-04-17T20:00:00Z,26.473494,2014-05-13T20:00:00Z,26.539103,59.11,9.5517,-118.23,354.69,472.91,26.0,True,7042;7371
PSX,Short,447,2014-05-13T20:00:00Z,54.38071,2014-05-13T20:00:00Z,54.38071,0.0,14.6685,0.0,0.0,0.0,0.0,False,7358;7377
LOW,Long,655,2014-05-13T20:00:00Z,37.01984,2014-05-13T20:00:00Z,37.01984,0.0,14.3822,0.0,0.0,0.0,0.0,False,7357;7378
TJX,Long,960,2014-05-13T20:00:00Z,25.214051,2014-05-13T20:00:00Z,25.214051,0.0,14.3966,0.0,0.0,0.0,0.0,False,7359;7379
AIG,Long,618,2014-05-09T20:00:00Z,39.107766,2014-05-14T20:00:00Z,40.40213,799.92,9.7719,0.0,799.92,263.56,5.0,True,7338;7382
AMGN,Short,310,2014-05-09T20:00:00Z,77.752397,2014-05-14T20:00:00Z,78.632028,-272.69,9.7824,-476.66,0.0,476.66,5.0,False,7337;7383
ABBV,Short,745,2014-05-08T20:00:00Z,32.39377,2014-05-14T20:00:00Z,32.110962,210.69,9.6204,-82.44,224.43,306.88,6.0,True,7313;7384
HPQ,Long,2488,2014-05-09T20:00:00Z,9.745299,2014-05-14T20:00:00Z,10.008196,654.09,9.8233,0.0,774.38,233.07,5.0,True,7339;7385
KO,Short,906,2014-04-11T20:00:00Z,26.355397,2014-05-14T20:00:00Z,27.813933,-1321.43,9.7749,-1389.04,73.75,1462.8,33.0,False,6951;7386
SO,Long,950,2014-05-13T20:00:00Z,25.597679,2014-05-14T20:00:00Z,25.562307,-33.6,9.7495,-33.6,173.62,207.22,1.0,False,7380;7387
TJX,Short,960,2014-05-13T20:00:00Z,25.214051,2014-05-14T20:00:00Z,24.994063,211.19,4.8029,0.0,211.19,0.0,1.0,True,7379;7388
ABT,Short,777,2014-05-14T20:00:00Z,31.397559,2014-05-15T20:00:00Z,31.381805,12.24,9.691,0.0,379.46,367.22,1.0,True,7392;7400
ADP,Short,413,2014-05-09T20:00:00Z,58.421989,2014-05-15T20:00:00Z,58.595103,-71.5,9.6252,-404.11,270.44,404.11,6.0,False,7348;7401
COF,Short,396,2014-05-09T20:00:00Z,61.159889,2014-05-15T20:00:00Z,61.087663,28.6,9.7151,-483.05,28.6,483.05,6.0,True,7343;7402
DHR,Short,575,2014-05-14T20:00:00Z,42.329551,2014-05-15T20:00:00Z,41.738387,339.92,9.6319,0.0,339.92,0.0,1.0,True,7393;7403
DOW,Short,416,2014-05-13T20:00:00Z,58.248806,2014-05-15T20:00:00Z,58.074443,72.53,9.5417,-43.52,725.35,652.81,2.0,True,7356;7404
HON,Long,353,2014-05-13T20:00:00Z,68.743007,2014-05-15T20:00:00Z,67.251757,-526.41,9.5206,-857.67,0.0,857.67,2.0,False,7373;7405
KMB,Short,350,2014-05-14T20:00:00Z,69.05326,2014-05-15T20:00:00Z,68.916496,47.87,9.6501,0.0,73.98,26.11,1.0,True,7394;7406
LOW,Short,655,2014-05-13T20:00:00Z,37.01984,2014-05-15T20:00:00Z,35.852223,764.79,4.6757,0.0,869.55,104.77,2.0,True,7378;7407
MET,Short,1544,2014-05-13T20:00:00Z,15.725308,2014-05-15T20:00:00Z,15.278686,689.58,9.4659,0.0,1188.13,498.55,2.0,True,7376;7408
PFE,Long,1491,2014-05-14T20:00:00Z,16.233074,2014-05-15T20:00:00Z,16.205201,-41.56,9.6681,-49.87,0.0,49.87,1.0,False,7390;7409
PRU,Long,485,2014-05-14T20:00:00Z,49.891821,2014-05-15T20:00:00Z,48.477834,-685.78,9.3209,-1248.18,0.0,1248.18,1.0,False,7398;7410
PX,Short,230,2014-05-09T20:00:00Z,104.954696,2014-05-15T20:00:00Z,105.631927,-155.76,9.6271,-231.79,0.0,231.79,6.0,False,7347;7420
SPY,Long,199,2014-05-13T20:00:00Z,154.179034,2014-05-19T20:00:00Z,152.312656,-371.41,30.9411,-419.85,0.0,419.85,6.0,False,7362;7422
SPY,Long,440,2014-05-13T20:00:00Z,154.179034,2014-05-19T20:00:00Z,152.312656,-821.21,13.5649,-928.32,0.0,928.32,6.0,False,7381;7422
SPY,Long,171,2014-05-14T20:00:00Z,154.03297,2014-05-19T20:00:00Z,152.312656,-294.17,5.2463,-335.8,24.98,335.8,5.0,False,7399;7422
FDX,Short,318,2014-05-14T20:00:00Z,76.159235,2014-05-19T20:00:00Z,75.125646,328.68,9.6297,0.0,328.68,133.2,5.0,True,7395;7425
AMGN,Short,306,2014-05-15T20:00:00Z,79.290007,2014-05-19T20:00:00Z,78.702778,179.69,9.6285,-2.16,179.69,30.31,4.0,True,7413;7439
CL,Long,480,2014-05-13T20:00:00Z,50.505828,2014-05-19T20:00:00Z,49.987319,-248.88,9.6661,-288.56,0.0,288.56,6.0,False,7374;7440
HD,Long,422,2014-05-14T20:00:00Z,57.495641,2014-05-19T20:00:00Z,56.952246,-229.31,9.6003,-314.13,37.7,314.13,5.0,False,7391;7441
PSX,Long,447,2014-05-13T20:00:00Z,54.38071,2014-05-19T20:00:00Z,53.513088,-387.83,4.8296,-414.1,0.0,414.1,6.0,False,7377;7442
JPM,Long,617,2014-05-06T20:00:00Z,39.044938,2014-05-19T20:00:00Z,38.336869,-436.88,9.5552,-436.88,271.93,708.81,13.0,False,7283;7443
LMT,Short,206,2014-05-15T20:00:00Z,117.463736,2014-05-19T20:00:00Z,115.560884,391.99,9.566,0.0,399.33,29.36,4.0,True,7418;7444
LVS,Short,470,2014-05-15T20:00:00Z,51.701579,2014-05-19T20:00:00Z,50.483589,572.46,9.7192,-144.76,572.46,375.06,4.0,True,7417;7445
MS,Short,1105,2014-05-15T20:00:00Z,21.800169,2014-05-19T20:00:00Z,21.705859,104.21,9.6084,-88.18,104.21,88.18,4.0,True,7416;7446
PCLN,Short,533,2014-05-13T20:00:00Z,45.465683,2014-05-19T20:00:00Z,44.22236,662.69,9.658,0.0,662.69,469.42,6.0,True,7375;7447
PEP,Short,409,2014-05-09T20:00:00Z,59.128314,2014-05-19T20:00:00Z,58.636489,201.16,9.6807,-187.19,226.3,217.92,10.0,True,7335;7448
TGT,Short,592,2014-05-13T20:00:00Z,41.032006,2014-05-19T20:00:00Z,40.304848,430.48,9.6124,0.0,650.14,219.67,6.0,True,7361;7449
USB,Long,916,2014-05-15T20:00:00Z,26.407884,2014-05-19T20:00:00Z,26.775298,336.55,9.8477,0.0,667.09,330.54,4.0,True,7415;7450
ABT,Short,788,2014-05-19T20:00:00Z,31.279404,2014-05-20T20:00:00Z,31.169127,86.9,9.8282,0.0,105.52,18.62,1.0,True,7452;7455
ADP,Long,414,2014-05-19T20:00:00Z,58.346723,2014-05-20T20:00:00Z,58.820903,196.31,9.6965,0.0,196.31,0.0,1.0,True,7438;7456
COF,Short,398,2014-05-19T20:00:00Z,60.750605,2014-05-20T20:00:00Z,61.063587,-124.57,9.683,-124.57,70.27,194.84,1.0,False,7436;7457
CSCO,Short,1513,2014-05-01T20:00:00Z,16.011864,2014-05-20T20:00:00Z,16.814533,-1214.44,9.8642,-1287.72,439.71,1727.43,19.0,False,7232;7458
ABBV,Short,746,2014-05-15T20:00:00Z,32.584358,2014-05-20T20:00:00Z,33.137677,-412.78,9.7443,-509.09,27.52,536.61,5.0,False,7414;7459
GD,Short,272,2014-05-14T20:00:00Z,89.148777,2014-05-20T20:00:00Z,87.94302,327.97,9.5749,0.0,479.34,336.38,6.0,True,7397;7460
HPQ,Long,2468,2014-05-19T20:00:00Z,9.823866,2014-05-20T20:00:00Z,10.014239,469.84,9.8309,0.0,469.84,0.0,1.0,True,7432;7461
NEE,Short,1397,2014-05-15T20:00:00Z,17.369875,2014-05-20T20:00:00Z,17.022945,484.66,9.6731,0.0,484.66,409.33,5.0,True,7419;7462
T,Long,1787,2014-05-15T20:00:00Z,13.566352,2014-05-20T20:00:00Z,13.547707,-33.32,9.5986,-586.42,239.9,826.32,5.0,False,7411;7463
VZ,Long,962,2014-05-14T20:00:00Z,25.292436,2014-05-20T20:00:00Z,26.019897,699.82,9.8035,-10.14,699.82,258.63,6.0,True,7389;7464
AMGN,Short,306,2014-05-20T20:00:00Z,79.806485,2014-05-21T20:00:00Z,79.297082,155.88,9.7731,-149.38,155.88,149.38,1.0,True,7467;7473
BAX,Short,727,2014-05-14T20:00:00Z,33.339684,2014-05-21T20:00:00Z,32.892855,324.85,9.6366,0.0,379.52,57.89,7.0,True,7396;7474
CL,Long,484,2014-05-20T20:00:00Z,50.122582,2014-05-21T20:00:00Z,50.115067,-3.64,9.7015,-3.64,40.01,43.64,1.0,False,7468;7475
DOW,Short,426,2014-05-19T20:00:00Z,56.958521,2014-05-21T20:00:00Z,58.12094,-495.19,9.8325,-495.19,0.0,495.19,2.0,False,7433;7476
EMR,Long,500,2014-05-09T20:00:00Z,48.42532,2014-05-21T20:00:00Z,47.456656,-484.33,9.5861,-524.19,374.5,898.69,12.0,False,7342;7477
FCX,Short,788,2014-05-15T20:00:00Z,30.623588,2014-05-21T20:00:00Z,29.817248,635.4,9.4927,0.0,724.21,88.82,6.0,True,7421;7478
FDX,Short,321,2014-05-20T20:00:00Z,75.65876,2014-05-21T20:00:00Z,75.234445,136.21,9.657,0.0,136.21,0.0,1.0,True,7472;7479
KMB,Long,356,2014-05-20T20:00:00Z,68.12078,2014-05-21T20:00:00Z,68.214028,33.2,9.719,0.0,97.38,64.18,1.0,True,7471;7480
MS,Short,1109,2014-05-20T20:00:00Z,21.800169,2014-05-21T20:00:00Z,21.669586,144.82,9.6094,0.0,144.82,0.0,1.0,True,7469;7481
ORCL,Short,730,2014-03-31T20:00:00Z,32.871561,2014-05-21T20:00:00Z,34.563257,-1234.94,10.0086,-1550.02,376.85,1926.88,51.0,False,6734;7482
PX,Long,228,2014-05-15T20:00:00Z,105.631927,2014-05-21T20:00:00Z,105.00307,-143.38,4.797,-152.57,95.59,248.16,6.0,False,7420;7483
TJX,Short,979,2014-05-19T20:00:00Z,24.693694,2014-05-21T20:00:00Z,22.993015,1664.97,9.5259,0.0,1830.63,1097.55,2.0,True,7437;7484
TMO,Long,214,2014-05-19T20:00:00Z,112.962652,2014-05-21T20:00:00Z,110.857936,-450.41,9.6494,-631.4,0.0,631.4,2.0,False,7453;7485
MCK,Short,152,2014-05-13T20:00:00Z,164.684268,2014-05-21T20:00:00Z,164.830573,-22.24,15.0583,-440.6,351.64,792.24,8.0,False,7360;7494
SPY,Long,284,2014-05-19T20:00:00Z,152.312656,2014-05-21T20:00:00Z,152.637244,92.18,23.7378,-34.57,329.55,237.37,2.0,True,7454;7497
BK,Short,958,2014-05-21T20:00:00Z,25.542086,2014-05-22T20:00:00Z,25.624047,-78.52,9.8363,-207.0,0.0,207.0,1.0,False,7495;7498
DHR,Short,574,2014-05-20T20:00:00Z,42.27378,2014-05-22T20:00:00Z,43.143795,-499.39,9.7848,-713.87,0.0,713.87,2.0,False,7470;7499
GS,Long,195,2014-04-28T20:00:00Z,124.367976,2014-05-22T20:00:00Z,124.791931,82.67,9.6875,-592.48,300.07,892.54,24.0,True,7140;7500
LOW,Long,668,2014-05-21T20:00:00Z,36.388047,2014-05-22T20:00:00Z,36.316071,-48.08,9.8618,-48.08,742.57,790.65,1.0,False,7492;7501
LVS,Short,479,2014-05-21T20:00:00Z,51.036584,2014-05-22T20:00:00Z,51.890577,-409.06,9.9691,-627.01,0.0,627.01,1.0,False,7488;7502
NEE,Short,1406,2014-05-21T20:00:00Z,17.375268,2014-05-22T20:00:00Z,17.29977,106.15,9.7516,0.0,106.15,0.0,1.0,True,7493;7503
T,Short,1839,2014-05-21T20:00:00Z,13.301588,2014-05-22T20:00:00Z,13.178529,226.31,9.69,0.0,226.31,0.0,1.0,True,7486;7504
GM,Short,985,2014-05-21T20:00:00Z,24.775962,2014-05-22T20:00:00Z,24.970283,-191.41,14.7078,-198.77,0.0,198.77,1.0,False,7490;7507
HAL,Long,489,2014-05-21T20:00:00Z,50.022411,2014-05-22T20:00:00Z,50.014495,-3.87,14.679,-3.87,85.16,89.03,1.0,False,7489;7508
MCK,Long,148,2014-05-21T20:00:00Z,164.830573,2014-05-22T20:00:00Z,167.573787,406.0,9.8375,0.0,450.66,44.66,1.0,True,7494;7512
EMR,Long,512,2014-05-22T20:00:00Z,47.637844,2014-05-23T20:00:00Z,47.956734,163.27,9.8431,0.0,285.73,122.45,1.0,True,7511;7513
MS,Short,1118,2014-05-22T20:00:00Z,21.749387,2014-05-23T20:00:00Z,22.054081,-340.65,9.8772,-413.64,0.0,413.64,1.0,False,7506;7514
SBUX,Short,884,2014-05-22T20:00:00Z,27.506071,2014-05-23T20:00:00Z,28.244935,-653.16,9.91,-653.16,0.0,653.16,1.0,False,7509;7515
TXN,Long,751,2014-05-19T20:00:00Z,32.450165,2014-05-23T20:00:00Z,33.07462,468.97,9.9022,0.0,560.6,91.64,4.0,True,7435;7516
GM,Long,973,2014-05-22T20:00:00Z,24.970283,2014-05-23T20:00:00Z,25.045022,72.72,9.7824,0.0,159.99,87.27,1.0,True,7507;7523
SPY,Short,206,2014-05-21T20:00:00Z,152.637244,2014-05-28T20:00:00Z,155.43681,-576.71,6.3983,-580.05,0.0,580.05,7.0,False,7497;7525
PSX,Long,454,2014-05-21T20:00:00Z,53.708987,2014-05-28T20:00:00Z,53.578387,-59.29,9.7577,-65.22,216.42,275.71,7.0,False,7491;7529
LVS,Long,464,2014-05-23T20:00:00Z,52.499572,2014-05-28T20:00:00Z,53.472565,451.47,9.8004,0.0,451.47,0.0,5.0,True,7521;7531
TGT,Long,621,2014-05-21T20:00:00Z,39.22618,2014-05-28T20:00:00Z,38.652273,-356.4,9.6648,-596.86,0.0,596.86,7.0,False,7496;7533
ABT,Short,778,2014-05-23T20:00:00Z,31.240019,2014-05-28T20:00:00Z,31.232142,6.13,9.7158,-6.13,49.03,55.15,5.0,True,7522;7543
COST,Long,266,2014-05-22T20:00:00Z,91.38911,2014-05-28T20:00:00Z,90.966197,-112.49,9.72,-140.09,87.02,227.11,6.0,False,7510;7544
DIS,Long,334,2014-05-07T20:00:00Z,72.856442,2014-05-28T20:00:00Z,74.721353,622.88,9.7682,-447.04,622.88,676.53,21.0,True,7297;7545
GILD,Short,439,2014-05-19T20:00:00Z,55.082452,2014-05-28T20:00:00Z,55.976493,-392.48,9.8217,-656.14,0.0,656.14,9.0,False,7431;7546
GOOG,Long,913,2014-05-01T20:00:00Z,26.491911,2014-05-28T20:00:00Z,28.479002,1814.21,10.0295,-763.31,1814.21,783.66,27.0,True,7229;7547
KFT,Long,856,2014-05-23T20:00:00Z,28.537804,2014-05-28T20:00:00Z,28.469313,-58.63,9.7244,-65.14,0.0,65.14,5.0,False,7519;7548
LOW,Long,648,2014-05-23T20:00:00Z,37.419708,2014-05-28T20:00:00Z,37.515677,62.19,9.7189,-41.46,513.05,554.51,5.0,True,7524;7549
MCD,Short,331,2014-04-28T20:00:00Z,73.201842,2014-05-28T20:00:00Z,73.803223,-199.06,9.6708,-599.57,19.19,618.76,30.0,False,7165;7550
MET,Long,1626,2014-05-19T20:00:00Z,14.904489,2014-05-28T20:00:00Z,15.505015,976.45,9.9049,0.0,1069.68,274.78,9.0,True,7434;7551
CL,Long,485,2014-05-23T20:00:00Z,50.145126,2014-05-28T20:00:00Z,50.122582,-10.93,14.4934,-222.32,0.0,222.32,5.0,False,7520;7555
BLK,Long,108,2014-05-28T20:00:00Z,224.029204,2014-05-29T20:00:00Z,222.603156,-154.01,9.6265,-154.01,3.97,157.98,1.0,False,7557;7562
FCX,Long,824,2014-05-28T20:00:00Z,29.470435,2014-05-29T20:00:00Z,29.34038,-107.17,9.7306,-107.17,200.04,307.21,1.0,False,7541;7563
GM,Short,973,2014-05-23T20:00:00Z,25.045022,2014-05-29T20:00:00Z,25.859677,-792.66,5.0105,-792.66,0.0,792.66,6.0,False,7523;7564
JPM,Long,624,2014-05-20T20:00:00Z,38.885983,2014-05-29T20:00:00Z,40.251545,852.11,9.8682,0.0,856.62,9.02,9.0,True,7465;7565
MCK,Short,145,2014-05-22T20:00:00Z,167.573787,2014-05-29T20:00:00Z,167.436626,19.89,5.0004,-704.05,71.6,775.64,7.0,True,7512;7566
PCLN,Long,493,2014-05-28T20:00:00Z,49.096014,2014-05-29T20:00:00Z,49.652422,274.31,9.8704,0.0,682.88,408.57,1.0,True,7537;7567
DOW,Short,410,2014-05-28T20:00:00Z,59.074123,2014-05-29T20:00:00Z,60.236542,-476.59,14.8397,-786.38,0.0,786.38,1.0,False,7554;7568
SPY,Long,216,2014-05-28T20:00:00Z,155.43681,2014-05-29T20:00:00Z,155.680251,52.58,20.0421,0.0,148.99,96.4,1.0,True,7561;7580
SPY,Short,211,2014-05-29T20:00:00Z,155.680251,2014-06-02T20:00:00Z,156.59721,-193.48,6.606,-193.48,0.0,193.48,4.0,False,7580;7581
COST,Long,265,2014-05-29T20:00:00Z,91.429008,2014-06-02T20:00:00Z,92.434424,266.44,9.7194,0.0,304.5,71.9,4.0,True,7572;7583
AMZN,Short,1566,2014-05-28T20:00:00Z,15.438696,2014-06-02T20:00:00Z,15.573878,-211.7,14.4651,-334.34,51.56,334.34,5.0,False,7534;7590
C,Long,687,2014-04-30T20:00:00Z,35.307432,2014-06-02T20:00:00Z,34.874744,-297.26,14.509,-896.86,0.0,896.86,33.0,False,7186;7591
BAX,Long,740,2014-05-28T20:00:00Z,32.959216,2014-06-02T20:00:00Z,32.919399,-29.46,9.7252,-88.39,0.0,88.39,5.0,False,7559;7601
ETN,Long,446,2014-05-28T20:00:00Z,54.388061,2014-06-02T20:00:00Z,54.014537,-166.59,9.6414,-215.59,0.0,215.59,5.0,False,7560;7602
DUK,Long,570,2014-05-28T20:00:00Z,42.571619,2014-06-02T20:00:00Z,42.85551,161.82,9.7511,0.0,206.58,79.19,5.0,True,7538;7603
HPQ,Long,2427,2014-05-28T20:00:00Z,9.996109,2014-06-02T20:00:00Z,10.095828,242.02,9.7966,0.0,403.36,161.35,5.0,True,7553;7604
IBM,Long,218,2014-05-08T20:00:00Z,110.826416,2014-06-02T20:00:00Z,108.254371,-560.71,9.569,-776.56,431.71,1208.26,25.0,False,7310;7605
MRK,Long,666,2014-05-08T20:00:00Z,35.94557,2014-06-02T20:00:00Z,37.582412,1090.14,9.7559,-56.24,1120.42,216.3,25.0,True,7311;7606
NEE,Short,1385,2014-05-29T20:00:00Z,17.503815,2014-06-02T20:00:00Z,17.594368,-125.42,9.7187,-178.09,0.0,178.09,4.0,False,7576;7607
TJX,Long,1055,2014-05-29T20:00:00Z,23.136853,2014-06-02T20:00:00Z,23.136853,0.0,9.6923,-249.94,0.0,249.94,4.0,False,7578;7608
SPY,Short,381,2014-06-02T20:00:00Z,156.59721,2014-06-03T20:00:00Z,156.150903,170.04,23.8506,0.0,170.04,0.0,1.0,True,7614;7615
AMZN,Long,1556,2014-06-02T20:00:00Z,15.573878,2014-06-03T20:00:00Z,15.251636,-501.41,4.7687,-501.41,0.0,501.41,1.0,False,7590;7616
C,Short,695,2014-06-02T20:00:00Z,34.874744,2014-06-03T20:00:00Z,34.845407,20.39,4.9128,-326.23,20.39,326.23,1.0,True,7591;7617
CAT,Long,321,2014-06-02T20:00:00Z,75.711075,2014-06-03T20:00:00Z,76.45798,239.76,9.887,0.0,500.88,261.12,1.0,True,7610;7618
DOW,Long,402,2014-05-29T20:00:00Z,60.236542,2014-06-03T20:00:00Z,61.026987,317.76,4.9169,0.0,369.16,51.4,5.0,True,7568;7619
ORCL,Long,695,2014-06-02T20:00:00Z,34.812272,2014-06-03T20:00:00Z,34.729267,-57.69,9.6663,-74.99,0.0,74.99,1.0,False,7589;7620
PRU,Long,496,2014-06-02T20:00:00Z,49.15408,2014-06-03T20:00:00Z,49.981851,410.57,10.0458,0.0,1030.87,620.29,1.0,True,7613;7621
SO,Long,940,2014-06-02T20:00:00Z,25.745063,2014-06-03T20:00:00Z,25.762749,16.62,9.6801,0.0,16.62,0.0,1.0,True,7612;7622
ACN,Long,383,2014-05-29T20:00:00Z,63.524887,2014-06-04T20:00:00Z,65.066715,590.52,9.9761,0.0,1071.46,480.94,6.0,True,7573;7626
APA,Long,354,2014-05-29T20:00:00Z,68.4457,2014-06-04T20:00:00Z,68.453146,2.64,9.7826,0.0,340.04,337.4,6.0,True,7579;7627
BK,Long,946,2014-05-29T20:00:00Z,25.728362,2014-06-04T20:00:00Z,25.743264,14.1,9.7553,0.0,84.58,70.49,6.0,True,7577;7628
BLK,Long,108,2014-06-02T20:00:00Z,224.168868,2014-06-04T20:00:00Z,225.969805,194.5,9.793,0.0,459.66,265.16,2.0,True,7595;7629
CL,Short,484,2014-05-28T20:00:00Z,50.122582,2014-06-04T20:00:00Z,50.626062,-243.68,4.9253,-618.3,0.0,618.3,7.0,False,7555;7630
CSCO,Short,1420,2014-05-28T20:00:00Z,17.042879,2014-06-04T20:00:00Z,16.994442,68.78,9.6921,-147.39,127.74,157.21,7.0,True,7535;7631
EBAY,Long,1289,2014-06-02T20:00:00Z,18.810113,2014-06-04T20:00:00Z,18.63567,-224.86,9.6583,-224.86,0.0,224.86,2.0,False,7593;7632
EMR,Long,501,2014-05-28T20:00:00Z,48.609009,2014-06-04T20:00:00Z,48.398832,-105.3,9.6868,-123.45,36.31,156.13,7.0,False,7539;7633
FDX,Short,309,2014-06-02T20:00:00Z,78.503852,2014-06-04T20:00:00Z,77.64978,263.91,9.6587,0.0,263.91,6.72,2.0,True,7597;7634
MDT,Short,546,2014-06-02T20:00:00Z,44.400778,2014-06-04T20:00:00Z,44.437172,-19.87,9.8752,-882.28,0.0,882.28,2.0,False,7611;7635
PX,Long,227,2014-06-02T20:00:00Z,106.42203,2014-06-04T20:00:00Z,107.865608,327.69,9.7879,0.0,327.69,55.17,2.0,True,7599;7636
UNP,Short,327,2014-05-19T20:00:00Z,74.072217,2014-06-04T20:00:00Z,74.949328,-286.82,9.7696,-520.24,150.24,670.48,16.0,False,7451;7637
UTX,Long,520,2014-06-02T20:00:00Z,46.691247,2014-06-04T20:00:00Z,47.284814,308.65,9.7827,0.0,308.65,141.81,2.0,True,7609;7638
AMGN,Short,299,2014-05-23T20:00:00Z,81.355919,2014-06-05T20:00:00Z,84.016136,-795.4,9.8186,-880.02,0.0,880.02,13.0,False,7518;7652
KMB,Short,353,2014-05-28T20:00:00Z,68.866764,2014-06-05T20:00:00Z,69.792307,-326.72,9.7646,-344.53,0.0,344.53,8.0,False,7540;7653
LLY,Long,509,2014-06-04T20:00:00Z,47.586632,2014-06-05T20:00:00Z,47.691165,53.21,9.7247,0.0,163.71,110.51,1.0,True,7643;7654
LMT,Long,209,2014-05-28T20:00:00Z,116.473113,2014-06-05T20:00:00Z,118.227095,366.58,9.8249,-198.1,636.91,270.33,8.0,True,7556;7655
PRU,Long,474,2014-06-04T20:00:00Z,52.691459,2014-06-05T20:00:00Z,52.23291,-217.35,9.9587,-217.35,0.0,217.35,1.0,False,7648;7656
TXN,Long,719,2014-06-03T20:00:00Z,33.684721,2014-06-05T20:00:00Z,33.65601,-20.64,9.7424,-41.29,242.55,263.2,2.0,False,7624;7657
UNH,Short,375,2014-06-02T20:00:00Z,64.732805,2014-06-05T20:00:00Z,65.276505,-203.89,9.6935,-225.19,0.0,225.19,3.0,False,7592;7658
BAX,Long,747,2014-06-05T20:00:00Z,32.64445,2014-06-06T20:00:00Z,32.969692,242.96,9.832,0.0,242.96,0.0,1.0,True,7671;7673
COST,Long,261,2014-06-05T20:00:00Z,93.360045,2014-06-06T20:00:00Z,93.91063,143.7,9.8293,0.0,256.17,112.46,1.0,True,7669;7674
GILD,Short,431,2014-06-04T20:00:00Z,56.140287,2014-06-06T20:00:00Z,56.809111,-288.26,9.7309,-288.26,0.0,288.26,2.0,False,7640;7675
PSX,Long,447,2014-05-29T20:00:00Z,54.342394,2014-06-06T20:00:00Z,54.832141,218.92,9.8472,0.0,589.62,502.05,8.0,True,7575;7676
MA,Short,346,2014-05-22T20:00:00Z,70.239491,2014-06-06T20:00:00Z,71.540223,-450.05,9.851,-601.14,0.0,601.14,15.0,False,7505;7677
MSFT,Long,721,2014-06-04T20:00:00Z,33.643942,2014-06-06T20:00:00Z,34.714659,771.99,9.867,0.0,771.99,0.0,2.0,True,7639;7678
NKE,Long,756,2014-06-05T20:00:00Z,32.205529,2014-06-06T20:00:00Z,32.138047,-51.02,9.6994,-51.02,0.0,51.02,1.0,False,7663;7679
OXY,Short,364,2014-06-04T20:00:00Z,66.397851,2014-06-06T20:00:00Z,67.364078,-351.71,9.7451,-351.71,0.0,351.71,2.0,False,7641;7680
PCLN,Long,499,2014-06-05T20:00:00Z,48.934639,2014-06-06T20:00:00Z,49.013959,39.58,9.6944,-278.62,39.58,278.62,1.0,True,7664;7681
UNP,Short,323,2014-06-05T20:00:00Z,75.355609,2014-06-06T20:00:00Z,76.456744,-355.67,9.865,-414.54,0.0,414.54,1.0,False,7660;7682
BA,Short,211,2014-05-15T20:00:00Z,114.694216,2014-06-09T20:00:00Z,119.491148,-1012.15,9.8177,-1012.15,568.99,1581.15,25.0,False,7412;7693
BMY,Short,763,2014-06-05T20:00:00Z,31.873789,2014-06-09T20:00:00Z,31.659376,163.6,9.5878,0.0,506.13,342.53,4.0,True,7662;7694
EMR,Long,497,2014-06-06T20:00:00Z,48.949642,2014-06-09T20:00:00Z,48.95689,3.6,9.7802,0.0,201.71,198.11,3.0,True,7690;7695
ITW,Long,372,2014-05-28T20:00:00Z,65.260884,2014-06-09T20:00:00Z,66.531516,472.68,9.8205,-69.92,626.5,153.83,12.0,True,7542;7696
LLY,Long,507,2014-06-06T20:00:00Z,48.125379,2014-06-09T20:00:00Z,47.900231,-114.15,9.7329,-114.15,0.0,114.15,3.0,False,7688;7697
LMT,Short,203,2014-06-06T20:00:00Z,119.664245,2014-06-09T20:00:00Z,119.434301,46.68,9.7806,-226.1,46.68,226.1,3.0,True,7689;7698
LVS,Short,453,2014-06-02T20:00:00Z,53.885561,2014-06-09T20:00:00Z,51.099584,1262.05,9.53,0.0,1312.78,234.65,7.0,True,7594;7699
PFE,Long,1487,2014-05-20T20:00:00Z,16.444906,2014-06-09T20:00:00Z,16.389161,-82.89,9.7151,-124.34,215.52,339.86,20.0,False,7466;7700
SO,Short,934,2014-06-06T20:00:00Z,26.128262,2014-06-09T20:00:00Z,25.798122,308.35,9.6393,0.0,374.43,66.08,3.0,True,7691;7701
UPS,Short,378,2014-05-13T20:00:00Z,64.200719,2014-06-09T20:00:00Z,65.673021,-556.53,9.859,-719.79,149.31,869.09,27.0,False,7355;7702
TJX,Long,1060,2014-06-03T20:00:00Z,22.849176,2014-06-09T20:00:00Z,23.784127,991.05,14.7484,0.0,1080.74,89.69,6.0,True,7625;7710
F,Long,2782,2014-05-28T20:00:00Z,8.731346,2014-06-11T20:00:00Z,9.168723,1216.78,9.9806,0.0,1367.0,255.37,14.0,True,7536;7715
PSX,Long,441,2014-06-09T20:00:00Z,54.969271,2014-06-11T20:00:00Z,53.748167,-538.51,9.5964,-538.51,0.0,538.51,2.0,False,7709;7718
SLB,Short,320,2014-06-09T20:00:00Z,75.747044,2014-06-11T20:00:00Z,76.212717,-149.02,9.7782,-185.7,0.0,185.7,2.0,False,7704;7723
ABT,Short,774,2014-06-04T20:00:00Z,31.326666,2014-06-11T20:00:00Z,31.80716,-371.9,9.7243,-463.35,0.0,463.35,7.0,False,7645;7743
AMGN,Short,291,2014-06-06T20:00:00Z,84.065661,2014-06-11T20:00:00Z,82.303975,512.65,9.6419,0.0,512.65,144.12,5.0,True,7685;7744
AXP,Short,319,2014-05-13T20:00:00Z,75.809489,2014-06-11T20:00:00Z,80.342497,-1446.03,9.9371,-1599.81,687.94,2287.75,29.0,False,7354;7745
EOG,Short,320,2014-06-04T20:00:00Z,75.756197,2014-06-11T20:00:00Z,77.01548,-402.97,9.8839,-960.75,0.0,960.75,7.0,False,7646;7746
FDX,Short,312,2014-06-05T20:00:00Z,78.046897,2014-06-11T20:00:00Z,77.829299,67.89,9.688,-54.31,130.69,185.0,6.0,True,7670;7747
GD,Long,265,2014-06-02T20:00:00Z,91.28977,2014-06-11T20:00:00Z,92.997927,452.66,9.7451,0.0,569.41,208.92,9.0,True,7598;7748
IBM,Long,223,2014-06-03T20:00:00Z,108.670351,2014-06-11T20:00:00Z,107.574742,-244.32,9.58,-422.01,116.28,538.29,8.0,False,7623;7749
MCK,Short,139,2014-06-02T20:00:00Z,173.590569,2014-06-11T20:00:00Z,169.369925,586.67,9.5893,-227.51,586.67,227.51,9.0,True,7596;7750
MET,Short,1470,2014-06-05T20:00:00Z,16.588374,2014-06-11T20:00:00Z,16.531037,84.28,9.699,-35.49,137.52,173.01,6.0,True,7667;7751
MMM,Short,357,2014-05-13T20:00:00Z,67.866592,2014-06-11T20:00:00Z,69.075573,-431.61,9.7498,-544.12,469.32,1013.43,29.0,False,7372;7752
MS,Short,1080,2014-05-29T20:00:00Z,22.467595,2014-06-11T20:00:00Z,23.135021,-720.82,9.8439,-869.69,94.02,963.71,13.0,False,7569;7753
PG,Long,425,2014-05-23T20:00:00Z,57.087191,2014-06-11T20:00:00Z,56.718795,-156.57,9.6699,-216.79,63.23,280.02,19.0,False,7517;7754
TGT,Long,618,2014-06-02T20:00:00Z,39.350641,2014-06-11T20:00:00Z,39.30224,-29.91,9.7061,-51.28,329.04,358.95,9.0,False,7600;7755
USB,Short,876,2014-06-04T20:00:00Z,27.628224,2014-06-11T20:00:00Z,28.192467,-494.28,9.8097,-810.38,0.0,810.38,7.0,False,7642;7756
SPY,Long,247,2014-06-04T20:00:00Z,156.191476,2014-06-11T20:00:00Z,158.130886,479.03,24.637,0.0,623.35,206.45,7.0,True,7651;7762
SPY,Long,281,2014-06-05T20:00:00Z,156.962371,2014-06-11T20:00:00Z,158.130886,328.35,8.8683,-216.62,492.53,164.18,6.0,True,7672;7762
SPY,Long,6,2014-06-06T20:00:00Z,158.139001,2014-06-11T20:00:00Z,158.130886,-0.05,20.7725,-11.69,3.46,3.51,5.0,False,7692;7762
BLK,Short,104,2014-06-09T20:00:00Z,231.487186,2014-06-12T20:00:00Z,230.436854,109.23,9.5909,-133.85,318.47,209.24,3.0,True,7708;7763
CL,Short,477,2014-06-05T20:00:00Z,50.97925,2014-06-12T20:00:00Z,51.362496,-182.81,9.7354,-304.68,0.0,304.68,7.0,False,7666;7764
COST,Short,259,2014-06-11T20:00:00Z,92.929152,2014-06-12T20:00:00Z,92.665829,68.2,9.5762,0.0,210.8,142.6,1.0,True,7737;7765
CVS,Short,438,2014-06-11T20:00:00Z,55.208989,2014-06-12T20:00:00Z,54.797088,180.41,9.537,0.0,547.46,367.05,1.0,True,7731;7766
EBAY,Short,1355,2014-06-11T20:00:00Z,17.908207,2014-06-12T20:00:00Z,18.156881,-336.95,9.7958,-336.95,0.0,336.95,1.0,False,7735;7767
ABBV,Short,739,2014-05-21T20:00:00Z,32.891757,2014-06-12T20:00:00Z,33.334413,-327.12,9.7174,-817.81,0.0,817.81,22.0,False,7487;7768
MDT,Short,528,2014-06-05T20:00:00Z,44.917574,2014-06-12T20:00:00Z,44.560912,188.32,9.4412,-292.08,353.58,292.08,7.0,True,7665;7769
NEE,Short,1399,2014-06-11T20:00:00Z,17.297355,2014-06-12T20:00:00Z,17.186881,154.55,9.6548,-27.87,154.55,27.87,1.0,True,7741;7770
NOV,Long,391,2014-06-04T20:00:00Z,61.875252,2014-06-12T20:00:00Z,63.102319,479.78,9.8193,0.0,849.0,520.11,8.0,True,7650;7771
PCLN,Long,502,2014-06-09T20:00:00Z,48.492326,2014-06-12T20:00:00Z,48.815465,162.22,9.6346,-356.4,162.22,445.65,3.0,True,7706;7772
TJX,Short,1018,2014-06-09T20:00:00Z,23.784127,2014-06-12T20:00:00Z,23.394917,396.22,4.7107,0.0,658.92,262.71,3.0,True,7710;7773
UNH,Short,375,2014-06-06T20:00:00Z,64.911333,2014-06-12T20:00:00Z,65.045097,-50.16,9.7223,-60.86,69.99,130.85,6.0,False,7686;7774
UPS,Short,371,2014-06-11T20:00:00Z,65.209372,2014-06-12T20:00:00Z,65.063291,54.2,9.5852,0.0,419.43,365.23,1.0,True,7730;7775
ACN,Short,366,2014-06-09T20:00:00Z,66.35422,2014-06-12T20:00:00Z,65.99658,130.9,14.5191,-43.63,308.33,177.44,3.0,True,7707;7780
PNC,Short,397,2014-06-11T20:00:00Z,60.773106,2014-06-12T20:00:00Z,60.234986,213.63,14.4159,0.0,213.63,0.0,1.0,True,7740;7782
PSX,Short,448,2014-06-11T20:00:00Z,53.748167,2014-06-12T20:00:00Z,54.440343,-310.1,14.5388,-310.1,0.0,310.1,1.0,False,7760;7783
LOW,Long,648,2014-05-29T20:00:00Z,37.515677,2014-06-12T20:00:00Z,37.227771,-186.56,14.3073,-704.79,445.68,1150.47,14.0,False,7574;7784
SPY,Long,649,2014-06-06T20:00:00Z,158.139001,2014-06-12T20:00:00Z,157.976707,-105.33,43.095,-1263.94,373.92,1079.62,6.0,False,7692;7788
SPY,Long,130,2014-06-09T20:00:00Z,158.528506,2014-06-12T20:00:00Z,157.976707,-71.73,4.1262,-303.81,24.26,216.26,3.0,False,7711;7788
SPY,Short,593,2014-06-12T20:00:00Z,157.976707,2014-06-13T20:00:00Z,157.335647,380.15,18.686,0.0,380.15,0.0,1.0,True,7788;7789
AIG,Long,592,2014-06-05T20:00:00Z,41.135354,2014-06-13T20:00:00Z,40.839195,-175.33,9.7227,-197.52,193.14,390.66,8.0,False,7661;7790
APA,Long,341,2014-06-12T20:00:00Z,71.386959,2014-06-13T20:00:00Z,72.131582,253.92,9.8504,0.0,457.05,203.13,1.0,True,7787;7791
COP,Short,478,2014-05-09T20:00:00Z,50.750929,2014-06-13T20:00:00Z,54.878809,-1973.13,10.1576,-2106.41,0.0,2106.41,35.0,False,7336;7792
CVX,Long,333,2014-06-05T20:00:00Z,73.011353,2014-06-13T20:00:00Z,75.067759,684.78,9.9554,0.0,946.79,262.0,8.0,True,7659;7793
DOW,Long,392,2014-06-11T20:00:00Z,61.503578,2014-06-13T20:00:00Z,60.445777,-414.66,9.5927,-414.66,0.0,414.66,2.0,False,7734;7794
ITW,Long,363,2014-06-11T20:00:00Z,66.681887,2014-06-13T20:00:00Z,66.05033,-229.26,9.6544,-240.17,0.0,240.17,2.0,False,7742;7795
LMT,Short,205,2014-06-12T20:00:00Z,118.061823,2014-06-13T20:00:00Z,117.098933,197.39,9.6245,0.0,197.39,0.0,1.0,True,7781;7796
MS,Short,1055,2014-06-12T20:00:00Z,22.924637,2014-06-13T20:00:00Z,23.05522,-137.77,9.6926,-137.77,7.65,145.42,1.0,False,7778;7797
PX,Long,226,2014-06-12T20:00:00Z,107.128356,2014-06-13T20:00:00Z,106.229071,-203.24,9.6134,-203.24,0.0,203.24,1.0,False,7785;7798
EOG,Short,305,2014-06-13T20:00:00Z,79.519817,2014-06-17T20:00:00Z,81.070799,-473.05,9.826,-490.41,0.0,490.41,4.0,False,7807;7816
F,Long,2658,2014-06-12T20:00:00Z,9.114726,2014-06-17T20:00:00Z,8.941935,-459.28,9.5616,-459.28,0.0,459.28,5.0,False,7777;7817
PCLN,Long,507,2014-06-13T20:00:00Z,47.862459,2014-06-17T20:00:00Z,46.987991,-443.36,9.4527,-563.01,0.0,563.01,4.0,False,7804;7822
USB,Short,860,2014-06-12T20:00:00Z,28.21871,2014-06-17T20:00:00Z,28.015321,174.92,9.7196,-67.71,174.92,214.41,5.0,True,7776;7823
ADP,Long,410,2014-06-04T20:00:00Z,58.956383,2014-06-17T20:00:00Z,59.428548,193.59,9.7223,0.0,515.35,402.49,13.0,True,7649;7833
BA,Short,204,2014-06-11T20:00:00Z,117.079717,2014-06-17T20:00:00Z,114.175628,592.43,9.3996,0.0,592.43,61.71,6.0,True,7729;7834
BAX,Short,738,2014-06-11T20:00:00Z,32.787022,2014-06-17T20:00:00Z,32.555343,170.98,9.6294,0.0,194.0,88.78,6.0,True,7761;7835
BMY,Short,772,2014-06-11T20:00:00Z,31.364558,2014-06-17T20:00:00Z,31.632574,-206.91,9.7712,-336.23,0.0,336.23,6.0,False,7732;7836
COF,Short,389,2014-05-28T20:00:00Z,62.580346,2014-06-17T20:00:00Z,64.859497,-886.59,9.9554,-1251.84,0.0,1251.84,20.0,False,7558;7837
DUK,Long,569,2014-06-11T20:00:00Z,42.517256,2014-06-17T20:00:00Z,42.740745,127.17,9.6474,0.0,250.89,140.91,6.0,True,7738;7838
INTC,Short,1135,2014-06-11T20:00:00Z,21.309676,2014-06-17T20:00:00Z,22.604614,-1469.75,9.9496,-1607.28,154.71,1761.99,6.0,False,7727;7839
JPM,Long,580,2014-06-11T20:00:00Z,41.552079,2014-06-17T20:00:00Z,41.031865,-301.72,9.6124,-301.72,0.0,301.72,6.0,False,7726;7840
MCK,Long,144,2014-06-13T20:00:00Z,167.859247,2014-06-17T20:00:00Z,166.440125,-204.35,9.6842,-204.35,174.03,378.38,4.0,False,7811;7841
MDT,Short,549,2014-06-13T20:00:00Z,44.961246,2014-06-17T20:00:00Z,44.983083,-11.99,9.7728,-11.99,695.32,707.3,4.0,False,7808;7842
MSFT,Long,705,2014-06-11T20:00:00Z,34.187665,2014-06-17T20:00:00Z,34.538994,247.69,9.7353,-171.02,477.68,230.0,6.0,True,7757;7843
NKE,Long,754,2014-06-11T20:00:00Z,31.914515,2014-06-17T20:00:00Z,31.484321,-324.37,9.5548,-356.17,0.0,356.17,6.0,False,7733;7844
UNP,Short,312,2014-06-11T20:00:00Z,77.481939,2014-06-17T20:00:00Z,76.234252,389.28,9.5719,-35.54,524.93,135.66,6.0,True,7759;7845
WFC,Short,660,2014-06-06T20:00:00Z,36.796893,2014-06-17T20:00:00Z,36.326599,310.39,9.7482,-446.78,310.39,446.78,11.0,True,7683;7846
WMT,Long,1210,2014-05-28T20:00:00Z,20.003259,2014-06-17T20:00:00Z,19.979377,-28.9,9.6662,-125.23,622.92,748.15,20.0,False,7552;7847
NOV,Long,383,2014-06-13T20:00:00Z,63.677096,2014-06-17T20:00:00Z,63.594985,-31.45,14.6277,-31.45,116.36,147.81,4.0,False,7813;7852
ACN,Long,368,2014-06-12T20:00:00Z,65.99658,2014-06-18T20:00:00Z,65.591254,-149.16,4.8369,-155.01,0.0,155.01,6.0,False,7780;7854
EMR,Long,496,2014-06-11T20:00:00Z,48.913404,2014-06-18T20:00:00Z,48.761207,-75.49,9.7289,-416.99,208.5,416.99,7.0,False,7739;7855
HD,Long,413,2014-06-13T20:00:00Z,58.842659,2014-06-18T20:00:00Z,59.92083,445.28,9.8198,0.0,655.56,210.27,5.0,True,7801;7856
HPQ,Long,2396,2014-06-13T20:00:00Z,10.322923,2014-06-18T20:00:00Z,10.608322,683.81,10.1656,0.0,683.81,145.49,5.0,True,7805;7857
MET,Short,1465,2014-06-12T20:00:00Z,16.564232,2014-06-18T20:00:00Z,16.869021,-446.52,9.803,-729.46,198.94,928.4,6.0,False,7779;7858
NEE,Long,1378,2014-06-17T20:00:00Z,17.473027,2014-06-18T20:00:00Z,17.704842,319.44,9.8547,0.0,801.1,481.66,1.0,True,7832;7859
ORCL,Long,686,2014-06-09T20:00:00Z,35.376705,2014-06-18T20:00:00Z,35.194095,-125.27,9.7381,-353.04,108.19,375.81,9.0,False,7703;7860
PFE,Long,1476,2014-06-11T20:00:00Z,16.417034,2014-06-18T20:00:00Z,16.450481,49.37,9.7321,0.0,213.93,164.56,7.0,True,7758;7861
SO,Long,955,2014-06-12T20:00:00Z,25.420818,2014-06-18T20:00:00Z,25.644842,213.94,9.9089,0.0,788.21,574.27,6.0,True,7786;7862
TMO,Long,214,2014-06-04T20:00:00Z,112.991483,2014-06-18T20:00:00Z,114.325849,285.55,9.7827,0.0,542.96,292.41,14.0,True,7647;7863
MS,Short,1054,2014-06-17T20:00:00Z,22.953656,2014-06-18T20:00:00Z,23.475989,-550.54,14.822,-779.93,0.0,779.93,1.0,False,7828;7869
DOW,Long,399,2014-06-17T20:00:00Z,60.562019,2014-06-18T20:00:00Z,60.445777,-46.38,14.5794,-46.38,194.8,241.18,1.0,False,7827;7870
BLK,Short,106,2014-06-13T20:00:00Z,229.031481,2014-06-18T20:00:00Z,230.96202,-204.64,14.789,-800.52,20.39,820.9,5.0,False,7810;7873
SPY,Short,444,2014-06-17T20:00:00Z,157.424908,2014-06-18T20:00:00Z,158.098427,-299.04,38.8517,-814.26,0.0,814.26,1.0,False,7853;7876
PSX,Long,448,2014-06-12T20:00:00Z,54.440343,2014-06-20T20:00:00Z,55.889996,649.44,5.0282,0.0,751.83,102.39,8.0,True,7783;7881
MDT,Short,539,2014-06-18T20:00:00Z,45.048592,2014-06-20T20:00:00Z,47.297746,-1212.29,10.0138,-1212.29,0.0,1212.29,2.0,False,7871;7886
PNC,Long,399,2014-06-12T20:00:00Z,60.234986,2014-06-20T20:00:00Z,61.387115,459.7,4.9229,0.0,580.82,121.12,8.0,True,7782;7887
TJX,Long,1050,2014-06-13T20:00:00Z,23.153776,2014-06-20T20:00:00Z,23.428761,288.73,9.7495,-8.88,368.69,270.97,7.0,True,7812;7889
TXN,Short,701,2014-06-17T20:00:00Z,34.424019,2014-06-20T20:00:00Z,34.610638,-130.82,9.6807,-130.82,45.28,176.1,3.0,False,7849;7890
SPY,Long,335,2014-06-18T20:00:00Z,158.098427,2014-06-20T20:00:00Z,159.812402,574.18,18.0852,0.0,574.18,0.0,2.0,True,7876;7905
APA,Long,331,2014-06-17T20:00:00Z,72.853865,2014-06-20T20:00:00Z,74.559051,564.42,9.7962,0.0,712.3,147.88,3.0,True,7851;7906
AXP,Short,303,2014-06-13T20:00:00Z,80.300212,2014-06-20T20:00:00Z,80.83301,-161.44,9.7575,-161.44,148.63,310.06,7.0,False,7802;7907
BLK,Long,104,2014-06-18T20:00:00Z,230.96202,2014-06-20T20:00:00Z,236.383803,563.87,4.8932,0.0,563.87,57.69,2.0,True,7873;7908
CL,Short,476,2014-06-13T20:00:00Z,50.934162,2014-06-20T20:00:00Z,52.181591,-593.78,9.7465,-593.78,0.0,593.78,7.0,False,7806;7909
COST,Long,263,2014-06-17T20:00:00Z,92.083326,2014-06-20T20:00:00Z,93.080763,262.33,9.6876,-8.39,262.33,190.97,3.0,True,7831;7910
DIS,Short,321,2014-06-06T20:00:00Z,75.756423,2014-06-20T20:00:00Z,74.98012,249.19,9.5914,-166.13,601.5,352.31,14.0,True,7684;7911
WMB,Long,821,2014-06-18T20:00:00Z,29.764033,2014-06-20T20:00:00Z,29.779444,12.65,9.702,-118.09,12.65,118.09,2.0,True,7875;7912
KFT,Long,842,2014-06-04T20:00:00Z,28.766106,2014-06-20T20:00:00Z,28.682395,-70.48,9.6948,-352.42,275.53,627.95,16.0,False,7644;7913
LMT,Short,204,2014-06-17T20:00:00Z,118.564825,2014-06-20T20:00:00Z,117.666607,183.24,9.6635,-54.24,183.24,231.61,3.0,True,7830;7914
LOW,Short,647,2014-06-12T20:00:00Z,37.227771,2014-06-20T20:00:00Z,36.86789,232.84,4.7624,0.0,584.7,351.85,8.0,True,7784;7915
MCD,Short,326,2014-06-09T20:00:00Z,74.200848,2014-06-20T20:00:00Z,74.646389,-145.25,9.6815,-145.25,435.74,580.99,11.0,False,7705;7916
MCK,Long,143,2014-06-18T20:00:00Z,168.967078,2014-06-20T20:00:00Z,170.203087,176.75,9.7079,0.0,176.75,0.0,2.0,True,7874;7917
PM,Short,492,2014-06-11T20:00:00Z,49.153723,2014-06-20T20:00:00Z,50.8921,-855.28,9.8456,-855.28,0.0,855.28,9.0,False,7728;7918
T,Long,1852,2014-06-18T20:00:00Z,13.059199,2014-06-20T20:00:00Z,13.256839,366.03,9.7502,0.0,366.03,0.0,2.0,True,7864;7919
PCLN,Long,511,2014-06-20T20:00:00Z,47.245487,2014-06-20T20:00:00Z,47.245487,0.0,14.4139,0.0,0.0,0.0,0.0,False,7897;7922
FDX,Long,299,2014-06-20T20:00:00Z,80.539661,2014-06-20T20:00:00Z,80.539661,0.0,14.4762,0.0,0.0,0.0,0.0,False,7902;7924
ADP,Long,405,2014-06-20T20:00:00Z,59.716301,2014-06-24T20:00:00Z,59.935902,88.94,9.7225,0.0,110.41,49.07,4.0,True,7904;7927
EMR,Long,492,2014-06-20T20:00:00Z,49.10184,2014-06-24T20:00:00Z,48.98588,-57.05,9.6497,-242.47,21.39,263.87,4.0,False,7901;7930
MA,Long,349,2014-06-20T20:00:00Z,69.245361,2014-06-24T20:00:00Z,68.83656,-142.67,9.4993,-593.38,0.0,593.38,4.0,False,7893;7934
MET,Short,1419,2014-06-20T20:00:00Z,17.104403,2014-06-24T20:00:00Z,16.914287,269.77,9.6348,0.0,269.77,0.0,4.0,True,7921;7935
MS,Long,1025,2014-06-18T20:00:00Z,23.475989,2014-06-24T20:00:00Z,23.490498,14.87,4.7635,-245.39,133.85,379.24,6.0,True,7869;7936
EOG,Short,302,2014-06-18T20:00:00Z,80.096099,2014-06-24T20:00:00Z,83.368812,-988.36,14.3673,-1160.25,0.0,1160.25,6.0,False,7872;7947
TMO,Long,209,2014-06-20T20:00:00Z,115.567162,2014-06-24T20:00:00Z,114.633772,-195.08,14.3216,-309.71,0.0,309.71,4.0,False,7900;7953
SPY,Short,231,2014-06-20T20:00:00Z,159.812402,2014-06-24T20:00:00Z,159.421025,90.41,13.9074,0.0,242.97,152.56,4.0,True,7905;7956
SPY,Short,207,2014-06-20T20:00:00Z,159.812402,2014-06-24T20:00:00Z,159.421025,81.02,19.7468,0.0,217.73,136.71,4.0,True,7926;7956
AMGN,Long,295,2014-06-17T20:00:00Z,82.25445,2014-06-24T20:00:00Z,84.405263,634.49,9.8079,0.0,983.04,455.0,7.0,True,7848;7957
C,Short,693,2014-06-17T20:00:00Z,34.838072,2014-06-24T20:00:00Z,35.131445,-203.31,9.7181,-284.63,81.32,365.95,7.0,False,7824;7958
DOW,Short,400,2014-06-18T20:00:00Z,60.445777,2014-06-24T20:00:00Z,61.317591,-348.73,4.8654,-413.82,0.0,413.82,6.0,False,7870;7959
FDX,Short,299,2014-06-20T20:00:00Z,80.539661,2014-06-24T20:00:00Z,80.866526,-97.73,4.8762,-299.71,0.0,299.71,4.0,False,7924;7960
KO,Long,844,2014-06-20T20:00:00Z,28.617747,2014-06-24T20:00:00Z,28.364856,-213.44,9.6383,-213.44,0.0,213.44,4.0,False,7891;7961
LLY,Long,513,2014-06-13T20:00:00Z,47.321279,2014-06-24T20:00:00Z,49.846153,1295.26,9.9653,-8.25,1328.26,74.25,11.0,True,7803;7962
MDT,Long,512,2014-06-20T20:00:00Z,47.297746,2014-06-24T20:00:00Z,46.47524,-421.12,9.536,-421.12,0.0,421.12,4.0,False,7920;7963
NOV,Short,379,2014-06-17T20:00:00Z,63.594985,2014-06-24T20:00:00Z,65.79556,-834.02,4.9506,-908.71,0.0,908.71,7.0,False,7852;7964
SLB,Short,318,2014-06-13T20:00:00Z,76.449136,2014-06-24T20:00:00Z,77.982273,-487.54,9.8068,-498.93,138.97,637.9,11.0,False,7800;7965
SO,Short,914,2014-06-20T20:00:00Z,26.434821,2014-06-24T20:00:00Z,26.340495,86.21,9.5309,0.0,350.24,264.03,4.0,True,7925;7966
TXN,Long,701,2014-06-20T20:00:00Z,34.610638,2014-06-24T20:00:00Z,34.373775,-166.04,9.6253,-256.61,0.0,256.61,4.0,False,7923;7967
TJX,Long,1037,2014-06-24T20:00:00Z,23.183389,2014-06-24T20:00:00Z,23.183389,0.0,14.172,0.0,0.0,0.0,0.0,False,7955;7971
APA,Long,318,2014-06-24T20:00:00Z,75.772786,2014-06-25T20:00:00Z,73.784644,-632.23,9.3878,-632.23,0.0,632.23,1.0,False,7954;7973
BIIB,Short,76,2014-06-24T20:00:00Z,313.59,2014-06-25T20:00:00Z,313.09,38.0,9.5606,-88.92,38.0,88.92,1.0,True,7946;7974
CL,Short,472,2014-06-24T20:00:00Z,50.919133,2014-06-25T20:00:00Z,51.031852,-53.2,9.6412,-70.94,0.0,70.94,1.0,False,7949;7975
DHR,Short,552,2014-05-29T20:00:00Z,43.879961,2014-06-25T20:00:00Z,44.153176,-150.81,9.7367,-615.7,76.96,692.67,27.0,False,7571;7976
DUK,Long,545,2014-06-20T20:00:00Z,44.256846,2014-06-25T20:00:00Z,43.622621,-345.65,9.5703,-345.65,0.0,345.65,5.0,False,7899;7977
EPD,Long,1465,2014-06-20T20:00:00Z,16.41715,2014-06-25T20:00:00Z,16.763513,507.42,9.7984,0.0,722.59,215.17,5.0,True,7895;7978
F,Long,2667,2014-06-18T20:00:00Z,9.055329,2014-06-25T20:00:00Z,9.147124,244.82,9.8014,-144.01,619.25,374.43,7.0,True,7867;7979
GD,Short,262,2014-06-24T20:00:00Z,91.513917,2014-06-25T20:00:00Z,90.199951,344.26,9.4736,0.0,344.26,0.0,1.0,True,7969;7980
HD,Long,398,2014-06-24T20:00:00Z,60.182885,2014-06-25T20:00:00Z,60.167911,-5.96,9.593,-5.96,44.7,50.66,1.0,False,7943;7981
PSX,Long,426,2014-06-24T20:00:00Z,56.164255,2014-06-25T20:00:00Z,52.860091,-1407.57,9.2522,-1407.57,0.0,1407.57,1.0,False,7950;7982
MO,Long,1227,2014-06-24T20:00:00Z,19.507482,2014-06-25T20:00:00Z,19.342203,-202.8,9.5067,-259.13,0.0,259.13,1.0,False,7945;7983
UNH,Short,381,2014-06-17T20:00:00Z,63.512322,2014-06-25T20:00:00Z,66.316974,-1068.57,9.9719,-1379.2,0.0,1379.2,8.0,False,7826;7984
TMO,Short,209,2014-06-24T20:00:00Z,114.633772,2014-06-25T20:00:00Z,113.652269,205.13,4.7921,-2.01,205.13,2.01,1.0,True,7953;7985
PCLN,Short,511,2014-06-20T20:00:00Z,47.245487,2014-06-25T20:00:00Z,46.948136,151.95,9.7457,-245.79,151.95,333.84,5.0,True,7922;7990
EOG,Long,288,2014-06-24T20:00:00Z,83.368812,2014-06-25T20:00:00Z,80.622579,-790.92,9.6741,-790.92,0.0,790.92,1.0,False,7947;7992
BAX,Short,732,2014-06-24T20:00:00Z,32.769201,2014-06-25T20:00:00Z,32.76029,6.52,14.4458,-120.67,6.52,120.67,1.0,True,7970;7995
ADP,Long,401,2014-06-25T20:00:00Z,59.640577,2014-06-26T20:00:00Z,60.034344,157.9,9.6174,0.0,157.9,0.0,1.0,True,7997;7999
BA,Long,215,2014-06-25T20:00:00Z,111.530833,2014-06-26T20:00:00Z,110.173863,-291.75,9.4802,-291.75,0.0,291.75,1.0,False,7986;8000
BMY,Short,751,2014-06-20T20:00:00Z,31.947493,2014-06-26T20:00:00Z,33.361277,-1061.75,9.7953,-1061.75,0.0,1061.75,6.0,False,7894;8001
CAT,Long,307,2014-06-06T20:00:00Z,79.127613,2014-06-26T20:00:00Z,80.273854,351.9,9.8395,-79.46,544.87,603.9,20.0,True,7687;8002
DOW,Short,395,2014-06-25T20:00:00Z,60.841,2014-06-26T20:00:00Z,61.365583,-207.21,9.6514,-207.21,0.0,207.21,1.0,False,7991;8003
EOG,Short,298,2014-06-25T20:00:00Z,80.622579,2014-06-26T20:00:00Z,82.301623,-500.36,4.8942,-500.36,0.0,500.36,1.0,False,7992;8004
KFT,Short,849,2014-06-24T20:00:00Z,28.301891,2014-06-26T20:00:00Z,28.554204,-214.21,9.6801,-376.35,51.69,428.04,2.0,False,7948;8005
NKE,Long,763,2014-06-18T20:00:00Z,31.631936,2014-06-26T20:00:00Z,32.294098,505.23,9.8517,-6.44,598.55,212.39,8.0,True,7868;8006
PNC,Long,390,2014-06-24T20:00:00Z,61.469903,2014-06-26T20:00:00Z,61.104257,-142.6,9.5398,-142.6,0.0,142.6,2.0,False,7951;8007
HPQ,Long,2302,2014-06-20T20:00:00Z,10.483839,2014-06-26T20:00:00Z,10.2622,-510.21,14.3563,-656.99,0.0,656.99,6.0,False,7896;8016
EMR,Short,494,2014-06-25T20:00:00Z,48.507544,2014-06-26T20:00:00Z,48.464059,21.48,14.3361,0.0,71.61,50.12,1.0,True,7993;8020
AAPL,Long,1211,2014-06-24T20:00:00Z,19.853353,2014-06-30T20:00:00Z,20.161818,373.55,9.7076,-103.32,577.55,204.0,6.0,True,7968;8024
APA,Long,323,2014-06-26T20:00:00Z,73.911229,2014-06-30T20:00:00Z,74.417573,163.55,9.635,0.0,324.69,161.14,4.0,True,8023;8025
EBAY,Short,1333,2014-06-17T20:00:00Z,18.104919,2014-06-30T20:00:00Z,18.557728,-603.59,9.8079,-643.17,0.0,643.17,13.0,False,7829;8026
EMR,Long,492,2014-06-26T20:00:00Z,48.464059,2014-06-30T20:00:00Z,48.268377,-96.28,4.7325,-181.85,17.83,199.68,4.0,False,8020;8027
PCLN,Long,510,2014-06-25T20:00:00Z,46.948136,2014-06-30T20:00:00Z,47.091927,73.33,4.7946,0.0,322.23,292.93,5.0,True,7990;8028
SLB,Short,293,2014-06-26T20:00:00Z,82.33094,2014-06-30T20:00:00Z,84.243781,-560.46,9.8268,-636.03,0.0,636.03,4.0,False,8008;8029
TJX,Short,1037,2014-06-24T20:00:00Z,23.183389,2014-06-30T20:00:00Z,22.349972,864.25,4.6635,0.0,886.19,162.32,6.0,True,7971;8030
HPQ,Short,2347,2014-06-26T20:00:00Z,10.2622,2014-06-30T20:00:00Z,10.289525,-64.13,9.5529,-78.38,85.51,149.64,4.0,False,8016;8035
MS,Long,1023,2014-06-26T20:00:00Z,23.207568,2014-06-30T20:00:00Z,22.924637,-289.44,14.4341,-326.55,252.33,541.77,4.0,False,8015;8037
LOW,Short,641,2014-06-26T20:00:00Z,37.467693,2014-06-30T20:00:00Z,37.835572,-235.81,14.5953,-584.4,0.0,584.4,4.0,False,8021;8041
WMB,Short,813,2014-06-25T20:00:00Z,29.733211,2014-06-30T20:00:00Z,29.8565,-100.23,14.4605,-275.64,0.0,275.64,5.0,False,7996;8043
BAX,Long,734,2014-06-25T20:00:00Z,32.76029,2014-06-30T20:00:00Z,32.515245,-179.86,9.4769,-402.24,0.0,402.24,5.0,False,7995;8044
ACN,Long,370,2014-06-30T20:00:00Z,64.454752,2014-07-01T20:00:00Z,64.311696,-52.93,9.5328,-52.93,44.11,97.04,1.0,False,8040;8049
COF,Long,359,2014-06-24T20:00:00Z,66.889867,2014-07-01T20:00:00Z,66.657137,-83.55,9.5345,-293.87,0.0,293.87,7.0,False,7952;8052
EOG,Short,290,2014-06-30T20:00:00Z,82.586207,2014-07-01T20:00:00Z,83.774344,-344.56,9.6316,-344.56,0.0,344.56,1.0,False,8036;8054
QCOM,Long,430,2014-06-26T20:00:00Z,55.722326,2014-07-01T20:00:00Z,56.505643,336.83,9.7067,0.0,453.18,116.36,5.0,True,8009;8059
SBUX,Short,846,2014-05-29T20:00:00Z,28.737511,2014-07-01T20:00:00Z,30.430252,-1432.06,10.0006,-1524.66,89.3,1613.96,33.0,False,7570;8060
ADP,Long,397,2014-06-30T20:00:00Z,59.920757,2014-07-01T20:00:00Z,60.291807,147.31,9.599,0.0,372.78,225.47,1.0,True,8046;8069
CL,Short,468,2014-06-26T20:00:00Z,50.97925,2014-07-01T20:00:00Z,51.475215,-232.11,9.5926,-232.11,0.0,232.11,5.0,False,8018;8070
DIS,Short,325,2014-06-24T20:00:00Z,73.775513,2014-07-01T20:00:00Z,76.657648,-936.69,9.8106,-1099.09,0.0,1099.09,7.0,False,7942;8071
DUK,Long,537,2014-06-30T20:00:00Z,44.558858,2014-07-01T20:00:00Z,44.818588,139.48,9.5894,-45.41,139.48,45.41,1.0,True,8039;8072
F,Long,2577,2014-06-26T20:00:00Z,9.314515,2014-07-01T20:00:00Z,9.363113,125.24,9.5736,-69.58,125.24,97.41,5.0,True,8014;8073
ABBV,Long,729,2014-06-25T20:00:00Z,32.904053,2014-07-01T20:00:00Z,34.686971,1299.75,10.0296,0.0,1510.4,210.65,6.0,True,7987;8074
GM,Short,890,2014-06-05T20:00:00Z,27.616042,2014-07-01T20:00:00Z,27.31883,264.52,9.8677,-634.25,760.85,1395.11,26.0,True,7668;8075
KFT,Long,840,2014-06-30T20:00:00Z,28.485454,2014-07-01T20:00:00Z,28.768094,237.42,9.6866,0.0,372.17,134.75,1.0,True,8034;8076
MET,Short,1418,2014-06-26T20:00:00Z,16.805649,2014-07-01T20:00:00Z,16.775472,42.79,9.5741,-209.68,59.91,269.58,5.0,True,8017;8077
NOV,Long,367,2014-06-25T20:00:00Z,65.352161,2014-07-01T20:00:00Z,67.963291,958.28,9.8366,0.0,958.28,84.38,6.0,True,7998;8078
PRU,Long,451,2014-06-30T20:00:00Z,52.995174,2014-07-01T20:00:00Z,53.138098,64.46,9.6119,0.0,316.92,252.46,1.0,True,8042;8079
PX,Long,229,2014-06-17T20:00:00Z,105.637649,2014-07-01T20:00:00Z,107.979031,536.18,9.784,0.0,536.18,244.9,14.0,True,7850;8080
USB,Short,854,2014-06-18T20:00:00Z,28.277759,2014-07-01T20:00:00Z,28.669383,-334.45,9.7399,-403.42,0.0,403.42,13.0,False,7866;8081
HON,Long,351,2014-06-26T20:00:00Z,68.34299,2014-07-01T20:00:00Z,68.196786,-51.32,14.4839,-138.56,282.25,333.56,5.0,False,8013;8084
MS,Short,1045,2014-06-30T20:00:00Z,22.924637,2014-07-01T20:00:00Z,23.512262,-614.07,9.6789,-614.07,0.0,614.07,1.0,False,8037;8087
HPQ,Long,2324,2014-06-30T20:00:00Z,10.289525,2014-07-01T20:00:00Z,10.289525,0.0,9.676,0.0,204.62,204.62,1.0,False,8035;8088
EBAY,Long,1287,2014-07-01T20:00:00Z,18.602266,2014-07-01T20:00:00Z,18.602266,0.0,14.4736,0.0,0.0,0.0,0.0,False,8063;8089
WMB,Long,795,2014-06-30T20:00:00Z,29.8565,2014-07-01T20:00:00Z,29.923281,53.09,9.5887,0.0,175.61,122.52,1.0,True,8043;8092
FCX,Short,765,2014-06-30T20:00:00Z,31.195829,2014-07-01T20:00:00Z,32.028181,-636.75,14.5548,-636.75,0.0,636.75,1.0,False,8047;8095
SPY,Short,411,2014-06-20T20:00:00Z,159.812402,2014-07-01T20:00:00Z,159.98363,-70.37,28.7933,-355.22,432.3,787.52,11.0,False,7926;8097
SPY,Short,141,2014-06-24T20:00:00Z,159.421025,2014-07-01T20:00:00Z,159.98363,-79.33,4.477,-177.05,93.12,185.1,7.0,False,7972;8097
SPY,Short,344,2014-06-30T20:00:00Z,159.575945,2014-07-01T20:00:00Z,159.98363,-140.24,21.863,-378.66,280.49,378.66,1.0,False,8048;8097
AIG,Short,584,2014-06-18T20:00:00Z,41.394116,2014-07-02T20:00:00Z,41.281632,65.69,9.7082,-227.73,271.52,350.35,14.0,True,7865;8098
AMZN,Short,1477,2014-06-30T20:00:00Z,16.21088,2014-07-02T20:00:00Z,16.62341,-609.31,9.6904,-609.31,0.0,609.31,2.0,False,8031;8099
APA,Long,319,2014-07-01T20:00:00Z,75.199426,2014-07-02T20:00:00Z,74.454804,-237.53,9.5185,-270.79,0.0,270.79,1.0,False,8068;8100
BAX,Short,737,2014-06-30T20:00:00Z,32.515245,2014-07-02T20:00:00Z,32.929594,-305.38,4.9247,-660.0,0.0,660.0,2.0,False,8044;8101
BLK,Long,102,2014-06-30T20:00:00Z,234.556817,2014-07-02T20:00:00Z,238.203391,371.95,9.6793,0.0,397.6,38.48,2.0,True,8038;8102
EOG,Long,287,2014-07-01T20:00:00Z,83.774344,2014-07-02T20:00:00Z,83.176718,-171.52,9.5062,-310.37,0.0,310.37,1.0,False,8086;8103
KMI,Short,1236,2014-07-01T20:00:00Z,19.361788,2014-07-02T20:00:00Z,19.255112,131.85,9.467,0.0,362.59,230.74,1.0,True,8096;8104
HON,Short,351,2014-07-01T20:00:00Z,68.196786,2014-07-02T20:00:00Z,68.788912,-207.84,4.8382,-254.02,0.0,254.02,1.0,False,8084;8105
IBM,Long,228,2014-06-13T20:00:00Z,106.654899,2014-07-02T20:00:00Z,109.238661,589.1,9.9105,-223.08,848.25,431.47,19.0,True,7799;8106
LVS,Short,474,2014-06-11T20:00:00Z,51.309582,2014-07-02T20:00:00Z,54.76122,-1636.08,10.0767,-1662.8,189.12,1851.93,21.0,False,7736;8107
OXY,Short,353,2014-06-25T20:00:00Z,67.980376,2014-07-02T20:00:00Z,68.824437,-297.95,9.6887,-312.14,0.0,312.14,7.0,False,7988;8108
PNC,Long,389,2014-07-01T20:00:00Z,61.704468,2014-07-02T20:00:00Z,61.552691,-59.04,9.5706,-131.5,0.0,131.5,1.0,False,8066;8109
PCLN,Short,508,2014-07-01T20:00:00Z,47.579957,2014-07-02T20:00:00Z,48.886188,-663.57,14.5939,-663.57,0.0,663.57,1.0,False,8064;8115
HPQ,Short,2338,2014-07-01T20:00:00Z,10.289525,2014-07-02T20:00:00Z,10.365429,-177.46,9.5397,-177.46,7.1,184.56,1.0,False,8088;8116
MS,Long,1019,2014-07-01T20:00:00Z,23.512262,2014-07-02T20:00:00Z,23.446971,-66.53,9.5978,-66.53,59.14,125.67,1.0,False,8087;8117
AMGN,Long,285,2014-07-01T20:00:00Z,84.567989,2014-07-07T20:00:00Z,86.209399,467.8,9.6976,0.0,641.21,514.18,6.0,True,8062;8128
LMT,Long,207,2014-07-01T20:00:00Z,115.000695,2014-07-07T20:00:00Z,114.433021,-117.51,9.4881,-258.82,0.0,258.82,6.0,False,8065;8129
T,Long,1823,2014-06-24T20:00:00Z,13.204632,2014-07-07T20:00:00Z,13.376169,312.71,9.6954,-101.97,414.68,101.97,13.0,True,7941;8131
UNH,Short,356,2014-06-26T20:00:00Z,67.246422,2014-07-07T20:00:00Z,67.61331,-130.61,9.5498,-252.52,211.88,464.4,11.0,False,8012;8132
V,Long,501,2014-06-20T20:00:00Z,48.425049,2014-07-07T20:00:00Z,49.497655,537.38,14.5557,-452.59,572.89,452.59,17.0,True,7892;8135
SO,Short,900,2014-06-30T20:00:00Z,26.635264,2014-07-07T20:00:00Z,25.916029,647.31,14.3131,0.0,647.31,106.12,7.0,True,8045;8145
FCX,Long,755,2014-07-01T20:00:00Z,32.028181,2014-07-07T20:00:00Z,33.372081,1014.64,9.8665,0.0,1139.02,124.38,6.0,True,8095;8146
GD,Short,265,2014-07-01T20:00:00Z,89.493459,2014-07-07T20:00:00Z,90.270514,-205.92,14.3299,-205.92,0.0,205.92,6.0,False,8094;8147
ABT,Short,774,2014-06-13T20:00:00Z,31.326666,2014-07-07T20:00:00Z,32.831165,-1164.48,9.9133,-1292.51,0.0,1292.51,24.0,False,7809;8149
ADP,Long,392,2014-07-02T20:00:00Z,60.655284,2014-07-07T20:00:00Z,60.715864,23.75,9.5381,0.0,145.45,121.7,5.0,True,8123;8150
BMY,Long,734,2014-07-02T20:00:00Z,32.186351,2014-07-07T20:00:00Z,32.739891,406.3,9.5371,0.0,406.3,213.06,5.0,True,8113;8151
CAT,Short,297,2014-07-01T20:00:00Z,80.665794,2014-07-07T20:00:00Z,81.501441,-248.19,9.6345,-439.27,0.0,439.27,6.0,False,8085;8152
EBAY,Short,1287,2014-07-01T20:00:00Z,18.602266,2014-07-07T20:00:00Z,18.906613,-391.69,4.8475,-391.69,0.0,391.69,6.0,False,8089;8153
GS,Short,181,2014-07-02T20:00:00Z,131.559277,2014-07-07T20:00:00Z,133.111203,-280.9,9.544,-350.77,0.0,350.77,5.0,False,8114;8154
HPQ,Long,2299,2014-07-02T20:00:00Z,10.365429,2014-07-07T20:00:00Z,10.289525,-174.5,4.7283,-188.46,0.0,188.46,5.0,False,8116;8155
KO,Long,825,2014-07-02T20:00:00Z,28.904813,2014-07-07T20:00:00Z,28.686096,-180.44,9.5205,-180.44,0.0,180.44,5.0,False,8110;8156
MS,Short,1017,2014-07-02T20:00:00Z,23.446971,2014-07-07T20:00:00Z,23.613827,-169.69,4.7794,-221.34,0.0,221.34,5.0,False,8117;8157
TJX,Short,1054,2014-07-02T20:00:00Z,22.599574,2014-07-07T20:00:00Z,22.751874,-160.52,9.553,-169.44,4.46,169.44,5.0,False,8124;8158
UTX,Long,517,2014-06-17T20:00:00Z,46.671194,2014-07-07T20:00:00Z,46.366389,-157.58,9.6255,-263.33,335.9,599.23,20.0,False,7825;8159
TMO,Long,208,2014-06-26T20:00:00Z,114.816601,2014-07-07T20:00:00Z,115.230372,86.06,9.5684,-264.2,148.11,264.2,11.0,True,8019;8160
BK,Long,856,2014-07-01T20:00:00Z,28.261707,2014-07-07T20:00:00Z,27.941314,-274.26,14.4016,-274.26,0.0,274.26,6.0,False,8067;8167
NEE,Short,1329,2014-06-20T20:00:00Z,18.20107,2014-07-07T20:00:00Z,17.78815,548.77,14.3516,-476.56,548.77,685.96,17.0,True,7903;8168
CL,Short,463,2014-07-02T20:00:00Z,51.370011,2014-07-08T20:00:00Z,51.542847,-80.02,9.6007,-396.64,0.0,396.64,6.0,False,8118;8172
COF,Long,358,2014-07-02T20:00:00Z,66.873817,2014-07-08T20:00:00Z,66.841716,-11.49,9.5861,-28.73,462.56,491.29,6.0,False,8121;8173
EOG,Short,288,2014-07-07T20:00:00Z,82.785416,2014-07-08T20:00:00Z,82.081071,202.85,9.4955,0.0,202.85,0.0,1.0,True,8165;8174
WMB,Short,799,2014-07-01T20:00:00Z,29.923281,2014-07-08T20:00:00Z,29.722937,160.08,4.7317,-41.04,250.37,90.3,7.0,True,8092;8175
F,Short,2559,2014-07-07T20:00:00Z,9.292916,2014-07-08T20:00:00Z,9.298316,-13.82,9.515,-13.82,138.18,152.0,1.0,False,8163;8176
FCX,Short,716,2014-07-07T20:00:00Z,33.372081,2014-07-08T20:00:00Z,33.363411,6.21,4.8112,-161.41,6.21,161.41,1.0,True,8146;8177
FDX,Short,294,2014-06-25T20:00:00Z,81.226078,2014-07-08T20:00:00Z,82.46272,-363.57,9.6928,-706.32,0.0,706.32,13.0,False,7994;8178
MDT,Long,515,2014-06-25T20:00:00Z,46.810066,2014-07-08T20:00:00Z,46.954609,74.44,9.6066,-206.17,183.67,341.12,13.0,True,7989;8179
PCLN,Long,489,2014-07-02T20:00:00Z,48.886188,2014-07-08T20:00:00Z,48.524757,-176.74,4.6821,-494.87,24.27,519.14,6.0,False,8115;8180
PM,Long,503,2014-07-01T20:00:00Z,47.491125,2014-07-08T20:00:00Z,48.532721,523.92,9.6572,0.0,549.41,25.49,7.0,True,8082;8181
QCOM,Long,420,2014-07-02T20:00:00Z,56.833212,2014-07-08T20:00:00Z,57.417139,245.25,9.6198,0.0,352.92,107.67,6.0,True,8112;8182
SO,Long,922,2014-07-07T20:00:00Z,25.916029,2014-07-08T20:00:00Z,26.086995,157.63,4.842,0.0,315.26,157.63,1.0,True,8145;8183
UNH,Long,352,2014-07-07T20:00:00Z,67.61331,2014-07-08T20:00:00Z,66.871382,-261.16,9.4218,-286.99,0.0,286.99,1.0,False,8161;8184
USB,Short,832,2014-07-07T20:00:00Z,28.722169,2014-07-08T20:00:00Z,28.511025,175.67,9.5159,0.0,186.65,10.98,1.0,True,8138;8185
V,Short,483,2014-07-07T20:00:00Z,49.497655,2014-07-08T20:00:00Z,49.570839,-35.35,4.7556,-35.35,129.24,164.59,1.0,False,8135;8186
WFC,Short,637,2014-06-24T20:00:00Z,37.594966,2014-07-08T20:00:00Z,37.338443,163.41,9.5084,-108.94,231.49,285.96,14.0,True,7940;8187
GILD,Long,398,2014-07-07T20:00:00Z,59.839294,2014-07-08T20:00:00Z,59.266016,-228.16,14.2508,-228.16,0.0,228.16,1.0,False,8134;8189
NEE,Long,1345,2014-07-07T20:00:00Z,17.78815,2014-07-08T20:00:00Z,17.795394,9.74,9.622,0.0,165.64,155.9,1.0,True,8168;8195
BK,Short,846,2014-07-07T20:00:00Z,27.941314,2014-07-08T20:00:00Z,28.030726,-75.64,9.5086,-75.64,0.0,75.64,1.0,False,8167;8196
TGT,Short,581,2014-07-07T20:00:00Z,41.106934,2014-07-08T20:00:00Z,41.369687,-152.66,14.3882,-152.66,0.0,152.66,1.0,False,8170;8197
APA,Long,321,2014-07-07T20:00:00Z,74.544158,2014-07-08T20:00:00Z,73.591042,-305.95,14.1932,-392.0,0.0,392.0,1.0,False,8148;8198
SPY,Short,341,2014-06-30T20:00:00Z,159.575945,2014-07-08T20:00:00Z,160.725616,-392.04,18.9808,-706.22,278.04,706.22,8.0,False,8048;8199
SPY,Short,252,2014-07-02T20:00:00Z,160.652233,2014-07-08T20:00:00Z,160.725616,-18.49,24.8608,-250.68,476.7,250.68,6.0,False,8125;8199
APA,Short,324,2014-07-08T20:00:00Z,73.591042,2014-07-09T20:00:00Z,73.419779,55.49,4.8078,-195.42,55.49,195.42,1.0,True,8198;8200
CAT,Short,293,2014-07-08T20:00:00Z,81.501441,2014-07-09T20:00:00Z,81.190847,91.0,9.5164,0.0,91.0,0.0,1.0,True,8191;8201
DOW,Short,397,2014-07-01T20:00:00Z,60.323703,2014-07-09T20:00:00Z,59.773496,218.43,9.5497,-241.67,246.32,246.32,8.0,True,8090;8202
EMR,Long,488,2014-07-08T20:00:00Z,48.833682,2014-07-09T20:00:00Z,49.203305,180.38,9.5868,0.0,180.38,0.0,1.0,True,8194;8203
ABBV,Long,668,2014-07-07T20:00:00Z,35.621466,2014-07-09T20:00:00Z,34.195132,-952.79,9.233,-1203.31,0.0,1203.31,2.0,False,8137;8204
GD,Long,265,2014-07-07T20:00:00Z,90.270514,2014-07-09T20:00:00Z,89.36136,-240.93,4.7617,-282.11,0.0,282.11,2.0,False,8147;8205
GILD,Short,402,2014-07-08T20:00:00Z,59.266016,2014-07-09T20:00:00Z,59.54583,-112.49,4.866,-504.81,0.0,504.81,1.0,False,8189;8206
HPQ,Short,2326,2014-07-08T20:00:00Z,10.286489,2014-07-09T20:00:00Z,10.177188,254.24,9.4844,0.0,254.24,0.0,1.0,True,8192;8207
INTC,Short,1022,2014-07-01T20:00:00Z,23.399751,2014-07-09T20:00:00Z,23.399751,0.0,9.5767,-185.74,85.13,185.74,8.0,False,8061;8208
MCK,Short,139,2014-06-26T20:00:00Z,171.649676,2014-07-09T20:00:00Z,172.43706,-109.45,9.6158,-323.25,161.62,484.87,13.0,False,8022;8209
NEE,Short,1341,2014-07-08T20:00:00Z,17.795394,2014-07-09T20:00:00Z,17.887758,-123.86,4.8004,-138.43,0.0,138.43,1.0,False,8195;8210
PRU,Short,439,2014-07-07T20:00:00Z,54.138569,2014-07-09T20:00:00Z,53.578781,245.75,9.4168,0.0,399.99,154.25,2.0,True,8169;8211
TXN,Long,697,2014-07-01T20:00:00Z,34.474263,2014-07-09T20:00:00Z,35.170495,485.27,9.7815,0.0,620.35,135.08,8.0,True,8091;8212
UNP,Long,314,2014-06-30T20:00:00Z,76.05118,2014-07-09T20:00:00Z,76.691932,201.2,9.598,0.0,308.98,215.57,9.0,True,8032;8213
MET,Long,1386,2014-07-07T20:00:00Z,17.179846,2014-07-09T20:00:00Z,17.001801,-246.77,14.276,-393.16,0.0,393.16,2.0,False,8164;8224
CVX,Short,309,2014-07-09T20:00:00Z,77.559288,2014-07-11T20:00:00Z,76.957268,186.02,9.5723,-23.94,303.9,117.88,2.0,True,8214;8235
LVS,Short,435,2014-07-07T20:00:00Z,54.711885,2014-07-11T20:00:00Z,52.92175,778.71,9.2912,0.0,928.93,248.33,4.0,True,8141;8239
MA,Long,350,2014-06-30T20:00:00Z,68.04683,2014-07-11T20:00:00Z,70.284493,783.18,9.717,0.0,1138.14,377.75,11.0,True,8033;8240
MDT,Long,515,2014-07-09T20:00:00Z,46.808333,2014-07-11T20:00:00Z,46.325622,-248.6,9.5958,-248.6,0.0,248.6,2.0,False,8223;8241
TGT,Long,576,2014-07-08T20:00:00Z,41.369687,2014-07-11T20:00:00Z,41.459576,51.78,4.7793,0.0,87.62,47.79,3.0,True,8197;8243
ADP,Long,393,2014-07-09T20:00:00Z,61.018762,2014-07-11T20:00:00Z,60.784016,-92.26,9.557,-133.92,0.0,133.92,2.0,False,8230;8259
BMY,Long,738,2014-07-08T20:00:00Z,32.253856,2014-07-11T20:00:00Z,32.739891,358.69,9.613,0.0,418.48,59.78,3.0,True,8190;8260
FB,Long,385,2014-07-09T20:00:00Z,62.788632,2014-07-11T20:00:00Z,64.621081,705.49,10.015,0.0,1124.98,419.48,2.0,True,8216;8261
COST,Long,257,2014-07-07T20:00:00Z,92.825419,2014-07-11T20:00:00Z,94.619517,461.08,9.6256,0.0,461.08,14.4,4.0,True,8143;8262
WMB,Short,809,2014-07-09T20:00:00Z,29.799992,2014-07-11T20:00:00Z,29.692114,87.27,9.6474,-83.12,87.27,157.92,2.0,True,8227;8263
F,Short,2595,2014-07-09T20:00:00Z,9.255118,2014-07-11T20:00:00Z,9.341514,-224.2,9.7806,-462.4,0.0,462.4,2.0,False,8221;8264
GS,Long,184,2014-07-09T20:00:00Z,130.172784,2014-07-11T20:00:00Z,128.423912,-321.79,9.5514,-321.79,0.0,321.79,2.0,False,8220;8265
HAL,Short,486,2014-05-22T20:00:00Z,50.014495,2014-07-11T20:00:00Z,54.939191,-2393.4,5.3208,-3075.95,0.0,3075.95,50.0,False,7508;8266
MET,Short,1419,2014-07-09T20:00:00Z,17.001801,2014-07-11T20:00:00Z,16.697012,432.5,4.7737,0.0,432.5,124.18,2.0,True,8224;8267
PNC,Long,385,2014-07-07T20:00:00Z,61.863145,2014-07-11T20:00:00Z,60.248323,-621.71,9.3963,-621.71,0.0,621.71,4.0,False,8166;8268
TJX,Short,1052,2014-07-09T20:00:00Z,22.819562,2014-07-11T20:00:00Z,22.679954,146.87,9.6158,0.0,173.57,26.7,2.0,True,8231;8269
APA,Short,323,2014-07-11T20:00:00Z,73.576149,2014-07-15T20:00:00Z,72.965559,197.22,9.3973,0.0,204.44,7.22,4.0,True,8257;8277
BIIB,Short,72,2014-07-07T20:00:00Z,329.4,2014-07-15T20:00:00Z,320.76,622.08,9.1826,0.0,1252.8,630.72,8.0,True,8162;8278
ABBV,Long,697,2014-07-11T20:00:00Z,34.28106,2014-07-15T20:00:00Z,33.853631,-297.92,9.3607,-820.35,0.0,820.35,4.0,False,8247;8282
NEE,Short,1329,2014-07-11T20:00:00Z,17.99461,2014-07-15T20:00:00Z,17.670432,430.83,9.4971,0.0,466.94,216.62,4.0,True,8254;8284
PCLN,Long,500,2014-07-09T20:00:00Z,48.119173,2014-07-15T20:00:00Z,48.107451,-5.86,9.6409,-323.92,0.0,323.92,6.0,False,8222;8285
PX,Long,221,2014-07-02T20:00:00Z,107.363304,2014-07-15T20:00:00Z,107.825099,102.06,9.5034,-166.51,139.66,306.17,13.0,True,8122;8286
TMO,Long,211,2014-07-09T20:00:00Z,113.565666,2014-07-15T20:00:00Z,113.54642,-4.06,9.5768,-176.64,50.76,176.64,6.0,False,8226;8289
SPY,Short,521,2014-07-02T20:00:00Z,160.652233,2014-07-15T20:00:00Z,161.222991,-297.37,26.5024,-518.27,985.55,632.96,13.0,False,8125;8305
SPY,Short,299,2014-07-07T20:00:00Z,161.312682,2014-07-15T20:00:00Z,161.222991,26.82,9.6304,-99.96,763.08,363.26,8.0,True,8171;8305
SPY,Short,4,2014-07-09T20:00:00Z,160.423929,2014-07-15T20:00:00Z,161.222991,-3.2,18.2906,-4.89,6.65,4.86,6.0,False,8232;8305
AAPL,Short,1139,2014-07-08T20:00:00Z,21.045648,2014-07-15T20:00:00Z,21.176909,-149.51,9.5007,-149.51,289.05,438.55,7.0,False,8188;8306
ABT,Short,731,2014-07-08T20:00:00Z,32.555472,2014-07-15T20:00:00Z,33.007246,-330.25,9.494,-411.29,51.82,463.12,7.0,False,8193;8307
BK,Long,851,2014-07-08T20:00:00Z,28.030726,2014-07-15T20:00:00Z,28.42563,336.06,4.8495,-6.34,393.13,69.75,7.0,True,8196;8308
BLK,Long,102,2014-07-11T20:00:00Z,233.80975,2014-07-15T20:00:00Z,238.920871,521.33,9.6805,0.0,576.41,55.08,4.0,True,8273;8309
COP,Long,417,2014-07-07T20:00:00Z,56.990043,2014-07-15T20:00:00Z,56.850622,-58.14,9.4578,-312.84,55.37,368.21,8.0,False,8136;8310
CVS,Long,444,2014-06-24T20:00:00Z,53.689215,2014-07-15T20:00:00Z,54.832596,507.66,9.6424,-72.52,570.72,110.36,21.0,True,7944;8311
DOW,Short,399,2014-07-11T20:00:00Z,59.937388,2014-07-15T20:00:00Z,60.745137,-322.29,9.6351,-322.29,0.0,322.29,4.0,False,8252;8312
EOG,Long,292,2014-07-11T20:00:00Z,82.230477,2014-07-15T20:00:00Z,81.842223,-113.37,9.4409,-417.01,22.85,439.86,4.0,False,8251;8313
FDX,Short,292,2014-07-11T20:00:00Z,81.798093,2014-07-15T20:00:00Z,81.487571,90.67,9.6253,-278.38,90.67,278.38,4.0,True,8274;8314
GD,Long,266,2014-07-11T20:00:00Z,89.881987,2014-07-15T20:00:00Z,90.829994,252.17,9.6883,0.0,380.32,128.15,4.0,True,8255;8315
LOW,Long,630,2014-06-30T20:00:00Z,37.835572,2014-07-15T20:00:00Z,37.81158,-15.12,4.7874,-55.42,463.53,518.95,15.0,False,8041;8316
SBUX,Short,776,2014-07-11T20:00:00Z,30.868097,2014-07-15T20:00:00Z,30.746908,94.04,9.5554,0.0,121.35,100.11,4.0,True,8272;8317
SO,Short,913,2014-07-09T20:00:00Z,26.269751,2014-07-15T20:00:00Z,26.045727,204.53,9.5733,-43.06,204.53,156.09,6.0,True,8229;8318
UNH,Long,357,2014-07-11T20:00:00Z,66.789851,2014-07-15T20:00:00Z,68.559065,631.61,9.7082,0.0,684.0,107.69,4.0,True,8248;8319
V,Short,487,2014-07-09T20:00:00Z,49.26438,2014-07-15T20:00:00Z,50.604565,-652.67,9.7553,-709.47,0.0,709.47,6.0,False,8218;8320
WMT,Short,1170,2014-07-11T20:00:00Z,20.385386,2014-07-15T20:00:00Z,20.350888,40.36,9.5422,-9.31,83.83,93.14,4.0,True,8244;8321
GS,Short,181,2014-07-15T20:00:00Z,133.536605,2014-07-15T20:00:00Z,133.536605,0.0,14.473,0.0,0.0,0.0,0.0,False,8296;8324
EPD,Long,1410,2014-07-11T20:00:00Z,16.941078,2014-07-15T20:00:00Z,17.015612,105.09,14.3492,0.0,105.09,55.64,4.0,True,8249;8325
ADP,Long,392,2014-07-15T20:00:00Z,60.844596,2014-07-16T20:00:00Z,61.071769,89.05,9.5487,0.0,89.05,0.0,1.0,True,8302;8330
AMGN,Long,282,2014-07-09T20:00:00Z,85.020792,2014-07-16T20:00:00Z,83.379382,-462.88,9.4682,-660.4,0.0,660.4,7.0,False,8219;8331
EBAY,Long,1258,2014-07-15T20:00:00Z,19.088479,2014-07-16T20:00:00Z,18.99569,-116.73,9.4793,-340.85,0.0,340.85,1.0,False,8298;8332
FCX,Short,713,2014-07-09T20:00:00Z,33.805597,2014-07-16T20:00:00Z,33.782404,16.54,9.6667,-95.64,240.89,336.53,7.0,True,8228;8333
GM,Short,842,2014-07-02T20:00:00Z,28.29854,2014-07-16T20:00:00Z,28.486946,-158.64,9.5462,-266.51,69.8,336.31,14.0,False,8119;8334
GS,Long,181,2014-07-15T20:00:00Z,133.536605,2014-07-16T20:00:00Z,133.33966,-35.65,4.8614,-35.65,136.88,172.53,1.0,False,8324;8335
JPM,Long,590,2014-07-09T20:00:00Z,40.671163,2014-07-16T20:00:00Z,42.570121,1120.39,9.8499,-145.95,1206.24,145.95,7.0,True,8215;8336
LMT,Long,212,2014-07-09T20:00:00Z,113.621032,2014-07-16T20:00:00Z,117.185162,755.6,9.7338,0.0,755.6,163.0,7.0,True,8225;8337
LVS,Short,452,2014-07-15T20:00:00Z,53.161374,2014-07-16T20:00:00Z,52.724412,197.51,9.4714,0.0,315.37,117.87,1.0,True,8300;8338
MDT,Long,510,2014-07-15T20:00:00Z,46.779078,2014-07-16T20:00:00Z,46.530408,-126.82,9.4363,-384.19,0.0,384.19,1.0,False,8299;8339
QCOM,Short,422,2014-07-15T20:00:00Z,56.534127,2014-07-16T20:00:00Z,56.769122,-99.17,9.5598,-99.17,0.0,99.17,1.0,False,8293;8340
SLB,Short,282,2014-07-02T20:00:00Z,84.523184,2014-07-16T20:00:00Z,82.388254,602.05,9.4393,0.0,711.15,286.88,14.0,True,8111;8341
TGT,Long,574,2014-07-15T20:00:00Z,41.722328,2014-07-16T20:00:00Z,41.99891,158.76,9.5929,-79.38,158.76,79.38,1.0,True,8303;8342
ABT,Long,734,2014-07-16T20:00:00Z,32.785509,2014-07-17T20:00:00Z,32.484579,-220.88,9.6433,-220.88,290.63,511.52,1.0,False,8353;8358
AIG,Long,580,2014-07-16T20:00:00Z,41.514099,2014-07-17T20:00:00Z,41.176647,-195.72,9.546,-287.06,0.0,287.06,1.0,False,8349;8359
BIIB,Long,74,2014-07-15T20:00:00Z,320.76,2014-07-17T20:00:00Z,301.83,-1400.82,9.0471,-1588.78,0.0,1588.78,2.0,False,8323;8360
BMY,Short,721,2014-07-15T20:00:00Z,33.097667,2014-07-17T20:00:00Z,32.712889,277.43,9.4548,0.0,296.89,19.47,2.0,True,8322;8361
CSCO,Short,1338,2014-07-16T20:00:00Z,17.953884,2014-07-17T20:00:00Z,18.009663,-74.63,9.6294,-74.63,111.95,186.58,1.0,False,8346;8362
CVS,Long,435,2014-07-16T20:00:00Z,55.17348,2014-07-17T20:00:00Z,54.587171,-255.04,9.4786,-403.86,0.0,403.86,1.0,False,8347;8363
EMR,Long,491,2014-07-11T20:00:00Z,49.007622,2014-07-17T20:00:00Z,48.949642,-28.47,9.5425,-227.75,131.67,359.41,6.0,False,8253;8364
WMB,Short,806,2014-07-16T20:00:00Z,29.877048,2014-07-17T20:00:00Z,29.892459,-12.42,9.605,-12.42,231.87,244.29,1.0,False,8355;8365
F,Short,2522,2014-07-15T20:00:00Z,9.476507,2014-07-17T20:00:00Z,9.530504,-136.18,9.6116,-340.45,0.0,340.45,2.0,False,8297;8366
HAL,Short,431,2014-07-15T20:00:00Z,55.216902,2014-07-17T20:00:00Z,57.033926,-783.14,9.6172,-783.14,0.0,783.14,2.0,False,8326;8367
INTC,Short,1002,2014-07-15T20:00:00Z,23.929843,2014-07-17T20:00:00Z,25.891181,-1965.26,9.9265,-2314.3,0.0,2314.3,2.0,False,8292;8368
PCLN,Long,498,2014-07-16T20:00:00Z,48.513817,2014-07-17T20:00:00Z,47.611997,-449.11,9.4375,-782.82,0.0,782.82,1.0,False,8351;8369
TJX,Short,1056,2014-07-15T20:00:00Z,22.540346,2014-07-17T20:00:00Z,22.129984,433.34,9.4862,0.0,469.08,35.74,2.0,True,8304;8370
EPD,Short,1405,2014-07-15T20:00:00Z,17.015612,2014-07-17T20:00:00Z,17.057263,-58.52,9.5312,-58.52,0.0,58.52,2.0,False,8325;8378
AMGN,Long,285,2014-07-17T20:00:00Z,82.586977,2014-07-18T20:00:00Z,82.148324,-125.02,9.429,-125.02,340.77,465.79,1.0,False,8375;8390
AMZN,Short,1484,2014-07-09T20:00:00Z,16.205892,2014-07-18T20:00:00Z,17.678429,-2185.25,10.1953,-2500.6,0.0,2500.6,9.0,False,8217;8391
DUK,Long,555,2014-07-07T20:00:00Z,43.036717,2014-07-18T20:00:00Z,43.85215,452.57,9.701,0.0,623.53,291.65,11.0,True,8142;8392
EBAY,Long,1264,2014-07-17T20:00:00Z,18.940017,2014-07-18T20:00:00Z,18.902901,-46.91,9.6183,-46.91,211.11,258.03,1.0,False,8382;8393
EOG,Long,285,2014-07-17T20:00:00Z,83.758119,2014-07-18T20:00:00Z,82.298049,-416.12,9.4019,-416.12,0.0,416.12,1.0,False,8381;8394
ABBV,Long,723,2014-07-16T20:00:00Z,33.04833,2014-07-18T20:00:00Z,32.831518,-156.76,9.7242,-156.76,698.68,855.43,2.0,False,8348;8395
GILD,Short,400,2014-07-17T20:00:00Z,59.102222,2014-07-18T20:00:00Z,58.535769,226.58,9.5159,-715.23,226.58,715.23,1.0,True,8372;8396
GM,Short,842,2014-07-17T20:00:00Z,28.11767,2014-07-18T20:00:00Z,28.049844,57.11,9.4561,-63.46,57.11,63.46,1.0,True,8383;8397
HON,Long,341,2014-07-16T20:00:00Z,70.506807,2014-07-18T20:00:00Z,70.397154,-37.39,9.6326,-319.08,92.23,319.08,2.0,False,8350;8398
LOW,Long,624,2014-07-17T20:00:00Z,37.915545,2014-07-18T20:00:00Z,37.947535,19.96,9.4937,0.0,199.61,179.65,1.0,True,8386;8399
MO,Short,1200,2014-07-15T20:00:00Z,19.741627,2014-07-18T20:00:00Z,19.186107,666.62,9.2479,0.0,782.32,325.05,3.0,True,8295;8400
MRK,Short,625,2014-07-17T20:00:00Z,37.839533,2014-07-18T20:00:00Z,37.904977,-40.9,9.4844,-212.69,0.0,212.69,1.0,False,8371;8401
MSFT,Short,674,2014-07-16T20:00:00Z,35.551156,2014-07-18T20:00:00Z,37.349627,-1212.17,10.012,-1246.0,0.0,1246.0,2.0,False,8343;8402
OXY,Long,349,2014-07-17T20:00:00Z,68.248332,2014-07-18T20:00:00Z,67.009037,-432.51,9.3928,-432.51,0.0,432.51,1.0,False,8377;8403
PG,Long,416,2014-07-16T20:00:00Z,57.771467,2014-07-18T20:00:00Z,57.528669,-101.0,9.5948,-145.56,0.0,145.56,2.0,False,8344;8404
TGT,Short,572,2014-07-17T20:00:00Z,41.480319,2014-07-18T20:00:00Z,41.39043,51.42,9.4701,-7.91,51.42,7.91,1.0,True,8388;8405
BLK,Long,101,2014-07-18T20:00:00Z,235.296487,2014-07-21T20:00:00Z,235.266901,-2.99,9.5547,-2.99,38.1,41.09,3.0,False,8421;8427
KMI,Short,1210,2014-07-18T20:00:00Z,19.724489,2014-07-21T20:00:00Z,20.028517,-367.87,9.7015,-406.6,0.0,406.6,3.0,False,8425;8428
GS,Long,177,2014-07-18T20:00:00Z,134.182584,2014-07-21T20:00:00Z,134.119562,-11.15,9.5707,-11.15,193.82,204.97,3.0,False,8415;8429
JPM,Long,564,2014-07-18T20:00:00Z,42.439158,2014-07-21T20:00:00Z,42.264541,-98.48,9.5587,-98.48,0.0,98.48,3.0,False,8406;8430
KFT,Long,825,2014-07-07T20:00:00Z,29.0049,2014-07-21T20:00:00Z,29.356289,289.9,9.6069,0.0,371.82,359.22,14.0,True,8139;8431
LVS,Short,459,2014-07-18T20:00:00Z,51.787058,2014-07-21T20:00:00Z,50.976564,372.02,9.3845,0.0,410.84,38.82,3.0,True,8420;8432
MS,Long,1014,2014-07-18T20:00:00Z,23.512262,2014-07-21T20:00:00Z,23.577554,66.21,9.591,0.0,102.99,36.78,3.0,True,8417;8433
PM,Long,499,2014-07-18T20:00:00Z,47.862721,2014-07-21T20:00:00Z,47.997847,67.43,9.6416,0.0,157.33,89.9,3.0,True,8409;8434
PX,Long,222,2014-07-16T20:00:00Z,107.833201,2014-07-21T20:00:00Z,107.209373,-138.49,9.5335,-291.37,0.0,291.37,5.0,False,8356;8435
QCOM,Short,427,2014-07-18T20:00:00Z,55.935958,2014-07-21T20:00:00Z,56.548369,-261.5,9.6731,-340.56,0.0,340.56,3.0,False,8410;8436
SO,Short,905,2014-07-18T20:00:00Z,26.358181,2014-07-21T20:00:00Z,26.405344,-42.68,9.5822,-106.71,0.0,106.71,3.0,False,8424;8437
V,Long,477,2014-07-18T20:00:00Z,50.126581,2014-07-21T20:00:00Z,50.222635,45.82,9.5873,0.0,45.82,0.0,3.0,True,8408;8438
TMO,Long,207,2014-07-17T20:00:00Z,114.729997,2014-07-21T20:00:00Z,115.913575,245.0,9.6072,0.0,579.64,334.63,4.0,True,8385;8439
SPY,Short,471,2014-07-09T20:00:00Z,160.423929,2014-07-21T20:00:00Z,160.693001,-126.73,15.1573,-576.06,783.44,779.6,12.0,False,8232;8449
BK,Short,838,2014-07-17T20:00:00Z,28.298963,2014-07-23T20:00:00Z,29.051515,-630.64,9.6319,-718.05,0.0,718.05,6.0,False,8387;8450
C,Short,662,2014-07-16T20:00:00Z,36.29027,2014-07-23T20:00:00Z,36.378282,-58.26,9.7107,-339.87,145.66,485.53,7.0,False,8345;8451
CSCO,Short,1314,2014-07-21T20:00:00Z,18.051497,2014-07-23T20:00:00Z,17.932967,155.75,9.4421,-54.97,192.4,54.97,2.0,True,8442;8452
CVS,Long,438,2014-07-18T20:00:00Z,54.394737,2014-07-23T20:00:00Z,55.463816,468.26,9.7148,0.0,565.03,96.77,5.0,True,8411;8453
FCX,Short,708,2014-07-21T20:00:00Z,33.476483,2014-07-23T20:00:00Z,33.992178,-365.11,9.5573,-365.11,0.0,365.11,2.0,False,8446;8454
HPQ,Long,2311,2014-07-16T20:00:00Z,10.456514,2014-07-23T20:00:00Z,10.672081,498.18,9.7951,-7.02,498.18,203.48,7.0,True,8352;8455
INTC,Short,931,2014-07-18T20:00:00Z,25.626135,2014-07-23T20:00:00Z,26.284963,-613.37,9.625,-683.87,0.0,683.87,5.0,False,8407;8456
PEP,Long,383,2014-07-21T20:00:00Z,61.766067,2014-07-23T20:00:00Z,62.798369,395.37,9.5353,-168.69,395.37,168.69,2.0,True,8441;8457
TGT,Short,572,2014-07-21T20:00:00Z,41.473405,2014-07-23T20:00:00Z,41.120763,201.71,9.4947,-296.63,237.31,533.94,2.0,True,8448;8458
TXN,Long,687,2014-07-18T20:00:00Z,34.754191,2014-07-23T20:00:00Z,35.328403,394.48,9.5721,-108.48,394.48,478.31,5.0,True,8422;8459
UPS,Long,368,2014-06-26T20:00:00Z,64.968021,2014-07-23T20:00:00Z,66.390724,523.55,9.6755,-46.75,523.55,437.07,27.0,True,8011;8460
ABT,Long,701,2014-07-21T20:00:00Z,33.656621,2014-07-24T20:00:00Z,34.005066,244.26,9.5317,0.0,327.53,111.03,3.0,True,8445;8469
ADP,Long,387,2014-07-21T20:00:00Z,61.026334,2014-07-24T20:00:00Z,61.791151,295.98,9.5776,0.0,539.22,243.23,3.0,True,8447;8470
AIG,Long,579,2014-07-18T20:00:00Z,41.184146,2014-07-24T20:00:00Z,41.416612,134.6,9.5843,-95.52,134.6,178.02,6.0,True,8413;8471
APA,Short,308,2014-07-23T20:00:00Z,76.875528,2014-07-24T20:00:00Z,77.159201,-87.37,9.478,-87.37,80.47,167.85,1.0,False,8468;8472
BA,Long,217,2014-07-01T20:00:00Z,110.338083,2014-07-24T20:00:00Z,108.825537,-328.22,9.4734,-611.43,390.12,1001.55,23.0,False,8083;8473
HON,Long,335,2014-07-21T20:00:00Z,70.689562,2014-07-24T20:00:00Z,70.609149,-26.94,9.47,-168.98,120.0,288.97,3.0,False,8444;8474
KFT,Long,806,2014-07-23T20:00:00Z,29.440317,2014-07-24T20:00:00Z,29.287539,-123.14,9.4325,-141.61,0.0,141.61,1.0,False,8465;8475
KMB,Short,343,2014-07-01T20:00:00Z,69.322515,2014-07-24T20:00:00Z,68.646014,232.04,9.4969,-767.02,393.18,767.02,23.0,True,8093;8476
MCD,Long,328,2014-07-17T20:00:00Z,72.279909,2014-07-24T20:00:00Z,69.752742,-828.91,9.2819,-864.85,7.19,872.03,7.0,False,8374;8477
MET,Long,1432,2014-07-18T20:00:00Z,16.721153,2014-07-24T20:00:00Z,16.73926,25.93,9.5917,-112.36,43.21,155.57,6.0,True,8419;8478
MMM,Long,349,2014-06-26T20:00:00Z,68.641046,2014-07-24T20:00:00Z,69.686777,364.96,9.6276,-84.99,403.29,438.29,28.0,True,8010;8479
QCOM,Short,408,2014-07-23T20:00:00Z,58.314393,2014-07-24T20:00:00Z,55.038704,1336.48,9.1683,0.0,1658.98,322.5,1.0,True,8463;8480
SPY,Short,94,2014-07-09T20:00:00Z,160.423929,2014-07-24T20:00:00Z,162.111744,-158.65,25.4622,-158.65,156.36,238.37,15.0,False,8232;8490
SPY,Short,242,2014-07-11T20:00:00Z,160.008091,2014-07-24T20:00:00Z,162.111744,-509.08,7.7586,-509.08,301.9,613.66,13.0,False,8258;8490
SPY,Short,310,2014-07-15T20:00:00Z,161.222991,2014-07-24T20:00:00Z,162.111744,-275.51,9.9705,-275.51,763.35,786.1,9.0,False,8329;8490
SPY,Short,140,2014-07-16T20:00:00Z,161.549139,2014-07-24T20:00:00Z,162.111744,-78.76,9.5878,-78.76,390.4,355.01,8.0,False,8357;8490
CSCO,Short,1324,2014-07-24T20:00:00Z,17.960856,2014-07-25T20:00:00Z,17.988746,-36.93,9.5638,-193.86,0.0,193.86,1.0,False,8482;8495
MA,Long,332,2014-07-15T20:00:00Z,72.564041,2014-07-25T20:00:00Z,70.498492,-685.76,9.5185,-691.94,98.85,790.79,10.0,False,8294;8501
MO,Short,1226,2014-07-21T20:00:00Z,19.039192,2014-07-25T20:00:00Z,19.213653,-213.89,9.428,-320.83,0.0,320.83,4.0,False,8443;8502
SO,Short,896,2014-07-23T20:00:00Z,26.517356,2014-07-25T20:00:00Z,26.417135,89.8,9.4605,0.0,126.77,36.98,2.0,True,8467;8507
KO,Long,850,2014-07-24T20:00:00Z,28.002606,2014-07-25T20:00:00Z,27.954761,-40.67,14.2771,-40.67,17.43,58.1,1.0,False,8481;8509
USB,Long,865,2014-07-18T20:00:00Z,27.587271,2014-07-25T20:00:00Z,28.068943,416.65,14.446,0.0,542.21,125.56,7.0,True,8414;8513
EPD,Long,1395,2014-07-17T20:00:00Z,17.057263,2014-07-25T20:00:00Z,17.322515,370.03,9.5671,-70.34,370.03,73.39,8.0,True,8378;8515
SPY,Short,157,2014-07-16T20:00:00Z,161.549139,2014-07-25T20:00:00Z,161.532832,2.56,47.2085,-88.33,437.8,398.12,9.0,True,8357;8523
SPY,Short,821,2014-07-17T20:00:00Z,160.88869,2014-07-25T20:00:00Z,161.532832,-528.84,26.2024,-1004.13,1747.18,1633.38,8.0,False,8389;8523
SPY,Short,358,2014-07-18T20:00:00Z,160.122243,2014-07-25T20:00:00Z,161.532832,-504.99,11.5441,-712.24,487.48,712.24,7.0,False,8426;8523
ACN,Long,369,2014-07-02T20:00:00Z,64.375276,2014-07-25T20:00:00Z,63.834842,-199.42,9.4689,-516.15,161.3,677.44,23.0,False,8120;8524
AMGN,Long,276,2014-07-23T20:00:00Z,85.961772,2014-07-25T20:00:00Z,86.294299,91.78,9.5624,0.0,261.66,169.89,2.0,True,8464;8525
CL,Short,458,2014-07-18T20:00:00Z,51.961675,2014-07-25T20:00:00Z,51.402704,256.01,9.444,0.0,415.15,159.14,7.0,True,8418;8526
COF,Long,354,2014-07-15T20:00:00Z,67.724486,2014-07-25T20:00:00Z,65.894745,-647.73,9.4631,-778.41,0.0,778.41,10.0,False,8301;8527
FB,Short,345,2014-07-23T20:00:00Z,69.098201,2014-07-25T20:00:00Z,74.28849,-1790.65,10.0112,-1855.58,0.0,1855.58,2.0,False,8461;8528
EMR,Long,489,2014-07-18T20:00:00Z,48.637999,2014-07-25T20:00:00Z,48.681484,21.26,9.5561,-31.9,113.41,141.76,7.0,True,8423;8529
WMB,Short,790,2014-07-23T20:00:00Z,29.969515,2014-07-25T20:00:00Z,30.010611,-32.47,9.485,-93.34,56.82,93.34,2.0,False,8466;8530
GILD,Long,389,2014-07-23T20:00:00Z,61.395334,2014-07-25T20:00:00Z,61.681973,111.5,9.5669,-31.86,153.98,185.84,2.0,True,8462;8531
GS,Long,170,2014-07-24T20:00:00Z,139.279522,2014-07-25T20:00:00Z,138.633542,-109.82,9.419,-187.49,0.0,187.49,1.0,False,8486;8532
HAL,Short,403,2014-07-24T20:00:00Z,58.795408,2014-07-25T20:00:00Z,58.200313,239.82,9.3896,0.0,239.82,0.0,1.0,True,8488;8533
OXY,Long,348,2014-07-24T20:00:00Z,68.013871,2014-07-25T20:00:00Z,67.243498,-268.09,9.3701,-335.69,0.0,335.69,1.0,False,8485;8534
PG,Long,412,2014-07-21T20:00:00Z,57.243026,2014-07-25T20:00:00Z,57.135909,-44.13,9.4054,-176.53,29.42,205.95,4.0,False,8440;8535
PRU,Short,452,2014-07-11T20:00:00Z,52.756966,2014-07-25T20:00:00Z,53.298888,-244.95,9.6171,-608.33,0.0,608.33,14.0,False,8275;8536
PX,Short,223,2014-07-24T20:00:00Z,105.686259,2014-07-25T20:00:00Z,104.592534,243.9,9.3864,-16.26,243.9,16.26,1.0,True,8489;8537
UNH,Short,348,2014-07-17T20:00:00Z,68.485687,2014-07-25T20:00:00Z,68.583524,-34.05,9.6353,-581.64,0.0,581.64,8.0,False,8376;8538
UTX,Long,538,2014-07-24T20:00:00Z,44.11645,2014-07-25T20:00:00Z,43.571011,-293.45,9.4002,-293.45,0.0,293.45,1.0,False,8483;8539
NKE,Long,733,2014-07-17T20:00:00Z,32.235052,2014-07-25T20:00:00Z,33.049047,596.66,14.2312,0.0,670.85,272.05,8.0,True,8380;8540
CAT,Short,295,2014-07-11T20:00:00Z,80.976389,2014-07-25T20:00:00Z,77.499603,1025.65,14.1454,-414.5,1025.65,414.5,14.0,True,8250;8541
SPY,Long,128,2014-07-25T20:00:00Z,161.532832,2014-07-29T20:00:00Z,161.614369,10.44,21.8376,-123.15,10.44,123.15,4.0,True,8523;8547
SPY,Long,552,2014-07-25T20:00:00Z,161.532832,2014-07-29T20:00:00Z,161.614369,45.01,17.7999,-531.1,45.01,531.1,4.0,True,8546;8547
FDX,Short,285,2014-07-25T20:00:00Z,82.805928,2014-07-29T20:00:00Z,81.122571,479.76,9.2536,0.0,754.57,274.81,4.0,True,8520;8552
USB,Short,842,2014-07-25T20:00:00Z,28.068943,2014-07-29T20:00:00Z,28.11513,-38.89,4.7379,-55.56,0.0,55.56,4.0,False,8513;8558
AXP,Long,297,2014-07-17T20:00:00Z,79.715957,2014-07-29T20:00:00Z,77.875706,-546.55,9.3045,-574.26,0.0,574.26,12.0,False,8373;8574
BMY,Short,727,2014-07-18T20:00:00Z,32.72639,2014-07-29T20:00:00Z,33.732214,-731.23,9.828,-1241.62,0.0,1241.62,11.0,False,8412;8575
CAT,Long,304,2014-07-25T20:00:00Z,77.499603,2014-07-29T20:00:00Z,78.139604,194.56,4.7369,0.0,194.56,0.0,4.0,True,8541;8576
FCX,Short,724,2014-07-25T20:00:00Z,32.69857,2014-07-29T20:00:00Z,33.249227,-398.68,9.6062,-411.33,0.0,411.33,4.0,False,8521;8577
HD,Long,402,2014-07-11T20:00:00Z,59.591389,2014-07-29T20:00:00Z,60.721971,454.49,9.6672,-12.04,484.59,111.37,18.0,True,8246;8578
PSX,Long,457,2014-07-15T20:00:00Z,52.011195,2014-07-29T20:00:00Z,54.139965,972.85,9.7637,-32.83,972.85,387.95,14.0,True,8327;8579
HON,Long,338,2014-07-25T20:00:00Z,70.046265,2014-07-29T20:00:00Z,69.519931,-177.9,9.3675,-504.05,0.0,504.05,4.0,False,8514;8580
MDT,Long,511,2014-07-24T20:00:00Z,46.428015,2014-07-29T20:00:00Z,45.996501,-220.5,9.4129,-310.2,0.0,310.2,5.0,False,8487;8581
MET,Short,1427,2014-07-25T20:00:00Z,16.67287,2014-07-29T20:00:00Z,16.518966,219.62,9.3722,0.0,508.14,288.52,4.0,True,8519;8582
NEE,Long,1354,2014-07-15T20:00:00Z,17.670432,2014-07-29T20:00:00Z,17.809883,188.82,9.6478,0.0,492.88,304.07,14.0,True,8328;8583
NKE,Short,716,2014-07-25T20:00:00Z,33.049047,2014-07-29T20:00:00Z,33.074353,-18.12,4.7169,-18.12,78.51,96.63,4.0,False,8540;8584
ORCL,Long,712,2014-07-11T20:00:00Z,33.664965,2014-07-29T20:00:00Z,33.739888,53.34,9.5724,-314.14,112.62,373.41,18.0,True,8245;8585
PCLN,Short,491,2014-07-25T20:00:00Z,48.281328,2014-07-29T20:00:00Z,48.673628,-192.62,9.4943,-210.27,0.0,210.27,4.0,False,8517;8586
PM,Short,493,2014-07-25T20:00:00Z,48.037259,2014-07-29T20:00:00Z,47.575579,227.61,9.4097,0.0,233.16,47.19,4.0,True,8510;8587
TXN,Long,691,2014-07-25T20:00:00Z,34.2374,2014-07-29T20:00:00Z,34.08731,-103.71,9.3133,-313.35,0.0,313.35,4.0,False,8542;8588
UPS,Long,357,2014-07-24T20:00:00Z,66.18113,2014-07-29T20:00:00Z,63.246803,-1047.55,9.2035,-1210.81,0.0,1210.81,5.0,False,8484;8589
BK,Short,801,2014-07-25T20:00:00Z,29.490515,2014-07-29T20:00:00Z,29.52793,-29.97,14.1417,-41.96,113.88,143.85,4.0,False,8544;8594
PNC,Long,391,2014-07-16T20:00:00Z,59.922281,2014-07-29T20:00:00Z,58.208829,-669.96,13.8611,-824.57,0.0,824.57,13.0,False,8354;8595
BAX,Short,717,2014-07-07T20:00:00Z,33.339487,2014-07-30T20:00:00Z,34.23056,-638.9,9.6455,-693.21,0.0,693.21,23.0,False,8144;8599
FB,Short,319,2014-07-29T20:00:00Z,74.001241,2014-07-30T20:00:00Z,73.426744,183.26,9.3775,0.0,183.26,0.0,1.0,True,8559;8600
CVS,Long,422,2014-07-25T20:00:00Z,56.126645,2014-07-30T20:00:00Z,55.592105,-225.58,9.4357,-303.78,0.0,303.78,5.0,False,8512;8601
DHR,Long,542,2014-07-17T20:00:00Z,42.221091,2014-07-30T20:00:00Z,41.472826,-405.56,8.9731,-463.06,108.96,572.02,13.0,False,8384;8602
EOG,Long,293,2014-07-29T20:00:00Z,80.674168,2014-07-30T20:00:00Z,81.785245,325.55,9.5105,0.0,325.55,0.0,1.0,True,8568;8603
EPD,Short,1371,2014-07-25T20:00:00Z,17.322515,2014-07-30T20:00:00Z,17.308699,18.94,4.6605,-81.15,446.6,427.65,5.0,True,8515;8604
FDX,Long,291,2014-07-29T20:00:00Z,81.122571,2014-07-30T20:00:00Z,80.278168,-245.72,9.4008,-245.72,71.34,317.06,1.0,False,8596;8605
GD,Short,253,2014-07-29T20:00:00Z,93.619623,2014-07-30T20:00:00Z,93.145619,119.92,9.3733,0.0,249.68,129.75,1.0,True,8597;8606
GS,Short,171,2014-07-29T20:00:00Z,138.932898,2014-07-30T20:00:00Z,138.617786,53.88,9.4648,0.0,80.83,26.94,1.0,True,8565;8607
HAL,Short,411,2014-07-29T20:00:00Z,57.375114,2014-07-30T20:00:00Z,56.676869,286.98,9.259,0.0,512.0,225.02,1.0,True,8593;8608
HPQ,Long,2195,2014-07-29T20:00:00Z,10.848178,2014-07-30T20:00:00Z,10.921045,159.94,9.6033,0.0,253.25,93.3,1.0,True,8566;8609
LLY,Short,471,2014-07-17T20:00:00Z,50.14367,2014-07-30T20:00:00Z,50.770868,-295.41,9.4592,-761.25,0.0,761.25,13.0,False,8379;8610
MO,Short,1241,2014-07-29T20:00:00Z,19.103467,2014-07-30T20:00:00Z,19.204471,-125.35,9.4191,-125.35,279.18,404.52,1.0,False,8562;8611
PRU,Long,447,2014-07-29T20:00:00Z,52.870115,2014-07-30T20:00:00Z,52.762921,-47.92,9.4074,-47.92,101.15,149.07,1.0,False,8572;8612
TGT,Short,563,2014-07-25T20:00:00Z,42.012739,2014-07-30T20:00:00Z,42.30315,-163.5,9.4807,-241.36,179.07,420.43,5.0,False,8522;8613
VZ,Short,904,2014-07-11T20:00:00Z,26.507875,2014-07-30T20:00:00Z,27.664097,-1045.23,9.8338,-1074.13,0.0,1074.13,19.0,False,8270;8614
PNC,Short,407,2014-07-29T20:00:00Z,58.208829,2014-07-30T20:00:00Z,58.326758,-48.0,9.5223,-56.47,0.0,56.47,1.0,False,8595;8626
BK,Long,803,2014-07-29T20:00:00Z,29.52793,2014-07-30T20:00:00Z,29.550379,18.03,9.6007,0.0,216.32,198.29,1.0,True,8594;8627
SO,Short,887,2014-07-29T20:00:00Z,26.806229,2014-07-30T20:00:00Z,26.529147,245.77,14.0279,0.0,554.29,308.52,1.0,True,8573;8628
BIIB,Short,69,2014-07-30T20:00:00Z,344.45,2014-07-31T20:00:00Z,342.72,119.37,9.369,0.0,694.14,574.77,1.0,True,8620;8632
CL,Long,473,2014-07-30T20:00:00Z,50.201671,2014-07-31T20:00:00Z,49.091282,-525.21,9.2545,-1093.3,0.0,1093.3,1.0,False,8624;8633
COF,Long,362,2014-07-29T20:00:00Z,65.429284,2014-07-31T20:00:00Z,65.076177,-127.83,9.3388,-578.12,8.72,586.83,2.0,False,8571;8634
DUK,Long,530,2014-07-30T20:00:00Z,44.715904,2014-07-31T20:00:00Z,43.85819,-454.59,9.2954,-608.25,0.0,608.25,1.0,False,8625;8635
EBAY,Short,1208,2014-07-29T20:00:00Z,19.64521,2014-07-31T20:00:00Z,19.648922,-4.48,9.506,-134.51,58.29,134.51,2.0,False,8591;8636
F,Short,2480,2014-07-18T20:00:00Z,9.6007,2014-07-31T20:00:00Z,9.397572,503.76,9.3369,-80.35,854.43,350.67,13.0,True,8416;8637
HON,Short,345,2014-07-30T20:00:00Z,68.854703,2014-07-31T20:00:00Z,68.277198,199.24,9.3769,0.0,595.2,395.96,1.0,True,8622;8638
KFT,Short,812,2014-07-29T20:00:00Z,29.134761,2014-07-31T20:00:00Z,28.103509,837.38,9.1814,0.0,1327.4,490.02,2.0,True,8567;8639
KMB,Short,353,2014-07-30T20:00:00Z,67.261694,2014-07-31T20:00:00Z,66.816957,156.99,9.2855,0.0,776.12,619.12,1.0,True,8629;8640
KO,Short,848,2014-07-25T20:00:00Z,27.954761,2014-07-31T20:00:00Z,27.00471,805.64,4.5557,0.0,927.36,121.72,6.0,True,8509;8641
OXY,Long,354,2014-07-29T20:00:00Z,66.68749,2014-07-31T20:00:00Z,66.205169,-170.74,9.3452,-436.34,0.0,436.34,2.0,False,8564;8642
SO,Long,896,2014-07-30T20:00:00Z,26.529147,2014-07-31T20:00:00Z,26.070952,-410.54,4.6281,-629.71,0.0,629.71,1.0,False,8628;8643
T,Short,1716,2014-07-30T20:00:00Z,13.790949,2014-07-31T20:00:00Z,13.62097,291.68,9.3274,0.0,596.33,304.65,1.0,True,8616;8644
UPS,Long,377,2014-07-30T20:00:00Z,62.9991,2014-07-31T20:00:00Z,62.510046,-184.37,9.4074,-502.84,0.0,502.84,1.0,False,8618;8645
WFC,Long,653,2014-07-15T20:00:00Z,36.690008,2014-07-31T20:00:00Z,36.953657,172.16,9.5155,-376.9,283.84,558.37,16.0,True,8291;8646
BK,Short,808,2014-07-30T20:00:00Z,29.550379,2014-07-31T20:00:00Z,29.505481,36.28,9.3717,0.0,272.08,235.8,1.0,True,8627;8660
PNC,Long,409,2014-07-30T20:00:00Z,58.326758,2014-07-31T20:00:00Z,58.06315,-107.82,9.3354,-431.26,0.0,431.26,1.0,False,8626;8661
SPY,Long,427,2014-07-29T20:00:00Z,161.614369,2014-07-31T20:00:00Z,159.510716,-898.26,28.0712,-1782.59,0.0,1782.59,2.0,False,8598;8663
SPY,Long,29,2014-07-30T20:00:00Z,161.165916,2014-07-31T20:00:00Z,159.510716,-48.0,8.2554,-108.06,13.01,108.06,1.0,False,8631;8663
BLK,Long,101,2014-07-31T20:00:00Z,230.592185,2014-08-04T20:00:00Z,226.70152,-392.96,9.1157,-620.07,0.0,620.07,4.0,False,8658;8664
FB,Short,320,2014-07-31T20:00:00Z,73.278167,2014-08-04T20:00:00Z,71.732966,494.46,9.2655,0.0,513.48,364.51,4.0,True,8647;8665
CSCO,Long,1313,2014-07-29T20:00:00Z,18.044525,2014-08-04T20:00:00Z,17.389121,-860.55,9.314,-860.55,0.0,860.55,6.0,False,8560;8666
EPD,Short,1395,2014-07-31T20:00:00Z,16.81979,2014-08-04T20:00:00Z,16.260089,780.78,9.2441,0.0,845.59,580.19,4.0,True,8652;8667
FDX,Long,291,2014-07-31T20:00:00Z,80.664959,2014-08-04T20:00:00Z,80.25093,-120.48,9.3758,-209.26,120.48,240.97,4.0,False,8662;8668
KMI,Short,1182,2014-07-30T20:00:00Z,20.134946,2014-08-04T20:00:00Z,19.212364,1090.49,9.3821,0.0,1167.02,484.66,5.0,True,8630;8669
JPM,Short,551,2014-07-29T20:00:00Z,42.955733,2014-08-04T20:00:00Z,41.413284,849.89,9.2437,0.0,1026.28,176.39,6.0,True,8590;8670
LLY,Short,471,2014-07-31T20:00:00Z,49.830071,2014-08-04T20:00:00Z,49.050094,367.37,9.2933,0.0,488.56,359.79,4.0,True,8653;8671
MCK,Short,134,2014-07-25T20:00:00Z,176.886694,2014-08-04T20:00:00Z,179.486892,-348.43,9.4583,-348.43,257.64,606.07,10.0,False,8545;8672
MET,Long,1444,2014-07-31T20:00:00Z,16.229266,2014-08-04T20:00:00Z,15.752467,-688.5,9.1518,-719.0,0.0,719.0,4.0,False,8657;8673
MO,Short,1256,2014-07-31T20:00:00Z,18.805047,2014-08-04T20:00:00Z,18.589267,271.02,9.3796,0.0,271.02,132.63,4.0,True,8650;8674
PFE,Short,1431,2014-07-30T20:00:00Z,16.578744,2014-08-04T20:00:00Z,16.280686,426.52,9.3384,0.0,627.71,201.19,5.0,True,8617;8675
PG,Short,422,2014-07-30T20:00:00Z,56.200426,2014-08-04T20:00:00Z,56.743149,-229.03,9.4854,-286.29,415.87,702.16,5.0,False,8615;8676
BMY,Short,688,2014-07-30T20:00:00Z,34.616528,2014-08-04T20:00:00Z,33.637707,673.43,14.1548,0.0,682.72,78.95,5.0,True,8619;8680
ABBV,Long,712,2014-07-29T20:00:00Z,33.197001,2014-08-04T20:00:00Z,32.571344,-445.47,14.2336,-551.32,70.57,621.89,6.0,False,8561;8681
USB,Long,837,2014-07-31T20:00:00Z,28.134925,2014-08-04T20:00:00Z,27.36293,-646.16,14.0279,-723.48,0.0,723.48,4.0,False,8651;8683
PNC,Short,406,2014-07-31T20:00:00Z,58.06315,2014-08-04T20:00:00Z,57.119711,383.04,9.3973,0.0,475.98,92.94,4.0,True,8661;8688
EMR,Long,502,2014-07-31T20:00:00Z,46.978321,2014-08-04T20:00:00Z,45.96367,-509.35,14.0738,-516.63,0.0,516.63,4.0,False,8659;8689
BK,Long,796,2014-07-31T20:00:00Z,29.505481,2014-08-04T20:00:00Z,29.086433,-333.56,9.4747,-416.95,0.0,416.95,4.0,False,8660;8690
KMB,Short,361,2014-08-04T20:00:00Z,65.965068,2014-08-05T20:00:00Z,65.896165,24.87,9.4905,0.0,156.03,131.15,1.0,True,8692;8699
PNC,Long,417,2014-08-04T20:00:00Z,57.119711,2014-08-05T20:00:00Z,56.453754,-277.7,4.7354,-277.7,0.0,277.7,1.0,False,8688;8705
ABBV,Short,730,2014-08-04T20:00:00Z,32.571344,2014-08-05T20:00:00Z,32.682847,-81.4,9.4769,-94.96,0.0,94.96,1.0,False,8681;8709
SPY,Long,228,2014-07-30T20:00:00Z,161.165916,2014-08-05T20:00:00Z,157.455985,-845.86,29.527,-1050.36,102.25,1050.36,6.0,False,8631;8719
SPY,Long,715,2014-08-04T20:00:00Z,157.292911,2014-08-05T20:00:00Z,157.455985,116.6,22.606,-524.69,3089.84,524.69,1.0,True,8695;8719
APA,Long,317,2014-08-04T20:00:00Z,74.636,2014-08-05T20:00:00Z,75.927461,409.39,9.5434,-141.99,409.39,141.99,1.0,True,8691;8720
BA,Long,220,2014-07-25T20:00:00Z,107.520425,2014-08-05T20:00:00Z,103.432229,-899.4,9.2971,-899.4,0.0,899.4,11.0,False,8511;8721
BMY,Long,706,2014-08-04T20:00:00Z,33.637707,2014-08-05T20:00:00Z,33.556701,-57.19,4.7048,-223.99,0.0,223.99,1.0,False,8680;8722
CVS,Long,428,2014-07-31T20:00:00Z,55.057566,2014-08-05T20:00:00Z,55.520833,198.28,9.3703,-231.83,198.28,231.83,5.0,True,8649;8723
DOW,Short,376,2014-07-25T20:00:00Z,62.793779,2014-08-05T20:00:00Z,60.288583,941.95,9.2267,-26.41,1175.24,312.52,11.0,True,8518;8724
EMR,Short,516,2014-08-04T20:00:00Z,45.96367,2014-08-05T20:00:00Z,44.608387,699.33,4.7001,0.0,699.33,0.0,1.0,True,8689;8725
KFT,Long,856,2014-08-04T20:00:00Z,27.668092,2014-08-05T20:00:00Z,27.660453,-6.54,9.4696,-170.01,0.0,170.01,1.0,False,8685;8726
LVS,Long,463,2014-08-04T20:00:00Z,51.307809,2014-08-05T20:00:00Z,51.568577,120.74,9.4865,-306.73,120.74,306.73,1.0,True,8686;8727
MDT,Short,518,2014-07-31T20:00:00Z,45.543045,2014-08-05T20:00:00Z,45.5723,-15.15,9.3751,-75.77,299.3,375.07,5.0,False,8655;8728
MS,Short,989,2014-07-29T20:00:00Z,24.071109,2014-08-05T20:00:00Z,23.066933,993.13,9.2203,-194.31,1201.83,208.7,7.0,True,8592;8729
OXY,Long,362,2014-08-04T20:00:00Z,66.151578,2014-08-05T20:00:00Z,67.143015,358.9,9.6932,0.0,358.9,0.0,1.0,True,8682;8730
PCLN,Short,486,2014-07-30T20:00:00Z,48.991296,2014-08-05T20:00:00Z,50.615196,-789.22,9.636,-875.43,215.91,1091.34,6.0,False,8623;8731
PEP,Long,387,2014-07-31T20:00:00Z,60.658063,2014-08-05T20:00:00Z,61.566488,351.56,9.4426,-5.33,420.81,149.15,5.0,True,8648;8732
PX,Short,228,2014-08-04T20:00:00Z,104.130739,2014-08-05T20:00:00Z,104.300874,-38.79,9.4561,-38.79,273.38,312.17,1.0,False,8694;8733
SO,Short,919,2014-08-04T20:00:00Z,25.880044,2014-08-05T20:00:00Z,25.617545,241.24,9.3973,0.0,427.65,186.41,1.0,True,8693;8734
UNH,Short,339,2014-07-29T20:00:00Z,69.268381,2014-08-05T20:00:00Z,66.81431,831.93,9.1352,0.0,1097.26,337.19,7.0,True,8563;8735
VZ,Short,894,2014-08-04T20:00:00Z,26.69969,2014-08-05T20:00:00Z,26.673049,23.82,9.5145,0.0,214.35,190.54,1.0,True,8677;8736
ADP,Short,385,2014-08-05T20:00:00Z,61.450391,2014-08-06T20:00:00Z,60.897603,212.82,9.3788,0.0,227.4,14.58,1.0,True,8744;8747
AMT,Short,330,2014-08-05T20:00:00Z,71.314115,2014-08-06T20:00:00Z,71.321626,-2.48,9.4412,-175.99,0.0,175.99,1.0,False,8746;8748
BIIB,Long,72,2014-08-05T20:00:00Z,324.31,2014-08-06T20:00:00Z,324.06,-18.0,9.3722,-18.0,94.32,112.32,1.0,False,8739;8749
COF,Long,368,2014-08-05T20:00:00Z,63.976727,2014-08-06T20:00:00Z,62.901353,-395.74,9.3057,-395.74,0.0,395.74,1.0,False,8714;8750
EPD,Long,1427,2014-08-05T20:00:00Z,16.580866,2014-08-06T20:00:00Z,16.198146,-546.14,9.3236,-546.14,0.0,546.14,1.0,False,8710;8751
ABBV,Long,719,2014-08-05T20:00:00Z,32.682847,2014-08-06T20:00:00Z,31.889935,-570.1,4.6365,-570.1,0.0,570.1,1.0,False,8709;8752
GD,Long,260,2014-08-05T20:00:00Z,90.91547,2014-08-06T20:00:00Z,89.79651,-290.93,9.338,-454.58,0.0,454.58,1.0,False,8716;8753
HAL,Long,426,2014-08-05T20:00:00Z,55.383529,2014-08-06T20:00:00Z,53.320532,-878.84,9.1717,-878.84,0.0,878.84,1.0,False,8740;8754
MA,Long,337,2014-08-05T20:00:00Z,70.070495,2014-08-06T20:00:00Z,69.568064,-169.32,9.4417,-169.32,15.68,185.0,1.0,False,8708;8755
MCK,Long,133,2014-08-05T20:00:00Z,175.879575,2014-08-06T20:00:00Z,174.936546,-125.42,9.3093,-202.14,0.0,202.14,1.0,False,8741;8756
MET,Long,1501,2014-08-05T20:00:00Z,15.704184,2014-08-06T20:00:00Z,15.528726,-263.36,9.3627,-263.36,0.0,263.36,1.0,False,8713;8757
UNP,Long,314,2014-07-11T20:00:00Z,76.020668,2014-08-06T20:00:00Z,74.075527,-610.77,9.4744,-610.77,766.46,1377.24,26.0,False,8271;8758
PNC,Short,415,2014-08-05T20:00:00Z,56.453754,2014-08-06T20:00:00Z,56.620243,-69.09,14.1239,-69.09,0.0,69.09,1.0,False,8742;8765
SPY,Long,443,2014-08-06T20:00:00Z,155.800785,2014-08-07T20:00:00Z,157.333679,679.07,27.6729,-32.51,679.07,32.51,1.0,True,8770;8771
ACN,Long,370,2014-07-29T20:00:00Z,64.049426,2014-08-07T20:00:00Z,62.237382,-670.46,9.2964,-908.65,0.0,908.65,9.0,False,8570;8772
BK,Short,819,2014-08-04T20:00:00Z,29.086433,2014-08-07T20:00:00Z,29.460583,-306.43,4.7092,-306.43,275.79,582.22,3.0,False,8690;8773
CVX,Long,318,2014-08-06T20:00:00Z,74.537265,2014-08-07T20:00:00Z,75.228695,219.87,9.5297,0.0,219.87,0.0,1.0,True,8759;8774
JNJ,Short,319,2014-06-24T20:00:00Z,75.308487,2014-08-07T20:00:00Z,72.753583,815.01,9.3908,-420.13,1106.58,475.23,44.0,True,7939;8775
KMB,Long,360,2014-08-05T20:00:00Z,65.896165,2014-08-07T20:00:00Z,66.929707,372.08,9.5071,0.0,372.08,119.52,2.0,True,8743;8776
PRU,Long,463,2014-08-05T20:00:00Z,50.857263,2014-08-07T20:00:00Z,52.250776,645.2,9.4938,0.0,645.2,44.12,2.0,True,8715;8777
SO,Short,933,2014-08-06T20:00:00Z,25.313284,2014-08-07T20:00:00Z,25.265557,44.53,9.4391,-105.76,44.53,105.76,1.0,True,8768;8778
UPS,Long,384,2014-08-05T20:00:00Z,61.512883,2014-08-07T20:00:00Z,60.852342,-253.65,9.344,-439.01,0.0,439.01,2.0,False,8738;8779
V,Long,490,2014-08-04T20:00:00Z,48.685768,2014-08-07T20:00:00Z,48.296977,-190.51,9.4402,-430.32,0.0,430.32,3.0,False,8679;8780
AIG,Short,592,2014-07-30T20:00:00Z,40.23928,2014-08-07T20:00:00Z,39.654363,346.27,14.025,0.0,745.81,399.54,8.0,True,8621;8788
GS,Long,177,2014-08-06T20:00:00Z,132.362812,2014-08-07T20:00:00Z,134.277118,338.83,14.1651,0.0,338.83,0.0,1.0,True,8761;8789
PNC,Long,417,2014-08-06T20:00:00Z,56.620243,2014-08-07T20:00:00Z,56.86304,101.25,9.4104,-112.82,101.25,112.82,1.0,True,8765;8794
FCX,Short,729,2014-08-05T20:00:00Z,32.252799,2014-08-11T20:00:00Z,32.174134,57.35,9.4087,0.0,477.89,477.89,6.0,True,8745;8800
TXN,Long,709,2014-08-07T20:00:00Z,33.552777,2014-08-11T20:00:00Z,33.487766,-46.09,9.4408,-61.46,25.61,71.7,4.0,False,8792;8803
GS,Short,177,2014-08-07T20:00:00Z,134.277118,2014-08-11T20:00:00Z,136.089012,-320.71,9.5374,-320.71,0.0,320.71,4.0,False,8789;8807
PNC,Short,418,2014-08-07T20:00:00Z,56.86304,2014-08-11T20:00:00Z,56.946284,-34.8,9.4762,-34.8,78.29,113.09,4.0,False,8794;8812
ABT,Short,699,2014-07-25T20:00:00Z,33.96547,2014-08-11T20:00:00Z,33.205227,531.41,9.4204,-22.14,752.83,287.85,17.0,True,8516;8816
AIG,Long,601,2014-08-07T20:00:00Z,39.654363,2014-08-11T20:00:00Z,39.406898,-148.73,4.7683,-193.79,9.01,193.79,4.0,False,8788;8817
BLK,Long,106,2014-08-06T20:00:00Z,221.745729,2014-08-11T20:00:00Z,228.706026,737.79,9.604,0.0,737.79,0.0,5.0,True,8764;8818
COF,Long,374,2014-08-07T20:00:00Z,63.472152,2014-08-11T20:00:00Z,63.665493,72.31,9.4454,-24.1,72.31,51.22,4.0,True,8793;8819
DUK,Long,553,2014-08-06T20:00:00Z,42.807188,2014-08-11T20:00:00Z,43.489735,377.45,9.4476,-90.19,377.45,90.19,5.0,True,8763;8820
EBAY,Short,1218,2014-08-04T20:00:00Z,19.45221,2014-08-11T20:00:00Z,20.127711,-822.76,9.6688,-822.76,0.0,822.76,7.0,False,8684;8821
EMR,Short,520,2014-08-06T20:00:00Z,45.115712,2014-08-11T20:00:00Z,45.738998,-324.11,9.3788,-324.11,173.36,497.47,5.0,False,8766;8822
WMB,Long,839,2014-08-06T20:00:00Z,28.207509,2014-08-11T20:00:00Z,29.055121,711.15,9.6431,-232.74,767.18,232.74,5.0,True,8767;8823
FDX,Long,298,2014-08-07T20:00:00Z,80.082049,2014-08-11T20:00:00Z,81.068093,293.84,9.5558,0.0,293.84,0.0,4.0,True,8795;8824
ABBV,Long,734,2014-08-07T20:00:00Z,31.958076,2014-08-11T20:00:00Z,33.04833,800.25,9.6157,0.0,800.25,0.0,4.0,True,8785;8825
GD,Long,265,2014-08-07T20:00:00Z,89.889757,2014-08-11T20:00:00Z,91.583738,448.9,9.5633,0.0,448.9,0.0,4.0,True,8796;8826
INTC,Short,929,2014-08-04T20:00:00Z,25.588272,2014-08-11T20:00:00Z,25.01904,528.82,9.4677,-182.91,684.62,297.44,7.0,True,8678;8827
LOW,Short,620,2014-08-04T20:00:00Z,38.259548,2014-08-11T20:00:00Z,39.914971,-1026.36,9.7425,-1121.03,0.0,1121.03,7.0,False,8687;8828
TJX,Short,1055,2014-08-06T20:00:00Z,22.320358,2014-08-11T20:00:00Z,23.26377,-995.3,9.6736,-995.3,0.0,995.3,5.0,False,8769;8829
WMT,Long,1194,2014-08-07T20:00:00Z,19.862585,2014-08-11T20:00:00Z,19.843887,-22.33,9.4602,-22.33,98.87,121.19,4.0,False,8781;8830
SPY,Long,488,2014-08-11T20:00:00Z,158.17351,2014-08-11T20:00:00Z,158.17351,0.0,35.2065,0.0,0.0,0.0,0.0,False,8815;8836
FB,Short,327,2014-08-11T20:00:00Z,72.7631,2014-08-12T20:00:00Z,72.41642,113.36,9.4753,0.0,204.06,90.69,1.0,True,8804;8837
MET,Long,1510,2014-08-11T20:00:00Z,15.756598,2014-08-12T20:00:00Z,15.695832,-91.76,9.5344,-91.76,137.63,229.39,1.0,False,8832;8838
NEE,Long,1372,2014-08-11T20:00:00Z,17.290111,2014-08-12T20:00:00Z,17.20137,-121.75,9.4317,-141.63,0.0,141.63,1.0,False,8813;8839
PCLN,Short,473,2014-08-11T20:00:00Z,50.08653,2014-08-12T20:00:00Z,51.272805,-561.11,9.624,-561.11,0.0,561.11,1.0,False,8809;8840
PM,Long,503,2014-08-07T20:00:00Z,47.040705,2014-08-12T20:00:00Z,47.361629,161.42,9.4527,0.0,226.56,65.14,5.0,True,8783;8841
PNC,Long,418,2014-08-11T20:00:00Z,56.946284,2014-08-12T20:00:00Z,56.599432,-144.98,4.7439,-144.98,0.0,144.98,1.0,False,8812;8842
SO,Short,913,2014-08-11T20:00:00Z,25.969532,2014-08-12T20:00:00Z,25.683169,261.45,9.3991,0.0,261.45,0.0,1.0,True,8814;8843
UNH,Short,356,2014-08-07T20:00:00Z,66.047923,2014-08-12T20:00:00Z,65.151086,319.27,9.2578,0.0,330.88,101.59,5.0,True,8787;8844
UNP,Long,318,2014-08-07T20:00:00Z,74.75442,2014-08-12T20:00:00Z,76.043552,409.94,9.5646,0.0,409.94,0.0,5.0,True,8784;8845
USB,Short,871,2014-08-04T20:00:00Z,27.36293,2014-08-12T20:00:00Z,26.98683,327.58,4.731,0.0,454.02,287.35,8.0,True,8683;8846
SPY,Long,138,2014-08-11T20:00:00Z,158.17351,2014-08-13T20:00:00Z,158.426274,34.88,8.581,-50.63,101.27,66.39,2.0,True,8815;8855
SPY,Long,132,2014-08-12T20:00:00Z,157.879977,2014-08-13T20:00:00Z,158.426274,72.11,4.1661,-9.69,135.61,63.5,1.0,True,8854;8855
AMT,Short,321,2014-08-11T20:00:00Z,74.018252,2014-08-13T20:00:00Z,73.0042,325.51,9.4152,0.0,441.25,120.56,2.0,True,8835;8856
APA,Short,318,2014-08-12T20:00:00Z,74.494163,2014-08-13T20:00:00Z,73.747654,237.39,9.3565,0.0,282.49,45.1,1.0,True,8853;8857
BK,Short,823,2014-08-11T20:00:00Z,28.936773,2014-08-13T20:00:00Z,28.921807,12.32,9.4706,0.0,153.96,141.65,2.0,True,8834;8858
BMY,Short,708,2014-08-07T20:00:00Z,33.421691,2014-08-13T20:00:00Z,33.347435,52.57,9.3503,0.0,253.31,200.73,6.0,True,8786;8859
CAT,Short,308,2014-07-31T20:00:00Z,75.936811,2014-08-13T20:00:00Z,77.841929,-586.78,9.4393,-715.13,348.4,1063.53,13.0,False,8654;8860
EOG,Long,293,2014-07-31T20:00:00Z,80.367909,2014-08-13T20:00:00Z,76.657197,-1087.24,9.0068,-1414.87,0.0,1414.87,13.0,False,8656;8861
F,Short,2564,2014-08-05T20:00:00Z,9.218105,2014-08-13T20:00:00Z,9.495464,-711.15,9.5629,-711.15,181.27,892.42,8.0,False,8711;8862
MCK,Long,135,2014-08-12T20:00:00Z,173.865338,2014-08-13T20:00:00Z,173.52658,-45.73,9.3427,-45.73,0.0,45.73,1.0,False,8850;8863
OXY,Short,354,2014-08-12T20:00:00Z,66.587006,2014-08-13T20:00:00Z,66.982241,-139.91,9.4761,-139.91,0.0,139.91,1.0,False,8847;8864
PRU,Short,456,2014-08-12T20:00:00Z,51.810092,2014-08-13T20:00:00Z,52.286507,-217.25,9.5197,-222.68,0.0,222.68,1.0,False,8851;8865
GS,Long,174,2014-08-11T20:00:00Z,136.089012,2014-08-13T20:00:00Z,135.269721,-142.56,9.451,-142.56,0.0,142.56,2.0,False,8807;8868
TXN,Short,708,2014-08-11T20:00:00Z,33.487766,2014-08-13T20:00:00Z,33.928394,-311.96,14.3532,-368.22,0.0,368.22,2.0,False,8833;8871
ACN,Long,378,2014-08-11T20:00:00Z,62.753973,2014-08-13T20:00:00Z,62.777816,9.01,14.2488,-117.16,9.01,117.16,2.0,True,8811;8872
ACN,Short,379,2014-08-13T20:00:00Z,62.777816,2014-08-14T20:00:00Z,62.936767,-60.24,4.7754,-84.34,0.0,84.34,1.0,False,8872;8877
BIIB,Long,74,2014-08-12T20:00:00Z,319.96,2014-08-14T20:00:00Z,335.05,1116.66,9.7972,0.0,1261.7,145.04,2.0,True,8848;8878
EBAY,Short,1195,2014-08-13T20:00:00Z,19.574691,2014-08-14T20:00:00Z,19.671191,-115.32,9.394,-115.32,0.0,115.32,1.0,False,8869;8879
SO,Short,919,2014-08-13T20:00:00Z,25.504193,2014-08-14T20:00:00Z,25.766692,-241.24,9.485,-372.82,0.0,372.82,1.0,False,8875;8880
TJX,Short,1030,2014-08-13T20:00:00Z,22.961035,2014-08-14T20:00:00Z,22.765803,201.09,9.3813,0.0,201.09,0.0,1.0,True,8876;8881
SPY,Long,349,2014-08-14T20:00:00Z,159.151953,2014-08-15T20:00:00Z,160.211933,369.93,22.2796,0.0,369.93,0.0,1.0,True,8890;8891
CAT,Short,302,2014-08-14T20:00:00Z,78.519139,2014-08-15T20:00:00Z,79.062395,-164.06,9.5022,-164.06,0.0,164.06,1.0,False,8885;8892
CVX,Long,311,2014-08-11T20:00:00Z,76.510223,2014-08-15T20:00:00Z,76.036415,-147.35,9.4497,-259.52,0.0,259.52,4.0,False,8831;8893
KMI,Short,1133,2014-08-13T20:00:00Z,20.917252,2014-08-15T20:00:00Z,21.877601,-1088.07,9.8049,-1626.0,0.0,1626.0,2.0,False,8874;8894
HD,Short,384,2014-08-11T20:00:00Z,61.897476,2014-08-15T20:00:00Z,62.923236,-393.89,9.5782,-393.89,0.0,393.89,4.0,False,8806;8895
INTC,Short,911,2014-08-14T20:00:00Z,25.956683,2014-08-15T20:00:00Z,26.017668,-55.56,9.4586,-76.39,0.0,76.39,1.0,False,8882;8896
LOW,Short,591,2014-08-14T20:00:00Z,40.18016,2014-08-15T20:00:00Z,40.654286,-280.21,9.5375,-280.21,0.0,280.21,1.0,False,8887;8897
PEP,Short,386,2014-08-06T20:00:00Z,61.022809,2014-08-15T20:00:00Z,63.38334,-911.16,9.6886,-911.16,0.0,911.16,9.0,False,8760;8898
PNC,Long,417,2014-08-13T20:00:00Z,57.071151,2014-08-15T20:00:00Z,57.265389,81.0,9.505,-66.53,81.0,66.53,2.0,True,8873;8899
PX,Short,225,2014-08-14T20:00:00Z,104.916601,2014-08-15T20:00:00Z,105.451311,-120.31,9.4523,-120.31,0.0,120.31,1.0,False,8889;8900
UNH,Short,362,2014-08-13T20:00:00Z,65.729954,2014-08-15T20:00:00Z,67.009984,-463.37,9.6204,-463.37,0.0,463.37,2.0,False,8867;8901
ACN,Short,375,2014-08-15T20:00:00Z,63.167247,2014-08-18T20:00:00Z,63.119561,17.88,9.4673,-98.35,17.88,98.35,3.0,True,8910;8913
GILD,Short,359,2014-08-15T20:00:00Z,67.189536,2014-08-18T20:00:00Z,68.547658,-487.57,9.8111,-558.62,0.0,558.62,3.0,False,8905;8914
GS,Short,174,2014-08-13T20:00:00Z,135.269721,2014-08-18T20:00:00Z,136.577436,-227.54,4.7852,-389.29,0.0,389.29,5.0,False,8868;8915
HPQ,Short,2186,2014-08-15T20:00:00Z,10.839069,2014-08-18T20:00:00Z,10.77531,139.38,9.3463,0.0,238.93,99.56,3.0,True,8908;8916
KMB,Short,349,2014-08-15T20:00:00Z,67.913139,2014-08-18T20:00:00Z,67.844236,24.05,9.4597,-48.09,24.05,48.09,3.0,True,8912;8917
MCK,Long,134,2014-08-15T20:00:00Z,176.465536,2014-08-18T20:00:00Z,175.403483,-142.32,9.4043,-142.32,0.0,142.32,3.0,False,8911;8918
MRK,Short,614,2014-08-15T20:00:00Z,38.500514,2014-08-18T20:00:00Z,38.454704,28.13,9.4051,0.0,164.75,136.62,3.0,True,8904;8919
NKE,Short,730,2014-08-11T20:00:00Z,32.686334,2014-08-18T20:00:00Z,32.876126,-138.55,9.582,-323.28,237.07,560.35,7.0,False,8810;8920
TXN,Long,703,2014-08-13T20:00:00Z,33.928394,2014-08-18T20:00:00Z,34.470151,380.85,4.8303,0.0,380.85,0.0,5.0,True,8871;8921
WMT,Long,1189,2014-08-15T20:00:00Z,19.940048,2014-08-18T20:00:00Z,19.787793,-181.03,9.4257,-181.03,0.0,181.03,3.0,False,8903;8922
CAT,Short,299,2014-08-18T20:00:00Z,79.374953,2014-08-19T20:00:00Z,79.806582,-129.06,9.536,-142.41,0.0,142.41,1.0,False,8927;8934
CVX,Long,311,2014-08-18T20:00:00Z,75.904167,2014-08-19T20:00:00Z,76.174674,84.13,9.4945,0.0,254.25,170.12,1.0,True,8923;8935
EPD,Short,1385,2014-08-18T20:00:00Z,17.023318,2014-08-19T20:00:00Z,17.034379,-15.32,9.475,-254.31,0.0,254.31,1.0,False,8926;8936
PNC,Long,414,2014-08-18T20:00:00Z,57.140522,2014-08-19T20:00:00Z,57.646927,209.65,9.528,0.0,209.65,0.0,1.0,True,8929;8937
PRU,Short,451,2014-08-18T20:00:00Z,52.578311,2014-08-19T20:00:00Z,53.346529,-346.47,9.6049,-346.47,0.0,346.47,1.0,False,8932;8938
SLB,Short,311,2014-08-15T20:00:00Z,76.148239,2014-08-19T20:00:00Z,77.953617,-561.47,9.623,-697.38,0.0,697.38,4.0,False,8906;8939
KO,Short,867,2014-08-07T20:00:00Z,27.346455,2014-08-19T20:00:00Z,28.234993,-770.36,14.2519,-794.07,331.85,1125.91,12.0,False,8782;8941
T,Long,1821,2014-08-11T20:00:00Z,13.103479,2014-08-19T20:00:00Z,13.08837,-27.51,14.1741,-144.45,151.33,295.77,8.0,False,8805;8942
AMT,Short,314,2014-08-19T20:00:00Z,74.934654,2014-08-20T20:00:00Z,74.356269,181.61,9.3269,0.0,259.45,77.83,1.0,True,8948;8949
EMR,Long,505,2014-08-19T20:00:00Z,46.573124,2014-08-20T20:00:00Z,46.711778,70.02,9.4645,0.0,243.23,173.21,1.0,True,8946;8950
WMB,Short,795,2014-08-18T20:00:00Z,29.712662,2014-08-20T20:00:00Z,30.092804,-302.21,9.536,-326.72,0.0,326.72,2.0,False,8930;8951
INTC,Short,906,2014-08-18T20:00:00Z,26.086276,2014-08-20T20:00:00Z,26.109145,-20.72,9.5186,-193.38,0.0,193.38,2.0,False,8924;8952
KO,Long,833,2014-08-19T20:00:00Z,28.234993,2014-08-20T20:00:00Z,28.098294,-113.87,4.6971,-113.87,0.0,113.87,1.0,False,8941;8953
LOW,Short,587,2014-08-18T20:00:00Z,40.598034,2014-08-20T20:00:00Z,40.051583,320.77,9.6966,-853.8,320.77,853.8,2.0,True,8928;8954
PCLN,Short,472,2014-08-19T20:00:00Z,50.063477,2014-08-20T20:00:00Z,49.795432,126.52,9.3879,0.0,145.51,19.0,1.0,True,8944;8955
WMT,Long,1184,2014-08-19T20:00:00Z,19.969431,2014-08-20T20:00:00Z,19.918679,-60.09,9.4778,-60.09,63.25,123.34,1.0,False,8940;8956
SPY,Long,132,2014-08-18T20:00:00Z,160.472852,2014-08-21T20:00:00Z,162.307433,242.16,8.5418,0.0,289.52,47.36,3.0,True,8933;8966
BIIB,Short,70,2014-08-15T20:00:00Z,339.99,2014-08-21T20:00:00Z,342.73,-191.8,9.5357,-409.5,93.8,409.5,6.0,False,8907;8967
BK,Short,815,2014-08-20T20:00:00Z,28.832011,2014-08-21T20:00:00Z,29.019086,-152.47,9.5041,-372.02,0.0,372.02,1.0,False,8964;8968
FB,Short,315,2014-08-20T20:00:00Z,74.248869,2014-08-21T20:00:00Z,74.199344,15.6,9.3217,0.0,121.68,106.08,1.0,True,8958;8969
EBAY,Short,1181,2014-08-20T20:00:00Z,19.86048,2014-08-21T20:00:00Z,19.875326,-17.53,9.5793,-1043.23,0.0,1043.23,1.0,False,8960;8970
GD,Short,255,2014-08-14T20:00:00Z,92.74155,2014-08-21T20:00:00Z,95.943018,-816.37,9.6217,-856.0,1.98,857.99,7.0,False,8888;8971
GM,Long,902,2014-07-29T20:00:00Z,26.384338,2014-08-21T20:00:00Z,26.090425,-265.11,9.3876,-1291.56,0.0,1291.56,23.0,False,8569;8972
HON,Short,343,2014-08-14T20:00:00Z,69.059389,2014-08-21T20:00:00Z,70.496236,-492.84,9.5675,-492.84,60.18,553.02,7.0,False,8884;8973
KFT,Long,868,2014-08-07T20:00:00Z,27.12573,2014-08-21T20:00:00Z,27.68337,484.03,9.4459,-19.89,484.03,66.31,14.0,True,8790;8974
MCK,Long,132,2014-08-20T20:00:00Z,177.381098,2014-08-21T20:00:00Z,177.490966,14.5,9.3551,-35.05,14.5,35.05,1.0,True,8963;8975
CVX,Long,307,2014-08-20T20:00:00Z,76.493271,2014-08-22T20:00:00Z,76.481248,-3.69,9.3971,-25.84,125.49,151.33,2.0,False,8957;8986
DIS,Short,303,2014-08-14T20:00:00Z,78.522558,2014-08-22T20:00:00Z,80.494545,-597.51,9.6846,-673.21,0.0,673.21,8.0,False,8883;8987
EMR,Long,500,2014-08-21T20:00:00Z,47.069359,2014-08-22T20:00:00Z,47.244501,87.57,9.4255,0.0,87.57,0.0,1.0,True,8983;8988
WMB,Short,782,2014-08-21T20:00:00Z,30.067119,2014-08-22T20:00:00Z,30.051707,12.05,9.3865,0.0,12.05,0.0,1.0,True,8984;8989
MET,Long,1496,2014-08-13T20:00:00Z,15.963202,2014-08-22T20:00:00Z,16.361219,595.43,9.6406,-27.27,636.34,204.54,9.0,True,8870;8990
MS,Long,995,2014-08-21T20:00:00Z,23.772767,2014-08-22T20:00:00Z,24.012895,238.93,9.6295,0.0,579.22,340.29,1.0,True,8980;8991
NEE,Short,1352,2014-08-18T20:00:00Z,17.492949,2014-08-22T20:00:00Z,17.744685,-340.35,9.4896,-347.69,0.0,347.69,4.0,False,8931;8992
PCLN,Short,473,2014-08-21T20:00:00Z,49.755186,2014-08-22T20:00:00Z,49.564506,90.19,9.3982,-76.33,90.19,76.33,1.0,True,8979;8993
PEP,Short,371,2014-08-19T20:00:00Z,63.465924,2014-08-22T20:00:00Z,63.362694,38.3,9.3683,0.0,155.75,117.45,3.0,True,8943;8994
PFE,Long,1501,2014-08-13T20:00:00Z,15.898273,2014-08-22T20:00:00Z,16.24132,514.91,9.6449,0.0,565.56,101.29,9.0,True,8866;8995
USB,Short,856,2014-08-21T20:00:00Z,27.567476,2014-08-22T20:00:00Z,27.798415,-197.68,9.5137,-197.68,0.0,197.68,1.0,False,8978;8996
V,Long,475,2014-08-21T20:00:00Z,49.60802,2014-08-22T20:00:00Z,49.539279,-32.65,9.4003,-44.62,0.0,44.62,1.0,False,8976;8997
CAT,Long,295,2014-08-20T20:00:00Z,80.081931,2014-08-22T20:00:00Z,80.156349,21.95,14.1042,-65.86,81.23,147.09,2.0,True,8959;9004
BLK,Short,99,2014-08-20T20:00:00Z,237.737399,2014-08-26T20:00:00Z,246.946293,-911.68,9.6834,-1102.8,0.0,1102.8,6.0,False,8961;9012
C,Short,660,2014-08-18T20:00:00Z,35.982089,2014-08-26T20:00:00Z,37.77936,-1186.2,9.8421,-1491.22,0.0,1491.22,8.0,False,8925;9013
CL,Long,492,2014-08-06T20:00:00Z,48.283039,2014-08-26T20:00:00Z,49.015745,360.49,9.6322,0.0,468.27,390.22,20.0,True,8762;9014
KMI,Short,1056,2014-08-22T20:00:00Z,22.212104,2014-08-26T20:00:00Z,21.936948,290.56,9.2149,0.0,632.41,341.84,4.0,True,9010;9015
PM,Long,490,2014-08-22T20:00:00Z,47.868351,2014-08-26T20:00:00Z,48.082301,104.84,9.3579,0.0,104.84,0.0,4.0,True,9002;9016
UNH,Short,346,2014-08-21T20:00:00Z,68.281861,2014-08-26T20:00:00Z,68.852575,-197.47,9.5298,-386.47,0.0,386.47,5.0,False,8977;9017
TMO,Short,196,2014-07-25T20:00:00Z,119.743361,2014-08-26T20:00:00Z,117.356961,467.73,9.2709,-50.92,924.15,537.52,32.0,True,8543;9018
DIS,Short,291,2014-08-26T20:00:00Z,80.869312,2014-08-27T20:00:00Z,80.369623,145.41,9.368,0.0,145.41,0.0,1.0,True,9019;9024
LVS,Long,492,2014-08-07T20:00:00Z,47.81916,2014-08-27T20:00:00Z,47.88259,31.21,9.3116,-107.49,485.45,592.94,20.0,True,8791;9027
V,Long,475,2014-08-26T20:00:00Z,49.60802,2014-08-27T20:00:00Z,49.750084,67.48,9.4442,0.0,68.57,1.09,1.0,True,9020;9030
SPY,Short,162,2014-08-22T20:00:00Z,162.519429,2014-08-27T20:00:00Z,163.440796,-149.26,32.301,-149.26,0.0,149.26,5.0,False,9011;9043
ACN,Short,369,2014-08-20T20:00:00Z,63.834842,2014-08-27T20:00:00Z,64.740864,-334.32,9.4654,-381.24,0.0,381.24,7.0,False,8962;9044
AMZN,Short,1416,2014-08-22T20:00:00Z,16.61044,2014-08-27T20:00:00Z,17.051902,-625.11,9.5323,-719.76,0.0,719.76,5.0,False,9001;9045
DUK,Short,530,2014-08-21T20:00:00Z,44.474328,2014-08-27T20:00:00Z,44.266647,110.07,9.4506,-55.04,158.63,194.24,6.0,True,8982;9046
EOG,Long,312,2014-08-14T20:00:00Z,76.372305,2014-08-27T20:00:00Z,77.903597,477.76,9.4459,-399.99,482.21,399.99,13.0,True,8886;9047
HAL,Long,430,2014-08-12T20:00:00Z,54.605938,2014-08-27T20:00:00Z,55.391464,337.78,9.3827,-504.96,341.19,754.03,15.0,True,8849;9048
PSX,Short,418,2014-08-19T20:00:00Z,56.243681,2014-08-27T20:00:00Z,56.959785,-299.33,9.4759,-354.25,0.0,354.25,8.0,False,8945;9049
HON,Short,333,2014-08-22T20:00:00Z,70.283234,2014-08-27T20:00:00Z,70.327303,-14.68,9.3495,-29.35,44.03,58.7,5.0,False,9003;9050
INTC,Short,877,2014-08-22T20:00:00Z,26.83334,2014-08-27T20:00:00Z,26.589401,213.93,9.3236,0.0,274.1,60.17,5.0,True,9000;9051
KFT,Long,851,2014-08-22T20:00:00Z,27.645175,2014-08-27T20:00:00Z,27.576425,-58.51,9.3727,-78.01,32.5,91.01,5.0,False,9008;9052
MS,Short,945,2014-08-26T20:00:00Z,24.864262,2014-08-27T20:00:00Z,25.097114,-220.05,9.4248,-220.05,27.51,247.55,1.0,False,9021;9053
PNC,Long,401,2014-08-22T20:00:00Z,58.507122,2014-08-27T20:00:00Z,59.173079,267.05,9.4185,0.0,267.05,52.85,5.0,True,9009;9054
PRU,Short,443,2014-08-21T20:00:00Z,53.22147,2014-08-27T20:00:00Z,54.051496,-367.7,9.5567,-431.39,51.59,482.98,6.0,False,8985;9055
WMT,Long,1165,2014-08-22T20:00:00Z,20.2499,2014-08-27T20:00:00Z,20.180451,-80.91,9.434,-90.24,12.45,93.36,5.0,False,8998;9056
XOM,Long,392,2014-08-15T20:00:00Z,60.30563,2014-08-27T20:00:00Z,60.591036,111.88,9.4531,-192.81,111.88,285.65,12.0,True,8902;9057
BLK,Short,94,2014-08-27T20:00:00Z,248.936006,2014-08-28T20:00:00Z,245.444792,328.17,9.2377,0.0,403.0,74.83,1.0,True,9040;9064
C,Short,615,2014-08-27T20:00:00Z,38.278194,2014-08-28T20:00:00Z,37.786695,302.27,9.3163,0.0,356.41,54.14,1.0,True,9033;9065
CL,Long,480,2014-08-27T20:00:00Z,48.940208,2014-08-28T20:00:00Z,48.81935,-58.01,9.3791,-101.52,0.0,101.52,1.0,False,9060;9066
EPD,Short,1331,2014-08-27T20:00:00Z,17.698056,2014-08-28T20:00:00Z,17.795395,-129.56,9.4919,-200.23,0.0,200.23,1.0,False,9037;9067
F,Short,2516,2014-08-27T20:00:00Z,9.375819,2014-08-28T20:00:00Z,9.392134,-41.05,9.5179,-246.29,0.0,246.29,1.0,False,9038;9068
GM,Long,895,2014-08-27T20:00:00Z,26.316512,2014-08-28T20:00:00Z,25.99999,-283.29,9.3606,-283.29,0.0,283.29,1.0,False,9039;9069
LVS,Short,492,2014-08-27T20:00:00Z,47.88259,2014-08-28T20:00:00Z,47.290577,291.27,9.3754,0.0,291.27,0.0,1.0,True,9061;9070
ORCL,Long,679,2014-08-22T20:00:00Z,34.514082,2014-08-28T20:00:00Z,34.56403,33.91,9.3718,-107.4,214.79,322.19,6.0,True,8999;9071
PEP,Short,369,2014-08-27T20:00:00Z,63.810025,2014-08-28T20:00:00Z,63.376458,159.99,9.3874,0.0,159.99,0.0,1.0,True,9034;9072
PM,Long,490,2014-08-27T20:00:00Z,47.930284,2014-08-28T20:00:00Z,47.812049,-57.94,9.4076,-57.94,35.86,93.8,1.0,False,9035;9073
TXN,Short,685,2014-08-27T20:00:00Z,34.275118,2014-08-28T20:00:00Z,34.390693,-79.17,9.4804,-282.04,0.0,282.04,1.0,False,9041;9074
TMO,Short,202,2014-08-27T20:00:00Z,116.336968,2014-08-28T20:00:00Z,115.066788,256.58,9.3363,0.0,256.58,0.0,1.0,True,9042;9075
SPY,Long,274,2014-08-27T20:00:00Z,163.440796,2014-08-28T20:00:00Z,162.739579,-192.13,8.9427,-192.13,0.0,192.13,1.0,False,9043;9087
KMI,Short,1088,2014-08-27T20:00:00Z,21.651002,2014-08-29T20:00:00Z,21.47296,193.71,9.4143,-76.31,211.32,287.63,2.0,True,9062;9088
MA,Long,329,2014-08-28T20:00:00Z,70.796228,2014-08-29T20:00:00Z,70.991618,64.28,9.3039,-85.71,64.28,85.71,1.0,True,9080;9089
OXY,Short,339,2014-08-28T20:00:00Z,69.159382,2014-08-29T20:00:00Z,69.708691,-186.22,9.4352,-186.22,0.0,186.22,1.0,False,9082;9090
V,Long,472,2014-08-28T20:00:00Z,49.264315,2014-08-29T20:00:00Z,49.163495,-47.59,9.2388,-268.22,0.0,268.22,1.0,False,9079;9091
BIIB,Short,68,2014-08-29T20:00:00Z,343.63,2014-09-02T20:00:00Z,345.47,-125.12,9.3258,-125.12,64.6,189.72,4.0,False,9094;9097
CAT,Short,292,2014-08-22T20:00:00Z,80.156349,2014-09-02T20:00:00Z,81.11635,-280.32,4.7337,-295.53,0.0,295.53,11.0,False,9004;9098
DHR,Short,544,2014-08-26T20:00:00Z,43.26531,2014-09-02T20:00:00Z,42.813001,246.06,9.341,0.0,349.34,103.28,7.0,True,9022;9099
EPD,Short,1317,2014-08-29T20:00:00Z,17.870612,2014-09-02T20:00:00Z,17.941404,-93.23,9.4702,-139.85,0.0,139.85,4.0,False,9095;9100
WMB,Short,774,2014-08-28T20:00:00Z,30.313697,2014-09-02T20:00:00Z,30.472945,-123.26,9.3883,-170.97,0.0,170.97,5.0,False,9086;9101
LMT,Long,187,2014-08-21T20:00:00Z,125.693087,2014-09-02T20:00:00Z,126.806597,208.23,9.412,0.0,227.09,200.29,12.0,True,8981;9102
PCLN,Short,477,2014-08-28T20:00:00Z,49.057331,2014-09-02T20:00:00Z,48.752166,145.56,9.34,0.0,208.75,197.38,5.0,True,9084;9103
ADP,Short,385,2014-08-12T20:00:00Z,61.420101,2014-09-03T20:00:00Z,63.449517,-781.32,9.6237,-810.48,0.0,810.48,22.0,False,8852;9112
BK,Short,802,2014-09-02T20:00:00Z,29.408202,2014-09-03T20:00:00Z,29.804801,-318.07,9.5026,-318.07,0.0,318.07,1.0,False,9110;9113
DIS,Short,291,2014-08-28T20:00:00Z,80.307162,2014-09-03T20:00:00Z,81.199464,-259.66,9.4085,-259.66,31.16,290.82,6.0,False,9078;9114
KMB,Short,346,2014-08-19T20:00:00Z,68.195014,2014-09-03T20:00:00Z,67.997269,68.42,9.3997,-75.86,188.56,171.22,15.0,True,8947;9115
LOW,Short,557,2014-08-29T20:00:00Z,42.189168,2014-09-03T20:00:00Z,42.349889,-89.52,9.4382,-187.99,0.0,187.99,5.0,False,9096;9116
LVS,Short,501,2014-09-02T20:00:00Z,45.810544,2014-09-03T20:00:00Z,44.55604,628.51,8.9432,0.0,628.51,0.0,1.0,True,9109;9117
NKE,Short,707,2014-09-02T20:00:00Z,33.144612,2014-09-03T20:00:00Z,33.783391,-451.62,9.457,-451.62,0.0,451.62,1.0,False,9107;9118
OXY,Short,338,2014-09-02T20:00:00Z,69.286661,2014-09-03T20:00:00Z,69.112489,58.87,9.2747,0.0,221.89,163.02,1.0,True,9105;9119
SO,Short,887,2014-09-02T20:00:00Z,26.440838,2014-09-03T20:00:00Z,26.214134,201.09,9.3114,0.0,201.09,0.0,1.0,True,9111;9120
SPY,Long,392,2014-08-27T20:00:00Z,163.440796,2014-09-03T20:00:00Z,164.174629,287.66,21.5796,-274.88,287.66,274.88,7.0,True,9043;9133
SPY,Long,20,2014-08-27T20:00:00Z,163.440796,2014-09-03T20:00:00Z,164.174629,14.68,0.6531,-14.02,14.68,14.02,7.0,True,9063;9133
ABT,Long,701,2014-08-22T20:00:00Z,33.434884,2014-09-04T20:00:00Z,33.894197,321.98,9.4384,0.0,377.49,316.43,13.0,True,9006;9134
ACN,Short,364,2014-09-03T20:00:00Z,64.828288,2014-09-04T20:00:00Z,65.281299,-164.9,9.4668,-164.9,0.0,164.9,1.0,False,9130;9135
AMZN,Short,1374,2014-08-28T20:00:00Z,16.960118,2014-09-04T20:00:00Z,17.144185,-252.91,9.4031,-407.81,68.54,476.34,7.0,False,9077;9136
BAX,Short,703,2014-08-20T20:00:00Z,33.473148,2014-09-04T20:00:00Z,33.269392,143.24,9.3638,-209.85,282.03,209.85,15.0,True,8965;9137
COST,Short,241,2014-09-03T20:00:00Z,97.404798,2014-09-04T20:00:00Z,98.093114,-165.88,9.5094,-665.47,0.0,665.47,1.0,False,9129;9138
F,Short,2457,2014-09-03T20:00:00Z,9.636863,2014-09-04T20:00:00Z,9.490025,360.78,9.2867,0.0,601.3,240.52,1.0,True,9127;9139
GM,Long,896,2014-09-02T20:00:00Z,26.286367,2014-09-04T20:00:00Z,25.992454,-263.35,9.3765,-276.85,0.0,276.85,2.0,False,9108;9140
SBUX,Long,786,2014-08-15T20:00:00Z,30.289479,2014-09-04T20:00:00Z,30.222797,-52.41,9.5002,-132.57,277.48,410.05,20.0,False,8909;9141
JPM,Short,541,2014-08-27T20:00:00Z,43.515962,2014-09-04T20:00:00Z,43.406826,59.04,14.1009,0.0,255.85,216.49,8.0,True,9032;9142
PG,Long,419,2014-08-05T20:00:00Z,56.478928,2014-09-04T20:00:00Z,59.306802,1184.88,14.5067,0.0,1379.37,284.25,30.0,True,8737;9143
SPY,Short,248,2014-09-03T20:00:00Z,164.174629,2014-09-04T20:00:00Z,163.775098,99.08,13.5827,0.0,228.5,129.42,1.0,True,9133;9148
ABBV,Long,682,2014-08-29T20:00:00Z,34.566013,2014-09-08T20:00:00Z,34.640349,50.7,9.3662,-308.41,59.15,308.41,10.0,True,9093;9153
GS,Short,167,2014-08-27T20:00:00Z,140.857285,2014-09-08T20:00:00Z,141.908282,-175.52,9.4467,-245.46,79.18,324.64,12.0,False,9036;9155
PCLN,Short,479,2014-09-03T20:00:00Z,49.348038,2014-09-08T20:00:00Z,46.510512,1359.18,9.1083,0.0,1359.18,71.87,5.0,True,9128;9156
UPS,Long,377,2014-08-27T20:00:00Z,62.28779,2014-09-08T20:00:00Z,63.189585,339.98,9.4422,-14.47,354.44,106.09,12.0,True,9059;9157
USB,Short,843,2014-09-02T20:00:00Z,27.936978,2014-09-08T20:00:00Z,27.844602,77.87,9.3781,0.0,172.43,94.56,6.0,True,9106;9158
PG,Short,397,2014-09-04T20:00:00Z,59.306802,2014-09-08T20:00:00Z,59.670998,-144.59,9.4128,-204.12,0.0,204.12,4.0,False,9143;9159
JPM,Long,542,2014-09-04T20:00:00Z,43.406826,2014-09-08T20:00:00Z,43.50141,51.26,9.4382,0.0,98.59,47.32,4.0,True,9142;9160
ADP,Short,371,2014-09-04T20:00:00Z,63.358647,2014-09-08T20:00:00Z,63.653973,-109.57,9.4339,-188.23,0.0,188.23,4.0,False,9147;9169
BA,Long,215,2014-09-03T20:00:00Z,109.093291,2014-09-08T20:00:00Z,109.562846,100.95,9.4942,-143.95,471.12,370.17,5.0,True,9126;9170
C,Short,614,2014-09-04T20:00:00Z,38.314873,2014-09-08T20:00:00Z,38.322209,-4.5,9.4155,-31.53,81.08,85.58,4.0,False,9144;9171
DOW,Long,378,2014-08-22T20:00:00Z,62.021148,2014-09-08T20:00:00Z,64.198561,823.06,9.5068,0.0,823.06,216.83,17.0,True,9007;9172
WMB,Short,772,2014-09-03T20:00:00Z,30.647605,2014-09-08T20:00:00Z,30.205819,341.06,9.299,0.0,674.19,333.13,5.0,True,9132;9173
GILD,Short,315,2014-09-03T20:00:00Z,75.072107,2014-09-08T20:00:00Z,71.50277,1124.34,9.2854,0.0,1124.34,251.53,5.0,True,9123;9174
GOOG,Long,814,2014-08-28T20:00:00Z,28.727637,2014-09-08T20:00:00Z,29.674625,770.85,9.5304,0.0,871.24,100.39,11.0,True,9076;9175
TXN,Short,674,2014-09-04T20:00:00Z,35.033577,2014-09-08T20:00:00Z,34.95412,53.55,9.4197,-38.95,53.55,38.95,4.0,True,9146;9176
WMT,Long,1162,2014-09-03T20:00:00Z,20.292638,2014-09-08T20:00:00Z,20.599819,356.94,9.4693,0.0,477.99,304.18,5.0,True,9121;9177
AIG,Short,571,2014-09-08T20:00:00Z,41.424111,2014-09-09T20:00:00Z,41.360091,36.56,9.4651,-34.26,36.56,34.26,1.0,True,9163;9187
BLK,Short,95,2014-09-08T20:00:00Z,246.969941,2014-09-09T20:00:00Z,246.560755,38.87,9.3415,0.0,248.79,209.91,1.0,True,9181;9188
COST,Short,232,2014-09-08T20:00:00Z,101.686767,2014-09-09T20:00:00Z,100.958432,168.97,9.3849,0.0,174.54,5.57,1.0,True,9165;9189
DHR,Short,547,2014-09-08T20:00:00Z,42.991691,2014-09-09T20:00:00Z,42.997275,-3.05,9.3846,-3.05,128.29,131.34,1.0,False,9182;9190
EPD,Short,1316,2014-09-08T20:00:00Z,17.897159,2014-09-09T20:00:00Z,17.972376,-98.99,9.5247,-384.3,0.0,384.3,1.0,False,9164;9191
HAL,Long,433,2014-08-28T20:00:00Z,54.042581,2014-09-09T20:00:00Z,52.66019,-598.58,9.1641,-725.98,0.0,725.98,12.0,False,9085;9192
MA,Long,329,2014-09-08T20:00:00Z,71.261442,2014-09-09T20:00:00Z,70.954401,-101.02,9.3241,-159.18,0.0,159.18,1.0,False,9161;9193
MS,Short,936,2014-09-04T20:00:00Z,25.118944,2014-09-09T20:00:00Z,25.002518,108.97,9.346,-231.57,415.47,306.49,5.0,True,9145;9194
SO,Short,882,2014-09-08T20:00:00Z,26.721235,2014-09-09T20:00:00Z,26.500497,194.69,9.3168,0.0,431.48,236.79,1.0,True,9167;9195
T,Short,1800,2014-08-19T20:00:00Z,13.08837,2014-09-09T20:00:00Z,13.239462,-271.97,4.7132,-339.96,101.99,441.94,21.0,False,8942;9196
SPY,Long,153,2014-09-04T20:00:00Z,163.775098,2014-09-09T20:00:00Z,163.416335,-54.89,4.9731,-192.12,31.19,223.31,5.0,False,9148;9205
CAT,Short,293,2014-09-09T20:00:00Z,80.23821,2014-09-10T20:00:00Z,78.608441,477.52,9.3036,0.0,477.52,0.0,1.0,True,9202;9206
EOG,Long,326,2014-09-09T20:00:00Z,72.383823,2014-09-10T20:00:00Z,71.885263,-162.53,9.4416,-162.53,88.23,250.76,1.0,False,9203;9207
ABBV,Long,685,2014-09-09T20:00:00Z,34.411147,2014-09-10T20:00:00Z,35.197865,538.9,9.6866,0.0,695.9,157.0,1.0,True,9199;9208
GS,Long,166,2014-09-08T20:00:00Z,141.908282,2014-09-10T20:00:00Z,140.920503,-163.97,9.4442,-285.97,38.04,285.97,2.0,False,9179;9209
LOW,Short,542,2014-09-08T20:00:00Z,43.25796,2014-09-10T20:00:00Z,42.679366,313.6,9.3147,0.0,348.44,156.8,2.0,True,9183;9210
MCD,Long,344,2014-09-03T20:00:00Z,68.726724,2014-09-10T20:00:00Z,66.914443,-623.42,9.4345,-623.42,0.0,623.42,7.0,False,9125;9211
MDT,Long,501,2014-08-22T20:00:00Z,46.82296,2014-09-10T20:00:00Z,48.095562,637.57,9.4947,-329.78,714.52,329.78,19.0,True,9005;9212
ORCL,Short,696,2014-09-09T20:00:00Z,33.873082,2014-09-10T20:00:00Z,33.848108,17.38,9.4349,-11.59,17.38,11.59,1.0,True,9197;9213
QCOM,Long,437,2014-09-03T20:00:00Z,53.9827,2014-09-10T20:00:00Z,54.276279,128.29,9.4387,-87.62,168.97,87.62,7.0,True,9124;9214
ACN,Short,362,2014-09-08T20:00:00Z,64.971344,2014-09-11T20:00:00Z,64.422962,198.51,9.3929,0.0,230.16,161.11,3.0,True,9185;9224
AIG,Long,570,2014-09-10T20:00:00Z,41.420219,2014-09-11T20:00:00Z,41.367607,-29.99,9.4918,-29.99,137.09,167.08,1.0,False,9218;9225
BIIB,Short,72,2014-09-10T20:00:00Z,325.99,2014-09-11T20:00:00Z,330.92,-354.96,9.4923,-354.96,0.0,354.96,1.0,False,9219;9226
DUK,Short,515,2014-09-08T20:00:00Z,45.549384,2014-09-11T20:00:00Z,45.011856,276.83,9.3958,0.0,371.2,333.45,3.0,True,9184;9227
EMR,Short,497,2014-09-10T20:00:00Z,47.572891,2014-09-11T20:00:00Z,47.259096,155.96,9.406,0.0,192.23,36.27,1.0,True,9221;9228
KMI,Short,1112,2014-09-08T20:00:00Z,21.170828,2014-09-11T20:00:00Z,20.598935,635.94,9.2404,0.0,635.94,54.0,3.0,True,9166;9229
PSX,Short,411,2014-09-03T20:00:00Z,57.288272,2014-09-11T20:00:00Z,55.566996,707.44,9.2481,-83.71,861.35,170.11,8.0,True,9131;9230
HON,Short,335,2014-08-28T20:00:00Z,69.813161,2014-09-11T20:00:00Z,69.137432,226.37,9.352,-137.79,226.37,152.55,14.0,True,9083;9231
UPS,Long,378,2014-09-10T20:00:00Z,62.396517,2014-09-11T20:00:00Z,61.987192,-154.72,9.4556,-154.72,91.87,246.59,1.0,False,9216;9232
SPY,Long,15,2014-09-04T20:00:00Z,163.775098,2014-09-11T20:00:00Z,162.486814,-19.32,9.0805,-19.32,3.06,22.38,7.0,False,9148;9240
SPY,Long,263,2014-09-08T20:00:00Z,163.840327,2014-09-11T20:00:00Z,162.486814,-355.97,16.3555,-355.97,36.46,355.97,3.0,False,9168;9240
CVX,Long,305,2014-08-27T20:00:00Z,77.154509,2014-09-12T20:00:00Z,74.24506,-887.38,9.2148,-1043.22,201.68,1244.9,16.0,False,9058;9241
WMB,Long,800,2014-09-10T20:00:00Z,29.590082,2014-09-12T20:00:00Z,29.76646,141.1,9.3808,-348.61,166.0,514.61,2.0,True,9222;9242
ABBV,Short,667,2014-09-11T20:00:00Z,35.296979,2014-09-12T20:00:00Z,35.835911,-359.47,9.5635,-371.86,0.0,371.86,1.0,False,9233;9243
GM,Short,933,2014-09-09T20:00:00Z,25.239244,2014-09-12T20:00:00Z,25.46731,-212.79,9.4108,-290.81,0.0,290.81,3.0,False,9204;9244
MA,Short,331,2014-09-11T20:00:00Z,71.010227,2014-09-12T20:00:00Z,70.442666,187.86,9.3051,0.0,267.94,80.07,1.0,True,9234;9245
MCK,Short,131,2014-09-11T20:00:00Z,178.895625,2014-09-12T20:00:00Z,177.84141,138.1,9.274,0.0,323.04,184.94,1.0,True,9239;9246
SPY,Long,237,2014-09-08T20:00:00Z,163.840327,2014-09-12T20:00:00Z,163.171724,-158.46,10.7155,-351.7,32.85,351.7,4.0,False,9168;9253
SPY,Long,1,2014-09-08T20:00:00Z,163.840327,2014-09-12T20:00:00Z,163.171724,-0.67,0.0327,-1.48,0.14,1.48,4.0,False,9186;9253
SPY,Long,92,2014-09-10T20:00:00Z,162.633581,2014-09-12T20:00:00Z,163.171724,49.51,26.2967,-25.5,123.77,88.52,2.0,True,9223;9253
FB,Short,309,2014-09-03T20:00:00Z,76.388378,2014-09-16T20:00:00Z,72.82253,1101.85,9.299,-244.85,1101.85,602.96,13.0,True,9122;9254
DHR,Short,547,2014-09-12T20:00:00Z,43.136877,2014-09-16T20:00:00Z,42.684568,247.41,9.4341,-91.63,247.41,281.01,4.0,True,9250;9255
EBAY,Long,1256,2014-09-12T20:00:00Z,18.78042,2014-09-16T20:00:00Z,18.921459,177.14,9.6777,0.0,470.83,293.69,4.0,True,9249;9256
KMI,Short,1141,2014-09-12T20:00:00Z,20.663677,2014-09-16T20:00:00Z,20.318383,393.98,9.3583,0.0,393.98,332.42,4.0,True,9252;9257
PCLN,Long,505,2014-09-08T20:00:00Z,46.510512,2014-09-16T20:00:00Z,44.930374,-797.97,9.3601,-797.97,0.0,797.97,8.0,False,9180;9258
JPM,Short,541,2014-09-08T20:00:00Z,43.50141,2014-09-16T20:00:00Z,43.443205,31.49,9.4539,-94.47,287.34,381.81,8.0,True,9160;9259
PG,Long,394,2014-09-08T20:00:00Z,59.670998,2014-09-16T20:00:00Z,59.678139,2.81,9.4747,-160.37,146.31,160.37,8.0,True,9159;9260
ABT,Long,700,2014-09-12T20:00:00Z,33.751652,2014-09-17T20:00:00Z,34.005066,177.39,9.527,0.0,421.3,243.91,5.0,True,9248;9266
EPD,Short,1305,2014-09-11T20:00:00Z,17.990074,2014-09-17T20:00:00Z,17.786546,265.6,9.3931,0.0,623.59,381.08,6.0,True,9236;9267
GM,Short,925,2014-09-16T20:00:00Z,25.444503,2014-09-17T20:00:00Z,25.634558,-175.8,9.5017,-267.22,0.0,267.22,1.0,False,9265;9268
MCD,Short,344,2014-09-12T20:00:00Z,68.468879,2014-09-17T20:00:00Z,69.014037,-187.53,9.4715,-205.27,0.0,205.27,5.0,False,9247;9269
TXN,Short,681,2014-09-11T20:00:00Z,34.527938,2014-09-17T20:00:00Z,34.650736,-83.63,9.4959,-280.39,103.3,383.69,6.0,False,9238;9270
USB,Short,850,2014-09-09T20:00:00Z,27.613664,2014-09-17T20:00:00Z,28.029353,-353.34,9.4548,-471.11,5.61,476.72,8.0,False,9200;9271
VZ,Short,914,2014-09-16T20:00:00Z,25.857832,2014-09-17T20:00:00Z,26.124243,-243.5,9.5617,-331.16,0.0,331.16,1.0,False,9261;9272
PG,Short,395,2014-09-16T20:00:00Z,59.678139,2014-09-17T20:00:00Z,59.970924,-115.65,9.4837,-166.42,0.0,166.42,1.0,False,9260;9274
JPM,Long,542,2014-09-16T20:00:00Z,43.443205,2014-09-17T20:00:00Z,43.617821,94.64,9.5131,0.0,236.61,141.96,1.0,True,9259;9275
SPY,Long,223,2014-09-10T20:00:00Z,162.633581,2014-09-17T20:00:00Z,163.726176,243.65,7.3004,-80.0,300.02,232.74,7.0,True,9223;9282
SPY,Long,491,2014-09-10T20:00:00Z,162.633581,2014-09-18T20:00:00Z,164.182782,760.66,16.1596,-176.15,944.82,512.44,8.0,True,9223;9283
AXP,Short,316,2014-09-17T20:00:00Z,75.068687,2014-09-18T20:00:00Z,75.755601,-217.06,9.6028,-423.41,0.0,423.41,1.0,False,9276;9284
MDT,Long,489,2014-09-17T20:00:00Z,48.461252,2014-09-18T20:00:00Z,48.512449,25.04,9.4797,0.0,100.14,75.11,1.0,True,9279;9287
DHR,Short,546,2014-09-17T20:00:00Z,43.444,2014-09-18T20:00:00Z,44.002406,-304.89,9.64,-475.63,0.0,475.63,1.0,False,9281;9294
DOW,Long,378,2014-09-11T20:00:00Z,61.868964,2014-09-18T20:00:00Z,63.566409,641.63,9.4227,-79.65,641.63,247.8,7.0,True,9237;9295
FDX,Long,283,2014-09-12T20:00:00Z,83.557767,2014-09-18T20:00:00Z,87.14162,1014.23,9.6548,0.0,1014.23,120.41,6.0,True,9251;9296
HON,Short,339,2014-09-17T20:00:00Z,70.062887,2014-09-18T20:00:00Z,70.510926,-151.88,9.5578,-248.99,0.0,248.99,1.0,False,9278;9297
MRK,Short,589,2014-09-08T20:00:00Z,40.018808,2014-09-18T20:00:00Z,39.658105,212.45,9.3899,0.0,460.95,306.74,10.0,True,9178;9298
NKE,Short,682,2014-09-10T20:00:00Z,34.574463,2014-09-18T20:00:00Z,34.625226,-34.62,9.4885,-69.24,152.91,222.15,8.0,False,9220;9299
OXY,Long,356,2014-09-16T20:00:00Z,65.734491,2014-09-18T20:00:00Z,66.456404,257.0,9.436,0.0,257.0,72.06,2.0,True,9263;9300
SPY,Long,123,2014-09-18T20:00:00Z,164.182782,2014-09-19T20:00:00Z,165.106717,113.64,8.0926,0.0,113.64,18.14,1.0,True,9309;9310
ACN,Long,373,2014-09-18T20:00:00Z,63.644101,2014-09-19T20:00:00Z,64.089164,166.01,9.5093,-44.47,166.01,44.47,1.0,True,9293;9311
CAT,Long,305,2014-09-18T20:00:00Z,77.663324,2014-09-19T20:00:00Z,78.072627,124.84,9.39,-419.91,124.84,419.91,1.0,True,9303;9312
DUK,Short,521,2014-09-18T20:00:00Z,45.445544,2014-09-19T20:00:00Z,45.127914,165.49,9.4117,0.0,165.49,0.0,1.0,True,9292;9313
EBAY,Long,1228,2014-09-18T20:00:00Z,19.300037,2014-09-19T20:00:00Z,19.615518,387.41,9.5804,0.0,387.41,0.0,1.0,True,9291;9314
LLY,Short,447,2014-09-09T20:00:00Z,52.468313,2014-09-19T20:00:00Z,54.300205,-818.86,9.4908,-818.86,0.0,818.86,10.0,False,9201;9315
MCK,Short,132,2014-09-18T20:00:00Z,179.317311,2014-09-19T20:00:00Z,180.903216,-209.34,9.4817,-209.34,0.0,209.34,1.0,False,9306;9316
JPM,Short,542,2014-09-17T20:00:00Z,43.617821,2014-09-19T20:00:00Z,44.963826,-729.53,9.5415,-729.53,0.0,729.53,2.0,False,9275;9319
PG,Long,394,2014-09-17T20:00:00Z,59.970924,2014-09-19T20:00:00Z,60.392249,166.0,9.5077,0.0,166.0,0.0,2.0,True,9274;9320
EMR,Long,502,2014-09-18T20:00:00Z,47.339369,2014-09-23T20:00:00Z,46.631504,-355.35,9.3958,-501.88,47.62,549.51,5.0,False,9307;9327
T,Short,1804,2014-09-10T20:00:00Z,13.118588,2014-09-23T20:00:00Z,13.409441,-524.7,9.5345,-524.7,156.73,681.43,13.0,False,9215;9330
ADP,Long,373,2014-09-18T20:00:00Z,63.587395,2014-09-23T20:00:00Z,63.168506,-156.25,9.477,-249.99,110.79,360.79,5.0,False,9308;9342
BIIB,Long,72,2014-09-18T20:00:00Z,328.86,2014-09-23T20:00:00Z,328.51,-25.2,9.5361,-25.2,243.36,268.56,5.0,False,9302;9343
CVS,Short,409,2014-09-19T20:00:00Z,58.257676,2014-09-23T20:00:00Z,57.416667,343.97,9.4074,0.0,510.13,166.16,4.0,True,9321;9344
FDX,Short,273,2014-09-19T20:00:00Z,87.381634,2014-09-23T20:00:00Z,85.963367,387.19,9.4215,0.0,387.19,20.85,4.0,True,9324;9345
GOOG,Long,812,2014-09-17T20:00:00Z,29.197664,2014-09-23T20:00:00Z,29.469576,220.79,9.5272,0.0,639.05,571.89,6.0,True,9273;9346
LVS,Long,534,2014-09-18T20:00:00Z,44.714256,2014-09-23T20:00:00Z,42.597185,-1130.52,9.4804,-1130.52,0.0,1130.52,5.0,False,9305;9347
MDT,Long,486,2014-09-19T20:00:00Z,48.958591,2014-09-23T20:00:00Z,46.435329,-1226.31,9.2645,-1226.31,0.0,1226.31,4.0,False,9323;9348
PG,Short,394,2014-09-19T20:00:00Z,60.392249,2014-09-23T20:00:00Z,60.492224,-39.39,9.4429,-67.53,36.58,75.97,4.0,False,9320;9349
JPM,Long,531,2014-09-19T20:00:00Z,44.963826,2014-09-23T20:00:00Z,44.236256,-386.34,9.4263,-386.34,0.0,386.34,4.0,False,9319;9350
AIG,Long,571,2014-09-23T20:00:00Z,41.224805,2014-09-24T20:00:00Z,40.961748,-150.21,9.3986,-150.21,60.08,210.29,1.0,False,9335;9360
AXP,Short,312,2014-09-23T20:00:00Z,75.060206,2014-09-24T20:00:00Z,75.026285,10.58,9.3575,-2.65,10.58,2.65,1.0,True,9334;9361
DOW,Long,381,2014-09-23T20:00:00Z,61.950909,2014-09-24T20:00:00Z,62.056268,40.14,9.4832,0.0,267.61,227.47,1.0,True,9354;9362
EMR,Short,503,2014-09-23T20:00:00Z,46.631504,2014-09-24T20:00:00Z,46.376089,128.47,9.3757,-113.79,128.47,113.79,1.0,True,9357;9363
EPD,Short,1324,2014-09-23T20:00:00Z,17.746726,2014-09-24T20:00:00Z,17.503377,322.19,9.2862,0.0,322.19,0.0,1.0,True,9353;9364
MCD,Short,343,2014-09-18T20:00:00Z,68.918266,2014-09-24T20:00:00Z,69.028771,-37.9,9.5253,-366.4,10.11,376.51,6.0,False,9289;9365
OXY,Short,361,2014-09-23T20:00:00Z,65.295947,2014-09-24T20:00:00Z,65.795213,-180.24,9.4925,-397.0,0.0,397.0,1.0,False,9337;9366
PRU,Long,429,2014-09-23T20:00:00Z,54.980011,2014-09-24T20:00:00Z,54.602614,-161.9,9.3765,-161.9,0.0,161.9,1.0,False,9358;9367
UNP,Short,281,2014-09-18T20:00:00Z,84.19239,2014-09-24T20:00:00Z,82.76683,400.58,9.3939,0.0,441.5,191.68,6.0,True,9301;9368
USB,Long,831,2014-09-23T20:00:00Z,28.352667,2014-09-24T20:00:00Z,28.15472,-164.49,9.3389,-219.33,0.0,219.33,1.0,False,9336;9369
JPM,Short,532,2014-09-23T20:00:00Z,44.236256,2014-09-24T20:00:00Z,44.512733,-147.09,9.5315,-317.4,0.0,317.4,1.0,False,9350;9370
PG,Long,389,2014-09-23T20:00:00Z,60.492224,2014-09-24T20:00:00Z,60.27085,-86.11,9.4958,-86.11,147.23,233.34,1.0,False,9349;9371
SPY,Long,454,2014-09-23T20:00:00Z,162.534476,2014-09-24T20:00:00Z,162.247761,-130.17,35.8015,-130.17,431.42,561.58,1.0,False,9341;9379
ABBV,Short,661,2014-09-24T20:00:00Z,35.773965,2014-09-26T20:00:00Z,36.257146,-319.38,9.683,-589.63,0.0,589.63,2.0,False,9374;9382
UTX,Short,554,2014-09-24T20:00:00Z,42.603403,2014-09-26T20:00:00Z,42.066978,297.18,14.1801,0.0,297.18,167.58,2.0,True,9373;9384
SPY,Long,192,2014-09-23T20:00:00Z,162.534476,2014-09-26T20:00:00Z,161.13367,-268.95,13.099,-327.15,182.45,509.6,3.0,False,9341;9392
SPY,Long,212,2014-09-23T20:00:00Z,162.534476,2014-09-26T20:00:00Z,161.13367,-296.97,19.108,-361.23,201.45,562.68,3.0,False,9359;9392
ABT,Long,684,2014-09-19T20:00:00Z,34.836583,2014-09-26T20:00:00Z,33.363611,-1007.51,9.2735,-1077.93,0.0,1077.93,7.0,False,9322;9393
BK,Long,802,2014-09-23T20:00:00Z,29.430651,2014-09-26T20:00:00Z,29.019086,-330.08,9.3501,-408.09,0.0,408.09,3.0,False,9340;9394
BLK,Short,96,2014-09-17T20:00:00Z,244.388348,2014-09-26T20:00:00Z,243.651813,70.71,9.4964,-469.95,485.67,955.62,9.0,True,9280;9395
COF,Short,351,2014-09-23T20:00:00Z,66.71061,2014-09-26T20:00:00Z,65.292778,497.66,9.2553,0.0,508.97,169.66,3.0,True,9339;9396
GM,Short,920,2014-09-18T20:00:00Z,25.794204,2014-09-26T20:00:00Z,25.110007,629.46,9.4013,-6.99,734.37,300.74,8.0,True,9304;9397
MET,Long,1415,2014-09-16T20:00:00Z,16.698469,2014-09-26T20:00:00Z,16.494904,-288.05,9.4109,-369.73,434.22,803.95,10.0,False,9264;9398
WFC,Short,620,2014-09-19T20:00:00Z,38.46061,2014-09-26T20:00:00Z,36.896354,969.84,9.3629,0.0,969.84,195.75,7.0,True,9318;9399
PG,Short,391,2014-09-24T20:00:00Z,60.27085,2014-09-26T20:00:00Z,60.392249,-47.47,9.4344,-50.26,19.55,69.8,2.0,False,9371;9400
JPM,Long,531,2014-09-24T20:00:00Z,44.512733,2014-09-26T20:00:00Z,43.90885,-320.66,9.4116,-397.93,0.0,397.93,2.0,False,9370;9401
SPY,Long,147,2014-09-23T20:00:00Z,162.534476,2014-09-26T20:00:00Z,161.13367,-205.92,4.7662,-250.47,139.69,390.16,3.0,False,9359;9408
ACN,Long,375,2014-09-23T20:00:00Z,62.96061,2014-09-29T20:00:00Z,62.189696,-289.09,9.5085,-289.09,292.07,581.17,6.0,False,9356;9409
BIIB,Short,70,2014-09-26T20:00:00Z,333.87,2014-09-29T20:00:00Z,329.7,291.9,9.2918,0.0,291.9,0.0,3.0,True,9388;9410
DHR,Short,556,2014-09-26T20:00:00Z,42.326022,2014-09-29T20:00:00Z,42.063232,146.11,9.432,-27.98,146.11,27.98,3.0,True,9390;9411
WMB,Long,817,2014-09-24T20:00:00Z,28.85863,2014-09-29T20:00:00Z,29.014258,127.15,9.5081,-148.34,372.97,245.82,5.0,True,9378;9412
F,Long,2634,2014-09-18T20:00:00Z,8.989692,2014-09-29T20:00:00Z,8.783032,-544.34,9.079,-2034.12,200.55,2234.66,11.0,False,9290;9413
MCD,Short,339,2014-09-26T20:00:00Z,69.286616,2014-09-29T20:00:00Z,69.441323,-52.45,9.5366,-544.44,0.0,544.44,3.0,False,9386;9414
MRK,Short,591,2014-09-23T20:00:00Z,39.691065,2014-09-29T20:00:00Z,38.89342,471.41,9.3276,-58.44,471.41,58.44,6.0,True,9351;9415
ABT,Long,708,2014-09-29T20:00:00Z,33.133954,2014-09-30T20:00:00Z,33.252742,84.1,9.3622,-140.17,84.1,140.17,1.0,True,9422;9425
BA,Short,215,2014-09-16T20:00:00Z,109.858492,2014-09-30T20:00:00Z,111.797581,-416.9,9.5234,-562.73,0.0,562.73,14.0,False,9262;9426
DUK,Short,521,2014-09-26T20:00:00Z,45.134022,2014-09-30T20:00:00Z,45.360028,-117.75,9.474,-280.05,0.0,280.05,4.0,False,9406;9427
EMR,Long,516,2014-09-26T20:00:00Z,45.617141,2014-09-30T20:00:00Z,45.675522,30.12,9.4613,0.0,60.25,30.12,4.0,True,9407;9428
GD,Long,240,2014-09-24T20:00:00Z,98.017756,2014-09-30T20:00:00Z,99.074551,253.63,9.4768,-210.74,290.93,210.74,6.0,True,9377;9429
HON,Short,343,2014-09-29T20:00:00Z,67.888801,2014-09-30T20:00:00Z,68.623289,-251.93,9.4045,-251.93,0.0,251.93,1.0,False,9421;9430
LVS,Long,535,2014-09-29T20:00:00Z,43.002128,2014-09-30T20:00:00Z,42.703749,-159.63,9.3013,-159.63,638.53,798.16,1.0,False,9423;9431
ORCL,Short,716,2014-09-23T20:00:00Z,32.882447,2014-09-30T20:00:00Z,31.933434,679.49,9.1922,0.0,727.18,113.25,7.0,True,9332;9432
COP,Short,453,2014-09-26T20:00:00Z,51.95694,2014-10-01T20:00:00Z,51.093223,391.26,9.2884,-72.79,788.59,397.33,5.0,True,9385;9441
CVS,Short,412,2014-09-30T20:00:00Z,57.017544,2014-10-01T20:00:00Z,56.625548,161.5,9.3219,0.0,252.53,91.03,1.0,True,9434;9442
DOW,Long,378,2014-09-26T20:00:00Z,62.22032,2014-10-01T20:00:00Z,61.583734,-240.63,9.2705,-1038.27,285.19,1323.46,5.0,False,9404;9443
GM,Short,960,2014-09-30T20:00:00Z,24.532241,2014-10-01T20:00:00Z,24.342187,182.45,9.4043,-160.56,182.45,160.56,1.0,True,9437;9444
HPQ,Long,2188,2014-09-26T20:00:00Z,10.742105,2014-10-01T20:00:00Z,10.787842,100.07,9.3294,-453.66,160.12,613.78,5.0,True,9389;9445
INTC,Short,883,2014-09-30T20:00:00Z,26.627516,2014-10-01T20:00:00Z,26.337838,255.79,9.2635,0.0,632.73,376.95,1.0,True,9433;9446
MA,Short,332,2014-09-17T20:00:00Z,71.531266,2014-10-01T20:00:00Z,68.684158,945.24,9.2386,-284.19,1099.69,472.62,14.0,True,9277;9447
MDT,Long,503,2014-09-24T20:00:00Z,46.859529,2014-10-01T20:00:00Z,45.430245,-718.93,9.3111,-776.24,0.0,776.24,7.0,False,9376;9448
PG,Long,390,2014-09-26T20:00:00Z,60.392249,2014-10-01T20:00:00Z,59.870949,-203.31,4.6309,-398.26,0.0,398.26,5.0,False,9400;9449
PNC,Long,397,2014-09-26T20:00:00Z,59.332631,2014-10-01T20:00:00Z,59.388128,22.03,9.389,-261.63,44.06,305.7,5.0,True,9391;9450
TXN,Short,671,2014-09-23T20:00:00Z,35.141929,2014-10-01T20:00:00Z,34.318459,552.55,9.2615,-77.55,857.9,305.36,8.0,True,9355;9451
ACN,Short,364,2014-10-01T20:00:00Z,64.518333,2014-10-02T20:00:00Z,63.175194,488.9,9.2081,0.0,506.26,17.36,1.0,True,9457;9463
EPD,Short,1336,2014-09-29T20:00:00Z,17.503377,2014-10-02T20:00:00Z,17.494528,11.82,9.4117,-437.43,130.05,437.43,3.0,True,9420;9464
WMB,Long,821,2014-10-01T20:00:00Z,28.708189,2014-10-02T20:00:00Z,28.334682,-306.65,9.3298,-306.65,0.0,306.65,1.0,False,9459;9465
FDX,Long,267,2014-10-01T20:00:00Z,87.823479,2014-10-02T20:00:00Z,86.274295,-413.63,9.2389,-413.63,0.0,413.63,1.0,False,9458;9466
GS,Long,166,2014-09-11T20:00:00Z,141.268201,2014-10-02T20:00:00Z,142.809137,255.8,9.5465,0.0,1196.33,943.16,21.0,True,9235;9467
PSX,Short,437,2014-09-30T20:00:00Z,53.543511,2014-10-02T20:00:00Z,52.019328,666.07,9.1337,0.0,1073.75,407.68,2.0,True,9438;9468
IBM,Long,210,2014-09-29T20:00:00Z,111.09876,2014-10-02T20:00:00Z,110.597811,-105.2,9.3207,-198.02,163.37,361.39,3.0,False,9416;9469
LLY,Short,444,2014-09-30T20:00:00Z,53.035713,2014-10-02T20:00:00Z,52.760118,122.36,9.3342,0.0,215.94,93.57,2.0,True,9435;9470
MET,Long,1435,2014-09-30T20:00:00Z,16.431099,2014-10-02T20:00:00Z,15.887245,-780.43,9.2666,-810.95,0.0,810.95,2.0,False,9436;9471
MMM,Short,344,2014-09-29T20:00:00Z,67.700541,2014-10-02T20:00:00Z,66.538093,399.88,9.2819,-125.58,399.88,125.58,3.0,True,9417;9472
MO,Short,1178,2014-09-10T20:00:00Z,20.040047,2014-10-02T20:00:00Z,21.260833,-1438.09,9.7215,-1591.33,0.0,1591.33,22.0,False,9217;9473
MS,Long,945,2014-09-26T20:00:00Z,25.031624,2014-10-02T20:00:00Z,24.747836,-268.18,9.4798,-302.56,116.9,419.46,6.0,False,9403;9474
PCLN,Long,517,2014-09-26T20:00:00Z,45.58603,2014-10-02T20:00:00Z,44.543936,-538.76,9.3505,-586.03,0.0,586.03,6.0,False,9405;9475
SLB,Long,313,2014-09-09T20:00:00Z,75.138687,2014-10-02T20:00:00Z,70.623176,-1413.36,9.081,-1512.38,103.53,1615.91,23.0,False,9198;9476
SO,Short,905,2014-10-01T20:00:00Z,26.112714,2014-10-02T20:00:00Z,26.237997,-113.38,9.5262,-194.37,0.0,194.37,1.0,False,9460;9477
UTX,Long,558,2014-09-26T20:00:00Z,42.066978,2014-10-02T20:00:00Z,41.752383,-175.54,4.647,-238.56,292.57,531.13,6.0,False,9384;9478
JPM,Short,537,2014-09-26T20:00:00Z,43.90885,2014-10-02T20:00:00Z,43.318388,317.08,9.2921,0.0,435.08,118.0,6.0,True,9401;9479
CVX,Long,328,2014-10-01T20:00:00Z,71.407746,2014-10-02T20:00:00Z,70.752518,-214.91,13.9319,-331.24,0.0,331.24,1.0,False,9453;9480
KO,Short,803,2014-10-01T20:00:00Z,29.266809,2014-10-02T20:00:00Z,29.321886,-44.23,14.1359,-82.93,0.0,82.93,1.0,False,9454;9481
SPY,Long,230,2014-09-23T20:00:00Z,162.534476,2014-10-02T20:00:00Z,159.069324,-796.98,9.9382,-796.98,218.56,1015.54,9.0,False,9359;9494
SPY,Long,82,2014-09-29T20:00:00Z,160.724077,2014-10-02T20:00:00Z,159.069324,-135.69,10.9364,-135.69,226.37,236.45,3.0,False,9424;9494
MCK,Short,130,2014-09-30T20:00:00Z,180.133181,2014-10-06T20:00:00Z,183.387495,-423.06,9.3266,-423.06,468.35,891.41,6.0,False,9439;9502
ABT,Long,716,2014-10-01T20:00:00Z,33.308176,2014-10-06T20:00:00Z,33.284419,-17.01,9.4737,-481.96,170.1,481.96,5.0,False,9456;9515
AXP,Short,319,2014-09-26T20:00:00Z,73.872947,2014-10-06T20:00:00Z,74.5353,-211.29,9.5041,-227.24,282.53,493.82,10.0,False,9387;9516
BA,Short,217,2014-10-02T20:00:00Z,108.258527,2014-10-06T20:00:00Z,110.249788,-432.1,9.4508,-432.1,0.0,432.1,4.0,False,9485;9517
CAT,Long,314,2014-09-23T20:00:00Z,75.073554,2014-10-06T20:00:00Z,72.74425,-731.4,9.253,-815.52,74.78,890.3,13.0,False,9338;9518
CL,Long,480,2014-10-02T20:00:00Z,48.909994,2014-10-06T20:00:00Z,49.204587,141.4,9.4306,0.0,257.43,116.02,4.0,True,9487;9519
CVX,Short,332,2014-10-02T20:00:00Z,70.752518,2014-10-06T20:00:00Z,70.878755,-41.91,4.7135,-77.83,3.99,81.83,4.0,False,9480;9520
EBAY,Long,1204,2014-09-24T20:00:00Z,19.611807,2014-10-06T20:00:00Z,20.2205,732.87,9.5165,-308.34,1693.64,1376.36,12.0,True,9375;9521
GD,Long,243,2014-10-02T20:00:00Z,95.663278,2014-10-06T20:00:00Z,96.479186,198.27,9.2498,0.0,198.27,81.19,4.0,True,9490;9522
JPM,Long,541,2014-10-02T20:00:00Z,43.318388,2014-10-06T20:00:00Z,44.534292,657.8,4.7695,0.0,657.8,47.55,4.0,True,9479;9523
SCHW,Short,945,2014-10-02T20:00:00Z,24.922066,2014-10-06T20:00:00Z,25.752225,-784.5,9.602,-784.5,0.0,784.5,4.0,False,9492;9524
LOW,Short,556,2014-10-02T20:00:00Z,42.269528,2014-10-06T20:00:00Z,43.153492,-491.48,9.5285,-491.48,0.0,491.48,4.0,False,9488;9525
NEE,Long,1367,2014-10-02T20:00:00Z,17.16523,2014-10-06T20:00:00Z,17.214498,67.35,9.3505,-102.27,67.35,142.18,4.0,True,9491;9526
UNP,Long,290,2014-10-02T20:00:00Z,81.16499,2014-10-06T20:00:00Z,84.452977,953.52,9.5756,0.0,953.52,44.45,4.0,True,9484;9527
USB,Short,848,2014-09-29T20:00:00Z,27.537262,2014-10-06T20:00:00Z,27.816019,-236.39,9.3722,-236.39,129.45,365.84,7.0,False,9419;9528
AIG,Short,585,2014-10-06T20:00:00Z,40.232704,2014-10-06T20:00:00Z,40.232704,0.0,13.9212,0.0,0.0,0.0,0.0,False,9507;9531
COF,Long,362,2014-10-02T20:00:00Z,64.994711,2014-10-06T20:00:00Z,66.71061,621.16,14.2168,0.0,621.16,17.5,4.0,True,9489;9536
AIG,Long,585,2014-10-06T20:00:00Z,40.232704,2014-10-07T20:00:00Z,39.315762,-536.41,4.4856,-1108.0,0.0,1108.0,1.0,False,9531;9540
DHR,Short,560,2014-10-06T20:00:00Z,42.074414,2014-10-07T20:00:00Z,41.660659,231.7,9.2781,0.0,619.96,388.26,1.0,True,9508;9541
EMR,Long,515,2014-10-06T20:00:00Z,45.675522,2014-10-07T20:00:00Z,45.193882,-248.04,9.2799,-597.56,0.0,597.56,1.0,False,9511;9542
MCK,Long,128,2014-10-06T20:00:00Z,183.387495,2014-10-07T20:00:00Z,178.877291,-577.31,9.1595,-749.79,0.0,749.79,1.0,False,9535;9543
PRU,Short,450,2014-10-06T20:00:00Z,52.386162,2014-10-07T20:00:00Z,51.691274,312.7,9.2462,0.0,730.53,417.83,1.0,True,9514;9544
SO,Short,892,2014-10-06T20:00:00Z,26.428906,2014-10-07T20:00:00Z,26.237997,170.29,9.3862,0.0,170.29,0.0,1.0,True,9538;9545
TJX,Long,906,2014-10-06T20:00:00Z,25.961674,2014-10-07T20:00:00Z,25.439639,-472.96,9.2278,-569.09,0.0,569.09,1.0,False,9512;9546
UNH,Short,329,2014-09-08T20:00:00Z,71.502319,2014-10-07T20:00:00Z,69.513811,654.22,9.2519,-237.42,845.48,587.24,29.0,True,9162;9547
OXY,Short,355,2014-09-29T20:00:00Z,65.424137,2014-10-07T20:00:00Z,64.432351,352.08,13.785,-26.35,641.89,668.24,8.0,True,9418;9548
MS,Long,921,2014-10-06T20:00:00Z,25.722905,2014-10-07T20:00:00Z,25.271753,-415.51,13.8146,-891.34,0.0,891.34,1.0,False,9533;9550
COF,Short,354,2014-10-06T20:00:00Z,66.71061,2014-10-07T20:00:00Z,65.687515,362.18,9.2192,0.0,567.5,205.33,1.0,True,9536;9552
SPY,Long,256,2014-09-29T20:00:00Z,160.724077,2014-10-07T20:00:00Z,159.978619,-190.84,18.3684,-608.16,706.73,922.73,8.0,False,9424;9556
SPY,Long,324,2014-09-30T20:00:00Z,161.952855,2014-10-07T20:00:00Z,159.978619,-639.65,20.9492,-1167.83,496.33,1167.83,7.0,False,9440;9556
CSCO,Long,1337,2014-10-02T20:00:00Z,17.620007,2014-10-08T20:00:00Z,17.261705,-479.05,9.3405,-479.05,216.04,695.09,6.0,False,9483;9557
EOG,Short,346,2014-10-07T20:00:00Z,67.67599,2014-10-08T20:00:00Z,66.436712,428.79,9.2737,0.0,428.79,0.0,1.0,True,9551;9558
EPD,Short,1353,2014-10-06T20:00:00Z,17.361793,2014-10-08T20:00:00Z,17.16269,269.39,9.2573,0.0,604.62,335.24,2.0,True,9532;9559
WMB,Long,820,2014-10-07T20:00:00Z,28.511061,2014-10-08T20:00:00Z,28.013051,-408.37,9.1755,-472.18,0.0,472.18,1.0,False,9553;9560
KMI,Long,1123,2014-10-07T20:00:00Z,20.803953,2014-10-08T20:00:00Z,20.620516,-206.0,9.2712,-206.0,0.0,206.0,1.0,False,9554;9561
HAL,Short,477,2014-10-06T20:00:00Z,49.288411,2014-10-08T20:00:00Z,48.262563,489.33,9.2624,0.0,595.54,106.21,2.0,True,9509;9562
HPQ,Long,2088,2014-10-07T20:00:00Z,11.129345,2014-10-08T20:00:00Z,10.638434,-1025.02,9.0584,-1025.02,0.0,1025.02,1.0,False,9549;9563
JNJ,Short,304,2014-09-19T20:00:00Z,78.172681,2014-10-08T20:00:00Z,74.23108,1198.25,9.3789,-165.2,1211.46,555.07,19.0,True,9317;9564
MMM,Short,348,2014-10-06T20:00:00Z,67.570846,2014-10-08T20:00:00Z,66.408399,404.53,9.4196,-123.7,499.81,623.51,2.0,True,9529;9565
MS,Short,922,2014-10-07T20:00:00Z,25.271753,2014-10-08T20:00:00Z,24.769666,462.92,4.6292,0.0,462.92,0.0,1.0,True,9550;9566
PNC,Short,398,2014-10-06T20:00:00Z,59.291009,2014-10-08T20:00:00Z,57.910535,549.43,9.3784,0.0,610.17,433.47,2.0,True,9510;9567
TGT,Short,533,2014-10-06T20:00:00Z,44.142688,2014-10-08T20:00:00Z,43.033365,591.27,9.3034,0.0,643.33,472.27,2.0,True,9513;9568
UTX,Long,557,2014-10-06T20:00:00Z,42.373507,2014-10-08T20:00:00Z,41.018329,-754.83,9.2939,-817.74,0.0,817.74,2.0,False,9505;9569
SPY,Long,246,2014-09-30T20:00:00Z,161.952855,2014-10-08T20:00:00Z,158.397592,-874.59,7.9241,-886.69,376.84,886.69,8.0,False,9440;9580
BAX,Short,732,2014-10-01T20:00:00Z,31.972716,2014-10-09T20:00:00Z,32.722006,-548.48,9.4142,-627.3,0.0,627.3,8.0,False,9461;9581
BMY,Short,693,2014-08-28T20:00:00Z,33.860473,2014-10-09T20:00:00Z,34.120733,-180.36,9.3927,-842.06,144.71,935.62,42.0,False,9081;9582
ABBV,Short,669,2014-10-08T20:00:00Z,35.03061,2014-10-09T20:00:00Z,36.176616,-766.68,9.5366,-766.68,0.0,766.68,1.0,False,9573;9583
LLY,Short,451,2014-10-08T20:00:00Z,51.900912,2014-10-09T20:00:00Z,52.638533,-332.67,9.4711,-332.67,0.0,332.67,1.0,False,9575;9584
MDT,Long,491,2014-10-06T20:00:00Z,47.965989,2014-10-09T20:00:00Z,48.098289,64.96,9.2783,-581.02,169.62,750.64,3.0,True,9534;9585
NEE,Long,1383,2014-10-08T20:00:00Z,17.013778,2014-10-09T20:00:00Z,17.398796,532.48,9.5347,0.0,532.48,0.0,1.0,True,9578;9586
COF,Long,354,2014-10-07T20:00:00Z,65.687515,2014-10-09T20:00:00Z,66.549493,305.14,9.2637,-28.52,347.92,376.43,2.0,True,9552;9594
AMT,Long,333,2014-10-02T20:00:00Z,70.489618,2014-10-09T20:00:00Z,71.831703,446.91,14.1104,-32.64,461.98,145.62,7.0,True,9493;9595
SCHW,Short,914,2014-10-07T20:00:00Z,25.52739,2014-10-09T20:00:00Z,24.731821,727.15,13.2247,0.0,1889.01,1161.86,2.0,True,9555;9596
COF,Short,352,2014-10-09T20:00:00Z,66.549493,2014-10-10T20:00:00Z,65.606956,331.77,4.5563,0.0,643.7,311.92,1.0,True,9594;9597
CVS,Long,406,2014-10-08T20:00:00Z,57.936952,2014-10-10T20:00:00Z,58.578399,260.43,9.549,0.0,344.34,83.92,2.0,True,9572;9598
HON,Short,349,2014-10-02T20:00:00Z,67.315899,2014-10-10T20:00:00Z,65.773473,538.31,9.1779,-79.46,961.26,425.52,8.0,True,9486;9599
INTC,Long,905,2014-10-06T20:00:00Z,26.032914,2014-10-10T20:00:00Z,24.874201,-1048.63,9.1093,-1545.36,82.79,1628.14,4.0,False,9504;9600
SCHW,Long,945,2014-10-09T20:00:00Z,24.731821,2014-10-10T20:00:00Z,23.42605,-1233.95,4.287,-1936.74,0.0,1936.74,1.0,False,9596;9601
NKE,Long,625,2014-10-09T20:00:00Z,37.417242,2014-10-10T20:00:00Z,36.989979,-267.04,9.2232,-333.14,0.0,333.14,1.0,False,9591;9602
OXY,Long,358,2014-10-07T20:00:00Z,64.432351,2014-10-10T20:00:00Z,62.482513,-698.04,4.4235,-949.24,14.49,963.73,3.0,False,9548;9603
SLB,Long,332,2014-10-08T20:00:00Z,70.184567,2014-10-10T20:00:00Z,67.739863,-811.64,9.1434,-1083.78,0.0,1083.78,2.0,False,9571;9604
PRU,Short,462,2014-10-08T20:00:00Z,50.91851,2014-10-10T20:00:00Z,49.888159,476.02,13.8997,0.0,788.76,312.74,2.0,True,9579;9614
SPY,Long,79,2014-09-30T20:00:00Z,161.952855,2014-10-10T20:00:00Z,157.865122,-322.93,13.642,-463.36,121.02,463.36,10.0,False,9440;9617
SPY,Long,189,2014-10-01T20:00:00Z,161.174629,2014-10-10T20:00:00Z,157.865122,-625.5,6.0187,-961.47,436.61,1055.91,9.0,False,9462;9617
SPY,Long,169,2014-10-06T20:00:00Z,161.674332,2014-10-10T20:00:00Z,157.865122,-643.76,17.4314,-944.18,305.96,944.18,4.0,False,9539;9617
SPY,Long,373,2014-10-06T20:00:00Z,161.674332,2014-10-14T20:00:00Z,154.383586,-2719.45,11.4785,-3028.06,675.28,3028.06,8.0,False,9539;9618
AMGN,Short,233,2014-09-23T20:00:00Z,100.835517,2014-10-14T20:00:00Z,96.243036,1070.05,9.0401,-66.26,1596.79,669.19,21.0,True,9333;9619
BIIB,Long,73,2014-10-10T20:00:00Z,318.4,2014-10-14T20:00:00Z,308.36,-732.92,9.0041,-1227.86,0.0,1227.86,4.0,False,9608;9620
BK,Long,811,2014-10-06T20:00:00Z,29.15378,2014-10-14T20:00:00Z,27.245614,-1547.52,9.1431,-1583.93,0.0,1583.93,8.0,False,9537;9621
REGN,Long,66,2014-10-10T20:00:00Z,350.076392,2014-10-14T20:00:00Z,330.966726,-1261.24,8.782,-1654.84,0.0,1654.84,4.0,False,9616;9622
KMI,Long,1182,2014-10-10T20:00:00Z,19.773467,2014-10-14T20:00:00Z,19.158412,-726.99,9.0555,-1371.09,0.0,1371.09,4.0,False,9615;9623
MCD,Short,339,2014-10-09T20:00:00Z,69.08034,2014-10-14T20:00:00Z,66.914443,734.24,9.1815,0.0,759.21,92.4,5.0,True,9590;9624
MCK,Short,130,2014-10-10T20:00:00Z,179.60149,2014-10-14T20:00:00Z,174.16541,706.69,9.1188,0.0,869.96,163.27,4.0,True,9613;9625
PM,Long,490,2014-08-29T20:00:00Z,48.014738,2014-10-14T20:00:00Z,47.958312,-27.65,9.394,-454.71,215.19,669.9,46.0,False,9092;9626
UNP,Long,290,2014-10-10T20:00:00Z,80.889075,2014-10-14T20:00:00Z,75.493404,-1564.74,8.9564,-1655.87,0.0,1655.87,4.0,False,9607;9627
UPS,Short,376,2014-09-23T20:00:00Z,62.697116,2014-10-14T20:00:00Z,61.047023,620.43,9.2882,-182.76,808.01,543.48,21.0,True,9352;9628
WMT,Short,1137,2014-10-08T20:00:00Z,20.67194,2014-10-14T20:00:00Z,20.800155,-145.78,9.4891,-273.34,0.0,273.34,6.0,False,9570;9629
KO,Long,799,2014-10-02T20:00:00Z,29.321886,2014-10-14T20:00:00Z,30.361474,830.63,9.41,0.0,1078.17,500.58,12.0,True,9481;9630
FB,Short,310,2014-09-23T20:00:00Z,75.566252,2014-10-14T20:00:00Z,73.278167,709.31,14.0215,-844.41,1037.86,844.41,21.0,True,9331;9631
GILD,Short,321,2014-09-26T20:00:00Z,74.027922,2014-10-14T20:00:00Z,69.585018,1426.17,13.4635,-87.63,2473.35,1047.17,18.0,True,9402;9633
AMT,Short,326,2014-10-09T20:00:00Z,71.831703,2014-10-14T20:00:00Z,70.572556,410.48,9.2625,0.0,548.13,137.65,5.0,True,9595;9647
ACN,Long,375,2014-10-08T20:00:00Z,62.730131,2014-10-15T20:00:00Z,59.771335,-1109.55,9.3368,-1109.55,0.0,1109.55,7.0,False,9576;9650
WMB,Short,937,2014-10-14T20:00:00Z,24.952366,2014-10-15T20:00:00Z,24.578858,349.98,9.4912,-782.59,349.98,782.59,1.0,True,9648;9654
HAL,Long,582,2014-10-14T20:00:00Z,40.254588,2014-10-15T20:00:00Z,39.181026,-624.81,9.2806,-624.81,9.26,634.07,1.0,False,9641;9655
PX,Long,240,2014-10-14T20:00:00Z,97.130362,2014-10-15T20:00:00Z,96.739561,-93.79,9.441,-93.79,408.39,502.18,1.0,False,9649;9658
COF,Short,363,2014-10-14T20:00:00Z,64.132733,2014-10-15T20:00:00Z,63.746052,140.37,13.9076,0.0,140.37,0.0,1.0,True,9642;9669
PSX,Long,462,2014-10-08T20:00:00Z,51.132411,2014-10-15T20:00:00Z,45.705792,-2507.1,13.3957,-3017.02,0.0,3017.02,7.0,False,9577;9671
BA,Short,219,2014-10-08T20:00:00Z,107.328112,2014-10-15T20:00:00Z,105.180333,470.36,9.3376,0.0,617.0,350.39,7.0,True,9574;9674
DHR,Long,581,2014-10-14T20:00:00Z,40.251656,2014-10-15T20:00:00Z,39.513606,-428.81,9.3545,-428.81,0.0,428.81,1.0,False,9638;9675
EMR,Short,544,2014-10-14T20:00:00Z,43.179751,2014-10-15T20:00:00Z,42.515672,361.26,9.4102,-71.46,361.26,71.46,1.0,True,9643;9676
EPD,Short,1437,2014-10-10T20:00:00Z,16.153901,2014-10-15T20:00:00Z,14.640717,2174.45,9.2344,0.0,2174.45,1449.63,5.0,True,9610;9677
GILD,Long,336,2014-10-14T20:00:00Z,69.585018,2014-10-15T20:00:00Z,64.835002,-1596.01,4.4101,-1596.01,0.0,1596.01,1.0,False,9633;9678
GM,Long,992,2014-10-10T20:00:00Z,23.011805,2014-10-15T20:00:00Z,22.631696,-377.07,9.0466,-437.4,0.0,437.4,5.0,False,9611;9679
MMM,Short,364,2014-10-14T20:00:00Z,64.198789,2014-10-15T20:00:00Z,63.675207,190.58,9.3858,-99.66,190.58,99.66,1.0,True,9637;9680
MRK,Short,592,2014-10-09T20:00:00Z,39.578999,2014-10-15T20:00:00Z,36.408197,1877.12,8.8931,0.0,2072.24,195.13,6.0,True,9589;9681
ORCL,Short,740,2014-10-01T20:00:00Z,31.891811,2014-10-15T20:00:00Z,31.706605,137.05,9.4262,-548.85,137.05,573.49,14.0,True,9455;9682
SLB,Long,356,2014-10-14T20:00:00Z,65.381443,2014-10-15T20:00:00Z,63.116497,-806.32,9.1214,-806.32,0.0,806.32,1.0,False,9635;9683
USB,Long,856,2014-10-09T20:00:00Z,27.417794,2014-10-15T20:00:00Z,26.362498,-903.33,9.0345,-1352.16,0.0,1352.16,6.0,False,9592;9684
V,Long,482,2014-09-02T20:00:00Z,48.899988,2014-10-15T20:00:00Z,46.003705,-1396.01,9.1664,-1453.44,429.63,1883.07,43.0,False,9104;9685
WFC,Short,633,2014-10-01T20:00:00Z,37.2049,2014-10-15T20:00:00Z,34.535619,1689.65,9.0033,-136.26,1816.83,486.0,14.0,True,9452;9686
FB,Long,322,2014-10-14T20:00:00Z,73.278167,2014-10-15T20:00:00Z,70.93065,-755.9,9.282,-755.9,0.0,755.9,1.0,False,9631;9687
KO,Short,767,2014-10-14T20:00:00Z,30.361474,2014-10-15T20:00:00Z,29.397618,739.28,9.1669,0.0,739.28,0.0,1.0,True,9630;9688
INTC,Short,970,2014-10-14T20:00:00Z,24.462554,2014-10-15T20:00:00Z,23.265726,1160.92,13.9001,0.0,1160.92,0.0,1.0,True,9634;9689
UNP,Long,302,2014-10-15T20:00:00Z,75.685012,2014-10-15T20:00:00Z,75.685012,0.0,13.8461,0.0,0.0,0.0,0.0,False,9665;9691
SPY,Short,149,2014-10-15T20:00:00Z,151.704852,2014-10-15T20:00:00Z,151.704852,0.0,21.7474,0.0,0.0,0.0,0.0,False,9673;9701
SPY,Short,414,2014-10-15T20:00:00Z,151.704852,2014-10-16T20:00:00Z,149.92722,735.94,12.6344,-366.27,735.94,366.27,1.0,True,9673;9702
AAPL,Short,1070,2014-10-15T20:00:00Z,21.546064,2014-10-16T20:00:00Z,21.000817,583.41,9.1182,0.0,583.41,0.0,1.0,True,9663;9703
ADP,Long,420,2014-10-15T20:00:00Z,54.836417,2014-10-16T20:00:00Z,53.91486,-387.05,9.1748,-387.05,0.0,387.05,1.0,False,9672;9704
AXP,Short,330,2014-10-15T20:00:00Z,69.151203,2014-10-16T20:00:00Z,68.002936,378.93,9.0477,0.0,378.93,0.0,1.0,True,9694;9705
BIIB,Long,77,2014-10-15T20:00:00Z,297.29,2014-10-16T20:00:00Z,299.91,201.74,9.3698,0.0,419.65,217.91,1.0,True,9667;9706
BLK,Long,101,2014-10-15T20:00:00Z,227.284362,2014-10-16T20:00:00Z,225.037558,-226.93,9.3335,-226.93,389.98,616.91,1.0,False,9668;9707
COP,Short,519,2014-10-15T20:00:00Z,43.078861,2014-10-16T20:00:00Z,43.951121,-452.7,9.3467,-1130.0,0.0,1130.0,1.0,False,9666;9708
FDX,Short,277,2014-10-15T20:00:00Z,82.095861,2014-10-16T20:00:00Z,82.739536,-178.3,9.2398,-216.07,0.0,216.07,1.0,False,9695;9709
MO,Long,1088,2014-10-14T20:00:00Z,21.418802,2014-10-16T20:00:00Z,20.79157,-682.43,9.2355,-682.43,0.0,682.43,2.0,False,9636;9710
PNC,Short,408,2014-10-15T20:00:00Z,56.502961,2014-10-16T20:00:00Z,53.66316,1158.64,8.9315,0.0,1158.64,0.0,1.0,True,9696;9711
PRU,Long,468,2014-10-10T20:00:00Z,49.888159,2014-10-16T20:00:00Z,45.599024,-2007.32,4.4195,-2007.32,0.0,2007.32,6.0,False,9614;9712
SO,Long,830,2014-10-15T20:00:00Z,27.896516,2014-10-16T20:00:00Z,27.663846,-193.12,9.2309,-198.07,0.0,198.07,1.0,False,9670;9713
AMT,Long,332,2014-10-14T20:00:00Z,70.572556,2014-10-20T20:00:00Z,70.278504,-97.63,4.7105,-405.52,122.66,405.52,6.0,False,9647;9727
WMB,Long,934,2014-10-15T20:00:00Z,24.578858,2014-10-20T20:00:00Z,26.97553,2238.49,9.9841,0.0,2878.06,639.57,5.0,True,9699;9729
KMI,Long,1248,2014-10-15T20:00:00Z,18.311363,2014-10-20T20:00:00Z,19.935323,2026.7,9.8144,0.0,2444.16,417.46,5.0,True,9700;9731
HAL,Short,581,2014-10-16T20:00:00Z,38.878839,2014-10-20T20:00:00Z,42.314236,-1995.97,9.6185,-1995.97,0.0,1995.97,4.0,False,9724;9733
JPM,Short,531,2014-10-09T20:00:00Z,44.160731,2014-10-20T20:00:00Z,41.091674,1629.67,9.0009,0.0,2026.39,602.86,11.0,True,9587;9734
KMB,Short,346,2014-10-14T20:00:00Z,67.454352,2014-10-20T20:00:00Z,67.05032,139.79,9.3689,-259.93,395.36,655.29,6.0,True,9645;9735
UNP,Short,302,2014-10-15T20:00:00Z,75.685012,2014-10-20T20:00:00Z,81.233969,-1675.78,4.9144,-1770.68,0.0,1770.68,5.0,False,9691;9742
INTC,Long,948,2014-10-15T20:00:00Z,23.265726,2014-10-20T20:00:00Z,23.715489,426.38,9.2636,0.0,766.03,339.66,5.0,True,9689;9746
LVS,Long,556,2014-10-14T20:00:00Z,41.211853,2014-10-20T20:00:00Z,44.984219,2097.44,14.2839,0.0,2381.83,442.4,6.0,True,9639;9757
PSX,Short,501,2014-10-15T20:00:00Z,45.705792,2014-10-20T20:00:00Z,47.144569,-720.83,9.4399,-915.02,0.0,915.02,5.0,False,9671;9760
BAX,Long,752,2014-10-15T20:00:00Z,30.572844,2014-10-20T20:00:00Z,30.186982,-290.17,9.1963,-303.66,13.5,317.16,5.0,False,9698;9762
C,Short,615,2014-10-15T20:00:00Z,37.383227,2014-10-20T20:00:00Z,36.700997,419.57,9.0429,0.0,545.89,356.41,5.0,True,9690;9763
EOG,Long,348,2014-10-09T20:00:00Z,66.693114,2014-10-20T20:00:00Z,65.178084,-527.23,9.166,-2453.77,0.0,2453.77,11.0,False,9593;9764
ABBV,Short,687,2014-10-15T20:00:00Z,32.664546,2014-10-20T20:00:00Z,32.789363,-85.75,9.3501,-887.5,0.0,887.5,5.0,False,9693;9765
GS,Short,158,2014-10-06T20:00:00Z,149.533936,2014-10-20T20:00:00Z,139.17411,1636.85,9.1224,0.0,2078.84,656.74,14.0,True,9530;9766
LLY,Long,449,2014-10-10T20:00:00Z,51.876595,2014-10-20T20:00:00Z,50.725583,-516.8,9.2624,-764.29,0.0,764.29,10.0,False,9609;9767
MCD,Long,346,2014-10-15T20:00:00Z,66.663965,2014-10-20T20:00:00Z,67.260692,206.47,9.2798,-160.59,280.39,160.59,5.0,True,9692;9768
MCK,Short,137,2014-10-16T20:00:00Z,167.051754,2014-10-20T20:00:00Z,174.458757,-1014.76,9.5048,-1363.9,0.0,1363.9,4.0,False,9723;9769
MMM,Short,362,2014-10-16T20:00:00Z,63.800098,2014-10-20T20:00:00Z,65.880014,-752.93,9.482,-831.18,0.0,831.18,4.0,False,9719;9770
PEP,Short,360,2014-10-10T20:00:00Z,64.72958,2014-10-20T20:00:00Z,63.53743,429.17,9.3909,-134.74,653.74,691.17,10.0,True,9605;9771
PFE,Short,1435,2014-10-02T20:00:00Z,16.376289,2014-10-20T20:00:00Z,15.650829,1041.04,9.1982,-209.82,1170.16,476.13,18.0,True,9482;9772
PX,Long,236,2014-10-16T20:00:00Z,97.911964,2014-10-20T20:00:00Z,100.631288,641.76,9.5253,0.0,1008.76,366.99,4.0,True,9726;9773
T,Short,1770,2014-09-24T20:00:00Z,13.333895,2014-10-20T20:00:00Z,13.042884,515.09,9.3778,-209.73,813.15,437.05,26.0,True,9372;9774
TGT,Long,559,2014-10-16T20:00:00Z,40.975187,2014-10-20T20:00:00Z,41.163562,105.3,9.3391,0.0,608.41,503.11,4.0,True,9725;9775
UTX,Long,584,2014-10-16T20:00:00Z,39.505854,2014-10-20T20:00:00Z,40.905397,817.33,9.4552,0.0,843.24,25.91,4.0,True,9717;9776
V,Long,509,2014-10-16T20:00:00Z,45.160483,2014-10-20T20:00:00Z,47.094394,984.36,9.5728,0.0,1254.94,270.58,4.0,True,9716;9777
WMT,Short,1164,2014-10-16T20:00:00Z,19.54472,2014-10-20T20:00:00Z,19.801149,-298.48,9.2629,-612.51,0.0,612.51,4.0,False,9714;9778
QCOM,Long,451,2014-10-15T20:00:00Z,50.910863,2014-10-20T20:00:00Z,51.820242,410.13,14.0528,0.0,700.77,290.64,5.0,True,9664;9782
EPD,Long,1409,2014-10-20T20:00:00Z,16.667144,2014-10-20T20:00:00Z,16.667144,0.0,14.24,0.0,0.0,0.0,0.0,False,9751;9785
LOW,Long,553,2014-10-20T20:00:00Z,42.318277,2014-10-20T20:00:00Z,42.318277,0.0,14.3251,0.0,0.0,0.0,0.0,False,9758;9788
COF,Long,360,2014-10-15T20:00:00Z,63.746052,2014-10-20T20:00:00Z,61.377628,-852.63,9.1085,-852.63,0.0,852.63,5.0,False,9669;9790
ABT,Long,718,2014-10-20T20:00:00Z,32.521821,2014-10-21T20:00:00Z,33.365716,605.92,9.5861,0.0,880.29,274.38,1.0,True,9786;9796
AMT,Short,332,2014-10-20T20:00:00Z,70.278504,2014-10-21T20:00:00Z,71.19082,-302.89,9.4967,-598.27,0.0,598.27,1.0,False,9794;9797
BA,Short,218,2014-10-20T20:00:00Z,107.29333,2014-10-21T20:00:00Z,108.875905,-345.0,9.5323,-707.06,0.0,707.06,1.0,False,9749;9798
BLK,Short,99,2014-10-20T20:00:00Z,233.414716,2014-10-21T20:00:00Z,235.148178,-171.61,9.3141,-399.2,0.0,399.2,1.0,False,9756;9799
REGN,Long,63,2014-10-20T20:00:00Z,364.351678,2014-10-21T20:00:00Z,367.175035,177.87,9.326,0.0,825.07,647.2,1.0,True,9793;9800
COP,Short,507,2014-10-20T20:00:00Z,46.094584,2014-10-21T20:00:00Z,47.46045,-692.49,9.5592,-829.62,0.0,829.62,1.0,False,9783;9801
CVS,Long,409,2014-10-20T20:00:00Z,57.060307,2014-10-21T20:00:00Z,58.468587,575.99,9.6161,0.0,909.42,333.43,1.0,True,9747;9802
CVX,Short,347,2014-10-20T20:00:00Z,67.061605,2014-10-21T20:00:00Z,67.975317,-317.06,9.4525,-736.33,0.0,736.33,1.0,False,9744;9803
GD,Short,252,2014-10-14T20:00:00Z,92.580037,2014-10-21T20:00:00Z,94.657679,-523.57,9.5462,-1055.0,135.81,1190.82,7.0,False,9646;9804
HON,Long,353,2014-10-20T20:00:00Z,65.626575,2014-10-21T20:00:00Z,66.544686,324.09,9.4853,0.0,925.61,601.52,1.0,True,9784;9805
INTC,Short,976,2014-10-20T20:00:00Z,23.715489,2014-10-21T20:00:00Z,24.203368,-476.17,4.8525,-1116.02,0.0,1116.02,1.0,False,9746;9806
LVS,Short,515,2014-10-20T20:00:00Z,44.984219,2014-10-21T20:00:00Z,45.076574,-47.56,4.7226,-446.36,0.0,446.36,1.0,False,9757;9807
QCOM,Short,450,2014-10-20T20:00:00Z,51.820242,2014-10-21T20:00:00Z,52.965915,-515.55,4.8333,-847.44,0.0,847.44,1.0,False,9782;9808
IBM,Short,215,2014-10-14T20:00:00Z,109.018347,2014-10-21T20:00:00Z,98.115334,2344.15,13.3143,0.0,2759.76,415.61,7.0,True,9632;9811
SLB,Long,345,2014-10-20T20:00:00Z,67.811766,2014-10-21T20:00:00Z,69.292969,511.01,14.3787,0.0,853.35,342.33,1.0,True,9781;9813
EPD,Short,1409,2014-10-20T20:00:00Z,16.667144,2014-10-21T20:00:00Z,16.941464,-386.52,9.5179,-455.09,0.0,455.09,1.0,False,9785;9816
KMB,Long,348,2014-10-20T20:00:00Z,67.05032,2014-10-21T20:00:00Z,68.559126,525.06,14.4514,0.0,1102.85,577.79,1.0,True,9791;9821
SPY,Long,332,2014-10-20T20:00:00Z,154.080488,2014-10-21T20:00:00Z,157.037745,981.81,34.5796,0.0,1626.38,644.57,1.0,True,9761;9823
SPY,Long,430,2014-10-20T20:00:00Z,154.080488,2014-10-21T20:00:00Z,157.037745,1271.62,36.0732,0.0,2106.45,834.83,1.0,True,9795;9823
EPD,Long,1392,2014-10-21T20:00:00Z,16.941464,2014-10-22T20:00:00Z,17.034379,129.34,4.6832,-166.29,129.34,166.29,1.0,True,9816;9824
HAL,Long,558,2014-10-20T20:00:00Z,42.314236,2014-10-22T20:00:00Z,44.53293,1238.03,9.5271,0.0,1238.03,545.8,2.0,True,9789;9825
PSX,Long,492,2014-10-20T20:00:00Z,47.144569,2014-10-22T20:00:00Z,50.409738,1606.46,4.8737,0.0,1632.32,458.99,2.0,True,9760;9826
IBM,Long,235,2014-10-21T20:00:00Z,98.115334,2014-10-22T20:00:00Z,95.769712,-551.22,4.4837,-638.47,0.0,638.47,1.0,False,9811;9827
MDT,Long,512,2014-10-20T20:00:00Z,45.783044,2014-10-22T20:00:00Z,48.112989,1192.93,9.6714,0.0,1192.93,120.42,2.0,True,9754;9828
MRK,Long,648,2014-10-16T20:00:00Z,35.472118,2014-10-22T20:00:00Z,36.421381,615.12,9.3046,0.0,726.19,111.06,6.0,True,9715;9829
PRU,Short,483,2014-10-21T20:00:00Z,48.977617,2014-10-22T20:00:00Z,50.073862,-529.49,9.606,-529.49,0.0,529.49,1.0,False,9822;9830
SLB,Short,344,2014-10-21T20:00:00Z,69.292969,2014-10-22T20:00:00Z,70.594414,-447.7,4.7486,-447.7,93.99,541.69,1.0,False,9813;9831
TXN,Long,704,2014-10-10T20:00:00Z,31.89139,2014-10-22T20:00:00Z,34.246225,1657.8,9.0884,-1128.93,1657.8,1128.93,12.0,True,9612;9832
UPS,Short,379,2014-10-16T20:00:00Z,60.983066,2014-10-22T20:00:00Z,64.423957,-1304.1,9.4385,-1308.95,0.0,1308.95,6.0,False,9718;9833
DOW,Short,430,2014-10-20T20:00:00Z,54.404467,2014-10-22T20:00:00Z,58.943084,-1951.61,14.182,-1951.61,0.0,1951.61,2.0,False,9787;9844
SPY,Long,233,2014-10-20T20:00:00Z,154.080488,2014-10-22T20:00:00Z,159.282312,1212.03,7.3558,0.0,1212.03,452.36,2.0,True,9795;9848
ACN,Long,382,2014-10-16T20:00:00Z,60.198273,2014-10-24T20:00:00Z,62.912955,1037.01,9.5085,0.0,1113.94,144.63,8.0,True,9722;9850
HON,Long,343,2014-10-22T20:00:00Z,68.718773,2014-10-24T20:00:00Z,68.704083,-5.04,9.3647,-5.04,287.2,292.24,2.0,False,9842;9856
LOW,Short,553,2014-10-20T20:00:00Z,42.318277,2014-10-24T20:00:00Z,44.279624,-1084.62,4.9393,-1294.41,0.0,1294.41,4.0,False,9788;9859
MMM,Short,354,2014-10-21T20:00:00Z,66.480451,2014-10-24T20:00:00Z,69.650762,-1122.29,9.8462,-1732.75,0.0,1732.75,3.0,False,9814;9860
MO,Short,1101,2014-10-20T20:00:00Z,21.242248,2014-10-24T20:00:00Z,21.943818,-772.43,9.6078,-905.43,0.0,905.43,4.0,False,9748;9861
NKE,Short,633,2014-10-20T20:00:00Z,36.719238,2014-10-24T20:00:00Z,38.051791,-843.51,9.6294,-1097.9,0.0,1097.9,4.0,False,9750;9862
QCOM,Short,437,2014-10-22T20:00:00Z,53.710603,2014-10-24T20:00:00Z,54.004182,-128.29,9.4061,-309.78,0.0,309.78,2.0,False,9839;9863
SO,Short,838,2014-10-22T20:00:00Z,27.968106,2014-10-24T20:00:00Z,28.164981,-164.98,9.4589,-264.97,0.0,264.97,2.0,False,9846;9864
GD,Long,242,2014-10-22T20:00:00Z,99.758056,2014-10-24T20:00:00Z,101.74978,482.0,14.5246,0.0,905.4,423.4,2.0,True,9847;9881
BK,Short,849,2014-10-15T20:00:00Z,26.998675,2014-10-24T20:00:00Z,27.350622,-298.8,14.0897,-771.13,0.0,771.13,9.0,False,9697;9883
ABT,Long,695,2014-10-22T20:00:00Z,33.755819,2014-10-24T20:00:00Z,33.708051,-33.2,9.3011,-33.2,33.2,66.4,2.0,False,9843;9885
BA,Short,212,2014-10-22T20:00:00Z,111.301939,2014-10-24T20:00:00Z,106.25857,1069.19,8.9845,0.0,1100.53,38.71,2.0,True,9840;9886
DOW,Long,413,2014-10-22T20:00:00Z,58.943084,2014-10-24T20:00:00Z,56.196336,-1134.41,4.6944,-1134.41,0.0,1134.41,2.0,False,9844;9887
EMR,Long,524,2014-10-21T20:00:00Z,45.033335,2014-10-24T20:00:00Z,45.252263,114.72,9.5866,-290.62,260.03,290.62,3.0,True,9819;9888
GILD,Long,339,2014-10-20T20:00:00Z,69.032215,2014-10-24T20:00:00Z,73.256727,1432.11,9.8522,0.0,2211.79,779.68,4.0,True,9780;9889
GM,Long,1001,2014-10-22T20:00:00Z,23.490742,2014-10-24T20:00:00Z,23.604775,114.15,9.3372,-654.44,114.15,677.27,2.0,True,9845;9890
HD,Long,334,2014-10-10T20:00:00Z,70.156722,2014-10-24T20:00:00Z,71.187664,344.33,9.4272,-1352.2,442.36,1352.2,14.0,True,9606;9891
INTC,Long,944,2014-10-22T20:00:00Z,24.91994,2014-10-24T20:00:00Z,24.942809,21.59,9.4198,0.0,352.61,331.03,2.0,True,9838;9892
JNJ,Long,322,2014-10-22T20:00:00Z,73.252925,2014-10-24T20:00:00Z,74.535395,412.96,9.5353,0.0,473.62,60.66,2.0,True,9835;9893
JPM,Short,565,2014-10-21T20:00:00Z,41.963315,2014-10-24T20:00:00Z,42.571267,-343.49,9.6559,-595.94,0.0,595.94,3.0,False,9809;9894
LLY,Short,458,2014-10-21T20:00:00Z,51.398358,2014-10-24T20:00:00Z,52.346727,-434.35,9.7065,-980.08,0.0,980.08,3.0,False,9817;9895
MSFT,Long,636,2014-10-20T20:00:00Z,36.244567,2014-10-24T20:00:00Z,39.41786,2018.21,9.6585,0.0,2018.21,267.67,4.0,True,9779;9896
UNH,Short,323,2014-10-21T20:00:00Z,73.001783,2014-10-24T20:00:00Z,74.229942,-396.7,9.6577,-655.87,0.0,655.87,3.0,False,9815;9897
AIG,Long,612,2014-10-20T20:00:00Z,38.594234,2014-10-28T20:00:00Z,39.142896,335.78,9.5537,0.0,685.36,349.58,8.0,True,9752;9905
BIIB,Short,71,2014-10-22T20:00:00Z,300.0,2014-10-28T20:00:00Z,321.21,-1505.91,8.9048,-1538.57,0.0,1538.57,6.0,False,9841;9906
CVX,Short,335,2014-10-24T20:00:00Z,69.80274,2014-10-28T20:00:00Z,69.904931,-34.23,9.3858,-203.39,221.51,424.91,4.0,False,9899;9907
DUK,Long,478,2014-10-24T20:00:00Z,48.951692,2014-10-28T20:00:00Z,49.293755,163.51,9.4028,0.0,169.35,5.84,4.0,True,9876;9908
EPD,Short,1383,2014-10-24T20:00:00Z,16.923766,2014-10-28T20:00:00Z,16.998983,-104.02,9.4357,-214.17,0.0,214.17,4.0,False,9874;9909
GOOG,Long,853,2014-10-24T20:00:00Z,27.487438,2014-10-28T20:00:00Z,27.325479,-138.15,9.3608,-215.46,167.3,305.45,4.0,False,9898;9910
GS,Short,164,2014-10-24T20:00:00Z,142.453536,2014-10-28T20:00:00Z,145.527505,-504.13,9.5816,-784.06,0.0,784.06,4.0,False,9872;9911
HPQ,Long,2273,2014-10-21T20:00:00Z,10.440241,2014-10-28T20:00:00Z,10.800039,817.82,9.7418,0.0,900.99,83.17,7.0,True,9818;9912
IBM,Long,244,2014-10-24T20:00:00Z,95.533971,2014-10-28T20:00:00Z,95.410208,-30.2,9.3658,-33.07,215.7,245.9,4.0,False,9866;9913
LMT,Short,178,2014-10-24T20:00:00Z,131.534512,2014-10-28T20:00:00Z,133.293905,-313.17,9.4565,-500.04,0.0,500.04,4.0,False,9877;9914
OXY,Short,406,2014-10-16T20:00:00Z,56.477823,2014-10-28T20:00:00Z,58.758256,-925.86,9.5599,-1999.63,0.0,1999.63,12.0,False,9721;9915
SBUX,Short,797,2014-10-24T20:00:00Z,29.379461,2014-10-28T20:00:00Z,29.9443,-450.18,9.5575,-672.14,0.0,672.14,4.0,False,9902;9916
TGT,Short,540,2014-10-24T20:00:00Z,43.186856,2014-10-28T20:00:00Z,42.733359,244.89,9.2093,0.0,470.94,226.05,4.0,True,9884;9917
TJX,Long,884,2014-10-24T20:00:00Z,26.364871,2014-10-28T20:00:00Z,26.598301,206.35,9.3631,0.0,266.38,60.03,4.0,True,9880;9918
USB,Long,905,2014-10-16T20:00:00Z,25.320475,2014-10-28T20:00:00Z,27.238593,1735.9,9.6874,0.0,2036.22,300.33,12.0,True,9720;9919
PEP,Short,361,2014-10-21T20:00:00Z,64.514716,2014-10-28T20:00:00Z,65.665279,-415.35,14.1668,-535.46,0.0,535.46,7.0,False,9812;9923
GD,Short,229,2014-10-24T20:00:00Z,101.74978,2014-10-28T20:00:00Z,104.616301,-656.43,9.6878,-1132.21,0.0,1132.21,4.0,False,9881;9935
SPY,Long,494,2014-10-20T20:00:00Z,154.080488,2014-10-28T20:00:00Z,161.248356,3540.93,31.2391,0.0,4176.27,959.09,8.0,True,9795;9938
SPY,Long,467,2014-10-24T20:00:00Z,159.929468,2014-10-28T20:00:00Z,161.248356,615.92,30.863,-2731.47,1216.54,600.62,4.0,True,9904;9938
FDX,Short,274,2014-10-20T20:00:00Z,84.75784,2014-10-29T20:00:00Z,91.750989,-1916.12,9.6147,-1916.12,0.0,1916.12,9.0,False,9759;9940
HON,Long,340,2014-10-28T20:00:00Z,69.152121,2014-10-29T20:00:00Z,69.952714,272.2,9.5006,0.0,272.2,0.0,1.0,True,9928;9941
LOW,Short,523,2014-10-28T20:00:00Z,44.989906,2014-10-29T20:00:00Z,45.24819,-135.08,9.4448,-135.08,0.0,135.08,1.0,False,9930;9942
SLB,Short,331,2014-10-24T20:00:00Z,70.608795,2014-10-29T20:00:00Z,70.371515,78.54,9.2653,0.0,1113.84,1035.3,5.0,True,9868;9945
HAL,Long,526,2014-10-24T20:00:00Z,44.731738,2014-10-29T20:00:00Z,43.332132,-736.19,13.9969,-1614.61,0.0,1614.61,5.0,False,9879;9955
GD,Long,225,2014-10-28T20:00:00Z,104.616301,2014-10-29T20:00:00Z,106.553351,435.84,9.4633,0.0,439.35,3.51,1.0,True,9935;9956
COF,Short,379,2014-10-20T20:00:00Z,61.377628,2014-10-29T20:00:00Z,65.115549,-1416.67,9.6658,-1557.12,0.0,1557.12,9.0,False,9790;9957
BK,Long,857,2014-10-24T20:00:00Z,27.350622,2014-10-29T20:00:00Z,27.989655,547.65,9.6083,0.0,850.47,302.82,5.0,True,9883;9958
PSX,Short,467,2014-10-24T20:00:00Z,50.028692,2014-10-29T20:00:00Z,51.69084,-776.22,13.9881,-776.22,205.56,981.78,5.0,False,9882;9959
REGN,Short,59,2014-10-24T20:00:00Z,392.297954,2014-10-29T20:00:00Z,393.288606,-58.45,9.2372,-652.28,485.12,652.28,5.0,False,9903;9960
COST,Long,223,2014-10-24T20:00:00Z,103.047393,2014-10-29T20:00:00Z,105.080328,453.34,9.3657,0.0,567.57,114.23,5.0,True,9901;9961
JPM,Short,545,2014-10-28T20:00:00Z,43.113296,2014-10-29T20:00:00Z,43.611377,-271.45,9.4945,-271.45,0.0,271.45,1.0,False,9921;9962
LLY,Long,436,2014-10-28T20:00:00Z,53.497739,2014-10-29T20:00:00Z,52.598004,-392.28,9.2113,-392.28,0.0,392.28,1.0,False,9929;9963
MDT,Long,485,2014-10-24T20:00:00Z,48.326138,2014-10-29T20:00:00Z,48.686287,174.67,9.525,0.0,459.85,285.18,5.0,True,9875;9964
MMM,Short,326,2014-10-28T20:00:00Z,71.999674,2014-10-29T20:00:00Z,72.715396,-233.33,9.4583,-233.33,0.0,233.33,1.0,False,9925;9965
MRK,Long,626,2014-10-24T20:00:00Z,37.436565,2014-10-29T20:00:00Z,36.915789,-326.01,9.3931,-387.91,0.0,387.91,5.0,False,9867;9966
ORCL,Long,742,2014-10-21T20:00:00Z,31.973819,2014-10-29T20:00:00Z,32.291136,235.45,9.532,-402.74,272.63,402.74,8.0,True,9810;9967
PNC,Long,421,2014-10-21T20:00:00Z,55.909882,2014-10-29T20:00:00Z,58.575248,1122.12,9.7501,0.0,1371.81,249.69,8.0,True,9820;9968
SPY,Long,492,2014-10-24T20:00:00Z,159.929468,2014-10-29T20:00:00Z,162.681929,1354.21,26.9724,-2877.7,1354.21,632.77,5.0,True,9904;9975
AMT,Long,321,2014-10-29T20:00:00Z,72.502746,2014-10-30T20:00:00Z,72.849577,111.33,9.3883,0.0,663.16,551.82,1.0,True,9974;9976
FB,Short,318,2014-10-15T20:00:00Z,70.93065,2014-10-30T20:00:00Z,74.318205,-1077.24,4.6687,-2885.25,0.0,2885.25,15.0,False,9687;9977
CSCO,Short,1383,2014-10-29T20:00:00Z,16.917455,2014-10-30T20:00:00Z,16.868276,68.01,9.3626,0.0,68.01,0.0,1.0,True,9946;9978
ABBV,Short,629,2014-10-24T20:00:00Z,37.170431,2014-10-30T20:00:00Z,37.445028,-172.72,9.5366,-635.93,0.0,635.93,6.0,False,9870;9979
GD,Short,219,2014-10-29T20:00:00Z,106.553351,2014-10-30T20:00:00Z,105.834768,157.37,4.731,-319.87,157.37,319.87,1.0,True,9956;9980
GILD,Long,302,2014-10-29T20:00:00Z,75.072107,2014-10-30T20:00:00Z,75.563488,148.4,9.2723,0.0,869.77,721.37,1.0,True,9969;9981
HAL,Short,552,2014-10-29T20:00:00Z,43.332132,2014-10-30T20:00:00Z,42.974278,197.54,4.7338,0.0,250.21,52.68,1.0,True,9955;9982
MCK,Long,126,2014-10-29T20:00:00Z,179.702328,2014-10-30T20:00:00Z,181.838258,269.13,9.2882,0.0,860.51,591.39,1.0,True,9954;9983
MET,Long,1476,2014-10-29T20:00:00Z,15.872053,2014-10-30T20:00:00Z,16.118155,363.25,9.4462,0.0,363.25,0.0,1.0,True,9951;9984
PSX,Long,459,2014-10-29T20:00:00Z,51.69084,2014-10-30T20:00:00Z,50.160087,-702.62,9.4174,-702.62,0.0,702.62,1.0,False,9959;9991
SO,Short,829,2014-10-28T20:00:00Z,28.337992,2014-10-30T20:00:00Z,27.877718,381.57,14.0752,0.0,534.14,277.63,2.0,True,9936;9992
