symbol,direction,quantity,entry_utc,entry_price,exit_utc,exit_price,profit_loss,total_fees,mae,mfe,end_trade_drawdown,duration_days,is_win,order_ids
BA,Long,77,2020-01-02T21:00:00Z,326.606791,2020-01-03T21:00:00Z,328.674489,159.21,10.197,0.0,322.25,163.04,1.0,True,7;16
CB,Short,179,2020-01-02T21:00:00Z,139.400562,2020-01-03T21:00:00Z,138.425608,174.52,9.9843,0.0,174.52,0.0,1.0,True,12;17
DUK,Short,357,2020-01-02T21:00:00Z,69.861422,2020-01-03T21:00:00Z,69.057801,286.89,9.8768,0.0,286.89,0.0,1.0,True,14;18
GOOGL,Long,375,2020-01-02T21:00:00Z,66.784994,2020-01-03T21:00:00Z,66.764688,-7.62,10.1417,-7.62,243.5,251.11,1.0,False,1;19
SO,Short,512,2020-01-02T21:00:00Z,48.613286,2020-01-03T21:00:00Z,47.757875,437.97,9.7894,0.0,437.97,0.0,1.0,True,13;20
AMZN,Long,263,2020-01-03T21:00:00Z,93.031734,2020-01-07T21:00:00Z,95.001602,518.08,9.9229,0.0,549.04,30.96,4.0,True,21;38
ISRG,Short,125,2020-01-03T21:00:00Z,196.05998,2020-01-07T21:00:00Z,196.64998,-73.75,9.8012,-315.83,224.17,315.83,4.0,False,32;39
LIN,Long,130,2020-01-03T21:00:00Z,188.464629,2020-01-07T21:00:00Z,186.156528,-300.05,9.6889,-355.57,0.0,355.57,4.0,False,26;40
LOW,Long,235,2020-01-03T21:00:00Z,104.565849,2020-01-07T21:00:00Z,106.1808,379.51,9.9217,0.0,387.81,155.54,4.0,True,29;41
QCOM,Long,326,2020-01-03T21:00:00Z,75.218382,2020-01-07T21:00:00Z,75.028741,-61.82,9.8911,-210.76,480.53,542.36,4.0,False,27;42
SYK,Long,127,2020-01-03T21:00:00Z,193.143358,2020-01-07T21:00:00Z,195.252073,267.81,9.9387,0.0,618.56,350.76,4.0,True,30;43
UNP,Short,159,2020-01-02T21:00:00Z,156.041834,2020-01-07T21:00:00Z,154.558596,235.83,9.8815,-4.11,394.89,159.05,5.0,True,11;44
ACN,Long,134,2020-01-03T21:00:00Z,183.002911,2020-01-08T21:00:00Z,180.115762,-386.88,9.7993,-395.16,137.24,532.4,5.0,False,23;54
EPD,Short,1477,2020-01-03T21:00:00Z,16.985536,2020-01-08T21:00:00Z,17.268127,-417.39,10.131,-417.39,0.0,417.39,5.0,False,35;57
AVGO,Short,929,2020-01-07T21:00:00Z,26.972636,2020-01-08T21:00:00Z,26.778415,180.43,14.7861,0.0,517.45,337.02,1.0,True,47;64
AMT,Long,130,2020-01-03T21:00:00Z,190.139396,2020-01-08T21:00:00Z,186.730323,-443.18,9.8679,-443.18,107.54,550.72,5.0,False,28;74
TSLA,Long,828,2020-01-07T21:00:00Z,30.759997,2020-01-08T21:00:00Z,31.599997,695.52,10.6116,0.0,1696.85,1001.33,1.0,True,51;75
GOOGL,Long,360,2020-01-07T21:00:00Z,69.362963,2020-01-08T21:00:00Z,69.092536,-97.35,9.9855,-97.35,81.66,179.02,1.0,False,45;76
JNJ,Short,204,2020-01-02T21:00:00Z,122.034579,2020-01-08T21:00:00Z,121.197981,170.67,9.9304,0.0,302.08,150.19,6.0,True,2;77
MRK,Long,354,2020-01-02T21:00:00Z,70.416401,2020-01-08T21:00:00Z,69.032504,-489.9,9.8878,-678.74,153.26,832.01,6.0,False,5;78
MU,Short,462,2020-01-03T21:00:00Z,52.97921,2020-01-08T21:00:00Z,56.645726,-1693.93,10.096,-1775.02,344.64,2119.67,5.0,False,36;79
PNC,Short,199,2020-01-07T21:00:00Z,124.293016,2020-01-08T21:00:00Z,124.743038,-89.55,9.9343,-229.39,0.0,229.39,1.0,False,52;80
SPGI,Short,100,2020-01-03T21:00:00Z,245.35644,2020-01-08T21:00:00Z,251.951706,-659.53,10.0434,-934.78,0.0,934.78,5.0,False,33;81
TMO,Long,77,2020-01-03T21:00:00Z,315.652628,2020-01-08T21:00:00Z,320.267433,355.34,9.8334,0.0,455.14,99.8,5.0,True,24;82
AVGO,Long,929,2020-01-08T21:00:00Z,26.778415,2020-01-09T21:00:00Z,26.721946,-52.46,4.8686,-534.14,0.0,534.14,1.0,False,64;94
AXP,Long,218,2020-01-08T21:00:00Z,114.469023,2020-01-09T21:00:00Z,116.72057,490.84,10.1929,0.0,756.37,265.53,1.0,True,67;95
BSX,Short,547,2020-01-08T21:00:00Z,45.6,2020-01-09T21:00:00Z,45.96,-196.92,9.9937,-196.92,0.0,196.92,1.0,False,92;96
CB,Short,180,2020-01-08T21:00:00Z,137.477488,2020-01-09T21:00:00Z,137.307541,30.59,9.8797,-40.25,30.59,40.25,1.0,True,70;97
COP,Short,492,2020-01-03T21:00:00Z,51.955531,2020-01-09T21:00:00Z,50.041298,941.8,10.0487,0.0,941.8,430.87,6.0,True,31;98
DIS,Long,177,2020-01-02T21:00:00Z,140.867837,2020-01-09T21:00:00Z,142.011922,202.5,10.0548,-84.09,205.94,290.03,7.0,True,4;99
GS,Long,123,2020-01-08T21:00:00Z,201.413566,2020-01-09T21:00:00Z,206.250636,594.96,10.0988,0.0,727.41,132.45,1.0,True,69;100
MO,Long,847,2020-01-07T21:00:00Z,29.293955,2020-01-09T21:00:00Z,29.731354,370.48,10.0279,0.0,510.66,140.18,2.0,True,50;101
PM,Long,392,2020-01-08T21:00:00Z,63.647879,2020-01-09T21:00:00Z,64.799114,451.28,10.1364,0.0,451.28,0.0,1.0,True,62;102
PYPL,Long,233,2020-01-02T21:00:00Z,108.262666,2020-01-09T21:00:00Z,111.743845,811.11,10.2919,-163.61,811.11,163.61,7.0,True,9;103
SCHW,Short,573,2020-01-08T21:00:00Z,43.241961,2020-01-09T21:00:00Z,44.180221,-537.62,10.0238,-537.62,0.0,537.62,1.0,False,72;104
USB,Long,574,2020-01-08T21:00:00Z,43.341676,2020-01-09T21:00:00Z,43.425025,47.84,9.9252,-60.89,47.84,60.89,1.0,True,68;105
UNP,Short,161,2020-01-08T21:00:00Z,153.40305,2020-01-09T21:00:00Z,155.662401,-363.76,14.9142,-363.76,0.0,363.76,1.0,False,65;110
SPY,Short,144,2020-01-02T21:00:00Z,294.218513,2020-01-09T21:00:00Z,296.600775,-343.05,21.1376,-401.97,312.93,714.9,7.0,False,15;118
COST,Long,94,2020-01-03T21:00:00Z,264.015692,2020-01-13T21:00:00Z,270.269055,587.82,10.1238,0.0,840.23,252.41,10.0,True,25;119
TSLA,Long,758,2020-01-09T21:00:00Z,33.14333,2020-01-13T21:00:00Z,32.91933,-169.79,10.1693,-960.13,1400.28,1570.07,4.0,False,113;120
LOW,Long,231,2020-01-09T21:00:00Z,107.283908,2020-01-13T21:00:00Z,106.772066,-118.24,9.911,-118.24,0.0,118.24,4.0,False,112;121
NFLX,Short,733,2020-01-09T21:00:00Z,34.194,2020-01-13T21:00:00Z,33.181,742.53,9.8893,0.0,944.84,723.47,4.0,True,107;122
SBUX,Long,329,2020-01-08T21:00:00Z,75.613925,2020-01-13T21:00:00Z,77.918284,758.13,10.1816,0.0,888.26,130.13,5.0,True,66;123
TGT,Short,242,2020-01-08T21:00:00Z,102.99446,2020-01-13T21:00:00Z,103.517527,-126.58,9.9373,-134.62,112.52,247.14,5.0,False,71;124
UPS,Long,285,2020-01-07T21:00:00Z,86.81144,2020-01-13T21:00:00Z,87.277441,132.81,9.9715,0.0,304.18,224.92,6.0,True,49;125
ZTS,Short,199,2020-01-09T21:00:00Z,125.425453,2020-01-13T21:00:00Z,127.54068,-420.93,10.1161,-465.63,0.0,465.63,4.0,False,116;126
SPY,Short,69,2020-01-02T21:00:00Z,294.218513,2020-01-13T21:00:00Z,296.782627,-176.92,23.259,-274.17,149.95,424.12,11.0,False,15;137
SPY,Short,321,2020-01-03T21:00:00Z,292.04538,2020-01-13T21:00:00Z,296.782627,-1520.66,38.3446,-1973.06,0.0,1973.06,10.0,False,37;137
ACN,Long,137,2020-01-09T21:00:00Z,181.440142,2020-01-14T21:00:00Z,185.01597,489.89,10.0126,0.0,494.73,224.99,5.0,True,109;139
TMO,Long,77,2020-01-09T21:00:00Z,323.409428,2020-01-14T21:00:00Z,324.479669,82.41,10.0162,-49.14,258.57,176.16,5.0,True,108;148
SPY,Short,333,2020-01-03T21:00:00Z,292.04538,2020-01-14T21:00:00Z,297.764629,-1904.51,28.2255,-2046.82,0.0,2046.82,11.0,False,37;157
SPY,Short,107,2020-01-07T21:00:00Z,293.709327,2020-01-14T21:00:00Z,297.764629,-433.92,6.2797,-479.64,178.04,482.56,7.0,False,53;157
SPY,Short,34,2020-01-08T21:00:00Z,293.682049,2020-01-14T21:00:00Z,297.764629,-138.81,9.5583,-153.34,55.65,153.34,6.0,False,73;157
ABBV,Long,366,2020-01-13T21:00:00Z,67.944363,2020-01-14T21:00:00Z,67.249051,-254.48,9.9182,-254.48,50.67,305.16,1.0,False,129;158
ADP,Short,169,2020-01-13T21:00:00Z,146.885972,2020-01-14T21:00:00Z,147.399799,-86.84,9.9454,-86.84,41.97,128.81,1.0,False,134;159
AMT,Long,128,2020-01-13T21:00:00Z,193.222602,2020-01-14T21:00:00Z,196.464564,414.97,10.0397,0.0,414.97,0.0,1.0,True,130;160
ANTM,Short,88,2020-01-09T21:00:00Z,282.035354,2020-01-14T21:00:00Z,271.233299,950.58,9.7282,0.0,950.58,11.29,5.0,True,114;161
C,Long,396,2020-01-07T21:00:00Z,62.723493,2020-01-14T21:00:00Z,64.19673,583.4,10.0778,0.0,850.01,266.61,7.0,True,46;162
EPD,Short,1449,2020-01-13T21:00:00Z,17.195976,2020-01-14T21:00:00Z,17.412429,-313.64,10.0922,-339.78,0.0,339.78,1.0,False,136;163
FIS,Long,203,2020-01-13T21:00:00Z,122.368047,2020-01-14T21:00:00Z,122.685797,64.5,9.9433,-6.97,64.5,6.97,1.0,True,132;164
ISRG,Short,128,2020-01-08T21:00:00Z,193.846647,2020-01-14T21:00:00Z,200.906647,-903.68,10.1075,-920.75,0.0,920.75,6.0,False,91;165
KO,Long,556,2020-01-03T21:00:00Z,44.171709,2020-01-14T21:00:00Z,45.860892,939.19,10.0443,0.0,939.19,186.02,11.0,True,22;166
LLY,Long,202,2020-01-08T21:00:00Z,122.638237,2020-01-14T21:00:00Z,128.322962,1148.31,10.2615,0.0,1527.97,379.65,6.0,True,63;167
MDLZ,Short,544,2020-01-08T21:00:00Z,45.793575,2020-01-14T21:00:00Z,46.319061,-285.86,9.9813,-285.86,0.0,285.86,6.0,False,90;168
MO,Long,836,2020-01-13T21:00:00Z,29.642692,2020-01-14T21:00:00Z,29.961876,266.84,10.043,0.0,355.78,88.95,1.0,True,131;169
NVDA,Short,4095,2020-01-13T21:00:00Z,6.14936,2020-01-14T21:00:00Z,6.220125,-289.78,10.1528,-289.78,38.64,328.42,1.0,False,128;170
MU,Short,449,2020-01-13T21:00:00Z,55.592577,2020-01-14T21:00:00Z,56.343433,-337.13,10.0676,-337.13,0.0,337.13,1.0,False,135;171
QCOM,Long,325,2020-01-09T21:00:00Z,77.287189,2020-01-14T21:00:00Z,78.554333,411.82,10.1118,0.0,411.82,114.86,5.0,True,111;172
TJX,Short,434,2020-01-13T21:00:00Z,57.125865,2020-01-14T21:00:00Z,57.226697,-43.76,9.964,-155.15,0.0,155.15,1.0,False,133;173
ABT,Short,330,2020-01-14T21:00:00Z,74.757493,2020-01-15T21:00:00Z,76.504495,-576.51,10.1302,-895.49,0.0,895.49,1.0,False,177;186
BMY,Short,479,2020-01-14T21:00:00Z,51.546893,2020-01-15T21:00:00Z,52.126512,-277.64,9.9814,-288.89,0.0,288.89,1.0,False,178;187
BSX,Short,546,2020-01-14T21:00:00Z,42.35,2020-01-15T21:00:00Z,42.78,-234.78,9.3071,-234.78,0.0,234.78,1.0,False,184;188
CB,Short,184,2020-01-14T21:00:00Z,134.507902,2020-01-15T21:00:00Z,134.382679,23.04,9.9422,-149.77,23.04,149.77,1.0,True,155;189
CI,Short,135,2020-01-14T21:00:00Z,182.814768,2020-01-15T21:00:00Z,184.550636,-234.34,10.0396,-603.46,0.0,603.46,1.0,False,183;190
CME,Short,157,2020-01-14T21:00:00Z,158.470314,2020-01-15T21:00:00Z,158.571039,-15.81,9.94,-58.39,0.0,58.39,1.0,False,154;191
COST,Long,91,2020-01-14T21:00:00Z,272.389919,2020-01-15T21:00:00Z,271.570701,-74.55,9.9493,-74.55,130.05,204.6,1.0,False,151;192
CVS,Long,424,2020-01-14T21:00:00Z,58.515528,2020-01-15T21:00:00Z,59.594824,457.62,10.1838,0.0,894.75,437.13,1.0,True,153;193
UTX,Long,358,2020-01-14T21:00:00Z,69.05601,2020-01-15T21:00:00Z,69.197471,50.64,9.9163,0.0,102.92,52.28,1.0,True,152;194
WFC,Long,549,2020-01-02T21:00:00Z,45.390752,2020-01-15T21:00:00Z,41.167768,-2318.42,9.4477,-2559.05,0.0,2559.05,13.0,False,6;195
WMT,Long,689,2020-01-02T21:00:00Z,36.180434,2020-01-15T21:00:00Z,34.938501,-855.69,9.8245,-855.69,0.0,855.69,13.0,False,3;196
ABBV,Long,364,2020-01-15T21:00:00Z,68.075092,2020-01-16T21:00:00Z,68.947454,317.54,10.0331,0.0,317.54,0.0,1.0,True,200;205
TSLA,Long,710,2020-01-14T21:00:00Z,36.294663,2020-01-16T21:00:00Z,32.93333,-2386.55,9.9533,-2386.55,0.0,2386.55,2.0,False,180;206
FISV,Short,209,2020-01-14T21:00:00Z,118.31,2020-01-16T21:00:00Z,119.5,-248.71,9.9384,-397.1,0.0,397.1,2.0,False,182;207
INTU,Short,95,2020-01-09T21:00:00Z,261.591362,2020-01-16T21:00:00Z,262.202378,-58.05,10.0089,-260.3,119.72,380.02,7.0,False,115;208
LIN,Short,130,2020-01-15T21:00:00Z,191.726866,2020-01-16T21:00:00Z,193.453398,-224.45,10.0293,-244.53,0.0,244.53,1.0,False,202;209
NOC,Short,75,2020-01-09T21:00:00Z,331.560116,2020-01-16T21:00:00Z,341.44715,-741.53,10.1484,-887.15,0.0,887.15,7.0,False,117;210
PYPL,Long,217,2020-01-14T21:00:00Z,114.226162,2020-01-16T21:00:00Z,114.64153,90.13,9.8736,-139.49,90.13,139.49,2.0,True,150;211
SCHW,Short,572,2020-01-15T21:00:00Z,43.096212,2020-01-16T21:00:00Z,42.996009,57.32,10.0167,-880.58,57.32,880.58,1.0,True,204;212
SO,Short,500,2020-01-15T21:00:00Z,49.644361,2020-01-16T21:00:00Z,50.171355,-263.5,10.0602,-439.16,0.0,439.16,1.0,False,203;213
T,Long,1280,2020-01-14T21:00:00Z,19.38835,2020-01-16T21:00:00Z,19.352691,-45.64,9.9255,-114.11,0.0,114.11,2.0,False,175;214
TGT,Short,241,2020-01-14T21:00:00Z,102.620841,2020-01-16T21:00:00Z,97.141087,1320.62,9.6681,0.0,1452.68,132.06,2.0,True,156;215
JPM,Long,217,2020-01-08T21:00:00Z,114.122737,2020-01-16T21:00:00Z,115.594474,319.37,14.971,0.0,565.74,379.59,8.0,True,83;217
CAT,Long,193,2020-01-08T21:00:00Z,128.817424,2020-01-16T21:00:00Z,128.466495,-67.73,15.0422,-213.35,176.1,294.62,8.0,False,89;226
BKNG,Long,307,2020-01-16T21:00:00Z,81.000022,2020-01-17T21:00:00Z,80.491674,-156.06,9.859,-219.76,0.0,219.76,1.0,False,224;232
CAT,Short,194,2020-01-16T21:00:00Z,128.466495,2020-01-17T21:00:00Z,129.994879,-296.51,5.0657,-406.2,0.0,406.2,1.0,False,226;233
COST,Long,90,2020-01-16T21:00:00Z,274.337836,2020-01-17T21:00:00Z,276.831899,224.47,9.9569,0.0,269.52,45.06,1.0,True,221;234
EPD,Short,1427,2020-01-16T21:00:00Z,17.454517,2020-01-17T21:00:00Z,17.48458,-42.9,9.9236,-42.9,188.76,231.66,1.0,False,230;235
VZ,Long,617,2020-01-08T21:00:00Z,40.348072,2020-01-17T21:00:00Z,40.781641,267.51,10.0518,-90.81,452.99,185.48,9.0,True,85;236
GILD,Long,496,2020-01-14T21:00:00Z,50.181837,2020-01-17T21:00:00Z,49.472856,-351.65,14.7557,-552.6,0.0,552.6,3.0,False,181;244
TMUS,Short,336,2020-01-03T21:00:00Z,73.778752,2020-01-17T21:00:00Z,77.455403,-1235.35,15.1674,-1298.87,0.0,1298.87,14.0,False,34;246
ISRG,Long,124,2020-01-16T21:00:00Z,200.52998,2020-01-17T21:00:00Z,200.183313,-42.99,14.8664,-64.48,0.0,64.48,1.0,False,228;247
FIS,Long,196,2020-01-17T21:00:00Z,126.266923,2020-01-21T21:00:00Z,126.035052,-45.45,9.9212,-45.45,99.31,144.76,4.0,False,242;249
GILD,Short,502,2020-01-17T21:00:00Z,49.472856,2020-01-21T21:00:00Z,49.013187,230.75,4.899,0.0,340.26,109.51,4.0,True,244;250
LLY,Long,190,2020-01-15T21:00:00Z,130.128372,2020-01-21T21:00:00Z,128.924766,-228.69,9.9219,-228.69,153.04,381.73,6.0,False,199;251
MA,Short,81,2020-01-14T21:00:00Z,305.085845,2020-01-21T21:00:00Z,310.846369,-466.6,9.8881,-584.62,150.84,735.47,7.0,False,174;252
PEP,Long,225,2020-01-14T21:00:00Z,110.066559,2020-01-21T21:00:00Z,113.647076,805.62,10.1369,0.0,1032.93,227.32,7.0,True,149;253
MU,Short,439,2020-01-17T21:00:00Z,56.577466,2020-01-21T21:00:00Z,56.070395,222.6,9.9855,-406.68,222.6,406.68,4.0,True,248;254
SPGI,Short,94,2020-01-16T21:00:00Z,264.695406,2020-01-21T21:00:00Z,263.417462,120.13,9.9863,-50.4,120.13,50.4,5.0,True,227;255
TJX,Long,429,2020-01-17T21:00:00Z,57.584192,2020-01-21T21:00:00Z,57.235863,-149.43,9.8295,-204.49,0.0,204.49,4.0,False,245;256
TMUS,Long,321,2020-01-17T21:00:00Z,77.455403,2020-01-21T21:00:00Z,77.493209,12.14,4.9775,0.0,24.27,12.14,4.0,True,246;257
XOM,Long,484,2020-01-09T21:00:00Z,51.300407,2020-01-21T21:00:00Z,50.751343,-265.75,9.8657,-556.63,233.43,790.06,12.0,False,106;258
BA,Long,76,2020-01-21T21:00:00Z,320.731746,2020-01-22T21:00:00Z,307.669462,-992.73,9.4041,-1030.51,0.0,1030.51,1.0,False,261;274
BLK,Long,55,2020-01-16T21:00:00Z,456.849524,2020-01-22T21:00:00Z,453.122641,-204.98,10.0323,-363.63,0.0,363.63,6.0,False,225;275
CB,Short,183,2020-01-16T21:00:00Z,135.617025,2020-01-22T21:00:00Z,136.896093,-234.07,10.0336,-361.74,0.0,361.74,6.0,False,229;276
CVS,Long,409,2020-01-16T21:00:00Z,60.915752,2020-01-22T21:00:00Z,60.134853,-319.39,9.9197,-369.14,128.48,497.61,6.0,False,223;277
CVX,Long,280,2020-01-08T21:00:00Z,88.250054,2020-01-22T21:00:00Z,84.193009,-1135.97,9.6135,-1175.58,0.0,1175.58,14.0,False,86;278
DHR,Short,202,2020-01-16T21:00:00Z,123.235035,2020-01-22T21:00:00Z,124.919844,-340.33,10.0193,-340.33,0.0,340.33,6.0,False,222;279
INTC,Long,478,2020-01-08T21:00:00Z,51.923355,2020-01-22T21:00:00Z,53.846442,919.24,10.2634,0.0,1631.85,712.62,14.0,True,84;280
INTU,Short,91,2020-01-21T21:00:00Z,269.047671,2020-01-22T21:00:00Z,273.172031,-375.32,10.0003,-756.72,0.0,756.72,1.0,False,271;281
ISRG,Short,124,2020-01-17T21:00:00Z,200.183313,2020-01-22T21:00:00Z,201.666647,-183.93,5.0447,-400.52,0.0,400.52,5.0,False,247;282
MO,Long,819,2020-01-21T21:00:00Z,30.091913,2020-01-22T21:00:00Z,30.168754,62.93,9.8872,0.0,62.93,0.0,1.0,True,267;283
NKE,Short,273,2020-01-02T21:00:00Z,91.109851,2020-01-22T21:00:00Z,94.363133,-888.15,10.142,-888.15,117.77,1005.91,20.0,False,8;284
PYPL,Long,215,2020-01-21T21:00:00Z,114.038258,2020-01-22T21:00:00Z,115.442597,301.93,9.8511,0.0,301.93,0.0,1.0,True,262;285
TMO,Long,74,2020-01-21T21:00:00Z,333.444173,2020-01-22T21:00:00Z,331.657163,-132.24,9.8425,-132.24,32.7,164.94,1.0,False,263;286
V,Long,130,2020-01-16T21:00:00Z,191.458488,2020-01-22T21:00:00Z,197.49903,785.27,10.1273,0.0,857.11,71.84,6.0,True,216;287
WMT,Short,705,2020-01-21T21:00:00Z,34.865446,2020-01-22T21:00:00Z,35.072434,-145.93,9.9441,-334.77,0.0,334.77,1.0,False,260;288
COP,Long,489,2020-01-21T21:00:00Z,50.041298,2020-01-22T21:00:00Z,49.413554,-306.97,14.4731,-591.2,0.0,591.2,1.0,False,272;298
SPY,Short,128,2020-01-08T21:00:00Z,293.682049,2020-01-22T21:00:00Z,302.110894,-1078.89,35.8517,-1078.89,209.49,1078.89,14.0,False,73;300
SPY,Short,108,2020-01-08T21:00:00Z,293.682049,2020-01-22T21:00:00Z,302.110894,-910.32,6.3722,-910.32,176.76,910.32,14.0,False,93;300
SPY,Short,238,2020-01-14T21:00:00Z,297.764629,2020-01-22T21:00:00Z,302.110894,-1034.41,14.1723,-1034.41,1361.18,1034.41,8.0,False,185;300
SPY,Short,121,2020-01-16T21:00:00Z,299.755909,2020-01-22T21:00:00Z,302.110894,-284.95,9.5082,-284.95,932.97,284.95,6.0,False,231;300
ABT,Short,315,2020-01-17T21:00:00Z,78.526406,2020-01-23T21:00:00Z,81.417383,-910.66,10.0401,-924.63,0.0,924.63,6.0,False,239;301
ADBE,Short,71,2020-01-14T21:00:00Z,347.01,2020-01-23T21:00:00Z,351.02,-284.71,9.8887,-337.25,288.97,626.22,9.0,False,176;302
AXP,Short,203,2020-01-21T21:00:00Z,120.983745,2020-01-23T21:00:00Z,121.334396,-71.18,9.8123,-84.29,0.0,84.29,2.0,False,265;303
CAT,Short,189,2020-01-21T21:00:00Z,130.047888,2020-01-23T21:00:00Z,125.285944,900.01,9.6379,0.0,900.01,20.04,2.0,True,268;304
COP,Short,496,2020-01-22T21:00:00Z,49.413554,2020-01-23T21:00:00Z,48.010816,695.76,4.8542,0.0,695.76,0.0,1.0,True,298;305
UBER,Short,654,2020-01-22T21:00:00Z,37.89,2020-01-23T21:00:00Z,36.97,601.68,9.7368,0.0,601.68,0.0,1.0,True,299;306
TMUS,Long,317,2020-01-22T21:00:00Z,77.634982,2020-01-23T21:00:00Z,77.786207,47.94,9.8669,0.0,47.94,0.0,1.0,True,296;307
UNP,Long,160,2020-01-09T21:00:00Z,155.662401,2020-01-23T21:00:00Z,156.145316,77.27,5.1655,-354.6,921.68,844.41,14.0,True,110;308
ADP,Long,163,2020-01-21T21:00:00Z,150.448505,2020-01-23T21:00:00Z,152.238335,291.74,14.7875,0.0,369.91,78.17,2.0,True,270;315
EL,Short,122,2020-01-21T21:00:00Z,196.681011,2020-01-23T21:00:00Z,190.899504,705.34,14.3372,0.0,705.34,0.0,2.0,True,269;316
ACN,Long,135,2020-01-15T21:00:00Z,184.35743,2020-01-27T21:00:00Z,181.857969,-337.43,9.9029,-337.43,320.68,658.1,12.0,False,201;321
ADP,Short,161,2020-01-23T21:00:00Z,152.238335,2020-01-27T21:00:00Z,150.028879,355.72,4.8461,0.0,355.72,0.0,4.0,True,315;322
AMT,Long,127,2020-01-17T21:00:00Z,194.592916,2020-01-27T21:00:00Z,197.458878,363.98,9.9938,0.0,524.21,166.6,10.0,True,241;323
DUK,Short,339,2020-01-22T21:00:00Z,72.708535,2020-01-27T21:00:00Z,73.573384,-293.18,9.9324,-332.1,0.0,332.1,5.0,False,297;324
IBM,Long,236,2020-01-23T21:00:00Z,104.444404,2020-01-27T21:00:00Z,100.246362,-990.74,9.616,-990.74,0.0,990.74,4.0,False,311;325
LIN,Short,127,2020-01-22T21:00:00Z,191.917693,2020-01-27T21:00:00Z,186.48366,690.12,9.6008,0.0,729.36,42.7,5.0,True,293;326
MDT,Short,255,2020-01-13T21:00:00Z,97.038241,2020-01-27T21:00:00Z,97.194079,-39.74,9.9238,-581.44,265.62,847.06,14.0,False,127;327
NFLX,Short,733,2020-01-15T21:00:00Z,33.868,2020-01-27T21:00:00Z,34.56,-507.24,9.9974,-1061.38,929.44,1990.83,12.0,False,198;328
ORCL,Long,491,2020-01-22T21:00:00Z,50.266352,2020-01-27T21:00:00Z,48.289432,-970.67,9.5651,-1220.01,0.0,1220.01,5.0,False,291;329
PFE,Long,945,2020-01-08T21:00:00Z,26.352496,2020-01-27T21:00:00Z,26.760009,385.1,10.1666,0.0,1225.9,840.8,19.0,True,87;330
PYPL,Short,215,2020-01-23T21:00:00Z,116.124987,2020-01-27T21:00:00Z,112.376786,805.86,9.914,0.0,805.86,0.0,4.0,True,310;331
TJX,Short,430,2020-01-23T21:00:00Z,57.144198,2020-01-27T21:00:00Z,55.237558,819.86,9.7263,0.0,819.86,0.0,4.0,True,317;332
QCOM,Short,307,2020-01-23T21:00:00Z,80.036979,2020-01-27T21:00:00Z,75.304582,1452.85,14.249,0.0,1534.88,82.04,4.0,True,312;340
EL,Long,126,2020-01-23T21:00:00Z,190.899504,2020-01-27T21:00:00Z,175.649865,-1921.45,9.2265,-1921.45,0.0,1921.45,4.0,False,316;344
ABBV,Long,358,2020-01-17T21:00:00Z,68.769894,2020-01-28T21:00:00Z,65.357647,-1221.58,9.4946,-1531.13,0.0,1531.13,11.0,False,240;348
ABT,Short,306,2020-01-27T21:00:00Z,79.023015,2020-01-28T21:00:00Z,79.634909,-187.24,9.7223,-187.24,0.0,187.24,1.0,False,335;349
BKNG,Short,315,2020-01-23T21:00:00Z,77.609603,2020-01-28T21:00:00Z,74.813103,880.9,9.6266,0.0,952.04,105.36,5.0,True,314;350
DIS,Long,176,2020-01-22T21:00:00Z,140.053404,2020-01-28T21:00:00Z,132.490811,-1331.02,9.6362,-1470.94,0.0,1470.94,6.0,False,290;352
MA,Short,79,2020-01-22T21:00:00Z,313.548122,2020-01-28T21:00:00Z,304.719178,697.49,9.827,-2.29,699.77,343.03,6.0,True,289;357
TMO,Long,75,2020-01-27T21:00:00Z,321.426043,2020-01-28T21:00:00Z,326.207766,358.63,9.7827,0.0,434.48,75.85,1.0,True,337;360
ANTM,Short,90,2020-01-27T21:00:00Z,269.025245,2020-01-28T21:00:00Z,261.118397,711.62,14.4687,0.0,711.62,0.0,1.0,True,342;377
BMY,Short,489,2020-01-27T21:00:00Z,49.549559,2020-01-28T21:00:00Z,50.231002,-333.23,9.8443,-593.68,0.0,593.68,1.0,False,336;382
CME,Short,153,2020-01-22T21:00:00Z,160.686249,2020-01-28T21:00:00Z,165.040638,-666.22,9.9741,-689.93,0.0,689.93,6.0,False,295;383
CSCO,Long,624,2020-01-16T21:00:00Z,40.062777,2020-01-28T21:00:00Z,39.491279,-356.61,10.0079,-465.15,356.61,821.76,12.0,False,220;384
DHR,Long,198,2020-01-27T21:00:00Z,122.518419,2020-01-28T21:00:00Z,123.120682,119.25,9.8118,0.0,463.41,344.16,1.0,True,339;385
TSLA,Long,674,2020-01-22T21:00:00Z,38.066663,2020-01-28T21:00:00Z,37.877996,-127.16,10.213,-583.23,53.92,637.15,6.0,False,294;386
GILD,Short,499,2020-01-27T21:00:00Z,49.083306,2020-01-28T21:00:00Z,50.057181,-485.96,9.9673,-528.73,0.0,528.73,1.0,False,341;387
HD,Long,127,2020-01-17T21:00:00Z,194.375427,2020-01-28T21:00:00Z,196.314017,246.2,10.0151,0.0,456.92,264.48,11.0,True,238;388
HON,Long,163,2020-01-02T21:00:00Z,152.377469,2020-01-28T21:00:00Z,149.779637,-423.45,9.9903,-513.18,852.5,1365.69,26.0,False,10;389
ISRG,Long,121,2020-01-23T21:00:00Z,203.94998,2020-01-28T21:00:00Z,190.109981,-1674.64,9.5568,-1788.78,0.0,1788.78,5.0,False,318;390
JPM,Short,215,2020-01-16T21:00:00Z,115.594474,2020-01-28T21:00:00Z,111.717497,833.55,4.8614,-135.61,980.01,433.95,12.0,True,217;391
KO,Short,536,2020-01-16T21:00:00Z,46.35051,2020-01-28T21:00:00Z,46.880929,-284.3,9.9577,-450.51,0.0,450.51,12.0,False,219;392
LMT,Long,72,2020-01-07T21:00:00Z,342.423185,2020-01-28T21:00:00Z,363.298779,1503.04,10.2368,0.0,1619.03,189.91,21.0,True,48;393
NVDA,Short,4045,2020-01-15T21:00:00Z,6.152588,2020-01-28T21:00:00Z,6.029928,496.16,9.9139,-509.21,762.31,780.39,13.0,True,197;394
TFC,Long,456,2020-01-27T21:00:00Z,52.887121,2020-01-28T21:00:00Z,53.362445,216.75,9.6997,0.0,216.75,0.0,1.0,True,343;395
QCOM,Long,318,2020-01-27T21:00:00Z,75.304582,2020-01-28T21:00:00Z,75.985564,216.55,4.8875,0.0,490.67,274.12,1.0,True,340;396
TMUS,Short,318,2020-01-27T21:00:00Z,76.453539,2020-01-28T21:00:00Z,76.633119,-57.11,9.761,-231.43,0.0,231.43,1.0,False,346;397
UNH,Long,94,2020-01-16T21:00:00Z,264.990719,2020-01-28T21:00:00Z,252.46146,-1177.75,9.8067,-1177.75,216.49,1394.24,12.0,False,218;398
UTX,Long,350,2020-01-21T21:00:00Z,70.210518,2020-01-28T21:00:00Z,68.905422,-456.78,9.8161,-456.78,0.0,456.78,7.0,False,264;399
ADP,Short,163,2020-01-28T21:00:00Z,150.833875,2020-01-28T21:00:00Z,150.833875,0.0,14.9333,0.0,0.0,0.0,0.0,False,376;406
SPY,Short,37,2020-01-16T21:00:00Z,299.755909,2020-01-28T21:00:00Z,295.564218,155.09,42.2064,-87.13,285.29,129.19,12.0,True,231;409
SPY,Short,123,2020-01-21T21:00:00Z,300.892485,2020-01-28T21:00:00Z,295.564218,655.38,7.4105,-149.86,1088.19,429.46,7.0,True,273;409
SPY,Short,143,2020-01-23T21:00:00Z,300.601521,2020-01-28T21:00:00Z,295.564218,720.33,8.6263,-215.84,1223.53,499.29,5.0,True,320;409
SPY,Short,191,2020-01-27T21:00:00Z,293.736605,2020-01-28T21:00:00Z,295.564218,-349.07,11.2364,-1599.49,323.02,666.89,1.0,False,347;409
SPY,Short,76,2020-01-28T21:00:00Z,295.564218,2020-01-28T21:00:00Z,295.564218,0.0,4.5179,-497.55,267.43,0.0,0.0,False,381;409
AMGN,Long,135,2020-01-28T21:00:00Z,182.138276,2020-01-30T21:00:00Z,184.117951,267.26,9.9202,0.0,393.74,126.48,2.0,True,368;411
DIS,Short,186,2020-01-28T21:00:00Z,132.490811,2020-01-30T21:00:00Z,130.978293,281.33,9.9579,-200.18,281.33,304.77,2.0,True,401;414
MDT,Short,251,2020-01-28T21:00:00Z,97.776423,2020-01-30T21:00:00Z,96.316462,366.45,9.7719,0.0,366.45,0.0,2.0,True,366;415
T,Long,1261,2020-01-28T21:00:00Z,19.541175,2020-01-30T21:00:00Z,18.57838,-1214.08,9.7641,-1214.08,0.0,1214.08,2.0,False,364;420
UNP,Long,153,2020-01-27T21:00:00Z,156.886935,2020-01-30T21:00:00Z,154.938029,-298.18,9.5395,-302.14,146.45,444.64,3.0,False,338;421
ANTM,Long,94,2020-01-28T21:00:00Z,261.118397,2020-01-30T21:00:00Z,246.697331,-1355.58,9.3059,-1645.82,0.0,1645.82,2.0,False,377;433
ACN,Long,134,2020-01-28T21:00:00Z,184.242207,2020-01-30T21:00:00Z,183.914264,-43.94,9.9436,-43.94,59.38,103.33,2.0,False,369;436
ADP,Long,163,2020-01-28T21:00:00Z,150.833875,2020-01-30T21:00:00Z,144.693644,-1000.86,4.8858,-1000.86,0.0,1000.86,2.0,False,406;437
CB,Short,179,2020-01-23T21:00:00Z,136.144752,2020-01-30T21:00:00Z,134.2664,336.23,9.8059,-309.01,336.23,602.0,7.0,True,319;438
CI,Long,136,2020-01-28T21:00:00Z,181.096888,2020-01-30T21:00:00Z,180.341381,-102.75,9.8424,-533.32,145.56,678.88,2.0,False,375;439
COP,Short,519,2020-01-28T21:00:00Z,47.747319,2020-01-30T21:00:00Z,46.305832,748.13,9.8198,0.0,748.13,160.89,2.0,True,408;440
CVS,Long,427,2020-01-28T21:00:00Z,57.775193,2020-01-30T21:00:00Z,56.834572,-401.65,9.8008,-533.22,0.0,533.22,2.0,False,373;441
LLY,Long,191,2020-01-28T21:00:00Z,128.147051,2020-01-30T21:00:00Z,127.934105,-40.67,9.969,-40.67,751.56,792.23,2.0,False,402;442
MCD,Short,136,2020-01-22T21:00:00Z,181.964503,2020-01-30T21:00:00Z,182.681571,-97.52,9.9291,-350.61,443.49,794.1,8.0,False,292;443
MRK,Long,369,2020-01-27T21:00:00Z,65.777639,2020-01-30T21:00:00Z,67.285237,556.3,9.848,0.0,616.21,211.11,3.0,True,333;444
MSFT,Short,157,2020-01-17T21:00:00Z,157.950615,2020-01-30T21:00:00Z,164.168252,-976.17,10.0692,-976.17,759.9,1736.07,13.0,False,237;445
NEE,Long,436,2020-01-28T21:00:00Z,56.260056,2020-01-30T21:00:00Z,56.087071,-75.42,9.8552,-85.54,298.01,373.43,2.0,False,370;446
PM,Long,395,2020-01-28T21:00:00Z,61.998021,2020-01-30T21:00:00Z,61.015438,-388.12,9.7905,-388.12,0.0,388.12,2.0,False,367;447
SO,Short,461,2020-01-28T21:00:00Z,53.272218,2020-01-30T21:00:00Z,53.508984,-109.15,9.9234,-390.82,0.0,390.82,2.0,False,379;448
TJX,Short,440,2020-01-28T21:00:00Z,55.842549,2020-01-30T21:00:00Z,55.622553,96.8,9.8251,-68.57,169.4,72.6,2.0,True,378;449
VZ,Long,600,2020-01-28T21:00:00Z,40.979776,2020-01-30T21:00:00Z,40.105249,-524.72,9.8433,-524.72,0.0,524.72,2.0,False,365;450
WMT,Short,696,2020-01-28T21:00:00Z,35.303775,2020-01-30T21:00:00Z,35.191149,78.39,9.8803,-127.12,78.39,146.18,2.0,True,363;451
SBUX,Short,322,2020-01-28T21:00:00Z,76.568342,2020-01-30T21:00:00Z,73.464337,999.49,14.5012,0.0,999.49,0.0,2.0,True,372;453
SPY,Long,14,2020-01-28T21:00:00Z,295.564218,2020-01-30T21:00:00Z,294.936828,-8.78,0.8343,-8.78,33.35,42.14,2.0,False,409;459
ABBV,Long,381,2020-01-30T21:00:00Z,63.767324,2020-01-31T21:00:00Z,62.848642,-350.02,9.577,-467.67,0.0,467.67,1.0,False,430;460
ANTM,Short,97,2020-01-30T21:00:00Z,246.697331,2020-01-31T21:00:00Z,243.417318,318.16,4.7152,0.0,353.71,35.55,1.0,True,433;461
AVGO,Long,929,2020-01-28T21:00:00Z,26.825473,2020-01-31T21:00:00Z,26.879376,50.08,9.9113,-665.29,316.35,981.64,3.0,True,371;462
BLK,Long,53,2020-01-23T21:00:00Z,454.03309,2020-01-31T21:00:00Z,457.725938,195.72,9.6444,-441.5,274.64,587.61,8.0,True,313;463
CME,Long,147,2020-01-30T21:00:00Z,165.156858,2020-01-31T21:00:00Z,168.937893,555.81,9.9292,0.0,555.81,0.0,1.0,True,456;464
CRM,Short,144,2020-01-08T21:00:00Z,171.84936,2020-01-31T21:00:00Z,181.397092,-1374.87,10.1636,-1489.33,0.0,1489.33,23.0,False,88;465
DUK,Short,334,2020-01-28T21:00:00Z,73.703494,2020-01-31T21:00:00Z,74.522422,-273.52,9.9102,-339.99,0.0,339.99,3.0,False,407;466
EL,Short,130,2020-01-27T21:00:00Z,175.649865,2020-01-31T21:00:00Z,180.763571,-664.78,4.6418,-799.17,0.0,799.17,4.0,False,344;467
FIS,Short,195,2020-01-28T21:00:00Z,125.897646,2020-01-31T21:00:00Z,126.524558,-122.25,9.7671,-249.52,492.34,614.59,3.0,False,404;468
FB,Short,117,2020-01-08T21:00:00Z,210.979312,2020-01-31T21:00:00Z,206.304089,547.0,9.6682,-1185.56,1285.22,1185.56,23.0,True,61;469
KO,Short,525,2020-01-30T21:00:00Z,47.272624,2020-01-31T21:00:00Z,48.121295,-445.55,10.0464,-445.55,0.0,445.55,1.0,False,426;470
PFE,Long,958,2020-01-30T21:00:00Z,25.455239,2020-01-31T21:00:00Z,25.345459,-105.17,9.7676,-105.17,92.02,197.19,1.0,False,427;471
TFC,Short,468,2020-01-30T21:00:00Z,51.267137,2020-01-31T21:00:00Z,50.306788,449.44,9.4156,0.0,581.1,131.66,1.0,True,457;472
MU,Short,453,2020-01-30T21:00:00Z,52.832939,2020-01-31T21:00:00Z,53.778822,-428.49,9.5521,-428.49,481.49,909.98,1.0,False,434;473
SPGI,Short,93,2020-01-27T21:00:00Z,260.057272,2020-01-31T21:00:00Z,266.768715,-624.16,9.7549,-736.36,0.0,736.36,4.0,False,345;474
DHR,Short,194,2020-01-30T21:00:00Z,125.788932,2020-01-31T21:00:00Z,126.734255,-183.39,14.3947,-183.39,610.82,794.21,1.0,False,452;483
TXN,Long,234,2020-01-28T21:00:00Z,105.40873,2020-01-31T21:00:00Z,102.981236,-568.03,14.3938,-1097.42,0.0,1097.42,3.0,False,403;484
TSLA,Long,631,2020-01-30T21:00:00Z,42.137329,2020-01-31T21:00:00Z,42.666662,334.01,15.8091,0.0,778.65,444.64,1.0,True,431;485
MO,Long,825,2020-01-30T21:00:00Z,28.962949,2020-01-31T21:00:00Z,28.519639,-365.73,14.1422,-721.71,0.0,721.71,1.0,False,454;491
FISV,Long,205,2020-01-17T21:00:00Z,120.79,2020-01-31T21:00:00Z,120.59,-41.0,14.579,-446.9,295.2,742.1,14.0,False,243;492
C,Short,397,2020-01-31T21:00:00Z,60.508228,2020-02-04T21:00:00Z,61.090268,-231.07,9.553,-231.07,245.31,476.38,4.0,False,477;496
DIS,Short,182,2020-01-31T21:00:00Z,133.867591,2020-02-04T21:00:00Z,141.022967,-1302.28,9.9887,-1302.28,0.0,1302.28,4.0,False,476;497
GOOGL,Short,336,2020-01-21T21:00:00Z,73.252947,2020-02-04T21:00:00Z,72.038999,407.89,9.7442,-94.69,786.65,846.56,14.0,True,259;498
HON,Long,159,2020-01-31T21:00:00Z,153.03983,2020-02-04T21:00:00Z,149.762433,-521.11,9.5304,-901.34,0.0,901.34,4.0,False,482;499
LLY,Long,184,2020-01-31T21:00:00Z,132.146728,2020-02-04T21:00:00Z,131.748612,-73.25,9.6446,-298.12,120.95,298.12,4.0,False,480;500
NOC,Short,70,2020-01-31T21:00:00Z,342.986127,2020-02-04T21:00:00Z,328.043732,1045.97,9.2243,0.0,1347.86,301.89,4.0,True,493;501
UPS,Long,283,2020-01-14T21:00:00Z,87.750958,2020-02-04T21:00:00Z,77.671811,-2852.4,9.3846,-3135.3,395.63,3530.93,21.0,False,179;502
USB,Long,605,2020-01-28T21:00:00Z,40.795731,2020-02-04T21:00:00Z,41.204901,247.55,9.9092,-284.22,247.55,472.17,7.0,True,374;503
TSLA,Short,570,2020-01-31T21:00:00Z,42.666662,2020-02-04T21:00:00Z,58.917327,-9262.88,12.2059,-9388.28,0.0,9388.28,4.0,False,485;509
DHR,Long,189,2020-01-31T21:00:00Z,126.734255,2020-02-04T21:00:00Z,124.3557,-449.55,9.5543,-755.01,0.0,755.01,4.0,False,483;510
MO,Short,860,2020-01-31T21:00:00Z,28.519639,2020-02-04T21:00:00Z,27.851718,574.41,9.571,0.0,1026.83,452.41,4.0,True,491;511
SPY,Long,126,2020-01-28T21:00:00Z,295.564218,2020-02-04T21:00:00Z,298.301092,344.85,11.6688,-381.51,458.27,681.67,7.0,True,409;517
SPY,Long,69,2020-01-30T21:00:00Z,294.936828,2020-02-04T21:00:00Z,298.301092,232.13,21.9289,-165.63,294.25,178.81,5.0,True,435;517
CAT,Long,209,2020-02-04T21:00:00Z,117.502507,2020-02-05T21:00:00Z,119.755375,470.85,10.006,0.0,819.83,348.98,1.0,True,513;519
TSLA,Long,462,2020-02-04T21:00:00Z,58.917327,2020-02-05T21:00:00Z,54.892661,-1859.4,4.5258,-4591.05,0.0,4591.05,1.0,False,509;521
PYPL,Long,208,2020-02-04T21:00:00Z,116.69859,2020-02-05T21:00:00Z,119.863297,658.26,14.6253,0.0,658.26,0.0,1.0,True,508;533
MO,Long,880,2020-02-04T21:00:00Z,27.851718,2020-02-05T21:00:00Z,27.49707,-312.09,9.5723,-442.13,0.0,442.13,1.0,False,511;538
AMZN,Short,240,2020-02-04T21:00:00Z,101.281335,2020-02-05T21:00:00Z,103.257189,-474.2,9.7919,-474.2,0.0,474.2,1.0,False,504;546
AXP,Short,198,2020-01-31T21:00:00Z,121.961876,2020-02-05T21:00:00Z,123.124561,-230.21,9.6276,-261.27,213.77,475.04,5.0,False,487;547
CCI,Short,217,2020-01-31T21:00:00Z,111.812814,2020-02-05T21:00:00Z,111.228066,126.89,9.6308,0.0,300.36,202.38,5.0,True,494;548
COP,Long,524,2020-02-04T21:00:00Z,45.600588,2020-02-05T21:00:00Z,44.430349,-613.21,9.3621,-613.21,0.0,613.21,1.0,False,515;549
FIS,Short,192,2020-02-04T21:00:00Z,126.395741,2020-02-05T21:00:00Z,127.477808,-207.76,9.6802,-207.76,174.78,382.54,1.0,False,512;550
GILD,Short,488,2020-01-30T21:00:00Z,49.784496,2020-02-05T21:00:00Z,51.693292,-931.49,9.8776,-1330.7,266.14,1596.84,6.0,False,455;551
FISV,Short,201,2020-01-31T21:00:00Z,120.59,2020-02-05T21:00:00Z,122.64,-412.05,4.8911,-663.3,0.0,663.3,5.0,False,492;552
JPM,Short,216,2020-01-30T21:00:00Z,111.700677,2020-02-05T21:00:00Z,114.820761,-673.94,9.9358,-866.49,83.56,950.05,6.0,False,424;553
LOW,Long,229,2020-01-31T21:00:00Z,105.818079,2020-02-05T21:00:00Z,106.837521,233.45,9.6779,-446.6,560.29,446.6,5.0,True,489;554
MA,Short,79,2020-01-30T21:00:00Z,307.806896,2020-02-05T21:00:00Z,323.245487,-1219.65,9.9519,-1219.65,233.26,1452.91,6.0,False,425;555
MMM,Long,246,2020-01-21T21:00:00Z,100.491576,2020-02-05T21:00:00Z,87.960531,-3082.64,9.2931,-3428.02,0.0,3428.02,15.0,False,266;556
SBUX,Long,328,2020-01-30T21:00:00Z,73.464337,2020-02-05T21:00:00Z,76.778348,1087.0,4.9619,-172.04,1087.0,172.04,6.0,True,453;557
SPGI,Long,91,2020-02-04T21:00:00Z,267.179802,2020-02-05T21:00:00Z,267.716003,48.79,9.64,-341.56,48.79,341.56,1.0,True,514;558
TMO,Long,77,2020-01-31T21:00:00Z,315.809728,2020-02-05T21:00:00Z,324.273476,651.71,9.7632,-249.49,820.31,249.49,5.0,True,481;559
XOM,Long,534,2020-02-04T21:00:00Z,45.705888,2020-02-05T21:00:00Z,45.082626,-332.82,9.7232,-332.82,447.72,780.55,1.0,False,505;560
NOW,Long,339,2020-02-05T21:00:00Z,71.08,2020-02-05T21:00:00Z,71.08,0.0,13.7677,0.0,0.0,0.0,0.0,False,545;566
ISRG,Short,128,2020-01-30T21:00:00Z,189.549981,2020-02-05T21:00:00Z,193.786647,-542.29,14.5958,-542.29,378.45,920.75,6.0,False,458;567
AMGN,Long,132,2020-02-05T21:00:00Z,182.276772,2020-02-06T21:00:00Z,190.40729,1073.23,9.9664,0.0,1073.23,0.0,1.0,True,535;570
BA,Long,76,2020-01-27T21:00:00Z,314.628061,2020-02-06T21:00:00Z,329.042301,1095.48,9.9429,-37.78,1883.47,787.99,10.0,True,334;571
VRTX,Short,99,2020-02-05T21:00:00Z,241.61,2020-02-06T21:00:00Z,242.13,-51.48,9.5016,-51.48,246.51,297.99,1.0,False,568;572
CL,Short,374,2020-02-04T21:00:00Z,64.587831,2020-02-06T21:00:00Z,65.16267,-214.99,9.7361,-330.51,0.0,330.51,2.0,False,516;573
CME,Long,143,2020-02-05T21:00:00Z,167.527753,2020-02-06T21:00:00Z,165.164606,-337.93,9.4412,-397.76,0.0,397.76,1.0,False,541;574
CVS,Long,431,2020-01-31T21:00:00Z,56.234521,2020-02-06T21:00:00Z,57.572473,576.66,9.692,-845.76,576.66,845.76,6.0,True,490;575
DUK,Short,323,2020-02-05T21:00:00Z,73.795336,2020-02-06T21:00:00Z,74.246895,-145.85,9.5952,-145.85,0.0,145.85,1.0,False,565;576
TSLA,Short,404,2020-02-05T21:00:00Z,54.892661,2020-02-06T21:00:00Z,46.674662,3320.07,7.992,0.0,3320.07,0.0,1.0,True,561;577
LLY,Long,180,2020-02-05T21:00:00Z,134.044722,2020-02-06T21:00:00Z,136.785242,493.29,9.8195,0.0,493.29,0.0,1.0,True,534;578
MO,Short,870,2020-02-05T21:00:00Z,27.49707,2020-02-06T21:00:00Z,27.485248,10.28,4.7979,-66.85,10.28,66.85,1.0,True,538;579
NFLX,Short,701,2020-01-31T21:00:00Z,34.739,2020-02-06T21:00:00Z,36.958,-1555.52,9.9828,-1561.83,0.0,1561.83,6.0,False,479;580
TFC,Short,464,2020-02-05T21:00:00Z,52.208086,2020-02-06T21:00:00Z,53.013227,-373.59,9.7771,-373.59,0.0,373.59,1.0,False,544;581
NOW,Short,339,2020-02-05T21:00:00Z,71.08,2020-02-06T21:00:00Z,68.002,1043.44,4.6335,0.0,1043.44,0.0,1.0,True,566;582
QCOM,Long,322,2020-01-31T21:00:00Z,75.037361,2020-02-06T21:00:00Z,75.907984,280.34,9.7658,-158.21,1071.4,791.06,6.0,True,488;583
SO,Long,450,2020-02-05T21:00:00Z,52.928526,2020-02-06T21:00:00Z,52.477908,-202.78,9.477,-202.78,0.0,202.78,1.0,False,564;584
TJX,Long,426,2020-02-05T21:00:00Z,56.832536,2020-02-06T21:00:00Z,57.263363,183.53,9.6874,-70.29,183.53,70.29,1.0,True,543;585
USB,Short,582,2020-02-05T21:00:00Z,41.674688,2020-02-06T21:00:00Z,42.068703,-229.32,9.7019,-229.32,88.2,317.52,1.0,False,540;586
TXN,Short,234,2020-01-31T21:00:00Z,102.981236,2020-02-06T21:00:00Z,111.028733,-1883.11,9.9786,-1883.11,0.0,1883.11,6.0,False,484;591
LMT,Long,66,2020-02-05T21:00:00Z,361.687827,2020-02-06T21:00:00Z,363.557533,123.4,14.4692,0.0,311.26,187.86,1.0,True,536;592
BLK,Short,52,2020-02-05T21:00:00Z,462.746169,2020-02-06T21:00:00Z,466.345419,-187.16,14.6262,-479.19,0.0,479.19,1.0,False,539;597
ISRG,Long,125,2020-02-05T21:00:00Z,193.786647,2020-02-06T21:00:00Z,192.666647,-140.0,9.6925,-140.0,7.92,147.92,1.0,False,567;604
SPY,Long,251,2020-01-30T21:00:00Z,294.936828,2020-02-06T21:00:00Z,303.674822,2193.24,15.2445,-602.51,2193.24,650.44,7.0,True,435;607
BLK,Long,52,2020-02-06T21:00:00Z,466.345419,2020-02-07T21:00:00Z,467.98763,85.39,4.9179,0.0,339.37,253.97,1.0,True,597;608
CRM,Short,132,2020-02-06T21:00:00Z,183.330188,2020-02-07T21:00:00Z,183.349814,-2.59,9.6485,-2.59,143.78,146.37,1.0,False,588;609
EL,Short,130,2020-02-06T21:00:00Z,193.003533,2020-02-07T21:00:00Z,191.247126,228.33,10.0012,0.0,240.23,11.89,1.0,True,601;610
GS,Long,115,2020-02-06T21:00:00Z,209.677607,2020-02-07T21:00:00Z,204.891812,-550.37,9.4313,-722.36,0.0,722.36,1.0,False,596;611
INTU,Long,86,2020-02-05T21:00:00Z,282.375464,2020-02-07T21:00:00Z,279.89321,-213.47,9.5984,-213.47,0.0,213.47,2.0,False,542;612
MCD,Short,130,2020-02-04T21:00:00Z,184.482777,2020-02-07T21:00:00Z,181.349873,407.28,9.4602,0.0,499.39,92.11,3.0,True,507;613
MDLZ,Short,491,2020-02-05T21:00:00Z,48.802407,2020-02-07T21:00:00Z,49.565209,-374.54,9.703,-449.44,0.0,449.44,2.0,False,562;614
MDT,Short,251,2020-01-31T21:00:00Z,96.587129,2020-02-07T21:00:00Z,98.941112,-590.85,9.6508,-728.78,0.0,728.78,7.0,False,478;615
MU,Short,435,2020-02-06T21:00:00Z,56.665229,2020-02-07T21:00:00Z,56.528709,59.39,9.8038,0.0,521.75,462.36,1.0,True,606;616
PNC,Long,196,2020-02-06T21:00:00Z,123.151538,2020-02-07T21:00:00Z,120.765189,-467.72,9.5478,-467.72,0.0,467.72,1.0,False,605;617
SPGI,Short,91,2020-02-06T21:00:00Z,264.704343,2020-02-07T21:00:00Z,265.517581,-74.0,9.6125,-74.0,58.55,132.56,1.0,False,602;618
TMO,Short,73,2020-02-06T21:00:00Z,327.209277,2020-02-07T21:00:00Z,324.018189,232.95,9.4357,0.0,504.6,271.65,1.0,True,590;619
TMUS,Short,311,2020-02-06T21:00:00Z,77.625531,2020-02-07T21:00:00Z,78.797522,-364.49,9.8888,-972.95,0.0,972.95,1.0,False,603;620
LMT,Short,66,2020-02-06T21:00:00Z,363.557533,2020-02-07T21:00:00Z,365.711033,-142.13,9.6037,-197.77,0.0,197.77,1.0,False,592;625
TXN,Long,217,2020-02-06T21:00:00Z,111.028733,2020-02-07T21:00:00Z,109.567828,-317.02,9.3042,-778.95,0.0,778.95,1.0,False,591;626
BDX,Long,126,2020-01-30T21:00:00Z,191.762873,2020-02-07T21:00:00Z,170.983996,-2618.14,13.7808,-2855.45,516.9,3372.34,8.0,False,432;633
SPY,Long,48,2020-01-30T21:00:00Z,294.936828,2020-02-07T21:00:00Z,302.610987,368.36,15.1632,-115.22,419.42,124.39,8.0,True,435;636
SPY,Long,203,2020-01-31T21:00:00Z,297.300906,2020-02-07T21:00:00Z,302.610987,1077.95,14.1003,-967.2,1293.9,526.05,7.0,True,495;636
ABT,Short,309,2020-01-30T21:00:00Z,78.295837,2020-02-10T21:00:00Z,77.33809,295.94,9.7256,-348.01,339.79,687.8,11.0,True,428;637
BKNG,Long,328,2020-02-05T21:00:00Z,74.189097,2020-02-10T21:00:00Z,74.305928,38.32,9.8067,-154.56,797.16,951.73,5.0,True,563;638
CAT,Long,198,2020-02-06T21:00:00Z,122.096591,2020-02-10T21:00:00Z,117.537847,-902.63,9.5011,-902.63,0.0,902.63,4.0,False,600;639
CME,Long,145,2020-02-07T21:00:00Z,164.839189,2020-02-10T21:00:00Z,165.575252,106.73,9.5847,0.0,106.73,0.0,3.0,True,631;640
GILD,Long,451,2020-02-07T21:00:00Z,54.537007,2020-02-10T21:00:00Z,54.007219,-238.93,9.6881,-354.89,0.0,354.89,3.0,False,628;641
NFLX,Short,653,2020-02-07T21:00:00Z,36.504,2020-02-10T21:00:00Z,36.5,2.61,9.6362,-393.76,2.61,393.76,3.0,True,622;642
PYPL,Short,201,2020-02-05T21:00:00Z,119.863297,2020-02-10T21:00:00Z,117.252414,524.79,4.7732,0.0,524.79,234.56,5.0,True,533;643
SYK,Short,122,2020-01-28T21:00:00Z,200.495868,2020-02-10T21:00:00Z,200.486538,1.14,9.8209,-382.48,494.04,876.52,13.0,True,405;644
USB,Short,577,2020-02-07T21:00:00Z,41.401908,2020-02-10T21:00:00Z,41.250364,87.44,9.5538,0.0,87.44,0.0,3.0,True,629;645
ZTS,Long,184,2020-02-07T21:00:00Z,130.330745,2020-02-10T21:00:00Z,129.927708,-74.16,9.7079,-74.16,603.62,677.78,3.0,False,634;646
IBM,Long,212,2020-02-06T21:00:00Z,113.643908,2020-02-10T21:00:00Z,111.875906,-374.82,14.411,-374.82,0.0,374.82,4.0,False,589;648
BDX,Short,138,2020-02-07T21:00:00Z,170.983996,2020-02-10T21:00:00Z,169.31292,230.61,9.6303,-221.16,230.61,221.16,3.0,True,633;660
FISV,Short,197,2020-02-06T21:00:00Z,120.75,2020-02-12T21:00:00Z,120.48,53.19,9.4879,-484.62,317.17,484.62,6.0,True,598;666
COST,Long,83,2020-02-10T21:00:00Z,286.199667,2020-02-12T21:00:00Z,283.472305,-226.37,14.3519,-233.18,102.96,329.34,2.0,False,647;676
UPS,Long,307,2020-02-05T21:00:00Z,78.603813,2020-02-12T21:00:00Z,79.498234,274.59,14.5872,-350.73,445.34,796.07,7.0,True,537;680
SPY,Long,38,2020-01-31T21:00:00Z,297.300906,2020-02-12T21:00:00Z,306.293492,341.72,11.4131,-181.05,361.07,120.59,12.0,True,495;688
SPY,Long,106,2020-02-05T21:00:00Z,302.138172,2020-02-12T21:00:00Z,306.293492,440.46,6.4163,-1017.79,494.44,336.37,7.0,True,569;688
SPY,Long,42,2020-02-10T21:00:00Z,301.137985,2020-02-12T21:00:00Z,306.293492,216.53,19.4151,-361.27,237.92,21.39,2.0,True,661;688
ABBV,Short,335,2020-02-10T21:00:00Z,71.363819,2020-02-12T21:00:00Z,74.204784,-951.72,9.9582,-1378.45,0.0,1378.45,2.0,False,649;689
ADP,Long,157,2020-02-06T21:00:00Z,153.933963,2020-02-12T21:00:00Z,153.026203,-142.52,9.6345,-239.32,0.0,239.32,6.0,False,599;690
AMGN,Short,127,2020-02-10T21:00:00Z,185.869516,2020-02-12T21:00:00Z,186.944895,-136.57,9.4033,-136.57,118.98,255.56,2.0,False,651;691
BDX,Long,141,2020-02-10T21:00:00Z,169.31292,2020-02-12T21:00:00Z,175.846555,921.24,4.8714,0.0,921.24,403.65,2.0,True,660;692
BLK,Long,50,2020-02-10T21:00:00Z,470.91468,2020-02-12T21:00:00Z,489.123653,910.45,9.6455,0.0,910.45,0.0,2.0,True,654;693
CB,Long,164,2020-02-10T21:00:00Z,145.581235,2020-02-12T21:00:00Z,147.379087,294.85,9.6006,0.0,294.85,36.67,2.0,True,657;694
CI,Long,125,2020-02-07T21:00:00Z,189.479421,2020-02-12T21:00:00Z,195.910227,803.85,9.702,-39.35,1336.75,532.9,5.0,True,630;695
COP,Short,529,2020-02-07T21:00:00Z,44.802345,2020-02-12T21:00:00Z,46.46858,-881.44,9.6548,-881.44,0.0,881.44,5.0,False,635;696
UBER,Short,588,2020-02-10T21:00:00Z,40.6,2020-02-12T21:00:00Z,41.44,-493.92,9.5562,-493.92,0.0,493.92,2.0,False,659;697
TSLA,Short,479,2020-02-10T21:00:00Z,53.333328,2020-02-12T21:00:00Z,51.857995,706.68,9.8263,0.0,1044.54,337.85,2.0,True,652;698
GS,Short,117,2020-02-10T21:00:00Z,202.883488,2020-02-12T21:00:00Z,203.404798,-60.99,9.5191,-124.99,93.99,218.98,2.0,False,655;699
ISRG,Short,125,2020-02-06T21:00:00Z,192.666647,2020-02-12T21:00:00Z,197.18998,-565.42,4.9403,-618.33,0.0,618.33,6.0,False,604;700
MS,Short,534,2020-02-06T21:00:00Z,45.427801,2020-02-12T21:00:00Z,46.075247,-345.74,9.7323,-345.74,175.06,520.79,6.0,False,595;701
NEE,Short,420,2020-02-10T21:00:00Z,57.023719,2020-02-12T21:00:00Z,57.259991,-99.23,9.6044,-163.03,4.43,163.03,2.0,False,653;702
NKE,Short,262,2020-01-23T21:00:00Z,93.491397,2020-02-12T21:00:00Z,90.597594,758.18,9.7018,0.0,1829.51,1586.99,20.0,True,309;703
NVDA,Short,4013,2020-01-30T21:00:00Z,6.000629,2020-02-12T21:00:00Z,6.704059,-2822.86,10.3299,-3075.95,522.13,3598.08,13.0,False,429;704
PG,Short,230,2020-01-28T21:00:00Z,106.814199,2020-02-12T21:00:00Z,104.788763,465.85,9.7224,-214.41,516.53,506.78,15.0,True,400;705
SPGI,Short,90,2020-02-10T21:00:00Z,263.122551,2020-02-12T21:00:00Z,263.944726,-74.0,9.6579,-756.04,24.93,780.98,2.0,False,658;706
VZ,Short,606,2020-02-04T21:00:00Z,39.674818,2020-02-12T21:00:00Z,39.968604,-178.03,9.6495,-898.45,0.0,898.45,8.0,False,506;707
WMT,Short,682,2020-02-05T21:00:00Z,35.188105,2020-02-12T21:00:00Z,35.157665,20.76,9.6599,-176.46,72.66,176.46,7.0,True,531;708
USB,Short,576,2020-02-12T21:00:00Z,41.871696,2020-02-12T21:00:00Z,41.871696,0.0,14.353,0.0,0.0,0.0,0.0,False,681;714
SO,Short,457,2020-02-12T21:00:00Z,52.195317,2020-02-12T21:00:00Z,52.195317,0.0,14.3706,0.0,0.0,0.0,0.0,False,685;717
SPY,Long,277,2020-02-10T21:00:00Z,301.137985,2020-02-12T21:00:00Z,306.293492,1428.08,29.0849,-2382.64,1569.12,141.04,2.0,True,661;720
ABT,Short,303,2020-02-12T21:00:00Z,79.209244,2020-02-13T21:00:00Z,78.482066,220.34,9.5373,0.0,220.34,0.0,1.0,True,673;721
ACN,Short,126,2020-02-07T21:00:00Z,189.090453,2020-02-13T21:00:00Z,186.014875,387.52,9.4699,0.0,387.52,45.79,6.0,True,623;722
ANTM,Short,93,2020-02-12T21:00:00Z,262.281977,2020-02-13T21:00:00Z,270.03307,-720.85,10.1374,-1073.61,0.0,1073.61,1.0,False,718;723
VRTX,Short,96,2020-02-12T21:00:00Z,247.61,2020-02-13T21:00:00Z,241.41,595.2,9.2602,0.0,721.92,126.72,1.0,True,719;724
CME,Long,146,2020-02-12T21:00:00Z,161.236359,2020-02-13T21:00:00Z,160.926438,-45.25,9.4105,-45.25,23.76,69.0,1.0,False,716;725
EL,Long,125,2020-02-10T21:00:00Z,189.884081,2020-02-13T21:00:00Z,195.528369,705.54,9.687,0.0,837.04,131.5,3.0,True,656;726
IBM,Short,213,2020-02-10T21:00:00Z,111.875906,2020-02-13T21:00:00Z,112.899808,-218.09,4.8077,-364.52,0.0,364.52,3.0,False,648;727
INTU,Long,84,2020-02-12T21:00:00Z,283.549761,2020-02-13T21:00:00Z,283.826628,23.26,9.5672,0.0,67.36,44.11,1.0,True,683;728
PM,Short,379,2020-02-07T21:00:00Z,63.281244,2020-02-13T21:00:00Z,65.143751,-705.89,9.7974,-872.64,0.0,872.64,6.0,False,624;729
SO,Long,457,2020-02-12T21:00:00Z,52.195317,2020-02-13T21:00:00Z,52.393895,90.75,4.8544,0.0,418.85,328.1,1.0,True,717;730
TJX,Long,423,2020-02-07T21:00:00Z,56.465874,2020-02-13T21:00:00Z,58.008591,652.57,9.6916,0.0,773.21,120.64,6.0,True,632;731
TMUS,Long,268,2020-02-12T21:00:00Z,88.844514,2020-02-13T21:00:00Z,89.903087,283.7,9.6665,0.0,288.76,5.07,1.0,True,715;732
UNH,Long,95,2020-02-05T21:00:00Z,253.964259,2020-02-13T21:00:00Z,266.893672,1228.29,10.1023,0.0,1510.45,458.71,8.0,True,532;733
COST,Short,84,2020-02-12T21:00:00Z,283.472305,2020-02-13T21:00:00Z,287.193922,-312.62,9.6943,-569.3,0.0,569.3,1.0,False,676;736
TXN,Short,216,2020-02-07T21:00:00Z,109.567828,2020-02-13T21:00:00Z,110.093754,-113.6,9.6014,-281.3,288.51,569.8,6.0,False,626;740
LMT,Long,65,2020-02-07T21:00:00Z,365.711033,2020-02-13T21:00:00Z,363.757858,-126.96,9.5064,-186.64,92.23,278.87,6.0,False,625;741
UPS,Short,304,2020-02-12T21:00:00Z,79.498234,2020-02-13T21:00:00Z,78.84433,198.79,9.6027,0.0,198.79,0.0,1.0,True,680;742
ADP,Long,157,2020-02-13T21:00:00Z,151.981421,2020-02-14T21:00:00Z,154.285078,361.67,9.7171,0.0,508.23,146.55,1.0,True,744;749
AMGN,Short,130,2020-02-13T21:00:00Z,184.59624,2020-02-14T21:00:00Z,182.906084,219.72,9.5252,0.0,219.72,0.0,1.0,True,739;750
AMT,Short,112,2020-02-12T21:00:00Z,212.081129,2020-02-14T21:00:00Z,214.7382,-297.59,9.5909,-297.59,0.0,297.59,2.0,False,710;751
C,Short,380,2020-02-07T21:00:00Z,62.28624,2020-02-14T21:00:00Z,62.900172,-233.29,9.5426,-366.61,0.0,366.61,7.0,False,621;752
CB,Long,164,2020-02-13T21:00:00Z,146.4578,2020-02-14T21:00:00Z,147.280697,134.96,9.6637,0.0,134.96,0.0,1.0,True,745;753
UBER,Short,582,2020-02-13T21:00:00Z,40.93,2020-02-14T21:00:00Z,39.99,547.08,9.2829,0.0,739.14,192.06,1.0,True,747;754
TSLA,Short,470,2020-02-13T21:00:00Z,49.455995,2020-02-14T21:00:00Z,52.513328,-1436.95,10.0519,-1823.29,0.0,1823.29,1.0,False,738;755
FIS,Long,191,2020-02-06T21:00:00Z,125.786005,2020-02-14T21:00:00Z,132.553218,1292.54,9.9972,-1.64,1792.82,500.28,8.0,True,594;756
LLY,Short,179,2020-02-12T21:00:00Z,133.942879,2020-02-14T21:00:00Z,132.347623,285.55,9.4591,0.0,467.13,181.58,2.0,True,675;757
PYPL,Short,205,2020-02-13T21:00:00Z,116.738149,2020-02-14T21:00:00Z,119.556716,-577.81,9.8734,-1003.56,0.0,1003.56,1.0,False,737;758
UTX,Short,334,2020-02-10T21:00:00Z,71.926309,2020-02-14T21:00:00Z,70.187024,580.92,9.4722,0.0,583.98,61.26,4.0,True,650;759
COST,Long,83,2020-02-13T21:00:00Z,287.193922,2020-02-14T21:00:00Z,290.86081,304.35,9.5815,0.0,304.35,0.0,1.0,True,736;762
BKNG,Long,321,2020-02-12T21:00:00Z,75.175707,2020-02-14T21:00:00Z,78.086301,934.3,14.7819,0.0,934.3,0.0,2.0,True,682;767
CAT,Long,199,2020-02-12T21:00:00Z,122.467651,2020-02-18T21:00:00Z,121.442817,-203.94,9.7108,-358.66,193.39,552.05,6.0,False,684;772
CCI,Short,201,2020-02-12T21:00:00Z,118.792788,2020-02-18T21:00:00Z,122.908234,-827.2,9.8021,-851.01,0.0,851.01,6.0,False,687;773
CL,Short,369,2020-02-13T21:00:00Z,64.965337,2020-02-18T21:00:00Z,65.728928,-281.77,9.6522,-307.09,0.0,307.09,5.0,False,748;774
COST,Short,82,2020-02-14T21:00:00Z,290.86081,2020-02-18T21:00:00Z,290.796959,5.24,4.8177,-237.86,5.24,237.86,4.0,True,762;775
DHR,Short,196,2020-02-04T21:00:00Z,124.3557,2020-02-18T21:00:00Z,126.772372,-473.67,4.901,-473.67,183.79,657.46,14.0,False,510;776
MMM,Long,269,2020-02-14T21:00:00Z,89.108464,2020-02-18T21:00:00Z,89.370613,70.52,9.5992,-132.03,70.52,132.03,4.0,True,765;777
NFLX,Short,632,2020-02-13T21:00:00Z,37.735,2020-02-18T21:00:00Z,37.93,-123.24,9.7224,-659.18,0.0,659.18,5.0,False,735;778
PG,Long,229,2020-02-13T21:00:00Z,104.85656,2020-02-18T21:00:00Z,106.636232,407.54,9.6984,0.0,465.77,236.76,5.0,True,734;779
PM,Short,369,2020-02-14T21:00:00Z,65.173082,2020-02-18T21:00:00Z,64.740452,159.64,9.5211,0.0,389.63,229.99,4.0,True,763;780
SPGI,Short,89,2020-02-14T21:00:00Z,269.646325,2020-02-18T21:00:00Z,274.293396,-413.59,9.7733,-413.59,0.0,413.59,4.0,False,769;781
TMO,Short,72,2020-02-12T21:00:00Z,332.825593,2020-02-18T21:00:00Z,332.000819,59.38,9.5005,-15.55,238.95,254.5,6.0,True,677;782
TMUS,Long,267,2020-02-14T21:00:00Z,90.035408,2020-02-18T21:00:00Z,91.538204,401.25,9.9105,0.0,1165.89,764.64,4.0,True,766;783
LMT,Short,66,2020-02-13T21:00:00Z,363.757858,2020-02-18T21:00:00Z,364.759486,-66.11,9.525,-104.67,13.77,104.67,5.0,False,741;791
TXN,Long,217,2020-02-13T21:00:00Z,110.093754,2020-02-18T21:00:00Z,109.442608,-141.3,9.5098,-141.3,59.78,201.08,5.0,False,740;792
BKNG,Short,313,2020-02-14T21:00:00Z,78.086301,2020-02-18T21:00:00Z,77.062963,320.3,9.5908,0.0,320.3,0.0,4.0,True,767;796
SPY,Short,197,2020-02-12T21:00:00Z,306.293492,2020-02-18T21:00:00Z,305.984343,60.9,18.5542,-132.55,60.9,132.55,6.0,True,720;803
ABBV,Short,330,2020-02-18T21:00:00Z,72.328821,2020-02-19T21:00:00Z,72.359701,-10.19,9.5668,-114.64,0.0,114.64,1.0,False,788;804
ACN,Short,127,2020-02-18T21:00:00Z,188.345933,2020-02-19T21:00:00Z,190.561767,-281.41,9.6733,-384.97,0.0,384.97,1.0,False,790;805
BMY,Long,464,2020-02-14T21:00:00Z,51.891531,2020-02-19T21:00:00Z,51.695714,-90.86,9.6013,-196.26,0.0,196.26,5.0,False,761;806
CVS,Long,415,2020-02-18T21:00:00Z,57.72654,2020-02-19T21:00:00Z,58.634726,376.9,9.6768,0.0,376.9,0.0,1.0,True,794;807
DUK,Long,310,2020-02-14T21:00:00Z,77.404239,2020-02-19T21:00:00Z,78.996219,493.51,9.7122,0.0,493.51,143.74,5.0,True,768;808
FB,Long,116,2020-02-12T21:00:00Z,206.026746,2020-02-19T21:00:00Z,215.921972,1147.85,9.8411,0.0,1147.85,35.62,7.0,True,709;809
NEE,Short,413,2020-02-14T21:00:00Z,58.158666,2020-02-19T21:00:00Z,58.013106,60.12,9.6394,-553.24,88.87,553.24,5.0,True,764;810
NVDA,Short,3575,2020-02-14T21:00:00Z,7.131132,2020-02-19T21:00:00Z,7.485951,-1268.48,10.7317,-2441.08,0.0,2441.08,5.0,False,760;811
MU,Short,421,2020-02-18T21:00:00Z,55.631583,2020-02-19T21:00:00Z,57.123543,-628.12,9.6672,-1206.97,0.0,1206.97,1.0,False,802;812
PNC,Short,196,2020-02-18T21:00:00Z,122.09359,2020-02-19T21:00:00Z,121.027687,208.92,9.5023,0.0,208.92,0.0,1.0,True,801;813
SYK,Short,116,2020-02-18T21:00:00Z,206.206194,2020-02-19T21:00:00Z,207.671097,-169.93,9.6769,-443.76,0.0,443.76,1.0,False,795;814
TJX,Long,412,2020-02-18T21:00:00Z,58.293804,2020-02-19T21:00:00Z,58.496213,83.39,9.6485,0.0,170.58,87.18,1.0,True,798;815
V,Long,124,2020-02-06T21:00:00Z,193.459299,2020-02-19T21:00:00Z,202.775257,1155.18,9.8451,-36.62,1248.65,242.19,13.0,True,587;816
USB,Long,576,2020-02-12T21:00:00Z,41.871696,2020-02-19T21:00:00Z,41.447372,-244.41,9.608,-366.62,0.0,366.62,7.0,False,714;825
CI,Short,120,2020-02-13T21:00:00Z,198.167754,2020-02-19T21:00:00Z,199.220068,-126.28,14.3514,-174.85,0.0,174.85,6.0,False,743;826
BKNG,Long,308,2020-02-18T21:00:00Z,77.062963,2020-02-19T21:00:00Z,77.473627,126.48,9.5068,-45.25,126.48,45.25,1.0,True,796;827
C,Short,382,2020-02-18T21:00:00Z,62.676924,2020-02-21T21:00:00Z,61.791905,338.08,9.3827,0.0,657.88,319.8,3.0,True,786;835
CB,Short,163,2020-02-18T21:00:00Z,147.066028,2020-02-21T21:00:00Z,145.482846,258.06,9.5423,0.0,258.06,87.48,3.0,True,799;836
FISV,Short,196,2020-02-19T21:00:00Z,122.65,2020-02-21T21:00:00Z,121.52,221.48,9.5272,0.0,619.36,397.88,2.0,True,824;839
SPGI,Long,87,2020-02-19T21:00:00Z,275.374734,2020-02-21T21:00:00Z,269.369288,-522.47,9.3985,-1157.68,0.0,1157.68,2.0,False,829;840
TMO,Short,72,2020-02-19T21:00:00Z,331.961544,2020-02-21T21:00:00Z,327.857314,295.5,9.5393,0.0,295.5,0.0,2.0,True,822;841
TXN,Short,217,2020-02-18T21:00:00Z,109.442608,2020-02-21T21:00:00Z,109.158775,61.59,9.3341,-367.74,467.37,405.78,3.0,True,792;851
MO,Long,890,2020-02-12T21:00:00Z,26.935543,2020-02-21T21:00:00Z,26.829148,-94.69,14.4276,-226.21,168.34,268.29,9.0,False,712;854
GS,Short,118,2020-02-18T21:00:00Z,202.157073,2020-02-21T21:00:00Z,197.337095,568.76,14.085,-78.66,598.0,78.66,3.0,True,797;855
CI,Long,120,2020-02-19T21:00:00Z,199.220068,2020-02-21T21:00:00Z,196.584787,-316.23,9.3765,-465.18,0.0,465.18,2.0,False,826;856
ANTM,Long,86,2020-02-19T21:00:00Z,276.703042,2020-02-21T21:00:00Z,267.559317,-786.36,9.4359,-786.36,0.0,786.36,2.0,False,828;862
AXP,Short,195,2020-02-12T21:00:00Z,123.08765,2020-02-21T21:00:00Z,125.68062,-505.63,9.6498,-636.98,0.0,636.98,9.0,False,678;863
CL,Short,367,2020-02-19T21:00:00Z,65.205568,2020-02-21T21:00:00Z,64.510614,255.05,9.5602,-85.02,264.49,349.51,2.0,True,832;864
CRM,Short,128,2020-02-18T21:00:00Z,187.37301,2020-02-21T21:00:00Z,188.118773,-95.46,9.5606,-302.7,182.12,302.7,3.0,False,785;865
UBER,Short,605,2020-02-18T21:00:00Z,39.49,2020-02-21T21:00:00Z,40.89,-847.0,9.7889,-937.75,0.0,937.75,3.0,False,800;866
TSLA,Long,419,2020-02-19T21:00:00Z,61.533327,2020-02-21T21:00:00Z,60.403327,-473.47,10.1589,-658.95,0.0,658.95,2.0,False,819;867
IBM,Short,218,2020-02-18T21:00:00Z,109.520932,2020-02-21T21:00:00Z,110.361994,-183.35,9.5961,-234.37,0.0,234.37,3.0,False,789;868
LMT,Long,65,2020-02-18T21:00:00Z,364.759486,2020-02-21T21:00:00Z,355.410959,-607.65,4.642,-607.65,0.0,607.65,3.0,False,791;869
SO,Short,452,2020-02-14T21:00:00Z,53.265959,2020-02-21T21:00:00Z,53.658981,-177.65,9.6145,-250.79,167.2,417.99,7.0,False,770;870
WMT,Short,659,2020-02-19T21:00:00Z,36.375247,2020-02-21T21:00:00Z,35.748192,413.23,9.4786,0.0,413.23,178.53,2.0,True,817;871
SYK,Long,114,2020-02-21T21:00:00Z,208.426876,2020-02-21T21:00:00Z,208.426876,0.0,14.3151,0.0,0.0,0.0,0.0,False,853;875
ACN,Long,126,2020-02-21T21:00:00Z,188.425703,2020-02-24T21:00:00Z,181.228672,-906.83,9.2972,-919.11,0.0,919.11,3.0,False,848;881
ADBE,Short,63,2020-02-21T21:00:00Z,378.02,2020-02-24T21:00:00Z,355.12,1442.7,9.2025,0.0,1442.7,0.0,3.0,True,844;882
AMT,Short,112,2020-02-18T21:00:00Z,213.317753,2020-02-24T21:00:00Z,204.561114,980.74,9.3216,0.0,980.74,0.0,6.0,True,793;883
BA,Short,71,2020-02-21T21:00:00Z,334.05,2020-02-24T21:00:00Z,320.0,997.55,9.206,0.0,1146.65,149.1,3.0,True,843;884
BLK,Long,49,2020-02-21T21:00:00Z,479.398019,2020-02-24T21:00:00Z,455.173278,-1187.01,9.0475,-1476.36,0.0,1476.36,3.0,False,874;885
CME,Short,147,2020-02-21T21:00:00Z,161.763224,2020-02-24T21:00:00Z,161.391319,54.67,9.5247,-59.23,54.67,59.23,3.0,True,857;886
EL,Long,123,2020-02-21T21:00:00Z,192.070442,2020-02-24T21:00:00Z,182.95908,-1120.7,9.1827,-1257.97,0.0,1257.97,3.0,False,876;887
GS,Long,120,2020-02-21T21:00:00Z,197.337095,2020-02-24T21:00:00Z,190.790812,-785.55,4.6054,-785.55,0.0,785.55,3.0,False,855;888
MU,Short,416,2020-02-21T21:00:00Z,57.1723,2020-02-24T21:00:00Z,51.740785,2259.51,9.0867,0.0,2259.51,0.0,3.0,True,880;889
NOW,Short,341,2020-02-14T21:00:00Z,70.728,2020-02-24T21:00:00Z,65.198,1885.73,9.4078,-278.26,1885.73,278.26,10.0,True,771;890
SPGI,Short,88,2020-02-21T21:00:00Z,269.369288,2020-02-24T21:00:00Z,253.801598,1369.96,9.1878,0.0,1369.96,0.0,3.0,True,878;891
SYK,Short,114,2020-02-21T21:00:00Z,208.426876,2020-02-24T21:00:00Z,204.088148,494.61,4.5856,0.0,832.87,338.25,3.0,True,875;892
TXN,Long,218,2020-02-21T21:00:00Z,109.158775,2020-02-24T21:00:00Z,103.523858,-1228.41,4.4201,-1696.12,0.0,1696.12,3.0,False,851;893
AMD,Short,422,2020-02-19T21:00:00Z,57.99,2020-02-24T21:00:00Z,48.09,4177.8,9.1169,0.0,4177.8,0.0,5.0,True,831;894
PM,Short,374,2020-02-19T21:00:00Z,64.388483,2020-02-24T21:00:00Z,64.674458,-106.95,14.094,-501.86,614.3,721.26,5.0,False,821;897
LLY,Long,181,2020-02-21T21:00:00Z,131.537958,2020-02-24T21:00:00Z,129.620821,-347.0,14.0933,-537.35,0.0,537.35,3.0,False,849;898
NEE,Short,409,2020-02-21T21:00:00Z,58.546827,2020-02-24T21:00:00Z,57.970915,235.55,14.2561,0.0,309.75,74.2,3.0,True,850;899
MO,Short,889,2020-02-21T21:00:00Z,26.829148,2020-02-24T21:00:00Z,26.77004,52.55,9.1855,0.0,835.5,782.95,3.0,True,854;903
CI,Short,120,2020-02-21T21:00:00Z,196.584787,2020-02-24T21:00:00Z,185.899756,1282.2,8.722,0.0,1965.4,683.19,3.0,True,856;906
SPY,Long,106,2020-02-18T21:00:00Z,305.984343,2020-02-24T21:00:00Z,293.845716,-1286.69,21.87,-1358.98,175.41,1534.4,6.0,False,803;910
SPY,Long,267,2020-02-19T21:00:00Z,307.15729,2020-02-24T21:00:00Z,293.845716,-3554.19,27.7491,-3736.27,128.67,3736.27,5.0,False,833;910
AXP,Short,192,2020-02-24T21:00:00Z,119.4335,2020-02-25T21:00:00Z,117.846344,304.73,8.8259,0.0,1511.27,1206.53,1.0,True,902;911
CAT,Long,198,2020-02-21T21:00:00Z,120.594679,2020-02-25T21:00:00Z,117.476003,-617.5,9.3135,-1311.96,0.0,1311.96,4.0,False,877;912
CB,Short,163,2020-02-24T21:00:00Z,143.881774,2020-02-25T21:00:00Z,143.345102,87.48,9.2639,0.0,532.16,444.68,1.0,True,908;913
DUK,Long,303,2020-02-24T21:00:00Z,78.888026,2020-02-25T21:00:00Z,79.220333,100.69,9.4399,-657.99,100.69,657.99,1.0,True,907;914
TSLA,Short,399,2020-02-24T21:00:00Z,55.905994,2020-02-25T21:00:00Z,56.599994,-276.91,8.6913,-276.91,1028.89,1305.79,1.0,False,896;915
GILD,Long,454,2020-02-12T21:00:00Z,52.589257,2020-02-25T21:00:00Z,57.44305,2203.62,9.6952,-247.6,2203.62,990.39,13.0,True,711;916
FISV,Short,201,2020-02-24T21:00:00Z,116.58,2020-02-25T21:00:00Z,116.79,-42.21,9.2396,-42.21,669.33,711.54,1.0,False,905;917
JPM,Long,207,2020-02-18T21:00:00Z,115.451505,2020-02-25T21:00:00Z,110.388728,-1047.99,9.1186,-1918.42,36.56,1954.98,7.0,False,784;918
MDLZ,Long,480,2020-02-12T21:00:00Z,50.073744,2020-02-25T21:00:00Z,48.921065,-553.29,9.436,-838.07,244.1,1082.16,13.0,False,713;919
MS,Short,559,2020-02-24T21:00:00Z,41.436579,2020-02-25T21:00:00Z,40.969434,261.13,8.9514,0.0,1163.65,902.52,1.0,True,904;920
ORCL,Short,477,2020-02-19T21:00:00Z,50.411447,2020-02-25T21:00:00Z,48.098995,1103.04,9.205,0.0,2002.77,899.73,6.0,True,818;921
TFC,Short,455,2020-02-13T21:00:00Z,52.343893,2020-02-25T21:00:00Z,52.140182,92.69,9.3686,-595.85,1169.64,1076.95,12.0,True,746;922
PNC,Short,195,2020-02-21T21:00:00Z,122.181089,2020-02-25T21:00:00Z,118.442475,729.03,9.156,0.0,1901.68,1172.65,4.0,True,860;923
T,Long,1278,2020-01-31T21:00:00Z,19.001194,2020-02-25T21:00:00Z,19.429103,546.87,9.7609,-221.35,852.85,817.05,25.0,True,475;924
USB,Short,582,2020-02-19T21:00:00Z,41.447372,2020-02-25T21:00:00Z,40.181976,736.46,4.4734,-44.1,1755.16,1018.7,6.0,True,825;925
ABT,Long,305,2020-02-21T21:00:00Z,78.065268,2020-02-25T21:00:00Z,75.316179,-838.47,13.7405,-1860.87,0.0,1860.87,4.0,False,847;931
PM,Long,365,2020-02-24T21:00:00Z,64.674458,2020-02-25T21:00:00Z,63.009934,-607.55,9.3367,-856.46,0.0,856.46,1.0,False,897;932
LLY,Short,181,2020-02-24T21:00:00Z,129.620821,2020-02-25T21:00:00Z,129.313706,55.59,9.275,0.0,651.89,596.3,1.0,True,898;933
BKNG,Short,310,2020-02-19T21:00:00Z,77.473627,2020-02-25T21:00:00Z,70.449751,2177.4,8.8243,0.0,3103.06,925.66,6.0,True,827;940
AMGN,Short,135,2020-02-25T21:00:00Z,178.926833,2020-02-27T21:00:00Z,176.334166,350.01,9.1685,0.0,1614.92,1264.91,2.0,True,934;947
LIN,Short,128,2020-01-31T21:00:00Z,187.047055,2020-02-27T21:00:00Z,181.667544,688.58,9.2602,-2059.92,1266.66,2059.92,27.0,True,486;950
MDT,Long,264,2020-02-25T21:00:00Z,91.460859,2020-02-27T21:00:00Z,85.990103,-1444.28,9.0732,-2280.1,0.0,2280.1,2.0,False,930;951
SYK,Short,120,2020-02-25T21:00:00Z,201.792821,2020-02-27T21:00:00Z,185.137706,1998.61,8.9847,0.0,2391.62,393.0,2.0,True,938;954
NEE,Long,410,2020-02-24T21:00:00Z,57.970915,2020-02-27T21:00:00Z,56.840154,-463.61,9.0389,-1523.46,0.0,1523.46,3.0,False,899;962
ABBV,Short,329,2020-02-21T21:00:00Z,72.467781,2020-02-27T21:00:00Z,66.78585,1869.36,13.7959,0.0,2167.79,298.44,6.0,True,873;963
LLY,Long,187,2020-02-25T21:00:00Z,129.313706,2020-02-27T21:00:00Z,124.083458,-978.06,9.1375,-1698.55,0.0,1698.55,2.0,False,933;964
PYPL,Short,197,2020-02-18T21:00:00Z,120.961055,2020-02-27T21:00:00Z,105.533106,3039.31,13.723,-311.72,3039.31,311.72,9.0,True,787;965
ABT,Short,321,2020-02-25T21:00:00Z,75.316179,2020-02-27T21:00:00Z,71.298961,1289.53,4.5074,0.0,1639.66,350.14,2.0,True,931;975
ADP,Short,161,2020-02-25T21:00:00Z,149.566435,2020-02-27T21:00:00Z,140.497391,1460.12,8.954,0.0,2360.45,900.34,2.0,True,939;976
AMT,Short,117,2020-02-25T21:00:00Z,207.151341,2020-02-27T21:00:00Z,200.525372,775.24,9.3668,0.0,1465.43,690.19,2.0,True,935;977
BKNG,Long,344,2020-02-25T21:00:00Z,70.449751,2020-02-27T21:00:00Z,63.02498,-2554.12,4.4621,-2554.12,0.0,2554.12,2.0,False,940;978
CI,Long,122,2020-02-24T21:00:00Z,185.899756,2020-02-27T21:00:00Z,165.932778,-2435.97,3.9926,-2716.88,0.0,2716.88,3.0,False,906;979
UBER,Short,630,2020-02-25T21:00:00Z,38.87,2020-02-27T21:00:00Z,31.93,4372.2,8.6108,0.0,4372.2,0.0,2.0,True,944;980
IBM,Short,219,2020-02-24T21:00:00Z,106.47848,2020-02-27T21:00:00Z,100.269247,1359.82,8.9546,0.0,1998.89,639.07,3.0,True,900;981
MO,Long,885,2020-02-24T21:00:00Z,26.77004,2020-02-27T21:00:00Z,24.825385,-1721.02,4.2162,-2610.3,0.0,2610.3,3.0,False,903;982
NFLX,Short,620,2020-02-21T21:00:00Z,38.533,2020-02-27T21:00:00Z,37.162,850.02,9.3221,0.0,1564.88,1187.3,6.0,True,845;983
NVDA,Short,3126,2020-02-21T21:00:00Z,7.563668,2020-02-27T21:00:00Z,6.326951,3865.98,8.4886,0.0,4025.97,434.66,6.0,True,872;984
PFE,Long,1014,2020-02-25T21:00:00Z,23.808539,2020-02-27T21:00:00Z,23.685037,-125.23,9.4661,-417.44,13.91,431.35,2.0,False,928;985
QCOM,Long,306,2020-02-07T21:00:00Z,77.407869,2020-02-27T21:00:00Z,66.598352,-3307.71,8.618,-3655.89,506.44,4162.34,20.0,False,627;986
SO,Short,451,2020-02-24T21:00:00Z,52.97312,2020-02-27T21:00:00Z,50.838474,962.73,9.0837,0.0,2033.19,1070.47,3.0,True,909;987
TMUS,Long,254,2020-02-19T21:00:00Z,95.611819,2020-02-27T21:00:00Z,87.738683,-1999.78,9.2057,-2381.49,0.0,2381.49,8.0,False,823;988
UNH,Long,97,2020-02-25T21:00:00Z,249.117953,2020-02-27T21:00:00Z,230.924295,-1764.78,8.9242,-2262.48,0.0,2262.48,2.0,False,927;989
UPS,Long,303,2020-02-13T21:00:00Z,78.84433,2020-02-27T21:00:00Z,69.408675,-2859.0,4.1482,-3148.8,423.59,3572.39,14.0,False,742;990
AXP,Long,220,2020-02-27T21:00:00Z,107.456008,2020-02-28T21:00:00Z,100.904375,-1441.36,9.0408,-1441.36,0.0,1441.36,1.0,False,969;1003
CL,Short,384,2020-02-27T21:00:00Z,62.683142,2020-02-28T21:00:00Z,59.191212,1340.9,9.0746,0.0,1808.73,467.83,1.0,True,974;1004
COST,Short,81,2020-02-19T21:00:00Z,293.788847,2020-02-28T21:00:00Z,260.193954,2721.19,8.9277,-147.77,3024.85,303.67,9.0,True,820;1005
CVS,Long,438,2020-02-25T21:00:00Z,55.326336,2020-02-28T21:00:00Z,46.455309,-3885.51,8.7768,-3885.51,0.0,3885.51,3.0,False,936;1006
INTC,Long,421,2020-02-24T21:00:00Z,54.678968,2020-02-28T21:00:00Z,48.13664,-2754.32,8.7541,-2754.32,0.0,2754.32,4.0,False,895;1007
INTU,Short,90,2020-02-27T21:00:00Z,261.839587,2020-02-28T21:00:00Z,247.862589,1257.93,9.1874,0.0,1257.93,0.0,1.0,True,972;1008
LMT,Long,71,2020-02-27T21:00:00Z,329.427063,2020-02-28T21:00:00Z,310.355982,-1354.05,8.9675,-1354.05,0.0,1354.05,1.0,False,967;1009
MDLZ,Long,499,2020-02-27T21:00:00Z,47.920946,2020-02-28T21:00:00Z,45.098577,-1408.36,9.0727,-1581.76,0.0,1581.76,1.0,False,970;1010
NKE,Long,291,2020-02-27T21:00:00Z,80.918633,2020-02-28T21:00:00Z,77.529367,-986.28,9.3194,-986.28,0.0,986.28,1.0,False,961;1011
ORCL,Short,510,2020-02-27T21:00:00Z,46.149281,2020-02-28T21:00:00Z,44.779947,698.36,9.2692,0.0,698.36,0.0,1.0,True,993;1012
TJX,Short,408,2020-02-27T21:00:00Z,56.702133,2020-02-28T21:00:00Z,53.978811,1111.12,8.9993,0.0,1111.12,0.0,1.0,True,997;1013
TMO,Short,73,2020-02-24T21:00:00Z,318.382236,2020-02-28T21:00:00Z,283.378453,2555.28,8.8012,0.0,2555.28,0.0,4.0,True,901;1014
PYPL,Long,223,2020-02-27T21:00:00Z,105.533106,2020-02-28T21:00:00Z,103.110127,-540.32,9.5905,-540.32,282.29,822.62,1.0,False,965;1020
ABBV,Long,352,2020-02-27T21:00:00Z,66.78585,2020-02-28T21:00:00Z,64.045244,-964.69,9.4763,-964.69,0.0,964.69,1.0,False,963;1021
NEE,Short,423,2020-02-27T21:00:00Z,56.840154,2020-02-28T21:00:00Z,52.622311,1784.15,9.2942,0.0,1784.15,0.0,1.0,True,962;1022
TSLA,Short,463,2020-02-27T21:00:00Z,48.680662,2020-02-28T21:00:00Z,41.720662,3222.48,13.0537,0.0,3222.48,0.0,1.0,True,994;1023
BLK,Long,53,2020-02-25T21:00:00Z,451.191129,2020-02-28T21:00:00Z,390.769671,-3202.34,13.392,-3202.34,0.0,3202.34,3.0,False,937;1030
MS,Short,621,2020-02-27T21:00:00Z,37.674833,2020-02-28T21:00:00Z,35.937382,1078.96,13.9874,0.0,1078.96,0.0,1.0,True,999;1031
SPY,Long,184,2020-02-19T21:00:00Z,307.15729,2020-02-28T21:00:00Z,262.430766,-8229.68,10.9367,-8229.68,88.67,8229.68,9.0,False,833;1032
SPY,Long,19,2020-02-21T21:00:00Z,304.975064,2020-02-28T21:00:00Z,262.430766,-808.34,9.3998,-808.34,50.62,808.34,7.0,False,861;1032
ACN,Short,138,2020-02-27T21:00:00Z,170.353356,2020-03-03T21:00:00Z,168.235019,292.33,9.0185,0.0,1420.07,1127.74,5.0,True,966;1033
AVGO,Long,984,2020-02-27T21:00:00Z,23.982331,2020-03-03T21:00:00Z,24.354515,366.23,9.2307,-646.58,393.17,902.52,5.0,True,996;1034
BA,Short,83,2020-02-28T21:00:00Z,277.34,2020-03-03T21:00:00Z,292.0,-1216.78,9.2251,-1216.78,0.0,1216.78,4.0,False,1017;1035
CCI,Short,193,2020-02-21T21:00:00Z,123.359749,2020-03-03T21:00:00Z,116.0837,1404.28,9.3188,0.0,3338.55,2119.99,11.0,True,859;1036
DHR,Short,207,2020-02-27T21:00:00Z,114.353574,2020-03-03T21:00:00Z,116.617775,-468.69,9.2977,-468.69,823.76,1292.45,5.0,False,968;1037
EL,Short,132,2020-02-25T21:00:00Z,182.55657,2020-03-03T21:00:00Z,176.665018,777.68,9.1844,0.0,2030.66,1337.71,7.0,True,941;1038
TSLA,Long,532,2020-02-28T21:00:00Z,41.720662,2020-03-03T21:00:00Z,53.696661,6371.23,5.2882,0.0,6371.23,0.0,4.0,True,1023;1039
FB,Long,121,2020-02-25T21:00:00Z,200.252054,2020-03-03T21:00:00Z,194.437741,-703.53,9.1725,-1951.19,0.0,1951.19,7.0,False,926;1040
GILD,Long,426,2020-02-28T21:00:00Z,54.537007,2020-03-03T21:00:00Z,58.06633,1503.49,9.5301,0.0,1792.24,394.96,4.0,True,1026;1041
HD,Long,120,2020-02-27T21:00:00Z,196.440999,2020-03-03T21:00:00Z,195.162715,-153.39,9.1969,-1436.42,0.0,1436.42,5.0,False,958;1042
LLY,Short,193,2020-02-27T21:00:00Z,124.083458,2020-03-03T21:00:00Z,124.371959,-55.68,4.6808,-55.68,1293.23,1348.91,5.0,False,964;1043
MCD,Short,132,2020-02-25T21:00:00Z,183.176689,2020-03-03T21:00:00Z,173.516828,1275.1,9.3044,0.0,2162.92,950.19,7.0,True,929;1044
MDT,Long,291,2020-02-28T21:00:00Z,81.175511,2020-03-03T21:00:00Z,84.784405,1050.19,9.5982,0.0,1050.19,529.87,4.0,True,1018;1045
MS,Long,647,2020-02-28T21:00:00Z,35.937382,2020-03-03T21:00:00Z,38.289497,1521.82,4.7076,0.0,1521.82,1108.22,4.0,True,1031;1046
PM,Short,384,2020-02-25T21:00:00Z,63.009934,2020-03-03T21:00:00Z,62.24,295.65,4.7023,-87.29,1179.8,909.49,7.0,True,932;1047
SPGI,Short,92,2020-02-25T21:00:00Z,260.881566,2020-03-03T21:00:00Z,259.609629,117.02,9.2753,0.0,2088.2,1971.18,7.0,True,942;1048
UNP,Long,168,2020-02-27T21:00:00Z,139.186871,2020-03-03T21:00:00Z,139.395053,34.97,9.2379,-454.67,34.97,454.67,5.0,True,995;1049
WFC,Long,640,2020-02-27T21:00:00Z,37.03228,2020-03-03T21:00:00Z,35.882209,-736.05,9.0474,-1613.85,0.0,1613.85,5.0,False,992;1050
BMY,Short,516,2020-02-28T21:00:00Z,45.241583,2020-03-03T21:00:00Z,47.669715,-1252.92,14.3076,-1252.92,0.0,1252.92,4.0,False,1019;1057
USB,Short,639,2020-02-27T21:00:00Z,37.0147,2020-03-03T21:00:00Z,36.355482,421.24,13.6977,0.0,1331.51,910.27,5.0,True,971;1063
SPY,Long,136,2020-02-21T21:00:00Z,304.975064,2020-03-04T21:00:00Z,278.333732,-3623.22,27.8782,-5786.02,362.32,5786.02,12.0,False,861;1069
SPY,Long,193,2020-02-25T21:00:00Z,294.564032,2020-03-04T21:00:00Z,278.333732,-3132.45,10.9732,-6201.72,2523.51,6201.72,8.0,False,945;1069
SPY,Long,161,2020-02-27T21:00:00Z,277.73362,2020-03-04T21:00:00Z,278.333732,96.62,8.7106,-2463.76,4814.8,2463.76,6.0,True,1002;1069
CI,Short,138,2020-03-03T21:00:00Z,174.792,2020-03-04T21:00:00Z,188.382137,-1875.44,9.8995,-1886.61,0.0,1886.61,1.0,False,1064;1072
NEE,Long,444,2020-02-28T21:00:00Z,52.622311,2020-03-04T21:00:00Z,57.086141,1981.94,10.4605,0.0,3205.94,1224.0,5.0,True,1022;1085
ABBV,Short,366,2020-02-28T21:00:00Z,64.045244,2020-03-04T21:00:00Z,68.916574,-1782.91,5.1877,-2497.76,0.0,2497.76,5.0,False,1021;1100
AMGN,Short,144,2020-02-28T21:00:00Z,162.624209,2020-03-04T21:00:00Z,171.911864,-1337.42,9.8024,-1996.68,0.0,1996.68,5.0,False,1024;1101
AMT,Short,120,2020-03-03T21:00:00Z,201.160396,2020-03-04T21:00:00Z,205.196137,-484.29,9.9126,-1093.91,0.0,1093.91,1.0,False,1061;1102
BLK,Short,59,2020-02-28T21:00:00Z,390.769671,2020-03-04T21:00:00Z,418.460252,-1633.74,5.0109,-1998.95,0.0,1998.95,5.0,False,1030;1103
BMY,Long,512,2020-03-03T21:00:00Z,47.669715,2020-03-04T21:00:00Z,47.152758,-264.68,4.9311,-264.68,248.64,513.32,1.0,False,1057;1104
C,Short,449,2020-03-03T21:00:00Z,54.105789,2020-03-04T21:00:00Z,52.662649,647.97,9.4797,0.0,647.97,0.0,1.0,True,1058;1105
CME,Long,147,2020-02-28T21:00:00Z,159.988927,2020-03-04T21:00:00Z,168.674461,1276.77,9.6231,0.0,1952.18,675.4,5.0,True,1029;1106
COST,Short,85,2020-03-03T21:00:00Z,281.985482,2020-03-04T21:00:00Z,281.210146,65.9,9.668,-899.39,65.9,899.39,1.0,True,1059;1107
CRM,Short,137,2020-02-27T21:00:00Z,169.249001,2020-03-04T21:00:00Z,169.02331,30.92,9.3523,-575.38,418.09,855.0,6.0,True,960;1108
CSCO,Long,710,2020-03-03T21:00:00Z,34.173871,2020-03-04T21:00:00Z,33.734895,-311.67,9.5772,-311.67,76.45,388.12,1.0,False,1054;1109
UBER,Short,737,2020-03-03T21:00:00Z,34.01,2020-03-04T21:00:00Z,33.9,81.07,9.9598,-383.24,81.07,383.24,1.0,True,1067;1110
GS,Short,130,2020-02-27T21:00:00Z,179.886038,2020-03-04T21:00:00Z,176.987675,376.79,9.2369,-28.97,943.5,972.47,6.0,True,1000;1111
INTC,Long,469,2020-03-03T21:00:00Z,51.487589,2020-03-04T21:00:00Z,50.53904,-444.87,9.5335,-444.87,249.46,694.33,1.0,False,1053;1112
LIN,Short,136,2020-02-28T21:00:00Z,173.534668,2020-03-04T21:00:00Z,180.286318,-918.22,9.8004,-1795.67,0.0,1795.67,5.0,False,1025;1113
NVDA,Short,3527,2020-03-03T21:00:00Z,6.926702,2020-03-04T21:00:00Z,6.715771,743.96,9.646,-500.35,743.96,500.35,1.0,True,1055;1114
SO,Short,491,2020-03-03T21:00:00Z,49.59776,2020-03-04T21:00:00Z,49.813536,-105.95,9.9627,-1294.06,0.0,1294.06,1.0,False,1065;1115
TMUS,Long,279,2020-02-28T21:00:00Z,84.53461,2020-03-04T21:00:00Z,85.470312,261.06,9.7025,-18.46,1152.36,1033.7,5.0,True,1027;1116
UNH,Long,106,2020-02-28T21:00:00Z,218.928574,2020-03-04T21:00:00Z,257.779059,4118.15,10.2668,0.0,4118.15,1103.77,5.0,True,1016;1117
USB,Long,663,2020-03-03T21:00:00Z,36.355482,2020-03-04T21:00:00Z,35.287095,-708.34,4.6881,-708.34,0.0,708.34,1.0,False,1063;1118
TMO,Long,80,2020-03-03T21:00:00Z,309.90867,2020-03-04T21:00:00Z,312.765921,228.58,15.0746,0.0,864.83,636.25,1.0,True,1060;1122
TXN,Long,254,2020-03-04T21:00:00Z,96.678478,2020-03-04T21:00:00Z,96.678478,0.0,15.146,0.0,0.0,0.0,0.0,False,1089;1126
ADP,Short,181,2020-03-04T21:00:00Z,135.667419,2020-03-05T21:00:00Z,136.540924,-158.1,10.0771,-348.76,0.0,348.76,1.0,False,1131;1134
CI,Long,142,2020-03-04T21:00:00Z,188.382137,2020-03-05T21:00:00Z,182.625891,-817.39,10.4848,-1088.15,0.0,1088.15,1.0,False,1129;1135
CVS,Long,476,2020-03-04T21:00:00Z,54.21543,2020-03-05T21:00:00Z,51.847661,-1127.06,10.0648,-1127.06,0.0,1127.06,1.0,False,1092;1136
DIS,Long,201,2020-02-27T21:00:00Z,116.328193,2020-03-05T21:00:00Z,113.021982,-664.55,9.0406,-1169.29,0.0,1169.29,7.0,False,991;1137
HD,Long,125,2020-03-04T21:00:00Z,197.253683,2020-03-05T21:00:00Z,200.31818,383.06,10.0705,0.0,383.06,0.0,1.0,True,1121;1138
INTU,Long,94,2020-03-04T21:00:00Z,261.801399,2020-03-05T21:00:00Z,263.624901,171.41,10.2797,0.0,1163.07,991.66,1.0,True,1130;1139
LLY,Short,199,2020-03-04T21:00:00Z,123.804263,2020-03-05T21:00:00Z,129.043818,-1042.67,10.3923,-1318.62,0.0,1318.62,1.0,False,1086;1140
MDT,Long,293,2020-03-04T21:00:00Z,84.210263,2020-03-05T21:00:00Z,84.300485,26.44,9.794,-598.4,26.44,598.4,1.0,True,1081;1141
NEE,Short,430,2020-03-04T21:00:00Z,57.086141,2020-03-05T21:00:00Z,58.740198,-711.24,5.0363,-711.24,0.0,711.24,1.0,False,1085;1142
PG,Long,250,2020-02-28T21:00:00Z,92.763267,2020-03-05T21:00:00Z,102.949769,2546.63,9.9543,0.0,3197.05,650.43,6.0,True,1015;1143
SYK,Long,127,2020-02-27T21:00:00Z,185.137706,2020-03-05T21:00:00Z,183.831422,-165.9,9.1128,-1135.22,0.0,1135.22,7.0,False,998;1144
UNP,Long,177,2020-03-04T21:00:00Z,138.657742,2020-03-05T21:00:00Z,136.159561,-442.18,9.7381,-750.78,0.0,750.78,1.0,False,1125;1145
MA,Short,85,2020-03-04T21:00:00Z,288.576202,2020-03-05T21:00:00Z,285.334098,275.58,14.3214,0.0,702.89,427.31,1.0,True,1080;1146
FISV,Short,221,2020-03-04T21:00:00Z,111.04,2020-03-05T21:00:00Z,109.15,417.69,14.4631,0.0,417.69,0.0,1.0,True,1128;1152
ANTM,Short,94,2020-02-25T21:00:00Z,255.81357,2020-03-05T21:00:00Z,263.546339,-726.88,14.1826,-1482.18,1966.19,3448.38,9.0,False,943;1153
MS,Long,664,2020-03-04T21:00:00Z,36.920845,2020-03-05T21:00:00Z,35.617756,-865.25,14.0704,-1349.57,0.0,1349.57,1.0,False,1096;1156
ANTM,Long,88,2020-03-05T21:00:00Z,263.546339,2020-03-09T20:00:00Z,240.045684,-2068.06,4.3509,-2068.06,0.0,2068.06,3.9583,False,1153;1157
CCI,Short,206,2020-03-04T21:00:00Z,118.889013,2020-03-09T20:00:00Z,113.515247,1107.0,9.5708,-247.02,1576.63,469.63,4.9583,True,1132;1158
LMT,Long,71,2020-03-05T21:00:00Z,330.867195,2020-03-09T20:00:00Z,302.359801,-2024.02,8.7866,-2494.55,0.0,2494.55,3.9583,False,1150;1161
SBUX,Long,318,2020-02-06T21:00:00Z,75.715821,2020-03-09T20:00:00Z,60.589934,-4810.03,8.6245,-4810.03,684.01,5494.04,31.9583,False,593;1166
SPGI,Long,90,2020-03-05T21:00:00Z,259.134892,2020-03-09T20:00:00Z,223.798315,-3180.29,8.399,-3772.01,0.0,3772.01,3.9583,False,1154;1167
TXN,Short,254,2020-03-04T21:00:00Z,96.678478,2020-03-09T20:00:00Z,87.746091,2268.83,4.4545,0.0,2283.67,14.84,4.9583,True,1126;1169
EL,Short,135,2020-03-05T21:00:00Z,172.822281,2020-03-09T20:00:00Z,161.110646,1581.07,13.5385,-434.58,1581.07,434.58,3.9583,True,1155;1183
ABBV,Long,338,2020-03-05T21:00:00Z,69.565055,2020-03-09T20:00:00Z,64.809526,-1607.37,9.1724,-1607.37,0.0,1607.37,3.9583,False,1149;1187
AVGO,Long,1030,2020-03-04T21:00:00Z,23.746186,2020-03-09T20:00:00Z,21.49426,-2319.48,9.3973,-2627.93,0.0,2627.93,4.9583,False,1088;1188
BLK,Short,56,2020-03-05T21:00:00Z,409.269541,2020-03-09T20:00:00Z,352.70209,3167.78,8.5602,0.0,3167.78,0.0,3.9583,True,1151;1189
COST,Long,82,2020-03-05T21:00:00Z,287.932773,2020-03-09T20:00:00Z,269.087524,-1545.31,9.241,-1545.31,0.0,1545.31,3.9583,False,1147;1190
DHR,Short,215,2020-03-04T21:00:00Z,114.871977,2020-03-09T20:00:00Z,106.783368,1739.05,9.7531,0.0,1739.05,0.0,4.9583,True,1090;1191
TSLA,Short,480,2020-03-05T21:00:00Z,48.251329,2020-03-09T20:00:00Z,40.503996,3718.72,8.5283,0.0,3718.72,0.0,3.9583,True,1148;1192
JNJ,Long,205,2020-03-03T21:00:00Z,117.870606,2020-03-09T20:00:00Z,114.452358,-700.74,9.3903,-700.74,600.63,1301.38,5.9583,False,1052;1193
JPM,Long,237,2020-03-03T21:00:00Z,101.659222,2020-03-09T20:00:00Z,81.399703,-4801.51,8.3872,-5469.21,0.0,5469.21,5.9583,False,1051;1194
MDLZ,Long,520,2020-03-04T21:00:00Z,47.141193,2020-03-09T20:00:00Z,44.539189,-1353.04,9.868,-1353.04,546.51,1899.55,4.9583,False,1127;1195
NFLX,Short,635,2020-03-03T21:00:00Z,38.164,2020-03-09T20:00:00Z,34.39,2396.49,9.0838,-136.52,2396.49,136.52,5.9583,True,1056;1196
TFC,Short,489,2020-02-27T21:00:00Z,48.298785,2020-03-09T20:00:00Z,35.271014,6370.58,7.7851,0.0,7248.14,1266.53,10.9583,True,973;1197
MU,Short,478,2020-03-04T21:00:00Z,51.721282,2020-03-09T20:00:00Z,44.241979,3575.11,9.4398,-316.96,3575.11,316.96,4.9583,True,1099;1198
PM,Short,394,2020-03-04T21:00:00Z,61.844034,2020-03-09T20:00:00Z,60.135514,673.16,9.8443,-1016.96,782.94,1016.96,4.9583,True,1083;1199
PYPL,Short,226,2020-02-28T21:00:00Z,103.110127,2020-03-09T20:00:00Z,101.587111,344.2,4.543,-2467.52,587.82,2467.52,9.9583,True,1020;1200
TJX,Long,433,2020-03-04T21:00:00Z,56.18691,2020-03-09T20:00:00Z,50.915074,-2282.7,9.518,-2282.7,0.0,2282.7,4.9583,False,1095;1201
UPS,Long,352,2020-02-28T21:00:00Z,67.268119,2020-03-09T20:00:00Z,67.336434,24.05,9.4836,-387.43,1923.77,2311.19,9.9583,True,1028;1202
XOM,Long,603,2020-02-27T21:00:00Z,38.986187,2020-03-09T20:00:00Z,31.384633,-4583.74,8.3215,-4583.74,943.98,5527.71,10.9583,False,959;1203
SPY,Long,30,2020-03-04T21:00:00Z,278.333732,2020-03-09T20:00:00Z,250.592194,-832.25,6.2183,-869.62,0.0,869.62,4.9583,False,1133;1213
EL,Long,136,2020-03-09T20:00:00Z,161.110646,2020-03-11T20:00:00Z,167.383754,853.14,4.3034,-394.14,1460.57,1854.71,2.0,True,1183;1219
HON,Long,172,2020-03-04T21:00:00Z,142.616,2020-03-11T20:00:00Z,136.172767,-1108.24,9.6558,-1791.03,10.41,1801.44,6.9583,False,1087;1220
MA,Long,82,2020-03-05T21:00:00Z,285.334098,2020-03-11T20:00:00Z,263.372703,-1800.83,4.2688,-2662.48,0.0,2662.48,5.9583,False,1146;1223
WMT,Short,703,2020-03-04T21:00:00Z,34.844138,2020-03-11T20:00:00Z,35.7695,-650.53,14.5066,-1138.43,8.56,1138.43,6.9583,False,1120;1229
GILD,Long,418,2020-03-04T21:00:00Z,58.354597,2020-03-11T20:00:00Z,57.606661,-312.64,14.6662,-833.7,1732.53,2566.23,6.9583,False,1091;1235
LIN,Short,138,2020-03-09T20:00:00Z,159.826191,2020-03-11T20:00:00Z,157.872415,269.62,13.5051,-144.89,269.62,144.89,2.0,True,1209;1236
BDX,Short,138,2020-02-21T21:00:00Z,172.970111,2020-03-11T20:00:00Z,158.845602,1949.18,13.9796,0.0,1986.16,878.01,18.9583,True,879;1241
SPY,Long,53,2020-03-04T21:00:00Z,278.333732,2020-03-11T20:00:00Z,255.2567,-1223.08,24.8966,-1536.32,0.0,1536.32,6.9583,False,1133;1243
SPY,Long,105,2020-03-09T20:00:00Z,250.592194,2020-03-11T20:00:00Z,255.2567,489.77,5.2363,-130.8,2912.86,1342.34,2.0,True,1186;1243
AMGN,Short,138,2020-03-09T20:00:00Z,162.238591,2020-03-11T20:00:00Z,164.913304,-369.11,8.9904,-1025.81,0.0,1025.81,2.0,False,1173;1244
AXP,Long,240,2020-03-09T20:00:00Z,93.088553,2020-03-11T20:00:00Z,93.088553,0.0,8.5751,-1215.84,531.51,1747.35,2.0,False,1177;1245
VRTX,Short,104,2020-03-03T21:00:00Z,230.27,2020-03-11T20:00:00Z,225.63,482.56,9.3309,-1565.2,1104.48,1565.2,7.9583,True,1068;1246
CB,Short,184,2020-03-04T21:00:00Z,132.289658,2020-03-11T20:00:00Z,120.795932,2114.85,9.3228,0.0,2733.66,679.71,6.9583,True,1097;1247
CCI,Long,201,2020-03-09T20:00:00Z,113.515247,2020-03-11T20:00:00Z,114.788371,255.9,9.0496,0.0,891.18,818.28,2.0,True,1211;1248
CI,Short,136,2020-03-09T20:00:00Z,162.827129,2020-03-11T20:00:00Z,172.039007,-1252.82,9.0249,-2051.73,0.0,2051.73,2.0,False,1179;1249
CL,Short,392,2020-03-04T21:00:00Z,63.403835,2020-03-11T20:00:00Z,60.203615,1254.49,9.7043,0.0,1681.62,612.11,6.9583,True,1098;1250
DUK,Long,313,2020-03-09T20:00:00Z,73.030158,2020-03-11T20:00:00Z,71.78594,-389.44,8.975,-861.12,133.04,994.16,2.0,False,1210;1251
ISRG,Short,116,2020-02-21T21:00:00Z,204.11998,2020-03-11T20:00:00Z,173.333316,3571.25,8.6817,0.0,3975.32,1892.35,18.9583,True,858;1252
LLY,Short,182,2020-03-09T20:00:00Z,124.725606,2020-03-11T20:00:00Z,129.788337,-921.42,9.3273,-1200.89,0.0,1200.89,2.0,False,1207;1253
MS,Short,647,2020-03-05T21:00:00Z,35.617756,2020-03-11T20:00:00Z,31.331496,2773.21,3.9079,0.0,3504.96,1187.76,5.9583,True,1156;1254
NEE,Short,416,2020-03-09T20:00:00Z,53.9604,2020-03-11T20:00:00Z,53.023101,389.92,8.8664,-118.21,1164.46,774.54,2.0,True,1208;1255
ORCL,Long,558,2020-03-09T20:00:00Z,40.762629,2020-03-11T20:00:00Z,42.576316,1012.04,9.1842,-106.26,1781.19,1887.45,2.0,True,1206;1256
QCOM,Long,348,2020-03-03T21:00:00Z,69.736043,2020-03-11T20:00:00Z,66.285337,-1200.85,9.2257,-2304.47,465.18,2769.65,7.9583,False,1062;1257
SYK,Long,138,2020-03-09T20:00:00Z,163.285448,2020-03-11T20:00:00Z,166.75643,479.0,8.9693,0.0,1102.2,1022.37,2.0,True,1181;1258
PLD,Short,331,2020-03-03T21:00:00Z,73.355027,2020-03-11T20:00:00Z,64.614995,2892.95,8.9353,-1575.23,4092.87,1575.23,7.9583,True,1066;1259
TMO,Short,79,2020-03-04T21:00:00Z,312.765921,2020-03-11T20:00:00Z,293.982685,1483.88,4.4893,0.0,2261.88,957.96,6.9583,True,1122;1260
UNP,Short,177,2020-03-09T20:00:00Z,125.949979,2020-03-11T20:00:00Z,123.234942,480.56,8.5181,-248.73,558.86,248.73,2.0,True,1176;1261
UTX,Long,398,2020-03-04T21:00:00Z,61.640603,2020-03-11T20:00:00Z,53.103352,-3397.83,8.9982,-4914.26,0.0,4914.26,6.9583,False,1124;1262
ZTS,Short,178,2020-02-19T21:00:00Z,134.501703,2020-03-11T20:00:00Z,122.213778,2187.25,9.1538,-20.02,2295.7,1733.45,20.9583,True,830;1263
C,Long,544,2020-03-11T20:00:00Z,42.656347,2020-03-11T20:00:00Z,42.656347,0.0,13.2152,0.0,0.0,0.0,0.0,False,1232;1272
TXN,Short,257,2020-03-11T20:00:00Z,91.444266,2020-03-11T20:00:00Z,91.444266,0.0,13.7094,0.0,0.0,0.0,0.0,False,1234;1274
SPY,Short,192,2020-03-11T20:00:00Z,255.2567,2020-03-11T20:00:00Z,255.2567,0.0,9.5794,0.0,0.0,0.0,0.0,False,1243;1281
ABBV,Short,357,2020-03-11T20:00:00Z,66.067888,2020-03-12T20:00:00Z,60.825998,1871.35,9.009,0.0,1929.23,57.88,1.0,True,1270;1282
ANTM,Long,92,2020-03-11T20:00:00Z,255.254685,2020-03-12T20:00:00Z,239.037858,-1491.95,9.068,-1887.27,0.0,1887.27,1.0,False,1240;1283
BA,Short,104,2020-03-11T20:00:00Z,223.02,2020-03-12T20:00:00Z,160.0,6554.08,7.1537,0.0,7089.68,535.6,1.0,True,1269;1284
BDX,Long,148,2020-03-11T20:00:00Z,158.845602,2020-03-12T20:00:00Z,153.905083,-731.2,4.4862,-1077.98,0.0,1077.98,1.0,False,1241;1285
BKNG,Long,396,2020-03-11T20:00:00Z,59.481393,2020-03-12T20:00:00Z,50.678496,-3485.95,8.4264,-3742.8,0.0,3742.8,1.0,False,1279;1286
CAT,Short,223,2020-03-09T20:00:00Z,99.620923,2020-03-12T20:00:00Z,82.44612,3829.98,7.736,0.0,4038.82,208.84,3.0,True,1184;1287
CVX,Short,377,2020-03-11T20:00:00Z,61.928071,2020-03-12T20:00:00Z,58.441181,1314.56,9.0463,0.0,1695.01,380.46,1.0,True,1267;1288
TSLA,Short,561,2020-03-11T20:00:00Z,42.667329,2020-03-12T20:00:00Z,38.699996,2225.67,8.937,0.0,2971.8,746.13,1.0,True,1231;1289
GILD,Short,428,2020-03-11T20:00:00Z,57.606661,2020-03-12T20:00:00Z,54.887614,1163.75,4.6163,0.0,1574.36,410.6,1.0,True,1235;1290
FISV,Long,214,2020-03-05T21:00:00Z,109.15,2020-03-12T20:00:00Z,95.2,-2985.3,4.0626,-3045.22,0.0,3045.22,6.9583,False,1152;1291
INTU,Long,91,2020-03-09T20:00:00Z,246.564179,2020-03-12T20:00:00Z,233.990609,-1144.19,8.6528,-1765.38,990.42,2755.8,3.0,False,1178;1292
KO,Short,551,2020-03-11T20:00:00Z,42.719176,2020-03-12T20:00:00Z,39.610101,1713.1,8.936,0.0,2333.59,620.49,1.0,True,1266;1293
LIN,Long,150,2020-03-11T20:00:00Z,157.872415,2020-03-12T20:00:00Z,149.144331,-1309.21,4.3281,-2040.51,0.0,2040.51,1.0,False,1236;1294
MMM,Long,282,2020-03-11T20:00:00Z,82.878234,2020-03-12T20:00:00Z,78.064726,-1357.41,8.8318,-2373.5,0.0,2373.5,1.0,False,1275;1295
MO,Short,969,2020-03-11T20:00:00Z,24.145643,2020-03-12T20:00:00Z,22.36649,1724.0,8.809,0.0,2537.31,813.32,1.0,True,1276;1296
PM,Long,388,2020-03-11T20:00:00Z,60.157512,2020-03-12T20:00:00Z,53.895382,-2429.71,8.6542,-2785.34,0.0,2785.34,1.0,False,1268;1297
NOW,Short,360,2020-02-27T21:00:00Z,64.6,2020-03-12T20:00:00Z,54.008,3813.12,8.3779,-1588.32,4413.6,1588.32,13.9583,True,1001;1298
SBUX,Long,373,2020-03-11T20:00:00Z,62.913671,2020-03-12T20:00:00Z,54.430735,-3164.14,8.4033,-3457.35,0.0,3457.35,1.0,False,1237;1299
SPGI,Short,98,2020-03-09T20:00:00Z,223.798315,2020-03-12T20:00:00Z,200.572018,2276.18,8.1456,-818.12,2492.12,818.12,3.0,True,1212;1300
TGT,Long,266,2020-03-11T20:00:00Z,87.999723,2020-03-12T20:00:00Z,82.864527,-1365.96,8.8035,-2840.76,0.0,2840.76,1.0,False,1242;1301
WMT,Long,662,2020-03-11T20:00:00Z,35.7695,2020-03-12T20:00:00Z,32.144151,-2399.98,4.1934,-2712.32,0.0,2712.32,1.0,False,1229;1302
C,Short,544,2020-03-11T20:00:00Z,42.656347,2020-03-12T20:00:00Z,36.110392,3561.0,7.866,0.0,4437.15,876.15,1.0,True,1272;1308
TMUS,Short,300,2020-03-11T20:00:00Z,78.315494,2020-03-12T20:00:00Z,77.521564,238.18,13.536,0.0,1729.63,1491.45,1.0,True,1239;1310
TJX,Long,452,2020-03-11T20:00:00Z,52.193932,2020-03-12T20:00:00Z,47.796135,-1987.8,13.0175,-3064.88,0.0,3064.88,1.0,False,1238;1312
GS,Long,152,2020-03-11T20:00:00Z,153.46269,2020-03-12T20:00:00Z,137.573008,-2415.23,12.6553,-3633.3,0.0,3633.3,1.0,False,1280;1317
SPY,Short,149,2020-03-11T20:00:00Z,255.2567,2020-03-13T20:00:00Z,239.44466,2355.99,7.2975,0.0,4419.35,2873.53,2.0,True,1243;1321
AMT,Long,116,2020-03-09T20:00:00Z,193.373003,2020-03-13T20:00:00Z,188.443215,-571.86,9.1274,-1318.18,1205.74,2523.92,4.0,False,1175;1322
AVGO,Long,1073,2020-03-11T20:00:00Z,21.721848,2020-03-13T20:00:00Z,19.2295,-2674.29,8.8168,-3222.37,0.0,3222.37,2.0,False,1273;1323
BMY,Long,546,2020-03-12T20:00:00Z,41.043264,2020-03-13T20:00:00Z,42.993602,1064.88,9.2153,0.0,1107.65,42.77,1.0,True,1305;1324
CME,Long,149,2020-03-11T20:00:00Z,156.660923,2020-03-13T20:00:00Z,140.22475,-2448.99,8.7318,-3371.56,0.0,3371.56,2.0,False,1277;1325
GS,Short,163,2020-03-12T20:00:00Z,137.573008,2020-03-13T20:00:00Z,139.997732,-395.23,4.9662,-2406.42,0.0,2406.42,1.0,False,1317;1326
HON,Short,182,2020-03-12T20:00:00Z,124.012785,2020-03-13T20:00:00Z,122.940354,195.18,8.9488,-947.58,195.18,947.58,1.0,True,1307;1327
ISRG,Long,142,2020-03-12T20:00:00Z,162.093317,2020-03-13T20:00:00Z,159.343317,-390.5,8.7899,-724.2,0.0,724.2,1.0,False,1316;1328
LMT,Long,78,2020-03-11T20:00:00Z,299.495623,2020-03-13T20:00:00Z,274.490758,-1950.38,8.9822,-2961.27,0.0,2961.27,2.0,False,1233;1329
MDLZ,Short,544,2020-03-12T20:00:00Z,41.640539,2020-03-13T20:00:00Z,42.072794,-235.15,9.0767,-825.32,0.0,825.32,1.0,False,1309;1330
PLD,Short,396,2020-03-12T20:00:00Z,56.412938,2020-03-13T20:00:00Z,61.890361,-2169.06,9.7439,-3378.63,0.0,3378.63,1.0,False,1318;1331
TJX,Short,472,2020-03-12T20:00:00Z,47.796135,2020-03-13T20:00:00Z,47.538524,121.59,4.479,0.0,165.02,43.43,1.0,True,1312;1332
TMUS,Long,295,2020-03-12T20:00:00Z,77.521564,2020-03-13T20:00:00Z,75.754125,-521.39,4.7617,-521.39,939.63,1461.02,1.0,False,1310;1333
ZTS,Long,197,2020-03-12T20:00:00Z,113.974963,2020-03-13T20:00:00Z,116.533775,504.09,9.0798,0.0,734.89,230.81,1.0,True,1315;1334
PYPL,Short,235,2020-03-12T20:00:00Z,95.000564,2020-03-13T20:00:00Z,99.411375,-1036.54,15.0736,-3274.63,0.0,3274.63,1.0,False,1306;1336
ACN,Long,149,2020-03-04T21:00:00Z,164.942289,2020-03-13T20:00:00Z,142.362935,-3364.32,14.6108,-4432.72,0.0,4432.72,8.9583,False,1123;1338
CCI,Long,212,2020-03-12T20:00:00Z,106.746113,2020-03-13T20:00:00Z,111.624997,1034.32,14.6429,0.0,1897.84,863.52,1.0,True,1313;1345
NOC,Long,84,2020-03-12T20:00:00Z,267.276919,2020-03-13T20:00:00Z,272.691964,454.86,14.3241,0.0,1272.56,817.7,1.0,True,1320;1350
ECL,Short,139,2020-03-12T20:00:00Z,161.782403,2020-03-13T20:00:00Z,161.754491,3.88,14.1549,-800.55,3.88,800.55,1.0,True,1319;1352
ACN,Short,177,2020-03-13T20:00:00Z,142.362935,2020-03-16T20:00:00Z,132.409406,1761.77,4.7861,0.0,1761.77,0.0,3.0,True,1338;1353
AXP,Short,312,2020-03-13T20:00:00Z,83.399519,2020-03-16T20:00:00Z,75.57447,2441.42,10.6789,0.0,2441.42,0.0,3.0,True,1342;1354
ECL,Long,156,2020-03-13T20:00:00Z,161.754491,2020-03-16T20:00:00Z,152.336103,-1469.27,4.8355,-1469.27,902.81,2372.08,3.0,False,1352;1355
INTC,Short,527,2020-03-12T20:00:00Z,42.542861,2020-03-16T20:00:00Z,42.090749,238.26,8.4233,-3008.66,1579.08,3008.66,4.0,True,1303;1356
MDT,Short,305,2020-03-11T20:00:00Z,76.844838,2020-03-16T20:00:00Z,65.567044,3439.73,8.499,0.0,4067.63,1105.72,5.0,True,1271;1357
MRK,Long,377,2020-03-09T20:00:00Z,60.303901,2020-03-16T20:00:00Z,54.39447,-2227.86,8.7119,-2227.86,1168.79,3396.65,7.0,False,1205;1358
NKE,Long,359,2020-03-13T20:00:00Z,70.47305,2020-03-16T20:00:00Z,58.622403,-4254.38,9.2121,-4254.38,0.0,4254.38,3.0,False,1335;1359
NOC,Short,92,2020-03-13T20:00:00Z,272.691964,2020-03-16T20:00:00Z,247.489105,2318.66,4.6694,0.0,2318.66,0.0,3.0,True,1350;1360
NVDA,Short,3946,2020-03-12T20:00:00Z,5.590058,2020-03-16T20:00:00Z,5.248443,1348.01,8.0922,-1552.91,2803.86,1552.91,4.0,True,1304;1361
PM,Short,453,2020-03-13T20:00:00Z,55.08328,2020-03-16T20:00:00Z,51.886221,1448.27,9.9054,0.0,1833.59,385.32,3.0,True,1337;1362
PYPL,Long,250,2020-03-13T20:00:00Z,99.411375,2020-03-16T20:00:00Z,95.045068,-1091.58,4.5849,-1928.49,0.0,1928.49,3.0,False,1336;1363
SO,Long,505,2020-03-11T20:00:00Z,46.576889,2020-03-16T20:00:00Z,37.683817,-4491.0,8.234,-4993.03,0.0,4993.03,5.0,False,1278;1364
USB,Short,746,2020-03-09T20:00:00Z,28.808575,2020-03-16T20:00:00Z,23.504524,3956.82,7.791,-350.46,3956.82,3103.28,7.0,True,1185;1365
UTX,Long,511,2020-03-13T20:00:00Z,50.164373,2020-03-16T20:00:00Z,43.332738,-3490.97,9.1997,-4329.73,0.0,4329.73,3.0,False,1341;1366
JPM,Short,285,2020-03-11T20:00:00Z,82.173416,2020-03-16T20:00:00Z,71.484397,3046.37,12.8633,-1486.03,3046.37,3801.37,5.0,True,1230;1367
CCI,Short,226,2020-03-13T20:00:00Z,111.624997,2020-03-16T20:00:00Z,102.732596,2009.68,8.7137,0.0,2328.33,318.65,3.0,True,1345;1386
SPGI,Short,121,2020-03-13T20:00:00Z,212.942059,2020-03-16T20:00:00Z,195.770902,2077.71,14.4204,0.0,2077.71,0.0,3.0,True,1349;1390
CL,Long,438,2020-03-13T20:00:00Z,56.994814,2020-03-16T20:00:00Z,54.051984,-1288.96,14.1469,-1536.98,0.0,1536.98,3.0,False,1348;1392
BA,Long,139,2020-03-16T20:00:00Z,147.0,2020-03-18T20:00:00Z,100.0,-6533.0,6.4357,-6533.0,0.0,6533.0,2.0,False,1377;1397
CAT,Short,269,2020-03-16T20:00:00Z,78.629497,2020-03-18T20:00:00Z,83.03805,-1185.9,9.1987,-2661.74,0.0,2661.74,2.0,False,1393;1398
CCI,Long,204,2020-03-16T20:00:00Z,102.732596,2020-03-18T20:00:00Z,105.455521,555.48,4.2098,0.0,1394.02,1302.71,2.0,True,1386;1399
BIIB,Short,77,2020-03-16T20:00:00Z,281.86,2020-03-18T20:00:00Z,293.71,-912.45,8.9382,-1806.42,0.0,1806.42,2.0,False,1395;1400
COST,Long,85,2020-03-16T20:00:00Z,259.017266,2020-03-18T20:00:00Z,271.824008,1088.57,9.1595,0.0,1825.14,736.57,2.0,True,1372;1401
DHR,Long,244,2020-03-13T20:00:00Z,104.221848,2020-03-18T20:00:00Z,94.684759,-2327.05,10.0273,-2327.05,0.0,2327.05,5.0,False,1340;1402
TSLA,Long,650,2020-03-16T20:00:00Z,31.23333,2020-03-18T20:00:00Z,25.999997,-3401.67,6.9878,-4648.8,0.0,4648.8,2.0,False,1376;1403
FIS,Short,211,2020-03-16T20:00:00Z,95.57655,2020-03-18T20:00:00Z,90.780501,1011.97,7.6949,-537.78,1444.37,537.78,2.0,True,1380;1404
HD,Short,135,2020-03-16T20:00:00Z,154.181797,2020-03-18T20:00:00Z,136.183126,2429.82,7.3764,0.0,2910.72,480.9,2.0,True,1369;1405
JPM,Long,271,2020-03-16T20:00:00Z,71.484397,2020-03-18T20:00:00Z,73.670978,592.56,3.8239,-252.98,1996.48,2249.46,2.0,True,1367;1406
EQIX,Short,48,2020-03-13T20:00:00Z,517.852067,2020-03-18T20:00:00Z,482.204337,1711.09,10.1351,0.0,1820.24,1390.87,5.0,True,1351;1407
NFLX,Short,704,2020-03-16T20:00:00Z,30.663,2020-03-18T20:00:00Z,30.179,340.74,8.6495,-923.65,340.74,923.65,2.0,True,1371;1408
NOW,Short,412,2020-03-16T20:00:00Z,51.418,2020-03-18T20:00:00Z,53.2,-734.18,8.9584,-2499.19,0.0,2499.19,2.0,False,1394;1409
SYK,Long,167,2020-03-13T20:00:00Z,154.048156,2020-03-18T20:00:00Z,124.264891,-4973.81,9.4474,-4973.81,0.0,4973.81,5.0,False,1347;1410
TJX,Long,499,2020-03-16T20:00:00Z,41.401849,2020-03-18T20:00:00Z,36.387626,-2502.1,7.5182,-2502.1,0.0,2502.1,2.0,False,1388;1411
TMUS,Short,293,2020-03-16T20:00:00Z,72.776889,2020-03-18T20:00:00Z,70.414003,692.33,8.443,-373.86,692.33,373.86,2.0,True,1382;1412
V,Short,138,2020-03-11T20:00:00Z,169.504161,2020-03-18T20:00:00Z,141.623995,3847.46,8.4615,0.0,3850.1,2106.76,7.0,True,1264;1413
WFC,Long,902,2020-03-16T20:00:00Z,22.890669,2020-03-18T20:00:00Z,23.495521,545.58,8.3896,0.0,2120.83,1575.26,2.0,True,1373;1414
ZTS,Long,201,2020-03-16T20:00:00Z,106.804663,2020-03-18T20:00:00Z,98.115946,-1746.43,8.0034,-1746.43,0.0,1746.43,2.0,False,1391;1415
FB,Long,131,2020-03-04T21:00:00Z,187.375382,2020-03-18T20:00:00Z,138.671848,-6380.16,13.3902,-6380.16,0.0,6380.16,13.9583,False,1119;1416
QCOM,Short,359,2020-03-16T20:00:00Z,58.456908,2020-03-18T20:00:00Z,55.224748,1160.35,11.9974,-492.83,1899.6,739.25,2.0,True,1378;1430
SBUX,Long,392,2020-03-16T20:00:00Z,51.830568,2020-03-18T20:00:00Z,47.874168,-1550.91,12.25,-1550.91,0.0,1550.91,2.0,False,1379;1432
CL,Short,399,2020-03-16T20:00:00Z,54.051984,2020-03-18T20:00:00Z,58.195969,-1653.45,9.1411,-2464.77,0.0,2464.77,2.0,False,1392;1435
BDX,Short,145,2020-03-16T20:00:00Z,148.421725,2020-03-19T20:00:00Z,162.508046,-2042.52,8.8496,-3240.13,0.0,3240.13,3.0,False,1387;1443
CRM,Long,176,2020-03-18T20:00:00Z,123.48269,2020-03-19T20:00:00Z,129.527297,1063.85,9.3843,0.0,2350.49,1286.64,1.0,True,1422;1447
CVS,Short,491,2020-03-16T20:00:00Z,43.528033,2020-03-19T20:00:00Z,46.057978,-1242.2,8.5744,-1719.97,0.0,1719.97,3.0,False,1381;1448
LLY,Long,175,2020-03-18T20:00:00Z,126.884712,2020-03-19T20:00:00Z,132.840867,1042.33,9.0096,-496.73,1042.33,496.73,1.0,True,1420;1453
LMT,Long,87,2020-03-18T20:00:00Z,249.3935,2020-03-19T20:00:00Z,279.605962,2628.48,9.4907,0.0,2628.48,0.0,1.0,True,1426;1454
LOW,Short,357,2020-03-18T20:00:00Z,60.723284,2020-03-19T20:00:00Z,57.097616,1294.36,8.546,-433.56,1294.36,433.56,1.0,True,1434;1455
MDLZ,Short,549,2020-03-16T20:00:00Z,39.335181,2020-03-19T20:00:00Z,39.75896,-232.65,8.4286,-1121.4,437.39,1121.4,3.0,False,1383;1456
NEE,Long,504,2020-03-16T20:00:00Z,41.798846,2020-03-19T20:00:00Z,44.5344,1378.72,8.7349,0.0,2589.64,1521.94,3.0,True,1374;1457
SBUX,Short,459,2020-03-18T20:00:00Z,47.874168,2020-03-19T20:00:00Z,48.573881,-321.17,4.8699,-2375.06,0.0,2375.06,1.0,False,1432;1459
T,Short,1272,2020-03-09T20:00:00Z,17.880481,2020-03-19T20:00:00Z,16.005832,2384.55,8.5313,-485.98,2559.51,2034.65,10.0,True,1171;1461
UNP,Long,209,2020-03-13T20:00:00Z,121.049033,2020-03-19T20:00:00Z,99.129226,-4581.24,9.6266,-4581.24,0.0,4581.24,6.0,False,1339;1463
ACN,Long,167,2020-03-18T20:00:00Z,134.580924,2020-03-19T20:00:00Z,134.554334,-4.44,14.0275,-4.44,985.8,990.24,1.0,False,1423;1473
TXN,Long,257,2020-03-11T20:00:00Z,91.444266,2020-03-19T20:00:00Z,82.97102,-2177.62,9.0726,-3441.29,0.0,3441.29,8.0,False,1274;1474
GS,Long,155,2020-03-16T20:00:00Z,129.172456,2020-03-19T20:00:00Z,118.123624,-1712.57,13.0428,-1712.57,1124.83,2837.4,3.0,False,1389;1484
SPY,Short,353,2020-03-16T20:00:00Z,218.931743,2020-03-19T20:00:00Z,217.549667,487.87,45.2694,-3858.05,1453.99,3858.05,3.0,True,1396;1490
SPY,Short,330,2020-03-18T20:00:00Z,214.812793,2020-03-19T20:00:00Z,217.549667,-903.17,14.4027,-4965.93,0.0,1278.24,1.0,False,1442;1490
ADP,Long,176,2020-03-09T20:00:00Z,127.685975,2020-03-19T20:00:00Z,100.557578,-4774.6,8.1094,-4774.6,801.84,5576.44,10.0,False,1182;1491
AVGO,Long,1370,2020-03-18T20:00:00Z,15.871289,2020-03-19T20:00:00Z,14.343196,-2093.49,8.5584,-2093.49,1049.09,3142.58,1.0,False,1428;1492
VRTX,Short,111,2020-03-18T20:00:00Z,200.6,2020-03-19T20:00:00Z,215.15,-1615.05,9.5165,-1674.99,0.0,1674.99,1.0,False,1437;1493
BKNG,Long,437,2020-03-18T20:00:00Z,49.930626,2020-03-19T20:00:00Z,47.324415,-1138.91,8.2822,-1474.95,0.0,1474.95,1.0,False,1436;1494
BMY,Long,552,2020-03-18T20:00:00Z,40.440147,2020-03-19T20:00:00Z,39.24958,-657.19,8.5634,-1227.91,0.0,1227.91,1.0,False,1421;1495
CI,Long,146,2020-03-16T20:00:00Z,131.800015,2020-03-19T20:00:00Z,127.382992,-644.89,7.8074,-644.89,1126.91,1771.79,3.0,False,1384;1496
CME,Long,167,2020-03-16T20:00:00Z,126.791115,2020-03-19T20:00:00Z,113.147457,-2278.49,7.8918,-2601.95,392.31,2994.25,3.0,False,1385;1497
DIS,Long,238,2020-03-16T20:00:00Z,89.005902,2020-03-19T20:00:00Z,85.14704,-918.41,8.766,-918.41,722.27,1640.68,3.0,False,1370;1498
DUK,Long,386,2020-03-13T20:00:00Z,65.69623,2020-03-19T20:00:00Z,61.144403,-1757.01,9.5928,-2980.05,295.32,3275.37,6.0,False,1346;1499
ECL,Short,148,2020-03-18T20:00:00Z,153.903309,2020-03-19T20:00:00Z,145.125092,1299.18,8.7286,0.0,1299.18,0.0,1.0,True,1439;1500
GILD,Long,399,2020-03-18T20:00:00Z,58.190307,2020-03-19T20:00:00Z,63.686932,2193.15,9.9128,0.0,2193.15,0.0,1.0,True,1424;1501
HON,Short,183,2020-03-16T20:00:00Z,114.594421,2020-03-19T20:00:00Z,101.837683,2334.48,8.048,0.0,2334.48,0.0,3.0,True,1375;1502
IBM,Long,256,2020-03-09T20:00:00Z,88.05556,2020-03-19T20:00:00Z,74.839913,-3383.21,8.1639,-3989.82,818.19,4808.01,10.0,False,1174;1503
FISV,Short,253,2020-03-13T20:00:00Z,100.16,2020-03-19T20:00:00Z,80.5,4973.98,9.5067,0.0,4973.98,1191.63,6.0,True,1343;1504
INTU,Long,102,2020-03-18T20:00:00Z,215.803327,2020-03-19T20:00:00Z,214.199409,-163.6,8.5882,-988.41,0.0,988.41,1.0,False,1433;1505
ITW,Short,171,2020-03-18T20:00:00Z,127.920899,2020-03-19T20:00:00Z,120.219057,1317.01,8.157,0.0,1880.19,563.18,1.0,True,1441;1506
JNJ,Short,203,2020-03-18T20:00:00Z,110.705757,2020-03-19T20:00:00Z,113.652522,-598.19,8.9562,-598.19,758.85,1357.04,1.0,False,1417;1507
PG,Short,232,2020-03-09T20:00:00Z,97.551431,2020-03-19T20:00:00Z,99.110763,-361.76,8.9218,-1077.43,2612.96,3228.36,10.0,False,1204;1508
SPGI,Long,106,2020-03-16T20:00:00Z,195.770902,2020-03-19T20:00:00Z,171.863849,-2534.15,3.9456,-2534.15,864.02,3398.17,3.0,False,1390;1509
PLD,Short,396,2020-03-18T20:00:00Z,54.688179,2020-03-19T20:00:00Z,55.873243,-469.29,8.7056,-469.29,535.38,1004.67,1.0,False,1440;1510
UNH,Short,97,2020-03-16T20:00:00Z,214.339776,2020-03-19T20:00:00Z,193.781019,1994.2,7.7072,-365.57,1994.2,365.57,3.0,True,1368;1511
UPS,Short,318,2020-03-18T20:00:00Z,68.922875,2020-03-19T20:00:00Z,74.737294,-1848.99,9.4395,-1848.99,0.0,1848.99,1.0,False,1429;1512
WMT,Long,644,2020-03-18T20:00:00Z,35.005467,2020-03-19T20:00:00Z,38.052679,1962.4,9.5098,0.0,1962.4,509.97,1.0,True,1418;1513
FB,Short,158,2020-03-18T20:00:00Z,138.671848,2020-03-19T20:00:00Z,145.229045,-1036.04,9.6163,-2054.86,0.0,2054.86,1.0,False,1416;1515
CVX,Short,439,2020-03-18T20:00:00Z,49.727721,2020-03-19T20:00:00Z,41.835149,3464.84,12.2661,0.0,3464.84,0.0,1.0,True,1419;1522
AMT,Long,127,2020-03-19T20:00:00Z,181.79218,2020-03-19T20:00:00Z,181.79218,0.0,13.3069,0.0,0.0,0.0,0.0,False,1472;1524
MO,Short,993,2020-03-18T20:00:00Z,22.236452,2020-03-19T20:00:00Z,22.242363,-5.87,13.3445,-5.87,305.21,311.08,1.0,False,1431;1526
QCOM,Long,391,2020-03-18T20:00:00Z,55.224748,2020-03-19T20:00:00Z,53.104729,-828.93,9.3411,-828.93,489.2,1318.13,1.0,False,1430;1527
TSLA,Short,964,2020-03-19T20:00:00Z,24.933998,2020-03-19T20:00:00Z,24.933998,0.0,16.4898,0.0,0.0,0.0,0.0,False,1479;1528
BA,Short,227,2020-03-19T20:00:00Z,99.0,2020-03-19T20:00:00Z,99.0,0.0,13.3081,0.0,0.0,0.0,0.0,False,1481;1531
SYK,Short,178,2020-03-19T20:00:00Z,127.605245,2020-03-19T20:00:00Z,127.605245,0.0,14.8978,0.0,0.0,0.0,0.0,False,1485;1533
AAPL,Short,390,2020-03-19T20:00:00Z,59.500182,2020-03-20T20:00:00Z,59.57004,-27.24,8.9066,-27.24,1668.51,1695.76,1.0,False,1514;1537
ABT,Short,329,2020-03-19T20:00:00Z,72.363125,2020-03-20T20:00:00Z,65.800783,2159.01,8.3192,0.0,3947.49,1788.48,1.0,True,1468;1538
AMT,Short,127,2020-03-19T20:00:00Z,181.79218,2020-03-20T20:00:00Z,172.96034,1121.64,4.1468,0.0,2353.65,1232.0,1.0,True,1524;1539
ANTM,Long,102,2020-03-13T20:00:00Z,246.631466,2020-03-20T20:00:00Z,187.868087,-5993.86,8.6659,-7185.13,0.0,7185.13,7.0,False,1344;1540
BDX,Long,143,2020-03-19T20:00:00Z,162.508046,2020-03-20T20:00:00Z,149.665444,-1836.49,8.6682,-1836.49,0.0,1836.49,1.0,False,1529;1541
BIIB,Short,77,2020-03-19T20:00:00Z,293.15,2020-03-20T20:00:00Z,288.55,354.2,8.7286,0.0,1107.26,753.06,1.0,True,1534;1542
CVS,Long,500,2020-03-19T20:00:00Z,46.057978,2020-03-20T20:00:00Z,44.971399,-543.29,8.9262,-851.42,0.0,851.42,1.0,False,1525;1543
INTC,Short,550,2020-03-19T20:00:00Z,42.409887,2020-03-20T20:00:00Z,41.106741,716.73,8.9489,0.0,980.02,263.29,1.0,True,1466;1544
LLY,Short,174,2020-03-19T20:00:00Z,132.840867,2020-03-20T20:00:00Z,123.227261,1672.77,8.2806,0.0,3295.34,1622.57,1.0,True,1518;1545
MA,Short,89,2020-03-11T20:00:00Z,263.372703,2020-03-20T20:00:00Z,227.738507,3171.44,8.2547,0.0,5332.97,2448.36,9.0,True,1265;1546
MCD,Long,196,2020-03-19T20:00:00Z,115.53472,2020-03-20T20:00:00Z,132.267927,3279.71,10.0223,0.0,3279.71,0.0,1.0,True,1470;1547
EQIX,Short,45,2020-03-19T20:00:00Z,505.996034,2020-03-20T20:00:00Z,486.407035,881.5,8.4131,0.0,2602.71,1721.2,1.0,True,1535;1548
NFLX,Short,735,2020-03-19T20:00:00Z,32.438,2020-03-20T20:00:00Z,34.319,-1382.54,9.7734,-1382.54,0.0,1382.54,1.0,False,1517;1549
NKE,Long,378,2020-03-19T20:00:00Z,60.415771,2020-03-20T20:00:00Z,64.669387,1607.87,9.3876,0.0,1607.87,0.0,1.0,True,1471;1550
PEP,Long,225,2020-03-19T20:00:00Z,98.807664,2020-03-20T20:00:00Z,96.211959,-584.03,8.1021,-3203.95,0.0,3203.95,1.0,False,1467;1551
TJX,Short,617,2020-03-19T20:00:00Z,37.206462,2020-03-20T20:00:00Z,39.313356,-1299.95,8.9725,-1299.95,1742.73,3042.69,1.0,False,1488;1552
TMUS,Short,323,2020-03-19T20:00:00Z,70.669194,2020-03-20T20:00:00Z,75.612352,-1596.64,9.4028,-1596.64,67.16,1663.8,1.0,False,1482;1553
TGT,Short,270,2020-03-19T20:00:00Z,85.970694,2020-03-20T20:00:00Z,83.123374,768.78,8.9205,0.0,1267.02,498.24,1.0,True,1486;1554
USB,Short,928,2020-03-19T20:00:00Z,24.497139,2020-03-20T20:00:00Z,25.671608,-1089.91,9.2508,-1089.91,0.0,1089.91,1.0,False,1487;1555
ACN,Short,173,2020-03-19T20:00:00Z,134.554334,2020-03-20T20:00:00Z,139.624164,-877.08,9.037,-877.08,286.74,1163.82,1.0,False,1473;1563
ACN,Long,167,2020-03-20T20:00:00Z,139.624164,2020-03-24T20:00:00Z,134.953184,-780.05,4.6433,-2048.57,0.0,2048.57,4.0,False,1563;1583
AMGN,Long,138,2020-03-19T20:00:00Z,164.913304,2020-03-24T20:00:00Z,157.09428,-1079.03,9.0828,-1706.29,151.72,1706.29,5.0,False,1469;1584
BKNG,Short,504,2020-03-20T20:00:00Z,47.526817,2020-03-24T20:00:00Z,47.615905,-44.9,9.598,-849.36,1262.33,2111.69,4.0,False,1579;1585
CI,Long,178,2020-03-20T20:00:00Z,134.327884,2020-03-24T20:00:00Z,127.688855,-1181.75,9.2647,-3084.07,0.0,3084.07,4.0,False,1574;1586
TSLA,Long,964,2020-03-19T20:00:00Z,24.933998,2020-03-24T20:00:00Z,31.83333,6650.96,6.4909,0.0,8418.29,1767.33,5.0,True,1528;1588
REGN,Long,48,2020-03-19T20:00:00Z,479.405932,2020-03-24T20:00:00Z,463.842799,-747.03,8.9336,-2162.63,0.0,2162.63,5.0,False,1532;1591
LIN,Long,156,2020-03-18T20:00:00Z,140.041926,2020-03-24T20:00:00Z,145.355466,828.91,9.1813,-482.82,1626.49,797.58,6.0,True,1425;1593
LOW,Long,379,2020-03-20T20:00:00Z,64.047551,2020-03-24T20:00:00Z,65.3418,490.52,9.6485,-1521.96,1679.86,1521.96,4.0,True,1575;1594
MMM,Long,311,2020-03-18T20:00:00Z,71.650434,2020-03-24T20:00:00Z,68.209027,-1070.28,9.3713,-1838.73,1609.75,3448.48,6.0,False,1427;1595
MO,Long,1024,2020-03-19T20:00:00Z,22.242363,2020-03-24T20:00:00Z,19.513436,-2794.42,4.0274,-3770.81,0.0,3770.81,5.0,False,1526;1596
NOC,Short,88,2020-03-20T20:00:00Z,270.249356,2020-03-24T20:00:00Z,249.119007,1859.47,8.9346,0.0,2359.7,806.06,4.0,True,1578;1598
NVDA,Short,4442,2020-03-20T20:00:00Z,5.46161,2020-03-24T20:00:00Z,5.665834,-907.16,10.0412,-3239.07,787.97,4027.04,4.0,False,1561;1599
ZTS,Short,245,2020-03-20T20:00:00Z,95.182216,2020-03-24T20:00:00Z,93.363865,445.5,9.4009,-507.5,2041.47,2548.97,4.0,True,1580;1606
SPY,Short,553,2020-03-20T20:00:00Z,221.874148,2020-03-24T20:00:00Z,214.923146,3843.9,86.0352,-283.24,9933.46,10216.69,4.0,True,1582;1629
BMY,Long,615,2020-03-20T20:00:00Z,38.325323,2020-03-24T20:00:00Z,37.737872,-361.28,9.4068,-1237.99,149.33,1237.99,4.0,False,1562;1630
C,Long,596,2020-03-12T20:00:00Z,36.110392,2020-03-24T20:00:00Z,30.114584,-3573.5,3.8624,-4742.49,2734.77,7477.27,12.0,False,1308;1631
CCI,Long,240,2020-03-20T20:00:00Z,96.466139,2020-03-24T20:00:00Z,90.886008,-1339.23,9.0151,-2207.58,0.0,2207.58,4.0,False,1573;1632
DHR,Long,237,2020-03-19T20:00:00Z,97.657952,2020-03-24T20:00:00Z,95.866413,-424.59,9.1546,-1210.55,189.71,1210.55,5.0,False,1476;1633
DUK,Long,405,2020-03-20T20:00:00Z,58.470494,2020-03-24T20:00:00Z,51.785723,-2707.33,8.7561,-3636.9,0.0,3636.9,4.0,False,1572;1634
FIS,Long,261,2020-03-19T20:00:00Z,87.8271,2020-03-24T20:00:00Z,93.863061,1575.39,10.0946,-94.39,3856.44,2281.05,5.0,True,1480;1635
FB,Long,159,2020-03-19T20:00:00Z,145.229045,2020-03-24T20:00:00Z,153.470115,1310.33,5.0706,0.0,2261.58,951.25,5.0,True,1515;1636
GILD,Short,380,2020-03-20T20:00:00Z,62.546716,2020-03-24T20:00:00Z,59.071025,1320.76,8.7983,0.0,2070.79,750.03,4.0,True,1564;1637
GS,Short,192,2020-03-19T20:00:00Z,118.123624,2020-03-24T20:00:00Z,124.090853,-1145.71,5.0646,-2643.05,397.86,3040.91,5.0,False,1484;1638
IBM,Long,320,2020-03-20T20:00:00Z,73.808697,2020-03-24T20:00:00Z,73.179729,-201.27,9.3988,-1443.99,1053.16,1443.99,4.0,False,1565;1639
ISRG,Short,171,2020-03-19T20:00:00Z,133.75332,2020-03-24T20:00:00Z,132.97332,133.38,9.5771,-1746.48,1910.07,3656.55,5.0,True,1536;1640
JPM,Short,329,2020-03-19T20:00:00Z,68.574561,2020-03-24T20:00:00Z,71.400297,-929.67,9.6077,-1875.94,735.99,2611.92,5.0,False,1464;1641
MRK,Long,425,2020-03-20T20:00:00Z,54.238568,2020-03-24T20:00:00Z,53.778654,-195.46,9.3007,-1053.51,0.0,1053.51,4.0,False,1558;1642
MS,Short,845,2020-03-18T20:00:00Z,25.758538,2020-03-24T20:00:00Z,24.660338,927.98,8.8636,-1225.76,2506.93,3732.69,6.0,True,1438;1643
MSFT,Short,174,2020-03-20T20:00:00Z,138.117153,2020-03-24T20:00:00Z,135.997951,368.74,9.4059,-386.85,1647.81,2034.66,4.0,True,1556;1644
ORCL,Short,574,2020-03-20T20:00:00Z,40.671944,2020-03-24T20:00:00Z,41.107229,-249.85,9.7412,-1572.0,343.55,1915.54,4.0,False,1559;1645
NOW,Long,423,2020-03-20T20:00:00Z,55.212,2020-03-24T20:00:00Z,55.116,-40.61,8.9118,-1754.6,0.0,1754.6,4.0,False,1576;1646
PYPL,Long,256,2020-03-19T20:00:00Z,90.550194,2020-03-24T20:00:00Z,88.522803,-519.01,9.6703,-1595.01,1450.7,1969.71,5.0,False,1521;1647
QCOM,Short,436,2020-03-19T20:00:00Z,53.104729,2020-03-24T20:00:00Z,57.561982,-1943.36,4.9596,-1943.36,79.55,2022.91,5.0,False,1527;1648
SBUX,Short,443,2020-03-20T20:00:00Z,53.817406,2020-03-24T20:00:00Z,54.154305,-149.25,9.4071,-987.32,2200.42,3187.74,4.0,False,1568;1649
PLD,Short,440,2020-03-20T20:00:00Z,54.154066,2020-03-24T20:00:00Z,55.606186,-638.93,9.7948,-2078.37,558.15,2636.52,4.0,False,1581;1650
UPS,Long,321,2020-03-20T20:00:00Z,72.983859,2020-03-24T20:00:00Z,71.230425,-562.85,9.2025,-1035.55,0.0,1035.55,4.0,False,1567;1651
UTX,Long,637,2020-03-19T20:00:00Z,36.189324,2020-03-24T20:00:00Z,36.771618,370.92,9.9646,-1165.33,2307.3,2216.76,5.0,True,1478;1652
VZ,Short,625,2020-03-19T20:00:00Z,36.866767,2020-03-24T20:00:00Z,35.158707,1067.54,8.8486,0.0,1695.25,627.71,5.0,True,1465;1653
WFC,Short,968,2020-03-19T20:00:00Z,23.563673,2020-03-24T20:00:00Z,22.916226,626.73,9.4339,-1030.8,2003.88,3034.69,5.0,True,1520;1654
LLY,Short,208,2020-03-24T20:00:00Z,114.693207,2020-03-24T20:00:00Z,114.693207,0.0,14.2731,0.0,0.0,0.0,0.0,False,1613;1659
TMO,Short,92,2020-03-24T20:00:00Z,258.973085,2020-03-24T20:00:00Z,258.973085,0.0,15.2977,0.0,0.0,0.0,0.0,False,1614;1660
TXN,Short,278,2020-03-19T20:00:00Z,82.97102,2020-03-24T20:00:00Z,84.323401,-375.96,9.8333,-1385.49,415.41,1800.9,5.0,False,1474;1662
NEE,Long,600,2020-03-24T20:00:00Z,39.546785,2020-03-24T20:00:00Z,39.546785,0.0,15.7667,0.0,0.0,0.0,0.0,False,1617;1664
CVS,Long,537,2020-03-24T20:00:00Z,44.703809,2020-03-24T20:00:00Z,44.703809,0.0,14.1972,0.0,0.0,0.0,0.0,False,1620;1665
TMUS,Long,323,2020-03-24T20:00:00Z,74.19462,2020-03-24T20:00:00Z,74.19462,0.0,14.4064,0.0,0.0,0.0,0.0,False,1621;1666
AMD,Short,555,2020-03-24T20:00:00Z,44.0,2020-03-24T20:00:00Z,44.0,0.0,15.3913,0.0,0.0,0.0,0.0,False,1627;1668
ADP,Long,232,2020-03-20T20:00:00Z,102.470498,2020-03-24T20:00:00Z,98.799759,-851.61,14.4446,-1969.1,407.81,1969.1,4.0,False,1577;1669
USB,Long,1055,2020-03-24T20:00:00Z,23.398443,2020-03-24T20:00:00Z,23.398443,0.0,14.9599,0.0,0.0,0.0,0.0,False,1624;1673
ANTM,Short,143,2020-03-24T20:00:00Z,168.390648,2020-03-26T20:00:00Z,203.492341,-5019.54,11.3754,-6911.9,0.0,6911.9,2.0,False,1671;1675
BKNG,Long,513,2020-03-24T20:00:00Z,47.615905,2020-03-26T20:00:00Z,53.934501,3241.44,10.6857,0.0,3755.99,514.55,2.0,True,1670;1678
HON,Long,257,2020-03-24T20:00:00Z,95.134991,2020-03-26T20:00:00Z,114.014962,4852.15,11.4207,0.0,6090.2,1238.04,2.0,True,1618;1680
INTU,Long,114,2020-03-20T20:00:00Z,207.869661,2020-03-26T20:00:00Z,223.927934,1830.64,9.8004,-2504.35,3336.95,2504.35,6.0,True,1570;1682
SYK,Long,178,2020-03-19T20:00:00Z,127.605245,2020-03-26T20:00:00Z,144.745551,3050.97,5.4253,-1704.03,4412.87,2139.17,7.0,True,1533;1688
TMO,Long,92,2020-03-24T20:00:00Z,258.973085,2020-03-26T20:00:00Z,269.988408,1013.41,5.1195,0.0,1771.88,758.48,2.0,True,1660;1690
USB,Short,1055,2020-03-24T20:00:00Z,23.398443,2020-03-26T20:00:00Z,24.535025,-1199.09,5.7844,-4236.8,0.0,4236.8,2.0,False,1673;1692
DIS,Short,278,2020-03-24T20:00:00Z,89.248293,2020-03-26T20:00:00Z,97.761057,-2366.55,15.9473,-3584.86,0.0,3584.86,2.0,False,1658;1697
LLY,Long,208,2020-03-24T20:00:00Z,114.693207,2020-03-26T20:00:00Z,114.73974,9.68,10.4277,-251.65,2150.62,2140.94,2.0,True,1659;1701
NEE,Short,600,2020-03-24T20:00:00Z,39.546785,2020-03-26T20:00:00Z,44.723132,-3105.81,11.1147,-5675.96,0.0,5675.96,2.0,False,1664;1705
ACN,Short,181,2020-03-24T20:00:00Z,134.953184,2020-03-26T20:00:00Z,135.963605,-182.89,15.9061,-3060.94,70.59,3131.52,2.0,False,1663;1707
TXN,Long,281,2020-03-24T20:00:00Z,84.323401,2020-03-26T20:00:00Z,82.979369,-377.67,10.2193,-433.97,1583.41,1961.08,2.0,False,1662;1708
SPY,Short,354,2020-03-20T20:00:00Z,221.874148,2020-03-26T20:00:00Z,227.974567,-2159.55,16.9138,-6025.37,6358.85,12384.22,6.0,False,1582;1730
ADP,Short,246,2020-03-24T20:00:00Z,98.799759,2020-03-26T20:00:00Z,106.037836,-1780.57,5.8106,-4748.18,0.0,4748.18,2.0,False,1669;1731
AXP,Long,341,2020-03-19T20:00:00Z,66.937388,2020-03-26T20:00:00Z,85.115862,6198.86,10.7313,-1139.08,6579.6,1636.25,7.0,True,1530;1732
BA,Long,227,2020-03-19T20:00:00Z,99.0,2020-03-26T20:00:00Z,172.05,16582.35,8.1902,-905.73,18477.8,1895.45,7.0,True,1531;1733
VRTX,Long,108,2020-03-20T20:00:00Z,217.7,2020-03-26T20:00:00Z,209.8,-853.2,9.2986,-1672.92,733.32,1672.92,6.0,False,1571;1734
CB,Short,272,2020-03-24T20:00:00Z,89.014043,2020-03-26T20:00:00Z,92.664006,-992.79,10.3829,-2561.64,0.0,2561.64,2.0,False,1628;1735
CL,Long,388,2020-03-18T20:00:00Z,58.195969,2020-03-26T20:00:00Z,51.786948,-2486.7,4.249,-2643.16,0.0,2643.16,8.0,False,1435;1736
COST,Short,84,2020-03-20T20:00:00Z,280.872646,2020-03-26T20:00:00Z,256.627404,2036.6,8.9298,0.0,2073.38,876.55,6.0,True,1560;1737
CVX,Long,559,2020-03-19T20:00:00Z,41.835149,2020-03-26T20:00:00Z,52.868182,6167.46,6.4302,-555.7,8764.96,2597.49,7.0,True,1522;1738
EL,Long,152,2020-03-12T20:00:00Z,146.73936,2020-03-26T20:00:00Z,155.543722,1338.26,9.2098,-2177.47,1809.44,3880.96,14.0,True,1314;1739
HD,Long,167,2020-03-24T20:00:00Z,148.088497,2020-03-26T20:00:00Z,156.371976,1383.34,10.7966,0.0,2994.39,1611.05,2.0,True,1657;1740
INTC,Short,526,2020-03-24T20:00:00Z,46.984198,2020-03-26T20:00:00Z,45.80516,620.17,10.0664,-1184.39,811.36,1995.75,2.0,True,1609;1741
KO,Long,748,2020-03-24T20:00:00Z,34.014079,2020-03-26T20:00:00Z,35.265323,935.93,10.294,0.0,1804.13,868.2,2.0,True,1610;1742
LMT,Long,88,2020-03-20T20:00:00Z,263.907577,2020-03-26T20:00:00Z,273.81881,872.19,9.4654,-2764.39,2611.39,2764.39,6.0,True,1566;1743
MA,Short,117,2020-03-24T20:00:00Z,208.74904,2020-03-26T20:00:00Z,248.850779,-4691.9,11.2624,-5175.09,0.0,5175.09,2.0,False,1656;1744
MDLZ,Long,650,2020-03-24T20:00:00Z,37.36037,2020-03-26T20:00:00Z,39.080913,1118.35,10.529,0.0,2655.4,1537.05,2.0,True,1622;1745
NKE,Long,408,2020-03-24T20:00:00Z,59.208176,2020-03-26T20:00:00Z,72.248394,5320.41,11.4975,0.0,6798.5,1478.1,2.0,True,1661;1746
PEP,Short,270,2020-03-24T20:00:00Z,89.620984,2020-03-26T20:00:00Z,91.712195,-564.63,10.2863,-2223.36,0.0,2223.36,2.0,False,1611;1747
SO,Short,694,2020-03-24T20:00:00Z,35.117618,2020-03-26T20:00:00Z,38.53151,-2369.24,11.1435,-5118.2,0.0,5118.2,2.0,False,1626;1748
SPGI,Long,134,2020-03-24T20:00:00Z,180.982388,2020-03-26T20:00:00Z,207.388529,3538.42,11.1292,0.0,5149.2,1610.77,2.0,True,1623;1749
T,Short,1694,2020-03-24T20:00:00Z,14.263631,2020-03-26T20:00:00Z,14.610034,-586.81,10.1241,-2217.78,0.0,2217.78,2.0,False,1608;1750
TJX,Short,683,2020-03-24T20:00:00Z,36.295621,2020-03-26T20:00:00Z,41.052234,-3248.77,11.1853,-5347.58,0.0,5347.58,2.0,False,1672;1751
TMUS,Short,323,2020-03-24T20:00:00Z,74.19462,2020-03-26T20:00:00Z,75.612352,-457.93,5.1673,-1871.4,0.0,1871.4,2.0,False,1666;1752
TGT,Long,286,2020-03-24T20:00:00Z,83.616019,2020-03-26T20:00:00Z,76.309846,-2089.57,9.3894,-2199.42,0.0,2199.42,2.0,False,1625;1753
V,Long,163,2020-03-19T20:00:00Z,140.183233,2020-03-26T20:00:00Z,154.648097,2357.77,9.9717,-1712.34,3329.81,1712.34,7.0,True,1516;1754
AMD,Long,555,2020-03-24T20:00:00Z,44.0,2020-03-26T20:00:00Z,45.74,965.7,5.2725,0.0,1942.5,976.8,2.0,True,1668;1755
WMT,Short,643,2020-03-20T20:00:00Z,36.505623,2020-03-26T20:00:00Z,33.448201,1965.92,8.79,0.0,1977.72,137.61,6.0,True,1557;1756
XOM,Short,978,2020-03-24T20:00:00Z,25.777547,2020-03-26T20:00:00Z,28.208539,-2377.51,10.9218,-3275.52,0.0,3275.52,2.0,False,1612;1757
MCD,Long,170,2020-03-26T20:00:00Z,140.866459,2020-03-26T20:00:00Z,140.866459,0.0,14.6601,0.0,0.0,0.0,0.0,False,1698;1760
PYPL,Long,251,2020-03-26T20:00:00Z,95.247807,2020-03-26T20:00:00Z,95.247807,0.0,14.9877,0.0,0.0,0.0,0.0,False,1702;1761
AMT,Long,143,2020-03-26T20:00:00Z,165.565659,2020-03-26T20:00:00Z,165.565659,0.0,15.9297,0.0,0.0,0.0,0.0,False,1712;1764
UTX,Short,541,2020-03-26T20:00:00Z,44.9329,2020-03-26T20:00:00Z,44.9329,0.0,15.5273,0.0,0.0,0.0,0.0,False,1715;1766
MMM,Long,324,2020-03-26T20:00:00Z,73.50779,2020-03-26T20:00:00Z,73.50779,0.0,14.7442,0.0,0.0,0.0,0.0,False,1713;1768
LOW,Long,321,2020-03-26T20:00:00Z,76.30745,2020-03-26T20:00:00Z,76.30745,0.0,15.0212,0.0,0.0,0.0,0.0,False,1719;1770
SPY,Short,561,2020-03-20T20:00:00Z,221.874148,2020-03-26T20:00:00Z,227.974567,-3422.33,31.0563,-9548.67,10077.16,19625.83,6.0,False,1582;1778
SPY,Short,89,2020-03-24T20:00:00Z,214.923146,2020-03-26T20:00:00Z,227.974567,-1161.58,15.3447,-2133.49,980.05,2133.49,2.0,False,1674;1778
BLK,Long,65,2020-03-12T20:00:00Z,341.548065,2020-03-30T20:00:00Z,375.515971,2207.91,9.3762,-3954.41,3174.78,4812.61,18.0,True,1311;1781
CRM,Short,178,2020-03-19T20:00:00Z,129.527297,2020-03-30T20:00:00Z,144.95282,-2745.74,10.1062,-3921.24,0.0,3921.24,11.0,False,1519;1784
DHR,Long,241,2020-03-26T20:00:00Z,100.656999,2020-03-30T20:00:00Z,105.054302,1059.75,10.273,0.0,1650.34,590.59,4.0,True,1710;1785
TSLA,Long,662,2020-03-26T20:00:00Z,36.649996,2020-03-30T20:00:00Z,34.01733,-1742.83,9.094,-2101.63,0.0,2101.63,4.0,False,1762;1787
FIS,Short,229,2020-03-26T20:00:00Z,104.841448,2020-03-30T20:00:00Z,105.995255,-264.22,9.8168,-696.05,327.32,1023.37,4.0,False,1716;1788
PM,Long,483,2020-03-26T20:00:00Z,49.360543,2020-03-30T20:00:00Z,52.488029,1510.58,10.362,0.0,2314.53,803.96,4.0,True,1706;1794
NOW,Short,449,2020-03-26T20:00:00Z,53.938,2020-03-30T20:00:00Z,55.554,-725.58,10.4366,-1497.86,0.0,1497.86,4.0,False,1776;1795
PLD,Long,395,2020-03-26T20:00:00Z,60.413205,2020-03-30T20:00:00Z,67.42344,2769.04,10.5863,0.0,3458.01,688.96,4.0,True,1772;1798
UNP,Long,206,2020-03-26T20:00:00Z,119.062632,2020-03-30T20:00:00Z,120.606647,318.07,10.1027,0.0,525.35,207.28,4.0,True,1711;1800
IBM,Short,307,2020-03-26T20:00:00Z,78.189535,2020-03-30T20:00:00Z,79.352394,-357.0,15.1344,-1351.65,0.0,1351.65,4.0,False,1763;1809
AMT,Short,143,2020-03-26T20:00:00Z,165.565659,2020-03-30T20:00:00Z,186.061877,-2930.96,10.5579,-3874.89,0.0,3874.89,4.0,False,1764;1812
MO,Long,1141,2020-03-26T20:00:00Z,21.037828,2020-03-30T20:00:00Z,22.380022,1531.44,15.1297,0.0,1850.21,318.76,4.0,True,1718;1816
LOW,Short,321,2020-03-26T20:00:00Z,76.30745,2020-03-30T20:00:00Z,77.477592,-375.62,9.94,-748.39,0.0,748.39,4.0,False,1770;1817
ABBV,Long,464,2020-03-24T20:00:00Z,52.596462,2020-03-30T20:00:00Z,56.75755,1930.74,10.2319,-82.39,2575.52,644.78,6.0,True,1616;1826
AMGN,Short,150,2020-03-26T20:00:00Z,158.448046,2020-03-30T20:00:00Z,168.121319,-1450.99,10.0171,-1890.35,0.0,1890.35,4.0,False,1699;1827
ANTM,Long,119,2020-03-26T20:00:00Z,203.492341,2020-03-30T20:00:00Z,206.600639,369.89,10.2047,0.0,1017.74,647.85,4.0,True,1771;1828
BMY,Long,616,2020-03-26T20:00:00Z,39.523723,2020-03-30T20:00:00Z,41.669879,1322.03,10.2906,0.0,1896.2,574.17,4.0,True,1704;1829
C,Short,714,2020-03-26T20:00:00Z,34.731037,2020-03-30T20:00:00Z,35.121721,-278.95,10.2573,-301.72,0.0,301.72,4.0,False,1765;1830
CCI,Short,498,2020-03-26T20:00:00Z,95.48887,2020-03-30T20:00:00Z,104.813955,-4643.89,21.587,-7452.52,0.0,7452.52,4.0,False,1774;1831
CME,Long,213,2020-03-24T20:00:00Z,114.695398,2020-03-30T20:00:00Z,136.047644,4548.03,10.8109,0.0,4548.03,579.89,6.0,True,1667;1832
CVS,Short,537,2020-03-24T20:00:00Z,44.703809,2020-03-30T20:00:00Z,48.352768,-1959.49,5.1948,-1968.2,648.81,2617.01,6.0,False,1665;1833
DIS,Long,244,2020-03-26T20:00:00Z,97.761057,2020-03-30T20:00:00Z,93.097458,-1137.92,4.7244,-1137.92,0.0,1137.92,4.0,False,1697;1834
GILD,Short,435,2020-03-26T20:00:00Z,54.997704,2020-03-30T20:00:00Z,59.251887,-1850.57,10.2476,-2048.97,0.0,2048.97,4.0,False,1709;1835
GS,Long,178,2020-03-26T20:00:00Z,134.45182,2020-03-30T20:00:00Z,135.492216,185.19,9.9574,0.0,480.58,295.39,4.0,True,1775;1836
FISV,Long,278,2020-03-20T20:00:00Z,87.11,2020-03-30T20:00:00Z,94.93,2173.96,10.0136,-2810.58,3119.16,2810.58,10.0,True,1569;1837
LLY,Short,209,2020-03-26T20:00:00Z,114.73974,2020-03-30T20:00:00Z,124.520863,-2044.25,5.3855,-2946.76,0.0,2946.76,4.0,False,1701;1838
MDT,Long,379,2020-03-19T20:00:00Z,64.008658,2020-03-30T20:00:00Z,74.849776,4108.78,10.6889,-1591.59,4559.22,1591.59,11.0,True,1523;1839
NEE,Long,534,2020-03-26T20:00:00Z,44.723132,2020-03-30T20:00:00Z,49.929168,2780.02,5.5716,0.0,3975.83,1195.81,4.0,True,1705;1840
PG,Short,279,2020-03-24T20:00:00Z,85.788649,2020-03-30T20:00:00Z,96.526002,-2995.72,10.3193,-3248.71,75.66,3324.38,6.0,False,1607;1841
PYPL,Short,251,2020-03-26T20:00:00Z,95.247807,2020-03-30T20:00:00Z,94.44674,201.07,4.8172,-178.73,702.5,881.22,4.0,True,1761;1842
QCOM,Short,434,2020-03-26T20:00:00Z,55.607046,2020-03-30T20:00:00Z,58.465596,-1240.61,10.4083,-1896.74,0.0,1896.74,4.0,False,1769;1843
SBUX,Short,419,2020-03-26T20:00:00Z,57.626953,2020-03-30T20:00:00Z,57.445546,76.01,9.9725,-416.24,133.92,550.16,4.0,True,1714;1844
TXN,Short,287,2020-03-26T20:00:00Z,82.979369,2020-03-30T20:00:00Z,83.814171,-239.59,4.8886,-627.72,0.0,627.72,4.0,False,1708;1845
UNH,Short,113,2020-03-26T20:00:00Z,209.008074,2020-03-30T20:00:00Z,216.697514,-868.91,10.2069,-1740.84,0.0,1740.84,4.0,False,1696;1846
COST,Long,92,2020-03-30T20:00:00Z,262.510843,2020-03-30T20:00:00Z,262.510843,0.0,14.6583,0.0,0.0,0.0,0.0,False,1805;1850
LMT,Long,81,2020-03-30T20:00:00Z,295.228753,2020-03-30T20:00:00Z,295.228753,0.0,14.2501,0.0,0.0,0.0,0.0,False,1811;1851
SO,Short,555,2020-03-30T20:00:00Z,43.710145,2020-03-30T20:00:00Z,43.710145,0.0,14.8814,0.0,0.0,0.0,0.0,False,1822;1854
AXP,Short,293,2020-03-30T20:00:00Z,81.673948,2020-03-31T20:00:00Z,82.993502,-386.63,9.5078,-386.63,797.59,1184.22,1.0,False,1814;1856
BDX,Long,170,2020-03-26T20:00:00Z,140.725783,2020-03-31T20:00:00Z,152.585779,2016.2,10.4926,0.0,2916.83,900.63,5.0,True,1720;1857
VRTX,Long,110,2020-03-30T20:00:00Z,221.34,2020-03-31T20:00:00Z,228.95,837.1,10.3371,0.0,1827.1,990.0,1.0,True,1821;1858
BIIB,Short,83,2020-03-26T20:00:00Z,284.74,2020-03-31T20:00:00Z,313.48,-2385.42,10.3139,-2626.12,0.0,2626.12,5.0,False,1777;1859
CL,Short,428,2020-03-30T20:00:00Z,56.617308,2020-03-31T20:00:00Z,56.634468,-7.34,9.7634,-135.87,0.0,135.87,1.0,False,1824;1860
EL,Long,162,2020-03-30T20:00:00Z,147.087866,2020-03-31T20:00:00Z,149.99514,470.98,9.6398,-178.29,470.98,178.29,1.0,True,1818;1861
ISRG,Long,155,2020-03-26T20:00:00Z,155.739984,2020-03-31T20:00:00Z,166.283317,1634.22,10.299,0.0,1911.67,465.52,5.0,True,1773;1862
JNJ,Long,247,2020-03-24T20:00:00Z,99.987951,2020-03-31T20:00:00Z,114.006134,3462.49,10.4024,0.0,3462.49,684.18,7.0,True,1655;1863
KO,Long,680,2020-03-30T20:00:00Z,35.42996,2020-03-31T20:00:00Z,37.101029,1136.33,9.989,0.0,1136.33,0.0,1.0,True,1803;1864
LIN,Short,157,2020-03-30T20:00:00Z,157.269849,2020-03-31T20:00:00Z,157.67156,-63.07,10.0279,-106.07,0.0,106.07,1.0,False,1813;1865
MA,Short,100,2020-03-30T20:00:00Z,237.223591,2020-03-31T20:00:00Z,243.601658,-637.81,9.5414,-637.81,415.88,1053.68,1.0,False,1802;1866
MCD,Short,170,2020-03-26T20:00:00Z,140.866459,2020-03-31T20:00:00Z,142.678937,-308.12,4.8292,-603.1,51.11,654.21,5.0,False,1760;1867
MO,Short,1077,2020-03-30T20:00:00Z,22.380022,2020-03-31T20:00:00Z,22.58044,-215.85,5.064,-1216.61,0.0,1216.61,1.0,False,1816;1868
NKE,Long,319,2020-03-30T20:00:00Z,75.699952,2020-03-31T20:00:00Z,76.258689,178.24,9.6639,-362.22,178.24,362.22,1.0,True,1849;1869
NVDA,Short,3820,2020-03-30T20:00:00Z,6.354032,2020-03-31T20:00:00Z,6.635274,-1074.34,10.0447,-1074.34,0.0,1074.34,1.0,False,1804;1870
SO,Long,555,2020-03-30T20:00:00Z,43.710145,2020-03-31T20:00:00Z,43.925921,119.76,4.6311,-1103.47,119.76,1103.47,1.0,True,1854;1871
TMO,Long,88,2020-03-30T20:00:00Z,273.457105,2020-03-31T20:00:00Z,278.881242,477.32,9.8254,0.0,477.32,0.0,1.0,True,1807;1872
USB,Short,885,2020-03-30T20:00:00Z,26.835347,2020-03-31T20:00:00Z,27.172706,-298.56,9.5404,-298.56,386.77,685.34,1.0,False,1823;1873
UTX,Long,541,2020-03-26T20:00:00Z,44.9329,2020-03-31T20:00:00Z,44.268076,-359.67,4.6797,-910.34,94.26,1004.59,5.0,False,1766;1874
AMT,Long,131,2020-03-30T20:00:00Z,186.061877,2020-03-31T20:00:00Z,190.891398,632.67,9.3155,-539.63,632.67,539.63,1.0,True,1812;1881
IBM,Long,303,2020-03-30T20:00:00Z,79.352394,2020-03-31T20:00:00Z,81.912149,775.61,9.6544,0.0,775.61,0.0,1.0,True,1809;1882
LMT,Short,81,2020-03-30T20:00:00Z,295.228753,2020-03-31T20:00:00Z,289.617987,454.47,9.2811,0.0,853.16,398.68,1.0,True,1851;1883
MDLZ,Long,590,2020-03-30T20:00:00Z,41.616987,2020-03-31T20:00:00Z,43.595095,1167.08,14.9054,0.0,1167.08,0.0,1.0,True,1815;1888
CI,Long,168,2020-03-26T20:00:00Z,142.415264,2020-03-31T20:00:00Z,159.210748,2821.64,15.2618,0.0,3015.09,193.45,5.0,True,1721;1890
SPY,Short,256,2020-03-24T20:00:00Z,214.923146,2020-03-31T20:00:00Z,238.437654,-6019.71,21.688,-6242.15,2819.03,6242.15,7.0,False,1674;1896
C,Short,686,2020-03-31T20:00:00Z,34.786849,2020-04-02T20:00:00Z,30.585,2882.47,8.8957,0.0,2882.47,382.87,2.0,True,1886;1899
CME,Long,178,2020-03-31T20:00:00Z,133.900752,2020-04-02T20:00:00Z,129.536959,-776.76,9.4562,-822.45,0.0,822.45,2.0,False,1891;1901
CRM,Long,167,2020-03-30T20:00:00Z,144.95282,2020-04-02T20:00:00Z,131.499644,-2246.68,9.3154,-2246.68,0.0,2246.68,3.0,False,1848;1902
LMT,Long,82,2020-03-31T20:00:00Z,289.617987,2020-04-02T20:00:00Z,281.588209,-658.44,4.8758,-658.44,630.2,1288.65,2.0,False,1883;1904
LOW,Long,311,2020-03-30T20:00:00Z,77.477592,2020-04-02T20:00:00Z,70.784733,-2081.48,4.571,-2081.48,0.0,2081.48,3.0,False,1817;1905
MS,Short,845,2020-03-31T20:00:00Z,28.299151,2020-04-02T20:00:00Z,25.684778,2209.15,9.4017,0.0,2209.15,1565.1,2.0,True,1895;1907
XOM,Short,855,2020-03-31T20:00:00Z,28.8558,2020-04-02T20:00:00Z,29.164378,-263.83,10.0862,-1325.61,514.8,1840.4,2.0,False,1877;1915
AMT,Short,125,2020-03-31T20:00:00Z,190.891398,2020-04-02T20:00:00Z,172.96034,2241.38,9.7389,0.0,2244.52,1439.25,2.0,True,1881;1923
ABT,Long,380,2020-03-26T20:00:00Z,63.033957,2020-04-02T20:00:00Z,67.503444,1698.41,10.462,0.0,2810.46,1112.05,7.0,True,1759;1933
AVGO,Long,1195,2020-03-30T20:00:00Z,20.204614,2020-04-02T20:00:00Z,19.351878,-1019.02,9.9234,-1019.02,509.51,1528.53,3.0,False,1810;1934
BKNG,Short,489,2020-03-30T20:00:00Z,49.282395,2020-04-02T20:00:00Z,49.661409,-185.34,9.8142,-1605.94,24.27,1605.94,3.0,False,1855;1935
CAT,Long,262,2020-03-19T20:00:00Z,87.667472,2020-04-02T20:00:00Z,98.269202,2777.65,10.1722,-1708.26,4048.43,1708.26,14.0,True,1483;1936
CCI,Long,218,2020-03-31T20:00:00Z,108.879692,2020-04-02T20:00:00Z,102.575935,-1374.22,9.4582,-1374.22,71.56,1445.78,2.0,False,1892;1937
CI,Short,150,2020-03-31T20:00:00Z,159.210748,2020-04-02T20:00:00Z,151.528186,1152.38,4.5558,0.0,1152.38,0.0,2.0,True,1890;1938
COST,Short,92,2020-03-30T20:00:00Z,262.510843,2020-04-02T20:00:00Z,259.400374,286.16,4.8921,-309.66,286.16,532.88,3.0,True,1850;1939
CVX,Long,445,2020-03-31T20:00:00Z,55.180223,2020-04-02T20:00:00Z,53.922533,-559.67,9.9541,-1565.07,931.67,1565.07,2.0,False,1878;1940
DHR,Long,224,2020-03-31T20:00:00Z,107.459076,2020-04-02T20:00:00Z,97.580414,-2212.82,9.3999,-2212.82,0.0,2212.82,2.0,False,1884;1941
INTU,Long,109,2020-03-30T20:00:00Z,223.517408,2020-04-02T20:00:00Z,206.313479,-1875.23,9.6419,-1875.23,0.0,1875.23,3.0,False,1853;1942
MMM,Short,324,2020-03-26T20:00:00Z,73.50779,2020-04-02T20:00:00Z,73.825716,-103.01,4.9896,-1131.28,0.0,1131.28,7.0,False,1768;1943
NEE,Short,462,2020-03-31T20:00:00Z,51.341477,2020-04-02T20:00:00Z,45.592572,2655.99,9.1442,0.0,2655.99,767.11,2.0,True,1879;1944
NOC,Short,85,2020-03-30T20:00:00Z,285.039703,2020-04-02T20:00:00Z,271.111453,1183.9,9.5874,0.0,1183.9,896.13,3.0,True,1825;1945
PG,Short,247,2020-03-31T20:00:00Z,96.187016,2020-04-02T20:00:00Z,91.263258,1216.17,9.3944,-188.39,1216.17,1061.27,2.0,True,1875;1946
PM,Long,445,2020-03-31T20:00:00Z,54.167467,2020-04-02T20:00:00Z,52.443244,-767.28,9.7853,-767.28,587.92,1355.19,2.0,False,1880;1947
NOW,Short,421,2020-03-31T20:00:00Z,57.0,2020-04-02T20:00:00Z,53.0,1684.0,9.1876,0.0,2189.2,505.2,2.0,True,1894;1948
SYK,Long,161,2020-03-30T20:00:00Z,150.982463,2020-04-02T20:00:00Z,133.555287,-2805.78,9.4241,-2805.78,793.03,3598.81,3.0,False,1819;1949
PLD,Long,348,2020-03-31T20:00:00Z,67.757261,2020-04-02T20:00:00Z,59.553616,-2854.87,9.0554,-2854.87,0.0,2854.87,2.0,False,1893;1950
TMUS,Long,307,2020-03-31T20:00:00Z,78.485621,2020-04-02T20:00:00Z,80.385382,583.23,9.7674,0.0,606.44,208.92,2.0,True,1889;1951
UPS,Short,332,2020-03-26T20:00:00Z,71.731406,2020-04-02T20:00:00Z,68.13345,1194.52,9.7185,-841.71,1194.52,841.71,7.0,True,1767;1952
V,Long,155,2020-03-30T20:00:00Z,153.999277,2020-04-02T20:00:00Z,145.535996,-1311.81,9.5527,-1311.81,0.0,1311.81,3.0,False,1847;1953
WMT,Long,716,2020-03-30T20:00:00Z,34.200327,2020-04-02T20:00:00Z,34.603906,288.96,10.2367,0.0,1482.03,1193.07,3.0,True,1801;1954
AXP,Long,336,2020-04-02T20:00:00Z,71.503026,2020-04-03T20:00:00Z,70.519465,-330.48,9.3687,-1081.84,0.0,1081.84,1.0,False,1926;1969
BA,Short,148,2020-03-30T20:00:00Z,153.72,2020-04-03T20:00:00Z,125.0,4250.56,8.1965,0.0,4527.32,276.76,4.0,True,1808;1970
BLK,Short,64,2020-03-30T20:00:00Z,375.515971,2020-04-03T20:00:00Z,365.836576,619.48,9.5849,-108.09,1561.6,942.12,4.0,True,1852;1971
BMY,Short,562,2020-04-02T20:00:00Z,43.349443,2020-04-03T20:00:00Z,43.428418,-44.38,9.8311,-288.5,0.0,288.5,1.0,False,1921;1972
CRM,Short,183,2020-04-02T20:00:00Z,131.499644,2020-04-03T20:00:00Z,131.931402,-79.01,9.6495,-79.01,0.0,79.01,1.0,False,1957;1973
DUK,Long,403,2020-04-02T20:00:00Z,59.065555,2020-04-03T20:00:00Z,60.533886,591.74,9.6808,-127.69,591.74,127.69,1.0,True,1967;1974
FIS,Short,223,2020-03-31T20:00:00Z,106.752979,2020-04-03T20:00:00Z,100.346767,1428.59,9.0961,0.0,1808.77,489.64,3.0,True,1887;1975
HON,Long,215,2020-04-02T20:00:00Z,111.221453,2020-04-03T20:00:00Z,114.594421,725.19,9.6788,-213.84,725.19,213.84,1.0,True,1960;1976
IBM,Short,292,2020-03-31T20:00:00Z,81.912149,2020-04-03T20:00:00Z,79.659565,657.75,4.5441,0.0,1479.95,1052.83,3.0,True,1882;1977
FISV,Short,274,2020-04-02T20:00:00Z,85.92,2020-04-03T20:00:00Z,88.27,-643.9,9.5867,-643.9,0.0,643.9,1.0,False,1927;1978
JNJ,Long,222,2020-04-02T20:00:00Z,108.710376,2020-04-03T20:00:00Z,111.455077,609.32,9.9871,0.0,918.66,309.33,1.0,True,1916;1979
MRK,Long,402,2020-03-31T20:00:00Z,59.437924,2020-04-03T20:00:00Z,59.46131,9.4,9.6009,-767.74,194.29,767.74,3.0,True,1876;1980
NVDA,Short,4002,2020-04-02T20:00:00Z,6.067324,2020-04-03T20:00:00Z,6.30956,-969.43,9.9305,-969.43,29.83,999.26,1.0,False,1955;1981
TMO,Long,89,2020-04-02T20:00:00Z,267.315645,2020-04-03T20:00:00Z,278.036177,954.13,9.9656,0.0,954.13,0.0,1.0,True,1958;1982
UNP,Long,198,2020-03-31T20:00:00Z,119.878011,2020-04-03T20:00:00Z,122.194033,458.57,9.6046,-293.69,618.3,554.75,3.0,True,1885;1983
USB,Short,987,2020-04-02T20:00:00Z,24.228485,2020-04-03T20:00:00Z,24.857199,-620.54,9.6668,-620.54,310.27,930.81,1.0,False,1931;1984
AMD,Short,553,2020-04-02T20:00:00Z,43.4,2020-04-03T20:00:00Z,44.27,-481.11,9.631,-481.11,447.93,929.04,1.0,False,1928;1986
LLY,Long,190,2020-04-02T20:00:00Z,125.963369,2020-04-03T20:00:00Z,131.147085,984.91,14.7502,0.0,984.91,0.0,1.0,True,1920;1992
WFC,Short,966,2020-03-26T20:00:00Z,24.986353,2020-04-03T20:00:00Z,23.001416,1917.45,14.0933,-773.56,2551.11,773.56,8.0,True,1700;1994
AMT,Long,139,2020-04-02T20:00:00Z,172.96034,2020-04-03T20:00:00Z,183.120716,1412.29,10.09,0.0,1835.05,422.76,1.0,True,1923;1995
TSLA,Short,752,2020-04-02T20:00:00Z,32.08533,2020-04-03T20:00:00Z,33.984663,-1428.3,14.5218,-1428.3,63.67,1491.97,1.0,False,1922;1996
SBUX,Short,446,2020-04-02T20:00:00Z,56.478042,2020-04-03T20:00:00Z,55.691945,350.6,14.5945,0.0,897.69,547.09,1.0,True,1924;1998
ACN,Long,177,2020-03-26T20:00:00Z,135.963605,2020-04-06T20:00:00Z,140.678901,834.61,5.21,-196.1,2575.99,2772.09,11.0,True,1707;2003
BKNG,Short,495,2020-04-03T20:00:00Z,48.614626,2020-04-06T20:00:00Z,50.923878,-1143.08,10.0087,-2175.91,0.0,2175.91,3.0,False,2001;2004
BIIB,Short,82,2020-04-02T20:00:00Z,290.1,2020-04-06T20:00:00Z,308.49,-1507.98,10.1001,-1745.78,0.0,1745.78,4.0,False,1930;2005
CSCO,Short,733,2020-04-03T20:00:00Z,33.093214,2020-04-06T20:00:00Z,33.82899,-539.32,9.866,-1133.81,0.0,1133.81,3.0,False,1988;2006
TSLA,Long,805,2020-04-03T20:00:00Z,33.984663,2020-04-06T20:00:00Z,34.09933,92.31,5.541,0.0,347.22,254.92,3.0,True,1996;2007
GS,Short,193,2020-04-02T20:00:00Z,122.973073,2020-04-06T20:00:00Z,133.677972,-2066.05,10.2207,-2489.21,0.0,2489.21,4.0,False,1929;2008
HD,Long,158,2020-04-02T20:00:00Z,148.744698,2020-04-06T20:00:00Z,160.215442,1812.38,10.0322,0.0,2245.95,433.57,4.0,True,1918;2009
INTU,Long,113,2020-04-03T20:00:00Z,213.712505,2020-04-06T20:00:00Z,221.235643,850.11,9.893,0.0,1755.25,905.13,3.0,True,1999;2010
LMT,Short,84,2020-04-02T20:00:00Z,281.588209,2020-04-06T20:00:00Z,303.980876,-1880.98,10.1868,-2307.13,0.0,2307.13,4.0,False,1959;2011
LOW,Short,339,2020-04-02T20:00:00Z,70.784733,2020-04-06T20:00:00Z,77.202786,-2175.72,10.3124,-2653.54,0.0,2653.54,4.0,False,1966;2012
MDLZ,Short,553,2020-03-31T20:00:00Z,43.595095,2020-04-06T20:00:00Z,45.095728,-829.85,4.9065,-829.85,1155.19,1985.04,6.0,False,1888;2013
EQIX,Long,44,2020-04-03T20:00:00Z,554.145685,2020-04-06T20:00:00Z,566.063653,524.39,9.9421,0.0,1008.68,484.29,3.0,True,2000;2014
MO,Short,1058,2020-04-02T20:00:00Z,21.942746,2020-04-06T20:00:00Z,23.388186,-1529.28,9.425,-1529.28,0.0,1529.28,4.0,False,1965;2015
ORCL,Short,547,2020-04-02T20:00:00Z,43.691734,2020-04-06T20:00:00Z,45.704928,-1101.22,10.0489,-1641.9,0.0,1641.9,4.0,False,1919;2016
UTX,Short,576,2020-04-02T20:00:00Z,41.095263,2020-04-06T20:00:00Z,46.525536,-3127.84,10.2481,-4854.86,956.03,5810.89,4.0,False,1964;2017
WFC,Long,1051,2020-04-03T20:00:00Z,23.001416,2020-04-06T20:00:00Z,23.393292,411.86,5.1125,0.0,1387.79,975.93,3.0,True,1994;2018
AMT,Short,132,2020-04-03T20:00:00Z,183.120716,2020-04-06T20:00:00Z,190.523753,-977.2,10.2576,-1766.9,0.0,1766.9,3.0,False,1995;2025
GILD,Long,423,2020-04-02T20:00:00Z,56.468188,2020-04-06T20:00:00Z,62.530989,2564.56,15.0965,0.0,2564.56,159.66,4.0,True,1961;2026
SPY,Long,204,2020-03-31T20:00:00Z,238.437654,2020-04-06T20:00:00Z,236.013949,-494.44,25.2417,-2891.98,776.17,2891.98,6.0,False,1896;2039
SPY,Long,317,2020-04-02T20:00:00Z,224.261269,2020-04-06T20:00:00Z,236.013949,3725.6,16.1688,0.0,5700.02,1974.42,4.0,True,1932;2039
AMGN,Short,142,2020-04-03T20:00:00Z,170.188889,2020-04-07T20:00:00Z,175.128083,-701.37,9.6511,-701.37,0.0,701.37,4.0,False,1993;2040
BDX,Short,155,2020-04-06T20:00:00Z,158.790631,2020-04-07T20:00:00Z,164.913027,-948.97,10.1232,-948.97,0.0,948.97,1.0,False,2033;2041
CME,Long,178,2020-04-06T20:00:00Z,139.83582,2020-04-07T20:00:00Z,145.848675,1070.29,9.9483,-409.84,1070.29,409.84,1.0,True,2032;2042
CRM,Short,183,2020-04-06T20:00:00Z,136.396169,2020-04-07T20:00:00Z,147.680744,-2065.08,10.4917,-2065.08,0.0,2065.08,1.0,False,2022;2043
DUK,Long,411,2020-04-06T20:00:00Z,60.758,2020-04-07T20:00:00Z,64.529293,1550.0,10.2497,0.0,1550.0,0.0,1.0,True,2035;2044
GILD,Short,393,2020-04-06T20:00:00Z,62.530989,2020-04-07T20:00:00Z,60.78528,686.06,4.6152,0.0,1498.83,812.77,1.0,True,2026;2045
IBM,Long,310,2020-04-06T20:00:00Z,80.785857,2020-04-07T20:00:00Z,86.885387,1890.85,10.4133,0.0,1890.85,0.0,1.0,True,2027;2046
MMM,Long,324,2020-04-06T20:00:00Z,76.893421,2020-04-07T20:00:00Z,82.270271,1742.1,10.3163,0.0,1742.1,0.0,1.0,True,2028;2047
MRK,Long,406,2020-04-06T20:00:00Z,61.059313,2020-04-07T20:00:00Z,63.670684,1060.22,10.0572,0.0,1060.22,0.0,1.0,True,2019;2048
NEE,Long,514,2020-04-06T20:00:00Z,48.837067,2020-04-07T20:00:00Z,50.968254,1095.43,10.0932,-197.29,1095.43,197.29,1.0,True,2024;2049
NVDA,Short,3991,2020-04-06T20:00:00Z,6.347821,2020-04-07T20:00:00Z,6.889435,-2161.58,10.4595,-2161.58,0.0,2161.58,1.0,False,2021;2050
NOW,Short,485,2020-04-06T20:00:00Z,51.898,2020-04-07T20:00:00Z,55.4,-1698.47,10.3266,-1698.47,0.0,1698.47,1.0,False,2037;2051
SBUX,Long,434,2020-04-03T20:00:00Z,55.691945,2020-04-07T20:00:00Z,61.868421,2680.59,5.152,0.0,2680.59,0.0,4.0,True,1998;2052
SPGI,Long,113,2020-04-06T20:00:00Z,222.347232,2020-04-07T20:00:00Z,236.714752,1623.53,10.3625,0.0,1623.53,0.0,1.0,True,2034;2053
SYK,Long,174,2020-04-06T20:00:00Z,148.660088,2020-04-07T20:00:00Z,163.51205,2584.24,10.8013,0.0,2584.24,0.0,1.0,True,2036;2054
UNH,Short,113,2020-04-03T20:00:00Z,212.839398,2020-04-07T20:00:00Z,232.031738,-2168.73,9.6383,-2168.73,0.0,2168.73,4.0,False,1987;2055
USB,Long,1011,2020-04-06T20:00:00Z,25.432242,2020-04-07T20:00:00Z,28.154113,2751.81,10.6693,0.0,2751.81,0.0,1.0,True,2038;2056
AMT,Long,129,2020-04-06T20:00:00Z,190.523753,2020-04-07T20:00:00Z,201.461196,1410.93,9.5919,-26.95,1410.93,26.95,1.0,True,2025;2064
UPS,Short,345,2020-04-03T20:00:00Z,69.962791,2020-04-07T20:00:00Z,73.059766,-1068.46,14.2638,-1068.46,0.0,1068.46,4.0,False,1997;2066
BLK,Short,67,2020-04-06T20:00:00Z,378.953914,2020-04-07T20:00:00Z,402.093586,-1550.36,14.9658,-1550.36,0.0,1550.36,1.0,False,2031;2068
SPY,Long,34,2020-04-02T20:00:00Z,224.261269,2020-04-07T20:00:00Z,250.876289,904.91,7.3232,0.0,904.91,211.77,5.0,True,1932;2073
SPY,Long,117,2020-04-02T20:00:00Z,224.261269,2020-04-07T20:00:00Z,250.876289,3113.96,14.5565,0.0,3113.96,728.73,5.0,True,1968;2073
SPY,Long,199,2020-04-02T20:00:00Z,224.261269,2020-04-08T20:00:00Z,245.160004,4158.85,9.975,0.0,5296.39,1239.46,6.0,True,1968;2074
BA,Short,194,2020-04-06T20:00:00Z,134.46,2020-04-08T20:00:00Z,147.48,-2525.88,11.4553,-2525.88,0.0,2525.88,2.0,False,2030;2075
CL,Long,399,2020-04-07T20:00:00Z,60.297991,2020-04-08T20:00:00Z,59.748892,-219.09,9.5346,-219.09,0.0,219.09,1.0,False,2071;2076
CVX,Short,425,2020-04-03T20:00:00Z,58.742424,2020-04-08T20:00:00Z,61.973257,-1373.1,10.3152,-2563.77,0.0,2563.77,5.0,False,1990;2077
LIN,Long,164,2020-04-02T20:00:00Z,146.213667,2020-04-08T20:00:00Z,164.874968,3060.45,10.5118,0.0,4011.23,950.78,6.0,True,1962;2078
MDLZ,Long,544,2020-04-07T20:00:00Z,45.129833,2020-04-08T20:00:00Z,44.353937,-422.09,9.6097,-528.77,0.0,528.77,1.0,False,2067;2079
MO,Short,1072,2020-04-07T20:00:00Z,23.212061,2020-04-08T20:00:00Z,23.61897,-436.21,10.2385,-1250.03,0.0,1250.03,1.0,False,2069;2080
NFLX,Short,659,2020-04-03T20:00:00Z,36.742,2020-04-08T20:00:00Z,37.422,-448.12,9.6594,-826.39,0.0,826.39,5.0,False,1989;2081
NKE,Short,338,2020-04-02T20:00:00Z,71.194002,2020-04-08T20:00:00Z,76.330785,-1736.23,10.075,-1918.99,39.6,1958.59,6.0,False,1956;2082
ORCL,Short,517,2020-04-07T20:00:00Z,47.155878,2020-04-08T20:00:00Z,46.450692,364.58,9.6672,-177.15,600.11,777.26,1.0,True,2061;2083
QCOM,Long,426,2020-04-06T20:00:00Z,59.516917,2020-04-08T20:00:00Z,63.991546,1906.19,10.6806,0.0,1906.19,0.0,2.0,True,2029;2084
UPS,Long,332,2020-04-07T20:00:00Z,73.059766,2020-04-08T20:00:00Z,73.629063,189.01,4.9792,0.0,640.1,451.1,1.0,True,2066;2085
VZ,Short,624,2020-04-07T20:00:00Z,38.971097,2020-04-08T20:00:00Z,39.121406,-93.79,9.7843,-298.43,0.0,298.43,1.0,False,2059;2086
XOM,Short,819,2020-04-06T20:00:00Z,30.090111,2020-04-08T20:00:00Z,31.527633,-1177.33,10.3913,-2385.48,0.0,2385.48,2.0,False,2020;2087
AMT,Short,123,2020-04-07T20:00:00Z,201.461196,2020-04-08T20:00:00Z,191.877355,1178.81,10.4548,-836.58,1178.81,836.58,1.0,True,2064;2093
C,Long,786,2020-04-02T20:00:00Z,30.585,2020-04-08T20:00:00Z,33.742367,2481.69,15.6919,-557.75,3691.2,1209.51,6.0,True,1963;2096
BLK,Long,62,2020-04-07T20:00:00Z,402.093586,2020-04-08T20:00:00Z,382.211815,-1232.67,9.7432,-1232.67,0.0,1232.67,1.0,False,2068;2100
AXP,Long,310,2020-04-07T20:00:00Z,84.901725,2020-04-09T20:00:00Z,87.768898,888.82,10.491,0.0,952.11,63.28,2.0,True,2070;2101
BLK,Short,64,2020-04-08T20:00:00Z,382.211815,2020-04-09T20:00:00Z,394.377504,-778.6,5.1734,-1405.22,0.0,1405.22,1.0,False,2100;2102
C,Short,741,2020-04-08T20:00:00Z,33.742367,2020-04-09T20:00:00Z,37.545559,-2818.17,5.6021,-3007.22,0.0,3007.22,1.0,False,2096;2103
GILD,Long,415,2020-04-08T20:00:00Z,58.764347,2020-04-09T20:00:00Z,58.481259,-117.48,9.6922,-398.13,0.0,398.13,1.0,False,2095;2104
MCD,Short,175,2020-04-06T20:00:00Z,145.341819,2020-04-09T20:00:00Z,155.246022,-1733.24,10.8426,-2179.7,0.0,2179.7,3.0,False,2023;2105
NVDA,Short,3788,2020-04-08T20:00:00Z,6.544342,2020-04-09T20:00:00Z,6.757262,-806.54,9.974,-806.54,43.29,849.83,1.0,False,2090;2106
TMUS,Long,298,2020-04-08T20:00:00Z,81.850371,2020-04-09T20:00:00Z,82.115014,78.86,9.7312,-197.16,78.86,197.16,1.0,True,2099;2107
UNH,Short,110,2020-04-08T20:00:00Z,221.20758,2020-04-09T20:00:00Z,236.666836,-1700.52,10.4519,-1700.52,0.0,1700.52,1.0,False,2088;2108
WMT,Short,628,2020-04-07T20:00:00Z,37.905922,2020-04-09T20:00:00Z,35.973631,1213.48,9.3618,0.0,1213.48,0.0,2.0,True,2057;2109
ZTS,Long,203,2020-04-07T20:00:00Z,120.929685,2020-04-09T20:00:00Z,118.614568,-469.97,9.6985,-469.97,0.0,469.97,2.0,False,2072;2110
CRM,Short,171,2020-04-08T20:00:00Z,144.128556,2020-04-09T20:00:00Z,149.535339,-924.56,15.232,-1287.0,0.0,1287.0,1.0,False,2091;2113
ACN,Long,164,2020-04-07T20:00:00Z,150.676746,2020-04-09T20:00:00Z,153.539604,469.51,14.9584,0.0,1151.24,681.73,2.0,True,2063;2115
IBM,Short,290,2020-04-08T20:00:00Z,85.064304,2020-04-09T20:00:00Z,88.114069,-884.43,15.1701,-1102.89,0.0,1102.89,1.0,False,2092;2116
ACN,Short,159,2020-04-09T20:00:00Z,153.539604,2020-04-13T20:00:00Z,156.154289,-415.73,4.864,-415.73,93.01,508.75,4.0,False,2115;2121
AMT,Long,128,2020-04-08T20:00:00Z,191.877355,2020-04-13T20:00:00Z,215.38357,3008.8,5.3648,0.0,3204.26,940.81,5.0,True,2093;2122
AVGO,Long,1100,2020-04-07T20:00:00Z,22.783704,2020-04-13T20:00:00Z,22.031904,-826.98,9.824,-826.98,0.0,826.98,6.0,False,2065;2123
CSCO,Short,717,2020-04-08T20:00:00Z,34.640017,2020-04-13T20:00:00Z,34.339017,215.82,9.9467,0.0,215.82,11.99,5.0,True,2089;2124
MA,Short,94,2020-04-07T20:00:00Z,271.979717,2020-04-13T20:00:00Z,258.638274,1254.1,9.4892,0.0,2042.6,1066.48,6.0,True,2058;2125
MDLZ,Long,550,2020-04-09T20:00:00Z,44.157832,2020-04-13T20:00:00Z,44.660885,276.68,9.7879,0.0,276.68,0.0,4.0,True,2119;2126
MMM,Long,302,2020-04-08T20:00:00Z,81.283028,2020-04-13T20:00:00Z,82.4376,348.68,9.95,0.0,358.79,245.93,5.0,True,2097;2127
NFLX,Short,655,2020-04-09T20:00:00Z,37.02,2020-04-13T20:00:00Z,37.131,-72.7,10.0535,-1737.06,0.0,1737.06,4.0,False,2112;2128
VZ,Short,616,2020-04-09T20:00:00Z,39.300879,2020-04-13T20:00:00Z,39.632358,-204.19,9.7067,-204.19,102.1,306.29,4.0,False,2111;2129
C,Short,644,2020-04-13T20:00:00Z,37.872458,2020-04-14T20:00:00Z,38.000028,-82.16,9.4561,-82.16,1078.29,1160.44,1.0,False,2134;2141
DUK,Short,348,2020-04-13T20:00:00Z,69.235681,2020-04-14T20:00:00Z,69.042479,67.23,9.5623,-223.22,67.23,223.22,1.0,True,2139;2142
UTX,Long,451,2020-04-09T20:00:00Z,57.726128,2020-04-14T20:00:00Z,54.598578,-1410.53,10.075,-2016.7,0.0,2016.7,5.0,False,2117;2143
TSLA,Long,670,2020-04-08T20:00:00Z,36.899996,2020-04-14T20:00:00Z,46.576662,6483.37,11.2447,0.0,6985.42,502.05,6.0,True,2094;2144
IBM,Long,279,2020-04-09T20:00:00Z,88.114069,2020-04-14T20:00:00Z,90.293517,608.07,5.0567,0.0,699.89,91.82,5.0,True,2116;2145
INTU,Short,100,2020-04-13T20:00:00Z,239.873035,2020-04-14T20:00:00Z,246.063369,-619.03,9.7861,-1015.14,0.0,1015.14,1.0,False,2140;2146
SBUX,Long,410,2020-04-08T20:00:00Z,59.933413,2020-04-14T20:00:00Z,63.466531,1448.58,10.2881,0.0,1593.79,750.85,6.0,True,2098;2147
SYK,Long,142,2020-04-13T20:00:00Z,168.07252,2020-04-14T20:00:00Z,164.570229,-497.33,9.2409,-543.87,0.0,543.87,1.0,False,2137;2148
TMUS,Long,299,2020-04-13T20:00:00Z,80.054578,2020-04-14T20:00:00Z,82.408012,703.68,9.9357,0.0,1390.4,686.72,1.0,True,2136;2149
BMY,Short,530,2020-04-07T20:00:00Z,46.224138,2020-04-14T20:00:00Z,47.250814,-544.14,14.7587,-632.04,117.2,749.24,7.0,False,2062;2151
CI,Short,148,2020-04-13T20:00:00Z,162.386327,2020-04-14T20:00:00Z,162.863113,-70.56,14.7449,-680.35,0.0,680.35,1.0,False,2138;2159
ADBE,Short,77,2020-03-26T20:00:00Z,305.99,2020-04-15T20:00:00Z,335.34,-2259.95,10.0904,-2677.68,953.26,3630.94,20.0,False,1758;2164
AXP,Long,291,2020-04-14T20:00:00Z,84.864609,2020-04-15T20:00:00Z,76.754871,-2359.93,9.3004,-2359.93,0.0,2359.93,1.0,False,2157;2165
BDX,Long,143,2020-04-14T20:00:00Z,173.151807,2020-04-15T20:00:00Z,170.100916,-436.28,9.8666,-436.28,53.06,489.34,1.0,False,2158;2166
BMY,Long,524,2020-04-14T20:00:00Z,47.250814,2020-04-15T20:00:00Z,46.832246,-219.33,4.9213,-219.33,0.0,219.33,1.0,False,2151;2167
CVS,Long,505,2020-04-09T20:00:00Z,48.263572,2020-04-15T20:00:00Z,49.301498,524.15,9.9122,-229.32,818.99,393.11,6.0,True,2118;2168
FIS,Long,225,2020-04-13T20:00:00Z,106.916578,2020-04-15T20:00:00Z,104.333428,-581.21,9.445,-776.88,0.0,776.88,2.0,False,2135;2169
HON,Short,204,2020-04-14T20:00:00Z,121.694951,2020-04-15T20:00:00Z,118.979279,554.0,9.7225,0.0,1018.01,464.02,1.0,True,2155;2170
JNJ,Long,204,2020-04-13T20:00:00Z,117.870606,2020-04-15T20:00:00Z,122.543334,953.24,9.8824,0.0,1327.66,374.42,2.0,True,2130;2171
MRK,Long,388,2020-04-14T20:00:00Z,64.224139,2020-04-15T20:00:00Z,63.319903,-350.84,9.9755,-350.84,0.0,350.84,1.0,False,2150;2172
PLD,Short,338,2020-04-14T20:00:00Z,73.782725,2020-04-15T20:00:00Z,72.180385,541.59,9.9117,0.0,541.59,0.0,1.0,True,2162;2173
UPS,Long,326,2020-04-14T20:00:00Z,76.331325,2020-04-15T20:00:00Z,75.799981,-173.22,9.966,-173.22,0.0,173.22,1.0,False,2156;2174
WFC,Short,910,2020-04-14T20:00:00Z,27.354647,2020-04-15T20:00:00Z,24.432615,2659.05,9.0857,0.0,2845.1,186.06,1.0,True,2152;2175
COST,Short,88,2020-04-13T20:00:00Z,272.353061,2020-04-15T20:00:00Z,284.758452,-1091.67,14.6025,-1249.0,0.0,1249.0,2.0,False,2132;2178
SPY,Short,265,2020-04-09T20:00:00Z,254.086554,2020-04-15T20:00:00Z,253.821318,70.29,28.5781,-1449.38,521.1,1970.47,6.0,True,2120;2188
ABT,Short,346,2020-04-03T20:00:00Z,69.871208,2020-04-16T20:00:00Z,82.597177,-4403.19,10.7971,-5432.32,0.0,5432.32,13.0,False,1991;2189
AVGO,Long,1078,2020-04-14T20:00:00Z,23.156123,2020-04-16T20:00:00Z,22.776743,-408.97,9.8664,-814.19,0.0,814.19,2.0,False,2154;2190
BA,Long,173,2020-04-15T20:00:00Z,137.98,2020-04-16T20:00:00Z,141.46,602.04,9.6877,-671.24,602.04,671.24,1.0,True,2183;2191
VRTX,Long,96,2020-04-14T20:00:00Z,257.44,2020-04-16T20:00:00Z,259.67,214.08,10.1217,-212.16,702.72,488.64,2.0,True,2161;2192
SHOP,Short,491,2020-04-15T20:00:00Z,48.112,2020-04-16T20:00:00Z,50.863,-1350.74,10.0515,-2224.72,0.0,2224.72,1.0,False,2186;2193
TSLA,Short,515,2020-04-15T20:00:00Z,49.432662,2020-04-16T20:00:00Z,47.760662,861.08,10.1286,-127.72,861.08,127.72,1.0,True,2179;2194
INTU,Long,97,2020-04-15T20:00:00Z,245.843311,2020-04-16T20:00:00Z,245.077891,-74.25,9.4552,-74.25,45.48,119.72,1.0,False,2185;2195
KO,Long,606,2020-04-15T20:00:00Z,39.274242,2020-04-16T20:00:00Z,39.019054,-154.64,9.4482,-304.3,0.0,304.3,1.0,False,2176;2196
LLY,Short,184,2020-04-03T20:00:00Z,131.147085,2020-04-16T20:00:00Z,142.286956,-2049.74,5.2992,-2364.82,0.0,2364.82,13.0,False,1992;2197
MO,Long,954,2020-04-15T20:00:00Z,24.955091,2020-04-16T20:00:00Z,24.961164,5.79,9.4232,-399.78,5.79,399.78,1.0,True,2184;2198
NKE,Short,316,2020-04-09T20:00:00Z,78.124152,2020-04-16T20:00:00Z,76.988653,358.82,9.8589,-230.67,635.05,865.72,7.0,True,2114;2199
QCOM,Long,362,2020-04-15T20:00:00Z,65.876973,2020-04-16T20:00:00Z,66.780587,327.11,9.6145,0.0,327.11,0.0,1.0,True,2182;2200
ADP,Long,205,2020-04-16T20:00:00Z,119.359346,2020-04-17T20:00:00Z,121.935757,528.16,9.8214,0.0,528.16,0.0,1.0,True,2216;2220
AMGN,Short,136,2020-04-14T20:00:00Z,181.494886,2020-04-17T20:00:00Z,194.441811,-1760.78,10.3051,-1760.78,0.0,1760.78,3.0,False,2153;2221
AXP,Long,313,2020-04-16T20:00:00Z,77.74771,2020-04-17T20:00:00Z,78.90757,363.04,9.7991,0.0,1045.54,682.51,1.0,True,2211;2222
BLK,Long,64,2020-04-16T20:00:00Z,381.680263,2020-04-17T20:00:00Z,408.369332,1708.1,10.2701,0.0,1738.28,30.18,1.0,True,2210;2223
CI,Long,152,2020-04-14T20:00:00Z,162.863113,2020-04-17T20:00:00Z,178.687032,2405.24,5.309,0.0,2405.24,166.82,3.0,True,2159;2224
CME,Long,169,2020-04-16T20:00:00Z,145.070815,2020-04-17T20:00:00Z,147.381058,390.43,9.9635,0.0,673.07,282.64,1.0,True,2212;2225
COST,Long,85,2020-04-15T20:00:00Z,284.758452,2020-04-17T20:00:00Z,293.177699,715.64,4.9299,0.0,727.27,282.22,2.0,True,2178;2226
CRM,Long,164,2020-04-09T20:00:00Z,149.535339,2020-04-17T20:00:00Z,157.002784,1224.66,5.2334,0.0,1643.07,418.41,8.0,True,2113;2227
CVS,Long,496,2020-04-16T20:00:00Z,49.333933,2020-04-17T20:00:00Z,51.904422,1274.96,10.1249,0.0,1274.96,0.0,1.0,True,2208;2228
CVX,Short,382,2020-04-15T20:00:00Z,60.59507,2020-04-17T20:00:00Z,61.242743,-247.41,9.7618,-1930.38,135.21,2065.59,2.0,False,2177;2229
EL,Short,168,2020-04-16T20:00:00Z,145.281138,2020-04-17T20:00:00Z,153.296775,-1346.63,10.3579,-2442.11,0.0,2442.11,1.0,False,2218;2230
REGN,Short,48,2020-04-16T20:00:00Z,514.068824,2020-04-17T20:00:00Z,544.85827,-1477.89,10.5442,-2371.38,0.0,2371.38,1.0,False,2217;2231
HON,Long,208,2020-04-16T20:00:00Z,116.393337,2020-04-17T20:00:00Z,117.509011,232.06,9.7375,0.0,672.79,440.73,1.0,True,2206;2232
IBM,Long,280,2020-04-16T20:00:00Z,87.038972,2020-04-17T20:00:00Z,87.251066,59.39,9.6595,0.0,227.31,167.92,1.0,True,2204;2233
ISRG,Long,143,2020-04-16T20:00:00Z,171.62665,2020-04-17T20:00:00Z,173.366649,248.82,9.8839,0.0,545.78,296.96,1.0,True,2215;2234
MS,Long,774,2020-04-16T20:00:00Z,31.061044,2020-04-17T20:00:00Z,32.413305,1046.65,9.8258,0.0,1046.65,0.0,1.0,True,2213;2235
SPY,Short,32,2020-04-09T20:00:00Z,254.086554,2020-04-17T20:00:00Z,261.037556,-222.43,16.3065,-258.43,62.92,321.36,8.0,False,2120;2247
SPY,Short,279,2020-04-14T20:00:00Z,257.077314,2020-04-17T20:00:00Z,261.037556,-1104.91,19.7262,-1418.77,1383.05,2327.2,3.0,False,2163;2247
LMT,Long,78,2020-04-13T20:00:00Z,311.573888,2020-04-21T20:00:00Z,321.703504,790.11,9.7405,0.0,2006.07,1842.93,8.0,True,2133;2254
MDT,Short,291,2020-04-13T20:00:00Z,82.723487,2020-04-21T20:00:00Z,82.120992,175.33,9.4691,-746.94,1087.98,1834.92,8.0,True,2131;2255
NKE,Short,313,2020-04-17T20:00:00Z,80.178865,2020-04-21T20:00:00Z,77.49332,840.58,9.877,0.0,1063.41,222.84,4.0,True,2236;2256
QCOM,Long,365,2020-04-17T20:00:00Z,67.13682,2020-04-21T20:00:00Z,63.696134,-1255.85,9.3878,-1722.04,0.0,1722.04,4.0,False,2240;2258
TMUS,Long,285,2020-04-17T20:00:00Z,87.84265,2020-04-21T20:00:00Z,84.35503,-993.97,9.6009,-1540.79,0.0,1540.79,4.0,False,2241;2259
ZTS,Long,203,2020-04-17T20:00:00Z,121.679242,2020-04-21T20:00:00Z,118.092985,-728.01,9.7355,-935.74,0.0,935.74,4.0,False,2244;2261
SPY,Short,101,2020-04-14T20:00:00Z,257.077314,2020-04-21T20:00:00Z,252.870129,424.93,14.0345,-513.61,742.7,842.46,7.0,True,2163;2275
SPY,Short,180,2020-04-16T20:00:00Z,255.220665,2020-04-21T20:00:00Z,252.870129,423.1,39.9747,-1249.53,989.42,1249.53,5.0,True,2219;2275
AVGO,Long,1084,2020-04-17T20:00:00Z,22.903783,2020-04-21T20:00:00Z,22.087593,-884.75,9.6875,-1468.61,0.0,1468.61,4.0,False,2238;2276
VRTX,Long,92,2020-04-17T20:00:00Z,272.5,2020-04-21T20:00:00Z,273.0,46.0,9.812,-892.4,69.92,962.32,4.0,True,2242;2277
BKNG,Short,443,2020-04-17T20:00:00Z,57.465975,2020-04-21T20:00:00Z,54.031404,1521.52,9.7387,0.0,2224.11,702.6,4.0,True,2245;2278
CAT,Long,247,2020-04-16T20:00:00Z,98.816958,2020-04-21T20:00:00Z,99.001998,45.7,9.7796,-216.36,1204.07,1420.43,5.0,True,2214;2279
CCI,Long,208,2020-04-14T20:00:00Z,119.57743,2020-04-21T20:00:00Z,119.487909,-18.62,10.1,-96.21,1048.95,1145.15,7.0,False,2160;2280
BIIB,Short,72,2020-04-17T20:00:00Z,345.97,2020-04-21T20:00:00Z,332.51,969.12,9.6705,0.0,1221.12,252.0,4.0,True,2246;2281
DHR,Long,206,2020-04-17T20:00:00Z,120.040247,2020-04-21T20:00:00Z,117.215591,-581.88,9.7592,-581.88,0.0,581.88,4.0,False,2237;2282
GILD,Long,405,2020-04-17T20:00:00Z,67.123305,2020-04-21T20:00:00Z,62.994939,-1671.99,10.3517,-2175.18,0.0,2175.18,4.0,False,2239;2283
GS,Long,160,2020-04-17T20:00:00Z,158.724858,2020-04-21T20:00:00Z,149.911587,-1410.12,9.831,-1484.41,0.0,1484.41,4.0,False,2243;2284
MDLZ,Long,532,2020-04-16T20:00:00Z,45.931307,2020-04-21T20:00:00Z,44.874043,-562.46,9.4812,-1265.55,0.0,1265.55,5.0,False,2209;2285
NOW,Short,403,2020-04-15T20:00:00Z,59.442,2020-04-21T20:00:00Z,59.73,-116.06,9.4252,-423.15,680.26,847.91,6.0,False,2187;2286
UPS,Long,321,2020-04-16T20:00:00Z,76.042881,2020-04-21T20:00:00Z,76.179513,43.86,9.8818,0.0,628.64,584.78,5.0,True,2207;2287
SPY,Short,119,2020-04-16T20:00:00Z,255.220665,2020-04-21T20:00:00Z,252.870129,279.71,5.9434,-826.08,654.12,826.08,5.0,True,2219;2294
ACN,Long,156,2020-04-21T20:00:00Z,152.0867,2020-04-22T20:00:00Z,151.39224,-108.34,9.4044,-108.34,206.95,315.28,1.0,False,2265;2295
AMGN,Short,125,2020-04-21T20:00:00Z,192.809087,2020-04-22T20:00:00Z,191.455321,169.22,9.4362,0.0,585.61,416.39,1.0,True,2264;2296
AMT,Long,116,2020-04-21T20:00:00Z,205.742911,2020-04-22T20:00:00Z,206.59874,99.28,9.6352,0.0,756.25,656.97,1.0,True,2290;2297
BDX,Long,134,2020-04-21T20:00:00Z,178.566452,2020-04-22T20:00:00Z,177.879314,-92.08,9.6373,-92.08,640.85,732.93,1.0,False,2271;2298
BMY,Short,499,2020-04-21T20:00:00Z,48.064258,2020-04-22T20:00:00Z,48.380159,-157.63,9.5779,-157.63,0.0,157.63,1.0,False,2263;2299
CI,Long,143,2020-04-21T20:00:00Z,165.561905,2020-04-22T20:00:00Z,164.572348,-141.51,9.2751,-186.53,0.0,186.53,1.0,False,2270;2300
CL,Long,390,2020-04-21T20:00:00Z,61.717527,2020-04-22T20:00:00Z,61.458573,-100.99,9.5485,-100.99,0.0,100.99,1.0,False,2272;2301
SHOP,Long,385,2020-04-21T20:00:00Z,64.691,2020-04-22T20:00:00Z,61.596,-1191.58,9.3252,-1191.58,0.0,1191.58,1.0,False,2292;2302
UTX,Long,434,2020-04-21T20:00:00Z,54.546883,2020-04-22T20:00:00Z,55.417083,377.67,9.4305,0.0,377.67,0.0,1.0,True,2266;2303
HD,Long,148,2020-04-07T20:00:00Z,173.356518,2020-04-22T20:00:00Z,171.771407,-234.6,10.0009,-1084.69,746.67,1097.31,15.0,False,2060;2304
IBM,Long,275,2020-04-21T20:00:00Z,83.499197,2020-04-22T20:00:00Z,87.66794,1146.4,9.4938,0.0,1146.4,0.0,1.0,True,2291;2305
EQIX,Short,40,2020-04-21T20:00:00Z,582.547078,2020-04-22T20:00:00Z,601.569818,-760.91,9.6051,-933.62,0.0,933.62,1.0,False,2293;2306
NEE,Long,482,2020-04-21T20:00:00Z,49.848586,2020-04-22T20:00:00Z,50.455073,292.33,9.8653,0.0,1236.77,944.44,1.0,True,2289;2307
NOC,Short,78,2020-04-21T20:00:00Z,306.179033,2020-04-22T20:00:00Z,304.580562,124.68,9.4658,-74.25,124.68,74.25,1.0,True,2274;2308
SBUX,Long,373,2020-04-21T20:00:00Z,63.371508,2020-04-22T20:00:00Z,64.399481,383.43,9.6774,0.0,1317.85,934.42,1.0,True,2268;2309
TJX,Short,552,2020-04-21T20:00:00Z,42.469097,2020-04-22T20:00:00Z,43.232731,-421.53,9.3914,-421.53,0.0,421.53,1.0,False,2273;2310
UNP,Long,191,2020-04-21T20:00:00Z,123.616608,2020-04-22T20:00:00Z,127.103653,666.03,9.6594,0.0,760.46,94.44,1.0,True,2267;2311
SPY,Short,177,2020-04-16T20:00:00Z,255.220665,2020-04-22T20:00:00Z,254.607879,108.46,9.0364,-1228.71,972.93,1228.71,6.0,True,2219;2324
C,Long,732,2020-04-22T20:00:00Z,34.276568,2020-04-23T20:00:00Z,34.0294,-180.93,9.8844,-315.16,0.0,315.16,1.0,False,2317;2325
BIIB,Short,73,2020-04-22T20:00:00Z,302.09,2020-04-23T20:00:00Z,293.61,619.04,8.6178,0.0,718.32,99.28,1.0,True,2323;2326
DHR,Long,206,2020-04-22T20:00:00Z,119.154679,2020-04-23T20:00:00Z,123.177905,828.78,10.0932,0.0,828.78,0.0,1.0,True,2315;2327
MCD,Short,159,2020-04-16T20:00:00Z,152.041973,2020-04-23T20:00:00Z,159.91036,-1251.07,9.8728,-1294.78,0.0,1294.78,7.0,False,2203;2328
MMM,Long,307,2020-04-22T20:00:00Z,79.961126,2020-04-23T20:00:00Z,80.641598,208.91,9.861,0.0,208.91,0.0,1.0,True,2318;2329
NOW,Short,420,2020-04-22T20:00:00Z,59.184,2020-04-23T20:00:00Z,60.0,-342.72,10.0283,-342.72,0.0,342.72,1.0,False,2322;2330
AMGN,Short,128,2020-04-23T20:00:00Z,187.960144,2020-04-27T20:00:00Z,194.146444,-791.85,9.9752,-1400.96,0.0,1400.96,4.0,False,2334;2342
CAT,Long,245,2020-04-23T20:00:00Z,99.260559,2020-04-27T20:00:00Z,98.832596,-104.85,9.9691,-104.85,862.83,967.69,4.0,False,2340;2343
LMT,Long,77,2020-04-22T20:00:00Z,322.106673,2020-04-27T20:00:00Z,322.459446,27.16,9.8173,-437.2,27.16,437.2,5.0,True,2316;2344
PM,Long,449,2020-04-22T20:00:00Z,54.988526,2020-04-27T20:00:00Z,55.272164,127.35,9.9188,-633.42,418.93,633.42,5.0,True,2314;2345
SBUX,Long,361,2020-04-23T20:00:00Z,66.800964,2020-04-27T20:00:00Z,66.222189,-208.94,9.5357,-545.73,127.86,545.73,4.0,False,2335;2346
SPY,Short,307,2020-04-16T20:00:00Z,255.220665,2020-04-27T20:00:00Z,260.68086,-1676.28,19.9529,-2246.27,1687.51,3933.78,11.0,False,2219;2352
SPY,Short,73,2020-04-23T20:00:00Z,256.510259,2020-04-27T20:00:00Z,260.68086,-304.45,38.3893,-439.99,495.41,439.99,4.0,False,2341;2352
BA,Long,179,2020-04-23T20:00:00Z,136.5,2020-04-28T20:00:00Z,134.42,-372.32,9.613,-1430.21,0.0,1430.21,5.0,False,2338;2353
BLK,Long,59,2020-04-22T20:00:00Z,415.228071,2020-04-28T20:00:00Z,435.589953,1201.35,9.9019,-663.65,1201.35,663.65,6.0,True,2320;2354
GS,Long,159,2020-04-23T20:00:00Z,152.19014,2020-04-28T20:00:00Z,162.645689,1662.43,9.9016,-12.3,1662.43,12.3,5.0,True,2339;2355
HD,Long,138,2020-04-23T20:00:00Z,173.271297,2020-04-28T20:00:00Z,190.886473,2430.89,9.876,0.0,2430.89,4.7,5.0,True,2332;2356
MRK,Long,380,2020-04-16T20:00:00Z,64.426812,2020-04-28T20:00:00Z,63.280927,-435.44,9.7265,-1211.52,408.78,1451.45,12.0,False,2201;2357
PYPL,Short,224,2020-04-15T20:00:00Z,106.274834,2020-04-28T20:00:00Z,120.318224,-3145.72,9.9285,-3145.72,0.0,3145.72,13.0,False,2181;2358
QCOM,Long,372,2020-04-23T20:00:00Z,65.164507,2020-04-29T20:00:00Z,67.049934,701.38,9.8762,0.0,1283.17,581.79,6.0,True,2336;2373
TSLA,Short,530,2020-04-22T20:00:00Z,46.801995,2020-04-29T20:00:00Z,52.778661,-3167.63,15.8684,-3479.63,0.0,3479.63,7.0,False,2313;2375
SPY,Short,80,2020-04-23T20:00:00Z,256.510259,2020-04-29T20:00:00Z,266.689818,-814.36,4.2907,-932.9,542.91,932.9,6.0,False,2341;2384
BMY,Long,502,2020-04-23T20:00:00Z,48.427544,2020-04-29T20:00:00Z,49.256782,416.28,9.7195,0.0,491.6,368.7,6.0,True,2333;2385
C,Long,701,2020-04-27T20:00:00Z,35.04199,2020-04-29T20:00:00Z,39.626551,3213.78,10.8229,0.0,3526.77,312.99,2.0,True,2351;2386
CL,Long,393,2020-04-28T20:00:00Z,62.097327,2020-04-29T20:00:00Z,60.888872,-474.92,9.5846,-603.83,0.0,603.83,1.0,False,2364;2387
SHOP,Long,383,2020-04-28T20:00:00Z,63.3,2020-04-29T20:00:00Z,63.583,108.39,9.7562,0.0,277.68,169.29,1.0,True,2362;2388
CVX,Short,386,2020-04-21T20:00:00Z,60.346544,2020-04-29T20:00:00Z,69.647428,-3590.14,10.2472,-4209.33,0.0,4209.33,8.0,False,2262;2389
DHR,Long,191,2020-04-27T20:00:00Z,127.109521,2020-04-29T20:00:00Z,124.636039,-472.44,9.7543,-472.44,0.0,472.44,2.0,False,2350;2390
FB,Short,127,2020-04-27T20:00:00Z,190.822368,2020-04-29T20:00:00Z,189.188021,207.56,9.603,-193.72,1225.25,1418.97,2.0,True,2347;2391
ISRG,Long,139,2020-04-28T20:00:00Z,171.956649,2020-04-29T20:00:00Z,170.89665,-147.34,9.4814,-147.34,178.38,325.72,1.0,False,2366;2392
JPM,Long,318,2020-04-23T20:00:00Z,76.255219,2020-04-29T20:00:00Z,84.489151,2618.39,10.1115,0.0,2618.39,0.0,6.0,True,2331;2393
LLY,Short,158,2020-04-27T20:00:00Z,152.626469,2020-04-29T20:00:00Z,146.819218,917.55,9.3063,0.0,1299.86,382.31,2.0,True,2348;2394
MDLZ,Long,557,2020-04-22T20:00:00Z,44.055516,2020-04-29T20:00:00Z,44.021411,-19.0,9.8089,-294.45,0.0,294.45,7.0,False,2321;2395
NEE,Long,467,2020-04-28T20:00:00Z,52.22152,2020-04-29T20:00:00Z,51.31603,-422.86,9.3967,-1102.22,0.0,1102.22,1.0,False,2361;2396
UPS,Long,326,2020-04-23T20:00:00Z,74.661388,2020-04-29T20:00:00Z,73.021812,-534.5,9.6784,-556.77,1039.31,1596.08,6.0,False,2337;2397
CRM,Short,159,2020-04-29T20:00:00Z,154.922497,2020-04-30T20:00:00Z,158.60225,-585.08,10.0559,-635.01,0.0,635.01,1.0,False,2376;2404
TSLA,Long,472,2020-04-29T20:00:00Z,52.778661,2020-04-30T20:00:00Z,56.999994,1992.47,4.9206,-308.37,1992.47,308.37,1.0,True,2375;2405
REGN,Long,46,2020-04-29T20:00:00Z,527.660562,2020-04-30T20:00:00Z,509.184913,-849.88,9.4971,-849.88,0.0,849.88,1.0,False,2383;2406
HON,Long,196,2020-04-29T20:00:00Z,125.837647,2020-04-30T20:00:00Z,124.211704,-318.68,9.7623,-628.89,0.0,628.89,1.0,False,2378;2407
JNJ,Short,190,2020-04-21T20:00:00Z,126.390967,2020-04-30T20:00:00Z,125.187003,228.75,9.5824,-903.81,228.75,903.81,9.0,True,2288;2408
MCD,Short,151,2020-04-28T20:00:00Z,163.208898,2020-04-30T20:00:00Z,156.336944,1037.66,9.6854,0.0,1037.66,0.0,2.0,True,2360;2409
MMM,Long,275,2020-04-29T20:00:00Z,88.427991,2020-04-30T20:00:00Z,86.258287,-596.67,9.4504,-1033.82,0.0,1033.82,1.0,False,2379;2410
MO,Long,980,2020-04-29T20:00:00Z,24.900432,2020-04-30T20:00:00Z,25.720324,803.49,9.4919,-1041.57,803.49,1041.57,1.0,True,2381;2411
MS,Long,736,2020-04-29T20:00:00Z,33.979976,2020-04-30T20:00:00Z,32.98786,-730.2,9.7627,-1016.19,0.0,1016.19,1.0,False,2382;2412
PM,Long,420,2020-04-29T20:00:00Z,58.369794,2020-04-30T20:00:00Z,56.727677,-689.69,9.4657,-1163.07,0.0,1163.07,1.0,False,2400;2413
PYPL,Short,211,2020-04-29T20:00:00Z,117.984252,2020-04-30T20:00:00Z,120.011643,-427.78,10.2909,-772.09,0.0,772.09,1.0,False,2399;2414
SO,Long,535,2020-04-28T20:00:00Z,45.629014,2020-04-30T20:00:00Z,44.264999,-729.75,9.4653,-1022.47,0.0,1022.47,2.0,False,2365;2415
T,Long,1691,2020-04-02T20:00:00Z,14.263631,2020-04-30T20:00:00Z,16.069679,3054.03,10.295,-456.55,3430.95,1569.07,28.0,True,1917;2416
TMUS,Long,294,2020-04-22T20:00:00Z,84.950477,2020-04-30T20:00:00Z,84.024226,-272.32,9.8901,-577.98,286.21,864.19,8.0,False,2319;2417
SPY,Short,183,2020-04-23T20:00:00Z,256.510259,2020-04-30T20:00:00Z,266.781278,-1879.6,9.7237,-2134.0,1241.91,2134.0,7.0,False,2341;2429
ADBE,Short,73,2020-04-16T20:00:00Z,340.0,2020-05-01T20:00:00Z,347.24,-528.52,10.0235,-995.72,803.73,1799.45,15.0,False,2202;2430
ADP,Long,196,2020-04-29T20:00:00Z,126.459555,2020-05-01T20:00:00Z,123.366139,-606.31,9.6692,-1070.75,0.0,1070.75,2.0,False,2403;2431
BDX,Short,135,2020-04-30T20:00:00Z,176.099628,2020-05-01T20:00:00Z,172.334114,508.34,9.3498,0.0,508.34,0.0,1.0,True,2424;2432
BLK,Long,56,2020-04-29T20:00:00Z,437.819043,2020-05-01T20:00:00Z,421.315202,-924.22,9.5595,-1272.78,0.0,1272.78,2.0,False,2380;2433
CAT,Long,224,2020-04-30T20:00:00Z,105.207455,2020-05-01T20:00:00Z,101.6411,-798.86,9.0731,-1409.99,0.0,1409.99,1.0,False,2425;2434
FIS,Long,230,2020-04-21T20:00:00Z,103.403494,2020-05-01T20:00:00Z,110.713809,1681.37,9.7737,0.0,2812.19,1130.82,10.0,True,2269;2435
GILD,Long,391,2020-04-29T20:00:00Z,66.053862,2020-05-01T20:00:00Z,63.734113,-907.02,10.0289,-1245.23,0.0,1245.23,2.0,False,2402;2436
LOW,Long,265,2020-04-28T20:00:00Z,94.021993,2020-05-01T20:00:00Z,91.391696,-697.03,9.8326,-697.03,167.76,864.79,3.0,False,2363;2437
SBUX,Long,362,2020-04-30T20:00:00Z,66.369042,2020-05-01T20:00:00Z,64.693187,-606.66,9.4139,-950.64,0.0,950.64,1.0,False,2423;2438
AMD,Long,448,2020-04-30T20:00:00Z,53.4,2020-05-01T20:00:00Z,51.03,-1061.76,9.1634,-1576.96,0.0,1576.96,1.0,False,2428;2439
LIN,Long,147,2020-04-16T20:00:00Z,166.11662,2020-05-01T20:00:00Z,168.216473,308.68,14.4645,-412.02,904.56,1297.79,15.0,True,2205;2446
ABBV,Long,374,2020-05-01T20:00:00Z,64.248238,2020-05-05T20:00:00Z,64.969072,269.59,9.8641,-41.02,987.53,717.93,4.0,True,2444;2455
VRTX,Long,95,2020-04-30T20:00:00Z,257.75,2020-05-05T20:00:00Z,266.97,875.9,9.9471,-270.75,1385.1,509.2,5.0,True,2427;2456
COST,Short,85,2020-04-27T20:00:00Z,285.552032,2020-05-05T20:00:00Z,279.073317,550.69,9.5739,0.0,809.47,466.27,8.0,True,2349;2457
CVS,Long,479,2020-05-01T20:00:00Z,49.705813,2020-05-05T20:00:00Z,49.574987,-62.67,9.4719,-329.0,164.5,329.0,4.0,False,2449;2458
DIS,Short,220,2020-04-30T20:00:00Z,106.118692,2020-05-05T20:00:00Z,98.42036,1693.63,8.9208,0.0,1789.62,95.99,5.0,True,2421;2459
LIN,Short,143,2020-05-01T20:00:00Z,168.216473,2020-05-05T20:00:00Z,167.075248,163.2,4.7525,0.0,292.45,129.25,4.0,True,2446;2460
MMM,Long,284,2020-05-01T20:00:00Z,83.274247,2020-05-05T20:00:00Z,83.603328,93.46,9.3785,-296.22,93.46,296.22,4.0,True,2447;2461
PYPL,Short,198,2020-05-01T20:00:00Z,118.528186,2020-05-05T20:00:00Z,123.621387,-1008.45,9.6357,-1092.65,0.0,1092.65,4.0,False,2443;2462
PLD,Long,323,2020-05-01T20:00:00Z,72.889754,2020-05-05T20:00:00Z,73.640851,242.6,9.4125,-56.61,242.6,56.61,4.0,True,2450;2463
UPS,Long,335,2020-05-01T20:00:00Z,70.767397,2020-05-05T20:00:00Z,69.476991,-432.29,9.3882,-709.46,0.0,709.46,4.0,False,2448;2464
WFC,Long,985,2020-04-29T20:00:00Z,25.642319,2020-05-05T20:00:00Z,23.444406,-2164.94,9.4402,-3171.9,0.0,3171.9,6.0,False,2401;2465
UTX,Long,432,2020-05-01T20:00:00Z,54.710584,2020-05-05T20:00:00Z,51.867357,-1228.27,13.7507,-1730.75,0.0,1730.75,4.0,False,2445;2468
SPY,Short,76,2020-04-23T20:00:00Z,256.510259,2020-05-05T20:00:00Z,262.180813,-430.96,3.9786,-886.25,515.76,886.25,12.0,False,2341;2473
MS,Long,739,2020-05-01T20:00:00Z,31.706376,2020-05-06T20:00:00Z,31.805588,73.32,9.2514,-641.53,73.32,641.53,5.0,True,2454;2476
ZTS,Long,200,2020-05-05T20:00:00Z,120.777984,2020-05-06T20:00:00Z,118.261971,-503.2,9.6506,-555.78,0.0,555.78,1.0,False,2471;2480
SPY,Short,340,2020-04-23T20:00:00Z,256.510259,2020-05-06T20:00:00Z,263.41553,-2347.79,19.1343,-3964.81,2307.37,3964.81,13.0,False,2341;2489
SPY,Short,28,2020-04-28T20:00:00Z,266.1502,2020-05-06T20:00:00Z,263.41553,76.57,9.617,-56.6,459.94,133.68,8.0,True,2367;2489
CME,Long,173,2020-05-01T20:00:00Z,136.12543,2020-05-06T20:00:00Z,139.649134,609.6,9.3486,-328.35,609.6,647.28,5.0,True,2451;2490
DUK,Long,368,2020-05-01T20:00:00Z,64.807503,2020-05-06T20:00:00Z,64.281995,-193.39,9.2547,-1077.85,0.0,1077.85,5.0,False,2453;2491
UTX,Short,473,2020-05-05T20:00:00Z,51.867357,2020-05-06T20:00:00Z,51.091931,366.78,4.7208,0.0,929.17,562.39,1.0,True,2468;2492
FIS,Long,216,2020-05-05T20:00:00Z,112.367025,2020-05-06T20:00:00Z,115.750951,730.93,9.8149,0.0,730.93,0.0,1.0,True,2470;2493
PM,Long,438,2020-05-05T20:00:00Z,55.100488,2020-05-06T20:00:00Z,54.062969,-454.43,9.396,-758.48,0.0,758.48,1.0,False,2467;2494
QCOM,Long,365,2020-05-05T20:00:00Z,66.519929,2020-05-06T20:00:00Z,68.474864,713.55,9.9263,0.0,732.58,19.03,1.0,True,2469;2495
VZ,Long,599,2020-04-30T20:00:00Z,39.936212,2020-05-06T20:00:00Z,38.921061,-608.08,9.352,-905.91,0.0,905.91,6.0,False,2419;2496
XOM,Short,673,2020-04-30T20:00:00Z,35.79504,2020-05-06T20:00:00Z,33.815625,1332.15,9.1569,0.0,2223.62,891.47,6.0,True,2420;2497
SPY,Short,156,2020-04-28T20:00:00Z,266.1502,2020-05-06T20:00:00Z,263.41553,426.61,14.0387,-315.32,2562.51,744.78,8.0,True,2367;2510
FB,Short,125,2020-04-30T20:00:00Z,204.778699,2020-05-07T20:00:00Z,209.156767,-547.26,10.3006,-559.64,553.45,1113.09,7.0,False,2418;2511
HD,Long,124,2020-05-06T20:00:00Z,194.116348,2020-05-07T20:00:00Z,193.034042,-134.21,9.5819,-134.21,176.48,310.68,1.0,False,2481;2512
FISV,Short,231,2020-05-06T20:00:00Z,105.0,2020-05-07T20:00:00Z,105.49,-113.19,9.8318,-535.92,0.0,535.92,1.0,False,2486;2513
LOW,Long,244,2020-05-06T20:00:00Z,98.337465,2020-05-07T20:00:00Z,99.104263,187.1,9.6395,0.0,354.62,167.52,1.0,True,2485;2514
MDLZ,Long,559,2020-05-06T20:00:00Z,43.279621,2020-05-07T20:00:00Z,43.151726,-71.49,9.561,-285.97,0.0,285.97,1.0,False,2506;2515
NFLX,Short,565,2020-05-06T20:00:00Z,42.921,2020-05-07T20:00:00Z,43.688,-433.36,9.8399,-433.36,0.0,433.36,1.0,False,2482;2516
PYPL,Short,193,2020-05-06T20:00:00Z,125.58944,2020-05-07T20:00:00Z,138.366947,-2466.06,10.4827,-3683.82,0.0,3683.82,1.0,False,2483;2517
UPS,Short,341,2020-05-06T20:00:00Z,70.699081,2020-05-07T20:00:00Z,71.344284,-220.01,9.6164,-220.01,80.24,300.25,1.0,False,2505;2518
SPY,Long,114,2020-05-06T20:00:00Z,263.41553,2020-05-07T20:00:00Z,263.214317,-22.94,24.8379,-34.41,0.0,34.41,1.0,False,2510;2532
ANTM,Short,94,2020-05-06T20:00:00Z,254.061953,2020-05-08T20:00:00Z,248.755776,498.78,9.4215,0.0,911.12,743.42,2.0,True,2508;2533
AXP,Short,298,2020-05-06T20:00:00Z,81.180895,2020-05-08T20:00:00Z,82.118061,-279.28,9.5949,-555.79,210.15,765.93,2.0,False,2507;2534
CI,Short,145,2020-05-07T20:00:00Z,166.89331,2020-05-08T20:00:00Z,168.332665,-208.71,9.7427,-489.16,0.0,489.16,1.0,False,2526;2535
CVS,Short,484,2020-05-07T20:00:00Z,50.171881,2020-05-08T20:00:00Z,50.826013,-316.6,9.8597,-696.52,0.0,696.52,1.0,False,2524;2536
DHR,Long,191,2020-05-06T20:00:00Z,125.63612,2020-05-08T20:00:00Z,125.239141,-75.82,9.4898,-457.85,0.0,457.85,2.0,False,2502;2537
MCD,Short,156,2020-05-06T20:00:00Z,155.134353,2020-05-08T20:00:00Z,157.367737,-348.41,9.6,-348.41,0.0,348.41,2.0,False,2501;2538
EQIX,Long,39,2020-05-07T20:00:00Z,585.732281,2020-05-08T20:00:00Z,601.552122,616.97,9.3409,0.0,616.97,0.0,1.0,True,2531;2539
NKE,Short,302,2020-04-29T20:00:00Z,81.107091,2020-05-08T20:00:00Z,81.215234,-32.66,9.7161,-125.19,1213.83,1339.02,9.0,False,2377;2540
PG,Long,248,2020-05-07T20:00:00Z,97.306046,2020-05-08T20:00:00Z,96.845365,-114.25,9.6528,-114.25,399.87,514.12,1.0,False,2520;2541
MA,Short,90,2020-05-01T20:00:00Z,259.672325,2020-05-08T20:00:00Z,273.87844,-1278.55,14.4464,-1278.55,0.0,1278.55,7.0,False,2440;2543
ACN,Long,144,2020-04-30T20:00:00Z,165.1835,2020-05-12T20:00:00Z,167.24017,296.16,9.5107,-769.25,388.47,769.25,12.0,True,2422;2556
GILD,Long,392,2020-05-08T20:00:00Z,61.170594,2020-05-12T20:00:00Z,63.01853,724.39,9.5829,0.0,927.84,878.52,4.0,True,2550;2561
JPM,Long,307,2020-05-06T20:00:00Z,78.311578,2020-05-12T20:00:00Z,76.60361,-524.35,9.2504,-1338.26,140.87,1479.13,6.0,False,2499;2563
XOM,Short,719,2020-05-08T20:00:00Z,34.101625,2020-05-12T20:00:00Z,34.801194,-502.99,9.8656,-502.99,181.03,684.02,4.0,False,2546;2565
AMGN,Short,125,2020-05-08T20:00:00Z,192.768064,2020-05-12T20:00:00Z,199.110252,-792.77,9.6821,-798.93,0.0,798.93,4.0,False,2548;2575
BDX,Short,136,2020-05-08T20:00:00Z,178.119812,2020-05-12T20:00:00Z,180.710321,-352.31,9.6548,-352.31,0.0,352.31,4.0,False,2552;2576
BKNG,Long,424,2020-05-08T20:00:00Z,56.304707,2020-05-12T20:00:00Z,54.745669,-661.03,9.3331,-912.36,0.0,912.36,4.0,False,2554;2577
CME,Long,177,2020-05-07T20:00:00Z,137.362227,2020-05-12T20:00:00Z,144.394078,1244.64,9.8489,0.0,1244.64,687.03,5.0,True,2527;2578
COST,Short,85,2020-05-06T20:00:00Z,283.342841,2020-05-12T20:00:00Z,284.183947,-71.49,9.5387,-71.49,394.77,466.27,6.0,False,2484;2579
FIS,Short,214,2020-05-08T20:00:00Z,112.935318,2020-05-12T20:00:00Z,110.963514,421.97,9.4395,0.0,598.86,176.89,4.0,True,2551;2580
REGN,Long,42,2020-05-06T20:00:00Z,553.29862,2020-05-12T20:00:00Z,571.586045,768.07,9.2455,-40.78,768.07,689.43,6.0,True,2488;2581
INTU,Long,90,2020-05-07T20:00:00Z,266.930629,2020-05-12T20:00:00Z,276.498378,861.1,9.687,0.0,861.1,530.44,5.0,True,2525;2582
KO,Long,652,2020-05-08T20:00:00Z,37.109261,2020-05-12T20:00:00Z,37.537318,279.09,9.7607,-139.55,279.09,386.44,4.0,True,2545;2583
MO,Short,1074,2020-05-06T20:00:00Z,22.525781,2020-05-12T20:00:00Z,22.288923,254.39,9.3679,0.0,1298.02,1069.72,6.0,True,2509;2584
TMUS,Long,285,2020-05-06T20:00:00Z,84.326676,2020-05-12T20:00:00Z,90.90495,1874.81,9.7619,0.0,2505.13,1053.23,6.0,True,2503;2585
AMD,Long,460,2020-05-06T20:00:00Z,52.45,2020-05-12T20:00:00Z,56.14,1697.4,9.7446,-230.0,1697.4,910.8,6.0,True,2487;2586
SPY,Short,65,2020-05-07T20:00:00Z,263.214317,2020-05-12T20:00:00Z,268.665366,-354.32,3.4085,-354.32,66.58,420.9,5.0,False,2532;2594
ABBV,Short,345,2020-05-12T20:00:00Z,70.516359,2020-05-13T20:00:00Z,71.09616,-200.03,9.695,-200.03,305.45,505.48,1.0,False,2589;2595
CAT,Long,245,2020-05-12T20:00:00Z,97.281232,2020-05-13T20:00:00Z,93.741625,-867.2,9.1517,-1011.37,0.0,1011.37,1.0,False,2572;2596
MRK,Long,392,2020-05-12T20:00:00Z,60.919001,2020-05-13T20:00:00Z,60.030355,-348.35,9.4775,-348.35,0.0,348.35,1.0,False,2587;2597
NVDA,Short,2970,2020-05-12T20:00:00Z,8.071795,2020-05-13T20:00:00Z,7.867571,606.54,9.1985,0.0,1010.17,403.62,1.0,True,2568;2598
SO,Long,553,2020-05-12T20:00:00Z,43.186116,2020-05-13T20:00:00Z,42.515668,-370.76,9.3167,-958.86,0.0,958.86,1.0,False,2593;2599
UNH,Short,94,2020-05-08T20:00:00Z,258.538424,2020-05-13T20:00:00Z,254.073012,419.75,14.0546,0.0,964.58,544.83,5.0,True,2544;2600
DIS,Long,227,2020-05-12T20:00:00Z,105.672693,2020-05-13T20:00:00Z,101.319354,-988.21,13.8029,-1335.95,0.0,1335.95,1.0,False,2567;2602
ADP,Long,192,2020-05-05T20:00:00Z,125.425544,2020-05-14T20:00:00Z,115.43872,-1917.47,9.2902,-1917.47,365.63,2283.1,9.0,False,2472;2614
C,Long,670,2020-05-12T20:00:00Z,35.768468,2020-05-14T20:00:00Z,32.126353,-2440.22,9.1141,-2440.22,0.0,2440.22,2.0,False,2571;2615
DHR,Long,192,2020-05-12T20:00:00Z,123.918423,2020-05-14T20:00:00Z,120.704423,-617.09,9.4375,-617.09,0.0,617.09,2.0,False,2570;2616
HON,Long,205,2020-05-12T20:00:00Z,116.903607,2020-05-14T20:00:00Z,104.784034,-2484.51,9.0626,-2484.51,0.0,2484.51,2.0,False,2591;2617
KO,Long,645,2020-05-13T20:00:00Z,36.804682,2020-05-14T20:00:00Z,35.775698,-663.69,9.3066,-663.69,0.0,663.69,1.0,False,2601;2618
MS,Long,746,2020-05-08T20:00:00Z,32.665422,2020-05-14T20:00:00Z,30.118991,-1899.64,9.608,-1899.64,197.36,2097.0,6.0,False,2553;2619
NKE,Short,290,2020-05-12T20:00:00Z,82.485912,2020-05-14T20:00:00Z,76.601141,1706.58,9.1371,0.0,1706.58,138.51,2.0,True,2588;2620
PYPL,Short,165,2020-05-08T20:00:00Z,141.610772,2020-05-14T20:00:00Z,140.710808,148.49,9.4439,-199.08,352.47,551.55,6.0,True,2547;2621
SPGI,Long,88,2020-05-13T20:00:00Z,266.694859,2020-05-14T20:00:00Z,261.024883,-498.96,9.3725,-498.96,187.6,686.56,1.0,False,2609;2622
TMO,Short,76,2020-04-15T20:00:00Z,317.017252,2020-05-14T20:00:00Z,324.839015,-594.45,9.9044,-1500.32,224.04,1724.36,29.0,False,2180;2623
AMD,Long,442,2020-05-13T20:00:00Z,54.03,2020-05-14T20:00:00Z,52.11,-848.64,9.4314,-848.64,212.16,1060.8,1.0,False,2611;2624
NFLX,Short,540,2020-05-12T20:00:00Z,44.2,2020-05-14T20:00:00Z,44.501,-162.54,14.2186,-162.54,201.42,363.96,2.0,False,2569;2625
SPY,Short,183,2020-05-07T20:00:00Z,263.214317,2020-05-14T20:00:00Z,255.028598,1497.99,9.5392,-997.54,1497.99,1185.0,7.0,True,2532;2635
ABBV,Short,340,2020-05-14T20:00:00Z,68.706439,2020-05-15T20:00:00Z,70.524194,-618.04,9.6249,-804.51,0.0,804.51,1.0,False,2629;2636
ACN,Long,143,2020-05-13T20:00:00Z,164.747237,2020-05-15T20:00:00Z,158.808715,-849.21,9.2911,-849.21,0.0,849.21,2.0,False,2605;2637
AXP,Long,327,2020-05-14T20:00:00Z,71.373122,2020-05-15T20:00:00Z,76.522899,1683.98,10.0753,0.0,1683.98,0.0,1.0,True,2633;2638
CCI,Long,206,2020-05-13T20:00:00Z,115.004408,2020-05-15T20:00:00Z,112.96781,-419.54,9.323,-617.78,0.0,617.78,2.0,False,2610;2639
CL,Long,397,2020-05-12T20:00:00Z,60.198327,2020-05-15T20:00:00Z,57.634675,-1017.77,9.4361,-1017.77,0.0,1017.77,3.0,False,2573;2640
SHOP,Long,314,2020-05-14T20:00:00Z,75.026,2020-05-15T20:00:00Z,75.43,126.86,9.5537,0.0,525.64,398.78,1.0,True,2631;2641
DIS,Short,234,2020-05-13T20:00:00Z,101.319354,2020-05-15T20:00:00Z,101.784745,-108.9,4.9482,-1032.29,0.0,1032.29,2.0,False,2602;2642
EQIX,Long,40,2020-05-13T20:00:00Z,587.032906,2020-05-15T20:00:00Z,581.193367,-233.58,9.4668,-233.58,0.0,233.58,2.0,False,2612;2643
NFLX,Long,541,2020-05-14T20:00:00Z,44.501,2020-05-15T20:00:00Z,44.183,-172.04,4.9143,-172.04,496.64,668.68,1.0,False,2625;2644
PEP,Short,219,2020-05-14T20:00:00Z,107.986207,2020-05-15T20:00:00Z,108.726674,-162.16,9.5883,-577.37,0.0,577.37,1.0,False,2626;2645
PLD,Long,343,2020-05-14T20:00:00Z,68.141154,2020-05-15T20:00:00Z,69.401328,432.24,9.5814,0.0,466.59,34.35,1.0,True,2634;2646
UNH,Long,92,2020-05-13T20:00:00Z,254.073012,2020-05-15T20:00:00Z,261.146225,650.74,4.7813,0.0,650.74,0.0,2.0,True,2600;2647
INTU,Long,88,2020-05-13T20:00:00Z,269.408676,2020-05-18T20:00:00Z,278.297115,782.18,9.5568,-110.3,782.18,110.3,5.0,True,2608;2662
KO,Short,658,2020-05-15T20:00:00Z,36.187292,2020-05-18T20:00:00Z,36.870537,-449.58,9.5581,-547.07,0.0,547.07,3.0,False,2649;2663
MCD,Short,156,2020-05-13T20:00:00Z,151.337598,2020-05-18T20:00:00Z,154.670496,-519.93,9.4512,-519.93,317.59,837.52,5.0,False,2604;2664
NEE,Long,507,2020-05-07T20:00:00Z,47.755569,2020-05-18T20:00:00Z,49.60896,939.67,9.8898,0.0,1102.01,470.91,11.0,True,2523;2665
QCOM,Long,350,2020-05-14T20:00:00Z,67.727645,2020-05-18T20:00:00Z,67.084688,-225.03,9.7197,-662.94,605.16,830.2,4.0,False,2632;2666
SO,Long,561,2020-05-15T20:00:00Z,41.794332,2020-05-18T20:00:00Z,42.07504,157.48,9.3577,0.0,358.7,201.22,3.0,True,2660;2667
T,Long,1527,2020-05-01T20:00:00Z,15.950452,2020-05-18T20:00:00Z,15.022558,-1416.89,9.3958,-2121.38,0.0,2121.38,17.0,False,2441;2668
TMUS,Long,264,2020-05-15T20:00:00Z,89.808571,2020-05-18T20:00:00Z,92.776356,783.5,9.9417,0.0,1715.46,931.96,3.0,True,2652;2669
SPY,Short,110,2020-05-07T20:00:00Z,263.214317,2020-05-18T20:00:00Z,268.061726,-533.22,13.2746,-725.37,900.43,1625.8,11.0,False,2532;2679
SPY,Short,136,2020-05-08T20:00:00Z,266.195931,2020-05-18T20:00:00Z,268.061726,-253.75,15.7806,-491.33,1518.76,2010.08,10.0,False,2555;2679
ADP,Long,203,2020-05-15T20:00:00Z,115.266385,2020-05-19T20:00:00Z,117.368874,426.81,9.374,-117.2,460.04,577.24,4.0,True,2659;2680
AMGN,Short,122,2020-05-14T20:00:00Z,192.40706,2020-05-19T20:00:00Z,192.164758,29.56,9.348,-732.29,554.59,732.29,5.0,True,2628;2681
BMY,Short,475,2020-05-13T20:00:00Z,49.888583,2020-05-19T20:00:00Z,50.093919,-97.53,9.4518,-345.12,172.56,345.12,6.0,False,2603;2682
SHOP,Long,307,2020-05-18T20:00:00Z,77.0,2020-05-19T20:00:00Z,74.542,-754.61,9.1549,-754.61,0.0,754.61,1.0,False,2674;2683
COST,Short,86,2020-05-15T20:00:00Z,273.423282,2020-05-19T20:00:00Z,278.031077,-396.27,9.4954,-437.16,0.0,437.16,4.0,False,2651;2684
CSCO,Short,646,2020-05-15T20:00:00Z,35.910903,2020-05-19T20:00:00Z,37.365734,-939.82,9.6008,-1139.67,0.0,1139.67,4.0,False,2650;2685
CVX,Short,355,2020-05-14T20:00:00Z,65.738797,2020-05-19T20:00:00Z,70.708113,-1764.11,9.6774,-1769.53,0.0,1769.53,5.0,False,2627;2686
DIS,Short,223,2020-05-18T20:00:00Z,111.305855,2020-05-19T20:00:00Z,111.499768,-43.24,9.9985,-43.24,92.97,136.21,1.0,False,2672;2687
GS,Long,147,2020-04-30T20:00:00Z,159.928622,2020-05-19T20:00:00Z,155.25114,-687.59,9.1321,-1794.81,0.0,1794.81,19.0,False,2426;2688
ISRG,Long,140,2020-05-07T20:00:00Z,174.016649,2020-05-19T20:00:00Z,180.123315,854.93,9.9581,-612.27,854.93,1407.93,12.0,True,2528;2689
PEP,Short,213,2020-05-18T20:00:00Z,111.354927,2020-05-19T20:00:00Z,109.385772,419.43,9.2639,0.0,887.39,467.96,1.0,True,2673;2690
TGT,Long,237,2020-05-12T20:00:00Z,101.033935,2020-05-19T20:00:00Z,105.019373,944.55,9.626,-368.08,944.55,368.08,7.0,True,2592;2691
TXN,Long,255,2020-05-15T20:00:00Z,89.693765,2020-05-19T20:00:00Z,95.927991,1589.73,9.4792,0.0,1675.54,373.3,4.0,True,2653;2692
V,Short,137,2020-05-08T20:00:00Z,176.51714,2020-05-19T20:00:00Z,182.910344,-875.87,9.7978,-875.87,995.22,1871.09,11.0,False,2542;2693
BLK,Short,53,2020-05-19T20:00:00Z,439.353686,2020-05-20T20:00:00Z,436.867393,131.77,9.1782,0.0,169.03,37.26,1.0,True,2702;2709
CAT,Long,250,2020-05-15T20:00:00Z,93.777289,2020-05-20T20:00:00Z,101.025904,1812.15,9.9684,0.0,2342.65,655.32,5.0,True,2661;2710
DUK,Long,387,2020-05-07T20:00:00Z,62.512269,2020-05-20T20:00:00Z,65.634469,1208.29,9.8451,0.0,1501.78,493.18,13.0,True,2530;2711
INTC,Short,450,2020-05-15T20:00:00Z,51.234614,2020-05-20T20:00:00Z,54.506426,-1472.32,9.7389,-2258.62,0.0,2258.62,5.0,False,2648;2712
MO,Short,1043,2020-05-19T20:00:00Z,22.786932,2020-05-20T20:00:00Z,22.677613,114.02,9.4877,-158.36,114.02,158.36,1.0,True,2703;2713
PYPL,Short,164,2020-05-19T20:00:00Z,144.261214,2020-05-20T20:00:00Z,146.367723,-345.47,9.6124,-822.31,0.0,822.31,1.0,False,2700;2714
TJX,Long,520,2020-05-19T20:00:00Z,45.735243,2020-05-20T20:00:00Z,46.682885,492.77,9.6746,0.0,545.4,52.63,1.0,True,2707;2715
SPY,Short,111,2020-05-08T20:00:00Z,266.195931,2020-05-20T20:00:00Z,270.567745,-485.27,6.0289,-596.94,1239.57,1836.52,12.0,False,2555;2722
AXP,Short,293,2020-05-20T20:00:00Z,82.749025,2020-05-21T20:00:00Z,83.611961,-252.84,9.8178,-252.84,0.0,252.84,1.0,False,2720;2723
CCI,Long,204,2020-05-19T20:00:00Z,116.153259,2020-05-21T20:00:00Z,113.542235,-532.65,9.2343,-741.14,0.0,741.14,2.0,False,2704;2724
CL,Long,396,2020-05-18T20:00:00Z,60.353699,2020-05-21T20:00:00Z,61.285936,369.17,9.6038,-229.02,369.17,229.02,3.0,True,2677;2725
FISV,Short,232,2020-05-20T20:00:00Z,104.04,2020-05-21T20:00:00Z,105.49,-336.4,9.7152,-336.4,106.72,443.12,1.0,False,2721;2726
KO,Short,643,2020-05-19T20:00:00Z,37.01871,2020-05-21T20:00:00Z,37.866593,-545.19,9.4969,-545.19,0.0,545.19,2.0,False,2699;2727
LLY,Short,164,2020-05-07T20:00:00Z,146.530717,2020-05-21T20:00:00Z,143.199906,546.25,9.3397,-386.08,679.66,987.43,14.0,True,2521;2728
MS,Long,758,2020-05-15T20:00:00Z,30.805204,2020-05-21T20:00:00Z,33.707144,2199.67,9.7249,0.0,2381.41,595.35,6.0,True,2658;2729
PFE,Long,918,2020-04-28T20:00:00Z,26.758877,2020-05-21T20:00:00Z,26.034616,-664.87,9.5187,-1052.92,0.0,1052.92,23.0,False,2359;2730
PLD,Long,339,2020-05-18T20:00:00Z,72.063548,2020-05-21T20:00:00Z,72.17204,36.78,9.8018,-472.46,217.84,472.46,3.0,True,2676;2731
TXN,Long,250,2020-05-20T20:00:00Z,96.769317,2020-05-21T20:00:00Z,97.963999,298.67,9.7148,-328.12,298.67,328.12,1.0,True,2719;2732
UNH,Long,90,2020-05-19T20:00:00Z,259.654777,2020-05-21T20:00:00Z,255.45729,-377.77,9.2588,-377.77,0.0,377.77,2.0,False,2695;2733
UPS,Short,341,2020-05-18T20:00:00Z,70.9268,2020-05-21T20:00:00Z,73.424116,-851.58,10.0125,-1001.71,0.0,1001.71,3.0,False,2675;2734
ZTS,Long,202,2020-05-07T20:00:00Z,119.501201,2020-05-21T20:00:00Z,125.60347,1232.66,9.6553,-807.87,1336.96,807.87,14.0,True,2529;2735
SPY,Short,48,2020-05-08T20:00:00Z,266.195931,2020-05-21T20:00:00Z,271.454912,-252.43,16.4516,-258.14,536.03,794.17,13.0,False,2555;2740
SPY,Short,257,2020-05-12T20:00:00Z,268.665366,2020-05-21T20:00:00Z,271.454912,-716.91,20.0313,-747.47,3504.65,4252.12,9.0,False,2574;2740
CVX,Short,347,2020-05-20T20:00:00Z,69.538942,2020-05-22T20:00:00Z,69.882816,-119.32,9.7199,-275.77,190.92,310.24,2.0,False,2717;2741
GILD,Long,388,2020-05-13T20:00:00Z,62.357991,2020-05-22T20:00:00Z,57.474723,-1894.71,9.1776,-2123.54,0.0,2123.54,9.0,False,2607;2742
REGN,Long,42,2020-05-19T20:00:00Z,555.755435,2020-05-22T20:00:00Z,552.902359,-119.83,9.3825,-119.83,661.14,780.97,3.0,False,2706;2743
MDT,Short,301,2020-04-22T20:00:00Z,81.353429,2020-05-22T20:00:00Z,78.836152,757.7,9.4799,-544.05,1314.18,1396.16,30.0,True,2312;2744
MRK,Short,383,2020-05-19T20:00:00Z,61.947959,2020-05-22T20:00:00Z,59.375563,985.23,9.1907,0.0,985.23,0.0,3.0,True,2697;2745
BKNG,Long,436,2020-05-18T20:00:00Z,55.875288,2020-05-22T20:00:00Z,62.195057,2755.42,15.7218,0.0,3429.37,673.95,4.0,True,2678;2753
BDX,Short,142,2020-05-21T20:00:00Z,166.97444,2020-05-22T20:00:00Z,166.012448,136.6,14.0664,0.0,365.9,229.3,1.0,True,2738;2755
C,Long,647,2020-05-19T20:00:00Z,36.445321,2020-05-26T20:00:00Z,37.315561,563.05,9.6552,-589.11,1532.73,969.69,7.0,True,2701;2756
CME,Long,168,2020-05-15T20:00:00Z,139.734699,2020-05-26T20:00:00Z,141.679348,326.7,9.5015,-190.79,804.99,995.78,11.0,True,2657;2757
EL,Long,149,2020-05-01T20:00:00Z,157.680614,2020-05-26T20:00:00Z,168.557669,1620.68,9.8107,-1253.09,1981.44,1587.88,25.0,True,2452;2758
JNJ,Short,188,2020-05-19T20:00:00Z,126.289935,2020-05-26T20:00:00Z,123.935379,442.66,9.3255,0.0,732.73,290.07,7.0,True,2694;2759
JPM,Long,306,2020-05-21T20:00:00Z,76.705578,2020-05-26T20:00:00Z,78.957376,689.05,9.6722,-208.02,1443.1,754.05,5.0,True,2736;2760
LOW,Short,221,2020-05-22T20:00:00Z,107.886782,2020-05-26T20:00:00Z,111.453288,-788.2,9.6885,-788.2,0.0,788.2,4.0,False,2752;2761
NFLX,Short,519,2020-05-18T20:00:00Z,45.083,2020-05-26T20:00:00Z,42.717,1227.95,9.0031,-10.9,1871.51,643.56,8.0,True,2671;2762
PYPL,Short,162,2020-05-22T20:00:00Z,147.060003,2020-05-26T20:00:00Z,152.845484,-937.25,9.5442,-937.25,272.36,1209.61,4.0,False,2746;2763
TJX,Long,476,2020-05-22T20:00:00Z,49.535013,2020-05-26T20:00:00Z,50.60226,508.01,9.5217,0.0,639.39,131.38,4.0,True,2754;2764
TGT,Long,237,2020-05-21T20:00:00Z,100.419372,2020-05-26T20:00:00Z,99.739445,-161.14,9.3025,-897.23,0.0,897.23,5.0,False,2739;2765
AMD,Long,436,2020-05-19T20:00:00Z,54.39,2020-05-26T20:00:00Z,56.0,701.96,9.4752,-523.2,872.0,1395.2,7.0,True,2705;2766
BKNG,Short,381,2020-05-22T20:00:00Z,62.195057,2020-05-28T20:00:00Z,66.252853,-1546.02,4.9097,-2310.02,0.0,2310.02,6.0,False,2753;2776
TXN,Long,249,2020-05-22T20:00:00Z,95.515741,2020-05-28T20:00:00Z,99.07455,886.14,9.6072,0.0,898.71,408.51,6.0,True,2750;2789
SPY,Short,125,2020-05-12T20:00:00Z,268.665366,2020-05-28T20:00:00Z,278.67115,-1250.72,31.0904,-1250.72,1704.6,2955.32,16.0,False,2574;2805
SPY,Short,436,2020-05-13T20:00:00Z,261.531443,2020-05-28T20:00:00Z,278.67115,-7472.91,28.7944,-7472.91,2835.24,10308.15,15.0,False,2613;2805
AAPL,Short,330,2020-05-07T20:00:00Z,73.062369,2020-05-28T20:00:00Z,76.518565,-1140.54,9.9026,-1335.04,0.0,1335.04,21.0,False,2519;2806
AMT,Long,123,2020-05-15T20:00:00Z,191.596565,2020-05-28T20:00:00Z,214.477399,2814.34,10.0664,-19.61,3072.35,812.21,13.0,True,2654;2807
AVGO,Long,1035,2020-05-14T20:00:00Z,22.707132,2020-05-28T20:00:00Z,24.798944,2165.03,9.9018,-49.53,2398.28,400.76,14.0,True,2630;2808
BDX,Long,144,2020-05-22T20:00:00Z,166.012448,2020-05-28T20:00:00Z,164.507616,-216.7,4.7792,-837.1,0.0,837.1,6.0,False,2755;2809
CCI,Long,204,2020-05-26T20:00:00Z,119.972814,2020-05-28T20:00:00Z,123.113502,640.7,9.9949,0.0,1212.92,572.22,2.0,True,2772;2810
CVS,Short,460,2020-05-21T20:00:00Z,51.471968,2020-05-28T20:00:00Z,54.456442,-1372.86,9.7717,-1372.86,0.0,1372.86,7.0,False,2737;2811
CVX,Short,344,2020-05-26T20:00:00Z,70.677547,2020-05-28T20:00:00Z,71.755018,-370.65,9.6826,-370.65,425.85,796.5,2.0,False,2768;2812
DHR,Long,195,2020-05-20T20:00:00Z,122.75039,2020-05-28T20:00:00Z,123.887887,221.81,9.6156,-465.95,473.4,465.95,8.0,True,2718;2813
UTX,Short,456,2020-05-26T20:00:00Z,54.404217,2020-05-28T20:00:00Z,59.202288,-2187.92,10.4434,-2187.92,0.0,2187.92,2.0,False,2770;2814
TSLA,Short,472,2020-05-05T20:00:00Z,52.663328,2020-05-28T20:00:00Z,54.241995,-745.13,9.9058,-1184.72,311.83,1496.55,23.0,False,2466;2815
HON,Long,214,2020-05-15T20:00:00Z,109.227358,2020-05-28T20:00:00Z,130.685999,4592.15,10.1788,0.0,4592.15,762.56,13.0,True,2656;2816
IBM,Long,265,2020-05-07T20:00:00Z,91.148704,2020-05-28T20:00:00Z,94.031843,764.03,9.6539,-1423.97,764.03,1425.93,21.0,True,2522;2817
ISRG,Long,126,2020-05-26T20:00:00Z,191.666648,2020-05-28T20:00:00Z,187.549981,-518.7,9.5212,-518.7,0.0,518.7,2.0,False,2771;2818
LIN,Long,144,2020-05-06T20:00:00Z,166.536591,2020-05-28T20:00:00Z,180.569086,2020.68,9.9651,-477.23,2317.8,1266.05,22.0,True,2504;2819
LMT,Long,79,2020-05-15T20:00:00Z,296.102286,2020-05-28T20:00:00Z,335.974,3149.87,10.0705,0.0,3149.87,997.31,13.0,True,2655;2820
MA,Long,89,2020-05-08T20:00:00Z,273.87844,2020-05-28T20:00:00Z,290.703506,1497.43,5.2002,-1224.78,1714.18,1224.78,20.0,True,2543;2821
NVDA,Long,2797,2020-05-18T20:00:00Z,8.70285,2020-05-28T20:00:00Z,8.348813,-990.24,9.5826,-990.24,747.72,1737.96,10.0,False,2670;2822
ORCL,Short,499,2020-05-01T20:00:00Z,47.726309,2020-05-28T20:00:00Z,48.9017,-586.52,9.5853,-586.52,331.91,918.43,27.0,False,2442;2823
PG,Long,242,2020-05-12T20:00:00Z,98.440686,2020-05-28T20:00:00Z,98.560122,28.9,9.522,-778.33,169.29,947.62,16.0,True,2566;2824
PLD,Long,325,2020-05-26T20:00:00Z,75.259881,2020-05-28T20:00:00Z,77.613317,764.87,9.9308,0.0,778.43,13.56,2.0,True,2773;2825
UNP,Long,174,2020-05-12T20:00:00Z,135.595735,2020-05-28T20:00:00Z,150.941304,2670.13,9.8244,-766.73,2670.13,766.73,16.0,True,2590;2826
WFC,Long,1139,2020-05-13T20:00:00Z,20.791599,2020-05-28T20:00:00Z,24.61614,4356.15,9.8508,-554.42,4356.15,1445.45,15.0,True,2606;2827
XOM,Short,685,2020-05-19T20:00:00Z,34.885589,2020-05-28T20:00:00Z,35.591433,-483.5,9.3526,-483.5,478.25,961.75,9.0,False,2698;2828
NOW,Long,323,2020-05-28T20:00:00Z,74.0,2020-05-28T20:00:00Z,74.0,0.0,14.6505,0.0,0.0,0.0,0.0,False,2800;2839
SPY,Short,45,2020-05-13T20:00:00Z,261.531443,2020-05-28T20:00:00Z,278.67115,-771.29,2.4939,-771.29,292.63,1063.91,15.0,False,2613;2846
AXP,Short,255,2020-05-28T20:00:00Z,94.783729,2020-05-29T20:00:00Z,88.613275,1573.47,9.1394,0.0,1675.21,101.74,1.0,True,2837;2847
VRTX,Short,86,2020-05-28T20:00:00Z,276.27,2020-05-29T20:00:00Z,281.35,-436.88,9.7238,-1005.34,0.0,1005.34,1.0,False,2801;2848
C,Long,569,2020-05-28T20:00:00Z,42.585346,2020-05-29T20:00:00Z,38.677325,-2223.66,8.9011,-2264.93,0.0,2264.93,1.0,False,2834;2849
SHOP,Short,319,2020-05-28T20:00:00Z,72.801,2020-05-29T20:00:00Z,75.615,-897.67,9.5842,-950.3,0.0,950.3,1.0,False,2795;2850
DUK,Long,366,2020-05-28T20:00:00Z,66.338114,2020-05-29T20:00:00Z,66.877576,197.44,9.8126,0.0,223.2,25.75,1.0,True,2842;2851
UBER,Long,687,2020-05-28T20:00:00Z,34.9,2020-05-29T20:00:00Z,34.18,-494.64,9.6826,-494.64,975.54,1470.18,1.0,False,2803;2852
REGN,Long,44,2020-05-28T20:00:00Z,542.381642,2020-05-29T20:00:00Z,575.271268,1447.14,10.383,0.0,2846.78,1399.63,1.0,True,2844;2853
HD,Short,117,2020-05-20T20:00:00Z,206.319993,2020-05-29T20:00:00Z,208.842534,-295.14,9.705,-636.14,121.64,757.78,9.0,False,2716;2854
FISV,Long,227,2020-05-28T20:00:00Z,105.8,2020-05-29T20:00:00Z,106.56,172.52,9.6684,0.0,220.19,47.67,1.0,True,2840;2855
MMM,Short,269,2020-05-28T20:00:00Z,89.305052,2020-05-29T20:00:00Z,87.59263,460.64,9.4935,0.0,460.64,0.0,1.0,True,2836;2856
MRK,Short,396,2020-05-28T20:00:00Z,61.269782,2020-05-29T20:00:00Z,61.940164,-265.47,9.8632,-654.42,0.0,654.42,1.0,False,2792;2857
NEE,Long,489,2020-05-22T20:00:00Z,48.525341,2020-05-29T20:00:00Z,53.037945,2206.66,10.15,0.0,2771.81,565.15,7.0,True,2749;2858
PM,Long,457,2020-05-08T20:00:00Z,53.361337,2020-05-29T20:00:00Z,54.451106,498.02,9.9168,-1265.53,825.49,1265.53,21.0,True,2549;2859
NOW,Short,323,2020-05-28T20:00:00Z,74.0,2020-05-29T20:00:00Z,76.282,-737.09,5.0121,-1158.28,0.0,1158.28,1.0,False,2839;2860
PYPL,Short,166,2020-05-28T20:00:00Z,143.489817,2020-05-29T20:00:00Z,148.840151,-888.16,9.9749,-1628.56,0.0,1628.56,1.0,False,2793;2861
QCOM,Short,348,2020-05-28T20:00:00Z,69.708646,2020-05-29T20:00:00Z,68.37929,462.62,9.6145,-196.54,462.62,196.54,1.0,True,2796;2862
SBUX,Short,350,2020-05-22T20:00:00Z,67.673654,2020-05-29T20:00:00Z,68.299136,-218.92,9.4628,-218.92,42.57,261.49,7.0,False,2751;2863
TXN,Short,241,2020-05-28T20:00:00Z,99.07455,2020-05-29T20:00:00Z,98.27529,192.62,9.5139,-198.7,192.62,198.7,1.0,True,2835;2864
AMD,Long,454,2020-05-28T20:00:00Z,52.18,2020-05-29T20:00:00Z,52.06,-54.48,9.583,-54.48,735.48,789.96,1.0,False,2843;2865
AMT,Long,110,2020-05-29T20:00:00Z,215.769532,2020-06-01T20:00:00Z,216.499504,80.3,9.6445,0.0,659.91,579.61,3.0,True,2868;2876
BLK,Short,52,2020-05-28T20:00:00Z,471.152516,2020-06-01T20:00:00Z,452.676787,960.74,9.5857,0.0,960.74,427.54,4.0,True,2799;2877
BMY,Long,495,2020-05-26T20:00:00Z,48.498621,2020-06-01T20:00:00Z,46.958606,-762.31,9.4299,-762.31,0.0,762.31,6.0,False,2769;2878
CI,Long,133,2020-05-28T20:00:00Z,179.91948,2020-06-01T20:00:00Z,176.716913,-425.94,9.5399,-425.94,0.0,425.94,4.0,False,2838;2879
CL,Long,393,2020-05-28T20:00:00Z,61.803846,2020-06-01T20:00:00Z,62.382178,227.28,9.8255,0.0,383.33,156.05,4.0,True,2845;2880
CME,Long,170,2020-05-29T20:00:00Z,138.295658,2020-06-01T20:00:00Z,142.651672,740.52,9.6511,0.0,740.52,0.0,3.0,True,2873;2881
ECL,Long,121,2020-05-29T20:00:00Z,197.188031,2020-06-01T20:00:00Z,198.382093,144.48,9.5184,-263.0,144.48,263.0,3.0,True,2874;2882
FIS,Short,201,2020-05-28T20:00:00Z,119.703171,2020-06-01T20:00:00Z,119.608456,19.04,9.5964,0.0,32.88,13.85,4.0,True,2797;2883
GS,Short,138,2020-05-29T20:00:00Z,170.644599,2020-06-01T20:00:00Z,170.661903,-2.39,9.4664,-322.38,0.0,322.38,3.0,False,2871;2884
INTU,Long,88,2020-05-29T20:00:00Z,273.503673,2020-06-01T20:00:00Z,276.613191,273.64,9.7713,0.0,344.36,70.72,3.0,True,2870;2885
JPM,Long,278,2020-05-28T20:00:00Z,87.25079,2020-06-01T20:00:00Z,83.257035,-1110.26,9.3763,-1268.54,0.0,1268.54,4.0,False,2830;2886
LLY,Short,167,2020-05-22T20:00:00Z,142.330327,2020-06-01T20:00:00Z,144.434146,-351.34,9.4817,-351.34,1018.1,1369.44,10.0,False,2747;2887
LMT,Short,71,2020-05-29T20:00:00Z,334.663701,2020-06-01T20:00:00Z,328.664023,425.98,9.3283,0.0,425.98,0.0,3.0,True,2869;2888
PLD,Short,309,2020-05-29T20:00:00Z,76.895603,2020-06-01T20:00:00Z,76.745384,46.42,9.5517,-402.29,46.42,402.29,3.0,True,2872;2889
MS,Long,618,2020-05-28T20:00:00Z,39.064571,2020-06-01T20:00:00Z,36.807507,-1394.87,13.9536,-1558.37,0.0,1558.37,4.0,False,2802;2898
SPY,Short,78,2020-05-13T20:00:00Z,261.531443,2020-06-02T20:00:00Z,280.344878,-1467.45,29.8114,-1578.74,507.22,2085.96,20.0,False,2613;2903
SPY,Short,179,2020-05-19T20:00:00Z,269.269005,2020-06-02T20:00:00Z,280.344878,-1982.58,9.5599,-2237.98,2549.03,2237.98,14.0,False,2708;2903
SPY,Short,184,2020-05-29T20:00:00Z,276.63158,2020-06-02T20:00:00Z,280.344878,-683.25,10.2426,-945.78,3974.95,945.78,4.0,False,2875;2903
SPY,Short,88,2020-06-01T20:00:00Z,277.701668,2020-06-02T20:00:00Z,280.344878,-232.6,4.9185,-358.16,1995.23,358.16,1.0,False,2902;2903
VRTX,Long,83,2020-06-01T20:00:00Z,285.42,2020-06-02T20:00:00Z,284.12,-107.9,9.4771,-107.9,0.0,107.9,1.0,False,2896;2904
COST,Long,85,2020-05-28T20:00:00Z,280.673246,2020-06-02T20:00:00Z,281.541779,73.83,9.5841,0.0,114.23,107.24,5.0,True,2832;2905
CVS,Short,447,2020-06-01T20:00:00Z,53.507952,2020-06-02T20:00:00Z,53.671485,-73.1,9.6842,-511.69,0.0,511.69,1.0,False,2895;2906
REGN,Long,39,2020-06-01T20:00:00Z,599.344097,2020-06-02T20:00:00Z,596.570273,-108.18,9.4049,-108.18,489.12,597.3,1.0,False,2901;2907
FISV,Long,224,2020-06-01T20:00:00Z,106.33,2020-06-02T20:00:00Z,108.94,584.64,9.7077,0.0,584.64,0.0,1.0,True,2897;2908
INTC,Short,436,2020-05-29T20:00:00Z,55.050242,2020-06-02T20:00:00Z,55.050242,0.0,9.7213,-143.82,0.0,143.82,4.0,False,2867;2909
TJX,Long,494,2020-06-01T20:00:00Z,48.752978,2020-06-02T20:00:00Z,49.406207,322.7,9.7872,0.0,613.58,290.88,1.0,True,2899;2910
TXN,Long,240,2020-06-01T20:00:00Z,99.082963,2020-06-02T20:00:00Z,99.781264,167.59,9.7135,0.0,989.4,821.81,1.0,True,2893;2911
UNP,Long,161,2020-06-01T20:00:00Z,147.731272,2020-06-02T20:00:00Z,148.786744,169.93,9.5622,0.0,221.89,51.96,1.0,True,2892;2912
PG,Short,242,2020-05-29T20:00:00Z,99.071989,2020-06-02T20:00:00Z,99.873915,-194.07,14.4755,-398.45,0.0,398.45,4.0,False,2866;2913
UNH,Long,91,2020-05-26T20:00:00Z,264.798932,2020-06-02T20:00:00Z,272.90812,737.94,14.5319,0.0,797.26,59.33,7.0,True,2767;2914
ABT,Short,297,2020-04-29T20:00:00Z,82.009423,2020-06-03T20:00:00Z,82.427975,-124.31,9.7147,-1052.67,1023.57,1772.08,35.0,False,2398;2928
BKNG,Short,366,2020-06-02T20:00:00Z,66.034431,2020-06-03T20:00:00Z,66.582634,-200.64,9.6702,-514.41,0.0,514.41,1.0,False,2925;2929
KO,Long,618,2020-06-02T20:00:00Z,38.772098,2020-06-03T20:00:00Z,38.91204,86.48,9.6455,0.0,406.98,320.5,1.0,True,2915;2930
MDLZ,Long,537,2020-06-02T20:00:00Z,44.46478,2020-06-03T20:00:00Z,44.771727,164.83,9.552,-27.47,164.83,27.47,1.0,True,2919;2931
EQIX,Long,37,2020-06-02T20:00:00Z,638.125654,2020-06-03T20:00:00Z,614.460114,-875.62,9.1091,-964.37,0.0,964.37,1.0,False,2927;2932
MO,Short,1006,2020-06-02T20:00:00Z,23.922634,2020-06-03T20:00:00Z,24.293104,-372.69,9.7597,-501.0,0.0,501.0,1.0,False,2920;2933
UPS,Short,314,2020-06-02T20:00:00Z,76.510604,2020-06-03T20:00:00Z,78.696621,-686.41,9.866,-939.3,0.0,939.3,1.0,False,2918;2934
BDX,Long,142,2020-06-02T20:00:00Z,168.389944,2020-06-03T20:00:00Z,167.118739,-180.51,14.2571,-197.1,0.0,197.1,1.0,False,2922;2941
ADP,Long,192,2020-05-28T20:00:00Z,125.520328,2020-06-04T20:00:00Z,129.147984,696.51,9.7535,-19.85,994.31,297.8,7.0,True,2804;2946
BA,Short,160,2020-05-28T20:00:00Z,156.0,2020-06-04T20:00:00Z,181.45,-4072.0,10.6918,-4528.0,1624.0,6152.0,7.0,False,2798;2947
DUK,Long,350,2020-06-02T20:00:00Z,68.660144,2020-06-04T20:00:00Z,69.426335,268.17,9.6381,0.0,385.83,216.18,2.0,True,2926;2948
EL,Short,135,2020-05-28T20:00:00Z,178.169097,2020-06-04T20:00:00Z,186.331474,-1101.92,9.7464,-1110.59,0.0,1110.59,7.0,False,2841;2949
TSLA,Short,399,2020-06-02T20:00:00Z,59.666661,2020-06-04T20:00:00Z,59.332661,133.27,9.2884,0.0,814.49,681.23,2.0,True,2916;2950
GOOGL,Short,359,2020-05-06T20:00:00Z,67.259975,2020-06-04T20:00:00Z,70.946891,-1323.6,9.814,-1499.1,171.94,1671.04,29.0,False,2498;2951
MA,Long,82,2020-06-01T20:00:00Z,290.693842,2020-06-04T20:00:00Z,295.177949,367.7,9.5533,0.0,496.87,451.7,3.0,True,2890;2952
MRK,Long,379,2020-06-03T20:00:00Z,63.140615,2020-06-04T20:00:00Z,63.351083,79.77,9.6672,0.0,162.49,82.72,1.0,True,2936;2953
MS,Short,656,2020-06-01T20:00:00Z,36.807507,2020-06-04T20:00:00Z,38.618118,-1187.76,5.2815,-2261.63,0.0,2261.63,3.0,False,2898;2954
NKE,Short,266,2020-05-28T20:00:00Z,90.11899,2020-06-04T20:00:00Z,93.614235,-929.74,9.5883,-1047.49,369.16,1416.65,7.0,False,2831;2955
NVDA,Long,2727,2020-06-03T20:00:00Z,8.77639,2020-06-04T20:00:00Z,8.656364,-327.31,9.5069,-327.31,0.0,327.31,1.0,False,2935;2956
NOW,Long,304,2020-06-03T20:00:00Z,77.998,2020-06-04T20:00:00Z,77.138,-261.44,9.3029,-792.83,0.0,792.83,1.0,False,2938;2957
UNH,Short,87,2020-06-02T20:00:00Z,272.90812,2020-06-04T20:00:00Z,270.764722,186.48,4.6321,0.0,582.74,396.26,2.0,True,2914;2958
AMD,Long,445,2020-06-01T20:00:00Z,53.3,2020-06-04T20:00:00Z,52.55,-333.75,9.4571,-333.75,106.8,440.55,3.0,False,2900;2959
FISV,Long,221,2020-06-03T20:00:00Z,108.34,2020-06-04T20:00:00Z,108.47,28.73,14.0956,-572.39,28.73,572.39,1.0,True,2940;2975
CCI,Short,184,2020-06-02T20:00:00Z,130.491509,2020-06-04T20:00:00Z,129.45456,190.8,13.9469,0.0,997.92,807.12,2.0,True,2921;2976
C,Short,552,2020-06-04T20:00:00Z,42.947946,2020-06-08T20:00:00Z,48.9107,-3291.44,10.3983,-3531.63,0.0,3531.63,4.0,False,2969;2986
SHOP,Short,311,2020-06-04T20:00:00Z,76.391,2020-06-08T20:00:00Z,71.5,1521.1,9.1176,0.0,1521.1,90.19,4.0,True,2970;2987
FIS,Short,199,2020-06-03T20:00:00Z,120.159527,2020-06-08T20:00:00Z,122.630741,-491.77,9.6689,-603.15,562.02,1165.17,5.0,False,2937;2988
GS,Short,138,2020-06-02T20:00:00Z,176.207874,2020-06-08T20:00:00Z,190.362646,-1953.36,10.1477,-2047.68,0.0,2047.68,6.0,False,2924;2989
INTU,Long,87,2020-06-03T20:00:00Z,276.086965,2020-06-08T20:00:00Z,273.025285,-266.37,9.7082,-469.47,373.74,640.11,5.0,False,2939;2990
MDLZ,Long,535,2020-06-04T20:00:00Z,44.311306,2020-06-08T20:00:00Z,44.618253,164.22,9.5702,0.0,748.1,583.88,4.0,True,2974;2992
TJX,Long,478,2020-06-03T20:00:00Z,50.289447,2020-06-08T20:00:00Z,53.251979,1416.09,9.9091,0.0,1416.09,0.0,5.0,True,2942;2994
SPY,Short,493,2020-06-03T20:00:00Z,283.765502,2020-06-08T20:00:00Z,292.948142,-4527.04,69.0635,-5834.65,0.0,5834.65,5.0,False,2945;3017
SPY,Short,199,2020-06-04T20:00:00Z,284.552063,2020-06-08T20:00:00Z,292.948142,-1670.82,22.1552,-2198.64,156.53,2198.64,4.0,False,2981;3017
ABBV,Short,330,2020-06-01T20:00:00Z,72.193081,2020-06-08T20:00:00Z,72.796388,-199.09,9.5817,-633.47,323.2,956.67,7.0,False,2891;3018
ABT,Short,291,2020-06-04T20:00:00Z,81.083266,2020-06-08T20:00:00Z,79.239858,536.43,9.3712,-391.31,536.43,699.69,4.0,True,2965;3019
BDX,Short,142,2020-06-03T20:00:00Z,167.118739,2020-06-08T20:00:00Z,165.460004,235.54,4.8406,-472.23,235.54,589.31,5.0,True,2941;3020
VRTX,Short,85,2020-06-04T20:00:00Z,274.27,2020-06-08T20:00:00Z,263.25,936.7,9.1431,0.0,936.7,0.0,4.0,True,2977;3021
BKNG,Short,352,2020-06-04T20:00:00Z,67.007365,2020-06-08T20:00:00Z,72.153361,-1811.39,9.8576,-1811.39,0.0,1811.39,4.0,False,2978;3022
CCI,Long,182,2020-06-04T20:00:00Z,129.45456,2020-06-08T20:00:00Z,125.329142,-750.83,4.6931,-750.83,0.0,750.83,4.0,False,2976;3023
CRM,Short,149,2020-05-06T20:00:00Z,161.359611,2020-06-08T20:00:00Z,170.377459,-1343.66,9.9486,-2665.39,0.0,2665.39,33.0,False,2500;3024
CVS,Short,434,2020-06-04T20:00:00Z,54.202966,2020-06-08T20:00:00Z,55.764705,-677.79,9.734,-1536.57,0.0,1536.57,4.0,False,2971;3025
ECL,Long,115,2020-06-04T20:00:00Z,204.455014,2020-06-08T20:00:00Z,213.000015,982.68,9.7004,0.0,1173.63,190.96,4.0,True,2979;3026
REGN,Long,39,2020-06-03T20:00:00Z,609.617152,2020-06-08T20:00:00Z,582.384145,-1062.09,9.3368,-1062.09,0.0,1062.09,5.0,False,2943;3027
FISV,Short,218,2020-06-04T20:00:00Z,108.47,2020-06-08T20:00:00Z,109.14,-146.06,4.66,-235.44,346.62,492.68,4.0,False,2975;3028
JPM,Long,268,2020-06-04T20:00:00Z,88.219488,2020-06-08T20:00:00Z,96.402436,2193.03,10.0151,0.0,2193.03,0.0,4.0,True,2960;3029
NFLX,Long,563,2020-06-04T20:00:00Z,42.11,2020-06-08T20:00:00Z,41.6,-287.13,9.3888,-287.13,0.0,287.13,4.0,False,2964;3030
PG,Long,239,2020-06-02T20:00:00Z,99.873915,2020-06-08T20:00:00Z,100.189567,75.44,4.8547,-207.97,403.71,505.66,6.0,True,2913;3031
ZM,Long,106,2020-06-04T20:00:00Z,221.0,2020-06-08T20:00:00Z,204.0,-1802.0,8.9078,-1802.0,0.0,1802.0,4.0,False,2980;3032
PLD,Short,306,2020-06-02T20:00:00Z,78.965291,2020-06-08T20:00:00Z,79.866607,-275.8,9.8691,-804.42,324.32,1128.75,6.0,False,2923;3033
TMUS,Long,266,2020-05-22T20:00:00Z,89.534476,2020-06-08T20:00:00Z,95.214854,1510.98,10.0695,0.0,2446.23,935.25,17.0,True,2748;3034
XOM,Long,629,2020-06-04T20:00:00Z,37.501816,2020-06-08T20:00:00Z,41.813604,2712.11,10.0223,0.0,2827.93,115.82,4.0,True,2962;3035
ANTM,Short,89,2020-06-08T20:00:00Z,263.331669,2020-06-09T20:00:00Z,276.75909,-1195.04,9.6991,-1195.04,0.0,1195.04,1.0,False,3012;3047
CAT,Short,196,2020-06-08T20:00:00Z,120.845919,2020-06-09T20:00:00Z,120.364461,94.37,9.5033,0.0,235.91,141.55,1.0,True,3014;3048
CI,Long,125,2020-06-08T20:00:00Z,187.098267,2020-06-09T20:00:00Z,192.504848,675.82,9.6783,0.0,733.17,57.35,1.0,True,3011;3049
COST,Long,84,2020-06-04T20:00:00Z,284.302799,2020-06-09T20:00:00Z,281.130368,-266.48,9.4659,-416.24,82.17,498.41,5.0,False,2967;3050
DIS,Long,200,2020-06-04T20:00:00Z,118.461232,2020-06-09T20:00:00Z,121.845007,676.76,9.6018,0.0,988.95,657.36,5.0,True,2961;3051
DUK,Long,337,2020-06-08T20:00:00Z,69.942342,2020-06-09T20:00:00Z,71.201085,424.2,9.6026,0.0,424.2,0.0,1.0,True,3042;3052
NKE,Short,254,2020-06-08T20:00:00Z,93.099276,2020-06-09T20:00:00Z,93.072172,6.88,9.4965,0.0,96.38,89.49,1.0,True,2999;3053
SYK,Long,126,2020-06-04T20:00:00Z,186.155206,2020-06-09T20:00:00Z,191.820677,713.85,9.4105,0.0,972.25,746.89,5.0,True,2972;3054
TJX,Short,448,2020-06-08T20:00:00Z,53.251979,2020-06-09T20:00:00Z,51.982322,568.81,9.3696,0.0,675.97,107.17,1.0,True,3041;3055
UNH,Long,84,2020-06-08T20:00:00Z,275.640952,2020-06-09T20:00:00Z,276.855544,102.03,9.2827,0.0,102.03,0.0,1.0,True,3036;3056
AMD,Long,444,2020-06-08T20:00:00Z,53.3,2020-06-09T20:00:00Z,52.88,-186.48,9.7112,-186.48,1371.96,1558.44,1.0,False,3015;3057
WMT,Long,637,2020-05-28T20:00:00Z,37.95597,2020-06-09T20:00:00Z,37.341796,-391.23,9.5867,-461.65,89.98,551.63,12.0,False,2829;3058
AAPL,Long,294,2020-06-08T20:00:00Z,79.709355,2020-06-11T20:00:00Z,84.371145,1370.57,9.5068,0.0,1621.95,1202.97,3.0,True,2996;3077
PG,Long,232,2020-06-09T20:00:00Z,101.861668,2020-06-11T20:00:00Z,101.358332,-116.77,9.2865,-621.48,0.0,621.48,2.0,False,3060;3083
ADBE,Long,60,2020-06-04T20:00:00Z,387.76,2020-06-11T20:00:00Z,400.0,734.4,9.2816,-5.4,1143.6,1149.0,7.0,True,2963;3098
AMT,Short,106,2020-06-08T20:00:00Z,222.347667,2020-06-11T20:00:00Z,220.518543,193.89,9.221,-67.59,1199.79,1005.9,3.0,True,3001;3099
AVGO,Short,852,2020-06-09T20:00:00Z,27.148318,2020-06-11T20:00:00Z,26.767197,324.71,9.0308,-225.37,1352.98,1028.26,2.0,True,3065;3100
AXP,Short,231,2020-06-08T20:00:00Z,103.839913,2020-06-11T20:00:00Z,93.475407,2394.2,9.0997,0.0,2852.89,458.69,3.0,True,3010;3101
VRTX,Short,88,2020-06-09T20:00:00Z,267.28,2020-06-11T20:00:00Z,274.98,-677.6,9.4114,-677.6,298.32,975.92,2.0,False,3075;3102
C,Short,477,2020-06-09T20:00:00Z,47.540878,2020-06-11T20:00:00Z,41.634529,2817.33,8.2936,0.0,4078.02,1260.69,2.0,True,3066;3103
CB,Long,186,2020-06-08T20:00:00Z,128.145254,2020-06-11T20:00:00Z,112.536028,-2903.32,8.7884,-3478.28,0.0,3478.28,3.0,False,3044;3104
SHOP,Short,322,2020-06-09T20:00:00Z,74.509,2020-06-11T20:00:00Z,73.334,378.35,9.4463,0.0,643.03,264.68,2.0,True,3070;3105
CVX,Long,306,2020-06-08T20:00:00Z,78.426172,2020-06-11T20:00:00Z,70.532356,-2415.51,9.0078,-3100.64,0.0,3100.64,3.0,False,3037;3106
DHR,Short,179,2020-06-09T20:00:00Z,131.5908,2020-06-11T20:00:00Z,131.285432,54.66,9.1379,-43.73,1020.79,966.13,2.0,True,3068;3107
UBER,Long,667,2020-06-03T20:00:00Z,36.2,2020-06-11T20:00:00Z,33.0,-2134.4,9.0512,-3401.7,673.67,4075.37,8.0,False,2944;3108
IBM,Short,241,2020-06-08T20:00:00Z,98.034144,2020-06-11T20:00:00Z,93.387028,1119.96,9.0654,0.0,2547.14,1427.18,3.0,True,3002;3109
JPM,Long,244,2020-06-09T20:00:00Z,94.023178,2020-06-11T20:00:00Z,84.9735,-2208.12,8.6148,-2786.59,0.0,2786.59,2.0,False,3059;3110
PEP,Long,217,2020-06-08T20:00:00Z,107.73336,2020-06-11T20:00:00Z,110.062199,505.36,9.2548,-629.92,505.36,1119.26,3.0,True,2998;3111
PM,Short,416,2020-06-08T20:00:00Z,56.324612,2020-06-11T20:00:00Z,55.346806,406.77,9.2501,-59.0,1307.24,900.48,3.0,True,3000;3112
T,Long,1452,2020-05-28T20:00:00Z,16.588055,2020-06-11T20:00:00Z,16.162986,-617.2,9.2174,-1377.41,925.8,2303.21,14.0,False,2791;3113
TMUS,Short,238,2020-06-09T20:00:00Z,96.575877,2020-06-11T20:00:00Z,98.778086,-524.13,9.1814,-812.06,290.18,814.31,2.0,False,3064;3114
UNP,Short,148,2020-06-09T20:00:00Z,155.320207,2020-06-11T20:00:00Z,148.289538,1040.54,8.8162,0.0,1906.79,866.26,2.0,True,3067;3115
USB,Long,727,2020-06-08T20:00:00Z,32.969141,2020-06-11T20:00:00Z,28.100442,-3539.54,8.8795,-3823.82,0.0,3823.82,3.0,False,3043;3116
WFC,Long,813,2020-06-09T20:00:00Z,28.162534,2020-06-11T20:00:00Z,23.607852,-3702.96,8.3981,-3964.42,0.0,3964.42,2.0,False,3063;3117
NVDA,Short,2546,2020-06-11T20:00:00Z,9.09731,2020-06-11T20:00:00Z,9.09731,0.0,13.3598,0.0,0.0,0.0,0.0,False,3088;3119
ANTM,Long,89,2020-06-11T20:00:00Z,261.906352,2020-06-12T20:00:00Z,251.444859,-931.07,8.7077,-1491.03,0.0,1491.03,1.0,False,3094;3131
BA,Short,114,2020-06-08T20:00:00Z,222.94,2020-06-12T20:00:00Z,187.11,4084.62,9.5762,0.0,6035.16,2224.14,4.0,True,3039;3132
BKNG,Long,350,2020-06-11T20:00:00Z,64.700067,2020-06-12T20:00:00Z,64.610979,-31.18,8.7861,-436.67,0.0,436.67,1.0,False,3095;3133
CI,Long,126,2020-06-11T20:00:00Z,183.679797,2020-06-12T20:00:00Z,177.967354,-719.77,8.6504,-1605.03,0.0,1605.03,1.0,False,3124;3134
CL,Long,377,2020-06-08T20:00:00Z,62.036905,2020-06-12T20:00:00Z,63.417996,520.67,9.5218,0.0,810.3,510.91,4.0,True,3045;3135
ECL,Long,109,2020-06-09T20:00:00Z,211.684682,2020-06-12T20:00:00Z,194.576022,-1864.84,8.7603,-2479.0,0.0,2479.0,3.0,False,3076;3136
GS,Long,125,2020-06-08T20:00:00Z,190.362646,2020-06-12T20:00:00Z,173.577648,-2098.12,9.1407,-2800.02,0.0,2800.02,4.0,False,3040;3137
HON,Short,167,2020-06-08T20:00:00Z,140.591997,2020-06-12T20:00:00Z,129.126479,1914.74,8.946,0.0,2608.76,694.02,4.0,True,3004;3138
LIN,Short,121,2020-06-04T20:00:00Z,195.665829,2020-06-12T20:00:00Z,187.859743,944.54,9.2012,-884.6,1576.08,884.6,8.0,True,2968;3139
LMT,Short,68,2020-06-08T20:00:00Z,350.685375,2020-06-12T20:00:00Z,332.373683,1245.2,9.1499,0.0,1903.71,658.51,4.0,True,3003;3140
MDT,Long,294,2020-06-11T20:00:00Z,79.058993,2020-06-12T20:00:00Z,77.45784,-470.74,8.9334,-626.03,0.0,626.03,1.0,False,3090;3141
MMM,Short,272,2020-06-01T20:00:00Z,87.846113,2020-06-12T20:00:00Z,87.981304,-36.77,9.5132,-1755.86,546.98,1755.86,11.0,False,2894;3142
NEE,Short,433,2020-06-11T20:00:00Z,54.342925,2020-06-12T20:00:00Z,53.684055,285.29,9.1448,0.0,734.0,448.71,1.0,True,3091;3143
NFLX,Long,561,2020-06-09T20:00:00Z,42.23,2020-06-12T20:00:00Z,42.9,375.87,9.5608,-237.3,683.3,920.6,3.0,True,3062;3144
QCOM,Short,297,2020-06-11T20:00:00Z,77.594343,2020-06-12T20:00:00Z,75.598009,592.91,8.8032,0.0,878.96,286.05,1.0,True,3122;3145
SBUX,Short,330,2020-06-08T20:00:00Z,72.173648,2020-06-12T20:00:00Z,65.154353,2316.37,9.1703,0.0,3013.0,1092.25,4.0,True,3008;3146
ZM,Long,107,2020-06-11T20:00:00Z,219.58,2020-06-12T20:00:00Z,224.81,559.61,9.45,-6.42,559.61,6.42,1.0,True,3128;3147
TJX,Long,470,2020-06-11T20:00:00Z,48.541368,2020-06-12T20:00:00Z,49.875428,627.01,9.0912,-129.73,627.01,129.73,1.0,True,3127;3148
TXN,Short,213,2020-06-08T20:00:00Z,109.818283,2020-06-12T20:00:00Z,107.1008,578.82,9.2049,-284.93,1175.57,596.74,4.0,True,3038;3149
UNH,Long,86,2020-06-11T20:00:00Z,270.925477,2020-06-12T20:00:00Z,259.5744,-976.19,8.7386,-1398.62,0.0,1398.62,1.0,False,3087;3150
UPS,Short,288,2020-06-08T20:00:00Z,81.818407,2020-06-12T20:00:00Z,78.934399,830.59,9.3632,-256.25,1369.6,539.0,4.0,True,3009;3151
VZ,Long,619,2020-05-19T20:00:00Z,38.278822,2020-06-12T20:00:00Z,39.107517,512.96,9.4821,-624.1,1137.07,701.05,24.0,True,2696;3152
ZTS,Long,180,2020-06-11T20:00:00Z,129.246055,2020-06-12T20:00:00Z,126.14798,-557.65,8.9606,-608.35,0.0,608.35,1.0,False,3096;3153
ADP,Long,190,2020-06-12T20:00:00Z,127.842749,2020-06-15T20:00:00Z,123.777783,-772.34,9.693,-772.34,0.0,772.34,3.0,False,3162;3164
BDX,Long,149,2020-06-12T20:00:00Z,161.316782,2020-06-15T20:00:00Z,157.690602,-540.3,9.5535,-540.3,15.41,555.71,3.0,False,3161;3165
C,Short,606,2020-06-12T20:00:00Z,41.433084,2020-06-15T20:00:00Z,40.28888,693.39,10.2768,-761.75,693.39,761.75,3.0,True,3158;3166
CRM,Short,140,2020-06-12T20:00:00Z,172.604936,2020-06-15T20:00:00Z,168.777993,535.77,9.7186,-372.29,535.77,372.29,3.0,True,3156;3167
CSCO,Long,647,2020-06-12T20:00:00Z,37.683455,2020-06-15T20:00:00Z,36.889151,-513.91,9.7828,-513.91,151.47,665.38,3.0,False,3155;3168
UTX,Short,377,2020-06-08T20:00:00Z,64.999958,2020-06-15T20:00:00Z,54.760595,3860.24,9.2547,0.0,3909.39,1376.32,7.0,True,3005;3169
EL,Long,129,2020-06-11T20:00:00Z,180.095051,2020-06-15T20:00:00Z,172.473775,-983.14,9.0066,-983.14,0.0,983.14,4.0,False,3126;3170
KO,Long,630,2020-06-12T20:00:00Z,38.26875,2020-06-15T20:00:00Z,37.022752,-784.98,9.6186,-784.98,120.36,905.34,3.0,False,3154;3171
MDLZ,Long,515,2020-06-09T20:00:00Z,45.632886,2020-06-15T20:00:00Z,43.21141,-1247.06,9.1483,-1312.93,0.0,1312.93,6.0,False,3073;3172
SO,Long,518,2020-06-08T20:00:00Z,45.459134,2020-06-15T20:00:00Z,42.885975,-1332.9,9.4264,-1332.9,428.14,1761.04,7.0,False,3016;3173
SPGI,Long,79,2020-06-09T20:00:00Z,295.545315,2020-06-15T20:00:00Z,278.274352,-1364.41,9.1801,-1575.02,137.58,1712.6,6.0,False,3071;3174
BA,Short,124,2020-06-15T20:00:00Z,177.28,2020-06-17T20:00:00Z,194.52,-2137.76,9.5103,-2540.76,0.0,2540.76,2.0,False,3178;3186
BMY,Long,502,2020-06-02T20:00:00Z,47.6141,2020-06-17T20:00:00Z,45.118486,-1252.8,9.3246,-2057.6,451.96,2509.56,15.0,False,2917;3187
CI,Long,137,2020-06-15T20:00:00Z,166.66841,2020-06-17T20:00:00Z,174.989686,1140.01,9.3402,0.0,1140.01,150.36,2.0,True,3180;3188
DUK,Long,347,2020-06-15T20:00:00Z,66.486662,2020-06-17T20:00:00Z,68.019045,531.74,9.396,0.0,531.74,200.76,2.0,True,3183;3189
EQIX,Long,39,2020-06-15T20:00:00Z,594.561161,2020-06-17T20:00:00Z,623.698913,1136.37,9.649,0.0,1136.37,0.0,2.0,True,3185;3190
MO,Long,973,2020-06-04T20:00:00Z,24.280957,2020-06-17T20:00:00Z,25.556127,1240.74,9.7483,-407.74,1684.15,2091.89,13.0,True,2973;3191
MS,Long,568,2020-06-09T20:00:00Z,40.312983,2020-06-17T20:00:00Z,40.263378,-28.18,9.2192,-1967.63,0.0,1967.63,8.0,False,3072;3192
NVDA,Long,2546,2020-06-11T20:00:00Z,9.09731,2020-06-17T20:00:00Z,9.061268,-91.76,4.6759,-550.57,217.7,550.57,6.0,False,3119;3193
XOM,Long,651,2020-06-15T20:00:00Z,34.793522,2020-06-17T20:00:00Z,36.826661,1323.57,9.3659,0.0,1423.47,789.15,2.0,True,3176;3194
ZTS,Long,187,2020-06-15T20:00:00Z,123.744625,2020-06-17T20:00:00Z,128.401126,870.77,9.4833,0.0,874.28,3.51,2.0,True,3184;3195
SPY,Short,190,2020-06-04T20:00:00Z,284.552063,2020-06-17T20:00:00Z,287.222711,-507.42,42.5859,-2099.2,1826.38,2333.8,13.0,False,2981;3210
SPY,Short,339,2020-06-08T20:00:00Z,292.948142,2020-06-17T20:00:00Z,287.222711,1940.92,20.0417,-899.15,6104.91,4163.99,9.0,True,3046;3210
SPY,Short,218,2020-06-11T20:00:00Z,284.725838,2020-06-17T20:00:00Z,287.222711,-544.32,24.4146,-2370.68,2133.41,1959.94,6.0,False,3097;3210
AXP,Short,240,2020-06-17T20:00:00Z,97.99422,2020-06-18T20:00:00Z,94.802286,766.06,9.1816,0.0,766.06,0.0,1.0,True,3206;3213
KO,Long,605,2020-06-17T20:00:00Z,38.825296,2020-06-18T20:00:00Z,38.459803,-221.12,9.4048,-221.12,125.64,346.76,1.0,False,3196;3217
LLY,Long,166,2020-06-04T20:00:00Z,141.572953,2020-06-18T20:00:00Z,148.361274,1126.86,9.6786,-1535.08,1909.15,1535.08,14.0,True,2966;3218
NOW,Long,295,2020-06-11T20:00:00Z,78.766,2020-06-18T20:00:00Z,80.452,497.37,9.1577,-513.3,497.37,513.3,7.0,True,3093;3219
ANTM,Long,95,2020-06-17T20:00:00Z,247.84699,2020-06-18T20:00:00Z,243.474197,-415.42,9.3118,-415.42,0.0,415.42,1.0,False,3208;3233
AVGO,Short,925,2020-06-12T20:00:00Z,26.349531,2020-06-18T20:00:00Z,27.15876,-748.54,9.9637,-1278.95,0.0,1278.95,6.0,False,3157;3234
BDX,Long,144,2020-06-17T20:00:00Z,163.51593,2020-06-18T20:00:00Z,162.957526,-80.41,9.401,-95.3,0.0,95.3,1.0,False,3207;3235
CSCO,Long,605,2020-06-17T20:00:00Z,39.088119,2020-06-18T20:00:00Z,38.285454,-485.61,9.3076,-485.61,0.0,485.61,1.0,False,3198;3236
HD,Long,107,2020-06-09T20:00:00Z,218.894026,2020-06-18T20:00:00Z,213.775954,-547.63,9.2826,-1454.85,0.0,1454.85,9.0,False,3061;3237
INTU,Long,84,2020-06-09T20:00:00Z,279.981039,2020-06-18T20:00:00Z,272.690414,-612.41,9.2984,-1186.25,260.4,1446.64,9.0,False,3074;3238
LIN,Short,123,2020-06-17T20:00:00Z,192.703002,2020-06-18T20:00:00Z,191.538051,143.29,9.3776,0.0,223.4,80.11,1.0,True,3201;3239
TMUS,Long,241,2020-06-17T20:00:00Z,97.45487,2020-06-18T20:00:00Z,98.12593,161.73,9.5222,0.0,747.13,585.4,1.0,True,3199;3240
BMY,Long,523,2020-06-18T20:00:00Z,44.676225,2020-06-19T20:00:00Z,44.778893,53.7,9.2835,-66.09,53.7,66.09,1.0,True,3224;3247
CCI,Long,182,2020-06-11T20:00:00Z,127.738958,2020-06-19T20:00:00Z,125.718271,-367.77,9.0552,-776.54,54.69,776.54,8.0,False,3125;3248
CVS,Short,429,2020-06-11T20:00:00Z,54.055787,2020-06-19T20:00:00Z,53.892254,70.16,8.9554,0.0,978.67,908.51,8.0,True,3123;3249
DUK,Long,349,2020-06-18T20:00:00Z,66.971395,2020-06-19T20:00:00Z,67.815769,294.69,9.1899,-826.76,294.69,826.76,1.0,True,3229;3250
MDLZ,Long,523,2020-06-18T20:00:00Z,44.652359,2020-06-19T20:00:00Z,45.769307,584.16,9.4224,0.0,584.16,0.0,1.0,True,3243;3251
AXP,Short,247,2020-06-19T20:00:00Z,96.713735,2020-06-23T20:00:00Z,93.660984,754.03,9.1817,0.0,1104.69,350.66,4.0,True,3254;3261
VRTX,Long,89,2020-06-12T20:00:00Z,268.12,2020-06-23T20:00:00Z,294.06,2308.66,10.0456,-31.15,2463.52,154.86,11.0,True,3160;3262
BLK,Short,49,2020-06-18T20:00:00Z,474.572177,2020-06-23T20:00:00Z,483.315,-428.4,9.4004,-428.4,0.0,428.4,5.0,False,3226;3263
C,Long,551,2020-06-18T20:00:00Z,42.440306,2020-06-23T20:00:00Z,42.665924,124.32,9.4098,-270.83,124.32,270.83,5.0,True,3242;3264
SHOP,Short,326,2020-06-12T20:00:00Z,74.5,2020-06-23T20:00:00Z,91.99,-5701.74,10.7836,-5701.74,0.0,5701.74,11.0,False,3159;3265
DHR,Short,176,2020-06-17T20:00:00Z,134.362016,2020-06-23T20:00:00Z,134.667385,-53.74,9.4569,-53.74,409.8,463.55,6.0,False,3200;3266
ECL,Long,122,2020-06-18T20:00:00Z,191.060761,2020-06-23T20:00:00Z,189.863943,-146.01,9.2409,-523.59,0.0,523.59,5.0,False,3231;3267
EL,Long,130,2020-06-19T20:00:00Z,182.983982,2020-06-23T20:00:00Z,177.563797,-704.62,9.1711,-865.58,0.0,865.58,4.0,False,3257;3268
FIS,Short,191,2020-06-09T20:00:00Z,122.27771,2020-06-23T20:00:00Z,121.442103,159.6,9.199,0.0,1224.66,1065.05,14.0,True,3069;3269
REGN,Long,39,2020-06-11T20:00:00Z,614.203868,2020-06-23T20:00:00Z,625.427948,437.74,9.4651,-1221.27,924.16,1221.27,12.0,True,3129;3270
MCD,Long,148,2020-05-28T20:00:00Z,162.710681,2020-06-23T20:00:00Z,163.907941,177.19,9.5754,-236.18,1853.72,2059.18,26.0,True,2794;3271
EQIX,Long,37,2020-06-18T20:00:00Z,618.777476,2020-06-23T20:00:00Z,621.84227,113.4,9.1454,-61.14,489.09,550.22,5.0,True,3230;3272
MS,Long,596,2020-06-18T20:00:00Z,38.957091,2020-06-23T20:00:00Z,39.932672,581.45,9.4046,-78.84,581.45,78.84,5.0,True,3227;3273
NEE,Short,443,2020-06-18T20:00:00Z,52.914307,2020-06-23T20:00:00Z,53.129666,-95.4,9.2974,-95.4,562.03,657.44,5.0,False,3225;3274
NOW,Long,292,2020-06-19T20:00:00Z,81.25,2020-06-23T20:00:00Z,81.6,102.2,9.3535,-310.1,102.2,310.1,4.0,True,3256;3275
SPGI,Short,79,2020-06-19T20:00:00Z,298.265222,2020-06-23T20:00:00Z,295.823589,192.89,9.2514,0.0,419.11,226.22,4.0,True,3255;3276
PLD,Long,299,2020-06-15T20:00:00Z,76.337827,2020-06-23T20:00:00Z,78.605038,677.9,9.3319,0.0,1503.92,1368.35,8.0,True,3181;3277
XOM,Long,657,2020-06-18T20:00:00Z,35.376611,2020-06-23T20:00:00Z,35.990389,403.25,9.4371,-32.76,403.25,32.76,5.0,True,3222;3278
ACN,Long,127,2020-06-11T20:00:00Z,182.981259,2020-06-24T20:00:00Z,182.972355,-1.13,8.9958,-647.9,212.58,647.9,13.0,False,3121;3294
ADBE,Long,57,2020-06-17T20:00:00Z,414.0,2020-06-24T20:00:00Z,440.0,1482.0,9.6349,0.0,1513.35,505.59,7.0,True,3197;3295
AMGN,Long,126,2020-06-11T20:00:00Z,188.381597,2020-06-24T20:00:00Z,193.585508,655.69,9.3964,-1057.43,1107.39,1057.43,13.0,True,3120;3296
CAT,Long,209,2020-06-23T20:00:00Z,113.579472,2020-06-24T20:00:00Z,111.261341,-484.49,9.2541,-993.2,0.0,993.2,1.0,False,3289;3297
CL,Long,368,2020-06-19T20:00:00Z,64.57466,2020-06-24T20:00:00Z,62.658396,-705.19,9.2367,-883.07,0.0,883.07,5.0,False,3259;3298
CVS,Short,446,2020-06-23T20:00:00Z,53.033706,2020-06-24T20:00:00Z,52.175159,382.91,9.3073,0.0,612.66,229.75,1.0,True,3285;3299
JPM,Long,285,2020-06-23T20:00:00Z,84.10677,2020-06-24T20:00:00Z,82.203364,-542.47,9.3281,-1046.19,0.0,1046.19,1.0,False,3279;3300
KO,Long,600,2020-06-19T20:00:00Z,39.680881,2020-06-24T20:00:00Z,37.687285,-1196.16,9.038,-1555.01,0.0,1555.01,5.0,False,3252;3301
MDLZ,Long,525,2020-06-23T20:00:00Z,44.848464,2020-06-24T20:00:00Z,44.004358,-443.16,9.1818,-877.36,0.0,877.36,1.0,False,3286;3302
NKE,Long,262,2020-06-18T20:00:00Z,89.160286,2020-06-24T20:00:00Z,91.193022,532.58,9.3984,-688.8,764.54,688.8,6.0,True,3223;3303
ADP,Long,178,2020-06-19T20:00:00Z,133.762518,2020-06-25T20:00:00Z,125.242557,-1516.55,9.1471,-1516.55,0.0,1516.55,6.0,False,3258;3315
AAPL,Short,278,2020-06-11T20:00:00Z,84.371145,2020-06-25T20:00:00Z,87.122325,-764.83,9.4108,-1156.98,705.07,1862.04,14.0,False,3118;3328
BLK,Short,48,2020-06-24T20:00:00Z,473.519241,2020-06-25T20:00:00Z,464.129121,450.73,8.9941,0.0,450.73,0.0,1.0,True,3311;3329
BMY,Long,508,2020-06-24T20:00:00Z,45.892442,2020-06-25T20:00:00Z,45.813467,-40.12,9.3029,-40.12,28.08,68.2,1.0,False,3309;3330
C,Long,549,2020-06-24T20:00:00Z,41.658702,2020-06-25T20:00:00Z,40.595075,-583.93,9.1593,-583.93,440.16,1024.09,1.0,False,3310;3331
DIS,Long,207,2020-06-24T20:00:00Z,112.22694,2020-06-25T20:00:00Z,105.682389,-1354.72,8.9681,-1354.72,0.0,1354.72,1.0,False,3305;3332
HD,Long,109,2020-06-23T20:00:00Z,216.896521,2020-06-25T20:00:00Z,209.866673,-766.25,9.264,-766.25,0.0,766.25,2.0,False,3280;3333
LIN,Long,121,2020-06-23T20:00:00Z,196.234545,2020-06-25T20:00:00Z,188.767854,-903.47,9.3568,-903.47,0.0,903.47,2.0,False,3283;3334
MA,Long,78,2020-06-24T20:00:00Z,294.752732,2020-06-25T20:00:00Z,284.27693,-817.11,8.9252,-817.11,0.0,817.11,1.0,False,3304;3335
NFLX,Long,501,2020-06-23T20:00:00Z,46.7,2020-06-25T20:00:00Z,45.886,-407.81,9.3403,-458.42,0.0,458.42,2.0,False,3281;3336
PYPL,Long,137,2020-06-24T20:00:00Z,168.570124,2020-06-25T20:00:00Z,167.136116,-196.46,9.2268,-196.46,277.75,474.21,1.0,False,3306;3337
QCOM,Short,316,2020-06-15T20:00:00Z,73.260197,2020-06-25T20:00:00Z,77.664389,-1391.72,9.7033,-1734.81,0.0,1734.81,10.0,False,3179;3338
SBUX,Short,347,2020-06-17T20:00:00Z,67.821337,2020-06-25T20:00:00Z,63.477714,1507.24,9.1007,0.0,1507.24,63.3,8.0,True,3205;3339
ZM,Long,93,2020-06-23T20:00:00Z,251.0,2020-06-25T20:00:00Z,258.22,671.46,9.5292,0.0,791.43,119.97,2.0,True,3290;3340
TMUS,Long,233,2020-06-19T20:00:00Z,101.98216,2020-06-25T20:00:00Z,103.75905,414.02,9.5616,-286.29,504.31,286.29,6.0,True,3253;3341
TXN,Long,222,2020-06-23T20:00:00Z,106.537111,2020-06-25T20:00:00Z,104.324424,-491.22,9.4015,-493.08,0.0,493.08,2.0,False,3282;3342
PLD,Short,310,2020-06-25T20:00:00Z,75.363766,2020-06-25T20:00:00Z,75.363766,0.0,14.2863,0.0,0.0,0.0,0.0,False,3325;3346
FISV,Short,242,2020-06-25T20:00:00Z,96.63,2020-06-29T20:00:00Z,95.16,355.74,14.2032,-91.96,413.82,505.78,4.0,True,3349;3362
SPY,Short,163,2020-06-11T20:00:00Z,284.725838,2020-06-29T20:00:00Z,276.893756,1276.63,9.1178,-1772.57,1595.16,1680.51,18.0,True,3097;3365
AMT,Long,109,2020-06-25T20:00:00Z,214.245877,2020-06-29T20:00:00Z,210.673427,-389.4,9.3338,-716.34,0.0,716.34,4.0,False,3343;3366
SHOP,Long,261,2020-06-25T20:00:00Z,88.656,2020-06-29T20:00:00Z,91.101,638.14,9.5982,0.0,935.95,297.8,4.0,True,3344;3367
COST,Long,84,2020-06-11T20:00:00Z,280.664103,2020-06-29T20:00:00Z,271.933063,-733.41,9.2528,-800.99,0.0,800.99,18.0,False,3089;3368
MCD,Long,145,2020-06-24T20:00:00Z,159.93887,2020-06-29T20:00:00Z,156.142743,-550.44,9.2055,-654.51,0.0,654.51,5.0,False,3308;3369
TMO,Long,72,2020-05-28T20:00:00Z,335.0191,2020-06-29T20:00:00Z,347.529282,900.73,9.8168,-318.37,1140.02,1256.51,32.0,True,2833;3370
UNH,Long,92,2020-06-15T20:00:00Z,248.294769,2020-06-29T20:00:00Z,258.719141,959.04,9.4864,0.0,1714.08,884.59,14.0,True,3175;3371
WFC,Long,1030,2020-06-25T20:00:00Z,22.58218,2020-06-29T20:00:00Z,22.286647,-304.4,9.4981,-572.99,0.0,572.99,4.0,False,3324;3372
LLY,Long,157,2020-06-24T20:00:00Z,148.202318,2020-06-29T20:00:00Z,153.064476,763.36,14.0792,0.0,763.36,5.87,5.0,True,3307;3373
NKE,Short,258,2020-06-25T20:00:00Z,89.648143,2020-06-29T20:00:00Z,84.652131,1288.97,13.9946,0.0,1295.96,512.79,4.0,True,3323;3374
ISRG,Short,128,2020-06-29T20:00:00Z,184.503315,2020-06-29T20:00:00Z,184.503315,0.0,14.1765,0.0,0.0,0.0,0.0,False,3363;3379
BKNG,Long,389,2020-06-29T20:00:00Z,61.258462,2020-06-29T20:00:00Z,61.258462,0.0,14.5298,0.0,0.0,0.0,0.0,False,3361;3380
SPY,Short,63,2020-06-11T20:00:00Z,284.725838,2020-06-29T20:00:00Z,276.893756,493.42,24.4446,-685.1,616.54,649.52,18.0,True,3097;3381
SPY,Short,374,2020-06-11T20:00:00Z,284.725838,2020-06-29T20:00:00Z,276.893756,2929.2,21.1154,-4067.12,3660.07,3855.89,18.0,True,3130;3381
ACN,Long,124,2020-06-29T20:00:00Z,187.103501,2020-06-30T20:00:00Z,189.08004,245.09,9.438,0.0,504.53,259.44,1.0,True,3356;3382
BA,Short,132,2020-06-25T20:00:00Z,170.0,2020-06-30T20:00:00Z,188.02,-2378.64,9.456,-3232.68,0.0,3232.68,5.0,False,3345;3383
VRTX,Short,82,2020-06-29T20:00:00Z,286.95,2020-06-30T20:00:00Z,287.68,-59.86,9.438,-275.52,0.0,275.52,1.0,False,3360;3384
MS,Short,603,2020-06-29T20:00:00Z,39.3126,2020-06-30T20:00:00Z,38.907486,244.28,9.5271,-373.9,244.28,373.9,1.0,True,3378;3385
NOW,Short,293,2020-06-29T20:00:00Z,80.296,2020-06-30T20:00:00Z,78.976,386.76,9.3714,-209.79,386.76,209.79,1.0,True,3377;3386
TMUS,Short,236,2020-06-29T20:00:00Z,99.987884,2020-06-30T20:00:00Z,100.337591,-82.53,9.3733,-82.53,365.81,448.34,1.0,False,3375;3387
UNP,Long,165,2020-06-29T20:00:00Z,142.916223,2020-06-30T20:00:00Z,143.561719,106.51,9.6311,0.0,752.74,646.24,1.0,True,3358;3388
BKNG,Short,389,2020-06-29T20:00:00Z,61.258462,2020-06-30T20:00:00Z,61.888719,-245.17,9.507,-373.46,0.0,373.46,1.0,False,3380;3393
ISRG,Long,128,2020-06-29T20:00:00Z,184.503315,2020-06-30T20:00:00Z,184.883315,48.64,9.6491,0.0,696.32,647.68,1.0,True,3379;3394
AMT,Long,109,2020-06-30T20:00:00Z,214.2206,2020-07-01T20:00:00Z,218.492374,465.62,9.6234,0.0,1023.09,557.46,1.0,True,3390;3396
AXP,Short,270,2020-06-29T20:00:00Z,87.629714,2020-07-01T20:00:00Z,88.73572,-298.62,9.4704,-298.62,0.0,298.62,2.0,False,3359;3397
BMY,Short,516,2020-06-29T20:00:00Z,45.797672,2020-07-01T20:00:00Z,46.745374,-489.01,9.5545,-586.82,0.0,586.82,2.0,False,3357;3398
TSLA,Short,347,2020-06-30T20:00:00Z,67.099993,2020-07-01T20:00:00Z,72.233326,-1781.27,10.1761,-2617.07,0.0,2617.07,1.0,False,3389;3399
QCOM,Short,300,2020-06-30T20:00:00Z,78.102182,2020-07-01T20:00:00Z,79.686991,-475.44,9.5083,-475.44,0.0,475.44,1.0,False,3391;3400
ZTS,Long,185,2020-06-25T20:00:00Z,125.960218,2020-07-01T20:00:00Z,128.889307,541.88,9.4656,-380.36,541.88,380.36,6.0,True,3326;3401
ISRG,Short,126,2020-06-30T20:00:00Z,184.883315,2020-07-01T20:00:00Z,190.666648,-728.7,9.554,-877.38,0.0,877.38,1.0,False,3394;3408
FISV,Long,247,2020-06-29T20:00:00Z,95.16,2020-07-01T20:00:00Z,97.88,671.84,9.5742,0.0,824.98,153.14,2.0,True,3362;3409
ADP,Long,187,2020-06-29T20:00:00Z,126.768003,2020-07-02T20:00:00Z,130.711627,737.46,9.6249,0.0,737.46,0.0,3.0,True,3364;3411
ANTM,Long,98,2020-06-25T20:00:00Z,236.822753,2020-07-02T20:00:00Z,249.959585,1287.41,9.5471,-95.83,1287.41,151.89,7.0,True,3348;3412
BKNG,Long,375,2020-06-30T20:00:00Z,61.888719,2020-07-02T20:00:00Z,66.038729,1556.25,4.8939,0.0,1556.25,0.0,2.0,True,3393;3413
REGN,Long,37,2020-06-24T20:00:00Z,624.110382,2020-07-02T20:00:00Z,606.377722,-656.11,8.9985,-763.5,0.0,763.5,8.0,False,3313;3414
ISRG,Long,123,2020-07-01T20:00:00Z,190.666648,2020-07-02T20:00:00Z,194.096647,421.89,4.7599,0.0,421.89,0.0,1.0,True,3408;3415
LOW,Short,202,2020-06-08T20:00:00Z,116.018414,2020-07-02T20:00:00Z,122.366793,-1282.37,9.6005,-1282.37,1113.07,2395.44,24.0,False,3007;3416
MMM,Short,261,2020-06-17T20:00:00Z,90.240124,2020-07-02T20:00:00Z,88.786819,379.31,9.2999,0.0,1164.4,785.09,15.0,True,3204;3417
T,Long,1500,2020-06-18T20:00:00Z,15.551302,2020-07-02T20:00:00Z,15.613507,93.31,9.3977,-711.47,217.72,929.19,14.0,True,3241;3418
UNP,Long,158,2020-07-01T20:00:00Z,147.818501,2020-07-02T20:00:00Z,147.574259,-38.59,9.2605,-52.37,0.0,52.37,1.0,False,3405;3419
XOM,Short,681,2020-07-01T20:00:00Z,34.1644,2020-07-02T20:00:00Z,34.195089,-20.9,9.1737,-20.9,235.12,256.01,1.0,False,3404;3420
SPY,Short,10,2020-06-11T20:00:00Z,284.725838,2020-07-02T20:00:00Z,288.670605,-39.45,9.6373,-108.75,97.86,130.35,21.0,False,3130;3438
SPY,Short,142,2020-06-12T20:00:00Z,281.991168,2020-07-02T20:00:00Z,288.670605,-948.48,7.9018,-1932.52,1001.33,1851.02,20.0,False,3163;3438
SPY,Short,16,2020-06-18T20:00:00Z,283.509413,2020-07-02T20:00:00Z,288.670605,-82.58,7.1859,-193.46,137.12,208.57,14.0,False,3232;3438
AMT,Long,104,2020-07-02T20:00:00Z,225.847913,2020-07-06T20:00:00Z,225.805785,-4.38,9.2915,-182.26,0.0,182.26,4.0,False,3428;3439
AVGO,Short,868,2020-06-29T20:00:00Z,27.082523,2020-07-06T20:00:00Z,28.131293,-910.33,9.5927,-910.33,0.0,910.33,7.0,False,3376;3440
DIS,Short,213,2020-07-02T20:00:00Z,111.490072,2020-07-06T20:00:00Z,110.365379,239.56,9.3614,0.0,239.56,0.0,4.0,True,3425;3441
TSLA,Short,313,2020-07-02T20:00:00Z,81.431992,2020-07-06T20:00:00Z,85.112658,-1152.05,10.7682,-3132.09,0.0,3132.09,4.0,False,3423;3442
GS,Long,135,2020-06-15T20:00:00Z,169.34679,2020-07-06T20:00:00Z,174.390942,680.96,9.6636,-763.89,1618.89,2382.78,21.0,True,3182;3443
MS,Long,594,2020-07-02T20:00:00Z,40.346054,2020-07-06T20:00:00Z,40.42873,49.11,9.49,0.0,49.11,0.0,4.0,True,3436;3444
QCOM,Short,297,2020-07-02T20:00:00Z,79.757038,2020-07-06T20:00:00Z,81.613278,-551.3,9.6109,-551.3,0.0,551.3,4.0,False,3433;3445
ZTS,Long,181,2020-07-02T20:00:00Z,130.100373,2020-07-06T20:00:00Z,130.090985,-1.7,9.3887,-1.7,3.4,5.1,4.0,False,3437;3446
NFLX,Long,481,2020-07-02T20:00:00Z,48.564,2020-07-06T20:00:00Z,48.151,-198.65,14.1577,-198.65,392.98,591.63,4.0,False,3422;3447
FISV,Short,239,2020-07-01T20:00:00Z,97.88,2020-07-06T20:00:00Z,99.43,-370.45,9.3401,-370.45,0.0,370.45,5.0,False,3409;3452
ZM,Long,94,2020-06-30T20:00:00Z,249.87,2020-07-08T20:00:00Z,263.8,1309.42,9.7734,0.0,1546.3,236.88,8.0,True,3392;3456
WFC,Long,1072,2020-07-02T20:00:00Z,22.382261,2020-07-08T20:00:00Z,21.24359,-1220.65,9.2993,-1220.65,0.0,1220.65,6.0,False,3432;3458
INTC,Long,436,2020-06-18T20:00:00Z,53.80214,2020-07-08T20:00:00Z,52.135031,-726.86,13.8772,-1107.78,0.0,1107.78,20.0,False,3221;3460
ABT,Short,297,2020-06-15T20:00:00Z,77.939676,2020-07-08T20:00:00Z,82.677325,-1407.08,9.6343,-1441.47,58.19,1499.65,23.0,False,3177;3470
BA,Short,128,2020-07-06T20:00:00Z,184.5,2020-07-08T20:00:00Z,178.76,734.72,9.4205,0.0,734.72,153.6,2.0,True,3448;3471
BDX,Long,144,2020-06-23T20:00:00Z,163.253963,2020-07-08T20:00:00Z,173.684402,1501.98,9.7398,-781.27,1580.41,781.27,15.0,True,3288;3472
VRTX,Long,80,2020-07-06T20:00:00Z,294.36,2020-07-08T20:00:00Z,300.05,455.2,9.3957,0.0,455.2,251.2,2.0,True,3449;3473
CI,Long,136,2020-06-18T20:00:00Z,171.247361,2020-07-08T20:00:00Z,164.158534,-964.08,9.055,-1257.71,238.57,1496.28,20.0,False,3228;3474
UTX,Short,399,2020-06-17T20:00:00Z,59.106674,2020-07-08T20:00:00Z,52.830936,2504.02,8.8723,0.0,3086.67,1463.57,21.0,True,3202;3475
HON,Short,185,2020-06-23T20:00:00Z,128.063566,2020-07-08T20:00:00Z,125.833192,412.62,9.3613,-37.07,1415.16,1452.23,15.0,True,3284;3476
MDLZ,Long,533,2020-07-01T20:00:00Z,43.784583,2020-07-08T20:00:00Z,44.050412,141.69,9.3532,0.0,255.95,173.68,7.0,True,3407;3477
NFLX,Short,488,2020-07-06T20:00:00Z,48.151,2020-07-08T20:00:00Z,49.874,-840.82,4.9071,-1037.98,0.0,1037.98,2.0,False,3447;3478
NKE,Long,277,2020-06-29T20:00:00Z,84.652131,2020-07-08T20:00:00Z,88.085195,950.96,4.947,0.0,1564.08,720.73,9.0,True,3374;3479
PM,Long,440,2020-07-02T20:00:00Z,53.840003,2020-07-08T20:00:00Z,55.356623,667.31,9.5266,-133.46,667.31,213.54,6.0,True,3429;3480
PYPL,Short,133,2020-07-02T20:00:00Z,177.767555,2020-07-08T20:00:00Z,176.91704,113.12,9.4383,-239.39,469.57,708.96,6.0,True,3424;3481
SYK,Long,125,2020-06-11T20:00:00Z,182.877661,2020-07-08T20:00:00Z,169.889539,-1623.52,8.5664,-2520.2,0.0,2520.2,27.0,False,3092;3482
UPS,Short,289,2020-06-17T20:00:00Z,81.695684,2020-07-08T20:00:00Z,87.73983,-1746.76,9.8182,-1955.13,0.0,1955.13,21.0,False,3203;3483
LOW,Short,192,2020-07-08T20:00:00Z,120.96694,2020-07-08T20:00:00Z,120.96694,0.0,13.9498,0.0,0.0,0.0,0.0,False,3465;3487
REGN,Short,37,2020-07-06T20:00:00Z,629.093359,2020-07-08T20:00:00Z,644.329577,-563.74,13.8598,-563.74,0.0,563.74,2.0,False,3451;3490
ADBE,Short,51,2020-07-08T20:00:00Z,453.76,2020-07-09T20:00:00Z,460.0,-318.24,9.3689,-361.08,0.0,361.08,1.0,False,3462;3493
AMZN,Short,169,2020-07-01T20:00:00Z,137.575988,2020-07-09T20:00:00Z,155.434493,-3018.09,10.2196,-3579.79,0.0,3579.79,8.0,False,3402;3494
TSLA,Long,249,2020-07-08T20:00:00Z,93.709324,2020-07-09T20:00:00Z,93.099991,-151.72,9.1637,-188.58,0.0,188.58,1.0,False,3459;3495
GILD,Short,391,2020-06-08T20:00:00Z,62.3344,2020-07-09T20:00:00Z,59.596858,1070.38,9.3682,0.0,1777.64,1436.24,31.0,True,3006;3496
REGN,Long,36,2020-07-08T20:00:00Z,644.329577,2020-07-09T20:00:00Z,642.932759,-50.29,4.5694,-348.79,0.0,348.79,1.0,False,3490;3497
MS,Long,589,2020-07-08T20:00:00Z,39.353938,2020-07-09T20:00:00Z,40.346054,584.36,9.3911,-43.83,584.36,43.83,1.0,True,3466;3498
PFE,Short,1000,2020-07-02T20:00:00Z,23.91415,2020-07-09T20:00:00Z,23.366709,547.44,9.4215,0.0,720.68,173.24,7.0,True,3426;3499
TGT,Long,228,2020-06-23T20:00:00Z,103.273387,2020-07-09T20:00:00Z,98.597839,-1066.03,9.164,-1154.06,0.0,1154.06,16.0,False,3292;3500
WMT,Long,637,2020-06-11T20:00:00Z,37.157543,2020-07-09T20:00:00Z,38.573215,901.78,9.6962,-637.7,1320.4,657.26,28.0,True,3086;3501
CVX,Short,350,2020-07-08T20:00:00Z,66.023787,2020-07-13T20:00:00Z,65.901521,42.79,9.1882,0.0,965.52,922.73,5.0,True,3485;3513
DUK,Long,363,2020-06-23T20:00:00Z,65.071553,2020-07-13T20:00:00Z,63.44535,-590.31,9.2673,-1220.36,0.0,1220.36,20.0,False,3291;3514
ISRG,Long,119,2020-07-09T20:00:00Z,193.073314,2020-07-13T20:00:00Z,193.053314,-2.38,9.0897,-314.56,0.0,314.56,4.0,False,3509;3515
LLY,Short,154,2020-06-29T20:00:00Z,153.064476,2020-07-13T20:00:00Z,153.915354,-131.04,4.6697,-781.89,223.19,839.49,14.0,False,3373;3516
LMT,Short,75,2020-07-01T20:00:00Z,309.566459,2020-07-13T20:00:00Z,298.80084,807.42,9.0464,0.0,1671.88,864.46,12.0,True,3406;3517
MO,Long,934,2020-07-08T20:00:00Z,24.712117,2020-07-13T20:00:00Z,24.898295,173.89,9.2823,-707.16,260.84,707.16,5.0,True,3467;3518
NOW,Short,280,2020-07-02T20:00:00Z,84.262,2020-07-13T20:00:00Z,85.0,-206.64,9.1401,-283.36,1088.64,1295.28,11.0,False,3434;3519
ZM,Long,86,2020-07-09T20:00:00Z,269.07,2020-07-13T20:00:00Z,278.63,822.16,9.1129,-754.22,822.16,1339.02,4.0,True,3507;3520
PLD,Long,310,2020-06-25T20:00:00Z,75.363766,2020-07-13T20:00:00Z,80.175291,1491.57,4.8714,0.0,1775.31,780.93,18.0,True,3346;3521
TMO,Short,61,2020-07-08T20:00:00Z,378.109184,2020-07-13T20:00:00Z,378.227177,-7.2,9.1836,-187.74,336.49,343.68,5.0,False,3463;3522
WFC,Short,1088,2020-07-08T20:00:00Z,21.24359,2020-07-13T20:00:00Z,22.425721,-1286.16,9.4476,-1286.16,368.82,1654.98,5.0,False,3488;3523
ZTS,Long,178,2020-07-08T20:00:00Z,130.231806,2020-07-13T20:00:00Z,129.987716,-43.45,13.9103,-270.72,0.0,270.72,5.0,False,3469;3538
ANTM,Short,94,2020-07-08T20:00:00Z,245.642143,2020-07-13T20:00:00Z,236.527544,856.77,13.6782,0.0,977.31,223.73,5.0,True,3491;3539
BDX,Long,130,2020-07-13T20:00:00Z,177.39331,2020-07-14T20:00:00Z,177.200281,-25.09,9.335,-25.09,544.89,569.99,1.0,False,3534;3541
JPM,Long,292,2020-07-01T20:00:00Z,80.631354,2020-07-14T20:00:00Z,84.231362,1051.2,9.5491,-675.02,1061.22,932.01,13.0,True,3403;3546
UNH,Long,88,2020-07-13T20:00:00Z,262.037778,2020-07-14T20:00:00Z,267.114396,446.74,9.6015,0.0,1292.08,845.34,1.0,True,3526;3552
AVGO,Short,821,2020-07-09T20:00:00Z,28.132172,2020-07-14T20:00:00Z,27.163401,795.36,9.1889,0.0,795.36,272.1,5.0,True,3505;3563
AXP,Long,267,2020-07-08T20:00:00Z,85.725044,2020-07-14T20:00:00Z,86.862203,303.62,9.3446,-348.42,714.26,410.64,6.0,True,3489;3564
CME,Long,168,2020-06-18T20:00:00Z,138.778609,2020-07-14T20:00:00Z,129.965284,-1480.64,8.9752,-2049.0,0.0,2049.0,26.0,False,3245;3565
CVS,Short,450,2020-07-13T20:00:00Z,51.226668,2020-07-14T20:00:00Z,51.038606,84.63,9.2959,-386.35,84.63,386.35,1.0,True,3533;3566
HD,Long,109,2020-07-02T20:00:00Z,215.987784,2020-07-14T20:00:00Z,213.467327,-274.73,9.4621,-428.92,546.66,821.39,12.0,False,3421;3567
HON,Long,181,2020-07-09T20:00:00Z,126.103276,2020-07-14T20:00:00Z,125.014226,-197.12,9.1308,-361.12,531.43,728.55,5.0,False,3506;3568
INTU,Short,80,2020-07-02T20:00:00Z,291.672828,2020-07-14T20:00:00Z,282.319276,748.28,9.0497,-423.28,1453.68,705.39,12.0,True,3435;3569
JNJ,Long,189,2020-06-08T20:00:00Z,123.672571,2020-07-14T20:00:00Z,123.19782,-89.73,9.4435,-1293.04,326.87,1600.68,36.0,False,2997;3570
MA,Long,80,2020-07-13T20:00:00Z,288.237037,2020-07-14T20:00:00Z,282.566356,-453.65,9.1216,-453.65,84.38,538.04,1.0,False,3525;3571
MDLZ,Long,523,2020-07-13T20:00:00Z,44.547769,2020-07-14T20:00:00Z,44.144738,-210.79,9.3732,-210.79,403.63,614.42,1.0,False,3536;3572
MS,Long,560,2020-07-13T20:00:00Z,42.189736,2020-07-14T20:00:00Z,41.561396,-351.87,9.3264,-351.87,0.0,351.87,1.0,False,3535;3573
NKE,Short,260,2020-07-13T20:00:00Z,88.762774,2020-07-14T20:00:00Z,87.028173,451.0,9.0772,0.0,451.0,0.0,1.0,True,3529;3574
PM,Long,417,2020-07-13T20:00:00Z,55.076048,2020-07-14T20:00:00Z,55.44762,154.95,9.348,0.0,531.24,376.3,1.0,True,3531;3575
PYPL,Short,128,2020-07-09T20:00:00Z,181.070719,2020-07-14T20:00:00Z,167.136116,1783.63,9.0012,0.0,1783.63,100.0,5.0,True,3503;3576
T,Short,1460,2020-07-09T20:00:00Z,15.721105,2020-07-14T20:00:00Z,15.673641,69.3,9.1642,-246.39,69.3,246.39,5.0,True,3502;3577
TMUS,Short,228,2020-07-13T20:00:00Z,101.06536,2020-07-14T20:00:00Z,98.149559,664.8,9.0469,0.0,664.8,0.0,1.0,True,3530;3578
ZTS,Short,179,2020-07-13T20:00:00Z,129.987716,2020-07-14T20:00:00Z,129.771789,38.65,9.4369,-324.33,38.65,324.33,1.0,True,3538;3583
REGN,Long,37,2020-07-13T20:00:00Z,617.839559,2020-07-14T20:00:00Z,609.825189,-296.53,14.0434,-296.53,643.65,940.18,1.0,False,3537;3584
ADBE,Short,49,2020-07-13T20:00:00Z,469.77,2020-07-15T20:00:00Z,435.16,1695.89,8.5797,0.0,1801.24,105.35,2.0,True,3528;3585
CAT,Long,215,2020-06-25T20:00:00Z,108.42609,2020-07-15T20:00:00Z,124.822404,3525.21,10.0857,0.0,3525.21,709.26,20.0,True,3347;3586
DIS,Short,203,2020-07-09T20:00:00Z,112.905635,2020-07-15T20:00:00Z,118.005537,-1035.28,9.3573,-1035.28,41.33,1076.61,6.0,False,3504;3587
TSLA,Long,233,2020-07-14T20:00:00Z,103.733323,2020-07-15T20:00:00Z,102.83599,-209.08,9.5151,-209.08,0.0,209.08,1.0,False,3554;3588
GS,Long,134,2020-07-08T20:00:00Z,172.643225,2020-07-15T20:00:00Z,194.671372,2951.77,9.7191,-314.19,2951.77,314.19,7.0,True,3468;3589
KO,Short,620,2020-07-14T20:00:00Z,37.305179,2020-07-15T20:00:00Z,38.459803,-715.87,9.504,-767.37,0.0,767.37,1.0,False,3579;3590
MDT,Short,302,2020-07-14T20:00:00Z,77.0442,2020-07-15T20:00:00Z,79.428466,-720.05,9.6246,-1108.92,0.0,1108.92,1.0,False,3580;3591
MO,Long,934,2020-07-14T20:00:00Z,24.954149,2020-07-15T20:00:00Z,25.655422,654.99,9.513,0.0,654.99,0.0,1.0,True,3582;3592
NOW,Short,290,2020-07-14T20:00:00Z,80.0,2020-07-15T20:00:00Z,84.578,-1327.62,9.7068,-1366.48,0.0,1366.48,1.0,False,3559;3593
TMO,Short,62,2020-07-14T20:00:00Z,372.593002,2020-07-15T20:00:00Z,386.132721,-839.46,9.5122,-839.46,0.0,839.46,1.0,False,3556;3594
UNP,Long,158,2020-07-14T20:00:00Z,146.771751,2020-07-15T20:00:00Z,152.450368,897.22,9.545,0.0,897.22,0.0,1.0,True,3557;3595
WFC,Long,1056,2020-07-14T20:00:00Z,20.852444,2020-07-15T20:00:00Z,21.765119,963.78,9.1036,0.0,1239.15,275.37,1.0,True,3558;3596
REGN,Short,38,2020-07-14T20:00:00Z,609.825189,2020-07-15T20:00:00Z,635.988292,-994.2,9.277,-994.2,0.0,994.2,1.0,False,3584;3609
ZTS,Long,179,2020-07-14T20:00:00Z,129.771789,2020-07-15T20:00:00Z,132.898029,559.6,9.5277,0.0,791.5,231.9,1.0,True,3583;3610
BKNG,Long,357,2020-07-06T20:00:00Z,66.667033,2020-07-16T20:00:00Z,69.051306,851.19,9.6265,-679.89,1299.38,733.03,10.0,True,3450;3611
BLK,Long,48,2020-07-15T20:00:00Z,493.913408,2020-07-16T20:00:00Z,487.889231,-289.16,9.4085,-289.16,0.0,289.16,1.0,False,3605;3612
DUK,Long,366,2020-07-14T20:00:00Z,63.656444,2020-07-16T20:00:00Z,63.093528,-206.03,9.3147,-283.29,0.0,283.29,2.0,False,3562;3613
UTX,Long,445,2020-07-13T20:00:00Z,52.396328,2020-07-16T20:00:00Z,54.152144,781.34,9.4163,0.0,1028.89,247.55,3.0,True,3532;3614
EL,Long,131,2020-06-24T20:00:00Z,177.462914,2020-07-16T20:00:00Z,182.158573,615.13,9.2964,-1124.54,724.46,1124.54,22.0,True,3312;3615
GOOGL,Short,302,2020-07-13T20:00:00Z,76.824957,2020-07-16T20:00:00Z,74.29305,764.64,9.0558,0.0,764.64,0.0,3.0,True,3524;3616
APD,Long,98,2020-07-09T20:00:00Z,235.796235,2020-07-16T20:00:00Z,246.375832,1036.8,9.5288,0.0,1378.71,341.91,7.0,True,3511;3617
NFLX,Short,420,2020-07-13T20:00:00Z,56.776,2020-07-16T20:00:00Z,52.674,1722.84,8.8443,0.0,1869.0,173.46,3.0,True,3527;3618
PFE,Short,955,2020-07-15T20:00:00Z,24.891227,2020-07-16T20:00:00Z,24.634831,244.86,9.4383,0.0,244.86,0.0,1.0,True,3599;3619
QCOM,Long,287,2020-07-08T20:00:00Z,81.665813,2020-07-16T20:00:00Z,79.792061,-537.77,9.2843,-537.77,0.0,537.77,8.0,False,3486;3620
SYK,Long,135,2020-07-09T20:00:00Z,170.284151,2020-07-16T20:00:00Z,175.949641,764.84,9.243,-428.72,936.07,428.72,7.0,True,3508;3621
JPM,Long,276,2020-07-15T20:00:00Z,86.608064,2020-07-16T20:00:00Z,84.754751,-511.51,14.1626,-511.51,0.0,511.51,1.0,False,3597;3623
ZTS,Short,176,2020-07-15T20:00:00Z,132.898029,2020-07-16T20:00:00Z,134.061968,-204.85,9.4336,-261.11,0.0,261.11,1.0,False,3610;3629
ANTM,Long,98,2020-07-13T20:00:00Z,236.527544,2020-07-16T20:00:00Z,246.573899,984.54,9.4042,0.0,984.54,288.4,3.0,True,3539;3630
ADP,Long,178,2020-07-06T20:00:00Z,132.124397,2020-07-17T20:00:00Z,127.634733,-799.16,9.2052,-1073.78,0.0,1073.78,11.0,False,3453;3632
BA,Long,125,2020-07-16T20:00:00Z,184.5,2020-07-17T20:00:00Z,178.36,-767.5,8.859,-1105.0,0.0,1105.0,1.0,False,3626;3633
VRTX,Long,79,2020-07-15T20:00:00Z,292.76,2020-07-17T20:00:00Z,292.77,0.79,9.3163,-173.8,139.83,173.8,2.0,True,3607;3634
BMY,Long,506,2020-07-15T20:00:00Z,46.672309,2020-07-17T20:00:00Z,47.507875,422.8,9.6365,0.0,700.63,277.84,2.0,True,3602;3635
CME,Long,178,2020-07-16T20:00:00Z,131.301347,2020-07-17T20:00:00Z,131.262281,-6.95,9.2855,-198.88,0.0,198.88,1.0,False,3631;3636
FIS,Long,194,2020-07-16T20:00:00Z,120.449435,2020-07-17T20:00:00Z,120.363116,-16.75,9.3549,-16.75,155.74,172.48,1.0,False,3627;3637
ISRG,Long,122,2020-07-14T20:00:00Z,189.879981,2020-07-17T20:00:00Z,203.333313,1641.31,10.0534,0.0,3298.07,1656.76,3.0,True,3561;3638
MA,Long,79,2020-07-16T20:00:00Z,293.181948,2020-07-17T20:00:00Z,291.982009,-94.8,9.2259,-94.8,83.33,178.12,1.0,False,3622;3639
EQIX,Long,37,2020-06-24T20:00:00Z,612.958809,2020-07-17T20:00:00Z,637.210658,897.32,9.2944,-113.73,1271.69,906.19,23.0,True,3314;3640
TGT,Long,231,2020-07-13T20:00:00Z,100.209518,2020-07-17T20:00:00Z,103.206234,692.24,9.3226,0.0,692.24,54.29,4.0,True,3540;3641
VZ,Short,613,2020-07-14T20:00:00Z,38.010347,2020-07-17T20:00:00Z,39.106732,-672.08,9.5667,-800.51,0.0,800.51,3.0,False,3555;3642
JPM,Short,274,2020-07-16T20:00:00Z,84.754751,2020-07-17T20:00:00Z,85.80153,-286.82,9.214,-286.82,145.76,432.58,1.0,False,3623;3643
BLK,Long,47,2020-07-17T20:00:00Z,499.152197,2020-07-21T20:00:00Z,504.675797,259.61,9.4735,0.0,259.61,0.0,4.0,True,3648;3655
CCI,Long,187,2020-06-23T20:00:00Z,125.537987,2020-07-21T20:00:00Z,128.828176,615.27,9.3571,-813.33,1008.59,1202.44,28.0,True,3287;3656
HD,Short,105,2020-07-15T20:00:00Z,223.38627,2020-07-21T20:00:00Z,224.286434,-94.52,9.3657,-166.53,224.14,390.67,6.0,False,3598;3657
NFLX,Short,444,2020-07-17T20:00:00Z,49.5,2020-07-21T20:00:00Z,50.6,-488.4,8.7298,-488.4,217.56,705.96,4.0,False,3644;3659
SBUX,Long,369,2020-07-14T20:00:00Z,62.556866,2020-07-21T20:00:00Z,65.797209,1195.69,9.4995,0.0,1195.69,464.81,7.0,True,3581;3660
PLD,Long,296,2020-07-14T20:00:00Z,78.65542,2020-07-21T20:00:00Z,83.038694,1297.45,9.5102,-390.23,1297.45,407.63,7.0,True,3560;3661
ANTM,Short,95,2020-07-16T20:00:00Z,246.573899,2020-07-21T20:00:00Z,240.346819,591.57,9.4128,0.0,725.66,588.07,5.0,True,3630;3675
SPY,Short,110,2020-06-18T20:00:00Z,283.509413,2020-07-21T20:00:00Z,299.914649,-1804.58,30.8118,-1804.58,942.68,2670.74,33.0,False,3232;3677
SPY,Short,377,2020-06-18T20:00:00Z,283.509413,2020-07-21T20:00:00Z,299.914649,-6184.77,21.5007,-6184.77,3230.83,9153.34,33.0,False,3246;3677
SPY,Short,29,2020-06-19T20:00:00Z,288.541997,2020-07-21T20:00:00Z,299.914649,-329.81,8.7326,-329.81,394.47,704.1,32.0,False,3260;3677
AXP,Long,263,2020-07-15T20:00:00Z,90.022015,2020-07-21T20:00:00Z,88.782325,-326.04,9.4948,-639.82,0.0,639.82,6.0,False,3606;3678
BDX,Long,128,2020-07-15T20:00:00Z,182.687809,2020-07-21T20:00:00Z,185.948614,417.38,9.4996,0.0,556.8,139.42,6.0,True,3608;3679
BKNG,Long,343,2020-07-17T20:00:00Z,68.657053,2020-07-21T20:00:00Z,68.024451,-216.98,9.2312,-608.6,0.0,608.6,4.0,False,3651;3680
SHOP,Long,245,2020-07-16T20:00:00Z,94.026,2020-07-21T20:00:00Z,102.222,2008.02,9.2038,-297.18,2008.02,1385.72,5.0,True,3625;3681
CSCO,Short,601,2020-07-16T20:00:00Z,38.477495,2020-07-21T20:00:00Z,39.851089,-825.53,9.3999,-825.53,0.0,825.53,5.0,False,3624;3682
REGN,Long,36,2020-07-15T20:00:00Z,635.988292,2020-07-21T20:00:00Z,651.848621,570.97,4.5568,-348.79,578.46,690.09,6.0,True,3609;3683
JPM,Long,273,2020-07-17T20:00:00Z,85.80153,2020-07-21T20:00:00Z,83.836675,-536.41,4.6571,-632.44,0.0,632.44,4.0,False,3643;3684
MO,Long,910,2020-07-17T20:00:00Z,25.96572,2020-07-21T20:00:00Z,25.469243,-451.79,9.3487,-547.8,0.0,547.8,4.0,False,3650;3685
ZM,Long,91,2020-07-16T20:00:00Z,250.39,2020-07-21T20:00:00Z,268.75,1670.76,9.2634,-350.35,1670.76,740.74,5.0,True,3628;3686
TJX,Long,469,2020-06-18T20:00:00Z,49.332604,2020-07-21T20:00:00Z,47.658129,-785.33,9.1927,-1760.52,0.0,1760.52,33.0,False,3244;3687
WFC,Long,1058,2020-07-17T20:00:00Z,22.156265,2020-07-21T20:00:00Z,21.478278,-717.31,9.406,-855.25,643.74,1361.05,4.0,False,3647;3688
ZTS,Long,175,2020-07-16T20:00:00Z,134.061968,2020-07-21T20:00:00Z,137.728459,641.64,4.7715,0.0,641.64,157.94,5.0,True,3629;3689
FISV,Long,237,2020-07-06T20:00:00Z,99.43,2020-07-21T20:00:00Z,102.69,772.62,9.4701,-1201.59,772.62,1201.59,15.0,True,3452;3701
VRTX,Long,77,2020-07-21T20:00:00Z,300.65,2020-07-22T20:00:00Z,293.56,-545.93,8.9725,-725.34,0.0,725.34,1.0,False,3698;3704
CME,Long,178,2020-07-21T20:00:00Z,132.08267,2020-07-22T20:00:00Z,130.527837,-276.76,9.4162,-276.76,175.24,452.0,1.0,False,3702;3705
CVS,Short,447,2020-07-21T20:00:00Z,52.232395,2020-07-22T20:00:00Z,52.829865,-267.07,9.415,-267.07,0.0,267.07,1.0,False,3697;3706
TSLA,Short,213,2020-07-21T20:00:00Z,109.331989,2020-07-22T20:00:00Z,106.777323,544.14,8.9764,0.0,676.63,132.49,1.0,True,3665;3707
ISRG,Long,105,2020-07-21T20:00:00Z,221.109978,2020-07-22T20:00:00Z,223.149978,214.2,9.3764,0.0,630.35,416.15,1.0,True,3699;3708
KO,Short,610,2020-07-21T20:00:00Z,39.431682,2020-07-22T20:00:00Z,39.863628,-263.49,9.6963,-511.77,0.0,511.77,1.0,False,3692;3709
MDLZ,Long,510,2020-07-21T20:00:00Z,45.825463,2020-07-22T20:00:00Z,46.391421,288.64,9.498,0.0,485.44,196.8,1.0,True,3673;3710
PEP,Long,214,2020-07-21T20:00:00Z,110.004798,2020-07-22T20:00:00Z,111.161017,247.43,9.4915,0.0,326.4,78.97,1.0,True,3693;3711
PG,Long,219,2020-07-21T20:00:00Z,107.057125,2020-07-22T20:00:00Z,107.065656,1.87,9.3857,0.0,115.84,113.97,1.0,True,3691;3712
PM,Long,423,2020-07-21T20:00:00Z,57.047654,2020-07-22T20:00:00Z,57.82113,327.18,9.7461,0.0,327.18,0.0,1.0,True,3695;3713
QCOM,Long,286,2020-07-21T20:00:00Z,81.910977,2020-07-22T20:00:00Z,81.201753,-202.84,9.2609,-237.9,0.0,237.9,1.0,False,3671;3714
XOM,Long,717,2020-07-21T20:00:00Z,33.105634,2020-07-22T20:00:00Z,33.773117,478.59,9.7103,0.0,478.59,0.0,1.0,True,3694;3715
FISV,Short,229,2020-07-21T20:00:00Z,102.69,2020-07-22T20:00:00Z,101.61,247.32,9.4245,0.0,247.32,0.0,1.0,True,3701;3729
BLK,Long,46,2020-07-22T20:00:00Z,500.861061,2020-07-23T20:00:00Z,500.843799,-0.79,9.2161,-86.55,0.0,86.55,1.0,False,3722;3733
C,Long,576,2020-07-02T20:00:00Z,41.981013,2020-07-23T20:00:00Z,41.457258,-301.68,9.5253,-1220.66,250.63,1220.66,21.0,False,3431;3734
CB,Long,189,2020-07-17T20:00:00Z,123.335422,2020-07-23T20:00:00Z,122.954617,-71.97,9.2978,-299.88,0.0,299.88,6.0,False,3653;3735
CL,Long,376,2020-06-25T20:00:00Z,62.244068,2020-07-23T20:00:00Z,65.120805,1081.65,9.562,-191.49,1146.95,379.73,28.0,True,3327;3736
COST,Short,77,2020-07-15T20:00:00Z,299.963817,2020-07-23T20:00:00Z,300.064384,-7.74,9.1912,-14.08,233.01,247.09,8.0,False,3601;3737
EL,Long,131,2020-07-22T20:00:00Z,178.233295,2020-07-23T20:00:00Z,180.47107,293.15,9.3632,-28.83,293.15,28.83,1.0,True,3726;3738
FIS,Long,191,2020-07-21T20:00:00Z,122.995843,2020-07-23T20:00:00Z,125.084761,398.98,9.5093,0.0,412.17,13.19,2.0,True,3672;3739
INTU,Long,81,2020-07-21T20:00:00Z,286.967571,2020-07-23T20:00:00Z,283.632299,-270.16,9.1516,-610.96,0.0,610.96,2.0,False,3700;3740
MA,Long,77,2020-07-21T20:00:00Z,302.887909,2020-07-23T20:00:00Z,303.42014,40.98,9.2023,-230.99,40.98,258.56,2.0,True,3664;3741
NEE,Short,400,2020-07-21T20:00:00Z,58.372907,2020-07-23T20:00:00Z,59.703441,-532.21,9.5065,-614.95,0.0,614.95,2.0,False,3667;3742
NOW,Short,268,2020-07-22T20:00:00Z,88.0,2020-07-23T20:00:00Z,88.22,-58.96,9.3527,-58.96,490.44,549.4,1.0,False,3723;3743
TXN,Short,203,2020-07-21T20:00:00Z,115.261662,2020-07-23T20:00:00Z,111.896358,683.16,9.0354,0.0,1359.48,676.33,2.0,True,3670;3744
AMD,Long,432,2020-06-17T20:00:00Z,54.79,2020-07-23T20:00:00Z,61.7,2985.12,9.86,-2026.08,3024.0,2026.08,36.0,True,3209;3745
FISV,Long,231,2020-07-22T20:00:00Z,101.61,2020-07-23T20:00:00Z,102.73,258.72,9.4219,0.0,258.72,0.0,1.0,True,3729;3755
REGN,Short,37,2020-07-22T20:00:00Z,636.582683,2020-07-23T20:00:00Z,631.956341,171.17,13.915,0.0,450.11,278.94,1.0,True,3730;3756
SPY,Short,125,2020-06-19T20:00:00Z,288.541997,2020-07-23T20:00:00Z,299.88709,-1418.14,12.6386,-1465.22,1700.3,3078.56,34.0,False,3260;3758
SPY,Short,88,2020-06-23T20:00:00Z,287.990818,2020-07-23T20:00:00Z,299.88709,-1046.87,13.473,-1080.02,1148.51,2167.31,30.0,False,3293;3758
ABT,Long,267,2020-07-22T20:00:00Z,87.709457,2020-07-24T20:00:00Z,89.586838,501.26,9.5053,0.0,637.32,436.81,2.0,True,3718;3759
ANTM,Long,97,2020-07-21T20:00:00Z,240.346819,2020-07-24T20:00:00Z,250.005711,936.91,4.841,0.0,936.91,0.0,3.0,True,3675;3760
AXP,Long,261,2020-07-22T20:00:00Z,89.089917,2020-07-24T20:00:00Z,88.595905,-128.94,9.3355,-128.94,257.87,386.81,2.0,False,3725;3761
BDX,Long,125,2020-07-22T20:00:00Z,187.313602,2020-07-24T20:00:00Z,187.885794,71.52,9.3986,0.0,86.17,70.66,2.0,True,3724;3762
CVS,Short,448,2020-07-23T20:00:00Z,52.574409,2020-07-24T20:00:00Z,52.92051,-155.05,9.3866,-155.05,169.82,324.87,1.0,False,3752;3763
CVX,Short,336,2020-07-22T20:00:00Z,68.64487,2020-07-24T20:00:00Z,69.905741,-423.65,9.3039,-423.65,0.0,423.65,2.0,False,3719;3764
DUK,Long,364,2020-07-22T20:00:00Z,64.109904,2020-07-24T20:00:00Z,65.986292,683.01,9.5057,0.0,683.01,341.5,2.0,True,3731;3765
GOOGL,Short,302,2020-07-21T20:00:00Z,78.581245,2020-07-24T20:00:00Z,74.055808,1366.68,9.1664,0.0,1366.68,0.0,3.0,True,3690;3766
GS,Long,132,2020-07-23T20:00:00Z,177.453771,2020-07-24T20:00:00Z,175.636838,-239.84,9.2391,-414.57,0.0,414.57,1.0,False,3753;3767
HD,Short,104,2020-07-22T20:00:00Z,225.118013,2020-07-24T20:00:00Z,227.218394,-218.44,9.4594,-242.51,0.0,242.51,2.0,False,3716;3768
HON,Long,180,2020-07-15T20:00:00Z,131.557239,2020-07-24T20:00:00Z,134.170959,470.47,9.4517,-246.21,624.16,870.37,9.0,True,3604;3769
LMT,Long,70,2020-07-23T20:00:00Z,332.745494,2020-07-24T20:00:00Z,327.8697,-341.31,9.1523,-447.78,0.0,447.78,1.0,False,3750;3770
MS,Short,538,2020-07-17T20:00:00Z,43.611769,2020-07-24T20:00:00Z,41.801158,974.11,9.1273,0.0,1138.68,226.85,7.0,True,3649;3771
PG,Long,219,2020-07-23T20:00:00Z,108.256283,2020-07-24T20:00:00Z,109.020344,167.33,9.4802,-26.32,167.33,26.32,1.0,True,3746;3772
SBUX,Long,351,2020-07-23T20:00:00Z,66.77018,2020-07-24T20:00:00Z,65.475781,-454.33,9.2172,-454.33,0.0,454.33,1.0,False,3751;3773
TJX,Long,479,2020-07-23T20:00:00Z,49.360205,2020-07-24T20:00:00Z,48.992189,-176.28,9.3675,-334.93,0.0,334.93,1.0,False,3757;3774
UNP,Short,150,2020-07-23T20:00:00Z,155.939534,2020-07-24T20:00:00Z,153.209261,409.54,9.1884,0.0,409.54,0.0,1.0,True,3749;3775
SPY,Short,147,2020-06-23T20:00:00Z,287.990818,2020-07-24T20:00:00Z,294.816247,-1003.34,30.6561,-1804.12,1918.54,3620.39,31.0,False,3293;3789
SPY,Short,258,2020-06-30T20:00:00Z,279.27301,2020-07-24T20:00:00Z,294.816247,-4010.16,14.6167,-5415.61,1118.03,5415.61,24.0,False,3395;3789
SPY,Short,115,2020-07-01T20:00:00Z,284.380599,2020-07-24T20:00:00Z,294.816247,-1200.1,10.7826,-1826.56,1085.72,1826.56,23.0,False,3410;3789
AVGO,Short,841,2020-07-15T20:00:00Z,27.775256,2020-07-28T20:00:00Z,27.355924,352.66,9.1843,-87.24,751.15,509.4,13.0,True,3603;3790
BMY,Short,494,2020-07-23T20:00:00Z,47.842101,2020-07-28T20:00:00Z,46.608647,609.33,9.3797,0.0,892.37,621.12,5.0,True,3748;3791
CCI,Long,186,2020-07-22T20:00:00Z,125.38775,2020-07-28T20:00:00Z,126.289172,167.66,9.4965,-30.74,679.04,511.38,6.0,True,3727;3792
CL,Long,367,2020-07-24T20:00:00Z,64.88637,2020-07-28T20:00:00Z,65.051343,60.54,9.5616,-25.49,312.28,251.74,4.0,True,3788;3793
CRM,Short,128,2020-07-24T20:00:00Z,182.574612,2020-07-28T20:00:00Z,187.422073,-620.48,9.4953,-620.48,0.0,620.48,4.0,False,3779;3794
CSCO,Short,593,2020-07-24T20:00:00Z,40.011201,2020-07-28T20:00:00Z,39.665696,204.88,9.2628,0.0,599.66,394.78,4.0,True,3778;3795
FISV,Short,230,2020-07-23T20:00:00Z,102.73,2020-07-28T20:00:00Z,100.86,430.1,4.5954,0.0,650.9,220.8,5.0,True,3755;3796
LOW,Long,192,2020-07-08T20:00:00Z,120.96694,2020-07-28T20:00:00Z,133.629845,2431.28,5.0791,-10.27,2431.28,345.41,20.0,True,3487;3797
MMM,Long,265,2020-07-21T20:00:00Z,88.437575,2020-07-28T20:00:00Z,87.451806,-261.23,9.3487,-261.23,947.89,1209.12,7.0,False,3696;3798
NKE,Short,266,2020-07-15T20:00:00Z,88.907324,2020-07-28T20:00:00Z,87.904508,266.75,9.3631,-120.16,663.27,783.43,13.0,True,3600;3799
NOW,Short,274,2020-07-24T20:00:00Z,84.056,2020-07-28T20:00:00Z,87.0,-806.66,9.4281,-808.85,0.0,808.85,4.0,False,3785;3800
INTC,Short,445,2020-07-08T20:00:00Z,52.135031,2020-07-28T20:00:00Z,44.129344,3562.53,8.639,-1059.24,3665.68,1083.04,20.0,True,3460;3801
AMD,Long,397,2020-07-24T20:00:00Z,64.11,2020-07-28T20:00:00Z,68.08,1576.09,15.5437,0.0,1929.42,539.92,4.0,True,3787;3805
SHOP,Long,246,2020-07-22T20:00:00Z,96.626,2020-07-29T20:00:00Z,110.0,3290.0,9.8937,-931.11,3290.0,931.11,7.0,True,3720;3811
EL,Long,133,2020-07-24T20:00:00Z,176.655847,2020-07-29T20:00:00Z,176.637505,-2.44,9.3344,-212.24,26.83,239.08,5.0,False,3786;3812
TSLA,Short,234,2020-07-24T20:00:00Z,94.400657,2020-07-29T20:00:00Z,100.066657,-1325.84,9.0983,-1928.0,0.0,1928.0,5.0,False,3777;3813
FIS,Long,189,2020-07-24T20:00:00Z,124.333787,2020-07-29T20:00:00Z,123.168481,-220.24,9.4111,-230.03,112.57,332.81,5.0,False,3784;3814
REGN,Long,37,2020-07-23T20:00:00Z,631.956341,2020-07-29T20:00:00Z,628.12252,-141.85,4.6343,-1062.24,0.0,1062.24,6.0,False,3756;3815
IBM,Long,266,2020-07-02T20:00:00Z,88.68803,2020-07-29T20:00:00Z,92.401276,987.72,9.6612,-778.74,1776.33,883.23,27.0,True,3430;3816
LLY,Short,158,2020-07-28T20:00:00Z,151.166365,2020-07-29T20:00:00Z,151.718033,-87.16,9.585,-87.16,0.0,87.16,1.0,False,3803;3817
NEE,Short,395,2020-07-24T20:00:00Z,60.317534,2020-07-29T20:00:00Z,59.754615,222.35,9.4616,0.0,442.18,320.9,5.0,True,3781;3818
PM,Short,409,2020-07-24T20:00:00Z,58.389862,2020-07-29T20:00:00Z,59.034426,-263.63,9.6295,-477.63,0.0,477.63,5.0,False,3782;3819
WFC,Long,1031,2020-07-22T20:00:00Z,22.712562,2020-07-29T20:00:00Z,22.138881,-591.47,9.3272,-591.47,188.19,779.66,7.0,False,3721;3820
ZTS,Long,172,2020-07-22T20:00:00Z,136.703722,2020-07-29T20:00:00Z,137.615644,156.85,9.466,-216.68,352.51,216.68,7.0,True,3728;3821
AMT,Long,108,2020-07-17T20:00:00Z,217.801476,2020-07-30T20:00:00Z,225.805785,864.47,9.4927,-197.46,1163.84,800.77,13.0,True,3646;3837
AXP,Short,266,2020-07-28T20:00:00Z,89.155164,2020-07-30T20:00:00Z,88.251029,240.5,9.374,-260.33,247.94,260.33,2.0,True,3807;3838
BKNG,Long,350,2020-07-23T20:00:00Z,67.256654,2020-07-30T20:00:00Z,65.792175,-512.57,9.2536,-540.6,0.0,540.6,7.0,False,3754;3839
INTC,Long,539,2020-07-28T20:00:00Z,44.129344,2020-07-30T20:00:00Z,42.613791,-816.88,4.612,-816.88,0.0,816.88,2.0,False,3801;3841
EQIX,Long,35,2020-07-21T20:00:00Z,653.378557,2020-07-30T20:00:00Z,692.909958,1383.6,9.3521,0.0,1383.6,45.71,9.0,True,3676;3843
SBUX,Long,367,2020-07-29T20:00:00Z,67.473847,2020-07-30T20:00:00Z,66.570374,-331.57,9.8235,-331.57,0.0,331.57,1.0,False,3829;3846
TMUS,Short,233,2020-07-21T20:00:00Z,100.51717,2020-07-30T20:00:00Z,98.976569,358.96,9.296,0.0,405.21,279.68,9.0,True,3669;3848
SPY,Short,74,2020-07-01T20:00:00Z,284.380599,2020-07-30T20:00:00Z,295.707319,-838.18,6.9638,-1175.35,698.64,1175.35,29.0,False,3410;3866
SPY,Short,43,2020-07-08T20:00:00Z,288.992126,2020-07-30T20:00:00Z,295.707319,-288.75,8.7136,-484.68,604.26,492.97,22.0,False,3492;3866
ADP,Long,187,2020-07-29T20:00:00Z,121.281599,2020-07-30T20:00:00Z,116.384572,-915.74,8.7526,-1141.03,0.0,1141.03,1.0,False,3835;3867
CCI,Long,184,2020-07-29T20:00:00Z,129.90237,2020-07-30T20:00:00Z,126.912655,-550.11,9.5116,-550.11,0.0,550.11,1.0,False,3833;3868
CI,Long,142,2020-07-09T20:00:00Z,161.477733,2020-07-30T20:00:00Z,161.95452,67.7,9.0025,-510.97,341.07,852.04,21.0,True,3510;3869
GS,Long,135,2020-07-28T20:00:00Z,174.693764,2020-07-30T20:00:00Z,172.608617,-281.49,9.3711,-281.49,78.26,359.75,2.0,False,3809;3870
MCD,Short,137,2020-07-23T20:00:00Z,171.612609,2020-07-30T20:00:00Z,168.620673,409.9,9.3105,-330.52,409.9,330.52,7.0,True,3747;3871
MDLZ,Short,499,2020-07-29T20:00:00Z,49.204062,2020-07-30T20:00:00Z,48.123596,539.15,9.6329,0.0,688.92,149.76,1.0,True,3832;3872
MDT,Short,294,2020-07-21T20:00:00Z,80.184453,2020-07-30T20:00:00Z,80.757674,-168.53,9.4414,-537.33,41.52,578.85,9.0,False,3668;3873
MO,Short,911,2020-07-28T20:00:00Z,26.685611,2020-07-30T20:00:00Z,25.599569,989.38,9.5094,0.0,989.38,0.0,2.0,True,3806;3874
APD,Long,93,2020-07-17T20:00:00Z,251.439421,2020-07-30T20:00:00Z,248.846724,-241.12,9.3667,-339.03,526.74,865.77,13.0,False,3652;3875
NFLX,Long,488,2020-07-29T20:00:00Z,49.249,2020-07-30T20:00:00Z,48.221,-501.66,9.4699,-501.66,0.0,501.66,1.0,False,3823;3876
NKE,Short,274,2020-07-29T20:00:00Z,87.118517,2020-07-30T20:00:00Z,87.154654,-9.9,9.5942,-96.54,0.0,96.54,1.0,False,3824;3877
ZM,Long,94,2020-07-28T20:00:00Z,252.7,2020-07-30T20:00:00Z,251.09,-151.34,9.441,-253.8,0.0,253.8,2.0,False,3808;3878
UNH,Short,88,2020-07-29T20:00:00Z,270.388186,2020-07-30T20:00:00Z,270.585511,-17.36,9.6596,-297.57,0.0,297.57,1.0,False,3822;3879
AMD,Short,345,2020-07-28T20:00:00Z,68.08,2020-07-30T20:00:00Z,75.45,-2542.65,5.3958,-3491.4,0.0,3491.4,2.0,False,3805;3880
T,Short,1485,2020-07-21T20:00:00Z,15.768569,2020-07-30T20:00:00Z,15.541797,336.76,14.1245,-242.78,485.56,321.09,9.0,True,3666;3881
SPY,Short,107,2020-07-08T20:00:00Z,288.992126,2020-07-30T20:00:00Z,295.707319,-718.53,10.416,-1206.06,1503.62,1226.7,22.0,False,3492;3890
SPY,Short,68,2020-07-09T20:00:00Z,291.068232,2020-07-30T20:00:00Z,295.707319,-315.46,6.6424,-625.29,1096.75,750.85,21.0,False,3512;3890
BMY,Short,505,2020-07-30T20:00:00Z,46.791676,2020-07-31T20:00:00Z,46.855338,-32.15,9.4463,-32.15,56.26,88.41,1.0,False,3855;3891
C,Long,564,2020-07-24T20:00:00Z,41.981013,2020-07-31T20:00:00Z,40.892235,-614.07,9.2897,-710.47,186.33,896.8,7.0,False,3783;3892
CAT,Short,188,2020-07-30T20:00:00Z,124.930835,2020-07-31T20:00:00Z,118.957366,1123.01,9.106,0.0,1123.01,0.0,1.0,True,3886;3893
CB,Long,198,2020-07-30T20:00:00Z,117.62335,2020-07-31T20:00:00Z,117.478281,-28.72,9.2361,-447.01,0.0,447.01,1.0,False,3889;3894
CL,Long,359,2020-07-30T20:00:00Z,65.876206,2020-07-31T20:00:00Z,66.518732,230.67,9.6051,0.0,414.58,183.91,1.0,True,3865;3895
SHOP,Long,225,2020-07-30T20:00:00Z,104.83,2020-07-31T20:00:00Z,106.5,375.75,9.3278,-546.75,375.75,546.75,1.0,True,3856;3896
CVX,Short,342,2020-07-28T20:00:00Z,69.133935,2020-07-31T20:00:00Z,63.547895,1910.43,9.0451,0.0,1910.43,0.0,3.0,True,3802;3897
DHR,Short,155,2020-07-24T20:00:00Z,150.689462,2020-07-31T20:00:00Z,154.006189,-514.09,9.4543,-784.17,0.0,784.17,7.0,False,3780;3898
UTX,Long,460,2020-07-30T20:00:00Z,50.823048,2020-07-31T20:00:00Z,49.858218,-443.82,9.1275,-715.71,0.0,715.71,1.0,False,3857;3899
REGN,Long,37,2020-07-30T20:00:00Z,619.870394,2020-07-31T20:00:00Z,628.746631,328.42,9.2628,0.0,328.42,0.0,1.0,True,3863;3900
HON,Long,180,2020-07-29T20:00:00Z,131.975434,2020-07-31T20:00:00Z,129.745059,-401.47,9.5361,-401.47,0.0,401.47,2.0,False,3827;3901
LOW,Long,180,2020-07-29T20:00:00Z,132.502092,2020-07-31T20:00:00Z,133.782002,230.38,9.5898,0.0,230.38,46.72,2.0,True,3825;3902
MMM,Long,272,2020-07-29T20:00:00Z,88.155926,2020-07-31T20:00:00Z,85.440837,-738.5,9.4038,-914.7,0.0,914.7,2.0,False,3828;3903
TJX,Long,491,2020-07-30T20:00:00Z,47.740933,2020-07-31T20:00:00Z,47.418918,-158.11,9.3601,-158.11,45.17,203.28,1.0,False,3888;3904
ZTS,Long,171,2020-07-30T20:00:00Z,137.267797,2020-07-31T20:00:00Z,139.90015,450.13,9.6711,0.0,911.52,461.39,1.0,True,3862;3905
PYPL,Short,130,2020-07-30T20:00:00Z,189.882451,2020-07-31T20:00:00Z,190.920871,-134.99,14.8006,-523.26,0.0,523.26,1.0,False,3852;3906
PFE,Long,873,2020-07-30T20:00:00Z,26.785816,2020-07-31T20:00:00Z,27.058712,238.24,14.157,0.0,238.24,0.0,1.0,True,3851;3907
SPY,Short,47,2020-07-09T20:00:00Z,291.068232,2020-07-31T20:00:00Z,299.473706,-395.06,32.6947,-432.19,758.05,518.97,22.0,False,3512;3921
SPY,Short,25,2020-07-21T20:00:00Z,299.914649,2020-07-31T20:00:00Z,299.473706,11.02,1.4928,-8.73,624.38,129.53,10.0,True,3703;3921
SPY,Short,73,2020-07-22T20:00:00Z,298.205995,2020-07-31T20:00:00Z,299.473706,-92.54,4.3839,-150.21,1698.45,378.22,9.0,False,3732;3921
SPY,Short,150,2020-07-28T20:00:00Z,296.212566,2020-07-31T20:00:00Z,299.473706,-489.17,8.8511,-607.67,3190.95,636.61,3.0,False,3810;3921
SPY,Short,149,2020-07-29T20:00:00Z,295.92779,2020-07-31T20:00:00Z,299.473706,-528.34,8.9002,-646.05,3127.25,632.37,2.0,False,3836;3921
AMGN,Short,111,2020-07-02T20:00:00Z,208.875096,2020-08-04T20:00:00Z,203.175574,632.65,9.2024,-740.84,850.86,1092.0,33.0,True,3427;3922
ANTM,Long,91,2020-07-30T20:00:00Z,255.005826,2020-08-04T20:00:00Z,248.511212,-591.01,9.2023,-591.01,0.0,591.01,5.0,False,3864;3923
EL,Long,135,2020-07-30T20:00:00Z,173.87697,2020-08-04T20:00:00Z,181.800896,1069.73,9.718,0.0,1217.07,147.34,5.0,True,3887;3924
GILD,Long,402,2020-07-28T20:00:00Z,59.239848,2020-08-04T20:00:00Z,57.359595,-755.86,9.2241,-1639.29,0.0,1639.29,7.0,False,3804;3925
FISV,Long,238,2020-07-29T20:00:00Z,100.3,2020-08-04T20:00:00Z,100.2,-23.8,9.5683,-154.7,57.12,211.82,6.0,False,3834;3926
INTC,Short,554,2020-07-30T20:00:00Z,42.613791,2020-08-04T20:00:00Z,43.398312,-434.63,9.5934,-656.88,34.57,691.45,5.0,False,3882;3927
ISRG,Short,102,2020-07-30T20:00:00Z,229.65331,2020-08-04T20:00:00Z,229.076644,58.82,9.3221,0.0,185.64,126.82,5.0,True,3860;3928
MMC,Long,223,2020-07-31T20:00:00Z,107.440145,2020-08-04T20:00:00Z,105.482549,-436.54,9.502,-442.64,0.0,442.64,4.0,False,3920;3929
PM,Short,405,2020-07-31T20:00:00Z,58.207868,2020-08-04T20:00:00Z,57.661885,221.12,9.4536,-104.42,221.12,175.06,4.0,True,3912;3930
PYPL,Long,124,2020-07-31T20:00:00Z,190.920871,2020-08-04T20:00:00Z,194.184475,404.69,4.8398,0.0,524.87,120.18,4.0,True,3906;3931
T,Long,1523,2020-07-30T20:00:00Z,15.541797,2020-08-04T20:00:00Z,15.605082,96.38,4.8208,0.0,433.73,337.34,5.0,True,3881;3932
TXN,Long,217,2020-07-31T20:00:00Z,108.727544,2020-08-04T20:00:00Z,109.312055,126.84,9.5508,0.0,713.24,586.4,4.0,True,3913;3933
V,Long,124,2020-07-08T20:00:00Z,186.446598,2020-08-04T20:00:00Z,182.671408,-468.12,9.1814,-718.18,447.98,1002.61,27.0,False,3484;3934
PFE,Short,877,2020-07-31T20:00:00Z,27.058712,2020-08-04T20:00:00Z,26.806808,220.92,9.4611,0.0,220.92,24.55,4.0,True,3907;3937
ABT,Long,262,2020-07-31T20:00:00Z,90.543408,2020-08-05T20:00:00Z,89.37228,-306.84,9.5002,-316.2,201.43,508.27,5.0,False,3908;3950
CME,Long,186,2020-08-04T20:00:00Z,126.98063,2020-08-05T20:00:00Z,128.254187,236.88,9.484,0.0,236.88,0.0,1.0,True,3948;3951
CSCO,Short,604,2020-07-30T20:00:00Z,38.637607,2020-08-05T20:00:00Z,40.146033,-911.09,9.5456,-926.36,0.0,926.36,6.0,False,3853;3952
LLY,Short,166,2020-08-04T20:00:00Z,143.414963,2020-08-05T20:00:00Z,147.089632,-610.0,9.5976,-610.0,0.0,610.0,1.0,False,3939;3953
MO,Short,922,2020-07-31T20:00:00Z,25.636804,2020-08-05T20:00:00Z,25.872631,-217.43,9.4783,-217.43,177.38,394.81,5.0,False,3916;3954
APD,Long,96,2020-07-31T20:00:00Z,248.498711,2020-08-05T20:00:00Z,244.609665,-373.35,9.5425,-602.2,0.0,602.2,5.0,False,3918;3955
MRK,Short,378,2020-07-22T20:00:00Z,62.204664,2020-08-05T20:00:00Z,64.483223,-861.3,9.5289,-1003.85,611.82,1615.67,14.0,False,3717;3956
NEE,Short,396,2020-07-30T20:00:00Z,59.733293,2020-08-05T20:00:00Z,60.816484,-428.94,9.5604,-428.94,215.32,644.26,6.0,False,3854;3957
PFE,Long,884,2020-08-04T20:00:00Z,26.806808,2020-08-05T20:00:00Z,26.925763,105.16,4.7555,0.0,105.16,0.0,1.0,True,3937;3958
SBUX,Long,357,2020-07-31T20:00:00Z,66.240258,2020-08-05T20:00:00Z,65.458406,-279.12,9.4473,-347.35,0.0,347.35,5.0,False,3915;3959
SYK,Short,126,2020-07-31T20:00:00Z,183.64456,2020-08-05T20:00:00Z,178.655547,628.62,9.027,0.0,887.88,259.26,5.0,True,3917;3960
SPY,Long,101,2020-07-31T20:00:00Z,299.473706,2020-08-05T20:00:00Z,304.489431,506.59,9.2136,0.0,566.9,202.26,5.0,True,3921;3970
SPY,Long,50,2020-08-04T20:00:00Z,301.200732,2020-08-05T20:00:00Z,304.489431,164.43,11.4004,-86.35,194.29,29.86,1.0,True,3949;3970
BKNG,Long,362,2020-08-05T20:00:00Z,66.430247,2020-08-06T20:00:00Z,66.503315,26.45,9.8349,0.0,730.71,704.26,1.0,True,3967;3972
BLK,Long,47,2020-08-04T20:00:00Z,495.095803,2020-08-06T20:00:00Z,500.541727,255.96,9.3562,0.0,348.04,92.08,2.0,True,3942;3973
CVS,Short,449,2020-07-30T20:00:00Z,52.459042,2020-08-06T20:00:00Z,53.192447,-329.3,9.4808,-488.4,266.4,754.8,7.0,False,3859;3975
REGN,Long,37,2020-08-04T20:00:00Z,648.341715,2020-08-06T20:00:00Z,623.000852,-937.61,9.3075,-1218.75,0.0,1218.75,2.0,False,3946;3976
NOW,Short,266,2020-07-30T20:00:00Z,86.544,2020-08-06T20:00:00Z,87.576,-274.51,9.1688,-385.17,127.15,401.66,7.0,False,3884;3979
SPY,Long,138,2020-08-04T20:00:00Z,301.200732,2020-08-06T20:00:00Z,304.544549,461.45,22.3588,-238.33,817.67,356.23,2.0,True,3949;3993
ACN,Short,118,2020-07-31T20:00:00Z,200.066985,2020-08-06T20:00:00Z,203.45371,-399.63,9.6096,-738.11,0.0,738.11,6.0,False,3909;3994
ADBE,Long,53,2020-08-05T20:00:00Z,449.09,2020-08-06T20:00:00Z,451.35,119.78,9.6844,0.0,796.06,676.28,1.0,True,3961;3995
BA,Long,143,2020-07-30T20:00:00Z,162.9,2020-08-06T20:00:00Z,172.8,1415.7,9.5567,-700.7,1627.34,700.7,7.0,True,3883;3996
CCI,Long,192,2020-08-04T20:00:00Z,123.494765,2020-08-06T20:00:00Z,123.201803,-56.25,9.5118,-76.44,17.31,93.75,2.0,False,3944;3997
COST,Short,76,2020-08-05T20:00:00Z,312.886261,2020-08-06T20:00:00Z,313.536772,-49.44,9.5156,-126.03,0.0,126.03,1.0,False,3963;3998
INTC,Short,541,2020-08-05T20:00:00Z,44.280899,2020-08-06T20:00:00Z,43.781538,270.15,9.4356,0.0,372.12,101.97,1.0,True,3962;3999
INTU,Short,82,2020-07-30T20:00:00Z,284.744057,2020-08-06T20:00:00Z,297.452593,-1042.1,9.6849,-1189.06,0.0,1189.06,7.0,False,3861;4000
JPM,Long,287,2020-08-04T20:00:00Z,82.292247,2020-08-06T20:00:00Z,83.725133,411.24,9.4949,0.0,411.24,0.0,2.0,True,3935;4001
KO,Short,617,2020-08-04T20:00:00Z,38.451497,2020-08-06T20:00:00Z,38.758843,-189.63,9.6528,-609.9,0.0,609.9,2.0,False,3938;4002
MDLZ,Short,498,2020-08-04T20:00:00Z,47.463311,2020-08-06T20:00:00Z,46.717276,371.53,9.4863,-59.79,371.53,145.19,2.0,True,3943;4003
MS,Short,573,2020-07-29T20:00:00Z,41.536593,2020-08-06T20:00:00Z,41.409754,72.68,9.5102,-161.07,482.93,424.56,8.0,True,3830;4004
NFLX,Short,475,2020-08-04T20:00:00Z,50.0,2020-08-06T20:00:00Z,50.411,-195.22,9.6778,-431.3,0.0,431.3,2.0,False,3936;4005
NVDA,Short,2359,2020-07-08T20:00:00Z,9.942415,2020-08-06T20:00:00Z,11.284392,-3165.72,10.1094,-3165.72,0.0,3165.72,29.0,False,3461;4006
PLD,Short,266,2020-07-30T20:00:00Z,88.152514,2020-08-06T20:00:00Z,87.816631,89.34,9.3861,-136.25,89.34,136.25,7.0,True,3885;4007
TJX,Long,484,2020-08-05T20:00:00Z,49.203798,2020-08-06T20:00:00Z,48.955387,-120.23,9.525,-120.23,0.0,120.23,1.0,False,3968;4008
AMD,Long,304,2020-07-31T20:00:00Z,78.75,2020-08-06T20:00:00Z,85.49,2048.96,9.9797,-328.32,2419.84,370.88,6.0,True,3914;4009
AMGN,Short,118,2020-08-06T20:00:00Z,198.946363,2020-08-07T20:00:00Z,200.681,-204.69,9.4008,-204.69,15.6,220.28,1.0,False,3985;4023
ANTM,Long,93,2020-08-06T20:00:00Z,253.62203,2020-08-07T20:00:00Z,250.217893,-316.58,9.4056,-316.58,149.28,465.87,1.0,False,3992;4024
BDX,Short,126,2020-07-29T20:00:00Z,188.699272,2020-08-07T20:00:00Z,179.378747,1174.39,9.2563,-865.15,1503.6,865.15,9.0,True,3831;4025
C,Long,571,2020-08-06T20:00:00Z,41.307343,2020-08-07T20:00:00Z,41.120138,-106.89,9.575,-106.89,636.72,743.61,1.0,False,3987;4026
CI,Long,152,2020-08-04T20:00:00Z,155.171556,2020-08-07T20:00:00Z,155.81027,97.08,9.6179,0.0,779.41,682.33,3.0,True,3947;4027
CVS,Long,447,2020-08-06T20:00:00Z,53.192447,2020-08-07T20:00:00Z,52.566169,-279.95,9.5093,-279.95,151.02,430.97,1.0,False,4016;4028
DUK,Long,363,2020-08-06T20:00:00Z,65.102826,2020-08-07T20:00:00Z,65.470285,133.39,9.6959,0.0,945.07,811.68,1.0,True,4021;4029
ISRG,Short,104,2020-08-05T20:00:00Z,229.216644,2020-08-07T20:00:00Z,230.339977,-116.83,9.5593,-124.8,62.4,179.23,2.0,False,3966;4030
LLY,Short,164,2020-08-06T20:00:00Z,143.854427,2020-08-07T20:00:00Z,143.02225,136.48,9.3786,0.0,141.08,4.6,1.0,True,3984;4031
MRK,Short,369,2020-08-06T20:00:00Z,64.00394,2020-08-07T20:00:00Z,63.556085,165.26,9.3971,0.0,165.26,0.0,1.0,True,3983;4032
NEE,Short,392,2020-08-06T20:00:00Z,60.349518,2020-08-07T20:00:00Z,60.309004,15.88,9.5385,-397.03,15.88,397.03,1.0,True,3986;4033
PEP,Long,212,2020-08-06T20:00:00Z,111.054415,2020-08-07T20:00:00Z,111.472622,88.66,9.4779,0.0,227.73,139.07,1.0,True,4013;4034
SPGI,Short,76,2020-08-06T20:00:00Z,311.613415,2020-08-07T20:00:00Z,314.18072,-195.12,14.2249,-195.12,0.0,195.12,1.0,False,3990;4042
CL,Long,358,2020-08-06T20:00:00Z,65.91962,2020-08-11T20:00:00Z,66.605559,245.57,9.4384,0.0,245.57,214.48,5.0,True,4020;4051
CRM,Long,116,2020-08-07T20:00:00Z,202.74947,2020-08-11T20:00:00Z,189.992994,-1479.75,8.9477,-1665.29,0.0,1665.29,4.0,False,4036;4052
INTU,Short,79,2020-08-07T20:00:00Z,298.439757,2020-08-11T20:00:00Z,291.002484,587.54,9.2164,0.0,922.96,335.42,4.0,True,4043;4053
LMT,Long,72,2020-07-29T20:00:00Z,329.187939,2020-08-11T20:00:00Z,330.835738,118.64,9.483,-758.09,146.02,758.09,13.0,True,3826;4054
MDLZ,Short,500,2020-08-07T20:00:00Z,47.557638,2020-08-11T20:00:00Z,47.763441,-102.9,9.5012,-102.9,111.48,214.38,4.0,False,4044;4055
MS,Long,577,2020-08-07T20:00:00Z,40.893589,2020-08-11T20:00:00Z,42.99155,1210.52,9.8129,0.0,1277.77,67.25,4.0,True,4045;4056
PG,Short,208,2020-08-07T20:00:00Z,113.973863,2020-08-11T20:00:00Z,115.321701,-280.35,9.5291,-280.35,0.0,280.35,4.0,False,4035;4057
QCOM,Short,247,2020-08-04T20:00:00Z,96.051675,2020-08-11T20:00:00Z,92.987127,756.94,9.5063,-365.5,756.94,534.19,7.0,True,3941;4058
SBUX,Long,360,2020-08-06T20:00:00Z,65.648532,2020-08-11T20:00:00Z,68.618263,1069.1,9.7181,0.0,1166.58,97.48,5.0,True,3989;4059
SPGI,Long,75,2020-08-07T20:00:00Z,314.18072,2020-08-11T20:00:00Z,309.629588,-341.33,4.628,-423.47,0.0,423.47,4.0,False,4042;4060
TMO,Long,58,2020-08-07T20:00:00Z,407.076512,2020-08-11T20:00:00Z,402.523942,-264.05,9.3708,-385.52,0.0,385.52,4.0,False,4038;4061
UNH,Long,84,2020-08-06T20:00:00Z,279.841817,2020-08-11T20:00:00Z,289.63628,822.73,9.4872,0.0,822.73,267.46,5.0,True,4010;4062
SQ,Long,173,2020-08-05T20:00:00Z,153.0,2020-08-11T20:00:00Z,137.94,-2605.38,14.5487,-2605.38,173.0,2778.38,6.0,False,3969;4074
SPY,Short,135,2020-08-06T20:00:00Z,304.544549,2020-08-11T20:00:00Z,309.450039,-662.24,8.2545,-662.24,0.0,662.24,5.0,False,3993;4075
ABT,Short,259,2020-08-06T20:00:00Z,90.757966,2020-08-12T20:00:00Z,88.996804,456.14,9.3734,0.0,569.6,368.15,6.0,True,4014;4077
INTC,Long,539,2020-08-11T20:00:00Z,44.571365,2020-08-12T20:00:00Z,43.691785,-474.09,9.4219,-474.09,0.0,474.09,1.0,False,4064;4086
MA,Short,76,2020-08-11T20:00:00Z,314.500225,2020-08-12T20:00:00Z,317.403304,-220.63,9.6516,-220.63,0.0,220.63,1.0,False,4063;4087
TGT,Long,227,2020-07-31T20:00:00Z,104.322658,2020-08-12T20:00:00Z,113.245653,2025.52,9.9275,0.0,2025.52,276.29,12.0,True,3919;4088
XOM,Long,697,2020-08-11T20:00:00Z,34.946967,2020-08-12T20:00:00Z,34.783779,-113.74,9.617,-315.5,0.0,315.5,1.0,False,4066;4089
SPY,Short,79,2020-08-06T20:00:00Z,304.544549,2020-08-12T20:00:00Z,308.173142,-286.66,4.8977,-429.63,0.0,429.63,6.0,False,3993;4099
ABBV,Long,324,2020-08-11T20:00:00Z,73.065917,2020-08-12T20:00:00Z,74.112775,339.18,9.6739,0.0,876.22,537.04,1.0,True,4067;4100
BKNG,Long,347,2020-08-07T20:00:00Z,70.856117,2020-08-12T20:00:00Z,70.801414,-18.98,9.6606,-607.69,0.0,607.69,5.0,False,4046;4101
BLK,Long,47,2020-08-11T20:00:00Z,505.150481,2020-08-12T20:00:00Z,511.053829,277.46,9.5478,0.0,277.46,0.0,1.0,True,4070;4102
BMY,Short,487,2020-08-07T20:00:00Z,48.98802,2020-08-12T20:00:00Z,50.595489,-782.84,9.6622,-806.09,0.0,806.09,5.0,False,4040;4103
SHOP,Short,219,2020-08-04T20:00:00Z,107.376,2020-08-12T20:00:00Z,98.579,1926.54,9.071,-457.49,2228.76,457.49,8.0,True,3940;4104
UTX,Long,454,2020-08-06T20:00:00Z,51.71834,2020-08-12T20:00:00Z,56.55118,2194.11,9.7993,0.0,2194.11,0.0,6.0,True,3988;4105
TSLA,Short,239,2020-08-06T20:00:00Z,99.388657,2020-08-12T20:00:00Z,97.998657,332.21,9.7013,-1018.62,1855.28,2873.9,6.0,True,4011;4106
SQ,Short,170,2020-08-11T20:00:00Z,137.94,2020-08-12T20:00:00Z,140.0,-350.2,4.7267,-350.2,0.0,350.2,1.0,False,4074;4107
FIS,Long,190,2020-07-30T20:00:00Z,123.099426,2020-08-12T20:00:00Z,124.07483,185.33,9.4802,0.0,1036.52,964.36,13.0,True,3858;4108
GS,Long,134,2020-08-06T20:00:00Z,177.367251,2020-08-12T20:00:00Z,185.75975,1124.59,9.6548,0.0,1124.59,0.0,6.0,True,3991;4109
REGN,Long,38,2020-08-07T20:00:00Z,615.194519,2020-08-12T20:00:00Z,594.291775,-794.3,9.2799,-833.45,0.0,833.45,5.0,False,4048;4110
HON,Long,178,2020-08-07T20:00:00Z,132.907661,2020-08-12T20:00:00Z,141.593923,1546.15,9.7757,0.0,1546.15,32.57,5.0,True,4041;4111
MMM,Long,271,2020-08-06T20:00:00Z,88.032001,2020-08-12T20:00:00Z,92.943948,1331.14,9.7796,0.0,1331.14,0.0,6.0,True,4015;4112
PEP,Long,213,2020-08-11T20:00:00Z,112.317235,2020-08-12T20:00:00Z,110.980614,-284.7,9.5338,-284.7,144.97,429.67,1.0,False,4065;4113
ZM,Long,95,2020-08-11T20:00:00Z,244.12,2020-08-12T20:00:00Z,232.09,-1142.85,8.8874,-1142.85,0.0,1142.85,1.0,False,4072;4114
SPY,Short,12,2020-08-06T20:00:00Z,304.544549,2020-08-12T20:00:00Z,308.173142,-43.54,13.4533,-65.26,0.0,65.26,6.0,False,3993;4124
SPY,Short,205,2020-08-06T20:00:00Z,304.544549,2020-08-12T20:00:00Z,308.173142,-743.86,40.7249,-1114.85,0.0,1114.85,6.0,False,4022;4124
ACN,Short,115,2020-08-07T20:00:00Z,204.856654,2020-08-13T20:00:00Z,205.160476,-34.94,9.5219,-254.85,69.88,324.73,6.0,False,4039;4125
BDX,Long,135,2020-08-12T20:00:00Z,176.407485,2020-08-13T20:00:00Z,177.117554,95.86,9.6706,0.0,599.35,503.49,1.0,True,4096;4126
CRM,Long,126,2020-08-12T20:00:00Z,189.384608,2020-08-13T20:00:00Z,189.698614,39.56,9.5885,0.0,264.59,225.02,1.0,True,4092;4127
DUK,Short,364,2020-08-12T20:00:00Z,65.689197,2020-08-13T20:00:00Z,65.666434,8.29,9.5648,-93.91,91.77,93.91,1.0,True,4098;4128
FISV,Long,242,2020-08-06T20:00:00Z,101.9,2020-08-13T20:00:00Z,98.22,-890.56,9.77,-951.06,486.42,1437.48,7.0,False,4019;4129
MRK,Short,374,2020-08-12T20:00:00Z,63.909655,2020-08-13T20:00:00Z,64.530366,-232.15,9.7707,-646.48,0.0,646.48,1.0,False,4117;4130
ORCL,Long,470,2020-08-07T20:00:00Z,50.334508,2020-08-13T20:00:00Z,49.328,-473.06,9.3967,-473.06,0.0,473.06,6.0,False,4037;4131
PFE,Long,900,2020-08-12T20:00:00Z,26.470936,2020-08-13T20:00:00Z,26.638872,151.14,9.6366,0.0,214.12,62.98,1.0,True,4091;4132
NOW,Short,282,2020-08-12T20:00:00Z,85.028,2020-08-13T20:00:00Z,85.572,-153.41,9.7634,-748.99,0.0,748.99,1.0,False,4121;4133
SBUX,Long,345,2020-08-12T20:00:00Z,69.509183,2020-08-13T20:00:00Z,68.932706,-198.88,9.541,-198.88,0.0,198.88,1.0,False,4095;4134
PLD,Long,282,2020-08-12T20:00:00Z,85.818127,2020-08-13T20:00:00Z,86.070039,71.04,9.7333,0.0,104.19,33.15,1.0,True,4122;4135
AMD,Long,309,2020-08-12T20:00:00Z,78.44,2020-08-13T20:00:00Z,82.97,1399.77,10.163,0.0,1399.77,0.0,1.0,True,4120;4136
SPY,Short,276,2020-08-06T20:00:00Z,304.544549,2020-08-13T20:00:00Z,309.192822,-1282.92,17.0801,-1500.97,0.0,1500.97,7.0,False,4022;4151
CI,Long,144,2020-08-11T20:00:00Z,166.425519,2020-08-14T20:00:00Z,161.621669,-691.75,9.4768,-691.75,0.0,691.75,3.0,False,4073;4152
INTC,Long,537,2020-08-13T20:00:00Z,44.248254,2020-08-14T20:00:00Z,43.754612,-265.09,9.3937,-265.09,0.0,265.09,1.0,False,4140;4153
MDLZ,Short,494,2020-08-13T20:00:00Z,48.183622,2020-08-14T20:00:00Z,48.097871,42.36,9.4999,0.0,42.36,0.0,1.0,True,4148;4154
APD,Short,97,2020-08-12T20:00:00Z,247.089258,2020-08-14T20:00:00Z,250.934802,-373.02,9.7089,-491.17,0.0,491.17,2.0,False,4123;4155
TMUS,Short,221,2020-08-12T20:00:00Z,108.002793,2020-08-14T20:00:00Z,108.881787,-194.26,9.6394,-254.83,0.0,254.83,2.0,False,4119;4156
ZTS,Long,158,2020-08-13T20:00:00Z,149.169792,2020-08-14T20:00:00Z,149.169792,0.0,9.3853,-240.63,0.0,240.63,1.0,False,4149;4157
PEP,Long,210,2020-08-13T20:00:00Z,112.423837,2020-08-14T20:00:00Z,112.981446,117.1,14.2315,0.0,117.1,0.0,1.0,True,4142;4158
CSCO,Short,594,2020-08-06T20:00:00Z,39.800527,2020-08-14T20:00:00Z,35.74716,2407.7,13.779,-435.49,2407.7,455.51,8.0,True,4012;4160
IBM,Long,253,2020-08-14T20:00:00Z,93.235687,2020-08-18T20:00:00Z,93.858911,157.68,9.5057,0.0,157.68,0.0,4.0,True,4162;4167
SPGI,Long,75,2020-08-13T20:00:00Z,311.837829,2020-08-18T20:00:00Z,320.598983,657.09,9.6442,0.0,857.04,199.95,5.0,True,4147;4168
SPY,Short,105,2020-08-06T20:00:00Z,304.544549,2020-08-18T20:00:00Z,310.79124,-655.9,6.5328,-686.77,0.0,686.77,12.0,False,4022;4171
ABT,Long,268,2020-08-12T20:00:00Z,88.996804,2020-08-18T20:00:00Z,90.266271,340.22,9.6607,0.0,371.36,265.94,6.0,True,4118;4172
CVS,Long,439,2020-08-11T20:00:00Z,54.634535,2020-08-18T20:00:00Z,53.57151,-466.67,9.4375,-578.81,0.0,578.81,7.0,False,4071;4173
TSLA,Short,229,2020-08-13T20:00:00Z,107.581989,2020-08-18T20:00:00Z,126.666654,-4370.39,10.7114,-4370.39,0.0,4370.39,5.0,False,4137;4174
HD,Short,101,2020-08-12T20:00:00Z,239.829255,2020-08-18T20:00:00Z,247.673537,-792.27,9.8117,-792.27,0.0,792.27,6.0,False,4116;4175
JPM,Short,267,2020-08-12T20:00:00Z,91.086904,2020-08-18T20:00:00Z,85.715728,1434.1,9.2213,0.0,1796.07,361.96,6.0,True,4115;4176
EQIX,Long,34,2020-08-04T20:00:00Z,695.983636,2020-08-18T20:00:00Z,688.174078,-265.52,9.5625,-763.85,319.56,1083.41,14.0,False,3945;4177
ZM,Long,96,2020-08-14T20:00:00Z,249.76,2020-08-18T20:00:00Z,271.72,2108.16,10.0168,0.0,2595.84,487.68,4.0,True,4164;4178
T,Long,1495,2020-08-12T20:00:00Z,16.048079,2020-08-18T20:00:00Z,15.747474,-449.4,9.4548,-504.59,0.0,504.59,6.0,False,4090;4179
WMT,Short,586,2020-07-14T20:00:00Z,39.700225,2020-08-18T20:00:00Z,42.055807,-1380.37,9.6193,-1380.37,0.0,1380.37,35.0,False,3553;4180
CSCO,Long,662,2020-08-14T20:00:00Z,35.74716,2020-08-19T20:00:00Z,35.477497,-178.52,4.6716,-306.83,0.0,306.83,5.0,False,4160;4192
CVX,Long,347,2020-08-12T20:00:00Z,69.439601,2020-08-19T20:00:00Z,67.673511,-612.83,9.4587,-857.61,0.0,857.61,7.0,False,4093;4193
GOOGL,Long,323,2020-08-06T20:00:00Z,73.302476,2020-08-19T20:00:00Z,76.892811,1159.68,9.7572,0.0,1212.31,285.24,13.0,True,3982;4194
HON,Long,170,2020-08-18T20:00:00Z,139.301678,2020-08-19T20:00:00Z,138.057522,-211.51,9.3608,-318.75,0.0,318.75,1.0,False,4170;4195
LIN,Short,106,2020-07-17T20:00:00Z,221.358951,2020-08-19T20:00:00Z,227.734074,-675.76,9.5256,-770.08,97.23,867.31,33.0,False,3645;4196
MRK,Long,356,2020-08-18T20:00:00Z,66.698925,2020-08-19T20:00:00Z,66.478927,-78.32,9.4884,-78.32,44.75,123.07,1.0,False,4183;4197
MS,Long,556,2020-08-18T20:00:00Z,42.591938,2020-08-19T20:00:00Z,42.591938,0.0,9.4697,0.0,97.21,97.21,1.0,False,4188;4198
TGT,Long,210,2020-08-13T20:00:00Z,112.47339,2020-08-19T20:00:00Z,124.58613,2543.68,10.2175,0.0,3704.0,1160.32,6.0,True,4150;4199
BKNG,Long,346,2020-08-18T20:00:00Z,68.378849,2020-08-20T20:00:00Z,68.453089,25.69,9.5923,0.0,252.68,226.99,2.0,True,4189;4212
GILD,Long,421,2020-08-05T20:00:00Z,55.971223,2020-08-20T20:00:00Z,52.242453,-1569.81,9.0214,-1619.91,0.0,1619.91,15.0,False,3965;4213
REGN,Short,38,2020-08-18T20:00:00Z,617.185729,2020-08-20T20:00:00Z,604.307261,489.38,9.3019,-249.21,489.38,249.21,2.0,True,4190;4214
KO,Short,590,2020-08-13T20:00:00Z,40.096214,2020-08-20T20:00:00Z,39.265549,490.09,9.3833,-88.22,490.09,102.92,7.0,True,4141;4215
NFLX,Long,482,2020-08-19T20:00:00Z,49.387,2020-08-20T20:00:00Z,48.499,-428.02,9.4706,-428.02,194.25,622.26,1.0,False,4201;4216
NKE,Long,245,2020-08-19T20:00:00Z,97.291227,2020-08-20T20:00:00Z,97.173781,-28.77,9.5797,-28.77,70.83,99.6,1.0,False,4203;4217
NVDA,Short,2087,2020-08-13T20:00:00Z,11.471061,2020-08-20T20:00:00Z,11.906042,-907.8,9.7873,-1658.95,0.0,1658.95,7.0,False,4138;4218
ISRG,Long,102,2020-08-19T20:00:00Z,231.666643,2020-08-20T20:00:00Z,229.749977,-195.5,14.1271,-195.5,0.0,195.5,1.0,False,4209;4226
TJX,Long,484,2020-08-07T20:00:00Z,49.295802,2020-08-20T20:00:00Z,49.102594,-93.51,14.0415,-863.88,2596.1,3459.98,13.0,False,4049;4228
ABBV,Long,313,2020-08-13T20:00:00Z,75.45307,2020-08-21T20:00:00Z,75.500654,14.89,9.411,-69.51,300.36,369.87,8.0,True,4143;4230
CAT,Long,191,2020-08-20T20:00:00Z,122.182141,2020-08-21T20:00:00Z,122.882789,133.82,9.4675,0.0,413.48,279.66,1.0,True,4227;4231
CCI,Long,193,2020-08-07T20:00:00Z,123.126684,2020-08-21T20:00:00Z,122.818698,-59.44,9.608,-307.35,329.1,636.46,14.0,False,4047;4232
CVS,Long,440,2020-08-20T20:00:00Z,53.41494,2020-08-21T20:00:00Z,52.492004,-406.09,9.2574,-406.09,0.0,406.09,1.0,False,4223;4233
TSLA,Short,188,2020-08-19T20:00:00Z,124.333321,2020-08-21T20:00:00Z,136.319986,-2253.49,9.8475,-2318.42,0.0,2318.42,2.0,False,4200;4234
ISRG,Short,102,2020-08-20T20:00:00Z,229.749977,2020-08-21T20:00:00Z,230.179977,-43.86,4.7184,-157.42,0.0,157.42,1.0,False,4226;4235
JPM,Short,280,2020-08-20T20:00:00Z,83.502049,2020-08-21T20:00:00Z,83.441988,16.82,9.3546,0.0,16.82,0.0,1.0,True,4219;4236
MRK,Long,354,2020-08-20T20:00:00Z,66.628211,2020-08-21T20:00:00Z,66.863924,83.44,9.4585,0.0,83.44,0.0,1.0,True,4220;4237
NOW,Long,271,2020-08-20T20:00:00Z,87.084,2020-08-21T20:00:00Z,90.556,940.91,9.7859,0.0,940.91,0.0,1.0,True,4224;4238
TJX,Short,474,2020-08-20T20:00:00Z,49.102594,2020-08-21T20:00:00Z,47.823736,606.18,4.5075,0.0,737.01,130.83,1.0,True,4228;4239
UNP,Short,143,2020-08-12T20:00:00Z,167.357828,2020-08-21T20:00:00Z,166.13662,174.63,9.5649,-250.72,266.94,517.66,9.0,True,4094;4240
XOM,Long,708,2020-08-14T20:00:00Z,33.305116,2020-08-21T20:00:00Z,32.29587,-714.55,9.3323,-853.02,49.85,902.88,7.0,False,4159;4241
CRM,Long,123,2020-08-18T20:00:00Z,195.596031,2020-08-21T20:00:00Z,206.007278,1280.58,14.618,0.0,1280.58,238.98,3.0,True,4184;4244
PEP,Short,210,2020-08-14T20:00:00Z,112.981446,2020-08-21T20:00:00Z,111.825227,242.81,9.4219,-56.83,242.81,56.83,7.0,True,4158;4245
MO,Long,874,2020-08-20T20:00:00Z,26.921437,2020-08-21T20:00:00Z,27.020732,86.78,14.1749,0.0,86.78,0.0,1.0,True,4225;4253
ADBE,Long,53,2020-08-13T20:00:00Z,448.2,2020-08-24T20:00:00Z,478.48,1604.84,9.819,-31.8,1604.84,278.78,11.0,True,4139;4257
AVGO,Short,867,2020-07-31T20:00:00Z,27.665368,2020-08-24T20:00:00Z,29.23193,-1358.21,9.9198,-1471.01,0.0,1471.01,24.0,False,3911;4258
BKNG,Long,343,2020-08-21T20:00:00Z,68.886806,2020-08-24T20:00:00Z,70.33253,495.88,9.6866,0.0,957.46,461.57,3.0,True,4254;4259
BMY,Short,473,2020-08-14T20:00:00Z,50.285136,2020-08-24T20:00:00Z,49.608726,319.94,9.453,-161.85,376.4,161.85,10.0,True,4161;4260
SHOP,Short,228,2020-08-21T20:00:00Z,103.602,2020-08-24T20:00:00Z,103.343,59.05,9.2132,0.0,836.76,777.71,3.0,True,4249;4261
NVDA,Short,1966,2020-08-21T20:00:00Z,12.156839,2020-08-24T20:00:00Z,12.819998,-1303.77,9.9312,-1303.77,0.0,1303.77,3.0,False,4243;4262
ORCL,Long,480,2020-08-18T20:00:00Z,50.874361,2020-08-24T20:00:00Z,51.020762,70.27,9.767,-180.07,259.13,439.2,6.0,True,4185;4263
WMT,Short,589,2020-08-21T20:00:00Z,40.251961,2020-08-24T20:00:00Z,40.779239,-310.57,9.5517,-310.57,0.0,310.57,3.0,False,4242;4264
PEP,Long,211,2020-08-21T20:00:00Z,111.825227,2020-08-24T20:00:00Z,111.948229,25.95,9.5259,0.0,219.74,193.79,3.0,True,4245;4267
CRM,Short,115,2020-08-21T20:00:00Z,206.007278,2020-08-24T20:00:00Z,204.967135,119.62,9.4504,0.0,167.01,47.4,3.0,True,4244;4268
BA,Long,139,2020-08-19T20:00:00Z,170.3,2020-08-25T20:00:00Z,180.59,1430.31,9.5632,-389.2,1430.31,492.06,6.0,True,4206;4276
CSCO,Long,665,2020-08-21T20:00:00Z,35.460643,2020-08-25T20:00:00Z,35.646037,123.29,9.4381,-67.25,123.29,123.29,4.0,True,4246;4277
EL,Long,124,2020-08-24T20:00:00Z,194.218714,2020-08-25T20:00:00Z,195.465999,154.66,9.7347,0.0,416.23,261.56,1.0,True,4272;4278
SQ,Long,152,2020-08-21T20:00:00Z,156.47,2020-08-25T20:00:00Z,151.69,-726.56,9.427,-726.56,0.0,726.56,4.0,False,4255;4279
REGN,Long,38,2020-08-21T20:00:00Z,611.410231,2020-08-25T20:00:00Z,590.933467,-778.12,9.1551,-843.62,0.0,843.62,4.0,False,4256;4280
MDT,Short,296,2020-07-31T20:00:00Z,80.101378,2020-08-25T20:00:00Z,87.229254,-2109.85,9.7904,-2109.85,31.97,2141.82,25.0,False,3910;4281
MO,Short,879,2020-08-21T20:00:00Z,27.020732,2020-08-25T20:00:00Z,27.492385,-414.58,4.7481,-414.58,10.91,425.49,4.0,False,4253;4282
MS,Short,556,2020-08-24T20:00:00Z,42.733467,2020-08-25T20:00:00Z,43.965603,-685.07,9.6669,-685.07,0.0,685.07,1.0,False,4271;4283
QCOM,Short,234,2020-08-13T20:00:00Z,101.56786,2020-08-25T20:00:00Z,101.664174,-22.54,9.3986,-22.54,1094.1,1116.63,12.0,False,4144;4284
SPGI,Long,73,2020-08-19T20:00:00Z,324.764122,2020-08-25T20:00:00Z,324.803106,2.85,9.4005,-171.79,14.42,186.2,6.0,True,4208;4285
TMO,Long,56,2020-08-24T20:00:00Z,422.366464,2020-08-25T20:00:00Z,413.133496,-517.05,9.2732,-517.05,0.0,517.05,1.0,False,4269;4286
UNH,Short,82,2020-08-18T20:00:00Z,288.793167,2020-08-25T20:00:00Z,280.021203,719.3,9.2528,0.0,966.42,248.59,7.0,True,4169;4287
UPS,Short,213,2020-08-05T20:00:00Z,111.48688,2020-08-25T20:00:00Z,124.70978,-2816.48,9.9683,-2816.48,0.0,2816.48,20.0,False,3964;4288
CL,Long,343,2020-08-25T20:00:00Z,68.854398,2020-08-27T20:00:00Z,68.585232,-92.32,9.3902,-193.58,0.0,193.58,2.0,False,4299;4304
DE,Long,124,2020-08-25T20:00:00Z,190.722752,2020-08-27T20:00:00Z,195.500079,592.39,9.5386,0.0,592.39,135.47,2.0,True,4301;4306
ZM,Short,83,2020-08-25T20:00:00Z,278.7,2020-08-27T20:00:00Z,295.69,-1410.17,9.713,-1410.17,0.0,1410.17,2.0,False,4298;4309
UNP,Short,140,2020-08-25T20:00:00Z,168.962844,2020-08-27T20:00:00Z,170.166606,-168.53,9.5093,-168.53,0.0,168.53,2.0,False,4295;4310
AMD,Long,290,2020-08-19T20:00:00Z,81.84,2020-08-27T20:00:00Z,86.35,1307.9,9.5636,0.0,1307.9,739.5,8.0,True,4207;4311
PEP,Short,211,2020-08-24T20:00:00Z,111.948229,2020-08-27T20:00:00Z,113.744059,-378.92,9.5104,-378.92,0.0,378.92,3.0,False,4267;4313
AMGN,Short,121,2020-08-11T20:00:00Z,196.740896,2020-08-27T20:00:00Z,209.750374,-1574.15,9.778,-1631.5,103.15,1734.65,16.0,False,4068;4324
BLK,Long,47,2020-08-21T20:00:00Z,505.245418,2020-08-27T20:00:00Z,511.744279,305.45,9.5651,0.0,388.2,82.75,6.0,True,4251;4325
CI,Long,147,2020-08-24T20:00:00Z,161.414761,2020-08-27T20:00:00Z,157.555489,-567.31,9.3828,-704.84,0.0,704.84,3.0,False,4273;4326
CRM,Long,116,2020-08-24T20:00:00Z,204.967135,2020-08-27T20:00:00Z,262.008208,6616.76,6.2905,0.0,7676.49,1059.73,3.0,True,4268;4327
UTX,Long,444,2020-08-21T20:00:00Z,53.127851,2020-08-27T20:00:00Z,53.206663,34.99,9.4223,0.0,470.45,435.46,6.0,True,4250;4328
INTU,Long,77,2020-08-21T20:00:00Z,306.557502,2020-08-27T20:00:00Z,327.623387,1622.07,9.848,0.0,1855.27,233.2,6.0,True,4252;4329
ISRG,Short,101,2020-08-25T20:00:00Z,231.926643,2020-08-27T20:00:00Z,233.609977,-170.02,9.4865,-458.2,0.0,458.2,2.0,False,4297;4330
LIN,Short,105,2020-08-21T20:00:00Z,220.753543,2020-08-27T20:00:00Z,232.769962,-1261.72,9.5396,-1261.72,0.0,1261.72,6.0,False,4248;4331
MRK,Long,351,2020-08-25T20:00:00Z,67.571064,2020-08-27T20:00:00Z,67.14678,-148.92,9.4594,-148.92,0.0,148.92,2.0,False,4290;4332
NEE,Short,393,2020-08-11T20:00:00Z,60.552083,2020-08-27T20:00:00Z,59.575935,383.63,9.3531,-51.12,417.31,213.69,16.0,True,4069;4333
NOW,Long,263,2020-08-25T20:00:00Z,90.0,2020-08-27T20:00:00Z,97.0,1841.0,9.8728,0.0,1983.02,376.09,2.0,True,4296;4334
WFC,Long,1111,2020-08-18T20:00:00Z,21.31359,2020-08-27T20:00:00Z,20.947018,-407.26,9.4301,-761.19,184.24,761.19,9.0,False,4187;4335
ABT,Long,262,2020-08-19T20:00:00Z,90.36461,2020-08-28T20:00:00Z,101.602077,2944.22,9.8946,0.0,2944.22,236.57,9.0,True,4202;4346
CVS,Long,457,2020-08-27T20:00:00Z,51.61027,2020-08-28T20:00:00Z,52.302473,316.34,9.5353,0.0,316.34,0.0,1.0,True,4320;4347
FIS,Long,191,2020-08-13T20:00:00Z,123.220273,2020-08-28T20:00:00Z,130.419271,1375.01,9.8153,-248.95,1602.53,499.55,15.0,True,4146;4348
GILD,Long,454,2020-08-27T20:00:00Z,52.036181,2020-08-28T20:00:00Z,51.758506,-126.06,9.4231,-126.06,0.0,126.06,1.0,False,4344;4349
JNJ,Short,182,2020-08-24T20:00:00Z,130.247694,2020-08-28T20:00:00Z,130.350103,-18.64,9.4991,-158.43,86.98,245.41,4.0,False,4265;4350
JPM,Short,274,2020-08-25T20:00:00Z,86.891209,2020-08-28T20:00:00Z,88.555759,-456.09,9.5576,-456.09,512.51,968.6,3.0,False,4289;4351
MO,Short,882,2020-08-27T20:00:00Z,26.952467,2020-08-28T20:00:00Z,27.151058,-175.16,9.5997,-279.16,0.0,279.16,1.0,False,4321;4352
PEP,Long,208,2020-08-27T20:00:00Z,113.744059,2020-08-28T20:00:00Z,113.514455,-47.76,4.7737,-47.76,209.79,257.55,1.0,False,4313;4353
SPGI,Long,72,2020-08-27T20:00:00Z,328.913058,2020-08-28T20:00:00Z,328.823125,-6.48,9.4643,-6.48,71.23,77.7,1.0,False,4319;4354
SYK,Long,134,2020-08-06T20:00:00Z,176.231506,2020-08-28T20:00:00Z,184.593506,1120.51,9.7396,-185.07,1339.57,684.89,22.0,True,4018;4355
TGT,Long,183,2020-08-27T20:00:00Z,128.820826,2020-08-28T20:00:00Z,126.79627,-370.49,9.2972,-370.49,0.0,370.49,1.0,False,4345;4356
DIS,Long,184,2020-08-27T20:00:00Z,128.951906,2020-08-28T20:00:00Z,130.154164,221.22,14.39,0.0,449.57,228.35,1.0,True,4337;4359
PYPL,Short,117,2020-08-27T20:00:00Z,204.529113,2020-08-28T20:00:00Z,202.669848,217.53,14.1929,0.0,269.6,52.07,1.0,True,4338;4360
AVGO,Short,803,2020-08-25T20:00:00Z,29.449947,2020-08-31T20:00:00Z,30.32905,-705.92,9.647,-857.69,0.0,857.69,6.0,False,4294;4371
BKNG,Long,320,2020-08-28T20:00:00Z,74.08946,2020-08-31T20:00:00Z,75.117878,329.09,9.642,0.0,329.09,0.0,3.0,True,4366;4372
SHOP,Short,217,2020-08-27T20:00:00Z,108.177,2020-08-31T20:00:00Z,104.851,721.74,9.2005,0.0,861.71,528.61,4.0,True,4342;4373
EL,Long,119,2020-08-28T20:00:00Z,198.722327,2020-08-31T20:00:00Z,204.632524,703.31,9.7272,0.0,703.31,0.0,3.0,True,4365;4374
REGN,Long,39,2020-08-27T20:00:00Z,608.923696,2020-08-31T20:00:00Z,596.699058,-476.76,9.5422,-476.76,203.22,679.98,4.0,False,4323;4375
DE,Long,122,2020-08-28T20:00:00Z,194.731633,2020-08-31T20:00:00Z,194.426106,-37.27,9.4871,-37.27,0.0,37.27,3.0,False,4370;4376
ISRG,Long,100,2020-08-28T20:00:00Z,237.779976,2020-08-31T20:00:00Z,241.243309,346.33,9.719,0.0,583.33,237.0,3.0,True,4364;4377
KO,Short,591,2020-08-27T20:00:00Z,40.079601,2020-08-31T20:00:00Z,41.367132,-760.93,9.5985,-775.66,0.0,775.66,4.0,False,4340;4378
MDLZ,Long,475,2020-08-28T20:00:00Z,49.735719,2020-08-31T20:00:00Z,49.907222,81.46,9.5093,0.0,171.07,89.61,3.0,True,4363;4379
NVDA,Short,1889,2020-08-28T20:00:00Z,12.572432,2020-08-31T20:00:00Z,13.117774,-1030.15,9.9624,-1369.62,0.0,1369.62,3.0,False,4358;4380
QCOM,Short,232,2020-08-27T20:00:00Z,101.944362,2020-08-31T20:00:00Z,103.67802,-402.21,9.5523,-542.37,0.0,542.37,4.0,False,4316;4381
T,Long,1495,2020-08-27T20:00:00Z,15.82658,2020-08-31T20:00:00Z,15.821306,-7.88,14.1144,-165.57,23.65,189.22,4.0,False,4339;4384
C,Long,579,2020-08-19T20:00:00Z,41.250368,2020-09-01T20:00:00Z,41.413155,94.25,9.5649,-650.35,749.32,655.07,13.0,True,4205;4393
CI,Long,145,2020-08-31T20:00:00Z,161.576689,2020-09-01T20:00:00Z,158.329142,-470.89,9.2227,-470.89,0.0,470.89,1.0,False,4391;4394
CVX,Long,359,2020-08-27T20:00:00Z,66.045626,2020-09-01T20:00:00Z,64.54177,-539.88,9.3534,-576.06,111.32,687.38,5.0,False,4341;4395
TSLA,Short,158,2020-08-28T20:00:00Z,153.177985,2020-09-01T20:00:00Z,167.429983,-2251.82,9.6668,-2251.82,887.64,3139.46,4.0,False,4357;4396
HD,Short,97,2020-08-24T20:00:00Z,244.030018,2020-09-01T20:00:00Z,243.438482,57.38,9.5247,-605.39,57.38,605.39,8.0,True,4266;4397
INTC,Long,523,2020-08-31T20:00:00Z,45.774056,2020-09-01T20:00:00Z,45.693278,-42.25,9.5515,-98.58,0.0,98.58,1.0,False,4383;4398
LIN,Short,103,2020-08-28T20:00:00Z,230.706074,2020-09-01T20:00:00Z,229.293456,145.5,9.6464,-513.03,167.23,680.26,4.0,True,4361;4399
MS,Long,538,2020-08-31T20:00:00Z,43.957278,2020-09-01T20:00:00Z,43.16638,-425.5,9.3933,-425.5,0.0,425.5,1.0,False,4388;4400
ZM,Long,80,2020-08-27T20:00:00Z,295.69,2020-09-01T20:00:00Z,439.54,11508.0,12.0379,0.0,12960.0,1452.0,5.0,True,4343;4401
TJX,Long,467,2020-08-31T20:00:00Z,50.731066,2020-09-01T20:00:00Z,50.225044,-236.31,9.4577,-236.31,55.86,292.17,1.0,False,4392;4402
WFC,Long,1105,2020-08-28T20:00:00Z,21.601612,2020-09-01T20:00:00Z,20.912106,-761.9,9.3994,-761.9,0.0,761.9,4.0,False,4362;4403
PYPL,Long,117,2020-08-28T20:00:00Z,202.669848,2020-09-01T20:00:00Z,203.322568,76.37,9.6701,-91.41,462.84,386.47,4.0,True,4360;4405
DIS,Short,182,2020-08-28T20:00:00Z,130.154164,2020-09-01T20:00:00Z,127.904777,409.39,9.5042,0.0,437.62,315.86,4.0,True,4359;4406
REGN,Long,38,2020-09-01T20:00:00Z,609.874721,2020-09-02T20:00:00Z,585.772173,-915.9,9.056,-915.9,0.0,915.9,1.0,False,4412;4415
FISV,Long,247,2020-08-24T20:00:00Z,96.43,2020-09-02T20:00:00Z,100.0,881.79,9.8479,0.0,1654.9,773.11,9.0,True,4274;4416
LMT,Long,72,2020-08-18T20:00:00Z,328.858379,2020-09-02T20:00:00Z,327.447944,-101.55,9.623,-101.55,697.89,799.44,15.0,False,4186;4417
MMM,Long,257,2020-08-24T20:00:00Z,91.771987,2020-09-02T20:00:00Z,93.880838,541.97,9.7304,0.0,1177.44,635.47,9.0,True,4270;4418
NFLX,Short,432,2020-08-27T20:00:00Z,53.755,2020-09-02T20:00:00Z,55.334,-682.13,9.3235,-820.8,590.11,1410.91,6.0,False,4336;4419
PFE,Short,893,2020-08-31T20:00:00Z,26.449944,2020-09-02T20:00:00Z,25.701228,668.6,9.3667,0.0,668.6,187.46,2.0,True,4385;4420
T,Short,1496,2020-08-31T20:00:00Z,15.821306,2020-09-02T20:00:00Z,15.489059,497.04,4.6864,0.0,497.04,181.46,2.0,True,4384;4421
DIS,Long,185,2020-09-01T20:00:00Z,127.904777,2020-09-02T20:00:00Z,129.56273,306.72,9.6614,0.0,622.41,315.69,1.0,True,4406;4424
APD,Short,93,2020-09-01T20:00:00Z,253.179487,2020-09-02T20:00:00Z,263.176161,-929.69,14.7802,-1562.43,0.0,1562.43,1.0,False,4414;4436
BA,Long,137,2020-08-27T20:00:00Z,174.8,2020-09-03T20:00:00Z,176.12,180.84,9.3974,-826.11,180.84,963.11,7.0,True,4317;4437
BMY,Short,489,2020-09-02T20:00:00Z,48.375272,2020-09-03T20:00:00Z,49.035766,-322.98,9.4677,-322.98,287.96,610.94,1.0,False,4428;4438
TSLA,Short,149,2020-09-02T20:00:00Z,159.666651,2020-09-03T20:00:00Z,135.706653,3570.04,8.4867,0.0,3576.0,5.96,1.0,True,4422;4439
GILD,Long,447,2020-09-01T20:00:00Z,52.61533,2020-09-03T20:00:00Z,53.154812,241.15,9.3438,-145.4,241.15,312.07,2.0,True,4411;4440
GS,Long,132,2020-08-14T20:00:00Z,179.495658,2020-09-03T20:00:00Z,184.316602,636.36,9.52,-702.37,636.36,702.37,20.0,True,4163;4441
HON,Long,172,2020-08-20T20:00:00Z,136.261381,2020-09-03T20:00:00Z,151.900949,2690.01,9.7193,0.0,2690.01,919.27,14.0,True,4221;4442
DE,Long,121,2020-09-01T20:00:00Z,192.824405,2020-09-03T20:00:00Z,201.156953,1008.24,9.6007,0.0,1008.24,705.77,2.0,True,4413;4443
MRK,Long,353,2020-09-01T20:00:00Z,67.060352,2020-09-03T20:00:00Z,68.977485,676.75,9.4262,0.0,676.75,393.85,2.0,True,4407;4444
NEE,Short,395,2020-08-31T20:00:00Z,59.856671,2020-09-03T20:00:00Z,61.83682,-782.16,9.4767,-782.16,184.54,966.69,3.0,False,4386;4445
NKE,Long,243,2020-08-21T20:00:00Z,97.571293,2020-09-03T20:00:00Z,105.75531,1988.72,9.7847,0.0,1988.72,869.09,13.0,True,4247;4446
PEP,Long,208,2020-09-02T20:00:00Z,114.40827,2020-09-03T20:00:00Z,117.923001,731.06,9.6764,0.0,731.06,497.76,1.0,True,4427;4447
SBUX,Long,328,2020-08-27T20:00:00Z,72.278021,2020-09-03T20:00:00Z,77.536192,1724.68,9.7344,0.0,1724.68,535.74,7.0,True,4318;4448
AMD,Long,260,2020-09-01T20:00:00Z,92.02,2020-09-03T20:00:00Z,87.78,-1102.4,9.0854,-2464.8,0.0,2464.8,2.0,False,4409;4449
VZ,Long,574,2020-09-02T20:00:00Z,41.208719,2020-09-03T20:00:00Z,42.479688,729.54,9.7116,0.0,729.54,0.0,1.0,True,4423;4450
DIS,Short,183,2020-09-02T20:00:00Z,129.56273,2020-09-03T20:00:00Z,131.114032,-283.89,9.4269,-283.89,78.07,361.96,1.0,False,4424;4453
LIN,Short,100,2020-09-02T20:00:00Z,236.665673,2020-09-08T20:00:00Z,224.300205,1236.55,9.265,0.0,1301.92,65.37,6.0,True,4429;4470
MS,Long,539,2020-09-03T20:00:00Z,44.739851,2020-09-08T20:00:00Z,43.53269,-650.66,9.2385,-1592.99,0.0,1592.99,5.0,False,4459;4473
PYPL,Short,117,2020-09-01T20:00:00Z,203.322568,2020-09-08T20:00:00Z,183.177227,2357.0,8.9743,-605.16,2357.0,605.16,7.0,True,4405;4479
SPGI,Long,71,2020-09-01T20:00:00Z,329.353731,2020-09-08T20:00:00Z,305.467447,-1695.93,13.773,-1695.93,778.36,2474.29,7.0,False,4410;4484
CVS,Long,478,2020-09-02T20:00:00Z,49.690233,2020-09-08T20:00:00Z,49.723195,15.76,14.2662,-303.3,59.08,362.38,6.0,True,4434;4486
SPY,Short,77,2020-08-06T20:00:00Z,304.544549,2020-09-08T20:00:00Z,309.339803,-369.23,32.5075,-1851.83,0.0,1851.83,33.0,False,4022;4490
SPY,Short,280,2020-08-07T20:00:00Z,306.170526,2020-09-08T20:00:00Z,309.339803,-887.4,17.2114,-6278.66,455.27,6404.7,32.0,False,4050;4490
SPY,Short,174,2020-08-14T20:00:00Z,309.055027,2020-09-08T20:00:00Z,309.339803,-49.55,12.9961,-3399.83,784.82,3575.66,25.0,False,4165;4490
ANTM,Long,92,2020-08-12T20:00:00Z,260.743964,2020-09-08T20:00:00Z,253.695832,-648.43,9.3426,-1309.59,168.9,1478.48,27.0,False,4097;4491
CAT,Long,183,2020-08-31T20:00:00Z,128.901171,2020-09-08T20:00:00Z,132.045102,575.34,9.5615,0.0,948.49,412.6,8.0,True,4389;4492
DIS,Long,182,2020-09-03T20:00:00Z,131.114032,2020-09-08T20:00:00Z,127.972647,-571.73,4.7341,-571.73,0.0,571.73,5.0,False,4453;4493
GOOGL,Short,281,2020-09-03T20:00:00Z,84.175016,2020-09-08T20:00:00Z,75.531267,2428.89,8.7767,0.0,2448.38,19.48,5.0,True,4451;4494
REGN,Short,39,2020-09-03T20:00:00Z,604.693615,2020-09-08T20:00:00Z,571.704923,1286.56,8.8034,0.0,1874.2,587.64,5.0,True,4464;4495
INTC,Long,521,2020-09-02T20:00:00Z,46.025364,2020-09-08T20:00:00Z,44.257229,-921.2,9.4608,-1108.24,0.0,1108.24,6.0,False,4425;4496
ISRG,Short,93,2020-09-03T20:00:00Z,250.953308,2020-09-08T20:00:00Z,236.666643,1328.66,8.9018,0.0,1819.39,490.73,5.0,True,4458;4497
JPM,Short,268,2020-08-31T20:00:00Z,87.646263,2020-09-08T20:00:00Z,88.203973,-149.47,9.203,-315.03,512.78,777.22,8.0,False,4382;4498
MDLZ,Long,475,2020-09-02T20:00:00Z,49.881496,2020-09-08T20:00:00Z,49.186911,-329.93,9.4009,-725.03,0.0,725.03,6.0,False,4431;4499
MO,Long,887,2020-09-02T20:00:00Z,26.729052,2020-09-08T20:00:00Z,27.120028,346.8,9.5594,0.0,346.8,222.94,6.0,True,4432;4500
APD,Long,90,2020-09-02T20:00:00Z,263.176161,2020-09-08T20:00:00Z,256.563913,-595.1,4.6124,-624.07,0.0,624.07,6.0,False,4436;4501
NFLX,Short,432,2020-09-03T20:00:00Z,54.5,2020-09-08T20:00:00Z,49.828,2018.3,8.9231,0.0,2018.3,0.0,5.0,True,4454;4502
NVDA,Short,1781,2020-09-01T20:00:00Z,13.426275,2020-09-08T20:00:00Z,11.650277,3163.05,9.1164,-1499.38,3163.05,1499.38,7.0,True,4404;4503
QCOM,Short,220,2020-09-03T20:00:00Z,106.988575,2020-09-08T20:00:00Z,98.529136,1861.08,8.7612,0.0,2279.38,418.31,5.0,True,4455;4504
ZM,Long,56,2020-09-03T20:00:00Z,400.0,2020-09-08T20:00:00Z,350.0,-2800.0,8.2006,-2800.0,0.0,2800.0,5.0,False,4456;4505
SYK,Long,126,2020-09-03T20:00:00Z,190.334161,2020-09-08T20:00:00Z,184.114336,-783.7,9.4285,-783.7,0.0,783.7,5.0,False,4460;4506
TJX,Short,458,2020-09-03T20:00:00Z,52.451543,2020-09-08T20:00:00Z,50.280246,994.45,9.3394,0.0,994.45,54.78,5.0,True,4462;4507
TGT,Long,186,2020-08-31T20:00:00Z,127.37833,2020-09-08T20:00:00Z,123.481059,-724.89,9.2645,-1090.48,0.0,1090.48,8.0,False,4390;4508
WFC,Long,1131,2020-09-02T20:00:00Z,20.955746,2020-09-08T20:00:00Z,21.243767,325.75,9.5791,-49.36,760.09,809.45,6.0,True,4430;4509
XOM,Long,713,2020-08-25T20:00:00Z,32.655756,2020-09-08T20:00:00Z,29.925316,-1946.8,8.8214,-1985.85,0.0,1985.85,14.0,False,4291;4510
AVGO,Short,758,2020-09-08T20:00:00Z,31.002443,2020-09-08T20:00:00Z,31.002443,0.0,14.0152,0.0,0.0,0.0,0.0,False,4481;4511
AXP,Long,245,2020-09-08T20:00:00Z,97.329663,2020-09-08T20:00:00Z,97.329663,0.0,14.2047,0.0,0.0,0.0,0.0,False,4485;4517
SQ,Long,153,2020-08-27T20:00:00Z,157.49,2020-09-08T20:00:00Z,137.01,-3133.44,13.6091,-3133.44,1403.01,4536.45,12.0,False,4322;4522
AMGN,Long,117,2020-09-08T20:00:00Z,204.752753,2020-09-09T20:00:00Z,201.767486,-349.28,9.4713,-349.28,0.0,349.28,1.0,False,4480;4524
AMT,Long,114,2020-08-20T20:00:00Z,206.42693,2020-09-09T20:00:00Z,211.128409,535.97,9.6071,0.0,1104.59,930.74,20.0,True,4222;4525
AVGO,Long,758,2020-09-08T20:00:00Z,31.002443,2020-09-09T20:00:00Z,31.310129,233.23,4.7982,0.0,491.11,257.88,1.0,True,4511;4526
AXP,Short,245,2020-09-08T20:00:00Z,97.329663,2020-09-09T20:00:00Z,97.469477,-34.25,4.7399,-34.25,146.15,180.41,1.0,False,4517;4527
BA,Long,141,2020-09-08T20:00:00Z,166.0,2020-09-09T20:00:00Z,161.61,-618.99,9.0765,-736.02,0.0,736.02,1.0,False,4515;4528
BDX,Long,139,2020-08-28T20:00:00Z,170.368446,2020-09-09T20:00:00Z,163.357172,-974.57,9.1832,-1250.52,0.0,1250.52,12.0,False,4368;4529
C,Long,565,2020-09-08T20:00:00Z,42.259651,2020-09-09T20:00:00Z,41.673615,-331.11,9.4228,-331.11,0.0,331.11,1.0,False,4514;4530
CI,Short,146,2020-09-03T20:00:00Z,164.365441,2020-09-09T20:00:00Z,157.348581,1024.46,9.2585,0.0,1146.61,122.15,6.0,True,4463;4531
CL,Long,345,2020-08-28T20:00:00Z,68.593915,2020-09-09T20:00:00Z,66.614242,-682.99,9.4025,-1006.51,140.79,1147.3,12.0,False,4369;4532
GILD,Short,461,2020-09-08T20:00:00Z,51.65537,2020-09-09T20:00:00Z,50.988952,307.22,9.4104,0.0,307.22,0.0,1.0,True,4519;4533
GS,Long,131,2020-09-08T20:00:00Z,181.975106,2020-09-09T20:00:00Z,177.709929,-558.74,9.2294,-779.95,0.0,779.95,1.0,False,4487;4534
IBM,Long,253,2020-08-19T20:00:00Z,93.731262,2020-09-09T20:00:00Z,91.70391,-512.92,9.3503,-687.69,636.4,1324.09,21.0,False,4204;4535
FISV,Long,232,2020-09-03T20:00:00Z,103.17,2020-09-09T20:00:00Z,96.06,-1649.52,9.1447,-1900.08,0.0,1900.08,6.0,False,4461;4536
MCD,Long,127,2020-09-01T20:00:00Z,183.3845,2020-09-09T20:00:00Z,187.002786,459.52,9.4644,0.0,595.39,497.08,8.0,True,4408;4537
PG,Short,204,2020-08-18T20:00:00Z,116.626614,2020-09-09T20:00:00Z,117.115956,-99.83,9.6211,-814.37,14.01,828.38,22.0,False,4181;4538
PYPL,Long,127,2020-09-08T20:00:00Z,183.177227,2020-09-09T20:00:00Z,188.656127,695.82,4.8883,0.0,1178.12,482.3,1.0,True,4479;4539
SPGI,Short,77,2020-09-08T20:00:00Z,305.467447,2020-09-09T20:00:00Z,311.169218,-439.04,4.8721,-839.29,0.0,839.29,1.0,False,4484;4540
PLD,Long,278,2020-09-02T20:00:00Z,85.238729,2020-09-09T20:00:00Z,83.937182,-361.83,9.5967,-632.62,23.34,655.96,7.0,False,4435;4541
TXN,Short,202,2020-08-13T20:00:00Z,116.995412,2020-09-09T20:00:00Z,116.969998,5.13,9.4741,-1630.75,354.21,1760.8,27.0,True,4145;4542
UNH,Short,86,2020-09-08T20:00:00Z,278.971796,2020-09-09T20:00:00Z,277.760942,104.13,9.5536,-76.36,104.13,76.36,1.0,True,4477;4543
AMD,Long,294,2020-09-08T20:00:00Z,78.0,2020-09-09T20:00:00Z,81.41,1002.54,9.4433,0.0,1149.54,147.0,1.0,True,4483;4544
WMT,Short,525,2020-09-03T20:00:00Z,45.234892,2020-09-09T20:00:00Z,43.1967,1070.05,9.2089,0.0,1335.54,265.49,6.0,True,4452;4545
ZTS,Long,158,2020-08-28T20:00:00Z,149.865486,2020-09-09T20:00:00Z,145.907555,-625.35,9.476,-876.39,879.36,1755.74,12.0,False,4367;4546
BKNG,Short,322,2020-09-08T20:00:00Z,73.726466,2020-09-09T20:00:00Z,73.753427,-8.68,14.2788,-8.68,198.67,207.35,1.0,False,4520;4556
SPY,Short,36,2020-08-14T20:00:00Z,309.055027,2020-09-09T20:00:00Z,310.056335,-36.05,25.221,-703.41,162.38,739.79,26.0,False,4165;4561
SPY,Short,225,2020-08-18T20:00:00Z,310.79124,2020-09-09T20:00:00Z,310.056335,165.35,13.9988,-4005.69,1405.51,4623.7,22.0,True,4191;4561
SPY,Short,141,2020-08-19T20:00:00Z,311.516958,2020-09-09T20:00:00Z,310.056335,205.95,8.7361,-2407.91,983.11,2897.52,21.0,True,4211;4561
SPY,Short,2,2020-08-20T20:00:00Z,308.044533,2020-09-09T20:00:00Z,310.056335,-4.02,9.8198,-41.1,7.0,41.1,20.0,False,4229;4561
BMY,Short,507,2020-09-08T20:00:00Z,47.643157,2020-09-10T20:00:00Z,46.807591,423.63,9.4264,0.0,637.46,213.83,2.0,True,4482;4562
CAT,Short,182,2020-09-09T20:00:00Z,134.560247,2020-09-10T20:00:00Z,136.734051,-395.63,9.8924,-395.63,0.0,395.63,1.0,False,4555;4563
DHR,Short,161,2020-09-08T20:00:00Z,150.200359,2020-09-10T20:00:00Z,155.137239,-794.84,9.8245,-805.91,0.0,805.91,2.0,False,4512;4564
SQ,Short,165,2020-09-08T20:00:00Z,137.01,2020-09-10T20:00:00Z,147.02,-1651.65,4.6553,-1651.65,0.0,1651.65,2.0,False,4522;4565
INTC,Short,555,2020-09-09T20:00:00Z,44.436735,2020-09-10T20:00:00Z,44.876525,-244.08,9.8211,-244.08,273.97,518.05,1.0,False,4550;4566
ISRG,Long,105,2020-09-09T20:00:00Z,234.45331,2020-09-10T20:00:00Z,239.499976,529.9,9.9756,0.0,529.9,0.0,1.0,True,4554;4567
KO,Long,582,2020-09-02T20:00:00Z,41.126239,2020-09-10T20:00:00Z,41.823998,406.1,9.784,0.0,739.67,594.64,8.0,True,4426;4568
LLY,Long,173,2020-09-09T20:00:00Z,141.52082,2020-09-10T20:00:00Z,140.825524,-120.29,9.6941,-715.21,0.0,715.21,1.0,False,4552;4569
LMT,Long,70,2020-09-03T20:00:00Z,339.648069,2020-09-10T20:00:00Z,328.187603,-802.23,9.1095,-1217.04,0.0,1217.04,7.0,False,4457;4570
LOW,Long,172,2020-09-08T20:00:00Z,137.568032,2020-09-10T20:00:00Z,143.305255,986.8,9.6082,0.0,986.8,186.28,2.0,True,4513;4571
QCOM,Short,252,2020-09-09T20:00:00Z,99.972786,2020-09-10T20:00:00Z,101.205171,-310.56,10.0471,-310.56,250.67,561.23,1.0,False,4553;4572
TJX,Long,479,2020-09-09T20:00:00Z,50.675864,2020-09-10T20:00:00Z,50.639062,-17.63,9.5958,-427.48,0.0,427.48,1.0,False,4559;4573
TMO,Long,56,2020-08-27T20:00:00Z,402.455112,2020-09-10T20:00:00Z,416.633961,794.02,9.2535,-220.25,1748.82,1969.07,14.0,True,4315;4574
AXP,Long,251,2020-09-10T20:00:00Z,97.11528,2020-09-11T20:00:00Z,95.922195,-299.46,9.6451,-299.46,0.0,299.46,1.0,False,4580;4583
BKNG,Long,329,2020-09-09T20:00:00Z,73.753427,2020-09-11T20:00:00Z,70.860806,-951.67,4.5861,-1334.5,0.0,1334.5,2.0,False,4556;4584
CVS,Short,487,2020-09-08T20:00:00Z,49.723195,2020-09-11T20:00:00Z,47.877322,898.94,4.6071,0.0,1179.86,280.92,3.0,True,4486;4585
TSLA,Short,221,2020-09-09T20:00:00Z,118.996655,2020-09-11T20:00:00Z,127.299987,-1835.04,10.8879,-1835.04,0.0,1835.04,2.0,False,4547;4586
IBM,Long,265,2020-09-10T20:00:00Z,92.041802,2020-09-11T20:00:00Z,91.148265,-236.79,9.6315,-236.79,0.0,236.79,1.0,False,4579;4587
MDLZ,Short,493,2020-09-10T20:00:00Z,49.092585,2020-09-11T20:00:00Z,48.946808,71.87,9.6937,-126.83,71.87,126.83,1.0,True,4581;4588
APD,Long,95,2020-09-09T20:00:00Z,259.426321,2020-09-11T20:00:00Z,259.104409,-30.58,9.9777,-243.83,176.88,243.83,2.0,False,4560;4589
SHW,Short,112,2020-09-08T20:00:00Z,211.970542,2020-09-11T20:00:00Z,222.865618,-1220.25,9.7538,-1341.64,0.0,1341.64,3.0,False,4489;4590
TMUS,Short,227,2020-09-10T20:00:00Z,106.906414,2020-09-11T20:00:00Z,106.121936,178.08,9.5818,0.0,328.26,150.19,1.0,True,4577;4591
XOM,Long,819,2020-09-10T20:00:00Z,29.964434,2020-09-11T20:00:00Z,28.947364,-832.98,9.4678,-909.87,0.0,909.87,1.0,False,4575;4592
SPY,Short,156,2020-08-20T20:00:00Z,308.044533,2020-09-11T20:00:00Z,308.467103,-65.92,11.9682,-3205.76,546.0,3205.76,22.0,False,4229;4607
SPY,Short,39,2020-08-24T20:00:00Z,314.291224,2020-09-11T20:00:00Z,308.467103,227.14,14.7428,-557.82,380.12,557.82,18.0,True,4275;4607
ANTM,Long,98,2020-09-09T20:00:00Z,248.055462,2020-09-14T20:00:00Z,239.778614,-811.13,9.6722,-898.23,0.0,898.23,5.0,False,4558;4608
BLK,Long,49,2020-09-08T20:00:00Z,486.20919,2020-09-14T20:00:00Z,473.228909,-636.03,9.359,-799.4,8.08,807.49,6.0,False,4516;4609
CSCO,Long,664,2020-08-27T20:00:00Z,35.730306,2020-09-14T20:00:00Z,33.926937,-1197.44,9.2505,-1583.53,11.19,1594.72,18.0,False,4314;4610
CVX,Long,400,2020-09-11T20:00:00Z,60.650349,2020-09-14T20:00:00Z,60.053458,-238.76,9.611,-297.67,0.0,297.67,3.0,False,4595;4611
DIS,Short,187,2020-09-09T20:00:00Z,130.40625,2020-09-14T20:00:00Z,128.738602,311.85,9.5945,0.0,598.32,286.47,5.0,True,4548;4612
SQ,Short,171,2020-09-11T20:00:00Z,143.77,2020-09-14T20:00:00Z,139.72,692.55,9.6393,-107.73,692.55,107.73,3.0,True,4606;4613
FB,Long,102,2020-07-24T20:00:00Z,227.818036,2020-09-14T20:00:00Z,268.795567,4179.71,10.0398,0.0,7467.3,3814.98,52.0,True,3776;4614
LLY,Short,176,2020-09-11T20:00:00Z,138.335615,2020-09-14T20:00:00Z,140.543648,-388.61,9.8258,-388.61,0.0,388.61,3.0,False,4596;4615
SYK,Long,129,2020-09-09T20:00:00Z,190.127459,2020-09-14T20:00:00Z,191.433435,168.47,9.9609,-70.3,381.79,213.32,5.0,True,4557;4616
PLD,Short,288,2020-09-11T20:00:00Z,84.331844,2020-09-14T20:00:00Z,84.743301,-118.5,9.7779,-367.59,0.0,367.59,3.0,False,4603;4617
UNP,Short,138,2020-08-31T20:00:00Z,170.949636,2020-09-14T20:00:00Z,172.904599,-269.78,9.4674,-464.56,767.01,1231.57,14.0,False,4387;4618
ZTS,Long,163,2020-09-11T20:00:00Z,149.480034,2020-09-14T20:00:00Z,150.363752,144.05,9.7905,0.0,285.03,140.98,3.0,True,4602;4619
CAT,Short,180,2020-09-11T20:00:00Z,135.171068,2020-09-14T20:00:00Z,138.332964,-569.14,14.7649,-569.14,0.0,569.14,3.0,False,4601;4627
ISRG,Long,103,2020-09-11T20:00:00Z,237.94331,2020-09-14T20:00:00Z,237.469976,-48.75,14.6618,-48.75,86.18,134.93,3.0,False,4600;4629
SPY,Short,122,2020-08-24T20:00:00Z,314.291224,2020-09-14T20:00:00Z,310.056335,516.66,7.5864,-1744.98,1189.09,1744.98,21.0,True,4275;4634
VRTX,Long,86,2020-08-06T20:00:00Z,269.3,2020-09-15T20:00:00Z,266.77,-217.58,9.2913,-1173.9,1082.74,2256.64,40.0,False,4017;4635
BKNG,Short,347,2020-09-14T20:00:00Z,70.449751,2020-09-15T20:00:00Z,70.23133,75.79,9.6851,0.0,216.94,141.14,1.0,True,4632;4636
CL,Long,365,2020-09-11T20:00:00Z,66.631608,2020-09-15T20:00:00Z,67.048381,152.12,9.7415,0.0,152.12,66.55,4.0,True,4605;4637
COST,Long,78,2020-09-09T20:00:00Z,312.336534,2020-09-15T20:00:00Z,315.95557,282.28,9.867,-126.49,282.28,126.49,6.0,True,4551;4638
CVS,Long,511,2020-09-14T20:00:00Z,47.490019,2020-09-15T20:00:00Z,47.794917,155.8,9.6825,-265.29,155.8,265.29,1.0,True,4631;4639
GILD,Short,465,2020-09-14T20:00:00Z,51.659479,2020-09-15T20:00:00Z,53.711749,-954.31,9.8815,-954.31,0.0,954.31,1.0,False,4628;4640
ORCL,Long,460,2020-08-25T20:00:00Z,51.377615,2020-09-15T20:00:00Z,54.96444,1649.94,9.8525,-349.35,2020.33,1561.55,21.0,True,4292;4641
QCOM,Short,242,2020-09-14T20:00:00Z,101.442845,2020-09-15T20:00:00Z,101.064327,91.6,9.8009,-285.46,91.6,285.46,1.0,True,4625;4642
T,Short,1566,2020-09-09T20:00:00Z,15.626177,2020-09-15T20:00:00Z,15.394131,363.38,9.6602,0.0,598.76,235.37,6.0,True,4549;4643
ISRG,Short,103,2020-09-14T20:00:00Z,237.469976,2020-09-15T20:00:00Z,241.416643,-406.51,9.7318,-406.51,0.0,406.51,1.0,False,4629;4651
INTU,Long,78,2020-09-11T20:00:00Z,310.352812,2020-09-15T20:00:00Z,308.014288,-182.4,14.4141,-411.91,0.0,411.91,4.0,False,4599;4652
CAT,Long,175,2020-09-14T20:00:00Z,138.332964,2020-09-15T20:00:00Z,138.440756,18.86,9.3438,-848.86,18.86,848.86,1.0,True,4627;4653
SPY,Short,73,2020-08-24T20:00:00Z,314.291224,2020-09-16T20:00:00Z,313.712487,42.25,23.4683,-1044.13,711.51,1044.13,23.0,True,4275;4658
SPY,Short,157,2020-08-25T20:00:00Z,315.577307,2020-09-16T20:00:00Z,313.712487,292.78,9.9261,-2043.67,1732.14,2043.67,22.0,True,4302;4658
SPY,Short,147,2020-09-08T20:00:00Z,309.339803,2020-09-16T20:00:00Z,313.712487,-642.78,8.9993,-2830.41,704.9,1027.64,8.0,False,4523;4658
AMGN,Long,118,2020-09-15T20:00:00Z,206.806684,2020-09-16T20:00:00Z,209.010294,260.03,9.736,-92.24,260.03,92.24,1.0,True,4649;4659
BDX,Long,148,2020-09-15T20:00:00Z,163.246497,2020-09-16T20:00:00Z,156.412279,-1011.46,9.2789,-1011.46,0.0,1011.46,1.0,False,4654;4660
CAT,Short,175,2020-09-15T20:00:00Z,138.440756,2020-09-16T20:00:00Z,134.7399,647.65,4.7508,0.0,647.65,0.0,1.0,True,4653;4661
CCI,Long,194,2020-08-25T20:00:00Z,120.985808,2020-09-16T20:00:00Z,124.845065,748.7,9.5636,-373.07,929.31,1133.78,22.0,True,4300;4662
DHR,Long,154,2020-09-14T20:00:00Z,157.812019,2020-09-16T20:00:00Z,159.371034,240.09,9.7709,0.0,257.74,177.71,2.0,True,4622;4663
EL,Long,116,2020-09-02T20:00:00Z,203.869621,2020-09-16T20:00:00Z,200.634179,-375.31,9.3661,-767.68,0.0,767.68,14.0,False,4433;4664
INTC,Long,545,2020-09-15T20:00:00Z,44.688044,2020-09-16T20:00:00Z,45.32529,347.3,9.8193,0.0,347.3,0.0,1.0,True,4646;4665
INTU,Short,79,2020-09-15T20:00:00Z,308.014288,2020-09-16T20:00:00Z,311.34956,-263.49,4.7455,-263.49,605.72,869.2,1.0,False,4652;4666
JPM,Short,275,2020-09-15T20:00:00Z,88.143912,2020-09-16T20:00:00Z,85.312461,778.65,9.39,0.0,778.65,0.0,1.0,True,4645;4667
APD,Long,92,2020-09-14T20:00:00Z,264.124497,2020-09-16T20:00:00Z,264.716119,54.43,9.7081,-89.65,54.43,126.47,2.0,True,4633;4668
MS,Short,551,2020-09-08T20:00:00Z,43.53269,2020-09-16T20:00:00Z,42.025822,830.28,9.2983,0.0,912.85,394.5,8.0,True,4518;4669
TGT,Short,196,2020-09-11T20:00:00Z,123.885971,2020-09-16T20:00:00Z,126.07924,-429.88,9.7758,-429.88,0.0,429.88,5.0,False,4604;4670
TMUS,Short,229,2020-09-14T20:00:00Z,106.755189,2020-09-16T20:00:00Z,110.025424,-748.88,14.5153,-748.88,0.0,748.88,2.0,False,4623;4674
ISRG,Long,101,2020-09-15T20:00:00Z,241.416643,2020-09-16T20:00:00Z,240.106643,-132.31,9.3107,-1106.29,0.0,1106.29,1.0,False,4651;4681
SQ,Short,167,2020-09-15T20:00:00Z,146.0,2020-09-16T20:00:00Z,155.2,-1536.4,14.9181,-1536.4,0.0,1536.4,1.0,False,4657;4685
FISV,Short,249,2020-09-15T20:00:00Z,98.24,2020-09-16T20:00:00Z,101.06,-702.18,15.0104,-1000.98,0.0,1000.98,1.0,False,4656;4687
ANTM,Long,98,2020-09-15T20:00:00Z,246.157527,2020-09-16T20:00:00Z,242.39869,-368.37,14.3857,-368.37,0.0,368.37,1.0,False,4655;4688
ANTM,Short,100,2020-09-16T20:00:00Z,242.39869,2020-09-17T20:00:00Z,242.074652,32.4,4.8698,-109.25,32.4,109.25,1.0,True,4688;4690
AXP,Long,242,2020-09-15T20:00:00Z,100.517438,2020-09-17T20:00:00Z,97.189848,-805.28,9.5343,-805.28,0.0,805.28,2.0,False,4650;4691
VRTX,Long,90,2020-09-16T20:00:00Z,271.0,2020-09-17T20:00:00Z,258.98,-1081.8,9.7022,-1081.8,41.4,1123.2,1.0,False,4684;4692
CVS,Short,514,2020-09-16T20:00:00Z,47.135677,2020-09-17T20:00:00Z,47.053272,42.36,9.8173,-512.51,42.36,512.51,1.0,True,4683;4693
GILD,Long,455,2020-09-16T20:00:00Z,53.166615,2020-09-17T20:00:00Z,52.012213,-525.25,9.5341,-525.25,0.0,525.25,1.0,False,4680;4694
HD,Short,98,2020-09-16T20:00:00Z,246.144239,2020-09-17T20:00:00Z,239.990848,603.03,9.4862,0.0,603.03,0.0,1.0,True,4672;4695
ISRG,Short,101,2020-09-16T20:00:00Z,240.106643,2020-09-17T20:00:00Z,228.40331,1182.04,4.5845,0.0,1328.15,146.11,1.0,True,4681;4696
LLY,Short,171,2020-09-16T20:00:00Z,142.554367,2020-09-17T20:00:00Z,141.060422,255.46,9.7504,-120.5,255.46,120.5,1.0,True,4675;4697
MCD,Long,128,2020-09-11T20:00:00Z,189.342495,2020-09-17T20:00:00Z,194.569875,669.1,9.8101,0.0,792.68,248.27,6.0,True,4594;4698
MDLZ,Short,490,2020-09-14T20:00:00Z,49.512766,2020-09-17T20:00:00Z,49.255512,126.05,9.6827,-147.06,222.7,147.06,3.0,True,4630;4699
SHW,Short,106,2020-09-16T20:00:00Z,227.106103,2020-09-17T20:00:00Z,224.347576,292.4,9.5637,0.0,292.4,0.0,1.0,True,4689;4700
SYK,Long,122,2020-09-16T20:00:00Z,198.978026,2020-09-17T20:00:00Z,200.284001,159.33,9.7986,-19.49,159.33,19.49,1.0,True,4682;4701
TXN,Short,205,2020-09-10T20:00:00Z,118.105136,2020-09-17T20:00:00Z,115.563783,520.98,9.6412,-211.86,529.66,741.52,7.0,True,4578;4702
CVX,Short,408,2020-09-16T20:00:00Z,59.177501,2020-09-17T20:00:00Z,60.192991,-414.32,14.7952,-755.9,0.0,755.9,1.0,False,4676;4703
TMUS,Long,220,2020-09-16T20:00:00Z,110.025424,2020-09-17T20:00:00Z,104.505722,-1214.33,9.3926,-1214.33,0.0,1214.33,1.0,False,4674;4704
BLK,Long,49,2020-09-17T20:00:00Z,481.833229,2020-09-18T20:00:00Z,476.206993,-275.69,9.405,-275.69,83.81,359.5,1.0,False,4705;4711
CL,Short,362,2020-09-17T20:00:00Z,66.492683,2020-09-18T20:00:00Z,66.023813,169.73,9.5892,0.0,235.74,66.01,1.0,True,4708;4712
CVX,Long,397,2020-09-17T20:00:00Z,60.192991,2020-09-18T20:00:00Z,60.363531,67.7,4.8144,0.0,175.42,107.71,1.0,True,4703;4713
TSLA,Short,161,2020-09-16T20:00:00Z,146.579985,2020-09-18T20:00:00Z,149.579985,-483.0,9.4873,-483.0,875.3,1358.3,2.0,False,4671;4714
FDX,Short,166,2020-09-17T20:00:00Z,140.785494,2020-09-18T20:00:00Z,141.227247,-73.33,9.3952,-73.33,0.0,73.33,1.0,False,4709;4715
FISV,Long,240,2020-09-16T20:00:00Z,101.06,2020-09-18T20:00:00Z,104.16,744.0,4.968,0.0,744.0,72.0,2.0,True,4687;4716
LOW,Short,159,2020-09-16T20:00:00Z,152.488391,2020-09-18T20:00:00Z,144.978984,1194.0,9.3009,0.0,1465.81,271.82,2.0,True,4679;4717
MO,Long,914,2020-09-17T20:00:00Z,26.323712,2020-09-18T20:00:00Z,25.874221,-410.83,9.3387,-1003.94,0.0,1003.94,1.0,False,4706;4718
PEP,Long,215,2020-09-16T20:00:00Z,112.554606,2020-09-18T20:00:00Z,110.432025,-456.35,9.4627,-854.11,0.0,854.11,2.0,False,4673;4719
UNP,Short,136,2020-09-16T20:00:00Z,178.611686,2020-09-18T20:00:00Z,176.393724,301.64,9.5672,0.0,469.75,168.11,2.0,True,4677;4720
SQ,Long,156,2020-09-16T20:00:00Z,155.2,2020-09-18T20:00:00Z,147.37,-1221.48,9.3096,-1589.64,0.0,1589.64,2.0,False,4685;4734
SPY,Short,103,2020-09-17T20:00:00Z,306.381811,2020-09-18T20:00:00Z,309.29629,-300.19,24.8547,-300.19,146.3,446.49,1.0,False,4710;4735
AVGO,Long,769,2020-09-10T20:00:00Z,31.834953,2020-09-21T20:00:00Z,31.050003,-603.63,9.6277,-603.63,331.93,935.56,11.0,False,4576;4736
AXP,Long,246,2020-09-18T20:00:00Z,97.311021,2020-09-21T20:00:00Z,93.769049,-871.33,9.2443,-1433.1,0.0,1433.1,3.0,False,4729;4737
GS,Long,138,2020-09-10T20:00:00Z,177.335638,2020-09-21T20:00:00Z,165.384436,-1649.27,9.4658,-1649.27,0.0,1649.27,11.0,False,4582;4738
EQIX,Long,33,2020-08-19T20:00:00Z,708.34685,2020-09-21T20:00:00Z,668.5629,-1312.87,8.9678,-1576.15,146.5,1722.65,33.0,False,4210;4739
APD,Long,91,2020-09-18T20:00:00Z,260.835773,2020-09-21T20:00:00Z,253.501399,-667.43,9.2884,-714.14,0.0,714.14,3.0,False,4732;4740
SHW,Short,106,2020-09-18T20:00:00Z,223.785127,2020-09-21T20:00:00Z,217.361203,680.94,9.2331,0.0,850.42,169.48,3.0,True,4733;4741
QCOM,Short,235,2020-09-16T20:00:00Z,103.872403,2020-09-21T20:00:00Z,96.090775,1828.68,9.3701,0.0,1828.68,254.44,5.0,True,4678;4742
ZM,Short,58,2020-09-18T20:00:00Z,419.64,2020-09-21T20:00:00Z,435.53,-921.62,10.5235,-2832.14,0.0,2832.14,3.0,False,4727;4743
T,Long,1571,2020-09-18T20:00:00Z,15.315025,2020-09-21T20:00:00Z,15.188454,-198.84,9.5378,-339.69,0.0,339.69,3.0,False,4722;4744
ZTS,Short,159,2020-09-18T20:00:00Z,150.523574,2020-09-21T20:00:00Z,149.799677,115.1,9.6217,-128.55,115.1,128.55,3.0,True,4730;4745
SPY,Short,198,2020-09-17T20:00:00Z,306.381811,2020-09-23T20:00:00Z,305.210461,231.93,11.7839,-577.07,1744.0,1512.07,6.0,True,4710;4756
SHOP,Long,276,2020-09-18T20:00:00Z,88.399,2020-09-23T20:00:00Z,94.8,1766.68,10.0472,0.0,1939.18,978.14,5.0,True,4728;4759
NEE,Short,402,2020-09-18T20:00:00Z,59.783808,2020-09-23T20:00:00Z,59.717374,26.71,9.4804,0.0,487.61,460.9,5.0,True,4726;4764
SQ,Short,165,2020-09-18T20:00:00Z,147.37,2020-09-23T20:00:00Z,155.87,-1402.5,9.5738,-1402.5,0.0,1402.5,5.0,False,4734;4783
ACN,Long,113,2020-09-15T20:00:00Z,214.79343,2020-09-23T20:00:00Z,213.149215,-185.8,9.5089,-981.49,0.0,981.49,8.0,False,4648;4787
AMGN,Short,116,2020-09-18T20:00:00Z,206.798368,2020-09-23T20:00:00Z,205.642513,134.08,9.4591,0.0,588.41,454.33,5.0,True,4724;4788
AMZN,Long,155,2020-09-14T20:00:00Z,158.32769,2020-09-23T20:00:00Z,155.813103,-389.76,9.4372,-1693.96,0.0,1693.96,9.0,False,4620;4789
BDX,Long,150,2020-09-21T20:00:00Z,160.057656,2020-09-23T20:00:00Z,156.273934,-567.56,9.4219,-787.53,0.0,787.53,2.0,False,4754;4790
TSLA,Short,163,2020-09-21T20:00:00Z,151.069985,2020-09-23T20:00:00Z,135.14332,2596.05,9.0166,0.0,3958.18,1362.14,2.0,True,4746;4791
FDX,Short,170,2020-09-21T20:00:00Z,138.309353,2020-09-23T20:00:00Z,142.40138,-695.64,9.4892,-695.64,0.0,695.64,2.0,False,4755;4792
LIN,Short,106,2020-09-11T20:00:00Z,230.091627,2020-09-23T20:00:00Z,219.171712,1157.51,9.4342,-131.76,1634.76,477.25,12.0,True,4597;4793
LLY,Long,166,2020-09-21T20:00:00Z,143.916771,2020-09-23T20:00:00Z,140.985254,-486.63,9.3904,-517.83,0.0,517.83,2.0,False,4748;4794
MO,Short,954,2020-09-21T20:00:00Z,25.032216,2020-09-23T20:00:00Z,24.532079,477.13,9.2708,0.0,966.34,489.21,2.0,True,4752;4795
NFLX,Long,512,2020-09-18T20:00:00Z,47.33,2020-09-23T20:00:00Z,49.104,908.29,9.6314,-137.73,914.94,1052.67,5.0,True,4721;4796
PM,Short,397,2020-09-11T20:00:00Z,61.241108,2020-09-23T20:00:00Z,58.959772,905.69,9.5086,-355.24,1223.74,355.24,12.0,True,4598;4797
PYPL,Long,138,2020-09-21T20:00:00Z,172.911707,2020-09-23T20:00:00Z,186.312266,1849.28,9.958,0.0,1849.28,842.07,2.0,True,4747;4798
SPGI,Long,77,2020-09-14T20:00:00Z,317.032869,2020-09-23T20:00:00Z,315.234203,-138.5,9.6415,-655.09,347.63,1002.72,9.0,False,4626;4799
TJX,Long,461,2020-09-16T20:00:00Z,52.653952,2020-09-23T20:00:00Z,50.114639,-1170.62,9.3472,-1849.25,0.0,1849.25,7.0,False,4686;4800
AMD,Long,321,2020-09-21T20:00:00Z,74.21,2020-09-23T20:00:00Z,77.42,1030.41,9.8014,0.0,1120.29,953.37,2.0,True,4750;4801
WMT,Short,571,2020-09-15T20:00:00Z,42.62317,2020-09-23T20:00:00Z,42.860599,-135.57,9.6256,-135.57,517.64,653.21,8.0,False,4644;4802
ABT,Long,252,2020-09-18T20:00:00Z,95.227921,2020-09-24T20:00:00Z,91.857575,-849.33,9.362,-1261.6,0.0,1261.6,6.0,False,4723;4814
BLK,Long,49,2020-09-21T20:00:00Z,476.345913,2020-09-24T20:00:00Z,466.491318,-482.88,9.2545,-577.75,92.32,670.07,3.0,False,4751;4815
DHR,Long,152,2020-09-23T20:00:00Z,158.84372,2020-09-24T20:00:00Z,157.277063,-238.13,9.499,-485.56,0.0,485.56,1.0,False,4777;4816
EL,Short,125,2020-09-23T20:00:00Z,193.841589,2020-09-24T20:00:00Z,190.063843,472.22,9.6073,0.0,472.22,0.0,1.0,True,4782;4817
UBER,Short,702,2020-09-23T20:00:00Z,34.41,2020-09-24T20:00:00Z,33.85,393.12,9.3928,0.0,744.12,351.0,1.0,True,4786;4818
GILD,Long,475,2020-09-23T20:00:00Z,50.921945,2020-09-24T20:00:00Z,50.240527,-323.67,9.5457,-483.61,0.0,483.61,1.0,False,4808;4819
GS,Long,144,2020-09-23T20:00:00Z,167.125325,2020-09-24T20:00:00Z,164.496583,-378.54,9.557,-378.54,389.82,768.36,1.0,False,4784;4820
JNJ,Short,196,2020-09-23T20:00:00Z,125.861158,2020-09-24T20:00:00Z,123.189979,523.55,9.6718,0.0,523.55,0.0,1.0,True,4772;4821
MRK,Long,368,2020-09-23T20:00:00Z,65.973158,2020-09-24T20:00:00Z,64.975963,-366.97,9.6565,-366.97,0.0,366.97,1.0,False,4773;4822
MS,Short,609,2020-09-23T20:00:00Z,39.769681,2020-09-24T20:00:00Z,38.745676,623.62,9.4329,0.0,623.62,0.0,1.0,True,4810;4823
ZM,Short,49,2020-09-23T20:00:00Z,489.62,2020-09-24T20:00:00Z,486.32,161.7,9.462,0.0,1207.36,1045.66,1.0,True,4779;4824
V,Short,125,2020-09-23T20:00:00Z,192.395029,2020-09-24T20:00:00Z,185.914858,810.02,9.3539,0.0,810.02,0.0,1.0,True,4771;4825
XOM,Long,844,2020-09-15T20:00:00Z,28.790892,2020-09-24T20:00:00Z,26.85846,-1630.97,9.3223,-1637.58,666.92,2304.49,9.0,False,4647;4826
ACN,Long,117,2020-09-24T20:00:00Z,195.581138,2020-09-25T20:00:00Z,190.362543,-610.58,8.9715,-610.58,0.0,610.58,1.0,False,4830;4839
AMGN,Short,119,2020-09-24T20:00:00Z,200.511844,2020-09-25T20:00:00Z,199.164732,160.31,9.5816,-266.19,160.31,266.19,1.0,True,4831;4840
AXP,Long,270,2020-09-24T20:00:00Z,88.866214,2020-09-25T20:00:00Z,88.26035,-163.58,9.6489,-163.58,231.53,395.12,1.0,False,4835;4841
BDX,Long,154,2020-09-24T20:00:00Z,156.329272,2020-09-25T20:00:00Z,152.213524,-633.83,9.4859,-633.83,0.0,633.83,1.0,False,4837;4842
CCI,Long,192,2020-09-17T20:00:00Z,124.519593,2020-09-25T20:00:00Z,118.381037,-1178.6,9.4277,-1291.96,0.0,1291.96,8.0,False,4707;4843
UTX,Long,472,2020-09-24T20:00:00Z,50.833555,2020-09-25T20:00:00Z,49.800246,-487.72,9.4957,-487.72,0.0,487.72,1.0,False,4833;4844
SQ,Long,155,2020-09-23T20:00:00Z,155.87,2020-09-25T20:00:00Z,153.1,-429.35,4.8893,-551.8,286.75,716.1,2.0,False,4783;4845
LOW,Short,167,2020-09-23T20:00:00Z,145.390704,2020-09-25T20:00:00Z,141.085549,718.96,9.5112,0.0,718.96,158.44,2.0,True,4805;4846
MCD,Long,128,2020-09-23T20:00:00Z,189.594732,2020-09-25T20:00:00Z,187.26372,-298.37,9.6447,-298.37,22.27,320.64,2.0,False,4775;4847
MDLZ,Long,504,2020-09-23T20:00:00Z,48.06357,2020-09-25T20:00:00Z,47.210345,-430.03,9.5924,-430.03,45.38,475.4,2.0,False,4809;4848
MDT,Short,268,2020-09-18T20:00:00Z,89.571983,2020-09-25T20:00:00Z,84.281225,1417.92,9.4108,0.0,1417.92,423.18,7.0,True,4725;4849
MSFT,Long,124,2020-09-14T20:00:00Z,194.422624,2020-09-25T20:00:00Z,193.443093,-121.46,9.746,-477.59,511.79,989.38,11.0,False,4621;4850
SPGI,Long,78,2020-09-24T20:00:00Z,308.651086,2020-09-25T20:00:00Z,310.368812,133.98,9.8028,0.0,676.93,542.95,1.0,True,4834;4851
SYK,Long,126,2020-09-24T20:00:00Z,189.441587,2020-09-25T20:00:00Z,184.856581,-577.71,9.5647,-577.71,400.14,977.85,1.0,False,4836;4852
T,Long,1642,2020-09-24T20:00:00Z,14.687446,2020-09-25T20:00:00Z,14.708541,34.64,9.7125,0.0,164.53,129.89,1.0,True,4829;4853
TMUS,Short,224,2020-09-17T20:00:00Z,104.505722,2020-09-25T20:00:00Z,104.203273,67.75,4.7433,-385.32,332.39,639.38,8.0,True,4704;4854
UPS,Short,193,2020-09-23T20:00:00Z,125.435375,2020-09-25T20:00:00Z,122.957544,478.22,9.7655,-539.3,478.22,849.18,2.0,True,4778;4855
SPY,Short,90,2020-09-23T20:00:00Z,305.210461,2020-09-25T20:00:00Z,297.509182,693.12,31.3094,0.0,805.18,623.39,2.0,True,4813;4870
SPY,Short,234,2020-09-24T20:00:00Z,296.264065,2020-09-25T20:00:00Z,297.509182,-291.36,13.9636,-2093.46,0.0,1620.81,1.0,False,4838;4870
ZM,Short,51,2020-09-25T20:00:00Z,475.15,2020-09-29T20:00:00Z,487.66,-638.01,9.8124,-638.01,492.15,1130.16,4.0,False,4861;4883
TGT,Long,188,2020-09-25T20:00:00Z,128.221895,2020-09-29T20:00:00Z,132.102295,729.52,9.8735,0.0,783.44,53.92,4.0,True,4867;4884
SPY,Long,104,2020-09-25T20:00:00Z,297.509182,2020-09-29T20:00:00Z,308.051173,1096.37,6.3762,0.0,1114.59,174.57,4.0,True,4870;4903
ANTM,Short,104,2020-09-25T20:00:00Z,229.131662,2020-09-29T20:00:00Z,239.186088,-1045.66,9.9182,-1184.31,0.0,1184.31,4.0,False,4868;4904
VRTX,Long,88,2020-09-18T20:00:00Z,273.3,2020-09-29T20:00:00Z,267.82,-482.24,9.4283,-894.96,0.0,894.96,11.0,False,4731;4905
BKNG,Long,355,2020-09-21T20:00:00Z,65.495215,2020-09-29T20:00:00Z,66.431029,332.21,9.2253,-523.36,335.68,523.36,8.0,True,4753;4906
CL,Long,365,2020-09-23T20:00:00Z,66.13669,2020-09-29T20:00:00Z,66.570828,158.46,9.5938,-129.94,158.46,129.94,6.0,True,4812;4907
CSCO,Long,755,2020-09-25T20:00:00Z,31.862332,2020-09-29T20:00:00Z,32.924129,801.66,9.8629,0.0,839.83,44.54,4.0,True,4859;4908
TSLA,Short,190,2020-09-24T20:00:00Z,121.266655,2020-09-29T20:00:00Z,138.666653,-3306.0,10.2202,-3635.33,0.0,3635.33,5.0,False,4827;4909
FISV,Long,238,2020-09-23T20:00:00Z,100.56,2020-09-29T20:00:00Z,103.58,718.76,9.6599,-542.64,835.38,542.64,6.0,True,4785;4910
DE,Long,123,2020-09-08T20:00:00Z,194.296489,2020-09-29T20:00:00Z,205.917394,1429.37,9.8203,0.0,1429.37,883.69,21.0,True,4521;4911
INTC,Long,538,2020-09-23T20:00:00Z,44.723945,2020-09-29T20:00:00Z,46.043315,709.82,9.6584,-323.52,772.59,323.52,6.0,True,4774;4912
EQIX,Long,36,2020-09-23T20:00:00Z,665.995618,2020-09-29T20:00:00Z,681.764789,567.69,9.5896,-429.7,567.69,429.7,6.0,True,4811;4913
NFLX,Long,512,2020-09-24T20:00:00Z,47.0,2020-09-29T20:00:00Z,48.964,1005.57,9.8976,0.0,1202.18,196.61,5.0,True,4828;4914
PG,Short,206,2020-09-11T20:00:00Z,118.206245,2020-09-29T20:00:00Z,118.558229,-72.51,9.7409,-166.24,244.05,316.56,18.0,False,4593;4915
PM,Short,409,2020-09-25T20:00:00Z,58.235678,2020-09-29T20:00:00Z,58.351225,-47.26,9.4354,-223.69,396.97,444.23,4.0,False,4862;4916
AMD,Long,317,2020-09-25T20:00:00Z,76.36,2020-09-29T20:00:00Z,79.3,931.98,10.1329,0.0,1714.97,782.99,4.0,True,4863;4917
XOM,Long,897,2020-09-25T20:00:00Z,26.584634,2020-09-29T20:00:00Z,27.382642,715.81,9.6733,0.0,940.38,736.87,4.0,True,4860;4918
ACN,Short,121,2020-09-29T20:00:00Z,199.602315,2020-09-30T20:00:00Z,201.300146,-205.44,9.7328,-283.29,0.0,283.29,1.0,False,4892;4924
ADBE,Long,51,2020-09-25T20:00:00Z,469.23,2020-09-30T20:00:00Z,488.13,963.9,9.8961,0.0,1081.2,117.3,5.0,True,4857;4925
AVGO,Long,743,2020-09-29T20:00:00Z,32.642379,2020-09-30T20:00:00Z,32.197933,-330.22,9.6046,-330.22,0.0,330.22,1.0,False,4891;4926
BA,Long,165,2020-09-25T20:00:00Z,146.85,2020-09-30T20:00:00Z,164.49,2910.6,10.6026,0.0,3172.95,409.2,5.0,True,4864;4927
BLK,Long,49,2020-09-29T20:00:00Z,486.356791,2020-09-30T20:00:00Z,483.786783,-125.93,9.5158,-125.93,144.22,270.15,1.0,False,4922;4928
BMY,Short,515,2020-09-14T20:00:00Z,47.102029,2020-09-30T20:00:00Z,47.858017,-389.33,9.835,-450.81,581.95,1032.76,16.0,False,4624;4929
CVX,Short,412,2020-09-23T20:00:00Z,58.603865,2020-09-30T20:00:00Z,55.975993,1082.68,9.1948,0.0,1210.43,689.85,7.0,True,4803;4930
DHR,Long,151,2020-09-29T20:00:00Z,160.628754,2020-09-30T20:00:00Z,161.974976,203.28,9.8484,0.0,615.61,412.33,1.0,True,4890;4931
EL,Long,122,2020-09-29T20:00:00Z,200.257324,2020-09-30T20:00:00Z,198.363855,-231.0,9.7118,-231.0,42.61,273.62,1.0,False,4897;4932
SQ,Long,150,2020-09-29T20:00:00Z,164.0,2020-09-30T20:00:00Z,163.77,-34.5,9.825,-196.5,0.0,196.5,1.0,False,4899;4933
FDX,Long,163,2020-09-29T20:00:00Z,148.022105,2020-09-30T20:00:00Z,147.330413,-112.75,9.5696,-297.5,0.0,297.5,1.0,False,4900;4934
KO,Long,587,2020-09-29T20:00:00Z,41.316788,2020-09-30T20:00:00Z,41.258171,-34.41,9.6628,-34.41,14.75,49.15,1.0,False,4887;4935
LOW,Short,166,2020-09-29T20:00:00Z,146.321548,2020-09-30T20:00:00Z,145.874027,74.29,9.7493,-349.16,74.29,349.16,1.0,True,4893;4936
MRK,Long,370,2020-09-29T20:00:00Z,65.431032,2020-09-30T20:00:00Z,65.102591,-121.52,9.6545,-121.52,80.53,202.05,1.0,False,4886;4937
PFE,Long,951,2020-09-29T20:00:00Z,25.449324,2020-09-30T20:00:00Z,25.379351,-66.54,9.6956,-66.54,206.29,272.83,1.0,False,4888;4938
SPGI,Long,75,2020-09-29T20:00:00Z,320.108588,2020-09-30T20:00:00Z,321.061881,71.5,9.6802,0.0,314.32,242.82,1.0,True,4894;4939
TJX,Short,473,2020-09-29T20:00:00Z,50.611461,2020-09-30T20:00:00Z,50.252645,169.72,9.5574,-278.51,169.72,278.51,1.0,True,4901;4940
SHOP,Short,253,2020-09-23T20:00:00Z,94.8,2020-10-01T20:00:00Z,103.16,-2115.08,9.9846,-2692.68,996.57,3689.25,8.0,False,4806;4948
ISRG,Long,110,2020-09-25T20:00:00Z,218.219978,2020-10-01T20:00:00Z,237.70331,2143.17,10.1512,0.0,2143.17,8.43,6.0,True,4866;4949
MDLZ,Long,495,2020-09-29T20:00:00Z,49.210137,2020-10-01T20:00:00Z,49.693012,239.02,9.7649,0.0,358.53,119.51,2.0,True,4895;4950
MMM,Long,261,2020-09-23T20:00:00Z,92.3802,2020-10-01T20:00:00Z,91.328616,-274.46,9.4442,-553.38,0.0,553.38,8.0,False,4781;4951
NEE,Short,412,2020-09-24T20:00:00Z,58.442278,2020-10-01T20:00:00Z,59.807381,-562.42,9.894,-1009.18,0.0,1009.18,7.0,False,4832;4952
SHW,Short,111,2020-09-25T20:00:00Z,216.387977,2020-10-01T20:00:00Z,222.761344,-707.44,9.7383,-780.4,0.0,780.4,6.0,False,4869;4953
ZM,Short,51,2020-09-30T20:00:00Z,464.85,2020-10-01T20:00:00Z,476.99,-619.14,9.7216,-925.14,0.0,925.14,1.0,False,4943;4954
T,Long,1618,2020-09-30T20:00:00Z,14.97223,2020-10-01T20:00:00Z,15.030241,93.86,9.7165,0.0,93.86,0.0,1.0,True,4941;4955
SPY,Long,91,2020-09-30T20:00:00Z,307.221095,2020-10-01T20:00:00Z,311.399154,380.2,21.4129,0.0,380.2,0.0,1.0,True,4947;4969
AXP,Long,263,2020-09-29T20:00:00Z,92.007384,2020-10-05T20:00:00Z,96.313676,1132.55,9.8866,0.0,1272.29,139.73,6.0,True,4898;4970
FDX,Short,165,2020-10-01T20:00:00Z,148.370857,2020-10-05T20:00:00Z,150.492434,-350.06,9.8456,-378.83,5.75,384.59,4.0,False,4967;4973
QCOM,Short,241,2020-09-23T20:00:00Z,100.034406,2020-10-05T20:00:00Z,102.877693,-685.23,9.805,-1459.57,307.61,1767.18,12.0,False,4804;4981
SBUX,Long,329,2020-09-23T20:00:00Z,73.701745,2020-10-05T20:00:00Z,76.287158,850.6,9.8543,-385.07,1175.32,385.07,12.0,True,4807;4982
BA,Long,146,2020-10-01T20:00:00Z,170.0,2020-10-05T20:00:00Z,169.81,-27.74,9.9006,-280.32,175.2,280.32,4.0,False,4966;4999
BMY,Short,505,2020-10-01T20:00:00Z,48.410335,2020-10-05T20:00:00Z,46.959148,732.85,9.638,0.0,732.85,194.35,4.0,True,4962;5000
CAT,Long,182,2020-09-29T20:00:00Z,133.275726,2020-10-05T20:00:00Z,136.689137,621.24,9.8385,-271.38,837.04,398.9,6.0,True,4896;5001
FIS,Long,189,2020-09-29T20:00:00Z,128.348011,2020-10-05T20:00:00Z,126.435855,-361.4,9.6276,-521.65,0.0,521.65,6.0,False,4921;5002
GILD,Long,483,2020-09-25T20:00:00Z,49.783577,2020-10-05T20:00:00Z,51.098312,635.02,9.746,0.0,635.02,445.29,10.0,True,4865;5003
HD,Long,103,2020-09-29T20:00:00Z,235.621424,2020-10-05T20:00:00Z,241.878233,644.45,9.8392,0.0,772.28,127.83,6.0,True,4920;5004
HON,Short,162,2020-09-21T20:00:00Z,144.409727,2020-10-05T20:00:00Z,146.311008,-308.01,9.3702,-553.56,858.73,1412.29,14.0,False,4749;5005
LIN,Short,110,2020-10-01T20:00:00Z,218.490368,2020-10-05T20:00:00Z,215.847859,290.68,9.4756,0.0,503.37,279.54,4.0,True,4963;5006
MCD,Long,126,2020-09-29T20:00:00Z,191.716996,2020-10-05T20:00:00Z,195.70059,501.93,9.7482,-101.92,619.2,117.26,6.0,True,4889;5007
MO,Long,994,2020-09-30T20:00:00Z,24.399131,2020-10-05T20:00:00Z,24.797975,396.45,9.832,0.0,597.82,201.37,5.0,True,4946;5008
PEP,Short,211,2020-10-01T20:00:00Z,115.238804,2020-10-05T20:00:00Z,114.066016,247.46,9.7147,0.0,278.83,31.37,4.0,True,4959;5009
PFE,Long,944,2020-10-01T20:00:00Z,25.827181,2020-10-05T20:00:00Z,25.54029,-270.83,9.6585,-356.7,0.0,356.7,4.0,False,4958;5010
PM,Short,421,2020-09-30T20:00:00Z,57.419146,2020-10-05T20:00:00Z,57.604021,-77.83,9.7874,-444.29,129.72,574.01,5.0,False,4944;5011
UNP,Short,139,2020-09-23T20:00:00Z,173.667297,2020-10-05T20:00:00Z,174.079329,-57.27,9.6423,-392.38,471.58,863.96,12.0,False,4780;5012
SPY,Short,163,2020-10-01T20:00:00Z,311.399154,2020-10-06T20:00:00Z,313.465126,-336.75,31.8176,-336.75,569.77,906.53,5.0,False,4969;5021
SPY,Short,352,2020-10-05T20:00:00Z,309.905013,2020-10-06T20:00:00Z,313.465126,-1253.16,22.0608,-1253.16,704.5,1603.78,1.0,False,4998;5021
ABT,Short,254,2020-10-05T20:00:00Z,95.817955,2020-10-06T20:00:00Z,97.051663,-313.36,9.7519,-313.36,215.72,529.08,1.0,False,4988;5022
BDX,Short,150,2020-10-05T20:00:00Z,161.980644,2020-10-06T20:00:00Z,164.629941,-397.39,9.8278,-397.39,0.0,397.39,1.0,False,5020;5023
C,Long,699,2020-09-30T20:00:00Z,34.665611,2020-10-06T20:00:00Z,37.03417,1655.62,9.9497,0.0,1655.62,295.85,6.0,True,4945;5024
CCI,Long,189,2020-10-05T20:00:00Z,127.630501,2020-10-06T20:00:00Z,127.7289,18.6,9.549,-504.99,18.6,504.99,1.0,True,4996;5025
SHOP,Short,235,2020-10-05T20:00:00Z,103.607,2020-10-06T20:00:00Z,106.6,-703.36,9.9019,-703.36,0.0,703.36,1.0,False,5017;5026
CVX,Short,438,2020-10-05T20:00:00Z,55.425613,2020-10-06T20:00:00Z,57.185279,-770.73,9.8484,-770.73,0.0,770.73,1.0,False,4991;5027
TSLA,Short,175,2020-10-05T20:00:00Z,141.036653,2020-10-06T20:00:00Z,141.239986,-35.58,9.796,-35.58,532.58,568.17,1.0,False,4984;5028
MA,Short,74,2020-08-18T20:00:00Z,319.93866,2020-10-06T20:00:00Z,331.009068,-819.21,9.5732,-2542.13,436.1,2542.13,49.0,False,4182;5029
MMM,Long,265,2020-10-05T20:00:00Z,92.141462,2020-10-06T20:00:00Z,92.90315,201.85,9.7902,0.0,201.85,0.0,1.0,True,4994;5030
TGT,Long,180,2020-10-05T20:00:00Z,134.96198,2020-10-06T20:00:00Z,136.210457,224.73,9.7133,-239.91,224.73,239.91,1.0,True,4995;5031
AMD,Long,296,2020-10-05T20:00:00Z,82.55,2020-10-06T20:00:00Z,86.19,1077.44,10.1013,0.0,1077.44,0.0,1.0,True,4993;5032
ABBV,Long,314,2020-08-25T20:00:00Z,74.715511,2020-10-07T20:00:00Z,68.236096,-2034.54,9.0217,-2069.4,385.99,2455.39,43.0,False,4293;5042
AXP,Long,250,2020-10-06T20:00:00Z,97.8796,2020-10-07T20:00:00Z,95.828985,-512.65,9.561,-512.65,0.0,512.65,1.0,False,5036;5043
BMY,Short,510,2020-10-06T20:00:00Z,47.576504,2020-10-07T20:00:00Z,46.502144,547.92,9.6631,-441.61,547.92,441.61,1.0,True,5035;5044
CSCO,Long,744,2020-10-05T20:00:00Z,32.811082,2020-10-07T20:00:00Z,33.0237,158.19,9.8671,-6.33,518.85,360.67,2.0,True,5015;5045
EL,Short,118,2020-10-06T20:00:00Z,204.053453,2020-10-07T20:00:00Z,201.682021,279.83,9.5259,0.0,279.83,0.0,1.0,True,5037;5046
FDX,Short,160,2020-10-06T20:00:00Z,151.195751,2020-10-07T20:00:00Z,153.451016,-360.84,9.8121,-757.03,0.0,757.03,1.0,False,5040;5047
FISV,Short,240,2020-10-06T20:00:00Z,102.66,2020-10-07T20:00:00Z,102.96,-72.0,9.8294,-72.0,57.6,129.6,1.0,False,5041;5048
NVDA,Short,1963,2020-09-25T20:00:00Z,12.398668,2020-10-07T20:00:00Z,13.938214,-3022.13,10.479,-3022.13,0.0,3022.13,12.0,False,4856;5049
TMUS,Long,225,2020-10-05T20:00:00Z,107.237218,2020-10-07T20:00:00Z,106.82135,-93.57,9.7407,-214.79,161.62,255.19,2.0,False,4989;5050
WMT,Short,559,2020-10-05T20:00:00Z,43.56672,2020-10-07T20:00:00Z,43.55747,5.17,9.7453,0.0,113.76,108.59,2.0,True,4985;5051
ACN,Long,121,2020-10-05T20:00:00Z,200.49591,2020-10-08T20:00:00Z,201.988214,180.57,9.7118,-434.66,180.57,434.66,3.0,True,5016;5064
ADBE,Long,50,2020-10-05T20:00:00Z,482.25,2020-10-08T20:00:00Z,499.0,837.5,9.7731,-163.5,837.5,163.5,3.0,True,5013;5065
VRTX,Short,92,2020-10-07T20:00:00Z,263.18,2020-10-08T20:00:00Z,267.16,-366.16,9.832,-492.2,0.0,492.2,1.0,False,5061;5066
CAT,Long,178,2020-10-07T20:00:00Z,137.686212,2020-10-08T20:00:00Z,139.90493,394.93,9.959,0.0,540.43,145.5,1.0,True,5060;5067
GILD,Short,475,2020-10-06T20:00:00Z,51.042195,2020-10-08T20:00:00Z,50.801695,114.24,9.5838,0.0,316.06,201.82,2.0,True,5038;5068
JNJ,Short,193,2020-09-29T20:00:00Z,125.536861,2020-10-08T20:00:00Z,126.731637,-230.59,9.7491,-294.83,141.65,436.48,9.0,False,4919;5069
TXN,Short,198,2020-10-07T20:00:00Z,122.916764,2020-10-08T20:00:00Z,124.382277,-290.17,9.8897,-496.48,0.0,496.48,1.0,False,5056;5070
XOM,Long,939,2020-10-05T20:00:00Z,26.068275,2020-10-08T20:00:00Z,26.475103,382.01,10.138,0.0,1425.2,1043.18,3.0,True,4990;5071
AMGN,Long,117,2020-09-30T20:00:00Z,207.729705,2020-10-09T20:00:00Z,198.324866,-1100.37,9.5513,-1275.49,764.71,2040.2,9.0,False,4942;5085
KO,Long,585,2020-10-05T20:00:00Z,41.45077,2020-10-09T20:00:00Z,42.430516,573.15,9.8161,-274.33,641.73,274.33,4.0,True,5014;5086
MA,Short,74,2020-10-07T20:00:00Z,330.738114,2020-10-09T20:00:00Z,337.139637,-473.71,9.978,-789.16,0.0,789.16,2.0,False,5053;5087
MDT,Long,275,2020-10-08T20:00:00Z,91.900622,2020-10-09T20:00:00Z,90.647432,-344.63,9.9473,-344.63,0.0,344.63,1.0,False,5074;5088
NKE,Long,213,2020-09-25T20:00:00Z,111.912297,2020-10-09T20:00:00Z,117.698055,1232.37,9.8439,0.0,1423.3,190.93,14.0,True,4858;5089
WFC,Short,1122,2020-10-08T20:00:00Z,21.715075,2020-10-09T20:00:00Z,22.186383,-528.81,9.9102,-528.81,0.0,528.81,1.0,False,5077;5090
ISRG,Long,101,2020-10-08T20:00:00Z,241.666642,2020-10-09T20:00:00Z,243.293309,164.29,14.7601,0.0,444.06,279.77,1.0,True,5080;5097
SPY,Short,188,2020-10-07T20:00:00Z,311.851085,2020-10-09T20:00:00Z,318.685394,-1284.85,29.7541,-1513.73,0.0,1513.73,2.0,False,5063;5100
COST,Long,76,2020-09-23T20:00:00Z,318.841637,2020-10-13T20:00:00Z,346.062283,2068.77,10.101,-377.41,2275.58,377.41,20.0,True,4776;5101
CRM,Long,95,2020-10-08T20:00:00Z,259.319536,2020-10-13T20:00:00Z,261.026941,162.2,9.8264,0.0,261.02,98.81,5.0,True,5072;5102
DHR,Long,145,2020-10-07T20:00:00Z,167.910591,2020-10-13T20:00:00Z,172.129008,611.67,9.9296,0.0,737.55,125.88,6.0,True,5054;5103
IBM,Long,265,2020-10-01T20:00:00Z,91.87661,2020-10-13T20:00:00Z,94.985217,823.78,9.7974,-356.18,1816.7,1271.49,12.0,True,4964;5104
INTC,Long,521,2020-10-01T20:00:00Z,47.057524,2020-10-13T20:00:00Z,48.70898,860.41,9.92,-664.01,860.41,664.01,12.0,True,4957;5105
NVDA,Short,1762,2020-10-09T20:00:00Z,13.683363,2020-10-13T20:00:00Z,14.206988,-922.63,9.8172,-922.63,0.0,922.63,4.0,False,5091;5106
PFE,Long,939,2020-10-09T20:00:00Z,25.771202,2020-10-13T20:00:00Z,25.659244,-105.13,9.6849,-105.13,52.56,157.69,4.0,False,5094;5107
ZM,Short,50,2020-10-08T20:00:00Z,484.16,2020-10-13T20:00:00Z,494.0,-492.0,9.9734,-1731.5,0.0,1731.5,5.0,False,5075;5108
AMD,Short,280,2020-10-09T20:00:00Z,84.76,2020-10-13T20:00:00Z,85.05,-81.2,9.4293,-145.6,131.6,277.2,4.0,False,5096;5109
ISRG,Short,100,2020-10-09T20:00:00Z,243.293309,2020-10-13T20:00:00Z,251.973308,-868.0,9.8699,-868.0,0.0,868.0,4.0,False,5097;5114
SPGI,Long,76,2020-10-08T20:00:00Z,319.865768,2020-10-13T20:00:00Z,323.84082,302.1,14.4338,-114.14,302.1,416.25,5.0,True,5079;5115
SPY,Short,94,2020-10-07T20:00:00Z,311.851085,2020-10-13T20:00:00Z,324.938649,-1230.23,6.5231,-1240.63,0.0,1240.63,6.0,False,5063;5116
SPY,Short,7,2020-10-08T20:00:00Z,316.241276,2020-10-13T20:00:00Z,324.938649,-60.88,9.3219,-61.66,30.73,61.66,5.0,False,5084;5116
KO,Long,566,2020-10-13T20:00:00Z,42.69848,2020-10-14T20:00:00Z,41.911334,-445.52,9.5115,-445.52,0.0,445.52,1.0,False,5110;5120
LOW,Short,162,2020-10-05T20:00:00Z,150.465595,2020-10-14T20:00:00Z,156.739843,-1016.43,9.9221,-1045.43,468.34,1513.77,9.0,False,4992;5121
MRK,Long,378,2020-10-05T20:00:00Z,64.287424,2020-10-14T20:00:00Z,63.986682,-113.68,9.6778,-478.65,0.0,478.65,9.0,False,4986;5123
SPGI,Short,74,2020-10-13T20:00:00Z,323.84082,2020-10-14T20:00:00Z,321.043894,206.97,4.6786,0.0,571.0,364.03,1.0,True,5115;5124
ADBE,Long,49,2020-10-09T20:00:00Z,491.77,2020-10-14T20:00:00Z,515.0,1138.27,9.883,0.0,1138.27,392.0,5.0,True,5092;5135
AMZN,Long,156,2020-10-07T20:00:00Z,156.382264,2020-10-14T20:00:00Z,171.945667,2427.89,10.2087,0.0,2427.89,621.91,7.0,True,5052;5136
CVX,Short,419,2020-10-13T20:00:00Z,57.619382,2020-10-14T20:00:00Z,56.76668,357.28,9.5089,0.0,444.98,87.7,1.0,True,5112;5137
DIS,Long,203,2020-10-09T20:00:00Z,120.080402,2020-10-14T20:00:00Z,125.151218,1029.38,9.9025,0.0,1029.38,470.4,5.0,True,5093;5138
HON,Short,165,2020-10-07T20:00:00Z,148.107149,2020-10-14T20:00:00Z,151.629338,-581.16,9.976,-919.45,0.0,919.45,7.0,False,5057;5139
ISRG,Long,96,2020-10-13T20:00:00Z,251.973308,2020-10-14T20:00:00Z,253.103308,108.48,4.8069,-154.88,108.48,154.88,1.0,True,5114;5140
LLY,Long,173,2020-10-08T20:00:00Z,142.911411,2020-10-14T20:00:00Z,141.248339,-287.71,9.8163,-591.68,776.98,1368.66,6.0,False,5073;5141
MO,Short,946,2020-10-08T20:00:00Z,25.747604,2020-10-14T20:00:00Z,24.848622,850.44,9.574,-5.99,850.44,95.82,6.0,True,5081;5142
APD,Short,95,2020-09-29T20:00:00Z,256.337705,2020-10-14T20:00:00Z,262.19672,-556.61,9.8049,-796.57,63.64,860.21,15.0,False,4923;5143
MSFT,Long,121,2020-10-06T20:00:00Z,198.759188,2020-10-14T20:00:00Z,212.035161,1606.39,9.8218,0.0,1606.39,230.14,8.0,True,5033;5144
NKE,Long,206,2020-10-13T20:00:00Z,115.932448,2020-10-14T20:00:00Z,117.281553,277.92,9.5819,-70.88,277.92,70.88,1.0,True,5111;5145
PEP,Short,212,2020-10-06T20:00:00Z,113.975166,2020-10-14T20:00:00Z,118.55895,-971.76,9.7428,-971.76,173.34,1145.1,8.0,False,5034;5146
PLD,Short,268,2020-10-09T20:00:00Z,90.654445,2020-10-14T20:00:00Z,89.556627,294.22,9.548,-212.74,751.38,457.17,5.0,True,5098;5147
XOM,Long,879,2020-10-09T20:00:00Z,27.899,2020-10-14T20:00:00Z,26.639399,-1107.19,9.4737,-1107.19,0.0,1107.19,5.0,False,5095;5148
CRM,Long,92,2020-10-14T20:00:00Z,264.942198,2020-10-14T20:00:00Z,264.942198,0.0,14.1823,0.0,0.0,0.0,0.0,False,5126;5150
AXP,Short,246,2020-10-14T20:00:00Z,98.634689,2020-10-16T20:00:00Z,98.288373,85.19,9.6582,0.0,211.83,126.64,2.0,True,5132;5156
BLK,Long,43,2020-10-14T20:00:00Z,557.266459,2020-10-16T20:00:00Z,566.131252,381.19,9.6863,0.0,580.55,199.37,2.0,True,5154;5157
C,Long,665,2020-10-08T20:00:00Z,36.553947,2020-10-16T20:00:00Z,35.528385,-682.0,9.5166,-1006.76,525.03,1531.79,8.0,False,5078;5158
FDX,Short,153,2020-10-09T20:00:00Z,159.844808,2020-10-16T20:00:00Z,165.076093,-800.39,9.8789,-800.39,200.99,1001.37,7.0,False,5099;5159
IBM,Long,257,2020-10-14T20:00:00Z,93.956524,2020-10-16T20:00:00Z,93.986559,7.72,9.7209,-46.31,154.38,146.66,2.0,True,5153;5160
FISV,Short,237,2020-10-08T20:00:00Z,103.33,2020-10-16T20:00:00Z,102.31,241.74,9.6985,-793.95,500.07,793.95,8.0,True,5082;5161
ZM,Long,46,2020-10-14T20:00:00Z,518.78,2020-10-16T20:00:00Z,544.07,1163.34,9.8279,0.0,1850.12,686.78,2.0,True,5152;5162
TMO,Short,52,2020-10-14T20:00:00Z,459.434444,2020-10-16T20:00:00Z,460.605141,-60.88,9.5724,-80.83,125.33,206.16,2.0,False,5129;5163
TMUS,Long,210,2020-10-14T20:00:00Z,114.930775,2020-10-16T20:00:00Z,109.609556,-1117.46,9.1949,-1317.92,0.0,1317.92,2.0,False,5130;5164
ZTS,Short,157,2020-10-06T20:00:00Z,154.650727,2020-10-16T20:00:00Z,154.161861,76.75,9.5961,-597.78,677.48,1275.26,10.0,True,5039;5165
TSLA,Short,162,2020-10-14T20:00:00Z,149.979985,2020-10-16T20:00:00Z,151.399985,-230.04,14.4789,-230.04,554.58,784.62,2.0,False,5149;5166
V,Long,126,2020-10-01T20:00:00Z,193.553228,2020-10-16T20:00:00Z,191.064536,-313.58,14.6044,-320.81,534.28,855.1,15.0,False,4956;5167
SPY,Short,133,2020-10-08T20:00:00Z,316.241276,2020-10-16T20:00:00Z,321.876583,-749.5,8.5202,-1171.47,583.9,1171.47,8.0,False,5084;5179
SPY,Short,7,2020-10-08T20:00:00Z,316.241276,2020-10-19T20:00:00Z,321.489213,-36.74,5.6779,-61.66,30.73,61.66,11.0,False,5084;5180
SPY,Short,83,2020-10-14T20:00:00Z,323.4814,2020-10-19T20:00:00Z,321.489213,165.35,5.3269,-130.14,965.32,502.18,5.0,True,5134;5180
AVGO,Long,749,2020-10-01T20:00:00Z,32.732865,2020-10-19T20:00:00Z,33.93491,900.33,9.8919,-807.31,900.33,807.31,18.0,True,4960;5181
VRTX,Short,87,2020-10-14T20:00:00Z,275.19,2020-10-19T20:00:00Z,219.3,4862.43,8.5603,0.0,5212.17,455.01,5.0,True,5133;5182
BKNG,Short,366,2020-10-16T20:00:00Z,66.581462,2020-10-19T20:00:00Z,65.633927,346.8,9.4984,0.0,729.06,382.26,3.0,True,5178;5183
CL,Short,360,2020-10-05T20:00:00Z,67.291499,2020-10-19T20:00:00Z,69.852917,-922.11,9.8544,-978.37,0.0,978.37,14.0,False,4997;5184
CRM,Short,92,2020-10-14T20:00:00Z,264.942198,2020-10-19T20:00:00Z,254.89402,924.43,4.6043,0.0,1353.25,428.81,5.0,True,5150;5185
CVS,Short,508,2020-10-05T20:00:00Z,48.00917,2020-10-19T20:00:00Z,49.492461,-753.51,9.8568,-925.14,12.56,937.7,14.0,False,5018;5186
INTC,Long,501,2020-10-14T20:00:00Z,48.529474,2020-10-19T20:00:00Z,48.888486,179.87,9.7244,-98.93,229.33,98.93,5.0,True,5127;5187
INTU,Long,72,2020-10-14T20:00:00Z,337.216942,2020-10-19T20:00:00Z,329.622528,-546.8,9.4092,-1103.27,0.0,1103.27,5.0,False,5155;5188
MMM,Long,255,2020-10-14T20:00:00Z,94.932422,2020-10-19T20:00:00Z,97.2118,581.24,9.797,0.0,581.24,205.83,5.0,True,5131;5189
MRK,Long,389,2020-10-16T20:00:00Z,62.712489,2020-10-19T20:00:00Z,63.408942,270.92,9.7593,-175.48,270.92,175.48,3.0,True,5170;5190
MS,Short,606,2020-10-05T20:00:00Z,40.352448,2020-10-19T20:00:00Z,43.34121,-1811.19,10.0438,-1811.19,373.34,2184.53,14.0,False,5019;5191
PM,Short,398,2020-10-08T20:00:00Z,60.800821,2020-10-19T20:00:00Z,60.777711,9.2,9.5759,-119.57,334.18,324.98,11.0,True,5076;5192
QCOM,Long,215,2020-10-16T20:00:00Z,114.497317,2020-10-19T20:00:00Z,114.435698,-13.25,9.7449,-312.28,0.0,312.28,3.0,False,5171;5193
SPGI,Short,77,2020-10-16T20:00:00Z,312.967884,2020-10-19T20:00:00Z,314.09205,-86.56,9.5469,-86.56,474.35,560.91,3.0,False,5175;5194
SYK,Short,116,2020-10-16T20:00:00Z,210.856437,2020-10-19T20:00:00Z,211.233303,-43.72,9.7256,-43.72,318.04,361.75,3.0,False,5176;5195
UPS,Long,188,2020-10-01T20:00:00Z,130.614891,2020-10-19T20:00:00Z,134.898992,805.41,9.8606,-336.68,1063.72,645.78,18.0,True,4961;5196
NKE,Long,210,2020-10-19T20:00:00Z,116.892214,2020-10-20T20:00:00Z,115.89623,-209.16,9.7322,-209.16,0.0,209.16,1.0,False,5197;5213
V,Short,127,2020-10-16T20:00:00Z,191.064536,2020-10-20T20:00:00Z,188.891717,275.95,9.6889,0.0,320.93,88.74,4.0,True,5167;5218
ABBV,Long,351,2020-10-19T20:00:00Z,69.607363,2020-10-20T20:00:00Z,67.678068,-677.18,9.5127,-677.18,0.0,677.18,1.0,False,5198;5228
ACN,Long,118,2020-10-16T20:00:00Z,205.461462,2020-10-20T20:00:00Z,203.371232,-246.65,9.7482,-295.34,143.97,390.61,4.0,False,5172;5229
AMGN,Short,124,2020-10-19T20:00:00Z,196.420614,2020-10-20T20:00:00Z,192.138128,531.03,9.5237,0.0,531.03,0.0,1.0,True,5199;5230
BA,Long,151,2020-10-07T20:00:00Z,163.78,2020-10-20T20:00:00Z,168.41,699.13,10.0219,-247.64,699.13,884.86,13.0,True,5059;5231
BDX,Short,148,2020-10-08T20:00:00Z,163.0874,2020-10-20T20:00:00Z,164.574604,-220.11,9.6738,-265.15,212.94,433.05,12.0,False,5083;5232
C,Long,694,2020-10-19T20:00:00Z,35.284204,2020-10-20T20:00:00Z,35.300482,11.3,9.761,0.0,90.38,79.08,1.0,True,5200;5233
DUK,Short,346,2020-10-01T20:00:00Z,69.620814,2020-10-20T20:00:00Z,72.847588,-1116.46,9.9666,-1442.1,0.0,1442.1,19.0,False,4968;5234
UTX,Long,459,2020-10-16T20:00:00Z,53.416828,2020-10-20T20:00:00Z,54.275,393.9,9.8869,0.0,393.9,88.43,4.0,True,5174;5235
TSLA,Long,162,2020-10-16T20:00:00Z,151.399985,2020-10-20T20:00:00Z,143.916652,-1212.3,4.557,-1742.04,0.0,1742.04,4.0,False,5166;5236
FISV,Short,241,2020-10-19T20:00:00Z,101.36,2020-10-20T20:00:00Z,98.81,614.55,9.5566,0.0,614.55,0.0,1.0,True,5205;5237
NEE,Long,389,2020-10-07T20:00:00Z,62.818323,2020-10-20T20:00:00Z,64.552026,674.41,9.9721,0.0,1045.38,601.05,13.0,True,5055;5238
PFE,Long,937,2020-10-14T20:00:00Z,25.85517,2020-10-20T20:00:00Z,26.498925,603.2,9.7508,-262.26,662.21,301.6,6.0,True,5128;5239
T,Long,1601,2020-10-05T20:00:00Z,15.024967,2020-10-20T20:00:00Z,14.506371,-830.27,9.4451,-1032.34,545.5,1577.84,15.0,False,4987;5240
TJX,Short,465,2020-10-07T20:00:00Z,52.920764,2020-10-20T20:00:00Z,51.016279,885.59,9.6952,-333.7,1099.5,333.7,13.0,True,5062;5241
TGT,Short,175,2020-10-19T20:00:00Z,140.208955,2020-10-20T20:00:00Z,139.146063,186.01,9.7125,0.0,194.86,8.86,1.0,True,5202;5242
ZTS,Short,158,2020-10-19T20:00:00Z,154.763542,2020-10-20T20:00:00Z,150.872013,614.86,9.503,0.0,702.61,87.75,1.0,True,5204;5243
PLD,Short,274,2020-10-16T20:00:00Z,88.450364,2020-10-20T20:00:00Z,88.610814,-43.96,14.512,-43.96,397.98,441.95,4.0,False,5177;5247
CAT,Long,162,2020-10-20T20:00:00Z,151.088341,2020-10-21T20:00:00Z,152.534549,234.29,9.7902,-116.42,234.29,116.42,1.0,True,5223;5251
CL,Short,355,2020-10-20T20:00:00Z,69.522971,2020-10-21T20:00:00Z,69.045419,169.53,9.8655,-40.07,169.53,40.07,1.0,True,5249;5252
CVS,Short,504,2020-10-20T20:00:00Z,48.65193,2020-10-21T20:00:00Z,48.71458,-31.58,9.898,-287.07,0.0,287.07,1.0,False,5226;5253
INTC,Short,498,2020-10-20T20:00:00Z,49.050042,2020-10-21T20:00:00Z,47.622968,710.68,9.5589,0.0,710.68,0.0,1.0,True,5244;5254
KO,Long,581,2020-10-16T20:00:00Z,41.861091,2020-10-21T20:00:00Z,41.827596,-19.46,9.7324,-180.01,126.5,180.01,5.0,False,5169;5255
APD,Short,93,2020-10-19T20:00:00Z,262.170499,2020-10-21T20:00:00Z,256.996312,481.2,9.5495,0.0,544.6,63.4,2.0,True,5206;5256
MRK,Long,392,2020-10-20T20:00:00Z,62.443404,2020-10-21T20:00:00Z,61.936892,-198.55,9.6999,-260.6,0.0,260.6,1.0,False,5220;5257
WFC,Long,1242,2020-10-20T20:00:00Z,19.873483,2020-10-21T20:00:00Z,19.864755,-10.84,9.8645,-86.72,0.0,86.72,1.0,False,5222;5258
SPY,Long,113,2020-10-20T20:00:00Z,316.739322,2020-10-21T20:00:00Z,316.683984,-6.25,15.4394,-71.91,0.0,71.91,1.0,False,5227;5264
SPY,Long,18,2020-10-20T20:00:00Z,316.739322,2020-10-21T20:00:00Z,316.683984,-1.0,5.3206,-11.46,0.0,11.46,1.0,False,5250;5264
SPY,Long,66,2020-10-20T20:00:00Z,316.739322,2020-10-22T20:00:00Z,316.278168,-30.44,4.1954,-42.0,72.44,102.87,2.0,False,5250;5265
EL,Short,119,2020-10-20T20:00:00Z,205.845815,2020-10-22T20:00:00Z,213.318583,-889.26,10.0266,-951.61,0.0,951.61,2.0,False,5225;5266
IBM,Long,277,2020-10-21T20:00:00Z,87.476505,2020-10-22T20:00:00Z,86.350198,-311.99,9.6005,-311.99,0.0,311.99,1.0,False,5260;5267
PLD,Long,280,2020-10-20T20:00:00Z,88.610814,2020-10-22T20:00:00Z,86.921863,-472.91,4.8615,-539.11,0.0,539.11,2.0,False,5247;5268
VZ,Long,593,2020-10-16T20:00:00Z,40.990767,2020-10-22T20:00:00Z,40.08739,-535.7,9.6577,-556.63,0.0,556.63,6.0,False,5168;5269
AMT,Long,118,2020-10-01T20:00:00Z,205.049074,2020-10-23T20:00:00Z,200.350191,-554.47,9.5882,-641.38,418.6,1059.98,22.0,False,4965;5275
ANTM,Short,89,2020-10-22T20:00:00Z,274.987621,2020-10-23T20:00:00Z,283.968093,-799.26,10.1503,-1132.15,0.0,1132.15,1.0,False,5274;5276
SHOP,Short,222,2020-10-13T20:00:00Z,109.906,2020-10-23T20:00:00Z,100.15,2165.83,9.4697,0.0,2165.83,425.13,10.0,True,5113;5277
UTX,Long,455,2020-10-21T20:00:00Z,52.865146,2020-10-23T20:00:00Z,55.352093,1131.56,9.7952,0.0,1131.56,91.64,2.0,True,5261;5278
LLY,Long,184,2020-10-22T20:00:00Z,133.102107,2020-10-23T20:00:00Z,133.647068,100.27,9.8209,0.0,124.48,24.2,1.0,True,5273;5279
LMT,Long,75,2020-10-07T20:00:00Z,321.879246,2020-10-23T20:00:00Z,315.706918,-462.92,9.6566,-744.12,772.82,1516.94,16.0,False,5058;5280
MDLZ,Short,488,2020-10-19T20:00:00Z,49.994809,2020-10-23T20:00:00Z,49.37397,302.97,9.5755,0.0,576.48,273.51,4.0,True,5201;5281
MS,Short,575,2020-10-20T20:00:00Z,42.924948,2020-10-23T20:00:00Z,43.499389,-330.3,9.8948,-330.3,569.65,899.96,3.0,False,5224;5282
NKE,Long,209,2020-10-21T20:00:00Z,116.34895,2020-10-23T20:00:00Z,117.707109,283.86,9.8184,0.0,287.64,5.68,2.0,True,5259;5283
PYPL,Long,116,2020-10-22T20:00:00Z,209.562976,2020-10-23T20:00:00Z,203.777495,-671.12,9.3376,-1016.42,0.0,1016.42,1.0,False,5270;5284
UPS,Long,183,2020-10-22T20:00:00Z,134.536194,2020-10-23T20:00:00Z,133.092722,-264.16,9.7455,-329.13,0.0,329.13,1.0,False,5271;5285
CVX,Short,441,2020-10-20T20:00:00Z,55.867468,2020-10-23T20:00:00Z,57.394579,-673.46,14.6919,-673.46,410.23,1083.68,3.0,False,5221;5295
SPY,Long,82,2020-10-23T20:00:00Z,319.035872,2020-10-26T20:00:00Z,315.558767,-285.12,10.3638,-493.1,0.0,493.1,3.0,False,5307;5308
CVX,Long,429,2020-10-23T20:00:00Z,57.394579,2020-10-26T20:00:00Z,55.603905,-768.2,4.7183,-1030.92,0.0,1030.92,3.0,False,5295;5309
EL,Short,114,2020-10-23T20:00:00Z,215.101753,2020-10-26T20:00:00Z,213.465649,186.52,9.7952,0.0,193.85,7.33,3.0,True,5304;5310
HON,Short,157,2020-10-23T20:00:00Z,155.957599,2020-10-26T20:00:00Z,151.743239,661.65,9.5121,0.0,1077.08,415.43,3.0,True,5297;5311
IBM,Long,280,2020-10-23T20:00:00Z,87.476505,2020-10-26T20:00:00Z,85.974762,-420.49,9.5964,-899.84,0.0,899.84,3.0,False,5300;5312
QCOM,Short,215,2020-10-23T20:00:00Z,113.25613,2020-10-26T20:00:00Z,112.26142,213.86,9.6552,0.0,465.58,251.71,3.0,True,5293;5313
SPGI,Short,79,2020-10-20T20:00:00Z,306.07,2020-10-26T20:00:00Z,299.621782,509.41,9.5729,0.0,509.41,12.79,6.0,True,5246;5314
UNP,Short,148,2020-10-23T20:00:00Z,162.200521,2020-10-26T20:00:00Z,163.524285,-195.92,9.6749,-195.92,41.52,237.44,3.0,False,5296;5315
AMD,Short,307,2020-10-23T20:00:00Z,80.86,2020-10-26T20:00:00Z,82.6,-534.18,10.0813,-534.18,0.0,534.18,3.0,False,5302;5316
AAPL,Long,217,2020-10-23T20:00:00Z,112.588001,2020-10-27T20:00:00Z,111.79431,-172.23,9.7306,-266.75,58.81,266.75,4.0,False,5286;5329
AMZN,Long,152,2020-10-20T20:00:00Z,160.774935,2020-10-27T20:00:00Z,160.871708,14.71,9.8619,-353.78,479.72,465.01,7.0,True,5217;5330
ANTM,Short,84,2020-10-26T20:00:00Z,284.792075,2020-10-27T20:00:00Z,275.691245,764.47,9.311,0.0,764.47,0.0,1.0,True,5326;5331
AVGO,Long,732,2020-10-20T20:00:00Z,33.445221,2020-10-27T20:00:00Z,32.395761,-768.2,9.5664,-1130.55,0.0,1130.55,7.0,False,5245;5332
BA,Long,144,2020-10-23T20:00:00Z,170.26,2020-10-27T20:00:00Z,159.0,-1621.44,9.2909,-2162.88,0.0,2162.88,4.0,False,5303;5333
C,Short,689,2020-10-21T20:00:00Z,35.300482,2020-10-27T20:00:00Z,34.983047,218.71,9.5213,-330.87,829.99,611.28,6.0,True,5262;5334
CCI,Short,203,2020-10-26T20:00:00Z,119.100103,2020-10-27T20:00:00Z,121.249733,-436.37,9.8501,-500.91,0.0,500.91,1.0,False,5328;5335
SHOP,Short,237,2020-10-26T20:00:00Z,101.9,2020-10-27T20:00:00Z,106.693,-1135.94,10.0533,-1514.19,0.0,1514.19,1.0,False,5321;5336
SQ,Short,137,2020-10-26T20:00:00Z,175.31,2020-10-27T20:00:00Z,176.26,-130.15,9.3409,-130.15,587.73,717.88,1.0,False,5325;5337
GILD,Short,490,2020-10-19T20:00:00Z,49.70341,2020-10-27T20:00:00Z,47.96379,852.41,9.4732,0.0,852.41,227.83,8.0,True,5203;5338
KO,Long,575,2020-10-26T20:00:00Z,42.154177,2020-10-27T20:00:00Z,41.710361,-255.19,9.6011,-255.19,0.0,255.19,1.0,False,5317;5339
LIN,Short,113,2020-10-23T20:00:00Z,217.624877,2020-10-27T20:00:00Z,208.481981,1033.15,9.5665,0.0,1133.03,99.88,4.0,True,5298;5340
ORCL,Short,432,2020-10-14T20:00:00Z,56.363036,2020-10-27T20:00:00Z,53.037296,1436.72,9.3696,0.0,1694.69,257.97,13.0,True,5151;5341
NOW,Long,241,2020-10-23T20:00:00Z,101.818,2020-10-27T20:00:00Z,101.758,-14.46,9.7732,-447.3,0.0,447.3,4.0,False,5301;5342
SBUX,Long,312,2020-10-23T20:00:00Z,78.435846,2020-10-27T20:00:00Z,78.156342,-87.21,9.8569,-87.21,68.13,155.33,4.0,False,5299;5343
TMO,Short,51,2020-10-23T20:00:00Z,473.197507,2020-10-27T20:00:00Z,477.132621,-200.69,9.7282,-416.43,0.0,416.43,4.0,False,5290;5344
TMUS,Long,231,2020-10-23T20:00:00Z,106.443289,2020-10-27T20:00:00Z,105.649359,-183.4,9.8336,-183.4,43.67,227.06,4.0,False,5294;5345
TXN,Long,191,2020-10-26T20:00:00Z,125.542828,2020-10-27T20:00:00Z,125.059971,-92.23,9.4837,-174.74,0.0,174.74,1.0,False,5320;5346
XOM,Short,894,2020-10-23T20:00:00Z,27.382642,2020-10-27T20:00:00Z,25.935274,1293.95,9.371,0.0,1524.76,230.81,4.0,True,5292;5347
MS,Short,563,2020-10-26T20:00:00Z,42.583613,2020-10-27T20:00:00Z,41.834341,421.84,13.9888,0.0,1199.9,778.06,1.0,True,5324;5360
MO,Short,984,2020-10-26T20:00:00Z,24.61438,2020-10-29T20:00:00Z,23.202598,1389.19,9.4004,0.0,1389.19,99.67,3.0,True,5327;5372
MS,Long,583,2020-10-27T20:00:00Z,41.834341,2020-10-29T20:00:00Z,39.502407,-1359.52,4.7057,-1359.52,0.0,1359.52,2.0,False,5360;5373
V,Long,129,2020-10-20T20:00:00Z,188.891717,2020-10-29T20:00:00Z,175.165624,-1770.67,9.5556,-2033.67,134.59,2168.26,9.0,False,5218;5379
ZTS,Short,161,2020-10-27T20:00:00Z,151.399142,2020-10-29T20:00:00Z,150.100144,209.14,14.7565,-53.04,325.83,378.87,2.0,True,5361;5394
ABBV,Long,360,2020-10-23T20:00:00Z,68.039811,2020-10-29T20:00:00Z,64.711776,-1198.09,9.5517,-1200.99,0.0,1200.99,6.0,False,5291;5401
ACN,Short,124,2020-10-27T20:00:00Z,197.925871,2020-10-29T20:00:00Z,193.332749,569.55,9.7246,0.0,744.19,278.1,2.0,True,5353;5402
ADBE,Long,50,2020-10-23T20:00:00Z,486.41,2020-10-29T20:00:00Z,458.52,-1394.5,9.4961,-1472.0,0.0,1472.0,6.0,False,5289;5403
AMT,Long,121,2020-10-27T20:00:00Z,202.289009,2020-10-29T20:00:00Z,197.691724,-556.27,9.5849,-901.51,0.0,901.51,2.0,False,5355;5404
BKNG,Short,348,2020-10-23T20:00:00Z,70.363399,2020-10-29T20:00:00Z,62.517805,2730.27,9.3927,0.0,2730.27,342.8,6.0,True,5306;5405
BMY,Long,508,2020-10-22T20:00:00Z,48.089631,2020-10-29T20:00:00Z,46.349809,-883.83,9.6675,-904.19,61.09,965.29,7.0,False,5272;5406
CAT,Short,165,2020-10-27T20:00:00Z,145.472815,2020-10-29T20:00:00Z,136.109629,1544.93,9.3226,0.0,1544.93,523.43,2.0,True,5357;5407
UTX,Short,444,2020-10-26T20:00:00Z,53.986023,2020-10-29T20:00:00Z,45.973499,3557.56,8.8609,0.0,3619.77,311.04,3.0,True,5323;5408
FDX,Short,149,2020-10-20T20:00:00Z,165.076093,2020-10-29T20:00:00Z,151.730504,1988.49,9.6033,0.0,2079.43,659.08,9.0,True,5248;5409
JPM,Short,273,2020-10-23T20:00:00Z,89.628619,2020-10-29T20:00:00Z,83.237709,1744.72,9.5028,0.0,1744.72,148.94,6.0,True,5287;5410
LOW,Short,154,2020-10-16T20:00:00Z,158.234564,2020-10-29T20:00:00Z,145.755814,1921.73,9.3465,-125.27,2134.73,354.08,13.0,True,5173;5411
NEE,Long,376,2020-10-27T20:00:00Z,64.9592,2020-10-29T20:00:00Z,63.716248,-467.35,9.6558,-570.49,0.0,570.49,2.0,False,5352;5412
NFLX,Long,500,2020-10-27T20:00:00Z,49.0,2020-10-29T20:00:00Z,48.852,-74.0,9.9314,-188.0,710.5,784.5,2.0,False,5349;5413
NKE,Long,206,2020-10-26T20:00:00Z,116.910322,2020-10-29T20:00:00Z,110.717118,-1275.8,9.3719,-1313.1,0.0,1313.1,3.0,False,5319;5414
PYPL,Long,125,2020-10-27T20:00:00Z,196.271205,2020-10-29T20:00:00Z,191.939511,-541.46,9.7777,-760.27,0.0,760.27,2.0,False,5348;5415
PLD,Short,281,2020-10-23T20:00:00Z,87.588999,2020-10-29T20:00:00Z,81.821231,1620.74,9.6542,0.0,1620.74,633.58,6.0,True,5305;5416
C,Long,729,2020-10-29T20:00:00Z,33.420286,2020-10-29T20:00:00Z,33.420286,0.0,14.8316,0.0,0.0,0.0,0.0,False,5390;5421
BA,Short,165,2020-10-29T20:00:00Z,148.0,2020-10-29T20:00:00Z,148.0,0.0,14.6807,0.0,0.0,0.0,0.0,False,5389;5422
SPGI,Short,81,2020-10-27T20:00:00Z,296.77989,2020-10-29T20:00:00Z,294.450618,188.67,14.4289,0.0,310.32,121.65,2.0,True,5359;5423
SPY,Long,214,2020-10-29T20:00:00Z,301.585787,2020-10-29T20:00:00Z,301.585787,0.0,40.782,0.0,0.0,0.0,0.0,False,5400;5430
SPY,Long,242,2020-10-29T20:00:00Z,301.585787,2020-10-30T20:00:00Z,302.775566,287.93,14.5767,-100.44,287.93,100.44,1.0,True,5400;5431
ADP,Short,180,2020-10-29T20:00:00Z,135.283466,2020-10-30T20:00:00Z,136.880169,-287.41,9.9304,-457.02,0.0,457.02,1.0,False,5428;5432
ANTM,Short,92,2020-10-29T20:00:00Z,263.368556,2020-10-30T20:00:00Z,253.601135,898.6,9.3022,0.0,994.0,95.4,1.0,True,5427;5433
BA,Long,165,2020-10-29T20:00:00Z,148.0,2020-10-30T20:00:00Z,147.2,-132.0,4.7649,-595.65,0.0,595.65,1.0,False,5422;5434
CVS,Long,520,2020-10-29T20:00:00Z,46.878019,2020-10-30T20:00:00Z,46.479128,-207.42,9.6815,-207.42,0.0,207.42,1.0,False,5395;5435
DUK,Short,331,2020-10-27T20:00:00Z,73.804548,2020-10-30T20:00:00Z,72.491694,434.55,9.6948,0.0,612.57,329.84,3.0,True,5362;5436
EL,Short,120,2020-10-29T20:00:00Z,202.720672,2020-10-30T20:00:00Z,203.593874,-104.78,9.7681,-104.78,98.17,202.95,1.0,False,5392;5437
SQ,Short,146,2020-10-29T20:00:00Z,170.22,2020-10-30T20:00:00Z,166.28,575.24,9.4856,0.0,2223.58,1648.34,1.0,True,5396;5438
GILD,Short,519,2020-10-29T20:00:00Z,46.232188,2020-10-30T20:00:00Z,46.264255,-16.64,9.7093,-199.71,0.0,199.71,1.0,False,5426;5439
IBM,Long,305,2020-10-29T20:00:00Z,80.530945,2020-10-30T20:00:00Z,81.019012,148.86,10.1028,0.0,1009.96,861.1,1.0,True,5386;5440
DE,Short,110,2020-10-21T20:00:00Z,222.51899,2020-10-30T20:00:00Z,211.472936,1215.07,9.4489,-1.02,1650.4,475.19,9.0,True,5263;5441
ISRG,Short,106,2020-10-29T20:00:00Z,229.999977,2020-10-30T20:00:00Z,227.399977,275.6,9.5637,0.0,809.84,534.24,1.0,True,5391;5442
LLY,Short,198,2020-10-29T20:00:00Z,123.941119,2020-10-30T20:00:00Z,123.800181,27.91,9.7867,0.0,269.76,241.85,1.0,True,5384;5443
LMT,Long,76,2020-10-26T20:00:00Z,314.083069,2020-10-30T20:00:00Z,298.108132,-1214.1,9.2845,-1247.05,0.0,1247.05,4.0,False,5322;5444
MDLZ,Long,533,2020-10-29T20:00:00Z,45.821389,2020-10-30T20:00:00Z,45.614443,-110.3,9.7719,-110.3,0.0,110.3,1.0,False,5393;5445
EQIX,Short,36,2020-10-29T20:00:00Z,684.376641,2020-10-30T20:00:00Z,652.036025,1164.26,9.4471,0.0,1171.32,7.06,1.0,True,5398;5446
MRK,Long,391,2020-10-27T20:00:00Z,62.546289,2020-10-30T20:00:00Z,59.657589,-1129.48,9.4846,-1182.09,0.0,1182.09,3.0,False,5350;5447
TMO,Short,52,2020-10-29T20:00:00Z,471.869405,2020-10-30T20:00:00Z,461.45119,541.75,9.6686,0.0,541.75,0.0,1.0,True,5419;5448
V,Short,141,2020-10-29T20:00:00Z,175.165624,2020-10-30T20:00:00Z,174.715745,63.43,4.9081,0.0,157.91,94.47,1.0,True,5379;5449
TXN,Long,201,2020-10-29T20:00:00Z,120.813616,2020-10-30T20:00:00Z,123.714507,583.08,14.8093,0.0,583.08,0.0,1.0,True,5383;5453
HON,Short,163,2020-10-27T20:00:00Z,148.107149,2020-10-30T20:00:00Z,141.938939,1005.42,14.4045,0.0,1125.38,581.26,3.0,True,5354;5456
LIN,Long,122,2020-10-29T20:00:00Z,198.906339,2020-10-30T20:00:00Z,201.760617,348.22,14.7986,0.0,484.14,135.92,1.0,True,5420;5457
AMZN,Short,154,2020-10-29T20:00:00Z,159.687991,2020-11-03T21:00:00Z,150.529527,1410.4,9.6169,0.0,1511.73,337.47,5.0417,True,5417;5466
C,Short,729,2020-10-29T20:00:00Z,33.420286,2020-11-03T21:00:00Z,35.6803,-1647.55,5.2406,-1839.78,0.0,1839.78,5.0417,False,5421;5467
MELI,Short,18,2020-10-30T20:00:00Z,1279.41,2020-11-03T21:00:00Z,1220.0,1069.38,8.8129,0.0,1143.9,325.98,4.0417,True,5464;5468
UTX,Long,527,2020-10-30T20:00:00Z,46.551452,2020-11-03T21:00:00Z,49.484999,1545.98,10.2782,0.0,1790.57,244.59,4.0417,True,5459;5469
HON,Long,170,2020-10-30T20:00:00Z,141.938939,2020-11-03T21:00:00Z,153.789088,2014.53,5.3386,0.0,2563.4,548.87,4.0417,True,5456;5470
MS,Long,608,2020-10-30T20:00:00Z,40.25723,2020-11-03T21:00:00Z,42.278479,1228.92,10.1312,0.0,1626.66,397.74,4.0417,True,5461;5471
NKE,Long,220,2020-10-30T20:00:00Z,111.848917,2020-11-03T21:00:00Z,112.301636,99.6,9.7475,-227.08,211.15,227.08,4.0417,True,5452;5472
NOW,Long,252,2020-10-29T20:00:00Z,99.4,2020-11-03T21:00:00Z,95.522,-977.26,9.9857,-1058.4,28.73,1087.13,5.0417,False,5387;5473
AMD,Long,297,2020-10-27T20:00:00Z,82.06,2020-11-03T21:00:00Z,74.88,-2132.46,9.2343,-2185.92,0.0,2185.92,7.0417,False,5356;5474
WFC,Long,1321,2020-10-29T20:00:00Z,18.381008,2020-11-03T21:00:00Z,19.489454,1464.26,9.9662,0.0,1464.26,0.0,5.0417,True,5388;5475
ZTS,Long,163,2020-10-29T20:00:00Z,150.100144,2020-11-03T21:00:00Z,154.976093,794.78,5.0062,-139.62,794.78,139.62,5.0417,True,5394;5476
LIN,Short,121,2020-10-30T20:00:00Z,201.760617,2020-11-03T21:00:00Z,214.199744,-1505.13,10.2163,-1666.68,0.0,1666.68,4.0417,False,5457;5482
SHOP,Long,251,2020-10-30T20:00:00Z,97.212,2020-11-03T21:00:00Z,92.3,-1232.91,14.4395,-1433.96,0.0,1433.96,4.0417,False,5455;5483
FIS,Long,227,2020-10-30T20:00:00Z,107.695004,2020-11-03T21:00:00Z,108.96689,288.72,15.0331,-98.2,789.56,500.84,4.0417,True,5460;5487
TGT,Short,186,2020-10-29T20:00:00Z,130.75259,2020-11-03T21:00:00Z,131.520235,-142.78,14.7567,-271.44,426.78,698.22,5.0417,False,5424;5488
AXP,Short,285,2020-10-29T20:00:00Z,85.558901,2020-11-03T21:00:00Z,88.685109,-890.97,15.061,-1304.44,42.68,1347.12,5.0417,False,5425;5491
PLD,Long,290,2020-10-30T20:00:00Z,83.999978,2020-11-03T21:00:00Z,86.693855,781.22,15.0142,0.0,1204.9,423.67,4.0417,True,5462;5492
ABT,Short,256,2020-10-29T20:00:00Z,95.419743,2020-11-04T21:00:00Z,98.819262,-870.28,9.9446,-1184.86,293.92,1478.78,6.0417,False,5381;5497
SHOP,Short,269,2020-11-03T21:00:00Z,92.3,2020-11-04T21:00:00Z,98.0,-1533.3,5.3585,-1963.7,0.0,1963.7,1.0,False,5483;5498
TSLA,Short,179,2020-10-30T20:00:00Z,135.606653,2020-11-04T21:00:00Z,143.559986,-1423.65,9.6543,-1423.65,376.5,1800.14,5.0417,False,5450;5499
FB,Short,92,2020-10-29T20:00:00Z,273.85709,2020-11-04T21:00:00Z,279.086999,-481.15,10.3559,-993.29,1377.84,2371.13,6.0417,False,5377;5500
INTU,Long,78,2020-10-30T20:00:00Z,309.066725,2020-11-04T21:00:00Z,326.166157,1333.76,9.8505,-411.14,1579.39,411.14,5.0417,True,5458;5501
LOW,Long,170,2020-10-30T20:00:00Z,143.582364,2020-11-04T21:00:00Z,148.414247,821.42,9.9612,0.0,1258.09,436.67,5.0417,True,5454;5502
MCD,Long,133,2020-11-03T21:00:00Z,187.515956,2020-11-04T21:00:00Z,187.002786,-68.25,9.9872,-83.29,0.0,83.29,1.0,False,5478;5503
EQIX,Short,37,2020-11-03T21:00:00Z,661.966413,2020-11-04T21:00:00Z,676.897651,-552.46,10.0898,-1144.16,0.0,1144.16,1.0,False,5495;5504
SBUX,Long,321,2020-10-29T20:00:00Z,75.885371,2020-11-04T21:00:00Z,77.649741,566.36,9.9865,-255.14,815.9,277.57,6.0417,True,5385;5505
SYK,Long,120,2020-10-27T20:00:00Z,202.273318,2020-11-04T21:00:00Z,197.684976,-550.6,9.5239,-1433.6,0.0,1433.6,8.0417,False,5358;5506
PLD,Short,286,2020-11-03T21:00:00Z,86.693855,2020-11-04T21:00:00Z,88.501032,-516.85,5.111,-760.79,0.0,760.79,1.0,False,5492;5507
MDLZ,Long,525,2020-11-03T21:00:00Z,46.588816,2020-11-04T21:00:00Z,47.951213,715.26,14.8566,0.0,715.26,0.0,1.0,True,5489;5517
FIS,Short,229,2020-11-03T21:00:00Z,108.96689,2020-11-04T21:00:00Z,113.01616,-927.28,10.3412,-1359.22,0.0,1359.22,1.0,False,5487;5519
AXP,Long,281,2020-11-03T21:00:00Z,88.685109,2020-11-04T21:00:00Z,88.086075,-168.33,9.9825,-168.33,441.86,610.19,1.0,False,5491;5520
SCHW,Long,645,2020-11-03T21:00:00Z,38.892238,2020-11-04T21:00:00Z,37.210511,-1084.71,14.6508,-1084.71,0.0,1084.71,1.0,False,5490;5521
SPY,Long,165,2020-11-03T21:00:00Z,307.792926,2020-11-04T21:00:00Z,314.322873,1077.44,25.4996,0.0,1494.42,416.98,1.0,True,5496;5524
BA,Long,159,2020-11-04T21:00:00Z,153.17,2020-11-05T21:00:00Z,152.48,-109.71,9.8173,-109.71,623.28,732.99,1.0,False,5516;5525
BMY,Short,516,2020-11-03T21:00:00Z,48.915445,2020-11-05T21:00:00Z,52.106454,-1646.56,10.3419,-1828.59,0.0,1828.59,2.0,False,5479;5526
IBM,Long,290,2020-11-03T21:00:00Z,85.599326,2020-11-05T21:00:00Z,85.073717,-152.43,9.97,-457.28,167.67,457.28,2.0,False,5484;5528
NFLX,Long,504,2020-11-04T21:00:00Z,49.625,2020-11-05T21:00:00Z,50.707,545.33,10.188,0.0,882.5,337.18,1.0,True,5509;5529
T,Long,1717,2020-10-29T20:00:00Z,14.232463,2020-11-05T21:00:00Z,14.603044,636.29,10.0091,0.0,931.38,387.31,7.0417,True,5418;5531
SPY,Short,76,2020-11-04T21:00:00Z,314.322873,2020-11-05T21:00:00Z,322.144053,-594.41,19.834,-661.7,0.0,661.7,1.0,False,5524;5560
AMT,Long,123,2020-11-04T21:00:00Z,198.707699,2020-11-05T21:00:00Z,203.431981,581.09,9.9345,0.0,581.09,0.0,1.0,True,5513;5561
BLK,Long,44,2020-11-04T21:00:00Z,545.510405,2020-11-05T21:00:00Z,573.928103,1250.38,10.0839,0.0,1524.29,273.91,1.0,True,5514;5562
COST,Long,71,2020-11-04T21:00:00Z,343.34,2020-11-05T21:00:00Z,351.106045,551.39,9.925,0.0,730.62,179.23,1.0,True,5511;5563
DIS,Long,204,2020-11-04T21:00:00Z,119.789533,2020-11-05T21:00:00Z,122.601267,573.59,9.971,0.0,680.4,106.81,1.0,True,5508;5564
FIS,Long,221,2020-11-04T21:00:00Z,113.01616,2020-11-05T21:00:00Z,116.624163,797.37,5.0707,0.0,797.37,0.0,1.0,True,5519;5565
HON,Long,156,2020-11-04T21:00:00Z,154.59078,2020-11-05T21:00:00Z,158.034113,537.16,9.901,0.0,934.9,397.74,1.0,True,5512;5566
FISV,Short,256,2020-10-30T20:00:00Z,94.75,2020-11-05T21:00:00Z,102.2,-1907.2,10.1187,-1907.2,0.0,1907.2,6.0417,False,5465;5567
ISRG,Long,109,2020-11-03T21:00:00Z,227.999977,2020-11-05T21:00:00Z,243.796642,1721.84,10.248,0.0,1721.84,0.0,2.0,True,5486;5568
MDLZ,Short,523,2020-11-04T21:00:00Z,47.951213,2020-11-05T21:00:00Z,47.908099,22.55,5.0184,-13.53,22.55,13.53,1.0,True,5517;5569
SHW,Short,109,2020-11-04T21:00:00Z,224.546645,2020-11-05T21:00:00Z,230.667226,-667.14,10.0145,-667.14,0.0,667.14,1.0,False,5523;5570
PEP,Short,214,2020-10-27T20:00:00Z,114.445933,2020-11-05T21:00:00Z,115.197508,-160.84,9.7976,-160.84,933.21,1094.05,9.0417,False,5351;5571
TMO,Short,50,2020-11-04T21:00:00Z,491.8893,2020-11-05T21:00:00Z,516.483765,-1229.72,10.0909,-1229.72,0.0,1229.72,1.0,False,5510;5572
TGT,Long,189,2020-11-03T21:00:00Z,131.520235,2020-11-05T21:00:00Z,134.835446,626.57,5.0582,0.0,626.57,0.0,2.0,True,5488;5573
TXN,Short,196,2020-10-30T20:00:00Z,123.714507,2020-11-05T21:00:00Z,132.11003,-1645.52,5.2028,-1765.93,0.0,1765.93,6.0417,False,5453;5574
UNP,Long,156,2020-11-03T21:00:00Z,159.202328,2020-11-05T21:00:00Z,166.233179,1096.81,10.324,0.0,1431.87,335.06,2.0,True,5481;5575
WMT,Long,566,2020-10-29T20:00:00Z,43.168949,2020-11-05T21:00:00Z,44.402348,698.1,9.8918,-218.16,698.1,218.16,7.0417,True,5378;5576
ZTS,Long,160,2020-11-04T21:00:00Z,156.246852,2020-11-05T21:00:00Z,164.422067,1308.03,10.3995,0.0,1308.03,0.0,1.0,True,5518;5577
V,Short,131,2020-11-05T21:00:00Z,190.404076,2020-11-05T21:00:00Z,190.404076,0.0,14.8695,0.0,0.0,0.0,0.0,False,5535;5578
ZM,Short,54,2020-11-03T21:00:00Z,455.65,2020-11-05T21:00:00Z,497.99,-2286.36,15.2083,-2286.36,0.0,2286.36,2.0,False,5480;5586
CAT,Short,174,2020-11-05T21:00:00Z,143.005489,2020-11-05T21:00:00Z,143.005489,0.0,15.3883,0.0,0.0,0.0,0.0,False,5546;5594
ANTM,Short,80,2020-11-05T21:00:00Z,304.336175,2020-11-05T21:00:00Z,304.336175,0.0,14.2028,0.0,0.0,0.0,0.0,False,5554;5595
SYK,Long,124,2020-11-05T21:00:00Z,198.90979,2020-11-05T21:00:00Z,198.90979,0.0,14.7624,0.0,0.0,0.0,0.0,False,5550;5597
SPY,Long,231,2020-11-05T21:00:00Z,322.144053,2020-11-05T21:00:00Z,322.144053,0.0,55.1734,0.0,0.0,0.0,0.0,False,5560;5600
ABT,Short,244,2020-11-05T21:00:00Z,101.815144,2020-11-06T21:00:00Z,102.147023,-80.98,9.9805,-201.35,0.0,201.35,1.0,False,5539;5601
AMGN,Long,127,2020-11-05T21:00:00Z,194.391631,2020-11-06T21:00:00Z,192.67032,-218.61,9.7927,-221.77,0.0,221.77,1.0,False,5543;5602
ANTM,Long,80,2020-11-05T21:00:00Z,304.336175,2020-11-06T21:00:00Z,294.346557,-799.17,4.6413,-1140.61,0.0,1140.61,1.0,False,5595;5603
BDX,Short,149,2020-10-29T20:00:00Z,163.135821,2020-11-06T21:00:00Z,162.686201,66.99,9.6695,-193.77,485.44,679.21,8.0417,True,5397;5604
CRM,Long,99,2020-11-05T21:00:00Z,253.274929,2020-11-06T21:00:00Z,255.129524,183.6,10.1103,0.0,198.18,14.57,1.0,True,5537;5605
UTX,Long,491,2020-11-05T21:00:00Z,50.01041,2020-11-06T21:00:00Z,50.378198,180.58,10.0473,0.0,623.44,442.86,1.0,True,5547;5606
EL,Long,116,2020-11-05T21:00:00Z,212.325891,2020-11-06T21:00:00Z,218.861116,758.09,10.1398,0.0,814.6,56.51,1.0,True,5548;5607
LMT,Long,77,2020-11-05T21:00:00Z,318.436005,2020-11-06T21:00:00Z,308.871448,-736.47,9.507,-869.36,0.0,869.36,1.0,False,5545;5608
MDT,Short,285,2020-11-05T21:00:00Z,87.138499,2020-11-06T21:00:00Z,87.163563,-7.14,9.8847,-7.14,176.2,183.34,1.0,False,5585;5609
MRK,Long,383,2020-11-05T21:00:00Z,65.237133,2020-11-06T21:00:00Z,63.195258,-782.04,9.7488,-782.04,0.0,782.04,1.0,False,5579;5610
NKE,Long,212,2020-11-05T21:00:00Z,116.973703,2020-11-06T21:00:00Z,117.625619,138.21,9.9278,-55.67,138.21,55.67,1.0,True,5538;5611
QCOM,Long,215,2020-11-05T21:00:00Z,128.185587,2020-11-06T21:00:00Z,128.634527,96.52,10.9929,-115.45,96.52,115.45,1.0,True,5583;5612
SBUX,Long,311,2020-11-05T21:00:00Z,79.213217,2020-11-06T21:00:00Z,78.759023,-141.25,9.8481,-141.25,0.0,141.25,1.0,False,5589;5613
ZM,Long,50,2020-11-05T21:00:00Z,497.99,2020-11-06T21:00:00Z,494.66,-166.5,5.0011,-166.5,106.0,272.5,1.0,False,5586;5614
T,Short,1683,2020-11-05T21:00:00Z,14.603044,2020-11-06T21:00:00Z,14.758796,-262.13,9.9338,-262.13,0.0,262.13,1.0,False,5580;5615
TMUS,Short,222,2020-11-05T21:00:00Z,111.414801,2020-11-06T21:00:00Z,120.062963,-1919.89,15.2444,-1919.89,0.0,1919.89,1.0,False,5542;5621
LLY,Long,175,2020-11-05T21:00:00Z,138.307427,2020-11-06T21:00:00Z,136.287312,-353.52,14.2641,-708.68,0.0,708.68,1.0,False,5544;5624
CVX,Short,439,2020-11-05T21:00:00Z,55.720183,2020-11-06T21:00:00Z,56.169789,-197.38,14.564,-197.38,248.42,445.8,1.0,False,5584;5625
SPY,Short,272,2020-11-05T21:00:00Z,322.144053,2020-11-06T21:00:00Z,322.780446,-173.1,17.5688,-220.76,0.0,220.76,1.0,False,5600;5634
ACN,Long,119,2020-11-05T21:00:00Z,209.35485,2020-11-09T21:00:00Z,215.302584,707.78,10.1248,0.0,731.27,23.49,4.0,True,5541;5635
AVGO,Long,755,2020-11-05T21:00:00Z,33.085051,2020-11-09T21:00:00Z,34.437905,1021.41,10.1325,0.0,1021.41,340.25,4.0,True,5540;5636
BMY,Long,466,2020-11-05T21:00:00Z,52.106454,2020-11-09T21:00:00Z,52.210683,48.57,9.552,-444.61,48.57,444.61,4.0,True,5582;5637
DUK,Short,325,2020-11-04T21:00:00Z,75.188581,2020-11-09T21:00:00Z,76.849421,-539.77,9.7133,-539.77,418.97,958.74,5.0,False,5522;5638
IBM,Long,283,2020-11-06T21:00:00Z,86.410267,2020-11-09T21:00:00Z,89.79619,958.22,9.8278,-221.0,958.22,221.0,3.0,True,5628;5639
INTC,Short,615,2020-10-29T20:00:00Z,39.634947,2020-11-09T21:00:00Z,42.138176,-1539.49,9.9403,-1539.49,0.0,1539.49,11.0417,False,5382;5640
LLY,Short,178,2020-11-06T21:00:00Z,136.287312,2020-11-09T21:00:00Z,133.900757,424.81,4.7608,0.0,454.91,30.1,3.0,True,5624;5641
MA,Short,79,2020-11-06T21:00:00Z,306.127712,2020-11-09T21:00:00Z,336.103,-2368.05,10.0753,-2368.05,0.0,2368.05,3.0,False,5617;5642
PG,Short,205,2020-10-29T20:00:00Z,118.580889,2020-11-09T21:00:00Z,126.090925,-1539.56,9.7527,-1539.56,54.86,1594.42,11.0417,False,5380;5643
SYK,Short,124,2020-11-05T21:00:00Z,198.90979,2020-11-09T21:00:00Z,218.459706,-2424.19,5.4757,-2713.92,0.0,2713.92,4.0,False,5597;5644
TXN,Long,184,2020-11-06T21:00:00Z,133.364239,2020-11-09T21:00:00Z,138.02273,857.16,9.8577,-14.13,857.16,14.13,3.0,True,5622;5645
ZTS,Long,151,2020-11-06T21:00:00Z,161.43343,2020-11-09T21:00:00Z,165.160989,562.86,9.5075,-895.46,562.86,895.46,3.0,True,5631;5646
CVX,Long,436,2020-11-06T21:00:00Z,56.169789,2020-11-09T21:00:00Z,62.014672,2548.37,10.7835,0.0,2548.37,0.0,3.0,True,5625;5649
SHOP,Short,235,2020-11-06T21:00:00Z,103.1,2020-11-09T21:00:00Z,98.768,1018.02,13.3418,0.0,3017.4,1999.38,3.0,True,5626;5650
LOW,Long,161,2020-11-05T21:00:00Z,154.090363,2020-11-09T21:00:00Z,152.752165,-215.45,13.7416,-2620.1,0.0,2620.1,4.0,False,5587;5651
INTU,Short,74,2020-11-05T21:00:00Z,336.91931,2020-11-09T21:00:00Z,351.349656,-1067.85,15.0143,-1067.85,0.0,1067.85,4.0,False,5593;5653
WFC,Long,1280,2020-11-05T21:00:00Z,19.193145,2020-11-09T21:00:00Z,21.069497,2401.73,15.8173,0.0,2626.19,224.46,4.0,True,5592;5654
C,Short,683,2020-11-04T21:00:00Z,35.0458,2020-11-09T21:00:00Z,38.62207,-2442.59,15.5176,-2895.65,0.0,2895.65,5.0,False,5515;5655
SPGI,Long,83,2020-10-29T20:00:00Z,294.450618,2020-11-09T21:00:00Z,331.125417,3044.01,9.9069,-349.34,3044.01,715.1,11.0417,True,5423;5657
MDLZ,Long,509,2020-11-06T21:00:00Z,48.166782,2020-11-09T21:00:00Z,49.580916,719.79,14.6707,0.0,719.79,0.0,3.0,True,5632;5660
SPY,Short,197,2020-11-05T21:00:00Z,322.144053,2020-11-09T21:00:00Z,336.052471,-2739.96,12.8843,-2739.96,0.0,2739.96,4.0,False,5600;5662
AMT,Long,120,2020-11-06T21:00:00Z,203.660575,2020-11-10T21:00:00Z,202.289009,-164.59,9.6422,-830.05,0.0,830.05,4.0,False,5627;5663
BA,Long,155,2020-11-06T21:00:00Z,156.33,2020-11-10T21:00:00Z,183.0,4133.85,10.7393,0.0,5015.8,881.95,4.0,True,5629;5664
MELI,Short,17,2020-11-06T21:00:00Z,1433.98,2020-11-10T21:00:00Z,1325.88,1837.7,9.2204,0.0,3535.15,1697.45,4.0,True,5633;5665
CSCO,Long,772,2020-11-06T21:00:00Z,31.943604,2020-11-10T21:00:00Z,32.547437,466.16,10.0126,0.0,761.61,295.45,4.0,True,5620;5666
CVX,Short,440,2020-11-09T21:00:00Z,62.014672,2020-11-10T21:00:00Z,63.557287,-678.75,5.6674,-1050.53,0.0,1050.53,1.0,False,5649;5667
DHR,Long,132,2020-11-05T21:00:00Z,188.845872,2020-11-10T21:00:00Z,178.35146,-1385.26,9.4073,-2157.66,0.0,2157.66,5.0,False,5581;5668
FDX,Short,156,2020-11-05T21:00:00Z,159.449555,2020-11-10T21:00:00Z,153.671892,901.32,9.9079,-494.18,946.65,494.18,5.0,True,5555;5669
LIN,Long,116,2020-11-03T21:00:00Z,214.199744,2020-11-10T21:00:00Z,241.702092,3190.27,5.5974,0.0,3190.27,0.0,7.0,True,5482;5670
MDT,Long,280,2020-11-09T21:00:00Z,94.515612,2020-11-10T21:00:00Z,94.248265,-74.86,10.6569,-74.86,334.52,409.38,1.0,False,5648;5671
EQIX,Short,35,2020-11-05T21:00:00Z,704.219588,2020-11-10T21:00:00Z,662.438864,1462.33,9.4087,-136.97,1972.75,510.43,5.0,True,5558;5672
MS,Long,566,2020-11-05T21:00:00Z,43.612,2020-11-10T21:00:00Z,47.629336,2273.81,10.2478,-142.41,2273.81,142.41,5.0,True,5591;5673
TMO,Long,48,2020-11-06T21:00:00Z,510.167906,2020-11-10T21:00:00Z,472.577726,-1804.33,9.4089,-2360.6,0.0,2360.6,4.0,False,5618;5674
TMUS,Long,220,2020-11-06T21:00:00Z,120.062963,2020-11-10T21:00:00Z,112.501728,-1663.47,5.0619,-1663.47,0.0,1663.47,4.0,False,5621;5675
UPS,Long,193,2020-11-06T21:00:00Z,126.693588,2020-11-10T21:00:00Z,126.384824,-59.59,9.9038,-135.57,86.41,146.0,4.0,False,5623;5676
V,Long,131,2020-11-05T21:00:00Z,190.404076,2020-11-10T21:00:00Z,202.92411,1640.12,5.3495,-52.66,1804.39,164.26,5.0,True,5578;5677
VZ,Long,603,2020-10-23T20:00:00Z,40.757865,2020-11-10T21:00:00Z,42.599909,1110.75,10.1338,-612.83,1425.68,638.36,18.0417,True,5288;5678
MCD,Short,129,2020-11-06T21:00:00Z,187.872566,2020-11-10T21:00:00Z,187.655121,28.05,14.4707,0.0,311.92,283.87,4.0,True,5619;5695
LOW,Short,160,2020-11-09T21:00:00Z,152.752165,2020-11-10T21:00:00Z,139.837206,2066.39,9.3697,0.0,2066.39,0.0,1.0,True,5651;5702
WFC,Short,1263,2020-11-09T21:00:00Z,21.069497,2020-11-10T21:00:00Z,21.323769,-321.15,10.1934,-321.15,0.0,321.15,1.0,False,5654;5707
NOW,Long,238,2020-11-05T21:00:00Z,104.662,2020-11-10T21:00:00Z,99.106,-1322.33,14.2772,-2000.63,565.01,2565.64,5.0,False,5590;5709
AXP,Short,272,2020-11-04T21:00:00Z,88.086075,2020-11-10T21:00:00Z,110.718328,-6155.97,10.6764,-6155.97,0.0,6155.97,6.0,False,5520;5710
MMM,Long,265,2020-11-03T21:00:00Z,93.710311,2020-11-10T21:00:00Z,93.897891,49.71,15.0921,-717.01,623.62,717.01,7.0,True,5485;5711
CVS,Long,487,2020-11-05T21:00:00Z,50.991584,2020-11-10T21:00:00Z,56.925089,2889.62,15.6977,0.0,3589.76,700.15,5.0,True,5596;5712
BKNG,Short,385,2020-10-30T20:00:00Z,63.329755,2020-11-10T21:00:00Z,81.257126,-6902.04,15.5178,-7483.46,250.47,7733.94,11.0417,False,5463;5714
TGT,Long,178,2020-11-09T21:00:00Z,137.61921,2020-11-10T21:00:00Z,132.473463,-915.94,14.3303,-915.94,0.0,915.94,1.0,False,5659;5717
BDX,Short,145,2020-11-10T21:00:00Z,166.732778,2020-11-12T21:00:00Z,168.019381,-186.56,9.639,-212.64,83.25,269.81,2.0,False,5720;5723
CCI,Short,203,2020-11-03T21:00:00Z,121.70388,2020-11-12T21:00:00Z,124.37578,-542.4,10.0581,-946.5,56.85,1003.35,9.0,False,5493;5724
COST,Short,72,2020-11-10T21:00:00Z,334.141917,2020-11-12T21:00:00Z,346.029658,-855.92,9.8127,-855.92,0.0,855.92,2.0,False,5694;5725
UTX,Short,426,2020-11-10T21:00:00Z,57.996664,2020-11-12T21:00:00Z,56.3717,692.23,9.874,0.0,692.23,0.0,2.0,True,5708;5726
MRK,Long,380,2020-11-10T21:00:00Z,64.722707,2020-11-12T21:00:00Z,63.749255,-369.91,9.6821,-580.43,0.0,580.43,2.0,False,5690;5730
NVDA,Short,1676,2020-11-09T21:00:00Z,14.456866,2020-11-12T21:00:00Z,13.405887,1761.44,9.0301,0.0,2944.07,1182.63,3.0,True,5647;5731
NOW,Short,241,2020-11-10T21:00:00Z,99.106,2020-11-12T21:00:00Z,104.09,-1201.14,4.9143,-1201.14,0.0,1201.14,2.0,False,5709;5732
UNH,Short,76,2020-11-10T21:00:00Z,314.76013,2020-11-12T21:00:00Z,316.480328,-130.74,14.5453,-336.76,0.0,336.76,2.0,False,5685;5734
MA,Long,72,2020-11-10T21:00:00Z,329.582842,2020-11-12T21:00:00Z,318.799876,-776.37,13.9577,-830.08,0.0,830.08,2.0,False,5684;5735
MCD,Long,130,2020-11-10T21:00:00Z,187.655121,2020-11-12T21:00:00Z,189.229424,204.66,9.5257,-303.03,256.67,559.7,2.0,True,5695;5739
AXP,Long,220,2020-11-10T21:00:00Z,110.718328,2020-11-12T21:00:00Z,102.790488,-1744.12,9.4006,-1744.12,0.0,1744.12,2.0,False,5710;5745
CVS,Short,432,2020-11-10T21:00:00Z,56.925089,2020-11-12T21:00:00Z,57.340601,-179.5,9.803,-362.59,0.0,362.59,2.0,False,5712;5746
FIS,Long,210,2020-11-09T21:00:00Z,122.317367,2020-11-12T21:00:00Z,124.454482,448.79,15.0885,0.0,530.56,385.2,3.0,True,5658;5748
ISRG,Short,100,2020-11-06T21:00:00Z,243.136642,2020-11-12T21:00:00Z,248.056642,-492.0,14.6706,-1468.0,0.0,1468.0,6.0,False,5630;5749
BKNG,Long,293,2020-11-10T21:00:00Z,81.257126,2020-11-12T21:00:00Z,77.170415,-1197.41,9.2191,-1335.71,0.0,1335.71,2.0,False,5714;5751
ACN,Long,112,2020-11-10T21:00:00Z,214.055623,2020-11-12T21:00:00Z,217.096772,340.61,9.5825,-46.22,415.96,462.18,2.0,True,5696;5755
BLK,Long,41,2020-11-10T21:00:00Z,573.971515,2020-11-12T21:00:00Z,578.04359,166.96,9.4007,-45.57,339.96,385.53,2.0,True,5706;5756
SCHW,Short,624,2020-11-04T21:00:00Z,37.210511,2020-11-12T21:00:00Z,42.114742,-3060.24,5.1772,-3546.04,0.0,3546.04,8.0,False,5521;5757
DIS,Long,175,2020-11-10T21:00:00Z,135.719457,2020-11-12T21:00:00Z,132.238725,-609.13,9.4152,-773.71,0.0,773.71,2.0,False,5687;5758
HON,Short,140,2020-11-10T21:00:00Z,174.24319,2020-11-12T21:00:00Z,173.89815,48.31,9.8164,-51.52,87.74,51.52,2.0,True,5699;5759
IBM,Long,275,2020-11-10T21:00:00Z,88.821138,2020-11-12T21:00:00Z,88.082232,-203.2,9.7372,-439.92,125.69,565.61,2.0,False,5704;5760
INTU,Long,71,2020-11-09T21:00:00Z,351.349656,2020-11-12T21:00:00Z,338.887521,-884.81,4.765,-1614.88,0.0,1614.88,3.0,False,5653;5761
LLY,Long,181,2020-11-10T21:00:00Z,138.683263,2020-11-12T21:00:00Z,134.985422,-669.31,9.8044,-994.09,0.0,994.09,2.0,False,5700;5762
T,Long,1595,2020-11-10T21:00:00Z,15.333465,2020-11-12T21:00:00Z,15.306611,-42.83,9.8119,-102.8,154.19,256.99,2.0,False,5691;5763
JPM,Short,239,2020-11-10T21:00:00Z,101.622401,2020-11-12T21:00:00Z,97.52633,978.96,14.2677,0.0,978.96,0.0,2.0,True,5683;5765
AVGO,Short,727,2020-11-10T21:00:00Z,32.851739,2020-11-12T21:00:00Z,33.464737,-445.65,14.2144,-445.65,7.74,453.39,2.0,False,5697;5770
PM,Long,443,2020-11-05T21:00:00Z,55.554988,2020-11-12T21:00:00Z,57.365224,801.93,14.7097,-569.89,1020.33,569.89,7.0,True,5588;5773
SBUX,Short,289,2020-11-10T21:00:00Z,82.315982,2020-11-12T21:00:00Z,83.140897,-238.4,14.2523,-314.49,68.48,314.49,2.0,False,5703;5774
AMD,Long,282,2020-11-09T21:00:00Z,84.38,2020-11-12T21:00:00Z,81.3,-868.56,14.165,-1801.98,0.0,1801.98,3.0,False,5652;5778
MMM,Short,261,2020-11-10T21:00:00Z,93.897891,2020-11-12T21:00:00Z,95.580425,-439.14,9.7188,-596.4,0.0,596.4,2.0,False,5711;5779
CAT,Long,174,2020-11-05T21:00:00Z,143.005489,2020-11-12T21:00:00Z,152.585583,1666.94,10.1191,0.0,2212.62,545.69,7.0,True,5594;5780
SPY,Short,154,2020-11-05T21:00:00Z,322.144053,2020-11-12T21:00:00Z,327.945376,-893.4,15.6369,-2141.9,0.0,2141.9,7.0,False,5600;5781
SPY,Short,86,2020-11-10T21:00:00Z,326.054642,2020-11-12T21:00:00Z,327.945376,-162.6,19.0043,-859.81,336.31,249.85,2.0,False,5721;5781
C,Long,689,2020-11-09T21:00:00Z,38.62207,2020-11-13T21:00:00Z,40.113556,1027.63,5.5254,0.0,1175.25,371.88,4.0,True,5655;5782
CAT,Short,157,2020-11-12T21:00:00Z,152.585583,2020-11-13T21:00:00Z,153.914143,-208.58,4.8729,-408.65,0.0,408.65,1.0,False,5780;5783
NEE,Short,374,2020-11-10T21:00:00Z,66.502173,2020-11-13T21:00:00Z,66.004993,185.95,9.8218,0.0,291.74,166.71,3.0,True,5698;5784
SPGI,Short,76,2020-11-09T21:00:00Z,331.125417,2020-11-13T21:00:00Z,308.794979,1697.11,4.674,0.0,2261.68,606.26,4.0,True,5657;5785
MCD,Short,127,2020-11-12T21:00:00Z,189.229424,2020-11-13T21:00:00Z,185.767698,439.64,9.4979,0.0,472.78,33.14,1.0,True,5739;5792
AVGO,Long,724,2020-11-12T21:00:00Z,33.464737,2020-11-13T21:00:00Z,33.26691,-143.23,9.6552,-239.57,0.0,239.57,1.0,False,5770;5795
UTX,Long,418,2020-11-12T21:00:00Z,56.3717,2020-11-13T21:00:00Z,57.139082,320.77,14.5676,0.0,825.88,505.11,1.0,True,5777;5803
BKNG,Short,308,2020-11-12T21:00:00Z,77.170415,2020-11-16T21:00:00Z,82.752865,-1719.39,5.0777,-1719.39,0.0,1719.39,4.0,False,5751;5808
BLK,Long,42,2020-11-13T21:00:00Z,573.042492,2020-11-16T21:00:00Z,592.578031,820.49,9.8182,0.0,820.49,0.0,3.0,True,5801;5809
COST,Long,69,2020-11-13T21:00:00Z,345.63493,2020-11-16T21:00:00Z,345.99294,24.7,9.6103,0.0,207.12,182.42,3.0,True,5790;5810
CVX,Short,385,2020-11-13T21:00:00Z,62.774352,2020-11-16T21:00:00Z,66.999101,-1626.53,10.2665,-2384.58,0.0,2384.58,3.0,False,5794;5811
INTU,Short,71,2020-11-13T21:00:00Z,337.802604,2020-11-16T21:00:00Z,342.315088,-320.39,9.7344,-355.83,0.0,355.83,3.0,False,5804;5812
LLY,Long,180,2020-11-13T21:00:00Z,134.513214,2020-11-16T21:00:00Z,135.108196,107.1,9.6238,-297.49,107.1,297.49,3.0,True,5798;5813
MDT,Short,263,2020-11-13T21:00:00Z,92.326707,2020-11-16T21:00:00Z,95.342718,-793.21,9.849,-793.21,0.0,793.21,3.0,False,5796;5814
UPS,Long,190,2020-11-13T21:00:00Z,127.520528,2020-11-16T21:00:00Z,126.712846,-153.46,9.7978,-153.46,602.03,755.49,3.0,False,5797;5815
MCD,Long,129,2020-11-13T21:00:00Z,185.767698,2020-11-16T21:00:00Z,187.437676,215.43,9.6893,0.0,353.44,138.01,3.0,True,5792;5817
PM,Short,417,2020-11-12T21:00:00Z,57.365224,2020-11-16T21:00:00Z,59.745492,-992.57,10.0061,-1336.28,0.0,1336.28,4.0,False,5773;5821
ZM,Long,58,2020-11-10T21:00:00Z,412.51,2020-11-16T21:00:00Z,381.38,-1805.54,13.7018,-1805.54,935.54,2741.08,6.0,False,5701;5822
UTX,Short,426,2020-11-13T21:00:00Z,57.139082,2020-11-16T21:00:00Z,59.591176,-1044.59,10.1138,-1457.92,0.0,1457.92,3.0,False,5803;5824
NOW,Long,236,2020-11-13T21:00:00Z,102.0,2020-11-16T21:00:00Z,99.498,-590.47,14.2586,-590.47,0.0,590.47,3.0,False,5802;5825
MMM,Long,251,2020-11-12T21:00:00Z,95.580425,2020-11-16T21:00:00Z,98.121278,637.75,9.8431,0.0,814.67,176.92,4.0,True,5779;5826
AMD,Short,297,2020-11-12T21:00:00Z,81.3,2020-11-16T21:00:00Z,81.0,89.1,9.8801,-721.71,89.1,721.71,4.0,True,5778;5827
SPY,Short,87,2020-11-10T21:00:00Z,326.054642,2020-11-16T21:00:00Z,333.045744,-608.23,5.8186,-869.81,340.22,751.05,6.0,False,5721;5830
ADP,Short,170,2020-11-05T21:00:00Z,144.532126,2020-11-17T21:00:00Z,152.690143,-1386.86,10.0525,-1690.93,0.0,1690.93,12.0,False,5556;5831
AVGO,Short,733,2020-11-13T21:00:00Z,33.26691,2020-11-17T21:00:00Z,33.591595,-237.99,4.9498,-377.8,0.0,377.8,4.0,False,5795;5832
SHOP,Long,232,2020-11-09T21:00:00Z,98.768,2020-11-17T21:00:00Z,92.5,-1454.18,4.2411,-2364.54,0.0,2364.54,8.0,False,5650;5833
DUK,Short,321,2020-11-10T21:00:00Z,75.702651,2020-11-17T21:00:00Z,75.326604,120.71,9.6974,-403.66,474.56,403.66,7.0,True,5719;5834
UTX,Long,409,2020-11-16T21:00:00Z,59.591176,2020-11-17T21:00:00Z,59.776407,75.76,4.9691,0.0,472.59,396.83,1.0,True,5824;5835
LIN,Short,102,2020-11-13T21:00:00Z,237.245736,2020-11-17T21:00:00Z,233.673285,364.39,9.5643,0.0,519.35,154.96,4.0,True,5799;5836
NKE,Long,210,2020-11-13T21:00:00Z,115.814741,2020-11-17T21:00:00Z,118.186992,498.17,9.906,0.0,817.61,319.44,4.0,True,5789;5837
PLD,Short,273,2020-11-05T21:00:00Z,90.105536,2020-11-17T21:00:00Z,86.668521,938.31,9.6864,0.0,1634.54,1058.19,12.0,True,5552;5838
TXN,Long,178,2020-11-16T21:00:00Z,133.987078,2020-11-17T21:00:00Z,134.285699,53.15,9.5317,-233.88,53.15,233.88,1.0,True,5819;5839
JPM,Long,242,2020-11-12T21:00:00Z,97.52633,2020-11-17T21:00:00Z,99.925086,580.5,9.5521,0.0,980.77,400.27,5.0,True,5765;5840
PG,Short,196,2020-11-13T21:00:00Z,122.758886,2020-11-17T21:00:00Z,122.482655,54.14,14.4107,-37.22,55.83,37.22,4.0,True,5786;5841
SBUX,Long,289,2020-11-12T21:00:00Z,83.140897,2020-11-17T21:00:00Z,85.308492,626.44,9.7777,0.0,978.96,352.53,5.0,True,5774;5849
ZM,Short,59,2020-11-16T21:00:00Z,381.38,2020-11-17T21:00:00Z,406.29,-1469.69,9.4785,-1469.69,0.0,1469.69,1.0,False,5822;5850
AMD,Long,293,2020-11-16T21:00:00Z,81.0,2020-11-17T21:00:00Z,84.0,879.0,9.6031,0.0,879.0,0.0,1.0,True,5827;5854
NOW,Short,235,2020-11-16T21:00:00Z,99.498,2020-11-17T21:00:00Z,101.0,-352.97,9.6668,-733.67,0.0,733.67,1.0,False,5825;5855
CVS,Long,418,2020-11-12T21:00:00Z,57.340601,2020-11-17T21:00:00Z,56.758885,-243.16,8.9941,-646.1,1552.73,2198.84,5.0,False,5746;5856
CAT,Short,154,2020-11-16T21:00:00Z,158.16192,2020-11-17T21:00:00Z,155.269816,445.38,14.2985,0.0,445.38,0.0,1.0,True,5828;5857
SPY,Short,118,2020-11-10T21:00:00Z,326.054642,2020-11-17T21:00:00Z,332.003535,-701.97,13.8363,-1179.74,461.45,1018.67,7.0,False,5721;5861
AXP,Short,232,2020-11-12T21:00:00Z,102.790488,2020-11-18T21:00:00Z,109.258183,-1500.51,4.9593,-1921.78,0.0,1921.78,6.0,False,5745;5862
C,Short,571,2020-11-17T21:00:00Z,41.069426,2020-11-18T21:00:00Z,42.099458,-588.15,9.5788,-588.15,0.0,588.15,1.0,False,5852;5863
GILD,Short,509,2020-11-05T21:00:00Z,48.372641,2020-11-18T21:00:00Z,48.909759,-273.39,9.8364,-306.04,526.38,832.42,13.0,False,5598;5864
INTU,Short,69,2020-11-17T21:00:00Z,340.817327,2020-11-18T21:00:00Z,342.027057,-83.47,9.4533,-83.47,15.9,99.37,1.0,False,5858;5865
ZM,Long,59,2020-11-17T21:00:00Z,406.29,2020-11-18T21:00:00Z,398.9,-436.01,4.8975,-436.01,516.25,952.26,1.0,False,5850;5866
T,Long,1577,2020-11-13T21:00:00Z,15.344207,2020-11-18T21:00:00Z,15.602002,406.54,9.7452,0.0,406.54,347.26,5.0,True,5788;5867
MA,Short,74,2020-11-12T21:00:00Z,318.799876,2020-11-18T21:00:00Z,326.036961,-535.54,9.5036,-535.54,0.0,535.54,6.0,False,5735;5868
UNH,Long,76,2020-11-12T21:00:00Z,316.480328,2020-11-18T21:00:00Z,318.308601,138.95,9.3083,-471.6,370.99,842.59,6.0,True,5734;5869
BA,Long,127,2020-11-16T21:00:00Z,195.0,2020-11-18T21:00:00Z,222.34,3472.18,14.8587,0.0,3472.18,857.25,2.0,True,5823;5871
SBUX,Short,276,2020-11-17T21:00:00Z,85.308492,2020-11-18T21:00:00Z,86.55464,-343.94,9.4343,-343.94,0.0,343.94,1.0,False,5849;5872
LMT,Long,78,2020-11-10T21:00:00Z,310.316758,2020-11-18T21:00:00Z,320.935543,828.27,14.681,0.0,832.91,102.12,8.0,True,5705;5875
CVS,Short,388,2020-11-17T21:00:00Z,56.758885,2020-11-18T21:00:00Z,56.094066,257.95,8.9545,0.0,628.75,370.8,1.0,True,5856;5876
SYK,Long,109,2020-11-10T21:00:00Z,219.524352,2020-11-18T21:00:00Z,217.988624,-167.39,14.2124,-798.97,285.49,798.97,8.0,False,5713;5877
CAT,Long,151,2020-11-17T21:00:00Z,155.269816,2020-11-19T21:00:00Z,155.902464,95.53,4.7192,0.0,150.12,54.59,2.0,True,5857;5879
COST,Short,68,2020-11-17T21:00:00Z,355.549031,2020-11-19T21:00:00Z,352.143354,231.59,9.5563,0.0,317.73,86.14,2.0,True,5843;5880
CSX,Short,828,2020-11-17T21:00:00Z,28.27686,2020-11-19T21:00:00Z,27.978139,247.34,9.3939,0.0,247.34,94.35,2.0,True,5860;5881
TSLA,Long,172,2020-11-10T21:00:00Z,139.999986,2020-11-19T21:00:00Z,163.989984,4126.28,10.4304,-682.84,4544.81,682.84,9.0,True,5682;5882
FDX,Short,155,2020-11-13T21:00:00Z,155.770219,2020-11-19T21:00:00Z,163.954273,-1268.53,9.9421,-1537.01,0.0,1537.01,6.0,False,5807;5883
LOW,Long,175,2020-11-10T21:00:00Z,139.837206,2020-11-19T21:00:00Z,133.236028,-1155.21,4.7022,-1409.82,979.17,2389.0,9.0,False,5702;5884
MDT,Short,254,2020-11-17T21:00:00Z,92.351771,2020-11-19T21:00:00Z,91.633275,182.5,9.3855,-97.62,227.06,324.68,2.0,True,5846;5885
MO,Short,1065,2020-11-03T21:00:00Z,23.246914,2020-11-19T21:00:00Z,25.317105,-2204.75,10.4426,-3209.37,0.0,3209.37,16.0,False,5494;5886
ORCL,Long,464,2020-11-10T21:00:00Z,52.283951,2020-11-19T21:00:00Z,51.530607,-349.55,9.6434,-349.55,123.62,473.17,9.0,False,5692;5887
TJX,Short,432,2020-11-10T21:00:00Z,56.86774,2020-11-19T21:00:00Z,55.864896,433.23,9.8418,-186.81,957.87,1144.68,9.0,True,5718;5888
XOM,Short,776,2020-11-17T21:00:00Z,30.318801,2020-11-19T21:00:00Z,29.533588,609.32,9.4582,0.0,609.32,118.13,2.0,True,5844;5889
SBUX,Long,273,2020-11-18T21:00:00Z,86.55464,2020-11-19T21:00:00Z,85.334819,-333.01,9.437,-333.01,0.0,333.01,1.0,False,5872;5899
BA,Short,112,2020-11-18T21:00:00Z,222.34,2020-11-19T21:00:00Z,200.0,2502.08,9.4197,0.0,2502.08,0.0,1.0,True,5871;5900
AMT,Long,117,2020-11-17T21:00:00Z,202.348275,2020-11-19T21:00:00Z,200.731182,-189.2,14.2262,-189.2,0.0,189.2,2.0,False,5851;5903
IBM,Long,276,2020-11-13T21:00:00Z,87.762293,2020-11-19T21:00:00Z,88.775433,279.63,14.6074,0.0,662.27,382.65,6.0,True,5800;5904
NOW,Long,236,2020-11-17T21:00:00Z,101.0,2020-11-19T21:00:00Z,101.64,151.04,9.6694,0.0,440.38,289.34,2.0,True,5855;5905
MMM,Short,247,2020-11-16T21:00:00Z,98.121278,2020-11-19T21:00:00Z,97.611271,125.97,9.6581,-158.65,171.29,228.0,3.0,True,5826;5906
UBER,Short,596,2020-11-05T21:00:00Z,40.33,2020-11-19T21:00:00Z,49.1,-5226.92,15.6516,-5322.28,0.0,5322.28,14.0,False,5599;5908
ISRG,Long,98,2020-11-12T21:00:00Z,248.056642,2020-11-19T21:00:00Z,243.586642,-438.06,9.5413,-438.06,457.99,896.05,7.0,False,5749;5909
SPY,Long,90,2020-11-17T21:00:00Z,332.003535,2020-11-19T21:00:00Z,328.04683,-356.1,18.6771,-356.1,0.0,356.1,2.0,False,5861;5913
SBUX,Short,277,2020-11-19T21:00:00Z,85.334819,2020-11-23T21:00:00Z,85.562987,-63.2,4.71,-63.2,87.51,150.71,4.0,False,5899;5920
SYK,Short,108,2020-11-18T21:00:00Z,217.988624,2020-11-23T21:00:00Z,219.948326,-211.65,4.7419,-223.86,0.0,223.86,5.0,False,5877;5921
ZM,Long,57,2020-11-19T21:00:00Z,409.88,2020-11-23T21:00:00Z,432.01,1261.41,14.2751,0.0,1694.04,531.24,4.0,True,5898;5930
MS,Long,483,2020-11-19T21:00:00Z,49.122208,2020-11-23T21:00:00Z,49.206077,40.51,14.6304,-307.87,696.75,656.24,4.0,True,5901;5931
LMT,Short,74,2020-11-18T21:00:00Z,320.935543,2020-11-23T21:00:00Z,315.876955,374.34,9.4692,0.0,595.79,221.46,5.0,True,5875;5932
AMD,Short,283,2020-11-17T21:00:00Z,84.0,2020-11-23T21:00:00Z,85.5,-424.5,9.6571,-435.82,413.18,849.0,6.0,False,5854;5933
BLK,Long,40,2020-11-17T21:00:00Z,587.333824,2020-11-23T21:00:00Z,587.698488,14.59,14.2413,-228.18,222.62,228.18,6.0,True,5853;5934
SPY,Short,193,2020-11-19T21:00:00Z,328.04683,2020-11-23T21:00:00Z,329.494855,-279.47,16.8141,-316.85,62.3,379.15,4.0,False,5913;5936
AMGN,Long,119,2020-11-17T21:00:00Z,196.750231,2020-11-23T21:00:00Z,185.983847,-1281.2,9.0593,-1281.2,0.0,1281.2,6.0,False,5847;5937
ANTM,Short,81,2020-11-10T21:00:00Z,299.086765,2020-11-23T21:00:00Z,284.875399,1151.12,9.5872,-757.41,1307.1,757.41,13.0,True,5715;5938
AXP,Long,222,2020-11-19T21:00:00Z,106.300452,2020-11-23T21:00:00Z,106.936926,141.3,9.5654,-195.32,523.63,382.33,4.0,True,5907;5939
BA,Long,117,2020-11-19T21:00:00Z,200.0,2020-11-23T21:00:00Z,203.24,379.08,4.9498,-44.46,1349.01,969.93,4.0,True,5900;5940
CI,Short,129,2020-11-05T21:00:00Z,187.566058,2020-11-23T21:00:00Z,185.802847,227.45,9.7736,-1463.37,815.82,2279.18,18.0,True,5559;5941
CL,Short,364,2020-10-29T20:00:00Z,66.841527,2020-11-23T21:00:00Z,74.271274,-2704.43,10.2463,-2977.73,0.0,2977.73,25.0417,False,5399;5942
UTX,Long,388,2020-11-19T21:00:00Z,60.552609,2020-11-23T21:00:00Z,62.466654,742.65,9.8392,0.0,1365.52,622.87,4.0,True,5902;5943
SQ,Short,142,2020-11-05T21:00:00Z,177.1,2020-11-23T21:00:00Z,200.07,-3261.74,10.8869,-4356.56,724.2,5080.76,18.0,False,5557;5944
GS,Short,148,2020-10-29T20:00:00Z,165.210347,2020-11-23T21:00:00Z,196.772661,-4671.22,10.7897,-5028.07,97.91,5125.98,25.0417,False,5429;5945
MRK,Long,374,2020-11-17T21:00:00Z,64.152881,2020-11-23T21:00:00Z,63.717598,-162.8,9.5771,-245.67,0.0,245.67,6.0,False,5842;5946
NEE,Short,361,2020-11-16T21:00:00Z,66.862201,2020-11-23T21:00:00Z,65.130641,625.09,9.4271,0.0,1061.42,436.33,7.0,True,5818;5947
NFLX,Long,515,2020-11-10T21:00:00Z,47.033,2020-11-23T21:00:00Z,49.046,1036.7,9.8557,0.0,1052.14,728.21,13.0,True,5689;5948
NKE,Long,199,2020-11-19T21:00:00Z,119.119594,2020-11-23T21:00:00Z,121.555226,484.69,9.5871,0.0,484.69,0.0,4.0,True,5891;5949
PLD,Short,278,2020-11-19T21:00:00Z,85.308915,2020-11-23T21:00:00Z,84.413771,248.85,9.3694,0.0,342.76,93.91,4.0,True,5911;5950
TMUS,Short,200,2020-11-13T21:00:00Z,120.34651,2020-11-23T21:00:00Z,122.747202,-480.14,9.6825,-480.14,0.0,480.14,10.0,False,5793;5951
WFC,Long,1141,2020-11-10T21:00:00Z,21.323769,2020-11-23T21:00:00Z,22.76172,1640.7,5.2623,-510.22,1980.85,690.3,13.0,True,5707;5952
NVDA,Short,1800,2020-11-13T21:00:00Z,13.555565,2020-11-23T21:00:00Z,13.097331,824.82,14.2823,0.0,970.72,145.9,10.0,True,5787;5953
MA,Long,72,2020-11-18T21:00:00Z,326.036961,2020-11-23T21:00:00Z,316.03874,-719.87,9.5219,-943.79,0.0,943.79,5.0,False,5868;5954
PM,Long,409,2020-11-16T21:00:00Z,59.745492,2020-11-23T21:00:00Z,58.574616,-478.89,9.6099,-478.89,258.35,737.24,7.0,False,5821;5959
EL,Short,110,2020-11-09T21:00:00Z,228.843191,2020-11-23T21:00:00Z,221.967876,756.28,14.5848,-947.38,937.27,1111.17,14.0,True,5656;5961
UBER,Long,485,2020-11-19T21:00:00Z,49.1,2020-11-23T21:00:00Z,48.69,-198.85,9.8078,-324.95,455.9,654.75,4.0,False,5908;5962
CCI,Short,190,2020-11-13T21:00:00Z,126.790329,2020-11-24T21:00:00Z,127.009834,-41.71,9.5567,-451.57,468.83,752.14,11.0,False,5806;5966
DHR,Short,135,2020-11-17T21:00:00Z,174.878819,2020-11-24T21:00:00Z,170.075254,648.48,9.2442,0.0,1070.82,422.34,7.0,True,5845;5967
FISV,Short,235,2020-11-09T21:00:00Z,109.95,2020-11-24T21:00:00Z,113.83,-911.8,10.5271,-1158.55,998.75,2157.3,15.0,False,5661;5968
MO,Short,948,2020-11-23T21:00:00Z,25.285451,2020-11-24T21:00:00Z,25.79192,-480.13,9.7455,-630.17,0.0,630.17,1.0,False,5963;5969
QCOM,Short,190,2020-11-13T21:00:00Z,128.211995,2020-11-24T21:00:00Z,126.407433,342.87,9.707,-572.0,342.87,572.0,11.0,True,5791;5970
SBUX,Long,281,2020-11-23T21:00:00Z,85.562987,2020-11-24T21:00:00Z,85.571763,2.47,9.6262,0.0,197.28,194.81,1.0,True,5960;5971
T,Long,1576,2020-11-23T21:00:00Z,15.247533,2020-11-24T21:00:00Z,15.537553,457.07,9.7932,0.0,702.54,245.46,1.0,True,5925;5972
TMO,Long,53,2020-11-19T21:00:00Z,451.485513,2020-11-24T21:00:00Z,437.092832,-762.81,9.3087,-1009.96,0.0,1009.96,5.0,False,5894;5973
XOM,Short,810,2020-11-23T21:00:00Z,30.04638,2020-11-24T21:00:00Z,32.458103,-1953.5,10.5586,-2914.02,0.0,2914.02,1.0,False,5955;5974
ZTS,Short,155,2020-11-10T21:00:00Z,156.293917,2020-11-24T21:00:00Z,154.740767,240.74,9.4434,-39.39,726.59,485.85,14.0,True,5716;5975
MA,Short,76,2020-11-23T21:00:00Z,316.03874,2020-11-24T21:00:00Z,326.68607,-809.2,9.8851,-1191.34,0.0,1191.34,1.0,False,5954;5977
NVDA,Long,1843,2020-11-23T21:00:00Z,13.097331,2020-11-24T21:00:00Z,13.070727,-49.03,9.4384,-387.67,0.0,387.67,1.0,False,5953;5978
CVX,Short,359,2020-11-19T21:00:00Z,65.715628,2020-11-24T21:00:00Z,73.553993,-2813.97,15.2191,-3406.98,0.0,3406.98,5.0,False,5895;5982
CSCO,Long,679,2020-11-16T21:00:00Z,35.498564,2020-11-24T21:00:00Z,35.719685,150.14,14.6975,-444.65,502.4,525.5,8.0,True,5816;5983
ZM,Short,54,2020-11-23T21:00:00Z,432.01,2020-11-24T21:00:00Z,420.32,631.26,9.3206,0.0,631.26,0.0,1.0,True,5930;5990
PM,Short,405,2020-11-23T21:00:00Z,58.574616,2020-11-24T21:00:00Z,59.344929,-311.98,9.7001,-617.71,0.0,617.71,1.0,False,5959;5993
UBER,Short,495,2020-11-23T21:00:00Z,48.69,2020-11-24T21:00:00Z,50.62,-955.35,9.9444,-1272.15,0.0,1272.15,1.0,False,5962;5994
CVS,Long,424,2020-11-18T21:00:00Z,56.094066,2020-11-24T21:00:00Z,55.89462,-84.56,9.6901,-507.39,327.69,507.39,6.0,False,5876;5996
EL,Long,108,2020-11-23T21:00:00Z,221.967876,2020-11-24T21:00:00Z,221.545062,-45.66,9.7154,-45.66,428.84,474.51,1.0,False,5961;5997
SPY,Long,62,2020-11-23T21:00:00Z,329.494855,2020-11-24T21:00:00Z,332.307897,174.41,24.9241,0.0,341.38,166.97,1.0,True,5936;6000
SPY,Long,40,2020-11-23T21:00:00Z,329.494855,2020-11-24T21:00:00Z,332.307897,112.52,2.6375,0.0,220.25,107.73,1.0,True,5965;6000
ABBV,Long,316,2020-11-10T21:00:00Z,77.179847,2020-11-25T21:00:00Z,83.417901,1971.23,10.3164,0.0,2080.46,175.28,15.0,True,5693;6001
AVGO,Short,705,2020-11-23T21:00:00Z,34.186851,2020-11-25T21:00:00Z,34.849528,-467.19,9.7294,-467.19,0.0,467.19,2.0,False,5956;6002
SHOP,Long,242,2020-11-24T21:00:00Z,97.8,2020-11-25T21:00:00Z,97.642,-38.24,9.6353,-38.24,1004.78,1043.02,1.0,False,5991;6003
TSLA,Short,146,2020-11-23T21:00:00Z,167.83665,2020-11-25T21:00:00Z,183.386648,-2270.3,10.6663,-3430.51,0.0,3430.51,2.0,False,5923;6004
FIS,Short,194,2020-11-12T21:00:00Z,124.454482,2020-11-25T21:00:00Z,128.38262,-762.06,4.9675,-852.7,0.0,852.7,13.0,False,5748;6005
UBER,Long,475,2020-11-24T21:00:00Z,50.62,2020-11-25T21:00:00Z,51.0,180.5,4.826,0.0,180.5,0.0,1.0,True,5994;6006
GILD,Short,487,2020-11-19T21:00:00Z,48.500908,2020-11-25T21:00:00Z,48.212308,140.55,9.38,0.0,390.41,249.86,6.0,True,5910;6007
MDLZ,Short,504,2020-11-09T21:00:00Z,49.580916,2020-11-25T21:00:00Z,50.012054,-217.29,4.9969,-512.81,178.18,690.99,16.0,False,5660;6008
MDT,Short,260,2020-11-23T21:00:00Z,93.371032,2020-11-25T21:00:00Z,95.041952,-434.44,9.7436,-499.61,0.0,499.61,2.0,False,5926;6009
SPGI,Short,77,2020-11-16T21:00:00Z,306.681546,2020-11-25T21:00:00Z,302.209922,344.32,9.3947,0.0,424.8,265.75,9.0,True,5829;6010
TJX,Short,429,2020-11-23T21:00:00Z,56.242112,2020-11-25T21:00:00Z,58.330606,-895.96,9.8359,-1266.98,0.0,1266.98,2.0,False,5964;6011
TMUS,Short,196,2020-11-24T21:00:00Z,120.138576,2020-11-25T21:00:00Z,121.726435,-311.22,9.5145,-311.22,0.0,311.22,1.0,False,5986;6012
WMT,Short,517,2020-11-23T21:00:00Z,46.366535,2020-11-25T21:00:00Z,46.637882,-140.29,9.653,-232.75,0.0,232.75,2.0,False,5924;6013
BA,Short,112,2020-11-24T21:00:00Z,220.05,2020-11-25T21:00:00Z,217.71,262.08,14.469,0.0,273.28,11.2,1.0,True,5992;6014
PM,Long,402,2020-11-24T21:00:00Z,59.344929,2020-11-25T21:00:00Z,59.93807,238.44,9.4175,-46.45,238.44,46.45,1.0,True,5993;6015
AMD,Long,283,2020-11-23T21:00:00Z,85.5,2020-11-25T21:00:00Z,85.81,87.73,9.7115,-121.69,342.43,254.7,2.0,True,5933;6019
NOW,Short,234,2020-11-19T21:00:00Z,101.64,2020-11-25T21:00:00Z,103.8,-505.44,9.616,-650.99,0.0,650.99,6.0,False,5905;6020
SCHW,Short,580,2020-11-13T21:00:00Z,41.827175,2020-11-25T21:00:00Z,45.537725,-2152.12,15.0198,-2528.74,0.0,2528.74,12.0,False,5805;6022
CI,Short,125,2020-11-25T21:00:00Z,188.852482,2020-11-27T18:00:00Z,186.468549,297.99,9.4348,-289.0,297.99,289.0,1.875,True,6025;6027
CL,Short,322,2020-11-24T21:00:00Z,74.166506,2020-11-27T18:00:00Z,74.166506,0.0,9.5363,0.0,56.23,56.23,2.875,False,5999;6028
CSCO,Short,671,2020-11-24T21:00:00Z,35.719685,2020-11-27T18:00:00Z,36.408565,-462.24,4.8735,-462.24,0.0,462.24,2.875,False,5983;6029
CVX,Long,331,2020-11-24T21:00:00Z,73.553993,2020-11-27T18:00:00Z,71.85496,-562.38,4.7594,-562.38,0.0,562.38,2.875,False,5982;6030
DE,Short,112,2020-11-05T21:00:00Z,221.413456,2020-11-27T18:00:00Z,240.263282,-2111.18,10.5709,-2457.67,0.0,2457.67,21.875,False,5553;6031
INTU,Short,71,2020-11-25T21:00:00Z,331.926775,2020-11-27T18:00:00Z,339.809219,-559.65,9.6076,-580.79,0.0,580.79,1.875,False,6021;6032
JPM,Short,233,2020-11-17T21:00:00Z,99.925086,2020-11-27T18:00:00Z,105.649194,-1333.72,4.8918,-1600.06,165.45,1765.51,9.875,False,5840;6033
MCD,Short,128,2020-11-16T21:00:00Z,187.437676,2020-11-27T18:00:00Z,190.499303,-391.89,4.8614,-468.71,156.98,625.69,10.875,False,5817;6034
PYPL,Long,132,2020-11-03T21:00:00Z,176.175312,2020-11-27T18:00:00Z,210.848639,4576.88,10.2138,0.0,4741.36,2767.54,23.875,True,5477;6035
UPS,Long,188,2020-11-23T21:00:00Z,128.452468,2020-11-27T18:00:00Z,132.622902,784.04,9.7942,0.0,1064.37,567.96,3.875,True,5958;6036
ZTS,Short,155,2020-11-25T21:00:00Z,152.839336,2020-11-27T18:00:00Z,152.123946,110.89,9.3856,0.0,131.31,20.43,1.875,True,6024;6037
BA,Long,108,2020-11-25T21:00:00Z,217.71,2020-11-27T18:00:00Z,217.63,-8.64,9.3528,-130.68,0.0,130.68,1.875,False,6014;6042
PM,Short,393,2020-11-25T21:00:00Z,59.93807,2020-11-27T18:00:00Z,58.998288,369.33,9.2611,0.0,578.22,208.89,1.875,True,6015;6043
WFC,Long,942,2020-11-25T21:00:00Z,24.760824,2020-11-27T18:00:00Z,25.041399,264.3,14.1336,0.0,264.3,0.0,1.875,True,6016;6044
AMD,Short,277,2020-11-25T21:00:00Z,85.81,2020-11-27T18:00:00Z,88.0,-606.63,9.5735,-606.63,0.0,606.63,1.875,False,6019;6045
MMM,Long,244,2020-11-19T21:00:00Z,97.611271,2020-11-27T18:00:00Z,101.951461,1059.01,9.6539,0.0,1059.01,34.97,7.875,True,5906;6046
SYK,Long,108,2020-11-24T21:00:00Z,221.776125,2020-11-27T18:00:00Z,222.049353,29.51,14.3248,-256.42,29.51,256.42,2.875,True,5995;6048
AMGN,Long,127,2020-11-24T21:00:00Z,185.489899,2020-11-30T21:00:00Z,187.808941,294.52,9.4097,-132.91,345.55,294.52,6.0,True,5989;6052
GS,Short,114,2020-11-25T21:00:00Z,204.554434,2020-11-30T21:00:00Z,201.986623,292.73,9.2705,-39.69,438.6,145.87,5.0,True,6023;6053
PM,Long,399,2020-11-27T18:00:00Z,58.998288,2020-11-30T21:00:00Z,58.312709,-273.55,4.6564,-273.55,0.0,273.55,3.125,False,6043;6054
QCOM,Short,186,2020-11-27T18:00:00Z,128.071152,2020-11-30T21:00:00Z,127.402143,124.44,9.5291,-275.07,124.44,275.07,3.125,True,6041;6055
AMAT,Short,305,2020-11-27T18:00:00Z,78.066726,2020-11-30T21:00:00Z,78.248033,-55.3,9.6126,-195.0,0.0,195.0,3.125,False,6049;6056
TMO,Short,53,2020-11-27T18:00:00Z,446.12392,2020-11-30T21:00:00Z,449.655685,-187.18,9.5769,-599.61,0.0,599.61,3.125,False,6039;6057
WFC,Short,944,2020-11-27T18:00:00Z,25.041399,2020-11-30T21:00:00Z,24.927415,107.6,9.1004,0.0,960.13,852.53,3.125,True,6044;6060
BKNG,Short,288,2020-11-17T21:00:00Z,81.108256,2020-12-01T21:00:00Z,79.991922,321.5,9.304,-311.38,934.13,1245.5,14.0,True,5859;6065
C,Short,507,2020-11-30T21:00:00Z,46.227825,2020-12-01T21:00:00Z,46.540955,-158.76,9.2363,-158.76,267.38,426.14,1.0,False,6061;6066
MELI,Short,15,2020-11-27T18:00:00Z,1485.86,2020-12-01T21:00:00Z,1566.18,-1204.8,9.1053,-1204.8,0.0,1204.8,4.125,False,6050;6067
CRM,Long,95,2020-11-10T21:00:00Z,254.128631,2020-12-01T21:00:00Z,240.410513,-1303.22,9.1171,-1643.48,528.56,2172.04,21.0,False,5688;6068
CVX,Short,329,2020-11-30T21:00:00Z,70.887455,2020-12-01T21:00:00Z,70.352574,175.98,9.04,0.0,688.38,512.4,1.0,True,6058;6069
LIN,Long,102,2020-11-24T21:00:00Z,233.369442,2020-12-01T21:00:00Z,240.118428,688.4,9.6695,-11.27,688.4,93.91,7.0,True,5988;6070
ORCL,Short,461,2020-11-24T21:00:00Z,51.99915,2020-12-01T21:00:00Z,53.469091,-677.64,9.8529,-910.58,0.0,910.58,7.0,False,5984;6071
SBUX,Short,273,2020-11-25T21:00:00Z,86.440556,2020-12-01T21:00:00Z,86.879341,-119.79,9.4403,-119.79,115.0,234.78,6.0,False,6017;6072
UPS,Long,180,2020-11-30T21:00:00Z,131.690962,2020-12-01T21:00:00Z,134.665405,535.4,9.4823,-225.06,535.4,225.06,1.0,True,6059;6073
WFC,Long,950,2020-11-30T21:00:00Z,24.927415,2020-12-01T21:00:00Z,24.681912,-233.23,4.6729,-316.52,0.0,316.52,1.0,False,6060;6074
XOM,Short,723,2020-11-27T18:00:00Z,32.610338,2020-12-01T21:00:00Z,31.288297,955.84,9.1204,0.0,1494.58,538.74,4.125,True,6040;6075
AMD,Long,272,2020-11-27T18:00:00Z,88.0,2020-12-01T21:00:00Z,92.26,1158.72,9.8003,0.0,1267.52,108.8,4.125,True,6045;6080
BLK,Short,41,2020-11-23T21:00:00Z,587.698488,2020-12-01T21:00:00Z,616.168281,-1167.26,9.9359,-1365.19,0.0,1365.19,8.0,False,5934;6081
LMT,Long,76,2020-11-23T21:00:00Z,315.876955,2020-12-01T21:00:00Z,315.457926,-31.85,9.4991,-258.93,448.42,707.35,8.0,False,5932;6082
MMM,Short,232,2020-11-27T18:00:00Z,101.951461,2020-12-01T21:00:00Z,99.979169,457.57,9.2291,0.0,971.01,513.44,4.125,True,6046;6083
CVS,Short,428,2020-11-24T21:00:00Z,55.89462,2020-12-01T21:00:00Z,56.833677,-401.92,9.5529,-401.92,0.0,401.92,7.0,False,5996;6084
EL,Short,107,2020-11-24T21:00:00Z,221.545062,2020-12-01T21:00:00Z,230.505448,-958.76,9.6535,-958.76,0.0,958.76,7.0,False,5997;6085
SCHW,Long,511,2020-11-25T21:00:00Z,45.537725,2020-12-01T21:00:00Z,46.483915,483.5,9.6327,-146.95,483.5,436.1,6.0,True,6022;6086
UBER,Long,465,2020-11-27T18:00:00Z,50.91,2020-12-01T21:00:00Z,50.1,-376.65,14.097,-595.2,0.0,595.2,4.125,False,6047;6087
SPY,Short,96,2020-11-24T21:00:00Z,332.307897,2020-12-01T21:00:00Z,337.196134,-469.27,6.4816,-506.46,0.0,506.46,7.0,False,6000;6091
CL,Short,319,2020-12-01T21:00:00Z,74.873686,2020-12-02T21:00:00Z,75.144334,-86.34,9.5806,-86.34,5.57,91.91,1.0,False,6090;6092
COST,Short,67,2020-11-24T21:00:00Z,352.216792,2020-12-02T21:00:00Z,363.119486,-730.48,9.5672,-862.39,0.0,862.39,8.0,False,5985;6093
FB,Long,89,2020-11-24T21:00:00Z,265.457538,2020-12-02T21:00:00Z,282.672657,1532.15,9.9517,0.0,1720.8,188.65,8.0,True,5976;6094
DE,Short,97,2020-11-30T21:00:00Z,244.27665,2020-12-02T21:00:00Z,237.021,703.8,9.3831,0.0,703.8,348.75,2.0,True,6062;6095
INTC,Long,584,2020-11-19T21:00:00Z,40.592236,2020-12-02T21:00:00Z,44.461607,2259.71,10.0863,0.0,2639.85,380.14,13.0,True,5893;6096
KO,Long,610,2020-10-30T20:00:00Z,40.035582,2020-12-02T21:00:00Z,43.725319,2250.74,10.2753,0.0,3151.68,1009.05,33.0417,True,5451;6097
MCD,Short,125,2020-12-01T21:00:00Z,191.509056,2020-12-02T21:00:00Z,187.2393,533.72,9.3401,0.0,877.14,343.42,1.0,True,6077;6098
MMM,Long,240,2020-12-01T21:00:00Z,99.979169,2020-12-02T21:00:00Z,97.617005,-566.92,4.7302,-566.92,0.0,566.92,1.0,False,6083;6099
MO,Short,927,2020-11-30T21:00:00Z,25.481707,2020-12-02T21:00:00Z,25.627317,-134.98,9.3723,-134.98,134.98,269.96,2.0,False,6063;6100
MRK,Long,374,2020-11-24T21:00:00Z,63.3298,2020-12-02T21:00:00Z,64.857249,571.27,9.5896,-38.48,571.27,53.28,8.0,True,5981;6101
MS,Short,494,2020-11-23T21:00:00Z,49.206077,2020-12-02T21:00:00Z,52.812454,-1781.55,5.3049,-2216.58,0.0,2216.58,9.0,False,5931;6102
PFE,Long,911,2020-10-26T20:00:00Z,26.519917,2020-12-02T21:00:00Z,30.154375,3310.99,10.3798,-1673.33,3534.99,1673.33,37.0417,True,5318;6103
SPGI,Short,75,2020-12-01T21:00:00Z,317.853433,2020-12-02T21:00:00Z,305.138575,953.61,9.0239,0.0,1314.51,360.9,1.0,True,6088;6104
ABBV,Long,282,2020-11-27T18:00:00Z,84.390588,2020-12-02T21:00:00Z,83.602792,-222.16,14.3259,-222.16,2.27,224.43,5.125,False,6038;6108
BA,Short,108,2020-11-27T18:00:00Z,217.63,2020-12-02T21:00:00Z,213.01,498.96,9.8046,-671.76,747.36,1419.12,5.125,True,6042;6114
PM,Long,409,2020-12-01T21:00:00Z,58.559209,2020-12-02T21:00:00Z,59.42196,352.87,14.5962,0.0,645.87,293.0,1.0,True,6079;6115
BLK,Long,39,2020-12-01T21:00:00Z,616.168281,2020-12-02T21:00:00Z,620.796033,180.48,9.6052,0.0,294.26,113.77,1.0,True,6081;6117
UTX,Short,360,2020-11-25T21:00:00Z,64.874645,2020-12-02T21:00:00Z,62.793011,749.39,14.0661,-114.31,749.39,225.45,7.0,True,6018;6118
TGT,Short,185,2020-11-10T21:00:00Z,132.473463,2020-12-02T21:00:00Z,150.792233,-3388.97,10.2232,-3667.91,0.0,3667.91,22.0,False,5717;6120
CVS,Long,423,2020-12-01T21:00:00Z,56.833677,2020-12-02T21:00:00Z,56.160548,-284.73,9.8022,-284.73,435.89,720.62,1.0,False,6084;6121
ACN,Short,109,2020-11-23T21:00:00Z,219.527897,2020-12-03T21:00:00Z,224.273525,-517.27,9.7026,-739.24,0.0,739.24,10.0,False,5957;6126
AMT,Short,118,2020-11-19T21:00:00Z,200.731182,2020-12-03T21:00:00Z,194.322075,756.27,4.5201,0.0,1085.96,776.26,14.0,True,5903;6127
BA,Long,111,2020-12-02T21:00:00Z,213.01,2020-12-03T21:00:00Z,228.31,1698.3,5.2658,0.0,2685.09,986.79,1.0,True,6114;6128
MELI,Short,15,2020-12-02T21:00:00Z,1517.54,2020-12-03T21:00:00Z,1537.3,-296.4,9.2496,-642.0,0.0,642.0,1.0,False,6123;6129
CRM,Long,100,2020-12-02T21:00:00Z,221.629055,2020-12-03T21:00:00Z,221.776245,14.72,8.6695,-479.84,14.72,479.84,1.0,True,6105;6130
DHR,Short,138,2020-12-01T21:00:00Z,172.874784,2020-12-03T21:00:00Z,171.811575,146.72,9.465,0.0,281.83,135.11,2.0,True,6078;6131
UBER,Short,480,2020-12-01T21:00:00Z,50.1,2020-12-03T21:00:00Z,53.27,-1521.6,5.0419,-1521.6,0.0,1521.6,2.0,False,6087;6132
MU,Short,364,2020-12-02T21:00:00Z,65.938784,2020-12-03T21:00:00Z,68.96171,-1100.34,9.8683,-1100.34,0.0,1100.34,1.0,False,6124;6133
NFLX,Long,498,2020-11-24T21:00:00Z,47.884,2020-12-03T21:00:00Z,50.299,1202.67,9.7648,0.0,1281.85,351.59,9.0,True,5980;6134
NVDA,Short,1819,2020-11-24T21:00:00Z,13.070727,2020-12-03T21:00:00Z,13.509331,-797.82,4.8483,-797.82,0.0,797.82,9.0,False,5978;6135
PG,Long,193,2020-11-17T21:00:00Z,122.482655,2020-12-03T21:00:00Z,119.116087,-649.75,4.5762,-758.04,0.0,758.04,16.0,False,5841;6136
NOW,Long,229,2020-11-25T21:00:00Z,103.8,2020-12-03T21:00:00Z,105.558,402.58,4.8112,0.0,943.02,657.23,8.0,True,6020;6137
ZM,Long,55,2020-11-24T21:00:00Z,420.32,2020-12-03T21:00:00Z,412.95,-405.35,4.5489,-770.55,3192.2,3962.75,9.0,False,5990;6138
T,Long,1537,2020-12-02T21:00:00Z,15.489217,2020-12-03T21:00:00Z,15.591261,156.84,9.6301,0.0,330.19,173.35,1.0,True,6106;6139
PLD,Short,282,2020-11-24T21:00:00Z,84.768451,2020-12-03T21:00:00Z,82.133687,743.0,9.3309,-78.59,781.11,404.84,9.0,True,5998;6140
CVS,Short,424,2020-12-02T21:00:00Z,56.160548,2020-12-03T21:00:00Z,57.930627,-750.51,10.0403,-1740.63,0.0,1740.63,1.0,False,6121;6149
EL,Long,105,2020-12-01T21:00:00Z,230.505448,2020-12-03T21:00:00Z,225.107582,-566.78,9.4511,-566.78,0.0,566.78,2.0,False,6085;6151
TGT,Long,157,2020-12-02T21:00:00Z,150.792233,2020-12-03T21:00:00Z,149.479302,-206.13,9.3334,-414.92,0.0,414.92,1.0,False,6120;6152
SPY,Short,174,2020-11-24T21:00:00Z,332.307897,2020-12-03T21:00:00Z,338.173781,-1020.66,18.2629,-1041.53,0.0,1041.53,9.0,False,6000;6156
SPY,Short,96,2020-11-27T18:00:00Z,335.57287,2020-12-03T21:00:00Z,338.173781,-249.69,7.7146,-261.2,313.44,418.8,6.125,False,6051;6156
AXP,Short,207,2020-12-03T21:00:00Z,114.986445,2020-12-04T21:00:00Z,116.390431,-290.63,9.6162,-426.25,0.0,426.25,1.0,False,6148;6157
C,Long,503,2020-12-03T21:00:00Z,47.282577,2020-12-04T21:00:00Z,47.463863,91.19,9.5497,0.0,513.96,422.77,1.0,True,6146;6158
CVS,Long,409,2020-12-03T21:00:00Z,57.930627,2020-12-04T21:00:00Z,60.432007,1023.06,5.0643,0.0,1628.07,605.0,1.0,True,6149;6159
SQ,Long,117,2020-12-03T21:00:00Z,207.0,2020-12-04T21:00:00Z,206.28,-84.24,9.6801,-84.24,134.55,218.79,1.0,False,6150;6160
INTC,Long,525,2020-12-03T21:00:00Z,45.13061,2020-12-04T21:00:00Z,46.188359,555.32,9.775,0.0,980.11,424.79,1.0,True,6143;6161
JPM,Long,233,2020-12-01T21:00:00Z,104.211672,2020-12-04T21:00:00Z,106.064863,431.79,9.769,0.0,431.79,161.42,3.0,True,6076;6162
KO,Long,539,2020-12-03T21:00:00Z,43.801275,2020-12-04T21:00:00Z,44.543955,400.3,9.701,0.0,887.04,486.73,1.0,True,6141;6163
LIN,Long,100,2020-12-02T21:00:00Z,237.07792,2020-12-04T21:00:00Z,226.246621,-1083.13,9.2717,-1083.13,0.0,1083.13,2.0,False,6112;6164
LMT,Short,76,2020-12-01T21:00:00Z,315.457926,2020-12-04T21:00:00Z,310.877635,348.1,4.7708,0.0,469.12,348.1,3.0,True,6082;6165
LOW,Short,173,2020-12-02T21:00:00Z,136.810543,2020-12-04T21:00:00Z,136.289634,90.12,9.3784,0.0,362.02,271.91,2.0,True,6116;6166
V,Short,119,2020-11-19T21:00:00Z,198.666771,2020-12-04T21:00:00Z,201.034591,-281.77,9.5882,-620.58,383.3,1003.88,15.0,False,5890;6167
XOM,Short,772,2020-12-02T21:00:00Z,30.751468,2020-12-04T21:00:00Z,32.666424,-1478.35,10.0985,-2047.42,0.0,2047.42,2.0,False,6109;6168
UTX,Long,379,2020-12-02T21:00:00Z,62.793011,2020-12-04T21:00:00Z,64.724697,732.11,9.7136,0.0,909.29,177.18,2.0,True,6118;6175
BLK,Short,38,2020-12-02T21:00:00Z,620.796033,2020-12-04T21:00:00Z,622.570172,-67.42,9.2083,-133.74,262.53,329.95,2.0,False,6117;6176
CAT,Long,152,2020-12-02T21:00:00Z,156.589339,2020-12-04T21:00:00Z,158.9934,365.42,14.7236,0.0,1229.51,864.09,2.0,True,6119;6179
SCHW,Short,527,2020-12-01T21:00:00Z,46.483915,2020-12-04T21:00:00Z,47.764055,-674.63,9.7155,-674.63,0.0,674.63,3.0,False,6086;6181
AVGO,Short,662,2020-12-03T21:00:00Z,35.883907,2020-12-08T21:00:00Z,37.195067,-867.99,9.669,-1110.53,0.0,1110.53,5.0,False,6144;6183
BA,Long,99,2020-12-04T21:00:00Z,236.5,2020-12-08T21:00:00Z,238.5,198.0,9.2917,0.0,198.0,158.4,4.0,True,6173;6184
IBM,Short,267,2020-11-19T21:00:00Z,88.775433,2020-12-08T21:00:00Z,95.46368,-1785.76,5.1136,-2168.13,0.0,2168.13,19.0,False,5904;6188
MA,Long,73,2020-11-24T21:00:00Z,326.68607,2020-12-08T21:00:00Z,327.732396,76.38,4.8204,-145.69,505.68,437.07,14.0,True,5977;6189
MS,Short,441,2020-12-03T21:00:00Z,53.75179,2020-12-08T21:00:00Z,53.2318,229.32,9.4678,-340.27,229.32,340.27,5.0,True,6147;6193
TMO,Long,51,2020-12-02T21:00:00Z,468.74099,2020-12-08T21:00:00Z,465.219062,-179.62,9.5616,-179.62,36.63,216.24,6.0,False,6107;6195
ABBV,Short,285,2020-12-02T21:00:00Z,83.602792,2020-12-08T21:00:00Z,84.969376,-389.48,9.7304,-845.39,0.0,845.39,6.0,False,6108;6201
SPY,Short,19,2020-11-27T18:00:00Z,335.57287,2020-12-08T21:00:00Z,339.105313,-67.12,12.1542,-110.93,62.03,142.12,11.125,False,6051;6215
SPY,Short,68,2020-11-30T21:00:00Z,334.650561,2020-12-08T21:00:00Z,339.105313,-302.92,4.5415,-459.72,159.3,459.72,8.0,False,6064;6215
SPY,Short,91,2020-12-02T21:00:00Z,336.458287,2020-12-08T21:00:00Z,339.105313,-240.88,6.1569,-450.7,377.69,450.7,6.0,False,6125;6215
AMGN,Long,126,2020-12-02T21:00:00Z,188.436841,2020-12-08T21:00:00Z,191.727035,414.56,9.6099,0.0,435.66,291.14,6.0,True,6113;6216
CAT,Short,150,2020-12-04T21:00:00Z,158.9934,2020-12-08T21:00:00Z,160.565981,-235.89,4.849,-395.86,0.0,395.86,4.0,False,6179;6217
CI,Short,126,2020-12-01T21:00:00Z,192.091033,2020-12-08T21:00:00Z,194.726853,-332.11,9.6614,-582.62,172.29,754.91,7.0,False,6089;6218
CL,Short,316,2020-12-03T21:00:00Z,74.664151,2020-12-08T21:00:00Z,73.747437,289.68,9.4,0.0,289.68,99.32,5.0,True,6155;6219
INTU,Long,67,2020-12-04T21:00:00Z,350.581574,2020-12-08T21:00:00Z,357.54232,466.37,9.5357,0.0,478.59,12.22,4.0,True,6178;6220
MCD,Short,128,2020-12-03T21:00:00Z,184.561953,2020-12-08T21:00:00Z,180.983407,458.05,9.4052,0.0,458.05,0.0,5.0,True,6145;6221
MMM,Short,240,2020-12-04T21:00:00Z,98.620351,2020-12-08T21:00:00Z,97.318868,312.36,9.4907,-61.92,312.36,321.99,4.0,True,6177;6222
MO,Short,936,2020-12-03T21:00:00Z,25.469046,2020-12-08T21:00:00Z,26.209756,-693.31,9.794,-1185.14,0.0,1185.14,5.0,False,6154;6223
MRK,Long,367,2020-12-04T21:00:00Z,64.406137,2020-12-08T21:00:00Z,65.023448,226.55,9.5919,0.0,522.82,296.26,4.0,True,6171;6224
MSFT,Long,116,2020-11-10T21:00:00Z,203.932633,2020-12-08T21:00:00Z,204.113754,21.01,9.4339,-416.99,307.78,724.77,28.0,True,5680;6225
PFE,Long,793,2020-12-04T21:00:00Z,29.75947,2020-12-08T21:00:00Z,30.839871,856.76,9.7966,0.0,1542.16,685.41,4.0,True,6170;6226
PM,Short,401,2020-12-02T21:00:00Z,59.42196,2020-12-08T21:00:00Z,62.611057,-1278.83,5.1054,-1698.93,0.0,1698.93,6.0,False,6115;6227
SYK,Short,107,2020-11-27T18:00:00Z,222.049353,2020-12-08T21:00:00Z,221.182561,92.75,4.7472,-394.17,471.8,865.97,11.125,True,6048;6228
AMD,Short,257,2020-12-01T21:00:00Z,92.26,2020-12-08T21:00:00Z,94.08,-467.74,4.7761,-467.74,0.0,467.74,7.0,False,6080;6229
WFC,Long,927,2020-12-04T21:00:00Z,25.865591,2020-12-08T21:00:00Z,25.514871,-325.12,9.5081,-455.16,0.0,455.16,4.0,False,6174;6230
LIN,Long,102,2020-12-08T21:00:00Z,229.296389,2020-12-08T21:00:00Z,229.296389,0.0,14.0969,0.0,0.0,0.0,0.0,False,6207;6235
BKNG,Short,297,2020-12-02T21:00:00Z,80.205264,2020-12-09T21:00:00Z,82.072983,-554.71,9.7145,-883.25,0.0,883.25,7.0,False,6122;6238
MELI,Short,14,2020-12-08T21:00:00Z,1580.0,2020-12-09T21:00:00Z,1619.88,-558.32,8.8268,-558.32,608.44,1166.76,1.0,False,6213;6239
CRM,Short,105,2020-12-08T21:00:00Z,224.160725,2020-12-09T21:00:00Z,223.728967,45.33,9.2406,0.0,810.87,765.54,1.0,True,6200;6240
UTX,Short,366,2020-12-04T21:00:00Z,64.724697,2020-12-09T21:00:00Z,65.686129,-351.88,4.7482,-355.11,109.76,464.87,5.0,False,6175;6241
EL,Short,104,2020-12-03T21:00:00Z,225.107582,2020-12-09T21:00:00Z,228.525002,-355.41,4.7257,-392.77,24.91,417.68,6.0,False,6151;6242
TSLA,Short,119,2020-12-04T21:00:00Z,197.103314,2020-12-09T21:00:00Z,217.869978,-2471.23,9.5479,-2471.23,0.0,2471.23,5.0,False,6169;6243
HD,Long,104,2020-11-10T21:00:00Z,234.406259,2020-12-09T21:00:00Z,229.098853,-551.97,9.7265,-792.59,679.39,1471.97,29.0,False,5686;6244
FISV,Short,201,2020-12-08T21:00:00Z,120.0,2020-12-09T21:00:00Z,115.22,960.78,9.3493,0.0,1089.42,128.64,1.0,True,6237;6245
ISRG,Short,97,2020-11-19T21:00:00Z,243.586642,2020-12-09T21:00:00Z,255.869974,-1191.48,4.8727,-1603.09,378.62,1981.71,20.0,False,5909;6246
NFLX,Long,457,2020-12-08T21:00:00Z,51.838,2020-12-09T21:00:00Z,51.053,-358.74,9.1972,-1132.45,0.0,1132.45,1.0,False,6231;6247
PG,Long,198,2020-12-08T21:00:00Z,118.278761,2020-12-09T21:00:00Z,118.926178,128.19,9.382,-104.26,128.19,104.26,1.0,True,6198;6248
PYPL,Long,109,2020-12-08T21:00:00Z,214.161692,2020-12-09T21:00:00Z,214.606729,48.51,9.2219,-619.84,48.51,619.84,1.0,True,6199;6249
QCOM,Short,168,2020-12-08T21:00:00Z,139.206245,2020-12-09T21:00:00Z,140.037274,-139.61,9.3517,-139.61,213.88,353.49,1.0,False,6203;6250
ZM,Short,57,2020-12-08T21:00:00Z,408.99,2020-12-09T21:00:00Z,406.52,140.79,9.0899,0.0,1346.91,1206.12,1.0,True,6209;6251
TGT,Short,158,2020-12-03T21:00:00Z,149.479302,2020-12-09T21:00:00Z,146.743323,432.28,4.6582,0.0,500.54,173.98,6.0,True,6152;6252
UNH,Short,74,2020-11-18T21:00:00Z,318.308601,2020-12-09T21:00:00Z,315.350262,218.92,9.2768,0.0,1348.92,1196.89,21.0,True,5869;6254
FIS,Long,186,2020-12-04T21:00:00Z,127.906744,2020-12-09T21:00:00Z,130.796607,537.51,14.1824,-9.66,539.12,548.78,5.0,True,6182;6263
UBER,Short,451,2020-12-04T21:00:00Z,52.71,2020-12-09T21:00:00Z,53.98,-572.77,14.5875,-572.77,0.0,572.77,5.0,False,6180;6264
ABT,Long,241,2020-11-19T21:00:00Z,98.666777,2020-12-10T21:00:00Z,95.939986,-657.16,9.4043,-795.51,192.39,987.9,21.0,False,5892;6268
ADBE,Long,50,2020-11-05T21:00:00Z,500.0,2020-12-10T21:00:00Z,483.33,-833.5,9.7334,-2400.0,0.0,2400.0,35.0,False,5536;6269
SHOP,Long,217,2020-12-08T21:00:00Z,109.0,2020-12-10T21:00:00Z,101.999,-1519.22,9.4155,-1519.22,0.0,1519.22,2.0,False,6234;6270
CVS,Short,385,2020-12-08T21:00:00Z,60.440317,2020-12-10T21:00:00Z,60.598212,-60.79,9.3468,-255.96,166.37,255.96,2.0,False,6236;6271
HON,Long,134,2020-11-19T21:00:00Z,177.181573,2020-12-10T21:00:00Z,185.077632,1058.07,9.7831,0.0,1341.17,647.58,21.0,True,5896;6272
IBM,Short,246,2020-12-09T21:00:00Z,95.829324,2020-12-10T21:00:00Z,96.248292,-103.07,9.4352,-103.07,157.41,260.48,1.0,False,6261;6273
INTC,Short,519,2020-12-08T21:00:00Z,45.049245,2020-12-10T21:00:00Z,44.895555,79.77,9.4733,-201.76,79.77,201.76,2.0,True,6232;6274
JNJ,Long,204,2020-11-06T21:00:00Z,119.819003,2020-12-10T21:00:00Z,131.324614,2347.14,10.2911,0.0,2396.23,1074.45,34.0,True,5616;6275
LOW,Short,172,2020-12-08T21:00:00Z,137.106923,2020-12-10T21:00:00Z,143.241079,-1055.07,9.6233,-1170.93,0.0,1170.93,2.0,False,6210;6276
NKE,Long,193,2020-12-03T21:00:00Z,122.234306,2020-12-10T21:00:00Z,125.456051,621.8,9.6048,0.0,768.88,269.66,7.0,True,6142;6277
SPGI,Short,78,2020-12-09T21:00:00Z,301.200664,2020-12-10T21:00:00Z,294.874774,493.42,9.1811,0.0,591.82,98.4,1.0,True,6266;6278
SYK,Short,106,2020-12-09T21:00:00Z,222.558122,2020-12-10T21:00:00Z,221.408681,121.84,9.4135,0.0,121.84,0.0,1.0,True,6265;6279
TMUS,Short,187,2020-12-08T21:00:00Z,125.535407,2020-12-10T21:00:00Z,123.560035,369.39,9.3218,0.0,399.44,30.05,2.0,True,6206;6280
TXN,Long,181,2020-11-19T21:00:00Z,130.64252,2020-12-10T21:00:00Z,138.35548,1396.05,9.861,0.0,2094.07,722.73,21.0,True,5897;6281
CSCO,Short,625,2020-12-08T21:00:00Z,37.582212,2020-12-10T21:00:00Z,37.930904,-217.93,14.1024,-265.77,0.0,265.77,2.0,False,6202;6284
LIN,Short,102,2020-12-08T21:00:00Z,229.296389,2020-12-10T21:00:00Z,231.837863,-259.23,9.4066,-285.62,0.0,285.62,2.0,False,6235;6288
BA,Long,99,2020-12-09T21:00:00Z,238.64,2020-12-10T21:00:00Z,228.1,-1043.46,13.972,-1043.46,0.0,1043.46,1.0,False,6259;6289
UBER,Long,445,2020-12-09T21:00:00Z,53.98,2020-12-10T21:00:00Z,52.33,-734.25,9.5982,-734.25,164.65,898.9,1.0,False,6264;6293
FIS,Short,180,2020-12-09T21:00:00Z,130.796607,2020-12-10T21:00:00Z,128.027876,498.37,9.2889,0.0,576.24,77.87,1.0,True,6263;6294
SPY,Short,310,2020-12-09T21:00:00Z,342.093594,2020-12-10T21:00:00Z,337.002449,1578.25,46.5485,0.0,1578.25,0.0,1.0,True,6267;6298
ADP,Short,157,2020-11-19T21:00:00Z,149.94172,2020-12-11T21:00:00Z,150.37975,-68.77,9.5367,-468.49,79.45,547.94,22.0,False,5912;6299
BMY,Long,485,2020-11-23T21:00:00Z,49.50073,2020-12-11T21:00:00Z,48.370247,-548.28,9.5378,-598.84,575.5,1174.34,18.0,False,5927;6300
CSCO,Long,620,2020-12-10T21:00:00Z,37.930904,2020-12-11T21:00:00Z,37.36109,-353.28,4.6739,-353.28,0.0,353.28,1.0,False,6284;6301
SQ,Short,110,2020-12-08T21:00:00Z,213.03,2020-12-11T21:00:00Z,217.71,-514.8,9.4512,-514.8,658.9,1173.7,3.0,False,6212;6302
ISRG,Short,93,2020-12-10T21:00:00Z,251.866641,2020-12-11T21:00:00Z,251.383308,44.95,9.412,-136.4,44.95,136.4,1.0,True,6295;6303
MA,Long,71,2020-12-09T21:00:00Z,329.795982,2020-12-11T21:00:00Z,316.891301,-916.23,9.1385,-916.23,0.0,916.23,2.0,False,6253;6304
MU,Short,338,2020-12-10T21:00:00Z,68.366876,2020-12-11T21:00:00Z,68.67892,-105.47,9.348,-138.43,0.0,138.43,1.0,False,6297;6305
ZM,Short,61,2020-12-10T21:00:00Z,381.79,2020-12-11T21:00:00Z,395.35,-827.16,9.6986,-928.42,0.0,928.42,1.0,False,6291;6306
VZ,Long,543,2020-12-09T21:00:00Z,43.369192,2020-12-11T21:00:00Z,42.41641,-517.36,9.3362,-517.36,0.0,517.36,2.0,False,6256;6307
BA,Short,101,2020-12-10T21:00:00Z,228.1,2020-12-11T21:00:00Z,232.82,-476.72,9.2132,-476.72,0.0,476.72,1.0,False,6289;6310
LIN,Long,101,2020-12-10T21:00:00Z,231.837863,2020-12-11T21:00:00Z,229.499707,-236.15,9.2656,-236.15,0.0,236.15,1.0,False,6288;6311
SPY,Long,68,2020-12-10T21:00:00Z,337.002449,2020-12-14T21:00:00Z,339.972284,201.95,17.8927,-45.78,201.95,102.86,4.0,True,6298;6320
SPY,Long,198,2020-12-11T21:00:00Z,336.578187,2020-12-14T21:00:00Z,339.972284,672.03,13.3785,-49.31,672.03,49.31,3.0,True,6319;6320
ABBV,Long,277,2020-12-08T21:00:00Z,84.969376,2020-12-14T21:00:00Z,86.360076,385.22,4.6365,-354.05,661.34,1015.39,6.0,True,6201;6321
SCHW,Long,500,2020-12-04T21:00:00Z,47.764055,2020-12-14T21:00:00Z,46.799312,-482.37,4.6233,-955.47,0.0,955.47,10.0,False,6181;6322
DIS,Short,167,2020-11-24T21:00:00Z,143.495354,2020-12-14T21:00:00Z,168.539171,-4182.32,10.386,-4488.34,148.96,4637.3,20.0,False,5979;6323
GILD,Short,480,2020-12-11T21:00:00Z,48.268424,2020-12-14T21:00:00Z,48.960673,-332.28,9.3335,-332.28,0.0,332.28,3.0,False,6318;6324
IBM,Short,244,2020-12-11T21:00:00Z,94.519098,2020-12-14T21:00:00Z,95.501768,-239.77,9.2117,-239.77,102.23,342.0,3.0,False,6313;6325
DE,Short,98,2020-12-11T21:00:00Z,233.592915,2020-12-14T21:00:00Z,239.687289,-597.25,9.259,-597.25,0.0,597.25,3.0,False,6317;6326
LIN,Short,100,2020-12-11T21:00:00Z,229.499707,2020-12-14T21:00:00Z,231.911797,-241.21,4.5765,-241.21,67.46,308.67,3.0,False,6311;6327
PFE,Long,756,2020-12-10T21:00:00Z,31.182619,2020-12-14T21:00:00Z,30.996343,-140.82,9.1187,-1487.11,0.0,1487.11,4.0,False,6283;6328
QCOM,Short,171,2020-12-10T21:00:00Z,136.801564,2020-12-14T21:00:00Z,128.570838,1407.45,9.1323,0.0,1581.31,303.86,4.0,True,6286;6329
SYK,Short,105,2020-12-11T21:00:00Z,220.466516,2020-12-14T21:00:00Z,220.334613,13.85,9.1636,0.0,301.73,287.88,3.0,True,6315;6330
UNP,Long,134,2020-11-16T21:00:00Z,181.031281,2020-12-14T21:00:00Z,180.79923,-31.09,9.5304,-889.14,258.44,1147.58,28.0,False,5820;6331
NVDA,Short,1776,2020-12-09T21:00:00Z,13.232518,2020-12-14T21:00:00Z,13.010671,394.0,14.0306,-13.25,581.28,594.54,5.0,True,6255;6333
UNH,Long,75,2020-12-09T21:00:00Z,315.350262,2020-12-14T21:00:00Z,307.341998,-600.62,9.1753,-865.0,0.0,865.0,5.0,False,6254;6334
BA,Long,99,2020-12-11T21:00:00Z,232.82,2020-12-14T21:00:00Z,235.0,215.82,9.1448,-415.8,215.82,415.8,3.0,True,6310;6339
AMGN,Long,122,2020-12-10T21:00:00Z,192.237726,2020-12-15T21:00:00Z,191.727035,-62.3,9.37,-226.75,92.95,226.75,5.0,False,6287;6342
BA,Short,101,2020-12-14T21:00:00Z,235.0,2020-12-15T21:00:00Z,230.0,505.0,4.6359,0.0,555.5,50.5,1.0,True,6339;6343
BKNG,Short,286,2020-12-10T21:00:00Z,81.85886,2020-12-15T21:00:00Z,81.203595,187.41,9.3936,-34.2,323.85,358.05,5.0,True,6296;6344
BLK,Long,37,2020-12-04T21:00:00Z,622.570172,2020-12-15T21:00:00Z,603.459008,-707.11,4.5086,-952.5,16.14,968.65,11.0,False,6176;6345
CI,Short,123,2020-12-14T21:00:00Z,190.498745,2020-12-15T21:00:00Z,185.577948,605.26,9.0437,0.0,691.57,86.31,1.0,True,6341;6346
CVS,Short,387,2020-12-11T21:00:00Z,59.83367,2020-12-15T21:00:00Z,58.238106,617.48,9.0995,0.0,733.26,115.78,4.0,True,6314;6347
CVX,Short,330,2020-12-08T21:00:00Z,71.060504,2020-12-15T21:00:00Z,70.336842,238.81,9.3904,-778.72,249.19,778.72,7.0,True,6233;6348
FIS,Long,184,2020-12-10T21:00:00Z,128.027876,2020-12-15T21:00:00Z,125.817311,-406.74,4.6307,-542.39,32.1,574.49,5.0,False,6294;6349
UBER,Short,438,2020-12-10T21:00:00Z,52.33,2020-12-15T21:00:00Z,52.12,91.98,4.4676,-131.4,582.54,490.56,5.0,True,6293;6350
SNAP,Short,436,2020-12-14T21:00:00Z,53.62,2020-12-15T21:00:00Z,51.79,797.88,8.9772,0.0,989.72,191.84,1.0,True,6340;6351
INTU,Short,67,2020-12-10T21:00:00Z,346.817971,2020-12-15T21:00:00Z,351.224843,-295.26,9.3008,-295.26,51.46,346.72,5.0,False,6292;6352
KO,Long,525,2020-12-09T21:00:00Z,45.041889,2020-12-15T21:00:00Z,45.446988,212.68,9.4969,-141.78,212.68,141.78,6.0,True,6257;6353
MS,Short,440,2020-12-09T21:00:00Z,54.263392,2020-12-15T21:00:00Z,52.409882,815.54,9.4714,0.0,1040.65,767.57,6.0,True,6260;6354
PYPL,Long,109,2020-12-11T21:00:00Z,211.293676,2020-12-15T21:00:00Z,219.294452,872.08,9.3926,0.0,872.08,0.0,4.0,True,6308;6355
TMO,Short,51,2020-12-10T21:00:00Z,455.538681,2020-12-15T21:00:00Z,462.38517,-349.17,9.4319,-418.44,0.0,418.44,5.0,False,6285;6356
AAPL,Long,215,2020-11-10T21:00:00Z,112.025955,2020-12-16T21:00:00Z,123.573723,2482.77,10.1637,-352.3,2572.41,1344.57,36.0,True,5679;6368
ADBE,Long,48,2020-12-14T21:00:00Z,475.61,2020-12-16T21:00:00Z,485.0,450.72,9.3727,0.0,685.92,235.2,2.0,True,6335;6369
AVGO,Short,628,2020-12-09T21:00:00Z,37.253616,2020-12-16T21:00:00Z,37.081516,108.08,9.3719,-276.33,786.64,1062.97,7.0,True,6258;6370
AXP,Short,213,2020-12-15T21:00:00Z,111.186323,2020-12-16T21:00:00Z,111.448401,-55.82,9.4942,-55.82,0.0,55.82,1.0,False,6362;6371
SCHW,Short,506,2020-12-15T21:00:00Z,46.641613,2020-12-16T21:00:00Z,47.365171,-366.12,9.644,-657.14,0.0,657.14,1.0,False,6363;6372
CSCO,Long,617,2020-12-14T21:00:00Z,37.76081,2020-12-16T21:00:00Z,38.024456,162.67,9.3362,0.0,167.92,5.25,2.0,True,6336;6373
UTX,Short,363,2020-12-10T21:00:00Z,64.363057,2020-12-16T21:00:00Z,62.757729,582.73,9.1925,0.0,768.44,185.71,6.0,True,6290;6374
EL,Short,102,2020-12-15T21:00:00Z,230.339643,2020-12-16T21:00:00Z,231.702927,-139.05,9.5662,-809.9,0.0,809.9,1.0,False,6364;6375
DE,Short,99,2020-12-15T21:00:00Z,238.135825,2020-12-16T21:00:00Z,243.254728,-506.77,9.6224,-506.77,0.0,506.77,1.0,False,6365;6376
LLY,Long,178,2020-11-17T21:00:00Z,131.812183,2020-12-16T21:00:00Z,160.550771,5115.47,10.5302,0.0,5451.68,561.47,29.0,True,5848;6377
MDLZ,Long,472,2020-12-11T21:00:00Z,48.994568,2020-12-16T21:00:00Z,49.529179,252.34,9.3283,0.0,256.41,101.75,5.0,True,6316;6378
MDT,Long,254,2020-12-02T21:00:00Z,93.604961,2020-12-16T21:00:00Z,95.693611,530.52,9.7008,-182.5,621.77,566.59,14.0,True,6110;6379
ORCL,Short,429,2020-12-08T21:00:00Z,54.249997,2020-12-16T21:00:00Z,56.89589,-1135.09,9.6017,-1470.1,0.0,1470.1,8.0,False,6204;6380
PM,Long,355,2020-12-14T21:00:00Z,66.077466,2020-12-16T21:00:00Z,64.9297,-407.46,9.2993,-407.46,0.0,407.46,2.0,False,6338;6381
UNP,Long,134,2020-12-15T21:00:00Z,175.109343,2020-12-16T21:00:00Z,176.897341,239.59,9.422,0.0,239.59,0.0,1.0,True,6359;6382
ZTS,Short,158,2020-12-03T21:00:00Z,149.271798,2020-12-16T21:00:00Z,152.829923,-562.18,9.4491,-562.18,93.7,655.88,13.0,False,6153;6383
AMGN,Long,121,2020-12-16T21:00:00Z,192.54749,2020-12-17T21:00:00Z,191.819127,-88.13,9.3132,-88.13,126.63,214.76,1.0,False,6385;6395
BMY,Long,477,2020-12-14T21:00:00Z,48.891392,2020-12-17T21:00:00Z,50.166192,608.08,9.3705,0.0,608.08,87.96,3.0,True,6337;6396
COST,Short,67,2020-12-04T21:00:00Z,353.492067,2020-12-17T21:00:00Z,348.7914,314.94,9.388,-148.32,366.7,269.5,13.0,True,6172;6397
FIS,Short,186,2020-12-16T21:00:00Z,123.753168,2020-12-17T21:00:00Z,125.834656,-387.16,9.3424,-529.11,0.0,529.11,1.0,False,6390;6398
UBER,Short,459,2020-12-16T21:00:00Z,51.15,2020-12-17T21:00:00Z,50.59,257.04,9.2828,0.0,257.04,0.0,1.0,True,6391;6399
KO,Long,515,2020-12-16T21:00:00Z,45.278196,2020-12-17T21:00:00Z,44.965933,-160.82,9.243,-165.16,0.0,165.16,1.0,False,6384;6400
NEE,Long,371,2020-11-24T21:00:00Z,64.444875,2020-12-17T21:00:00Z,64.643759,73.79,9.5657,-737.78,364.55,1102.33,23.0,True,5987;6401
XOM,Short,719,2020-12-08T21:00:00Z,32.458103,2020-12-17T21:00:00Z,35.246407,-2004.79,9.8776,-2013.43,0.0,2013.43,9.0,False,6205;6402
SHOP,Short,221,2020-12-15T21:00:00Z,105.419,2020-12-17T21:00:00Z,116.14,-2369.34,14.7303,-2780.4,0.0,2780.4,2.0,False,6360;6408
LIN,Long,100,2020-12-16T21:00:00Z,232.706585,2020-12-17T21:00:00Z,236.467966,376.14,14.1575,0.0,446.38,70.24,1.0,True,6386;6411
SPY,Long,61,2020-12-15T21:00:00Z,338.911628,2020-12-17T21:00:00Z,343.034349,251.49,12.3014,0.0,268.93,20.25,2.0,True,6367;6414
SPY,Long,58,2020-12-15T21:00:00Z,338.911628,2020-12-18T21:00:00Z,343.616664,272.89,9.9165,0.0,272.89,79.51,3.0,True,6367;6415
SPY,Long,87,2020-12-16T21:00:00Z,341.079054,2020-12-18T21:00:00Z,343.616664,220.77,5.9406,-188.57,220.77,119.26,2.0,True,6394;6415
ABBV,Short,279,2020-12-15T21:00:00Z,84.760369,2020-12-18T21:00:00Z,84.406665,98.68,9.2982,0.0,219.79,121.11,3.0,True,6358;6416
CAT,Long,144,2020-12-17T21:00:00Z,163.286366,2020-12-18T21:00:00Z,162.744097,-78.09,9.3738,-78.09,37.74,115.83,1.0,False,6412;6417
SHOP,Long,202,2020-12-17T21:00:00Z,116.14,2020-12-18T21:00:00Z,118.184,412.89,4.7307,0.0,412.89,0.0,1.0,True,6408;6418
GILD,Short,486,2020-12-16T21:00:00Z,48.085072,2020-12-18T21:00:00Z,47.882387,98.51,9.3005,0.0,98.51,3.94,2.0,True,6393;6419
IBM,Short,248,2020-12-15T21:00:00Z,94.755243,2020-12-18T21:00:00Z,95.669355,-226.7,9.5131,-275.82,0.0,275.82,3.0,False,6361;6420
QCOM,Short,176,2020-12-17T21:00:00Z,133.282951,2020-12-18T21:00:00Z,133.114977,29.56,9.2409,0.0,519.69,490.13,1.0,True,6407;6421
TJX,Short,381,2020-12-16T21:00:00Z,61.578351,2020-12-18T21:00:00Z,62.24078,-252.39,9.4175,-273.42,0.0,273.42,2.0,False,6392;6422
UPS,Long,182,2020-12-02T21:00:00Z,130.409543,2020-12-18T21:00:00Z,134.638224,769.62,9.7242,-520.15,1021.92,689.76,16.0,True,6111;6423
AMD,Short,253,2020-12-09T21:00:00Z,92.76,2020-12-18T21:00:00Z,97.27,-1141.03,9.399,-1141.03,280.83,1421.86,9.0,False,6262;6424
LIN,Short,101,2020-12-17T21:00:00Z,236.467966,2020-12-18T21:00:00Z,237.632423,-117.61,9.4806,-175.48,0.0,175.48,1.0,False,6411;6429
PM,Long,354,2020-12-17T21:00:00Z,66.108279,2020-12-18T21:00:00Z,65.769341,-119.98,14.0627,-119.98,73.63,193.61,1.0,False,6410;6430
ACN,Short,98,2020-12-18T21:00:00Z,236.734162,2020-12-21T21:00:00Z,234.249211,243.53,9.278,0.0,243.53,0.0,3.0,True,6428;6434
ADBE,Long,47,2020-12-17T21:00:00Z,493.0,2020-12-21T21:00:00Z,497.55,213.85,9.3413,0.0,467.65,253.8,4.0,True,6404;6435
ADP,Short,154,2020-12-15T21:00:00Z,152.862249,2020-12-21T21:00:00Z,154.76579,-293.15,9.5438,-672.75,0.0,672.75,6.0,False,6366;6436
LIN,Long,98,2020-12-18T21:00:00Z,237.632423,2020-12-21T21:00:00Z,231.163217,-633.98,4.604,-633.98,0.0,633.98,3.0,False,6429;6437
LMT,Long,77,2020-12-18T21:00:00Z,301.391724,2020-12-21T21:00:00Z,302.350588,73.83,9.2971,-174.69,73.83,174.69,3.0,True,6432;6438
MO,Short,857,2020-12-17T21:00:00Z,27.203701,2020-12-21T21:00:00Z,27.298664,-81.38,9.3233,-434.04,21.7,434.04,4.0,False,6413;6439
MS,Short,431,2020-12-18T21:00:00Z,54.372422,2020-12-21T21:00:00Z,55.353692,-422.93,9.5415,-1080.81,0.0,1080.81,3.0,False,6431;6440
PM,Short,354,2020-12-18T21:00:00Z,65.769341,2020-12-21T21:00:00Z,65.076059,245.42,4.5905,0.0,329.96,84.53,3.0,True,6430;6441
ZM,Short,58,2020-12-16T21:00:00Z,400.46,2020-12-21T21:00:00Z,418.31,-1035.3,9.4305,-1035.3,0.0,1035.3,5.0,False,6388;6442
AMAT,Short,280,2020-12-18T21:00:00Z,83.754022,2020-12-21T21:00:00Z,80.633643,873.71,9.218,0.0,873.71,0.0,3.0,True,6433;6443
TMO,Short,51,2020-12-17T21:00:00Z,451.13533,2020-12-21T21:00:00Z,455.02307,-198.27,9.3146,-417.63,0.0,417.63,4.0,False,6406;6444
AMGN,Short,122,2020-12-21T21:00:00Z,188.939161,2020-12-22T21:00:00Z,189.424736,-59.24,9.1577,-59.24,479.03,538.27,1.0,False,6450;6454
AMT,Long,127,2020-12-16T21:00:00Z,184.80578,2020-12-22T21:00:00Z,185.660892,108.6,9.4645,0.0,476.33,367.73,6.0,True,6389;6455
COST,Short,67,2020-12-21T21:00:00Z,343.911749,2020-12-22T21:00:00Z,342.988572,61.85,9.1769,0.0,192.5,130.65,1.0,True,6448;6456
INTC,Long,511,2020-12-18T21:00:00Z,45.74537,2020-12-22T21:00:00Z,41.830796,-2000.35,8.6509,-2046.54,0.0,2046.54,4.0,False,6426;6457
MU,Short,335,2020-12-21T21:00:00Z,68.259611,2020-12-22T21:00:00Z,69.849085,-532.47,9.2716,-532.47,0.0,532.47,1.0,False,6452;6458
NKE,Long,186,2020-12-17T21:00:00Z,127.01654,2020-12-22T21:00:00Z,129.783686,514.69,9.5496,-459.0,678.38,459.0,5.0,True,6405;6459
TMUS,Short,187,2020-12-21T21:00:00Z,122.870072,2020-12-22T21:00:00Z,124.69422,-341.12,9.278,-397.67,0.0,397.67,1.0,False,6449;6460
UNP,Long,133,2020-12-17T21:00:00Z,176.183904,2020-12-22T21:00:00Z,177.769321,210.86,9.4587,0.0,418.21,243.66,5.0,True,6409;6461
AMD,Short,243,2020-12-21T21:00:00Z,94.25,2020-12-22T21:00:00Z,93.355,217.48,9.0586,0.0,264.87,47.38,1.0,True,6451;6462
XOM,Short,672,2020-12-18T21:00:00Z,34.637467,2020-12-22T21:00:00Z,33.347476,866.87,9.0435,0.0,1066.09,199.22,4.0,True,6427;6463
JPM,Long,228,2020-12-15T21:00:00Z,103.302396,2020-12-24T18:00:00Z,108.325063,1145.17,9.6684,-41.46,1145.17,371.19,8.875,True,6357;6478
T,Long,1479,2020-12-21T21:00:00Z,15.564407,2020-12-24T18:00:00Z,15.430139,-198.58,9.169,-468.66,0.0,468.66,2.875,False,6445;6483
SPY,Long,65,2020-12-21T21:00:00Z,338.059221,2020-12-24T18:00:00Z,340.912042,185.43,10.5815,0.0,242.03,56.59,2.875,True,6453;6492
SPY,Long,25,2020-12-22T21:00:00Z,341.069502,2020-12-24T18:00:00Z,340.912042,-3.94,18.0961,-75.26,17.83,21.77,1.875,False,6473;6492
ABBV,Short,278,2020-12-21T21:00:00Z,82.630106,2020-12-24T18:00:00Z,82.887345,-71.51,9.2506,-116.21,0.0,116.21,2.875,False,6447;6493
ABT,Long,243,2020-12-11T21:00:00Z,95.168591,2020-12-24T18:00:00Z,96.370532,292.07,9.3881,0.0,625.56,333.48,12.875,True,6309;6494
CVX,Short,345,2020-12-22T21:00:00Z,67.174752,2020-12-24T18:00:00Z,67.473656,-103.12,9.2104,-103.12,16.28,119.4,1.875,False,6466;6495
DHR,Short,135,2020-12-22T21:00:00Z,172.339355,2020-12-24T18:00:00Z,168.989326,452.25,9.182,0.0,489.46,113.68,1.875,True,6468;6496
KO,Long,524,2020-12-22T21:00:00Z,44.501758,2020-12-24T18:00:00Z,44.814021,163.63,9.393,0.0,313.99,150.36,1.875,True,6464;6497
LLY,Short,146,2020-12-22T21:00:00Z,158.388058,2020-12-24T18:00:00Z,156.631443,256.47,9.1936,0.0,307.48,162.7,1.875,True,6467;6498
MO,Short,859,2020-12-22T21:00:00Z,27.184709,2020-12-24T18:00:00Z,27.062867,104.66,9.2607,0.0,187.9,83.24,1.875,True,6472;6499
PM,Short,360,2020-12-22T21:00:00Z,64.602827,2020-12-24T18:00:00Z,64.204285,143.48,9.2668,0.0,143.48,87.21,1.875,True,6469;6500
ZM,Short,57,2020-12-22T21:00:00Z,408.22,2020-12-24T18:00:00Z,383.88,1387.38,8.9395,0.0,1883.85,496.47,1.875,True,6471;6501
WFC,Short,899,2020-12-11T21:00:00Z,25.435959,2020-12-24T18:00:00Z,26.558263,-1008.95,9.2902,-1056.25,291.65,1347.9,12.875,False,6312;6502
AXP,Short,213,2020-12-24T18:00:00Z,109.445381,2020-12-29T21:00:00Z,111.607519,-460.54,9.3897,-460.54,0.0,460.54,5.125,False,6491;6509
EL,Short,97,2020-12-24T18:00:00Z,240.711651,2020-12-29T21:00:00Z,245.897656,-503.04,9.3586,-503.04,0.0,503.04,5.125,False,6507;6510
MDT,Short,244,2020-12-24T18:00:00Z,95.785321,2020-12-29T21:00:00Z,97.397416,-393.35,9.4077,-393.35,0.0,393.35,5.125,False,6490;6511
MRK,Long,367,2020-12-24T18:00:00Z,63.813964,2020-12-29T21:00:00Z,64.452103,234.2,9.4592,0.0,415.7,181.5,5.125,True,6487;6512
NKE,Long,181,2020-12-24T18:00:00Z,128.014527,2020-12-29T21:00:00Z,129.584089,284.09,9.3001,0.0,284.09,141.22,5.125,True,6486;6513
ORCL,Long,393,2020-12-22T21:00:00Z,59.312105,2020-12-29T21:00:00Z,59.946017,249.13,9.3672,-36.11,267.18,303.29,7.0,True,6465;6514
NOW,Short,212,2020-12-24T18:00:00Z,111.04,2020-12-29T21:00:00Z,110.044,211.15,9.3269,0.0,485.9,274.75,5.125,True,6506;6515
TMUS,Short,186,2020-12-24T18:00:00Z,125.497601,2020-12-29T21:00:00Z,126.197015,-130.09,9.3546,-130.09,0.0,130.09,5.125,False,6489;6516
V,Long,118,2020-12-24T18:00:00Z,198.091592,2020-12-29T21:00:00Z,205.482641,872.14,9.5714,0.0,874.41,2.26,5.125,True,6485;6517
UNH,Short,76,2020-12-14T21:00:00Z,307.341998,2020-12-29T21:00:00Z,314.54582,-547.49,9.4187,-547.49,344.84,892.33,15.0,False,6334;6518
NVDA,Long,1797,2020-12-14T21:00:00Z,13.010671,2020-12-29T21:00:00Z,12.853238,-282.91,9.3251,-318.66,504.58,823.24,15.0,False,6333;6519
SCHW,Short,476,2020-12-29T21:00:00Z,49.155511,2020-12-30T21:00:00Z,48.738074,198.7,9.2682,0.0,256.1,57.4,1.0,True,6523;6530
MELI,Short,14,2020-12-29T21:00:00Z,1680.0,2020-12-30T21:00:00Z,1690.0,-140.0,9.482,-461.16,0.0,461.16,1.0,False,6527;6531
PEP,Long,194,2020-12-24T18:00:00Z,120.467842,2020-12-30T21:00:00Z,122.663762,426.01,9.4358,0.0,426.01,17.75,6.125,True,6488;6534
SPY,Long,72,2020-12-22T21:00:00Z,341.069502,2020-12-30T21:00:00Z,344.9134,276.76,4.9616,-216.74,374.79,124.04,8.0,True,6473;6542
AMZN,Long,154,2020-11-10T21:00:00Z,154.387954,2020-12-30T21:00:00Z,166.658101,1889.6,9.7113,0.0,1889.6,911.0,50.0,True,5681;6543
BKNG,Short,280,2020-12-29T21:00:00Z,84.632697,2020-12-30T21:00:00Z,85.961982,-372.2,9.6073,-429.75,0.0,429.75,1.0,False,6526;6544
CRM,Long,104,2020-12-21T21:00:00Z,220.687038,2020-12-30T21:00:00Z,219.11701,-163.28,9.1616,-255.13,639.86,894.99,9.0,False,6446;6545
UTX,Short,375,2020-12-29T21:00:00Z,62.625422,2020-12-30T21:00:00Z,62.184398,165.38,9.374,-119.08,165.38,119.08,1.0,True,6522;6546
INTC,Long,550,2020-12-29T21:00:00Z,42.689652,2020-12-30T21:00:00Z,44.389282,934.8,9.7597,0.0,934.8,0.0,1.0,True,6521;6547
NVDA,Short,1824,2020-12-29T21:00:00Z,12.853238,2020-12-30T21:00:00Z,12.930338,-140.63,4.7708,-409.64,0.0,409.64,1.0,False,6519;6548
SBUX,Short,264,2020-12-08T21:00:00Z,87.792013,2020-12-30T21:00:00Z,93.013549,-1378.49,9.5998,-1378.49,0.0,1378.49,22.0,False,6208;6549
SQ,Short,109,2020-12-30T21:00:00Z,215.8,2020-12-30T21:00:00Z,215.8,0.0,14.456,0.0,0.0,0.0,0.0,False,6538;6553
SQ,Long,109,2020-12-30T21:00:00Z,215.8,2020-12-31T21:00:00Z,218.08,248.52,4.7446,0.0,248.52,0.0,1.0,True,6553;6556
IBM,Short,247,2020-12-24T18:00:00Z,95.219917,2020-12-31T21:00:00Z,94.625744,146.76,9.4292,-165.58,225.79,391.36,7.125,True,6505;6557
ISRG,Short,86,2020-12-30T21:00:00Z,273.329973,2020-12-31T21:00:00Z,271.839973,128.14,9.3648,0.0,128.14,0.0,1.0,True,6539;6558
MDLZ,Short,464,2020-12-30T21:00:00Z,50.343728,2020-12-31T21:00:00Z,50.369737,-12.07,9.3703,-160.91,0.0,160.91,1.0,False,6540;6559
MU,Long,342,2020-12-30T21:00:00Z,68.649666,2020-12-31T21:00:00Z,70.590189,663.66,9.8115,0.0,1594.12,930.46,1.0,True,6541;6560
WMT,Long,516,2020-12-08T21:00:00Z,45.438402,2020-12-31T21:00:00Z,44.626545,-418.92,9.3596,-575.41,144.79,720.2,23.0,False,6197;6561
MELI,Short,13,2020-12-31T21:00:00Z,1718.59,2021-01-04T21:00:00Z,1690.99,358.8,8.6196,0.0,1021.67,662.87,4.0,True,6570;6572
CVS,Short,415,2020-12-30T21:00:00Z,56.576059,2021-01-04T21:00:00Z,57.074673,-206.92,9.5006,-658.71,0.0,658.71,5.0,False,6554;6573
TSLA,Short,117,2020-12-10T21:00:00Z,191.283314,2021-01-04T21:00:00Z,239.999976,-5699.85,10.5834,-6080.88,0.0,6080.88,25.0,False,6282;6574
DE,Short,94,2020-12-31T21:00:00Z,248.537384,2021-01-04T21:00:00Z,253.242414,-442.27,9.4005,-442.27,0.0,442.27,4.0,False,6571;6575
PEP,Long,190,2020-12-31T21:00:00Z,122.672079,2021-01-04T21:00:00Z,122.347682,-61.64,9.2475,-507.31,0.0,507.31,4.0,False,6565;6576
ZM,Short,66,2020-12-30T21:00:00Z,358.23,2021-01-04T21:00:00Z,340.83,1148.4,9.4166,-115.5,1380.06,1495.56,5.0,True,6552;6577
TXN,Long,170,2020-12-30T21:00:00Z,138.125115,2021-01-04T21:00:00Z,140.437296,393.07,9.4256,0.0,393.07,277.04,5.0,True,6537;6578
AMD,Short,253,2020-12-31T21:00:00Z,92.12,2021-01-04T21:00:00Z,92.13,-2.53,9.3109,-45.54,0.0,45.54,4.0,False,6567;6579
SPY,Long,169,2020-12-22T21:00:00Z,341.069502,2021-01-04T21:00:00Z,347.618022,1106.7,13.1853,-508.74,1106.7,796.76,13.0,True,6473;6586
SPY,Long,24,2020-12-24T18:00:00Z,340.912042,2021-01-04T21:00:00Z,347.618022,160.94,11.689,-68.47,160.94,113.15,11.125,True,6508;6586
AAPL,Short,184,2020-12-24T18:00:00Z,127.413283,2021-01-05T21:00:00Z,125.057189,433.52,9.3833,-941.97,433.52,941.97,12.125,True,6484;6587
SCHW,Short,481,2020-12-31T21:00:00Z,48.747351,2021-01-05T21:00:00Z,48.200044,263.25,9.4423,-98.16,263.25,98.16,5.0,True,6569;6588
CRM,Long,107,2021-01-04T21:00:00Z,218.734316,2021-01-05T21:00:00Z,215.378382,-359.08,9.278,-359.08,0.0,359.08,1.0,False,6580;6589
CSCO,Short,617,2021-01-04T21:00:00Z,37.981309,2021-01-05T21:00:00Z,37.449743,327.98,9.304,0.0,327.98,0.0,1.0,True,6581;6590
DIS,Short,136,2020-12-30T21:00:00Z,173.144596,2021-01-05T21:00:00Z,170.98247,294.05,9.4837,-342.84,294.05,342.84,6.0,True,6535;6591
IBM,Short,244,2021-01-04T21:00:00Z,95.867412,2021-01-05T21:00:00Z,95.204682,161.71,9.2964,-53.9,161.71,53.9,1.0,True,6583;6592
MMM,Long,234,2020-12-31T21:00:00Z,99.8301,2021-01-05T21:00:00Z,98.620351,-283.08,9.2939,-340.77,0.0,340.77,5.0,False,6568;6593
MS,Short,410,2020-12-22T21:00:00Z,57.190428,2021-01-05T21:00:00Z,57.165267,10.32,9.362,-447.02,165.05,612.08,14.0,True,6470;6594
MU,Short,320,2021-01-04T21:00:00Z,74.656512,2021-01-05T21:00:00Z,74.451733,65.53,9.4431,-218.43,65.53,218.43,1.0,True,6585;6595
TGT,Short,158,2020-12-30T21:00:00Z,148.827072,2021-01-05T21:00:00Z,149.784241,-151.23,9.4822,-625.01,0.0,625.01,6.0,False,6555;6596
UNP,Long,128,2021-01-04T21:00:00Z,183.239011,2021-01-05T21:00:00Z,178.711763,-579.49,9.2111,-579.49,0.0,579.49,1.0,False,6582;6597
JNJ,Long,174,2020-12-31T21:00:00Z,134.28075,2021-01-05T21:00:00Z,134.392464,19.44,14.1768,0.0,311.01,291.57,5.0,True,6563;6599
ABBV,Short,277,2021-01-05T21:00:00Z,84.736253,2021-01-06T21:00:00Z,84.205697,146.96,9.4449,-37.85,146.96,37.85,1.0,True,6603;6615
BMY,Long,473,2021-01-05T21:00:00Z,49.475335,2021-01-06T21:00:00Z,49.022767,-214.06,9.4227,-214.06,183.48,397.55,1.0,False,6606;6616
FIS,Short,192,2020-12-29T21:00:00Z,122.903227,2021-01-06T21:00:00Z,118.679539,810.95,9.3011,0.0,837.59,321.38,8.0,True,6525;6617
GS,Short,101,2021-01-05T21:00:00Z,230.944847,2021-01-06T21:00:00Z,242.322303,-1149.12,9.8379,-1915.5,0.0,1915.5,1.0,False,6609;6618
MRK,Long,360,2020-12-30T21:00:00Z,65.138103,2021-01-06T21:00:00Z,64.276615,-310.14,9.3598,-310.14,206.76,516.89,7.0,False,6536;6619
TMO,Short,50,2021-01-05T21:00:00Z,464.560336,2021-01-06T21:00:00Z,463.871369,34.45,9.4775,-650.09,34.45,650.09,1.0,True,6602;6620
WFC,Short,897,2020-12-30T21:00:00Z,26.128631,2021-01-06T21:00:00Z,28.05759,-1730.28,9.8217,-2272.95,78.65,2351.6,7.0,False,6551;6621
JNJ,Short,174,2021-01-05T21:00:00Z,134.392464,2021-01-06T21:00:00Z,135.243212,-148.03,9.4771,-514.37,0.0,514.37,1.0,False,6599;6622
WMT,Long,517,2021-01-05T21:00:00Z,45.369289,2021-01-06T21:00:00Z,44.90198,-241.6,14.0502,-241.6,9.6,251.2,1.0,False,6598;6623
NVDA,Short,1800,2021-01-05T21:00:00Z,13.03206,2021-01-06T21:00:00Z,13.175813,-258.76,13.7083,-258.76,868.94,1127.69,1.0,False,6600;6624
UNH,Long,74,2020-12-29T21:00:00Z,314.54582,2021-01-06T21:00:00Z,304.702706,-728.39,9.6121,-728.39,753.81,1482.2,8.0,False,6518;6625
CSCO,Short,618,2021-01-06T21:00:00Z,37.852704,2021-01-07T21:00:00Z,37.904146,-31.79,9.4695,-429.18,0.0,429.18,1.0,False,6628;6638
CVS,Short,398,2021-01-06T21:00:00Z,58.171624,2021-01-07T21:00:00Z,60.706245,-1008.78,9.6942,-1319.68,0.0,1319.68,1.0,False,6633;6639
FB,Long,85,2020-12-14T21:00:00Z,270.746878,2021-01-07T21:00:00Z,263.37746,-626.4,9.1422,-844.46,308.15,1152.61,24.0,False,6332;6640
MS,Short,400,2021-01-06T21:00:00Z,59.891017,2021-01-07T21:00:00Z,62.734184,-1137.27,9.9717,-1184.23,0.0,1184.23,1.0,False,6632;6641
NEE,Long,367,2021-01-05T21:00:00Z,64.015062,2021-01-07T21:00:00Z,68.812101,1760.51,9.7388,0.0,1760.51,0.0,2.0,True,6604;6642
NVDA,Long,1749,2021-01-06T21:00:00Z,13.175813,2021-01-07T21:00:00Z,12.907954,-468.48,4.6436,-468.48,173.56,642.05,1.0,False,6624;6643
PFE,Long,826,2020-12-18T21:00:00Z,28.328869,2021-01-07T21:00:00Z,27.598667,-603.15,9.2011,-787.78,0.0,787.78,20.0,False,6425;6644
ABNB,Short,168,2021-01-05T21:00:00Z,138.28,2021-01-07T21:00:00Z,146.47,-1375.92,10.0656,-2182.32,0.0,2182.32,2.0,False,6611;6645
PYPL,Short,102,2020-12-17T21:00:00Z,231.399458,2021-01-07T21:00:00Z,226.929309,455.96,9.4934,-959.32,721.26,959.32,21.0,True,6403;6646
AMAT,Short,283,2021-01-05T21:00:00Z,82.503962,2021-01-07T21:00:00Z,87.790476,-1496.08,9.9465,-2187.41,0.0,2187.41,2.0,False,6614;6647
SPGI,Short,78,2021-01-05T21:00:00Z,298.974888,2021-01-07T21:00:00Z,296.848235,165.88,9.2431,0.0,205.24,39.36,2.0,True,6612;6648
TJX,Short,382,2021-01-05T21:00:00Z,61.164332,2021-01-07T21:00:00Z,64.531683,-1286.33,9.6032,-1286.33,0.0,1286.33,2.0,False,6613;6649
UNH,Short,74,2021-01-06T21:00:00Z,304.702706,2021-01-07T21:00:00Z,324.072582,-1433.37,4.8831,-1867.46,0.0,1867.46,1.0,False,6625;6650
UPS,Long,181,2020-12-31T21:00:00Z,129.531966,2021-01-07T21:00:00Z,125.516856,-726.73,9.2044,-1095.02,0.0,1095.02,7.0,False,6566;6651
V,Short,114,2020-12-30T21:00:00Z,207.064382,2021-01-07T21:00:00Z,203.421583,415.28,9.4459,-298.35,415.28,298.35,8.0,True,6550;6652
DIS,Short,133,2021-01-07T21:00:00Z,174.036594,2021-01-08T21:00:00Z,173.338509,92.85,9.2141,0.0,104.45,11.61,1.0,True,6653;6674
UTX,Long,389,2021-01-05T21:00:00Z,60.649634,2021-01-08T21:00:00Z,61.708092,411.74,9.5579,0.0,521.54,171.56,3.0,True,6608;6675
FIS,Short,193,2021-01-07T21:00:00Z,119.40806,2021-01-08T21:00:00Z,117.361263,395.03,9.1872,-164.04,395.03,164.04,1.0,True,6670;6676
UBER,Short,450,2020-12-29T21:00:00Z,52.33,2021-01-08T21:00:00Z,54.79,-1107.0,9.4995,-1710.0,598.5,2308.5,10.0,False,6524;6677
INTU,Long,66,2021-01-07T21:00:00Z,348.747777,2021-01-08T21:00:00Z,355.605595,452.62,9.4251,0.0,749.01,296.4,1.0,True,6666;6678
LIN,Long,92,2021-01-07T21:00:00Z,248.657799,2021-01-08T21:00:00Z,251.605909,271.23,9.2016,0.0,271.23,0.0,1.0,True,6660;6679
LOW,Short,159,2020-12-16T21:00:00Z,147.399372,2021-01-08T21:00:00Z,147.058087,54.26,9.3729,-132.8,534.08,666.88,23.0,True,6387;6680
NKE,Long,179,2021-01-07T21:00:00Z,129.919775,2021-01-08T21:00:00Z,132.051839,381.64,9.4614,0.0,511.56,129.92,1.0,True,6654;6681
QCOM,Short,173,2021-01-07T21:00:00Z,134.670947,2021-01-08T21:00:00Z,139.002908,-749.43,9.5542,-749.43,0.0,749.43,1.0,False,6659;6682
SBUX,Short,259,2021-01-05T21:00:00Z,90.319412,2021-01-08T21:00:00Z,91.188205,-225.02,9.5057,-625.05,0.0,625.05,3.0,False,6607;6683
AMD,Long,256,2021-01-07T21:00:00Z,91.36,2021-01-08T21:00:00Z,96.0,1187.84,9.7147,0.0,1187.84,0.0,1.0,True,6664;6684
ZTS,Short,147,2021-01-07T21:00:00Z,157.621154,2021-01-08T21:00:00Z,157.574089,6.92,9.2739,-91.33,6.92,91.33,1.0,True,6673;6685
SHOP,Short,213,2021-01-07T21:00:00Z,110.2,2021-01-08T21:00:00Z,117.8,-1618.8,14.7363,-1851.4,0.0,1851.4,1.0,False,6662;6691
SPY,Long,147,2020-12-24T18:00:00Z,340.912042,2021-01-08T21:00:00Z,352.554883,1711.5,31.9943,-419.36,1797.28,766.57,15.125,True,6508;6699
SPY,Long,199,2020-12-29T21:00:00Z,346.274974,2021-01-08T21:00:00Z,352.554883,1249.7,13.6936,-1634.93,1365.82,1037.73,10.0,True,6528;6699
SPY,Long,107,2021-01-06T21:00:00Z,342.403289,2021-01-08T21:00:00Z,352.554883,1086.22,12.5251,-464.82,1148.66,62.44,2.0,True,6637;6699
SPY,Long,74,2021-01-06T21:00:00Z,342.403289,2021-01-12T21:00:00Z,350.896913,628.53,5.1923,-321.46,794.4,176.15,6.0,True,6637;6700
AMGN,Short,118,2021-01-07T21:00:00Z,193.853521,2021-01-12T21:00:00Z,198.516722,-550.26,9.2983,-685.6,0.0,685.6,5.0,False,6661;6701
AXP,Long,201,2021-01-07T21:00:00Z,116.563742,2021-01-12T21:00:00Z,114.591269,-396.47,9.186,-573.93,0.0,573.93,5.0,False,6665;6702
BA,Short,106,2020-12-24T18:00:00Z,219.64,2021-01-12T21:00:00Z,206.75,1366.34,9.0219,0.0,1793.52,1058.94,19.125,True,6504;6703
CVX,Short,326,2021-01-08T21:00:00Z,72.42917,2021-01-12T21:00:00Z,72.885392,-148.73,9.4581,-323.1,123.09,446.19,4.0,False,6688;6704
ISRG,Short,86,2021-01-04T21:00:00Z,275.279972,2021-01-12T21:00:00Z,270.44664,415.67,9.107,0.0,1072.42,744.19,8.0,True,6584;6705
LLY,Long,147,2021-01-08T21:00:00Z,156.980877,2021-01-12T21:00:00Z,172.629855,2300.4,9.585,0.0,2737.71,991.24,4.0,True,6690;6706
MU,Short,309,2021-01-06T21:00:00Z,74.315214,2021-01-12T21:00:00Z,77.26988,-912.99,9.4355,-979.28,0.0,979.28,6.0,False,6635;6707
NOW,Long,226,2021-01-08T21:00:00Z,104.328,2021-01-12T21:00:00Z,104.0,-74.13,9.4274,-381.04,64.18,445.22,4.0,False,6695;6708
TGT,Short,144,2021-01-07T21:00:00Z,160.270747,2021-01-12T21:00:00Z,166.16623,-848.95,9.519,-1206.34,0.0,1206.34,5.0,False,6668;6709
XOM,Short,669,2021-01-06T21:00:00Z,35.655038,2021-01-12T21:00:00Z,38.058748,-1608.08,9.9154,-1811.77,0.0,1811.77,6.0,False,6630;6710
AMT,Short,126,2021-01-07T21:00:00Z,182.894332,2021-01-12T21:00:00Z,182.724056,21.45,13.8882,-791.69,21.45,791.69,5.0,True,6667;6721
MMM,Long,237,2021-01-08T21:00:00Z,96.992063,2021-01-12T21:00:00Z,95.117239,-444.33,13.712,-539.45,0.0,539.45,4.0,False,6696;6722
AMT,Long,126,2021-01-12T21:00:00Z,182.724056,2021-01-13T21:00:00Z,182.443099,-35.4,4.6441,-35.4,197.38,232.79,1.0,False,6721;6728
SHOP,Long,199,2021-01-08T21:00:00Z,117.8,2021-01-13T21:00:00Z,119.525,343.28,4.7753,-7.16,434.22,90.94,5.0,True,6691;6729
INTC,Long,523,2021-01-05T21:00:00Z,44.741865,2021-01-13T21:00:00Z,53.75533,4714.04,10.1714,0.0,4714.04,307.33,8.0,True,6601;6731
ZM,Long,68,2021-01-12T21:00:00Z,333.38,2021-01-13T21:00:00Z,359.99,1809.48,9.8116,0.0,2125.0,315.52,1.0,True,6720;6736
JNJ,Long,171,2021-01-06T21:00:00Z,135.243212,2021-01-13T21:00:00Z,135.973653,124.91,9.2263,0.0,439.37,364.43,7.0,True,6622;6740
ADBE,Long,48,2021-01-08T21:00:00Z,480.0,2021-01-13T21:00:00Z,472.0,-384.0,9.1886,-400.8,0.0,400.8,5.0,False,6687;6760
AVGO,Long,609,2021-01-07T21:00:00Z,38.661656,2021-01-13T21:00:00Z,40.287283,990.01,9.7486,0.0,1039.59,49.58,6.0,True,6658;6761
CRM,Long,107,2021-01-06T21:00:00Z,213.916293,2021-01-13T21:00:00Z,212.935026,-105.0,9.1205,-260.39,424.18,684.57,7.0,False,6627;6762
SQ,Long,96,2021-01-08T21:00:00Z,244.35,2021-01-13T21:00:00Z,228.95,-1478.4,9.0695,-1809.6,0.0,1809.6,5.0,False,6693;6763
INTU,Long,64,2021-01-12T21:00:00Z,358.336658,2021-01-13T21:00:00Z,350.970481,-471.44,8.9933,-472.05,0.0,472.05,1.0,False,6719;6764
JPM,Short,215,2020-12-24T18:00:00Z,108.325063,2021-01-13T21:00:00Z,120.880083,-2699.33,9.9006,-3029.37,14.89,3044.27,20.125,False,6503;6765
MDLZ,Short,462,2021-01-07T21:00:00Z,50.109652,2021-01-13T21:00:00Z,49.494118,284.38,9.2226,-156.21,284.38,156.21,6.0,True,6671;6766
MDT,Long,232,2021-01-08T21:00:00Z,99.840748,2021-01-13T21:00:00Z,98.824792,-235.7,9.289,-315.57,0.0,315.57,5.0,False,6689;6767
NEE,Short,337,2021-01-12T21:00:00Z,68.596794,2021-01-13T21:00:00Z,69.414961,-275.72,9.3798,-635.61,0.0,635.61,1.0,False,6715;6768
ORCL,Short,403,2021-01-06T21:00:00Z,57.427162,2021-01-13T21:00:00Z,57.473274,-18.58,9.2639,-412.54,78.05,412.54,7.0,False,6629;6769
ABNB,Short,153,2021-01-08T21:00:00Z,153.45,2021-01-13T21:00:00Z,160.81,-1126.08,9.7847,-2530.62,813.96,3344.58,5.0,False,6698;6770
SBUX,Short,252,2021-01-12T21:00:00Z,91.284738,2021-01-13T21:00:00Z,89.79287,375.95,9.0984,0.0,375.95,0.0,1.0,True,6717;6771
UPS,Short,184,2021-01-12T21:00:00Z,126.099319,2021-01-13T21:00:00Z,127.015727,-168.62,9.3461,-168.62,0.0,168.62,1.0,False,6716;6772
TXN,Short,156,2021-01-13T21:00:00Z,146.998431,2021-01-13T21:00:00Z,146.998431,0.0,13.6888,0.0,0.0,0.0,0.0,False,6748;6777
MCD,Long,123,2021-01-12T21:00:00Z,186.968065,2021-01-13T21:00:00Z,184.535705,-299.18,13.7215,-299.18,0.0,299.18,1.0,False,6714;6778
UBER,Short,423,2021-01-12T21:00:00Z,55.5,2021-01-13T21:00:00Z,58.54,-1285.92,14.6466,-1649.7,0.0,1649.7,1.0,False,6723;6781
SPY,Long,136,2021-01-13T21:00:00Z,350.720927,2021-01-13T21:00:00Z,350.720927,0.0,38.4844,0.0,0.0,0.0,0.0,False,6759;6784
ABT,Short,235,2021-01-13T21:00:00Z,97.850534,2021-01-14T21:00:00Z,100.15398,-541.31,9.3857,-645.01,0.0,645.01,1.0,False,6775;6785
ACN,Short,99,2021-01-12T21:00:00Z,233.352117,2021-01-14T21:00:00Z,231.566083,176.82,9.1347,0.0,377.33,200.51,2.0,True,6712;6786
AXP,Long,201,2021-01-13T21:00:00Z,114.21556,2021-01-14T21:00:00Z,115.201797,198.23,9.2955,0.0,411.57,213.34,1.0,True,6755;6787
BMY,Long,435,2021-01-13T21:00:00Z,52.934244,2021-01-14T21:00:00Z,52.457432,-207.41,9.193,-207.41,182.8,390.22,1.0,False,6749;6788
CVX,Short,313,2021-01-13T21:00:00Z,73.310151,2021-01-14T21:00:00Z,73.986618,-211.73,9.2937,-563.8,0.0,563.8,1.0,False,6746;6789
FIS,Short,198,2021-01-13T21:00:00Z,116.485304,2021-01-14T21:00:00Z,113.99619,492.84,8.9341,0.0,879.22,386.38,1.0,True,6757;6790
SNAP,Short,408,2021-01-13T21:00:00Z,56.75,2021-01-14T21:00:00Z,53.3,1407.6,8.3607,0.0,3149.76,1742.16,1.0,True,6758;6791
GS,Long,90,2021-01-08T21:00:00Z,255.555159,2021-01-14T21:00:00Z,266.101185,949.14,9.4197,0.0,1250.03,300.89,6.0,True,6694;6792
LIN,Short,93,2021-01-13T21:00:00Z,247.058981,2021-01-14T21:00:00Z,246.994289,6.02,9.1349,0.0,312.85,306.83,1.0,True,6779;6793
NFLX,Long,463,2021-01-07T21:00:00Z,50.878,2021-01-14T21:00:00Z,50.735,-66.21,9.3503,-672.74,75.01,747.74,7.0,False,6655;6794
PFE,Long,831,2021-01-13T21:00:00Z,27.568863,2021-01-14T21:00:00Z,27.419842,-123.84,9.1156,-154.8,0.0,154.8,1.0,False,6742;6795
NOW,Long,224,2021-01-13T21:00:00Z,103.642,2021-01-14T21:00:00Z,105.44,402.75,9.283,-173.38,402.75,173.38,1.0,True,6780;6796
TMO,Long,46,2021-01-13T21:00:00Z,492.119,2021-01-14T21:00:00Z,494.087476,90.55,9.0425,-139.9,90.55,139.9,1.0,True,6743;6797
TMUS,Long,189,2021-01-13T21:00:00Z,122.057239,2021-01-14T21:00:00Z,121.953272,-19.65,9.0457,-794.92,0.0,794.92,1.0,False,6776;6798
TXN,Long,156,2021-01-13T21:00:00Z,146.998431,2021-01-14T21:00:00Z,145.983119,-158.39,4.5709,-158.39,0.0,158.39,1.0,False,6777;6799
CVS,Long,363,2021-01-13T21:00:00Z,63.116212,2021-01-14T21:00:00Z,62.32674,-286.58,13.6758,-286.58,0.0,286.58,1.0,False,6754;6810
ANTM,Short,76,2021-01-07T21:00:00Z,305.503124,2021-01-15T21:00:00Z,299.476817,458.0,9.3689,-688.76,458.0,688.76,8.0,True,6672;6811
SCHW,Long,414,2021-01-12T21:00:00Z,56.40036,2021-01-15T21:00:00Z,54.322452,-860.25,9.2132,-860.25,0.0,860.25,3.0,False,6718;6812
SHOP,Long,192,2021-01-14T21:00:00Z,122.9,2021-01-15T21:00:00Z,119.016,-745.73,9.0214,-1123.78,0.0,1123.78,1.0,False,6806;6813
CRM,Long,107,2021-01-14T21:00:00Z,213.935919,2021-01-15T21:00:00Z,212.120574,-194.24,9.0032,-512.38,0.0,512.38,1.0,False,6802;6814
CVS,Short,371,2021-01-14T21:00:00Z,62.32674,2021-01-15T21:00:00Z,62.34336,-6.17,4.7023,-388.47,0.0,388.47,1.0,False,6810;6815
DHR,Short,125,2021-01-13T21:00:00Z,183.702689,2021-01-15T21:00:00Z,181.199427,312.91,9.121,0.0,312.91,4.78,2.0,True,6747;6816
UTX,Long,365,2021-01-13T21:00:00Z,62.890037,2021-01-15T21:00:00Z,62.016809,-318.73,8.9952,-676.09,0.0,676.09,2.0,False,6753;6817
SQ,Long,100,2021-01-14T21:00:00Z,233.76,2021-01-15T21:00:00Z,233.63,-13.0,9.2108,-601.0,0.0,601.0,1.0,False,6809;6818
IBM,Long,238,2021-01-14T21:00:00Z,97.52043,2021-01-15T21:00:00Z,97.665164,34.45,9.3318,0.0,67.08,32.63,1.0,True,6807;6819
MCD,Short,124,2021-01-13T21:00:00Z,184.535705,2021-01-15T21:00:00Z,181.963351,318.97,4.5548,0.0,318.97,152.98,2.0,True,6778;6820
MRK,Long,352,2021-01-07T21:00:00Z,65.848034,2021-01-15T21:00:00Z,65.281685,-199.35,9.4006,-199.35,687.91,887.27,8.0,False,6656;6821
NKE,Long,175,2021-01-13T21:00:00Z,131.398611,2021-01-15T21:00:00Z,127.524606,-677.95,9.0106,-677.95,0.0,677.95,2.0,False,6741;6822
PM,Short,359,2021-01-07T21:00:00Z,64.618456,2021-01-15T21:00:00Z,63.235282,496.56,9.1973,-112.22,496.56,112.22,8.0,True,6663;6823
UNH,Long,71,2021-01-14T21:00:00Z,322.545046,2021-01-15T21:00:00Z,315.558152,-496.07,9.0079,-496.07,0.0,496.07,1.0,False,6800;6824
V,Long,115,2021-01-13T21:00:00Z,200.747001,2021-01-15T21:00:00Z,193.202572,-867.61,9.0606,-867.61,0.0,867.61,2.0,False,6773;6825
NVDA,Short,1744,2021-01-08T21:00:00Z,13.288975,2021-01-15T21:00:00Z,13.162383,220.78,13.5391,-457.17,864.89,644.11,7.0,True,6686;6827
ABBV,Short,273,2021-01-07T21:00:00Z,85.298964,2021-01-15T21:00:00Z,90.43618,-1402.46,14.1214,-1497.93,0.0,1497.93,8.0,False,6657;6831
UBER,Long,393,2021-01-13T21:00:00Z,58.54,2021-01-15T21:00:00Z,57.49,-412.65,8.8388,-1186.86,0.0,1186.86,2.0,False,6781;6842
SPY,Long,95,2021-01-13T21:00:00Z,350.720927,2021-01-15T21:00:00Z,348.924021,-170.71,6.6118,-259.58,0.0,259.58,2.0,False,6759;6845
ABBV,Long,252,2021-01-15T21:00:00Z,90.43618,2021-01-19T21:00:00Z,90.476844,10.25,4.5982,0.0,200.85,190.6,4.0,True,6831;6846
ABT,Short,231,2021-01-15T21:00:00Z,99.064273,2021-01-19T21:00:00Z,100.63129,-361.98,9.3146,-534.65,0.0,534.65,4.0,False,6832;6847
ADBE,Long,49,2021-01-15T21:00:00Z,463.07,2021-01-19T21:00:00Z,461.17,-93.1,8.9629,-321.93,0.0,321.93,4.0,False,6829;6848
AMT,Short,125,2021-01-13T21:00:00Z,182.443099,2021-01-19T21:00:00Z,188.036692,-699.2,9.2235,-699.2,0.0,699.2,6.0,False,6782;6849
BDX,Long,128,2021-01-15T21:00:00Z,178.985935,2021-01-19T21:00:00Z,183.233953,543.75,9.2847,0.0,543.75,0.0,4.0,True,6843;6850
GS,Short,85,2021-01-15T21:00:00Z,263.598145,2021-01-19T21:00:00Z,266.932614,-283.43,8.8557,-283.43,519.99,803.42,4.0,False,6840;6851
JPM,Long,186,2021-01-15T21:00:00Z,119.798538,2021-01-19T21:00:00Z,122.022683,413.69,8.9773,0.0,413.69,0.0,4.0,True,6826;6852
LLY,Short,131,2021-01-14T21:00:00Z,174.972008,2021-01-19T21:00:00Z,185.105595,-1327.5,9.5305,-1634.32,0.0,1634.32,5.0,False,6803;6853
MDT,Long,231,2021-01-14T21:00:00Z,99.320176,2021-01-19T21:00:00Z,98.782811,-124.13,9.1578,-287.05,3.88,287.05,5.0,False,6805;6854
ORCL,Short,403,2021-01-15T21:00:00Z,56.809269,2021-01-19T21:00:00Z,57.270384,-185.83,9.148,-185.83,115.21,301.04,4.0,False,6833;6855
PFE,Long,838,2021-01-15T21:00:00Z,27.345331,2021-01-19T21:00:00Z,27.419842,62.44,9.1699,0.0,62.44,0.0,4.0,True,6830;6856
ABNB,Long,127,2021-01-15T21:00:00Z,184.88,2021-01-19T21:00:00Z,174.03,-1377.95,8.7112,-1421.13,0.0,1421.13,4.0,False,6839;6857
NOW,Long,223,2021-01-15T21:00:00Z,103.682,2021-01-19T21:00:00Z,103.12,-125.33,9.216,-125.33,45.05,170.37,4.0,False,6841;6858
UPS,Short,180,2021-01-15T21:00:00Z,126.378901,2021-01-19T21:00:00Z,124.080114,413.78,8.8119,0.0,901.65,487.87,4.0,True,6835;6859
USB,Long,587,2021-01-15T21:00:00Z,38.432852,2021-01-19T21:00:00Z,38.298195,-79.04,8.971,-209.23,0.0,209.23,4.0,False,6844;6860
MA,Short,72,2021-01-15T21:00:00Z,317.729522,2021-01-19T21:00:00Z,317.195996,38.41,13.6847,0.0,111.75,73.34,4.0,True,6828;6862
NVDA,Long,1747,2021-01-15T21:00:00Z,13.162383,2021-01-19T21:00:00Z,12.948991,-372.8,9.1716,-372.8,0.0,372.8,4.0,False,6827;6863
NVDA,Short,1792,2021-01-19T21:00:00Z,12.948991,2021-01-21T21:00:00Z,13.346924,-713.1,4.9444,-1517.56,0.0,1517.56,2.0,False,6863;6880
V,Long,118,2021-01-19T21:00:00Z,194.650106,2021-01-21T21:00:00Z,197.526,339.36,9.2033,0.0,339.36,98.41,2.0,True,6861;6884
XOM,Long,600,2021-01-13T21:00:00Z,38.859985,2021-01-21T21:00:00Z,39.525011,399.02,9.2812,-293.25,870.14,1163.4,8.0,True,6774;6885
SPY,Long,67,2021-01-13T21:00:00Z,350.720927,2021-01-21T21:00:00Z,356.139434,363.04,4.769,-183.07,363.04,183.07,8.0,True,6759;6898
AMGN,Short,116,2021-01-13T21:00:00Z,197.570686,2021-01-21T21:00:00Z,211.258897,-1587.83,9.5128,-1589.77,0.0,1589.77,8.0,False,6752;6899
AMZN,Long,147,2021-01-13T21:00:00Z,156.055034,2021-01-21T21:00:00Z,164.361501,1221.05,9.4928,-177.38,1309.26,177.38,8.0,True,6738;6900
AVGO,Short,575,2021-01-19T21:00:00Z,40.106558,2021-01-21T21:00:00Z,41.343896,-711.47,9.5283,-953.77,0.0,953.77,2.0,False,6868;6901
CAT,Long,130,2021-01-19T21:00:00Z,176.530145,2021-01-21T21:00:00Z,174.767479,-229.15,9.1245,-248.05,0.0,248.05,2.0,False,6871;6902
MELI,Short,13,2021-01-12T21:00:00Z,1787.44,2021-01-21T21:00:00Z,2020.0,-3023.28,9.7507,-3023.28,0.0,3023.28,9.0,False,6725;6903
COST,Long,67,2021-01-12T21:00:00Z,342.89437,2021-01-21T21:00:00Z,340.350923,-170.41,9.1769,-601.49,186.19,787.68,9.0,False,6713;6904
GOOGL,Long,272,2020-12-31T21:00:00Z,86.044725,2021-01-21T21:00:00Z,93.873726,2129.49,9.7988,-193.86,2129.49,945.86,21.0,True,6562;6905
INTC,Long,448,2021-01-14T21:00:00Z,52.797028,2021-01-21T21:00:00Z,53.466032,299.71,9.859,-332.12,1644.37,1344.66,7.0,True,6801;6906
JNJ,Short,169,2021-01-13T21:00:00Z,135.973653,2021-01-21T21:00:00Z,138.740734,-467.64,4.6976,-660.79,0.0,660.79,8.0,False,6740;6907
LIN,Short,94,2021-01-15T21:00:00Z,242.049967,2021-01-21T21:00:00Z,237.632423,415.25,8.8834,0.0,756.66,341.41,6.0,True,6836;6908
MA,Long,73,2021-01-19T21:00:00Z,317.195996,2021-01-21T21:00:00Z,324.393752,525.44,4.7366,0.0,560.84,35.41,2.0,True,6862;6909
MRK,Long,344,2021-01-19T21:00:00Z,66.661662,2021-01-21T21:00:00Z,65.257755,-482.94,9.0206,-655.82,0.0,655.82,2.0,False,6865;6910
MS,Short,362,2021-01-13T21:00:00Z,63.556102,2021-01-21T21:00:00Z,62.901922,236.81,9.124,-209.49,327.9,209.49,8.0,True,6751;6911
NFLX,Long,460,2021-01-19T21:00:00Z,50.132,2021-01-21T21:00:00Z,58.329,3770.62,9.9508,0.0,3910.92,299.0,2.0,True,6864;6912
AMAT,Short,247,2021-01-12T21:00:00Z,94.021691,2021-01-21T21:00:00Z,103.993544,-2463.05,9.8041,-2519.62,113.14,2632.75,9.0,False,6724;6913
TJX,Short,367,2021-01-12T21:00:00Z,62.525993,2021-01-21T21:00:00Z,62.884809,-131.69,9.2153,-168.83,263.37,395.06,9.0,False,6726;6914
TMO,Long,46,2021-01-19T21:00:00Z,501.616897,2021-01-21T21:00:00Z,507.66996,278.44,9.2337,0.0,280.25,157.56,2.0,True,6866;6915
TMUS,Long,190,2021-01-19T21:00:00Z,121.669726,2021-01-21T21:00:00Z,125.43144,714.73,9.3471,0.0,714.73,341.2,2.0,True,6870;6916
WFC,Short,774,2021-01-13T21:00:00Z,29.627062,2021-01-21T21:00:00Z,28.338166,997.61,8.9309,-651.5,1214.77,651.5,8.0,True,6750;6917
CRM,Short,109,2021-01-19T21:00:00Z,211.463125,2021-01-21T21:00:00Z,219.499705,-875.99,13.924,-875.99,0.0,875.99,2.0,False,6867;6919
HON,Long,128,2021-01-05T21:00:00Z,182.199135,2021-01-21T21:00:00Z,182.093502,-13.52,13.839,-197.18,634.36,831.54,16.0,False,6605;6923
ABT,Short,226,2021-01-21T21:00:00Z,101.090588,2021-01-22T21:00:00Z,101.766026,-152.65,9.1911,-152.65,0.0,152.65,1.0,False,6920;6928
AMT,Short,121,2021-01-21T21:00:00Z,188.113317,2021-01-22T21:00:00Z,189.092409,-118.47,9.1916,-305.96,0.0,305.96,1.0,False,6897;6929
BKNG,Short,277,2021-01-05T21:00:00Z,84.555331,2021-01-22T21:00:00Z,82.126124,672.89,9.2092,-1272.18,1058.1,1272.18,17.0,True,6610;6930
BMY,Long,430,2021-01-15T21:00:00Z,53.354486,2021-01-22T21:00:00Z,51.633112,-740.19,9.1116,-740.19,250.21,990.4,7.0,False,6834;6931
SCHW,Long,422,2021-01-21T21:00:00Z,54.600743,2021-01-22T21:00:00Z,53.951397,-274.02,9.1681,-274.02,0.0,274.02,1.0,False,6896;6932
C,Short,425,2021-01-08T21:00:00Z,54.51752,2021-01-22T21:00:00Z,50.158426,1852.62,8.8743,-998.1,1852.62,998.1,14.0,True,6692;6933
CRM,Long,104,2021-01-21T21:00:00Z,219.499705,2021-01-22T21:00:00Z,220.716476,126.54,4.608,0.0,212.27,85.72,1.0,True,6919;6934
GS,Long,90,2021-01-21T21:00:00Z,254.198616,2021-01-22T21:00:00Z,250.811635,-304.83,9.1174,-304.83,0.0,304.83,1.0,False,6925;6935
INTU,Long,61,2021-01-21T21:00:00Z,371.395757,2021-01-22T21:00:00Z,369.655185,-106.17,8.8765,-666.38,0.0,666.38,1.0,False,6924;6936
LMT,Short,78,2021-01-08T21:00:00Z,292.693451,2021-01-22T21:00:00Z,290.005205,209.68,9.0281,-371.29,280.47,651.75,14.0,True,6697;6937
MDT,Long,229,2021-01-21T21:00:00Z,99.832352,2021-01-22T21:00:00Z,98.824792,-230.73,9.0174,-446.08,0.0,446.08,1.0,False,6921;6938
NKE,Long,177,2021-01-21T21:00:00Z,129.166749,2021-01-22T21:00:00Z,128.005454,-205.55,9.0236,-484.97,0.0,484.97,1.0,False,6889;6939
NVDA,Long,1729,2021-01-21T21:00:00Z,13.346924,2021-01-22T21:00:00Z,13.67895,574.07,9.4879,0.0,574.07,0.0,1.0,True,6918;6940
PFE,Long,845,2021-01-21T21:00:00Z,27.084545,2021-01-22T21:00:00Z,27.084545,0.0,9.1961,0.0,125.92,125.92,1.0,False,6891;6941
UPS,Short,185,2021-01-21T21:00:00Z,123.746169,2021-01-22T21:00:00Z,123.016149,135.05,9.169,0.0,135.05,0.0,1.0,True,6895;6942
VZ,Long,570,2020-12-31T21:00:00Z,40.962537,2021-01-22T21:00:00Z,40.780121,-103.98,9.4002,-156.83,502.86,659.69,22.0,False,6564;6943
HON,Short,125,2021-01-21T21:00:00Z,182.093502,2021-01-22T21:00:00Z,179.80479,286.09,8.9374,0.0,507.26,221.17,1.0,True,6923;6954
UNP,Long,128,2021-01-06T21:00:00Z,181.04585,2021-01-22T21:00:00Z,182.860272,232.25,13.9619,0.0,1496.07,1317.94,16.0,True,6631;6955
ABNB,Short,142,2021-01-21T21:00:00Z,164.99,2021-01-22T21:00:00Z,178.41,-1905.64,14.908,-2396.96,0.0,2396.96,1.0,False,6927;6956
SPY,Long,113,2021-01-13T21:00:00Z,350.720927,2021-01-22T21:00:00Z,354.04613,375.75,9.0078,-308.76,612.29,308.76,9.0,True,6759;6959
SPY,Long,14,2021-01-19T21:00:00Z,350.341169,2021-01-22T21:00:00Z,354.04613,51.87,7.786,-32.94,81.18,29.31,3.0,True,6873;6959
MELI,Short,11,2021-01-22T21:00:00Z,1953.27,2021-01-26T21:00:00Z,1900.76,577.61,8.3001,0.0,1600.83,1023.22,4.0,True,6958;6960
HON,Long,126,2021-01-22T21:00:00Z,179.80479,2021-01-26T21:00:00Z,179.435075,-46.58,4.4601,-354.93,0.0,354.93,4.0,False,6954;6961
INTC,Long,406,2021-01-22T21:00:00Z,53.158652,2021-01-26T21:00:00Z,49.994446,-1284.67,8.2123,-1317.7,0.0,1317.7,4.0,False,6946;6962
ISRG,Short,87,2021-01-13T21:00:00Z,262.45664,2021-01-26T21:00:00Z,251.493308,953.81,9.1704,-327.7,1255.41,741.53,13.0,True,6783;6963
MRK,Long,354,2021-01-22T21:00:00Z,64.523894,2021-01-26T21:00:00Z,64.468057,-19.77,9.1055,-180.72,70.59,251.32,4.0,False,6947;6964
MU,Short,297,2021-01-13T21:00:00Z,77.045598,2021-01-26T21:00:00Z,79.834491,-828.3,9.2341,-1879.61,0.0,1879.61,13.0,False,6756;6965
NEE,Long,327,2021-01-14T21:00:00Z,70.58623,2021-01-26T21:00:00Z,74.349796,1230.69,9.449,0.0,1382.76,461.86,12.0,True,6804;6966
V,Long,116,2021-01-22T21:00:00Z,195.551219,2021-01-26T21:00:00Z,193.413471,-247.98,8.9857,-334.72,0.0,334.72,4.0,False,6944;6967
XOM,Long,594,2021-01-22T21:00:00Z,37.666142,2021-01-26T21:00:00Z,37.978624,185.61,8.8809,-542.57,185.61,542.57,4.0,True,6948;6968
TXN,Long,155,2021-01-21T21:00:00Z,148.815754,2021-01-26T21:00:00Z,146.810726,-310.78,13.7311,-390.13,0.0,390.13,5.0,False,6894;6976
SPY,Long,97,2021-01-19T21:00:00Z,350.341169,2021-01-27T21:00:00Z,352.19365,179.69,6.7278,-344.11,562.43,906.54,8.0,True,6873;6981
ACN,Long,101,2021-01-26T21:00:00Z,227.911434,2021-01-27T21:00:00Z,223.833711,-411.85,9.0751,-644.6,0.0,644.6,1.0,False,6974;6982
ADBE,Long,48,2021-01-21T21:00:00Z,470.26,2021-01-27T21:00:00Z,470.99,35.04,8.9474,-492.48,288.96,781.44,6.0,True,6890;6983
CRM,Long,104,2021-01-26T21:00:00Z,223.532714,2021-01-27T21:00:00Z,219.646895,-404.13,9.2059,-404.13,0.0,404.13,1.0,False,6972;6984
SQ,Long,104,2021-01-22T21:00:00Z,219.0,2021-01-27T21:00:00Z,203.98,-1562.08,8.8471,-1720.16,0.0,1720.16,5.0,False,6957;6985
LLY,Short,120,2021-01-21T21:00:00Z,192.3776,2021-01-27T21:00:00Z,198.695745,-758.18,9.2897,-1022.24,0.0,1022.24,6.0,False,6892;6986
MMM,Short,244,2021-01-12T21:00:00Z,95.117239,2021-01-27T21:00:00Z,101.762259,-1621.38,5.2245,-2914.02,48.96,2962.98,15.0,False,6722;6987
NOW,Long,214,2021-01-26T21:00:00Z,108.0,2021-01-27T21:00:00Z,104.614,-724.6,8.9791,-1005.8,0.0,1005.8,1.0,False,6978;6988
TMUS,Long,186,2021-01-22T21:00:00Z,123.28594,2021-01-27T21:00:00Z,122.577074,-131.85,8.9176,-1260.48,170.52,1431.0,5.0,False,6952;6989
UNP,Short,125,2021-01-22T21:00:00Z,182.860272,2021-01-27T21:00:00Z,173.321345,1192.37,4.2791,0.0,1462.11,269.74,5.0,True,6955;6990
WMT,Short,517,2021-01-06T21:00:00Z,44.90198,2021-01-27T21:00:00Z,45.480701,-299.2,4.6029,-620.8,272.0,659.2,21.0,False,6623;6991
AMAT,Short,223,2021-01-26T21:00:00Z,103.869492,2021-01-27T21:00:00Z,97.094358,1510.86,12.9952,0.0,2185.42,674.56,1.0,True,6979;7000
COST,Long,67,2021-01-26T21:00:00Z,339.352384,2021-01-28T21:00:00Z,336.158945,-213.96,9.1143,-242.99,0.0,242.99,2.0,False,6975;7005
TMO,Long,45,2021-01-26T21:00:00Z,508.073498,2021-01-28T21:00:00Z,483.585657,-1101.95,8.8963,-1493.93,0.0,1493.93,2.0,False,6973;7019
ABT,Short,223,2021-01-27T21:00:00Z,104.936083,2021-01-28T21:00:00Z,106.187895,-279.15,9.4222,-753.11,0.0,753.11,1.0,False,6994;7033
AMGN,Long,108,2021-01-22T21:00:00Z,211.191921,2021-01-28T21:00:00Z,211.376105,19.89,9.0644,-407.78,573.25,981.03,6.0,True,6953;7034
BLK,Long,35,2021-01-15T21:00:00Z,647.667756,2021-01-28T21:00:00Z,612.168114,-1242.49,8.8432,-1355.8,0.61,1356.41,13.0,False,6837;7035
SCHW,Long,443,2021-01-27T21:00:00Z,51.400394,2021-01-28T21:00:00Z,49.767752,-723.26,8.7967,-723.26,0.0,723.26,1.0,False,6998;7036
SHOP,Long,191,2021-01-21T21:00:00Z,121.625,2021-01-28T21:00:00Z,111.024,-2024.79,8.8575,-2371.65,0.0,2371.65,7.0,False,6922;7037
MELI,Short,12,2021-01-27T21:00:00Z,1803.55,2021-01-28T21:00:00Z,1741.0,750.6,8.5522,-494.16,750.6,494.16,1.0,True,7002;7038
CSCO,Short,595,2021-01-12T21:00:00Z,38.847249,2021-01-28T21:00:00Z,39.215916,-219.36,9.2977,-219.36,275.47,494.83,16.0,False,6711;7039
CVS,Short,367,2021-01-21T21:00:00Z,62.492668,2021-01-28T21:00:00Z,60.601993,693.88,9.0075,0.0,700.02,313.17,7.0,True,6926;7040
CVX,Short,316,2021-01-19T21:00:00Z,73.546128,2021-01-28T21:00:00Z,69.794095,1185.64,9.1232,-467.3,1317.38,467.3,9.0,True,6869;7041
DHR,Long,128,2021-01-22T21:00:00Z,179.637759,2021-01-28T21:00:00Z,172.702116,-887.76,9.1443,-1245.41,341.97,1587.39,6.0,False,6951;7042
UTX,Long,390,2021-01-27T21:00:00Z,58.700308,2021-01-28T21:00:00Z,58.603282,-37.84,9.1965,-37.84,557.28,595.12,1.0,False,6999;7043
EL,Short,97,2021-01-07T21:00:00Z,240.509001,2021-01-28T21:00:00Z,219.06492,2080.08,8.9949,0.0,2256.1,824.7,21.0,True,6669;7044
UBER,Short,403,2021-01-15T21:00:00Z,57.49,2021-01-28T21:00:00Z,50.0,3018.47,4.1573,0.0,3780.14,1398.41,13.0,True,6842;7045
GS,Short,93,2021-01-27T21:00:00Z,241.552136,2021-01-28T21:00:00Z,240.081819,136.74,8.9263,0.0,136.74,0.0,1.0,True,7001;7046
IBM,Long,247,2021-01-27T21:00:00Z,92.736581,2021-01-28T21:00:00Z,93.544046,199.44,9.1274,-312.34,199.44,312.34,1.0,True,6997;7047
DE,Short,91,2021-01-06T21:00:00Z,256.214502,2021-01-28T21:00:00Z,267.655645,-1041.14,9.8912,-2585.9,0.0,2585.9,22.0,False,6636;7048
JNJ,Long,161,2021-01-26T21:00:00Z,145.830303,2021-01-28T21:00:00Z,144.541291,-207.53,9.3981,-251.8,0.0,251.8,2.0,False,6970;7049
KO,Long,529,2021-01-06T21:00:00Z,43.860352,2021-01-28T21:00:00Z,41.092179,-1464.36,8.8996,-1553.65,0.0,1553.65,22.0,False,6626;7050
LMT,Short,78,2021-01-26T21:00:00Z,289.662754,2021-01-28T21:00:00Z,284.354752,414.02,8.7945,0.0,703.84,289.82,2.0,True,6980;7051
MA,Long,70,2021-01-22T21:00:00Z,320.494159,2021-01-28T21:00:00Z,317.293,-224.08,8.8718,-1011.76,0.0,1011.76,6.0,False,6945;7052
NEE,Long,315,2021-01-27T21:00:00Z,72.859872,2021-01-28T21:00:00Z,69.475247,-1066.16,8.825,-1066.16,0.0,1066.16,1.0,False,6996;7053
NKE,Long,184,2021-01-26T21:00:00Z,124.984275,2021-01-28T21:00:00Z,120.085066,-901.45,9.0085,-1125.15,0.0,1125.15,2.0,False,6971;7054
PFE,Long,832,2021-01-27T21:00:00Z,27.561412,2021-01-28T21:00:00Z,27.077903,-402.28,8.9902,-464.95,0.0,464.95,1.0,False,6993;7055
ABNB,Long,127,2021-01-22T21:00:00Z,178.41,2021-01-28T21:00:00Z,202.6,3072.13,4.7592,-111.76,3072.13,1762.76,6.0,True,6956;7056
PYPL,Short,95,2021-01-21T21:00:00Z,243.949501,2021-01-28T21:00:00Z,232.536775,1084.21,9.1402,-500.77,1571.82,737.53,7.0,True,6888;7057
AMAT,Long,229,2021-01-27T21:00:00Z,97.094358,2021-01-28T21:00:00Z,96.464556,-144.22,4.4207,-144.22,0.0,144.22,1.0,False,7000;7058
SYK,Short,103,2021-01-06T21:00:00Z,225.654528,2021-01-28T21:00:00Z,219.618307,621.73,9.1942,-615.89,861.08,615.89,22.0,True,6634;7059
TGT,Short,139,2021-01-19T21:00:00Z,164.683889,2021-01-28T21:00:00Z,150.715998,1941.54,8.7528,0.0,1941.54,602.83,9.0,True,6872;7060
TXN,Short,156,2021-01-26T21:00:00Z,146.810726,2021-01-28T21:00:00Z,142.92865,605.6,4.5049,0.0,1216.53,838.53,2.0,True,6976;7061
AMD,Long,251,2021-01-14T21:00:00Z,91.87,2021-01-28T21:00:00Z,89.78,-524.59,8.9512,-1091.85,712.84,1804.69,14.0,False,6808;7062
AMT,Long,118,2021-01-28T21:00:00Z,193.868673,2021-01-29T21:00:00Z,193.153511,-84.39,9.1556,-84.39,0.0,84.39,1.0,False,7028;7077
BKNG,Long,313,2021-01-28T21:00:00Z,77.328273,2021-01-29T21:00:00Z,79.553907,696.62,9.7313,-424.5,696.62,424.5,1.0,True,7070;7078
CI,Long,120,2021-01-28T21:00:00Z,193.566373,2021-01-29T21:00:00Z,196.382112,337.89,9.4099,0.0,337.89,0.0,1.0,True,7073;7079
LRCX,Long,475,2021-01-28T21:00:00Z,49.693865,2021-01-29T21:00:00Z,47.677297,-957.87,8.8908,-1902.29,0.0,1902.29,1.0,False,7075;7080
INTC,Long,463,2021-01-27T21:00:00Z,49.370646,2021-01-29T21:00:00Z,50.573044,556.71,9.1334,0.0,609.03,232.31,2.0,True,6992;7081
MCD,Short,127,2021-01-28T21:00:00Z,182.540819,2021-01-29T21:00:00Z,179.36475,403.36,9.2153,0.0,403.36,0.0,1.0,True,7025;7082
MDLZ,Long,472,2021-01-28T21:00:00Z,49.069313,2021-01-29T21:00:00Z,47.647517,-671.09,9.2119,-671.09,0.0,671.09,1.0,False,7030;7083
MMM,Long,215,2021-01-28T21:00:00Z,106.068048,2021-01-29T21:00:00Z,104.514295,-334.06,8.8504,-1150.09,0.0,1150.09,1.0,False,7067;7084
MRK,Short,376,2021-01-28T21:00:00Z,61.484754,2021-01-29T21:00:00Z,62.13087,-242.94,9.2947,-242.94,15.0,257.94,1.0,False,7023;7085
ZM,Long,59,2021-01-15T21:00:00Z,398.0,2021-01-29T21:00:00Z,379.0,-1121.0,8.9279,-1608.34,0.0,1608.34,14.0,False,6838;7086
SPGI,Long,83,2021-01-28T21:00:00Z,278.185959,2021-01-29T21:00:00Z,283.556658,445.77,9.5133,0.0,620.04,174.27,1.0,True,7074;7087
T,Long,1526,2020-12-29T21:00:00Z,15.408656,2021-01-29T21:00:00Z,15.714077,466.07,9.4541,-163.92,1266.79,900.8,31.0,True,6520;7088
PLD,Long,263,2021-01-28T21:00:00Z,87.506167,2021-01-29T21:00:00Z,86.809651,-183.18,9.2307,-183.18,40.21,223.39,1.0,False,7072;7089
TJX,Long,393,2021-01-28T21:00:00Z,59.581862,2021-01-29T21:00:00Z,59.940678,141.01,9.367,-260.33,141.01,260.33,1.0,True,7071;7090
TMO,Short,48,2021-01-28T21:00:00Z,483.585657,2021-01-29T21:00:00Z,486.252942,-128.03,9.5071,-867.86,0.0,867.86,1.0,False,7065;7091
UNH,Long,76,2021-01-28T21:00:00Z,304.277888,2021-01-29T21:00:00Z,304.178462,-7.56,9.2288,-210.2,0.0,210.2,1.0,False,7064;7092
SPY,Short,172,2021-01-28T21:00:00Z,348.516475,2021-01-29T21:00:00Z,347.868107,111.52,36.095,0.0,987.74,876.22,1.0,True,7032;7100
SPY,Short,179,2021-01-28T21:00:00Z,348.516475,2021-01-29T21:00:00Z,347.868107,116.06,18.3982,0.0,1027.94,911.88,1.0,True,7076;7100
ABT,Long,213,2021-01-29T21:00:00Z,108.295262,2021-02-02T21:00:00Z,111.195144,617.67,9.3514,-3.84,617.67,445.03,4.0,True,7095;7101
CAT,Short,140,2021-01-28T21:00:00Z,165.599796,2021-02-02T21:00:00Z,169.452222,-539.34,9.587,-1302.56,0.0,1302.56,5.0,False,7068;7102
DHR,Long,132,2021-01-29T21:00:00Z,174.493441,2021-02-02T21:00:00Z,187.361892,1698.64,9.7632,0.0,1732.99,34.36,4.0,True,7097;7103
MO,Long,856,2021-01-28T21:00:00Z,27.004723,2021-02-02T21:00:00Z,26.54603,-392.64,9.3061,-575.14,0.0,575.14,5.0,False,7069;7104
PEP,Short,195,2021-01-13T21:00:00Z,117.381908,2021-02-02T21:00:00Z,114.329247,595.27,9.1146,-152.47,738.0,520.66,20.0,True,6744;7105
PG,Long,204,2021-01-29T21:00:00Z,113.060563,2021-02-02T21:00:00Z,112.591612,-95.67,9.1042,-255.11,0.0,255.11,4.0,False,7093;7106
NOW,Long,223,2021-01-28T21:00:00Z,109.0,2021-02-02T21:00:00Z,112.576,797.45,10.1487,-82.06,1717.55,920.1,5.0,True,7027;7107
XOM,Short,629,2021-01-27T21:00:00Z,36.055656,2021-02-02T21:00:00Z,36.704658,-408.22,9.1704,-529.18,85.68,529.18,6.0,False,6995;7108
ZTS,Long,156,2021-01-29T21:00:00Z,146.740843,2021-02-02T21:00:00Z,148.53209,279.43,9.1666,-13.24,279.43,13.24,4.0,True,7099;7109
SPY,Short,84,2021-01-28T21:00:00Z,348.516475,2021-02-02T21:00:00Z,351.674955,-265.31,15.0551,-410.81,482.39,893.19,5.0,False,7076;7118
ACN,Long,104,2021-01-28T21:00:00Z,224.355804,2021-02-03T21:00:00Z,223.410636,-98.3,9.3188,-685.27,0.0,685.27,6.0,False,7024;7119
ADBE,Long,49,2021-01-29T21:00:00Z,463.33,2021-02-03T21:00:00Z,487.46,1182.37,9.2188,0.0,1182.37,147.49,5.0,True,7094;7120
BDX,Long,127,2021-02-02T21:00:00Z,182.165007,2021-02-03T21:00:00Z,179.423231,-348.21,9.1533,-348.21,0.0,348.21,1.0,False,7117;7121
CI,Long,118,2021-02-02T21:00:00Z,197.83946,2021-02-03T21:00:00Z,195.869342,-232.47,9.2828,-232.47,0.0,232.47,1.0,False,7116;7122
CSCO,Short,595,2021-01-29T21:00:00Z,38.444287,2021-02-03T21:00:00Z,39.22449,-464.22,9.2181,-505.03,0.0,505.03,5.0,False,7096;7123
SQ,Short,114,2021-01-28T21:00:00Z,208.31,2021-02-03T21:00:00Z,228.5,-2301.66,10.2069,-2301.66,0.0,2301.66,6.0,False,7029;7124
FIS,Long,217,2021-01-28T21:00:00Z,107.057895,2021-02-03T21:00:00Z,112.799334,1245.89,9.6694,0.0,1671.23,425.33,6.0,True,7031;7125
HON,Long,131,2021-01-28T21:00:00Z,176.600592,2021-02-03T21:00:00Z,175.729121,-114.16,9.2709,-633.08,0.0,633.08,6.0,False,7066;7126
INTU,Short,64,2021-02-02T21:00:00Z,361.894734,2021-02-03T21:00:00Z,368.001161,-390.81,9.4073,-390.81,0.0,390.81,1.0,False,7114;7127
JPM,Short,193,2021-01-21T21:00:00Z,118.350663,2021-02-03T21:00:00Z,116.571348,343.41,9.0892,0.0,1318.08,1225.49,13.0,True,6887;7128
LLY,Short,120,2021-02-02T21:00:00Z,193.019803,2021-02-03T21:00:00Z,186.871653,737.78,8.9454,0.0,840.91,103.13,1.0,True,7111;7129
MRK,Short,374,2021-02-02T21:00:00Z,62.051103,2021-02-03T21:00:00Z,61.923475,47.73,9.2542,0.0,146.18,98.45,1.0,True,7112;7130
MU,Short,294,2021-02-02T21:00:00Z,79.317668,2021-02-03T21:00:00Z,79.814988,-146.21,9.2159,-146.21,639.32,785.53,1.0,False,7115;7131
UNH,Long,76,2021-02-02T21:00:00Z,304.693667,2021-02-03T21:00:00Z,305.507147,61.82,9.2958,0.0,61.82,0.0,1.0,True,7110;7132
ISRG,Short,91,2021-02-03T21:00:00Z,251.663308,2021-02-04T21:00:00Z,249.999975,151.36,9.1149,-62.49,151.36,62.49,1.0,True,7142;7151
PLD,Long,254,2021-02-03T21:00:00Z,90.784887,2021-02-04T21:00:00Z,90.190301,-151.03,9.1672,-151.03,0.0,151.03,1.0,False,7143;7154
AAPL,Short,166,2021-01-26T21:00:00Z,139.193752,2021-02-04T21:00:00Z,132.261213,1150.8,9.031,0.0,1867.03,873.97,9.0,True,6969;7173
AMGN,Long,111,2021-01-29T21:00:00Z,205.055249,2021-02-04T21:00:00Z,197.813474,-803.84,8.8961,-803.84,0.0,803.84,6.0,False,7098;7174
AVGO,Short,549,2021-01-22T21:00:00Z,41.488833,2021-02-04T21:00:00Z,41.155119,183.21,9.1914,-645.9,934.71,1580.61,13.0,True,6950;7175
BLK,Long,37,2021-02-02T21:00:00Z,627.762475,2021-02-04T21:00:00Z,632.064668,159.18,9.4408,0.0,422.33,263.15,2.0,True,7113;7176
CAT,Short,132,2021-02-03T21:00:00Z,173.459108,2021-02-04T21:00:00Z,174.449472,-130.73,9.1893,-130.73,0.0,130.73,1.0,False,7140;7177
SHOP,Long,187,2021-02-03T21:00:00Z,123.535,2021-02-04T21:00:00Z,124.327,148.1,9.294,0.0,477.22,329.12,1.0,True,7138;7178
DE,Short,82,2021-02-03T21:00:00Z,281.612347,2021-02-04T21:00:00Z,281.584397,2.29,9.3269,-535.55,2.29,535.55,1.0,True,7141;7179
JNJ,Long,166,2021-02-03T21:00:00Z,138.302469,2021-02-04T21:00:00Z,138.35403,8.56,9.2007,0.0,149.78,141.22,1.0,True,7135;7180
PEP,Short,200,2021-02-03T21:00:00Z,114.637008,2021-02-04T21:00:00Z,114.82832,-38.26,9.2395,-309.43,0.0,309.43,1.0,False,7137;7181
PG,Long,206,2021-02-03T21:00:00Z,111.983713,2021-02-04T21:00:00Z,112.357137,76.93,9.2303,0.0,76.93,0.0,1.0,True,7136;7182
SPGI,Long,77,2021-02-03T21:00:00Z,295.920078,2021-02-04T21:00:00Z,292.585919,-256.73,9.0577,-256.73,4.16,260.89,1.0,False,7144;7183
UNP,Long,135,2021-01-28T21:00:00Z,173.849817,2021-02-04T21:00:00Z,180.367644,879.91,9.649,0.0,1016.65,186.68,7.0,True,7026;7184
SPY,Long,129,2021-02-02T21:00:00Z,351.674955,2021-02-04T21:00:00Z,354.77786,400.27,28.4018,0.0,777.85,377.57,2.0,True,7118;7199
SPY,Long,200,2021-02-03T21:00:00Z,354.222116,2021-02-04T21:00:00Z,354.77786,111.15,14.1474,-509.43,696.53,585.38,1.0,True,7145;7199
SPY,Long,68,2021-02-04T21:00:00Z,354.77786,2021-02-04T21:00:00Z,354.77786,0.0,22.9646,-211.0,199.03,0.0,0.0,False,7172;7199
BKNG,Short,291,2021-02-04T21:00:00Z,79.561331,2021-02-05T21:00:00Z,82.417613,-831.18,9.5042,-831.18,0.0,831.18,1.0,False,7170;7200
BMY,Long,440,2021-01-26T21:00:00Z,52.126088,2021-02-05T21:00:00Z,49.29754,-1244.56,8.9153,-1273.01,0.0,1273.01,10.0,False,6977;7201
CI,Short,117,2021-02-04T21:00:00Z,188.915454,2021-02-05T21:00:00Z,186.657465,264.18,8.6057,0.0,691.51,427.33,1.0,True,7197;7202
EL,Short,100,2021-02-04T21:00:00Z,230.284375,2021-02-05T21:00:00Z,253.948397,-2366.4,9.6878,-2366.4,0.0,2366.4,1.0,False,7168;7203
SQ,Short,101,2021-02-04T21:00:00Z,233.97,2021-02-05T21:00:00Z,238.0,-407.03,9.6576,-647.41,0.0,647.41,1.0,False,7165;7204
UBER,Short,404,2021-02-04T21:00:00Z,56.45,2021-02-05T21:00:00Z,58.16,-690.84,9.4075,-860.52,0.0,860.52,1.0,False,7164;7205
INTU,Short,63,2021-02-04T21:00:00Z,367.289545,2021-02-05T21:00:00Z,377.482951,-642.18,9.4766,-642.18,0.0,642.18,1.0,False,7193;7206
LLY,Short,124,2021-02-04T21:00:00Z,185.870572,2021-02-05T21:00:00Z,190.413214,-563.29,9.4489,-580.85,0.0,580.85,1.0,False,7159;7207
MCD,Long,126,2021-02-04T21:00:00Z,183.7395,2021-02-05T21:00:00Z,186.00562,285.53,9.3401,0.0,285.53,0.0,1.0,True,7189;7208
MDT,Long,244,2021-02-04T21:00:00Z,94.98767,2021-02-05T21:00:00Z,99.076682,997.72,9.6453,0.0,1079.67,81.95,1.0,True,7190;7209
MRK,Long,374,2021-02-04T21:00:00Z,61.237475,2021-02-05T21:00:00Z,60.966265,-101.43,9.0591,-292.36,0.0,292.36,1.0,False,7158;7210
GM,Long,444,2021-02-04T21:00:00Z,51.240811,2021-02-05T21:00:00Z,52.544356,578.77,9.2383,0.0,578.77,0.0,1.0,True,7196;7211
PYPL,Short,92,2021-02-04T21:00:00Z,261.879547,2021-02-05T21:00:00Z,266.142013,-392.15,9.8241,-422.17,0.0,422.17,1.0,False,7185;7212
ZM,Long,60,2021-02-04T21:00:00Z,383.21,2021-02-05T21:00:00Z,388.3,305.4,9.7148,0.0,2182.8,1877.4,1.0,True,7192;7213
AMAT,Short,242,2021-02-04T21:00:00Z,95.643906,2021-02-05T21:00:00Z,100.348331,-1138.47,9.4195,-1138.47,0.0,1138.47,1.0,False,7194;7214
SYK,Short,104,2021-02-04T21:00:00Z,220.997475,2021-02-05T21:00:00Z,226.759752,-599.28,9.3499,-599.28,0.0,599.28,1.0,False,7169;7215
TJX,Long,376,2021-02-04T21:00:00Z,61.587551,2021-02-05T21:00:00Z,63.786449,826.79,9.4724,0.0,826.79,0.0,1.0,True,7171;7216
TGT,Short,147,2021-02-04T21:00:00Z,157.441592,2021-02-05T21:00:00Z,160.736625,-484.37,9.4,-484.37,0.0,484.37,1.0,False,7167;7217
XOM,Long,607,2021-02-04T21:00:00Z,38.355206,2021-02-05T21:00:00Z,39.364764,612.8,9.5597,0.0,1016.47,403.67,1.0,True,7187;7218
QCOM,Short,168,2021-01-13T21:00:00Z,137.411575,2021-02-05T21:00:00Z,131.550167,984.72,13.5468,-1388.7,1424.35,1650.11,23.0,True,6745;7224
AMD,Long,262,2021-02-04T21:00:00Z,88.29,2021-02-05T21:00:00Z,88.2,-23.58,13.8323,-102.18,0.0,102.18,1.0,False,7162;7231
SPY,Long,138,2021-02-04T21:00:00Z,354.77786,2021-02-05T21:00:00Z,359.63136,669.78,9.9115,-428.2,669.78,0.0,1.0,True,7172;7241
COST,Long,68,2021-02-05T21:00:00Z,336.539523,2021-02-09T21:00:00Z,340.560441,273.42,9.1748,0.0,273.42,17.33,4.0,True,7228;7244
LRCX,Long,471,2021-02-05T21:00:00Z,49.519209,2021-02-09T21:00:00Z,50.567145,493.58,9.2298,0.0,493.58,208.99,4.0,True,7240;7246
SNAP,Short,389,2021-02-04T21:00:00Z,60.1,2021-02-09T21:00:00Z,63.16,-1190.34,9.4255,-1431.52,0.0,1431.52,5.0,False,7195;7247
GS,Short,90,2021-02-05T21:00:00Z,258.180725,2021-02-09T21:00:00Z,262.206594,-362.33,9.3569,-430.07,0.0,430.07,4.0,False,7233;7248
LMT,Short,81,2021-02-04T21:00:00Z,285.938592,2021-02-09T21:00:00Z,289.833979,-315.53,9.4182,-578.35,0.0,578.35,5.0,False,7166;7249
MU,Short,292,2021-02-05T21:00:00Z,79.75648,2021-02-09T21:00:00Z,81.355705,-466.97,9.3634,-632.12,0.0,632.12,4.0,False,7236;7250
SPGI,Long,78,2021-02-05T21:00:00Z,296.424707,2021-02-09T21:00:00Z,296.631965,16.17,9.2275,-246.71,241.79,246.71,4.0,True,7238;7251
TMO,Long,46,2021-02-04T21:00:00Z,492.335532,2021-02-09T21:00:00Z,487.483239,-223.21,8.8581,-494.4,0.0,494.4,5.0,False,7188;7253
TXN,Long,156,2021-02-05T21:00:00Z,148.32758,2021-02-09T21:00:00Z,149.546476,190.15,9.2026,0.0,310.66,191.49,4.0,True,7227;7254
ZTS,Long,157,2021-02-04T21:00:00Z,146.458015,2021-02-09T21:00:00Z,150.662731,660.14,13.9674,0.0,691.22,31.08,5.0,True,7198;7272
FISV,Short,206,2021-02-05T21:00:00Z,112.87,2021-02-09T21:00:00Z,112.65,45.32,13.9037,-119.48,45.32,119.48,4.0,True,7239;7273
ABBV,Short,253,2021-01-22T21:00:00Z,89.988879,2021-02-09T21:00:00Z,86.20715,956.78,8.8982,0.0,1726.31,1341.55,18.0,True,6949;7275
AMZN,Short,137,2021-02-03T21:00:00Z,170.861217,2021-02-09T21:00:00Z,165.235945,770.66,9.0447,0.0,821.85,144.54,6.0,True,7133;7276
AVGO,Short,549,2021-02-05T21:00:00Z,42.43719,2021-02-09T21:00:00Z,42.228731,114.44,9.2404,-14.74,114.44,94.8,4.0,True,7222;7277
MELI,Short,12,2021-02-05T21:00:00Z,1912.88,2021-02-09T21:00:00Z,1893.26,235.44,9.1107,0.0,418.56,183.12,4.0,True,7235;7278
CSCO,Long,571,2021-02-05T21:00:00Z,40.827764,2021-02-09T21:00:00Z,41.813735,562.99,9.4563,0.0,646.21,215.4,4.0,True,7221;7279
DIS,Long,135,2021-02-04T21:00:00Z,172.378641,2021-02-09T21:00:00Z,182.277882,1336.4,9.6456,0.0,1592.94,256.55,5.0,True,7157;7280
HON,Long,131,2021-02-04T21:00:00Z,175.905175,2021-02-09T21:00:00Z,179.223809,434.74,9.2855,0.0,464.72,212.18,5.0,True,7161;7281
ORCL,Short,405,2021-01-21T21:00:00Z,56.855381,2021-02-09T21:00:00Z,58.174167,-534.11,9.3286,-754.48,481.82,1236.29,19.0,False,6893;7282
PG,Long,206,2021-02-05T21:00:00Z,112.131346,2021-02-09T21:00:00Z,112.426611,60.82,9.2407,-76.93,60.82,76.93,4.0,True,7219;7283
T,Long,1481,2021-02-04T21:00:00Z,15.588364,2021-02-09T21:00:00Z,15.681282,137.61,9.3106,0.0,331.89,246.89,5.0,True,7186;7284
SPY,Long,115,2021-02-04T21:00:00Z,354.77786,2021-02-10T21:00:00Z,363.178861,966.12,8.3101,-356.83,966.12,45.8,6.0,True,7172;7293
AXP,Short,191,2021-02-09T21:00:00Z,119.89816,2021-02-10T21:00:00Z,119.879375,3.59,9.1462,-104.05,3.59,104.05,1.0,True,7263;7294
BDX,Long,129,2021-02-09T21:00:00Z,177.993342,2021-02-10T21:00:00Z,177.854518,-17.91,9.0808,-316.08,0.0,316.08,1.0,False,7274;7295
CVX,Short,330,2021-02-05T21:00:00Z,70.745869,2021-02-10T21:00:00Z,71.878558,-373.79,9.4376,-672.3,0.0,672.3,5.0,False,7223;7296
SQ,Short,88,2021-02-09T21:00:00Z,256.58,2021-02-10T21:00:00Z,259.77,-280.72,9.0747,-280.72,0.0,280.72,1.0,False,7261;7297
GILD,Short,418,2021-02-09T21:00:00Z,54.968267,2021-02-10T21:00:00Z,54.652078,132.17,9.1222,0.0,172.83,40.67,1.0,True,7269;7298
ISRG,Short,89,2021-02-09T21:00:00Z,257.663308,2021-02-10T21:00:00Z,262.333307,-415.63,9.3001,-447.97,0.0,447.97,1.0,False,7268;7299
NKE,Short,177,2021-02-09T21:00:00Z,130.28268,2021-02-10T21:00:00Z,129.121386,205.55,9.1293,0.0,205.55,0.0,1.0,True,7255;7300
PEP,Long,197,2021-02-09T21:00:00Z,117.29873,2021-02-10T21:00:00Z,116.8662,-85.21,9.0878,-544.02,0.0,544.02,1.0,False,7256;7301
AMAT,Short,227,2021-02-09T21:00:00Z,101.779697,2021-02-10T21:00:00Z,102.218649,-99.64,9.1524,-99.64,168.96,268.6,1.0,False,7267;7302
TGT,Short,140,2021-02-09T21:00:00Z,164.285774,2021-02-10T21:00:00Z,164.090952,27.28,9.1725,0.0,179.07,151.79,1.0,True,7265;7303
UPS,Long,186,2021-02-04T21:00:00Z,123.660741,2021-02-10T21:00:00Z,130.425076,1258.17,9.4757,0.0,1258.17,182.01,6.0,True,7191;7304
SHOP,Long,171,2021-02-09T21:00:00Z,136.28,2021-02-10T21:00:00Z,144.5,1405.62,14.6113,0.0,1703.5,297.88,1.0,True,7259;7309
LRCX,Short,458,2021-02-09T21:00:00Z,50.567145,2021-02-10T21:00:00Z,50.319794,113.29,13.827,0.0,134.91,21.62,1.0,True,7292;7319
AVGO,Long,544,2021-02-10T21:00:00Z,42.694857,2021-02-11T21:00:00Z,42.379931,-171.32,9.2322,-171.32,57.43,228.75,1.0,False,7308;7320
SHOP,Short,161,2021-02-10T21:00:00Z,144.5,2021-02-11T21:00:00Z,147.563,-493.14,4.7119,-493.14,0.0,493.14,1.0,False,7309;7321
MELI,Short,12,2021-02-10T21:00:00Z,1878.0,2021-02-11T21:00:00Z,1934.99,-683.88,9.234,-771.0,0.0,771.0,1.0,False,7315;7322
CVS,Short,377,2021-02-09T21:00:00Z,61.338185,2021-02-11T21:00:00Z,61.907061,-214.47,9.2782,-214.47,0.0,214.47,2.0,False,7266;7323
UBER,Short,388,2021-02-09T21:00:00Z,58.91,2021-02-11T21:00:00Z,63.25,-1683.92,9.3368,-1683.92,0.0,1683.92,2.0,False,7262;7324
FISV,Long,203,2021-02-09T21:00:00Z,112.65,2021-02-11T21:00:00Z,110.69,-397.88,4.4043,-846.51,0.0,846.51,2.0,False,7273;7325
MU,Short,284,2021-02-10T21:00:00Z,81.901782,2021-02-11T21:00:00Z,82.350345,-127.39,9.3511,-689.58,0.0,689.58,1.0,False,7316;7326
V,Long,119,2021-02-04T21:00:00Z,195.004799,2021-02-11T21:00:00Z,199.061617,482.76,9.5879,0.0,863.23,380.47,7.0,True,7156;7327
SPY,Short,123,2021-02-11T21:00:00Z,362.474918,2021-02-12T21:00:00Z,361.122607,166.33,17.849,-148.11,166.33,148.11,1.0,True,7342;7343
CI,Long,121,2021-02-11T21:00:00Z,191.074488,2021-02-12T21:00:00Z,188.114812,-358.12,9.0431,-595.42,0.0,595.42,1.0,False,7341;7344
CRM,Short,98,2021-02-09T21:00:00Z,235.072418,2021-02-12T21:00:00Z,236.43638,-133.67,9.1754,-161.56,273.11,434.66,3.0,False,7287;7345
DHR,Long,128,2021-02-05T21:00:00Z,180.854942,2021-02-12T21:00:00Z,183.909381,390.97,9.436,-58.79,945.57,554.61,7.0,True,7225;7346
FB,Long,85,2021-02-11T21:00:00Z,269.310634,2021-02-12T21:00:00Z,268.082398,-104.4,9.1079,-117.03,0.0,117.03,1.0,False,7328;7347
SNAP,Short,367,2021-02-11T21:00:00Z,64.29,2021-02-12T21:00:00Z,62.06,818.41,9.1163,0.0,851.44,33.03,1.0,True,7338;7348
HON,Long,130,2021-02-10T21:00:00Z,178.695644,2021-02-12T21:00:00Z,178.141072,-72.09,9.286,-93.84,65.23,137.32,2.0,False,7311;7349
DE,Short,78,2021-02-09T21:00:00Z,295.02867,2021-02-12T21:00:00Z,292.596962,189.67,9.1324,0.0,265.98,76.31,3.0,True,7290;7350
INTU,Short,61,2021-02-09T21:00:00Z,371.049566,2021-02-12T21:00:00Z,394.27322,-1416.64,9.4506,-1650.7,0.0,1650.7,3.0,False,7289;7351
JNJ,Long,160,2021-02-11T21:00:00Z,143.510081,2021-02-12T21:00:00Z,141.275792,-357.49,9.1472,-357.49,0.0,357.49,1.0,False,7329;7352
MA,Long,70,2021-02-09T21:00:00Z,325.887626,2021-02-12T21:00:00Z,331.106484,365.32,9.1593,-118.15,469.89,126.98,3.0,True,7285;7353
PFE,Long,877,2021-02-10T21:00:00Z,26.362354,2021-02-12T21:00:00Z,25.948088,-363.31,9.1759,-376.52,0.0,376.52,2.0,False,7306;7354
NOW,Short,195,2021-02-11T21:00:00Z,118.8,2021-02-12T21:00:00Z,118.264,104.52,9.2489,0.0,105.69,1.17,1.0,True,7334;7355
SPGI,Long,77,2021-02-10T21:00:00Z,301.849473,2021-02-12T21:00:00Z,304.282507,187.34,9.3318,0.0,310.85,123.51,2.0,True,7318;7356
TGT,Short,141,2021-02-11T21:00:00Z,162.4392,2021-02-12T21:00:00Z,161.829323,85.99,9.1236,0.0,85.99,0.0,1.0,True,7337;7357
ABT,Short,201,2021-02-12T21:00:00Z,113.842861,2021-02-16T21:00:00Z,115.716077,-376.52,9.2771,-376.52,0.0,376.52,4.0,False,7361;7372
ACN,Long,103,2021-02-04T21:00:00Z,224.643855,2021-02-16T21:00:00Z,231.926147,750.08,9.4582,0.0,872.46,178.02,12.0,True,7160;7373
AVGO,Long,537,2021-02-12T21:00:00Z,42.799534,2021-02-16T21:00:00Z,43.758628,515.03,9.3729,0.0,516.47,1.44,4.0,True,7363;7374
CB,Long,151,2021-02-12T21:00:00Z,150.862858,2021-02-16T21:00:00Z,151.86274,150.98,9.1066,0.0,150.98,0.0,4.0,True,7371;7375
CSCO,Long,556,2021-02-10T21:00:00Z,39.533142,2021-02-16T21:00:00Z,40.356213,457.63,8.938,0.0,700.74,510.06,6.0,True,7305;7376
LRCX,Long,463,2021-02-10T21:00:00Z,50.319794,2021-02-16T21:00:00Z,55.701086,2491.54,5.1736,0.0,2569.78,78.24,6.0,True,7319;7377
UBER,Short,379,2021-02-12T21:00:00Z,60.12,2021-02-16T21:00:00Z,61.02,-341.1,9.1832,-341.1,0.0,341.1,4.0,False,7366;7378
HD,Short,95,2021-02-05T21:00:00Z,242.876498,2021-02-16T21:00:00Z,240.025652,270.83,9.1251,0.0,403.36,158.05,11.0,True,7220;7379
MDLZ,Long,476,2021-02-05T21:00:00Z,48.592491,2021-02-16T21:00:00Z,47.872924,-342.51,9.1687,-482.82,0.0,482.82,11.0,False,7237;7380
MMM,Short,230,2021-02-03T21:00:00Z,100.55251,2021-02-16T21:00:00Z,103.473704,-671.87,9.3232,-763.52,0.0,763.52,13.0,False,7139;7381
MU,Short,273,2021-02-12T21:00:00Z,83.920316,2021-02-16T21:00:00Z,86.78722,-782.66,9.3574,-782.66,0.0,782.66,4.0,False,7369;7382
PYPL,Long,82,2021-02-09T21:00:00Z,277.287717,2021-02-16T21:00:00Z,302.625157,2077.67,9.5529,0.0,2077.67,0.0,7.0,True,7286;7383
SBUX,Short,248,2021-02-10T21:00:00Z,93.741931,2021-02-16T21:00:00Z,92.039447,422.22,9.2287,0.0,422.22,184.99,6.0,True,7312;7384
SYK,Short,101,2021-02-10T21:00:00Z,230.311581,2021-02-16T21:00:00Z,233.731162,-345.38,9.363,-405.48,0.0,405.48,6.0,False,7317;7385
UNP,Long,128,2021-02-05T21:00:00Z,181.926637,2021-02-16T21:00:00Z,187.933608,768.89,9.4294,-343.86,838.79,343.86,11.0,True,7230;7386
ZTS,Short,152,2021-02-09T21:00:00Z,150.662731,2021-02-16T21:00:00Z,158.365094,-1170.76,9.3425,-1170.76,0.0,1170.76,7.0,False,7272;7397
BDX,Long,129,2021-02-16T21:00:00Z,178.000283,2021-02-17T21:00:00Z,178.187696,24.18,9.2077,0.0,34.03,9.85,1.0,True,7398;7400
BLK,Short,36,2021-02-11T21:00:00Z,636.707198,2021-02-17T21:00:00Z,633.53073,114.35,9.0654,-21.68,258.55,230.28,6.0,True,7335;7401
MELI,Short,11,2021-02-16T21:00:00Z,1958.5,2021-02-17T21:00:00Z,1900.0,643.5,8.4263,0.0,750.75,107.25,1.0,True,7393;7402
TSLA,Long,85,2021-02-12T21:00:00Z,267.153307,2021-02-17T21:00:00Z,259.389974,-659.88,9.1475,-659.88,0.0,659.88,5.0,False,7358;7403
SNAP,Short,371,2021-02-16T21:00:00Z,62.49,2021-02-17T21:00:00Z,62.07,155.82,9.3143,-85.33,155.82,85.33,1.0,True,7394;7404
INTU,Short,57,2021-02-16T21:00:00Z,402.389478,2021-02-17T21:00:00Z,403.735777,-76.74,9.1875,-76.74,144.16,220.9,1.0,False,7392;7405
ISRG,Short,87,2021-02-11T21:00:00Z,264.66664,2021-02-17T21:00:00Z,260.666641,348.0,9.1576,-400.49,404.26,400.49,6.0,True,7339;7406
KO,Short,542,2021-02-12T21:00:00Z,42.712573,2021-02-17T21:00:00Z,42.19776,279.03,9.2235,0.0,279.03,0.0,5.0,True,7362;7407
MSFT,Short,104,2021-01-28T21:00:00Z,224.871247,2021-02-17T21:00:00Z,230.320495,-566.72,9.5929,-907.34,384.75,1292.09,20.0,False,7063;7408
ORCL,Long,396,2021-02-16T21:00:00Z,58.201834,2021-02-17T21:00:00Z,57.021382,-467.46,9.0753,-467.46,0.0,467.46,1.0,False,7388;7409
TMO,Long,48,2021-02-10T21:00:00Z,486.449789,2021-02-17T21:00:00Z,489.737144,157.79,9.2913,-8.98,642.04,484.25,7.0,True,7307;7410
TXN,Long,155,2021-02-10T21:00:00Z,150.387685,2021-02-17T21:00:00Z,153.065822,415.11,9.3903,0.0,739.75,324.64,7.0,True,7310;7411
WFC,Long,784,2021-02-09T21:00:00Z,29.184279,2021-02-17T21:00:00Z,30.336521,903.36,9.6363,-317.21,2351.49,1448.13,8.0,True,7260;7412
V,Long,113,2021-02-12T21:00:00Z,201.01066,2021-02-19T21:00:00Z,201.029863,2.17,8.9982,-502.33,2.17,502.33,7.0,True,7359;7434
AMGN,Long,116,2021-02-05T21:00:00Z,199.512989,2021-02-19T21:00:00Z,195.682918,-444.29,9.1236,-475.6,64.47,540.06,14.0,False,7229;7446
AXP,Short,190,2021-02-11T21:00:00Z,119.710306,2021-02-19T21:00:00Z,121.635815,-365.85,9.2822,-760.25,0.0,760.25,8.0,False,7336;7447
BKNG,Short,274,2021-02-11T21:00:00Z,83.826217,2021-02-19T21:00:00Z,88.814356,-1366.75,9.5334,-1581.41,0.0,1581.41,8.0,False,7340;7448
C,Long,430,2021-02-17T21:00:00Z,53.020964,2021-02-19T21:00:00Z,53.320142,128.65,9.3312,-107.21,711.13,582.48,2.0,True,7419;7449
CVS,Short,373,2021-02-12T21:00:00Z,61.54733,2021-02-19T21:00:00Z,59.639924,711.46,9.0262,0.0,982.94,680.26,7.0,True,7370;7450
DHR,Long,122,2021-02-16T21:00:00Z,189.635497,2021-02-19T21:00:00Z,181.674052,-971.3,8.8509,-1507.38,0.0,1507.38,3.0,False,7389;7451
UTX,Short,360,2021-02-09T21:00:00Z,63.727982,2021-02-19T21:00:00Z,64.724697,-358.82,9.3547,-638.25,0.0,638.25,10.0,False,7288;7452
SQ,Short,84,2021-02-16T21:00:00Z,276.42,2021-02-19T21:00:00Z,275.25,98.28,9.2835,-12.6,467.88,480.48,3.0,True,7391;7453
LMT,Short,78,2021-02-10T21:00:00Z,293.840664,2021-02-19T21:00:00Z,290.287728,277.13,9.0495,0.0,550.25,273.12,9.0,True,7314;7454
MO,Long,830,2021-02-09T21:00:00Z,27.876885,2021-02-19T21:00:00Z,28.23221,294.92,9.3468,0.0,348.54,123.33,10.0,True,7270;7455
NKE,Short,178,2021-02-16T21:00:00Z,130.07401,2021-02-19T21:00:00Z,131.942967,-332.67,9.1641,-332.67,218.01,550.69,3.0,False,7387;7456
GM,Long,422,2021-02-09T21:00:00Z,53.982089,2021-02-19T21:00:00Z,50.320662,-1545.12,8.7878,-1682.65,0.0,1682.65,10.0,False,7291;7457
PEP,Long,205,2021-02-12T21:00:00Z,112.507631,2021-02-19T21:00:00Z,112.299684,-42.63,9.0844,-468.92,18.76,487.68,7.0,False,7364;7458
SBUX,Short,246,2021-02-17T21:00:00Z,92.629583,2021-02-19T21:00:00Z,92.31672,76.96,9.0107,0.0,376.15,299.19,2.0,True,7420;7459
SPGI,Long,75,2021-02-17T21:00:00Z,302.200911,2021-02-19T21:00:00Z,305.598148,254.79,9.1667,0.0,262.23,7.43,2.0,True,7424;7460
T,Long,1472,2021-02-11T21:00:00Z,15.577433,2021-02-19T21:00:00Z,16.014694,643.65,9.2822,0.0,852.83,454.58,8.0,True,7330;7461
PLD,Long,253,2021-02-09T21:00:00Z,90.818864,2021-02-19T21:00:00Z,90.275242,-137.54,9.1427,-348.14,180.52,528.66,10.0,False,7271;7462
VZ,Short,594,2021-02-17T21:00:00Z,39.945545,2021-02-19T21:00:00Z,40.865719,-546.58,9.6131,-546.58,0.0,546.58,2.0,False,7414;7463
JPM,Long,180,2021-02-19T21:00:00Z,127.290853,2021-02-19T21:00:00Z,127.290853,0.0,13.9433,0.0,0.0,0.0,0.0,False,7436;7464
ABBV,Long,270,2021-02-17T21:00:00Z,85.149893,2021-02-22T21:00:00Z,85.117362,-8.78,9.3692,-8.78,518.22,527.0,5.0,False,7417;7480
BMY,Long,465,2021-02-19T21:00:00Z,49.410682,2021-02-22T21:00:00Z,48.82881,-270.57,9.1385,-270.57,0.0,270.57,3.0,False,7473;7481
CAT,Short,132,2021-02-05T21:00:00Z,174.921939,2021-02-22T21:00:00Z,190.467931,-2052.07,9.86,-3063.11,0.0,3063.11,17.0,False,7232;7482
SHOP,Long,165,2021-02-19T21:00:00Z,139.696,2021-02-22T21:00:00Z,139.778,13.53,9.2938,-258.39,13.53,258.39,3.0,True,7471;7483
MELI,Short,12,2021-02-19T21:00:00Z,1891.09,2021-02-22T21:00:00Z,1878.48,151.32,8.8781,0.0,1227.24,1075.92,3.0,True,7475;7484
CRM,Short,94,2021-02-19T21:00:00Z,243.354315,2021-02-22T21:00:00Z,239.684375,344.97,8.9935,0.0,650.29,305.31,3.0,True,7437;7485
EL,Short,89,2021-02-09T21:00:00Z,257.098688,2021-02-22T21:00:00Z,261.584627,-399.25,9.2606,-1363.35,0.0,1363.35,13.0,False,7264;7486
FIS,Long,195,2021-02-16T21:00:00Z,118.159167,2021-02-22T21:00:00Z,114.204339,-771.19,9.0865,-887.88,0.0,887.88,6.0,False,7395;7487
FB,Long,84,2021-02-17T21:00:00Z,267.814959,2021-02-22T21:00:00Z,255.50288,-1034.21,8.8844,-1034.21,0.0,1034.21,5.0,False,7413;7488
GILD,Long,433,2021-02-19T21:00:00Z,52.76305,2021-02-22T21:00:00Z,51.830698,-403.71,9.0206,-403.71,0.0,403.71,3.0,False,7445;7489
GOOGL,Short,243,2021-02-03T21:00:00Z,102.242095,2021-02-22T21:00:00Z,101.712138,128.78,9.9007,-653.77,128.78,782.19,19.0,True,7134;7490
FISV,Long,203,2021-02-19T21:00:00Z,113.41,2021-02-22T21:00:00Z,110.75,-539.98,9.1236,-539.98,0.0,539.98,3.0,False,7478;7491
JPM,Short,180,2021-02-19T21:00:00Z,127.290853,2021-02-22T21:00:00Z,128.311343,-183.69,4.6914,-544.78,0.0,544.78,3.0,False,7464;7492
MDLZ,Long,471,2021-02-19T21:00:00Z,48.523136,2021-02-22T21:00:00Z,47.040653,-698.25,8.8714,-698.25,0.0,698.25,3.0,False,7477;7493
MDT,Long,232,2021-02-09T21:00:00Z,99.37895,2021-02-22T21:00:00Z,94.685402,-1088.9,9.102,-1088.9,268.82,1357.72,13.0,False,7257;7494
ABNB,Short,115,2021-02-19T21:00:00Z,204.13,2021-02-22T21:00:00Z,200.7,394.45,9.1174,0.0,1010.85,616.4,3.0,True,7441;7495
SPY,Short,100,2021-02-16T21:00:00Z,364.994292,2021-02-22T21:00:00Z,358.510609,648.37,20.8179,0.0,651.15,191.73,6.0,True,7399;7511
SPY,Short,89,2021-02-17T21:00:00Z,361.632039,2021-02-22T21:00:00Z,358.510609,277.81,31.4019,-299.24,280.28,170.64,5.0,True,7426;7511
TSLA,Long,87,2021-02-22T21:00:00Z,253.626641,2021-02-23T21:00:00Z,220.499978,-2882.02,8.1974,-2882.02,0.0,2882.02,1.0,False,7496;7512
SNAP,Short,365,2021-02-19T21:00:00Z,64.0,2021-02-23T21:00:00Z,60.63,1230.05,9.9258,-2354.25,1230.05,2569.6,4.0,True,7443;7513
KO,Short,535,2021-02-19T21:00:00Z,42.864485,2021-02-23T21:00:00Z,43.041715,-94.82,9.089,-94.82,112.88,207.7,4.0,False,7467;7514
LMT,Short,79,2021-02-22T21:00:00Z,285.947153,2021-02-23T21:00:00Z,295.475871,-752.77,9.289,-831.22,0.0,831.22,1.0,False,7506;7515
MMM,Short,221,2021-02-19T21:00:00Z,103.803201,2021-02-23T21:00:00Z,102.629728,259.34,9.0109,0.0,439.47,180.13,4.0,True,7474;7516
MO,Long,806,2021-02-22T21:00:00Z,28.296815,2021-02-23T21:00:00Z,29.020386,583.2,9.2395,0.0,583.2,0.0,1.0,True,7508;7517
MRK,Long,387,2021-02-17T21:00:00Z,59.346986,2021-02-23T21:00:00Z,60.009056,256.22,9.2662,-24.7,314.87,339.57,6.0,True,7416;7518
MS,Long,366,2021-02-11T21:00:00Z,62.660532,2021-02-23T21:00:00Z,65.206406,931.79,9.3321,0.0,978.07,373.33,12.0,True,7333;7519
GM,Long,453,2021-02-22T21:00:00Z,49.841418,2021-02-23T21:00:00Z,48.882929,-434.2,8.9522,-434.2,0.0,434.2,1.0,False,7510;7520
NVDA,Short,1517,2021-02-12T21:00:00Z,14.958056,2021-02-23T21:00:00Z,13.998042,1456.34,8.7843,-444.45,1456.34,444.45,11.0,True,7360;7521
SPGI,Long,74,2021-02-22T21:00:00Z,302.957855,2021-02-23T21:00:00Z,299.78463,-234.82,8.7918,-684.64,0.0,684.64,1.0,False,7507;7522
SYK,Short,99,2021-02-19T21:00:00Z,231.889123,2021-02-23T21:00:00Z,230.887809,99.13,9.1396,-101.0,217.9,318.9,4.0,True,7476;7523
TMO,Long,47,2021-02-19T21:00:00Z,481.430175,2021-02-23T21:00:00Z,453.615609,-1307.28,8.6752,-1403.04,0.0,1403.04,4.0,False,7469;7524
XOM,Short,541,2021-02-19T21:00:00Z,42.494094,2021-02-23T21:00:00Z,44.800101,-1247.55,9.4726,-1282.82,0.0,1282.82,4.0,False,7466;7525
ZTS,Long,146,2021-02-16T21:00:00Z,158.365094,2021-02-23T21:00:00Z,151.313237,-1029.57,4.3914,-1164.46,125.26,1289.72,7.0,False,7397;7526
TFC,Long,425,2021-02-17T21:00:00Z,53.818368,2021-02-23T21:00:00Z,58.008984,1781.01,9.4311,0.0,1781.01,140.17,6.0,True,7425;7527
SPY,Short,150,2021-02-17T21:00:00Z,361.632039,2021-02-23T21:00:00Z,356.343207,793.32,10.7675,-504.34,793.32,287.6,6.0,True,7426;7539
BKNG,Short,248,2021-02-23T21:00:00Z,91.758945,2021-02-24T21:00:00Z,91.579597,44.48,9.3082,-921.93,44.48,921.93,1.0,True,7537;7540
SCHW,Short,452,2021-02-05T21:00:00Z,51.660132,2021-02-24T21:00:00Z,58.630629,-3150.66,10.0956,-3756.4,0.0,3756.4,19.0,False,7234;7541
CRM,Short,96,2021-02-23T21:00:00Z,231.530043,2021-02-24T21:00:00Z,231.117911,39.56,8.9701,-425.79,39.56,425.79,1.0,True,7532;7542
UBER,Short,379,2021-02-17T21:00:00Z,60.33,2021-02-24T21:00:00Z,54.95,2039.02,8.6958,0.0,2433.18,394.16,7.0,True,7422;7543
LOW,Long,146,2021-02-23T21:00:00Z,153.892809,2021-02-24T21:00:00Z,150.639204,-475.03,8.7063,-1118.48,0.0,1118.48,1.0,False,7535;7544
NEE,Long,323,2021-02-05T21:00:00Z,71.809174,2021-02-24T21:00:00Z,64.445676,-2378.41,8.7548,-2676.06,158.56,2834.62,19.0,False,7226;7545
NKE,Short,177,2021-02-22T21:00:00Z,128.413722,2021-02-24T21:00:00Z,122.534671,1040.59,8.7461,0.0,1040.59,0.0,2.0,True,7497;7546
PFE,Long,881,2021-02-19T21:00:00Z,26.09873,2021-02-24T21:00:00Z,25.511226,-517.59,9.0499,-597.22,0.0,597.22,5.0,False,7470;7547
PLD,Long,255,2021-02-22T21:00:00Z,88.763293,2021-02-24T21:00:00Z,88.754799,-2.17,9.0088,-272.92,10.83,283.75,2.0,False,7509;7548
UNP,Long,121,2021-02-17T21:00:00Z,187.819105,2021-02-24T21:00:00Z,181.75048,-734.3,9.0031,-734.3,0.0,734.3,7.0,False,7418;7549
UPS,Long,182,2021-02-12T21:00:00Z,126.17698,2021-02-24T21:00:00Z,125.264302,-166.11,9.1731,-216.26,13.11,216.26,12.0,False,7365;7550
SPY,Short,123,2021-02-17T21:00:00Z,361.632039,2021-02-24T21:00:00Z,357.74183,478.5,8.9267,-413.56,650.53,803.19,7.0,True,7426;7562
SPY,Short,70,2021-02-17T21:00:00Z,361.632039,2021-02-25T21:00:00Z,361.706139,-5.19,9.7031,-235.36,525.18,530.37,8.0,False,7426;7563
SPY,Short,67,2021-02-19T21:00:00Z,363.178861,2021-02-25T21:00:00Z,361.706139,98.67,4.8409,-121.63,606.31,507.64,6.0,True,7479;7563
ABT,Short,203,2021-02-19T21:00:00Z,112.798184,2021-02-25T21:00:00Z,109.520057,665.46,8.9442,0.0,813.54,288.85,6.0,True,7438;7564
C,Long,417,2021-02-22T21:00:00Z,54.408817,2021-02-25T21:00:00Z,57.408906,1251.04,9.2133,0.0,1251.04,419.32,3.0,True,7500;7565
UTX,Short,348,2021-02-22T21:00:00Z,63.727982,2021-02-25T21:00:00Z,68.033887,-1498.45,9.0104,-1663.68,0.0,1663.68,3.0,False,7501;7566
SNAP,Short,323,2021-02-24T21:00:00Z,70.86,2021-02-25T21:00:00Z,69.13,558.79,8.5744,0.0,2454.8,1896.01,1.0,True,7558;7567
HON,Long,128,2021-02-16T21:00:00Z,180.456193,2021-02-25T21:00:00Z,185.631622,662.46,9.2199,-350.42,679.43,600.95,9.0,True,7390;7568
ISRG,Short,89,2021-02-19T21:00:00Z,257.749974,2021-02-25T21:00:00Z,251.619975,545.57,8.8522,0.0,944.88,513.53,6.0,True,7444;7569
LMT,Short,76,2021-02-24T21:00:00Z,297.316549,2021-02-25T21:00:00Z,296.049477,96.3,8.9545,0.0,370.88,274.58,1.0,True,7560;7570
MS,Long,349,2021-02-24T21:00:00Z,65.619478,2021-02-25T21:00:00Z,67.86187,782.59,9.3152,0.0,782.59,0.0,1.0,True,7553;7571
ORCL,Long,383,2021-02-24T21:00:00Z,59.207063,2021-02-25T21:00:00Z,59.612844,155.41,9.1836,0.0,388.53,233.12,1.0,True,7551;7572
ABNB,Short,121,2021-02-24T21:00:00Z,190.74,2021-02-25T21:00:00Z,198.9,-987.36,9.2507,-987.36,1050.28,2037.64,1.0,False,7557;7573
PM,Short,337,2021-02-24T21:00:00Z,67.220699,2021-02-25T21:00:00Z,67.986524,-258.08,9.1688,-258.08,0.0,258.08,1.0,False,7554;7574
TJX,Long,366,2021-02-16T21:00:00Z,62.670142,2021-02-25T21:00:00Z,62.873316,74.36,9.1404,-348.15,801.08,861.92,9.0,True,7396;7575
TGT,Short,142,2021-02-23T21:00:00Z,159.890005,2021-02-25T21:00:00Z,160.255536,-51.91,8.9676,-51.91,363.34,415.24,2.0,False,7538;7576
BA,Long,107,2021-02-24T21:00:00Z,212.1,2021-02-25T21:00:00Z,228.22,1724.84,13.8256,0.0,1724.84,0.0,1.0,True,7555;7578
USB,Long,557,2021-02-24T21:00:00Z,40.927978,2021-02-25T21:00:00Z,42.377527,807.4,13.6653,-17.65,807.4,17.65,1.0,True,7561;7585
AMT,Short,116,2021-02-04T21:00:00Z,197.631791,2021-02-26T21:00:00Z,191.271952,737.74,8.8555,-84.93,1580.17,842.43,22.0,True,7163;7586
AVGO,Long,524,2021-02-17T21:00:00Z,43.32292,2021-02-26T21:00:00Z,41.82881,-782.91,8.9294,-1269.07,268.63,1537.7,9.0,False,7415;7587
BA,Short,99,2021-02-25T21:00:00Z,228.22,2021-02-26T21:00:00Z,218.8,932.58,4.1978,0.0,1604.79,672.21,1.0,True,7578;7588
BKNG,Short,238,2021-02-25T21:00:00Z,94.555445,2021-02-26T21:00:00Z,91.584677,707.04,8.5587,0.0,850.16,143.12,1.0,True,7582;7589
CAT,Long,113,2021-02-24T21:00:00Z,200.262542,2021-02-26T21:00:00Z,200.571463,34.91,9.0011,-465.1,144.77,609.86,2.0,True,7556;7590
CVX,Long,302,2021-02-19T21:00:00Z,75.622756,2021-02-26T21:00:00Z,80.0979,1351.49,9.4354,0.0,2050.13,795.0,7.0,True,7439;7591
LRCX,Long,410,2021-02-17T21:00:00Z,55.105367,2021-02-26T21:00:00Z,52.578993,-1035.81,8.9267,-1395.02,569.77,1964.79,9.0,False,7423;7592
GS,Short,87,2021-02-10T21:00:00Z,262.55667,2021-02-26T21:00:00Z,285.057777,-1957.6,9.4988,-2332.97,0.0,2332.97,16.0,False,7313;7593
LLY,Long,119,2021-02-11T21:00:00Z,192.393854,2021-02-26T21:00:00Z,195.741566,398.38,9.1974,-258.44,498.82,757.26,15.0,True,7331;7594
SPGI,Long,75,2021-02-25T21:00:00Z,299.405282,2021-02-26T21:00:00Z,299.902048,37.26,8.9406,-144.29,37.26,144.29,1.0,True,7584;7595
USB,Short,544,2021-02-25T21:00:00Z,42.377527,2021-02-26T21:00:00Z,40.626978,952.3,4.309,0.0,1508.16,555.87,1.0,True,7585;7596
LIN,Long,96,2021-02-25T21:00:00Z,233.769383,2021-02-26T21:00:00Z,227.863922,-566.92,13.2324,-777.19,0.0,777.19,1.0,False,7579;7600
CSCO,Long,577,2021-02-19T21:00:00Z,39.713188,2021-03-01T21:00:00Z,38.847249,-499.65,9.0629,-717.32,0.0,717.32,10.0,False,7468;7609
GILD,Long,449,2021-02-26T21:00:00Z,50.825378,2021-03-01T21:00:00Z,50.071389,-338.54,9.0176,-338.54,0.0,338.54,3.0,False,7606;7610
JNJ,Short,162,2021-02-26T21:00:00Z,140.081465,2021-03-01T21:00:00Z,139.389704,112.07,8.903,0.0,375.42,263.35,3.0,True,7598;7611
LIN,Short,100,2021-02-26T21:00:00Z,227.863922,2021-03-01T21:00:00Z,228.667952,-80.4,4.6484,-455.62,0.0,455.62,3.0,False,7600;7612
LMT,Short,78,2021-02-26T21:00:00Z,291.590471,2021-03-01T21:00:00Z,288.139696,269.16,8.9289,0.0,305.5,36.34,3.0,True,7602;7613
ORCL,Long,380,2021-02-26T21:00:00Z,60.442849,2021-03-01T21:00:00Z,59.898735,-206.76,9.1593,-206.76,220.78,427.55,3.0,False,7599;7614
ZM,Short,59,2021-02-25T21:00:00Z,383.49,2021-03-01T21:00:00Z,388.83,-315.06,9.1378,-1544.03,582.92,2126.95,4.0,False,7580;7615
V,Short,114,2021-02-23T21:00:00Z,199.128826,2021-03-01T21:00:00Z,206.492944,-839.51,9.3854,-1316.73,0.0,1316.73,6.0,False,7531;7616
AMD,Short,263,2021-02-05T21:00:00Z,88.2,2021-03-01T21:00:00Z,85.48,715.36,4.5441,-1464.91,1520.14,1464.91,24.0,True,7231;7617
FISV,Short,196,2021-02-26T21:00:00Z,117.11,2021-03-01T21:00:00Z,117.08,5.88,13.6936,0.0,84.28,78.4,3.0,True,7607;7625
SPY,Long,208,2021-02-26T21:00:00Z,356.083859,2021-03-01T21:00:00Z,357.20461,233.12,49.537,0.0,990.26,757.15,3.0,True,7608;7626
ABNB,Short,125,2021-02-26T21:00:00Z,194.18,2021-03-03T21:00:00Z,186.89,911.25,9.6687,-280.0,1722.5,811.25,5.0,True,7601;7635
SPY,Long,282,2021-02-26T21:00:00Z,356.083859,2021-03-03T21:00:00Z,357.371334,363.07,19.9254,-788.82,1342.57,2131.39,5.0,True,7608;7641
ABBV,Long,257,2021-02-25T21:00:00Z,88.224072,2021-03-03T21:00:00Z,86.906566,-338.6,8.9465,-369.95,0.0,369.95,6.0,False,7577;7642
AMT,Short,123,2021-03-01T21:00:00Z,186.078509,2021-03-03T21:00:00Z,177.43696,1062.91,8.727,0.0,1638.87,575.96,2.0,True,7623;7643
AVGO,Long,541,2021-03-01T21:00:00Z,42.917632,2021-03-03T21:00:00Z,42.765537,-82.28,9.2219,-805.41,39.21,844.61,2.0,False,7621;7644
BKNG,Short,249,2021-03-01T21:00:00Z,92.721329,2021-03-03T21:00:00Z,89.331301,844.12,8.9422,0.0,953.38,109.26,2.0,True,7624;7645
COST,Long,68,2021-02-11T21:00:00Z,335.765543,2021-03-03T21:00:00Z,309.97881,-1753.5,8.6792,-2041.68,148.26,2189.95,20.0,False,7332;7646
CRM,Long,107,2021-03-01T21:00:00Z,215.780701,2021-03-03T21:00:00Z,208.843141,-742.32,8.894,-1459.44,0.0,1459.44,2.0,False,7619;7647
CVS,Short,394,2021-02-26T21:00:00Z,57.950028,2021-03-03T21:00:00Z,57.699054,98.88,9.042,-3.3,108.77,29.67,5.0,True,7605;7648
SQ,Short,95,2021-02-25T21:00:00Z,244.93,2021-03-03T21:00:00Z,249.0,-386.65,8.7586,-690.65,1415.5,2106.15,6.0,False,7581;7649
FISV,Long,197,2021-03-01T21:00:00Z,117.08,2021-03-03T21:00:00Z,115.2,-370.36,4.5625,-370.36,0.0,370.36,2.0,False,7625;7650
JPM,Short,177,2021-03-01T21:00:00Z,130.413377,2021-03-03T21:00:00Z,131.904863,-263.99,9.3682,-523.35,0.0,523.35,2.0,False,7618;7651
SYK,Short,98,2021-02-26T21:00:00Z,233.646145,2021-03-03T21:00:00Z,230.585526,299.94,8.9903,0.0,412.88,112.94,5.0,True,7604;7652
SNAP,Short,361,2021-02-26T21:00:00Z,64.86,2021-03-04T21:00:00Z,59.71,1859.15,8.9073,-653.41,2581.15,722.0,6.0,True,7603;7659
GS,Short,78,2021-03-03T21:00:00Z,293.180157,2021-03-04T21:00:00Z,292.696913,37.69,9.0973,0.0,300.86,263.17,1.0,True,7639;7660
ISRG,Long,91,2021-03-03T21:00:00Z,248.686642,2021-03-04T21:00:00Z,241.666642,-638.82,8.7137,-1119.0,0.0,1119.0,1.0,False,7657;7661
NEE,Long,348,2021-03-03T21:00:00Z,65.606285,2021-03-04T21:00:00Z,62.584829,-1051.47,8.6654,-1352.75,0.0,1352.75,1.0,False,7638;7662
ORCL,Long,370,2021-03-03T21:00:00Z,61.199077,2021-03-04T21:00:00Z,61.706302,187.67,9.0459,-245.68,187.67,245.68,1.0,True,7637;7663
ZM,Short,61,2021-03-03T21:00:00Z,382.83,2021-03-04T21:00:00Z,347.69,2143.54,8.3529,0.0,2424.14,280.6,1.0,True,7656;7664
TMUS,Long,202,2021-02-24T21:00:00Z,111.263576,2021-03-04T21:00:00Z,112.492277,248.2,9.0875,0.0,1116.89,946.97,8.0,True,7552;7665
TFC,Long,402,2021-03-03T21:00:00Z,56.747919,2021-03-04T21:00:00Z,56.57331,-70.19,9.0369,-436.76,0.0,436.76,1.0,False,7640;7666
AXP,Short,184,2021-02-22T21:00:00Z,123.523753,2021-03-05T21:00:00Z,135.311625,-2168.97,9.7913,-2734.11,0.0,2734.11,11.0,False,7503;7680
SHOP,Long,165,2021-02-23T21:00:00Z,126.0,2021-03-05T21:00:00Z,115.497,-1733.0,8.0231,-2128.34,824.01,2952.34,10.0,False,7533;7681
LRCX,Long,436,2021-03-04T21:00:00Z,51.788793,2021-03-05T21:00:00Z,51.452698,-146.54,8.8623,-146.54,0.0,146.54,1.0,False,7677;7682
GILD,Long,445,2021-03-03T21:00:00Z,50.91456,2021-03-05T21:00:00Z,51.41722,223.68,9.1905,0.0,656.62,432.94,2.0,True,7658;7683
FISV,Long,196,2021-03-04T21:00:00Z,116.24,2021-03-05T21:00:00Z,116.98,145.04,9.2214,0.0,676.2,531.16,1.0,True,7678;7684
LMT,Short,77,2021-03-04T21:00:00Z,293.729951,2021-03-05T21:00:00Z,291.995937,133.52,9.0149,0.0,133.52,0.0,1.0,True,7674;7685
NOW,Short,195,2021-02-17T21:00:00Z,116.0,2021-03-05T21:00:00Z,99.248,3266.64,8.3296,0.0,3628.56,1079.52,16.0,True,7421;7686
T,Long,1491,2021-03-01T21:00:00Z,15.397062,2021-03-05T21:00:00Z,15.850721,676.4,9.4053,0.0,1177.6,501.19,4.0,True,7620;7687
TGT,Long,153,2021-03-04T21:00:00Z,146.603383,2021-03-05T21:00:00Z,144.690721,-292.64,8.9071,-292.64,19.51,312.15,1.0,False,7675;7688
V,Short,109,2021-03-03T21:00:00Z,206.435337,2021-03-05T21:00:00Z,205.206383,133.96,9.0056,-41.86,367.33,409.19,2.0,True,7653;7689
AMGN,Short,120,2021-03-04T21:00:00Z,190.597069,2021-03-09T21:00:00Z,193.861121,-391.69,9.1272,-391.69,0.0,391.69,5.0,False,7670;7698
SQ,Short,96,2021-03-04T21:00:00Z,227.06,2021-03-09T21:00:00Z,214.94,1163.52,8.5152,0.0,2424.0,2234.88,5.0,True,7672;7700
MCD,Long,124,2021-02-09T21:00:00Z,185.550646,2021-03-09T21:00:00Z,185.424624,-15.63,9.2396,-647.67,364.54,1012.21,28.0,False,7258;7702
ZM,Short,66,2021-03-05T21:00:00Z,345.01,2021-03-09T21:00:00Z,331.41,897.6,8.9699,0.0,2249.28,2057.88,4.0,True,7695;7704
TSLA,Long,100,2021-02-26T21:00:00Z,233.286643,2021-03-09T21:00:00Z,202.863313,-3042.33,14.4274,-4562.0,619.0,5181.0,11.0,False,7597;7706
CVX,Long,278,2021-03-03T21:00:00Z,82.522934,2021-03-09T21:00:00Z,87.006055,1246.31,9.4569,0.0,1399.32,153.02,6.0,True,7654;7723
EL,Short,86,2021-02-23T21:00:00Z,262.045196,2021-03-09T21:00:00Z,262.748588,-60.49,9.0693,-792.2,313.3,792.2,14.0,False,7536;7724
FIS,Long,191,2021-03-05T21:00:00Z,120.414113,2021-03-09T21:00:00Z,126.077497,1081.71,9.4084,0.0,1081.71,278.3,4.0,True,7696;7725
INTU,Short,57,2021-02-22T21:00:00Z,392.503799,2021-03-09T21:00:00Z,366.270205,1495.31,8.6181,-275.16,2068.67,1010.21,15.0,True,7502;7726
JNJ,Long,172,2021-03-05T21:00:00Z,133.146568,2021-03-09T21:00:00Z,135.662846,432.8,9.3342,0.0,553.27,120.47,4.0,True,7690;7727
JPM,Short,170,2021-03-04T21:00:00Z,133.108517,2021-03-09T21:00:00Z,132.14036,164.59,8.9675,-44.48,252.07,296.55,5.0,True,7667;7728
KO,Long,538,2021-03-04T21:00:00Z,42.57754,2021-03-09T21:00:00Z,43.674682,590.26,9.1536,0.0,590.26,354.16,5.0,True,7668;7729
LIN,Short,99,2021-03-05T21:00:00Z,228.621071,2021-03-09T21:00:00Z,242.487581,-1372.78,9.3721,-1472.02,0.0,1472.02,4.0,False,7692;7730
MO,Short,780,2021-03-04T21:00:00Z,29.06561,2021-03-09T21:00:00Z,30.280176,-947.36,9.2645,-1347.97,0.0,1347.97,5.0,False,7676;7731
MU,Short,257,2021-02-22T21:00:00Z,87.333297,2021-03-09T21:00:00Z,85.72432,413.51,8.8004,-1303.17,1310.69,1664.05,15.0,True,7505;7732
QCOM,Long,176,2021-02-05T21:00:00Z,131.550167,2021-03-09T21:00:00Z,113.203283,-3229.05,4.037,-3891.93,0.0,3891.93,32.0,False,7224;7733
AMAT,Short,213,2021-02-12T21:00:00Z,107.829606,2021-03-09T21:00:00Z,105.586758,477.73,9.3959,-2041.3,1447.05,2041.3,25.0,True,7368;7734
AMD,Short,280,2021-03-04T21:00:00Z,80.0,2021-03-09T21:00:00Z,76.78,901.6,8.7517,0.0,1691.2,1279.6,5.0,True,7673;7735
WMT,Long,538,2021-02-19T21:00:00Z,42.611852,2021-03-09T21:00:00Z,39.860604,-1480.17,13.4779,-1691.62,0.0,1691.62,18.0,False,7465;7739
SNAP,Long,430,2021-03-09T21:00:00Z,55.54,2021-03-09T21:00:00Z,55.54,0.0,14.5254,0.0,0.0,0.0,0.0,False,7714;7748
ABT,Long,218,2021-03-09T21:00:00Z,105.134211,2021-03-10T21:00:00Z,105.557486,92.27,9.1331,-168.84,92.27,168.84,1.0,True,7710;7751
BKNG,Short,245,2021-03-09T21:00:00Z,93.000705,2021-03-10T21:00:00Z,92.969837,7.56,9.0678,0.0,103.58,96.02,1.0,True,7744;7752
SCHW,Short,379,2021-03-09T21:00:00Z,59.589193,2021-03-10T21:00:00Z,59.710177,-45.85,9.0845,-352.71,0.0,352.71,1.0,False,7743;7753
CAT,Short,112,2021-03-09T21:00:00Z,201.143876,2021-03-10T21:00:00Z,197.827518,371.43,8.9115,0.0,371.43,0.0,1.0,True,7742;7754
CI,Short,107,2021-03-09T21:00:00Z,211.636996,2021-03-10T21:00:00Z,215.539805,-417.6,9.1801,-417.6,0.0,417.6,1.0,False,7746;7755
LRCX,Short,479,2021-03-09T21:00:00Z,49.649493,2021-03-10T21:00:00Z,51.798233,-1029.25,9.607,-1029.25,325.6,1354.84,1.0,False,7721;7756
DHR,Long,128,2021-02-22T21:00:00Z,176.277111,2021-03-10T21:00:00Z,166.019095,-1313.03,8.5874,-1752.99,0.0,1752.99,16.0,False,7498;7757
SQ,Long,112,2021-03-09T21:00:00Z,214.94,2021-03-10T21:00:00Z,232.93,2014.88,10.1208,0.0,2014.88,0.0,1.0,True,7745;7758
UBER,Short,422,2021-02-25T21:00:00Z,54.52,2021-03-10T21:00:00Z,57.21,-1135.18,9.2106,-1333.52,1168.94,2502.46,13.0,False,7583;7759
SNAP,Short,430,2021-03-09T21:00:00Z,55.54,2021-03-10T21:00:00Z,57.45,-821.3,4.736,-821.3,202.1,1023.4,1.0,False,7748;7760
ISRG,Short,99,2021-03-09T21:00:00Z,232.51331,2021-03-10T21:00:00Z,240.326643,-773.52,9.3892,-773.52,0.0,773.52,1.0,False,7747;7761
LMT,Short,77,2021-03-09T21:00:00Z,294.532256,2021-03-10T21:00:00Z,292.806869,132.85,9.0155,0.0,132.85,0.0,1.0,True,7713;7762
LOW,Short,164,2021-03-05T21:00:00Z,139.652654,2021-03-10T21:00:00Z,150.513025,-1781.1,9.6672,-1996.9,0.0,1996.9,5.0,False,7694;7763
MMM,Short,223,2021-02-24T21:00:00Z,101.739508,2021-03-10T21:00:00Z,105.421784,-821.15,9.3332,-1091.86,121.17,1213.03,14.0,False,7559;7764
MS,Long,328,2021-03-04T21:00:00Z,69.092657,2021-03-10T21:00:00Z,68.747025,-113.37,9.0821,-306.92,309.69,423.05,6.0,False,7669;7765
NFLX,Long,461,2021-03-09T21:00:00Z,50.731,2021-03-10T21:00:00Z,51.381,299.65,9.3212,-127.7,299.65,127.7,1.0,True,7741;7766
SPGI,Short,73,2021-03-09T21:00:00Z,313.72117,2021-03-10T21:00:00Z,310.261873,252.53,9.0524,0.0,252.53,0.0,1.0,True,7715;7767
TFC,Short,392,2021-03-09T21:00:00Z,56.728518,2021-03-10T21:00:00Z,56.631513,38.03,8.9019,-121.68,38.03,121.68,1.0,True,7719;7768
TSLA,Short,121,2021-03-09T21:00:00Z,202.863313,2021-03-10T21:00:00Z,233.506643,-3707.84,9.8873,-3707.84,0.0,3707.84,1.0,False,7706;7769
SPY,Long,64,2021-03-04T21:00:00Z,353.101365,2021-03-10T21:00:00Z,360.853997,496.17,53.108,-48.02,496.17,190.88,6.0,True,7679;7779
SPY,Long,336,2021-03-05T21:00:00Z,352.351111,2021-03-10T21:00:00Z,360.853997,2856.97,23.8784,0.0,2856.97,401.47,5.0,True,7697;7779
SPY,Long,248,2021-03-09T21:00:00Z,357.417646,2021-03-10T21:00:00Z,360.853997,852.22,17.7872,-1256.5,852.22,0.0,1.0,True,7722;7779
SPY,Long,26,2021-03-09T21:00:00Z,357.417646,2021-03-10T21:00:00Z,360.853997,89.35,21.0864,-131.73,89.35,0.0,1.0,True,7750;7779
BA,Short,101,2021-03-09T21:00:00Z,226.81,2021-03-11T21:00:00Z,248.77,-2217.96,9.7487,-2544.19,0.0,2544.19,2.0,False,7712;7780
C,Long,386,2021-03-10T21:00:00Z,59.336941,2021-03-11T21:00:00Z,60.949178,622.32,9.4349,0.0,622.32,0.0,1.0,True,7773;7781
GS,Short,78,2021-03-05T21:00:00Z,294.849548,2021-03-11T21:00:00Z,297.9511,-241.92,9.1761,-446.83,341.98,788.81,6.0,False,7693;7782
FISV,Short,187,2021-03-09T21:00:00Z,122.4,2021-03-11T21:00:00Z,122.67,-50.49,9.2232,-319.77,0.0,319.77,2.0,False,7716;7783
QCOM,Long,198,2021-03-10T21:00:00Z,116.081332,2021-03-11T21:00:00Z,116.374467,58.04,9.1321,0.0,186.43,128.39,1.0,True,7774;7784
TJX,Short,373,2021-03-10T21:00:00Z,61.174038,2021-03-11T21:00:00Z,60.989333,68.89,9.0721,0.0,68.89,0.0,1.0,True,7778;7785
SPY,Long,268,2021-03-09T21:00:00Z,357.417646,2021-03-12T21:00:00Z,363.169598,1541.52,19.5637,-1357.83,2030.54,489.02,3.0,True,7750;7795
ACN,Long,98,2021-02-19T21:00:00Z,232.655276,2021-03-12T21:00:00Z,238.524317,575.17,9.161,-1010.95,697.79,1082.41,21.0,True,7440;7796
ADBE,Short,51,2021-03-10T21:00:00Z,445.51,2021-03-12T21:00:00Z,443.45,105.06,8.9894,-283.05,105.06,283.05,2.0,True,7771;7797
AMT,Long,130,2021-03-11T21:00:00Z,175.734192,2021-03-12T21:00:00Z,182.111059,828.99,9.4986,0.0,972.88,143.88,1.0,True,7792;7798
SCHW,Short,373,2021-03-11T21:00:00Z,60.30579,2021-03-12T21:00:00Z,62.353208,-763.69,9.3073,-989.32,0.0,989.32,1.0,False,7791;7799
SHOP,Short,207,2021-03-11T21:00:00Z,112.093,2021-03-12T21:00:00Z,112.198,-21.74,9.4511,-407.79,0.0,407.79,1.0,False,7790;7800
DHR,Long,138,2021-03-11T21:00:00Z,165.230606,2021-03-12T21:00:00Z,166.600893,189.1,9.1676,-122.55,189.1,122.55,1.0,True,7787;7801
HD,Long,101,2021-03-09T21:00:00Z,227.660432,2021-03-12T21:00:00Z,233.333419,572.97,9.448,0.0,1057.34,484.37,3.0,True,7707;7802
KO,Long,530,2021-03-10T21:00:00Z,43.193627,2021-03-12T21:00:00Z,43.025539,-89.09,9.1445,-179.29,0.0,179.29,2.0,False,7770;7803
GM,Short,431,2021-03-09T21:00:00Z,53.06194,2021-03-12T21:00:00Z,53.675373,-264.39,9.4114,-1611.12,0.0,1611.12,3.0,False,7749;7804
NVDA,Long,1972,2021-03-09T21:00:00Z,12.011776,2021-03-12T21:00:00Z,12.587236,1134.81,9.9601,0.0,1812.36,677.55,3.0,True,7740;7805
SBUX,Short,240,2021-03-03T21:00:00Z,94.246778,2021-03-12T21:00:00Z,94.669805,-101.53,9.054,-184.02,433.6,617.62,9.0,False,7655;7806
SPGI,Short,72,2021-03-11T21:00:00Z,312.330225,2021-03-12T21:00:00Z,311.734106,42.92,8.9841,0.0,42.92,0.0,1.0,True,7793;7807
TMO,Long,52,2021-03-11T21:00:00Z,442.9071,2021-03-12T21:00:00Z,447.808605,254.88,9.3252,0.0,254.88,0.0,1.0,True,7786;7808
TMUS,Long,189,2021-03-09T21:00:00Z,121.943821,2021-03-12T21:00:00Z,119.55258,-451.94,9.0543,-541.26,0.0,541.26,3.0,False,7711;7809
XOM,Short,458,2021-03-09T21:00:00Z,49.298038,2021-03-12T21:00:00Z,50.210663,-417.98,9.0971,-544.87,0.0,544.87,3.0,False,7708;7810
TFC,Short,396,2021-03-11T21:00:00Z,56.544209,2021-03-12T21:00:00Z,58.202994,-656.88,9.1295,-656.88,0.0,656.88,1.0,False,7794;7811
AAPL,Long,186,2021-02-23T21:00:00Z,120.204398,2021-03-15T20:00:00Z,117.932176,-422.63,9.0252,-1341.95,722.45,2064.4,19.9583,False,7528;7823
ANTM,Short,73,2021-03-10T21:00:00Z,312.718579,2021-03-15T20:00:00Z,319.687342,-508.72,9.1997,-508.72,43.53,552.25,4.9583,False,7776;7824
BLK,Short,37,2021-02-19T21:00:00Z,617.334237,2021-03-15T20:00:00Z,632.656607,-566.93,9.2563,-819.94,651.05,1471.0,23.9583,False,7442;7825
GILD,Short,436,2021-03-10T21:00:00Z,52.503613,2021-03-15T20:00:00Z,51.084075,618.92,9.0278,0.0,883.47,539.83,4.9583,True,7777;7826
SNAP,Long,381,2021-03-12T21:00:00Z,58.02,2021-03-15T20:00:00Z,62.5,1706.88,9.634,0.0,2179.32,472.44,2.9583,True,7821;7827
NFLX,Long,434,2021-03-12T21:00:00Z,51.33,2021-03-15T20:00:00Z,51.632,131.07,9.0122,0.0,301.63,170.56,2.9583,True,7813;7828
PM,Short,335,2021-03-12T21:00:00Z,68.314735,2021-03-15T20:00:00Z,68.767978,-151.84,9.1835,-151.84,0.0,151.84,2.9583,False,7817;7829
PYPL,Long,96,2021-03-05T21:00:00Z,240.438654,2021-03-15T20:00:00Z,248.657004,788.96,9.2858,-1616.85,1016.82,1616.85,9.9583,True,7691;7830
V,Short,107,2021-03-09T21:00:00Z,213.482615,2021-03-15T20:00:00Z,215.28764,-193.14,9.1151,-390.38,0.0,390.38,5.9583,False,7736;7831
BMY,Short,462,2021-03-15T20:00:00Z,49.022767,2021-03-16T20:00:00Z,49.620803,-276.29,9.2065,-462.98,0.0,462.98,1.0,False,7835;7847
DIS,Short,116,2021-03-09T21:00:00Z,194.092009,2021-03-16T20:00:00Z,189.995605,475.18,8.744,0.0,670.88,226.06,6.9583,True,7738;7848
UBER,Short,375,2021-03-15T20:00:00Z,60.35,2021-03-16T20:00:00Z,59.99,135.0,8.928,0.0,562.5,427.5,1.0,True,7839;7849
INTC,Short,417,2021-03-09T21:00:00Z,55.718316,2021-03-16T20:00:00Z,58.319596,-1084.73,9.6678,-1335.06,0.0,1335.06,6.9583,False,7709;7850
LIN,Short,91,2021-03-12T21:00:00Z,247.462446,2021-03-16T20:00:00Z,248.836103,-125.0,9.1098,-352.2,0.0,352.2,3.9583,False,7816;7851
MS,Long,323,2021-03-11T21:00:00Z,69.59003,2021-03-16T20:00:00Z,70.399314,261.4,9.0286,-2.72,487.4,490.12,4.9583,True,7788;7852
NKE,Long,177,2021-03-12T21:00:00Z,127.27477,2021-03-16T20:00:00Z,132.62031,946.16,9.1752,0.0,946.16,46.66,3.9583,True,7814;7853
COP,Short,475,2021-03-09T21:00:00Z,47.696683,2021-03-16T20:00:00Z,46.36251,633.73,8.8475,-463.71,792.17,463.71,6.9583,True,7718;7854
SPGI,Short,72,2021-03-15T20:00:00Z,311.19218,2021-03-16T20:00:00Z,318.192062,-503.99,9.1057,-503.99,0.0,503.99,1.0,False,7843;7855
SYK,Long,100,2021-03-12T21:00:00Z,225.49394,2021-03-16T20:00:00Z,228.03501,254.11,9.0456,-64.24,254.11,304.17,3.9583,True,7820;7856
UNP,Short,119,2021-03-11T21:00:00Z,190.083971,2021-03-16T20:00:00Z,188.579722,179.01,8.976,0.0,328.53,149.52,4.9583,True,7789;7857
VZ,Long,571,2021-03-15T20:00:00Z,39.810015,2021-03-16T20:00:00Z,39.688752,-69.24,9.0649,-69.24,0.0,69.24,1.0,False,7834;7858
TFC,Short,390,2021-03-15T20:00:00Z,58.067187,2021-03-16T20:00:00Z,56.272595,699.89,8.9072,0.0,699.89,0.0,1.0,True,7845;7859
SPY,Long,177,2021-03-15T20:00:00Z,365.309214,2021-03-16T20:00:00Z,367.773013,436.09,43.3832,0.0,436.09,0.0,1.0,True,7846;7871
AMGN,Short,117,2021-03-10T21:00:00Z,195.278074,2021-03-18T20:00:00Z,203.172528,-923.65,9.3624,-1271.99,115.46,1387.45,7.9583,False,7775;7872
JPM,Short,166,2021-03-15T20:00:00Z,136.370596,2021-03-18T20:00:00Z,137.460863,-180.98,9.0643,-188.22,411.2,599.42,3.0,False,7832;7879
SPY,Long,159,2021-03-15T20:00:00Z,365.309214,2021-03-18T20:00:00Z,365.392575,13.25,11.5308,-430.03,421.2,851.23,3.0,True,7846;7890
CVS,Long,366,2021-03-15T20:00:00Z,61.815037,2021-03-18T20:00:00Z,61.915426,36.74,9.152,0.0,361.3,324.56,3.0,True,7840;7891
DHR,Long,136,2021-03-16T20:00:00Z,166.294683,2021-03-18T20:00:00Z,163.967492,-316.5,8.9921,-321.7,0.0,321.7,2.0,False,7863;7892
UTX,Short,355,2021-03-01T21:00:00Z,65.238339,2021-03-18T20:00:00Z,70.305825,-1798.96,9.5965,-1909.23,0.0,1909.23,16.9583,False,7622;7893
SQ,Short,90,2021-03-16T20:00:00Z,252.41,2021-03-18T20:00:00Z,242.17,921.6,8.4173,0.0,2532.6,1611.0,2.0,True,7867;7894
FB,Long,88,2021-02-23T21:00:00Z,257.038175,2021-03-18T20:00:00Z,277.066352,1762.48,9.4919,-419.26,2136.42,838.53,22.9583,True,7530;7895
HD,Long,95,2021-03-15T20:00:00Z,239.349863,2021-03-18T20:00:00Z,243.29979,375.24,9.3057,0.0,717.35,342.11,3.0,True,7833;7896
GM,Short,399,2021-03-15T20:00:00Z,56.761707,2021-03-18T20:00:00Z,57.509328,-298.3,8.9651,-317.42,803.12,1120.54,3.0,False,7842;7897
ABNB,Short,125,2021-03-04T21:00:00Z,178.81,2021-03-18T20:00:00Z,197.0,-2273.75,9.292,-3897.5,0.0,3897.5,13.9583,False,7671;7898
TGT,Short,148,2021-03-15T20:00:00Z,153.386956,2021-03-18T20:00:00Z,150.666726,402.59,9.076,0.0,402.59,153.49,3.0,True,7841;7899
TXN,Long,151,2021-02-19T21:00:00Z,152.670969,2021-03-18T20:00:00Z,151.211728,-220.35,9.1433,-2041.44,198.31,2239.75,26.9583,False,7472;7900
WFC,Long,686,2021-02-22T21:00:00Z,33.137966,2021-03-18T20:00:00Z,35.314912,1493.39,9.4201,-914.13,1891.62,1291.25,23.9583,True,7499;7901
XOM,Short,461,2021-03-16T20:00:00Z,48.483194,2021-03-18T20:00:00Z,47.920952,259.19,8.7082,0.0,1014.24,755.04,2.0,True,7860;7902
SPY,Long,29,2021-03-15T20:00:00Z,365.309214,2021-03-18T20:00:00Z,365.392575,2.42,2.1031,-78.43,76.82,155.26,3.0,True,7846;7907
ADBE,Long,50,2021-03-16T20:00:00Z,452.01,2021-03-19T20:00:00Z,439.94,-603.5,8.9204,-641.5,0.0,641.5,3.0,False,7862;7908
AMZN,Long,143,2021-02-23T21:00:00Z,156.183731,2021-03-19T20:00:00Z,151.31917,-695.63,8.9443,-1277.35,203.37,1480.72,23.9583,False,7529;7909
C,Long,373,2021-03-12T21:00:00Z,61.946437,2021-03-19T20:00:00Z,60.666621,-477.37,9.1848,-483.57,0.0,483.57,6.9583,False,7815;7910
GS,Short,75,2021-03-12T21:00:00Z,303.319509,2021-03-19T20:00:00Z,304.373861,-79.08,9.1335,-183.19,231.3,414.49,6.9583,False,7818;7911
DE,Short,74,2021-02-22T21:00:00Z,306.991558,2021-03-19T20:00:00Z,351.712635,-3309.36,9.7901,-3509.99,0.0,3509.99,24.9583,False,7504;7912
MA,Long,63,2021-03-09T21:00:00Z,363.768,2021-03-19T20:00:00Z,353.87351,-623.35,8.9595,-1129.98,573.24,1703.22,9.9583,False,7737;7913
MCD,Long,124,2021-03-10T21:00:00Z,183.743187,2021-03-19T20:00:00Z,196.103068,1532.63,9.5134,0.0,1679.99,182.3,8.9583,True,7772;7914
NFLX,Long,436,2021-03-16T20:00:00Z,52.447,2021-03-19T20:00:00Z,50.496,-850.64,9.0358,-858.05,0.0,858.05,3.0,False,7861;7915
PG,Long,206,2021-03-12T21:00:00Z,110.854758,2021-03-19T20:00:00Z,112.113977,259.4,9.1673,0.0,259.4,150.27,6.9583,True,7812;7916
PM,Short,331,2021-03-16T20:00:00Z,68.119371,2021-03-19T20:00:00Z,70.594271,-819.19,9.2419,-876.86,0.0,876.86,3.0,False,7865;7917
QCOM,Long,191,2021-03-18T20:00:00Z,117.644717,2021-03-19T20:00:00Z,115.583891,-393.62,8.8486,-393.62,0.0,393.62,1.0,False,7885;7918
SYK,Short,102,2021-03-18T20:00:00Z,222.678926,2021-03-19T20:00:00Z,217.473985,530.9,8.8832,0.0,541.5,10.6,1.0,True,7889;7919
TMO,Long,52,2021-03-18T20:00:00Z,434.270034,2021-03-19T20:00:00Z,440.365985,316.99,9.1232,0.0,316.99,0.0,1.0,True,7884;7920
V,Short,106,2021-03-18T20:00:00Z,212.608906,2021-03-19T20:00:00Z,210.381429,236.11,8.7028,0.0,1479.77,1243.66,1.0,True,7883;7921
WMT,Short,574,2021-03-09T21:00:00Z,39.860604,2021-03-19T20:00:00Z,40.440353,-332.78,4.7,-945.04,0.0,945.04,9.9583,False,7739;7922
ACN,Long,95,2021-03-18T20:00:00Z,240.540675,2021-03-23T20:00:00Z,238.9924,-147.09,9.1145,-294.17,0.0,294.17,5.0,False,7905;7939
ANTM,Short,71,2021-03-18T20:00:00Z,317.656339,2021-03-23T20:00:00Z,327.243046,-680.66,9.3288,-871.16,0.0,871.16,5.0,False,7906;7940
BKNG,Long,246,2021-03-19T20:00:00Z,91.151741,2021-03-23T20:00:00Z,87.939889,-790.12,8.6562,-1132.5,0.0,1132.5,4.0,False,7932;7941
SCHW,Short,360,2021-03-15T20:00:00Z,62.71616,2021-03-23T20:00:00Z,59.914919,1008.45,8.6907,0.0,1350.18,341.73,8.0,True,7837;7942
SHOP,Short,202,2021-03-19T20:00:00Z,111.71,2021-03-23T20:00:00Z,116.5,-967.58,9.2231,-967.58,0.0,967.58,4.0,False,7929;7943
MDT,Long,235,2021-02-23T21:00:00Z,98.161482,2021-03-23T20:00:00Z,98.085915,-17.76,9.196,-370.95,441.98,812.93,27.9583,False,7534;7944
T,Long,1379,2021-03-19T20:00:00Z,16.402763,2021-03-23T20:00:00Z,16.348105,-75.37,9.0071,-75.37,0.0,75.37,4.0,False,7926;7945
ADP,Short,136,2021-03-16T20:00:00Z,166.423065,2021-03-24T20:00:00Z,162.61407,518.02,8.9587,0.0,577.98,160.68,8.0,True,7869;7955
UTX,Short,327,2021-03-19T20:00:00Z,69.223105,2021-03-24T20:00:00Z,67.652273,513.66,8.9331,0.0,818.38,304.71,5.0,True,7930;7957
ABT,Long,207,2021-03-23T20:00:00Z,109.754209,2021-03-24T20:00:00Z,108.070116,-348.61,8.8915,-719.58,0.0,719.58,1.0,False,7947;7975
AXP,Short,162,2021-03-15T20:00:00Z,139.594709,2021-03-24T20:00:00Z,129.591454,1620.53,8.6857,0.0,1906.59,356.06,9.0,True,7838;7976
C,Long,380,2021-03-23T20:00:00Z,59.170732,2021-03-24T20:00:00Z,59.627809,173.69,8.9043,-353.69,173.69,353.69,1.0,True,7949;7977
CAT,Short,109,2021-03-15T20:00:00Z,208.067339,2021-03-24T20:00:00Z,200.353401,840.82,8.9523,-458.54,1064.64,710.09,9.0,True,7836;7978
CI,Short,102,2021-03-19T20:00:00Z,220.038875,2021-03-24T20:00:00Z,215.91021,421.12,8.9164,0.0,471.81,193.51,5.0,True,7934;7979
CVS,Long,369,2021-03-23T20:00:00Z,61.162503,2021-03-24T20:00:00Z,60.334287,-305.61,8.9591,-305.61,30.87,336.48,1.0,False,7952;7980
IBM,Short,246,2021-02-12T21:00:00Z,93.404569,2021-03-24T20:00:00Z,101.085358,-1889.47,9.5488,-1889.47,393.09,2282.56,39.9583,False,7367;7981
JPM,Short,164,2021-03-19T20:00:00Z,135.629215,2021-03-24T20:00:00Z,130.83204,786.74,8.7474,0.0,863.98,165.93,5.0,True,7923;7982
MO,Long,705,2021-03-16T20:00:00Z,31.73378,2021-03-24T20:00:00Z,32.329459,419.95,9.0936,0.0,1143.21,723.26,8.0,True,7868;7983
MS,Long,319,2021-03-19T20:00:00Z,69.893511,2021-03-24T20:00:00Z,67.524668,-755.66,8.7275,-1019.2,0.0,1019.2,5.0,False,7928;7984
NEE,Short,366,2021-03-23T20:00:00Z,62.2039,2021-03-24T20:00:00Z,63.57178,-500.64,9.3063,-500.64,0.0,500.64,1.0,False,7950;7985
PEP,Long,203,2021-03-18T20:00:00Z,111.091498,2021-03-24T20:00:00Z,116.549654,1108.01,9.2364,0.0,1184.6,110.63,6.0,True,7903;7986
ABNB,Short,118,2021-03-19T20:00:00Z,193.01,2021-03-24T20:00:00Z,189.0,473.18,8.8085,-234.82,1670.88,1197.7,5.0,True,7931;7987
ZM,Long,67,2021-03-18T20:00:00Z,330.0,2021-03-24T20:00:00Z,338.09,542.03,8.4592,-1007.68,653.92,1661.6,6.0,True,7888;7988
SYK,Short,103,2021-03-23T20:00:00Z,219.183775,2021-03-24T20:00:00Z,217.237826,200.43,9.0144,-173.19,200.43,173.19,1.0,True,7953;7989
TJX,Short,372,2021-03-12T21:00:00Z,61.201743,2021-03-24T20:00:00Z,59.714874,553.12,9.0127,-601.21,666.49,601.21,11.9583,True,7822;7990
TGT,Long,148,2021-03-19T20:00:00Z,153.161687,2021-03-24T20:00:00Z,160.587064,1098.96,9.4569,0.0,1098.96,76.74,5.0,True,7933;7991
VZ,Long,563,2021-03-19T20:00:00Z,40.245136,2021-03-24T20:00:00Z,40.473397,128.51,9.0961,0.0,236.94,108.43,5.0,True,7925;7992
ANTM,Short,69,2021-03-24T20:00:00Z,327.038082,2021-03-24T20:00:00Z,327.038082,0.0,13.9189,0.0,0.0,0.0,0.0,False,7972;7997
SNAP,Long,413,2021-03-24T20:00:00Z,55.7,2021-03-24T20:00:00Z,55.7,0.0,12.5164,0.0,0.0,0.0,0.0,False,7971;7998
ANTM,Long,69,2021-03-24T20:00:00Z,327.038082,2021-03-25T20:00:00Z,336.764538,671.13,4.7168,0.0,1018.26,347.13,1.0,True,7997;8000
BMY,Short,453,2021-03-18T20:00:00Z,50.089534,2021-03-25T20:00:00Z,50.913853,-373.42,9.1612,-512.53,0.0,512.53,7.0,False,7886;8001
SCHW,Short,387,2021-03-24T20:00:00Z,59.635725,2021-03-25T20:00:00Z,59.430983,79.24,9.3101,-378.17,79.24,378.17,1.0,True,7969;8002
CSCO,Short,532,2021-03-24T20:00:00Z,42.816853,2021-03-25T20:00:00Z,43.322699,-269.11,9.137,-269.11,0.0,269.11,1.0,False,7966;8003
FIS,Long,180,2021-03-12T21:00:00Z,126.094552,2021-03-25T20:00:00Z,124.355317,-313.06,9.0509,-597.95,131.49,729.44,12.9583,False,7819;8004
SNAP,Short,413,2021-03-24T20:00:00Z,55.7,2021-03-25T20:00:00Z,49.24,2667.98,4.2465,0.0,2667.98,0.0,1.0,True,7998;8005
HD,Short,90,2021-03-23T20:00:00Z,252.525005,2021-03-25T20:00:00Z,255.507069,-268.39,9.2155,-594.06,0.0,594.06,2.0,False,7946;8006
DE,Short,65,2021-03-23T20:00:00Z,339.283903,2021-03-25T20:00:00Z,332.864565,417.26,8.7726,-159.88,417.26,356.7,2.0,True,7951;8007
INTC,Short,395,2021-03-24T20:00:00Z,60.55706,2021-03-25T20:00:00Z,56.04575,1781.97,8.9141,0.0,1781.97,0.0,1.0,True,7964;8008
LLY,Long,128,2021-03-18T20:00:00Z,176.413983,2021-03-25T20:00:00Z,171.653214,-609.38,8.9115,-702.85,0.0,702.85,7.0,False,7904;8009
NFLX,Long,426,2021-03-24T20:00:00Z,53.436,2021-03-25T20:00:00Z,51.726,-728.46,8.7217,-1341.9,0.0,1341.9,1.0,False,7993;8010
PM,Short,327,2021-03-24T20:00:00Z,69.477624,2021-03-25T20:00:00Z,70.095344,-201.99,9.1799,-248.61,0.0,248.61,1.0,False,7995;8011
QCOM,Long,194,2021-03-24T20:00:00Z,118.097743,2021-03-25T20:00:00Z,112.403824,-1104.62,8.7701,-1104.62,0.0,1104.62,1.0,False,7967;8012
PLD,Short,254,2021-03-24T20:00:00Z,89.263113,2021-03-25T20:00:00Z,88.502445,193.21,9.0418,0.0,193.21,0.0,1.0,True,7999;8013
UNP,Short,124,2021-03-24T20:00:00Z,184.305886,2021-03-25T20:00:00Z,188.057659,-465.22,9.4139,-855.83,0.0,855.83,1.0,False,7968;8014
SPY,Long,49,2021-03-15T20:00:00Z,365.309214,2021-03-25T20:00:00Z,358.690278,-324.33,17.0929,-324.33,129.8,454.13,10.0,False,7846;8029
SPY,Long,149,2021-03-19T20:00:00Z,362.360909,2021-03-25T20:00:00Z,358.690278,-546.92,10.7856,-546.92,834.01,913.85,6.0,False,7938;8029
SPY,Long,38,2021-03-24T20:00:00Z,363.271597,2021-03-25T20:00:00Z,358.690278,-174.09,11.1635,-174.09,178.09,174.09,1.0,False,7974;8029
ABT,Short,214,2021-03-25T20:00:00Z,106.926374,2021-03-29T20:00:00Z,108.9707,-437.49,9.3001,-674.54,0.0,674.54,4.0,False,8016;8030
BA,Short,95,2021-03-25T20:00:00Z,233.12,2021-03-29T20:00:00Z,251.2,-1717.6,9.4565,-1717.6,0.0,1717.6,4.0,False,8019;8031
CI,Short,104,2021-03-25T20:00:00Z,217.075632,2021-03-29T20:00:00Z,218.774076,-176.64,9.1878,-683.06,0.0,683.06,4.0,False,8027;8032
LRCX,Short,443,2021-03-24T20:00:00Z,54.00697,2021-03-29T20:00:00Z,55.111394,-489.26,9.4141,-568.5,949.17,1517.67,5.0,False,7973;8033
DHR,Long,136,2021-03-19T20:00:00Z,165.965508,2021-03-29T20:00:00Z,172.277498,858.43,9.3316,0.0,1072.06,470.63,10.0,True,7927;8034
GS,Short,78,2021-03-25T20:00:00Z,287.61845,2021-03-29T20:00:00Z,281.160544,503.72,8.9954,-2.74,503.72,2.74,4.0,True,8021;8035
HON,Long,121,2021-03-25T20:00:00Z,187.629848,2021-03-29T20:00:00Z,192.439736,582.0,9.261,0.0,713.59,131.59,4.0,True,8018;8036
MMM,Short,206,2021-03-25T20:00:00Z,110.930747,2021-03-29T20:00:00Z,111.92502,-204.82,9.2607,-457.27,0.0,457.27,4.0,False,8023;8037
TMO,Long,50,2021-03-23T20:00:00Z,447.210389,2021-03-29T20:00:00Z,449.554228,117.19,8.9674,-582.02,292.98,582.02,6.0,True,7948;8038
TGT,Long,142,2021-03-25T20:00:00Z,159.890005,2021-03-29T20:00:00Z,170.090866,1448.52,9.4376,0.0,1553.54,334.37,4.0,True,8025;8039
AMD,Long,291,2021-03-24T20:00:00Z,77.59,2021-03-29T20:00:00Z,77.07,-151.32,8.9407,-398.67,0.0,398.67,5.0,False,7970;8040
SPY,Long,61,2021-03-24T20:00:00Z,363.271597,2021-03-29T20:00:00Z,366.459005,194.43,4.487,-279.46,286.83,279.46,5.0,True,7974;8051
BKNG,Long,250,2021-03-29T20:00:00Z,90.299154,2021-03-30T20:00:00Z,91.559279,315.03,9.1554,0.0,315.03,0.0,1.0,True,8050;8054
DE,Short,65,2021-03-29T20:00:00Z,345.181495,2021-03-30T20:00:00Z,342.768275,156.86,8.9968,-263.24,156.86,415.85,1.0,True,8047;8056
ISRG,Short,97,2021-03-19T20:00:00Z,234.886643,2021-03-30T20:00:00Z,239.703309,-467.22,9.2731,-843.58,5.17,848.75,11.0,False,7937;8057
MDT,Long,227,2021-03-29T20:00:00Z,99.270938,2021-03-30T20:00:00Z,100.013529,168.57,9.1176,0.0,227.95,59.38,1.0,True,8043;8060
PM,Short,316,2021-03-29T20:00:00Z,71.544609,2021-03-30T20:00:00Z,72.067295,-165.17,9.0262,-165.17,247.75,412.92,1.0,False,8046;8063
SPGI,Short,71,2021-03-19T20:00:00Z,313.459239,2021-03-30T20:00:00Z,324.406151,-777.23,8.9798,-942.04,96.83,1038.87,11.0,False,7936;8064
SPY,Long,56,2021-03-24T20:00:00Z,363.271597,2021-03-30T20:00:00Z,366.459005,178.49,10.8576,-256.55,263.32,256.55,6.0,True,7974;8081
ACN,Long,94,2021-03-25T20:00:00Z,240.234621,2021-03-30T20:00:00Z,251.855682,1092.38,9.2596,0.0,1175.3,187.85,5.0,True,8017;8082
AXP,Short,175,2021-03-25T20:00:00Z,129.384814,2021-03-30T20:00:00Z,134.081178,-821.86,9.3975,-971.44,0.0,971.44,5.0,False,8022;8083
C,Long,374,2021-03-29T20:00:00Z,59.287078,2021-03-30T20:00:00Z,59.835571,205.14,8.9865,0.0,509.73,304.6,1.0,True,8044;8084
COST,Long,71,2021-03-24T20:00:00Z,323.013758,2021-03-30T20:00:00Z,333.736206,761.29,9.2185,0.0,933.52,428.9,6.0,True,7994;8085
TSLA,Long,101,2021-03-10T21:00:00Z,233.506643,2021-03-30T20:00:00Z,200.733313,-3310.11,4.2798,-3310.11,249.81,3559.91,19.9583,False,7769;8086
UBER,Long,432,2021-03-25T20:00:00Z,52.0,2021-03-30T20:00:00Z,52.99,427.68,9.275,0.0,1170.72,743.04,5.0,True,8024;8087
LIN,Short,87,2021-03-29T20:00:00Z,259.927455,2021-03-30T20:00:00Z,260.122366,-16.96,9.0497,-16.96,55.72,72.67,1.0,False,8045;8088
LLY,Long,129,2021-03-29T20:00:00Z,175.124213,2021-03-30T20:00:00Z,175.949286,106.43,9.099,0.0,106.43,0.0,1.0,True,8042;8089
NKE,Short,187,2021-03-29T20:00:00Z,120.856485,2021-03-30T20:00:00Z,120.538298,59.5,9.0591,-1.7,59.5,1.7,1.0,True,8041;8090
GM,Short,398,2021-03-19T20:00:00Z,56.704197,2021-03-30T20:00:00Z,54.250466,976.59,9.0281,0.0,1277.95,1029.99,11.0,True,7935;8091
AMAT,Short,184,2021-03-29T20:00:00Z,121.466839,2021-03-30T20:00:00Z,119.401759,379.97,8.8826,0.0,379.97,0.0,1.0,True,8048;8092
UPS,Short,178,2021-03-16T20:00:00Z,127.014938,2021-03-30T20:00:00Z,130.953871,-701.13,9.2221,-851.37,447.94,1299.32,14.0,False,7864;8093
XOM,Long,507,2021-03-24T20:00:00Z,45.924585,2021-03-30T20:00:00Z,46.332007,206.56,9.3416,-70.23,557.72,417.26,6.0,True,7965;8094
SYK,Short,99,2021-03-30T20:00:00Z,227.048475,2021-03-30T20:00:00Z,227.048475,0.0,13.6763,0.0,0.0,0.0,0.0,False,8078;8102
SPY,Short,92,2021-03-30T20:00:00Z,366.459005,2021-03-31T20:00:00Z,367.388278,-85.49,9.5758,-169.28,0.0,169.28,1.0,False,8081;8106
SPY,Short,38,2021-03-30T20:00:00Z,366.459005,2021-03-31T20:00:00Z,367.388278,-35.31,2.7878,-69.92,0.0,69.92,1.0,False,8105;8106
ADP,Short,139,2021-03-25T20:00:00Z,164.994692,2021-03-31T20:00:00Z,165.67361,-94.37,9.2034,-681.42,0.0,681.42,6.0,False,8028;8107
AMT,Long,110,2021-03-30T20:00:00Z,204.510975,2021-03-31T20:00:00Z,201.267201,-356.82,8.9196,-356.82,0.0,356.82,1.0,False,8074;8108
ANTM,Long,66,2021-03-30T20:00:00Z,343.630819,2021-03-31T20:00:00Z,338.385613,-346.18,8.8918,-608.13,0.0,608.13,1.0,False,8103;8109
BA,Short,90,2021-03-30T20:00:00Z,251.24,2021-03-31T20:00:00Z,254.25,-270.9,9.1211,-313.2,0.0,313.2,1.0,False,8071;8110
BMY,Short,438,2021-03-30T20:00:00Z,51.72201,2021-03-31T20:00:00Z,51.22954,215.7,8.9861,0.0,244.24,110.59,1.0,True,8070;8111
CI,Short,101,2021-03-30T20:00:00Z,222.85757,2021-03-31T20:00:00Z,220.969406,190.7,8.8972,0.0,450.76,260.05,1.0,True,8079;8112
CVS,Long,355,2021-03-30T20:00:00Z,63.722443,2021-03-31T20:00:00Z,63.546761,-62.37,8.9874,-279.17,0.0,279.17,1.0,False,8101;8113
DHR,Long,130,2021-03-30T20:00:00Z,172.913491,2021-03-31T20:00:00Z,172.024633,-115.55,8.927,-115.55,0.0,115.55,1.0,False,8067;8114
FIS,Short,181,2021-03-30T20:00:00Z,126.033679,2021-03-31T20:00:00Z,123.946597,377.76,8.9127,0.0,679.97,302.21,1.0,True,8104;8115
GS,Short,79,2021-03-30T20:00:00Z,289.428421,2021-03-31T20:00:00Z,290.148895,-56.92,9.1486,-56.92,167.28,224.2,1.0,False,8100;8116
HON,Long,117,2021-03-30T20:00:00Z,193.633366,2021-03-31T20:00:00Z,192.917188,-83.79,9.0033,-199.65,0.0,199.65,1.0,False,8098;8117
ORCL,Short,346,2021-03-30T20:00:00Z,65.321438,2021-03-31T20:00:00Z,65.201548,41.48,8.9805,0.0,210.6,169.12,1.0,True,8066;8118
NOW,Long,234,2021-03-30T20:00:00Z,96.0,2021-03-31T20:00:00Z,98.688,628.99,9.2447,0.0,941.15,312.16,1.0,True,8077;8119
TMUS,Long,194,2021-03-30T20:00:00Z,116.754923,2021-03-31T20:00:00Z,117.340919,113.68,9.1654,0.0,322.71,209.03,1.0,True,8068;8120
C,Long,374,2021-03-31T20:00:00Z,60.392374,2021-04-01T20:00:00Z,60.251096,-52.84,9.0695,-52.84,146.08,198.92,1.0,False,8123;8134
CVX,Short,266,2021-03-30T20:00:00Z,84.644838,2021-04-01T20:00:00Z,84.086442,148.53,8.9833,0.0,275.85,199.46,2.0,True,8097;8135
LRCX,Short,421,2021-03-30T20:00:00Z,53.470374,2021-04-01T20:00:00Z,57.740433,-1797.69,9.6567,-2960.3,0.0,2960.3,2.0,False,8080;8136
GILD,Short,439,2021-03-16T20:00:00Z,51.854846,2021-04-01T20:00:00Z,53.970366,-928.71,9.3915,-1151.89,0.0,1151.89,16.0,False,7870;8137
FISV,Short,182,2021-03-15T20:00:00Z,124.2,2021-04-01T20:00:00Z,120.05,755.3,8.9606,0.0,939.12,569.66,17.0,True,7844;8138
INTU,Long,63,2021-03-30T20:00:00Z,356.846113,2021-04-01T20:00:00Z,374.001807,1080.81,9.3164,0.0,1463.09,382.28,2.0,True,8075;8139
LMT,Long,70,2021-03-30T20:00:00Z,322.000424,2021-04-01T20:00:00Z,318.109675,-272.35,8.9561,-272.35,0.0,272.35,2.0,False,8076;8140
MDLZ,Short,475,2021-03-09T21:00:00Z,48.185025,2021-04-01T20:00:00Z,51.044382,-1358.19,9.4193,-1894.28,0.0,1894.28,22.9583,False,7717;8141
MDT,Long,226,2021-03-31T20:00:00Z,100.654857,2021-04-01T20:00:00Z,99.94602,-160.2,9.0138,-207.87,0.0,207.87,1.0,False,8121;8142
MS,Short,346,2021-03-30T20:00:00Z,66.319172,2021-04-01T20:00:00Z,65.653198,230.43,9.1757,0.0,288.76,157.51,2.0,True,8099;8143
MU,Long,274,2021-03-24T20:00:00Z,84.934459,2021-04-01T20:00:00Z,90.580504,1547.02,9.3735,-804.23,1547.02,804.23,8.0,True,7996;8144
NEE,Short,350,2021-03-30T20:00:00Z,64.160488,2021-04-01T20:00:00Z,65.363876,-421.19,9.0897,-503.0,0.0,503.0,2.0,False,8069;8145
GM,Short,405,2021-03-31T20:00:00Z,55.899067,2021-04-01T20:00:00Z,55.515671,155.28,8.9485,0.0,201.86,46.58,1.0,True,8133;8146
NVDA,Short,1808,2021-03-25T20:00:00Z,12.439701,2021-04-01T20:00:00Z,13.508769,-1932.87,9.4811,-2360.2,0.0,2360.2,7.0,False,8015;8147
ZM,Long,72,2021-03-31T20:00:00Z,315.34,2021-04-01T20:00:00Z,325.98,766.08,9.3243,0.0,784.08,18.0,1.0,True,8131;8148
SPGI,Short,71,2021-03-31T20:00:00Z,319.293979,2021-04-01T20:00:00Z,324.650018,-380.28,9.177,-586.13,0.0,586.13,1.0,False,8132;8149
TGT,Long,133,2021-03-31T20:00:00Z,170.048363,2021-04-01T20:00:00Z,168.433226,-214.81,9.0147,-214.81,66.71,281.52,1.0,False,8128;8150
UPS,Short,172,2021-03-31T20:00:00Z,132.259033,2021-04-01T20:00:00Z,133.00149,-127.7,9.1774,-276.91,0.0,276.91,1.0,False,8124;8151
USB,Short,531,2021-03-09T21:00:00Z,41.878501,2021-04-01T20:00:00Z,44.001034,-1127.06,9.1823,-1440.68,0.0,1440.68,22.9583,False,7720;8152
AMD,Long,299,2021-03-31T20:00:00Z,76.57,2021-04-01T20:00:00Z,80.17,1076.4,9.5435,0.0,1351.48,275.08,1.0,True,8130;8153
SPY,Short,86,2021-04-01T20:00:00Z,370.166806,2021-04-05T20:00:00Z,374.952565,-411.58,12.8982,-640.94,0.0,640.94,4.0,False,8164;8165
AMGN,Short,108,2021-04-01T20:00:00Z,210.6284,2021-04-05T20:00:00Z,210.063306,61.03,9.1307,-208.6,61.03,208.6,4.0,True,8161;8166
ANTM,Long,68,2021-04-01T20:00:00Z,335.329792,2021-04-05T20:00:00Z,332.087641,-220.47,8.9789,-319.3,0.0,319.3,4.0,False,8163;8167
AXP,Short,168,2021-03-31T20:00:00Z,134.700872,2021-04-05T20:00:00Z,138.403309,-622.01,9.1038,-622.01,0.0,622.01,5.0,False,8127;8168
BLK,Short,34,2021-03-30T20:00:00Z,662.809865,2021-04-05T20:00:00Z,678.075226,-519.02,9.1525,-864.34,32.83,897.17,6.0,False,8072;8169
CVS,Long,362,2021-04-01T20:00:00Z,62.936056,2021-04-05T20:00:00Z,62.116206,-296.79,9.0453,-296.79,0.0,296.79,4.0,False,8162;8170
SQ,Long,106,2021-03-29T20:00:00Z,212.05,2021-04-05T20:00:00Z,231.89,2103.04,9.2672,0.0,2103.04,0.0,7.0,True,8049;8171
HD,Short,85,2021-04-01T20:00:00Z,267.583556,2021-04-05T20:00:00Z,270.164523,-219.38,9.237,-631.47,0.0,631.47,4.0,False,8154;8172
HON,Long,118,2021-04-01T20:00:00Z,192.713829,2021-04-05T20:00:00Z,193.376957,78.25,9.0992,0.0,136.68,58.43,4.0,True,8158;8173
JNJ,Short,158,2021-03-30T20:00:00Z,142.69286,2021-04-05T20:00:00Z,141.499573,188.54,8.9745,0.0,299.2,110.66,6.0,True,8095;8174
LIN,Short,87,2021-04-01T20:00:00Z,259.361286,2021-04-05T20:00:00Z,262.257103,-251.94,9.1445,-481.26,0.0,481.26,4.0,False,8160;8175
MMM,Short,200,2021-03-30T20:00:00Z,112.711189,2021-04-05T20:00:00Z,112.081097,126.02,9.0093,0.0,263.6,261.29,6.0,True,8073;8176
MO,Long,699,2021-03-25T20:00:00Z,32.336031,2021-04-05T20:00:00Z,33.762234,996.92,9.3278,0.0,1516.05,689.11,11.0,True,8026;8177
PM,Short,321,2021-03-31T20:00:00Z,70.396284,2021-04-05T20:00:00Z,70.103264,94.06,9.0165,0.0,211.0,137.28,5.0,True,8125;8178
VZ,Long,541,2021-03-30T20:00:00Z,41.992754,2021-04-05T20:00:00Z,41.750227,-131.21,9.0656,-277.85,0.0,277.85,6.0,False,8096;8179
SHOP,Short,205,2021-03-25T20:00:00Z,109.008,2021-04-06T20:00:00Z,114.4,-1105.36,9.0931,-1354.23,1028.48,2382.72,12.0,False,8020;8191
COST,Long,68,2021-03-31T20:00:00Z,330.980084,2021-04-06T20:00:00Z,339.323961,567.38,9.1475,0.0,652.11,84.72,6.0,True,8122;8192
DHR,Long,132,2021-04-01T20:00:00Z,173.143368,2021-04-06T20:00:00Z,175.733316,341.87,9.1436,0.0,341.87,0.0,5.0,True,8157;8193
DE,Short,65,2021-04-05T20:00:00Z,350.800447,2021-04-06T20:00:00Z,350.977902,-11.53,9.1113,-11.53,0.0,11.53,1.0,False,8188;8194
LLY,Long,129,2021-04-05T20:00:00Z,176.006188,2021-04-06T20:00:00Z,175.152664,-110.1,8.9946,-351.11,0.0,351.11,1.0,False,8183;8195
LOW,Short,144,2021-03-16T20:00:00Z,156.83998,2021-04-06T20:00:00Z,173.84705,-2449.02,9.5918,-2619.03,0.0,2619.03,21.0,False,7866;8196
MS,Short,345,2021-04-05T20:00:00Z,66.765964,2021-04-06T20:00:00Z,65.585758,407.17,9.1369,0.0,407.17,0.0,1.0,True,8185;8197
NFLX,Short,421,2021-04-05T20:00:00Z,54.001,2021-04-06T20:00:00Z,54.481,-202.08,9.1374,-202.08,0.0,202.08,1.0,False,8182;8198
NOW,Long,224,2021-04-05T20:00:00Z,102.394,2021-04-06T20:00:00Z,102.28,-25.54,9.167,-129.47,0.0,129.47,1.0,False,8190;8199
QCOM,Long,185,2021-04-05T20:00:00Z,123.507411,2021-04-06T20:00:00Z,124.306869,147.9,9.1497,-161.05,147.9,161.05,1.0,True,8184;8200
SYK,Long,99,2021-03-30T20:00:00Z,227.048475,2021-04-06T20:00:00Z,234.947295,781.98,4.658,0.0,820.43,66.57,7.0,True,8102;8201
XOM,Long,486,2021-04-05T20:00:00Z,46.666093,2021-04-06T20:00:00Z,46.291265,-182.17,13.4746,-364.33,0.0,364.33,1.0,False,8181;8203
AMGN,Short,107,2021-04-06T20:00:00Z,212.323684,2021-04-07T20:00:00Z,209.312658,322.18,8.9745,0.0,326.69,4.51,1.0,True,8209;8216
BMY,Short,443,2021-04-05T20:00:00Z,51.22954,2021-04-07T20:00:00Z,50.504671,321.12,9.036,0.0,331.94,28.86,2.0,True,8186;8217
LRCX,Long,364,2021-04-06T20:00:00Z,62.460968,2021-04-07T20:00:00Z,61.749291,-259.05,9.0341,-259.05,0.0,259.05,1.0,False,8213;8218
ABNB,Short,120,2021-04-05T20:00:00Z,191.66,2021-04-07T20:00:00Z,190.06,192.0,8.7991,0.0,1406.4,1214.4,2.0,True,8189;8219
UNP,Short,116,2021-04-01T20:00:00Z,195.446176,2021-04-07T20:00:00Z,195.463873,-2.05,9.0644,-265.85,0.0,265.85,6.0,False,8159;8220
WFC,Long,656,2021-04-06T20:00:00Z,34.672823,2021-04-07T20:00:00Z,35.042244,242.34,9.2135,0.0,328.89,86.55,1.0,True,8207;8221
SPY,Long,56,2021-04-06T20:00:00Z,377.127065,2021-04-07T20:00:00Z,377.238577,6.24,19.3402,0.0,39.55,33.31,1.0,True,8215;8229
ANTM,Short,69,2021-04-07T20:00:00Z,327.746139,2021-04-08T20:00:00Z,326.96355,54.0,9.0651,-70.71,54.0,70.71,1.0,True,8228;8230
LIN,Short,86,2021-04-06T20:00:00Z,264.094834,2021-04-08T20:00:00Z,262.730458,117.34,9.0398,0.0,261.01,143.68,2.0,True,8208;8231
MS,Short,342,2021-04-07T20:00:00Z,66.631084,2021-04-08T20:00:00Z,66.175861,155.69,9.1809,-331.55,155.69,331.55,1.0,True,8224;8232
PYPL,Long,95,2021-03-19T20:00:00Z,237.600307,2021-04-08T20:00:00Z,257.290721,1870.59,9.5038,-564.65,2278.34,953.15,20.0,True,7924;8233
SYK,Long,97,2021-04-07T20:00:00Z,235.051477,2021-04-08T20:00:00Z,235.534498,46.85,9.1363,0.0,149.75,102.89,1.0,True,8227;8234
TMUS,Long,183,2021-04-07T20:00:00Z,123.909742,2021-04-08T20:00:00Z,123.701808,-38.05,8.9986,-171.23,0.0,171.23,1.0,False,8223;8235
TXN,Long,134,2021-04-06T20:00:00Z,167.023036,2021-04-08T20:00:00Z,168.319185,173.68,8.9669,-171.38,173.68,171.38,2.0,True,8206;8236
SPY,Short,77,2021-04-07T20:00:00Z,377.238577,2021-04-08T20:00:00Z,379.069246,-140.96,5.8463,-183.89,0.0,183.89,1.0,False,8229;8245
SPY,Short,67,2021-04-07T20:00:00Z,377.238577,2021-04-09T20:00:00Z,379.552468,-155.03,5.124,-344.93,0.0,344.93,2.0,False,8229;8246
SHOP,Short,197,2021-04-07T20:00:00Z,115.0,2021-04-09T20:00:00Z,121.4,-1260.8,9.4039,-1522.81,0.0,1522.81,2.0,False,8225;8247
LRCX,Long,365,2021-04-08T20:00:00Z,63.227534,2021-04-09T20:00:00Z,62.949299,-101.56,9.1884,-210.71,0.0,210.71,1.0,False,8242;8248
SQ,Long,93,2021-04-08T20:00:00Z,248.71,2021-04-09T20:00:00Z,255.95,673.32,9.6714,0.0,1203.42,530.1,1.0,True,8241;8249
MDT,Long,224,2021-04-08T20:00:00Z,102.351003,2021-04-09T20:00:00Z,102.0219,-73.72,9.1733,-73.72,134.21,207.93,1.0,False,8238;8250
GM,Short,391,2021-04-08T20:00:00Z,57.854384,2021-04-09T20:00:00Z,57.087593,299.82,9.0132,0.0,299.82,0.0,1.0,True,8244;8251
NVDA,Long,1654,2021-04-07T20:00:00Z,13.807073,2021-04-09T20:00:00Z,14.181259,618.9,9.3966,0.0,865.81,246.9,2.0,True,8222;8252
PM,Short,324,2021-04-06T20:00:00Z,70.016149,2021-04-09T20:00:00Z,70.942729,-300.21,9.2219,-682.53,33.36,715.89,3.0,False,8210;8253
AMD,Long,279,2021-04-06T20:00:00Z,81.28,2021-04-09T20:00:00Z,82.78,418.5,9.1624,0.0,577.53,164.61,3.0,True,8212;8254
VZ,Long,542,2021-04-06T20:00:00Z,41.949955,2021-04-09T20:00:00Z,41.528529,-228.41,9.0637,-271.4,73.46,344.86,3.0,False,8202;8255
CAT,Short,107,2021-03-31T20:00:00Z,212.928301,2021-04-12T20:00:00Z,209.248507,393.74,8.9986,0.0,393.74,94.3,12.0,True,8126;8264
KO,Short,508,2021-04-01T20:00:00Z,45.06789,2021-04-12T20:00:00Z,45.382753,-159.95,9.1526,-168.6,64.84,233.44,11.0,False,8155;8265
NOW,Long,224,2021-04-07T20:00:00Z,102.212,2021-04-12T20:00:00Z,105.836,811.78,9.3877,0.0,1162.11,350.34,5.0,True,8226;8266
AMAT,Short,168,2021-04-05T20:00:00Z,139.0965,2021-04-12T20:00:00Z,131.763555,1231.93,8.9319,0.0,1684.88,452.94,7.0,True,8187;8267
UNH,Long,68,2021-04-09T20:00:00Z,334.122365,2021-04-12T20:00:00Z,339.682757,378.11,9.284,0.0,489.13,111.03,3.0,True,8256;8268
ADBE,Short,46,2021-04-06T20:00:00Z,492.48,2021-04-12T20:00:00Z,499.29,-313.26,13.7301,-623.3,0.0,623.3,6.0,False,8204;8270
SYK,Short,96,2021-04-09T20:00:00Z,237.61812,2021-04-12T20:00:00Z,238.669402,-100.92,13.7175,-100.92,0.0,100.92,3.0,False,8263;8276
SYK,Long,95,2021-04-12T20:00:00Z,238.669402,2021-04-14T20:00:00Z,240.686726,191.65,4.5399,0.0,191.65,115.17,2.0,True,8276;8285
SPY,Short,126,2021-04-12T20:00:00Z,381.80131,2021-04-14T20:00:00Z,383.659857,-234.18,32.2808,-234.18,0.0,234.18,2.0,False,8278;8294
ABBV,Long,263,2021-04-06T20:00:00Z,86.085159,2021-04-14T20:00:00Z,87.436406,355.38,9.0928,-136.89,521.89,235.79,8.0,True,8205;8295
BA,Short,90,2021-04-08T20:00:00Z,250.99,2021-04-14T20:00:00Z,255.32,-389.7,9.1328,-389.7,132.3,522.0,6.0,False,8239;8296
BMY,Short,452,2021-04-09T20:00:00Z,50.333634,2021-04-14T20:00:00Z,51.921831,-717.87,9.3079,-739.95,0.0,739.95,5.0,False,8261;8297
C,Short,379,2021-04-09T20:00:00Z,60.32589,2021-04-14T20:00:00Z,59.453288,330.72,9.1549,-100.79,330.72,264.57,5.0,True,8260;8298
CRM,Short,100,2021-04-12T20:00:00Z,225.220494,2021-04-14T20:00:00Z,228.488114,-326.76,8.9645,-326.76,147.19,473.95,2.0,False,8272;8299
CSCO,Long,509,2021-04-09T20:00:00Z,44.799028,2021-04-14T20:00:00Z,44.522705,-140.65,9.0947,-224.16,0.0,224.16,5.0,False,8258;8300
CVS,Long,369,2021-04-12T20:00:00Z,62.183133,2021-04-14T20:00:00Z,61.907061,-101.87,9.2326,-101.87,231.52,333.39,2.0,False,8275;8301
CVX,Long,278,2021-04-12T20:00:00Z,82.762247,2021-04-14T20:00:00Z,81.868813,-248.37,9.1389,-334.86,115.32,363.69,2.0,False,8273;8302
DHR,Long,129,2021-04-09T20:00:00Z,176.346321,2021-04-14T20:00:00Z,185.181261,1139.71,9.2849,0.0,1256.35,548.6,5.0,True,8259;8303
MMM,Long,201,2021-04-09T20:00:00Z,113.335499,2021-04-14T20:00:00Z,113.040686,-59.26,9.174,-59.26,204.5,263.75,5.0,False,8262;8304
TMO,Long,50,2021-04-01T20:00:00Z,454.241906,2021-04-14T20:00:00Z,476.646249,1120.22,9.2014,0.0,1162.07,335.33,13.0,True,8156;8305
AVGO,Long,522,2021-04-14T20:00:00Z,43.564186,2021-04-15T20:00:00Z,43.428034,-71.07,9.0115,-148.26,0.0,148.26,1.0,False,8307;8311
PM,Short,317,2021-04-14T20:00:00Z,71.853469,2021-04-15T20:00:00Z,72.61374,-241.01,9.1833,-276.15,0.0,276.15,1.0,False,8309;8312
TGT,Long,130,2021-04-06T20:00:00Z,173.754676,2021-04-15T20:00:00Z,175.58233,237.6,9.0874,-106.09,237.6,106.09,9.0,True,8211;8313
UNP,Short,116,2021-04-08T20:00:00Z,195.623146,2021-04-15T20:00:00Z,197.667155,-237.11,9.0999,-253.53,0.0,253.53,7.0,False,8240;8314
XOM,Short,494,2021-04-06T20:00:00Z,46.291265,2021-04-15T20:00:00Z,46.780171,-241.52,9.1188,-241.52,527.32,768.84,9.0,False,8203;8315
NFLX,Long,411,2021-04-09T20:00:00Z,55.269,2021-04-15T20:00:00Z,54.417,-350.17,13.7147,-520.74,42.74,563.48,6.0,False,8257;8316
SHOP,Short,184,2021-04-14T20:00:00Z,124.8,2021-04-19T20:00:00Z,119.2,1030.4,8.5584,0.0,1880.85,850.45,5.0,True,8290;8322
MO,Long,679,2021-04-14T20:00:00Z,33.545346,2021-04-19T20:00:00Z,34.380036,566.75,8.9619,-879.14,566.75,1445.89,5.0,True,8291;8323
ZM,Long,66,2021-04-14T20:00:00Z,344.0,2021-04-19T20:00:00Z,327.52,-1087.68,8.6266,-1298.22,0.0,1298.22,5.0,False,8292;8324
TXN,Long,139,2021-04-14T20:00:00Z,163.958629,2021-04-19T20:00:00Z,163.7097,-34.6,9.0056,-471.29,257.72,729.01,5.0,False,8308;8325
VZ,Short,551,2021-04-12T20:00:00Z,41.571788,2021-04-19T20:00:00Z,42.23509,-365.48,9.2109,-365.48,15.89,381.37,7.0,False,8271;8326
NFLX,Short,422,2021-04-15T20:00:00Z,54.417,2021-04-19T20:00:00Z,54.732,-132.93,9.2924,-433.39,0.0,433.39,4.0,False,8316;8327
XOM,Long,488,2021-04-15T20:00:00Z,46.780171,2021-04-19T20:00:00Z,46.234226,-266.42,9.0204,-369.81,0.0,369.81,4.0,False,8315;8328
ISRG,Short,89,2021-04-08T20:00:00Z,255.316641,2021-04-20T20:00:00Z,268.88664,-1207.73,9.3833,-1383.06,0.0,1383.06,12.0,False,8243;8335
ANTM,Short,67,2021-04-15T20:00:00Z,339.540863,2021-04-20T20:00:00Z,353.450439,-931.94,9.419,-1087.99,0.0,1087.99,5.0,False,8320;8347
AVGO,Long,526,2021-04-19T20:00:00Z,42.962772,2021-04-20T20:00:00Z,41.477722,-781.14,8.7197,-911.56,0.0,911.56,1.0,False,8329;8348
FIS,Short,179,2021-04-06T20:00:00Z,126.103248,2021-04-20T20:00:00Z,132.494938,-1144.11,9.2547,-1206.38,0.0,1206.38,14.0,False,8214;8349
SNAP,Long,371,2021-04-19T20:00:00Z,60.33,2021-04-20T20:00:00Z,59.59,-274.54,8.8246,-682.64,0.0,682.64,1.0,False,8332;8350
LLY,Long,126,2021-04-19T20:00:00Z,179.562539,2021-04-20T20:00:00Z,180.577285,127.86,9.0918,0.0,152.95,25.09,1.0,True,8330;8351
NFLX,Long,416,2021-04-19T20:00:00Z,54.732,2021-04-20T20:00:00Z,55.3,236.29,4.5724,0.0,236.29,0.0,1.0,True,8327;8352
ORCL,Long,321,2021-04-14T20:00:00Z,71.355873,2021-04-20T20:00:00Z,72.893396,493.54,9.2792,0.0,651.12,157.58,6.0,True,8288;8353
SBUX,Short,233,2021-03-18T20:00:00Z,96.309032,2021-04-20T20:00:00Z,103.077456,-1577.04,9.1949,-1860.42,885.03,2745.45,33.0,False,7887;8354
VZ,Long,540,2021-04-20T20:00:00Z,41.961117,2021-04-20T20:00:00Z,41.961117,0.0,13.6398,0.0,0.0,0.0,0.0,False,8340;8356
TGT,Long,128,2021-04-19T20:00:00Z,178.081541,2021-04-22T20:00:00Z,176.202883,-240.47,9.0148,-423.27,0.0,423.27,3.0,False,8331;8373
SPY,Short,157,2021-04-12T20:00:00Z,381.80131,2021-04-22T20:00:00Z,386.494141,-736.77,12.0297,-933.73,0.0,933.73,10.0,False,8278;8390
ACN,Long,89,2021-04-08T20:00:00Z,255.753374,2021-04-22T20:00:00Z,262.74814,622.53,9.2208,0.0,622.53,199.48,14.0,True,8237;8391
BKNG,Long,249,2021-03-31T20:00:00Z,91.654228,2021-04-22T20:00:00Z,91.96838,78.22,9.1006,-6.62,1276.68,1283.3,22.0,True,8129;8392
BLK,Long,31,2021-04-20T20:00:00Z,708.632283,2021-04-22T20:00:00Z,711.924123,102.05,8.7095,-324.92,116.2,441.12,2.0,True,8343;8393
CVX,Long,274,2021-04-15T20:00:00Z,82.905834,2021-04-22T20:00:00Z,81.765111,-312.56,8.9348,-649.16,0.0,649.16,7.0,False,8317;8394
LRCX,Short,364,2021-04-12T20:00:00Z,62.334153,2021-04-22T20:00:00Z,60.937299,508.45,8.7141,0.0,1571.87,1063.42,10.0,True,8277;8395
SQ,Long,92,2021-04-20T20:00:00Z,248.25,2021-04-22T20:00:00Z,246.09,-198.72,9.0274,-287.96,0.0,287.96,2.0,False,8359;8396
ISRG,Long,84,2021-04-20T20:00:00Z,268.88664,2021-04-22T20:00:00Z,294.963304,2190.44,9.3563,0.0,2372.16,888.16,2.0,True,8360;8397
MRK,Long,363,2021-04-20T20:00:00Z,62.596294,2021-04-22T20:00:00Z,63.56996,353.44,9.1445,0.0,420.62,370.97,2.0,True,8342;8398
NKE,Short,188,2021-04-14T20:00:00Z,121.401948,2021-04-22T20:00:00Z,118.083713,623.83,8.9366,-131.6,1098.96,476.84,8.0,True,8306;8399
PEP,Long,190,2021-04-14T20:00:00Z,119.349998,2021-04-22T20:00:00Z,122.611477,619.68,9.1815,-6.37,737.56,144.96,8.0,True,8289;8400
PG,Short,195,2021-04-05T20:00:00Z,117.202962,2021-04-22T20:00:00Z,118.398382,-233.11,9.2089,-472.47,0.0,472.47,17.0,False,8180;8401
AMAT,Long,181,2021-04-20T20:00:00Z,123.780493,2021-04-22T20:00:00Z,128.857147,918.87,9.0102,0.0,965.6,571.05,2.0,True,8344;8402
SPGI,Short,67,2021-04-14T20:00:00Z,337.927214,2021-04-22T20:00:00Z,344.168399,-418.16,9.1419,-554.92,0.0,554.92,8.0,False,8293;8403
T,Short,1364,2021-04-20T20:00:00Z,16.638772,2021-04-22T20:00:00Z,17.383708,-1016.09,9.2882,-1084.34,0.0,1084.34,2.0,False,8357;8404
AMD,Long,276,2021-04-12T20:00:00Z,82.1,2021-04-22T20:00:00Z,81.61,-135.24,8.7017,-979.8,251.16,1090.2,10.0,False,8274;8405
VZ,Short,540,2021-04-20T20:00:00Z,41.961117,2021-04-22T20:00:00Z,41.773662,101.23,4.4602,0.0,358.18,256.96,2.0,True,8356;8406
XOM,Short,492,2021-04-19T20:00:00Z,46.234226,2021-04-22T20:00:00Z,45.549757,336.76,4.4316,0.0,589.33,288.65,3.0,True,8328;8407
ABT,Short,205,2021-04-22T20:00:00Z,111.006841,2021-04-23T20:00:00Z,111.738993,-150.09,9.1467,-150.09,0.0,150.09,1.0,False,8409;8414
AXP,Long,164,2021-04-22T20:00:00Z,139.025092,2021-04-23T20:00:00Z,133.174676,-959.47,9.0029,-959.47,0.0,959.47,1.0,False,8411;8415
CI,Short,99,2021-04-22T20:00:00Z,227.663806,2021-04-23T20:00:00Z,228.567233,-89.44,9.0216,-89.44,17.89,107.33,1.0,False,8389;8416
DHR,Short,121,2021-04-22T20:00:00Z,190.069979,2021-04-23T20:00:00Z,193.839962,-456.17,9.51,-1101.48,0.0,1101.48,1.0,False,8381;8417
DIS,Short,128,2021-04-22T20:00:00Z,178.622628,2021-04-23T20:00:00Z,176.79985,233.32,9.0782,0.0,233.32,0.0,1.0,True,8377;8418
UBER,Long,409,2021-04-22T20:00:00Z,55.85,2021-04-23T20:00:00Z,56.56,290.39,9.3424,0.0,850.72,560.33,1.0,True,8413;8419
IBM,Long,205,2021-04-22T20:00:00Z,110.927575,2021-04-23T20:00:00Z,109.028606,-389.29,8.9793,-389.29,0.0,389.29,1.0,False,8383;8420
DE,Long,65,2021-04-22T20:00:00Z,351.052619,2021-04-23T20:00:00Z,346.298694,-309.01,9.041,-309.01,24.28,333.29,1.0,False,8384;8421
JNJ,Long,163,2021-04-12T20:00:00Z,139.320528,2021-04-23T20:00:00Z,142.269157,480.63,9.2224,-231.15,770.98,290.35,11.0,True,8269;8422
KO,Short,490,2021-04-22T20:00:00Z,46.35287,2021-04-23T20:00:00Z,46.293301,29.19,9.0827,0.0,29.19,0.0,1.0,True,8379;8423
MA,Short,62,2021-04-14T20:00:00Z,366.142249,2021-04-23T20:00:00Z,373.280566,-442.58,9.2174,-605.76,22.28,628.04,9.0,False,8286;8424
MU,Long,257,2021-04-15T20:00:00Z,89.507853,2021-04-23T20:00:00Z,83.159709,-1631.47,8.8365,-1774.32,0.0,1774.32,8.0,False,8318;8425
NFLX,Short,448,2021-04-22T20:00:00Z,51.335,2021-04-23T20:00:00Z,50.901,194.43,9.0884,0.0,349.44,155.01,1.0,True,8378;8426
ORCL,Long,321,2021-04-22T20:00:00Z,70.49449,2021-04-23T20:00:00Z,68.66984,-585.71,13.4651,-585.71,0.0,585.71,1.0,False,8408;8431
AMT,Long,105,2021-04-22T20:00:00Z,214.574383,2021-04-27T20:00:00Z,217.098989,265.08,9.0583,0.0,297.43,139.28,5.0,True,8386;8442
SCHW,Long,374,2021-04-22T20:00:00Z,60.72458,2021-04-27T20:00:00Z,63.544434,1054.63,9.3587,0.0,1527.99,473.36,5.0,True,8385;8443
CVS,Long,363,2021-04-15T20:00:00Z,62.910959,2021-04-27T20:00:00Z,63.559534,235.43,9.1944,0.0,455.52,333.18,12.0,True,8319;8444
LRCX,Long,391,2021-04-23T20:00:00Z,58.769146,2021-04-27T20:00:00Z,61.264746,975.78,9.4164,0.0,975.78,0.0,4.0,True,8439;8445
MO,Short,744,2021-04-23T20:00:00Z,30.548348,2021-04-27T20:00:00Z,31.008413,-342.29,9.2467,-366.74,0.0,366.74,4.0,False,8440;8446
PG,Short,193,2021-04-23T20:00:00Z,117.926432,2021-04-27T20:00:00Z,114.762616,610.62,8.9444,0.0,630.86,20.24,4.0,True,8429;8447
ABNB,Long,136,2021-04-22T20:00:00Z,168.5,2021-04-27T20:00:00Z,176.13,1037.68,9.4833,0.0,1283.84,246.16,5.0,True,8388;8448
ZM,Long,69,2021-04-23T20:00:00Z,331.49,2021-04-27T20:00:00Z,336.39,338.1,9.2511,0.0,340.17,202.17,4.0,True,8437;8449
VZ,Long,551,2021-04-23T20:00:00Z,41.196877,2021-04-27T20:00:00Z,40.749869,-246.3,9.0274,-325.75,0.0,325.75,4.0,False,8430;8450
AXP,Long,160,2021-04-27T20:00:00Z,141.973852,2021-04-28T20:00:00Z,142.077483,16.58,9.1315,0.0,277.35,260.77,1.0,True,8455;8461
CI,Short,100,2021-04-27T20:00:00Z,224.718631,2021-04-28T20:00:00Z,226.832652,-211.4,8.9906,-211.4,144.55,355.95,1.0,False,8460;8462
EL,Long,79,2021-04-20T20:00:00Z,284.332859,2021-04-28T20:00:00Z,291.604516,574.46,9.1116,0.0,592.69,54.68,8.0,True,8358;8463
DE,Long,63,2021-04-27T20:00:00Z,356.31089,2021-04-28T20:00:00Z,356.012019,-18.83,8.9691,-100.03,0.0,100.03,1.0,False,8454;8464
INTU,Long,56,2021-04-27T20:00:00Z,404.469828,2021-04-28T20:00:00Z,399.914727,-255.09,8.973,-255.09,0.0,255.09,1.0,False,8456;8465
MMM,Long,195,2021-04-23T20:00:00Z,116.191142,2021-04-28T20:00:00Z,112.72275,-676.34,8.9806,-741.72,0.0,741.72,5.0,False,8433;8466
NVDA,Short,1539,2021-04-23T20:00:00Z,14.868677,2021-04-28T20:00:00Z,15.290383,-649.01,9.3555,-822.84,0.0,822.84,5.0,False,8428;8467
SPGI,Short,65,2021-04-23T20:00:00Z,347.772209,2021-04-28T20:00:00Z,349.750241,-128.57,9.0202,-128.57,291.2,419.77,5.0,False,8438;8468
SYK,Long,93,2021-04-20T20:00:00Z,242.429392,2021-04-28T20:00:00Z,248.434011,558.43,9.1232,0.0,971.53,653.56,8.0,True,8345;8469
SNAP,Long,377,2021-04-27T20:00:00Z,58.7,2021-04-28T20:00:00Z,59.63,350.61,13.8884,0.0,1278.03,927.42,1.0,True,8459;8482
SPY,Short,13,2021-04-12T20:00:00Z,381.80131,2021-04-28T20:00:00Z,388.287639,-84.32,29.5564,-84.32,0.0,84.32,16.0,False,8278;8483
SPY,Short,9,2021-04-14T20:00:00Z,383.659857,2021-04-28T20:00:00Z,388.287639,-41.65,0.6882,-41.65,16.73,47.42,14.0,False,8310;8483
SPY,Short,114,2021-04-15T20:00:00Z,384.524082,2021-04-28T20:00:00Z,388.287639,-429.05,8.8112,-429.05,310.4,600.66,13.0,False,8321;8483
SPY,Short,143,2021-04-19T20:00:00Z,386.819387,2021-04-28T20:00:00Z,388.287639,-209.96,11.0351,-209.96,717.58,753.46,9.0,False,8333;8483
SPY,Short,102,2021-04-20T20:00:00Z,384.65418,2021-04-28T20:00:00Z,388.287639,-370.61,14.2483,-370.61,290.99,527.96,8.0,False,8361;8483
CRM,Short,100,2021-04-20T20:00:00Z,225.691502,2021-04-29T20:00:00Z,232.874379,-718.29,9.0732,-718.29,0.0,718.29,9.0,False,8341;8484
SPY,Short,84,2021-04-20T20:00:00Z,384.65418,2021-04-29T20:00:00Z,390.647994,-503.48,11.086,-503.48,239.64,633.06,9.0,False,8361;8508
SPY,Short,58,2021-04-23T20:00:00Z,383.622686,2021-04-29T20:00:00Z,390.647994,-407.47,21.6869,-407.47,105.64,407.47,6.0,False,8441;8508
ANTM,Short,64,2021-04-28T20:00:00Z,351.717565,2021-04-29T20:00:00Z,351.782781,-4.17,9.043,-328.54,0.0,328.54,1.0,False,8481;8509
CSCO,Long,511,2021-04-28T20:00:00Z,44.54861,2021-04-29T20:00:00Z,44.19457,-180.91,9.0519,-180.91,0.0,180.91,1.0,False,8471;8510
UBER,Long,393,2021-04-27T20:00:00Z,58.3,2021-04-29T20:00:00Z,59.0,275.1,8.8103,-1324.41,275.1,1379.43,2.0,True,8457;8511
SNAP,Short,374,2021-04-28T20:00:00Z,59.63,2021-04-29T20:00:00Z,62.55,-1092.08,4.6585,-1092.08,0.0,1092.08,1.0,False,8482;8512
GS,Long,77,2021-04-22T20:00:00Z,294.006066,2021-04-29T20:00:00Z,308.00259,1077.73,9.2527,0.0,1241.46,163.72,7.0,True,8387;8513
HON,Long,115,2021-04-27T20:00:00Z,196.949006,2021-04-29T20:00:00Z,197.79781,97.61,9.0867,0.0,116.93,19.32,2.0,True,8453;8514
INTC,Long,385,2021-04-14T20:00:00Z,59.356469,2021-04-29T20:00:00Z,52.735031,-2549.25,8.5771,-2675.32,0.0,2675.32,15.0,False,8287;8515
MA,Short,60,2021-04-28T20:00:00Z,379.447684,2021-04-29T20:00:00Z,380.710243,-75.75,9.144,-75.75,101.98,177.73,1.0,False,8470;8516
MRK,Long,364,2021-04-28T20:00:00Z,62.467544,2021-04-29T20:00:00Z,60.882319,-577.02,8.8352,-1151.12,0.0,1151.12,1.0,False,8474;8517
MSFT,Short,90,2021-04-27T20:00:00Z,249.988527,2021-04-29T20:00:00Z,244.254407,516.07,8.8503,0.0,780.13,264.06,2.0,True,8451;8518
MU,Short,259,2021-04-28T20:00:00Z,85.500038,2021-04-29T20:00:00Z,85.490287,2.53,8.7937,-95.97,2.53,95.97,1.0,True,8480;8519
ORCL,Short,328,2021-04-23T20:00:00Z,68.66984,2021-04-29T20:00:00Z,69.818351,-376.71,4.6092,-522.54,0.0,522.54,6.0,False,8431;8520
NOW,Long,208,2021-04-22T20:00:00Z,109.4,2021-04-29T20:00:00Z,104.2,-1081.6,8.765,-1747.2,650.21,2397.41,7.0,False,8412;8521
QCOM,Long,184,2021-04-28T20:00:00Z,122.76125,2021-04-29T20:00:00Z,128.623943,1078.74,9.1284,0.0,1078.74,0.0,1.0,True,8476;8522
ZM,Short,68,2021-04-28T20:00:00Z,330.24,2021-04-29T20:00:00Z,331.16,-62.56,8.872,-62.56,621.52,684.08,1.0,False,8479;8523
TGT,Long,130,2021-04-23T20:00:00Z,175.063786,2021-04-29T20:00:00Z,175.148794,11.05,9.1369,-259.7,164.66,259.7,6.0,True,8435;8524
TXN,Short,140,2021-04-22T20:00:00Z,160.379196,2021-04-29T20:00:00Z,157.537968,397.77,8.9317,-543.18,603.27,543.18,7.0,True,8382;8525
AMD,Long,265,2021-04-27T20:00:00Z,85.8,2021-04-29T20:00:00Z,84.83,-257.05,8.9634,-500.85,0.0,500.85,2.0,False,8458;8526
WFC,Short,571,2021-04-28T20:00:00Z,39.78315,2021-04-29T20:00:00Z,40.126184,-195.87,9.1739,-512.28,0.0,512.28,1.0,False,8475;8527
ABT,Short,206,2021-04-29T20:00:00Z,109.822744,2021-04-30T20:00:00Z,108.918853,186.2,8.9779,0.0,266.27,80.07,1.0,True,8498;8539
ADBE,Long,45,2021-04-12T20:00:00Z,499.29,2021-04-30T20:00:00Z,513.47,638.1,4.5751,0.0,1160.55,800.55,18.0,True,8270;8540
BLK,Short,31,2021-04-29T20:00:00Z,723.590406,2021-04-30T20:00:00Z,721.378289,68.58,8.9617,0.0,136.06,67.49,1.0,True,8505;8541
SHOP,Long,175,2021-04-29T20:00:00Z,129.97,2021-04-30T20:00:00Z,121.585,-1467.38,8.4545,-2050.82,0.0,2050.82,1.0,False,8534;8542
CRM,Long,97,2021-04-29T20:00:00Z,232.874379,2021-04-30T20:00:00Z,228.439051,-430.23,8.8459,-666.28,0.0,666.28,1.0,False,8532;8543
CVS,Short,356,2021-04-29T20:00:00Z,63.820576,2021-04-30T20:00:00Z,64.367923,-194.86,9.1594,-194.86,0.0,194.86,1.0,False,8507;8544
DHR,Short,114,2021-04-29T20:00:00Z,199.042845,2021-04-30T20:00:00Z,195.648328,386.97,8.9191,0.0,508.4,121.42,1.0,True,8502;8545
SQ,Long,89,2021-04-28T20:00:00Z,253.0,2021-04-30T20:00:00Z,244.11,-791.21,8.8826,-791.21,0.0,791.21,2.0,False,8477;8546
JNJ,Long,161,2021-04-29T20:00:00Z,139.994995,2021-04-30T20:00:00Z,141.940571,313.24,9.1028,0.0,313.24,0.0,1.0,True,8530;8547
JPM,Long,175,2021-04-23T20:00:00Z,129.128461,2021-04-30T20:00:00Z,135.199727,1062.47,9.335,0.0,1229.83,211.88,7.0,True,8427;8548
NFLX,Long,447,2021-04-29T20:00:00Z,50.76,2021-04-30T20:00:00Z,50.5,-116.22,9.1409,-116.22,262.39,378.61,1.0,False,8497;8549
CVX,Long,269,2021-04-29T20:00:00Z,85.003807,2021-04-30T20:00:00Z,83.59984,-377.67,13.3507,-753.19,0.0,753.19,1.0,False,8501;8553
SPY,Short,222,2021-04-23T20:00:00Z,383.622686,2021-04-30T20:00:00Z,388.129663,-1000.55,34.2027,-1559.62,404.35,1559.62,7.0,False,8441;8568
SPY,Short,3,2021-04-29T20:00:00Z,390.647994,2021-04-30T20:00:00Z,388.129663,7.55,0.2342,0.0,26.54,1.03,1.0,True,8538;8568
BA,Long,96,2021-04-29T20:00:00Z,237.0,2021-05-04T20:00:00Z,235.75,-120.0,9.0157,-323.52,0.0,323.52,5.0,False,8535;8569
UTX,Short,307,2021-04-29T20:00:00Z,74.157469,2021-05-04T20:00:00Z,74.654456,-152.57,9.0896,-158.02,87.19,245.21,5.0,False,8504;8570
KO,Long,496,2021-04-29T20:00:00Z,45.467851,2021-05-04T20:00:00Z,46.463497,493.84,9.1508,0.0,493.84,143.51,5.0,True,8496;8571
PFE,Short,775,2021-04-29T20:00:00Z,29.352598,2021-05-04T20:00:00Z,30.11334,-589.58,9.174,-589.58,175.12,764.7,5.0,False,8499;8572
QCOM,Long,178,2021-04-30T20:00:00Z,125.283984,2021-05-04T20:00:00Z,120.709307,-814.29,8.6306,-1094.16,0.0,1094.16,4.0,False,8558;8573
T,Long,1316,2021-04-29T20:00:00Z,17.30032,2021-05-04T20:00:00Z,17.567163,351.17,9.2722,0.0,665.75,314.59,5.0,True,8531;8574
PLD,Short,227,2021-04-30T20:00:00Z,99.348375,2021-05-04T20:00:00Z,99.143251,46.56,9.0076,0.0,124.17,77.61,4.0,True,8567;8575
TMO,Short,49,2021-04-30T20:00:00Z,458.397788,2021-05-04T20:00:00Z,456.881187,74.31,9.0287,-92.17,74.31,92.17,4.0,True,8555;8576
TXN,Short,141,2021-04-30T20:00:00Z,157.242272,2021-05-04T20:00:00Z,153.858862,477.06,8.7511,0.0,477.06,28.6,4.0,True,8556;8577
XOM,Long,470,2021-04-30T20:00:00Z,47.456491,2021-05-04T20:00:00Z,48.083921,294.89,8.9211,0.0,367.66,72.77,4.0,True,8551;8578
PEP,Long,189,2021-04-28T20:00:00Z,120.305804,2021-05-04T20:00:00Z,122.393486,394.57,13.5233,0.0,394.57,289.99,6.0,True,8473;8581
CVX,Short,264,2021-04-30T20:00:00Z,83.59984,2021-05-04T20:00:00Z,84.700678,-290.62,9.0122,-290.62,0.0,290.62,4.0,False,8553;8582
AMGN,Long,109,2021-05-04T20:00:00Z,208.393325,2021-05-05T20:00:00Z,207.72702,-72.63,9.1328,-72.63,208.69,281.32,1.0,False,8586;8591
ANTM,Short,63,2021-04-30T20:00:00Z,356.310613,2021-05-05T20:00:00Z,363.530923,-454.88,9.0214,-541.16,0.0,541.16,5.0,False,8565;8592
AVGO,Long,557,2021-05-04T20:00:00Z,40.324486,2021-05-05T20:00:00Z,40.593183,149.66,8.9233,-170.26,149.66,170.26,1.0,True,8583;8593
BKNG,Long,235,2021-04-28T20:00:00Z,96.707229,2021-05-05T20:00:00Z,93.856808,-669.85,8.894,-1258.71,242.69,1501.4,7.0,False,8478;8594
COST,Long,64,2021-04-29T20:00:00Z,348.592306,2021-05-05T20:00:00Z,355.989239,473.4,9.0327,0.0,653.2,412.87,6.0,True,8503;8595
CRM,Short,103,2021-05-04T20:00:00Z,217.517545,2021-05-05T20:00:00Z,214.720932,288.05,8.7442,0.0,633.71,345.66,1.0,True,8580;8596
MO,Short,711,2021-05-04T20:00:00Z,31.744518,2021-05-05T20:00:00Z,31.4159,233.65,8.9908,-23.36,233.65,23.36,1.0,True,8588;8597
MRK,Long,380,2021-04-30T20:00:00Z,59.160297,2021-05-05T20:00:00Z,61.236379,788.91,9.3092,0.0,1278.16,489.25,5.0,True,8554;8598
NKE,Short,190,2021-04-29T20:00:00Z,119.792832,2021-05-05T20:00:00Z,120.81103,-193.46,9.1709,-217.64,38.0,231.46,6.0,False,8500;8599
ORCL,Long,321,2021-04-30T20:00:00Z,69.98507,2021-05-05T20:00:00Z,73.143475,1013.85,9.2156,0.0,1079.26,65.41,5.0,True,8552;8600
SPGI,Short,63,2021-04-30T20:00:00Z,353.191473,2021-05-05T20:00:00Z,359.477819,-396.04,8.9046,-396.04,0.0,396.04,5.0,False,8564;8601
UNH,Short,64,2021-04-20T20:00:00Z,353.633624,2021-05-05T20:00:00Z,372.355724,-1198.21,9.3933,-1314.32,0.0,1314.32,15.0,False,8355;8602
UPS,Short,146,2021-04-29T20:00:00Z,156.220871,2021-05-05T20:00:00Z,167.748501,-1683.03,9.5455,-1683.03,0.0,1683.03,6.0,False,8533;8603
CVX,Long,268,2021-05-04T20:00:00Z,84.700678,2021-05-05T20:00:00Z,85.394684,185.99,9.2994,0.0,592.19,406.19,1.0,True,8582;8607
PEP,Short,185,2021-05-04T20:00:00Z,122.393486,2021-05-05T20:00:00Z,120.456721,358.3,8.9757,0.0,358.3,0.0,1.0,True,8581;8608
TMUS,Short,178,2021-04-30T20:00:00Z,125.752793,2021-05-05T20:00:00Z,124.249997,267.5,13.675,-181.7,768.85,950.54,5.0,True,8557;8612
SPY,Long,168,2021-04-30T20:00:00Z,388.129663,2021-05-05T20:00:00Z,387.906637,-37.47,12.9812,-320.04,82.74,402.78,5.0,False,8568;8622
BLK,Short,31,2021-05-04T20:00:00Z,721.790866,2021-05-06T20:00:00Z,747.344326,-792.16,9.2715,-1220.48,0.0,1220.48,2.0,False,8587;8626
CAT,Short,108,2021-04-30T20:00:00Z,205.786041,2021-05-06T20:00:00Z,217.222148,-1235.1,9.1707,-1235.1,0.0,1235.1,6.0,False,8559;8627
HD,Short,78,2021-05-05T20:00:00Z,291.448786,2021-05-06T20:00:00Z,290.943056,39.45,9.1086,-226.48,39.45,226.48,1.0,True,8605;8631
MDLZ,Short,427,2021-05-05T20:00:00Z,53.109862,2021-05-06T20:00:00Z,53.231874,-52.1,9.1441,-290.27,0.0,290.27,1.0,False,8621;8633
TMO,Short,49,2021-05-05T20:00:00Z,461.480232,2021-05-06T20:00:00Z,461.913547,-21.23,9.0519,-74.31,0.0,74.31,1.0,False,8610;8639
SPY,Long,48,2021-04-30T20:00:00Z,388.129663,2021-05-06T20:00:00Z,386.391921,-83.41,55.0655,-91.44,62.45,145.86,6.0,False,8568;8660
SPY,Long,97,2021-05-04T20:00:00Z,386.568483,2021-05-06T20:00:00Z,386.391921,-17.13,7.4928,-33.35,277.63,294.76,2.0,False,8590;8660
ABBV,Long,247,2021-04-28T20:00:00Z,91.930877,2021-05-06T20:00:00Z,94.66378,675.03,9.2719,-160.62,894.61,219.59,8.0,True,8472;8661
ACN,Long,86,2021-05-05T20:00:00Z,263.967117,2021-05-06T20:00:00Z,261.384692,-222.09,9.0183,-222.09,0.0,222.09,1.0,False,8609;8662
AMZN,Short,131,2021-04-29T20:00:00Z,174.928652,2021-05-06T20:00:00Z,163.116429,1547.4,8.8579,0.0,1547.4,234.14,7.0,True,8528;8663
CI,Short,99,2021-05-04T20:00:00Z,227.943868,2021-05-06T20:00:00Z,233.463812,-546.47,9.2378,-546.47,0.0,546.47,2.0,False,8589;8664
SHOP,Long,198,2021-05-05T20:00:00Z,115.0,2021-05-06T20:00:00Z,110.985,-794.97,8.7567,-1169.59,0.0,1169.59,1.0,False,8613;8665
CVX,Short,267,2021-05-05T20:00:00Z,85.394684,2021-05-06T20:00:00Z,86.96617,-419.59,4.6423,-419.59,0.0,419.59,1.0,False,8607;8666
LLY,Short,127,2021-04-27T20:00:00Z,174.498295,2021-05-06T20:00:00Z,182.085178,-963.53,9.0558,-1191.17,415.52,1606.69,9.0,False,8452;8667
MA,Short,62,2021-05-05T20:00:00Z,367.045465,2021-05-06T20:00:00Z,360.45102,408.86,8.9674,0.0,408.86,0.0,1.0,True,8604;8668
MMM,Long,196,2021-04-30T20:00:00Z,114.722856,2021-05-06T20:00:00Z,116.353,319.51,9.0555,0.0,447.54,128.03,6.0,True,8561;8669
NVDA,Short,1490,2021-04-29T20:00:00Z,15.325712,2021-05-06T20:00:00Z,14.425326,1341.57,8.8517,0.0,1555.1,254.67,7.0,True,8494;8670
PFE,Short,752,2021-05-05T20:00:00Z,30.316707,2021-05-06T20:00:00Z,29.231084,816.39,9.0123,0.0,816.39,0.0,1.0,True,8606;8671
NOW,Long,234,2021-05-05T20:00:00Z,97.836,2021-05-06T20:00:00Z,95.42,-565.34,9.04,-565.34,0.0,565.34,1.0,False,8617;8672
ZM,Short,74,2021-05-05T20:00:00Z,306.53,2021-05-06T20:00:00Z,294.77,870.24,8.7415,0.0,997.52,127.28,1.0,True,8619;8673
AMAT,Short,174,2021-04-29T20:00:00Z,131.457617,2021-05-06T20:00:00Z,123.943022,1307.54,8.8873,0.0,1460.58,500.72,7.0,True,8536;8674
TXN,Short,146,2021-05-05T20:00:00Z,156.31874,2021-05-06T20:00:00Z,157.026494,-103.33,9.2223,-398.21,0.0,398.21,1.0,False,8611;8675
AMD,Long,288,2021-05-05T20:00:00Z,79.01,2021-05-06T20:00:00Z,77.63,-397.44,8.9695,-397.44,0.0,397.44,1.0,False,8618;8676
VZ,Long,556,2021-04-29T20:00:00Z,40.771498,2021-05-06T20:00:00Z,42.473014,946.04,9.349,0.0,1098.37,152.33,7.0,True,8495;8677
WFC,Long,565,2021-05-04T20:00:00Z,39.862312,2021-05-06T20:00:00Z,40.645651,442.59,9.1909,0.0,701.57,258.98,2.0,True,8584;8678
TMUS,Long,186,2021-05-05T20:00:00Z,124.249997,2021-05-06T20:00:00Z,126.34824,390.27,9.5559,0.0,1304.43,914.15,1.0,True,8612;8684
SPY,Short,341,2021-05-06T20:00:00Z,386.391921,2021-05-06T20:00:00Z,386.391921,0.0,26.5592,0.0,0.0,0.0,0.0,False,8660;8689
ADBE,Long,46,2021-05-06T20:00:00Z,485.38,2021-05-07T20:00:00Z,495.34,458.16,8.9455,0.0,458.16,0.0,1.0,True,8645;8690
AVGO,Short,565,2021-05-06T20:00:00Z,40.016115,2021-05-07T20:00:00Z,40.989017,-549.69,9.1818,-549.69,0.0,549.69,1.0,False,8650;8691
BKNG,Long,247,2021-05-06T20:00:00Z,89.779866,2021-05-07T20:00:00Z,90.347606,140.23,8.8915,0.0,283.46,143.22,1.0,True,8655;8692
CRM,Long,106,2021-05-06T20:00:00Z,211.762411,2021-05-07T20:00:00Z,216.742343,527.87,9.0399,0.0,527.87,0.0,1.0,True,8648;8693
LRCX,Short,375,2021-04-29T20:00:00Z,60.624994,2021-05-07T20:00:00Z,59.242335,518.5,9.025,0.0,1217.63,860.61,8.0,True,8537;8694
UBER,Long,411,2021-04-30T20:00:00Z,54.3,2021-05-07T20:00:00Z,47.23,-2905.77,8.368,-3144.15,226.05,3370.2,7.0,False,8563;8695
SNAP,Short,406,2021-05-05T20:00:00Z,57.0,2021-05-07T20:00:00Z,53.89,1262.66,8.8321,0.0,1790.46,856.66,2.0,True,8620;8696
INTC,Long,434,2021-05-04T20:00:00Z,51.661775,2021-05-07T20:00:00Z,52.821431,503.29,9.0731,0.0,503.29,0.0,3.0,True,8579;8697
NFLX,Short,455,2021-05-06T20:00:00Z,49.599,2021-05-07T20:00:00Z,50.462,-392.66,9.1308,-392.66,0.0,392.66,1.0,False,8646;8698
NKE,Short,188,2021-05-06T20:00:00Z,120.547389,2021-05-07T20:00:00Z,122.729242,-410.19,9.2737,-890.45,0.0,890.45,1.0,False,8682;8699
ABNB,Long,125,2021-04-29T20:00:00Z,182.33,2021-05-07T20:00:00Z,156.2,-3266.25,8.2223,-3890.0,0.0,3890.0,8.0,False,8506;8700
PLD,Short,234,2021-05-06T20:00:00Z,96.861247,2021-05-07T20:00:00Z,98.194553,-311.99,9.2298,-537.99,0.0,537.99,1.0,False,8659;8701
SPY,Short,80,2021-05-06T20:00:00Z,386.391921,2021-05-07T20:00:00Z,390.155479,-301.08,6.2762,-469.84,0.0,469.84,1.0,False,8660;8724
ANTM,Long,62,2021-05-06T20:00:00Z,363.363225,2021-05-11T20:00:00Z,373.313277,616.9,9.048,0.0,686.22,428.02,5.0,True,8657;8725
CI,Long,96,2021-05-07T20:00:00Z,232.117705,2021-05-11T20:00:00Z,240.022698,758.88,9.0552,0.0,865.56,524.71,4.0,True,8720;8726
CSCO,Short,496,2021-05-07T20:00:00Z,45.317136,2021-05-11T20:00:00Z,45.817973,-248.42,9.1023,-291.25,0.0,291.25,4.0,False,8705;8727
CVX,Short,258,2021-05-07T20:00:00Z,86.248232,2021-05-11T20:00:00Z,86.998078,-193.46,8.9195,-302.54,292.25,485.71,4.0,False,8707;8728
FIS,Long,170,2021-05-07T20:00:00Z,132.277533,2021-05-11T20:00:00Z,128.703405,-607.6,8.8592,-607.6,0.0,607.6,4.0,False,8719;8729
MU,Long,272,2021-05-06T20:00:00Z,82.789157,2021-05-11T20:00:00Z,75.251345,-2050.28,8.7783,-2050.28,286.46,2336.74,5.0,False,8688;8730
GM,Short,399,2021-05-07T20:00:00Z,55.59235,2021-05-11T20:00:00Z,53.828731,703.68,8.7746,0.0,868.13,164.45,4.0,True,8723;8731
NVDA,Short,1554,2021-05-07T20:00:00Z,14.764433,2021-05-11T20:00:00Z,13.746616,1581.69,9.0064,0.0,1581.69,62.63,4.0,True,8702;8732
ORCL,Short,304,2021-05-07T20:00:00Z,74.060431,2021-05-11T20:00:00Z,73.865925,59.13,8.9016,-56.31,644.8,585.67,4.0,True,8704;8733
PEP,Long,187,2021-05-05T20:00:00Z,120.456721,2021-05-11T20:00:00Z,123.416366,553.45,4.5672,0.0,553.45,167.76,6.0,True,8608;8734
TJX,Short,342,2021-04-30T20:00:00Z,65.782408,2021-05-11T20:00:00Z,66.687459,-309.53,9.0338,-805.4,126.34,931.74,11.0,False,8566;8735
TMO,Short,48,2021-05-07T20:00:00Z,466.246695,2021-05-11T20:00:00Z,450.785236,742.15,8.8155,0.0,742.15,25.05,4.0,True,8708;8736
T,Long,1247,2021-05-07T20:00:00Z,17.900717,2021-05-11T20:00:00Z,18.09529,242.63,13.3829,0.0,291.16,249.56,4.0,True,8703;8739
ABT,Long,211,2021-05-06T20:00:00Z,106.704321,2021-05-11T20:00:00Z,107.346083,135.41,13.5232,0.0,171.65,99.17,5.0,True,8647;8741
SPY,Short,141,2021-05-06T20:00:00Z,386.391921,2021-05-11T20:00:00Z,383.901468,351.15,24.3266,-828.09,351.15,828.09,5.0,True,8660;8750
SHOP,Long,205,2021-05-07T20:00:00Z,111.82,2021-05-12T20:00:00Z,108.298,-722.01,8.9893,-778.18,0.0,778.18,5.0,False,8711;8753
DHR,Short,115,2021-05-04T20:00:00Z,194.621544,2021-05-12T20:00:00Z,195.487414,-99.58,8.9232,-444.12,326.92,444.12,8.0,False,8585;8754
SNAP,Short,431,2021-05-11T20:00:00Z,50.61,2021-05-12T20:00:00Z,52.1,-642.19,9.0381,-642.19,0.0,642.19,1.0,False,8749;8757
HD,Short,75,2021-05-11T20:00:00Z,294.25646,2021-05-12T20:00:00Z,285.022526,692.55,8.4709,0.0,1338.66,646.11,1.0,True,8737;8758
MRK,Short,361,2021-05-06T20:00:00Z,62.314654,2021-05-12T20:00:00Z,62.531919,-78.43,9.0497,-278.87,0.0,278.87,6.0,False,8683;8760
NFLX,Short,462,2021-05-11T20:00:00Z,48.0,2021-05-12T20:00:00Z,48.683,-315.55,9.0558,-315.55,0.0,315.55,1.0,False,8740;8761
PFE,Short,753,2021-05-07T20:00:00Z,29.717888,2021-05-12T20:00:00Z,29.946078,-171.83,9.0782,-458.2,0.0,458.2,5.0,False,8706;8762
ZM,Short,76,2021-05-07T20:00:00Z,295.13,2021-05-12T20:00:00Z,290.35,363.28,8.8911,-389.12,504.64,893.76,5.0,True,8722;8764
SYK,Long,94,2021-05-06T20:00:00Z,239.673328,2021-05-12T20:00:00Z,235.922809,-352.55,8.883,-738.93,259.96,998.89,6.0,False,8656;8766
T,Short,1241,2021-05-11T20:00:00Z,18.09529,2021-05-12T20:00:00Z,17.872921,275.96,4.4112,0.0,400.14,124.18,1.0,True,8739;8767
COST,Long,64,2021-05-06T20:00:00Z,353.000197,2021-05-12T20:00:00Z,355.658174,170.11,13.5767,-59.93,673.78,733.72,6.0,True,8685;8786
TXN,Short,141,2021-05-07T20:00:00Z,161.324806,2021-05-12T20:00:00Z,155.075854,881.1,13.2279,0.0,1254.72,373.62,5.0,True,8709;8787
LRCX,Long,405,2021-05-11T20:00:00Z,53.763751,2021-05-12T20:00:00Z,54.274322,206.78,13.0701,-399.76,206.78,399.76,1.0,True,8746;8797
ABT,Short,209,2021-05-11T20:00:00Z,107.346083,2021-05-12T20:00:00Z,105.908897,300.37,4.396,0.0,455.28,154.91,1.0,True,8741;8798
ADBE,Long,46,2021-05-11T20:00:00Z,471.0,2021-05-12T20:00:00Z,476.09,234.14,8.807,0.0,234.14,0.0,1.0,True,8738;8799
FB,Short,69,2021-04-30T20:00:00Z,323.125216,2021-05-12T20:00:00Z,298.055327,1729.82,8.5791,0.0,1729.82,341.73,12.0,True,8550;8800
UBER,Short,491,2021-05-11T20:00:00Z,44.5,2021-05-12T20:00:00Z,45.76,-618.66,8.84,-618.66,338.79,957.45,1.0,False,8747;8801
MDLZ,Short,417,2021-05-07T20:00:00Z,54.033663,2021-05-12T20:00:00Z,54.059809,-10.9,8.9699,-25.44,159.9,170.81,5.0,False,8721;8802
PG,Long,193,2021-05-06T20:00:00Z,117.122368,2021-05-12T20:00:00Z,119.263625,413.26,9.1316,0.0,617.36,360.97,6.0,True,8680;8803
NOW,Long,231,2021-05-07T20:00:00Z,98.68,2021-05-12T20:00:00Z,94.646,-931.85,8.7616,-1325.48,0.0,1325.48,5.0,False,8717;8804
AMAT,Short,178,2021-05-07T20:00:00Z,126.725143,2021-05-12T20:00:00Z,114.047849,2256.56,8.435,0.0,3007.04,750.48,5.0,True,8716;8805
PLD,Short,226,2021-05-11T20:00:00Z,98.698816,2021-05-12T20:00:00Z,97.36551,301.33,8.7783,0.0,600.72,299.4,1.0,True,8748;8806
UPS,Long,134,2021-05-06T20:00:00Z,168.029853,2021-05-12T20:00:00Z,165.68525,-314.18,8.9124,-455.56,266.0,721.56,6.0,False,8649;8807
V,Short,101,2021-04-29T20:00:00Z,225.848957,2021-05-12T20:00:00Z,214.711569,1124.88,8.8728,0.0,1415.79,290.92,13.0,True,8529;8808
SPY,Long,104,2021-05-11T20:00:00Z,383.901468,2021-05-12T20:00:00Z,382.145141,-182.66,7.8361,-745.13,0.0,745.13,1.0,False,8750;8814
CAT,Short,103,2021-05-07T20:00:00Z,215.06818,2021-05-13T20:00:00Z,215.43326,-37.6,9.0447,-655.24,0.0,655.24,6.0,False,8713;8815
CVS,Long,331,2021-05-05T20:00:00Z,68.628803,2021-05-13T20:00:00Z,70.405573,588.11,9.3267,0.0,1212.46,688.45,8.0,True,8616;8816
CVX,Short,265,2021-05-12T20:00:00Z,85.354799,2021-05-13T20:00:00Z,84.573045,207.16,9.048,0.0,207.16,0.0,1.0,True,8779;8817
LRCX,Short,403,2021-05-12T20:00:00Z,54.274322,2021-05-13T20:00:00Z,54.223691,20.4,4.4602,-428.49,20.4,428.49,1.0,True,8797;8818
EL,Long,81,2021-05-05T20:00:00Z,272.927062,2021-05-13T20:00:00Z,270.537012,-193.59,8.7488,-425.31,567.33,992.64,8.0,False,8615;8819
GILD,Short,410,2021-05-12T20:00:00Z,54.716538,2021-05-13T20:00:00Z,55.552907,-342.91,9.1685,-732.89,0.0,732.89,1.0,False,8796;8820
INTC,Short,448,2021-05-12T20:00:00Z,49.655073,2021-05-13T20:00:00Z,49.490349,73.8,8.8252,0.0,102.49,28.7,1.0,True,8777;8821
INTU,Long,59,2021-05-05T20:00:00Z,386.249425,2021-05-13T20:00:00Z,387.000584,44.32,9.0405,-485.23,138.64,485.23,8.0,True,8614;8822
JPM,Short,162,2021-05-12T20:00:00Z,140.376096,2021-05-13T20:00:00Z,138.779318,258.68,9.0665,-213.2,258.68,213.2,1.0,True,8773;8823
NVDA,Short,1588,2021-05-12T20:00:00Z,13.942915,2021-05-13T20:00:00Z,13.966053,-36.74,8.6678,-36.74,545.61,582.36,1.0,False,8775;8824
ORCL,Long,314,2021-05-12T20:00:00Z,71.846769,2021-05-13T20:00:00Z,71.80972,-11.63,9.0088,-11.63,165.77,177.41,1.0,False,8776;8825
ABNB,Long,158,2021-05-12T20:00:00Z,140.9,2021-05-13T20:00:00Z,142.26,214.88,8.7216,-813.7,214.88,813.7,1.0,True,8795;8826
ZM,Long,75,2021-05-12T20:00:00Z,290.35,2021-05-13T20:00:00Z,293.98,272.25,8.6979,-14.25,272.25,14.25,1.0,True,8813;8827
T,Long,1260,2021-05-12T20:00:00Z,17.872921,2021-05-13T20:00:00Z,17.650551,-280.19,8.9897,-280.19,35.02,315.21,1.0,False,8810;8828
WFC,Short,561,2021-05-12T20:00:00Z,41.165732,2021-05-13T20:00:00Z,39.975717,667.6,9.1036,0.0,667.6,0.0,1.0,True,8783;8829
WMT,Short,519,2021-05-12T20:00:00Z,43.350918,2021-05-13T20:00:00Z,42.517907,432.33,8.8792,0.0,432.33,0.0,1.0,True,8774;8830
BA,Long,98,2021-05-12T20:00:00Z,227.25,2021-05-13T20:00:00Z,223.0,-416.5,13.2329,-451.78,0.0,451.78,1.0,False,8790;8838
ABT,Short,215,2021-05-13T20:00:00Z,105.755235,2021-05-14T20:00:00Z,106.342764,-126.32,9.1653,-262.35,0.0,262.35,1.0,False,8834;8843
AMT,Long,106,2021-05-06T20:00:00Z,209.054482,2021-05-14T20:00:00Z,209.816143,80.74,8.9042,-210.46,393.7,604.16,8.0,True,8653;8844
SHOP,Long,209,2021-05-13T20:00:00Z,110.11,2021-05-14T20:00:00Z,106.25,-806.74,8.915,-806.74,0.0,806.74,1.0,False,8837;8845
CSCO,Short,495,2021-05-12T20:00:00Z,45.023542,2021-05-14T20:00:00Z,45.714352,-341.95,8.9335,-341.95,0.0,341.95,2.0,False,8778;8846
HD,Short,82,2021-05-13T20:00:00Z,278.151571,2021-05-14T20:00:00Z,284.508076,-521.23,9.2814,-521.23,0.0,521.23,1.0,False,8831;8847
LMT,Long,69,2021-04-23T20:00:00Z,326.607208,2021-05-14T20:00:00Z,336.597201,689.31,9.1433,-400.61,857.77,735.74,21.0,True,8434;8848
MO,Long,675,2021-05-11T20:00:00Z,33.262734,2021-05-14T20:00:00Z,33.058991,-137.53,8.9357,-563.42,0.0,563.42,3.0,False,8745;8849
AMAT,Long,206,2021-05-13T20:00:00Z,113.397731,2021-05-14T20:00:00Z,116.638759,667.65,9.6406,0.0,1225.01,557.36,1.0,True,8839;8850
SCHW,Short,342,2021-05-06T20:00:00Z,66.336368,2021-05-18T20:00:00Z,68.459698,-726.18,9.0777,-726.18,687.49,1413.66,12.0,False,8652;8864
CVX,Short,265,2021-05-14T20:00:00Z,85.992966,2021-05-18T20:00:00Z,87.974183,-525.02,9.1711,-636.29,67.7,636.29,4.0,False,8855;8865
SQ,Long,97,2021-05-06T20:00:00Z,235.15,2021-05-18T20:00:00Z,202.5,-3167.05,8.2921,-3687.94,0.0,3687.94,12.0,False,8654;8866
INTC,Short,456,2021-05-14T20:00:00Z,50.04858,2021-05-18T20:00:00Z,51.229101,-538.32,9.1965,-538.32,0.0,538.32,4.0,False,8854;8867
ORCL,Short,311,2021-05-14T20:00:00Z,72.78225,2021-05-18T20:00:00Z,73.217572,-135.39,9.0789,-144.03,0.0,144.03,4.0,False,8853;8868
TXN,Long,143,2021-05-12T20:00:00Z,155.075854,2021-05-18T20:00:00Z,156.223797,164.16,8.8617,-98.74,444.33,543.07,6.0,True,8787;8873
MDT,Short,207,2021-04-23T20:00:00Z,109.608144,2021-05-18T20:00:00Z,105.88675,770.33,13.483,-281.23,1182.57,476.87,25.0,True,8432;8874
ADBE,Long,48,2021-05-13T20:00:00Z,478.01,2021-05-18T20:00:00Z,484.63,317.76,9.1659,0.0,410.4,285.12,5.0,True,8832;8884
AMZN,Long,140,2021-05-12T20:00:00Z,158.876399,2021-05-18T20:00:00Z,164.124558,734.74,8.9169,-164.32,734.74,266.14,6.0,True,8772;8885
BA,Short,102,2021-05-13T20:00:00Z,223.0,2021-05-18T20:00:00Z,227.25,-433.5,4.642,-557.94,0.0,557.94,5.0,False,8838;8886
CAT,Long,102,2021-05-14T20:00:00Z,220.87294,2021-05-18T20:00:00Z,223.419368,259.74,8.9688,-235.53,259.74,495.27,4.0,True,8859;8887
FIS,Long,175,2021-05-12T20:00:00Z,127.825091,2021-05-18T20:00:00Z,129.833908,351.54,8.9179,0.0,458.07,272.41,6.0,True,8793;8888
DE,Short,61,2021-05-07T20:00:00Z,362.204263,2021-05-18T20:00:00Z,359.794611,146.99,8.7044,-204.53,1032.34,885.35,11.0,True,8715;8889
MDLZ,Long,422,2021-05-13T20:00:00Z,53.554333,2021-05-18T20:00:00Z,54.364837,342.03,9.1628,0.0,375.13,106.66,5.0,True,8841;8890
TMUS,Short,178,2021-05-06T20:00:00Z,126.34824,2021-05-18T20:00:00Z,132.302713,-1059.9,4.5424,-1318.98,0.0,1318.98,12.0,False,8684;8891
TGT,Long,128,2021-04-30T20:00:00Z,175.114791,2021-05-18T20:00:00Z,180.126879,641.55,9.0183,-326.43,949.9,1276.33,18.0,True,8562;8892
USB,Long,471,2021-05-12T20:00:00Z,48.725977,2021-05-18T20:00:00Z,49.627866,424.79,9.0529,-75.18,436.07,511.25,6.0,True,8812;8893
T,Long,1288,2021-05-18T20:00:00Z,16.622094,2021-05-18T20:00:00Z,16.622094,0.0,12.6952,0.0,0.0,0.0,0.0,False,8869;8895
ABT,Short,213,2021-05-18T20:00:00Z,105.502146,2021-05-19T20:00:00Z,104.995967,107.82,8.9857,0.0,107.82,0.0,1.0,True,8872;8900
ACN,Short,86,2021-05-12T20:00:00Z,257.547173,2021-05-19T20:00:00Z,252.761562,411.56,8.7028,-230.63,411.56,230.63,7.0,True,8784;8901
SHOP,Long,205,2021-05-18T20:00:00Z,110.5,2021-05-19T20:00:00Z,110.6,20.5,9.4454,0.0,1340.5,1320.0,1.0,True,8875;8902
LRCX,Short,401,2021-05-18T20:00:00Z,56.585851,2021-05-19T20:00:00Z,53.858389,1093.71,9.0095,-162.43,1093.71,162.43,1.0,True,8897;8903
DHR,Short,118,2021-05-13T20:00:00Z,192.951104,2021-05-19T20:00:00Z,189.886077,361.67,9.078,-160.04,361.67,160.04,6.0,True,8836;8904
GILD,Short,396,2021-05-18T20:00:00Z,56.914055,2021-05-19T20:00:00Z,55.921893,392.9,8.9197,0.0,392.9,0.0,1.0,True,8880;8905
INTU,Short,55,2021-05-18T20:00:00Z,405.432851,2021-05-19T20:00:00Z,394.377343,608.05,8.8838,-10.59,608.05,10.59,1.0,True,8896;8906
MCD,Short,111,2021-04-22T20:00:00Z,205.117682,2021-05-19T20:00:00Z,202.679159,270.68,9.0507,-401.62,494.45,469.04,27.0,True,8410;8907
MMM,Short,192,2021-05-12T20:00:00Z,117.688331,2021-05-19T20:00:00Z,116.728743,184.24,8.9133,-168.7,184.24,188.68,7.0,True,8791;8908
MU,Long,287,2021-05-12T20:00:00Z,77.172366,2021-05-19T20:00:00Z,75.378113,-514.95,8.7726,-545.74,349.83,864.78,7.0,False,8811;8909
NFLX,Short,467,2021-05-13T20:00:00Z,48.913,2021-05-19T20:00:00Z,48.114,373.13,9.1005,-198.01,373.13,198.01,6.0,True,8833;8910
PNC,Short,135,2021-05-18T20:00:00Z,166.71994,2021-05-19T20:00:00Z,160.259542,872.15,8.7058,0.0,872.15,0.0,1.0,True,8882;8911
PFE,Short,736,2021-05-18T20:00:00Z,30.539371,2021-05-19T20:00:00Z,30.311181,167.95,8.9438,0.0,173.55,5.6,1.0,True,8870;8912
ABNB,Short,169,2021-05-18T20:00:00Z,133.99,2021-05-19T20:00:00Z,130.0,674.31,9.2345,-709.8,674.31,709.8,1.0,True,8881;8913
NOW,Long,244,2021-05-13T20:00:00Z,94.0,2021-05-19T20:00:00Z,90.05,-963.8,8.9279,-963.8,0.0,963.8,6.0,False,8840;8914
SBUX,Short,228,2021-05-18T20:00:00Z,98.541479,2021-05-19T20:00:00Z,96.975362,357.07,8.9063,0.0,357.07,0.0,1.0,True,8877;8915
SPGI,Long,63,2021-05-06T20:00:00Z,355.675302,2021-05-19T20:00:00Z,331.397001,-1529.53,8.6519,-1529.53,0.0,1529.53,13.0,False,8658;8916
T,Short,1288,2021-05-18T20:00:00Z,16.622094,2021-05-19T20:00:00Z,16.121763,644.43,4.1458,0.0,680.23,35.8,1.0,True,8895;8917
UNP,Short,113,2021-05-14T20:00:00Z,200.649108,2021-05-19T20:00:00Z,194.897568,649.92,9.0021,0.0,649.92,0.0,5.0,True,8858;8918
TFC,Short,373,2021-05-18T20:00:00Z,60.191596,2021-05-19T20:00:00Z,58.775323,528.27,8.7975,0.0,604.25,75.98,1.0,True,8898;8919
MDT,Long,212,2021-05-18T20:00:00Z,105.88675,2021-05-19T20:00:00Z,105.566085,-67.98,8.9928,-67.98,33.99,101.97,1.0,False,8874;8923
TXN,Short,144,2021-05-18T20:00:00Z,156.223797,2021-05-19T20:00:00Z,151.252255,715.9,9.097,-89.49,715.9,89.49,1.0,True,8873;8925
SPY,Long,71,2021-05-11T20:00:00Z,383.901468,2021-05-19T20:00:00Z,378.149265,-408.41,25.9625,-508.69,228.29,636.69,8.0,False,8750;8931
SPY,Long,86,2021-05-13T20:00:00Z,378.2329,2021-05-19T20:00:00Z,378.149265,-7.19,6.5577,-128.67,764.01,771.2,6.0,False,8842;8931
SPY,Long,183,2021-05-14T20:00:00Z,384.003688,2021-05-19T20:00:00Z,378.149265,-1071.36,35.7696,-1329.85,569.69,1506.71,5.0,False,8861;8931
AVGO,Short,572,2021-05-11T20:00:00Z,38.320975,2021-05-20T20:00:00Z,40.19194,-1070.19,9.2327,-1547.27,135.13,1682.39,9.0,False,8742;8932
BKNG,Long,254,2021-05-11T20:00:00Z,87.13419,2021-05-20T20:00:00Z,89.08162,494.65,9.0389,-573.15,754.77,703.26,9.0,True,8744;8933
CRM,Short,106,2021-05-12T20:00:00Z,209.343587,2021-05-20T20:00:00Z,218.803005,-1002.7,9.0351,-1085.91,153.94,1239.85,8.0,False,8782;8934
TJX,Short,342,2021-05-19T20:00:00Z,65.029031,2021-05-20T20:00:00Z,63.026997,684.7,8.5428,0.0,887.57,202.87,1.0,True,8930;8935
TGT,Long,128,2021-05-19T20:00:00Z,179.734576,2021-05-20T20:00:00Z,185.960257,796.89,9.6362,0.0,1259.74,462.85,1.0,True,8927;8936
USB,Long,464,2021-05-19T20:00:00Z,48.047564,2021-05-20T20:00:00Z,47.871975,-81.47,8.8658,-211.09,0.0,211.09,1.0,False,8929;8937
AMD,Long,288,2021-05-07T20:00:00Z,78.85,2021-05-20T20:00:00Z,76.76,-601.92,9.0357,-1658.88,0.0,1658.88,13.0,False,8718;8938
TXN,Long,146,2021-05-19T20:00:00Z,151.252255,2021-05-20T20:00:00Z,157.328584,887.14,9.2762,0.0,1267.71,380.56,1.0,True,8925;8940
TMUS,Short,176,2021-05-19T20:00:00Z,126.338789,2021-05-20T20:00:00Z,127.208331,-153.04,13.5812,-414.2,0.0,414.2,1.0,False,8924;8941
AXP,Short,154,2021-04-30T20:00:00Z,144.734193,2021-05-21T20:00:00Z,147.626428,-445.4,9.0015,-774.74,191.51,774.74,21.0,False,8560;8946
CI,Long,95,2021-05-12T20:00:00Z,235.884999,2021-05-21T20:00:00Z,236.381884,47.2,8.9423,-37.76,310.69,348.45,9.0,True,8794;8947
LRCX,Short,398,2021-05-20T20:00:00Z,57.501946,2021-05-21T20:00:00Z,59.101325,-636.55,9.3473,-636.55,0.0,636.55,1.0,False,8945;8948
DHR,Short,118,2021-05-20T20:00:00Z,191.778731,2021-05-21T20:00:00Z,195.809242,-475.6,9.1773,-475.6,0.0,475.6,1.0,False,8939;8949
SQ,Long,113,2021-05-20T20:00:00Z,202.95,2021-05-21T20:00:00Z,206.8,435.05,9.1512,-332.22,435.05,332.22,1.0,True,8943;8950
GS,Short,69,2021-05-07T20:00:00Z,318.326453,2021-05-21T20:00:00Z,317.614766,49.11,8.938,-421.35,478.94,900.28,14.0,True,8714;8951
IBM,Short,201,2021-05-06T20:00:00Z,112.131799,2021-05-21T20:00:00Z,112.619721,-98.07,9.1475,-490.3,369.47,597.76,15.0,False,8687;8952
KO,Long,492,2021-05-06T20:00:00Z,46.055027,2021-05-21T20:00:00Z,46.633693,284.7,9.1407,-33.49,330.76,364.25,15.0,True,8681;8953
ORCL,Long,306,2021-05-18T20:00:00Z,73.217572,2021-05-21T20:00:00Z,73.495438,85.03,8.9409,-93.53,85.03,93.53,3.0,True,8894;8954
ZM,Long,72,2021-05-18T20:00:00Z,309.41,2021-05-21T20:00:00Z,328.21,1353.6,9.0613,0.0,1353.6,598.32,3.0,True,8878;8955
UNH,Short,60,2021-05-12T20:00:00Z,371.258159,2021-05-21T20:00:00Z,372.591565,-80.0,8.893,-127.35,39.73,167.08,9.0,False,8809;8956
WFC,Short,551,2021-05-14T20:00:00Z,41.077583,2021-05-21T20:00:00Z,40.522242,305.99,9.0195,-631.41,422.56,631.41,7.0,True,8856;8957
INTC,Short,449,2021-05-19T20:00:00Z,49.417139,2021-05-21T20:00:00Z,51.704969,-1027.24,13.705,-1027.24,0.0,1027.24,2.0,False,8921;8959
TMUS,Long,178,2021-05-20T20:00:00Z,127.208331,2021-05-21T20:00:00Z,129.807505,462.65,9.104,0.0,462.65,0.0,1.0,True,8941;8965
COST,Short,63,2021-05-12T20:00:00Z,355.658174,2021-05-21T20:00:00Z,364.398285,-550.63,9.0031,-550.63,0.0,550.63,9.0,False,8786;8966
BKNG,Long,252,2021-05-21T20:00:00Z,90.829383,2021-05-24T20:00:00Z,89.936551,-224.99,9.1413,-224.99,235.43,460.42,3.0,False,8970;8978
BLK,Short,29,2021-05-07T20:00:00Z,755.314969,2021-05-24T20:00:00Z,760.590691,-153.0,8.8905,-303.45,940.38,1243.82,17.0,False,8712;8979
BMY,Short,416,2021-05-21T20:00:00Z,54.764297,2021-05-24T20:00:00Z,54.788731,-10.16,9.1033,-16.94,0.0,16.94,3.0,False,8968;8980
CSCO,Short,491,2021-05-18T20:00:00Z,45.59346,2021-05-24T20:00:00Z,45.705717,-55.12,9.0156,-250.15,156.87,407.03,6.0,False,8871;8981
INTC,Long,443,2021-05-21T20:00:00Z,51.704969,2021-05-24T20:00:00Z,51.805634,44.59,4.6184,0.0,186.49,141.89,3.0,True,8959;8982
MDLZ,Short,413,2021-05-21T20:00:00Z,55.184058,2021-05-24T20:00:00Z,55.35836,-71.99,9.1452,-129.58,0.0,129.58,3.0,False,8974;8983
MU,Long,287,2021-05-21T20:00:00Z,79.736977,2021-05-24T20:00:00Z,79.415182,-92.36,9.1583,-92.36,316.25,408.6,3.0,False,8972;8984
UPS,Short,133,2021-05-14T20:00:00Z,169.256862,2021-05-24T20:00:00Z,168.112357,152.22,8.9565,0.0,381.99,229.77,10.0,True,8857;8985
USB,Short,477,2021-05-21T20:00:00Z,47.728312,2021-05-24T20:00:00Z,48.350855,-296.95,9.1972,-296.95,0.0,296.95,3.0,False,8973;8986
VZ,Long,554,2021-05-21T20:00:00Z,41.139199,2021-05-24T20:00:00Z,41.124779,-7.99,9.0981,-31.95,0.0,31.95,3.0,False,8958;8987
ANTM,Long,61,2021-05-12T20:00:00Z,366.86624,2021-05-25T20:00:00Z,367.835158,59.1,8.9261,-150.6,130.71,245.51,13.0,True,8792;8997
AVGO,Short,553,2021-05-21T20:00:00Z,41.295584,2021-05-25T20:00:00Z,41.648137,-194.96,9.0827,-194.96,0.0,194.96,4.0,False,8963;8998
LRCX,Short,389,2021-05-24T20:00:00Z,59.181767,2021-05-25T20:00:00Z,60.662849,-576.14,9.3877,-576.14,0.0,576.14,1.0,False,8996;8999
SQ,Long,113,2021-05-24T20:00:00Z,202.16,2021-05-25T20:00:00Z,212.0,1111.92,9.6536,0.0,1586.52,474.6,1.0,True,8993;9000
UBER,Long,458,2021-05-19T20:00:00Z,47.53,2021-05-25T20:00:00Z,50.45,1337.36,9.1536,0.0,1341.94,233.58,6.0,True,8928;9001
MMM,Short,192,2021-05-24T20:00:00Z,118.094357,2021-05-25T20:00:00Z,118.123473,-5.59,9.043,-5.59,115.16,120.75,1.0,False,8992;9002
MO,Long,690,2021-05-21T20:00:00Z,32.986695,2021-05-25T20:00:00Z,33.065563,54.42,9.0372,-263.03,63.49,326.52,4.0,True,8971;9003
ORCL,Long,309,2021-05-24T20:00:00Z,73.625109,2021-05-25T20:00:00Z,73.736255,34.34,9.0566,-186.03,34.34,186.03,1.0,True,8989;9004
PFE,Short,744,2021-05-21T20:00:00Z,30.592615,2021-05-25T20:00:00Z,30.27315,237.68,8.9731,0.0,509.32,271.64,4.0,True,8960;9005
PG,Short,187,2021-05-14T20:00:00Z,120.609557,2021-05-25T20:00:00Z,120.889232,-52.3,9.0347,-65.37,274.57,339.94,11.0,False,8852;9006
SPGI,Long,66,2021-05-24T20:00:00Z,341.485864,2021-05-25T20:00:00Z,344.289728,185.06,9.0421,0.0,185.06,0.0,1.0,True,8994;9007
TMO,Short,49,2021-05-12T20:00:00Z,450.745844,2021-05-25T20:00:00Z,458.230371,-366.74,8.8674,-366.74,230.66,597.4,13.0,False,8785;9008
TMUS,Short,176,2021-05-21T20:00:00Z,129.807505,2021-05-25T20:00:00Z,130.402953,-104.8,4.5499,-104.8,96.48,201.28,4.0,False,8965;9009
TXN,Short,144,2021-05-20T20:00:00Z,157.328584,2021-05-25T20:00:00Z,163.53438,-893.63,4.6906,-893.63,0.0,893.63,5.0,False,8940;9010
SNAP,Short,400,2021-05-24T20:00:00Z,57.29,2021-05-25T20:00:00Z,60.47,-1272.0,13.9897,-1272.0,0.0,1272.0,1.0,False,8995;9020
SPY,Long,198,2021-05-14T20:00:00Z,384.003688,2021-05-25T20:00:00Z,390.60153,1306.37,15.3909,-1438.85,1306.37,1630.21,11.0,True,8861;9023
COST,Long,62,2021-05-21T20:00:00Z,364.398285,2021-05-26T20:00:00Z,364.984742,36.36,4.523,-104.98,36.36,104.98,5.0,True,8966;9024
CVS,Short,299,2021-05-25T20:00:00Z,75.542207,2021-05-26T20:00:00Z,74.649612,266.89,8.8636,0.0,601.75,334.87,1.0,True,9018;9025
SNAP,Long,376,2021-05-25T20:00:00Z,60.47,2021-05-26T20:00:00Z,59.71,-285.76,4.5564,-285.76,45.12,330.88,1.0,False,9020;9026
LLY,Short,119,2021-05-21T20:00:00Z,190.51022,2021-05-26T20:00:00Z,189.776756,87.28,9.0882,-115.62,88.42,201.77,5.0,True,8962;9027
MDLZ,Short,407,2021-05-25T20:00:00Z,55.619813,2021-05-26T20:00:00Z,55.733109,-46.11,9.0336,-46.11,67.39,113.51,1.0,False,9022;9028
MRK,Short,361,2021-05-13T20:00:00Z,62.676762,2021-05-26T20:00:00Z,62.40317,98.77,9.0575,-575.17,194.63,575.17,13.0,True,8835;9029
NFLX,Short,452,2021-05-21T20:00:00Z,50.312,2021-05-26T20:00:00Z,50.234,35.26,9.0423,0.0,80.46,46.1,5.0,True,8961;9030
NOW,Long,247,2021-05-20T20:00:00Z,92.934,2021-05-26T20:00:00Z,95.762,698.52,9.4506,0.0,1024.56,326.04,6.0,True,8944;9031
PYPL,Long,92,2021-05-06T20:00:00Z,252.978807,2021-05-26T20:00:00Z,256.914912,362.12,9.3422,-1445.76,506.79,1445.76,20.0,True,8644;9032
QCOM,Short,194,2021-05-24T20:00:00Z,117.085096,2021-05-26T20:00:00Z,118.914967,-354.99,9.1678,-354.99,0.0,354.99,2.0,False,8990;9033
ZM,Long,70,2021-05-25T20:00:00Z,322.71,2021-05-26T20:00:00Z,324.3,111.3,9.0626,0.0,233.8,122.5,1.0,True,9019;9034
SYK,Long,96,2021-05-14T20:00:00Z,235.723918,2021-05-26T20:00:00Z,240.677255,475.52,9.19,0.0,751.01,429.15,12.0,True,8860;9035
UNH,Short,60,2021-05-25T20:00:00Z,373.58028,2021-05-26T20:00:00Z,373.80705,-13.61,8.9938,-74.02,0.0,74.02,1.0,False,9011;9036
GILD,Short,399,2021-05-21T20:00:00Z,57.209244,2021-05-26T20:00:00Z,54.281954,1167.99,13.3883,0.0,1167.99,39.26,5.0,True,8975;9048
ABT,Short,212,2021-05-26T20:00:00Z,106.225259,2021-05-27T20:00:00Z,105.664846,118.81,8.9067,0.0,358.34,239.53,1.0,True,9040;9050
ACN,Short,88,2021-05-21T20:00:00Z,257.339496,2021-05-27T20:00:00Z,256.590051,65.95,8.9539,-78.66,393.32,327.37,6.0,True,8964;9051
BMY,Short,417,2021-05-26T20:00:00Z,54.340778,2021-05-27T20:00:00Z,53.998705,142.64,8.9554,0.0,343.03,200.38,1.0,True,9042;9052
FIS,Long,177,2021-05-20T20:00:00Z,128.842544,2021-05-27T20:00:00Z,129.581719,130.83,9.2236,0.0,443.3,323.24,7.0,True,8942;9053
UBER,Long,450,2021-05-26T20:00:00Z,50.32,2021-05-27T20:00:00Z,51.45,508.5,9.1647,0.0,508.5,0.0,1.0,True,9045;9054
GILD,Long,418,2021-05-26T20:00:00Z,54.281954,2021-05-27T20:00:00Z,54.626341,143.95,4.5174,-102.82,143.95,102.82,1.0,True,9048;9055
NKE,Long,185,2021-05-25T20:00:00Z,122.674696,2021-05-27T20:00:00Z,125.047462,438.96,9.1116,0.0,438.96,55.5,2.0,True,9015;9056
NVDA,Short,1458,2021-05-26T20:00:00Z,15.65835,2021-05-27T20:00:00Z,15.624265,49.7,9.0506,0.0,357.3,307.6,1.0,True,9038;9057
PFE,Short,759,2021-05-26T20:00:00Z,29.885303,2021-05-27T20:00:00Z,29.657038,173.25,8.9519,0.0,392.64,219.38,1.0,True,9039;9058
T,Long,1368,2021-05-25T20:00:00Z,16.516469,2021-05-27T20:00:00Z,16.527587,15.21,9.0097,-129.29,15.21,129.29,2.0,True,9014;9059
TMUS,Long,175,2021-05-26T20:00:00Z,129.278219,2021-05-27T20:00:00Z,132.77529,611.99,9.2943,0.0,749.27,137.28,1.0,True,9041;9060
MDT,Short,212,2021-05-19T20:00:00Z,105.566085,2021-05-27T20:00:00Z,105.110404,96.6,8.9767,-590.36,96.6,590.36,8.0,True,8923;9064
GM,Long,417,2021-05-26T20:00:00Z,54.576352,2021-05-27T20:00:00Z,57.509328,1223.05,14.1069,0.0,1223.05,0.0,1.0,True,9049;9068
ZTS,Short,136,2021-05-26T20:00:00Z,168.070954,2021-05-27T20:00:00Z,165.229015,386.5,13.5069,0.0,428.88,42.37,1.0,True,9047;9069
ADP,Long,133,2021-05-27T20:00:00Z,172.083653,2021-05-28T20:00:00Z,174.243846,287.31,9.2233,0.0,287.31,0.0,1.0,True,9070;9071
CRM,Long,101,2021-05-27T20:00:00Z,225.102742,2021-05-28T20:00:00Z,234.522909,951.44,9.1958,0.0,951.44,0.0,1.0,True,9062;9072
CVX,Short,263,2021-05-19T20:00:00Z,84.001416,2021-05-28T20:00:00Z,83.678427,84.95,8.7911,-333.41,227.23,428.98,9.0,True,8922;9073
UTX,Short,302,2021-05-06T20:00:00Z,75.346687,2021-05-28T20:00:00Z,78.907379,-1075.33,9.3229,-1164.31,702.21,1866.51,22.0,False,8651;9074
TSLA,Short,101,2021-05-06T20:00:00Z,227.006644,2021-05-28T20:00:00Z,209.499979,1768.17,8.6776,0.0,3957.85,2268.8,22.0,True,8679;9075
INTC,Long,434,2021-05-25T20:00:00Z,52.546891,2021-05-28T20:00:00Z,52.720766,75.46,9.0546,-198.58,123.12,242.27,3.0,True,9013;9076
KO,Long,487,2021-05-24T20:00:00Z,46.489026,2021-05-28T20:00:00Z,47.118752,306.68,9.1249,0.0,356.41,82.89,4.0,True,8988;9077
PEP,Short,185,2021-05-12T20:00:00Z,121.295147,2021-05-28T20:00:00Z,123.592436,-425.0,9.0636,-563.05,0.0,563.05,16.0,False,8781;9078
PM,Short,293,2021-05-12T20:00:00Z,77.35751,2021-05-28T20:00:00Z,76.423011,273.81,8.9396,-111.38,317.9,429.28,16.0,True,8789;9079
SYK,Long,95,2021-05-27T20:00:00Z,240.980328,2021-05-28T20:00:00Z,242.666167,160.15,9.1747,0.0,160.15,0.0,1.0,True,9067;9080
UNH,Short,60,2021-05-27T20:00:00Z,376.365011,2021-05-28T20:00:00Z,374.351297,120.82,8.9759,0.0,163.27,42.45,1.0,True,9061;9081
USB,Short,477,2021-05-26T20:00:00Z,47.688405,2021-05-28T20:00:00Z,48.5025,-388.32,9.1759,-392.13,0.0,392.13,2.0,False,9046;9082
ZTS,Long,137,2021-05-27T20:00:00Z,165.229015,2021-05-28T20:00:00Z,166.362014,155.22,4.5707,0.0,217.31,62.09,1.0,True,9069;9083
PLD,Short,226,2021-05-21T20:00:00Z,100.185965,2021-05-28T20:00:00Z,100.604759,-94.65,13.6652,-185.43,69.54,189.3,7.0,False,8976;9092
SPY,Long,81,2021-05-14T20:00:00Z,384.003688,2021-05-28T20:00:00Z,391.252022,587.11,11.788,-588.62,587.11,666.9,14.0,True,8861;9093
SPY,Long,70,2021-05-18T20:00:00Z,386.382629,2021-05-28T20:00:00Z,391.252022,340.86,18.9871,-675.21,340.86,576.34,10.0,True,8883;9093
ABBV,Short,239,2021-05-12T20:00:00Z,94.540305,2021-06-01T20:00:00Z,93.593667,226.25,8.9385,-466.26,519.38,466.26,20.0,True,8780;9094
AVGO,Short,539,2021-05-28T20:00:00Z,42.37849,2021-06-01T20:00:00Z,42.868998,-264.38,9.143,-264.38,82.13,346.52,4.0,False,9086;9095
MDLZ,Short,412,2021-05-28T20:00:00Z,55.462941,2021-06-01T20:00:00Z,55.619813,-64.63,9.1101,-64.63,111.31,175.94,4.0,False,9090;9096
MDT,Long,213,2021-05-27T20:00:00Z,105.110404,2021-06-01T20:00:00Z,108.072331,630.89,4.486,0.0,630.89,323.53,5.0,True,9064;9097
GM,Short,409,2021-05-27T20:00:00Z,57.509328,2021-06-01T20:00:00Z,57.413479,39.2,4.6768,0.0,270.5,231.29,5.0,True,9068;9098
ABNB,Short,158,2021-05-28T20:00:00Z,144.61,2021-06-01T20:00:00Z,143.82,124.82,8.9968,0.0,124.82,0.0,4.0,True,9091;9099
T,Long,1378,2021-05-28T20:00:00Z,16.50535,2021-06-01T20:00:00Z,16.383047,-168.53,9.0104,-283.44,0.0,283.44,4.0,False,9085;9100
AMD,Long,291,2021-05-26T20:00:00Z,77.81,2021-06-01T20:00:00Z,81.0,928.29,9.2625,0.0,928.29,0.0,6.0,True,9044;9101
MS,Short,305,2021-05-07T20:00:00Z,72.366188,2021-06-01T20:00:00Z,78.216099,-1784.22,13.9026,-1784.22,464.78,2249.0,25.0,False,8710;9104
PLD,Long,227,2021-05-28T20:00:00Z,100.604759,2021-06-01T20:00:00Z,101.091929,110.59,9.279,0.0,411.31,300.72,4.0,True,9092;9106
CVS,Long,312,2021-05-28T20:00:00Z,73.049677,2021-06-02T20:00:00Z,72.687586,-112.97,9.0604,-231.2,0.0,231.2,5.0,False,9088;9108
GS,Short,70,2021-05-27T20:00:00Z,326.260453,2021-06-02T20:00:00Z,338.126563,-830.63,9.3007,-830.63,0.0,830.63,6.0,False,9065;9109
IBM,Short,200,2021-05-24T20:00:00Z,113.228561,2021-06-02T20:00:00Z,112.885113,68.69,9.0683,-103.03,262.27,365.3,9.0,True,8991;9110
JNJ,Short,156,2021-05-06T20:00:00Z,144.22338,2021-06-02T20:00:00Z,143.826753,61.87,9.0372,-650.73,61.87,650.73,27.0,True,8643;9111
MRK,Short,373,2021-06-01T20:00:00Z,61.204192,2021-06-02T20:00:00Z,60.60068,225.11,9.068,0.0,264.13,210.1,1.0,True,9103;9112
TXN,Short,140,2021-05-27T20:00:00Z,162.904306,2021-06-02T20:00:00Z,163.560274,-91.84,9.1806,-242.88,0.0,242.88,6.0,False,9063;9113
SPY,Long,97,2021-05-18T20:00:00Z,386.382629,2021-06-02T20:00:00Z,390.620116,411.04,7.5777,-935.65,613.85,798.64,15.0,True,8883;9119
AXP,Short,147,2021-06-02T20:00:00Z,155.200879,2021-06-03T20:00:00Z,154.579095,91.4,9.1031,0.0,91.4,0.0,1.0,True,9117;9120
BLK,Short,29,2021-05-28T20:00:00Z,771.818062,2021-06-03T20:00:00Z,776.09708,-124.09,8.9719,-208.24,59.31,267.55,6.0,False,9087;9121
SHOP,Short,187,2021-05-21T20:00:00Z,121.959,2021-06-03T20:00:00Z,122.301,-63.95,9.0625,-782.41,385.03,782.41,13.0,False,8967;9122
UBER,Long,448,2021-05-28T20:00:00Z,50.56,2021-06-03T20:00:00Z,50.36,-89.6,8.9179,-833.28,188.16,1021.44,6.0,False,9089;9123
GOOGL,Short,202,2021-04-22T20:00:00Z,112.697604,2021-06-03T20:00:00Z,116.180957,-703.64,9.2046,-1174.16,751.86,1810.17,42.0,False,8376;9124
ISRG,Long,79,2021-04-23T20:00:00Z,282.669972,2021-06-03T20:00:00Z,270.579973,-955.11,8.9121,-955.11,547.21,1502.32,41.0,False,8436;9125
LIN,Short,81,2021-05-12T20:00:00Z,273.933188,2021-06-03T20:00:00Z,277.207137,-265.19,8.9204,-535.28,0.0,535.28,22.0,False,8788;9126
LLY,Short,120,2021-06-02T20:00:00Z,189.567194,2021-06-03T20:00:00Z,189.671975,-12.57,9.1863,-421.79,0.0,421.79,1.0,False,9116;9127
MS,Long,296,2021-06-01T20:00:00Z,78.216099,2021-06-03T20:00:00Z,78.224565,2.51,4.6785,0.0,240.57,238.06,2.0,True,9104;9128
NFLX,Long,455,2021-06-02T20:00:00Z,49.982,2021-06-03T20:00:00Z,49.519,-210.66,8.9969,-472.74,0.0,472.74,1.0,False,9115;9129
AMAT,Short,171,2021-06-02T20:00:00Z,132.32914,2021-06-03T20:00:00Z,131.390567,160.5,9.0202,0.0,293.15,132.65,1.0,True,9118;9130
UPS,Short,135,2021-05-25T20:00:00Z,167.546957,2021-06-03T20:00:00Z,165.732964,244.89,8.978,-128.28,244.89,186.58,9.0,True,9016;9131
SPY,Long,81,2021-05-18T20:00:00Z,386.382629,2021-06-03T20:00:00Z,388.269054,152.8,19.8467,-781.31,512.6,666.9,16.0,True,8883;9143
SPY,Long,131,2021-05-18T20:00:00Z,386.382629,2021-06-03T20:00:00Z,388.269054,247.12,10.0295,-1263.61,829.01,1078.57,16.0,True,8899;9143
SPY,Long,43,2021-05-21T20:00:00Z,387.349073,2021-06-03T20:00:00Z,388.269054,39.56,13.8042,-456.33,230.56,191.0,13.0,True,8977;9143
SCHW,Short,341,2021-05-19T20:00:00Z,65.10996,2021-06-07T20:00:00Z,70.8577,-1959.98,9.287,-1982.25,0.0,1982.25,19.0,False,8926;9144
MCD,Short,110,2021-05-25T20:00:00Z,204.387005,2021-06-07T20:00:00Z,207.135747,-302.36,9.0079,-302.36,0.0,302.36,13.0,False,9017;9149
ABNB,Short,150,2021-06-03T20:00:00Z,149.5,2021-06-07T20:00:00Z,150.73,-184.5,8.7948,-184.5,79.5,264.0,4.0,False,9142;9150
COST,Short,63,2021-06-01T20:00:00Z,359.489067,2021-06-07T20:00:00Z,364.606383,-322.39,13.4314,-445.15,0.0,445.15,6.0,False,9105;9158
MDT,Long,217,2021-06-03T20:00:00Z,104.106219,2021-06-07T20:00:00Z,104.966949,186.78,13.5659,0.0,186.78,0.0,4.0,True,9134;9159
CSCO,Long,496,2021-06-03T20:00:00Z,45.541649,2021-06-07T20:00:00Z,46.897364,672.43,9.1871,0.0,672.43,64.25,4.0,True,9132;9170
SQ,Long,105,2021-05-26T20:00:00Z,217.95,2021-06-07T20:00:00Z,214.34,-379.05,9.2251,-684.6,479.85,1164.45,12.0,False,9043;9171
GS,Short,67,2021-06-03T20:00:00Z,336.989306,2021-06-07T20:00:00Z,346.466442,-634.97,9.1776,-634.97,0.0,634.97,4.0,False,9139;9172
HD,Long,82,2021-05-25T20:00:00Z,275.12591,2021-06-07T20:00:00Z,272.703151,-198.67,8.9852,-282.04,241.67,523.71,13.0,False,9012;9173
HON,Short,113,2021-05-06T20:00:00Z,200.927774,2021-06-07T20:00:00Z,204.106974,-359.25,9.1476,-672.3,721.36,1393.66,32.0,False,8686;9174
LMT,Long,68,2021-05-27T20:00:00Z,334.207539,2021-06-07T20:00:00Z,343.101247,604.77,9.1718,-170.09,604.77,180.65,11.0,True,9066;9175
NVDA,Short,1476,2021-05-28T20:00:00Z,15.438664,2021-06-07T20:00:00Z,17.475292,-3006.06,9.9483,-3092.73,0.0,3092.73,10.0,False,9084;9176
UNP,Long,113,2021-06-03T20:00:00Z,198.687669,2021-06-07T20:00:00Z,201.56836,325.52,9.0,-52.24,325.52,323.51,4.0,True,9135;9177
AMD,Long,277,2021-06-03T20:00:00Z,81.09,2021-06-07T20:00:00Z,81.37,77.56,8.9543,0.0,135.73,63.71,4.0,True,9140;9178
ANTM,Long,61,2021-06-07T20:00:00Z,367.769943,2021-06-08T20:00:00Z,361.872581,-359.74,8.877,-359.74,0.0,359.74,1.0,False,9164;9187
BLK,Short,28,2021-06-07T20:00:00Z,783.734581,2021-06-08T20:00:00Z,779.889373,107.67,8.7391,0.0,107.67,0.0,1.0,True,9160;9188
CI,Short,95,2021-05-25T20:00:00Z,236.408987,2021-06-08T20:00:00Z,224.331698,1147.34,8.6941,0.0,1268.84,133.89,14.0,True,9021;9189
CVS,Short,311,2021-06-07T20:00:00Z,72.965469,2021-06-08T20:00:00Z,72.468647,154.51,9.0161,0.0,219.98,65.47,1.0,True,9163;9190
UBER,Long,451,2021-06-07T20:00:00Z,50.15,2021-06-08T20:00:00Z,50.7,248.05,9.0777,-121.77,248.05,121.77,1.0,True,9185;9191
LLY,Short,117,2021-06-07T20:00:00Z,192.796343,2021-06-08T20:00:00Z,211.142477,-2146.5,9.8795,-2146.5,0.0,2146.5,1.0,False,9156;9192
MDLZ,Short,406,2021-06-07T20:00:00Z,55.968417,2021-06-08T20:00:00Z,55.454226,208.76,8.9845,0.0,329.07,120.3,1.0,True,9168;9193
MU,Long,276,2021-06-03T20:00:00Z,81.589738,2021-06-08T20:00:00Z,82.798908,333.73,8.7502,-845.09,333.73,944.67,5.0,True,9141;9194
PFE,Long,761,2021-06-07T20:00:00Z,29.695069,2021-06-08T20:00:00Z,29.733101,28.94,9.0108,-112.87,28.94,112.87,1.0,True,9155;9195
NOW,Long,246,2021-06-07T20:00:00Z,92.004,2021-06-08T20:00:00Z,92.794,194.34,9.055,0.0,194.34,0.0,1.0,True,9186;9196
TXN,Short,138,2021-06-07T20:00:00Z,163.301339,2021-06-08T20:00:00Z,163.965938,-91.71,8.9447,-91.71,270.38,362.09,1.0,False,9157;9197
USB,Short,467,2021-06-07T20:00:00Z,48.630201,2021-06-08T20:00:00Z,48.055546,268.36,9.0073,0.0,268.36,0.0,1.0,True,9167;9198
MDT,Short,216,2021-06-07T20:00:00Z,104.966949,2021-06-08T20:00:00Z,105.169474,-43.75,8.9009,-43.75,472.09,515.83,1.0,False,9159;9205
COST,Long,61,2021-06-07T20:00:00Z,364.606383,2021-06-08T20:00:00Z,359.829591,-291.38,8.9071,-332.35,0.0,332.35,1.0,False,9158;9206
SPY,Long,136,2021-05-21T20:00:00Z,387.349073,2021-06-08T20:00:00Z,393.231374,799.99,14.3623,-1443.27,799.99,604.1,18.0,True,8977;9216
SPY,Long,47,2021-06-01T20:00:00Z,392.710981,2021-06-08T20:00:00Z,393.231374,24.46,9.5937,-750.79,24.46,208.77,7.0,True,9107;9216
AVGO,Short,529,2021-06-07T20:00:00Z,42.648991,2021-06-09T20:00:00Z,42.125121,277.13,8.85,0.0,451.7,174.58,2.0,True,9181;9217
BA,Long,90,2021-06-07T20:00:00Z,251.5,2021-06-09T20:00:00Z,251.2,-27.0,9.013,-309.6,113.4,423.0,2.0,False,9183;9218
CAT,Short,105,2021-05-21T20:00:00Z,215.94437,2021-06-09T20:00:00Z,218.134846,-230.0,9.0446,-711.08,186.87,711.08,19.0,False,8969;9219
CCI,Short,148,2021-06-08T20:00:00Z,153.007354,2021-06-09T20:00:00Z,151.875563,167.51,8.9648,0.0,186.88,19.37,1.0,True,9215;9220
COST,Short,63,2021-06-08T20:00:00Z,359.829591,2021-06-09T20:00:00Z,359.640411,11.92,4.5285,0.0,26.82,14.9,1.0,True,9206;9221
LRCX,Long,369,2021-06-08T20:00:00Z,62.271692,2021-06-09T20:00:00Z,60.675152,-589.12,8.8815,-834.97,0.0,834.97,1.0,False,9211;9222
FIS,Short,181,2021-06-08T20:00:00Z,124.885784,2021-06-09T20:00:00Z,126.129337,-225.08,9.1185,-239.25,0.0,239.25,1.0,False,9212;9223
SNAP,Long,371,2021-06-07T20:00:00Z,60.93,2021-06-09T20:00:00Z,60.49,-163.24,9.137,-289.38,311.64,474.88,2.0,False,9166;9224
INTU,Short,50,2021-06-07T20:00:00Z,442.567034,2021-06-09T20:00:00Z,448.884467,-315.87,8.9132,-422.29,0.0,422.29,2.0,False,9162;9225
MRK,Short,369,2021-06-08T20:00:00Z,61.553036,2021-06-09T20:00:00Z,61.569902,-6.22,9.1139,-326.74,0.0,326.74,1.0,False,9204;9226
NKE,Short,186,2021-06-08T20:00:00Z,122.694495,2021-06-09T20:00:00Z,122.448541,45.75,8.9865,0.0,482.89,437.14,1.0,True,9200;9227
ORCL,Long,295,2021-06-07T20:00:00Z,76.820562,2021-06-09T20:00:00Z,78.358085,453.57,9.2053,0.0,459.03,27.32,2.0,True,9179;9228
MRNA,Short,103,2021-06-08T20:00:00Z,220.1,2021-06-09T20:00:00Z,212.3,803.4,8.8671,0.0,803.4,0.0,1.0,True,9213;9229
SYK,Long,96,2021-06-08T20:00:00Z,238.28109,2021-06-09T20:00:00Z,238.252677,-2.73,9.1444,-2.73,140.02,142.75,1.0,False,9210;9230
PLD,Short,226,2021-06-01T20:00:00Z,101.091929,2021-06-09T20:00:00Z,106.074732,-1126.11,4.7753,-1126.11,0.0,1126.11,8.0,False,9106;9231
MDT,Long,217,2021-06-08T20:00:00Z,105.169474,2021-06-09T20:00:00Z,103.102033,-448.63,9.1005,-448.63,0.0,448.63,1.0,False,9205;9235
ABBV,Short,244,2021-06-08T20:00:00Z,92.754041,2021-06-10T20:00:00Z,94.21104,-355.51,9.1813,-711.02,0.0,711.02,2.0,False,9203;9246
ABT,Short,232,2021-06-09T20:00:00Z,97.448478,2021-06-10T20:00:00Z,98.569303,-260.03,9.1934,-490.7,0.0,490.7,1.0,False,9234;9247
ADP,Short,129,2021-06-09T20:00:00Z,176.298234,2021-06-10T20:00:00Z,175.561419,95.05,9.0809,-119.79,200.18,319.98,1.0,True,9244;9248
AMZN,Long,142,2021-06-08T20:00:00Z,160.752488,2021-06-10T20:00:00Z,163.672621,414.66,9.3695,0.0,899.87,485.21,2.0,True,9199;9249
AXP,Short,144,2021-06-09T20:00:00Z,155.700189,2021-06-10T20:00:00Z,155.51177,27.13,8.8552,0.0,405.63,378.5,1.0,True,9236;9250
SCHW,Short,325,2021-06-08T20:00:00Z,69.187496,2021-06-10T20:00:00Z,68.86092,106.14,8.9604,0.0,463.97,357.83,2.0,True,9208;9251
C,Short,358,2021-05-11T20:00:00Z,62.34379,2021-06-10T20:00:00Z,66.176469,-1372.1,9.0933,-1605.78,80.89,1686.66,30.0,False,8743;9252
CRM,Long,97,2021-06-07T20:00:00Z,232.167867,2021-06-10T20:00:00Z,231.579106,-57.11,9.1058,-57.11,341.71,398.82,3.0,False,9180;9253
UBER,Long,455,2021-06-09T20:00:00Z,50.0,2021-06-10T20:00:00Z,49.45,-250.25,8.9808,-250.25,0.0,250.25,1.0,False,9239;9254
IBM,Short,199,2021-06-03T20:00:00Z,113.111476,2021-06-10T20:00:00Z,118.231974,-1018.98,9.1985,-1018.98,0.0,1018.98,7.0,False,9138;9255
MDLZ,Short,411,2021-06-09T20:00:00Z,55.035901,2021-06-10T20:00:00Z,55.201488,-68.06,9.0938,-171.93,0.0,171.93,1.0,False,9243;9256
MDT,Short,221,2021-06-09T20:00:00Z,103.102033,2021-06-10T20:00:00Z,104.646285,-341.28,4.6526,-477.42,0.0,477.42,1.0,False,9235;9257
ABNB,Short,152,2021-06-08T20:00:00Z,150.5,2021-06-10T20:00:00Z,141.66,1343.68,8.9112,0.0,1343.68,193.04,2.0,True,9214;9258
WFC,Short,550,2021-06-03T20:00:00Z,41.068768,2021-06-10T20:00:00Z,41.015879,29.09,8.8776,-247.26,727.23,698.14,7.0,True,9133;9259
SPY,Long,76,2021-06-01T20:00:00Z,392.710981,2021-06-10T20:00:00Z,393.04552,25.42,13.6203,-1214.04,71.33,337.59,9.0,True,9107;9273
SPY,Long,97,2021-06-07T20:00:00Z,392.664517,2021-06-10T20:00:00Z,393.04552,36.96,15.0655,-1544.99,95.55,136.11,3.0,True,9169;9273
ADBE,Short,44,2021-06-10T20:00:00Z,513.99,2021-06-11T20:00:00Z,529.75,-693.44,9.4757,-1199.88,0.0,1199.88,1.0,False,9260;9274
BA,Long,91,2021-06-10T20:00:00Z,251.72,2021-06-11T20:00:00Z,250.5,-111.02,9.0203,-404.04,0.0,404.04,1.0,False,9265;9275
BLK,Short,29,2021-06-10T20:00:00Z,775.867779,2021-06-11T20:00:00Z,771.40522,129.41,8.9419,-23.53,129.41,23.53,1.0,True,9266;9276
BMY,Long,431,2021-06-03T20:00:00Z,52.508243,2021-06-11T20:00:00Z,55.293696,1200.53,9.2771,-270.29,1200.53,435.28,8.0,True,9136;9277
COST,Short,63,2021-06-10T20:00:00Z,359.697165,2021-06-11T20:00:00Z,363.092944,-213.93,9.1156,-213.93,0.0,213.93,1.0,False,9264;9278
CSCO,Short,486,2021-06-09T20:00:00Z,46.940539,2021-06-11T20:00:00Z,47.657255,-348.32,9.1311,-348.32,0.0,348.32,2.0,False,9233;9279
GS,Short,66,2021-06-09T20:00:00Z,337.791557,2021-06-11T20:00:00Z,331.214866,434.06,8.8538,0.0,536.47,239.14,2.0,True,9237;9280
ISRG,Long,81,2021-06-07T20:00:00Z,278.386639,2021-06-11T20:00:00Z,286.666638,670.68,9.1551,-40.23,785.97,115.29,4.0,True,9165;9281
JPM,Short,159,2021-05-14T20:00:00Z,142.472964,2021-06-11T20:00:00Z,140.753357,273.42,9.0479,-564.97,292.95,782.59,28.0,True,8851;9282
NKE,Short,189,2021-06-10T20:00:00Z,119.788597,2021-06-11T20:00:00Z,119.788597,0.0,9.0533,-75.75,0.0,75.75,1.0,False,9261;9283
GM,Long,370,2021-06-09T20:00:00Z,61.19951,2021-06-11T20:00:00Z,58.994986,-815.67,8.8135,-890.15,0.0,890.15,2.0,False,9240;9284
NOW,Long,246,2021-06-09T20:00:00Z,93.12,2021-06-11T20:00:00Z,98.0,1200.48,9.4732,0.0,1594.57,394.09,2.0,True,9241;9285
AMAT,Short,169,2021-06-07T20:00:00Z,133.267712,2021-06-11T20:00:00Z,131.036208,377.12,8.9276,0.0,728.35,406.26,4.0,True,9161;9286
TGT,Short,113,2021-06-09T20:00:00Z,200.074645,2021-06-11T20:00:00Z,197.746411,263.09,8.9593,0.0,280.44,120.46,2.0,True,9238;9287
UNH,Short,61,2021-06-01T20:00:00Z,375.285588,2021-06-11T20:00:00Z,365.870113,574.34,8.9041,0.0,876.46,302.11,10.0,True,9102;9288
USB,Short,472,2021-06-09T20:00:00Z,47.72033,2021-06-11T20:00:00Z,46.898254,388.02,8.9199,0.0,444.53,199.66,2.0,True,9242;9289
WMT,Short,509,2021-05-19T20:00:00Z,43.900019,2021-06-11T20:00:00Z,43.750265,76.23,8.9777,-271.55,258.85,271.55,23.0,True,8920;9290
SPY,Long,95,2021-06-07T20:00:00Z,392.664517,2021-06-11T20:00:00Z,394.123477,138.6,23.8946,-1513.14,155.37,133.3,4.0,True,9169;9307
SPY,Long,132,2021-06-09T20:00:00Z,393.222082,2021-06-11T20:00:00Z,394.123477,118.98,10.3443,-2176.06,142.29,79.73,2.0,True,9245;9307
CAT,Short,110,2021-06-11T20:00:00Z,206.54358,2021-06-14T20:00:00Z,200.857471,625.47,8.8291,0.0,731.89,106.42,3.0,True,9299;9308
CCI,Short,149,2021-06-10T20:00:00Z,151.344315,2021-06-14T20:00:00Z,150.364337,146.02,9.1463,-421.02,146.02,421.02,4.0,True,9272;9309
CRM,Short,96,2021-06-11T20:00:00Z,234.768225,2021-06-14T20:00:00Z,236.740573,-189.35,9.1671,-660.35,0.0,660.35,3.0,False,9294;9310
UTX,Short,287,2021-06-03T20:00:00Z,78.666317,2021-06-14T20:00:00Z,79.210937,-156.31,9.0914,-343.36,0.0,343.36,11.0,False,9137;9311
DE,Long,71,2021-06-11T20:00:00Z,322.575767,2021-06-14T20:00:00Z,318.522322,-287.79,8.9801,-652.51,0.0,652.51,3.0,False,9301;9312
INTC,Long,431,2021-06-07T20:00:00Z,52.482832,2021-06-14T20:00:00Z,53.077668,256.37,9.0938,-138.05,331.31,138.05,7.0,True,9154;9313
MS,Short,293,2021-06-11T20:00:00Z,77.623489,2021-06-14T20:00:00Z,77.665818,-12.4,9.0672,-12.4,240.61,253.01,3.0,False,9296;9314
PFE,Short,736,2021-06-11T20:00:00Z,30.919687,2021-06-14T20:00:00Z,30.448095,347.09,8.9314,0.0,576.62,229.53,3.0,True,9293;9315
SPGI,Long,65,2021-06-10T20:00:00Z,347.538854,2021-06-14T20:00:00Z,351.937393,285.91,9.2137,0.0,727.7,441.8,4.0,True,9268;9316
AAPL,Long,184,2021-05-12T20:00:00Z,120.126499,2021-06-15T20:00:00Z,126.448946,1163.33,9.035,0.0,1249.24,699.79,34.0,True,8771;9327
ADP,Short,129,2021-06-14T20:00:00Z,176.713048,2021-06-15T20:00:00Z,176.438429,35.43,9.101,0.0,51.42,16.0,1.0,True,9325;9328
AMT,Short,98,2021-06-08T20:00:00Z,230.389541,2021-06-15T20:00:00Z,231.989884,-156.83,8.9989,-156.83,184.51,341.34,7.0,False,9209;9329
ANTM,Long,63,2021-06-11T20:00:00Z,359.751587,2021-06-15T20:00:00Z,359.162948,-37.08,9.0514,-89.47,0.0,89.47,4.0,False,9302;9330
BKNG,Long,253,2021-06-14T20:00:00Z,90.275319,2021-06-15T20:00:00Z,89.961949,-79.28,9.1086,-83.34,0.0,83.34,1.0,False,9321;9331
COST,Short,63,2021-06-14T20:00:00Z,360.189033,2021-06-15T20:00:00Z,362.998354,-176.99,9.1493,-185.93,0.0,185.93,1.0,False,9319;9332
IBM,Short,193,2021-06-14T20:00:00Z,117.638745,2021-06-15T20:00:00Z,116.967461,129.56,9.0205,0.0,203.38,73.82,1.0,True,9320;9333
MDLZ,Long,410,2021-06-11T20:00:00Z,55.672104,2021-06-15T20:00:00Z,55.645958,-10.72,9.1074,-78.61,0.0,78.61,4.0,False,9304;9334
NFLX,Short,467,2021-06-14T20:00:00Z,48.968,2021-06-15T20:00:00Z,50.123,-539.38,9.2633,-539.38,0.0,539.38,1.0,False,9318;9335
ORCL,Short,298,2021-06-11T20:00:00Z,75.931393,2021-06-15T20:00:00Z,76.227783,-88.32,9.0808,-179.41,104.88,193.21,4.0,False,9292;9336
MRNA,Short,104,2021-06-10T20:00:00Z,216.7,2021-06-15T20:00:00Z,203.59,1363.44,8.7067,-223.6,1571.44,223.6,5.0,True,9270;9337
USB,Short,483,2021-06-14T20:00:00Z,47.05788,2021-06-15T20:00:00Z,46.395431,319.96,8.9952,0.0,319.96,0.0,1.0,True,9324;9338
ZTS,Short,132,2021-06-11T20:00:00Z,171.838176,2021-06-15T20:00:00Z,174.349657,-331.52,9.1695,-457.39,0.0,457.39,4.0,False,9305;9339
CSCO,Long,482,2021-06-14T20:00:00Z,47.000985,2021-06-15T20:00:00Z,46.828283,-83.24,13.5202,-266.38,0.0,266.38,1.0,False,9317;9341
SPY,Short,76,2021-06-11T20:00:00Z,394.123477,2021-06-15T20:00:00Z,395.368703,-94.64,7.1002,-94.64,0.0,94.64,4.0,False,9307;9350
SPY,Short,14,2021-06-14T20:00:00Z,394.411552,2021-06-15T20:00:00Z,395.368703,-13.4,6.2439,-13.4,4.03,13.4,1.0,False,9326;9350
MS,Short,297,2021-06-15T20:00:00Z,77.115537,2021-06-17T20:00:00Z,77.665818,-163.43,8.9828,-163.43,797.05,960.49,2.0,False,9345;9355
NEE,Long,360,2021-06-07T20:00:00Z,62.959166,2021-06-17T20:00:00Z,63.585798,225.59,9.2146,-62.66,701.83,476.24,10.0,True,9182;9356
ABNB,Short,155,2021-06-11T20:00:00Z,146.0,2021-06-17T20:00:00Z,148.75,-426.25,9.2733,-895.9,0.0,895.9,6.0,False,9306;9358
T,Short,1404,2021-06-08T20:00:00Z,16.121763,2021-06-17T20:00:00Z,16.127323,-7.81,9.0087,-265.38,210.74,265.38,9.0,False,9201;9359
BLK,Long,29,2021-06-15T20:00:00Z,774.906477,2021-06-17T20:00:00Z,767.277795,-221.23,8.9507,-251.41,0.0,251.41,2.0,False,9346;9369
CCI,Short,149,2021-06-15T20:00:00Z,152.689558,2021-06-17T20:00:00Z,149.821785,427.3,9.0626,0.0,427.3,336.06,2.0,True,9349;9370
CRM,Short,94,2021-06-15T20:00:00Z,240.616579,2021-06-17T20:00:00Z,237.466711,296.09,8.9843,0.0,296.09,188.17,2.0,True,9340;9371
CSCO,Short,488,2021-06-15T20:00:00Z,46.828283,2021-06-17T20:00:00Z,46.102932,353.97,4.4777,0.0,463.53,109.56,2.0,True,9341;9372
LIN,Long,84,2021-06-11T20:00:00Z,271.581403,2021-06-17T20:00:00Z,268.768535,-236.28,9.0516,-339.56,0.0,339.56,6.0,False,9297;9373
PFE,Short,758,2021-06-15T20:00:00Z,30.204693,2021-06-17T20:00:00Z,29.999322,155.67,9.1177,0.0,242.15,103.78,2.0,True,9342;9374
PG,Long,195,2021-06-02T20:00:00Z,116.134768,2021-06-17T20:00:00Z,116.082329,-10.23,9.1165,-15.34,603.31,618.65,15.0,False,9114;9375
PLD,Long,211,2021-06-11T20:00:00Z,107.843926,2021-06-17T20:00:00Z,104.06453,-797.45,8.9424,-797.45,0.0,797.45,6.0,False,9303;9376
UNP,Long,114,2021-06-08T20:00:00Z,197.238432,2021-06-17T20:00:00Z,197.30956,8.11,8.9377,-280.76,101.36,382.12,9.0,True,9207;9377
V,Short,101,2021-06-09T20:00:00Z,223.552075,2021-06-17T20:00:00Z,220.984832,259.29,9.021,-238.9,281.63,247.64,8.0,True,9232;9378
GM,Short,392,2021-06-15T20:00:00Z,58.1611,2021-06-17T20:00:00Z,59.426306,-495.96,13.5185,-495.96,225.44,721.4,2.0,False,9348;9381
SPY,Short,65,2021-06-14T20:00:00Z,394.411552,2021-06-17T20:00:00Z,391.800293,169.73,7.6072,-62.21,169.73,62.21,3.0,True,9326;9384
SPY,Short,32,2021-06-17T20:00:00Z,391.800293,2021-06-17T20:00:00Z,391.800293,0.0,34.8207,-114.19,0.0,0.0,0.0,False,9368;9384
UTX,Long,288,2021-06-17T20:00:00Z,78.978804,2021-06-18T20:00:00Z,76.693186,-658.26,8.8993,-658.26,0.0,658.26,1.0,False,9365;9385
EL,Long,82,2021-06-10T20:00:00Z,276.710195,2021-06-18T20:00:00Z,275.942943,-62.91,9.0076,-262.27,294.11,556.38,8.0,False,9267;9386
TSLA,Long,113,2021-06-07T20:00:00Z,197.19998,2021-06-18T20:00:00Z,204.506646,825.65,9.2542,0.0,1194.41,690.43,11.0,True,9153;9387
GILD,Short,404,2021-06-10T20:00:00Z,56.52047,2021-06-18T20:00:00Z,55.511041,407.81,9.0499,0.0,538.35,130.54,8.0,True,9271;9388
HD,Long,85,2021-06-17T20:00:00Z,265.629628,2021-06-18T20:00:00Z,262.298849,-283.12,9.0259,-283.12,0.0,283.12,1.0,False,9362;9389
JPM,Long,166,2021-06-17T20:00:00Z,137.744044,2021-06-18T20:00:00Z,130.725239,-1165.12,8.7291,-1322.41,0.0,1322.41,1.0,False,9361;9390
LMT,Long,67,2021-06-11T20:00:00Z,337.664294,2021-06-18T20:00:00Z,330.186313,-501.02,8.9245,-562.71,59.35,622.06,7.0,False,9300;9391
MDLZ,Short,417,2021-06-17T20:00:00Z,54.704727,2021-06-18T20:00:00Z,54.940035,-98.12,9.1095,-98.12,228.95,327.08,1.0,False,9382;9392
MRK,Short,364,2021-06-10T20:00:00Z,63.374581,2021-06-18T20:00:00Z,65.450323,-755.57,9.4182,-832.97,0.0,832.97,8.0,False,9263;9393
GM,Long,385,2021-06-17T20:00:00Z,59.426306,2021-06-18T20:00:00Z,56.598764,-1088.6,4.3367,-1195.62,0.0,1195.62,1.0,False,9381;9394
ZM,Long,67,2021-06-07T20:00:00Z,332.67,2021-06-18T20:00:00Z,375.0,2836.11,9.6065,0.0,2836.11,511.21,11.0,True,9184;9395
USB,Short,488,2021-06-17T20:00:00Z,47.05788,2021-06-18T20:00:00Z,43.55408,1709.85,8.6046,0.0,1709.85,0.0,1.0,True,9383;9396
ZTS,Short,131,2021-06-17T20:00:00Z,173.811482,2021-06-18T20:00:00Z,175.633722,-238.71,13.714,-238.71,0.0,238.71,1.0,False,9367;9414
MO,Long,698,2021-06-14T20:00:00Z,32.643889,2021-06-18T20:00:00Z,31.032093,-1125.03,13.2974,-1195.06,0.0,1195.06,4.0,False,9322;9416
BLK,Long,29,2021-06-18T20:00:00Z,750.450599,2021-06-21T20:00:00Z,748.757297,-49.11,8.7062,-49.11,264.46,313.56,3.0,False,9410;9418
CVS,Long,321,2021-06-18T20:00:00Z,70.329787,2021-06-21T20:00:00Z,69.563502,-245.98,8.9968,-245.98,135.15,381.13,3.0,False,9412;9419
SQ,Long,96,2021-06-18T20:00:00Z,235.07,2021-06-21T20:00:00Z,234.6,-45.12,9.042,-113.28,0.0,113.28,3.0,False,9413;9420
UBER,Long,466,2021-06-17T20:00:00Z,48.96,2021-06-21T20:00:00Z,49.72,354.16,9.1168,-391.44,354.16,736.28,4.0,True,9366;9421
MO,Short,726,2021-06-18T20:00:00Z,31.032093,2021-06-21T20:00:00Z,31.266171,-169.94,4.5913,-427.28,0.0,427.28,3.0,False,9416;9422
MS,Short,305,2021-06-18T20:00:00Z,73.136582,2021-06-21T20:00:00Z,71.595795,469.94,8.7806,0.0,469.94,0.0,3.0,True,9403;9423
MU,Long,291,2021-06-15T20:00:00Z,78.596066,2021-06-21T20:00:00Z,74.949053,-1061.28,9.0379,-1061.28,11.35,1072.63,6.0,False,9347;9424
PYPL,Long,82,2021-06-18T20:00:00Z,272.263744,2021-06-21T20:00:00Z,279.305218,577.4,9.1878,0.0,632.55,55.15,3.0,True,9400;9425
PLD,Long,216,2021-06-18T20:00:00Z,104.949272,2021-06-21T20:00:00Z,103.042353,-411.89,8.986,-411.89,76.07,487.97,3.0,False,9415;9426
XOM,Short,438,2021-06-11T20:00:00Z,52.033398,2021-06-21T20:00:00Z,50.346901,738.69,9.0344,-514.18,919.74,832.83,10.0,True,9291;9427
ANTM,Long,66,2021-06-21T20:00:00Z,345.801788,2021-06-23T20:00:00Z,351.931103,404.53,9.3042,0.0,548.84,144.3,2.0,True,9436;9441
BA,Long,95,2021-06-18T20:00:00Z,237.11,2021-06-23T20:00:00Z,244.8,730.55,9.1375,0.0,776.15,162.45,5.0,True,9409;9442
LRCX,Long,379,2021-06-10T20:00:00Z,60.022151,2021-06-23T20:00:00Z,59.267131,-286.15,9.0834,-729.65,574.24,1303.89,13.0,False,9269;9443
EL,Long,83,2021-06-21T20:00:00Z,275.074006,2021-06-23T20:00:00Z,277.3203,186.44,9.2663,0.0,369.05,182.61,2.0,True,9435;9444
MDLZ,Long,421,2021-06-21T20:00:00Z,54.408413,2021-06-23T20:00:00Z,54.512994,44.03,9.1719,-36.69,161.44,198.13,2.0,True,9438;9445
MMM,Long,204,2021-06-21T20:00:00Z,112.731196,2021-06-23T20:00:00Z,113.435802,143.74,9.2079,-147.3,184.13,331.43,2.0,True,9434;9446
NKE,Short,191,2021-06-17T20:00:00Z,117.729873,2021-06-23T20:00:00Z,120.981928,-621.14,9.1177,-671.6,144.41,816.01,6.0,False,9363;9447
PG,Long,197,2021-06-21T20:00:00Z,115.968711,2021-06-23T20:00:00Z,116.327044,70.59,9.1604,0.0,75.76,30.99,2.0,True,9428;9448
PM,Short,289,2021-06-21T20:00:00Z,79.19483,2021-06-23T20:00:00Z,79.210669,-4.58,9.1645,-11.44,0.0,11.44,2.0,False,9431;9449
USB,Long,521,2021-06-21T20:00:00Z,44.080847,2021-06-23T20:00:00Z,44.783203,365.93,9.3245,0.0,378.4,12.47,2.0,True,9439;9450
SPY,Short,131,2021-06-17T20:00:00Z,391.800293,2021-06-23T20:00:00Z,394.555031,-360.87,10.3227,-467.46,650.39,1011.26,6.0,False,9368;9459
CRM,Long,95,2021-06-21T20:00:00Z,238.71292,2021-06-24T20:00:00Z,238.791422,7.46,9.103,-133.31,46.61,133.31,3.0,True,9430;9460
ABNB,Long,149,2021-06-21T20:00:00Z,151.84,2021-06-24T20:00:00Z,152.5,98.34,8.9528,-321.84,98.34,321.84,3.0,True,9437;9465
CVS,Long,321,2021-06-23T20:00:00Z,70.557146,2021-06-24T20:00:00Z,70.691877,43.25,9.0552,-5.41,43.25,5.41,1.0,True,9454;9473
CVX,Short,261,2021-06-10T20:00:00Z,88.030706,2021-06-24T20:00:00Z,86.439985,415.18,9.085,-278.19,1260.29,861.97,14.0,True,9262;9474
UTX,Long,297,2021-06-21T20:00:00Z,77.452083,2021-06-24T20:00:00Z,77.835995,114.02,9.2729,-39.78,167.06,206.83,3.0,True,9432;9475
SQ,Long,96,2021-06-23T20:00:00Z,237.0,2021-06-24T20:00:00Z,244.18,689.28,9.2707,0.0,689.28,0.0,1.0,True,9455;9476
UBER,Long,462,2021-06-23T20:00:00Z,49.05,2021-06-24T20:00:00Z,51.21,997.92,9.3629,0.0,997.92,0.0,1.0,True,9456;9477
GS,Long,74,2021-06-21T20:00:00Z,311.202682,2021-06-24T20:00:00Z,320.018622,652.38,9.4763,0.0,1027.5,375.12,3.0,True,9433;9478
HD,Long,82,2021-06-23T20:00:00Z,273.49202,2021-06-24T20:00:00Z,275.113583,132.97,8.9629,-12.94,132.97,12.94,1.0,True,9451;9479
MO,Long,717,2021-06-23T20:00:00Z,31.593881,2021-06-24T20:00:00Z,31.426682,-119.88,9.0592,-119.88,86.31,206.2,1.0,False,9458;9480
MRK,Short,350,2021-06-23T20:00:00Z,64.6508,2021-06-24T20:00:00Z,64.582755,23.82,9.0458,-101.22,23.82,101.22,1.0,True,9453;9481
NVDA,Long,1226,2021-06-18T20:00:00Z,18.719323,2021-06-24T20:00:00Z,19.153816,532.69,9.2368,-461.91,532.69,461.91,6.0,True,9399;9482
T,Short,1425,2021-06-18T20:00:00Z,15.882717,2021-06-24T20:00:00Z,15.92719,-63.38,9.0975,-277.27,0.0,277.27,6.0,False,9401;9483
AMGN,Long,109,2021-06-11T20:00:00Z,207.990028,2021-06-25T20:00:00Z,205.233871,-300.42,8.9886,-573.99,0.0,573.99,14.0,False,9298;9493
AMT,Long,99,2021-06-24T20:00:00Z,228.336757,2021-06-25T20:00:00Z,227.365075,-96.2,9.0355,-96.2,85.13,181.33,1.0,False,9488;9494
DHR,Short,115,2021-06-18T20:00:00Z,195.502739,2021-06-25T20:00:00Z,205.065013,-1099.66,9.2333,-1190.49,0.0,1190.49,7.0,False,9402;9495
PFE,Long,763,2021-06-24T20:00:00Z,29.710282,2021-06-25T20:00:00Z,29.75592,34.82,9.0699,-63.84,34.82,63.84,1.0,True,9487;9496
MRNA,Long,106,2021-06-24T20:00:00Z,213.78,2021-06-25T20:00:00Z,221.0,765.32,9.3297,0.0,765.32,0.0,1.0,True,9470;9497
ZM,Long,60,2021-06-24T20:00:00Z,378.45,2021-06-25T20:00:00Z,374.07,-262.8,8.9504,-358.8,0.0,358.8,1.0,False,9469;9498
PLD,Long,216,2021-06-23T20:00:00Z,104.734529,2021-06-25T20:00:00Z,103.978633,-163.27,9.0216,-163.27,12.99,176.26,2.0,False,9457;9499
TMO,Short,49,2021-06-15T20:00:00Z,465.827569,2021-06-25T20:00:00Z,487.751764,-1074.29,9.2987,-1091.67,209.06,1300.73,10.0,False,9344;9500
TGT,Long,115,2021-06-17T20:00:00Z,196.595086,2021-06-25T20:00:00Z,204.688472,930.74,9.2546,0.0,980.76,50.02,8.0,True,9380;9501
SPY,Short,151,2021-06-17T20:00:00Z,391.800293,2021-06-25T20:00:00Z,397.128216,-804.52,12.0116,-896.02,749.69,1645.71,8.0,False,9368;9510
AMZN,Short,130,2021-06-18T20:00:00Z,173.591297,2021-06-28T20:00:00Z,170.399303,414.96,8.9889,-165.04,509.25,333.83,10.0,True,9398;9511
BA,Long,90,2021-06-25T20:00:00Z,250.37,2021-06-28T20:00:00Z,244.27,-549.0,8.7901,-936.9,0.0,936.9,3.0,False,9505;9512
BKNG,Long,258,2021-06-24T20:00:00Z,88.606875,2021-06-28T20:00:00Z,87.905895,-180.85,8.9737,-636.51,140.83,777.35,4.0,False,9490;9513
CAT,Long,119,2021-06-18T20:00:00Z,188.390015,2021-06-28T20:00:00Z,197.553504,1090.46,9.2348,0.0,1404.34,333.44,10.0,True,9411;9514
CRM,Long,94,2021-06-25T20:00:00Z,239.615686,2021-06-28T20:00:00Z,239.635312,1.84,8.9738,0.0,35.05,33.21,3.0,True,9502;9515
EL,Long,79,2021-06-25T20:00:00Z,286.56431,2021-06-28T20:00:00Z,293.349413,536.02,9.2086,0.0,536.02,0.0,3.0,True,9506;9516
SNAP,Short,335,2021-06-25T20:00:00Z,68.1,2021-06-28T20:00:00Z,67.67,144.05,8.9706,0.0,629.8,485.75,3.0,True,9507;9517
KO,Long,488,2021-06-24T20:00:00Z,46.504937,2021-06-28T20:00:00Z,46.616398,54.39,9.092,0.0,54.39,25.1,4.0,True,9486;9518
MSFT,Short,91,2021-06-18T20:00:00Z,248.7841,2021-06-28T20:00:00Z,254.818829,-549.16,9.2076,-784.51,0.0,784.51,10.0,False,9397;9519
NFLX,Long,442,2021-06-24T20:00:00Z,51.8,2021-06-28T20:00:00Z,52.87,472.94,9.2916,0.0,664.33,191.39,4.0,True,9467;9520
PEP,Short,181,2021-06-08T20:00:00Z,124.740286,2021-06-28T20:00:00Z,123.929516,146.75,8.9704,-134.52,435.66,379.1,20.0,True,9202;9521
ABNB,Long,150,2021-06-25T20:00:00Z,151.32,2021-06-28T20:00:00Z,148.64,-402.0,8.9883,-402.0,0.0,402.0,3.0,False,9508;9522
AMT,Long,99,2021-06-28T20:00:00Z,230.770263,2021-06-29T20:00:00Z,233.384346,258.79,9.272,0.0,376.27,117.48,1.0,True,9529;9533
ANTM,Long,64,2021-06-28T20:00:00Z,356.116977,2021-06-29T20:00:00Z,357.44375,84.91,9.1187,0.0,84.91,0.0,1.0,True,9531;9534
AVGO,Short,532,2021-06-15T20:00:00Z,42.969986,2021-06-29T20:00:00Z,42.925589,23.62,9.1297,-207.47,626.47,833.94,14.0,True,9343;9535
CSCO,Long,498,2021-06-25T20:00:00Z,45.567555,2021-06-29T20:00:00Z,45.731622,81.71,9.114,0.0,81.71,21.5,4.0,True,9503;9536
MMM,Long,202,2021-06-24T20:00:00Z,112.562323,2021-06-29T20:00:00Z,114.251049,341.12,9.1576,0.0,376.41,59.99,5.0,True,9489;9537
MO,Long,716,2021-06-25T20:00:00Z,31.687512,2021-06-29T20:00:00Z,31.553753,-95.77,9.0408,-287.31,0.0,287.31,4.0,False,9509;9538
PLD,Long,217,2021-06-28T20:00:00Z,105.198374,2021-06-29T20:00:00Z,104.313633,-191.99,9.0615,-191.99,0.0,191.99,1.0,False,9532;9539
TMO,Short,46,2021-06-28T20:00:00Z,486.451093,2021-06-29T20:00:00Z,497.418118,-504.48,9.1862,-659.95,0.0,659.95,1.0,False,9526;9540
AMD,Short,266,2021-06-28T20:00:00Z,86.4,2021-06-29T20:00:00Z,87.35,-252.7,9.3951,-829.92,0.0,829.92,1.0,False,9530;9541
WFC,Short,557,2021-06-28T20:00:00Z,40.548687,2021-06-29T20:00:00Z,40.583947,-19.64,8.8958,-19.64,594.1,613.74,1.0,False,9527;9542
BA,Long,94,2021-06-29T20:00:00Z,244.0,2021-07-01T20:00:00Z,240.25,-352.5,8.9392,-417.36,0.0,417.36,2.0,False,9548;9555
BMY,Long,418,2021-06-18T20:00:00Z,54.120874,2021-07-01T20:00:00Z,54.496062,156.83,9.0913,-405.13,204.84,534.5,13.0,True,9404;9556
USB,Long,495,2021-06-29T20:00:00Z,45.972777,2021-07-01T20:00:00Z,46.109457,67.66,9.0931,-83.58,159.19,91.54,2.0,True,9553;9559
ABBV,Short,238,2021-06-11T20:00:00Z,95.684502,2021-07-01T20:00:00Z,92.976295,644.55,8.9995,0.0,773.86,383.99,20.0,True,9295;9568
BLK,Long,29,2021-06-24T20:00:00Z,769.43852,2021-07-01T20:00:00Z,773.513029,118.16,8.934,0.0,173.4,133.25,7.0,True,9468;9569
CVX,Short,262,2021-06-25T20:00:00Z,86.884095,2021-07-01T20:00:00Z,86.464209,110.01,9.0342,0.0,812.38,702.37,6.0,True,9504;9570
LRCX,Long,383,2021-06-24T20:00:00Z,60.102561,2021-07-01T20:00:00Z,61.416869,503.38,9.2111,-122.39,653.01,679.89,7.0,True,9471;9571
DHR,Short,109,2021-06-29T20:00:00Z,208.3855,2021-07-01T20:00:00Z,205.517458,312.62,9.0762,-35.94,312.62,318.47,2.0,True,9547;9572
TSLA,Long,103,2021-06-24T20:00:00Z,225.069977,2021-07-01T20:00:00Z,227.933311,294.92,9.3231,-114.67,463.84,370.8,7.0,True,9484;9573
FIS,Long,179,2021-06-14T20:00:00Z,127.158029,2021-07-01T20:00:00Z,123.556831,-644.61,9.0596,-649.3,177.93,827.23,17.0,False,9323;9574
GS,Long,69,2021-06-29T20:00:00Z,330.474327,2021-07-01T20:00:00Z,335.622836,355.25,9.0954,0.0,355.25,276.17,2.0,True,9549;9575
INTC,Short,432,2021-06-29T20:00:00Z,52.675009,2021-07-01T20:00:00Z,51.348068,573.24,8.9156,0.0,612.77,39.53,2.0,True,9544;9576
LIN,Long,85,2021-06-18T20:00:00Z,264.502664,2021-07-01T20:00:00Z,270.016629,468.69,9.0713,0.0,543.11,442.56,13.0,True,9405;9577
MDLZ,Long,413,2021-06-29T20:00:00Z,55.022593,2021-07-01T20:00:00Z,54.68976,-137.46,9.0297,-137.46,0.0,137.46,2.0,False,9552;9578
NKE,Long,162,2021-06-28T20:00:00Z,140.284745,2021-07-01T20:00:00Z,140.230088,-8.85,9.1601,-8.85,590.29,599.14,3.0,False,9523;9579
ORCL,Short,313,2021-06-28T20:00:00Z,72.837823,2021-07-01T20:00:00Z,72.226519,191.34,9.1622,-258.02,231.93,489.94,3.0,True,9525;9580
PEP,Short,183,2021-06-29T20:00:00Z,124.368683,2021-07-01T20:00:00Z,125.061216,-126.73,9.123,-145.28,0.0,145.28,2.0,False,9546;9581
PFE,Short,764,2021-06-29T20:00:00Z,29.793952,2021-07-01T20:00:00Z,29.793952,0.0,9.1422,-226.64,5.81,232.45,2.0,False,9545;9582
MRNA,Long,102,2021-06-29T20:00:00Z,221.19,2021-07-01T20:00:00Z,236.14,1524.9,9.5792,0.0,1524.9,0.0,2.0,True,9551;9583
SPY,Short,130,2021-06-17T20:00:00Z,391.800293,2021-07-01T20:00:00Z,399.850571,-1046.54,22.2318,-1234.4,645.43,1879.82,14.0,False,9368;9591
SPY,Short,147,2021-06-18T20:00:00Z,388.923858,2021-07-01T20:00:00Z,399.850571,-1606.23,13.694,-1818.65,306.99,1861.14,13.0,False,9417;9591
ABT,Short,217,2021-07-01T20:00:00Z,104.498827,2021-07-02T20:00:00Z,105.682924,-256.95,9.2266,-476.63,0.0,476.63,1.0,False,9585;9592
CCI,Long,150,2021-07-01T20:00:00Z,151.0309,2021-07-02T20:00:00Z,151.503695,70.92,9.1077,0.0,247.64,176.72,1.0,True,9566;9593
ISRG,Short,74,2021-07-01T20:00:00Z,305.843303,2021-07-02T20:00:00Z,310.293302,-329.3,9.2037,-508.87,0.0,508.87,1.0,False,9587;9594
MDT,Short,216,2021-07-01T20:00:00Z,105.555945,2021-07-02T20:00:00Z,106.709376,-249.14,9.2681,-434.17,0.0,434.17,1.0,False,9586;9595
GM,Long,401,2021-07-01T20:00:00Z,56.991744,2021-07-02T20:00:00Z,56.790461,-80.71,9.0761,-192.18,0.0,192.18,1.0,False,9567;9596
VZ,Long,560,2021-06-28T20:00:00Z,40.598463,2021-07-02T20:00:00Z,40.663351,36.34,9.0941,-189.76,52.49,189.76,4.0,True,9524;9597
CSCO,Long,498,2021-07-01T20:00:00Z,45.809338,2021-07-07T20:00:00Z,46.085244,137.4,9.2088,0.0,371.24,242.5,6.0,True,9584;9608
INTU,Long,48,2021-07-01T20:00:00Z,472.314827,2021-07-07T20:00:00Z,486.837219,697.07,9.2186,0.0,722.96,25.89,6.0,True,9562;9609
LLY,Short,103,2021-07-02T20:00:00Z,220.963279,2021-07-07T20:00:00Z,223.544692,-265.89,9.2185,-377.73,0.0,377.73,5.0,False,9600;9610
T,Short,1405,2021-07-02T20:00:00Z,16.182915,2021-07-07T20:00:00Z,16.121763,85.92,9.0854,0.0,140.59,54.68,5.0,True,9601;9611
USB,Long,491,2021-07-02T20:00:00Z,46.278298,2021-07-07T20:00:00Z,44.758736,-746.1,8.9659,-746.1,0.0,746.1,5.0,False,9607;9612
AMD,Short,242,2021-07-01T20:00:00Z,93.95,2021-07-07T20:00:00Z,95.02,-258.94,8.8983,-258.94,825.22,1084.16,6.0,False,9563;9613
ADP,Long,127,2021-07-07T20:00:00Z,178.325329,2021-07-08T20:00:00Z,178.608807,36.0,9.1174,0.0,63.0,27.0,1.0,True,9620;9621
AVGO,Short,527,2021-07-07T20:00:00Z,43.167311,2021-07-08T20:00:00Z,42.20315,508.11,9.0037,0.0,508.11,0.0,1.0,True,9616;9622
BMY,Long,416,2021-07-02T20:00:00Z,54.775024,2021-07-08T20:00:00Z,54.684772,-37.55,9.1228,-37.55,129.7,167.25,6.0,False,9602;9624
BA,Long,94,2021-07-02T20:00:00Z,239.55,2021-07-08T20:00:00Z,227.56,-1127.06,8.9009,-1127.06,0.0,1127.06,6.0,False,9603;9646
BLK,Long,28,2021-07-07T20:00:00Z,784.85463,2021-07-08T20:00:00Z,783.752219,-30.87,8.7784,-331.64,0.0,331.64,1.0,False,9617;9647
NEE,Long,350,2021-06-18T20:00:00Z,64.717218,2021-07-08T20:00:00Z,64.943502,79.2,9.0415,-450.83,295.47,569.63,20.0,True,9407;9648
NOW,Short,207,2021-07-01T20:00:00Z,109.0,2021-07-08T20:00:00Z,110.55,-320.85,9.1547,-694.69,0.0,694.69,7.0,False,9588;9649
ZM,Short,56,2021-07-07T20:00:00Z,403.86,2021-07-08T20:00:00Z,386.0,1000.16,8.7351,0.0,1000.16,0.0,1.0,True,9619;9650
AMAT,Long,173,2021-07-07T20:00:00Z,132.654767,2021-07-08T20:00:00Z,126.04645,-1143.24,8.8609,-1143.24,0.0,1143.24,1.0,False,9618;9651
PLD,Long,222,2021-07-01T20:00:00Z,102.681585,2021-07-08T20:00:00Z,105.3444,591.14,9.2711,0.0,715.09,123.95,7.0,True,9565;9652
UNH,Long,62,2021-07-01T20:00:00Z,366.008393,2021-07-08T20:00:00Z,371.99883,371.41,9.1987,0.0,543.56,172.16,7.0,True,9560;9653
XOM,Short,430,2021-06-23T20:00:00Z,52.901448,2021-07-08T20:00:00Z,49.139898,1617.47,8.8452,-238.18,1617.47,238.18,15.0,True,9452;9654
ZTS,Long,129,2021-06-18T20:00:00Z,175.633722,2021-07-08T20:00:00Z,184.867664,1191.18,4.7978,-77.95,1386.05,198.53,20.0,True,9414;9655
SPY,Short,30,2021-06-18T20:00:00Z,388.923858,2021-07-08T20:00:00Z,399.720047,-323.89,6.7494,-483.87,62.65,492.54,20.0,False,9417;9668
SPY,Short,54,2021-06-21T20:00:00Z,388.634841,2021-07-08T20:00:00Z,399.720047,-598.6,19.4617,-886.57,97.17,886.57,17.0,False,9440;9668
ABT,Short,211,2021-07-07T20:00:00Z,107.816107,2021-07-09T20:00:00Z,108.150546,-70.57,9.1397,-87.73,3.81,91.55,2.0,False,9615;9669
ADBE,Short,40,2021-06-21T20:00:00Z,564.39,2021-07-09T20:00:00Z,601.43,-1481.6,9.3748,-1662.4,0.0,1662.4,18.0,False,9429;9670
AMZN,Short,122,2021-07-08T20:00:00Z,181.75061,2021-07-09T20:00:00Z,185.689348,-480.53,9.0686,-480.53,0.0,480.53,1.0,False,9629;9671
ANTM,Long,62,2021-07-08T20:00:00Z,359.06017,2021-07-09T20:00:00Z,362.451849,210.28,8.9534,0.0,250.26,39.97,1.0,True,9666;9672
SCHW,Long,346,2021-07-08T20:00:00Z,63.057195,2021-07-09T20:00:00Z,64.764722,590.8,8.9421,0.0,958.85,368.04,1.0,True,9664;9673
C,Long,381,2021-06-17T20:00:00Z,60.569712,2021-07-09T20:00:00Z,56.946241,-1380.54,8.7551,-1779.08,0.0,1779.08,22.0,False,9364;9674
SQ,Short,92,2021-07-08T20:00:00Z,238.5,2021-07-09T20:00:00Z,239.0,-46.0,8.7913,-311.88,0.0,311.88,1.0,False,9638;9675
SNAP,Short,334,2021-07-01T20:00:00Z,68.58,2021-07-09T20:00:00Z,62.5,2030.72,8.9158,-160.32,2211.08,1285.9,8.0,True,9589;9676
HD,Short,79,2021-07-08T20:00:00Z,279.671492,2021-07-09T20:00:00Z,280.959977,-101.79,8.8721,-209.12,0.0,209.12,1.0,False,9659;9677
LLY,Short,100,2021-07-08T20:00:00Z,221.896779,2021-07-09T20:00:00Z,225.916544,-401.98,8.9942,-401.98,0.0,401.98,1.0,False,9661;9678
MMM,Short,194,2021-07-08T20:00:00Z,115.590384,2021-07-09T20:00:00Z,116.289167,-135.56,9.0207,-282.42,0.0,282.42,1.0,False,9637;9679
MS,Short,293,2021-07-01T20:00:00Z,77.818204,2021-07-09T20:00:00Z,75.650943,635.01,9.0461,-24.8,1056.69,663.53,8.0,True,9561;9680
GM,Long,417,2021-07-08T20:00:00Z,53.071525,2021-07-09T20:00:00Z,56.349557,1366.94,9.1785,0.0,1366.94,0.0,1.0,True,9643;9681
NVDA,Short,1117,2021-07-08T20:00:00Z,19.750561,2021-07-09T20:00:00Z,19.875485,-139.54,8.8845,-231.82,0.0,231.82,1.0,False,9630;9682
ORCL,Short,284,2021-07-08T20:00:00Z,78.747097,2021-07-09T20:00:00Z,79.543645,-226.22,9.1198,-720.75,0.0,720.75,1.0,False,9631;9683
TMUS,Short,161,2021-07-08T20:00:00Z,139.221243,2021-07-09T20:00:00Z,137.888575,214.56,8.9132,0.0,214.56,0.0,1.0,True,9662;9684
ACN,Short,81,2021-07-08T20:00:00Z,275.425496,2021-07-13T20:00:00Z,281.0057,-452.0,9.0952,-555.85,0.0,555.85,5.0,False,9632;9696
SHOP,Short,149,2021-07-08T20:00:00Z,148.253,2021-07-13T20:00:00Z,149.259,-149.89,8.8798,-505.71,0.0,505.71,5.0,False,9633;9697
CSCO,Short,490,2021-07-09T20:00:00Z,46.38958,2021-07-13T20:00:00Z,46.485229,-46.87,9.123,-46.87,51.13,98.0,4.0,False,9685;9698
FB,Short,69,2021-05-26T20:00:00Z,325.235009,2021-07-13T20:00:00Z,348.066338,-1575.36,9.2916,-1865.15,157.88,2023.02,48.0,False,9037;9699
GILD,Long,400,2021-07-08T20:00:00Z,56.306423,2021-07-13T20:00:00Z,56.198715,-43.08,8.9944,-43.08,86.17,129.25,5.0,False,9645;9700
HON,Long,118,2021-06-18T20:00:00Z,189.793648,2021-07-13T20:00:00Z,199.782787,1178.72,9.1414,0.0,1183.96,289.18,25.0,True,9406;9701
INTC,Short,448,2021-07-09T20:00:00Z,50.780686,2021-07-13T20:00:00Z,51.741575,-430.48,9.2541,-565.77,0.0,565.77,4.0,False,9686;9702
INTU,Long,46,2021-07-08T20:00:00Z,482.715479,2021-07-13T20:00:00Z,486.798022,187.8,8.9783,0.0,267.18,79.39,5.0,True,9663;9703
LIN,Long,83,2021-07-08T20:00:00Z,267.213076,2021-07-13T20:00:00Z,272.000538,397.36,8.9168,0.0,449.93,231.15,5.0,True,9635;9704
MRNA,Long,102,2021-07-08T20:00:00Z,216.07,2021-07-13T20:00:00Z,238.87,2325.6,9.546,0.0,2373.54,427.38,5.0,True,9667;9705
TGT,Long,107,2021-07-09T20:00:00Z,212.022837,2021-07-13T20:00:00Z,213.634692,172.47,9.1313,0.0,333.99,161.52,4.0,True,9691;9706
DE,Short,68,2021-07-08T20:00:00Z,323.051825,2021-07-14T20:00:00Z,330.90807,-534.22,8.7762,-590.89,0.0,590.89,6.0,False,9639;9720
LLY,Short,101,2021-07-13T20:00:00Z,224.783009,2021-07-14T20:00:00Z,224.602024,18.28,9.0747,-35.6,18.28,35.6,1.0,True,9710;9721
VZ,Short,556,2021-07-08T20:00:00Z,40.624026,2021-07-14T20:00:00Z,40.893783,-149.99,13.638,-243.22,0.0,243.22,6.0,False,9660;9726
KO,Long,491,2021-07-02T20:00:00Z,46.299163,2021-07-14T20:00:00Z,47.173702,429.4,13.939,-50.52,951.41,522.01,12.0,True,9599;9727
ANTM,Long,61,2021-07-13T20:00:00Z,370.702133,2021-07-14T20:00:00Z,373.757447,186.37,9.0417,-95.75,186.37,95.75,1.0,True,9715;9739
AVGO,Short,531,2021-07-09T20:00:00Z,42.671145,2021-07-14T20:00:00Z,44.454979,-947.22,9.2817,-947.22,0.0,947.22,5.0,False,9687;9740
BA,Long,96,2021-07-09T20:00:00Z,238.0,2021-07-14T20:00:00Z,229.0,-864.0,8.9096,-1300.8,27.84,1328.64,5.0,False,9689;9741
BMY,Long,411,2021-07-13T20:00:00Z,55.152444,2021-07-14T20:00:00Z,55.414996,107.91,9.1264,0.0,222.56,114.65,1.0,True,9712;9742
CRM,Short,95,2021-07-13T20:00:00Z,237.751278,2021-07-14T20:00:00Z,239.919879,-206.02,9.0694,-206.02,0.0,206.02,1.0,False,9709;9743
TSLA,Long,105,2021-07-08T20:00:00Z,209.333312,2021-07-14T20:00:00Z,223.633311,1501.5,9.1433,0.0,2019.5,1131.2,6.0,True,9658;9744
IBM,Long,206,2021-07-09T20:00:00Z,110.410726,2021-07-14T20:00:00Z,109.840915,-117.38,9.0477,-262.1,0.0,262.1,5.0,False,9690;9745
LOW,Long,135,2021-06-17T20:00:00Z,168.58371,2021-07-14T20:00:00Z,176.420818,1058.01,9.2648,0.0,1142.21,377.08,27.0,True,9379;9746
MA,Long,63,2021-06-29T20:00:00Z,359.198172,2021-07-14T20:00:00Z,372.388229,830.97,9.2912,-291.24,1310.01,479.03,15.0,True,9543;9747
PM,Long,286,2021-07-08T20:00:00Z,78.689361,2021-07-14T20:00:00Z,78.553096,-38.97,9.075,-105.45,318.65,387.43,6.0,False,9634;9748
NOW,Short,202,2021-07-09T20:00:00Z,111.944,2021-07-14T20:00:00Z,112.792,-171.3,9.1248,-171.3,15.76,187.05,5.0,False,9692;9749
WMT,Long,534,2021-06-24T20:00:00Z,42.483588,2021-07-14T20:00:00Z,43.900019,756.37,9.2784,0.0,896.32,283.22,20.0,True,9485;9750
ZTS,Long,122,2021-07-09T20:00:00Z,186.113962,2021-07-14T20:00:00Z,188.88981,338.65,9.187,0.0,479.18,140.53,5.0,True,9693;9751
SPY,Short,194,2021-06-21T20:00:00Z,388.634841,2021-07-14T20:00:00Z,407.775235,-3713.24,26.599,-3713.24,349.08,3713.24,23.0,False,9440;9759
SPY,Short,80,2021-06-24T20:00:00Z,396.167933,2021-07-14T20:00:00Z,407.775235,-928.58,6.3412,-928.58,746.6,928.58,20.0,False,9472;9759
SPY,Short,53,2021-06-24T20:00:00Z,396.167933,2021-07-14T20:00:00Z,407.775235,-615.19,18.4688,-615.19,494.62,615.19,20.0,False,9492;9759
AAPL,Short,161,2021-07-08T20:00:00Z,137.732083,2021-07-15T20:00:00Z,145.095302,-1185.48,9.1368,-1185.48,0.0,1185.48,7.0,False,9656;9760
ABT,Long,211,2021-07-14T20:00:00Z,107.155933,2021-07-15T20:00:00Z,105.885668,-268.03,8.9532,-275.68,0.0,275.68,1.0,False,9729;9761
ACN,Short,80,2021-07-14T20:00:00Z,283.465022,2021-07-15T20:00:00Z,284.216582,-60.12,9.1177,-136.91,0.0,136.91,1.0,False,9730;9762
CAT,Long,115,2021-07-08T20:00:00Z,191.666601,2021-07-15T20:00:00Z,191.776125,12.6,8.8906,0.0,900.56,887.96,7.0,True,9665;9763
CSCO,Long,489,2021-07-14T20:00:00Z,46.528705,2021-07-15T20:00:00Z,46.702612,85.04,9.1622,0.0,85.04,0.0,1.0,True,9728;9764
CVS,Short,328,2021-07-02T20:00:00Z,69.18457,2021-07-15T20:00:00Z,68.847741,110.48,9.087,-71.81,535.83,607.64,13.0,True,9604;9765
UBER,Long,454,2021-07-01T20:00:00Z,50.88,2021-07-15T20:00:00Z,46.86,-1825.08,8.8085,-2024.84,376.82,2401.66,14.0,False,9564;9766
NKE,Short,158,2021-07-02T20:00:00Z,144.119802,2021-07-15T20:00:00Z,146.533792,-381.41,9.2526,-519.58,0.0,519.58,13.0,False,9598;9767
PEP,Long,175,2021-07-14T20:00:00Z,129.123509,2021-07-15T20:00:00Z,130.525465,245.34,9.1572,0.0,348.8,103.46,1.0,True,9754;9768
PG,Short,189,2021-07-14T20:00:00Z,119.735575,2021-07-15T20:00:00Z,120.618297,-166.83,9.1557,-356.79,0.0,356.79,1.0,False,9753;9769
PLD,Long,210,2021-07-14T20:00:00Z,107.775292,2021-07-15T20:00:00Z,108.514009,155.13,9.1336,0.0,265.16,110.03,1.0,True,9737;9770
UNH,Long,59,2021-07-14T20:00:00Z,383.069303,2021-07-15T20:00:00Z,375.003152,-475.9,8.9679,-475.9,0.0,475.9,1.0,False,9752;9771
AMD,Short,251,2021-07-14T20:00:00Z,90.73,2021-07-15T20:00:00Z,89.71,256.02,8.8342,0.0,953.8,697.78,1.0,True,9736;9772
VZ,Long,555,2021-07-14T20:00:00Z,40.893783,2021-07-15T20:00:00Z,41.06147,93.07,9.1116,0.0,186.13,93.07,1.0,True,9726;9778
SPY,Short,165,2021-06-24T20:00:00Z,396.167933,2021-07-15T20:00:00Z,405.360543,-1516.78,13.3757,-1915.2,1539.86,1915.2,21.0,False,9492;9786
ADP,Long,127,2021-07-09T20:00:00Z,178.945437,2021-07-19T20:00:00Z,180.929782,252.01,9.1219,-36.0,565.9,601.9,10.0,True,9694;9787
CRM,Short,95,2021-07-15T20:00:00Z,236.701322,2021-07-19T20:00:00Z,232.079553,439.07,8.8584,0.0,439.07,0.0,4.0,True,9779;9789
INTU,Long,46,2021-07-14T20:00:00Z,491.194534,2021-07-19T20:00:00Z,480.955289,-471.01,8.9087,-473.67,0.0,473.67,5.0,False,9758;9793
LMT,Short,69,2021-07-01T20:00:00Z,327.702338,2021-07-19T20:00:00Z,325.826328,129.44,9.0156,-366.16,316.42,366.16,18.0,True,9590;9794
MS,Short,287,2021-07-14T20:00:00Z,78.851039,2021-07-19T20:00:00Z,75.777931,881.98,8.8349,0.0,918.43,36.45,5.0,True,9731;9796
GM,Long,402,2021-07-13T20:00:00Z,56.550839,2021-07-19T20:00:00Z,51.758395,-1926.56,8.7011,-1926.56,0.0,1926.56,6.0,False,9716;9798
C,Long,391,2021-07-13T20:00:00Z,57.808175,2021-07-19T20:00:00Z,54.812326,-1171.38,8.7402,-1305.53,0.0,1305.53,6.0,False,9713;9816
CCI,Long,145,2021-07-08T20:00:00Z,155.239551,2021-07-19T20:00:00Z,156.58818,195.55,9.0531,0.0,316.93,302.32,11.0,True,9642;9817
SHOP,Short,154,2021-07-15T20:00:00Z,147.6,2021-07-19T20:00:00Z,141.98,865.48,8.9736,0.0,865.48,452.45,4.0,True,9780;9818
DHR,Short,106,2021-07-14T20:00:00Z,212.733575,2021-07-19T20:00:00Z,216.751901,-425.94,9.102,-594.21,0.0,594.21,5.0,False,9755;9819
GS,Long,68,2021-07-14T20:00:00Z,333.903728,2021-07-19T20:00:00Z,312.084276,-1483.72,8.7419,-1483.72,0.0,1483.72,5.0,False,9735;9820
HON,Long,114,2021-07-14T20:00:00Z,198.69952,2021-07-19T20:00:00Z,200.20899,172.08,9.0805,-304.68,914.05,1218.73,5.0,True,9732;9821
DE,Short,69,2021-07-15T20:00:00Z,321.085422,2021-07-19T20:00:00Z,313.688003,510.42,8.8006,0.0,513.65,3.23,4.0,True,9784;9822
LIN,Long,84,2021-07-14T20:00:00Z,270.8549,2021-07-19T20:00:00Z,265.82527,-422.49,9.0093,-479.6,97.8,577.4,5.0,False,9757;9823
MRK,Short,345,2021-07-13T20:00:00Z,65.833073,2021-07-19T20:00:00Z,66.130768,-102.7,9.0779,-181.93,99.77,202.47,6.0,False,9711;9824
NEE,Long,347,2021-07-09T20:00:00Z,65.274225,2021-07-19T20:00:00Z,67.38911,733.87,9.1797,-42.28,881.85,280.86,10.0,True,9688;9825
ORCL,Short,282,2021-07-13T20:00:00Z,80.303144,2021-07-19T20:00:00Z,80.794587,-138.59,9.1084,-502.99,39.68,502.99,6.0,False,9708;9826
PFE,Short,759,2021-07-07T20:00:00Z,29.831983,2021-07-19T20:00:00Z,30.47852,-490.72,9.1794,-646.6,0.0,646.6,12.0,False,9614;9827
ABNB,Long,157,2021-07-08T20:00:00Z,140.81,2021-07-19T20:00:00Z,131.5,-1461.67,8.6165,-1461.67,1386.31,2847.98,11.0,False,9640;9828
UPS,Short,136,2021-07-14T20:00:00Z,165.960695,2021-07-19T20:00:00Z,163.628419,317.19,9.0349,-162.33,317.19,162.33,5.0,True,9756;9829
JPM,Short,163,2021-07-13T20:00:00Z,137.575982,2021-07-19T20:00:00Z,131.125591,1051.41,13.0628,0.0,1285.86,234.45,6.0,True,9707;9830
VZ,Short,550,2021-07-15T20:00:00Z,41.06147,2021-07-19T20:00:00Z,40.952109,60.15,8.9321,-56.14,192.48,132.33,4.0,True,9778;9831
NFLX,Long,412,2021-07-15T20:00:00Z,55.397,2021-07-19T20:00:00Z,52.622,-1143.3,13.3843,-1143.3,0.0,1143.3,4.0,False,9777;9832
AVGO,Short,530,2021-07-19T20:00:00Z,42.11773,2021-07-20T20:00:00Z,42.518479,-212.4,8.9993,-246.11,0.0,246.11,1.0,False,9805;9839
BA,Long,100,2021-07-15T20:00:00Z,222.21,2021-07-20T20:00:00Z,208.1,-1411.0,8.7982,-1522.0,0.0,1522.0,5.0,False,9782;9840
SCHW,Long,340,2021-07-13T20:00:00Z,66.789494,2021-07-20T20:00:00Z,62.142782,-1579.88,8.8676,-1579.88,0.0,1579.88,7.0,False,9714;9841
CVS,Long,327,2021-07-19T20:00:00Z,68.12356,2021-07-20T20:00:00Z,68.115139,-2.75,8.9475,-2.75,247.82,250.58,1.0,False,9810;9842
CVX,Short,283,2021-07-19T20:00:00Z,77.372063,2021-07-20T20:00:00Z,77.331689,11.43,8.7969,-159.96,11.43,159.96,1.0,True,9804;9843
DIS,Short,127,2021-07-15T20:00:00Z,177.672456,2021-07-20T20:00:00Z,168.20952,1201.79,8.8883,0.0,1267.05,469.14,5.0,True,9775;9844
EL,Long,74,2021-07-15T20:00:00Z,301.539606,2021-07-20T20:00:00Z,292.609893,-660.8,8.8983,-690.21,0.0,690.21,5.0,False,9783;9845
JPM,Long,168,2021-07-19T20:00:00Z,131.125591,2021-07-20T20:00:00Z,129.281362,-309.83,4.4387,-309.83,164.55,474.38,1.0,False,9830;9846
MDT,Short,211,2021-07-19T20:00:00Z,105.869746,2021-07-20T20:00:00Z,104.114155,370.43,8.8853,-121.69,370.43,121.69,1.0,True,9808;9847
MO,Long,724,2021-07-08T20:00:00Z,30.965213,2021-07-20T20:00:00Z,31.306299,246.95,9.0682,0.0,619.79,377.68,12.0,True,9644;9848
PG,Short,183,2021-07-19T20:00:00Z,122.803253,2021-07-20T20:00:00Z,122.742074,11.2,8.9607,0.0,132.75,121.55,1.0,True,9803;9849
AMAT,Long,183,2021-07-19T20:00:00Z,119.773339,2021-07-20T20:00:00Z,123.565938,694.05,9.1344,0.0,1211.07,517.03,1.0,True,9836;9850
USB,Long,490,2021-07-19T20:00:00Z,44.911496,2021-07-20T20:00:00Z,43.898455,-496.39,8.7144,-496.39,90.61,587.0,1.0,False,9813;9851
AMD,Short,262,2021-07-19T20:00:00Z,85.0,2021-07-20T20:00:00Z,87.03,-531.86,9.1014,-552.82,0.0,552.82,1.0,False,9837;9852
WFC,Short,578,2021-07-19T20:00:00Z,37.613315,2021-07-20T20:00:00Z,37.965912,-203.8,8.956,-1105.62,0.0,1105.62,1.0,False,9806;9853
XOM,Short,459,2021-07-15T20:00:00Z,48.908418,2021-07-20T20:00:00Z,45.824774,1415.39,13.2646,0.0,1441.96,227.68,5.0,True,9776;9855
VZ,Long,547,2021-07-19T20:00:00Z,40.952109,2021-07-20T20:00:00Z,40.791713,-87.74,8.9067,-235.29,0.0,235.29,1.0,False,9831;9856
MRNA,Short,78,2021-07-19T20:00:00Z,284.4,2021-07-20T20:00:00Z,318.63,-2669.94,14.0504,-2669.94,0.0,2669.94,1.0,False,9811;9865
BKNG,Long,264,2021-06-29T20:00:00Z,85.661896,2021-07-22T20:00:00Z,85.631419,-8.05,9.0087,-1287.06,480.39,1767.45,23.0,False,9550;9874
KO,Short,481,2021-07-14T20:00:00Z,47.173702,2021-07-22T20:00:00Z,48.545529,-659.85,4.6577,-659.85,0.0,659.85,8.0,False,9727;9877
MRNA,Long,71,2021-07-20T20:00:00Z,318.63,2021-07-22T20:00:00Z,318.5,-9.23,4.5934,-9.23,344.35,353.58,2.0,False,9865;9879
NFLX,Short,425,2021-07-19T20:00:00Z,52.622,2021-07-22T20:00:00Z,51.037,673.62,8.8536,-205.28,673.62,205.28,3.0,True,9832;9883
SPY,Short,15,2021-06-24T20:00:00Z,396.167933,2021-07-22T20:00:00Z,405.379189,-138.17,9.0941,-174.11,139.99,174.11,28.0,False,9492;9891
SPY,Short,83,2021-06-29T20:00:00Z,398.908934,2021-07-22T20:00:00Z,405.379189,-537.03,6.6193,-735.9,1002.1,811.74,23.0,False,9554;9891
SPY,Short,14,2021-07-09T20:00:00Z,403.281484,2021-07-22T20:00:00Z,405.379189,-29.37,27.9356,-62.91,230.24,136.92,13.0,False,9695;9891
SNAP,Long,377,2021-07-20T20:00:00Z,60.32,2021-07-22T20:00:00Z,62.82,942.5,9.4499,0.0,1157.39,214.89,2.0,True,9869;9892
DE,Short,71,2021-07-20T20:00:00Z,315.972776,2021-07-22T20:00:00Z,330.158965,-1007.22,9.2991,-1034.48,0.0,1034.48,2.0,False,9867;9893
INTC,Short,449,2021-07-20T20:00:00Z,50.222455,2021-07-22T20:00:00Z,51.338916,-501.29,9.1383,-554.71,0.0,554.71,2.0,False,9858;9894
MDLZ,Long,410,2021-07-08T20:00:00Z,55.224045,2021-07-22T20:00:00Z,55.951023,298.06,9.1063,-35.91,488.39,204.69,14.0,True,9641;9895
MS,Short,297,2021-07-20T20:00:00Z,75.380035,2021-07-22T20:00:00Z,80.781255,-1604.16,9.4485,-1667.02,0.0,1667.02,2.0,False,9862;9896
TMUS,Short,164,2021-07-20T20:00:00Z,136.848906,2021-07-22T20:00:00Z,136.726036,20.15,8.964,0.0,34.1,27.9,2.0,True,9861;9897
TGT,Long,104,2021-07-20T20:00:00Z,214.146391,2021-07-22T20:00:00Z,219.51924,558.78,9.0788,0.0,558.78,0.0,2.0,True,9866;9898
V,Short,95,2021-07-15T20:00:00Z,235.869073,2021-07-22T20:00:00Z,234.397956,139.76,9.0008,-256.68,447.58,340.71,7.0,True,9774;9899
VZ,Short,552,2021-07-20T20:00:00Z,40.791713,2021-07-22T20:00:00Z,40.937528,-80.49,4.5034,-80.49,0.0,80.49,2.0,False,9856;9900
XOM,Long,491,2021-07-20T20:00:00Z,45.824774,2021-07-22T20:00:00Z,47.486469,815.89,4.6372,0.0,945.79,259.79,2.0,True,9855;9901
SPY,Short,159,2021-07-09T20:00:00Z,403.281484,2021-07-22T20:00:00Z,405.379189,-333.54,12.9103,-714.51,2614.92,1555.01,13.0,False,9695;9912
BMY,Long,408,2021-07-19T20:00:00Z,54.807844,2021-07-23T20:00:00Z,55.792416,401.71,9.0183,-26.78,515.52,113.82,4.0,True,9834;9913
SCHW,Short,348,2021-07-22T20:00:00Z,64.671414,2021-07-23T20:00:00Z,63.00121,581.23,8.7776,0.0,581.23,0.0,1.0,True,9907;9914
CRM,Short,96,2021-07-20T20:00:00Z,234.228528,2021-07-23T20:00:00Z,245.31685,-1064.48,9.2009,-1064.48,0.0,1064.48,3.0,False,9859;9915
UBER,Long,488,2021-07-19T20:00:00Z,45.0,2021-07-23T20:00:00Z,47.61,1273.68,9.0788,0.0,1273.68,53.68,4.0,True,9812;9916
GS,Short,68,2021-07-22T20:00:00Z,328.217446,2021-07-23T20:00:00Z,330.236296,-137.28,8.9534,-137.28,0.0,137.28,1.0,False,9906;9917
IBM,Long,208,2021-07-19T20:00:00Z,106.585964,2021-07-23T20:00:00Z,110.02825,716.0,9.068,0.0,777.69,95.79,4.0,True,9835;9918
MDT,Short,209,2021-07-22T20:00:00Z,108.006987,2021-07-23T20:00:00Z,108.363194,-74.45,9.0631,-210.93,0.0,210.93,1.0,False,9885;9919
NVDA,Long,1247,2021-07-19T20:00:00Z,17.812758,2021-07-23T20:00:00Z,19.571637,2193.32,9.5175,0.0,2193.32,208.22,4.0,True,9802;9920
PEP,Short,171,2021-07-19T20:00:00Z,131.74162,2021-07-23T20:00:00Z,131.378462,62.1,9.04,-171.86,115.53,287.39,4.0,True,9833;9921
PFE,Short,724,2021-07-22T20:00:00Z,31.216333,2021-07-23T20:00:00Z,31.535799,-231.29,9.1592,-357.95,0.0,357.95,1.0,False,9902;9922
T,Long,1432,2021-07-22T20:00:00Z,16.020576,2021-07-23T20:00:00Z,15.845086,-251.3,9.1052,-251.3,0.0,251.3,1.0,False,9903;9923
UPS,Short,135,2021-07-22T20:00:00Z,166.761679,2021-07-23T20:00:00Z,167.256404,-66.79,9.0083,-66.79,78.45,145.24,1.0,False,9905;9924
AMD,Short,252,2021-07-22T20:00:00Z,89.4,2021-07-23T20:00:00Z,91.42,-509.04,9.2413,-693.0,0.0,693.0,1.0,False,9889;9925
NFLX,Long,440,2021-07-22T20:00:00Z,51.037,2021-07-23T20:00:00Z,51.216,78.76,9.0609,0.0,221.76,143.0,1.0,True,9883;9930
SPY,Short,66,2021-07-09T20:00:00Z,403.281484,2021-07-23T20:00:00Z,407.952374,-308.28,5.4141,-454.11,1085.44,921.14,14.0,False,9695;9939
AMGN,Long,110,2021-06-28T20:00:00Z,207.268076,2021-07-27T20:00:00Z,207.675767,44.85,9.1097,-146.68,436.31,511.99,29.0,True,9528;9940
BKNG,Long,262,2021-07-23T20:00:00Z,85.69042,2021-07-27T20:00:00Z,87.04354,354.52,9.1086,0.0,544.01,189.49,4.0,True,9937;9941
GOOGL,Short,180,2021-07-08T20:00:00Z,122.856931,2021-07-27T20:00:00Z,132.985055,-1823.06,9.1628,-1823.06,0.0,1823.06,19.0,False,9657;9942
INTC,Short,439,2021-07-23T20:00:00Z,49.874705,2021-07-27T20:00:00Z,48.648428,538.34,8.5314,0.0,538.34,0.0,4.0,True,9929;9943
LLY,Short,100,2021-07-20T20:00:00Z,223.849509,2021-07-27T20:00:00Z,232.146229,-829.67,9.1161,-868.73,0.0,868.73,7.0,False,9857;9944
GM,Long,432,2021-07-20T20:00:00Z,51.930923,2021-07-27T20:00:00Z,52.937336,434.77,9.2047,0.0,1188.37,873.68,7.0,True,9873;9945
ORCL,Short,266,2021-07-23T20:00:00Z,84.587498,2021-07-27T20:00:00Z,81.528998,813.56,8.6781,0.0,813.56,0.0,4.0,True,9927;9946
PM,Long,288,2021-07-23T20:00:00Z,78.360721,2021-07-27T20:00:00Z,79.506955,330.12,9.1527,0.0,480.17,150.05,4.0,True,9932;9947
AMAT,Short,171,2021-07-23T20:00:00Z,132.060976,2021-07-27T20:00:00Z,131.658731,68.78,8.9527,-96.63,489.68,420.89,4.0,True,9935;9948
TXN,Short,141,2021-07-23T20:00:00Z,159.863769,2021-07-27T20:00:00Z,162.753971,-407.52,9.1044,-498.08,0.0,498.08,4.0,False,9931;9949
WFC,Short,559,2021-07-22T20:00:00Z,40.372389,2021-07-27T20:00:00Z,39.182373,665.22,8.8863,0.0,665.22,271.02,5.0,True,9884;9950
XOM,Short,476,2021-07-23T20:00:00Z,47.031777,2021-07-27T20:00:00Z,47.717949,-326.62,9.0406,-625.69,0.0,625.69,4.0,False,9928;9951
COST,Short,58,2021-07-19T20:00:00Z,387.866049,2021-07-27T20:00:00Z,401.061346,-765.33,13.6958,-783.98,0.0,783.98,8.0,False,9807;9955
