symbol,direction,quantity,entry_utc,entry_price,exit_utc,exit_price,profit_loss,total_fees,mae,mfe,end_trade_drawdown,duration_days,is_win,order_ids
ANTM,Long,57,2022-01-04T21:00:00Z,437.742896,2022-01-05T21:00:00Z,433.203535,-258.74,9.8182,-404.45,0.0,404.45,1.0,False,22;34
SNOW,Long,75,2022-01-04T21:00:00Z,330.25,2022-01-05T21:00:00Z,308.59,-1624.5,9.186,-2503.5,0.0,2503.5,1.0,False,13;35
CAT,Long,130,2022-01-04T21:00:00Z,192.172166,2022-01-05T21:00:00Z,201.306526,1187.47,10.5032,0.0,1375.78,188.32,1.0,True,25;36
DE,Long,75,2022-01-04T21:00:00Z,333.581995,2022-01-05T21:00:00Z,352.074031,1386.9,10.5037,0.0,1386.9,0.0,1.0,True,10;37
COP,Long,405,2022-01-04T21:00:00Z,62.212399,2022-01-05T21:00:00Z,65.004248,1130.7,10.3025,0.0,1130.7,0.0,1.0,True,28;38
LLY,Short,95,2022-01-04T21:00:00Z,257.898289,2022-01-05T21:00:00Z,257.092956,76.51,9.6052,0.0,771.44,694.94,1.0,True,17;39
LMT,Long,79,2022-01-04T21:00:00Z,314.0778,2022-01-05T21:00:00Z,320.181536,482.2,10.0366,0.0,482.2,0.0,1.0,True,29;40
LRCX,Long,360,2022-01-04T21:00:00Z,69.234731,2022-01-05T21:00:00Z,67.906684,-478.1,9.6292,-1197.64,0.0,1197.64,1.0,False,27;41
MDT,Long,274,2022-01-04T21:00:00Z,90.993987,2022-01-05T21:00:00Z,91.894578,246.76,9.9833,-18.8,246.76,18.8,1.0,True,9;42
ADI,Long,152,2022-01-04T21:00:00Z,164.068042,2022-01-05T21:00:00Z,161.851904,-336.85,9.7797,-679.32,0.0,679.32,1.0,False,31;43
ORCL,Short,304,2022-01-04T21:00:00Z,81.999185,2022-01-05T21:00:00Z,82.549578,-167.32,9.945,-167.32,408.37,575.69,1.0,False,4;44
PLD,Short,174,2022-01-04T21:00:00Z,142.25058,2022-01-05T21:00:00Z,139.105245,547.29,9.6085,0.0,983.01,435.72,1.0,True,21;45
BX,Long,232,2022-01-04T21:00:00Z,107.995718,2022-01-05T21:00:00Z,105.490684,-581.17,9.5315,-1928.06,0.0,1928.06,1.0,False,32;46
TMO,Short,39,2022-01-04T21:00:00Z,625.830728,2022-01-05T21:00:00Z,609.479325,637.7,9.5119,0.0,637.7,0.0,1.0,True,3;47
WFC,Long,553,2022-01-04T21:00:00Z,45.85052,2022-01-05T21:00:00Z,47.032555,653.67,10.325,0.0,653.67,0.0,1.0,True,5;48
SPY,Short,166,2022-01-04T21:00:00Z,449.827349,2022-01-05T21:00:00Z,447.940789,313.17,59.776,0.0,1695.16,1381.99,1.0,True,14;56
ADBE,Long,45,2022-01-05T21:00:00Z,533.99,2022-01-06T21:00:00Z,510.0,-1079.55,9.2569,-1079.55,0.0,1079.55,1.0,False,50;57
ADP,Long,114,2022-01-04T21:00:00Z,217.371501,2022-01-06T21:00:00Z,216.727914,-73.37,9.9158,-182.4,0.0,182.4,2.0,False,26;58
AMAT,Long,162,2022-01-04T21:00:00Z,153.658735,2022-01-06T21:00:00Z,147.306341,-1029.09,9.7989,-1029.09,0.0,1029.09,2.0,False,8;59
CVX,Short,252,2022-01-04T21:00:00Z,99.296757,2022-01-06T21:00:00Z,102.425909,-788.55,10.209,-788.55,0.0,788.55,2.0,False,18;60
INTC,Short,505,2022-01-04T21:00:00Z,49.619452,2022-01-06T21:00:00Z,50.584017,-487.11,10.0372,-487.11,0.0,487.11,2.0,False,19;61
MRNA,Long,106,2022-01-04T21:00:00Z,232.2,2022-01-06T21:00:00Z,215.33,-1788.22,9.5213,-1798.82,0.0,1798.82,2.0,False,30;62
PFE,Long,592,2022-01-05T21:00:00Z,43.250063,2022-01-06T21:00:00Z,42.708082,-320.85,10.1279,-462.94,0.0,462.94,1.0,False,49;63
PM,Long,316,2022-01-04T21:00:00Z,78.771543,2022-01-06T21:00:00Z,79.758552,311.89,10.0716,0.0,426.26,114.36,2.0,True,6;64
TGT,Long,125,2022-01-04T21:00:00Z,199.085793,2022-01-06T21:00:00Z,191.263185,-977.83,9.9931,-977.83,0.0,977.83,2.0,False,24;65
TMUS,Long,230,2022-01-04T21:00:00Z,108.390307,2022-01-06T21:00:00Z,109.57175,271.73,9.9836,0.0,271.73,0.0,2.0,True,7;66
CSCO,Short,463,2022-01-05T21:00:00Z,53.70569,2022-01-06T21:00:00Z,52.781096,428.09,14.9145,0.0,428.09,0.0,1.0,True,53;70
SNOW,Long,84,2022-01-06T21:00:00Z,290.16,2022-01-07T21:00:00Z,296.98,572.88,10.0257,0.0,799.68,226.8,1.0,True,77;78
FB,Long,77,2022-01-06T21:00:00Z,319.816902,2022-01-07T21:00:00Z,329.583362,752.02,10.1324,0.0,752.02,0.0,1.0,True,68;79
MCD,Short,104,2022-01-06T21:00:00Z,239.962788,2022-01-07T21:00:00Z,240.356581,-40.95,9.9919,-40.95,98.66,139.62,1.0,False,74;80
MMM,Long,234,2022-01-06T21:00:00Z,106.997688,2022-01-07T21:00:00Z,105.370954,-380.66,9.9078,-380.66,0.0,380.66,1.0,False,76;81
NFLX,Long,423,2022-01-05T21:00:00Z,59.2,2022-01-07T21:00:00Z,54.928,-1807.06,9.3786,-2154.76,0.0,2154.76,2.0,False,52;82
VZ,Short,625,2022-01-06T21:00:00Z,40.24333,2022-01-07T21:00:00Z,39.765045,298.93,10.0197,-158.38,364.26,522.63,1.0,True,71;83
ABNB,Long,144,2022-01-04T21:00:00Z,173.72,2022-01-07T21:00:00Z,159.15,-2098.08,9.7013,-2098.08,0.0,2098.08,3.0,False,11;84
SPY,Short,182,2022-01-04T21:00:00Z,449.827349,2022-01-07T21:00:00Z,439.258856,1923.47,15.9238,0.0,2249.74,1515.2,3.0,True,14;90
COP,Long,381,2022-01-07T21:00:00Z,65.804301,2022-01-11T21:00:00Z,68.154454,895.41,10.4293,0.0,1470.12,574.71,4.0,True,89;91
HON,Long,134,2022-01-04T21:00:00Z,184.882823,2022-01-11T21:00:00Z,192.779513,1058.16,10.2056,0.0,1181.73,274.74,7.0,True,20;92
KO,Long,471,2022-01-06T21:00:00Z,52.668995,2022-01-11T21:00:00Z,52.608056,-28.7,9.9163,-69.71,0.0,69.71,5.0,False,69;93
PYPL,Short,131,2022-01-07T21:00:00Z,187.924288,2022-01-11T21:00:00Z,180.942152,914.66,9.8234,-194.33,915.96,1110.29,4.0,True,86;94
SYK,Long,94,2022-01-05T21:00:00Z,263.937355,2022-01-11T21:00:00Z,252.516989,-1073.51,9.6934,-1172.17,0.0,1172.17,6.0,False,55;95
TSLA,Short,62,2022-01-04T21:00:00Z,396.266627,2022-01-11T21:00:00Z,351.299965,2787.93,9.1512,0.0,3344.69,773.76,7.0,True,15;96
ZTS,Long,121,2022-01-07T21:00:00Z,205.511265,2022-01-11T21:00:00Z,200.513801,-604.69,9.7104,-604.69,0.0,604.69,4.0,False,88;97
SPY,Short,54,2022-01-04T21:00:00Z,449.827349,2022-01-11T21:00:00Z,436.668355,710.59,4.7617,0.0,710.59,449.56,7.0,True,14;110
DHR,Short,106,2022-01-06T21:00:00Z,232.707522,2022-01-12T21:00:00Z,235.264579,-271.05,9.9352,-271.05,605.58,876.63,6.0,False,72;113
SPY,Short,102,2022-01-04T21:00:00Z,449.827349,2022-01-12T21:00:00Z,442.6847,728.55,18.8332,0.0,1342.22,849.18,8.0,True,14;132
SPY,Short,111,2022-01-04T21:00:00Z,449.827349,2022-01-12T21:00:00Z,442.6847,792.83,19.2736,0.0,1460.65,924.1,8.0,True,33;132
CSCO,Long,469,2022-01-06T21:00:00Z,52.781096,2022-01-12T21:00:00Z,54.947287,1015.94,5.1309,0.0,1015.94,103.25,6.0,True,70;133
CVS,Long,277,2022-01-11T21:00:00Z,90.381558,2022-01-12T21:00:00Z,89.870301,-141.62,9.9992,-141.62,0.0,141.62,1.0,False,106;134
MDLZ,Long,418,2022-01-11T21:00:00Z,59.490462,2022-01-12T21:00:00Z,59.54361,22.22,9.9698,0.0,77.76,55.54,1.0,True,109;135
MU,Long,266,2022-01-04T21:00:00Z,93.452967,2022-01-12T21:00:00Z,92.993523,-122.21,9.9564,-444.64,13.0,457.65,8.0,False,12;136
NKE,Long,164,2022-01-05T21:00:00Z,152.185695,2022-01-12T21:00:00Z,139.123448,-2142.21,9.4281,-2427.04,0.0,2427.04,7.0,False,51;137
SHOP,Long,219,2022-01-11T21:00:00Z,109.7,2022-01-12T21:00:00Z,117.98,1813.32,10.1882,0.0,1813.32,0.0,1.0,True,105;138
TMUS,Long,248,2022-01-11T21:00:00Z,101.623001,2022-01-12T21:00:00Z,104.997202,836.8,10.3988,0.0,836.8,0.0,1.0,True,107;139
CRM,Short,108,2022-01-12T21:00:00Z,232.560374,2022-01-13T21:00:00Z,233.051007,-52.99,9.8868,-52.99,887.03,940.01,1.0,False,120;149
LOW,Long,109,2022-01-12T21:00:00Z,228.830372,2022-01-13T21:00:00Z,230.552134,187.67,9.9607,-41.7,187.67,41.7,1.0,True,123;150
LRCX,Long,389,2022-01-12T21:00:00Z,64.695171,2022-01-13T21:00:00Z,67.164539,960.58,10.1772,0.0,960.58,0.0,1.0,True,147;151
MCD,Short,105,2022-01-11T21:00:00Z,235.819018,2022-01-13T21:00:00Z,233.957454,195.46,9.8396,0.0,241.51,46.05,2.0,True,100;152
MS,Short,278,2022-01-11T21:00:00Z,89.442254,2022-01-13T21:00:00Z,88.815403,174.26,9.9546,0.0,377.18,202.91,2.0,True,103;153
MRNA,Long,112,2022-01-12T21:00:00Z,220.01,2022-01-13T21:00:00Z,219.56,-50.4,9.7005,-1102.08,0.0,1102.08,1.0,False,127;154
GM,Short,424,2022-01-12T21:00:00Z,59.694682,2022-01-13T21:00:00Z,58.899137,337.31,9.9812,0.0,337.31,0.0,1.0,True,129;155
SPGI,Long,59,2022-01-04T21:00:00Z,422.31726,2022-01-13T21:00:00Z,406.705816,-921.08,9.6029,-1587.64,0.0,1587.64,9.0,False,23;156
UPS,Short,148,2022-01-11T21:00:00Z,167.78883,2022-01-13T21:00:00Z,167.836429,-7.04,9.9045,-7.04,120.93,127.98,2.0,False,102;157
USB,Short,492,2022-01-12T21:00:00Z,50.919773,2022-01-13T21:00:00Z,51.271,-172.8,10.1014,-341.59,0.0,341.59,1.0,False,130;158
ABNB,Long,154,2022-01-11T21:00:00Z,160.71,2022-01-13T21:00:00Z,170.0,1430.66,10.306,0.0,1430.66,545.16,2.0,True,108;159
AVGO,Long,434,2022-01-11T21:00:00Z,56.706222,2022-01-14T21:00:00Z,54.802933,-826.03,9.743,-826.03,258.28,1084.31,3.0,False,98;166
COST,Short,50,2022-01-13T21:00:00Z,500.838896,2022-01-14T21:00:00Z,485.518716,766.01,9.6807,0.0,1169.9,403.89,1.0,True,162;167
EL,Long,79,2022-01-12T21:00:00Z,319.033964,2022-01-14T21:00:00Z,306.438443,-995.05,9.7834,-1606.14,0.0,1606.14,2.0,False,142;168
KO,Long,474,2022-01-12T21:00:00Z,52.695112,2022-01-14T21:00:00Z,53.052042,169.18,10.0628,0.0,354.88,185.69,2.0,True,118;169
LLY,Long,100,2022-01-07T21:00:00Z,249.020452,2022-01-14T21:00:00Z,239.826234,-919.42,9.6567,-1497.54,247.35,1744.89,7.0,False,85;170
MO,Short,727,2022-01-12T21:00:00Z,34.226633,2022-01-14T21:00:00Z,34.962391,-534.9,10.1227,-761.97,0.0,761.97,2.0,False,128;171
PM,Short,300,2022-01-12T21:00:00Z,83.040357,2022-01-14T21:00:00Z,83.978016,-281.3,10.108,-597.14,0.0,597.14,2.0,False,124;172
T,Short,1596,2022-01-11T21:00:00Z,15.691864,2022-01-14T21:00:00Z,15.6742,28.19,10.059,-498.07,178.55,676.62,3.0,True,101;173
TMO,Long,40,2022-01-13T21:00:00Z,616.096811,2022-01-14T21:00:00Z,589.68604,-1056.43,9.4336,-1179.9,0.0,1179.9,1.0,False,161;174
ADBE,Long,47,2022-01-12T21:00:00Z,533.2,2022-01-18T21:00:00Z,510.01,-1089.93,9.8297,-1089.93,0.0,1089.93,6.0,False,119;189
AMGN,Short,125,2022-01-14T21:00:00Z,199.108447,2022-01-18T21:00:00Z,201.551019,-305.32,10.1239,-338.77,0.0,338.77,4.0,False,185;190
SNOW,Short,85,2022-01-14T21:00:00Z,288.0,2022-01-18T21:00:00Z,289.32,-112.2,9.8136,-112.2,27.2,139.4,4.0,False,188;191
CRM,Short,111,2022-01-14T21:00:00Z,223.758405,2022-01-18T21:00:00Z,224.170538,-45.75,9.9617,-45.75,214.57,260.32,4.0,False,181;192
COP,Long,358,2022-01-12T21:00:00Z,70.004575,2022-01-18T21:00:00Z,73.588143,1282.92,10.258,-113.37,1282.92,113.37,6.0,True,126;193
INTC,Short,481,2022-01-12T21:00:00Z,52.058689,2022-01-18T21:00:00Z,51.20542,410.42,9.8591,0.0,611.17,339.04,6.0,True,121;194
TXN,Long,154,2022-01-12T21:00:00Z,162.271812,2022-01-18T21:00:00Z,160.368074,-293.18,9.9064,-476.07,160.04,636.11,6.0,False,140;195
ABNB,Long,150,2022-01-14T21:00:00Z,165.75,2022-01-18T21:00:00Z,156.92,-1324.5,9.5604,-1659.0,0.0,1659.0,4.0,False,187;196
WMT,Short,547,2022-01-14T21:00:00Z,45.342509,2022-01-18T21:00:00Z,45.402244,-32.68,14.8023,-32.68,292.36,325.03,4.0,False,176;197
HD,Long,73,2022-01-12T21:00:00Z,343.48941,2022-01-18T21:00:00Z,323.859675,-1432.97,14.6966,-1432.97,0.0,1432.97,6.0,False,117;198
SPY,Short,85,2022-01-04T21:00:00Z,449.827349,2022-01-18T21:00:00Z,431.599984,1549.33,7.2837,0.0,1816.59,707.65,14.0,True,33;214
CAT,Long,123,2022-01-12T21:00:00Z,204.941817,2022-01-19T21:00:00Z,212.889795,977.6,10.1035,0.0,977.6,809.67,7.0,True,145;215
CVX,Long,238,2022-01-14T21:00:00Z,105.033535,2022-01-19T21:00:00Z,107.550102,598.94,10.1619,0.0,598.94,100.48,5.0,True,178;216
EL,Long,83,2022-01-18T21:00:00Z,291.885886,2022-01-19T21:00:00Z,292.062112,14.63,9.5531,-398.77,14.63,398.77,1.0,True,207;217
INTU,Short,46,2022-01-14T21:00:00Z,532.858295,2022-01-19T21:00:00Z,523.947201,409.91,9.7466,0.0,600.64,334.77,5.0,True,184;218
JPM,Short,166,2022-01-14T21:00:00Z,143.092584,2022-01-19T21:00:00Z,134.965876,1349.03,9.0969,0.0,1675.17,326.14,5.0,True,175;219
ADI,Short,155,2022-01-12T21:00:00Z,160.817707,2022-01-19T21:00:00Z,154.298569,1010.47,9.6412,0.0,1588.69,578.23,7.0,True,148;220
NVDA,Short,898,2022-01-13T21:00:00Z,28.294852,2022-01-19T21:00:00Z,25.938027,2116.43,9.235,0.0,2995.37,878.94,6.0,True,160;221
ORCL,Long,304,2022-01-18T21:00:00Z,81.339378,2022-01-19T21:00:00Z,80.30941,-313.11,9.6182,-993.41,0.0,993.41,1.0,False,200;222
PLD,Long,188,2022-01-14T21:00:00Z,132.355339,2022-01-19T21:00:00Z,134.95479,488.7,9.9766,0.0,488.7,0.0,5.0,True,186;223
SYK,Short,98,2022-01-18T21:00:00Z,251.2576,2022-01-19T21:00:00Z,248.776986,243.1,9.7012,0.0,472.18,229.08,1.0,True,210;224
TFC,Short,382,2022-01-18T21:00:00Z,65.235856,2022-01-19T21:00:00Z,65.662678,-163.05,9.7642,-163.05,989.39,1152.44,1.0,False,213;225
TGT,Long,127,2022-01-12T21:00:00Z,195.943011,2022-01-19T21:00:00Z,190.413088,-702.3,9.7803,-890.96,0.0,890.96,7.0,False,146;226
USB,Short,484,2022-01-18T21:00:00Z,51.703908,2022-01-19T21:00:00Z,47.856746,1862.03,9.4532,0.0,2344.34,482.31,1.0,True,212;227
VZ,Short,618,2022-01-11T21:00:00Z,40.257815,2022-01-19T21:00:00Z,39.921836,207.64,9.8825,0.0,295.3,101.51,8.0,True,99;228
GS,Short,73,2022-01-18T21:00:00Z,320.598972,2022-01-19T21:00:00Z,319.120655,107.92,14.0109,0.0,824.33,716.41,1.0,True,206;236
ABBV,Long,220,2022-01-14T21:00:00Z,113.503893,2022-01-20T21:00:00Z,114.482742,215.35,10.0677,-73.03,644.17,717.2,6.0,True,180;244
ACN,Short,77,2022-01-18T21:00:00Z,317.422408,2022-01-20T21:00:00Z,314.54511,221.55,9.689,0.0,415.06,193.51,2.0,True,201;245
AMD,Long,188,2022-01-14T21:00:00Z,131.75,2022-01-20T21:00:00Z,126.01,-1079.12,9.7298,-1853.68,33.84,1887.52,6.0,False,183;246
AMT,Long,110,2022-01-12T21:00:00Z,225.62714,2022-01-20T21:00:00Z,216.953848,-954.06,9.652,-1331.29,0.0,1331.29,8.0,False,144;247
ANTM,Long,57,2022-01-06T21:00:00Z,419.002759,2022-01-20T21:00:00Z,421.342927,133.39,9.5587,-580.7,423.2,580.7,14.0,True,75;248
SNOW,Short,87,2022-01-19T21:00:00Z,289.02,2022-01-20T21:00:00Z,290.71,-147.03,9.7758,-147.03,848.25,995.28,1.0,False,243;249
AVGO,Long,455,2022-01-18T21:00:00Z,54.198598,2022-01-20T21:00:00Z,52.326631,-851.74,9.4355,-1701.81,0.0,1701.81,2.0,False,199;250
BKNG,Short,261,2022-01-18T21:00:00Z,94.719945,2022-01-20T21:00:00Z,94.509338,54.97,9.8267,-96.88,479.83,576.71,2.0,True,211;251
CRM,Short,113,2022-01-19T21:00:00Z,223.778031,2022-01-20T21:00:00Z,224.906488,-127.52,9.962,-127.52,566.61,694.13,1.0,False,232;252
HD,Short,76,2022-01-18T21:00:00Z,323.859675,2022-01-20T21:00:00Z,319.896574,301.2,4.7005,0.0,1110.66,809.46,2.0,True,198;253
ISRG,Long,81,2022-01-18T21:00:00Z,300.72,2022-01-20T21:00:00Z,296.0,-382.32,9.5292,-647.19,0.0,647.19,2.0,False,208;254
PNC,Short,136,2022-01-19T21:00:00Z,185.950206,2022-01-20T21:00:00Z,176.610242,1270.24,9.5942,0.0,1397.26,127.02,1.0,True,241;255
MDLZ,Short,420,2022-01-19T21:00:00Z,59.844783,2022-01-20T21:00:00Z,59.862499,-7.44,10.0718,-74.41,0.0,74.41,1.0,False,239;256
MU,Long,276,2022-01-19T21:00:00Z,91.693393,2022-01-20T21:00:00Z,88.213345,-960.49,9.4468,-2355.37,0.0,2355.37,1.0,False,238;257
NOW,Long,235,2022-01-18T21:00:00Z,104.94,2022-01-20T21:00:00Z,106.442,352.97,9.751,-455.9,352.97,455.9,2.0,True,209;258
GM,Short,445,2022-01-19T21:00:00Z,56.847971,2022-01-20T21:00:00Z,53.579524,1454.46,9.4595,0.0,1987.62,533.16,1.0,True,242;259
SHOP,Short,238,2022-01-19T21:00:00Z,106.821,2022-01-20T21:00:00Z,104.607,526.93,9.7813,0.0,1053.39,526.46,1.0,True,235;260
TXN,Long,157,2022-01-19T21:00:00Z,159.94017,2022-01-20T21:00:00Z,156.123961,-599.14,9.6453,-1329.91,0.0,1329.91,1.0,False,233;261
WMT,Long,548,2022-01-18T21:00:00Z,45.402244,2022-01-20T21:00:00Z,44.679128,-396.27,4.8662,-549.61,0.0,549.61,2.0,False,197;262
SPY,Short,19,2022-01-04T21:00:00Z,449.827349,2022-01-20T21:00:00Z,425.883987,454.92,4.3609,0.0,579.76,158.18,16.0,True,33;267
SPY,Short,33,2022-01-13T21:00:00Z,443.200923,2022-01-20T21:00:00Z,425.883987,571.46,32.1769,-218.67,788.27,216.81,7.0,True,165;267
AMGN,Short,126,2022-01-20T21:00:00Z,201.73227,2022-01-21T21:00:00Z,199.315591,304.5,9.9315,0.0,653.59,349.09,1.0,True,265;268
COST,Short,52,2022-01-18T21:00:00Z,469.856822,2022-01-21T21:00:00Z,457.830385,625.37,9.5724,0.0,660.91,35.54,3.0,True,202;269
COP,Long,344,2022-01-19T21:00:00Z,73.246454,2022-01-21T21:00:00Z,70.929636,-796.99,9.7473,-1482.16,0.0,1482.16,2.0,False,237;270
GILD,Short,408,2022-01-12T21:00:00Z,60.833149,2022-01-21T21:00:00Z,57.586911,1324.47,9.71,0.0,1431.39,241.44,9.0,True,131;271
IBM,Long,224,2022-01-12T21:00:00Z,111.515592,2022-01-21T21:00:00Z,110.176569,-299.94,9.8583,-731.11,283.07,1014.18,9.0,False,125;272
LMT,Long,75,2022-01-20T21:00:00Z,332.538956,2022-01-21T21:00:00Z,329.884007,-199.12,9.8761,-370.46,0.0,370.46,1.0,False,266;273
LOW,Long,112,2022-01-18T21:00:00Z,218.626241,2022-01-21T21:00:00Z,203.719075,-1669.6,9.4831,-1669.6,0.0,1669.6,3.0,False,204;274
MO,Short,716,2022-01-19T21:00:00Z,35.004038,2022-01-21T21:00:00Z,35.08039,-54.67,9.9804,-54.67,54.67,109.34,2.0,False,240;275
MS,Long,306,2022-01-20T21:00:00Z,83.053522,2022-01-21T21:00:00Z,84.315812,386.26,10.4422,0.0,567.57,181.31,1.0,True,264;276
NEE,Long,342,2022-01-18T21:00:00Z,72.010555,2022-01-21T21:00:00Z,73.573711,534.6,9.842,0.0,534.6,273.31,3.0,True,205;277
UNP,Short,117,2022-01-19T21:00:00Z,215.444304,2022-01-21T21:00:00Z,219.546723,-479.98,10.205,-664.83,0.0,664.83,2.0,False,234;278
WFC,Short,536,2022-01-06T21:00:00Z,47.325842,2022-01-21T21:00:00Z,48.383452,-566.88,10.2262,-2281.81,0.0,2281.81,15.0,False,73;279
SPY,Short,55,2022-01-13T21:00:00Z,443.200923,2022-01-21T21:00:00Z,418.093713,1380.9,4.5219,-364.45,1766.52,385.62,8.0,True,165;290
AMD,Short,206,2022-01-21T21:00:00Z,120.01,2022-01-25T21:00:00Z,114.03,1231.88,9.4735,0.0,1829.28,597.4,4.0,True,284;291
SNOW,Short,90,2022-01-21T21:00:00Z,278.74,2022-01-25T21:00:00Z,275.27,312.3,9.5578,0.0,1377.9,1065.6,4.0,True,289;292
CAT,Long,125,2022-01-21T21:00:00Z,201.662134,2022-01-25T21:00:00Z,197.109879,-569.03,9.9297,-569.03,0.0,569.03,4.0,False,286;293
CSCO,Long,462,2022-01-14T21:00:00Z,54.04911,2022-01-25T21:00:00Z,49.40853,-2143.95,9.5579,-2143.95,0.0,2143.95,11.0,False,177;294
INTC,Short,521,2022-01-21T21:00:00Z,48.376647,2022-01-25T21:00:00Z,47.272962,575.02,9.958,0.0,575.02,0.0,4.0,True,280;295
LIN,Long,79,2022-01-11T21:00:00Z,313.367256,2022-01-25T21:00:00Z,291.031435,-1764.53,9.6304,-1764.53,525.95,2290.48,14.0,False,104;296
MA,Short,69,2022-01-04T21:00:00Z,362.480439,2022-01-25T21:00:00Z,331.897363,2110.23,9.6008,-106.14,2224.58,553.59,21.0,True,16;297
MRK,Short,364,2022-01-07T21:00:00Z,68.31805,2022-01-25T21:00:00Z,67.936869,138.75,10.0745,-1103.69,138.75,1103.69,18.0,True,87;298
MU,Short,302,2022-01-21T21:00:00Z,82.328545,2022-01-25T21:00:00Z,79.14176,962.41,9.6034,0.0,1033.26,70.85,4.0,True,288;299
PEP,Long,167,2022-01-14T21:00:00Z,149.447038,2022-01-25T21:00:00Z,147.315382,-355.99,9.9213,-461.78,91.5,553.28,11.0,False,179;300
PM,Long,300,2022-01-21T21:00:00Z,84.594896,2022-01-25T21:00:00Z,81.987548,-782.2,10.1198,-782.2,0.0,782.2,4.0,False,283;301
SCHW,Long,283,2022-01-12T21:00:00Z,88.44502,2022-01-25T21:00:00Z,81.808129,-1878.24,9.7281,-1878.24,313.04,2191.28,13.0,False,141;302
TMO,Long,43,2022-01-20T21:00:00Z,586.85561,2022-01-25T21:00:00Z,560.750565,-1122.52,9.8038,-1158.14,0.0,1158.14,5.0,False,263;303
UPS,Long,157,2022-01-21T21:00:00Z,160.474347,2022-01-25T21:00:00Z,158.705226,-277.75,10.0594,-277.75,230.42,508.17,4.0,False,281;304
V,Short,120,2022-01-19T21:00:00Z,205.44276,2022-01-25T21:00:00Z,192.537482,1548.63,9.6455,-156.25,1548.63,156.25,6.0,True,229;305
SPY,Short,132,2022-01-13T21:00:00Z,443.200923,2022-01-25T21:00:00Z,406.586632,4833.09,10.7656,-874.69,4833.09,925.48,12.0,True,165;314
BMY,Short,483,2022-01-25T21:00:00Z,51.933778,2022-01-26T21:00:00Z,51.867025,32.24,10.0513,0.0,32.24,0.0,1.0,True,310;316
C,Short,460,2022-01-21T21:00:00Z,54.428718,2022-01-26T21:00:00Z,54.942477,-236.33,10.0024,-255.86,544.92,800.78,5.0,False,285;317
JNJ,Short,175,2022-01-25T21:00:00Z,143.038965,2022-01-26T21:00:00Z,147.602539,-798.63,10.3609,-928.13,0.0,928.13,1.0,False,307;321
PLD,Long,188,2022-01-21T21:00:00Z,136.167866,2022-01-26T21:00:00Z,133.577081,-487.07,10.0046,-886.17,0.0,886.17,5.0,False,287;324
TMUS,Short,250,2022-01-25T21:00:00Z,99.893369,2022-01-26T21:00:00Z,99.449146,111.06,9.9189,0.0,347.34,236.29,1.0,True,311;326
SPY,Short,149,2022-01-13T21:00:00Z,443.200923,2022-01-26T21:00:00Z,414.498923,4276.6,32.0531,-987.34,5455.53,1178.93,13.0,True,165;343
ADBE,Long,48,2022-01-19T21:00:00Z,516.37,2022-01-26T21:00:00Z,514.29,-99.84,9.7669,-790.08,157.92,904.8,7.0,False,230;344
AMZN,Long,146,2022-01-04T21:00:00Z,170.038152,2022-01-26T21:00:00Z,144.444836,-3736.62,8.9257,-4597.75,0.0,4597.75,22.0,False,2;345
CVX,Long,239,2022-01-25T21:00:00Z,105.232211,2022-01-26T21:00:00Z,110.099781,1163.35,10.497,0.0,1163.35,0.0,1.0,True,308;346
DE,Long,70,2022-01-13T21:00:00Z,356.727655,2022-01-26T21:00:00Z,347.966783,-613.26,9.926,-966.05,344.88,1310.93,13.0,False,164;347
IBM,Long,234,2022-01-25T21:00:00Z,107.95881,2022-01-26T21:00:00Z,114.210378,1462.87,10.589,0.0,1462.87,0.0,1.0,True,312;348
LLY,Long,105,2022-01-19T21:00:00Z,236.163887,2022-01-26T21:00:00Z,229.740398,-674.47,9.7226,-852.65,0.0,852.65,7.0,False,231;349
MCD,Short,107,2022-01-14T21:00:00Z,233.715808,2022-01-26T21:00:00Z,226.430648,779.51,9.7211,0.0,1081.17,301.65,12.0,True,182;350
MS,Long,299,2022-01-25T21:00:00Z,82.933304,2022-01-26T21:00:00Z,85.998865,916.6,10.228,0.0,916.6,0.0,1.0,True,309;351
QCOM,Short,148,2022-01-05T21:00:00Z,167.918744,2022-01-26T21:00:00Z,151.29794,2459.88,9.4211,-291.83,2874.3,1200.62,21.0,True,54;352
SBUX,Long,269,2022-01-12T21:00:00Z,93.2041,2022-01-26T21:00:00Z,87.218271,-1610.19,9.5723,-2135.72,0.0,2135.72,14.0,False,143;353
T,Short,1563,2022-01-18T21:00:00Z,16.015711,2022-01-26T21:00:00Z,15.762522,395.74,9.4921,-101.23,2714.93,2319.19,8.0,True,203;354
TXN,Long,166,2022-01-21T21:00:00Z,152.194228,2022-01-26T21:00:00Z,159.197887,1162.61,10.2625,-46.39,1162.61,634.94,5.0,True,282;355
ZTS,Short,133,2022-01-25T21:00:00Z,187.307717,2022-01-26T21:00:00Z,184.994574,307.65,9.7073,0.0,993.55,685.9,1.0,True,313;356
SHOP,Long,283,2022-01-26T21:00:00Z,93.701,2022-01-26T21:00:00Z,93.701,0.0,14.7543,0.0,0.0,0.0,0.0,False,335;365
SPY,Long,35,2022-01-26T21:00:00Z,414.498923,2022-01-26T21:00:00Z,414.498923,0.0,2.8474,0.0,0.0,0.0,0.0,False,343;371
ACN,Long,82,2022-01-26T21:00:00Z,310.875645,2022-01-27T21:00:00Z,307.333655,-290.44,9.9042,-601.79,0.0,601.79,1.0,False,359;372
AMT,Long,116,2022-01-26T21:00:00Z,217.596314,2022-01-27T21:00:00Z,209.713082,-914.45,9.6487,-1430.09,0.0,1430.09,1.0,False,364;373
AXP,Short,154,2022-01-26T21:00:00Z,167.974866,2022-01-27T21:00:00Z,167.737546,36.55,10.1519,0.0,738.25,701.71,1.0,True,363;374
CAT,Long,127,2022-01-26T21:00:00Z,199.335014,2022-01-27T21:00:00Z,199.529713,24.73,10.0429,-333.22,24.73,333.22,1.0,True,336;375
CVS,Short,286,2022-01-26T21:00:00Z,88.748733,2022-01-27T21:00:00Z,90.076537,-379.75,10.3709,-781.55,0.0,781.55,1.0,False,332;376
DHR,Short,106,2022-01-13T21:00:00Z,234.05132,2022-01-27T21:00:00Z,208.595936,2698.27,9.1513,0.0,3095.48,397.21,14.0,True,163;377
GS,Long,79,2022-01-19T21:00:00Z,319.120655,2022-01-27T21:00:00Z,307.837352,-891.38,4.7985,-1217.82,0.0,1217.82,8.0,False,236;378
LMT,Short,74,2022-01-26T21:00:00Z,342.232606,2022-01-27T21:00:00Z,343.458646,-90.73,10.1844,-90.73,0.0,90.73,1.0,False,367;379
MO,Short,728,2022-01-26T21:00:00Z,34.743746,2022-01-27T21:00:00Z,34.636159,78.32,10.0871,-144.01,78.32,144.01,1.0,True,370;380
MSFT,Long,81,2022-01-06T21:00:00Z,300.588462,2022-01-27T21:00:00Z,290.906327,-784.25,9.5593,-1880.03,439.24,2319.27,21.0,False,67;381
MU,Short,320,2022-01-26T21:00:00Z,81.38033,2022-01-27T21:00:00Z,81.624715,-78.2,10.0532,-78.2,1417.04,1495.25,1.0,False,342;382
NFLX,Long,690,2022-01-26T21:00:00Z,37.873,2022-01-27T21:00:00Z,38.291,288.42,10.3003,0.0,549.93,261.51,1.0,True,331;383
NKE,Long,190,2022-01-26T21:00:00Z,135.083201,2022-01-27T21:00:00Z,132.532909,-484.56,10.0256,-545.34,0.0,545.34,1.0,False,330;384
PYPL,Short,131,2022-01-12T21:00:00Z,187.805612,2022-01-27T21:00:00Z,157.187067,4011.03,8.9473,0.0,4264.96,253.93,15.0,True,122;385
SHOP,Short,283,2022-01-26T21:00:00Z,93.701,2022-01-27T21:00:00Z,90.665,859.19,4.6172,0.0,3431.38,2572.19,1.0,True,365;386
SPGI,Long,69,2022-01-26T21:00:00Z,366.119694,2022-01-27T21:00:00Z,366.646433,36.34,9.9337,-505.07,36.34,505.07,1.0,True,368;387
UNH,Short,60,2022-01-26T21:00:00Z,419.388515,2022-01-27T21:00:00Z,419.865134,-28.6,10.1193,-222.18,0.0,222.18,1.0,False,329;388
COP,Short,348,2022-01-26T21:00:00Z,74.021504,2022-01-27T21:00:00Z,74.129845,-37.7,15.466,-243.62,0.0,243.62,1.0,False,337;400
NOW,Short,255,2022-01-26T21:00:00Z,102.856,2022-01-27T21:00:00Z,110.234,-1881.39,15.8532,-1881.39,0.0,1881.39,1.0,False,339;403
SPY,Long,210,2022-01-26T21:00:00Z,414.498923,2022-01-27T21:00:00Z,411.223254,-687.89,28.4139,-2045.93,0.0,2045.93,1.0,False,343;405
AVGO,Long,494,2022-01-27T21:00:00Z,52.51088,2022-01-28T21:00:00Z,50.056687,-1212.37,10.034,-1212.37,0.0,1212.37,1.0,False,391;406
BMY,Short,488,2022-01-27T21:00:00Z,52.159069,2022-01-28T21:00:00Z,53.135331,-476.42,10.4868,-977.26,0.0,977.26,1.0,False,397;407
COP,Long,349,2022-01-27T21:00:00Z,74.129845,2022-01-28T21:00:00Z,73.338126,-276.31,5.19,-276.31,78.53,354.84,1.0,False,400;408
EL,Short,92,2022-01-26T21:00:00Z,276.795377,2022-01-28T21:00:00Z,273.521283,301.22,10.1775,-457.37,301.22,477.85,2.0,True,366;409
GOOGL,Long,173,2022-01-04T21:00:00Z,143.981912,2022-01-28T21:00:00Z,128.436834,-2689.3,9.5196,-3156.11,0.0,3156.11,24.0,False,1;410
JNJ,Short,170,2022-01-27T21:00:00Z,149.232387,2022-01-28T21:00:00Z,150.527455,-220.16,10.2556,-359.45,0.0,359.45,1.0,False,389;411
NOW,Long,261,2022-01-27T21:00:00Z,110.234,2022-01-28T21:00:00Z,105.738,-1173.46,5.8577,-1173.46,517.3,1690.76,1.0,False,403;412
RTX,Short,310,2022-01-26T21:00:00Z,81.192782,2022-01-28T21:00:00Z,80.37968,252.06,10.0438,-128.83,252.06,294.07,2.0,True,333;413
TXN,Long,162,2022-01-27T21:00:00Z,157.704588,2022-01-28T21:00:00Z,152.771333,-799.19,9.9956,-817.7,0.0,817.7,1.0,False,395;414
ABNB,Short,175,2022-01-26T21:00:00Z,149.11,2022-01-28T21:00:00Z,138.07,1932.0,9.9718,0.0,1932.0,763.0,2.0,True,341;415
TGT,Short,137,2022-01-26T21:00:00Z,185.063489,2022-01-28T21:00:00Z,184.007309,144.7,15.2607,-252.93,394.09,647.02,2.0,True,338;425
PNC,Long,144,2022-01-27T21:00:00Z,177.17913,2022-01-28T21:00:00Z,173.30729,-557.54,15.1955,-557.54,0.0,557.54,1.0,False,404;428
SPY,Short,141,2022-01-27T21:00:00Z,411.223254,2022-01-28T21:00:00Z,406.126725,718.61,17.8368,-505.54,718.61,505.54,1.0,True,405;429
AMT,Long,122,2022-01-28T21:00:00Z,206.257656,2022-02-01T21:00:00Z,217.978321,1429.92,10.5268,0.0,1475.47,142.99,4.0,True,422;430
BKNG,Long,273,2022-01-27T21:00:00Z,94.535126,2022-02-01T21:00:00Z,96.31493,485.89,10.2944,-69.02,493.14,69.02,5.0,True,402;431
DIS,Long,191,2022-01-26T21:00:00Z,133.15981,2022-02-01T21:00:00Z,138.492407,1018.53,10.2942,-353.71,1316.68,353.71,6.0,True,358;432
KO,Short,485,2022-01-28T21:00:00Z,51.702671,2022-02-01T21:00:00Z,53.139098,-696.67,10.2516,-696.67,0.0,696.67,4.0,False,417;433
PNC,Short,144,2022-01-28T21:00:00Z,173.30729,2022-02-01T21:00:00Z,174.767721,-210.3,5.1289,-688.37,0.0,688.37,4.0,False,428;434
MDLZ,Long,426,2022-01-26T21:00:00Z,58.879259,2022-02-01T21:00:00Z,59.251296,158.49,10.0602,-18.87,377.35,396.22,6.0,True,369;435
NEE,Long,383,2022-01-26T21:00:00Z,67.180579,2022-02-01T21:00:00Z,68.585663,538.15,10.0815,-1345.37,544.87,1345.37,6.0,True,360;436
ORCL,Long,340,2022-01-27T21:00:00Z,74.916123,2022-02-01T21:00:00Z,76.217628,442.51,10.2389,0.0,442.51,41.39,5.0,True,393;437
BX,Long,250,2022-01-28T21:00:00Z,102.240911,2022-02-01T21:00:00Z,113.962098,2930.3,10.9693,0.0,2991.65,61.36,4.0,True,427;438
SHOP,Short,309,2022-01-28T21:00:00Z,82.999,2022-02-01T21:00:00Z,98.43,-4768.18,11.4727,-4768.18,0.0,4768.18,4.0,False,424;439
TMUS,Short,257,2022-01-27T21:00:00Z,98.220445,2022-02-01T21:00:00Z,102.029417,-978.91,10.4731,-1367.55,0.0,1367.55,5.0,False,398;440
UPS,Long,163,2022-01-28T21:00:00Z,155.333583,2022-02-01T21:00:00Z,178.601888,3792.73,11.0883,0.0,4485.85,693.11,4.0,True,418;441
WMT,Long,594,2022-01-27T21:00:00Z,43.047402,2022-02-01T21:00:00Z,43.767374,427.66,10.3368,0.0,745.14,317.48,5.0,True,390;442
MU,Short,327,2022-01-28T21:00:00Z,75.544407,2022-02-01T21:00:00Z,80.353911,-1572.71,15.2911,-1595.08,0.0,1595.08,4.0,False,426;458
SPY,Long,74,2022-01-28T21:00:00Z,406.126725,2022-02-01T21:00:00Z,422.964981,1246.03,25.678,0.0,1406.47,160.44,4.0,True,429;459
AMD,Short,227,2022-01-26T21:00:00Z,114.48,2022-02-02T21:00:00Z,130.0,-3523.04,10.5995,-3523.04,2696.76,6219.8,7.0,False,362;460
AMGN,Short,130,2022-01-26T21:00:00Z,191.564956,2022-02-02T21:00:00Z,197.114687,-721.46,10.1313,-806.74,0.0,806.74,7.0,False,334;461
ANTM,Short,62,2022-01-27T21:00:00Z,406.681637,2022-02-02T21:00:00Z,412.489763,-360.1,10.2553,-666.6,0.0,666.6,6.0,False,401;462
CAT,Short,135,2022-02-01T21:00:00Z,186.169632,2022-02-02T21:00:00Z,188.394767,-300.39,10.2707,-518.18,0.0,518.18,1.0,False,454;463
COST,Long,55,2022-01-27T21:00:00Z,462.453017,2022-02-02T21:00:00Z,484.749859,1226.33,10.4887,0.0,1817.82,591.5,6.0,True,392;464
CRM,Long,111,2022-02-01T21:00:00Z,228.017106,2022-02-02T21:00:00Z,229.361442,149.22,9.9582,-801.66,149.22,801.66,1.0,True,446;465
CVX,Long,233,2022-02-01T21:00:00Z,108.386198,2022-02-02T21:00:00Z,111.217335,659.65,10.4233,0.0,864.11,204.45,1.0,True,445;466
COP,Long,343,2022-02-01T21:00:00Z,72.913099,2022-02-02T21:00:00Z,75.379927,846.12,10.5051,0.0,1349.22,503.1,1.0,True,452;467
HD,Long,78,2022-02-01T21:00:00Z,327.309696,2022-02-02T21:00:00Z,325.87661,-111.78,10.2456,-111.78,257.37,369.15,1.0,False,444;468
HON,Short,140,2022-01-28T21:00:00Z,179.179658,2022-02-02T21:00:00Z,183.548802,-611.68,10.2647,-930.05,0.0,930.05,5.0,False,419;469
INTU,Long,50,2022-01-26T21:00:00Z,514.214585,2022-02-02T21:00:00Z,545.16179,1547.36,10.3394,-716.17,1547.36,716.17,7.0,True,361;470
MU,Long,315,2022-02-01T21:00:00Z,80.353911,2022-02-02T21:00:00Z,81.067517,224.79,5.2046,0.0,711.31,486.52,1.0,True,458;471
NVDA,Long,1085,2022-01-25T21:00:00Z,22.443114,2022-02-02T21:00:00Z,25.624381,3451.67,10.2775,-643.88,3451.67,894.52,8.0,True,306;472
SBUX,Long,296,2022-01-28T21:00:00Z,84.782903,2022-02-02T21:00:00Z,85.398435,182.2,10.295,0.0,982.28,800.09,5.0,True,421;473
SPGI,Long,67,2022-02-01T21:00:00Z,378.143866,2022-02-02T21:00:00Z,384.528302,427.76,10.2166,0.0,427.76,0.0,1.0,True,455;474
SYK,Long,106,2022-01-26T21:00:00Z,240.848561,2022-02-02T21:00:00Z,238.511059,-247.78,10.1685,-719.05,205.3,719.05,7.0,False,340;475
TGT,Long,138,2022-01-28T21:00:00Z,184.007309,2022-02-02T21:00:00Z,187.416283,470.44,5.1575,0.0,733.5,338.91,5.0,True,425;476
ZTS,Long,134,2022-02-01T21:00:00Z,190.891193,2022-02-02T21:00:00Z,188.170406,-364.59,10.1891,-364.59,102.9,467.48,1.0,False,457;477
PG,Long,178,2022-02-02T21:00:00Z,142.539718,2022-02-03T21:00:00Z,144.488173,346.82,10.3474,0.0,622.38,275.56,1.0,True,479;503
PLD,Long,190,2022-02-02T21:00:00Z,134.062312,2022-02-03T21:00:00Z,135.223399,220.61,10.3313,0.0,283.17,62.56,1.0,True,490;504
T,Short,1766,2022-02-02T21:00:00Z,14.272825,2022-02-03T21:00:00Z,14.537791,-467.93,10.2113,-467.93,0.0,467.93,1.0,False,483;506
SPY,Short,202,2022-02-01T21:00:00Z,422.964981,2022-02-03T21:00:00Z,423.237171,-54.98,16.9346,-1272.18,765.96,1272.18,2.0,False,459;519
ABT,Long,231,2022-01-27T21:00:00Z,110.581539,2022-02-03T21:00:00Z,117.574007,1615.26,10.5801,0.0,1927.75,312.49,7.0,True,394;520
ADBE,Long,47,2022-02-02T21:00:00Z,536.5,2022-02-03T21:00:00Z,522.87,-640.61,9.8128,-1206.49,0.0,1206.49,1.0,False,480;521
ADP,Long,138,2022-02-02T21:00:00Z,183.744082,2022-02-03T21:00:00Z,182.358582,-191.2,10.1898,-191.2,0.0,191.2,1.0,False,493;522
AXP,Short,154,2022-01-28T21:00:00Z,163.04811,2022-02-03T21:00:00Z,175.426704,-1906.3,10.5563,-1906.3,0.0,1906.3,6.0,False,420;523
BKNG,Long,263,2022-02-02T21:00:00Z,97.097966,2022-02-03T21:00:00Z,95.332619,-464.29,10.0266,-487.92,0.0,487.92,1.0,False,491;524
CVS,Long,278,2022-02-01T21:00:00Z,91.035983,2022-02-03T21:00:00Z,94.188448,876.39,10.2399,0.0,876.39,42.87,2.0,True,449;525
EL,Short,87,2022-02-01T21:00:00Z,289.418723,2022-02-03T21:00:00Z,278.529812,947.34,9.9759,-575.34,947.34,575.34,2.0,True,453;526
IBM,Long,223,2022-02-02T21:00:00Z,113.565973,2022-02-03T21:00:00Z,114.65393,242.61,10.2656,0.0,388.18,145.57,1.0,True,489;527
LMT,Short,73,2022-01-28T21:00:00Z,343.202853,2022-02-03T21:00:00Z,342.391374,59.24,10.0814,-38.63,140.37,179.0,6.0,True,423;528
MMM,Long,258,2022-02-01T21:00:00Z,97.953048,2022-02-03T21:00:00Z,98.349379,102.25,10.1292,-183.14,166.35,349.49,2.0,True,456;529
MRK,Long,359,2022-02-01T21:00:00Z,71.003645,2022-02-03T21:00:00Z,70.778401,-80.86,10.0083,-917.48,15.55,933.03,2.0,False,447;530
NEE,Long,374,2022-02-02T21:00:00Z,67.777739,2022-02-03T21:00:00Z,67.233269,-203.63,10.0831,-463.1,0.0,463.1,1.0,False,486;531
BX,Long,222,2022-02-02T21:00:00Z,115.815484,2022-02-03T21:00:00Z,112.980396,-629.39,10.2232,-629.39,0.0,629.39,1.0,False,492;532
WFC,Long,514,2022-02-02T21:00:00Z,49.058901,2022-02-03T21:00:00Z,49.957658,461.96,10.1713,0.0,461.96,224.88,1.0,True,481;533
WMT,Long,573,2022-02-02T21:00:00Z,44.330146,2022-02-03T21:00:00Z,44.097492,-133.31,10.1547,-133.31,0.0,133.31,1.0,False,478;534
QCOM,Short,159,2022-02-02T21:00:00Z,162.606569,2022-02-03T21:00:00Z,163.254835,-103.07,15.3219,-103.07,214.74,317.81,1.0,False,482;536
SHOP,Long,258,2022-02-02T21:00:00Z,98.511,2022-02-03T21:00:00Z,83.0,-4001.84,13.3617,-4532.29,0.0,4532.29,1.0,False,488;539
SPY,Short,26,2022-02-01T21:00:00Z,422.964981,2022-02-03T21:00:00Z,423.237171,-7.08,15.2579,-163.75,98.59,163.75,2.0,False,459;544
SPY,Short,156,2022-02-02T21:00:00Z,427.526515,2022-02-03T21:00:00Z,423.237171,669.14,22.5792,-270.88,1303.13,634.0,1.0,True,496;544
AMAT,Long,191,2022-02-01T21:00:00Z,132.842873,2022-02-04T21:00:00Z,129.210188,-693.84,10.0655,-693.84,464.4,1158.24,3.0,False,451;545
SNOW,Long,94,2022-02-03T21:00:00Z,254.2,2022-02-04T21:00:00Z,262.56,785.84,10.0012,0.0,2022.88,1237.04,1.0,True,518;546
COST,Long,51,2022-02-03T21:00:00Z,490.418433,2022-02-04T21:00:00Z,491.38809,49.45,10.0994,0.0,188.6,139.15,1.0,True,509;547
MA,Long,65,2022-02-03T21:00:00Z,378.768141,2022-02-04T21:00:00Z,377.822537,-61.46,9.787,-401.74,0.0,401.74,1.0,False,508;548
MS,Short,281,2022-02-03T21:00:00Z,89.762908,2022-02-04T21:00:00Z,88.474528,362.03,10.031,-75.32,362.03,75.32,1.0,True,513;549
NOW,Long,217,2022-02-03T21:00:00Z,113.642,2022-02-04T21:00:00Z,111.998,-356.75,9.8811,-356.75,404.05,760.8,1.0,False,516;550
ADI,Long,162,2022-02-03T21:00:00Z,152.950419,2022-02-04T21:00:00Z,147.881005,-821.25,9.665,-821.25,0.0,821.25,1.0,False,543;551
QCOM,Long,149,2022-02-03T21:00:00Z,163.254835,2022-02-04T21:00:00Z,161.328046,-287.09,4.8154,-287.09,0.0,287.09,1.0,False,536;552
SHOP,Short,285,2022-02-03T21:00:00Z,83.0,2022-02-04T21:00:00Z,83.0,0.0,4.9932,-1311.0,0.0,1311.0,1.0,False,539;553
SPGI,Long,65,2022-02-03T21:00:00Z,379.615102,2022-02-04T21:00:00Z,371.804839,-507.67,9.7701,-507.67,0.0,507.67,1.0,False,540;554
SYK,Long,104,2022-02-03T21:00:00Z,242.174736,2022-02-04T21:00:00Z,237.805038,-454.45,9.9564,-454.45,0.0,454.45,1.0,False,542;555
TMUS,Short,245,2022-02-02T21:00:00Z,103.598374,2022-02-04T21:00:00Z,112.445019,-2167.43,10.676,-2623.61,0.0,2623.61,2.0,False,487;556
HON,Long,136,2022-02-03T21:00:00Z,179.394534,2022-02-04T21:00:00Z,170.396605,-1223.72,14.3376,-1223.72,0.0,1223.72,1.0,False,514;564
SPY,Short,107,2022-02-02T21:00:00Z,427.526515,2022-02-04T21:00:00Z,418.835197,929.97,17.7723,-185.79,929.97,434.86,2.0,True,496;570
AMT,Long,115,2022-02-04T21:00:00Z,215.451867,2022-02-08T21:00:00Z,213.220599,-256.6,9.8195,-283.55,0.0,283.55,4.0,False,566;571
EL,Short,89,2022-02-04T21:00:00Z,287.415311,2022-02-08T21:00:00Z,288.583968,-104.01,10.3751,-429.25,0.0,429.25,4.0,False,567;572
PNC,Long,142,2022-02-02T21:00:00Z,177.66311,2022-02-08T21:00:00Z,180.533027,407.53,10.1817,-148.3,407.53,148.3,6.0,True,494;573
MDLZ,Short,419,2022-02-04T21:00:00Z,59.800493,2022-02-08T21:00:00Z,59.986511,-77.94,10.0263,-200.42,11.13,211.56,4.0,False,568;574
ABNB,Long,166,2022-02-03T21:00:00Z,147.97,2022-02-08T21:00:00Z,153.75,959.48,10.3528,0.0,2372.14,1412.66,5.0,True,541;575
ZTS,Long,131,2022-02-03T21:00:00Z,188.58753,2022-02-08T21:00:00Z,188.540129,-6.21,9.9903,-6.21,294.33,300.54,5.0,False,517;576
SCHW,Long,308,2022-02-01T21:00:00Z,83.073638,2022-02-09T21:00:00Z,89.766774,2061.49,10.6585,0.0,2061.49,424.42,8.0,True,448;589
SPY,Long,104,2022-02-04T21:00:00Z,418.835197,2022-02-09T21:00:00Z,427.329412,883.4,24.9076,0.0,1103.03,417.78,5.0,True,570;601
SPY,Long,124,2022-02-08T21:00:00Z,419.229403,2022-02-09T21:00:00Z,427.329412,1004.4,10.4965,-48.88,1266.27,261.87,1.0,True,583;601
INTC,Short,550,2022-02-03T21:00:00Z,45.659171,2022-02-09T21:00:00Z,46.11913,-252.98,10.0563,-540.81,484.6,1025.41,6.0,False,511;602
INTU,Long,48,2022-02-04T21:00:00Z,513.238424,2022-02-09T21:00:00Z,547.133442,1626.96,10.4235,0.0,2243.97,617.01,5.0,True,560;603
LIN,Long,84,2022-02-02T21:00:00Z,300.539631,2022-02-09T21:00:00Z,283.961238,-1392.58,9.8684,-1890.39,0.0,1890.39,7.0,False,484;604
MMM,Short,259,2022-02-04T21:00:00Z,96.888276,2022-02-09T21:00:00Z,96.71673,44.43,9.9408,0.0,398.34,381.49,5.0,True,569;605
NFLX,Short,588,2022-02-03T21:00:00Z,42.107,2022-02-09T21:00:00Z,40.865,730.3,9.6254,0.0,1115.44,634.45,6.0,True,537;606
PFE,Short,605,2022-01-28T21:00:00Z,41.948397,2022-02-09T21:00:00Z,40.239879,1033.65,9.9882,-47.2,1085.57,547.51,12.0,True,416;607
PLD,Long,186,2022-02-04T21:00:00Z,134.330922,2022-02-09T21:00:00Z,132.312015,-375.52,9.9555,-618.88,54.8,618.88,5.0,False,565;608
SBUX,Short,295,2022-02-08T21:00:00Z,84.952397,2022-02-09T21:00:00Z,85.826632,-257.9,10.1081,-500.01,0.0,500.01,1.0,False,580;609
SYK,Long,106,2022-02-08T21:00:00Z,237.079936,2022-02-09T21:00:00Z,246.019688,947.61,10.4231,0.0,1186.29,238.67,1.0,True,582;610
T,Long,1782,2022-02-08T21:00:00Z,14.072629,2022-02-09T21:00:00Z,14.13151,104.93,10.1653,0.0,629.56,524.63,1.0,True,577;611
UPS,Short,137,2022-02-03T21:00:00Z,182.338462,2022-02-09T21:00:00Z,180.775606,214.11,9.863,0.0,558.65,344.53,6.0,True,510;612
USB,Long,524,2022-02-02T21:00:00Z,48.1753,2022-02-09T21:00:00Z,48.755234,303.89,10.2311,0.0,329.57,51.36,7.0,True,495;613
SNOW,Long,85,2022-02-09T21:00:00Z,304.9,2022-02-10T21:00:00Z,300.2,-399.5,10.5239,-399.5,527.85,927.35,1.0,False,620;623
CB,Short,129,2022-02-09T21:00:00Z,195.315846,2022-02-10T21:00:00Z,194.26064,136.12,10.06,0.0,136.12,0.0,1.0,True,621;624
DE,Long,68,2022-02-09T21:00:00Z,369.7465,2022-02-10T21:00:00Z,370.029109,19.22,10.1026,0.0,41.64,22.42,1.0,True,596;625
EL,Long,86,2022-02-09T21:00:00Z,296.504862,2022-02-10T21:00:00Z,290.837806,-487.37,10.1406,-487.37,0.0,487.37,1.0,False,597;626
MCD,Short,107,2022-02-03T21:00:00Z,234.574992,2022-02-10T21:00:00Z,231.791595,297.82,9.9117,0.0,500.84,203.02,7.0,True,512;627
MRK,Short,378,2022-02-09T21:00:00Z,66.732684,2022-02-10T21:00:00Z,66.152249,219.4,10.0258,0.0,219.4,0.0,1.0,True,594;628
MU,Long,306,2022-02-09T21:00:00Z,82.719562,2022-02-10T21:00:00Z,87.098948,1340.09,10.7171,0.0,1914.42,574.33,1.0,True,600;629
NOW,Long,219,2022-02-08T21:00:00Z,112.84,2022-02-10T21:00:00Z,120.094,1588.63,10.5272,0.0,2179.93,591.3,2.0,True,579;630
PM,Long,304,2022-01-27T21:00:00Z,83.978016,2022-02-10T21:00:00Z,86.363287,725.12,10.3678,0.0,742.63,167.53,14.0,True,396;631
QCOM,Long,156,2022-02-09T21:00:00Z,163.281846,2022-02-10T21:00:00Z,161.913285,-213.5,10.0573,-1022.53,0.0,1022.53,1.0,False,614;632
BX,Long,228,2022-02-09T21:00:00Z,112.247714,2022-02-10T21:00:00Z,112.512933,60.47,10.4995,0.0,649.57,589.1,1.0,True,619;633
SPGI,Long,69,2022-02-09T21:00:00Z,365.288468,2022-02-10T21:00:00Z,363.359432,-133.1,10.0925,-313.92,0.0,313.92,1.0,False,618;634
ZTS,Long,131,2022-02-09T21:00:00Z,192.55969,2022-02-10T21:00:00Z,188.066125,-588.66,9.9764,-588.66,0.0,588.66,1.0,False,599;635
SHOP,Short,286,2022-02-09T21:00:00Z,90.519,2022-02-10T21:00:00Z,90.0,148.43,15.2962,0.0,338.91,190.48,1.0,True,598;640
ANTM,Long,57,2022-02-09T21:00:00Z,440.778535,2022-02-10T21:00:00Z,435.017399,-328.38,14.8197,-610.7,0.0,610.7,1.0,False,617;642
SPY,Short,62,2022-02-09T21:00:00Z,427.329412,2022-02-10T21:00:00Z,423.678307,226.37,22.1828,0.0,347.41,121.04,1.0,True,601;646
SPY,Short,110,2022-02-09T21:00:00Z,427.329412,2022-02-10T21:00:00Z,423.678307,401.62,9.4477,0.0,616.37,214.75,1.0,True,622;646
AMD,Long,196,2022-02-09T21:00:00Z,129.67,2022-02-11T21:00:00Z,126.09,-701.68,9.6444,-3232.04,0.0,3232.04,2.0,False,615;647
AXP,Short,144,2022-02-04T21:00:00Z,175.531124,2022-02-11T21:00:00Z,185.517536,-1438.04,10.3225,-1569.27,0.0,1569.27,7.0,False,562;648
COP,Long,327,2022-02-10T21:00:00Z,76.963363,2022-02-11T21:00:00Z,76.973584,3.34,10.1322,-119.91,447.04,443.7,1.0,True,639;649
GOOGL,Short,172,2022-02-03T21:00:00Z,144.442034,2022-02-11T21:00:00Z,137.293556,1229.54,9.4517,0.0,1965.15,735.61,8.0,True,535;650
TXN,Long,163,2022-02-04T21:00:00Z,151.619769,2022-02-11T21:00:00Z,149.378173,-365.38,9.6237,-1157.75,606.1,1763.85,7.0,False,559;651
ANTM,Short,57,2022-02-10T21:00:00Z,435.017399,2022-02-11T21:00:00Z,428.410421,376.6,9.682,0.0,801.41,424.81,1.0,True,642;659
PLD,Long,188,2022-02-10T21:00:00Z,132.208037,2022-02-11T21:00:00Z,129.409296,-526.16,14.5474,-1021.38,0.0,1021.38,1.0,False,641;660
ADBE,Long,50,2022-02-11T21:00:00Z,497.92,2022-02-14T21:00:00Z,473.2,-1236.0,9.4798,-1236.0,0.0,1236.0,3.0,False,652;665
BLK,Long,36,2022-02-11T21:00:00Z,696.922199,2022-02-14T21:00:00Z,680.744507,-582.4,9.8207,-732.64,0.0,732.64,3.0,False,657;666
NEE,Short,380,2022-02-11T21:00:00Z,66.653672,2022-02-14T21:00:00Z,65.819404,317.02,10.0032,0.0,327.03,10.01,3.0,True,656;667
PM,Long,291,2022-02-11T21:00:00Z,86.404413,2022-02-14T21:00:00Z,88.88016,720.44,10.3974,0.0,1002.88,282.43,3.0,True,654;668
SPGI,Short,69,2022-02-11T21:00:00Z,360.402183,2022-02-14T21:00:00Z,351.685124,601.48,9.6484,0.0,965.0,363.52,3.0,True,664;669
UNP,Long,112,2022-02-03T21:00:00Z,224.690455,2022-02-14T21:00:00Z,215.561003,-1022.5,9.7907,-1155.21,0.0,1155.21,11.0,False,538;670
SBUX,Short,292,2022-02-10T21:00:00Z,85.562452,2022-02-14T21:00:00Z,84.190655,400.56,14.8986,0.0,466.02,65.45,4.0,True,643;682
PLD,Short,195,2022-02-11T21:00:00Z,129.409296,2022-02-14T21:00:00Z,126.671208,533.93,9.8848,0.0,711.34,177.41,3.0,True,660;683
EL,Long,86,2022-02-11T21:00:00Z,292.331089,2022-02-14T21:00:00Z,278.965739,-1149.42,14.7184,-1149.42,0.0,1149.42,3.0,False,658;684
SHOP,Long,274,2022-02-10T21:00:00Z,90.0,2022-02-14T21:00:00Z,84.637,-1469.46,9.627,-1469.46,0.0,1469.46,4.0,False,640;685
DE,Short,67,2022-02-14T21:00:00Z,371.263167,2022-02-15T21:00:00Z,368.097949,212.07,9.8544,0.0,212.07,0.0,1.0,True,680;690
MMM,Short,266,2022-02-14T21:00:00Z,94.26184,2022-02-15T21:00:00Z,93.717624,144.76,9.9237,0.0,316.27,171.51,1.0,True,688;691
NOW,Long,215,2022-02-14T21:00:00Z,115.774,2022-02-15T21:00:00Z,117.562,384.42,10.0727,0.0,549.97,165.55,1.0,True,681;692
PLD,Long,198,2022-02-14T21:00:00Z,126.671208,2022-02-15T21:00:00Z,127.208428,106.37,4.9966,-97.79,106.37,97.79,1.0,True,683;693
RTX,Short,311,2022-02-01T21:00:00Z,81.400575,2022-02-15T21:00:00Z,84.553605,-980.59,10.383,-1657.73,0.0,1657.73,14.0,False,450;694
EL,Short,90,2022-02-14T21:00:00Z,278.965739,2022-02-15T21:00:00Z,287.276186,-747.94,10.2114,-747.94,0.0,747.94,1.0,False,684;698
ABNB,Short,149,2022-02-10T21:00:00Z,165.65,2022-02-15T21:00:00Z,172.92,-1083.23,15.8203,-2148.58,0.0,2148.58,5.0,False,645;699
ANTM,Long,58,2022-02-11T21:00:00Z,428.410421,2022-02-15T21:00:00Z,421.399316,-406.64,9.9785,-647.03,0.0,647.03,4.0,False,659;700
SPY,Long,91,2022-02-10T21:00:00Z,423.678307,2022-02-15T21:00:00Z,416.601359,-644.0,11.64,-1057.39,0.0,1057.39,5.0,False,646;704
SPY,Long,48,2022-02-14T21:00:00Z,412.865782,2022-02-15T21:00:00Z,416.601359,179.31,9.4773,-38.74,519.0,100.92,1.0,True,689;704
AMGN,Short,121,2022-02-09T21:00:00Z,208.041528,2022-02-16T21:00:00Z,194.530635,1634.82,9.6448,0.0,1720.14,85.32,7.0,True,616;705
BLK,Long,37,2022-02-15T21:00:00Z,690.710962,2022-02-16T21:00:00Z,691.574128,31.94,10.3029,0.0,237.72,205.78,1.0,True,697;706
DHR,Long,113,2022-02-04T21:00:00Z,222.0416,2022-02-16T21:00:00Z,205.885302,-1825.66,9.6383,-1856.9,247.3,2104.2,12.0,False,558;707
IBM,Short,228,2022-02-15T21:00:00Z,110.648265,2022-02-16T21:00:00Z,109.64037,229.8,10.0077,0.0,281.94,52.14,1.0,True,696;708
INTU,Long,45,2022-02-10T21:00:00Z,543.770036,2022-02-16T21:00:00Z,508.347954,-1593.99,9.4442,-1593.99,0.0,1593.99,6.0,False,638;709
MDLZ,Short,425,2022-02-14T21:00:00Z,59.36645,2022-02-16T21:00:00Z,58.489506,372.7,9.9274,0.0,493.17,120.47,2.0,True,687;710
NVDA,Long,1007,2022-02-09T21:00:00Z,25.506888,2022-02-16T21:00:00Z,26.09933,596.59,10.6716,-1672.46,896.39,1880.01,7.0,True,592;711
PEP,Long,174,2022-02-11T21:00:00Z,143.873914,2022-02-16T21:00:00Z,141.793624,-361.97,9.9767,-361.97,0.0,361.97,5.0,False,653;712
SBUX,Long,298,2022-02-14T21:00:00Z,84.190655,2022-02-16T21:00:00Z,84.585159,117.56,5.0862,0.0,342.0,224.44,2.0,True,682;713
BX,Short,242,2022-02-15T21:00:00Z,107.199989,2022-02-16T21:00:00Z,106.335887,209.11,10.4238,-306.42,209.11,306.42,1.0,True,703;714
SHOP,Short,294,2022-02-14T21:00:00Z,84.637,2022-02-16T21:00:00Z,80.0,1363.28,4.3915,-1268.02,2925.89,1562.61,2.0,True,685;715
TGT,Short,137,2022-02-11T21:00:00Z,183.89568,2022-02-16T21:00:00Z,178.414346,750.94,9.8876,0.0,750.94,80.34,5.0,True,663;716
TMUS,Long,212,2022-02-09T21:00:00Z,119.684902,2022-02-16T21:00:00Z,120.507186,174.32,10.2406,-430.8,174.32,430.8,7.0,True,595;717
ABNB,Long,148,2022-02-15T21:00:00Z,172.92,2022-02-16T21:00:00Z,178.91,886.52,5.5245,0.0,2030.56,1144.04,1.0,True,699;718
WFC,Long,482,2022-02-14T21:00:00Z,52.278778,2022-02-16T21:00:00Z,51.537805,-357.15,9.9821,-357.15,0.0,357.15,2.0,False,673;719
WMT,Long,585,2022-02-10T21:00:00Z,42.931074,2022-02-16T21:00:00Z,42.23311,-408.31,9.9175,-555.45,0.0,555.45,6.0,False,636;720
ZTS,Long,135,2022-02-15T21:00:00Z,187.506799,2022-02-16T21:00:00Z,186.264907,-167.66,10.0555,-345.55,0.0,345.55,1.0,False,702;721
ANTM,Short,60,2022-02-15T21:00:00Z,421.399316,2022-02-17T21:00:00Z,427.987499,-395.29,5.0902,-575.17,0.0,575.17,2.0,False,700;737
SNOW,Long,83,2022-02-16T21:00:00Z,295.0,2022-02-17T21:00:00Z,298.02,250.66,9.8103,-723.76,250.66,723.76,1.0,True,734;738
BKNG,Short,247,2022-02-10T21:00:00Z,100.841219,2022-02-17T21:00:00Z,104.123795,-810.8,10.1382,-1181.88,490.18,1672.07,7.0,False,644;739
EL,Long,89,2022-02-15T21:00:00Z,287.276186,2022-02-17T21:00:00Z,284.836847,-217.1,5.0237,-449.06,0.0,449.06,2.0,False,698;740
HON,Short,146,2022-02-04T21:00:00Z,170.396605,2022-02-17T21:00:00Z,167.86286,369.93,4.8271,-823.51,742.47,823.51,13.0,True,564;741
RTX,Short,296,2022-02-16T21:00:00Z,84.933052,2022-02-17T21:00:00Z,84.896915,10.7,10.1144,-93.6,10.7,93.6,1.0,True,731;742
T,Long,1757,2022-02-10T21:00:00Z,14.425916,2022-02-17T21:00:00Z,14.013747,-724.18,9.9337,-765.56,0.0,765.56,7.0,False,637;743
UNP,Long,112,2022-02-16T21:00:00Z,223.029739,2022-02-17T21:00:00Z,226.494801,388.09,10.1506,0.0,388.09,0.0,1.0,True,729;744
SPY,Long,67,2022-02-14T21:00:00Z,412.865782,2022-02-18T21:00:00Z,410.64133,-149.04,19.237,-355.3,724.44,777.89,4.0,False,689;751
SPY,Long,169,2022-02-16T21:00:00Z,416.676446,2022-02-18T21:00:00Z,410.64133,-1019.93,14.1681,-1540.21,1183.31,1540.21,2.0,False,736;751
BMY,Short,471,2022-02-04T21:00:00Z,52.617995,2022-02-18T21:00:00Z,56.222654,-1697.79,10.4179,-1851.07,0.0,1851.07,14.0,False,563;752
C,Short,461,2022-01-27T21:00:00Z,55.392546,2022-02-18T21:00:00Z,54.870262,240.77,10.0848,-1234.88,240.77,1442.36,22.0,True,399;753
CB,Short,132,2022-02-16T21:00:00Z,189.283429,2022-02-18T21:00:00Z,189.470191,-24.65,10.0982,-247.76,0.0,247.76,2.0,False,735;754
IBM,Short,231,2022-02-17T21:00:00Z,108.412262,2022-02-18T21:00:00Z,105.820532,598.69,9.7559,0.0,714.12,115.43,1.0,True,747;755
LLY,Long,107,2022-02-16T21:00:00Z,233.539504,2022-02-18T21:00:00Z,229.573049,-424.41,10.0076,-424.41,0.0,424.41,2.0,False,725;756
MA,Long,67,2022-02-16T21:00:00Z,370.667139,2022-02-18T21:00:00Z,365.090999,-373.6,9.8349,-671.44,0.0,671.44,2.0,False,722;757
NKE,Long,189,2022-02-16T21:00:00Z,132.496345,2022-02-18T21:00:00Z,131.11608,-260.87,10.0008,-371.44,0.0,371.44,2.0,False,726;758
PG,Long,172,2022-02-04T21:00:00Z,144.95082,2022-02-18T21:00:00Z,141.908027,-523.36,9.837,-1028.36,0.0,1028.36,14.0,False,557;759
PM,Long,275,2022-02-17T21:00:00Z,91.043355,2022-02-18T21:00:00Z,91.709586,183.21,10.1111,0.0,208.09,24.88,1.0,True,746;760
PYPL,Short,209,2022-02-08T21:00:00Z,119.665503,2022-02-18T21:00:00Z,104.830937,3100.42,9.2562,-400.99,3586.16,485.73,10.0,True,578;761
SCHW,Long,299,2022-02-14T21:00:00Z,83.813429,2022-02-18T21:00:00Z,80.534916,-980.28,9.7381,-1013.98,117.97,1131.95,4.0,False,677;762
SHOP,Long,338,2022-02-17T21:00:00Z,72.93,2022-02-18T21:00:00Z,66.278,-2248.38,8.9021,-2447.8,0.0,2447.8,1.0,False,750;763
TGT,Short,141,2022-02-17T21:00:00Z,178.164249,2022-02-18T21:00:00Z,176.379071,251.71,9.9339,0.0,266.3,14.59,1.0,True,749;764
AMD,Short,221,2022-02-14T21:00:00Z,115.4,2022-02-22T21:00:00Z,115.2,44.2,10.1625,-1341.47,669.63,1341.47,8.0,True,679;775
AXP,Long,134,2022-02-16T21:00:00Z,187.482543,2022-02-22T21:00:00Z,185.280217,-295.11,9.9435,-641.1,0.0,641.1,6.0,False,730;776
BA,Short,115,2022-02-16T21:00:00Z,216.1,2022-02-22T21:00:00Z,205.0,1276.5,9.6064,0.0,1996.4,719.9,6.0,True,732;777
CSCO,Long,512,2022-02-18T21:00:00Z,48.906608,2022-02-22T21:00:00Z,50.121788,622.17,10.2352,0.0,622.17,0.0,4.0,True,765;778
INTC,Long,564,2022-02-14T21:00:00Z,44.782749,2022-02-22T21:00:00Z,41.773558,-1697.18,9.7267,-1702.45,274.08,1976.53,8.0,False,676;779
LIN,Long,87,2022-02-11T21:00:00Z,287.852659,2022-02-22T21:00:00Z,273.140274,-1279.98,9.6007,-1279.98,0.0,1279.98,11.0,False,655;780
LOW,Long,116,2022-02-02T21:00:00Z,218.086987,2022-02-22T21:00:00Z,199.514724,-2154.38,9.6201,-2545.61,0.0,2545.61,20.0,False,485;781
MMM,Long,283,2022-02-18T21:00:00Z,88.513602,2022-02-22T21:00:00Z,88.513602,0.0,9.9484,-251.85,0.0,251.85,4.0,False,773;782
MS,Long,303,2022-02-18T21:00:00Z,82.369855,2022-02-22T21:00:00Z,81.738635,-191.26,9.9649,-191.26,0.0,191.26,4.0,False,768;783
NOW,Short,222,2022-02-18T21:00:00Z,113.192,2022-02-22T21:00:00Z,108.814,971.92,9.8227,0.0,971.92,0.0,4.0,True,771;784
SBUX,Short,296,2022-02-17T21:00:00Z,84.576193,2022-02-22T21:00:00Z,83.840982,217.62,9.8811,0.0,323.78,106.16,5.0,True,748;785
TFC,Short,415,2022-02-18T21:00:00Z,60.64752,2022-02-22T21:00:00Z,60.996738,-144.93,10.024,-144.93,136.87,281.8,4.0,False,774;786
TXN,Long,173,2022-02-14T21:00:00Z,144.297223,2022-02-22T21:00:00Z,145.976222,290.47,10.0115,0.0,621.99,545.96,8.0,True,678;787
UNP,Long,111,2022-02-18T21:00:00Z,225.73177,2022-02-22T21:00:00Z,225.318835,-45.84,9.9137,-517.15,0.0,517.15,4.0,False,769;788
SPGI,Long,72,2022-02-18T21:00:00Z,348.036334,2022-02-22T21:00:00Z,342.467607,-400.95,14.9956,-400.95,0.0,400.95,4.0,False,772;794
MDT,Short,285,2022-02-03T21:00:00Z,87.588896,2022-02-24T21:00:00Z,86.602534,281.11,10.0467,-970.45,376.45,1002.23,21.0,True,515;801
SHOP,Short,383,2022-02-22T21:00:00Z,63.705,2022-02-24T21:00:00Z,58.589,1959.43,9.8825,-1031.42,1959.43,1431.27,2.0,True,798;804
BX,Long,237,2022-02-22T21:00:00Z,104.522128,2022-02-24T21:00:00Z,98.576079,-1409.21,14.8723,-1409.21,0.0,1409.21,2.0,False,793;813
SNOW,Long,92,2022-02-22T21:00:00Z,271.06,2022-02-24T21:00:00Z,242.61,-2617.4,15.2362,-2617.4,0.0,2617.4,2.0,False,795;817
SPY,Long,53,2022-02-22T21:00:00Z,405.422784,2022-02-24T21:00:00Z,385.75938,-1042.16,38.5322,-1042.16,0.0,1042.16,2.0,False,799;819
AMT,Short,123,2022-02-15T21:00:00Z,205.814876,2022-02-24T21:00:00Z,192.574865,1628.52,9.9343,0.0,1628.52,459.19,9.0,True,701;820
CB,Long,131,2022-02-22T21:00:00Z,190.964288,2022-02-24T21:00:00Z,183.708579,-950.5,9.8382,-950.5,0.0,950.5,2.0,False,796;821
KO,Short,478,2022-02-14T21:00:00Z,52.468766,2022-02-24T21:00:00Z,52.294653,83.23,10.0861,-944.61,83.23,944.61,10.0,True,672;822
ADI,Short,170,2022-02-22T21:00:00Z,146.726766,2022-02-24T21:00:00Z,143.545666,540.79,10.092,-262.12,540.79,640.44,2.0,True,797;823
PLD,Short,199,2022-02-16T21:00:00Z,126.619219,2022-02-24T21:00:00Z,119.981956,1320.82,9.9203,0.0,1320.82,434.52,8.0,True,733;824
RTX,Short,295,2022-02-18T21:00:00Z,85.050501,2022-02-24T21:00:00Z,84.169746,259.82,10.0287,-168.98,506.38,675.36,6.0,True,770;825
SPGI,Short,73,2022-02-22T21:00:00Z,342.467607,2022-02-24T21:00:00Z,331.457542,803.73,5.0706,-352.71,803.73,551.99,2.0,True,794;826
XOM,Short,397,2022-01-26T21:00:00Z,64.264211,2022-02-24T21:00:00Z,67.93481,-1457.23,10.1842,-2306.15,148.57,2454.72,29.0,False,357;827
LMT,Short,72,2022-02-08T21:00:00Z,349.006695,2022-02-24T21:00:00Z,351.935077,-210.84,15.1543,-210.84,855.44,1066.28,16.0,False,581;831
DE,Long,78,2022-02-24T21:00:00Z,309.993582,2022-02-24T21:00:00Z,309.993582,0.0,15.1113,0.0,0.0,0.0,0.0,False,811;833
ADBE,Long,55,2022-02-18T21:00:00Z,458.69,2022-02-25T21:00:00Z,465.39,368.5,9.9891,-1608.2,376.75,1608.2,7.0,True,767;838
AMAT,Long,203,2022-02-24T21:00:00Z,118.621721,2022-02-25T21:00:00Z,128.528527,2011.08,10.5202,0.0,2444.96,433.88,1.0,True,809;839
ANTM,Long,60,2022-02-24T21:00:00Z,409.284955,2022-02-25T21:00:00Z,417.245284,477.62,10.0994,0.0,1026.29,548.67,1.0,True,830;840
BKNG,Short,246,2022-02-22T21:00:00Z,101.140523,2022-02-25T21:00:00Z,90.621902,2587.58,9.227,0.0,2950.92,363.34,3.0,True,792;841
COP,Long,338,2022-02-24T21:00:00Z,75.382182,2022-02-25T21:00:00Z,74.025303,-458.63,10.1351,-458.63,359.54,818.16,1.0,False,829;842
DIS,Short,177,2022-02-24T21:00:00Z,136.708411,2022-02-25T21:00:00Z,145.027263,-1472.44,10.2597,-1472.44,0.0,1472.44,1.0,False,828;843
HD,Short,91,2022-02-24T21:00:00Z,265.38624,2022-02-25T21:00:00Z,277.045542,-1061.0,10.1413,-1340.33,0.0,1340.33,1.0,False,806;844
MO,Short,694,2022-02-24T21:00:00Z,35.163684,2022-02-25T21:00:00Z,34.76804,274.58,9.7335,-390.19,274.58,390.19,1.0,True,835;845
MRK,Long,373,2022-02-16T21:00:00Z,66.490114,2022-02-25T21:00:00Z,64.306986,-814.31,9.9223,-1046.97,0.0,1046.97,9.0,False,728;846
NOW,Long,238,2022-02-24T21:00:00Z,101.65,2022-02-25T21:00:00Z,113.792,2889.8,10.9878,0.0,3426.25,536.45,1.0,True,810;847
ORCL,Long,340,2022-02-15T21:00:00Z,74.335596,2022-02-25T21:00:00Z,69.89737,-1509.0,9.9384,-2196.64,0.0,2196.64,10.0,False,695;848
SBUX,Short,311,2022-02-24T21:00:00Z,78.308965,2022-02-25T21:00:00Z,82.119512,-1185.08,10.2385,-1461.13,0.0,1461.13,1.0,False,832;849
TFC,Short,426,2022-02-24T21:00:00Z,56.796422,2022-02-25T21:00:00Z,58.377603,-673.58,10.098,-1826.53,0.0,1826.53,1.0,False,818;850
ABNB,Short,166,2022-02-24T21:00:00Z,141.3,2022-02-25T21:00:00Z,159.0,-2938.2,10.4032,-2938.2,0.0,2938.2,1.0,False,812;851
TGT,Short,152,2022-02-24T21:00:00Z,159.777774,2022-02-25T21:00:00Z,165.159182,-817.97,15.4363,-1835.2,0.0,1835.2,1.0,False,836;863
SNOW,Short,99,2022-02-24T21:00:00Z,242.61,2022-02-25T21:00:00Z,267.8,-2493.81,10.2918,-2654.19,0.0,2654.19,1.0,False,817;865
USB,Long,541,2022-02-24T21:00:00Z,44.712037,2022-02-25T21:00:00Z,45.561517,459.57,15.147,0.0,1148.92,689.35,1.0,True,815;867
ABBV,Short,204,2022-02-16T21:00:00Z,123.215775,2022-02-28T21:00:00Z,124.560628,-274.35,10.1978,-830.0,126.76,956.75,12.0,False,724;868
ACN,Long,83,2022-02-14T21:00:00Z,294.176391,2022-02-28T21:00:00Z,290.179132,-331.77,9.706,-749.7,804.11,1553.81,14.0,False,674;869
BA,Long,127,2022-02-24T21:00:00Z,189.5,2022-02-28T21:00:00Z,198.58,1153.16,10.2558,0.0,2011.68,858.52,4.0,True,808;870
CAT,Short,133,2022-02-11T21:00:00Z,188.598737,2022-02-28T21:00:00Z,171.066528,2331.78,9.589,-27.13,2331.78,462.41,17.0,True,661;871
CME,Long,128,2022-02-24T21:00:00Z,189.681838,2022-02-28T21:00:00Z,194.287689,589.55,10.0116,0.0,1015.33,425.79,4.0,True,816;872
EL,Short,92,2022-02-25T21:00:00Z,273.952184,2022-02-28T21:00:00Z,274.658534,-64.98,10.2035,-134.24,0.0,134.24,3.0,False,861;873
ISRG,Short,86,2022-02-11T21:00:00Z,290.95,2022-02-28T21:00:00Z,290.21,63.64,9.864,-220.16,1242.7,1462.86,17.0,True,662;874
PNC,Short,150,2022-02-25T21:00:00Z,167.941056,2022-02-28T21:00:00Z,166.871206,160.48,10.238,-185.95,160.48,185.95,3.0,True,866;875
MU,Short,286,2022-02-14T21:00:00Z,89.953369,2022-02-28T21:00:00Z,86.541749,975.72,9.9932,-1129.49,1316.81,1129.49,14.0,True,686;876
PG,Long,185,2022-02-25T21:00:00Z,135.466559,2022-02-28T21:00:00Z,139.06097,664.97,10.3402,0.0,664.97,0.0,3.0,True,854;877
SYK,Short,103,2022-02-24T21:00:00Z,237.814579,2022-02-28T21:00:00Z,250.074538,-1262.78,10.2406,-1624.41,0.0,1624.41,4.0,False,834;878
V,Short,116,2022-02-01T21:00:00Z,219.129299,2022-02-28T21:00:00Z,208.675267,1212.67,10.0434,-920.81,1218.27,920.81,27.0,True,443;879
BX,Short,242,2022-02-24T21:00:00Z,98.576079,2022-02-28T21:00:00Z,107.644873,-2194.65,10.2295,-2807.49,0.0,2807.49,4.0,False,813;884
TGT,Long,151,2022-02-25T21:00:00Z,165.159182,2022-02-28T21:00:00Z,170.204251,761.81,10.194,0.0,1062.62,300.82,3.0,True,863;885
SNOW,Long,92,2022-02-25T21:00:00Z,267.8,2022-02-28T21:00:00Z,270.82,277.84,9.7763,-196.88,277.84,196.88,3.0,True,865;889
SPY,Long,206,2022-02-22T21:00:00Z,405.422784,2022-02-28T21:00:00Z,405.685589,54.14,16.8844,-4050.66,1121.42,4050.66,6.0,True,799;891
AMGN,Short,126,2022-02-28T21:00:00Z,195.018115,2022-03-01T21:00:00Z,196.10624,-137.1,9.9085,-137.1,0.0,137.1,1.0,False,883;892
CVX,Short,218,2022-02-14T21:00:00Z,114.131254,2022-03-01T21:00:00Z,121.302199,-1563.27,10.3923,-2413.06,736.28,3149.34,15.0,False,671;893
DE,Short,78,2022-02-24T21:00:00Z,309.993582,2022-03-01T21:00:00Z,340.317505,-2365.27,5.2706,-2365.27,0.0,2365.27,5.0,False,833;894
INTC,Long,573,2022-02-25T21:00:00Z,43.922981,2022-03-01T21:00:00Z,44.427628,289.16,10.1239,-96.39,374.84,471.23,4.0,True,856;895
LMT,Long,73,2022-02-24T21:00:00Z,351.935077,2022-03-01T21:00:00Z,386.729894,2540.02,5.9206,0.0,3911.88,1371.85,5.0,True,831;896
MDLZ,Short,437,2022-02-25T21:00:00Z,57.594846,2022-03-01T21:00:00Z,57.57713,7.74,10.1496,-178.06,263.22,255.48,4.0,True,864;897
MMM,Long,278,2022-02-28T21:00:00Z,88.883902,2022-03-01T21:00:00Z,88.74056,-39.85,9.7428,-679.09,0.0,679.09,1.0,False,887;898
PM,Long,296,2022-02-25T21:00:00Z,85.376278,2022-03-01T21:00:00Z,83.130833,-664.65,10.0638,-664.65,0.0,664.65,4.0,False,858;899
RTX,Short,292,2022-02-25T21:00:00Z,85.577874,2022-03-01T21:00:00Z,93.57241,-2334.4,10.656,-2334.4,0.0,2334.4,4.0,False,859;900
BX,Long,227,2022-02-28T21:00:00Z,107.644873,2022-03-01T21:00:00Z,108.243756,135.95,4.8071,-400.07,135.95,400.07,1.0,True,884;901
SPGI,Short,72,2022-02-25T21:00:00Z,345.597741,2022-03-01T21:00:00Z,343.950781,118.58,10.1085,-705.59,269.26,974.85,4.0,True,862;902
USB,Short,554,2022-02-25T21:00:00Z,45.561517,2022-03-01T21:00:00Z,45.659534,-54.3,4.8745,-343.91,868.82,923.12,4.0,False,867;903
ZTS,Short,141,2022-02-24T21:00:00Z,174.443228,2022-03-01T21:00:00Z,183.828522,-1323.33,10.2484,-1430.26,0.0,1430.26,5.0,False,814;904
AMD,Short,228,2022-02-24T21:00:00Z,104.6,2022-03-01T21:00:00Z,122.26,-4026.48,15.1068,-4272.72,0.0,4272.72,5.0,False,807;908
SPY,Long,160,2022-02-22T21:00:00Z,405.422784,2022-03-01T21:00:00Z,408.398106,476.05,12.9144,-3146.14,871.01,3146.14,7.0,True,799;920
AMD,Long,202,2022-03-01T21:00:00Z,122.26,2022-03-02T21:00:00Z,115.5,-1365.52,4.7785,-1365.52,0.0,1365.52,1.0,False,908;921
AVGO,Short,471,2022-02-22T21:00:00Z,53.431202,2022-03-02T21:00:00Z,52.927282,237.35,10.0947,-347.99,642.18,990.17,8.0,True,789;922
BKNG,Short,294,2022-03-01T21:00:00Z,83.947736,2022-03-02T21:00:00Z,81.709208,658.13,9.7312,-173.12,658.13,173.12,1.0,True,918;923
BMY,Short,436,2022-03-01T21:00:00Z,56.840118,2022-03-02T21:00:00Z,57.374142,-232.83,10.0031,-265.58,0.0,265.58,1.0,False,912;924
KO,Short,461,2022-03-01T21:00:00Z,54.096716,2022-03-02T21:00:00Z,53.905193,88.29,9.9851,-116.39,88.29,116.39,1.0,True,907;925
MO,Long,700,2022-02-28T21:00:00Z,35.233095,2022-03-02T21:00:00Z,35.746737,359.55,10.1111,0.0,991.19,631.64,2.0,True,886;926
MS,Long,315,2022-02-25T21:00:00Z,79.611511,2022-03-02T21:00:00Z,76.144126,-1092.23,9.9668,-1209.35,0.0,1209.35,5.0,False,857;927
PFE,Short,648,2022-02-16T21:00:00Z,38.788809,2022-03-02T21:00:00Z,35.94128,1845.2,9.8468,0.0,2006.97,985.79,14.0,True,723;928
TFC,Short,409,2022-02-28T21:00:00Z,58.678318,2022-03-02T21:00:00Z,57.291147,567.35,9.7529,-79.35,928.4,1007.75,2.0,True,890;929
ABNB,Long,165,2022-03-01T21:00:00Z,150.53,2022-03-02T21:00:00Z,152.48,321.75,10.1818,0.0,1155.0,833.25,1.0,True,917;930
WMT,Long,583,2022-02-28T21:00:00Z,42.443757,2022-03-02T21:00:00Z,42.65126,120.97,9.9463,0.0,212.62,91.65,2.0,True,880;931
MRK,Short,376,2022-03-01T21:00:00Z,66.273534,2022-03-02T21:00:00Z,66.108933,61.89,14.9763,-55.38,61.89,55.38,1.0,True,910;936
CB,Long,129,2022-02-28T21:00:00Z,187.135664,2022-03-02T21:00:00Z,187.686613,71.07,14.9029,-103.6,469.8,398.73,2.0,True,888;944
SNOW,Short,92,2022-02-28T21:00:00Z,270.82,2022-03-02T21:00:00Z,265.65,475.64,9.8465,0.0,701.96,226.32,2.0,True,889;946
ABBV,Short,198,2022-03-02T21:00:00Z,125.479894,2022-03-03T21:00:00Z,127.514197,-402.79,10.1119,-507.28,0.0,507.28,1.0,False,934;951
BLK,Short,39,2022-03-02T21:00:00Z,640.700712,2022-03-03T21:00:00Z,664.700293,-935.98,10.2431,-935.98,0.0,935.98,1.0,False,942;952
TEAM,Short,81,2022-03-02T21:00:00Z,310.23,2022-03-03T21:00:00Z,309.9,26.73,9.6578,0.0,1891.35,1864.62,1.0,True,949;953
HON,Short,146,2022-03-01T21:00:00Z,168.030956,2022-03-03T21:00:00Z,170.947753,-425.85,9.7549,-425.85,23.66,449.51,2.0,False,916;954
LMT,Short,61,2022-03-02T21:00:00Z,396.685669,2022-03-03T21:00:00Z,394.962725,105.1,9.7279,-55.26,105.1,55.26,1.0,True,941;955
LOW,Short,124,2022-02-28T21:00:00Z,198.573315,2022-03-03T21:00:00Z,209.413228,-1344.15,10.1403,-1344.15,0.0,1344.15,3.0,False,882;956
MA,Long,71,2022-03-01T21:00:00Z,348.850001,2022-03-03T21:00:00Z,338.887036,-707.37,9.4889,-1166.95,0.0,1166.95,2.0,False,906;957
MRK,Long,377,2022-03-02T21:00:00Z,66.108933,2022-03-03T21:00:00Z,66.50744,150.24,5.0395,0.0,274.35,124.11,1.0,True,936;958
PM,Long,299,2022-03-02T21:00:00Z,83.435161,2022-03-03T21:00:00Z,83.591437,46.73,10.0841,0.0,255.77,209.04,1.0,True,937;959
PYPL,Short,225,2022-03-01T21:00:00Z,111.506492,2022-03-03T21:00:00Z,106.42318,1143.75,9.2501,0.0,2538.94,1395.19,2.0,True,915;960
T,Long,1792,2022-03-01T21:00:00Z,13.913649,2022-03-03T21:00:00Z,14.102069,337.65,10.0113,0.0,337.65,0.0,2.0,True,911;961
TGT,Short,145,2022-02-28T21:00:00Z,170.204251,2022-03-03T21:00:00Z,195.007019,-3596.4,5.5994,-3596.4,0.0,3596.4,3.0,False,885;962
CB,Short,133,2022-03-02T21:00:00Z,187.686613,2022-03-03T21:00:00Z,190.982964,-438.41,10.1184,-622.23,0.0,622.23,1.0,False,944;980
SPY,Long,6,2022-02-22T21:00:00Z,405.422784,2022-03-03T21:00:00Z,413.532179,48.66,22.5741,-117.98,48.66,117.98,9.0,True,799;984
SPY,Long,223,2022-02-24T21:00:00Z,385.75938,2022-03-03T21:00:00Z,413.532179,6193.33,17.9291,0.0,6193.33,1626.3,7.0,True,837;984
SPY,Long,47,2022-03-02T21:00:00Z,405.75129,2022-03-03T21:00:00Z,413.532179,365.7,17.2619,-939.62,365.7,0.0,1.0,True,950;984
AMZN,Short,165,2022-02-25T21:00:00Z,150.19681,2022-03-04T21:00:00Z,146.813765,558.2,9.858,-495.98,808.08,495.98,7.0,True,853;985
SNOW,Long,94,2022-03-02T21:00:00Z,265.65,2022-03-04T21:00:00Z,220.0,-4291.1,3.9414,-5264.0,0.0,5264.0,2.0,False,946;986
BMY,Short,433,2022-03-03T21:00:00Z,57.449239,2022-03-04T21:00:00Z,56.956936,213.17,10.0058,-184.26,213.17,184.26,1.0,True,968;987
DIS,Short,176,2022-03-02T21:00:00Z,142.050704,2022-03-04T21:00:00Z,139.75284,404.42,9.8297,0.0,991.44,587.01,2.0,True,933;988
IBM,Short,237,2022-03-03T21:00:00Z,105.837471,2022-03-04T21:00:00Z,105.363168,112.41,10.139,-333.22,112.41,333.22,1.0,True,970;989
BX,Short,223,2022-03-03T21:00:00Z,111.332279,2022-03-04T21:00:00Z,106.21611,1140.91,9.4253,0.0,1711.36,570.45,1.0,True,977;990
ABNB,Short,158,2022-03-03T21:00:00Z,158.33,2022-03-04T21:00:00Z,150.77,1194.48,9.3027,0.0,2469.54,1275.06,1.0,True,976;991
WFC,Long,502,2022-02-18T21:00:00Z,50.127278,2022-03-04T21:00:00Z,44.636935,-2756.15,9.3611,-3293.94,0.0,3293.94,14.0,False,766;992
CB,Long,130,2022-03-03T21:00:00Z,190.982964,2022-03-04T21:00:00Z,188.657776,-302.27,9.9413,-302.27,121.4,423.67,1.0,False,980;1007
BKNG,Short,294,2022-03-03T21:00:00Z,84.681148,2022-03-04T21:00:00Z,80.034121,1366.23,14.075,0.0,2092.82,726.59,1.0,True,979;1008
SPY,Long,163,2022-03-02T21:00:00Z,405.75129,2022-03-04T21:00:00Z,405.178752,-93.32,35.7765,-3258.68,1268.28,1361.61,2.0,False,950;1010
ADP,Long,137,2022-03-02T21:00:00Z,181.411079,2022-03-08T21:00:00Z,185.782107,598.83,10.0826,0.0,674.76,377.18,6.0,True,945;1011
C,Long,503,2022-03-04T21:00:00Z,47.954777,2022-03-08T21:00:00Z,48.63092,340.1,9.5968,-499.39,340.1,499.39,4.0,True,1001;1012
CB,Short,129,2022-03-04T21:00:00Z,188.657776,2022-03-08T21:00:00Z,186.939564,221.65,4.7618,0.0,527.62,305.97,4.0,True,1007;1013
DE,Long,69,2022-03-04T21:00:00Z,356.906641,2022-03-08T21:00:00Z,352.187074,-325.65,9.815,-906.1,0.0,906.1,4.0,False,1000;1014
INTU,Short,54,2022-02-22T21:00:00Z,463.850473,2022-03-08T21:00:00Z,423.740885,2165.92,9.6601,-897.68,2220.2,1572.51,14.0,True,791;1017
NKE,Long,199,2022-02-25T21:00:00Z,126.088623,2022-03-08T21:00:00Z,114.740993,-2258.18,9.4694,-2992.92,0.0,2992.92,11.0,False,855;1019
PFE,Short,669,2022-03-03T21:00:00Z,37.197314,2022-03-08T21:00:00Z,37.119299,52.19,9.9446,-506.26,125.26,506.26,5.0,True,964;1020
PLD,Short,197,2022-03-02T21:00:00Z,126.731862,2022-03-08T21:00:00Z,128.508153,-349.93,10.0585,-781.79,0.0,781.79,6.0,False,943;1021
AMAT,Long,194,2022-03-03T21:00:00Z,129.96304,2022-03-08T21:00:00Z,115.32908,-2838.99,14.6813,-2945.45,0.0,2945.45,5.0,False,969;1033
MU,Short,273,2022-03-03T21:00:00Z,89.5037,2022-03-08T21:00:00Z,74.537539,4085.76,13.9469,0.0,4232.54,389.63,5.0,True,973;1037
ACN,Long,86,2022-03-01T21:00:00Z,288.640324,2022-03-08T21:00:00Z,276.539283,-1040.69,9.5999,-1204.35,152.7,1357.05,7.0,False,909;1044
AMT,Short,124,2022-03-03T21:00:00Z,202.706729,2022-03-08T21:00:00Z,201.873259,103.35,9.9735,-516.75,593.19,516.75,5.0,True,971;1045
BKNG,Long,302,2022-03-04T21:00:00Z,80.034121,2022-03-08T21:00:00Z,72.027935,-2417.87,4.483,-2727.39,0.0,2727.39,4.0,False,1008;1046
CAT,Short,139,2022-03-03T21:00:00Z,179.234627,2022-03-08T21:00:00Z,190.045075,-1502.65,10.4348,-2149.59,0.0,2149.59,5.0,False,974;1047
CME,Long,127,2022-03-03T21:00:00Z,196.763953,2022-03-08T21:00:00Z,194.196893,-326.02,9.7187,-1640.57,565.03,2205.59,5.0,False,981;1048
COP,Short,307,2022-03-02T21:00:00Z,82.08282,2022-03-08T21:00:00Z,85.022725,-902.55,10.123,-902.55,151.71,1054.26,6.0,False,940;1049
DHR,Long,122,2022-02-22T21:00:00Z,204.380247,2022-03-08T21:00:00Z,199.012732,-654.84,9.8074,-833.77,1226.3,2060.07,14.0,False,790;1050
GOOGL,Short,190,2022-02-25T21:00:00Z,132.293139,2022-03-08T21:00:00Z,125.059967,1374.3,9.8457,-283.25,1374.3,283.25,11.0,True,852;1051
GS,Long,83,2022-03-04T21:00:00Z,292.927319,2022-03-08T21:00:00Z,289.818886,-258.0,9.6812,-418.6,0.0,418.6,4.0,False,1002;1052
JPM,Long,197,2022-03-01T21:00:00Z,124.847677,2022-03-08T21:00:00Z,115.774341,-1787.45,9.3155,-2023.19,0.0,2023.19,7.0,False,905;1053
LLY,Short,103,2022-03-02T21:00:00Z,240.343708,2022-03-08T21:00:00Z,250.242903,-1019.62,10.1956,-1311.15,0.0,1311.15,6.0,False,935;1054
PNC,Short,156,2022-03-02T21:00:00Z,161.326663,2022-03-08T21:00:00Z,154.81416,1015.95,9.9423,-210.61,1496.77,480.82,6.0,True,948;1055
NFLX,Long,655,2022-03-03T21:00:00Z,38.6,2022-03-08T21:00:00Z,34.967,-2379.62,9.2988,-2897.72,0.0,2897.72,5.0,False,966;1056
ORCL,Long,350,2022-02-28T21:00:00Z,70.768162,2022-03-08T21:00:00Z,69.138939,-570.23,9.7843,-740.64,881.56,1622.2,8.0,False,881;1057
PG,Long,183,2022-03-02T21:00:00Z,135.884721,2022-03-08T21:00:00Z,135.413177,-86.29,9.7843,-972.01,387.5,1359.51,6.0,False,932;1058
PYPL,Long,247,2022-03-04T21:00:00Z,99.174022,2022-03-08T21:00:00Z,91.974312,-1778.33,9.5175,-1778.33,0.0,1778.33,4.0,False,999;1059
SBUX,Short,302,2022-03-04T21:00:00Z,81.56362,2022-03-08T21:00:00Z,75.959876,1692.33,9.4245,0.0,1887.29,194.96,4.0,True,1006;1060
RTX,Short,273,2022-03-04T21:00:00Z,90.292833,2022-03-08T21:00:00Z,89.039145,342.26,9.6447,0.0,1125.98,783.72,4.0,True,997;1061
SHOP,Long,360,2022-03-01T21:00:00Z,68.283,2022-03-08T21:00:00Z,55.256,-4689.72,8.5564,-6043.68,0.0,6043.68,7.0,False,919;1062
TFC,Long,422,2022-03-04T21:00:00Z,57.087437,2022-03-08T21:00:00Z,55.680864,-593.57,9.4816,-1072.53,0.0,1072.53,4.0,False,1009;1063
UNP,Long,109,2022-03-03T21:00:00Z,229.065555,2022-03-08T21:00:00Z,235.894312,744.33,10.0083,-45.23,1052.1,1097.33,5.0,True,967;1064
LMT,Long,62,2022-03-04T21:00:00Z,399.696381,2022-03-08T21:00:00Z,411.890207,756.02,14.7767,-55.06,873.3,928.36,4.0,True,998;1075
AXP,Short,135,2022-03-01T21:00:00Z,184.796085,2022-03-08T21:00:00Z,152.378217,4376.41,13.6473,0.0,4557.11,180.7,7.0,True,914;1076
BA,Short,131,2022-03-04T21:00:00Z,187.37,2022-03-08T21:00:00Z,169.91,2287.26,14.4013,0.0,2384.2,606.53,4.0,True,1005;1078
ADI,Long,168,2022-03-03T21:00:00Z,149.81825,2022-03-08T21:00:00Z,135.435846,-2416.24,14.6403,-2416.24,0.0,2416.24,5.0,False,983;1082
AMAT,Short,216,2022-03-08T21:00:00Z,115.32908,2022-03-09T21:00:00Z,122.944516,-1644.93,5.3495,-1836.25,0.0,1836.25,1.0,False,1033;1084
ANTM,Long,58,2022-03-08T21:00:00Z,425.402976,2022-03-09T21:00:00Z,434.469891,525.88,10.0598,0.0,765.31,239.43,1.0,True,1031;1085
BLK,Short,37,2022-03-04T21:00:00Z,646.758719,2022-03-09T21:00:00Z,615.361361,1161.7,9.213,0.0,1959.81,1006.92,5.0,True,1004;1086
CB,Long,133,2022-03-08T21:00:00Z,186.939564,2022-03-09T21:00:00Z,189.386148,325.4,9.9752,0.0,465.74,140.34,1.0,True,1080;1087
COST,Short,49,2022-03-08T21:00:00Z,500.248096,2022-03-09T21:00:00Z,501.578998,-65.21,9.7915,-66.61,0.0,66.61,1.0,False,1069;1088
CRM,Long,123,2022-02-14T21:00:00Z,201.944831,2022-03-09T21:00:00Z,194.634389,-899.18,9.8864,-1841.82,1019.88,2861.7,23.0,False,675;1089
CSX,Long,715,2022-03-08T21:00:00Z,34.525974,2022-03-09T21:00:00Z,33.529852,-712.23,9.353,-1431.17,0.0,1431.17,1.0,False,1041;1090
CVX,Short,183,2022-03-08T21:00:00Z,137.32135,2022-03-09T21:00:00Z,136.074952,228.09,10.3115,-323.0,228.09,323.0,1.0,True,1025;1091
BDX,Long,128,2022-03-08T21:00:00Z,192.886623,2022-03-09T21:00:00Z,187.874068,-641.61,9.562,-810.58,0.0,810.58,1.0,False,1081;1092
HON,Short,151,2022-03-08T21:00:00Z,164.204909,2022-03-09T21:00:00Z,168.021953,-576.37,10.0221,-576.37,0.0,576.37,1.0,False,1030;1093
IBM,Long,232,2022-03-08T21:00:00Z,107.243443,2022-03-09T21:00:00Z,107.793974,127.72,9.8995,-78.6,127.72,78.6,1.0,True,1032;1094
MDT,Short,282,2022-02-25T21:00:00Z,88.884031,2022-03-09T21:00:00Z,90.951102,-582.91,10.1306,-1131.97,12.09,1131.97,12.0,False,860;1095
MMM,Long,283,2022-03-03T21:00:00Z,88.704725,2022-03-09T21:00:00Z,88.310535,-111.56,9.969,-880.61,0.0,880.61,6.0,False,982;1096
MO,Short,678,2022-03-08T21:00:00Z,36.718493,2022-03-09T21:00:00Z,35.781443,635.32,9.59,0.0,894.15,258.83,1.0,True,1035;1097
PM,Short,324,2022-03-08T21:00:00Z,77.471981,2022-03-09T21:00:00Z,78.319164,-274.49,10.0084,-274.49,101.27,375.75,1.0,False,1074;1098
T,Long,1792,2022-03-08T21:00:00Z,13.860656,2022-03-09T21:00:00Z,13.707565,-274.34,9.7644,-295.44,0.0,295.44,1.0,False,1072;1099
WFC,Long,608,2022-03-08T21:00:00Z,41.664115,2022-03-09T21:00:00Z,43.565649,1156.13,10.3791,0.0,1351.53,195.4,1.0,True,1028;1100
AXP,Long,164,2022-03-08T21:00:00Z,152.378217,2022-03-09T21:00:00Z,159.497807,1167.61,10.4696,0.0,1264.14,96.52,1.0,True,1076;1106
LMT,Short,60,2022-03-08T21:00:00Z,411.890207,2022-03-09T21:00:00Z,389.483053,1344.43,9.7277,0.0,1344.43,0.0,1.0,True,1075;1107
PLD,Long,192,2022-03-08T21:00:00Z,128.508153,2022-03-09T21:00:00Z,129.261994,144.74,14.9829,0.0,361.01,216.27,1.0,True,1077;1109
BA,Long,147,2022-03-08T21:00:00Z,169.91,2022-03-09T21:00:00Z,179.8,1453.83,10.3565,0.0,1453.83,0.0,1.0,True,1078;1111
TGT,Short,136,2022-03-08T21:00:00Z,182.165808,2022-03-09T21:00:00Z,184.313197,-292.04,15.1046,-559.46,0.0,559.46,1.0,False,1079;1112
HCA,Short,99,2022-03-08T21:00:00Z,249.652178,2022-03-09T21:00:00Z,253.29386,-360.53,15.0188,-431.87,0.0,431.87,1.0,False,1043;1115
ADI,Short,183,2022-03-08T21:00:00Z,135.435846,2022-03-09T21:00:00Z,142.051752,-1210.71,10.3487,-1300.71,0.0,1300.71,1.0,False,1082;1116
AMD,Long,241,2022-03-08T21:00:00Z,102.79,2022-03-10T21:00:00Z,108.88,1467.69,10.2179,0.0,1990.66,1106.19,2.0,True,1029;1118
AXP,Short,163,2022-03-09T21:00:00Z,159.497807,2022-03-10T21:00:00Z,157.19106,376.0,5.2467,-235.19,376.0,235.19,1.0,True,1106;1119
CAT,Long,127,2022-03-09T21:00:00Z,196.05294,2022-03-10T21:00:00Z,194.143032,-242.56,9.9277,-242.56,38.86,281.41,1.0,False,1108;1120
HCA,Long,100,2022-03-09T21:00:00Z,253.29386,2022-03-10T21:00:00Z,251.179955,-211.39,5.1329,-211.39,335.34,546.73,1.0,False,1115;1121
INTC,Long,545,2022-03-03T21:00:00Z,44.969656,2022-03-10T21:00:00Z,44.165959,-438.01,9.6353,-743.61,0.0,743.61,7.0,False,965;1122
INTU,Short,58,2022-03-09T21:00:00Z,441.18614,2022-03-10T21:00:00Z,437.281495,226.47,10.282,0.0,230.39,3.92,1.0,True,1104;1123
ISRG,Short,85,2022-03-08T21:00:00Z,286.66,2022-03-10T21:00:00Z,272.3,1220.6,9.2657,0.0,1220.6,0.0,2.0,True,1034;1124
LIN,Short,90,2022-03-01T21:00:00Z,273.806035,2022-03-10T21:00:00Z,264.115589,872.14,9.5721,-64.98,1773.08,1838.06,9.0,True,913;1125
LMT,Long,62,2022-03-09T21:00:00Z,389.483053,2022-03-10T21:00:00Z,400.211488,665.16,4.8946,0.0,665.16,0.0,1.0,True,1107;1126
NEE,Long,334,2022-03-08T21:00:00Z,74.104826,2022-03-10T21:00:00Z,70.254766,-1285.92,9.5624,-1285.92,0.0,1285.92,2.0,False,1073;1127
SYK,Short,97,2022-03-03T21:00:00Z,256.838982,2022-03-10T21:00:00Z,234.494372,2167.43,9.5293,0.0,2167.43,360.93,7.0,True,975;1128
UPS,Long,154,2022-03-08T21:00:00Z,161.320733,2022-03-10T21:00:00Z,163.410359,321.8,10.1055,0.0,652.22,330.42,2.0,True,1070;1129
ABNB,Long,189,2022-03-08T21:00:00Z,131.83,2022-03-10T21:00:00Z,145.0,2489.13,11.1106,0.0,3774.33,1285.2,2.0,True,1038;1130
WMT,Long,558,2022-03-08T21:00:00Z,44.487346,2022-03-10T21:00:00Z,43.855405,-352.62,9.8724,-357.89,198.24,550.86,2.0,False,1066;1131
SPY,Short,82,2022-03-04T21:00:00Z,405.178752,2022-03-10T21:00:00Z,396.478047,713.46,6.5493,0.0,1188.33,858.92,6.0,True,1010;1151
AMGN,Short,123,2022-03-09T21:00:00Z,203.897215,2022-03-11T21:00:00Z,198.569755,655.28,9.8572,0.0,779.48,203.44,2.0,True,1105;1152
COP,Short,309,2022-03-10T21:00:00Z,81.479763,2022-03-11T21:00:00Z,83.188426,-527.98,10.2557,-527.98,0.0,527.98,1.0,False,1143;1153
JPM,Long,209,2022-03-10T21:00:00Z,116.988882,2022-03-11T21:00:00Z,118.310588,276.24,9.7336,-393.82,276.24,393.82,1.0,True,1133;1154
KO,Short,467,2022-03-08T21:00:00Z,53.530851,2022-03-11T21:00:00Z,50.457768,1435.13,9.4792,0.0,1467.65,32.52,3.0,True,1026;1155
MA,Short,81,2022-03-08T21:00:00Z,302.203438,2022-03-11T21:00:00Z,322.646038,-1655.85,10.0933,-1655.85,0.0,1655.85,3.0,False,1067;1156
NFLX,Long,695,2022-03-10T21:00:00Z,35.551,2022-03-11T21:00:00Z,36.119,394.76,9.6896,-1055.7,394.76,1055.7,1.0,True,1138;1157
PLD,Short,195,2022-03-09T21:00:00Z,129.261994,2022-03-11T21:00:00Z,131.740136,-483.24,4.9956,-483.24,228.1,711.34,2.0,False,1109;1158
QCOM,Long,183,2022-03-08T21:00:00Z,135.935119,2022-03-11T21:00:00Z,142.607557,1221.06,10.0299,0.0,1221.06,789.22,3.0,True,1071;1159
RTX,Short,278,2022-03-10T21:00:00Z,89.1845,2022-03-11T21:00:00Z,89.738667,-154.06,9.8714,-154.06,315.69,469.75,1.0,False,1139;1160
AMAT,Long,201,2022-03-10T21:00:00Z,121.03825,2022-03-11T21:00:00Z,125.062589,808.89,14.55,-402.51,808.89,402.51,1.0,True,1144;1167
EL,Short,91,2022-03-03T21:00:00Z,273.617597,2022-03-14T20:00:00Z,247.28748,2396.04,9.1779,0.0,3723.04,1327.0,10.9583,True,972;1170
MRK,Long,371,2022-03-04T21:00:00Z,66.429471,2022-03-14T20:00:00Z,68.086688,614.83,10.0472,0.0,614.83,260.34,9.9583,True,996;1171
NOW,Short,220,2022-03-04T21:00:00Z,111.098,2022-03-14T20:00:00Z,102.992,1783.32,9.1711,-179.96,2657.16,1820.72,9.9583,True,1003;1172
PYPL,Long,255,2022-03-11T21:00:00Z,98.54108,2022-03-14T20:00:00Z,94.941226,-917.96,9.7566,-917.96,0.0,917.96,2.9583,False,1166;1173
SCHW,Short,341,2022-03-02T21:00:00Z,74.381835,2022-03-14T20:00:00Z,77.228222,-970.62,10.5756,-1306.97,1117.97,2424.94,11.9583,False,938;1174
T,Long,1820,2022-03-10T21:00:00Z,13.619243,2022-03-14T20:00:00Z,13.672236,96.45,9.8741,-267.91,96.45,332.21,3.9583,True,1136;1175
TGT,Long,138,2022-03-09T21:00:00Z,184.313197,2022-03-14T20:00:00Z,179.561345,-655.76,4.969,-797.38,126.15,923.53,4.9583,False,1112;1176
SPY,Short,139,2022-03-04T21:00:00Z,405.178752,2022-03-14T20:00:00Z,395.126482,1397.27,10.8807,0.0,2014.36,1559.04,9.9583,True,1010;1184
AVGO,Short,473,2022-03-08T21:00:00Z,52.710789,2022-03-15T20:00:00Z,53.180624,-222.23,10.1853,-1082.83,190.42,1087.63,6.9583,False,1027;1185
HON,Short,149,2022-03-10T21:00:00Z,164.64603,2022-03-15T20:00:00Z,166.779613,-317.9,9.9835,-657.27,87.19,744.46,4.9583,False,1142;1186
INTU,Short,57,2022-03-11T21:00:00Z,442.23962,2022-03-15T20:00:00Z,413.467032,1640.04,9.6849,0.0,1814.67,829.11,3.9583,True,1165;1187
MCD,Long,122,2022-03-14T20:00:00Z,203.616312,2022-03-15T20:00:00Z,205.416235,219.59,10.0737,0.0,693.91,474.32,1.0,True,1179;1188
NKE,Long,224,2022-03-09T21:00:00Z,116.701594,2022-03-15T20:00:00Z,109.564639,-1598.68,10.1113,-2013.23,0.0,2013.23,5.9583,False,1102;1189
ADI,Long,180,2022-03-09T21:00:00Z,142.051752,2022-03-15T20:00:00Z,136.697786,-963.71,5.0414,-1245.98,0.0,1245.98,5.9583,False,1116;1190
PFE,Short,673,2022-03-09T21:00:00Z,37.548379,2022-03-15T20:00:00Z,41.05123,-2357.42,10.6068,-2357.42,0.0,2357.42,5.9583,False,1101;1191
TXN,Long,164,2022-03-11T21:00:00Z,152.86803,2022-03-15T20:00:00Z,147.734336,-841.93,9.8805,-1035.11,0.0,1035.11,3.9583,False,1163;1192
UNP,Long,108,2022-03-10T21:00:00Z,227.324538,2022-03-15T20:00:00Z,236.606957,1002.5,10.1279,0.0,1002.5,376.06,4.9583,True,1137;1193
V,Long,135,2022-03-08T21:00:00Z,183.556948,2022-03-15T20:00:00Z,195.236966,1576.8,10.3777,0.0,2105.01,528.21,6.9583,True,1024;1194
ZTS,Long,139,2022-03-08T21:00:00Z,176.111725,2022-03-15T20:00:00Z,177.429458,183.16,9.7644,-146.27,499.42,645.69,6.9583,True,1036;1195
AMD,Long,234,2022-03-11T21:00:00Z,108.0,2022-03-16T20:00:00Z,111.58,837.72,10.2801,-1345.5,1724.58,1345.5,4.9583,True,1162;1212
AMGN,Short,124,2022-03-15T20:00:00Z,201.41629,2022-03-16T20:00:00Z,202.40866,-123.05,10.0004,-123.05,0.0,123.05,1.0,False,1203;1213
CB,Long,130,2022-03-10T21:00:00Z,188.200208,2022-03-16T20:00:00Z,194.820926,860.69,10.0124,0.0,1144.76,284.07,5.9583,True,1147;1214
COP,Short,307,2022-03-15T20:00:00Z,77.894921,2022-03-16T20:00:00Z,79.444444,-475.7,9.7645,-475.7,0.0,475.7,1.0,False,1202;1215
GOOGL,Short,188,2022-03-10T21:00:00Z,130.028687,2022-03-16T20:00:00Z,129.617103,77.38,9.8965,-375.16,989.8,1364.96,5.9583,True,1132;1216
LMT,Short,64,2022-03-14T20:00:00Z,399.145749,2022-03-16T20:00:00Z,386.374648,817.35,9.842,0.0,1597.76,780.4,2.0,True,1181;1217
PNC,Long,157,2022-03-10T21:00:00Z,156.300064,2022-03-16T20:00:00Z,159.968123,575.89,10.0607,-257.28,1107.78,531.89,5.9583,True,1150;1218
MS,Short,339,2022-03-15T20:00:00Z,74.146704,2022-03-16T20:00:00Z,76.100892,-662.47,10.4418,-1767.56,0.0,1767.56,1.0,False,1201;1219
NOW,Long,251,2022-03-15T20:00:00Z,100.036,2022-03-16T20:00:00Z,105.702,1422.17,10.6587,0.0,2370.44,948.28,1.0,True,1205;1220
ORCL,Long,342,2022-03-14T20:00:00Z,72.959184,2022-03-16T20:00:00Z,75.712008,941.47,10.059,0.0,941.47,208.15,2.0,True,1178;1221
TFC,Long,442,2022-03-15T20:00:00Z,56.621813,2022-03-16T20:00:00Z,57.087437,205.81,10.0956,0.0,574.54,368.74,1.0,True,1210;1222
TGT,Long,138,2022-03-15T20:00:00Z,181.544877,2022-03-16T20:00:00Z,187.081517,764.06,10.2595,0.0,764.06,0.0,1.0,True,1206;1223
TMO,Long,45,2022-02-16T21:00:00Z,544.754199,2022-03-16T20:00:00Z,549.450432,211.33,9.8808,-1259.05,465.77,1440.12,27.9583,True,727;1224
XOM,Long,359,2022-03-03T21:00:00Z,68.674353,2022-03-16T20:00:00Z,66.911488,-632.87,9.7548,-904.54,2441.95,3346.49,12.9583,False,963;1225
SPY,Short,57,2022-03-04T21:00:00Z,405.178752,2022-03-16T20:00:00Z,403.564381,92.02,5.397,-210.25,826.03,1036.28,11.9583,True,1010;1236
SPY,Short,9,2022-03-08T21:00:00Z,394.08465,2022-03-16T20:00:00Z,403.564381,-85.32,8.9077,-133.04,30.58,157.29,7.9583,False,1083;1236
ADBE,Long,54,2022-03-04T21:00:00Z,455.49,2022-03-17T20:00:00Z,440.41,-814.32,9.6821,-2375.46,0.0,2375.46,12.9583,False,995;1237
AMAT,Short,207,2022-03-11T21:00:00Z,125.062589,2022-03-17T20:00:00Z,124.600464,95.66,5.2609,-416.52,1947.08,2363.6,5.9583,True,1167;1238
EL,Long,106,2022-03-15T20:00:00Z,237.063997,2022-03-17T20:00:00Z,250.493936,1423.57,10.4682,0.0,1706.32,282.74,2.0,True,1208;1239
ISRG,Long,91,2022-03-14T20:00:00Z,272.29,2022-03-17T20:00:00Z,277.74,495.95,9.9509,-208.39,970.06,474.11,3.0,True,1183;1240
MU,Long,336,2022-03-08T21:00:00Z,74.537539,2022-03-17T20:00:00Z,76.443745,640.49,5.2894,-2249.91,1402.5,3297.68,8.9583,True,1037;1241
NEE,Long,355,2022-03-15T20:00:00Z,70.819912,2022-03-17T20:00:00Z,72.90389,739.81,10.3241,0.0,780.56,40.75,2.0,True,1200;1242
PLD,Short,192,2022-03-15T20:00:00Z,131.202916,2022-03-17T20:00:00Z,133.888791,-515.69,10.2915,-1005.64,0.0,1005.64,2.0,False,1204;1243
PM,Short,323,2022-03-10T21:00:00Z,76.435622,2022-03-17T20:00:00Z,76.904451,-151.43,9.8415,-223.16,1078.62,1301.78,6.9583,False,1140;1244
SYK,Long,106,2022-03-15T20:00:00Z,238.883151,2022-03-17T20:00:00Z,246.706627,829.29,10.4842,0.0,1377.43,548.14,2.0,True,1207;1245
MMC,Long,172,2022-03-16T20:00:00Z,145.342205,2022-03-17T20:00:00Z,146.91614,270.72,10.2132,0.0,757.69,486.97,1.0,True,1235;1246
ABNB,Long,179,2022-03-15T20:00:00Z,140.0,2022-03-17T20:00:00Z,153.79,2468.41,10.7937,0.0,3141.45,673.04,2.0,True,1209;1247
WMT,Long,556,2022-03-11T21:00:00Z,44.738864,2022-03-17T20:00:00Z,45.590471,473.49,10.0562,0.0,608.32,134.83,5.9583,True,1161;1248
GS,Short,85,2022-03-14T20:00:00Z,294.907042,2022-03-17T20:00:00Z,302.539277,-648.74,15.2196,-1070.57,3.81,1074.38,3.0,False,1182;1254
SPY,Short,81,2022-03-08T21:00:00Z,394.08465,2022-03-17T20:00:00Z,406.905752,-1038.51,6.7065,-1611.74,275.21,1829.94,8.9583,False,1083;1263
ANTM,Short,56,2022-03-17T20:00:00Z,441.029492,2022-03-18T20:00:00Z,448.475016,-416.95,10.0928,-531.48,0.0,531.48,1.0,False,1255;1264
HCA,Long,97,2022-03-11T21:00:00Z,256.022719,2022-03-18T20:00:00Z,258.621067,252.04,9.8466,-486.75,252.04,587.48,6.9583,True,1168;1265
PNC,Long,153,2022-03-17T20:00:00Z,160.689847,2022-03-18T20:00:00Z,165.504174,736.59,10.0301,0.0,736.59,0.0,1.0,True,1262;1266
MDT,Short,280,2022-03-10T21:00:00Z,88.172136,2022-03-18T20:00:00Z,94.339039,-1726.73,10.3095,-1772.36,0.0,1772.36,7.9583,False,1141;1267
SBUX,Long,320,2022-03-17T20:00:00Z,77.869632,2022-03-18T20:00:00Z,77.188217,-218.05,10.1716,-218.05,789.01,1007.06,1.0,False,1259;1268
SPY,Short,24,2022-03-08T21:00:00Z,394.08465,2022-03-18T20:00:00Z,412.199516,-434.76,6.4452,-586.38,81.54,651.03,9.9583,False,1083;1280
SPY,Short,53,2022-03-09T21:00:00Z,399.049776,2022-03-18T20:00:00Z,412.199516,-696.94,9.3872,-1031.76,443.23,1437.68,8.9583,False,1117;1280
CAT,Long,121,2022-03-18T20:00:00Z,203.488599,2022-03-21T20:00:00Z,204.897852,170.52,9.9758,0.0,474.54,304.02,3.0,True,1275;1281
DE,Short,67,2022-03-16T20:00:00Z,367.391427,2022-03-21T20:00:00Z,390.94216,-1577.9,10.231,-2038.01,0.0,2038.01,5.0,False,1232;1282
FB,Long,123,2022-03-04T21:00:00Z,200.826551,2022-03-21T20:00:00Z,212.276884,1408.39,10.0281,-1963.95,1673.99,1963.95,16.9583,True,993;1283
GS,Long,82,2022-03-17T20:00:00Z,302.539277,2022-03-21T20:00:00Z,308.809892,514.19,4.9803,0.0,561.94,468.65,4.0,True,1254;1284
ISRG,Long,88,2022-03-18T20:00:00Z,283.31,2022-03-21T20:00:00Z,287.66,382.8,10.0917,-2.64,382.8,2.64,3.0,True,1276;1285
MRK,Long,367,2022-03-17T20:00:00Z,68.506221,2022-03-21T20:00:00Z,69.633715,413.79,10.1363,0.0,413.79,3.21,4.0,True,1250;1286
NOW,Short,229,2022-03-17T20:00:00Z,108.076,2022-03-21T20:00:00Z,115.0,-1585.6,10.4102,-1809.1,0.0,1809.1,4.0,False,1257;1287
PYPL,Short,224,2022-03-18T20:00:00Z,110.379064,2022-03-21T20:00:00Z,115.798626,-1213.98,10.3419,-1213.98,0.0,1213.98,3.0,False,1273;1288
RTX,Short,283,2022-03-14T20:00:00Z,88.27603,2022-03-21T20:00:00Z,88.884705,-172.25,10.1286,-712.16,352.22,1064.38,7.0,False,1180;1289
T,Long,1846,2022-03-15T20:00:00Z,13.530921,2022-03-21T20:00:00Z,13.719341,347.82,10.0543,0.0,347.82,54.35,6.0,True,1198;1290
TGT,Long,134,2022-03-17T20:00:00Z,185.417075,2022-03-21T20:00:00Z,194.929402,1274.65,10.2518,0.0,1274.65,329.35,4.0,True,1258;1291
TMUS,Short,204,2022-03-18T20:00:00Z,121.811499,2022-03-21T20:00:00Z,119.732159,424.19,9.762,0.0,561.08,136.9,3.0,True,1271;1292
TXN,Short,158,2022-03-18T20:00:00Z,156.885321,2022-03-21T20:00:00Z,157.606147,-113.89,15.0286,-276.39,0.0,276.39,3.0,False,1269;1298
UNP,Long,106,2022-03-16T20:00:00Z,236.435561,2022-03-21T20:00:00Z,235.307959,-119.53,15.1687,-119.53,230.45,349.97,5.0,False,1229;1299
SQ,Long,178,2022-03-21T20:00:00Z,138.28,2022-03-23T20:00:00Z,138.68,71.2,9.6234,-512.64,624.78,1137.42,2.0,True,1306;1309
ABT,Long,223,2022-02-17T21:00:00Z,112.418776,2022-03-23T20:00:00Z,110.700365,-383.21,9.6825,-1824.3,0.0,1824.3,33.9583,False,745;1326
ADBE,Long,55,2022-03-21T20:00:00Z,451.42,2022-03-23T20:00:00Z,437.05,-790.35,9.6414,-1568.6,826.65,2395.25,2.0,False,1293;1327
AMT,Short,123,2022-03-10T21:00:00Z,200.492826,2022-03-23T20:00:00Z,207.559952,-869.26,9.9698,-1517.46,0.0,1517.46,12.9583,False,1145;1328
BA,Short,143,2022-03-09T21:00:00Z,179.8,2022-03-23T20:00:00Z,190.01,-1460.03,5.3207,-1863.29,612.04,2475.33,13.9583,False,1111;1329
BLK,Short,40,2022-03-10T21:00:00Z,610.515149,2022-03-23T20:00:00Z,669.010086,-2339.8,10.274,-2340.87,0.0,2340.87,12.9583,False,1146;1330
BMY,Short,427,2022-03-16T20:00:00Z,58.350403,2022-03-23T20:00:00Z,59.084685,-313.54,10.0503,-516.63,0.0,516.63,7.0,False,1230;1331
DUK,Long,277,2022-03-08T21:00:00Z,89.546562,2022-03-23T20:00:00Z,89.479461,-18.59,9.8651,-397.3,16.26,397.3,14.9583,False,1042;1332
HD,Long,85,2022-03-16T20:00:00Z,295.092705,2022-03-23T20:00:00Z,290.927695,-354.03,9.8032,-1099.14,692.92,1792.07,7.0,False,1226;1333
LIN,Short,93,2022-03-11T21:00:00Z,271.327129,2022-03-23T20:00:00Z,290.118557,-1747.6,10.2975,-2095.2,248.66,2343.85,11.9583,False,1164;1334
LMT,Short,67,2022-03-17T20:00:00Z,379.278605,2022-03-23T20:00:00Z,394.323282,-1007.99,10.3985,-1078.21,52.36,1130.57,6.0,False,1256;1335
LOW,Short,118,2022-03-17T20:00:00Z,210.217539,2022-03-23T20:00:00Z,207.475571,323.55,9.8189,-616.91,988.99,665.44,6.0,True,1252;1336
MO,Long,704,2022-03-17T20:00:00Z,35.594033,2022-03-23T20:00:00Z,37.107195,1065.27,10.2529,0.0,1065.27,43.98,6.0,True,1260;1337
MS,Long,316,2022-03-17T20:00:00Z,77.985904,2022-03-23T20:00:00Z,81.038241,964.54,10.1771,0.0,1273.3,674.9,6.0,True,1251;1338
MU,Long,316,2022-03-18T20:00:00Z,77.519041,2022-03-23T20:00:00Z,76.082055,-454.09,9.5797,-1127.5,0.0,1127.5,5.0,False,1277;1339
PLD,Long,179,2022-03-21T20:00:00Z,139.741473,2022-03-23T20:00:00Z,137.625101,-378.83,9.8574,-501.99,0.0,501.99,2.0,False,1304;1340
SPGI,Short,70,2022-03-02T21:00:00Z,358.509544,2022-03-23T20:00:00Z,374.578779,-1124.85,10.2527,-1291.73,1082.81,2374.53,20.9583,False,939;1341
UNP,Short,106,2022-03-21T20:00:00Z,235.307959,2022-03-23T20:00:00Z,239.105722,-402.56,5.1191,-653.09,0.0,653.09,2.0,False,1299;1342
WFC,Long,545,2022-03-21T20:00:00Z,46.127809,2022-03-23T20:00:00Z,47.100894,530.33,9.9498,-272.46,841.72,1114.18,2.0,True,1295;1343
AMAT,Long,192,2022-03-21T20:00:00Z,129.096555,2022-03-24T20:00:00Z,127.936429,-222.74,10.085,-493.55,831.83,1054.57,3.0,False,1303;1351
BKNG,Long,313,2022-03-10T21:00:00Z,77.20988,2022-03-24T20:00:00Z,84.555331,2299.13,10.4991,0.0,3497.55,1198.42,13.9583,True,1149;1352
CRM,Long,125,2022-03-10T21:00:00Z,195.203524,2022-03-24T20:00:00Z,208.372132,1646.08,10.1593,-712.65,2437.22,943.24,13.9583,True,1135;1353
CSX,Long,727,2022-03-23T20:00:00Z,34.591756,2022-03-24T20:00:00Z,34.300437,-211.79,9.9841,-211.79,0.0,211.79,1.0,False,1324;1354
COP,Short,301,2022-03-18T20:00:00Z,83.129795,2022-03-24T20:00:00Z,87.920752,-1442.08,10.2932,-1442.08,0.0,1442.08,6.0,False,1274;1355
INTC,Long,564,2022-03-21T20:00:00Z,44.36221,2022-03-24T20:00:00Z,45.502339,643.03,10.4372,0.0,2187.36,1544.33,3.0,True,1296;1356
NOW,Short,213,2022-03-23T20:00:00Z,114.728,2022-03-24T20:00:00Z,114.0,155.06,9.7899,-317.37,155.06,317.37,1.0,True,1323;1357
PM,Short,324,2022-03-18T20:00:00Z,77.471981,2022-03-24T20:00:00Z,76.235875,400.5,10.0059,0.0,454.52,359.23,6.0,True,1272;1358
T,Short,1838,2022-03-23T20:00:00Z,13.678124,2022-03-24T20:00:00Z,13.701676,-43.29,10.0713,-97.4,0.0,97.4,1.0,False,1347;1359
TMUS,Short,211,2022-03-23T20:00:00Z,119.023294,2022-03-24T20:00:00Z,118.739747,59.83,9.9921,0.0,59.83,0.0,1.0,True,1320;1360
TXN,Long,158,2022-03-21T20:00:00Z,157.606147,2022-03-24T20:00:00Z,158.529157,145.84,5.117,-29.17,683.34,537.51,3.0,True,1298;1361
ANTM,Short,55,2022-03-21T20:00:00Z,450.520179,2022-03-28T20:00:00Z,455.74147,-287.17,9.9607,-350.93,821.6,1172.53,7.0,False,1305;1370
C,Short,530,2022-03-09T21:00:00Z,48.784978,2022-03-28T20:00:00Z,48.168746,326.6,10.1492,-231.34,1288.27,1519.61,18.9583,True,1110;1371
CAT,Long,121,2022-03-23T20:00:00Z,205.852805,2022-03-28T20:00:00Z,206.140219,34.78,9.9624,-20.19,149.2,169.4,5.0,True,1322;1372
CME,Long,135,2022-03-09T21:00:00Z,186.764709,2022-03-28T20:00:00Z,205.718943,2558.82,10.6264,0.0,2855.45,691.75,18.9583,True,1114;1373
MDT,Short,268,2022-03-23T20:00:00Z,92.915248,2022-03-28T20:00:00Z,94.220599,-349.83,9.9645,-518.64,498.81,1017.44,5.0,False,1348;1374
MRK,Long,358,2022-03-24T20:00:00Z,69.957105,2022-03-28T20:00:00Z,71.206963,447.45,10.1136,0.0,447.45,39.11,4.0,True,1363;1375
NFLX,Long,657,2022-03-21T20:00:00Z,37.755,2022-03-28T20:00:00Z,37.523,-152.42,9.8957,-243.09,352.81,595.9,7.0,False,1297;1376
SBUX,Long,322,2022-03-24T20:00:00Z,77.8517,2022-03-28T20:00:00Z,78.434489,187.66,10.1335,0.0,447.49,259.83,4.0,True,1367;1377
UPS,Long,144,2022-03-23T20:00:00Z,173.794563,2022-03-28T20:00:00Z,172.891588,-130.03,9.991,-333.7,237.04,367.07,5.0,False,1346;1378
AXP,Short,146,2022-03-17T20:00:00Z,171.041036,2022-03-29T20:00:00Z,182.783614,-1714.42,10.4772,-1714.42,0.0,1714.42,12.0,False,1253;1387
DHR,Long,121,2022-03-15T20:00:00Z,206.253887,2022-03-29T20:00:00Z,227.354422,2553.16,10.5362,0.0,2555.02,721.01,14.0,True,1197;1388
IBM,Long,224,2022-03-28T20:00:00Z,110.699084,2022-03-29T20:00:00Z,111.834024,254.23,9.9949,0.0,254.23,0.0,1.0,True,1384;1389
TXN,Long,153,2022-03-28T20:00:00Z,161.008098,2022-03-29T20:00:00Z,165.236363,646.92,10.1326,0.0,1055.79,408.87,1.0,True,1382;1390
XOM,Long,357,2022-03-23T20:00:00Z,71.744319,2022-03-29T20:00:00Z,69.603082,-764.42,10.161,-764.42,540.31,1304.74,6.0,False,1316;1391
INTU,Short,53,2022-03-21T20:00:00Z,457.152655,2022-03-30T20:00:00Z,464.845964,-407.75,9.6143,-633.13,699.21,1332.34,9.0,False,1300;1399
AMGN,Short,121,2022-03-21T20:00:00Z,205.864545,2022-03-30T20:00:00Z,211.453155,-676.22,10.0883,-676.22,243.31,919.54,9.0,False,1302;1414
CRM,Long,120,2022-03-28T20:00:00Z,206.851168,2022-03-30T20:00:00Z,215.427445,1029.15,10.1319,0.0,1235.22,747.73,2.0,True,1381;1415
CVS,Short,270,2022-02-04T21:00:00Z,92.158192,2022-03-30T20:00:00Z,89.691046,666.13,9.8088,-751.71,1575.12,1801.79,53.9583,True,561;1416
DE,Short,62,2022-03-23T20:00:00Z,398.619698,2022-03-30T20:00:00Z,390.805506,484.48,9.9071,-776.8,597.49,776.8,7.0,True,1321;1417
ISRG,Long,86,2022-03-28T20:00:00Z,286.04,2022-03-30T20:00:00Z,301.68,1345.04,10.3095,0.0,1582.4,237.36,2.0,True,1385;1418
JNJ,Short,162,2022-03-08T21:00:00Z,152.539971,2022-03-30T20:00:00Z,158.214558,-919.28,10.0061,-1084.47,386.39,1470.85,21.9583,False,1065;1419
LIN,Short,83,2022-03-28T20:00:00Z,300.67226,2022-03-30T20:00:00Z,305.596066,-408.68,10.1311,-547.77,0.0,547.77,2.0,False,1383;1420
LOW,Short,127,2022-03-29T20:00:00Z,199.03031,2022-03-30T20:00:00Z,196.855015,276.26,9.961,0.0,958.79,682.53,1.0,True,1395;1421
PNC,Long,149,2022-03-23T20:00:00Z,165.478702,2022-03-30T20:00:00Z,164.756977,-107.54,9.7011,-526.3,199.89,726.19,7.0,False,1349;1422
MRK,Long,350,2022-03-29T20:00:00Z,71.268145,2022-03-30T20:00:00Z,71.530353,91.77,10.032,0.0,263.08,171.31,1.0,True,1393;1423
NEE,Short,341,2022-03-18T20:00:00Z,73.221785,2022-03-30T20:00:00Z,75.173306,-665.47,10.1097,-776.88,337.25,1114.13,12.0,False,1270;1424
PG,Long,188,2022-03-10T21:00:00Z,131.498473,2022-03-30T20:00:00Z,135.680089,786.14,10.0131,-766.07,1281.25,766.07,19.9583,True,1134;1425
PYPL,Short,220,2022-03-24T20:00:00Z,114.592081,2022-03-30T20:00:00Z,120.990724,-1407.7,10.2059,-1407.7,459.08,1866.78,6.0,False,1366;1426
TMO,Long,43,2022-03-29T20:00:00Z,584.914762,2022-03-30T20:00:00Z,584.687806,-9.76,10.0817,-9.76,101.41,111.17,1.0,False,1392;1427
UNP,Long,103,2022-03-24T20:00:00Z,242.659923,2022-03-30T20:00:00Z,247.287602,476.65,10.163,0.0,714.51,237.86,6.0,True,1364;1428
ABT,Long,233,2022-03-24T20:00:00Z,107.290966,2022-03-31T20:00:00Z,109.566946,530.3,10.0609,0.0,638.92,425.95,7.0,True,1362;1441
SQ,Long,170,2022-03-30T20:00:00Z,146.8,2022-03-31T20:00:00Z,139.45,-1249.5,9.3738,-1904.0,0.0,1904.0,1.0,False,1439;1442
ANTM,Long,54,2022-03-30T20:00:00Z,464.054068,2022-03-31T20:00:00Z,471.2357,387.81,10.1146,-59.04,387.81,59.04,1.0,True,1437;1443
AXP,Short,138,2022-03-30T20:00:00Z,181.321724,2022-03-31T20:00:00Z,179.916792,193.88,9.8711,0.0,525.31,331.43,1.0,True,1435;1444
CSCO,Long,511,2022-03-30T20:00:00Z,49.012276,2022-03-31T20:00:00Z,49.355696,175.49,10.0622,0.0,175.49,0.0,1.0,True,1430;1445
COP,Short,297,2022-03-30T20:00:00Z,85.133991,2022-03-31T20:00:00Z,84.00828,334.34,10.0351,0.0,334.34,0.0,1.0,True,1408;1446
HON,Short,142,2022-03-21T20:00:00Z,174.206645,2022-03-31T20:00:00Z,176.45726,-319.59,9.91,-548.41,143.18,691.59,10.0,False,1301;1447
INTC,Long,513,2022-03-30T20:00:00Z,48.829271,2022-03-31T20:00:00Z,47.894739,-479.41,9.6832,-1289.63,0.0,1289.63,1.0,False,1406;1448
MS,Short,312,2022-03-24T20:00:00Z,80.02656,2022-03-31T20:00:00Z,77.657324,739.2,9.6889,0.0,1378.58,639.38,7.0,True,1365;1449
NOW,Long,209,2022-03-30T20:00:00Z,118.024,2022-03-31T20:00:00Z,114.798,-674.23,9.4542,-1389.01,0.0,1389.01,1.0,False,1436;1450
PLD,Long,174,2022-03-30T20:00:00Z,142.598138,2022-03-31T20:00:00Z,143.608423,175.79,9.8691,-340.97,175.79,340.97,1.0,True,1409;1451
QCOM,Long,194,2022-03-15T20:00:00Z,128.774453,2022-03-31T20:00:00Z,137.878986,1766.28,10.4198,0.0,3269.46,1503.18,16.0,True,1199;1452
SCHW,Short,318,2022-03-16T20:00:00Z,79.802183,2022-03-31T20:00:00Z,83.090089,-1045.55,10.351,-2165.79,191.19,2165.79,15.0,False,1231;1453
T,Short,1773,2022-03-30T20:00:00Z,14.16095,2022-03-31T20:00:00Z,14.13151,52.2,9.974,0.0,438.47,386.27,1.0,True,1433;1454
TGT,Long,130,2022-03-30T20:00:00Z,191.169316,2022-03-31T20:00:00Z,188.288884,-374.46,9.7363,-1054.98,0.0,1054.98,1.0,False,1410;1455
V,Short,113,2022-03-30T20:00:00Z,217.91108,2022-03-31T20:00:00Z,216.317033,180.13,9.7317,0.0,413.75,233.62,1.0,True,1429;1456
MMC,Long,166,2022-03-18T20:00:00Z,147.409741,2022-03-31T20:00:00Z,161.034991,2261.79,10.2886,0.0,2261.79,219.53,13.0,True,1279;1457
VZ,Long,660,2022-03-23T20:00:00Z,38.152343,2022-03-31T20:00:00Z,38.570451,275.95,10.0436,-78.84,275.95,330.16,8.0,True,1317;1458
ABNB,Short,142,2022-03-30T20:00:00Z,173.25,2022-03-31T20:00:00Z,173.54,-41.18,9.8091,-41.18,211.58,252.76,1.0,False,1438;1459
WMT,Short,539,2022-03-30T20:00:00Z,46.436318,2022-03-31T20:00:00Z,46.960237,-282.39,15.1197,-304.51,0.0,304.51,1.0,False,1404;1461
JPM,Long,202,2022-03-17T20:00:00Z,122.222125,2022-03-31T20:00:00Z,124.740512,508.71,14.7957,-97.41,1039.08,1136.49,14.0,True,1249;1462
ACN,Long,90,2022-03-09T21:00:00Z,283.204416,2022-04-01T20:00:00Z,308.298824,2258.5,10.6543,-274.53,2430.59,571.18,22.9583,True,1103;1469
ADP,Long,135,2022-03-09T21:00:00Z,188.007845,2022-04-01T20:00:00Z,205.060876,2302.16,10.7245,-277.34,2936.42,634.26,22.9583,True,1113;1470
AMAT,Long,190,2022-03-31T20:00:00Z,130.752504,2022-04-01T20:00:00Z,128.008636,-521.33,9.4832,-1536.57,0.0,1536.57,1.0,False,1468;1471
DHR,Long,109,2022-03-31T20:00:00Z,228.422716,2022-04-01T20:00:00Z,226.04019,-259.7,9.8024,-459.07,0.0,459.07,1.0,False,1463;1472
MMM,Long,284,2022-03-10T21:00:00Z,86.602377,2022-04-01T20:00:00Z,89.367681,785.35,9.9598,-685.27,1199.22,685.27,21.9583,True,1148;1473
MO,Long,686,2022-03-30T20:00:00Z,36.509918,2022-04-01T20:00:00Z,37.110062,411.7,10.1481,0.0,484.35,72.65,2.0,True,1411;1474
BX,Long,266,2022-03-08T21:00:00Z,93.4428,2022-04-01T20:00:00Z,108.611641,4034.91,10.7757,-104.68,5134.1,1843.36,23.9583,True,1039;1475
SHOP,Long,379,2022-03-18T20:00:00Z,64.988,2022-04-01T20:00:00Z,68.756,1428.07,10.505,0.0,3566.39,2577.96,14.0,True,1278;1476
TMUS,Short,205,2022-03-31T20:00:00Z,121.811499,2022-04-01T20:00:00Z,121.896563,-17.44,10.0409,-364.26,0.0,364.26,1.0,False,1467;1477
TXN,Long,149,2022-03-30T20:00:00Z,167.020849,2022-04-01T20:00:00Z,162.001433,-747.89,9.6802,-1037.36,0.0,1037.36,2.0,False,1432;1478
USB,Long,567,2022-03-02T21:00:00Z,44.57318,2022-04-01T20:00:00Z,44.170834,-228.13,10.1482,-889.21,1180.98,1754.62,29.9583,False,947;1479
SPY,Short,64,2022-03-09T21:00:00Z,399.049776,2022-04-01T20:00:00Z,426.783401,-1774.95,20.8949,-2284.12,535.22,2774.28,22.9583,False,1117;1488
SPY,Short,181,2022-03-11T21:00:00Z,401.903082,2022-04-01T20:00:00Z,426.783401,-4503.34,15.5343,-5943.32,2030.12,7846.02,20.9583,False,1169;1488
MU,Long,337,2022-03-24T20:00:00Z,74.009667,2022-04-05T20:00:00Z,74.977433,326.14,10.0687,-362.37,2088.6,2450.97,12.0,True,1368;1496
NFLX,Short,653,2022-03-31T20:00:00Z,38.359,2022-04-05T20:00:00Z,38.946,-383.31,9.8569,-516.52,660.84,1177.36,5.0,False,1466;1497
TGT,Long,136,2022-04-01T20:00:00Z,184.14934,2022-04-05T20:00:00Z,184.114843,-4.69,9.9755,-4.69,147.78,152.47,4.0,False,1484;1501
SPY,Short,16,2022-03-11T21:00:00Z,401.903082,2022-04-05T20:00:00Z,428.600502,-427.16,21.1474,-525.38,179.46,693.57,24.9583,False,1169;1515
SPY,Short,100,2022-03-15T20:00:00Z,393.887546,2022-04-05T20:00:00Z,428.600502,-3471.3,8.0,-4085.16,320.06,4085.16,21.0,False,1211;1515
SPY,Short,110,2022-03-21T20:00:00Z,418.451097,2022-04-05T20:00:00Z,428.600502,-1116.43,9.2047,-1791.68,3054.05,1859.0,15.0,False,1307;1515
SPY,Short,23,2022-03-23T20:00:00Z,420.75778,2022-04-05T20:00:00Z,428.600502,-180.38,5.9333,-321.57,691.63,321.57,13.0,False,1325;1515
ADBE,Long,53,2022-03-30T20:00:00Z,461.66,2022-04-05T20:00:00Z,469.43,411.81,9.7376,-320.12,411.81,542.19,6.0,True,1405;1516
AMD,Long,203,2022-03-30T20:00:00Z,123.04,2022-04-05T20:00:00Z,109.52,-2744.56,9.1772,-3292.66,0.0,3292.66,6.0,False,1431;1517
BKNG,Long,283,2022-03-28T20:00:00Z,88.336486,2022-04-05T20:00:00Z,91.726514,959.38,10.1175,0.0,1262.8,851.12,8.0,True,1386;1518
CME,Long,122,2022-03-29T20:00:00Z,203.140305,2022-04-05T20:00:00Z,193.38957,-1189.59,9.6776,-1189.59,0.0,1189.59,7.0,False,1396;1519
CRM,Long,118,2022-03-31T20:00:00Z,210.717361,2022-04-05T20:00:00Z,213.916293,377.47,9.7833,-532.63,475.9,1008.53,5.0,True,1464;1520
CSX,Long,707,2022-03-30T20:00:00Z,35.456315,2022-04-05T20:00:00Z,33.445275,-1421.8,9.7095,-1634.41,0.0,1634.41,6.0,False,1412;1521
DUK,Long,278,2022-03-24T20:00:00Z,89.387197,2022-04-05T20:00:00Z,93.941691,1266.15,10.2593,0.0,1452.69,235.51,12.0,True,1369;1522
JNJ,Short,156,2022-03-31T20:00:00Z,159.23421,2022-04-05T20:00:00Z,156.467849,431.55,9.8162,0.0,431.55,157.68,5.0,True,1460;1523
MDT,Long,258,2022-03-30T20:00:00Z,96.576114,2022-04-05T20:00:00Z,95.385414,-307.2,9.8865,-318.33,131.34,449.67,6.0,False,1434;1524
NEE,Short,333,2022-04-01T20:00:00Z,74.608159,2022-04-05T20:00:00Z,75.817926,-402.85,10.1178,-541.06,0.0,541.06,4.0,False,1482;1525
ADI,Long,177,2022-03-16T20:00:00Z,142.051752,2022-04-05T20:00:00Z,150.792541,1547.12,10.4636,0.0,2806.82,1675.23,20.0,True,1234;1526
ORCL,Long,327,2022-03-23T20:00:00Z,76.077178,2022-04-05T20:00:00Z,78.090297,658.29,10.0017,0.0,930.79,695.03,13.0,True,1345;1527
PEP,Long,175,2022-03-28T20:00:00Z,142.571111,2022-04-05T20:00:00Z,145.044239,432.8,10.1106,0.0,649.95,217.15,8.0,True,1380;1528
QCOM,Long,180,2022-04-01T20:00:00Z,137.18281,2022-04-05T20:00:00Z,137.137604,-8.14,9.5188,-1020.39,338.5,1358.9,4.0,False,1481;1529
UNP,Long,99,2022-03-31T20:00:00Z,248.586599,2022-04-05T20:00:00Z,231.257613,-1715.57,9.3829,-2095.12,0.0,2095.12,5.0,False,1465;1530
MMC,Long,157,2022-04-01T20:00:00Z,159.731139,2022-04-05T20:00:00Z,159.185801,-85.62,10.0058,-151.62,0.0,151.62,4.0,False,1486;1531
VZ,Long,655,2022-04-01T20:00:00Z,38.077681,2022-04-05T20:00:00Z,38.921363,552.61,10.26,0.0,870.49,317.87,4.0,True,1480;1532
SPY,Short,48,2022-03-23T20:00:00Z,420.75778,2022-04-05T20:00:00Z,428.600502,-376.45,13.5887,-671.1,1443.4,671.1,13.0,False,1325;1544
SPY,Short,43,2022-03-23T20:00:00Z,420.75778,2022-04-05T20:00:00Z,428.600502,-337.24,3.5934,-601.2,1293.05,601.2,13.0,False,1350;1544
SPY,Short,50,2022-03-29T20:00:00Z,434.739103,2022-04-05T20:00:00Z,428.600502,306.93,4.3455,0.0,2202.61,242.91,7.0,True,1397;1544
SPY,Short,19,2022-03-30T20:00:00Z,433.364508,2022-04-05T20:00:00Z,428.600502,90.52,11.574,-26.12,810.87,92.3,6.0,True,1413;1544
ABBV,Short,194,2022-03-04T21:00:00Z,126.484278,2022-04-06T20:00:00Z,140.009414,-2623.88,10.5507,-3353.74,239.43,3593.17,32.9583,False,994;1545
AMGN,Short,116,2022-04-05T20:00:00Z,212.17567,2022-04-06T20:00:00Z,213.141925,-112.09,9.9865,-625.05,0.0,625.05,1.0,False,1510;1546
BLK,Long,35,2022-04-05T20:00:00Z,698.472543,2022-04-06T20:00:00Z,673.856297,-861.57,9.4663,-1081.66,0.0,1081.66,1.0,False,1539;1547
CCI,Long,170,2022-04-01T20:00:00Z,146.758825,2022-04-06T20:00:00Z,152.833792,1032.74,10.4248,0.0,1687.98,655.24,5.0,True,1487;1548
ISRG,Short,81,2022-04-05T20:00:00Z,301.22,2022-04-06T20:00:00Z,291.12,818.1,9.4704,0.0,1016.55,198.45,1.0,True,1511;1549
MRK,Long,339,2022-04-05T20:00:00Z,73.121082,2022-04-06T20:00:00Z,73.732901,207.41,9.997,0.0,391.11,183.7,1.0,True,1505;1550
NFLX,Long,632,2022-04-05T20:00:00Z,38.946,2022-04-06T20:00:00Z,37.415,-967.59,9.461,-1334.15,0.0,1334.15,1.0,False,1535;1551
NKE,Long,208,2022-03-21T20:00:00Z,118.84543,2022-04-06T20:00:00Z,119.147765,62.89,9.854,-259.17,1795.1,2054.27,16.0,True,1294;1552
NVDA,Short,904,2022-03-28T20:00:00Z,27.619495,2022-04-06T20:00:00Z,24.813129,2536.95,9.4755,-830.05,2995.19,830.05,9.0,True,1379;1553
SBUX,Long,313,2022-04-05T20:00:00Z,77.618584,2022-04-06T20:00:00Z,74.928787,-841.91,9.4002,-900.84,0.0,900.84,1.0,False,1542;1554
UPS,Long,141,2022-03-29T20:00:00Z,176.919013,2022-04-06T20:00:00Z,156.286452,-2909.19,9.3923,-3047.78,0.0,3047.78,8.0,False,1394;1555
ABNB,Short,139,2022-04-05T20:00:00Z,177.19,2022-04-06T20:00:00Z,167.49,1348.3,9.3372,0.0,1741.67,393.37,1.0,True,1540;1556
AVGO,Short,455,2022-03-16T20:00:00Z,54.464837,2022-04-07T20:00:00Z,55.632625,-531.34,10.1794,-2288.55,0.0,2288.55,22.0,False,1227;1562
DIS,Short,192,2022-03-08T21:00:00Z,128.47682,2022-04-07T20:00:00Z,128.951906,-91.22,9.816,-1844.81,653.41,2498.22,29.9583,False,1068;1563
EL,Long,98,2022-04-01T20:00:00Z,255.782266,2022-04-07T20:00:00Z,248.960414,-668.54,9.8629,-954.54,310.59,1265.13,6.0,False,1485;1564
JPM,Short,198,2022-03-31T20:00:00Z,124.740512,2022-04-07T20:00:00Z,117.811053,1372.03,4.6703,0.0,1372.03,106.09,7.0,True,1462;1565
SO,Long,403,2022-04-05T20:00:00Z,61.601208,2022-04-07T20:00:00Z,63.807844,889.27,10.1519,0.0,1044.81,250.21,2.0,True,1514;1566
MS,Long,328,2022-04-05T20:00:00Z,74.838452,2022-04-07T20:00:00Z,71.656413,-1043.71,9.555,-1043.71,0.0,1043.71,2.0,False,1509;1567
MSFT,Short,81,2022-04-05T20:00:00Z,301.75918,2022-04-07T20:00:00Z,285.572864,1311.09,9.5561,0.0,1311.09,145.94,2.0,True,1533;1568
NEE,Long,326,2022-04-06T20:00:00Z,76.091669,2022-04-07T20:00:00Z,76.206464,37.42,9.9932,0.0,261.96,224.54,1.0,True,1558;1569
PM,Long,308,2022-04-05T20:00:00Z,79.537068,2022-04-07T20:00:00Z,81.737863,677.84,10.0306,0.0,1093.8,415.95,2.0,True,1537;1570
SHOP,Long,340,2022-04-05T20:00:00Z,72.9,2022-04-07T20:00:00Z,65.6,-2482.0,9.1589,-2891.02,0.0,2891.02,2.0,False,1513;1571
V,Short,112,2022-04-05T20:00:00Z,219.138013,2022-04-07T20:00:00Z,210.906933,921.88,9.5702,0.0,1155.6,233.72,2.0,True,1504;1572
WMT,Long,527,2022-03-31T20:00:00Z,46.960237,2022-04-07T20:00:00Z,48.951763,1049.53,5.2074,0.0,1289.05,239.51,7.0,True,1461;1573
ZTS,Long,138,2022-03-16T20:00:00Z,180.785412,2022-04-07T20:00:00Z,181.259416,65.41,10.2004,-300.9,945.87,1109.4,22.0,True,1233;1574
AMZN,Short,171,2022-03-14T20:00:00Z,145.638529,2022-04-08T20:00:00Z,156.382264,-1837.18,10.1101,-3980.75,0.0,3980.75,25.0,False,1177;1593
BA,Long,140,2022-04-07T20:00:00Z,178.13,2022-04-08T20:00:00Z,176.54,-222.6,9.8888,-410.2,0.0,410.2,1.0,False,1587;1594
C,Long,547,2022-04-05T20:00:00Z,44.556946,2022-04-08T20:00:00Z,42.6569,-1039.33,9.5941,-1039.33,0.0,1039.33,3.0,False,1541;1595
MDLZ,Long,434,2022-03-03T21:00:00Z,57.66571,2022-04-08T20:00:00Z,56.197153,-637.35,9.8927,-2298.94,0.0,2298.94,35.9583,False,978;1596
SCHW,Long,320,2022-04-05T20:00:00Z,77.29398,2022-04-08T20:00:00Z,75.809725,-474.96,9.8329,-676.37,0.0,676.37,3.0,False,1536;1597
SYK,Long,97,2022-04-05T20:00:00Z,252.711976,2022-04-08T20:00:00Z,258.116301,524.22,9.9828,0.0,553.91,64.95,3.0,True,1543;1598
T,Long,1739,2022-04-05T20:00:00Z,14.119734,2022-04-08T20:00:00Z,13.94309,-307.18,9.834,-307.18,163.83,471.01,3.0,False,1507;1599
UNP,Long,114,2022-04-07T20:00:00Z,219.756074,2022-04-08T20:00:00Z,217.392621,-269.43,10.0131,-269.43,0.0,269.43,1.0,False,1579;1600
AMD,Long,232,2022-04-06T20:00:00Z,104.38,2022-04-11T20:00:00Z,98.49,-1366.48,9.3283,-1626.32,0.0,1626.32,5.0,False,1557;1608
CB,Long,127,2022-03-17T20:00:00Z,195.937448,2022-04-11T20:00:00Z,203.830063,1002.36,10.1512,0.0,1041.65,642.85,25.0,True,1261;1609
MO,Long,658,2022-04-08T20:00:00Z,37.950263,2022-04-11T20:00:00Z,38.46568,339.14,10.087,0.0,339.14,0.0,3.0,True,1604;1610
MU,Long,348,2022-04-08T20:00:00Z,70.968604,2022-04-11T20:00:00Z,69.059794,-664.27,9.8223,-664.27,0.0,664.27,3.0,False,1606;1611
NEE,Long,325,2022-04-08T20:00:00Z,76.96588,2022-04-11T20:00:00Z,76.074008,-289.86,9.7961,-740.43,0.0,740.43,3.0,False,1603;1612
NOW,Long,237,2022-04-07T20:00:00Z,105.126,2022-04-11T20:00:00Z,101.574,-841.82,9.8706,-841.82,0.0,841.82,4.0,False,1588;1613
NVDA,Long,1036,2022-04-08T20:00:00Z,23.824229,2022-04-11T20:00:00Z,22.101372,-1784.88,9.2929,-2069.64,0.0,2069.64,3.0,False,1601;1614
MMC,Long,154,2022-04-08T20:00:00Z,161.951163,2022-04-11T20:00:00Z,161.25048,-107.91,9.8786,-375.51,0.0,375.51,3.0,False,1605;1615
FB,Short,106,2022-04-05T20:00:00Z,231.700848,2022-04-11T20:00:00Z,215.931878,1671.51,14.2594,0.0,1833.2,161.69,6.0,True,1534;1616
T,Long,1753,2022-04-11T20:00:00Z,14.773198,2022-04-13T20:00:00Z,15.151872,663.81,10.7479,0.0,1017.32,353.5,2.0,True,1619;1640
UPS,Long,161,2022-04-07T20:00:00Z,155.04786,2022-04-13T20:00:00Z,149.797824,-845.26,9.8181,-845.26,0.0,845.26,6.0,False,1578;1642
ADP,Long,117,2022-04-05T20:00:00Z,210.702363,2022-04-13T20:00:00Z,208.276883,-283.78,9.9164,-377.32,415.16,792.49,8.0,False,1512;1653
AMGN,Short,113,2022-04-11T20:00:00Z,220.7588,2022-04-13T20:00:00Z,218.61737,241.98,9.9228,0.0,350.18,341.33,2.0,True,1622;1654
BKNG,Long,288,2022-04-07T20:00:00Z,86.281604,2022-04-13T20:00:00Z,85.659161,-179.26,10.0678,-458.68,584.38,763.64,6.0,False,1591;1655
C,Long,572,2022-04-11T20:00:00Z,43.4871,2022-04-13T20:00:00Z,42.177609,-749.03,9.8598,-749.03,0.0,749.03,2.0,False,1626;1656
CI,Long,105,2022-04-11T20:00:00Z,237.338152,2022-04-13T20:00:00Z,235.461088,-197.09,9.9147,-301.43,101.44,301.43,2.0,False,1628;1657
CME,Long,124,2022-04-07T20:00:00Z,202.808647,2022-04-13T20:00:00Z,196.349614,-800.92,9.9454,-881.11,0.0,881.11,6.0,False,1592;1658
DUK,Long,263,2022-04-06T20:00:00Z,94.87272,2022-04-13T20:00:00Z,96.885757,529.43,10.1589,0.0,529.43,247.07,7.0,True,1560;1659
GS,Long,88,2022-04-07T20:00:00Z,282.177693,2022-04-13T20:00:00Z,282.894335,63.06,10.0291,0.0,549.45,486.38,6.0,True,1586;1660
HON,Short,145,2022-04-11T20:00:00Z,171.1188,2022-04-13T20:00:00Z,173.180364,-298.93,10.0298,-622.66,0.0,622.66,2.0,False,1623;1661
ISRG,Long,85,2022-04-11T20:00:00Z,286.28,2022-04-13T20:00:00Z,279.17,-604.35,9.5911,-716.55,0.0,716.55,2.0,False,1624;1662
MCD,Long,118,2022-03-16T20:00:00Z,211.373981,2022-04-13T20:00:00Z,224.414425,1538.77,10.3959,0.0,2069.75,551.15,28.0,True,1228;1663
MDLZ,Long,441,2022-04-11T20:00:00Z,56.972101,2022-04-13T20:00:00Z,56.7316,-106.06,9.998,-113.92,0.0,113.92,2.0,False,1627;1664
MDT,Long,259,2022-04-07T20:00:00Z,96.187842,2022-04-13T20:00:00Z,94.617499,-406.72,9.9575,-406.72,221.24,627.96,6.0,False,1580;1665
PEP,Short,168,2022-04-07T20:00:00Z,148.24121,2022-04-13T20:00:00Z,148.965052,-121.61,10.005,-183.86,0.0,183.86,6.0,False,1577;1666
TMO,Short,41,2022-04-08T20:00:00Z,601.926589,2022-04-13T20:00:00Z,563.93614,1557.61,9.5937,0.0,1580.26,237.08,5.0,True,1602;1667
WFC,Long,543,2022-03-30T20:00:00Z,46.002825,2022-04-13T20:00:00Z,42.458653,-1924.49,9.5662,-1924.49,0.0,1924.49,14.0,False,1407;1668
SPY,Short,114,2022-03-30T20:00:00Z,433.364508,2022-04-13T20:00:00Z,412.340741,2396.71,9.5162,-156.7,4865.24,553.83,14.0,True,1413;1675
AVGO,Short,462,2022-04-13T20:00:00Z,54.581798,2022-04-18T20:00:00Z,53.130302,670.59,10.1042,0.0,670.59,542.04,5.0,True,1646;1676
BA,Long,142,2022-04-11T20:00:00Z,173.9,2022-04-18T20:00:00Z,181.75,1114.7,10.0786,0.0,1273.74,428.84,7.0,True,1625;1677
DIS,Short,197,2022-04-13T20:00:00Z,126.87704,2022-04-18T20:00:00Z,126.111085,150.89,9.9398,0.0,584.47,433.58,5.0,True,1669;1678
LIN,Long,84,2022-04-13T20:00:00Z,295.61665,2022-04-18T20:00:00Z,299.84378,355.08,10.0719,0.0,357.45,76.71,5.0,True,1649;1679
PG,Short,174,2022-04-11T20:00:00Z,142.308395,2022-04-18T20:00:00Z,141.000528,227.57,9.8031,0.0,436.56,208.99,7.0,True,1617;1680
RTX,Long,269,2022-04-13T20:00:00Z,93.926713,2022-04-18T20:00:00Z,94.671659,200.39,10.15,0.0,222.38,21.99,5.0,True,1650;1681
SPGI,Long,69,2022-04-13T20:00:00Z,360.329389,2022-04-18T20:00:00Z,351.676024,-597.08,9.8807,-597.08,0.0,597.08,5.0,False,1671;1682
TGT,Long,134,2022-04-06T20:00:00Z,182.303793,2022-04-18T20:00:00Z,203.130874,2790.83,10.5236,0.0,3233.43,457.63,12.0,True,1559;1683
TMUS,Long,198,2022-04-11T20:00:00Z,125.818954,2022-04-18T20:00:00Z,124.864348,-189.01,9.7755,-441.65,323.75,765.4,7.0,False,1620;1684
MMC,Long,159,2022-04-13T20:00:00Z,157.279944,2022-04-18T20:00:00Z,158.279585,158.94,10.1111,0.0,311.94,153.0,5.0,True,1674;1685
ABNB,Long,152,2022-04-07T20:00:00Z,163.19,2022-04-18T20:00:00Z,169.27,924.16,10.0822,-468.16,1316.32,928.72,11.0,True,1590;1686
SPY,Short,1,2022-03-30T20:00:00Z,433.364508,2022-04-18T20:00:00Z,411.182693,22.18,14.4323,-1.37,42.68,4.86,19.0,True,1413;1698
SPY,Short,174,2022-03-30T20:00:00Z,433.364508,2022-04-18T20:00:00Z,411.182693,3859.64,32.3901,-239.18,7425.89,845.32,19.0,True,1440;1698
AMAT,Long,218,2022-04-07T20:00:00Z,114.64552,2022-04-19T20:00:00Z,109.879856,-1038.91,10.0517,-1200.52,184.7,1385.22,12.0,False,1589;1699
BLK,Long,40,2022-04-18T20:00:00Z,615.40615,2022-04-19T20:00:00Z,610.479318,-197.07,9.9007,-197.07,522.07,719.14,1.0,False,1696;1700
CVS,Long,282,2022-04-18T20:00:00Z,88.56027,2022-04-19T20:00:00Z,88.748733,53.15,10.0147,0.0,115.96,62.81,1.0,True,1693;1702
INTC,Long,538,2022-04-05T20:00:00Z,45.651864,2022-04-19T20:00:00Z,43.549168,-1131.25,9.6594,-1598.83,0.0,1598.83,14.0,False,1506;1704
LOW,Long,136,2022-04-18T20:00:00Z,183.364533,2022-04-19T20:00:00Z,181.858112,-204.87,10.0059,-262.28,416.66,621.53,1.0,False,1694;1706
TXN,Long,164,2022-04-13T20:00:00Z,152.349386,2022-04-19T20:00:00Z,154.195406,302.75,10.2118,0.0,828.95,526.2,6.0,True,1670;1710
SPY,Short,201,2022-03-30T20:00:00Z,433.364508,2022-04-19T20:00:00Z,412.256006,4242.81,18.5201,-276.29,8578.19,1572.6,20.0,True,1440;1720
SPY,Short,20,2022-04-06T20:00:00Z,420.729535,2022-04-19T20:00:00Z,412.256006,169.47,13.4528,-280.19,600.85,156.48,13.0,True,1561;1720
CME,Long,127,2022-04-18T20:00:00Z,196.739312,2022-04-19T20:00:00Z,196.606649,-16.85,9.9055,-334.86,0.0,334.86,1.0,False,1697;1721
CRM,Long,128,2022-04-11T20:00:00Z,190.571942,2022-04-19T20:00:00Z,183.732508,-875.45,9.7176,-904.34,189.66,1094.0,8.0,False,1618;1722
DE,Short,63,2022-04-01T20:00:00Z,393.874907,2022-04-19T20:00:00Z,415.36071,-1353.61,10.1698,-1353.61,451.6,1805.2,18.0,False,1483;1723
COP,Short,293,2022-04-05T20:00:00Z,84.72235,2022-04-19T20:00:00Z,86.385714,-487.37,9.8266,-644.9,814.74,1459.64,14.0,False,1538;1724
JPM,Short,221,2022-04-18T20:00:00Z,113.060825,2022-04-19T20:00:00Z,115.561892,-552.74,10.3222,-1083.6,0.0,1083.6,1.0,False,1687;1725
NKE,Long,218,2022-04-13T20:00:00Z,114.557759,2022-04-19T20:00:00Z,121.932919,1607.78,10.567,0.0,2398.7,790.91,6.0,True,1647;1726
NOW,Long,245,2022-04-13T20:00:00Z,103.452,2022-04-19T20:00:00Z,99.756,-905.52,10.1966,-966.77,0.0,966.77,6.0,False,1651;1727
ADI,Long,173,2022-04-13T20:00:00Z,145.420018,2022-04-19T20:00:00Z,147.851108,420.58,10.2878,-35.32,898.95,478.37,6.0,True,1652;1728
PEP,Short,169,2022-04-18T20:00:00Z,147.758648,2022-04-19T20:00:00Z,146.354049,237.38,9.9996,-208.25,237.38,208.25,1.0,True,1688;1729
UNP,Long,112,2022-04-18T20:00:00Z,221.009967,2022-04-19T20:00:00Z,220.802489,-23.24,9.8556,-23.24,62.64,85.88,1.0,False,1691;1730
SCHW,Short,322,2022-04-18T20:00:00Z,71.676357,2022-04-19T20:00:00Z,70.783926,287.36,14.3294,-181.49,287.36,181.49,1.0,True,1692;1734
SPY,Short,8,2022-04-06T20:00:00Z,420.729535,2022-04-19T20:00:00Z,412.256006,67.79,0.6704,-112.08,240.34,62.59,13.0,True,1561;1737
AMGN,Long,114,2022-04-19T20:00:00Z,219.792545,2022-04-20T20:00:00Z,220.70657,104.2,10.0974,0.0,286.79,182.6,1.0,True,1716;1738
AVGO,Short,460,2022-04-19T20:00:00Z,53.734087,2022-04-20T20:00:00Z,56.037931,-1059.77,10.1995,-1059.77,0.0,1059.77,1.0,False,1712;1739
AXP,Long,142,2022-04-19T20:00:00Z,176.12458,2022-04-20T20:00:00Z,179.285132,448.8,10.1555,0.0,466.37,17.57,1.0,True,1715;1740
C,Long,560,2022-04-19T20:00:00Z,45.130384,2022-04-20T20:00:00Z,45.695262,316.33,10.1658,0.0,316.33,0.0,1.0,True,1736;1741
DIS,Short,202,2022-04-19T20:00:00Z,124.075003,2022-04-20T20:00:00Z,122.339485,350.57,10.0464,0.0,669.81,319.24,1.0,True,1732;1742
LIN,Long,83,2022-04-19T20:00:00Z,296.642835,2022-04-20T20:00:00Z,301.218303,379.76,10.0726,0.0,881.43,501.66,1.0,True,1714;1743
LOW,Short,138,2022-04-19T20:00:00Z,181.858112,2022-04-20T20:00:00Z,188.896774,-971.34,10.4328,-1340.49,0.0,1340.49,1.0,False,1735;1744
NFLX,Short,742,2022-04-19T20:00:00Z,33.322,2022-04-20T20:00:00Z,24.5,6545.92,8.53,0.0,7941.63,1395.7,1.0,True,1733;1745
T,Long,1623,2022-04-18T20:00:00Z,15.341665,2022-04-20T20:00:00Z,15.436562,154.02,9.9855,0.0,154.02,77.01,2.0,True,1689;1746
UPS,Long,166,2022-04-18T20:00:00Z,150.445088,2022-04-20T20:00:00Z,153.409721,492.13,10.0174,0.0,492.13,47.75,2.0,True,1690;1747
MMC,Long,157,2022-04-19T20:00:00Z,159.223171,2022-04-20T20:00:00Z,161.652205,381.36,10.1638,0.0,583.77,202.41,1.0,True,1719;1748
INTU,Short,56,2022-04-13T20:00:00Z,449.409817,2022-04-20T20:00:00Z,471.892406,-1259.02,15.2677,-1259.02,0.0,1259.02,7.0,False,1672;1756
AMAT,Long,221,2022-04-20T20:00:00Z,115.829716,2022-04-21T20:00:00Z,115.098018,-161.71,9.9398,-983.0,0.0,983.0,1.0,False,1761;1762
CRM,Long,132,2022-04-20T20:00:00Z,189.276669,2022-04-21T20:00:00Z,185.596916,-485.73,9.4156,-2028.4,0.0,2028.4,1.0,False,1752;1763
NEE,Long,338,2022-04-13T20:00:00Z,74.502194,2022-04-21T20:00:00Z,70.925877,-1208.8,9.5349,-2444.45,0.0,2444.45,8.0,False,1648;1764
PEP,Short,167,2022-04-20T20:00:00Z,149.792301,2022-04-21T20:00:00Z,151.455415,-277.74,10.0824,-277.74,0.0,277.74,1.0,False,1750;1765
PG,Short,175,2022-04-20T20:00:00Z,142.797733,2022-04-21T20:00:00Z,146.569541,-660.07,10.1884,-660.07,0.0,660.07,1.0,False,1749;1766
PYPL,Short,225,2022-04-07T20:00:00Z,110.309836,2022-04-21T20:00:00Z,95.13902,3413.43,9.0093,0.0,4926.56,1513.13,14.0,True,1581;1767
SPGI,Short,70,2022-04-19T20:00:00Z,356.08005,2022-04-21T20:00:00Z,363.26844,-503.19,10.0151,-503.19,31.85,535.03,2.0,False,1717;1768
UNP,Short,112,2022-04-20T20:00:00Z,221.993236,2022-04-21T20:00:00Z,221.433946,62.64,9.931,0.0,170.75,108.11,1.0,True,1755;1769
COP,Short,292,2022-04-20T20:00:00Z,85.772454,2022-04-22T20:00:00Z,82.218904,1037.64,9.7474,0.0,1493.9,456.27,2.0,True,1759;1780
DHR,Long,118,2022-04-19T20:00:00Z,212.413681,2022-04-22T20:00:00Z,211.353073,-125.15,9.7522,-1071.05,362.76,1433.8,3.0,False,1713;1781
MCD,Long,108,2022-04-21T20:00:00Z,232.343086,2022-04-22T20:00:00Z,229.490208,-308.11,9.8249,-777.57,0.0,777.57,1.0,False,1771;1782
MDT,Short,257,2022-04-21T20:00:00Z,98.362164,2022-04-22T20:00:00Z,96.420806,498.93,9.7963,0.0,1374.83,875.9,1.0,True,1772;1783
SCHW,Long,356,2022-04-19T20:00:00Z,70.783926,2022-04-22T20:00:00Z,68.858152,-685.58,4.7034,-1682.17,367.87,2050.04,3.0,False,1734;1784
SYK,Long,94,2022-04-21T20:00:00Z,265.223228,2022-04-22T20:00:00Z,251.602416,-1280.36,9.3211,-2604.77,0.0,2604.77,1.0,False,1778;1785
TMUS,Long,198,2022-04-20T20:00:00Z,126.282079,2022-04-22T20:00:00Z,123.314295,-587.62,9.7811,-931.96,0.0,931.96,2.0,False,1753;1786
ABNB,Long,152,2022-04-21T20:00:00Z,168.98,2022-04-22T20:00:00Z,158.31,-1621.84,9.5456,-1959.28,0.0,1959.28,1.0,False,1777;1787
HON,Short,142,2022-04-18T20:00:00Z,174.800807,2022-04-22T20:00:00Z,175.948621,-162.99,14.6212,-387.34,461.48,624.47,4.0,False,1695;1793
INTU,Long,53,2022-04-20T20:00:00Z,471.892406,2022-04-22T20:00:00Z,451.258364,-1093.6,9.267,-2271.84,0.0,2271.84,2.0,False,1756;1794
ADBE,Long,59,2022-04-22T20:00:00Z,420.71,2022-04-26T20:00:00Z,410.18,-621.27,9.5319,-1273.81,0.0,1273.81,4.0,False,1788;1800
AMD,Short,278,2022-04-22T20:00:00Z,90.0,2022-04-26T20:00:00Z,89.74,72.28,9.6355,-191.82,1345.52,1273.24,4.0,True,1791;1801
GS,Short,82,2022-04-21T20:00:00Z,308.451572,2022-04-26T20:00:00Z,284.820309,1937.76,9.5113,0.0,2292.55,354.79,5.0,True,1776;1802
IBM,Short,213,2022-04-21T20:00:00Z,117.093713,2022-04-26T20:00:00Z,117.728941,-135.3,9.9598,-153.34,371.63,506.94,5.0,False,1775;1803
INTU,Short,55,2022-04-22T20:00:00Z,451.258364,2022-04-26T20:00:00Z,430.24687,1155.63,4.4857,0.0,2390.58,1234.95,4.0,True,1794;1804
ISRG,Long,90,2022-04-19T20:00:00Z,278.5,2022-04-26T20:00:00Z,253.04,-2291.4,9.7088,-3058.2,2196.0,5254.2,7.0,False,1718;1805
PLD,Short,169,2022-04-07T20:00:00Z,146.700241,2022-04-26T20:00:00Z,145.803178,151.6,9.8422,-622.61,844.86,1467.46,19.0,True,1582;1806
PM,Short,285,2022-04-22T20:00:00Z,87.67334,2022-04-26T20:00:00Z,85.497554,620.1,9.7629,0.0,627.23,57.02,4.0,True,1790;1807
TSLA,Short,75,2022-03-23T20:00:00Z,326.856634,2022-04-26T20:00:00Z,331.809967,-371.5,9.3776,-4122.0,2603.75,4122.0,34.0,False,1344;1808
UPS,Long,165,2022-04-22T20:00:00Z,150.397143,2022-04-26T20:00:00Z,148.543249,-305.89,9.758,-701.44,199.09,900.54,4.0,False,1789;1809
UNH,Short,51,2022-04-07T20:00:00Z,487.222852,2022-04-26T20:00:00Z,481.927751,270.05,14.7645,-750.61,760.45,750.61,19.0,True,1575;1810
NVDA,Long,1171,2022-04-13T20:00:00Z,21.637296,2022-04-26T20:00:00Z,19.632607,-2347.49,14.3017,-3427.36,549.26,3976.62,13.0,False,1645;1811
AMT,Short,107,2022-04-07T20:00:00Z,230.905781,2022-04-27T20:00:00Z,222.98782,847.22,9.6349,-151.42,1217.88,1270.83,20.0,True,1583;1820
ANTM,Short,52,2022-04-07T20:00:00Z,476.711459,2022-04-27T20:00:00Z,474.600323,109.78,10.0275,-1177.67,171.53,1177.67,20.0,True,1584;1821
C,Long,554,2022-04-22T20:00:00Z,44.882179,2022-04-27T20:00:00Z,42.579871,-1275.48,9.5628,-1346.6,0.0,1346.6,5.0,False,1799;1822
COST,Short,49,2022-03-15T20:00:00Z,503.480287,2022-04-27T20:00:00Z,528.738909,-1237.67,10.2144,-3653.39,0.0,3653.39,43.0,False,1196;1823
CVX,Short,172,2022-04-19T20:00:00Z,144.657536,2022-04-27T20:00:00Z,131.582897,2248.84,9.4397,0.0,2405.67,156.83,8.0,True,1731;1824
MSFT,Long,92,2022-04-13T20:00:00Z,272.103536,2022-04-27T20:00:00Z,271.930111,-15.96,10.1198,-1081.4,349.24,1430.64,14.0,False,1643;1825
RTX,Long,277,2022-04-26T20:00:00Z,88.266945,2022-04-27T20:00:00Z,89.93853,463.03,9.9667,0.0,463.03,0.0,1.0,True,1815;1826
T,Long,1627,2022-04-26T20:00:00Z,15.341665,2022-04-27T20:00:00Z,15.183504,-257.33,9.8763,-411.73,0.0,411.73,1.0,False,1813;1827
TGT,Short,116,2022-04-22T20:00:00Z,212.625953,2022-04-27T20:00:00Z,203.915662,1010.39,9.4593,0.0,1557.61,547.21,5.0,True,1795;1828
NVDA,Short,1267,2022-04-26T20:00:00Z,19.632607,2022-04-27T20:00:00Z,18.500301,1434.63,9.5839,0.0,1639.04,204.41,1.0,True,1811;1829
UNH,Long,52,2022-04-26T20:00:00Z,481.927751,2022-04-27T20:00:00Z,473.35079,-446.0,9.9191,-498.59,0.0,498.59,1.0,False,1810;1830
AMAT,Long,227,2022-04-26T20:00:00Z,108.637895,2022-04-28T20:00:00Z,107.001202,-371.53,9.7712,-880.74,391.2,880.74,2.0,False,1816;1839
LMT,Short,62,2022-04-07T20:00:00Z,402.316322,2022-04-28T20:00:00Z,395.22916,439.4,9.9912,-895.33,741.7,895.33,21.0,True,1585;1843
JNJ,Short,155,2022-04-07T20:00:00Z,161.07845,2022-04-28T20:00:00Z,161.59271,-79.71,15.0812,-596.45,551.1,1147.55,21.0,False,1576;1848
NVDA,Long,1346,2022-04-27T20:00:00Z,18.500301,2022-04-28T20:00:00Z,18.882716,514.73,10.6894,0.0,1615.23,1100.5,1.0,True,1829;1849
SPY,Short,132,2022-04-06T20:00:00Z,420.729535,2022-04-28T20:00:00Z,397.474406,3069.68,28.0338,-1849.26,3965.62,1472.7,22.0,True,1561;1856
SPY,Short,57,2022-04-08T20:00:00Z,421.831094,2022-04-28T20:00:00Z,397.474406,1388.33,4.8038,-735.76,1775.22,635.94,20.0,True,1607;1856
SPY,Short,83,2022-04-11T20:00:00Z,418.130986,2022-04-28T20:00:00Z,397.474406,1714.5,6.8755,-1378.47,2277.85,926.02,17.0,True,1629;1856
SPY,Short,76,2022-04-21T20:00:00Z,422.339505,2022-04-28T20:00:00Z,397.474406,1889.75,18.1471,-942.37,2405.59,837.9,7.0,True,1779;1856
BA,Long,138,2022-04-22T20:00:00Z,180.78,2022-04-28T20:00:00Z,156.61,-3335.46,9.1395,-3665.28,0.0,3665.28,6.0,False,1796;1857
BMY,Long,381,2022-04-11T20:00:00Z,65.312188,2022-04-28T20:00:00Z,64.530459,-297.84,9.8447,-675.74,0.0,675.74,17.0,False,1621;1858
CVS,Long,280,2022-04-20T20:00:00Z,89.862375,2022-04-28T20:00:00Z,87.607205,-631.45,9.9789,-846.03,417.36,1263.39,8.0,False,1757;1859
DE,Short,60,2022-04-20T20:00:00Z,419.978977,2022-04-28T20:00:00Z,366.28808,3221.45,9.3182,0.0,3565.42,343.96,8.0,True,1758;1860
HON,Long,141,2022-04-22T20:00:00Z,175.948621,2022-04-28T20:00:00Z,168.436066,-1059.27,4.8263,-1153.2,0.0,1153.2,6.0,False,1793;1861
JPM,Short,211,2022-04-21T20:00:00Z,118.953627,2022-04-28T20:00:00Z,110.487785,1786.29,9.6395,0.0,2050.16,364.47,7.0,True,1770;1862
LOW,Long,130,2022-04-21T20:00:00Z,193.099783,2022-04-28T20:00:00Z,185.024134,-1049.83,9.7876,-1589.07,0.0,1589.07,7.0,False,1774;1863
MDLZ,Short,441,2022-04-27T20:00:00Z,58.37948,2022-04-28T20:00:00Z,57.18588,526.38,10.2345,-267.12,526.38,267.12,1.0,True,1836;1864
BX,Short,274,2022-04-27T20:00:00Z,92.116702,2022-04-28T20:00:00Z,93.246024,-309.43,10.1157,-309.43,0.0,309.43,1.0,False,1837;1865
TMUS,Long,206,2022-04-26T20:00:00Z,121.707532,2022-04-28T20:00:00Z,123.853033,441.97,10.0174,0.0,685.35,243.38,2.0,True,1814;1866
TXN,Long,158,2022-04-20T20:00:00Z,159.460958,2022-04-28T20:00:00Z,149.536403,-1568.08,9.8688,-1800.03,0.0,1800.03,8.0,False,1754;1867
WFC,Long,633,2022-04-27T20:00:00Z,39.467978,2022-04-28T20:00:00Z,40.208951,469.04,10.1436,0.0,548.15,79.11,1.0,True,1834;1868
UNH,Short,53,2022-04-27T20:00:00Z,473.35079,2022-04-28T20:00:00Z,476.880857,-187.09,10.2204,-463.35,0.0,463.35,1.0,False,1830;1870
FB,Long,113,2022-04-11T20:00:00Z,215.931878,2022-04-28T20:00:00Z,201.123705,-1673.32,10.4742,-4818.5,0.0,4818.5,17.0,False,1616;1871
SPY,Short,144,2022-04-21T20:00:00Z,422.339505,2022-04-28T20:00:00Z,397.474406,3580.57,20.8642,-1785.54,4557.97,1587.6,7.0,True,1779;1881
SPY,Short,115,2022-04-26T20:00:00Z,401.005043,2022-04-28T20:00:00Z,397.474406,406.02,34.6315,-3879.42,1186.58,1141.2,2.0,True,1819;1881
ADP,Long,122,2022-04-28T20:00:00Z,205.914286,2022-04-29T20:00:00Z,205.132742,-95.35,9.8167,-1209.94,0.0,1209.94,1.0,False,1876;1882
AMGN,Long,112,2022-04-22T20:00:00Z,221.19405,2022-04-29T20:00:00Z,205.87325,-1715.93,9.4286,-2038.64,0.0,2038.64,7.0,False,1792;1883
AMT,Short,114,2022-04-28T20:00:00Z,219.063568,2022-04-29T20:00:00Z,217.318491,198.94,9.7628,0.0,1118.41,919.47,1.0,True,1851;1884
C,Long,590,2022-04-28T20:00:00Z,42.716811,2022-04-29T20:00:00Z,42.940659,132.07,9.9697,-617.88,132.07,678.47,1.0,True,1852;1885
CAT,Short,124,2022-04-13T20:00:00Z,201.124393,2022-04-29T20:00:00Z,198.148321,369.03,9.8829,-2086.62,646.27,2086.62,16.0,True,1673;1886
CCI,Short,164,2022-04-26T20:00:00Z,153.016199,2022-04-29T20:00:00Z,151.739346,209.4,9.7244,0.0,1005.4,796.0,3.0,True,1818;1887
CI,Short,108,2022-04-28T20:00:00Z,232.7007,2022-04-29T20:00:00Z,232.41546,30.81,9.9577,0.0,608.17,577.36,1.0,True,1879;1888
DIS,Long,215,2022-04-26T20:00:00Z,114.941717,2022-04-29T20:00:00Z,111.790637,-677.48,9.4814,-1442.52,0.0,1442.52,3.0,False,1812;1889
DUK,Short,264,2022-04-28T20:00:00Z,95.258552,2022-04-29T20:00:00Z,95.132738,33.22,9.9194,0.0,750.66,717.45,1.0,True,1877;1890
GILD,Short,475,2022-04-28T20:00:00Z,52.601868,2022-04-29T20:00:00Z,52.704606,-48.8,9.8333,-48.8,854.01,902.81,1.0,False,1880;1891
HD,Short,94,2022-04-27T20:00:00Z,268.144737,2022-04-29T20:00:00Z,274.240958,-573.04,10.0722,-875.04,75.29,875.04,2.0,False,1831;1892
ISRG,Short,106,2022-04-28T20:00:00Z,237.0,2022-04-29T20:00:00Z,241.45,-471.7,10.2303,-471.7,0.0,471.7,1.0,False,1853;1893
MA,Short,71,2022-04-28T20:00:00Z,360.34574,2022-04-29T20:00:00Z,363.196252,-202.39,10.2886,-202.39,398.53,600.92,1.0,False,1873;1894
MRK,Long,341,2022-04-27T20:00:00Z,73.680459,2022-04-29T20:00:00Z,77.491216,1299.47,10.3224,0.0,1314.37,14.9,2.0,True,1833;1895
NFLX,Short,1330,2022-04-28T20:00:00Z,19.156,2022-04-29T20:00:00Z,19.881,-964.25,10.3708,-964.25,159.6,1123.85,1.0,False,1878;1896
ADI,Short,178,2022-04-28T20:00:00Z,143.016765,2022-04-29T20:00:00Z,146.644842,-645.8,10.3998,-645.8,0.0,645.8,1.0,False,1855;1897
PM,Long,295,2022-04-28T20:00:00Z,85.030719,2022-04-29T20:00:00Z,85.547572,152.47,9.9554,-491.84,152.47,491.84,1.0,True,1874;1898
PYPL,Long,282,2022-04-22T20:00:00Z,88.354678,2022-04-29T20:00:00Z,89.98648,460.17,9.7031,-1876.93,766.95,1876.93,7.0,True,1797;1899
FB,Short,144,2022-04-28T20:00:00Z,201.123705,2022-04-29T20:00:00Z,202.678811,-223.94,10.5638,-223.94,368.0,591.93,1.0,False,1871;1900
NVDA,Short,1367,2022-04-28T20:00:00Z,18.882716,2022-04-29T20:00:00Z,19.331854,-613.97,9.745,-613.97,563.6,1177.57,1.0,False,1849;1901
UNH,Long,53,2022-04-28T20:00:00Z,476.880857,2022-04-29T20:00:00Z,476.972786,4.87,9.7241,-496.97,4.87,496.97,1.0,True,1870;1902
JNJ,Long,155,2022-04-28T20:00:00Z,161.59271,2022-04-29T20:00:00Z,161.814373,34.36,9.8563,-246.0,34.36,246.0,1.0,True,1848;1903
GS,Long,87,2022-04-29T20:00:00Z,284.193248,2022-05-03T20:00:00Z,279.060301,-446.57,9.6663,-532.29,0.0,532.29,4.0,False,1914;1922
INTC,Long,556,2022-04-20T20:00:00Z,45.212634,2022-05-03T20:00:00Z,41.848321,-1870.56,9.6822,-2488.88,0.0,2488.88,13.0,False,1751;1923
LIN,Short,84,2022-04-29T20:00:00Z,295.174167,2022-05-03T20:00:00Z,295.729625,-46.66,9.9006,-46.66,18.98,65.64,4.0,False,1907;1924
MDLZ,Long,424,2022-04-29T20:00:00Z,58.753593,2022-05-03T20:00:00Z,57.105713,-698.7,9.7569,-819.56,0.0,819.56,4.0,False,1918;1925
MO,Long,625,2022-04-22T20:00:00Z,39.891904,2022-05-03T20:00:00Z,39.14349,-467.76,9.7912,-714.88,0.0,714.88,11.0,False,1798;1926
MU,Short,364,2022-04-29T20:00:00Z,67.640421,2022-05-03T20:00:00Z,68.981483,-488.15,9.9375,-769.63,0.0,769.63,4.0,False,1920;1927
PEP,Short,166,2022-04-28T20:00:00Z,150.395503,2022-05-03T20:00:00Z,145.750847,771.01,9.8841,0.0,968.42,197.4,5.0,True,1850;1928
PLD,Long,166,2022-04-29T20:00:00Z,147.832456,2022-05-03T20:00:00Z,134.245875,-2255.37,9.04,-2512.72,0.0,2512.72,4.0,False,1913;1929
TMO,Long,45,2022-04-29T20:00:00Z,550.575344,2022-05-03T20:00:00Z,537.145473,-604.34,9.7622,-604.34,0.0,604.34,4.0,False,1906;1930
MMC,Short,159,2022-04-28T20:00:00Z,158.746706,2022-05-03T20:00:00Z,149.14268,1527.04,9.8366,0.0,1781.05,254.01,5.0,True,1854;1931
XOM,Short,333,2022-04-29T20:00:00Z,75.562427,2022-05-03T20:00:00Z,74.160734,466.76,9.9269,-88.77,466.76,498.26,4.0,True,1904;1932
UNH,Short,51,2022-04-29T20:00:00Z,476.972786,2022-05-03T20:00:00Z,460.682996,830.78,9.6452,0.0,901.57,70.79,4.0,True,1902;1934
NVDA,Long,1271,2022-04-29T20:00:00Z,19.331854,2022-05-03T20:00:00Z,19.322891,-11.39,10.0104,-11.39,240.49,251.88,4.0,False,1901;1935
AMAT,Long,226,2022-04-29T20:00:00Z,108.936351,2022-05-04T20:00:00Z,109.918366,221.94,9.9723,-39.17,1231.52,1009.59,5.0,True,1915;1947
AMD,Long,280,2022-05-03T20:00:00Z,89.84,2022-05-04T20:00:00Z,98.26,2357.6,10.6708,0.0,2682.4,324.8,1.0,True,1941;1948
AMGN,Long,125,2022-05-03T20:00:00Z,202.939665,2022-05-04T20:00:00Z,202.452185,-60.94,10.1912,-60.94,323.17,384.11,1.0,False,1942;1949
CSX,Short,780,2022-05-03T20:00:00Z,32.270603,2022-05-04T20:00:00Z,32.571319,-234.56,10.2663,-850.27,0.0,850.27,1.0,False,1945;1950
EL,Long,98,2022-04-29T20:00:00Z,249.462294,2022-05-04T20:00:00Z,229.322031,-1973.75,9.4966,-2084.87,0.0,2084.87,5.0,False,1917;1951
TGT,Long,126,2022-05-03T20:00:00Z,199.250051,2022-05-04T20:00:00Z,199.948599,88.02,10.2104,0.0,678.06,590.04,1.0,True,1943;1952
UNH,Long,54,2022-05-03T20:00:00Z,460.682996,2022-05-04T20:00:00Z,459.184556,-80.92,5.0398,-80.92,322.17,403.09,1.0,False,1934;1953
ZTS,Short,146,2022-04-26T20:00:00Z,169.952836,2022-05-04T20:00:00Z,163.514077,940.06,9.831,-325.83,940.06,393.77,8.0,True,1817;1954
NVDA,Short,1293,2022-05-03T20:00:00Z,19.322891,2022-05-04T20:00:00Z,19.817839,-639.97,10.4328,-1198.81,0.0,1198.81,1.0,False,1935;1955
SPY,Short,321,2022-04-26T20:00:00Z,401.005043,2022-05-04T20:00:00Z,392.72923,2656.54,25.9343,-10828.63,4206.94,5155.92,8.0,True,1819;1967
JNJ,Short,153,2022-04-29T20:00:00Z,161.814373,2022-05-05T20:00:00Z,159.083479,417.83,4.7958,0.0,778.68,360.85,6.0,True,1903;1970
MMM,Short,284,2022-04-29T20:00:00Z,87.97607,2022-05-05T20:00:00Z,91.481973,-995.68,9.9642,-1182.26,227.29,1409.55,6.0,False,1919;1972
NKE,Long,222,2022-05-04T20:00:00Z,112.267337,2022-05-05T20:00:00Z,113.705722,319.32,9.9535,-795.25,319.32,795.25,1.0,True,1957;1974
SPY,Short,6,2022-04-26T20:00:00Z,401.005043,2022-05-05T20:00:00Z,399.743429,7.57,13.1686,-202.4,78.63,96.37,9.0,True,1819;1987
SPY,Short,77,2022-04-27T20:00:00Z,392.964606,2022-05-05T20:00:00Z,399.743429,-521.97,6.0501,-3216.64,390.03,1236.78,8.0,False,1838;1987
SPY,Short,86,2022-04-29T20:00:00Z,398.783095,2022-05-05T20:00:00Z,399.743429,-82.59,34.0576,-3092.22,936.0,1180.53,6.0,False,1921;1987
ADBE,Short,61,2022-05-04T20:00:00Z,407.29,2022-05-05T20:00:00Z,415.55,-503.86,10.0511,-503.86,413.58,917.44,1.0,False,1959;1988
AXP,Long,139,2022-04-21T20:00:00Z,181.769782,2022-05-05T20:00:00Z,168.156564,-1892.24,9.4469,-2621.34,0.0,2621.34,14.0,False,1773;1989
GS,Long,88,2022-05-04T20:00:00Z,282.921209,2022-05-05T20:00:00Z,287.104605,368.14,10.0459,-217.57,368.14,217.57,1.0,True,1961;1990
HON,Long,146,2022-04-29T20:00:00Z,180.409341,2022-05-05T20:00:00Z,183.888793,508.0,10.2938,-463.97,716.33,1042.29,6.0,True,1912;1991
ISRG,Short,105,2022-05-04T20:00:00Z,237.35,2022-05-05T20:00:00Z,242.59,-550.2,10.0861,-550.2,353.85,904.05,1.0,False,1964;1992
MDT,Long,282,2022-05-03T20:00:00Z,89.242093,2022-05-05T20:00:00Z,90.165317,260.35,10.1054,0.0,583.96,323.61,2.0,True,1940;1993
MS,Long,344,2022-04-29T20:00:00Z,72.43749,2022-05-05T20:00:00Z,74.783467,807.02,9.9314,-327.01,1245.02,672.01,6.0,True,1908;1994
ADI,Short,171,2022-05-03T20:00:00Z,146.496378,2022-05-05T20:00:00Z,150.337872,-656.9,10.0632,-1093.24,0.0,1093.24,2.0,False,1944;1995
PYPL,Short,279,2022-05-04T20:00:00Z,89.32387,2022-05-05T20:00:00Z,89.600782,-77.26,9.8311,-77.26,1349.26,1426.52,1.0,False,1962;1996
BX,Short,268,2022-05-04T20:00:00Z,93.565215,2022-05-05T20:00:00Z,95.410017,-494.41,10.0534,-494.41,712.6,1207.0,1.0,False,1966;1997
SPGI,Long,72,2022-04-28T20:00:00Z,350.001767,2022-05-05T20:00:00Z,327.772355,-1600.52,9.6103,-2473.17,0.0,2473.17,7.0,False,1875;1998
MMC,Short,168,2022-05-04T20:00:00Z,148.535422,2022-05-05T20:00:00Z,151.795933,-547.77,10.1957,-547.77,0.0,547.77,1.0,False,1965;1999
ABNB,Long,164,2022-04-27T20:00:00Z,153.82,2022-05-05T20:00:00Z,152.19,-267.32,9.6865,-1759.72,970.88,2730.6,8.0,False,1835;2000
SBUX,Short,343,2022-05-05T20:00:00Z,72.122432,2022-05-05T20:00:00Z,72.122432,0.0,14.2966,0.0,0.0,0.0,0.0,False,1984;2005
SPY,Short,18,2022-04-29T20:00:00Z,398.783095,2022-05-05T20:00:00Z,399.743429,-17.29,1.4026,-647.21,195.91,247.09,6.0,False,1921;2007
ACN,Short,89,2022-05-04T20:00:00Z,276.851283,2022-05-06T20:00:00Z,270.001919,609.59,9.9258,0.0,609.59,0.0,2.0,True,1958;2008
AMZN,Long,202,2022-05-03T20:00:00Z,123.76247,2022-05-06T20:00:00Z,114.73021,-1824.52,9.634,-1870.36,377.86,2248.23,3.0,False,1933;2009
C,Long,578,2022-05-04T20:00:00Z,43.381653,2022-05-06T20:00:00Z,44.358756,564.77,10.3807,0.0,724.7,159.93,2.0,True,1963;2010
COST,Short,49,2022-05-03T20:00:00Z,504.66123,2022-05-06T20:00:00Z,489.80705,727.85,9.6249,-673.27,1242.95,673.27,3.0,True,1937;2011
CVS,Long,288,2022-04-29T20:00:00Z,86.350015,2022-05-06T20:00:00Z,83.79258,-736.54,9.762,-1066.37,101.68,1066.37,7.0,False,1911;2012
COP,Long,301,2022-05-04T20:00:00Z,84.848363,2022-05-06T20:00:00Z,87.511425,801.58,10.6987,0.0,1691.67,890.08,2.0,True,1960;2013
SO,Short,401,2022-05-05T20:00:00Z,62.297599,2022-05-06T20:00:00Z,61.978769,127.85,10.0117,-149.72,127.85,149.72,1.0,True,1986;2014
NFLX,Short,1231,2022-05-05T20:00:00Z,20.071,2022-05-06T20:00:00Z,18.688,1702.47,9.0919,0.0,2429.99,727.52,1.0,True,2006;2015
NKE,Short,217,2022-05-05T20:00:00Z,113.705722,2022-05-06T20:00:00Z,104.653973,1964.23,9.2693,0.0,1964.23,0.0,1.0,True,2003;2016
SBUX,Long,343,2022-05-05T20:00:00Z,72.122432,2022-05-06T20:00:00Z,69.065029,-1048.69,4.7065,-1205.53,0.0,1205.53,1.0,False,2005;2017
SCHW,Long,374,2022-05-05T20:00:00Z,66.133887,2022-05-06T20:00:00Z,65.128727,-375.93,9.6456,-1046.98,0.0,1046.98,1.0,False,1982;2018
T,Long,1592,2022-05-05T20:00:00Z,15.602632,2022-05-06T20:00:00Z,15.657989,88.13,10.0742,0.0,390.28,302.15,1.0,True,1981;2019
UPS,Short,171,2022-05-05T20:00:00Z,145.338889,2022-05-06T20:00:00Z,143.037504,393.54,9.8403,0.0,393.54,0.0,1.0,True,2004;2020
XOM,Short,318,2022-05-05T20:00:00Z,79.148353,2022-05-06T20:00:00Z,78.228223,292.6,9.9566,0.0,292.6,0.0,1.0,True,1978;2021
CME,Short,142,2022-05-06T20:00:00Z,175.944378,2022-05-09T20:00:00Z,173.150162,396.78,9.7009,0.0,1248.03,851.25,3.0,True,2031;2032
DIS,Long,228,2022-05-03T20:00:00Z,110.898639,2022-05-09T20:00:00Z,104.770999,-1397.1,9.751,-1629.22,404.54,2033.76,6.0,False,1938;2033
DUK,Short,270,2022-05-05T20:00:00Z,92.280936,2022-05-09T20:00:00Z,91.962206,86.06,10.0057,-294.41,86.06,294.41,4.0,True,1985;2034
LOW,Long,132,2022-04-29T20:00:00Z,186.740209,2022-05-09T20:00:00Z,173.984354,-1683.77,9.5331,-1683.77,444.56,2128.34,10.0,False,1910;2035
NEE,Long,407,2022-05-03T20:00:00Z,61.812891,2022-05-09T20:00:00Z,63.402365,646.92,10.1688,0.0,1099.76,844.58,6.0,True,1939;2036
ADI,Short,171,2022-05-06T20:00:00Z,145.262275,2022-05-09T20:00:00Z,143.165228,358.6,9.7862,0.0,682.28,323.69,3.0,True,2030;2037
NVDA,Long,1283,2022-05-04T20:00:00Z,19.817839,2022-05-09T20:00:00Z,17.973485,-2366.31,4.3314,-3769.22,0.0,3769.22,5.0,False,1955;2038
RTX,Long,281,2022-04-29T20:00:00Z,89.457041,2022-05-09T20:00:00Z,85.877669,-1005.8,9.5301,-1715.48,0.0,1715.48,10.0,False,1909;2039
V,Short,121,2022-04-28T20:00:00Z,212.92606,2022-05-09T20:00:00Z,193.266144,2378.85,9.6711,0.0,3202.97,824.12,11.0,True,1872;2040
ABNB,Long,175,2022-05-06T20:00:00Z,143.1,2022-05-09T20:00:00Z,131.5,-2030.0,8.9323,-4152.75,0.0,4152.75,3.0,False,2028;2041
UNH,Short,53,2022-05-05T20:00:00Z,468.368247,2022-05-09T20:00:00Z,450.819031,930.11,14.39,0.0,1124.02,193.91,4.0,True,1977;2042
SPY,Short,116,2022-04-29T20:00:00Z,398.783095,2022-05-09T20:00:00Z,381.497097,2005.18,8.6972,-4170.9,2772.95,1592.35,10.0,True,1921;2053
AMD,Short,267,2022-05-06T20:00:00Z,94.5,2022-05-11T20:00:00Z,87.9,1762.2,9.7861,0.0,2173.38,632.79,5.0,True,2024;2055
GS,Long,89,2022-05-06T20:00:00Z,279.741111,2022-05-11T20:00:00Z,272.870308,-611.5,9.7985,-855.46,0.0,855.46,5.0,False,2026;2060
MDLZ,Long,428,2022-05-09T20:00:00Z,58.254775,2022-05-11T20:00:00Z,58.441832,80.06,10.0525,0.0,198.24,137.25,2.0,True,2048;2063
NOW,Long,248,2022-04-29T20:00:00Z,97.836,2022-05-11T20:00:00Z,85.234,-3125.3,8.9127,-3413.47,509.89,3923.36,12.0,False,1916;2064
PEP,Short,171,2022-05-06T20:00:00Z,145.837019,2022-05-11T20:00:00Z,147.198532,-232.82,10.0516,-362.49,0.0,362.49,5.0,False,2022;2065
UNP,Long,117,2022-05-05T20:00:00Z,212.386068,2022-05-11T20:00:00Z,201.037883,-1327.74,9.6121,-1355.18,0.0,1355.18,6.0,False,1980;2070
SPY,Short,92,2022-04-29T20:00:00Z,398.783095,2022-05-11T20:00:00Z,374.708859,2214.83,6.8039,-3307.95,2668.71,1262.89,12.0,True,1921;2083
ABT,Long,243,2022-05-09T20:00:00Z,101.579239,2022-05-11T20:00:00Z,97.880943,-898.69,9.5122,-1070.4,0.0,1070.4,2.0,False,2045;2084
AXP,Long,154,2022-05-06T20:00:00Z,161.045323,2022-05-11T20:00:00Z,153.962642,-1090.73,9.5762,-1438.18,0.0,1438.18,5.0,False,2025;2085
CCI,Short,173,2022-05-09T20:00:00Z,143.840303,2022-05-11T20:00:00Z,135.505068,1442.0,9.4966,0.0,1520.2,78.21,2.0,True,2050;2086
CSCO,Long,558,2022-04-27T20:00:00Z,45.127721,2022-05-11T20:00:00Z,43.522983,-895.44,9.6926,-1113.12,336.41,1449.53,14.0,False,1832;2087
EL,Short,111,2022-05-06T20:00:00Z,222.658179,2022-05-11T20:00:00Z,216.105855,727.31,9.6931,0.0,1039.9,312.59,5.0,True,2029;2088
EOG,Short,228,2022-05-09T20:00:00Z,106.635311,2022-05-11T20:00:00Z,100.370455,1428.39,9.052,0.0,1693.25,327.3,2.0,True,2051;2089
GILD,Short,478,2022-05-09T20:00:00Z,52.09674,2022-05-11T20:00:00Z,51.617296,229.17,10.0051,-380.59,229.17,380.59,2.0,True,2052;2090
GOOGL,Long,198,2022-04-13T20:00:00Z,126.793472,2022-05-11T20:00:00Z,112.169133,-2895.62,9.5516,-3037.91,394.03,3431.95,28.0,False,1644;2091
JNJ,Short,160,2022-05-09T20:00:00Z,155.563462,2022-05-11T20:00:00Z,156.015655,-72.35,10.0287,-232.66,0.0,232.66,2.0,False,2043;2092
MA,Short,71,2022-05-03T20:00:00Z,352.98517,2022-05-11T20:00:00Z,316.54352,2587.36,9.4769,-480.32,2587.36,480.32,8.0,True,1936;2093
MMM,Short,280,2022-05-09T20:00:00Z,88.656944,2022-05-11T20:00:00Z,89.582694,-259.21,9.9951,-259.21,331.12,590.33,2.0,False,2049;2094
PG,Short,178,2022-05-05T20:00:00Z,140.12771,2022-05-11T20:00:00Z,137.720971,428.4,9.7895,0.0,630.66,202.26,6.0,True,2002;2095
PM,Short,302,2022-05-06T20:00:00Z,82.521479,2022-05-11T20:00:00Z,82.988314,-140.98,10.1992,-1165.64,27.69,1193.33,5.0,False,2023;2096
PYPL,Long,310,2022-05-09T20:00:00Z,79.097909,2022-05-11T20:00:00Z,76.892503,-683.68,9.4856,-1474.65,0.0,1474.65,2.0,False,2047;2097
SYK,Long,108,2022-05-06T20:00:00Z,229.525987,2022-05-11T20:00:00Z,217.301691,-1320.22,9.643,-1388.4,0.0,1388.4,5.0,False,2027;2098
UNH,Long,54,2022-05-09T20:00:00Z,450.819031,2022-05-11T20:00:00Z,446.112275,-254.16,4.8267,-254.16,0.0,254.16,2.0,False,2042;2099
VZ,Long,687,2022-05-05T20:00:00Z,36.296871,2022-05-11T20:00:00Z,36.470685,119.41,9.9391,-77.88,306.31,384.19,6.0,True,1979;2100
AAPL,Short,154,2022-05-05T20:00:00Z,159.864086,2022-05-12T20:00:00Z,139.692858,3106.37,9.0118,0.0,3142.53,369.09,7.0,True,2001;2113
ANTM,Long,54,2022-05-11T20:00:00Z,461.170105,2022-05-12T20:00:00Z,457.871456,-178.13,9.8925,-244.29,0.0,244.29,1.0,False,2104;2114
CB,Long,131,2022-05-11T20:00:00Z,192.431702,2022-05-12T20:00:00Z,192.422328,-1.23,10.0709,-1.23,18.42,19.65,1.0,False,2078;2115
CI,Short,104,2022-05-11T20:00:00Z,239.334832,2022-05-12T20:00:00Z,238.709144,65.07,9.9565,0.0,65.07,0.0,1.0,True,2080;2116
CVX,Short,175,2022-05-09T20:00:00Z,140.01491,2022-05-12T20:00:00Z,136.250618,658.75,9.4889,0.0,963.24,588.48,3.0,True,2044;2117
DUK,Long,275,2022-05-11T20:00:00Z,91.526048,2022-05-12T20:00:00Z,92.074416,150.8,10.1373,0.0,182.22,31.42,1.0,True,2109;2118
ISRG,Short,119,2022-05-11T20:00:00Z,210.98,2022-05-12T20:00:00Z,208.08,345.1,10.0569,-84.49,345.1,84.49,1.0,True,2081;2119
LIN,Short,89,2022-05-11T20:00:00Z,280.638112,2022-05-12T20:00:00Z,279.207102,127.36,10.0846,-271.48,127.36,271.48,1.0,True,2103;2120
MCD,Short,113,2022-05-11T20:00:00Z,220.733582,2022-05-12T20:00:00Z,220.77858,-5.08,9.9381,-5.08,109.83,114.92,1.0,False,2102;2121
MS,Short,359,2022-05-11T20:00:00Z,69.82988,2022-05-12T20:00:00Z,68.068217,632.44,9.8641,0.0,632.44,0.0,1.0,True,2075;2122
SBUX,Short,390,2022-05-11T20:00:00Z,64.088904,2022-05-12T20:00:00Z,62.43651,644.43,9.8225,0.0,644.43,116.21,1.0,True,2111;2123
USB,Short,619,2022-05-11T20:00:00Z,40.687564,2022-05-12T20:00:00Z,39.724106,596.38,9.8938,0.0,596.38,0.0,1.0,True,2082;2124
SPY,Short,127,2022-04-29T20:00:00Z,398.783095,2022-05-12T20:00:00Z,366.790817,4063.02,13.5197,-4566.41,4063.02,1743.34,13.0,True,1921;2135
SPY,Short,56,2022-05-03T20:00:00Z,390.639093,2022-05-12T20:00:00Z,366.790817,1335.5,10.5062,-2469.6,1335.5,746.05,9.0,True,1946;2135
ADP,Long,122,2022-05-05T20:00:00Z,204.593747,2022-05-13T20:00:00Z,187.992682,-2025.33,9.3672,-2221.51,0.0,2221.51,8.0,False,1983;2136
AMD,Short,286,2022-05-12T20:00:00Z,86.63,2022-05-13T20:00:00Z,88.25,-463.32,10.4207,-2428.14,0.0,2428.14,1.0,False,2129;2137
BKNG,Long,315,2022-05-11T20:00:00Z,80.632339,2022-05-13T20:00:00Z,82.222635,500.94,10.275,-129.85,500.94,129.85,2.0,True,2110;2138
C,Long,597,2022-05-11T20:00:00Z,42.326727,2022-05-13T20:00:00Z,40.614635,-1022.12,9.8413,-1218.28,0.0,1218.28,2.0,False,2108;2139
COST,Short,54,2022-05-12T20:00:00Z,463.517057,2022-05-13T20:00:00Z,469.534904,-324.96,10.1135,-538.86,0.0,538.86,1.0,False,2126;2140
CSX,Short,807,2022-05-12T20:00:00Z,31.124123,2022-05-13T20:00:00Z,31.161712,-30.33,10.0757,-235.09,0.0,235.09,1.0,False,2134;2141
EL,Short,118,2022-05-12T20:00:00Z,211.040584,2022-05-13T20:00:00Z,217.96467,-817.04,10.3395,-1460.81,0.0,1460.81,1.0,False,2133;2142
MSFT,Short,91,2022-04-28T20:00:00Z,274.627831,2022-05-13T20:00:00Z,248.036026,2419.85,9.6575,-433.12,2603.1,1092.44,15.0,True,1869;2143
ORCL,Long,369,2022-05-11T20:00:00Z,67.971212,2022-05-13T20:00:00Z,66.702216,-468.26,9.8654,-530.69,0.0,530.69,2.0,False,2073;2144
PYPL,Long,338,2022-05-12T20:00:00Z,73.045405,2022-05-13T20:00:00Z,75.527723,839.02,10.2368,0.0,1661.33,822.31,1.0,True,2132;2145
T,Long,1644,2022-05-11T20:00:00Z,15.460287,2022-05-13T20:00:00Z,15.61054,247.02,10.2083,0.0,377.03,130.01,2.0,True,2076;2146
XOM,Short,344,2022-05-11T20:00:00Z,74.34132,2022-05-13T20:00:00Z,75.836911,-514.48,10.4441,-973.21,0.0,973.21,2.0,False,2071;2147
ACN,Short,98,2022-05-12T20:00:00Z,253.883083,2022-05-16T20:00:00Z,259.983583,-597.85,10.1559,-784.9,0.0,784.9,4.0,False,2127;2158
CB,Long,130,2022-05-13T20:00:00Z,193.265957,2022-05-16T20:00:00Z,193.603408,43.87,10.103,0.0,221.78,177.91,3.0,True,2153;2159
CI,Short,105,2022-05-13T20:00:00Z,240.199754,2022-05-16T20:00:00Z,244.257524,-426.07,10.1576,-525.58,0.0,525.58,3.0,False,2155;2160
CRM,Short,159,2022-05-12T20:00:00Z,154.058982,2022-05-16T20:00:00Z,161.653991,-1207.61,10.127,-1546.17,0.0,1546.17,4.0,False,2128;2161
MDLZ,Long,431,2022-05-13T20:00:00Z,58.637796,2022-05-16T20:00:00Z,59.127706,211.15,10.1744,0.0,211.15,0.0,3.0,True,2152;2162
NOW,Long,291,2022-05-13T20:00:00Z,87.548,2022-05-16T20:00:00Z,89.25,495.28,10.3082,-279.94,495.28,279.94,3.0,True,2154;2163
TMO,Long,46,2022-05-04T20:00:00Z,535.201546,2022-05-16T20:00:00Z,530.228251,-228.77,10.0075,-1134.33,369.03,1503.36,12.0,False,1956;2164
UNP,Short,123,2022-05-13T20:00:00Z,204.65523,2022-05-16T20:00:00Z,207.577974,-359.5,10.178,-359.5,0.0,359.5,3.0,False,2150;2165
SPY,Short,78,2022-05-03T20:00:00Z,390.639093,2022-05-16T20:00:00Z,376.63894,1092.01,29.3062,-3439.8,1860.17,1039.14,13.0,True,1946;2182
SPY,Short,227,2022-05-11T20:00:00Z,374.708859,2022-05-16T20:00:00Z,376.63894,-438.13,16.7878,-13626.87,1797.4,2594.58,5.0,False,2112;2182
BLK,Long,39,2022-04-20T20:00:00Z,633.957913,2022-05-17T20:00:00Z,551.545445,-3214.09,9.1582,-3811.84,0.0,3811.84,27.0,False,1760;2183
BMY,Short,395,2022-05-16T20:00:00Z,64.126986,2022-05-17T20:00:00Z,64.673356,-215.82,10.3014,-640.81,0.0,640.81,1.0,False,2167;2184
DUK,Short,272,2022-05-16T20:00:00Z,92.802278,2022-05-17T20:00:00Z,92.61608,50.65,10.1024,0.0,66.76,16.11,1.0,True,2174;2185
MO,Long,691,2022-05-11T20:00:00Z,36.686431,2022-05-17T20:00:00Z,38.140897,1005.04,10.3372,0.0,1117.25,112.21,6.0,True,2077;2186
NEE,Long,409,2022-05-16T20:00:00Z,61.494996,2022-05-17T20:00:00Z,62.607628,455.07,10.2672,0.0,859.57,404.5,1.0,True,2169;2187
MMC,Short,173,2022-05-13T20:00:00Z,146.965892,2022-05-17T20:00:00Z,150.114294,-544.67,10.3207,-544.67,0.0,544.67,4.0,False,2156;2188
ABNB,Short,207,2022-05-16T20:00:00Z,121.0,2022-05-17T20:00:00Z,119.82,244.26,9.6023,0.0,724.5,480.24,1.0,True,2179;2189
ABT,Long,254,2022-05-13T20:00:00Z,99.441018,2022-05-18T20:00:00Z,104.084536,1179.45,10.3806,0.0,1447.51,417.24,5.0,True,2149;2203
AMD,Short,265,2022-05-16T20:00:00Z,93.76,2022-05-18T20:00:00Z,100.0,-1653.6,10.0976,-2308.15,0.0,2308.15,2.0,False,2168;2204
ANTM,Long,54,2022-05-17T20:00:00Z,469.152838,2022-05-18T20:00:00Z,465.043663,-221.9,9.9098,-1089.12,0.0,1089.12,1.0,False,2197;2205
AVGO,Short,466,2022-05-11T20:00:00Z,53.290755,2022-05-18T20:00:00Z,55.648392,-1098.66,9.8342,-1450.9,173.31,1581.0,7.0,False,2072;2206
C,Long,612,2022-05-16T20:00:00Z,41.150745,2022-05-18T20:00:00Z,43.718883,1571.7,10.2515,0.0,1836.3,904.92,2.0,True,2172;2207
CAT,Long,133,2022-05-11T20:00:00Z,191.496798,2022-05-18T20:00:00Z,199.210329,1025.9,10.2379,-313.47,1025.9,638.09,7.0,True,2105;2208
IBM,Long,220,2022-05-16T20:00:00Z,114.09931,2022-05-18T20:00:00Z,117.528289,754.38,10.1075,-30.18,993.89,1024.06,2.0,True,2170;2209
ISRG,Short,112,2022-05-16T20:00:00Z,221.12,2022-05-18T20:00:00Z,221.21,-10.08,9.7413,-454.72,646.24,656.32,2.0,False,2176;2210
MDT,Long,281,2022-05-17T20:00:00Z,90.829693,2022-05-18T20:00:00Z,90.717526,-31.52,10.1748,-412.17,0.0,412.17,1.0,False,2195;2211
SO,Short,401,2022-05-17T20:00:00Z,63.086444,2022-05-18T20:00:00Z,63.171123,-33.96,10.0498,-33.96,227.51,261.47,1.0,False,2201;2212
SBUX,Short,386,2022-05-17T20:00:00Z,66.996226,2022-05-18T20:00:00Z,66.048166,365.95,10.1072,0.0,1017.69,651.74,1.0,True,2199;2213
XOM,Short,319,2022-05-17T20:00:00Z,79.689786,2022-05-18T20:00:00Z,80.367406,-216.16,10.1285,-216.16,293.76,509.92,1.0,False,2190;2214
WFC,Short,665,2022-05-17T20:00:00Z,38.732268,2022-05-18T20:00:00Z,38.804078,-47.75,15.0995,-47.75,602.89,650.64,1.0,False,2192;2217
SPY,Long,84,2022-05-16T20:00:00Z,376.63894,2022-05-18T20:00:00Z,379.915371,275.22,19.111,-646.93,654.83,1301.76,2.0,True,2182;2234
SPY,Long,175,2022-05-17T20:00:00Z,382.730466,2022-05-18T20:00:00Z,379.915371,-492.64,23.9887,-2413.78,298.22,2413.78,1.0,False,2202;2234
DUK,Short,272,2022-05-18T20:00:00Z,92.946157,2022-05-19T20:00:00Z,91.972854,264.74,10.032,0.0,264.74,0.0,1.0,True,2231;2235
NEE,Long,396,2022-05-18T20:00:00Z,63.393535,2022-05-19T20:00:00Z,62.775406,-244.78,9.8933,-465.08,0.0,465.08,1.0,False,2222;2236
NFLX,Short,1353,2022-05-17T20:00:00Z,18.935,2022-05-19T20:00:00Z,17.813,1518.07,10.1215,0.0,1645.25,851.04,2.0,True,2200;2237
NOW,Long,290,2022-05-18T20:00:00Z,85.7,2022-05-19T20:00:00Z,82.896,-813.16,9.7325,-813.16,0.0,813.16,1.0,False,2229;2238
PG,Short,185,2022-05-13T20:00:00Z,136.513128,2022-05-19T20:00:00Z,128.308741,1517.81,9.7762,-420.42,1800.85,420.42,6.0,True,2148;2239
PM,Short,284,2022-05-18T20:00:00Z,89.198892,2022-05-19T20:00:00Z,87.531622,473.5,9.7864,0.0,1538.89,1065.38,1.0,True,2218;2240
TMUS,Short,207,2022-05-18T20:00:00Z,121.32947,2022-05-19T20:00:00Z,118.645232,555.64,9.8262,0.0,555.64,0.0,1.0,True,2221;2241
ABNB,Short,214,2022-05-18T20:00:00Z,116.11,2022-05-19T20:00:00Z,108.04,1726.98,9.5102,0.0,1726.98,0.0,1.0,True,2233;2242
WFC,Long,641,2022-05-18T20:00:00Z,38.804078,2022-05-19T20:00:00Z,37.430721,-880.32,4.832,-880.32,0.0,880.32,1.0,False,2217;2243
ADI,Short,171,2022-05-16T20:00:00Z,145.893245,2022-05-19T20:00:00Z,149.242953,-572.8,15.151,-1048.81,0.0,1048.81,3.0,False,2175;2252
EL,Long,111,2022-05-18T20:00:00Z,221.199009,2022-05-19T20:00:00Z,212.341754,-983.16,14.7032,-983.16,0.0,983.16,1.0,False,2230;2253
TGT,Long,129,2022-05-09T20:00:00Z,192.488796,2022-05-19T20:00:00Z,139.661964,-6814.66,13.1724,-7692.69,0.0,7692.69,10.0,False,2046;2255
ACN,Long,94,2022-05-18T20:00:00Z,261.983597,2022-05-23T20:00:00Z,256.878538,-479.88,9.5726,-1138.31,0.0,1138.31,5.0,False,2216;2257
AMT,Long,129,2022-05-11T20:00:00Z,196.603301,2022-05-23T20:00:00Z,213.220599,2143.63,10.6205,-106.4,2572.58,428.95,12.0,True,2107;2258
BKNG,Long,300,2022-05-18T20:00:00Z,82.836091,2022-05-23T20:00:00Z,84.297054,438.29,9.7458,-194.59,438.29,194.59,5.0,True,2228;2259
DHR,Long,133,2022-05-19T20:00:00Z,186.705462,2022-05-23T20:00:00Z,194.483255,1034.45,10.2682,0.0,1034.45,0.0,4.0,True,2244;2260
LIN,Short,86,2022-05-17T20:00:00Z,298.365697,2022-05-23T20:00:00Z,301.105329,-235.61,10.3504,-283.38,554.61,837.99,6.0,False,2193;2261
MDLZ,Long,428,2022-05-17T20:00:00Z,58.913927,2022-05-23T20:00:00Z,55.279684,-1555.46,9.7414,-1982.44,0.0,1982.44,6.0,False,2198;2262
MMM,Long,282,2022-05-19T20:00:00Z,88.201519,2022-05-23T20:00:00Z,87.224183,-275.61,9.9144,-393.0,0.0,393.0,4.0,False,2251;2263
MO,Long,657,2022-05-18T20:00:00Z,38.253865,2022-05-23T20:00:00Z,36.40401,-1215.35,9.772,-1447.29,0.0,1447.29,5.0,False,2225;2264
MRK,Short,328,2022-05-11T20:00:00Z,76.407423,2022-05-23T20:00:00Z,81.800168,-1768.82,10.496,-1846.22,0.0,1846.22,12.0,False,2101;2265
ADI,Long,169,2022-05-19T20:00:00Z,149.242953,2022-05-23T20:00:00Z,149.966713,122.32,5.0667,0.0,250.9,139.56,4.0,True,2252;2266
ORCL,Short,377,2022-05-16T20:00:00Z,66.448416,2022-05-23T20:00:00Z,65.15122,489.04,9.9084,-425.25,1286.4,1063.14,7.0,True,2166;2267
PYPL,Long,323,2022-05-16T20:00:00Z,77.634231,2022-05-23T20:00:00Z,79.691291,664.43,10.1473,-421.66,888.04,820.95,7.0,True,2173;2268
TGT,Short,179,2022-05-19T20:00:00Z,139.661964,2022-05-23T20:00:00Z,133.790758,1050.95,4.7711,0.0,1143.95,93.0,4.0,True,2255;2269
SPY,Long,57,2022-05-17T20:00:00Z,382.730466,2022-05-23T20:00:00Z,369.850702,-734.15,4.2602,-915.0,97.13,915.0,6.0,False,2202;2288
BA,Short,198,2022-05-16T20:00:00Z,127.05,2022-05-24T20:00:00Z,122.56,889.02,9.6406,-990.0,1514.7,990.0,8.0,True,2181;2289
CB,Long,129,2022-05-19T20:00:00Z,192.544186,2022-05-24T20:00:00Z,193.687771,147.52,9.9645,-170.5,331.32,183.8,5.0,True,2249;2290
CRM,Short,162,2022-05-19T20:00:00Z,152.322139,2022-05-24T20:00:00Z,154.814558,-403.77,9.9363,-809.13,0.0,809.13,5.0,False,2245;2291
CSCO,Long,659,2022-05-23T20:00:00Z,38.425058,2022-05-24T20:00:00Z,38.478253,35.06,10.1803,0.0,251.23,216.18,1.0,True,2275;2292
CVS,Long,307,2022-05-23T20:00:00Z,82.664554,2022-05-24T20:00:00Z,82.750663,26.44,10.1523,0.0,118.96,92.52,1.0,True,2280;2293
CVX,Short,174,2022-05-17T20:00:00Z,146.255269,2022-05-24T20:00:00Z,143.941525,402.59,10.136,0.0,960.24,858.49,7.0,True,2191;2294
COP,Short,283,2022-05-17T20:00:00Z,90.359961,2022-05-24T20:00:00Z,91.094115,-207.77,10.3405,-573.15,620.91,1194.05,7.0,False,2196;2295
EL,Short,117,2022-05-19T20:00:00Z,212.341754,2022-05-24T20:00:00Z,218.67102,-740.52,5.0469,-950.39,0.0,950.39,5.0,False,2253;2296
GS,Long,93,2022-05-12T20:00:00Z,268.74066,2022-05-24T20:00:00Z,282.491224,1278.8,10.2198,0.0,1383.77,519.85,12.0,True,2130;2297
LMT,Long,66,2022-05-23T20:00:00Z,379.616089,2022-05-24T20:00:00Z,384.554012,325.9,10.2671,0.0,891.54,565.64,1.0,True,2281;2298
PEP,Short,167,2022-05-18T20:00:00Z,149.723364,2022-05-24T20:00:00Z,142.958883,1129.67,9.5402,0.0,1806.03,952.66,6.0,True,2215;2299
QCOM,Short,203,2022-05-11T20:00:00Z,122.083931,2022-05-24T20:00:00Z,117.843587,860.79,9.5744,-855.28,1192.99,1453.62,13.0,True,2074;2300
SCHW,Long,408,2022-05-16T20:00:00Z,61.01366,2022-05-24T20:00:00Z,61.164427,61.51,9.8406,-803.51,199.92,976.52,8.0,True,2171;2301
ABNB,Short,223,2022-05-23T20:00:00Z,113.75,2022-05-24T20:00:00Z,111.2,568.65,9.7906,0.0,1674.73,1106.08,1.0,True,2287;2302
DIS,Long,253,2022-05-23T20:00:00Z,100.601878,2022-05-24T20:00:00Z,100.727921,31.89,15.0038,-524.94,31.89,524.94,1.0,True,2274;2306
ANTM,Long,54,2022-05-24T20:00:00Z,468.342313,2022-05-25T20:00:00Z,475.401424,381.19,10.2812,0.0,399.51,18.32,1.0,True,2310;2321
C,Long,584,2022-05-23T20:00:00Z,44.401991,2022-05-25T20:00:00Z,45.448269,611.03,10.6541,0.0,691.82,80.8,2.0,True,2282;2322
MA,Short,79,2022-05-12T20:00:00Z,314.112775,2022-05-25T20:00:00Z,332.47515,-1450.63,10.2724,-2056.02,0.0,2056.02,13.0,False,2125;2325
ORCL,Long,382,2022-05-24T20:00:00Z,65.489619,2022-05-25T20:00:00Z,64.747021,-283.67,9.9781,-283.67,64.63,348.31,1.0,False,2305;2328
PYPL,Long,313,2022-05-24T20:00:00Z,79.117688,2022-05-25T20:00:00Z,77.00129,-662.43,9.8294,-662.43,37.15,699.58,1.0,False,2313;2330
T,Short,1572,2022-05-17T20:00:00Z,16.132473,2022-05-25T20:00:00Z,16.709762,-907.5,10.4151,-1131.27,223.77,1355.03,8.0,False,2194;2332
SPY,Long,80,2022-05-17T20:00:00Z,382.730466,2022-05-25T20:00:00Z,369.408196,-1065.78,10.251,-1284.21,136.33,1284.21,8.0,False,2202;2344
SPY,Long,57,2022-05-24T20:00:00Z,369.558836,2022-05-25T20:00:00Z,369.408196,-8.59,9.9387,-164.22,847.92,268.87,1.0,False,2320;2344
AMD,Short,260,2022-05-19T20:00:00Z,96.79,2022-05-25T20:00:00Z,90.52,1630.2,9.8446,0.0,1630.2,408.2,6.0,True,2246;2345
AXP,Long,163,2022-05-18T20:00:00Z,151.953978,2022-05-25T20:00:00Z,148.774387,-518.27,9.8326,-990.0,145.86,990.0,7.0,False,2224;2346
BLK,Long,45,2022-05-18T20:00:00Z,541.853022,2022-05-25T20:00:00Z,550.909435,407.54,9.8233,-476.07,875.14,476.07,7.0,True,2226;2347
CI,Short,105,2022-05-23T20:00:00Z,241.322312,2022-05-25T20:00:00Z,244.15631,-297.57,10.224,-336.22,0.0,336.22,2.0,False,2285;2348
DIS,Short,245,2022-05-24T20:00:00Z,100.727921,2022-05-25T20:00:00Z,98.536708,536.85,4.9062,0.0,536.85,0.0,1.0,True,2306;2349
FB,Long,122,2022-04-29T20:00:00Z,202.678811,2022-05-25T20:00:00Z,178.698486,-2925.6,4.4429,-2925.6,2265.8,5191.4,26.0,False,1900;2350
HON,Short,143,2022-05-19T20:00:00Z,173.887774,2022-05-25T20:00:00Z,171.127938,394.66,9.9112,0.0,394.66,115.16,6.0,True,2247;2351
IBM,Long,220,2022-05-19T20:00:00Z,113.15634,2022-05-25T20:00:00Z,113.893571,162.19,9.9596,-663.85,450.74,663.85,6.0,True,2248;2352
INTU,Long,70,2022-05-11T20:00:00Z,355.046821,2022-05-25T20:00:00Z,360.863453,407.16,10.0893,-917.31,1463.35,1257.4,14.0,True,2106;2353
JPM,Short,225,2022-04-29T20:00:00Z,110.703704,2022-05-25T20:00:00Z,113.60962,-653.83,9.9836,-848.16,1155.84,2004.0,26.0,False,1905;2354
LOW,Long,147,2022-05-24T20:00:00Z,169.94653,2022-05-25T20:00:00Z,167.569719,-349.39,10.0708,-349.39,462.71,812.1,1.0,False,2309;2355
MCD,Long,119,2022-05-23T20:00:00Z,212.174947,2022-05-25T20:00:00Z,218.312685,730.39,10.3242,0.0,938.16,207.77,2.0,True,2277;2356
MDLZ,Short,455,2022-05-24T20:00:00Z,55.199517,2022-05-25T20:00:00Z,55.947744,-340.44,10.1622,-340.44,0.0,340.44,1.0,False,2314;2357
MMM,Short,289,2022-05-24T20:00:00Z,87.085426,2022-05-25T20:00:00Z,87.736983,-188.3,10.1696,-256.3,0.0,256.3,1.0,False,2316;2358
NOW,Long,290,2022-05-23T20:00:00Z,86.184,2022-05-25T20:00:00Z,85.122,-307.98,10.236,-653.66,1239.46,1547.44,2.0,False,2283;2359
PLD,Long,233,2022-05-13T20:00:00Z,109.136827,2022-05-25T20:00:00Z,104.355396,-1114.07,10.0798,-1152.63,109.58,1262.21,12.0,False,2151;2360
PM,Short,297,2022-05-23T20:00:00Z,85.947717,2022-05-25T20:00:00Z,89.257246,-982.93,10.472,-1354.31,0.0,1354.31,2.0,False,2278;2361
SBUX,Short,379,2022-05-23T20:00:00Z,66.571857,2022-05-25T20:00:00Z,65.659913,345.63,9.9855,0.0,427.76,82.13,2.0,True,2284;2362
TGT,Short,189,2022-05-24T20:00:00Z,131.218858,2022-05-25T20:00:00Z,130.10177,211.13,10.0327,-811.79,211.13,811.79,1.0,True,2319;2363
WMT,Short,648,2022-05-24T20:00:00Z,38.391486,2022-05-25T20:00:00Z,39.278418,-574.73,10.1604,-574.73,0.0,574.73,1.0,False,2304;2364
BKNG,Short,312,2022-05-25T20:00:00Z,79.634789,2022-05-26T20:00:00Z,84.821813,-1618.35,10.6518,-2236.31,0.0,2236.31,1.0,False,2373;2376
CAT,Long,132,2022-05-24T20:00:00Z,189.233044,2022-05-26T20:00:00Z,197.076997,1035.4,10.296,0.0,1212.48,177.08,2.0,True,2311;2377
CB,Long,128,2022-05-25T20:00:00Z,194.559521,2022-05-26T20:00:00Z,196.443625,241.17,9.9749,0.0,241.17,0.0,1.0,True,2341;2378
CVX,Short,171,2022-05-25T20:00:00Z,146.0247,2022-05-26T20:00:00Z,148.740419,-464.39,10.1548,-500.44,0.0,500.44,1.0,False,2334;2379
DE,Long,79,2022-05-24T20:00:00Z,314.920484,2022-05-26T20:00:00Z,324.374237,746.85,10.2147,0.0,1049.02,302.17,2.0,True,2312;2380
HD,Short,97,2022-05-25T20:00:00Z,254.359268,2022-05-26T20:00:00Z,264.602699,-993.61,10.2966,-1467.54,0.0,1467.54,1.0,False,2365;2381
MS,Short,350,2022-05-25T20:00:00Z,71.277583,2022-05-26T20:00:00Z,72.690402,-494.49,10.2102,-1001.18,0.0,1001.18,1.0,False,2372;2382
NEE,Short,379,2022-05-25T20:00:00Z,66.334062,2022-05-26T20:00:00Z,66.27225,23.43,10.0288,0.0,26.77,3.35,1.0,True,2371;2383
ADI,Short,166,2022-05-25T20:00:00Z,148.899632,2022-05-26T20:00:00Z,150.653357,-291.12,10.0527,-543.73,0.0,543.73,1.0,False,2342;2384
SPGI,Long,78,2022-05-25T20:00:00Z,318.318258,2022-05-26T20:00:00Z,318.925105,47.33,9.9505,-154.01,248.68,201.35,1.0,True,2339;2385
TMO,Long,46,2022-05-25T20:00:00Z,543.549578,2022-05-26T20:00:00Z,531.856413,-537.89,9.7535,-537.89,0.0,537.89,1.0,False,2335;2386
UPS,Short,170,2022-05-18T20:00:00Z,144.680007,2022-05-26T20:00:00Z,142.000225,455.56,9.6075,0.0,1661.26,1505.76,8.0,True,2220;2387
VZ,Short,654,2022-05-25T20:00:00Z,38.163481,2022-05-26T20:00:00Z,38.79828,-415.16,10.1051,-415.16,0.0,415.16,1.0,False,2366;2388
ZTS,Short,160,2022-05-16T20:00:00Z,156.35357,2022-05-26T20:00:00Z,155.584338,123.08,10.0711,-271.99,913.2,1104.66,10.0,True,2178;2389
ABT,Long,241,2022-05-23T20:00:00Z,104.479143,2022-05-27T20:00:00Z,106.525594,493.19,10.2492,-145.97,623.68,145.97,4.0,True,2271;2404
ACN,Long,98,2022-05-25T20:00:00Z,254.184455,2022-05-27T20:00:00Z,267.98364,1352.32,10.4496,0.0,2310.85,958.53,2.0,True,2367;2405
ADP,Long,133,2022-05-19T20:00:00Z,186.923674,2022-05-27T20:00:00Z,197.63172,1424.17,10.3111,0.0,1980.93,556.76,8.0,True,2250;2406
AMAT,Long,251,2022-05-12T20:00:00Z,99.636084,2022-05-27T20:00:00Z,112.532374,3236.97,10.9484,0.0,3934.63,2508.36,15.0,True,2131;2407
AMGN,Short,115,2022-05-23T20:00:00Z,219.3735,2022-05-27T20:00:00Z,222.444729,-353.19,10.178,-530.8,0.0,530.8,4.0,False,2279;2408
CCI,Short,180,2022-05-16T20:00:00Z,139.676651,2022-05-27T20:00:00Z,149.60597,-1787.28,10.5375,-2465.36,94.22,2559.58,11.0,False,2180;2409
COST,Long,63,2022-05-23T20:00:00Z,399.92022,2022-05-27T20:00:00Z,434.599016,2184.76,10.8007,0.0,3044.99,860.23,4.0,True,2272;2410
COP,Short,266,2022-05-26T20:00:00Z,95.043355,2022-05-27T20:00:00Z,94.638305,107.74,10.2244,-442.2,107.74,442.2,1.0,True,2398;2411
EL,Short,116,2022-05-25T20:00:00Z,213.921747,2022-05-27T20:00:00Z,229.65355,-1824.89,10.4491,-2406.37,0.0,2406.37,2.0,False,2374;2412
GILD,Short,472,2022-05-16T20:00:00Z,53.398088,2022-05-27T20:00:00Z,55.315864,-905.19,10.2674,-1066.83,0.0,1066.83,11.0,False,2177;2413
LOW,Long,144,2022-05-26T20:00:00Z,175.278293,2022-05-27T20:00:00Z,180.527465,755.88,10.4457,0.0,1141.75,385.87,1.0,True,2399;2414
MO,Long,670,2022-05-25T20:00:00Z,37.470148,2022-05-27T20:00:00Z,38.621012,771.08,10.2501,0.0,771.08,28.38,2.0,True,2340;2415
NKE,Long,254,2022-05-25T20:00:00Z,94.823481,2022-05-27T20:00:00Z,104.644812,2494.62,10.4341,0.0,2906.51,411.89,2.0,True,2368;2416
PM,Short,276,2022-05-26T20:00:00Z,90.749452,2022-05-27T20:00:00Z,90.532707,59.82,9.8954,0.0,434.86,375.04,1.0,True,2396;2417
SBUX,Short,381,2022-05-26T20:00:00Z,65.867584,2022-05-27T20:00:00Z,67.926228,-784.34,10.4029,-1293.48,0.0,1293.48,1.0,False,2403;2418
RTX,Short,292,2022-05-18T20:00:00Z,85.695975,2022-05-27T20:00:00Z,87.396018,-496.41,10.075,-784.62,984.65,1769.27,9.0,False,2223;2419
REGN,Short,37,2022-05-24T20:00:00Z,675.594535,2022-05-27T20:00:00Z,679.309478,-137.45,10.1079,-396.96,0.0,396.96,3.0,False,2318;2420
T,Short,1482,2022-05-26T20:00:00Z,16.923281,2022-05-27T20:00:00Z,16.8442,117.2,9.9899,0.0,117.2,0.0,1.0,True,2397;2421
UNP,Short,128,2022-05-24T20:00:00Z,194.624084,2022-05-27T20:00:00Z,201.13701,-833.65,10.1819,-931.22,0.0,931.22,3.0,False,2308;2422
WMT,Short,639,2022-05-26T20:00:00Z,39.693375,2022-05-27T20:00:00Z,39.750392,-36.43,10.3019,-641.64,0.0,641.64,1.0,False,2390;2423
BX,Short,292,2022-05-13T20:00:00Z,87.987505,2022-05-27T20:00:00Z,103.689971,-4585.12,16.7127,-4918.95,0.0,4918.95,14.0,False,2157;2437
SPY,Long,77,2022-05-24T20:00:00Z,369.558836,2022-05-27T20:00:00Z,384.105061,1120.06,6.9592,-221.84,1648.55,528.49,3.0,True,2320;2443
SPY,Long,12,2022-05-25T20:00:00Z,369.408196,2022-05-27T20:00:00Z,384.105061,176.36,28.2839,-32.76,258.73,82.36,2.0,True,2375;2443
ADBE,Long,62,2022-05-23T20:00:00Z,404.01,2022-05-31T20:00:00Z,427.22,1439.02,10.2082,-347.2,1501.02,727.88,8.0,True,2273;2444
AVGO,Long,506,2022-05-26T20:00:00Z,49.29891,2022-05-31T20:00:00Z,54.210809,2485.42,10.6136,0.0,2485.42,147.83,5.0,True,2393;2445
INTC,Long,640,2022-05-23T20:00:00Z,39.259171,2022-05-31T20:00:00Z,41.726998,1579.41,10.4193,-6.03,1730.12,150.71,8.0,True,2276;2446
ISRG,Short,113,2022-05-24T20:00:00Z,219.21,2022-05-31T20:00:00Z,228.4,-1038.47,10.0803,-1124.35,0.0,1124.35,7.0,False,2317;2447
MDLZ,Long,451,2022-05-27T20:00:00Z,55.929929,2022-05-31T20:00:00Z,56.669248,333.43,10.2296,0.0,333.43,0.0,4.0,True,2436;2448
MDT,Short,293,2022-05-27T20:00:00Z,85.523313,2022-05-31T20:00:00Z,84.850309,197.19,10.0734,-260.39,197.19,260.39,4.0,True,2430;2449
NOW,Long,276,2022-05-27T20:00:00Z,92.638,2022-05-31T20:00:00Z,94.41,489.07,10.4191,0.0,489.07,0.0,4.0,True,2433;2450
PFE,Short,591,2022-05-26T20:00:00Z,42.518568,2022-05-31T20:00:00Z,42.007339,302.14,9.9584,0.0,436.94,134.8,5.0,True,2392;2451
PYPL,Long,315,2022-05-26T20:00:00Z,79.345151,2022-05-31T20:00:00Z,83.736183,1383.17,10.3196,0.0,1551.4,168.22,5.0,True,2401;2452
QCOM,Short,215,2022-05-25T20:00:00Z,115.547111,2022-05-31T20:00:00Z,126.016873,-2251.0,10.6699,-2997.44,0.0,2997.44,6.0,False,2338;2453
BX,Long,245,2022-05-27T20:00:00Z,103.689971,2022-05-31T20:00:00Z,103.724615,8.49,4.9989,-409.54,8.49,409.54,4.0,True,2437;2454
TGT,Short,178,2022-05-27T20:00:00Z,141.359245,2022-05-31T20:00:00Z,144.190933,-504.04,10.1431,-504.04,208.09,712.13,4.0,False,2442;2455
TMUS,Short,205,2022-05-25T20:00:00Z,122.284076,2022-05-31T20:00:00Z,126.083597,-778.9,10.2586,-916.47,0.0,916.47,6.0,False,2370;2456
VZ,Long,652,2022-05-27T20:00:00Z,38.352409,2022-05-31T20:00:00Z,38.820951,305.49,10.1196,0.0,305.49,0.0,4.0,True,2426;2457
AMD,Short,254,2022-05-27T20:00:00Z,100.31,2022-06-01T20:00:00Z,102.06,-444.5,10.3368,-444.5,0.0,444.5,5.0,False,2427;2472
ANTM,Short,52,2022-05-27T20:00:00Z,483.082565,2022-06-01T20:00:00Z,481.414391,86.75,9.9952,0.0,655.73,568.99,5.0,True,2431;2473
AXP,Short,163,2022-05-26T20:00:00Z,154.886056,2022-06-01T20:00:00Z,160.607415,-932.58,10.282,-1073.79,0.0,1073.79,6.0,False,2400;2474
BLK,Long,43,2022-05-27T20:00:00Z,588.398151,2022-06-01T20:00:00Z,602.57847,609.75,10.2232,0.0,609.75,330.11,5.0,True,2432;2475
DIS,Long,249,2022-05-26T20:00:00Z,100.931529,2022-06-01T20:00:00Z,108.581383,1904.81,10.3715,0.0,1904.81,316.26,6.0,True,2395;2476
HON,Short,141,2022-05-31T20:00:00Z,175.561773,2022-06-01T20:00:00Z,176.023254,-65.07,9.8361,-65.07,273.03,338.1,1.0,False,2463;2477
IBM,Short,211,2022-05-31T20:00:00Z,118.471259,2022-06-01T20:00:00Z,119.825706,-285.79,10.0666,-285.79,0.0,285.79,1.0,False,2464;2478
MRK,Long,309,2022-05-31T20:00:00Z,80.331803,2022-06-01T20:00:00Z,80.122037,-64.82,9.8998,-207.96,0.0,207.96,1.0,False,2460;2479
MS,Short,334,2022-05-31T20:00:00Z,74.469507,2022-06-01T20:00:00Z,75.385223,-305.85,9.9713,-305.85,113.6,419.45,1.0,False,2462;2480
MU,Short,345,2022-05-18T20:00:00Z,71.663607,2022-06-01T20:00:00Z,72.857837,-412.01,9.7667,-412.01,2225.53,2637.54,14.0,False,2232;2481
NFLX,Short,1343,2022-05-24T20:00:00Z,18.173,2022-06-01T20:00:00Z,19.849,-2250.87,10.0255,-2250.87,0.0,2250.87,8.0,False,2315;2482
ADI,Short,165,2022-05-27T20:00:00Z,153.825127,2022-06-01T20:00:00Z,157.712472,-641.41,10.2232,-641.41,36.92,678.33,5.0,False,2438;2483
NVDA,Short,1346,2022-05-31T20:00:00Z,18.897654,2022-06-01T20:00:00Z,18.641715,344.49,9.9171,0.0,879.33,534.84,1.0,True,2458;2484
ORCL,Long,380,2022-05-26T20:00:00Z,65.922018,2022-06-01T20:00:00Z,68.63861,1032.31,10.2345,0.0,1032.31,414.35,6.0,True,2394;2485
PLD,Long,238,2022-05-26T20:00:00Z,105.052144,2022-06-01T20:00:00Z,111.784469,1602.29,10.292,0.0,1602.29,342.02,6.0,True,2402;2486
UPS,Short,174,2022-05-27T20:00:00Z,143.98286,2022-06-01T20:00:00Z,146.876219,-503.44,10.1741,-504.85,0.0,504.85,5.0,False,2428;2487
DUK,Long,260,2022-05-31T20:00:00Z,95.78143,2022-06-01T20:00:00Z,95.256692,-136.43,14.8749,-332.28,0.0,332.28,1.0,False,2467;2500
C,Long,547,2022-06-01T20:00:00Z,46.295669,2022-06-02T20:00:00Z,45.309918,-539.21,9.9157,-539.21,0.0,539.21,1.0,False,2497;2503
CI,Short,101,2022-05-27T20:00:00Z,246.695867,2022-06-02T20:00:00Z,244.027492,269.51,9.9593,-16.73,434.93,165.42,6.0,True,2439;2504
CRM,Short,162,2022-05-25T20:00:00Z,153.175841,2022-06-02T20:00:00Z,171.721795,-3004.44,11.0656,-5134.58,0.0,5134.58,8.0,False,2337;2505
DHR,Long,124,2022-06-01T20:00:00Z,207.702429,2022-06-02T20:00:00Z,202.676069,-623.27,10.1871,-623.27,311.63,934.9,1.0,False,2492;2506
DUK,Short,265,2022-06-01T20:00:00Z,95.256692,2022-06-02T20:00:00Z,94.926616,87.47,5.0136,0.0,174.94,87.47,1.0,True,2500;2507
LLY,Short,80,2022-05-31T20:00:00Z,305.857013,2022-06-02T20:00:00Z,300.003197,468.31,9.5176,0.0,1088.85,620.54,2.0,True,2459;2508
LOW,Short,141,2022-06-01T20:00:00Z,180.224628,2022-06-02T20:00:00Z,176.709886,495.58,10.0392,0.0,495.58,0.0,1.0,True,2496;2509
MA,Short,74,2022-05-26T20:00:00Z,340.694777,2022-06-02T20:00:00Z,351.911347,-830.03,10.3008,-1017.13,0.0,1017.13,7.0,False,2391;2510
MDT,Short,292,2022-06-01T20:00:00Z,86.524191,2022-06-02T20:00:00Z,84.436152,609.71,9.8904,0.0,609.71,0.0,1.0,True,2495;2511
MMM,Short,283,2022-05-27T20:00:00Z,89.414139,2022-06-02T20:00:00Z,88.997866,117.81,10.1647,-172.44,305.61,302.2,6.0,True,2440;2512
PEP,Long,174,2022-06-01T20:00:00Z,144.923599,2022-06-02T20:00:00Z,143.710263,-211.12,10.0258,-253.4,0.0,253.4,1.0,False,2491;2513
QCOM,Short,195,2022-06-01T20:00:00Z,129.67048,2022-06-02T20:00:00Z,127.24376,473.21,10.1455,-625.63,473.21,625.63,1.0,True,2493;2514
BX,Short,247,2022-06-01T20:00:00Z,102.174289,2022-06-02T20:00:00Z,100.875133,320.89,10.1744,-800.09,320.89,800.09,1.0,True,2501;2515
T,Short,1500,2022-06-01T20:00:00Z,16.954913,2022-06-02T20:00:00Z,16.780935,260.97,10.0638,0.0,284.69,23.72,1.0,True,2494;2516
UNH,Short,55,2022-06-01T20:00:00Z,458.099795,2022-06-02T20:00:00Z,454.12847,218.42,9.9586,0.0,306.4,87.98,1.0,True,2488;2517
USB,Short,620,2022-05-19T20:00:00Z,39.913504,2022-06-02T20:00:00Z,42.589775,-1659.29,10.356,-2348.53,0.0,2348.53,14.0,False,2256;2518
MMC,Short,179,2022-05-23T20:00:00Z,140.855938,2022-06-02T20:00:00Z,145.928882,-908.06,10.4468,-1742.53,0.0,1742.53,10.0,False,2286;2519
ZTS,Short,159,2022-05-27T20:00:00Z,158.718247,2022-06-02T20:00:00Z,159.221572,-80.03,10.4104,-828.98,16.61,845.59,6.0,False,2441;2520
ADBE,Long,60,2022-06-02T20:00:00Z,417.22,2022-06-03T20:00:00Z,430.71,809.4,10.4525,0.0,809.4,0.0,1.0,True,2528;2537
AMD,Short,249,2022-06-02T20:00:00Z,100.82,2022-06-03T20:00:00Z,105.58,-1185.24,10.7015,-1364.52,0.0,1364.52,1.0,False,2530;2538
AXP,Short,159,2022-06-02T20:00:00Z,158.160844,2022-06-03T20:00:00Z,158.884344,-115.04,10.1689,-115.04,0.0,115.04,1.0,False,2534;2539
BA,Short,190,2022-05-31T20:00:00Z,130.36,2022-06-03T20:00:00Z,138.24,-1497.2,10.2847,-1926.6,0.0,1926.6,3.0,False,2470;2540
CCI,Short,169,2022-06-02T20:00:00Z,146.171948,2022-06-03T20:00:00Z,147.274325,-186.3,9.9249,-186.3,170.22,356.52,1.0,False,2536;2541
ISRG,Short,111,2022-06-01T20:00:00Z,228.35,2022-06-03T20:00:00Z,224.04,478.41,9.6388,0.0,1172.16,693.75,2.0,True,2502;2542
MDLZ,Long,446,2022-06-01T20:00:00Z,56.517821,2022-06-03T20:00:00Z,55.974466,-242.34,9.9572,-413.16,0.0,413.16,2.0,False,2499;2543
SO,Short,401,2022-05-19T20:00:00Z,62.417473,2022-06-03T20:00:00Z,64.085665,-668.94,10.0905,-801.38,101.87,903.25,15.0,False,2254;2544
MRK,Short,316,2022-06-02T20:00:00Z,79.650062,2022-06-03T20:00:00Z,78.435165,383.91,9.938,0.0,383.91,0.0,1.0,True,2526;2545
MS,Short,340,2022-06-02T20:00:00Z,74.225316,2022-06-03T20:00:00Z,73.405532,278.73,10.0401,0.0,293.55,14.83,1.0,True,2533;2546
NEE,Short,379,2022-05-27T20:00:00Z,66.152409,2022-06-03T20:00:00Z,69.349464,-1211.68,10.5093,-1413.63,0.0,1413.63,7.0,False,2429;2547
NOW,Long,270,2022-06-01T20:00:00Z,98.208,2022-06-03T20:00:00Z,99.168,259.2,10.4502,0.0,743.04,665.28,2.0,True,2498;2548
NVDA,Short,1382,2022-06-02T20:00:00Z,18.216478,2022-06-03T20:00:00Z,19.001224,-1084.52,10.5457,-1084.52,0.0,1084.52,1.0,False,2521;2549
PFE,Short,612,2022-06-02T20:00:00Z,41.189372,2022-06-03T20:00:00Z,41.330943,-86.64,10.1968,-404.33,0.0,404.33,1.0,False,2524;2550
UPS,Short,173,2022-06-02T20:00:00Z,146.835921,2022-06-03T20:00:00Z,146.980992,-25.1,10.3049,-457.33,0.0,457.33,1.0,False,2531;2551
SPY,Long,366,2022-05-25T20:00:00Z,369.408196,2022-06-03T20:00:00Z,388.341825,6929.71,28.6801,-999.31,8625.09,2512.06,9.0,True,2375;2565
SPY,Long,5,2022-05-31T20:00:00Z,389.236253,2022-06-03T20:00:00Z,388.341825,-4.47,20.0608,-112.79,18.69,32.25,3.0,False,2471;2565
ADP,Long,124,2022-05-31T20:00:00Z,201.368756,2022-06-06T20:00:00Z,199.868552,-186.03,9.8571,-539.14,0.0,539.14,6.0,False,2465;2566
EL,Long,107,2022-05-31T20:00:00Z,236.362027,2022-06-06T20:00:00Z,249.592636,1415.68,10.3749,-325.01,1415.68,325.01,6.0,True,2466;2567
EOG,Short,233,2022-05-25T20:00:00Z,108.04594,2022-06-06T20:00:00Z,118.658855,-2472.81,10.602,-2472.81,0.0,2472.81,12.0,False,2343;2568
GILD,Short,454,2022-05-31T20:00:00Z,55.204565,2022-06-06T20:00:00Z,53.723425,672.44,9.8635,-112.72,952.3,279.86,6.0,True,2469;2569
HON,Long,141,2022-06-03T20:00:00Z,178.167782,2022-06-06T20:00:00Z,177.923469,-34.45,9.9522,-216.9,0.0,216.9,3.0,False,2559;2570
INTU,Long,61,2022-06-03T20:00:00Z,403.292928,2022-06-06T20:00:00Z,403.176788,-7.08,9.6576,-456.36,0.0,456.36,3.0,False,2560;2571
MCD,Short,112,2022-06-03T20:00:00Z,224.816555,2022-06-06T20:00:00Z,225.404772,-65.88,10.0631,-65.88,36.49,102.37,3.0,False,2554;2572
MO,Long,661,2022-06-03T20:00:00Z,38.232683,2022-06-06T20:00:00Z,38.112655,-79.34,10.0219,-275.35,0.0,275.35,3.0,False,2562;2573
QCOM,Short,190,2022-06-03T20:00:00Z,129.052439,2022-06-06T20:00:00Z,131.506426,-466.26,9.7279,-466.26,267.67,733.92,3.0,False,2557;2574
SYK,Long,110,2022-05-18T20:00:00Z,225.862525,2022-06-06T20:00:00Z,221.003415,-534.5,9.6854,-861.73,37.88,899.6,19.0,False,2227;2575
T,Short,1508,2022-06-03T20:00:00Z,16.622774,2022-06-06T20:00:00Z,16.559509,95.4,9.9803,0.0,95.4,0.0,3.0,True,2558;2576
MMC,Short,169,2022-06-03T20:00:00Z,144.69568,2022-06-06T20:00:00Z,148.208436,-593.66,9.9567,-593.66,0.0,593.66,3.0,False,2564;2577
VZ,Short,649,2022-06-02T20:00:00Z,38.941865,2022-06-06T20:00:00Z,38.488438,294.27,10.0573,0.0,353.13,210.9,4.0,True,2527;2578
AMGN,Long,115,2022-06-06T20:00:00Z,217.908085,2022-06-07T20:00:00Z,214.678907,-371.36,9.9267,-371.36,0.0,371.36,1.0,False,2584;2591
SO,Short,394,2022-06-06T20:00:00Z,63.924773,2022-06-07T20:00:00Z,63.81469,43.37,10.0785,-66.73,43.37,66.73,1.0,True,2587;2592
MU,Short,366,2022-06-06T20:00:00Z,69.333879,2022-06-07T20:00:00Z,67.297814,745.2,10.1182,0.0,745.2,0.0,1.0,True,2589;2593
SCHW,Long,380,2022-06-06T20:00:00Z,66.987816,2022-06-07T20:00:00Z,63.265747,-1414.39,9.7073,-1414.39,0.0,1414.39,1.0,False,2585;2594
TMUS,Short,198,2022-06-02T20:00:00Z,128.172388,2022-06-07T20:00:00Z,129.306573,-224.57,10.2699,-557.68,0.0,557.68,5.0,False,2529;2595
XOM,Short,296,2022-06-02T20:00:00Z,84.563434,2022-06-07T20:00:00Z,86.735291,-642.87,10.3379,-1540.32,0.0,1540.32,5.0,False,2522;2596
SPY,Long,88,2022-05-31T20:00:00Z,389.236253,2022-06-07T20:00:00Z,384.255701,-438.29,6.889,-1985.14,328.92,767.21,7.0,False,2471;2601
BKNG,Long,289,2022-05-27T20:00:00Z,88.447455,2022-06-08T20:00:00Z,90.004148,449.88,10.4155,-282.76,1228.04,778.15,12.0,True,2434;2602
COST,Short,55,2022-06-06T20:00:00Z,457.527776,2022-06-08T20:00:00Z,449.22467,456.67,9.8505,0.0,655.16,198.48,2.0,True,2579;2603
CRM,Short,138,2022-06-06T20:00:00Z,185.39085,2022-06-08T20:00:00Z,183.497004,261.35,10.0765,-35.21,261.35,276.25,2.0,True,2580;2604
CVX,Short,168,2022-05-27T20:00:00Z,148.80789,2022-06-08T20:00:00Z,152.358566,-596.51,10.1855,-668.78,263.54,932.32,12.0,False,2424;2605
ISRG,Short,115,2022-06-06T20:00:00Z,221.52,2022-06-08T20:00:00Z,221.04,55.2,10.0057,-49.45,335.8,280.6,2.0,True,2588;2606
PLD,Long,230,2022-06-02T20:00:00Z,110.077437,2022-06-08T20:00:00Z,111.923818,424.67,10.1876,-326.51,653.03,979.54,6.0,True,2535;2607
BX,Long,238,2022-06-06T20:00:00Z,102.200272,2022-06-08T20:00:00Z,102.68529,115.43,9.6965,-329.81,377.22,707.04,2.0,True,2586;2608
ZTS,Short,155,2022-06-07T20:00:00Z,162.108567,2022-06-08T20:00:00Z,164.387773,-353.28,10.1588,-353.28,0.0,353.28,1.0,False,2600;2609
COP,Short,258,2022-06-02T20:00:00Z,96.418838,2022-06-09T20:00:00Z,101.785754,-1384.66,10.1681,-1839.69,0.0,1839.69,7.0,False,2532;2620
IBM,Long,205,2022-06-07T20:00:00Z,122.243137,2022-06-09T20:00:00Z,120.142887,-430.55,9.8672,-815.41,0.0,815.41,2.0,False,2599;2621
NKE,Short,223,2022-06-03T20:00:00Z,110.772904,2022-06-09T20:00:00Z,111.452548,-151.56,9.8125,-366.61,411.67,563.23,6.0,False,2553;2622
PYPL,Long,289,2022-06-03T20:00:00Z,85.724015,2022-06-09T20:00:00Z,85.852581,37.16,9.7542,-734.54,545.9,1280.44,6.0,True,2561;2623
SCHW,Long,395,2022-06-08T20:00:00Z,62.662677,2022-06-09T20:00:00Z,61.861726,-316.38,9.6759,-837.47,0.0,837.47,1.0,False,2616;2624
UNP,Short,121,2022-06-08T20:00:00Z,204.694067,2022-06-09T20:00:00Z,200.147931,550.08,9.6285,0.0,965.11,415.03,1.0,True,2615;2625
UPS,Short,168,2022-06-06T20:00:00Z,150.615824,2022-06-09T20:00:00Z,144.264943,1066.95,9.8465,0.0,1405.45,338.5,3.0,True,2581;2626
WFC,Short,621,2022-06-03T20:00:00Z,40.240269,2022-06-09T20:00:00Z,40.015864,139.36,9.7515,-345.6,1209.6,1070.25,6.0,True,2556;2627
SPY,Long,165,2022-05-31T20:00:00Z,389.236253,2022-06-09T20:00:00Z,385.41375,-630.71,24.4916,-3722.14,616.73,2477.8,9.0,False,2471;2639
SPY,Long,159,2022-06-06T20:00:00Z,390.497867,2022-06-09T20:00:00Z,385.41375,-808.37,23.4947,-3787.38,393.71,2140.7,3.0,False,2590;2639
BMY,Short,386,2022-05-25T20:00:00Z,64.833064,2022-06-13T20:00:00Z,62.084404,1060.98,9.787,-149.25,1151.83,528.87,19.0,True,2369;2640
DIS,Long,240,2022-06-08T20:00:00Z,104.121392,2022-06-13T20:00:00Z,94.396673,-2333.93,9.4502,-2710.9,0.0,2710.9,5.0,False,2611;2641
GILD,Short,469,2022-06-08T20:00:00Z,53.509388,2022-06-13T20:00:00Z,51.420381,979.74,9.7597,0.0,1345.14,365.4,5.0,True,2618;2642
INTC,Short,598,2022-06-03T20:00:00Z,41.529195,2022-06-13T20:00:00Z,36.292128,3131.77,9.143,0.0,3559.85,428.08,10.0,True,2555;2643
MDT,Long,304,2022-06-09T20:00:00Z,81.96847,2022-06-13T20:00:00Z,78.085753,-1180.35,9.6196,-1266.9,0.0,1266.9,4.0,False,2632;2644
ORCL,Short,376,2022-06-09T20:00:00Z,66.523616,2022-06-13T20:00:00Z,61.833029,1763.66,9.4234,0.0,2364.51,600.85,4.0,True,2629;2645
PLD,Long,232,2022-06-09T20:00:00Z,108.213636,2022-06-13T20:00:00Z,94.809951,-3109.65,9.3181,-3202.6,0.0,3202.6,4.0,False,2636;2646
QCOM,Short,199,2022-06-09T20:00:00Z,125.062438,2022-06-13T20:00:00Z,118.691162,1267.88,9.5994,0.0,1616.96,349.08,4.0,True,2631;2647
SBUX,Long,364,2022-05-31T20:00:00Z,69.497298,2022-06-13T20:00:00Z,66.174574,-1209.47,9.9164,-1515.13,821.65,2336.78,13.0,False,2468;2648
TMUS,Short,197,2022-06-09T20:00:00Z,127.094912,2022-06-13T20:00:00Z,121.764241,1050.14,9.5943,0.0,1834.02,783.88,4.0,True,2630;2649
ADP,Long,132,2022-06-13T20:00:00Z,186.72844,2022-06-14T20:00:00Z,185.500913,-162.03,9.7432,-327.64,0.0,327.64,1.0,False,2657;2659
AMD,Short,238,2022-06-07T20:00:00Z,104.22,2022-06-14T20:00:00Z,87.46,3988.88,9.1521,0.0,4100.74,111.86,7.0,True,2597;2660
CAT,Long,117,2022-06-09T20:00:00Z,211.870581,2022-06-14T20:00:00Z,193.825762,-2111.24,9.3815,-2260.57,0.0,2260.57,5.0,False,2634;2661
MDLZ,Long,446,2022-06-08T20:00:00Z,56.116985,2022-06-14T20:00:00Z,52.901393,-1434.15,9.6211,-1799.64,0.0,1799.64,6.0,False,2617;2669
ZTS,Long,164,2022-06-13T20:00:00Z,149.772361,2022-06-14T20:00:00Z,147.350704,-397.15,9.7737,-397.15,14.02,411.17,1.0,False,2658;2675
SPY,Long,144,2022-06-06T20:00:00Z,390.497867,2022-06-14T20:00:00Z,354.796066,-5141.06,14.6432,-5543.72,356.57,5676.59,8.0,False,2590;2692
SPY,Long,64,2022-06-08T20:00:00Z,389.71642,2022-06-14T20:00:00Z,354.796066,-2234.9,4.9557,-2413.86,208.49,2413.86,6.0,False,2619;2692
CB,Long,129,2022-05-27T20:00:00Z,195.22505,2022-06-14T20:00:00Z,186.198223,-1164.46,9.8872,-1289.01,646.92,1935.93,18.0,False,2435;2693
CSCO,Short,654,2022-06-13T20:00:00Z,38.212275,2022-06-14T20:00:00Z,38.637841,-278.32,9.9905,-278.32,110.17,388.49,1.0,False,2653;2694
CVS,Long,312,2022-06-09T20:00:00Z,80.79599,2022-06-14T20:00:00Z,78.445217,-733.44,9.8534,-857.02,0.0,857.02,5.0,False,2633;2695
COP,Short,256,2022-06-13T20:00:00Z,95.051793,2022-06-14T20:00:00Z,96.123489,-274.35,9.6456,-274.35,248.43,522.78,1.0,False,2655;2696
HON,Long,142,2022-06-07T20:00:00Z,175.308411,2022-06-14T20:00:00Z,168.31381,-993.23,9.7905,-1333.73,102.79,1436.53,7.0,False,2598;2697
JPM,Short,212,2022-06-01T20:00:00Z,119.538409,2022-06-14T20:00:00Z,103.956221,3303.42,9.3064,0.0,3587.61,284.19,13.0,True,2490;2698
LIN,Short,83,2022-05-24T20:00:00Z,302.159758,2022-06-14T20:00:00Z,282.774754,1608.96,9.6522,-1253.66,1894.43,1654.52,21.0,True,2307;2699
LLY,Short,86,2022-06-03T20:00:00Z,291.879338,2022-06-14T20:00:00Z,279.225051,1088.27,9.8449,-942.89,1088.27,942.89,11.0,True,2552;2700
MO,Long,722,2022-06-09T20:00:00Z,34.963665,2022-06-14T20:00:00Z,33.398154,-1130.3,9.7734,-1200.15,0.0,1200.15,5.0,False,2637;2701
NFLX,Long,1233,2022-06-03T20:00:00Z,20.025,2022-06-14T20:00:00Z,16.979,-3755.72,9.0384,-4033.14,318.11,4351.26,11.0,False,2563;2702
NOW,Long,249,2022-06-09T20:00:00Z,100.126,2022-06-14T20:00:00Z,88.38,-2924.75,9.3322,-3000.95,0.0,3000.95,5.0,False,2635;2703
ADI,Long,164,2022-06-09T20:00:00Z,152.874266,2022-06-14T20:00:00Z,139.096099,-2259.62,9.4415,-2571.5,0.0,2571.5,5.0,False,2638;2704
WFC,Short,702,2022-06-13T20:00:00Z,35.007149,2022-06-14T20:00:00Z,34.796208,148.08,9.6321,0.0,995.6,847.52,1.0,True,2654;2705
WMT,Short,634,2022-06-02T20:00:00Z,39.775733,2022-06-14T20:00:00Z,37.707281,1311.4,9.9196,0.0,1311.4,136.56,12.0,True,2523;2706
ACN,Short,99,2022-06-14T20:00:00Z,250.823701,2022-06-15T20:00:00Z,252.95157,-210.66,10.0594,-591.29,0.0,591.29,1.0,False,2708;2716
DUK,Long,287,2022-06-14T20:00:00Z,87.774958,2022-06-15T20:00:00Z,86.336163,-412.93,9.7695,-867.16,0.0,867.16,1.0,False,2688;2717
MDT,Long,323,2022-06-14T20:00:00Z,77.688853,2022-06-15T20:00:00Z,76.972707,-231.32,9.912,-231.32,0.0,231.32,1.0,False,2682;2718
PFE,Short,668,2022-06-14T20:00:00Z,37.516384,2022-06-15T20:00:00Z,37.657955,-94.57,10.1358,-409.8,0.0,409.8,1.0,False,2678;2719
QCOM,Short,215,2022-06-14T20:00:00Z,118.345786,2022-06-15T20:00:00Z,119.518246,-252.08,10.2117,-252.08,0.0,252.08,1.0,False,2680;2720
SYK,Long,127,2022-06-14T20:00:00Z,196.937429,2022-06-15T20:00:00Z,194.727873,-280.61,9.7913,-436.11,0.0,436.11,1.0,False,2714;2721
TXN,Short,162,2022-05-18T20:00:00Z,153.464948,2022-06-15T20:00:00Z,137.605133,2569.29,9.3544,-655.23,2848.87,1483.94,28.0,True,2219;2722
MMC,Long,183,2022-06-14T20:00:00Z,137.595427,2022-06-15T20:00:00Z,139.417202,333.38,10.1062,0.0,333.38,0.0,1.0,True,2690;2723
DHR,Long,130,2022-06-13T20:00:00Z,189.264756,2022-06-15T20:00:00Z,188.211833,-136.88,14.8151,-357.69,0.0,357.69,2.0,False,2651;2724
SPY,Short,134,2022-06-15T20:00:00Z,355.257402,2022-06-16T20:00:00Z,348.864596,856.64,18.8195,0.0,1347.4,490.77,1.0,True,2737;2738
AMD,Short,289,2022-06-15T20:00:00Z,88.0,2022-06-16T20:00:00Z,86.7,375.7,9.904,0.0,1719.55,1343.85,1.0,True,2727;2739
AMGN,Long,121,2022-06-14T20:00:00Z,207.939753,2022-06-16T20:00:00Z,204.982598,-357.82,9.9044,-664.67,0.0,664.67,2.0,False,2681;2740
BLK,Long,46,2022-06-14T20:00:00Z,538.352478,2022-06-16T20:00:00Z,524.45858,-639.12,9.7694,-639.12,132.39,771.51,2.0,False,2685;2741
C,Long,637,2022-06-14T20:00:00Z,39.940174,2022-06-16T20:00:00Z,40.5714,402.09,10.2329,0.0,760.12,358.03,2.0,True,2712;2742
CI,Long,110,2022-06-15T20:00:00Z,228.307824,2022-06-16T20:00:00Z,228.529616,24.4,10.072,0.0,127.07,102.67,1.0,True,2731;2743
EL,Long,112,2022-06-15T20:00:00Z,225.050789,2022-06-16T20:00:00Z,220.774134,-478.99,9.9395,-878.66,0.0,878.66,1.0,False,2730;2744
GILD,Long,497,2022-06-14T20:00:00Z,50.710631,2022-06-16T20:00:00Z,49.999816,-353.28,9.9529,-353.28,0.0,353.28,2.0,False,2689;2745
GS,Long,98,2022-06-14T20:00:00Z,257.182588,2022-06-16T20:00:00Z,254.776148,-235.83,10.0254,-235.83,416.9,652.73,2.0,False,2684;2746
HD,Short,93,2022-05-27T20:00:00Z,270.138246,2022-06-16T20:00:00Z,246.212799,2225.07,9.6613,-352.73,2346.67,722.95,20.0,True,2425;2747
NEE,Short,359,2022-06-06T20:00:00Z,72.066962,2022-06-16T20:00:00Z,64.571642,2690.82,9.6321,0.0,3277.44,864.0,10.0,True,2582;2748
ORCL,Short,418,2022-06-14T20:00:00Z,67.614013,2022-06-16T20:00:00Z,64.389822,1347.71,10.9601,0.0,1347.71,0.0,2.0,True,2710;2749
PLD,Long,266,2022-06-14T20:00:00Z,95.123488,2022-06-16T20:00:00Z,96.851321,459.6,10.3495,0.0,1544.61,1085.0,2.0,True,2713;2750
PM,Short,282,2022-05-31T20:00:00Z,88.890447,2022-06-16T20:00:00Z,81.070955,2205.1,9.6159,0.0,2205.1,199.82,16.0,True,2461;2751
T,Short,1503,2022-06-08T20:00:00Z,16.686038,2022-06-16T20:00:00Z,15.246769,2163.22,9.511,0.0,2531.68,368.46,8.0,True,2613;2752
TSLA,Long,111,2022-05-24T20:00:00Z,217.749978,2022-06-16T20:00:00Z,222.533311,530.95,9.3792,-516.15,4504.75,5020.9,23.0,True,2303;2753
AXP,Long,180,2022-06-14T20:00:00Z,139.702082,2022-06-17T20:00:00Z,131.372315,-1499.36,9.894,-1562.76,0.0,1562.76,3.0,False,2683;2765
CME,Long,150,2022-06-16T20:00:00Z,164.438976,2022-06-17T20:00:00Z,168.93057,673.74,10.0951,0.0,673.74,0.0,1.0,True,2764;2766
COP,Short,273,2022-06-16T20:00:00Z,88.613182,2022-06-17T20:00:00Z,85.414973,873.11,9.038,0.0,2596.3,1723.19,1.0,True,2758;2767
HON,Long,150,2022-06-16T20:00:00Z,164.422894,2022-06-17T20:00:00Z,162.423143,-299.96,9.7598,-299.96,0.0,299.96,1.0,False,2759;2768
MMM,Long,308,2022-06-15T20:00:00Z,81.903134,2022-06-17T20:00:00Z,78.892699,-927.21,9.8177,-1101.88,0.0,1101.88,2.0,False,2732;2769
MS,Short,342,2022-06-06T20:00:00Z,74.303806,2022-06-17T20:00:00Z,64.370469,3397.2,9.4108,-32.81,3671.6,298.26,11.0,True,2583;2770
NOW,Long,270,2022-06-16T20:00:00Z,89.538,2022-06-17T20:00:00Z,86.026,-948.24,9.4162,-948.24,0.0,948.24,1.0,False,2760;2771
ADI,Long,180,2022-06-16T20:00:00Z,136.43928,2022-06-17T20:00:00Z,134.257892,-392.65,9.6682,-392.65,0.0,392.65,1.0,False,2763;2772
NVDA,Short,1616,2022-06-14T20:00:00Z,15.671355,2022-06-17T20:00:00Z,15.5837,141.65,10.2104,-1278.08,212.48,1278.08,3.0,True,2676;2773
PYPL,Long,335,2022-06-16T20:00:00Z,72.659707,2022-06-17T20:00:00Z,70.385073,-762.0,9.5502,-762.0,0.0,762.0,1.0,False,2761;2774
RTX,Short,273,2022-06-08T20:00:00Z,91.142998,2022-06-17T20:00:00Z,81.75727,2562.3,9.3865,0.0,2707.01,239.51,9.0,True,2614;2775
BX,Long,304,2022-06-15T20:00:00Z,83.968783,2022-06-17T20:00:00Z,77.923377,-1837.8,9.8499,-1893.1,0.0,1893.1,2.0,False,2736;2776
TXN,Short,182,2022-06-16T20:00:00Z,134.100397,2022-06-17T20:00:00Z,134.383608,-51.54,9.7152,-51.54,212.62,264.17,1.0,False,2757;2777
UPS,Short,177,2022-06-16T20:00:00Z,137.93018,2022-06-17T20:00:00Z,138.284798,-62.77,9.7983,-62.77,9.99,72.75,1.0,False,2756;2778
V,Short,123,2022-06-01T20:00:00Z,205.25049,2022-06-17T20:00:00Z,181.003733,2982.35,9.523,-357.17,2982.35,464.32,16.0,True,2489;2779
VZ,Short,672,2022-06-14T20:00:00Z,37.475783,2022-06-17T20:00:00Z,36.735185,497.68,9.9729,0.0,497.68,96.49,3.0,True,2679;2780
WFC,Short,748,2022-06-15T20:00:00Z,34.154411,2022-06-17T20:00:00Z,33.956934,147.71,10.2929,-288.71,241.71,530.42,2.0,True,2726;2781
AAPL,Long,186,2022-05-23T20:00:00Z,134.870128,2022-06-21T20:00:00Z,130.536519,-806.05,10.1522,-1421.05,2427.25,3848.3,29.0,False,2270;2796
ADP,Long,139,2022-06-17T20:00:00Z,180.013148,2022-06-21T20:00:00Z,183.614494,500.59,10.2155,0.0,928.41,427.82,4.0,True,2790;2797
AMGN,Long,124,2022-06-17T20:00:00Z,201.376098,2022-06-21T20:00:00Z,208.238101,850.89,10.2962,0.0,970.58,119.69,4.0,True,2786;2798
ANTM,Long,57,2022-06-14T20:00:00Z,435.040764,2022-06-21T20:00:00Z,430.117843,-280.61,9.9226,-866.59,133.03,999.63,7.0,False,2711;2799
BA,Long,188,2022-06-16T20:00:00Z,132.0,2022-06-21T20:00:00Z,139.0,1316.0,10.1561,0.0,1316.0,9.4,5.0,True,2762;2800
BKNG,Long,325,2022-06-14T20:00:00Z,77.49668,2022-06-21T20:00:00Z,76.177164,-428.84,9.8767,-1741.15,0.0,1741.15,7.0,False,2686;2801
CAT,Long,138,2022-06-17T20:00:00Z,182.292729,2022-06-21T20:00:00Z,183.615581,182.55,10.0021,0.0,182.55,0.0,4.0,True,2788;2802
EOG,Long,228,2022-06-14T20:00:00Z,113.173689,2022-06-21T20:00:00Z,96.358303,-3833.91,9.5478,-4386.27,0.0,4386.27,7.0,False,2687;2803
MA,Short,80,2022-06-14T20:00:00Z,312.482516,2022-06-21T20:00:00Z,308.528895,316.29,9.9891,-413.13,884.05,673.19,7.0,True,2677;2804
PM,Short,306,2022-06-17T20:00:00Z,81.696181,2022-06-21T20:00:00Z,83.36345,-510.18,10.1042,-535.69,0.0,535.69,4.0,False,2784;2805
SYK,Long,134,2022-06-17T20:00:00Z,187.630512,2022-06-21T20:00:00Z,188.835724,161.5,9.9891,-62.8,161.5,62.8,4.0,True,2792;2806
UNP,Short,132,2022-06-17T20:00:00Z,188.87787,2022-06-21T20:00:00Z,190.601954,-227.58,9.9636,-227.58,0.0,227.58,4.0,False,2785;2807
XOM,Short,280,2022-06-08T20:00:00Z,89.854078,2022-06-21T20:00:00Z,76.953246,3612.23,9.5397,0.0,4215.49,1315.97,13.0,True,2610;2808
ZTS,Long,167,2022-06-15T20:00:00Z,151.282335,2022-06-21T20:00:00Z,152.203515,153.84,10.1526,-302.92,429.79,302.92,6.0,True,2734;2809
SPY,Short,175,2022-06-17T20:00:00Z,345.539609,2022-06-21T20:00:00Z,351.657446,-1070.62,34.9686,-1595.18,0.0,1595.18,4.0,False,2795;2822
AMAT,Long,290,2022-06-17T20:00:00Z,85.605674,2022-06-23T20:00:00Z,91.541129,1721.28,10.2499,0.0,1810.84,528.98,6.0,True,2791;2823
C,Long,619,2022-06-17T20:00:00Z,40.744339,2022-06-23T20:00:00Z,40.528166,-133.81,9.9384,-412.14,454.96,867.1,6.0,False,2789;2825
DUK,Long,304,2022-06-21T20:00:00Z,82.891519,2022-06-23T20:00:00Z,85.202055,702.4,10.4249,0.0,1407.38,704.98,2.0,True,2818;2827
HON,Long,154,2022-06-21T20:00:00Z,164.631012,2022-06-23T20:00:00Z,160.771766,-594.32,9.896,-1027.0,0.0,1027.0,2.0,False,2812;2829
ISRG,Long,131,2022-06-17T20:00:00Z,191.8,2022-06-23T20:00:00Z,202.9,1454.1,10.3904,0.0,1663.7,209.6,6.0,True,2794;2830
LOW,Long,147,2022-06-13T20:00:00Z,167.321944,2022-06-23T20:00:00Z,160.154805,-1053.57,9.6516,-1417.8,0.0,1417.8,10.0,False,2656;2831
NKE,Short,247,2022-06-15T20:00:00Z,103.085571,2022-06-23T20:00:00Z,96.445258,1640.16,10.0469,0.0,1660.57,698.71,8.0,True,2725;2832
SPGI,Long,87,2022-06-17T20:00:00Z,286.415979,2022-06-23T20:00:00Z,298.429032,1045.14,10.3747,0.0,1566.51,521.38,6.0,True,2787;2833
UNH,Long,59,2022-06-16T20:00:00Z,418.291742,2022-06-23T20:00:00Z,455.166733,2175.62,10.4062,-72.94,2526.16,350.54,7.0,True,2754;2834
ABT,Short,267,2022-06-17T20:00:00Z,92.851996,2022-06-23T20:00:00Z,97.229383,-1168.76,15.3166,-1234.92,0.0,1234.92,6.0,False,2783;2839
ACN,Short,98,2022-06-16T20:00:00Z,250.613653,2022-06-23T20:00:00Z,252.056586,-141.41,9.9653,-1072.19,0.0,1072.19,7.0,False,2755;2853
ADBE,Short,67,2022-06-14T20:00:00Z,370.91,2022-06-23T20:00:00Z,371.71,-53.6,10.016,-402.67,678.04,1061.95,9.0,False,2707;2854
AXP,Long,183,2022-06-21T20:00:00Z,141.368035,2022-06-23T20:00:00Z,137.579181,-693.36,9.9833,-1184.64,0.0,1184.64,2.0,False,2814;2855
BLK,Short,47,2022-06-21T20:00:00Z,538.388566,2022-06-23T20:00:00Z,553.419238,-706.44,10.5097,-1185.6,0.0,1185.6,2.0,False,2815;2856
COST,Short,57,2022-06-13T20:00:00Z,428.48595,2022-06-23T20:00:00Z,444.073317,-888.48,10.0653,-1356.87,179.65,1536.52,10.0,False,2650;2857
DIS,Short,271,2022-06-14T20:00:00Z,93.339849,2022-06-23T20:00:00Z,91.245593,567.54,9.9068,0.0,780.37,262.75,9.0,True,2709;2858
EL,Long,113,2022-06-21T20:00:00Z,225.404847,2022-06-23T20:00:00Z,233.091645,868.61,10.6406,0.0,1751.96,883.35,2.0,True,2816;2859
INTC,Short,722,2022-06-21T20:00:00Z,35.199502,2022-06-23T20:00:00Z,35.425562,-163.22,10.22,-163.22,0.0,163.22,2.0,False,2811;2860
LMT,Long,67,2022-06-15T20:00:00Z,373.160511,2022-06-23T20:00:00Z,371.203376,-131.13,9.8728,-816.11,83.83,816.11,8.0,False,2729;2861
MCD,Short,111,2022-06-08T20:00:00Z,224.336931,2022-06-23T20:00:00Z,220.536144,421.89,9.8278,0.0,1358.08,936.19,15.0,True,2612;2862
MMM,Long,321,2022-06-21T20:00:00Z,78.542789,2022-06-23T20:00:00Z,78.554855,3.87,10.0775,-5.81,42.6,48.41,2.0,True,2819;2863
NOC,Long,59,2022-06-15T20:00:00Z,425.789817,2022-06-23T20:00:00Z,427.833563,120.58,10.0725,-678.89,413.5,678.89,8.0,True,2735;2864
TMUS,Short,208,2022-06-21T20:00:00Z,122.359689,2022-06-23T20:00:00Z,127.406813,-1049.8,10.522,-1273.92,0.0,1273.92,2.0,False,2810;2865
AMT,Long,114,2022-06-23T20:00:00Z,221.015265,2022-06-24T20:00:00Z,227.740222,766.65,10.3539,0.0,855.26,88.61,1.0,True,2841;2877
BA,Long,184,2022-06-23T20:00:00Z,136.61,2022-06-24T20:00:00Z,135.0,-296.24,10.1384,-296.24,905.28,1201.52,1.0,False,2846;2878
BKNG,Long,342,2022-06-23T20:00:00Z,73.131765,2022-06-24T20:00:00Z,72.982895,-50.91,10.0654,-50.91,793.91,844.82,1.0,False,2848;2879
C,Short,620,2022-06-23T20:00:00Z,40.528166,2022-06-24T20:00:00Z,39.395418,702.3,10.1025,-536.11,702.3,536.11,1.0,True,2872;2880
CAT,Long,144,2022-06-23T20:00:00Z,173.815297,2022-06-24T20:00:00Z,168.933787,-702.94,9.7703,-702.94,0.0,702.94,1.0,False,2870;2881
CRM,Short,144,2022-06-13T20:00:00Z,167.541596,2022-06-24T20:00:00Z,173.68433,-884.55,9.9463,-2144.97,1538.78,3683.76,11.0,False,2652;2882
DHR,Short,134,2022-06-15T20:00:00Z,188.211833,2022-06-24T20:00:00Z,196.650693,-1130.81,5.2981,-1269.98,647.79,1917.77,9.0,False,2724;2883
EOG,Long,271,2022-06-23T20:00:00Z,94.171209,2022-06-24T20:00:00Z,91.975704,-594.98,9.9282,-594.98,0.0,594.98,1.0,False,2851;2884
SO,Long,432,2022-06-14T20:00:00Z,58.268163,2022-06-24T20:00:00Z,59.021814,325.58,9.9992,-1258.41,380.45,1258.41,10.0,True,2715;2885
MO,Long,847,2022-06-23T20:00:00Z,29.770423,2022-06-24T20:00:00Z,31.152416,1170.55,10.474,0.0,1243.71,73.16,1.0,True,2844;2886
NVDA,Short,1552,2022-06-23T20:00:00Z,16.443318,2022-06-24T20:00:00Z,16.428377,23.19,10.3116,-955.38,23.19,955.38,1.0,True,2837;2887
PLD,Long,249,2022-06-23T20:00:00Z,102.044327,2022-06-24T20:00:00Z,104.825041,692.4,10.521,0.0,1369.51,677.11,1.0,True,2873;2888
PM,Short,306,2022-06-23T20:00:00Z,82.946633,2022-06-24T20:00:00Z,85.030719,-637.73,10.4572,-994.86,0.0,994.86,1.0,False,2868;2889
PYPL,Long,350,2022-06-23T20:00:00Z,72.461912,2022-06-24T20:00:00Z,73.886031,498.44,10.4873,0.0,1526.48,1028.04,1.0,True,2845;2890
SCHW,Long,436,2022-06-15T20:00:00Z,58.394077,2022-06-24T20:00:00Z,59.204451,353.32,10.3483,-813.47,1010.67,813.47,9.0,True,2728;2891
MMC,Long,186,2022-06-21T20:00:00Z,136.866717,2022-06-24T20:00:00Z,145.04135,1520.48,10.6948,0.0,2142.58,622.09,3.0,True,2820;2892
NOW,Short,275,2022-06-23T20:00:00Z,93.258,2022-06-24T20:00:00Z,99.032,-1587.85,16.1082,-2079.0,0.0,2079.0,1.0,False,2843;2909
SPY,Short,151,2022-06-17T20:00:00Z,345.539609,2022-06-24T20:00:00Z,360.668727,-2284.5,20.2866,-3519.55,0.0,3519.55,7.0,False,2795;2914
SPY,Short,124,2022-06-23T20:00:00Z,356.186726,2022-06-24T20:00:00Z,360.668727,-555.77,12.9409,-1569.99,1320.24,1569.99,1.0,False,2852;2914
ACN,Short,96,2022-06-24T20:00:00Z,260.650254,2022-06-27T20:00:00Z,273.006507,-1186.2,10.3802,-1186.2,0.0,1186.2,3.0,False,2898;2915
ANTM,Long,57,2022-06-23T20:00:00Z,443.110198,2022-06-27T20:00:00Z,443.65824,31.24,10.2862,0.0,734.1,702.86,4.0,True,2842;2916
BLK,Long,44,2022-06-24T20:00:00Z,570.588127,2022-06-27T20:00:00Z,586.43078,697.08,10.1997,0.0,697.08,0.0,3.0,True,2910;2917
CCI,Long,201,2022-06-21T20:00:00Z,125.625214,2022-06-27T20:00:00Z,139.65203,2819.39,10.7893,0.0,2893.37,246.07,6.0,True,2821;2918
CME,Long,145,2022-06-23T20:00:00Z,174.422146,2022-06-27T20:00:00Z,175.897122,213.87,10.0991,0.0,213.87,67.67,4.0,True,2850;2919
ORCL,Short,404,2022-06-23T20:00:00Z,62.462827,2022-06-27T20:00:00Z,65.20762,-1108.9,10.4836,-1610.18,0.0,1610.18,4.0,False,2867;2920
SBUX,Long,370,2022-06-24T20:00:00Z,68.314481,2022-06-27T20:00:00Z,70.4273,781.74,10.4092,0.0,781.74,0.0,3.0,True,2911;2921
SPGI,Long,82,2022-06-24T20:00:00Z,306.747865,2022-06-27T20:00:00Z,312.366726,460.75,10.2042,0.0,460.75,0.0,3.0,True,2907;2922
UNP,Long,132,2022-06-24T20:00:00Z,190.611028,2022-06-27T20:00:00Z,196.745135,809.7,10.2921,0.0,809.7,0.0,3.0,True,2903;2923
AMT,Long,110,2022-06-27T20:00:00Z,229.024077,2022-06-28T20:00:00Z,227.07646,-214.24,9.8426,-893.46,0.0,893.46,1.0,False,2929;2936
CSCO,Short,655,2022-06-23T20:00:00Z,38.531449,2022-06-28T20:00:00Z,38.930417,-261.32,9.9872,-371.66,232.29,493.61,5.0,False,2866;2937
DHR,Short,127,2022-06-27T20:00:00Z,198.843309,2022-06-28T20:00:00Z,197.227697,205.18,9.9387,0.0,635.09,429.91,1.0,True,2925;2938
INTU,Long,64,2022-06-24T20:00:00Z,394.650245,2022-06-28T20:00:00Z,392.695237,-125.12,9.959,-1330.49,0.0,1330.49,4.0,False,2908;2939
MCD,Short,112,2022-06-27T20:00:00Z,224.336931,2022-06-28T20:00:00Z,223.576774,85.14,9.9299,0.0,513.87,428.73,1.0,True,2927;2940
MMM,Long,310,2022-06-27T20:00:00Z,81.088688,2022-06-28T20:00:00Z,80.756876,-102.86,9.8425,-761.18,0.0,761.18,1.0,False,2935;2941
SCHW,Long,415,2022-06-27T20:00:00Z,61.183273,2022-06-28T20:00:00Z,61.381155,82.12,10.036,-297.2,82.12,297.2,1.0,True,2930;2942
UNH,Long,54,2022-06-24T20:00:00Z,460.766713,2022-06-28T20:00:00Z,472.427956,629.71,10.0044,0.0,629.71,0.0,4.0,True,2893;2943
UPS,Short,174,2022-06-24T20:00:00Z,145.691473,2022-06-28T20:00:00Z,147.295312,-279.07,10.187,-279.07,119.2,398.27,4.0,False,2902;2944
V,Short,126,2022-06-27T20:00:00Z,199.152503,2022-06-28T20:00:00Z,197.458618,213.43,9.7978,0.0,930.55,717.12,1.0,True,2924;2945
ABBV,Short,201,2022-06-02T20:00:00Z,125.885387,2022-06-29T20:00:00Z,132.108837,-1250.91,10.3862,-1292.32,1540.78,2833.1,27.0,False,2525;2952
ADBE,Short,66,2022-06-24T20:00:00Z,380.64,2022-06-29T20:00:00Z,367.94,838.2,9.9821,-28.38,990.66,189.42,5.0,True,2899;2953
BMY,Short,393,2022-06-23T20:00:00Z,64.706979,2022-06-29T20:00:00Z,66.186379,-581.4,10.3047,-991.03,0.0,991.03,6.0,False,2840;2954
CCI,Long,181,2022-06-28T20:00:00Z,139.235946,2022-06-29T20:00:00Z,132.554605,-1209.32,9.7296,-1209.32,0.0,1209.32,1.0,False,2949;2955
CRM,Short,138,2022-06-27T20:00:00Z,182.339108,2022-06-29T20:00:00Z,168.189232,1952.68,9.531,0.0,2059.66,106.98,2.0,True,2926;2956
CVX,Short,202,2022-06-28T20:00:00Z,127.006236,2022-06-29T20:00:00Z,127.756854,-151.62,10.1173,-151.62,625.24,776.86,1.0,False,2947;2957
GILD,Long,502,2022-06-17T20:00:00Z,49.661745,2022-06-29T20:00:00Z,54.013324,2184.49,10.5317,0.0,2519.56,378.59,12.0,True,2793;2958
IBM,Long,217,2022-06-21T20:00:00Z,116.499595,2022-06-29T20:00:00Z,122.363151,1272.39,10.3637,0.0,1283.55,388.79,8.0,True,2813;2959
MDLZ,Long,451,2022-06-27T20:00:00Z,55.359851,2022-06-29T20:00:00Z,55.093293,-120.22,10.0459,-172.74,101.99,222.21,2.0,False,2932;2960
MS,Long,371,2022-06-27T20:00:00Z,68.373455,2022-06-29T20:00:00Z,68.312408,-22.65,10.0657,-93.83,0.0,93.83,2.0,False,2928;2961
NOW,Long,259,2022-06-24T20:00:00Z,99.032,2022-06-29T20:00:00Z,94.722,-1116.29,4.9499,-1125.1,79.77,1204.87,5.0,False,2909;2962
NVDA,Short,1502,2022-06-28T20:00:00Z,16.836771,2022-06-29T20:00:00Z,15.737096,1651.71,9.4327,0.0,2036.21,384.5,1.0,True,2946;2963
ANTM,Long,55,2022-06-28T20:00:00Z,456.51831,2022-07-01T20:00:00Z,454.496227,-111.21,9.9636,-111.21,147.59,258.81,3.0,False,2948;2975
BLK,Long,44,2022-06-29T20:00:00Z,566.230495,2022-07-01T20:00:00Z,547.861679,-808.23,9.8024,-808.23,0.0,808.23,2.0,False,2968;2977
DUK,Long,287,2022-06-24T20:00:00Z,87.741105,2022-07-01T20:00:00Z,91.194213,991.04,10.4055,0.0,1454.99,463.94,7.0,True,2913;2978
DHR,Long,131,2022-06-29T20:00:00Z,194.419611,2022-07-01T20:00:00Z,195.658246,162.26,15.4179,0.0,533.14,370.88,2.0,True,2965;2984
ABT,Long,261,2022-06-23T20:00:00Z,97.229383,2022-07-01T20:00:00Z,99.606203,620.35,5.2809,0.0,1027.53,584.42,8.0,True,2839;2992
AMAT,Long,279,2022-06-24T20:00:00Z,91.994733,2022-07-01T20:00:00Z,85.412651,-1836.4,9.8891,-2436.87,616.62,3053.49,7.0,False,2912;2993
AVGO,Short,544,2022-06-17T20:00:00Z,45.909923,2022-07-01T20:00:00Z,44.832616,586.06,9.8936,-923.85,665.93,923.85,14.0,True,2782;2994
BKNG,Long,333,2022-06-27T20:00:00Z,75.799322,2022-07-01T20:00:00Z,68.109241,-2560.8,9.5354,-2560.8,0.0,2560.8,4.0,False,2934;2995
CB,Long,141,2022-06-23T20:00:00Z,178.721916,2022-07-01T20:00:00Z,185.245026,919.76,10.2166,0.0,1068.41,148.65,8.0,True,2847;2996
CI,Long,111,2022-06-21T20:00:00Z,230.849198,2022-07-01T20:00:00Z,243.750138,1432.0,10.6725,0.0,1870.02,447.24,10.0,True,2817;2997
CME,Long,144,2022-06-28T20:00:00Z,174.622143,2022-07-01T20:00:00Z,169.888887,-681.59,9.8494,-681.59,0.0,681.59,3.0,False,2950;2998
COP,Long,322,2022-06-23T20:00:00Z,79.111378,2022-07-01T20:00:00Z,77.845872,-407.49,9.7589,-881.22,600.2,1481.42,8.0,False,2869;2999
FB,Short,163,2022-06-23T20:00:00Z,154.520059,2022-07-01T20:00:00Z,158.789171,-695.87,10.2936,-2286.18,0.0,2286.18,8.0,False,2836;3000
HD,Short,105,2022-06-29T20:00:00Z,243.221562,2022-07-01T20:00:00Z,246.938218,-390.25,10.3994,-705.27,0.0,705.27,2.0,False,2964;3001
ISRG,Long,125,2022-06-29T20:00:00Z,201.85,2022-07-01T20:00:00Z,201.07,-97.5,10.2172,-142.5,531.25,628.75,2.0,False,2972;3002
MRK,Short,310,2022-06-24T20:00:00Z,82.346262,2022-07-01T20:00:00Z,80.451725,587.31,10.1448,-267.7,587.31,295.02,7.0,True,2895;3003
ADI,Long,183,2022-06-23T20:00:00Z,138.9283,2022-07-01T20:00:00Z,134.11806,-880.27,9.8417,-1044.05,266.13,1310.18,8.0,False,2849;3004
PYPL,Long,358,2022-06-29T20:00:00Z,70.50375,2022-07-01T20:00:00Z,69.069742,-513.37,10.1167,-513.37,38.95,552.32,2.0,False,2969;3005
T,Short,1559,2022-06-29T20:00:00Z,16.353899,2022-07-01T20:00:00Z,16.583233,-357.53,10.4214,-782.87,0.0,782.87,2.0,False,2966;3006
TMO,Short,46,2022-06-09T20:00:00Z,540.678092,2022-07-01T20:00:00Z,537.065497,166.18,9.8809,-30.03,2121.42,2151.44,22.0,True,2628;3007
TMUS,Short,195,2022-06-24T20:00:00Z,128.616611,2022-07-01T20:00:00Z,127.047654,305.95,10.0959,-134.54,562.13,696.67,7.0,True,2900;3008
UNP,Long,131,2022-06-29T20:00:00Z,194.213455,2022-07-01T20:00:00Z,192.825114,-181.87,10.1851,-181.87,146.21,328.08,2.0,False,2967;3009
VZ,Short,639,2022-06-24T20:00:00Z,39.319721,2022-07-01T20:00:00Z,38.511109,516.7,9.9091,0.0,758.15,569.82,7.0,True,2896;3010
ZTS,Long,162,2022-06-23T20:00:00Z,157.844551,2022-07-01T20:00:00Z,163.409614,901.54,10.5653,0.0,1289.23,687.69,8.0,True,2874;3011
BA,Long,178,2022-06-27T20:00:00Z,140.01,2022-07-05T20:00:00Z,136.25,-669.28,9.8406,-669.28,0.0,669.28,8.0,False,2933;3025
BMY,Short,391,2022-07-01T20:00:00Z,64.706979,2022-07-05T20:00:00Z,64.194232,200.48,10.0439,0.0,335.24,134.75,4.0,True,2985;3026
COST,Short,55,2022-06-24T20:00:00Z,457.05168,2022-07-05T20:00:00Z,462.345862,-291.18,10.1874,-432.58,596.5,1029.08,11.0,False,2897;3027
CSCO,Short,669,2022-07-01T20:00:00Z,37.627122,2022-07-05T20:00:00Z,37.106992,347.97,10.0759,-94.9,347.97,94.9,4.0,True,3016;3028
IBM,Long,209,2022-07-01T20:00:00Z,120.871545,2022-07-05T20:00:00Z,119.988583,-184.54,9.988,-605.58,0.0,605.58,4.0,False,2987;3029
MMM,Long,324,2022-07-01T20:00:00Z,78.07222,2022-07-05T20:00:00Z,76.612249,-473.03,10.074,-473.03,0.0,473.03,4.0,False,2991;3030
NFLX,Long,1501,2022-06-15T20:00:00Z,16.926,2022-07-05T20:00:00Z,17.623,1046.2,10.987,0.0,3240.66,2398.6,20.0,True,2733;3031
ORCL,Long,385,2022-07-01T20:00:00Z,65.658818,2022-07-05T20:00:00Z,66.157017,191.81,10.3402,0.0,774.46,582.66,4.0,True,2983;3032
PEP,Short,179,2022-06-23T20:00:00Z,142.113675,2022-07-05T20:00:00Z,146.851376,-848.05,10.3477,-871.35,0.0,871.35,12.0,False,2838;3033
QCOM,Short,218,2022-07-01T20:00:00Z,114.037675,2022-07-05T20:00:00Z,110.093119,859.91,9.8815,-71.33,859.91,71.33,4.0,True,2986;3034
RTX,Short,288,2022-07-01T20:00:00Z,87.779855,2022-07-05T20:00:00Z,86.747151,297.42,9.9985,0.0,823.82,526.4,4.0,True,3018;3035
SYK,Long,134,2022-06-23T20:00:00Z,188.826159,2022-07-05T20:00:00Z,192.957168,553.56,10.3255,0.0,918.85,848.51,12.0,True,2875;3036
UNH,Short,53,2022-07-01T20:00:00Z,472.649372,2022-07-05T20:00:00Z,468.33176,228.83,10.0006,0.0,346.18,117.35,4.0,True,2982;3037
DHR,Short,129,2022-07-01T20:00:00Z,195.658246,2022-07-05T20:00:00Z,195.850581,-24.81,10.0689,-129.02,0.0,129.02,4.0,False,2984;3042
SPY,Short,57,2022-06-23T20:00:00Z,356.186726,2022-07-05T20:00:00Z,355.534282,37.19,28.9658,-733.54,606.89,733.54,12.0,True,2852;3054
SPY,Short,344,2022-06-23T20:00:00Z,356.186726,2022-07-05T20:00:00Z,355.534282,224.44,26.0962,-4427.01,3662.61,4427.01,12.0,True,2876;3054
AMGN,Long,118,2022-07-01T20:00:00Z,213.450415,2022-07-06T20:00:00Z,216.40757,348.94,10.1639,0.0,360.33,153.25,5.0,True,3020;3055
ANTM,Long,55,2022-07-05T20:00:00Z,453.551328,2022-07-06T20:00:00Z,450.17804,-185.53,9.991,-185.53,238.54,424.07,1.0,False,3044;3056
CAT,Long,145,2022-06-27T20:00:00Z,175.212676,2022-07-06T20:00:00Z,161.611522,-1972.17,9.7231,-2130.21,0.0,2130.21,9.0,False,2931;3057
LMT,Short,65,2022-07-05T20:00:00Z,379.621739,2022-07-06T20:00:00Z,372.570689,458.32,9.7707,-59.83,458.32,59.83,1.0,True,3045;3058
LOW,Short,155,2022-07-05T20:00:00Z,160.641179,2022-07-06T20:00:00Z,165.899528,-815.04,10.2092,-815.04,0.0,815.04,1.0,False,3046;3059
MRK,Short,310,2022-07-05T20:00:00Z,81.45627,2022-07-06T20:00:00Z,82.222896,-237.65,10.1508,-237.65,0.0,237.65,1.0,False,3040;3060
NKE,Short,253,2022-06-24T20:00:00Z,100.963977,2022-07-06T20:00:00Z,96.353415,1166.47,10.0911,-132.45,2033.19,866.72,12.0,True,2901;3061
SBUX,Short,353,2022-07-05T20:00:00Z,70.463416,2022-07-06T20:00:00Z,72.025458,-551.4,10.096,-551.4,0.0,551.4,1.0,False,3048;3062
NOC,Long,56,2022-07-01T20:00:00Z,446.609899,2022-07-06T20:00:00Z,433.843484,-714.92,10.1201,-742.62,172.46,887.38,5.0,False,3024;3063
SPY,Short,21,2022-06-23T20:00:00Z,356.186726,2022-07-06T20:00:00Z,361.273892,-106.83,13.4809,-270.25,223.59,270.25,13.0,False,2876;3080
SPY,Short,98,2022-06-28T20:00:00Z,369.055932,2022-07-06T20:00:00Z,361.273892,762.64,7.0547,0.0,2304.6,671.83,8.0,True,2951;3080
SPY,Short,67,2022-06-29T20:00:00Z,360.413423,2022-07-06T20:00:00Z,361.273892,-57.65,24.5992,-579.05,996.55,459.31,7.0,False,2973;3080
CRM,Short,149,2022-07-06T20:00:00Z,170.269519,2022-07-07T20:00:00Z,169.955514,46.79,10.2162,-456.17,46.79,456.17,1.0,True,3068;3081
KO,Short,460,2022-06-24T20:00:00Z,54.895819,2022-07-07T20:00:00Z,55.858903,-443.02,10.2382,-914.49,0.0,914.49,13.0,False,2894;3082
MDLZ,Short,451,2022-07-06T20:00:00Z,56.015994,2022-07-07T20:00:00Z,55.82787,84.84,10.0827,0.0,84.84,0.0,1.0,True,3077;3083
MO,Long,818,2022-06-29T20:00:00Z,29.98636,2022-07-07T20:00:00Z,29.842402,-117.76,9.8386,-312.06,344.44,656.5,8.0,False,2970;3084
PEP,Short,172,2022-07-06T20:00:00Z,147.510836,2022-07-07T20:00:00Z,147.094335,71.64,10.1804,-53.73,71.64,53.73,1.0,True,3065;3085
XOM,Long,339,2022-07-01T20:00:00Z,75.467696,2022-07-07T20:00:00Z,74.173269,-438.81,10.2181,-1057.27,0.0,1057.27,6.0,False,3014;3086
BKNG,Long,368,2022-07-07T20:00:00Z,69.675703,2022-07-08T20:00:00Z,68.912595,-280.82,10.2247,-280.82,0.0,280.82,1.0,False,3097;3098
BMY,Short,396,2022-07-06T20:00:00Z,64.093363,2022-07-08T20:00:00Z,62.857727,489.31,10.0925,0.0,489.31,79.89,2.0,True,3069;3099
CCI,Long,183,2022-07-05T20:00:00Z,137.155528,2022-07-08T20:00:00Z,136.627422,-96.64,10.043,-96.64,52.71,149.36,3.0,False,3052;3100
CI,Short,100,2022-07-07T20:00:00Z,251.411226,2022-07-08T20:00:00Z,254.701151,-328.99,10.2574,-659.83,0.0,659.83,1.0,False,3095;3101
CVX,Short,212,2022-07-07T20:00:00Z,121.532629,2022-07-08T20:00:00Z,122.468793,-198.47,10.2398,-198.47,227.07,425.54,1.0,False,3088;3102
DE,Short,91,2022-07-06T20:00:00Z,274.738032,2022-07-08T20:00:00Z,288.823759,-1281.8,10.2437,-1281.8,0.0,1281.8,2.0,False,3076;3103
DHR,Long,127,2022-07-05T20:00:00Z,195.850581,2022-07-08T20:00:00Z,201.097472,666.36,5.1556,0.0,904.76,238.4,3.0,True,3042;3104
EL,Long,104,2022-07-06T20:00:00Z,242.129455,2022-07-08T20:00:00Z,239.474016,-276.17,9.859,-812.99,0.0,812.99,2.0,False,3074;3105
LMT,Short,66,2022-07-07T20:00:00Z,379.344702,2022-07-08T20:00:00Z,380.291991,-62.52,9.9355,-62.52,253.03,315.55,1.0,False,3094;3106
NVDA,Long,1749,2022-07-05T20:00:00Z,14.113483,2022-07-08T20:00:00Z,15.368546,2195.11,10.7323,0.0,2942.49,747.38,3.0,True,3039;3107
PG,Long,193,2022-07-07T20:00:00Z,130.178661,2022-07-08T20:00:00Z,130.617063,84.61,10.0477,-91.52,84.61,91.52,1.0,True,3087;3108
NOC,Long,56,2022-07-07T20:00:00Z,447.9444,2022-07-08T20:00:00Z,448.541659,33.45,10.032,0.0,33.45,0.0,1.0,True,3096;3109
TMUS,Short,194,2022-07-07T20:00:00Z,129.401089,2022-07-08T20:00:00Z,128.786739,119.18,9.9766,0.0,218.2,99.01,1.0,True,3092;3110
UPS,Short,171,2022-07-01T20:00:00Z,146.481303,2022-07-08T20:00:00Z,149.463316,-509.92,10.2092,-617.42,0.0,617.42,7.0,False,3017;3111
C,Short,624,2022-07-05T20:00:00Z,39.455946,2022-07-11T20:00:00Z,40.139054,-426.26,10.0165,-706.83,0.0,706.83,6.0,False,3049;3121
DIS,Short,270,2022-07-07T20:00:00Z,94.037935,2022-07-11T20:00:00Z,92.108504,520.95,10.0016,0.0,876.97,356.02,4.0,True,3091;3122
HON,Long,159,2022-06-24T20:00:00Z,159.409945,2022-07-11T20:00:00Z,158.44174,-153.94,10.154,-588.44,306.45,894.89,17.0,False,2906;3123
MA,Long,80,2022-07-08T20:00:00Z,315.09874,2022-07-11T20:00:00Z,311.77965,-265.53,10.1096,-265.53,110.12,375.64,3.0,False,3113;3124
PYPL,Short,341,2022-07-08T20:00:00Z,72.313567,2022-07-11T20:00:00Z,71.85864,155.13,9.7057,0.0,893.68,738.55,3.0,True,3117;3125
ORCL,Long,375,2022-07-08T20:00:00Z,67.388414,2022-07-11T20:00:00Z,67.038307,-131.29,15.1898,-131.29,70.53,201.82,3.0,False,3114;3127
ABT,Short,252,2022-07-06T20:00:00Z,99.954926,2022-07-11T20:00:00Z,99.661264,74.0,15.0965,-131.82,74.0,131.82,5.0,True,3066;3128
MRK,Short,307,2022-07-07T20:00:00Z,82.029037,2022-07-12T20:00:00Z,82.725169,-213.71,10.0964,-324.63,75.75,400.37,5.0,False,3089;3132
PLD,Short,237,2022-07-06T20:00:00Z,106.711015,2022-07-12T20:00:00Z,106.149609,133.05,10.0788,-189.19,147.61,189.19,6.0,True,3075;3133
SCHW,Long,417,2022-07-11T20:00:00Z,59.694445,2022-07-12T20:00:00Z,58.836956,-357.57,9.8384,-432.23,0.0,432.23,1.0,False,3129;3134
ABT,Long,252,2022-07-11T20:00:00Z,99.661264,2022-07-13T20:00:00Z,97.981889,-423.2,4.9119,-555.02,0.0,555.02,2.0,False,3128;3142
CME,Long,145,2022-07-08T20:00:00Z,172.963837,2022-07-13T20:00:00Z,167.847254,-741.9,9.9674,-741.9,94.25,836.15,5.0,False,3119;3143
FB,Long,159,2022-07-05T20:00:00Z,156.619947,2022-07-13T20:00:00Z,158.482112,296.08,10.4474,0.0,2215.91,1919.82,8.0,True,3038;3144
LLY,Long,79,2022-07-11T20:00:00Z,319.119864,2022-07-13T20:00:00Z,311.053964,-637.21,9.9745,-637.21,0.0,637.21,2.0,False,3126;3145
MO,Long,843,2022-07-08T20:00:00Z,29.871194,2022-07-13T20:00:00Z,30.306665,367.1,10.1296,0.0,491.49,218.44,5.0,True,3118;3146
MSFT,Short,102,2022-07-01T20:00:00Z,247.387263,2022-07-13T20:00:00Z,241.216343,629.43,10.0926,-1204.69,629.43,1204.69,12.0,True,3012;3147
SBUX,Short,359,2022-07-12T20:00:00Z,70.752349,2022-07-13T20:00:00Z,68.513122,803.88,10.0926,0.0,803.88,0.0,1.0,True,3138;3148
MMC,Long,174,2022-07-01T20:00:00Z,145.321623,2022-07-13T20:00:00Z,141.369772,-687.62,10.0149,-687.62,336.5,1024.12,12.0,False,3023;3149
MCD,Short,110,2022-07-05T20:00:00Z,227.278017,2022-07-13T20:00:00Z,225.296178,218.0,15.1293,-212.03,218.0,212.03,8.0,True,3043;3152
NOW,Long,266,2022-07-01T20:00:00Z,94.986,2022-07-13T20:00:00Z,83.202,-3134.54,14.6405,-3134.54,1176.78,4311.33,12.0,False,2989;3157
SPY,Short,208,2022-06-29T20:00:00Z,360.413423,2022-07-13T20:00:00Z,354.673814,1193.84,14.9015,-1797.64,3093.75,2554.85,14.0,True,2973;3161
ABBV,Short,192,2022-07-01T20:00:00Z,131.404944,2022-07-14T20:00:00Z,128.87375,485.99,10.0766,-141.74,485.99,201.07,13.0,True,3015;3162
ADBE,Short,64,2022-07-08T20:00:00Z,385.99,2022-07-14T20:00:00Z,368.83,1098.24,9.7587,0.0,1098.24,65.28,6.0,True,3115;3163
AMAT,Long,303,2022-07-05T20:00:00Z,80.278241,2022-07-14T20:00:00Z,85.258233,1508.94,10.3912,0.0,2482.73,973.79,9.0,True,3051;3164
CI,Short,97,2022-07-12T20:00:00Z,257.991075,2022-07-14T20:00:00Z,245.450548,1216.43,9.7576,0.0,1278.28,61.85,2.0,True,3139;3165
MCD,Long,111,2022-07-13T20:00:00Z,225.296178,2022-07-14T20:00:00Z,226.137781,93.42,5.0747,0.0,365.64,272.22,1.0,True,3152;3166
MMM,Long,321,2022-07-13T20:00:00Z,77.221576,2022-07-14T20:00:00Z,76.606216,-197.53,9.9377,-197.53,50.35,247.88,1.0,False,3159;3167
ORCL,Short,374,2022-07-11T20:00:00Z,67.038307,2022-07-14T20:00:00Z,65.300976,649.76,4.905,0.0,649.76,0.0,3.0,True,3127;3168
PLD,Long,238,2022-07-13T20:00:00Z,104.368899,2022-07-14T20:00:00Z,103.579422,-187.9,9.9727,-187.9,0.0,187.9,1.0,False,3155;3169
SPGI,Long,80,2022-07-06T20:00:00Z,316.288983,2022-07-14T20:00:00Z,308.845817,-595.45,10.1313,-595.45,418.13,1013.58,8.0,False,3072;3170
TMO,Short,46,2022-07-05T20:00:00Z,533.027262,2022-07-14T20:00:00Z,510.565197,1033.25,9.7258,-825.24,1033.25,825.24,9.0,True,3041;3171
ADP,Short,131,2022-07-05T20:00:00Z,190.12219,2022-07-15T20:00:00Z,192.559191,-319.25,10.0884,-783.93,0.0,783.93,10.0,False,3050;3180
AMD,Long,331,2022-07-01T20:00:00Z,75.16,2022-07-15T20:00:00Z,79.32,1376.96,10.2464,0.0,1969.45,989.69,14.0,True,3021;3181
BKNG,Long,372,2022-07-13T20:00:00Z,66.133288,2022-07-15T20:00:00Z,66.786208,242.89,9.9905,-270.65,242.89,270.65,2.0,True,3160;3182
HON,Long,161,2022-07-12T20:00:00Z,155.618564,2022-07-15T20:00:00Z,154.722748,-144.23,10.0935,-367.12,119.46,367.12,3.0,False,3137;3183
IBM,Long,214,2022-07-06T20:00:00Z,118.29981,2022-07-15T20:00:00Z,120.597227,491.65,10.1998,-150.43,550.35,700.78,9.0,True,3071;3184
MA,Long,80,2022-07-13T20:00:00Z,308.431275,2022-07-15T20:00:00Z,325.69054,1380.74,10.2453,0.0,1380.74,0.0,2.0,True,3151;3185
SO,Long,425,2022-06-29T20:00:00Z,60.080311,2022-07-15T20:00:00Z,61.333572,532.64,10.2935,-43.19,788.16,831.34,16.0,True,2971;3186
ADI,Long,189,2022-07-05T20:00:00Z,130.72479,2022-07-15T20:00:00Z,143.412263,2397.93,10.608,0.0,3125.59,727.66,10.0,True,3053;3187
NVDA,Long,1674,2022-07-12T20:00:00Z,15.214153,2022-07-15T20:00:00Z,15.573739,601.95,10.2861,-183.42,813.71,211.76,3.0,True,3135;3188
SYK,Long,130,2022-07-06T20:00:00Z,194.358608,2022-07-15T20:00:00Z,188.167315,-804.87,9.8701,-1260.34,0.0,1260.34,9.0,False,3078;3189
XOM,Long,339,2022-07-08T20:00:00Z,75.650132,2022-07-15T20:00:00Z,73.669398,-671.47,10.0455,-1157.4,0.0,1157.4,7.0,False,3112;3190
ZTS,Long,158,2022-07-14T20:00:00Z,158.034485,2022-07-15T20:00:00Z,164.834118,1074.34,10.3632,0.0,1219.89,145.55,1.0,True,3177;3191
SPY,Short,67,2022-06-29T20:00:00Z,360.413423,2022-07-15T20:00:00Z,361.793955,-92.5,25.5645,-579.05,996.55,822.96,16.0,False,2973;3207
SPY,Short,211,2022-07-08T20:00:00Z,366.086842,2022-07-15T20:00:00Z,361.793955,905.8,15.5091,-626.48,4335.47,2222.6,7.0,True,3120;3207
SPY,Short,73,2022-07-11T20:00:00Z,364.90488,2022-07-15T20:00:00Z,361.793955,227.1,12.4981,-303.03,1413.66,768.96,4.0,True,3131;3207
ABT,Long,259,2022-07-14T20:00:00Z,96.444826,2022-07-18T20:00:00Z,100.067384,938.24,10.1574,0.0,1000.31,432.12,4.0,True,3173;3208
BA,Short,171,2022-07-13T20:00:00Z,142.74,2022-07-18T20:00:00Z,153.61,-1858.77,9.9751,-1858.77,0.0,1858.77,5.0,False,3156;3209
BLK,Long,45,2022-07-05T20:00:00Z,545.80466,2022-07-18T20:00:00Z,546.246739,19.89,9.892,-663.39,760.42,1423.81,13.0,True,3047;3210
CVS,Long,316,2022-06-24T20:00:00Z,80.11573,2022-07-18T20:00:00Z,82.389005,718.35,10.2752,-138.77,718.35,585.02,24.0,True,2904;3211
FB,Long,161,2022-07-15T20:00:00Z,158.779266,2022-07-18T20:00:00Z,164.880827,982.35,10.5867,0.0,1105.15,122.79,3.0,True,3192;3212
GOOGL,Short,229,2022-06-23T20:00:00Z,111.173606,2022-07-18T20:00:00Z,111.558444,-88.13,10.0387,-1615.56,792.58,2408.15,25.0,False,2835;3213
VRTX,Long,87,2022-07-06T20:00:00Z,288.48,2022-07-18T20:00:00Z,292.87,381.93,10.0436,-210.54,505.47,716.01,12.0,True,3079;3214
JPM,Long,257,2022-07-15T20:00:00Z,99.085148,2022-07-18T20:00:00Z,104.303978,1341.24,10.4845,0.0,1341.24,0.0,3.0,True,3194;3215
MDLZ,Short,450,2022-07-13T20:00:00Z,55.541206,2022-07-18T20:00:00Z,54.304966,556.31,9.8386,0.0,782.06,225.75,5.0,True,3158;3216
MMM,Long,326,2022-07-15T20:00:00Z,78.349735,2022-07-18T20:00:00Z,78.542789,62.94,10.1849,-190.77,62.94,190.77,3.0,True,3204;3217
MS,Long,381,2022-07-01T20:00:00Z,66.071084,2022-07-18T20:00:00Z,69.332777,1242.7,10.3424,-358.86,1242.7,767.55,17.0,True,3019;3218
NFLX,Long,1425,2022-07-12T20:00:00Z,17.733,2022-07-18T20:00:00Z,19.25,2161.72,10.413,-363.38,2161.72,363.38,6.0,True,3140;3219
NKE,Long,266,2022-07-15T20:00:00Z,96.215649,2022-07-18T20:00:00Z,97.529016,349.36,10.1943,-200.33,349.36,200.33,3.0,True,3196;3220
NOW,Short,295,2022-07-13T20:00:00Z,83.202,2022-07-18T20:00:00Z,87.518,-1273.22,5.0355,-1273.22,0.0,1273.22,5.0,False,3157;3221
TGT,Long,199,2022-07-15T20:00:00Z,128.092744,2022-07-18T20:00:00Z,128.638299,108.57,10.2007,0.0,242.98,134.41,3.0,True,3206;3222
UNP,Long,132,2022-07-06T20:00:00Z,190.102877,2022-07-18T20:00:00Z,190.937696,110.2,10.06,-476.72,374.91,851.62,12.0,True,3070;3223
AMD,Long,313,2022-07-18T20:00:00Z,82.2,2022-07-19T20:00:00Z,82.82,194.06,10.4736,0.0,1151.84,957.78,1.0,True,3227;3237
AMGN,Long,117,2022-07-07T20:00:00Z,214.547283,2022-07-19T20:00:00Z,216.705918,252.56,10.1587,-67.76,430.17,497.93,12.0,True,3093;3238
CRM,Long,154,2022-07-18T20:00:00Z,165.912692,2022-07-19T20:00:00Z,167.718224,278.05,10.3272,0.0,714.77,436.72,1.0,True,3225;3239
CVX,Short,217,2022-07-14T20:00:00Z,113.157757,2022-07-19T20:00:00Z,117.728936,-991.95,10.2672,-1905.19,0.0,1905.19,5.0,False,3172;3240
DHR,Short,129,2022-07-13T20:00:00Z,192.288542,2022-07-19T20:00:00Z,192.980947,-89.32,10.0521,-577.6,285.82,841.6,6.0,False,3153;3241
EL,Short,107,2022-07-11T20:00:00Z,232.495335,2022-07-19T20:00:00Z,232.551239,-5.98,9.9893,-585.21,553.31,1138.52,8.0,False,3130;3242
INTC,Short,711,2022-07-15T20:00:00Z,36.02839,2022-07-19T20:00:00Z,37.045662,-723.28,10.5599,-1319.32,0.0,1319.32,4.0,False,3199;3243
JNJ,Short,160,2022-07-01T20:00:00Z,157.33677,2022-07-19T20:00:00Z,156.343717,158.89,9.9649,-148.96,817.14,658.25,18.0,True,3013;3244
LMT,Long,69,2022-07-14T20:00:00Z,360.318485,2022-07-19T20:00:00Z,338.539766,-1502.73,9.7454,-1502.73,0.0,1502.73,5.0,False,3175;3245
MO,Long,841,2022-07-18T20:00:00Z,30.468618,2022-07-19T20:00:00Z,30.706148,199.76,10.3138,0.0,357.15,157.39,1.0,True,3231;3246
USB,Long,656,2022-07-18T20:00:00Z,39.103083,2022-07-19T20:00:00Z,39.344254,158.21,10.2716,0.0,240.04,81.83,1.0,True,3235;3247
VZ,Short,648,2022-07-07T20:00:00Z,38.926752,2022-07-19T20:00:00Z,38.498228,277.68,10.0323,-74.38,292.56,262.81,12.0,True,3090;3248
WMT,Long,623,2022-07-15T20:00:00Z,40.798873,2022-07-19T20:00:00Z,40.985762,116.43,10.2077,-5.92,149.98,33.55,4.0,True,3193;3249
ABBV,Short,196,2022-07-19T20:00:00Z,129.96546,2022-07-20T20:00:00Z,129.558235,79.82,10.0986,0.0,392.29,312.47,1.0,True,3251;3259
BKNG,Long,374,2022-07-19T20:00:00Z,69.301768,2022-07-20T20:00:00Z,71.397287,783.72,10.7252,0.0,894.06,110.33,1.0,True,3258;3260
BMY,Short,410,2022-07-19T20:00:00Z,62.302952,2022-07-20T20:00:00Z,61.596874,289.49,10.0605,0.0,448.02,158.53,1.0,True,3252;3261
CCI,Long,185,2022-07-14T20:00:00Z,134.683032,2022-07-20T20:00:00Z,138.443787,695.74,10.1119,0.0,771.23,484.06,6.0,True,3178;3262
COP,Long,351,2022-07-06T20:00:00Z,71.187218,2022-07-20T20:00:00Z,74.622846,1205.91,10.3905,-626.83,2089.44,1447.68,14.0,True,3073;3263
GS,Long,98,2022-06-23T20:00:00Z,255.74954,2022-07-20T20:00:00Z,285.96072,2960.7,10.7338,-191.67,3329.02,1915.8,27.0,True,2871;3264
INTU,Long,68,2022-07-15T20:00:00Z,376.177695,2022-07-20T20:00:00Z,395.866822,1338.86,10.7242,0.0,2136.51,797.65,5.0,True,3202;3265
MCD,Long,110,2022-07-18T20:00:00Z,230.979259,2022-07-20T20:00:00Z,232.372881,153.3,10.0938,-65.7,153.3,191.13,2.0,True,3224;3266
PEP,Short,170,2022-07-12T20:00:00Z,150.113968,2022-07-20T20:00:00Z,147.554222,435.16,9.9647,0.0,699.2,265.52,8.0,True,3136;3267
SBUX,Long,359,2022-07-14T20:00:00Z,69.605648,2022-07-20T20:00:00Z,74.472355,1747.15,10.468,0.0,2003.22,256.08,6.0,True,3176;3268
NOC,Long,59,2022-07-18T20:00:00Z,432.079702,2022-07-20T20:00:00Z,427.413615,-275.3,9.9695,-381.56,0.0,381.56,2.0,False,3234;3269
TJX,Long,456,2022-07-15T20:00:00Z,56.113376,2022-07-20T20:00:00Z,58.920929,1280.24,10.6192,0.0,1490.75,210.51,5.0,True,3205;3270
UNP,Long,133,2022-07-19T20:00:00Z,192.198999,2022-07-20T20:00:00Z,196.817728,614.29,10.4116,0.0,614.29,0.0,1.0,True,3253;3271
ZTS,Long,153,2022-07-18T20:00:00Z,166.040198,2022-07-20T20:00:00Z,168.913722,439.65,10.1225,0.0,439.65,123.0,2.0,True,3230;3272
SPY,Short,99,2022-07-11T20:00:00Z,364.90488,2022-07-20T20:00:00Z,371.136186,-616.9,19.1121,-829.4,1917.16,1945.25,9.0,False,3131;3281
SPY,Short,75,2022-07-12T20:00:00Z,362.777348,2022-07-20T20:00:00Z,371.136186,-626.91,5.4015,-787.9,1292.83,1473.67,8.0,False,3141;3281
SPY,Short,82,2022-07-14T20:00:00Z,353.633687,2022-07-20T20:00:00Z,371.136186,-1435.2,24.7994,-1611.21,663.71,1611.21,6.0,False,3179;3281
AMT,Long,113,2022-07-01T20:00:00Z,222.299121,2022-07-21T20:00:00Z,218.491223,-430.29,10.1415,-521.09,365.16,886.24,20.0,False,3022;3282
AXP,Long,191,2022-07-01T20:00:00Z,131.438954,2022-07-21T20:00:00Z,141.091963,1843.72,10.5685,-278.2,2207.38,945.5,20.0,True,2988;3283
CAT,Long,151,2022-07-08T20:00:00Z,167.899727,2022-07-21T20:00:00Z,167.371234,-79.8,10.1662,-1447.49,284.24,1447.49,13.0,False,3116;3284
CI,Short,103,2022-07-15T20:00:00Z,248.611094,2022-07-21T20:00:00Z,244.701998,402.64,10.2888,-531.14,402.64,594.91,6.0,True,3203;3285
CME,Long,152,2022-07-19T20:00:00Z,168.72224,2022-07-21T20:00:00Z,170.455545,263.46,10.3766,0.0,420.53,157.06,2.0,True,3257;3286
COST,Short,51,2022-07-15T20:00:00Z,492.206572,2022-07-21T20:00:00Z,498.986172,-345.76,10.2214,-608.96,30.11,639.07,6.0,False,3195;3287
VRTX,Long,88,2022-07-20T20:00:00Z,288.7,2022-07-21T20:00:00Z,285.79,-256.08,10.0075,-491.92,0.0,491.92,1.0,False,3279;3288
NEE,Short,355,2022-07-15T20:00:00Z,69.686931,2022-07-21T20:00:00Z,69.908949,-78.82,9.9359,-145.02,302.65,447.68,6.0,False,3197;3289
SCHW,Long,442,2022-07-15T20:00:00Z,57.809853,2022-07-21T20:00:00Z,59.364642,687.22,10.4382,-45.81,770.52,154.1,6.0,True,3201;3290
NFLX,Short,1334,2022-07-19T20:00:00Z,19.299,2022-07-21T20:00:00Z,21.411,-2817.41,16.6093,-4120.73,0.0,4120.73,2.0,False,3255;3306
SPY,Short,211,2022-07-14T20:00:00Z,353.633687,2022-07-21T20:00:00Z,372.68692,-4020.23,15.9129,-4947.98,1707.85,4947.98,7.0,False,3179;3317
ANTM,Long,54,2022-07-20T20:00:00Z,458.124637,2022-07-25T20:00:00Z,437.894358,-1092.44,9.4959,-1287.35,0.0,1287.35,5.0,False,3274;3318
BKNG,Long,354,2022-07-21T20:00:00Z,70.907694,2022-07-25T20:00:00Z,71.068287,56.85,10.1364,-66.95,275.95,219.1,4.0,True,3316;3319
DHR,Short,129,2022-07-21T20:00:00Z,211.568173,2022-07-25T20:00:00Z,210.24491,170.7,10.9723,0.0,170.7,0.0,4.0,True,3298;3320
MRK,Short,321,2022-07-21T20:00:00Z,78.557188,2022-07-25T20:00:00Z,79.482427,-297.0,10.2214,-393.17,0.0,393.17,4.0,False,3295;3321
NFLX,Long,1174,2022-07-21T20:00:00Z,21.411,2022-07-25T20:00:00Z,22.131,845.28,5.1306,0.0,845.28,226.58,4.0,True,3306;3322
NVDA,Short,1512,2022-07-20T20:00:00Z,16.891555,2022-07-25T20:00:00Z,16.933391,-63.26,10.4916,-1644.63,0.0,1644.63,5.0,False,3273;3323
QCOM,Short,184,2022-07-21T20:00:00Z,138.950186,2022-07-25T20:00:00Z,138.877475,13.38,10.3388,-137.13,13.38,137.13,4.0,True,3300;3324
BX,Long,298,2022-07-20T20:00:00Z,85.848228,2022-07-25T20:00:00Z,83.145984,-805.27,10.2393,-805.27,0.0,805.27,5.0,False,3280;3325
AMD,Long,289,2022-07-25T20:00:00Z,86.55,2022-07-26T20:00:00Z,87.0,130.05,9.9873,-375.7,130.05,375.7,1.0,True,3331;3337
DE,Long,90,2022-07-13T20:00:00Z,276.813923,2022-07-26T20:00:00Z,306.900126,2707.76,10.5142,0.0,2707.76,365.13,13.0,True,3154;3338
COP,Long,329,2022-07-21T20:00:00Z,74.282685,2022-07-26T20:00:00Z,79.461638,1703.88,10.0733,0.0,1703.88,268.59,5.0,True,3305;3339
HON,Long,157,2022-07-21T20:00:00Z,160.975361,2022-07-26T20:00:00Z,163.744245,434.71,10.2698,0.0,510.01,75.29,5.0,True,3302;3340
JNJ,Short,166,2022-07-25T20:00:00Z,152.610904,2022-07-26T20:00:00Z,153.001031,-64.76,10.1893,-229.61,0.0,229.61,1.0,False,3327;3341
JPM,Long,244,2022-07-21T20:00:00Z,103.741252,2022-07-26T20:00:00Z,104.294901,135.09,10.1313,-194.88,203.74,398.63,5.0,True,3292;3342
MDT,Long,326,2022-06-24T20:00:00Z,77.685393,2022-07-26T20:00:00Z,79.189542,490.35,10.324,-521.53,722.77,1096.92,32.0,True,2905;3343
ORCL,Short,360,2022-07-25T20:00:00Z,70.909533,2022-07-26T20:00:00Z,70.626272,101.97,10.1206,0.0,370.5,268.53,1.0,True,3328;3344
SCHW,Long,429,2022-07-25T20:00:00Z,59.83579,2022-07-26T20:00:00Z,59.760406,-32.34,10.0924,-941.89,0.0,941.89,1.0,False,3333;3345
SPGI,Long,80,2022-07-15T20:00:00Z,318.779161,2022-07-26T20:00:00Z,320.576102,143.76,10.2974,-300.65,909.23,765.48,11.0,True,3200;3346
UNH,Short,53,2022-07-21T20:00:00Z,479.171918,2022-07-26T20:00:00Z,492.466104,-704.59,10.3078,-704.59,0.0,704.59,5.0,False,3291;3347
UNP,Long,131,2022-07-25T20:00:00Z,193.632711,2022-07-26T20:00:00Z,196.100872,323.33,10.3021,0.0,323.33,0.0,1.0,True,3332;3348
WFC,Short,689,2022-07-18T20:00:00Z,37.637173,2022-07-26T20:00:00Z,38.696364,-729.78,10.3988,-970.98,0.0,970.98,8.0,False,3226;3349
SBUX,Short,337,2022-07-21T20:00:00Z,74.896725,2022-07-26T20:00:00Z,73.235363,559.88,15.0327,-194.74,803.3,243.43,5.0,True,3307;3358
CRM,Short,141,2022-07-21T20:00:00Z,177.275768,2022-07-27T20:00:00Z,171.70217,785.88,10.1182,-250.43,1411.26,1361.45,6.0,True,3299;3362
SBUX,Long,349,2022-07-26T20:00:00Z,73.235363,2022-07-27T20:00:00Z,73.343712,37.81,10.5767,0.0,582.97,545.15,1.0,True,3358;3378
SPY,Short,54,2022-07-14T20:00:00Z,353.633687,2022-07-27T20:00:00Z,372.961136,-1043.68,9.5561,-1381.19,437.08,1381.19,13.0,False,3179;3381
SPY,Short,72,2022-07-18T20:00:00Z,367.136425,2022-07-27T20:00:00Z,372.961136,-419.38,9.3179,-869.39,1554.97,869.39,9.0,False,3236;3381
AXP,Long,175,2022-07-26T20:00:00Z,145.394882,2022-07-27T20:00:00Z,144.319152,-188.25,10.044,-188.25,0.0,188.25,1.0,False,3357;3382
CAT,Short,150,2022-07-26T20:00:00Z,169.941558,2022-07-27T20:00:00Z,171.592569,-247.65,10.3136,-575.51,0.0,575.51,1.0,False,3359;3383
CB,Long,149,2022-07-19T20:00:00Z,172.50943,2022-07-27T20:00:00Z,178.994889,966.33,10.4549,0.0,966.33,179.52,8.0,True,3256;3384
CCI,Long,186,2022-07-21T20:00:00Z,137.315561,2022-07-27T20:00:00Z,139.499999,406.31,10.3154,-16.37,447.98,202.41,6.0,True,3314;3385
CSCO,Short,673,2022-07-06T20:00:00Z,37.670574,2022-07-27T20:00:00Z,39.432888,-1186.04,10.5154,-1523.18,0.0,1523.18,21.0,False,3067;3386
DIS,Short,255,2022-07-25T20:00:00Z,99.593532,2022-07-27T20:00:00Z,98.042231,395.58,10.1927,-175.54,736.77,912.31,2.0,True,3329;3387
DUK,Long,291,2022-07-21T20:00:00Z,87.097878,2022-07-27T20:00:00Z,90.271691,923.58,10.347,0.0,1014.71,125.61,6.0,True,3313;3388
FB,Short,155,2022-07-26T20:00:00Z,164.227089,2022-07-27T20:00:00Z,160.998016,500.51,10.094,-580.34,500.51,580.34,1.0,True,3350;3389
GILD,Long,472,2022-07-01T20:00:00Z,53.285171,2022-07-27T20:00:00Z,52.227616,-499.17,10.0864,-499.17,560.54,1059.7,26.0,False,2990;3390
GS,Long,87,2022-07-25T20:00:00Z,293.792915,2022-07-27T20:00:00Z,288.673598,-445.38,10.1726,-581.82,0.0,581.82,2.0,False,3334;3391
HD,Long,93,2022-07-21T20:00:00Z,271.226342,2022-07-27T20:00:00Z,267.070852,-386.46,10.0598,-388.96,311.5,700.46,6.0,False,3293;3392
IBM,Long,229,2022-07-21T20:00:00Z,110.250279,2022-07-27T20:00:00Z,109.701643,-125.64,10.0616,-125.64,100.12,225.76,6.0,False,3304;3393
INTC,Short,696,2022-07-26T20:00:00Z,36.829021,2022-07-27T20:00:00Z,37.017405,-131.12,10.3764,-708.02,0.0,708.02,1.0,False,3353;3394
INTU,Long,62,2022-07-21T20:00:00Z,409.08985,2022-07-27T20:00:00Z,405.328461,-233.21,10.4325,-467.01,766.33,1233.35,6.0,False,3303;3395
ISRG,Long,120,2022-07-18T20:00:00Z,211.43,2022-07-27T20:00:00Z,219.55,974.4,10.3584,0.0,1669.2,1548.0,9.0,True,3233;3396
KO,Long,467,2022-07-21T20:00:00Z,54.127118,2022-07-27T20:00:00Z,55.558492,668.45,10.2636,0.0,804.62,136.17,6.0,True,3294;3397
LOW,Long,151,2022-07-14T20:00:00Z,164.642296,2022-07-27T20:00:00Z,174.151853,1435.94,10.3529,0.0,2407.27,989.44,13.0,True,3174;3398
SO,Long,421,2022-07-20T20:00:00Z,60.791621,2022-07-27T20:00:00Z,61.943266,484.84,10.2815,-335.11,609.62,335.11,7.0,True,3276;3399
MMM,Long,321,2022-07-20T20:00:00Z,79.707145,2022-07-27T20:00:00Z,84.231847,1452.43,10.5288,0.0,1671.26,371.82,7.0,True,3277;3400
MO,Long,828,2022-07-20T20:00:00Z,30.878897,2022-07-27T20:00:00Z,31.656267,643.66,10.295,-71.52,733.06,89.4,7.0,True,3275;3401
PG,Long,198,2022-07-26T20:00:00Z,128.52063,2022-07-27T20:00:00Z,129.565221,206.83,10.3354,0.0,508.16,301.33,1.0,True,3352;3402
PLD,Short,232,2022-07-21T20:00:00Z,109.325062,2022-07-27T20:00:00Z,111.544371,-514.88,10.2956,-602.39,0.0,602.39,6.0,False,3309;3403
T,Long,1732,2022-07-26T20:00:00Z,14.720272,2022-07-27T20:00:00Z,14.704246,-27.76,10.1802,-27.76,13.88,41.64,1.0,False,3356;3404
TGT,Long,186,2022-07-25T20:00:00Z,136.709042,2022-07-27T20:00:00Z,132.491819,-784.4,10.0539,-993.79,0.0,993.79,2.0,False,3336;3405
TXN,Long,177,2022-07-26T20:00:00Z,144.862414,2022-07-27T20:00:00Z,148.092789,571.78,10.4135,0.0,1231.28,659.5,1.0,True,3354;3406
UPS,Short,175,2022-07-15T20:00:00Z,145.530283,2022-07-27T20:00:00Z,147.400086,-327.22,10.3335,-1045.11,62.06,1107.17,12.0,False,3198;3407
V,Short,127,2022-07-13T20:00:00Z,194.003092,2022-07-27T20:00:00Z,204.2148,-1296.89,10.1937,-1937.34,0.0,1937.34,14.0,False,3150;3408
MMC,Long,180,2022-07-18T20:00:00Z,141.556621,2022-07-27T20:00:00Z,145.930264,787.26,10.3283,0.0,1209.26,422.01,9.0,True,3232;3409
ACN,Short,96,2022-07-25T20:00:00Z,264.171095,2022-07-28T20:00:00Z,272.181279,-768.98,10.4343,-1358.47,269.23,1627.7,3.0,False,3330;3424
ADBE,Short,68,2022-07-27T20:00:00Z,385.08,2022-07-28T20:00:00Z,392.76,-522.24,10.8294,-1252.56,0.0,1252.56,1.0,False,3375;3425
CME,Long,149,2022-07-25T20:00:00Z,170.413879,2022-07-28T20:00:00Z,162.872335,-1123.69,10.032,-1123.69,0.0,1123.69,3.0,False,3335;3426
CRM,Long,154,2022-07-27T20:00:00Z,171.70217,2022-07-28T20:00:00Z,175.067917,518.33,10.9283,0.0,953.54,435.21,1.0,True,3411;3427
GOOGL,Long,249,2022-07-27T20:00:00Z,108.279644,2022-07-28T20:00:00Z,111.3108,754.76,11.2119,0.0,1211.07,456.31,1.0,True,3372;3428
JNJ,Short,168,2022-07-27T20:00:00Z,153.063097,2022-07-28T20:00:00Z,153.745821,-114.7,10.3496,-233.86,0.0,233.86,1.0,False,3373;3429
JPM,Long,251,2022-07-27T20:00:00Z,103.559727,2022-07-28T20:00:00Z,104.603493,261.99,10.4817,0.0,261.99,0.0,1.0,True,3410;3430
MCD,Short,110,2022-07-21T20:00:00Z,229.848073,2022-07-28T20:00:00Z,234.200879,-478.81,10.2915,-942.69,359.36,1302.04,7.0,False,3297;3431
NFLX,Long,1211,2022-07-27T20:00:00Z,21.648,2022-07-28T20:00:00Z,22.46,983.33,10.9661,0.0,1155.29,171.96,1.0,True,3377;3432
NVDA,Short,1515,2022-07-26T20:00:00Z,16.832786,2022-07-28T20:00:00Z,17.90457,-1623.75,10.4177,-1637.33,0.0,1637.33,2.0,False,3351;3433
PM,Long,322,2022-07-27T20:00:00Z,79.82884,2022-07-28T20:00:00Z,80.770847,303.33,10.4221,0.0,378.49,75.16,1.0,True,3414;3434
PYPL,Short,347,2022-07-18T20:00:00Z,74.172832,2022-07-28T20:00:00Z,84.557029,-3603.32,10.9808,-3919.04,0.0,3919.04,10.0,False,3229;3435
QCOM,Long,190,2022-07-27T20:00:00Z,137.859525,2022-07-28T20:00:00Z,135.969046,-359.19,10.3568,-903.16,0.0,903.16,1.0,False,3412;3436
SYK,Long,135,2022-07-20T20:00:00Z,189.136804,2022-07-28T20:00:00Z,203.304787,1912.68,10.81,0.0,2856.06,943.38,8.0,True,3278;3437
TJX,Long,427,2022-07-21T20:00:00Z,59.307203,2022-07-28T20:00:00Z,57.488889,-776.42,10.0508,-933.31,337.92,1271.24,7.0,False,3315;3438
SPY,Short,57,2022-07-18T20:00:00Z,367.136425,2022-07-28T20:00:00Z,379.967809,-731.39,24.2668,-959.38,1231.02,959.38,10.0,False,3236;3453
AMD,Long,303,2022-07-27T20:00:00Z,87.02,2022-07-29T20:00:00Z,90.57,1075.65,11.168,0.0,2257.35,1181.7,2.0,True,3416;3454
AMGN,Long,116,2022-07-28T20:00:00Z,220.88279,2022-07-29T20:00:00Z,218.022159,-331.83,10.1223,-432.6,0.0,432.6,1.0,False,3444;3455
C,Long,588,2022-07-18T20:00:00Z,43.926409,2022-07-29T20:00:00Z,45.058137,665.46,10.4196,0.0,905.02,605.04,11.0,True,3228;3456
CCI,Long,184,2022-07-28T20:00:00Z,139.876074,2022-07-29T20:00:00Z,145.245152,987.91,10.6556,0.0,987.91,0.0,1.0,True,3450;3457
CI,Short,102,2022-07-27T20:00:00Z,253.222533,2022-07-29T20:00:00Z,252.418534,82.01,10.3705,-127.25,82.01,201.72,2.0,True,3379;3458
CVS,Long,310,2022-07-21T20:00:00Z,80.009893,2022-07-29T20:00:00Z,82.876669,888.7,10.1419,0.0,937.03,91.29,8.0,True,3301;3459
MDT,Long,324,2022-07-27T20:00:00Z,80.711081,2022-07-29T20:00:00Z,80.893665,59.16,10.4647,-87.33,180.29,267.62,2.0,True,3419;3460
NEE,Short,365,2022-07-27T20:00:00Z,71.072322,2022-07-29T20:00:00Z,75.042,-1448.93,10.6884,-1461.9,0.0,1461.9,2.0,False,3413;3461
ADI,Short,163,2022-07-28T20:00:00Z,157.451451,2022-07-29T20:00:00Z,156.985343,75.98,10.3822,-464.97,75.98,464.97,1.0,True,3449;3462
TMO,Long,47,2022-07-21T20:00:00Z,548.518681,2022-07-29T20:00:00Z,595.33851,2200.53,10.8905,0.0,2200.53,0.0,8.0,True,3296;3463
USB,Long,657,2022-07-27T20:00:00Z,39.676905,2022-07-29T20:00:00Z,38.46273,-797.71,10.426,-868.74,0.0,868.74,2.0,False,3423;3464
V,Short,126,2022-07-28T20:00:00Z,203.885702,2022-07-29T20:00:00Z,205.308566,-179.28,10.329,-179.28,0.0,179.28,1.0,False,3439;3465
WMT,Long,640,2022-07-28T20:00:00Z,39.997466,2022-07-29T20:00:00Z,40.646827,415.59,10.6148,0.0,1171.76,756.17,1.0,True,3440;3466
TXN,Long,169,2022-07-28T20:00:00Z,152.155097,2022-07-29T20:00:00Z,155.39332,547.26,15.9031,0.0,1218.74,671.48,1.0,True,3443;3472
DE,Short,83,2022-07-28T20:00:00Z,312.473752,2022-07-29T20:00:00Z,318.540283,-503.52,15.888,-1064.48,0.0,1064.48,1.0,False,3446;3478
SPY,Long,156,2022-07-28T20:00:00Z,379.967809,2022-07-29T20:00:00Z,385.508848,864.4,12.1544,0.0,1497.22,632.81,1.0,True,3453;3482
ADBE,Short,63,2022-07-29T20:00:00Z,405.23,2022-08-02T20:00:00Z,405.34,-6.93,10.333,-369.18,0.0,369.18,4.0,False,3471;3483
BLK,Short,46,2022-07-27T20:00:00Z,567.313137,2022-08-02T20:00:00Z,598.863113,-1451.3,10.869,-1767.12,0.0,1767.12,6.0,False,3420;3484
CAT,Short,147,2022-07-28T20:00:00Z,175.279202,2022-08-02T20:00:00Z,176.357987,-158.58,10.2416,-1572.03,460.58,1572.03,5.0,False,3447;3485
FB,Short,161,2022-07-29T20:00:00Z,155.827537,2022-08-02T20:00:00Z,156.639757,-130.77,10.1836,-457.69,0.0,457.69,4.0,False,3468;3486
IBM,Long,231,2022-07-29T20:00:00Z,111.030372,2022-08-02T20:00:00Z,113.327789,530.7,10.4002,0.0,530.7,45.55,4.0,True,3477;3487
INTU,Long,59,2022-07-29T20:00:00Z,431.629102,2022-08-02T20:00:00Z,429.447884,-128.69,10.3313,-128.69,184.17,312.86,4.0,False,3476;3488
LLY,Long,80,2022-07-27T20:00:00Z,317.786817,2022-08-02T20:00:00Z,316.05772,-138.33,10.0327,-679.27,140.65,819.92,6.0,False,3374;3489
MDLZ,Short,459,2022-07-27T20:00:00Z,56.419115,2022-08-02T20:00:00Z,58.354099,-888.16,10.5584,-888.16,0.0,888.16,6.0,False,3421;3490
NOW,Short,298,2022-07-19T20:00:00Z,86.444,2022-08-02T20:00:00Z,88.932,-741.42,10.6133,-1672.97,560.24,1884.55,14.0,False,3254;3491
TJX,Long,445,2022-07-29T20:00:00Z,57.790371,2022-08-02T20:00:00Z,58.704239,406.67,10.2967,0.0,549.22,423.44,4.0,True,3481;3492
TXN,Short,165,2022-07-29T20:00:00Z,155.39332,2022-08-02T20:00:00Z,158.128271,-451.27,5.21,-642.36,0.0,642.36,4.0,False,3472;3493
XOM,Long,340,2022-07-19T20:00:00Z,75.25051,2022-08-02T20:00:00Z,82.382889,2425.01,10.7678,0.0,3057.11,853.63,14.0,True,3250;3494
BMY,Long,408,2022-07-29T20:00:00Z,62.58034,2022-08-02T20:00:00Z,62.353386,-92.6,15.1502,-401.25,0.0,401.25,4.0,False,3473;3503
SPY,Long,103,2022-07-28T20:00:00Z,379.967809,2022-08-02T20:00:00Z,386.766456,700.26,27.3953,0.0,988.55,417.82,5.0,True,3453;3509
AMZN,Short,223,2022-07-06T20:00:00Z,113.233729,2022-08-03T20:00:00Z,135.890451,-5052.45,11.2951,-5788.85,952.2,6741.05,28.0,False,3064;3510
CVX,Long,188,2022-08-02T20:00:00Z,135.785935,2022-08-03T20:00:00Z,134.512415,-239.42,9.9739,-897.44,0.0,897.44,1.0,False,3497;3511
DIS,Short,256,2022-07-28T20:00:00Z,99.894096,2022-08-03T20:00:00Z,102.657352,-707.39,10.6183,-1484.28,0.0,1484.28,6.0,False,3441;3512
VRTX,Long,89,2022-07-27T20:00:00Z,286.27,2022-08-03T20:00:00Z,276.01,-913.14,10.004,-1107.16,0.0,1107.16,7.0,False,3422;3513
JNJ,Long,166,2022-07-29T20:00:00Z,154.091616,2022-08-03T20:00:00Z,152.992165,-182.51,10.2767,-182.51,117.75,300.26,5.0,False,3467;3514
JPM,Long,245,2022-08-02T20:00:00Z,103.396355,2022-08-03T20:00:00Z,103.015154,-93.39,10.0528,-93.39,0.0,93.39,1.0,False,3496;3515
LIN,Long,94,2022-07-26T20:00:00Z,268.856181,2022-08-03T20:00:00Z,283.3606,1363.42,10.4202,0.0,1551.72,387.26,8.0,True,3355;3516
PYPL,Short,302,2022-07-29T20:00:00Z,85.318537,2022-08-03T20:00:00Z,99.93553,-4414.33,11.0179,-4414.33,0.0,4414.33,5.0,False,3479;3517
VZ,Long,719,2022-08-02T20:00:00Z,35.437347,2022-08-03T20:00:00Z,34.740997,-500.68,9.9772,-539.19,0.0,539.19,1.0,False,3501;3518
HD,Short,92,2022-08-02T20:00:00Z,273.510071,2022-08-03T20:00:00Z,271.674132,168.91,15.1622,-79.92,168.91,79.92,1.0,True,3498;3521
CCI,Long,179,2022-08-03T20:00:00Z,142.852672,2022-08-04T20:00:00Z,142.884678,5.73,10.2222,-25.78,5.73,25.78,1.0,True,3529;3534
HD,Long,94,2022-08-03T20:00:00Z,271.674132,2022-08-04T20:00:00Z,272.739872,100.18,5.1718,0.0,321.58,221.41,1.0,True,3521;3536
BX,Long,303,2022-07-28T20:00:00Z,84.644344,2022-08-04T20:00:00Z,88.784645,1254.51,10.8441,0.0,1785.96,709.48,7.0,True,3451;3539
TJX,Long,439,2022-08-03T20:00:00Z,58.638289,2022-08-04T20:00:00Z,60.023223,607.99,10.4648,0.0,607.99,0.0,1.0,True,3530;3540
AMD,Long,263,2022-08-02T20:00:00Z,95.55,2022-08-04T20:00:00Z,97.5,512.85,16.0501,0.0,2198.68,1685.83,2.0,True,3504;3545
SPY,Short,57,2022-08-02T20:00:00Z,386.766456,2022-08-04T20:00:00Z,391.702331,-281.34,4.4645,-292.12,0.0,292.12,2.0,False,3509;3551
ADP,Short,130,2022-07-21T20:00:00Z,194.725414,2022-08-04T20:00:00Z,220.855481,-3396.91,10.8438,-3396.91,0.0,3396.91,14.0,False,3311;3552
BMY,Short,411,2022-08-02T20:00:00Z,62.353386,2022-08-04T20:00:00Z,61.184996,480.21,4.9831,0.0,711.68,231.47,2.0,True,3503;3553
DE,Long,81,2022-07-29T20:00:00Z,318.540283,2022-08-04T20:00:00Z,321.431364,234.18,5.2576,-218.05,486.01,382.36,6.0,True,3478;3554
GILD,Long,490,2022-07-29T20:00:00Z,52.305632,2022-08-04T20:00:00Z,53.86596,764.56,10.3352,-339.8,819.78,339.8,6.0,True,3480;3555
HON,Long,157,2022-07-27T20:00:00Z,163.083694,2022-08-04T20:00:00Z,173.299612,1603.9,10.6857,0.0,1738.86,475.91,8.0,True,3376;3556
LLY,Short,82,2022-08-03T20:00:00Z,309.720917,2022-08-04T20:00:00Z,299.645786,826.16,9.8187,0.0,1175.48,349.32,1.0,True,3522;3557
MCD,Long,107,2022-08-03T20:00:00Z,236.237015,2022-08-04T20:00:00Z,236.825232,62.94,10.1231,-39.7,62.94,39.7,1.0,True,3523;3558
MRK,Long,324,2022-07-29T20:00:00Z,79.372279,2022-08-04T20:00:00Z,77.376407,-646.66,10.0622,-923.6,0.0,923.6,6.0,False,3470;3559
NFLX,Short,1125,2022-08-02T20:00:00Z,22.276,2022-08-04T20:00:00Z,22.78,-567.0,10.1549,-804.38,0.0,804.38,2.0,False,3506;3560
NVDA,Long,1382,2022-08-03T20:00:00Z,18.083865,2022-08-04T20:00:00Z,18.778134,959.48,10.4918,0.0,1459.18,499.7,1.0,True,3519;3561
T,Long,1724,2022-07-29T20:00:00Z,14.832457,2022-08-04T20:00:00Z,14.672193,-276.3,10.2409,-324.65,290.11,614.76,6.0,False,3475;3562
V,Long,124,2022-08-02T20:00:00Z,201.136768,2022-08-04T20:00:00Z,204.234158,384.08,10.0755,0.0,680.54,296.46,2.0,True,3495;3563
ZTS,Long,149,2022-08-03T20:00:00Z,170.911688,2022-08-04T20:00:00Z,172.414919,223.98,10.0471,-755.58,223.98,755.58,1.0,True,3528;3564
ABT,Short,252,2022-08-02T20:00:00Z,101.04446,2022-08-05T20:00:00Z,100.24252,202.09,10.123,-23.23,202.09,34.84,3.0,True,3502;3575
ADBE,Long,59,2022-08-04T20:00:00Z,426.22,2022-08-05T20:00:00Z,422.74,-205.32,10.1954,-205.32,425.39,630.71,1.0,False,3567;3576
BKNG,Long,369,2022-07-27T20:00:00Z,71.768877,2022-08-05T20:00:00Z,75.559019,1398.56,10.9652,0.0,1870.32,598.5,9.0,True,3380;3577
CSCO,Short,642,2022-07-28T20:00:00Z,40.121711,2022-08-05T20:00:00Z,40.202223,-51.69,10.4101,-493.91,0.0,493.91,8.0,False,3442;3578
DUK,Long,274,2022-08-03T20:00:00Z,92.607617,2022-08-05T20:00:00Z,92.379103,-62.61,10.2003,-62.61,71.89,134.5,2.0,False,3527;3579
FB,Long,151,2022-08-04T20:00:00Z,166.406218,2022-08-05T20:00:00Z,165.346368,-160.04,10.1012,-160.04,0.0,160.04,1.0,False,3543;3580
INTC,Long,738,2022-08-04T20:00:00Z,34.241887,2022-08-05T20:00:00Z,33.632973,-449.38,9.9776,-449.38,0.0,449.38,1.0,False,3570;3581
INTU,Long,56,2022-08-04T20:00:00Z,451.512116,2022-08-05T20:00:00Z,442.525498,-503.25,10.155,-503.25,175.89,679.14,1.0,False,3572;3582
ISRG,Long,104,2022-08-04T20:00:00Z,242.07,2022-08-05T20:00:00Z,237.68,-456.56,10.0418,-456.56,0.0,456.56,1.0,False,3548;3583
MDLZ,Short,439,2022-08-03T20:00:00Z,57.942019,2022-08-05T20:00:00Z,57.395565,239.89,10.1384,0.0,357.87,117.98,2.0,True,3526;3584
QCOM,Short,187,2022-08-04T20:00:00Z,135.132873,2022-08-05T20:00:00Z,134.951096,33.99,10.2391,-260.04,33.99,260.04,1.0,True,3568;3585
SBUX,Short,357,2022-07-27T20:00:00Z,73.343712,2022-08-05T20:00:00Z,77.433913,-1460.2,5.5268,-1946.94,0.0,1946.94,9.0,False,3378;3586
NOC,Long,57,2022-08-02T20:00:00Z,449.66152,2022-08-05T20:00:00Z,443.9129,-327.67,10.1987,-327.67,0.0,327.67,3.0,False,3508;3587
AMGN,Long,118,2022-08-02T20:00:00Z,216.468995,2022-08-09T20:00:00Z,217.311389,99.4,10.1943,-45.56,172.92,92.15,7.0,True,3505;3606
C,Short,575,2022-08-03T20:00:00Z,44.743777,2022-08-09T20:00:00Z,45.066869,-185.78,10.4106,-421.77,0.0,421.77,6.0,False,3524;3609
CCI,Long,177,2022-08-05T20:00:00Z,141.604421,2022-08-09T20:00:00Z,143.54081,342.74,10.148,0.0,409.31,66.57,4.0,True,3601;3610
SPY,Short,195,2022-08-02T20:00:00Z,386.766456,2022-08-09T20:00:00Z,389.85847,-602.94,26.8383,-999.37,0.0,999.37,7.0,False,3509;3626
SPY,Short,150,2022-08-03T20:00:00Z,388.061887,2022-08-09T20:00:00Z,389.85847,-269.49,12.3838,-574.43,194.31,546.07,6.0,False,3531;3626
ABBV,Long,209,2022-08-02T20:00:00Z,122.496778,2022-08-09T20:00:00Z,121.890273,-126.76,10.1636,-599.39,0.0,599.39,7.0,False,3500;3627
MRNA,Long,130,2022-08-05T20:00:00Z,189.54,2022-08-09T20:00:00Z,176.45,-1701.7,9.3075,-2392.0,0.0,2392.0,4.0,False,3602;3628
ANTM,Long,56,2022-08-05T20:00:00Z,444.886608,2022-08-09T20:00:00Z,452.842654,445.54,10.149,0.0,690.0,244.46,4.0,True,3598;3629
AXP,Long,177,2022-07-28T20:00:00Z,144.471468,2022-08-09T20:00:00Z,150.069071,990.78,10.4786,-26.96,1186.23,407.77,12.0,True,3445;3630
BMY,Long,417,2022-08-05T20:00:00Z,60.504135,2022-08-09T20:00:00Z,62.34498,767.63,10.3108,0.0,1044.54,276.91,4.0,True,3595;3631
CI,Long,97,2022-08-05T20:00:00Z,257.427352,2022-08-09T20:00:00Z,262.750376,516.33,10.1619,0.0,580.87,64.54,4.0,True,3599;3632
COP,Long,327,2022-08-04T20:00:00Z,78.866356,2022-08-09T20:00:00Z,81.043387,711.89,10.3107,0.0,770.29,58.4,5.0,True,3573;3633
GILD,Long,471,2022-08-05T20:00:00Z,53.449872,2022-08-09T20:00:00Z,53.380524,-32.66,10.0512,-32.66,138.82,171.48,4.0,False,3600;3634
JPM,Long,246,2022-08-04T20:00:00Z,102.425199,2022-08-09T20:00:00Z,104.149682,424.22,10.1697,0.0,649.73,314.82,5.0,True,3565;3635
MCD,Short,107,2022-08-05T20:00:00Z,234.961036,2022-08-09T20:00:00Z,232.481475,265.31,10.0565,-40.67,275.0,315.66,4.0,True,3593;3636
MS,Long,367,2022-07-27T20:00:00Z,70.981065,2022-08-09T20:00:00Z,76.276089,1943.27,10.86,0.0,1943.27,245.56,13.0,True,3415;3637
NOW,Short,280,2022-08-03T20:00:00Z,92.15,2022-08-09T20:00:00Z,98.456,-1765.68,10.7398,-1915.2,0.0,1915.2,6.0,False,3525;3638
PYPL,Long,262,2022-08-04T20:00:00Z,96.741153,2022-08-09T20:00:00Z,94.397291,-614.09,9.9219,-865.43,0.0,865.43,5.0,False,3546;3639
TXN,Short,153,2022-08-05T20:00:00Z,162.137157,2022-08-09T20:00:00Z,160.301978,280.78,9.8685,-109.04,584.74,303.95,4.0,True,3594;3640
ABNB,Long,220,2022-08-04T20:00:00Z,114.27,2022-08-09T20:00:00Z,115.0,160.6,10.281,0.0,624.8,587.4,5.0,True,3550;3641
SPY,Short,8,2022-08-03T20:00:00Z,388.061887,2022-08-09T20:00:00Z,389.85847,-14.37,11.5132,-30.64,10.36,29.12,6.0,False,3531;3648
SPY,Short,140,2022-08-04T20:00:00Z,391.702331,2022-08-09T20:00:00Z,389.85847,258.14,15.9784,-26.48,691.02,438.18,5.0,True,3574;3648
AMAT,Short,257,2022-07-21T20:00:00Z,100.024488,2022-08-10T20:00:00Z,99.223442,205.87,10.3624,-1840.42,1173.2,3013.62,20.0,True,3312;3649
BKNG,Long,332,2022-08-09T20:00:00Z,76.258046,2022-08-10T20:00:00Z,78.659511,797.29,10.3284,0.0,934.53,137.25,1.0,True,3623;3650
CB,Long,145,2022-08-04T20:00:00Z,174.28846,2022-08-10T20:00:00Z,179.82322,802.54,10.2826,0.0,878.97,76.43,6.0,True,3549;3651
GS,Long,84,2022-08-09T20:00:00Z,302.968028,2022-08-10T20:00:00Z,307.66374,394.44,10.3649,0.0,890.33,495.89,1.0,True,3620;3652
IBM,Long,224,2022-08-05T20:00:00Z,112.513406,2022-08-10T20:00:00Z,113.297325,175.6,10.2017,-28.57,366.15,289.72,5.0,True,3597;3653
INTU,Long,56,2022-08-09T20:00:00Z,446.684353,2022-08-10T20:00:00Z,463.184055,923.98,10.2079,0.0,940.27,16.29,1.0,True,3618;3654
VRTX,Long,86,2022-08-09T20:00:00Z,294.86,2022-08-10T20:00:00Z,301.2,545.24,10.2271,0.0,545.24,0.0,1.0,True,3646;3655
LOW,Short,136,2022-08-09T20:00:00Z,185.069799,2022-08-10T20:00:00Z,183.906941,158.15,9.9566,-114.22,158.15,114.22,1.0,True,3619;3656
MA,Long,74,2022-07-29T20:00:00Z,345.702698,2022-08-10T20:00:00Z,345.9077,15.17,10.2171,-548.29,244.17,792.46,12.0,True,3469;3657
NVDA,Long,1433,2022-08-09T20:00:00Z,17.177431,2022-08-10T20:00:00Z,17.630648,649.46,10.0439,0.0,1216.13,566.67,1.0,True,3642;3658
QCOM,Short,189,2022-08-09T20:00:00Z,132.324422,2022-08-10T20:00:00Z,132.560731,-44.66,9.946,-240.49,0.0,240.49,1.0,False,3643;3659
SCHW,Short,393,2022-08-09T20:00:00Z,64.839381,2022-08-10T20:00:00Z,65.988982,-451.79,10.2935,-451.79,0.0,451.79,1.0,False,3644;3660
NOC,Long,57,2022-08-09T20:00:00Z,442.335763,2022-08-10T20:00:00Z,442.802372,26.6,10.0734,-45.21,26.6,45.21,1.0,True,3625;3661
TGT,Long,191,2022-07-28T20:00:00Z,134.310334,2022-08-10T20:00:00Z,146.234598,2277.53,10.8855,0.0,2409.85,438.31,13.0,True,3452;3662
WFC,Short,644,2022-08-04T20:00:00Z,39.315161,2022-08-10T20:00:00Z,39.803211,-314.3,10.1381,-483.1,186.25,669.35,6.0,False,3569;3663
AMD,Short,258,2022-08-04T20:00:00Z,97.5,2022-08-10T20:00:00Z,98.5,-258.0,10.4002,-1240.98,505.68,1240.98,6.0,False,3545;3668
SPY,Short,64,2022-08-04T20:00:00Z,391.702331,2022-08-10T20:00:00Z,395.919573,-269.9,9.4517,-347.36,315.9,623.92,6.0,False,3574;3675
SPY,Short,55,2022-08-05T20:00:00Z,387.381077,2022-08-10T20:00:00Z,395.919573,-469.62,25.7255,-536.19,33.8,536.19,5.0,False,3603;3675
AMD,Long,267,2022-08-10T20:00:00Z,98.5,2022-08-11T20:00:00Z,99.9,373.8,5.2396,-101.46,373.8,101.46,1.0,True,3668;3676
AMGN,Long,117,2022-08-10T20:00:00Z,220.250994,2022-08-11T20:00:00Z,221.163588,106.77,10.2757,-272.07,106.77,272.07,1.0,True,3670;3677
BMY,Short,406,2022-08-10T20:00:00Z,63.210766,2022-08-11T20:00:00Z,62.529906,276.43,10.1917,0.0,276.43,0.0,1.0,True,3667;3678
C,Short,563,2022-08-10T20:00:00Z,46.228251,2022-08-11T20:00:00Z,47.110203,-496.54,10.5433,-526.04,0.0,526.04,1.0,False,3673;3679
COP,Long,315,2022-08-10T20:00:00Z,81.094411,2022-08-11T20:00:00Z,83.441523,739.34,10.519,0.0,1339.38,600.04,1.0,True,3672;3680
FB,Long,150,2022-08-09T20:00:00Z,167.149102,2022-08-11T20:00:00Z,177.995222,1626.92,10.2821,0.0,1626.92,126.29,2.0,True,3617;3681
MDLZ,Short,447,2022-08-10T20:00:00Z,57.619522,2022-08-11T20:00:00Z,58.058477,-196.21,10.312,-196.21,12.01,208.23,1.0,False,3674;3682
MDT,Short,316,2022-08-10T20:00:00Z,81.728338,2022-08-11T20:00:00Z,82.371731,-203.31,10.342,-203.31,0.0,203.31,1.0,False,3671;3683
NFLX,Short,1088,2022-08-09T20:00:00Z,23.161,2022-08-11T20:00:00Z,24.491,-1447.04,10.2846,-1447.04,0.0,1447.04,2.0,False,3645;3684
ADI,Short,159,2022-08-02T20:00:00Z,158.737911,2022-08-11T20:00:00Z,164.219347,-871.55,10.2368,-1033.11,0.0,1033.11,9.0,False,3507;3685
PM,Long,316,2022-07-29T20:00:00Z,80.370702,2022-08-11T20:00:00Z,82.179689,571.64,10.3591,0.0,806.09,379.34,13.0,True,3474;3686
BX,Long,282,2022-08-09T20:00:00Z,89.556381,2022-08-11T20:00:00Z,96.46692,1948.77,10.2301,0.0,1948.77,477.3,2.0,True,3624;3687
TJX,Long,423,2022-08-09T20:00:00Z,59.834797,2022-08-11T20:00:00Z,60.505745,283.81,10.1555,-322.8,480.01,322.8,2.0,True,3647;3688
TSLA,Short,93,2022-07-25T20:00:00Z,272.206639,2022-08-11T20:00:00Z,296.513304,-2260.52,10.3242,-3387.68,1241.24,4628.92,17.0,False,3326;3689
TXN,Short,161,2022-08-10T20:00:00Z,161.647182,2022-08-11T20:00:00Z,163.411092,-283.99,10.4755,-283.99,0.0,283.99,1.0,False,3666;3690
V,Long,125,2022-08-10T20:00:00Z,207.641287,2022-08-11T20:00:00Z,206.932729,-88.57,10.2493,-370.98,0.0,370.98,1.0,False,3664;3691
CAT,Short,148,2022-08-04T20:00:00Z,171.536285,2022-08-12T20:00:00Z,181.986434,-1546.62,10.5648,-1940.91,0.0,1940.91,8.0,False,3547;3705
DE,Short,76,2022-08-11T20:00:00Z,341.716328,2022-08-12T20:00:00Z,343.564724,-140.48,10.519,-551.83,0.0,551.83,1.0,False,3699;3706
INTC,Long,779,2022-08-10T20:00:00Z,33.290459,2022-08-12T20:00:00Z,34.032572,578.11,10.5957,0.0,830.1,252.0,2.0,True,3669;3707
VRTX,Long,86,2022-08-11T20:00:00Z,295.39,2022-08-12T20:00:00Z,292.87,-216.72,10.0909,-216.72,0.0,216.72,1.0,False,3703;3708
LIN,Long,88,2022-08-05T20:00:00Z,283.57793,2022-08-12T20:00:00Z,289.124572,488.1,10.2031,0.0,951.26,463.16,7.0,True,3596;3709
UNP,Long,132,2022-07-27T20:00:00Z,196.364022,2022-08-12T20:00:00Z,217.769878,2825.57,11.0158,0.0,2825.57,574.94,16.0,True,3417;3710
UPS,Short,156,2022-08-11T20:00:00Z,164.115476,2022-08-12T20:00:00Z,164.459806,-53.72,10.3307,-346.32,0.0,346.32,1.0,False,3695;3711
ABNB,Long,215,2022-08-11T20:00:00Z,121.3,2022-08-12T20:00:00Z,122.54,266.6,10.5784,0.0,690.15,423.55,1.0,True,3702;3712
SPY,Short,242,2022-08-05T20:00:00Z,387.381077,2022-08-12T20:00:00Z,399.125055,-2842.04,19.5465,-3986.18,148.74,3986.18,7.0,False,3603;3727
BLK,Short,38,2022-08-12T20:00:00Z,660.862379,2022-08-15T20:00:00Z,672.329356,-435.75,10.3375,-799.49,0.0,799.49,3.0,False,3722;3728
BMY,Long,409,2022-08-12T20:00:00Z,62.740048,2022-08-15T20:00:00Z,63.420908,278.47,10.3207,-37.82,278.47,37.82,3.0,True,3717;3729
CVS,Long,289,2022-08-04T20:00:00Z,88.558255,2022-08-15T20:00:00Z,91.797451,936.13,10.4196,-62.58,1036.25,100.12,11.0,True,3571;3730
COP,Short,300,2022-08-12T20:00:00Z,84.827679,2022-08-15T20:00:00Z,84.047404,234.08,10.4076,-765.36,234.08,765.36,3.0,True,3718;3731
MDLZ,Long,444,2022-08-12T20:00:00Z,57.771812,2022-08-15T20:00:00Z,57.68223,-39.77,10.2921,-39.77,274.45,314.22,3.0,False,3725;3732
NOW,Short,247,2022-08-11T20:00:00Z,104.0,2022-08-15T20:00:00Z,100.4,889.2,9.9148,0.0,889.2,0.0,4.0,True,3700;3733
PYPL,Long,261,2022-08-12T20:00:00Z,99.5795,2022-08-15T20:00:00Z,99.638838,15.49,10.4596,0.0,211.66,196.17,3.0,True,3721;3734
ADBE,Short,57,2022-08-15T20:00:00Z,445.07,2022-08-16T20:00:00Z,445.73,-37.62,10.2438,-141.93,0.0,141.93,1.0,False,3736;3747
C,Short,543,2022-08-12T20:00:00Z,47.363437,2022-08-16T20:00:00Z,47.05781,165.96,10.294,0.0,165.96,66.38,4.0,True,3724;3748
CI,Long,95,2022-08-15T20:00:00Z,268.036434,2022-08-16T20:00:00Z,268.960571,87.79,10.21,0.0,87.79,0.0,1.0,True,3745;3749
HD,Long,91,2022-08-05T20:00:00Z,273.653364,2022-08-16T20:00:00Z,281.63298,726.15,10.384,-28.52,1778.28,1052.14,11.0,True,3591;3750
INTU,Long,55,2022-08-11T20:00:00Z,471.492072,2022-08-16T20:00:00Z,468.128149,-185.02,10.3113,-185.02,153.02,338.04,5.0,False,3697;3751
LOW,Short,137,2022-08-11T20:00:00Z,185.466647,2022-08-16T20:00:00Z,190.727196,-720.7,10.5292,-1674.04,0.0,1674.04,5.0,False,3698;3752
MMM,Long,283,2022-08-11T20:00:00Z,90.494034,2022-08-16T20:00:00Z,90.777582,80.24,10.2412,0.0,380.73,336.34,5.0,True,3701;3753
NVDA,Long,1419,2022-08-11T20:00:00Z,18.046014,2022-08-16T20:00:00Z,18.831923,1115.2,10.4089,0.0,1293.3,216.26,5.0,True,3692;3754
SBUX,Short,328,2022-08-09T20:00:00Z,77.415855,2022-08-16T20:00:00Z,80.608362,-1047.14,10.3506,-1234.78,0.0,1234.78,7.0,False,3622;3755
TJX,Long,420,2022-08-12T20:00:00Z,61.026367,2022-08-16T20:00:00Z,61.745772,302.15,10.5045,0.0,862.72,560.57,4.0,True,3726;3756
SPY,Short,32,2022-08-05T20:00:00Z,387.381077,2022-08-16T20:00:00Z,404.344601,-542.83,6.0947,-605.77,19.67,605.77,11.0,False,3603;3765
SPY,Short,43,2022-08-11T20:00:00Z,399.976068,2022-08-16T20:00:00Z,404.344601,-187.85,27.0048,-272.42,568.01,309.01,5.0,False,3704;3765
COP,Short,297,2022-08-16T20:00:00Z,86.106092,2022-08-17T20:00:00Z,85.508133,177.59,10.2223,-142.08,177.59,142.08,1.0,True,3761;3766
MS,Long,327,2022-08-11T20:00:00Z,79.216556,2022-08-17T20:00:00Z,79.577512,118.03,10.4536,0.0,590.16,472.13,6.0,True,3696;3767
ORCL,Short,343,2022-08-16T20:00:00Z,74.497498,2022-08-17T20:00:00Z,74.591919,-32.39,10.2832,-110.11,0.0,110.11,1.0,False,3757;3768
PG,Long,199,2022-08-03T20:00:00Z,127.223897,2022-08-17T20:00:00Z,134.265877,1401.35,10.541,0.0,1558.16,184.58,14.0,True,3520;3769
RTX,Long,314,2022-07-27T20:00:00Z,83.00931,2022-08-17T20:00:00Z,86.006894,941.24,10.6326,0.0,1520.91,955.59,21.0,True,3418;3770
MMC,Long,157,2022-08-16T20:00:00Z,161.45077,2022-08-17T20:00:00Z,161.103786,-54.48,10.1818,-54.48,98.65,153.12,1.0,False,3764;3771
WMT,Long,635,2022-08-05T20:00:00Z,39.756728,2022-08-17T20:00:00Z,44.135706,2780.65,10.7293,0.0,2940.25,159.6,12.0,True,3590;3772
SPY,Short,188,2022-08-11T20:00:00Z,399.976068,2022-08-17T20:00:00Z,402.756043,-522.64,15.1689,-1191.04,2483.41,1351.03,6.0,False,3704;3783
ADBE,Short,57,2022-08-17T20:00:00Z,440.87,2022-08-18T20:00:00Z,438.61,128.82,9.9961,0.0,128.82,0.0,1.0,True,3773;3784
BA,Short,160,2022-07-21T20:00:00Z,158.5,2022-08-18T20:00:00Z,167.2,-1392.0,10.5632,-2172.8,412.8,2585.6,28.0,False,3308;3785
CB,Short,137,2022-08-17T20:00:00Z,186.08277,2022-08-18T20:00:00Z,189.160774,-421.69,10.4029,-608.67,0.0,608.67,1.0,False,3781;3786
EL,Short,105,2022-07-21T20:00:00Z,240.461653,2022-08-18T20:00:00Z,252.499643,-1263.99,10.6478,-2302.96,612.43,2915.39,28.0,False,3310;3787
LLY,Long,85,2022-08-05T20:00:00Z,292.188451,2022-08-18T20:00:00Z,306.971801,1256.58,10.1703,-101.81,1273.88,284.2,13.0,True,3592;3788
SCHW,Long,357,2022-08-16T20:00:00Z,71.235494,2022-08-18T20:00:00Z,71.226042,-3.37,10.3216,-3.37,131.61,134.98,2.0,False,3759;3789
CSCO,Long,614,2022-08-15T20:00:00Z,41.526195,2022-08-19T20:00:00Z,43.887874,1450.07,10.468,0.0,1620.34,368.01,4.0,True,3737;3800
DE,Short,73,2022-08-15T20:00:00Z,343.574203,2022-08-19T20:00:00Z,340.758953,205.51,10.1817,-520.36,205.51,520.36,4.0,True,3744;3801
DIS,Long,215,2022-08-18T20:00:00Z,119.324143,2022-08-19T20:00:00Z,117.520755,-387.73,10.123,-617.03,0.0,617.03,1.0,False,3791;3802
JPM,Long,244,2022-08-10T20:00:00Z,106.945159,2022-08-19T20:00:00Z,109.459273,613.44,10.4981,0.0,1284.47,1107.3,9.0,True,3665;3803
LOW,Short,129,2022-08-17T20:00:00Z,195.664729,2022-08-19T20:00:00Z,198.885661,-415.5,10.1606,-545.27,70.24,545.27,2.0,False,3778;3804
MCD,Long,108,2022-08-15T20:00:00Z,237.286756,2022-08-19T20:00:00Z,240.662217,364.55,10.3986,0.0,450.56,86.01,4.0,True,3738;3805
MO,Short,780,2022-08-17T20:00:00Z,32.843917,2022-08-19T20:00:00Z,32.815126,22.46,10.2069,0.0,101.06,78.6,2.0,True,3782;3806
NKE,Long,246,2022-08-11T20:00:00Z,105.666384,2022-08-19T20:00:00Z,106.079681,101.67,10.2692,-427.02,680.07,1107.09,8.0,True,3694;3807
NVDA,Long,1407,2022-08-18T20:00:00Z,18.226305,2022-08-19T20:00:00Z,18.352807,177.99,10.2651,-629.27,177.99,629.27,1.0,True,3790;3808
PLD,Short,229,2022-07-28T20:00:00Z,113.184729,2022-08-19T20:00:00Z,120.00055,-1560.82,10.708,-1878.21,0.0,1878.21,22.0,False,3448;3809
PM,Long,303,2022-08-17T20:00:00Z,84.655583,2022-08-19T20:00:00Z,83.680231,-295.53,10.1693,-358.68,0.0,358.68,2.0,False,3776;3810
QCOM,Long,188,2022-08-17T20:00:00Z,134.505743,2022-08-19T20:00:00Z,135.687292,222.13,10.12,-66.64,579.25,645.89,2.0,True,3775;3811
XOM,Long,333,2022-08-05T20:00:00Z,75.024637,2022-08-19T20:00:00Z,82.595627,2521.14,10.6114,0.0,2588.32,739.02,14.0,True,3589;3812
SPY,Short,109,2022-08-11T20:00:00Z,399.976068,2022-08-19T20:00:00Z,401.744283,-192.74,16.206,-690.55,1439.85,783.31,8.0,False,3704;3820
SPY,Short,94,2022-08-15T20:00:00Z,401.592992,2022-08-19T20:00:00Z,401.744283,-14.22,18.2483,-443.53,1393.69,443.53,4.0,False,3746;3820
ABT,Long,251,2022-08-11T20:00:00Z,102.16902,2022-08-22T20:00:00Z,100.44531,-432.65,10.0847,-784.33,275.32,1059.65,11.0,False,3693;3821
ACN,Long,87,2022-08-19T20:00:00Z,290.437899,2022-08-22T20:00:00Z,283.500017,-603.6,9.9715,-603.6,0.0,603.6,3.0,False,3814;3822
AMGN,Short,117,2022-08-15T20:00:00Z,218.557431,2022-08-22T20:00:00Z,221.032279,-289.56,10.2644,-418.88,27.03,418.88,7.0,False,3741;3823
CI,Long,95,2022-08-18T20:00:00Z,269.847741,2022-08-22T20:00:00Z,268.544709,-123.79,10.2259,-123.79,86.04,209.83,4.0,False,3797;3824
CVS,Short,286,2022-08-19T20:00:00Z,89.822754,2022-08-22T20:00:00Z,89.268453,158.53,10.2247,0.0,339.35,180.82,3.0,True,3817;3825
DUK,Long,268,2022-08-17T20:00:00Z,95.587871,2022-08-22T20:00:00Z,96.501811,244.94,10.2589,0.0,304.45,270.12,5.0,True,3780;3826
MS,Long,318,2022-08-19T20:00:00Z,80.008898,2022-08-22T20:00:00Z,77.851968,-685.9,9.9929,-685.9,0.0,685.9,3.0,False,3816;3827
PG,Long,190,2022-08-19T20:00:00Z,134.364933,2022-08-22T20:00:00Z,134.301897,-11.98,10.2347,-11.98,30.8,42.77,3.0,False,3813;3828
TGT,Short,168,2022-08-18T20:00:00Z,151.534251,2022-08-22T20:00:00Z,143.839902,1292.65,9.8127,0.0,1747.93,455.28,4.0,True,3798;3829
UNH,Long,52,2022-08-12T20:00:00Z,493.563959,2022-08-22T20:00:00Z,499.468386,307.03,10.4416,0.0,639.49,332.46,10.0,True,3713;3830
V,Long,125,2022-08-15T20:00:00Z,203.984997,2022-08-22T20:00:00Z,203.568048,-52.12,10.3032,-213.32,820.57,1033.89,7.0,False,3735;3831
ANTM,Long,55,2022-08-15T20:00:00Z,462.94362,2022-08-22T20:00:00Z,477.211589,784.74,15.5764,0.0,895.95,111.21,7.0,True,3743;3841
SPY,Short,103,2022-08-15T20:00:00Z,401.592992,2022-08-22T20:00:00Z,394.340471,747.01,8.0515,-485.99,1527.13,485.99,7.0,True,3746;3843
NEE,Short,322,2022-08-12T20:00:00Z,80.148408,2022-08-24T20:00:00Z,78.283459,600.51,10.2476,-214.47,649.13,214.47,12.0,True,3715;3849
NVDA,Long,1454,2022-08-22T20:00:00Z,17.41151,2022-08-24T20:00:00Z,16.940363,-685.05,9.9226,-685.05,0.0,685.05,2.0,False,3834;3852
ADBE,Long,60,2022-08-22T20:00:00Z,419.41,2022-08-24T20:00:00Z,410.68,-523.8,9.804,-825.6,0.0,825.6,2.0,False,3836;3862
AMD,Long,254,2022-08-15T20:00:00Z,100.51,2022-08-24T20:00:00Z,92.2,-2110.74,9.842,-2110.74,0.0,2110.74,9.0,False,3740;3863
CVX,Long,193,2022-08-04T20:00:00Z,130.995475,2022-08-24T20:00:00Z,137.479279,1251.37,10.2803,-319.04,1520.75,553.43,20.0,True,3544;3864
COP,Short,296,2022-08-18T20:00:00Z,87.686412,2022-08-24T20:00:00Z,92.350492,-1380.57,10.8928,-1989.94,0.0,1989.94,6.0,False,3795;3865
GILD,Short,455,2022-08-19T20:00:00Z,56.345146,2022-08-24T20:00:00Z,55.114221,560.07,10.1728,0.0,560.07,0.0,5.0,True,3819;3866
MDLZ,Long,439,2022-08-16T20:00:00Z,58.389932,2022-08-24T20:00:00Z,57.135776,-550.57,10.269,-574.17,145.51,719.68,8.0,False,3763;3867
NFLX,Short,1055,2022-08-12T20:00:00Z,24.487,2022-08-24T20:00:00Z,22.561,2031.93,10.105,-447.32,2143.76,533.83,12.0,True,3723;3868
NOW,Short,254,2022-08-16T20:00:00Z,99.8,2022-08-24T20:00:00Z,92.058,1966.47,9.6953,0.0,2107.18,140.72,8.0,True,3762;3869
RTX,Long,296,2022-08-18T20:00:00Z,87.188008,2022-08-24T20:00:00Z,85.459874,-511.53,10.2316,-835.31,0.0,835.31,6.0,False,3794;3870
UPS,Long,152,2022-08-19T20:00:00Z,169.632162,2022-08-24T20:00:00Z,165.564109,-618.34,10.1569,-724.49,0.0,724.49,5.0,False,3815;3871
SPY,Short,19,2022-08-15T20:00:00Z,401.592992,2022-08-24T20:00:00Z,389.669356,226.55,1.4864,-89.65,281.7,89.65,9.0,True,3746;3880
AMT,Short,107,2022-08-12T20:00:00Z,240.770917,2022-08-25T20:00:00Z,232.238083,913.01,10.2041,-545.75,1046.65,545.75,13.0,True,3719;3881
AXP,Short,163,2022-08-17T20:00:00Z,155.304924,2022-08-25T20:00:00Z,152.315728,487.24,10.1215,-249.83,901.55,760.34,8.0,True,3779;3882
BKNG,Short,332,2022-08-24T20:00:00Z,77.052413,2022-08-25T20:00:00Z,78.147256,-363.49,10.3767,-474.27,0.0,474.27,1.0,False,3859;3883
CI,Long,97,2022-08-24T20:00:00Z,264.940579,2022-08-25T20:00:00Z,266.899747,190.04,10.4093,0.0,462.55,272.51,1.0,True,3876;3884
CRM,Long,138,2022-08-17T20:00:00Z,184.203516,2022-08-25T20:00:00Z,166.324824,-2467.26,9.8005,-2467.26,28.44,2495.7,8.0,False,3774;3885
DHR,Long,118,2022-08-24T20:00:00Z,219.284641,2022-08-25T20:00:00Z,220.907946,191.55,10.461,0.0,561.94,370.39,1.0,True,3872;3886
LLY,Long,84,2022-08-24T20:00:00Z,306.700445,2022-08-25T20:00:00Z,310.70295,336.21,10.4572,0.0,546.24,210.03,1.0,True,3855;3887
NKE,Short,255,2022-08-24T20:00:00Z,101.652806,2022-08-25T20:00:00Z,102.773302,-285.73,10.5218,-594.87,0.0,594.87,1.0,False,3856;3888
BX,Long,288,2022-08-24T20:00:00Z,89.494993,2022-08-25T20:00:00Z,91.029694,441.99,10.5169,0.0,856.21,414.21,1.0,True,3879;3889
SCHW,Short,370,2022-08-22T20:00:00Z,68.532024,2022-08-25T20:00:00Z,69.647442,-412.7,10.2512,-524.62,0.0,524.62,3.0,False,3839;3890
V,Long,129,2022-08-24T20:00:00Z,200.377904,2022-08-25T20:00:00Z,201.095444,92.56,10.4193,0.0,396.52,303.96,1.0,True,3854;3891
AMAT,Long,263,2022-08-25T20:00:00Z,98.664418,2022-08-26T20:00:00Z,101.596194,771.06,10.3724,-806.68,771.06,806.68,1.0,True,3900;3901
DE,Short,72,2022-08-24T20:00:00Z,359.0249,2022-08-26T20:00:00Z,370.797762,-847.65,10.3841,-847.65,0.0,847.65,2.0,False,3874;3902
DIS,Long,229,2022-08-25T20:00:00Z,113.429199,2022-08-26T20:00:00Z,113.933372,115.46,10.2827,-646.11,115.46,646.11,1.0,True,3894;3903
IBM,Short,214,2022-08-18T20:00:00Z,119.608017,2022-08-26T20:00:00Z,116.404928,685.46,10.0107,-107.74,1376.49,691.03,8.0,True,3796;3904
MDT,Short,313,2022-08-12T20:00:00Z,81.77181,2022-08-26T20:00:00Z,80.441551,416.37,10.0283,-342.89,1298.1,881.73,14.0,True,3720;3905
NEE,Short,328,2022-08-25T20:00:00Z,79.0472,2022-08-26T20:00:00Z,79.917509,-285.46,10.3378,-285.46,276.72,562.18,1.0,False,3896;3906
PM,Long,309,2022-08-22T20:00:00Z,83.071678,2022-08-26T20:00:00Z,82.196362,-270.47,10.0379,-798.54,0.0,798.54,4.0,False,3838;3907
TJX,Long,428,2022-08-24T20:00:00Z,60.240701,2022-08-26T20:00:00Z,61.793101,664.43,10.3116,-303.85,664.43,903.46,2.0,True,3860;3908
WFC,Short,626,2022-08-12T20:00:00Z,41.14083,2022-08-26T20:00:00Z,41.195058,-33.95,10.1732,-373.41,879.78,913.73,14.0,False,3716;3909
ACN,Long,91,2022-08-26T20:00:00Z,283.958266,2022-08-29T20:00:00Z,270.366615,-1236.84,9.8959,-1236.84,0.0,1236.84,3.0,False,3911;3921
AMD,Long,267,2022-08-26T20:00:00Z,96.22,2022-08-29T20:00:00Z,90.09,-1636.71,9.5944,-2063.91,0.0,2063.91,3.0,False,3915;3922
ANTM,Short,54,2022-08-22T20:00:00Z,477.211589,2022-08-29T20:00:00Z,454.978125,1200.61,4.9852,0.0,1200.61,257.16,7.0,True,3841;3923
CI,Long,96,2022-08-26T20:00:00Z,269.847741,2022-08-29T20:00:00Z,262.334515,-721.27,10.1503,-721.27,0.0,721.27,3.0,False,3918;3924
CRM,Short,152,2022-08-26T20:00:00Z,170.701277,2022-08-29T20:00:00Z,161.202608,1443.8,9.708,0.0,2050.85,607.05,3.0,True,3914;3925
CVS,Short,295,2022-08-25T20:00:00Z,87.614211,2022-08-29T20:00:00Z,86.15917,429.24,10.3467,0.0,429.24,68.98,4.0,True,3897;3926
NKE,Long,249,2022-08-26T20:00:00Z,104.0683,2022-08-29T20:00:00Z,98.052526,-1497.93,9.8868,-1497.93,0.0,1497.93,3.0,False,3913;3927
NVDA,Long,1510,2022-08-25T20:00:00Z,16.783978,2022-08-29T20:00:00Z,15.962211,-1240.87,10.1417,-1577.78,0.0,1577.78,4.0,False,3892;3928
BX,Long,280,2022-08-26T20:00:00Z,92.09083,2022-08-29T20:00:00Z,85.285527,-1905.48,9.5638,-2165.77,0.0,2165.77,3.0,False,3919;3929
SPGI,Short,71,2022-08-16T20:00:00Z,354.088595,2022-08-29T20:00:00Z,329.622418,1737.1,9.7221,0.0,1737.1,497.43,13.0,True,3760;3930
GS,Long,82,2022-08-22T20:00:00Z,308.637131,2022-08-29T20:00:00Z,300.958156,-629.68,15.1134,-629.68,299.32,928.99,7.0,False,3842;3937
AMAT,Long,270,2022-08-29T20:00:00Z,94.387702,2022-08-30T20:00:00Z,94.977928,159.36,9.9828,-791.58,159.36,791.58,1.0,True,3938;3947
BMY,Long,409,2022-08-16T20:00:00Z,62.504689,2022-08-30T20:00:00Z,56.107961,-2616.26,9.7176,-2616.26,333.48,2949.74,14.0,False,3758;3948
DHR,Long,115,2022-08-26T20:00:00Z,223.423684,2022-08-30T20:00:00Z,213.299185,-1164.32,9.7992,-1499.63,0.0,1499.63,4.0,False,3910;3949
INTU,Short,54,2022-08-17T20:00:00Z,463.688159,2022-08-30T20:00:00Z,426.549288,2005.5,9.5433,0.0,2361.47,1032.85,13.0,True,3777;3950
MA,Long,78,2022-08-25T20:00:00Z,331.908952,2022-08-30T20:00:00Z,323.123127,-685.29,10.241,-928.19,0.0,928.19,5.0,False,3893;3951
ADI,Short,174,2022-08-29T20:00:00Z,146.893874,2022-08-30T20:00:00Z,146.247549,112.46,10.0374,0.0,666.61,554.15,1.0,True,3939;3952
TGT,Long,183,2022-08-24T20:00:00Z,141.156029,2022-08-30T20:00:00Z,138.86428,-419.39,10.3301,-523.04,886.62,1409.66,6.0,False,3878;3953
V,Long,131,2022-08-29T20:00:00Z,195.141801,2022-08-30T20:00:00Z,197.730763,339.15,10.2562,0.0,339.15,0.0,1.0,True,3931;3954
ZTS,Long,167,2022-08-24T20:00:00Z,155.270471,2022-08-30T20:00:00Z,150.779805,-749.94,10.1595,-972.38,370.2,1342.59,6.0,False,3877;3955
DE,Long,71,2022-08-29T20:00:00Z,356.560371,2022-08-30T20:00:00Z,359.479889,207.29,15.0496,-499.37,207.29,499.37,1.0,True,3936;3963
AXP,Short,168,2022-08-26T20:00:00Z,155.371562,2022-08-30T20:00:00Z,148.165124,1210.68,15.1316,0.0,1386.61,175.92,4.0,True,3916;3964
ANTM,Short,55,2022-08-30T20:00:00Z,462.990865,2022-08-31T20:00:00Z,458.738821,233.86,10.1089,0.0,254.13,20.27,1.0,True,3962;3970
CVX,Long,184,2022-08-30T20:00:00Z,138.143102,2022-08-31T20:00:00Z,134.492079,-671.79,9.9782,-671.79,0.0,671.79,1.0,False,3957;3971
EOG,Long,240,2022-08-30T20:00:00Z,104.693798,2022-08-31T20:00:00Z,100.294828,-1055.75,9.8928,-1055.75,0.0,1055.75,1.0,False,3968;3972
GILD,Long,478,2022-08-29T20:00:00Z,53.753269,2022-08-31T20:00:00Z,54.446748,331.48,10.4351,0.0,604.96,273.47,2.0,True,3941;3973
JPM,Long,240,2022-08-22T20:00:00Z,105.964927,2022-08-31T20:00:00Z,103.904624,-494.47,10.0376,-657.84,392.09,1049.94,9.0,False,3835;3974
KO,Long,449,2022-08-04T20:00:00Z,56.070959,2022-08-31T20:00:00Z,55.001847,-480.03,9.9482,-694.26,698.23,1392.49,27.0,False,3566;3975
UNP,Long,122,2022-08-30T20:00:00Z,210.763936,2022-08-31T20:00:00Z,206.365606,-536.6,10.0139,-719.17,0.0,719.17,1.0,False,3961;3976
VZ,Long,741,2022-08-15T20:00:00Z,34.434909,2022-08-31T20:00:00Z,32.506554,-1428.91,9.9083,-1808.82,453.62,2262.44,16.0,False,3739;3977
XOM,Long,293,2022-08-30T20:00:00Z,86.367517,2022-08-31T20:00:00Z,82.490365,-1136.01,9.8637,-1136.01,0.0,1136.01,1.0,False,3956;3978
AXP,Long,175,2022-08-30T20:00:00Z,148.165124,2022-08-31T20:00:00Z,148.088967,-13.33,10.129,-606.41,0.0,606.41,1.0,False,3964;3986
GS,Short,85,2022-08-29T20:00:00Z,300.958156,2022-08-31T20:00:00Z,301.078168,-10.2,10.2712,-96.65,22.22,118.87,2.0,False,3937;3987
SPY,Short,9,2022-08-15T20:00:00Z,401.592992,2022-08-31T20:00:00Z,378.152314,210.97,10.687,-42.47,251.3,120.42,16.0,True,3746;3989
SPY,Short,134,2022-08-18T20:00:00Z,403.550322,2022-08-31T20:00:00Z,378.152314,3403.33,17.6406,-369.98,4003.92,1792.9,13.0,True,3799;3989
ABT,Long,265,2022-08-24T20:00:00Z,97.615475,2022-09-01T20:00:00Z,94.352408,-864.71,10.2744,-989.29,14.66,1003.95,8.0,False,3873;3990
ADBE,Long,64,2022-08-26T20:00:00Z,403.99,2022-09-01T20:00:00Z,371.0,-2111.36,9.6198,-2141.44,0.0,2141.44,6.0,False,3912;3991
AVGO,Long,545,2022-08-31T20:00:00Z,47.702629,2022-09-01T20:00:00Z,45.758427,-1059.59,10.1028,-1059.59,0.0,1059.59,1.0,False,3981;3992
BA,Short,155,2022-08-30T20:00:00Z,167.4,2022-09-01T20:00:00Z,158.0,1457.0,9.792,0.0,2129.7,672.7,2.0,True,3965;3993
CSCO,Long,629,2022-08-29T20:00:00Z,40.953666,2022-09-01T20:00:00Z,39.87123,-680.85,10.2409,-680.85,0.0,680.85,3.0,False,3932;3994
LOW,Short,132,2022-08-22T20:00:00Z,193.080599,2022-09-01T20:00:00Z,178.849431,1878.51,9.886,-236.34,1878.51,448.31,10.0,True,3840;3995
MDLZ,Long,460,2022-08-30T20:00:00Z,55.944327,2022-09-01T20:00:00Z,55.129126,-374.99,10.2047,-374.99,0.0,374.99,2.0,False,3966;3996
MDT,Short,340,2022-08-31T20:00:00Z,76.763776,2022-09-01T20:00:00Z,76.276884,165.54,10.4322,-70.95,165.54,70.95,1.0,True,3985;3997
ORCL,Short,343,2022-08-18T20:00:00Z,74.856295,2022-09-01T20:00:00Z,69.984215,1671.12,10.0144,0.0,1671.12,372.44,14.0,True,3792;3998
PFE,Long,634,2022-08-02T20:00:00Z,40.375548,2022-09-01T20:00:00Z,35.889376,-2844.23,9.6809,-2874.38,0.0,2874.38,30.0,False,3499;3999
PYPL,Short,271,2022-08-26T20:00:00Z,95.742292,2022-09-01T20:00:00Z,91.430378,1168.53,9.9357,0.0,1342.74,439.54,6.0,True,3917;4000
SYK,Long,130,2022-08-29T20:00:00Z,196.777532,2022-09-01T20:00:00Z,196.700741,-9.98,10.3193,-9.98,199.66,209.64,3.0,False,3940;4001
TJX,Long,431,2022-08-30T20:00:00Z,60.098713,2022-09-01T20:00:00Z,59.104799,-428.38,10.3129,-456.94,142.79,571.17,2.0,False,3967;4002
SPY,Short,84,2022-08-18T20:00:00Z,403.550322,2022-09-01T20:00:00Z,371.495502,2692.6,17.6926,-231.93,2692.6,1123.9,14.0,True,3799;4009
SPY,Short,87,2022-08-24T20:00:00Z,389.669356,2022-09-01T20:00:00Z,371.495502,1581.13,6.8061,-1447.86,1581.13,1164.04,8.0,True,3861;4009
SPY,Short,65,2022-08-26T20:00:00Z,396.62875,2022-09-01T20:00:00Z,371.495502,1633.66,22.765,-629.37,1633.66,346.65,6.0,True,3920;4009
AMGN,Short,119,2022-08-24T20:00:00Z,215.38179,2022-09-02T20:00:00Z,218.352939,-353.57,10.2463,-353.57,468.27,821.83,9.0,False,3858;4010
BKNG,Long,346,2022-08-29T20:00:00Z,74.122672,2022-09-02T20:00:00Z,72.827772,-448.04,10.1033,-798.87,0.0,798.87,4.0,False,3942;4011
ISRG,Long,122,2022-08-29T20:00:00Z,209.27,2022-09-02T20:00:00Z,207.72,-189.1,10.0667,-683.2,0.0,683.2,4.0,False,3943;4012
MCD,Long,112,2022-09-01T20:00:00Z,229.131723,2022-09-02T20:00:00Z,234.21808,569.67,10.4147,0.0,569.67,0.0,1.0,True,4005;4013
NEE,Long,330,2022-08-29T20:00:00Z,77.627954,2022-09-02T20:00:00Z,77.146069,-159.02,10.1379,-568.36,0.0,568.36,4.0,False,3933;4014
NOC,Long,56,2022-08-29T20:00:00Z,449.563897,2022-09-02T20:00:00Z,453.253683,206.63,10.0981,-162.58,206.63,208.73,4.0,True,3944;4015
T,Short,1751,2022-08-15T20:00:00Z,14.584048,2022-09-02T20:00:00Z,14.103255,841.87,9.986,-519.15,1410.13,568.26,18.0,True,3742;4016
TMUS,Long,188,2022-08-12T20:00:00Z,136.726036,2022-09-02T20:00:00Z,136.461392,-49.75,10.2505,-476.21,428.23,904.44,21.0,False,3714;4017
WFC,Short,647,2022-08-31T20:00:00Z,40.020122,2022-09-02T20:00:00Z,40.038198,-11.7,10.183,-11.7,532.13,543.82,2.0,False,3982;4018
GS,Long,85,2022-08-31T20:00:00Z,301.078168,2022-09-02T20:00:00Z,303.920498,241.6,10.2345,-5.4,241.6,155.92,2.0,True,3987;4024
AXP,Short,175,2022-08-31T20:00:00Z,148.088967,2022-09-02T20:00:00Z,146.108862,346.52,10.0965,0.0,959.59,613.07,2.0,True,3986;4025
AMD,Long,314,2022-09-02T20:00:00Z,83.31,2022-09-06T20:00:00Z,80.41,-910.6,9.9827,-1441.26,0.0,1441.26,4.0,False,4022;4027
CCI,Long,186,2022-08-29T20:00:00Z,138.003699,2022-09-06T20:00:00Z,133.842864,-773.92,10.2002,-773.92,0.0,773.92,8.0,False,3945;4028
CVX,Long,195,2022-09-02T20:00:00Z,134.670801,2022-09-06T20:00:00Z,136.07504,273.83,10.4565,-179.23,273.83,179.23,4.0,True,4019;4029
VRTX,Long,89,2022-09-02T20:00:00Z,290.23,2022-09-06T20:00:00Z,281.7,-759.17,9.9719,-983.45,0.0,983.45,4.0,False,4026;4030
LIN,Long,95,2022-08-31T20:00:00Z,269.602663,2022-09-06T20:00:00Z,262.505521,-674.23,10.0709,-674.23,0.0,674.23,6.0,False,3984;4031
RTX,Short,319,2022-09-02T20:00:00Z,81.782995,2022-09-06T20:00:00Z,80.624777,369.47,10.2484,0.0,530.75,161.28,4.0,True,4023;4032
TGT,Long,184,2022-08-31T20:00:00Z,140.511202,2022-09-06T20:00:00Z,143.351925,522.69,10.3884,0.0,574.0,192.4,6.0,True,3988;4033
UPS,Long,157,2022-08-25T20:00:00Z,165.532522,2022-09-06T20:00:00Z,158.16699,-1156.39,10.2258,-1192.1,0.0,1192.1,12.0,False,3895;4034
SPY,Short,161,2022-08-26T20:00:00Z,396.62875,2022-09-06T20:00:00Z,371.731895,4008.39,11.8976,-1558.9,4369.19,858.62,11.0,True,3920;4042
AXP,Long,179,2022-09-02T20:00:00Z,146.108862,2022-09-07T20:00:00Z,141.272838,-865.65,5.1888,-865.65,0.0,865.65,5.0,False,4025;4043
COP,Long,281,2022-09-02T20:00:00Z,93.657459,2022-09-07T20:00:00Z,90.394312,-916.94,10.4186,-916.94,0.0,916.94,5.0,False,4021;4044
DIS,Long,234,2022-08-30T20:00:00Z,110.821074,2022-09-07T20:00:00Z,106.525909,-1005.07,10.2154,-1005.07,0.0,1005.07,8.0,False,3959;4045
HON,Short,147,2022-08-29T20:00:00Z,174.746977,2022-09-07T20:00:00Z,169.308869,799.4,10.2003,0.0,878.27,470.55,9.0,True,3935;4046
QCOM,Long,192,2022-08-22T20:00:00Z,132.060845,2022-09-07T20:00:00Z,116.50554,-2986.62,9.4558,-3127.01,165.78,3292.79,16.0,False,3837;4047
SCHW,Short,388,2022-09-06T20:00:00Z,67.142478,2022-09-07T20:00:00Z,66.112135,399.77,10.4352,-278.74,399.77,278.74,1.0,True,4038;4048
TJX,Long,429,2022-09-06T20:00:00Z,60.136577,2022-09-07T20:00:00Z,59.492899,-276.14,10.4551,-276.14,938.06,1214.19,1.0,False,4041;4049
GS,Short,85,2022-09-02T20:00:00Z,303.920498,2022-09-07T20:00:00Z,294.44909,805.07,10.3262,0.0,805.07,314.15,5.0,True,4024;4055
AVGO,Long,554,2022-09-07T20:00:00Z,47.030247,2022-09-08T20:00:00Z,47.001257,-16.06,10.5384,-16.06,467.31,483.37,1.0,False,4052;4058
CCI,Long,190,2022-09-07T20:00:00Z,136.083313,2022-09-08T20:00:00Z,138.219742,405.92,10.5786,0.0,632.45,226.53,1.0,True,4056;4059
DHR,Short,124,2022-09-01T20:00:00Z,207.817646,2022-09-08T20:00:00Z,212.145177,-536.61,10.7201,-1711.92,61.53,1773.45,7.0,False,4004;4060
GOOGL,Long,222,2022-08-22T20:00:00Z,114.074502,2022-09-08T20:00:00Z,107.021615,-1565.74,9.7912,-1836.23,327.66,2163.89,17.0,False,3832;4061
IBM,Short,231,2022-09-01T20:00:00Z,111.717482,2022-09-08T20:00:00Z,110.345969,316.82,10.352,0.0,397.03,350.91,7.0,True,4006;4062
LIN,Long,98,2022-09-07T20:00:00Z,263.406917,2022-09-08T20:00:00Z,265.484872,203.64,10.5956,0.0,585.81,382.17,1.0,True,4054;4063
NOW,Short,297,2022-09-06T20:00:00Z,86.022,2022-09-08T20:00:00Z,87.808,-530.44,10.4691,-1227.2,0.0,1227.2,2.0,False,4039;4064
UNP,Long,125,2022-09-02T20:00:00Z,208.163264,2022-09-08T20:00:00Z,207.816508,-43.34,10.3634,-43.34,253.22,296.57,6.0,False,4020;4065
UPS,Short,162,2022-09-07T20:00:00Z,157.671597,2022-09-08T20:00:00Z,158.532303,-139.43,10.3239,-256.51,0.0,256.51,1.0,False,4053;4066
VZ,Long,817,2022-09-06T20:00:00Z,31.65716,2022-09-08T20:00:00Z,31.374028,-231.32,10.3055,-231.32,0.0,231.32,2.0,False,4036;4067
ZTS,Long,173,2022-09-01T20:00:00Z,148.220507,2022-09-08T20:00:00Z,151.093771,497.07,10.4662,0.0,758.78,314.38,7.0,True,4008;4068
SPY,Short,71,2022-08-26T20:00:00Z,396.62875,2022-09-08T20:00:00Z,373.925617,1611.92,6.966,-687.47,1952.97,672.03,13.0,True,3920;4079
SPY,Short,21,2022-08-29T20:00:00Z,380.336581,2022-09-08T20:00:00Z,373.925617,134.63,30.3049,-545.47,235.5,198.77,10.0,True,3946;4079
ADBE,Long,67,2022-09-08T20:00:00Z,377.2,2022-09-09T20:00:00Z,390.51,891.77,10.4307,0.0,1177.86,286.09,1.0,True,4073;4080
BKNG,Short,352,2022-09-08T20:00:00Z,72.024418,2022-09-09T20:00:00Z,75.021366,-1054.93,10.6924,-1894.33,0.0,1894.33,1.0,False,4077;4081
CSCO,Long,640,2022-09-08T20:00:00Z,40.041199,2022-09-09T20:00:00Z,40.846317,515.28,10.436,0.0,578.25,62.98,1.0,True,4072;4082
DE,Short,71,2022-08-30T20:00:00Z,359.479889,2022-09-09T20:00:00Z,353.583979,418.61,5.0105,0.0,1223.52,804.91,10.0,True,3963;4083
DIS,Long,235,2022-09-08T20:00:00Z,107.621515,2022-09-09T20:00:00Z,109.822424,517.21,10.3671,0.0,952.4,435.19,1.0,True,4070;4084
EL,Short,111,2022-09-08T20:00:00Z,229.073755,2022-09-09T20:00:00Z,233.528408,-494.47,10.3836,-788.87,0.0,788.87,1.0,False,4076;4085
MRK,Long,334,2022-08-30T20:00:00Z,77.103241,2022-09-09T20:00:00Z,77.182547,26.49,10.2557,-618.06,26.49,618.06,10.0,True,3958;4086
NOC,Long,57,2022-09-06T20:00:00Z,446.520292,2022-09-09T20:00:00Z,458.385669,676.33,10.368,0.0,779.88,103.56,3.0,True,4040;4087
ABNB,Short,222,2022-09-08T20:00:00Z,114.32,2022-09-09T20:00:00Z,120.0,-1260.96,10.7475,-2033.52,0.0,2033.52,1.0,False,4078;4088
MO,Short,794,2022-09-09T20:00:00Z,32.5632,2022-09-13T20:00:00Z,32.42644,108.59,10.1215,0.0,1291.62,1183.03,4.0,True,4095;4106
TJX,Long,410,2022-09-09T20:00:00Z,62.711289,2022-09-13T20:00:00Z,61.849897,-353.17,15.1644,-648.13,283.31,931.44,4.0,False,4097;4124
SPY,Short,253,2022-08-29T20:00:00Z,380.336581,2022-09-13T20:00:00Z,379.778695,141.15,18.8082,-6571.63,2837.26,4928.12,15.0,True,3946;4127
AMAT,Short,284,2022-09-09T20:00:00Z,92.036476,2022-09-13T20:00:00Z,89.433678,739.19,10.2718,-324.26,1299.77,560.58,4.0,True,4096;4128
CRM,Long,164,2022-08-30T20:00:00Z,159.102696,2022-09-13T20:00:00Z,155.158001,-646.93,10.2276,-1676.87,561.64,1676.87,14.0,False,3960;4129
CVS,Long,300,2022-09-06T20:00:00Z,86.375694,2022-09-13T20:00:00Z,88.350392,592.41,10.3505,0.0,860.03,672.96,7.0,True,4037;4130
COP,Long,282,2022-09-08T20:00:00Z,91.692737,2022-09-13T20:00:00Z,96.44224,1339.36,10.6306,0.0,1698.29,496.24,5.0,True,4075;4131
DHR,Long,116,2022-09-09T20:00:00Z,221.138748,2022-09-13T20:00:00Z,220.869479,-31.24,10.213,-505.12,555.09,1060.21,4.0,False,4090;4132
FB,Long,155,2022-08-22T20:00:00Z,163.603065,2022-09-13T20:00:00Z,159.700443,-604.91,9.7086,-1848.5,611.05,2459.54,22.0,False,3833;4133
HD,Long,96,2022-09-08T20:00:00Z,266.821267,2022-09-13T20:00:00Z,263.224589,-345.28,10.0007,-1563.72,326.24,1889.96,5.0,False,4069;4134
LMT,Short,66,2022-08-25T20:00:00Z,387.593269,2022-09-13T20:00:00Z,375.418735,803.52,10.0349,0.0,1285.63,482.11,19.0,True,3898;4135
PGR,Short,219,2022-09-09T20:00:00Z,116.721225,2022-09-13T20:00:00Z,116.411378,67.86,10.194,-203.57,273.42,205.57,4.0,True,4098;4136
PYPL,Short,271,2022-09-09T20:00:00Z,95.13902,2022-09-13T20:00:00Z,93.190747,527.98,10.2509,-388.62,527.98,388.62,4.0,True,4094;4137
TMUS,Long,187,2022-09-09T20:00:00Z,139.098373,2022-09-13T20:00:00Z,134.684502,-825.39,10.0193,-1666.69,0.0,1666.69,4.0,False,4091;4138
UPS,Short,162,2022-09-09T20:00:00Z,160.424232,2022-09-13T20:00:00Z,159.019495,227.57,10.2971,-342.01,639.29,411.73,4.0,True,4092;4139
SPY,Short,46,2022-08-29T20:00:00Z,380.336581,2022-09-13T20:00:00Z,379.778695,25.66,3.4197,-1194.84,515.87,896.02,15.0,True,3946;4146
ABT,Long,273,2022-09-06T20:00:00Z,94.481456,2022-09-14T20:00:00Z,97.587822,848.04,10.493,0.0,1711.17,885.78,8.0,True,4035;4147
ADBE,Long,65,2022-09-13T20:00:00Z,382.55,2022-09-14T20:00:00Z,369.57,-843.7,9.6188,-843.7,0.0,843.7,1.0,False,4113;4148
ADP,Short,113,2022-08-09T20:00:00Z,224.510983,2022-09-14T20:00:00Z,213.932395,1195.38,9.8993,-1244.31,1351.08,1244.31,36.0,True,3621;4149
CB,Short,139,2022-09-13T20:00:00Z,183.277739,2022-09-14T20:00:00Z,182.496472,108.6,10.1128,0.0,189.72,81.12,1.0,True,4120;4150
CCI,Short,185,2022-09-09T20:00:00Z,139.395978,2022-09-14T20:00:00Z,134.176916,965.53,10.1403,-387.84,965.53,387.84,5.0,True,4099;4151
CVX,Long,186,2022-09-13T20:00:00Z,137.385663,2022-09-14T20:00:00Z,136.968647,-77.57,10.2161,-77.57,291.26,368.83,1.0,False,4110;4152
INTC,Long,861,2022-09-13T20:00:00Z,29.284948,2022-09-14T20:00:00Z,28.152749,-974.82,9.5795,-1310.69,0.0,1310.69,1.0,False,4142;4153
JNJ,Long,166,2022-08-05T20:00:00Z,151.883847,2022-09-14T20:00:00Z,145.085073,-1128.6,9.9166,-1307.89,0.0,1307.89,40.0,False,3588;4154
MDLZ,Short,466,2022-09-13T20:00:00Z,54.672255,2022-09-14T20:00:00Z,53.964552,329.79,10.0289,0.0,329.79,0.0,1.0,True,4143;4155
ORCL,Short,366,2022-09-08T20:00:00Z,69.899237,2022-09-14T20:00:00Z,71.561032,-608.22,10.1455,-1078.2,656.6,1264.81,6.0,False,4071;4156
QCOM,Long,219,2022-09-08T20:00:00Z,116.50554,2022-09-14T20:00:00Z,115.40876,-240.19,10.2635,-508.41,1106.9,1615.31,6.0,False,4074;4157
NOC,Short,57,2022-09-13T20:00:00Z,449.11438,2022-09-14T20:00:00Z,442.783681,360.85,10.1829,-283.45,360.85,283.45,1.0,True,4126;4158
UNP,Long,121,2022-09-13T20:00:00Z,210.015672,2022-09-14T20:00:00Z,203.837936,-747.51,9.8101,-1347.06,0.0,1347.06,1.0,False,4116;4159
ABNB,Long,207,2022-09-13T20:00:00Z,119.7,2022-09-14T20:00:00Z,121.47,366.39,10.2813,0.0,1469.7,1103.31,1.0,True,4121;4160
WFC,Short,628,2022-09-13T20:00:00Z,40.083388,2022-09-14T20:00:00Z,39.089212,624.34,9.8215,0.0,624.34,0.0,1.0,True,4115;4161
XOM,Long,310,2022-09-09T20:00:00Z,84.718411,2022-09-14T20:00:00Z,84.428941,-89.74,10.56,-337.19,293.68,628.15,5.0,False,4089;4162
AVGO,Long,522,2022-09-13T20:00:00Z,48.05238,2022-09-14T20:00:00Z,47.474449,-301.68,15.129,-301.68,0.0,301.68,1.0,False,4111;4166
BKNG,Short,328,2022-09-13T20:00:00Z,75.841912,2022-09-14T20:00:00Z,74.895549,310.41,15.2398,-338.09,310.41,338.09,1.0,True,4123;4175
AMAT,Short,295,2022-09-14T20:00:00Z,88.57253,2022-09-15T20:00:00Z,87.053425,448.14,10.2506,0.0,747.84,299.71,1.0,True,4174;4179
AVGO,Short,547,2022-09-14T20:00:00Z,47.474449,2022-09-15T20:00:00Z,47.593215,-64.96,5.1168,-64.96,384.67,449.64,1.0,False,4166;4180
BKNG,Long,343,2022-09-14T20:00:00Z,74.895549,2022-09-15T20:00:00Z,76.413168,520.54,5.245,0.0,535.96,15.41,1.0,True,4175;4181
DE,Short,72,2022-09-13T20:00:00Z,346.5032,2022-09-15T20:00:00Z,342.095486,317.36,9.856,0.0,462.72,145.37,2.0,True,4118;4182
DIS,Short,229,2022-09-13T20:00:00Z,109.657598,2022-09-15T20:00:00Z,108.784991,199.83,9.8812,0.0,517.33,317.5,2.0,True,4112;4183
BDX,Short,134,2022-09-13T20:00:00Z,190.603048,2022-09-15T20:00:00Z,188.6434,262.59,10.025,0.0,482.23,219.64,2.0,True,4145;4184
GILD,Short,438,2022-09-13T20:00:00Z,58.278218,2022-09-15T20:00:00Z,57.422481,374.81,9.9352,0.0,808.72,433.9,2.0,True,4119;4185
GS,Long,87,2022-09-07T20:00:00Z,294.44909,2022-09-15T20:00:00Z,298.517346,353.94,5.2399,0.0,1448.14,1210.34,8.0,True,4055;4186
HON,Long,153,2022-09-14T20:00:00Z,168.34947,2022-09-15T20:00:00Z,163.297849,-772.9,9.9284,-1154.13,0.0,1154.13,1.0,False,4170;4187
IBM,Short,233,2022-09-14T20:00:00Z,110.675827,2022-09-15T20:00:00Z,110.580342,22.25,10.2414,0.0,406.53,384.28,1.0,True,4173;4188
LIN,Long,95,2022-09-09T20:00:00Z,271.794645,2022-09-15T20:00:00Z,270.371388,-135.21,10.2747,-320.0,726.53,1046.52,6.0,False,4093;4189
MA,Long,80,2022-08-31T20:00:00Z,320.477617,2022-09-15T20:00:00Z,315.889464,-367.05,10.0171,-884.83,791.11,1675.94,15.0,False,3980;4190
MS,Long,333,2022-08-24T20:00:00Z,77.464601,2022-09-15T20:00:00Z,77.015607,-149.51,10.3699,-1043.67,644.97,1624.14,22.0,False,3857;4191
NFLX,Short,1128,2022-08-25T20:00:00Z,23.009,2022-09-15T20:00:00Z,23.044,-39.48,10.5888,-726.43,1349.09,2046.19,21.0,False,3899;4192
ADI,Short,185,2022-09-14T20:00:00Z,140.055937,2022-09-15T20:00:00Z,140.224544,-31.19,10.3323,-31.19,285.93,317.12,1.0,False,4176;4193
SCHW,Long,374,2022-09-14T20:00:00Z,69.136997,2022-09-15T20:00:00Z,67.662376,-551.51,10.2757,-551.51,0.0,551.51,1.0,False,4169;4194
TJX,Short,407,2022-09-13T20:00:00Z,61.849897,2022-09-15T20:00:00Z,61.215684,258.12,4.9991,0.0,373.7,196.48,2.0,True,4124;4195
TMO,Long,47,2022-09-01T20:00:00Z,535.574608,2022-09-15T20:00:00Z,553.208824,828.81,10.2372,0.0,1705.39,1248.95,14.0,True,4003;4196
VZ,Long,790,2022-09-13T20:00:00Z,32.445336,2022-09-15T20:00:00Z,31.396985,-828.2,10.0085,-828.2,0.0,828.2,2.0,False,4114;4197
DHR,Long,119,2022-09-14T20:00:00Z,217.176653,2022-09-15T20:00:00Z,221.954247,568.53,15.4327,-50.35,568.53,50.35,1.0,True,4165;4200
ANTM,Long,58,2022-09-15T20:00:00Z,449.299284,2022-09-16T20:00:00Z,455.630105,367.19,10.5833,0.0,367.19,0.0,1.0,True,4206;4215
CAT,Short,140,2022-08-24T20:00:00Z,185.325978,2022-09-16T20:00:00Z,168.853392,2306.16,9.8138,-173.36,2375.77,1541.82,23.0,True,3875;4216
CVS,Long,294,2022-09-15T20:00:00Z,88.445662,2022-09-16T20:00:00Z,88.462984,5.09,10.4078,-15.28,5.09,15.28,1.0,True,4204;4217
DHR,Short,118,2022-09-15T20:00:00Z,221.954247,2022-09-16T20:00:00Z,216.768903,611.87,5.0306,0.0,1037.64,425.77,1.0,True,4200;4218
EOG,Short,237,2022-09-15T20:00:00Z,106.716624,2022-09-16T20:00:00Z,105.446698,300.97,9.9244,0.0,593.81,292.84,1.0,True,4212;4219
INTU,Long,60,2022-09-15T20:00:00Z,417.669307,2022-09-16T20:00:00Z,405.900425,-706.13,9.8314,-706.13,0.0,706.13,1.0,False,4205;4220
MO,Short,839,2022-09-15T20:00:00Z,30.649644,2022-09-16T20:00:00Z,30.980792,-277.83,10.4046,-376.62,0.0,376.62,1.0,False,4210;4221
NEE,Long,325,2022-09-15T20:00:00Z,76.334006,2022-09-16T20:00:00Z,76.610643,89.91,9.9072,-217.52,89.91,217.52,1.0,True,4202;4222
PM,Long,321,2022-08-29T20:00:00Z,80.195639,2022-09-16T20:00:00Z,79.520395,-216.75,10.265,-668.99,390.69,1059.68,18.0,False,3934;4223
SBUX,Short,338,2022-09-01T20:00:00Z,76.004505,2022-09-16T20:00:00Z,83.078281,-2390.94,10.8473,-2762.31,233.26,2995.58,15.0,False,4007;4224
REGN,Short,36,2022-09-13T20:00:00Z,693.45598,2022-09-16T20:00:00Z,703.590344,-364.84,10.0691,-367.33,84.88,452.21,3.0,False,4122;4225
UNH,Long,54,2022-09-15T20:00:00Z,476.936584,2022-09-16T20:00:00Z,479.870297,158.42,10.4341,0.0,283.36,124.94,1.0,True,4198;4226
TGT,Long,178,2022-09-15T20:00:00Z,144.171029,2022-09-16T20:00:00Z,142.131983,-362.95,15.328,-362.95,0.0,362.95,1.0,False,4211;4240
ADP,Short,121,2022-09-15T20:00:00Z,211.711487,2022-09-20T20:00:00Z,212.545461,-100.91,10.1843,-238.02,1.1,238.02,5.0,False,4208;4243
AMAT,Short,299,2022-09-16T20:00:00Z,84.963446,2022-09-20T20:00:00Z,85.166638,-60.75,10.2409,-552.58,0.0,552.58,4.0,False,4238;4244
COST,Long,53,2022-09-14T20:00:00Z,489.393457,2022-09-20T20:00:00Z,479.778804,-509.58,10.1867,-685.5,0.0,685.5,6.0,False,4164;4245
CVX,Long,185,2022-09-15T20:00:00Z,136.86652,2022-09-20T20:00:00Z,133.036777,-708.5,9.9811,-708.5,0.0,708.5,5.0,False,4199;4246
COP,Long,268,2022-09-14T20:00:00Z,97.117079,2022-09-20T20:00:00Z,96.14326,-260.98,10.5208,-370.87,428.1,798.98,6.0,False,4168;4247
LMT,Short,68,2022-09-15T20:00:00Z,373.178745,2022-09-20T20:00:00Z,374.23127,-71.57,10.2056,-351.74,47.1,398.84,5.0,False,4207;4248
PGR,Short,223,2022-09-14T20:00:00Z,116.101531,2022-09-20T20:00:00Z,114.834803,282.48,10.2888,0.0,510.09,487.74,6.0,True,4177;4249
MCD,Long,109,2022-09-13T20:00:00Z,234.518348,2022-09-20T20:00:00Z,233.026107,-162.65,10.1109,-423.5,0.0,423.5,7.0,False,4140;4250
ADI,Long,186,2022-09-16T20:00:00Z,137.358231,2022-09-20T20:00:00Z,139.28784,358.91,10.4219,0.0,547.07,188.17,4.0,True,4239;4251
NVDA,Long,1972,2022-09-14T20:00:00Z,13.202006,2022-09-20T20:00:00Z,13.151191,-100.21,10.3367,-630.72,259.36,630.72,6.0,False,4163;4252
T,Long,1920,2022-09-16T20:00:00Z,13.382066,2022-09-20T20:00:00Z,13.31796,-123.08,10.2374,-230.78,107.7,338.48,4.0,False,4235;4253
TXN,Long,163,2022-08-18T20:00:00Z,157.513575,2022-09-20T20:00:00Z,147.357732,-1655.4,10.0056,-2056.18,72.61,2128.79,33.0,False,3793;4254
UNP,Long,129,2022-09-15T20:00:00Z,202.606038,2022-09-20T20:00:00Z,195.159904,-960.55,10.1618,-1180.68,0.0,1180.68,5.0,False,4203;4255
TGT,Short,179,2022-09-16T20:00:00Z,142.131983,2022-09-20T20:00:00Z,142.297546,-29.64,9.9864,-254.24,475.73,505.37,4.0,False,4240;4272
AMT,Short,119,2022-09-20T20:00:00Z,214.281575,2022-09-21T20:00:00Z,209.582839,559.15,9.8121,0.0,1164.03,604.88,1.0,True,4265;4275
WFC,Long,646,2022-09-16T20:00:00Z,39.297085,2022-09-21T20:00:00Z,39.45073,99.25,10.0645,-718.14,484.6,1202.74,5.0,True,4230;4284
MDT,Long,327,2022-09-16T20:00:00Z,78.337481,2022-09-21T20:00:00Z,77.189807,-375.29,14.9857,-1242.44,0.0,1242.44,5.0,False,4234;4293
ABNB,Short,216,2022-09-20T20:00:00Z,117.93,2022-09-21T20:00:00Z,116.37,336.96,14.9835,0.0,846.72,509.76,1.0,True,4271;4296
TGT,Long,179,2022-09-20T20:00:00Z,142.297546,2022-09-21T20:00:00Z,140.293355,-358.75,10.0632,-659.79,0.0,659.79,1.0,False,4272;4297
CVS,Long,291,2022-09-20T20:00:00Z,87.8827,2022-09-21T20:00:00Z,88.289765,118.46,10.1373,-428.46,118.46,428.46,1.0,True,4262;4299
GS,Long,85,2022-09-16T20:00:00Z,296.383328,2022-09-21T20:00:00Z,294.222067,-183.71,9.9869,-437.66,175.99,613.64,5.0,False,4236;4300
HD,Long,105,2022-09-16T20:00:00Z,242.978624,2022-09-21T20:00:00Z,248.792803,610.49,10.3649,0.0,1028.84,837.65,5.0,True,4227;4301
ISRG,Short,116,2022-09-13T20:00:00Z,214.62,2022-09-21T20:00:00Z,200.39,1650.68,9.4294,0.0,2271.28,620.6,8.0,True,4144;4302
LOW,Short,142,2022-09-20T20:00:00Z,177.769634,2022-09-21T20:00:00Z,177.114372,93.05,9.9264,0.0,562.21,469.17,1.0,True,4264;4303
MA,Long,84,2022-09-20T20:00:00Z,303.755263,2022-09-21T20:00:00Z,306.996257,272.24,10.1316,-546.13,272.24,546.13,1.0,True,4256;4304
MDLZ,Short,477,2022-09-15T20:00:00Z,53.830178,2022-09-21T20:00:00Z,53.695804,64.1,10.1973,-123.92,145.29,123.92,6.0,True,4209;4305
MRK,Long,334,2022-09-20T20:00:00Z,76.436812,2022-09-21T20:00:00Z,76.641118,68.24,10.1194,-453.93,68.24,453.93,1.0,True,4257;4306
MS,Long,331,2022-09-16T20:00:00Z,76.945177,2022-09-21T20:00:00Z,77.112449,55.37,10.1298,-300.15,386.11,686.26,5.0,True,4233;4307
NEE,Long,332,2022-09-20T20:00:00Z,76.95867,2022-09-21T20:00:00Z,76.744499,-71.1,10.053,-672.53,0.0,672.53,1.0,False,4260;4308
NOW,Long,302,2022-09-20T20:00:00Z,84.3,2022-09-21T20:00:00Z,83.038,-381.12,9.8166,-1212.23,0.0,1212.23,1.0,False,4269;4309
PG,Long,211,2022-09-07T20:00:00Z,122.496226,2022-09-21T20:00:00Z,124.288238,378.11,10.3892,-60.8,984.24,1045.04,14.0,True,4051;4310
PM,Long,322,2022-09-20T20:00:00Z,79.628767,2022-09-21T20:00:00Z,80.187303,179.85,10.3308,0.0,241.59,61.74,1.0,True,4261;4311
PYPL,Short,273,2022-09-20T20:00:00Z,90.955672,2022-09-21T20:00:00Z,92.04354,-296.99,9.8713,-296.99,213.29,510.28,1.0,False,4266;4312
BKNG,Short,346,2022-09-20T20:00:00Z,73.76046,2022-09-21T20:00:00Z,73.779215,-6.49,14.9127,-6.49,1095.48,1101.97,1.0,False,4273;4323
AMT,Long,123,2022-09-21T20:00:00Z,209.582839,2022-09-22T20:00:00Z,203.242165,-779.9,10.032,-779.9,0.0,779.9,1.0,False,4318;4325
BMY,Long,457,2022-08-31T20:00:00Z,56.595491,2022-09-22T20:00:00Z,58.167354,718.34,10.656,0.0,1932.22,1213.88,22.0,True,3983;4326
CRM,Long,169,2022-09-16T20:00:00Z,149.074143,2022-09-22T20:00:00Z,146.709289,-399.66,10.0051,-711.43,150.91,862.34,6.0,False,4232;4327
DIS,Short,240,2022-09-16T20:00:00Z,105.953866,2022-09-22T20:00:00Z,100.936377,1204.2,9.7927,0.0,1656.79,452.59,6.0,True,4228;4328
EL,Long,115,2022-09-21T20:00:00Z,229.325906,2022-09-22T20:00:00Z,221.014289,-955.84,10.1548,-1143.78,0.0,1143.78,1.0,False,4295;4329
GILD,Short,454,2022-09-21T20:00:00Z,56.721138,2022-09-22T20:00:00Z,55.537621,537.32,10.131,0.0,537.32,0.0,1.0,True,4321;4330
INTC,Long,919,2022-09-20T20:00:00Z,27.610435,2022-09-22T20:00:00Z,27.02055,-542.1,9.973,-830.64,0.0,830.64,2.0,False,4263;4331
NFLX,Short,1060,2022-09-21T20:00:00Z,24.264,2022-09-22T20:00:00Z,23.535,772.74,10.0471,0.0,772.74,0.0,1.0,True,4319;4332
NVDA,Long,1961,2022-09-21T20:00:00Z,13.163147,2022-09-22T20:00:00Z,13.031625,-257.91,10.0907,-1270.03,0.0,1270.03,1.0,False,4285;4333
RTX,Long,335,2022-09-14T20:00:00Z,77.490238,2022-09-22T20:00:00Z,77.398316,-30.79,10.4607,-261.75,403.4,665.15,8.0,False,4171;4334
SPGI,Short,83,2022-09-21T20:00:00Z,312.462488,2022-09-22T20:00:00Z,304.975017,621.46,9.9745,0.0,1472.84,851.38,1.0,True,4294;4335
TJX,Short,419,2022-09-16T20:00:00Z,60.846516,2022-09-22T20:00:00Z,59.644352,503.71,10.0472,-503.71,904.29,503.71,6.0,True,4241;4336
UNP,Long,132,2022-09-21T20:00:00Z,196.090671,2022-09-22T20:00:00Z,192.869487,-425.2,10.1435,-688.99,0.0,688.99,1.0,False,4291;4337
TGT,Short,184,2022-09-21T20:00:00Z,140.293355,2022-09-22T20:00:00Z,137.888326,442.53,9.8366,0.0,1289.1,846.57,1.0,True,4297;4348
ABNB,Long,220,2022-09-21T20:00:00Z,116.37,2022-09-22T20:00:00Z,112.69,-809.6,9.2311,-2783.0,0.0,2783.0,1.0,False,4296;4349
BKNG,Long,347,2022-09-21T20:00:00Z,73.779215,2022-09-22T20:00:00Z,70.036352,-1298.77,9.56,-2272.82,0.0,2272.82,1.0,False,4323;4350
SPY,Short,78,2022-08-29T20:00:00Z,380.336581,2022-09-22T20:00:00Z,357.469845,1783.61,23.1659,-2026.03,1952.46,1519.34,24.0,True,3946;4351
SPY,Short,68,2022-08-30T20:00:00Z,381.868404,2022-09-22T20:00:00Z,357.469845,1659.1,5.1209,-1662.12,1806.31,1324.55,23.0,True,3969;4351
SPY,Short,126,2022-09-07T20:00:00Z,369.122122,2022-09-22T20:00:00Z,357.469845,1468.19,9.4784,-4685.85,1740.95,2454.32,15.0,True,4057;4351
SPY,Short,54,2022-09-14T20:00:00Z,373.046237,2022-09-22T20:00:00Z,357.469845,841.13,12.8354,-1796.32,958.02,444.52,8.0,True,4178;4351
BKNG,Short,364,2022-09-22T20:00:00Z,70.036352,2022-09-26T20:00:00Z,65.553044,1631.92,4.7483,0.0,1751.82,119.9,4.0,True,4350;4352
BLK,Short,38,2022-08-19T20:00:00Z,664.056171,2022-09-26T20:00:00Z,536.275544,4855.66,8.9334,0.0,5040.45,1506.97,38.0,True,3818;4353
COST,Long,54,2022-09-21T20:00:00Z,479.301887,2022-09-26T20:00:00Z,444.382002,-1885.67,10.0271,-1885.67,0.0,1885.67,5.0,False,4287;4354
DE,Short,77,2022-09-22T20:00:00Z,334.009937,2022-09-26T20:00:00Z,313.800805,1556.1,9.9026,0.0,1556.1,0.0,4.0,True,4344;4355
DUK,Short,282,2022-09-20T20:00:00Z,90.55693,2022-09-26T20:00:00Z,88.404473,606.99,9.947,0.0,1247.71,640.71,6.0,True,4270;4356
GS,Long,88,2022-09-22T20:00:00Z,292.932575,2022-09-26T20:00:00Z,271.519747,-1884.33,9.71,-2234.34,0.0,2234.34,4.0,False,4343;4357
LMT,Short,68,2022-09-21T20:00:00Z,385.925998,2022-09-26T20:00:00Z,370.354019,1058.89,10.1283,0.0,1306.03,247.14,5.0,True,4317;4358
PGR,Short,225,2022-09-21T20:00:00Z,114.65254,2022-09-26T20:00:00Z,109.986607,1049.83,9.852,0.0,1420.97,371.13,5.0,True,4298;4359
MA,Long,86,2022-09-22T20:00:00Z,295.740638,2022-09-26T20:00:00Z,283.147622,-1083.0,9.8808,-1083.0,0.0,1083.0,4.0,False,4339;4360
SO,Long,390,2022-09-21T20:00:00Z,66.3158,2022-09-26T20:00:00Z,64.017855,-896.2,9.9488,-1482.56,0.0,1482.56,5.0,False,4320;4361
PM,Long,320,2022-09-22T20:00:00Z,80.345693,2022-09-26T20:00:00Z,76.20253,-1325.81,9.9215,-1656.6,0.0,1656.6,4.0,False,4341;4362
SCHW,Long,371,2022-09-21T20:00:00Z,70.290225,2022-09-26T20:00:00Z,66.603675,-1367.71,10.086,-1367.71,0.0,1367.71,5.0,False,4315;4363
NOC,Short,56,2022-09-15T20:00:00Z,452.0737,2022-09-26T20:00:00Z,447.063458,280.57,10.0634,-720.05,438.43,720.05,11.0,True,4213;4364
SYK,Short,126,2022-09-22T20:00:00Z,203.544759,2022-09-26T20:00:00Z,197.900604,711.16,9.9718,0.0,1043.77,332.6,4.0,True,4346;4365
TGT,Long,185,2022-09-22T20:00:00Z,137.888326,2022-09-26T20:00:00Z,132.067459,-1076.86,4.793,-1544.36,0.0,1544.36,4.0,False,4348;4366
UPS,Long,171,2022-09-16T20:00:00Z,144.281934,2022-09-26T20:00:00Z,132.629924,-1992.49,9.391,-2213.26,324.91,2538.17,10.0,False,4231;4367
V,Long,132,2022-08-31T20:00:00Z,194.899389,2022-09-26T20:00:00Z,177.484498,-2298.77,9.7096,-2612.35,720.6,3332.95,26.0,False,3979;4368
ABNB,Short,225,2022-09-22T20:00:00Z,112.69,2022-09-26T20:00:00Z,101.81,2448.0,4.6454,0.0,2461.5,333.0,4.0,True,4349;4369
AMAT,Short,302,2022-09-21T20:00:00Z,85.505292,2022-09-26T20:00:00Z,81.557554,1192.22,14.9606,0.0,1586.7,394.48,5.0,True,4322;4385
MDT,Short,334,2022-09-21T20:00:00Z,77.189807,2022-09-26T20:00:00Z,72.057764,1714.1,4.7614,0.0,1974.62,260.52,5.0,True,4293;4387
BA,Long,172,2022-09-16T20:00:00Z,145.42,2022-09-27T20:00:00Z,129.48,-2741.68,9.3499,-3109.76,89.44,3199.2,11.0,False,4237;4391
CVX,Long,193,2022-09-21T20:00:00Z,134.730375,2022-09-27T20:00:00Z,121.096488,-2631.34,9.7268,-2830.09,0.0,2830.09,6.0,False,4286;4394
REGN,Short,37,2022-09-22T20:00:00Z,674.990238,2022-09-27T20:00:00Z,679.943495,-183.27,10.1405,-585.37,0.0,585.37,5.0,False,4347;4401
TMUS,Long,198,2022-09-14T20:00:00Z,131.9152,2022-09-27T20:00:00Z,125.06283,-1356.77,10.2781,-1356.77,271.35,1628.12,13.0,False,4167;4402
AMD,Long,305,2022-09-13T20:00:00Z,80.92,2022-09-27T20:00:00Z,67.9,-3971.1,13.9683,-4459.1,0.0,4459.1,14.0,False,4117;4412
AMAT,Long,313,2022-09-26T20:00:00Z,81.557554,2022-09-27T20:00:00Z,81.693016,42.4,10.2755,-42.4,42.4,42.4,1.0,True,4385;4417
SPY,Short,118,2022-09-14T20:00:00Z,373.046237,2022-09-27T20:00:00Z,349.408971,2789.2,26.359,-3925.29,3307.92,971.35,13.0,True,4178;4420
SPY,Short,68,2022-09-15T20:00:00Z,371.504958,2022-09-27T20:00:00Z,349.408971,1502.53,5.0168,-2366.84,1801.45,559.76,12.0,True,4214;4420
SPY,Short,196,2022-09-16T20:00:00Z,364.76166,2022-09-27T20:00:00Z,349.408971,3009.13,33.7518,-8143.75,3870.74,1613.43,11.0,True,4242;4420
ACN,Long,95,2022-09-13T20:00:00Z,264.042786,2022-09-27T20:00:00Z,237.803477,-2492.73,9.366,-2765.25,0.0,2765.25,14.0,False,4141;4421
ADP,Short,123,2022-09-22T20:00:00Z,208.303072,2022-09-27T20:00:00Z,208.865098,-69.13,10.2153,-69.13,241.95,311.08,5.0,False,4345;4422
AMGN,Long,128,2022-09-14T20:00:00Z,201.19809,2022-09-27T20:00:00Z,200.702898,-63.38,10.2798,-347.48,408.6,756.09,13.0,False,4172;4423
AXP,Long,191,2022-09-26T20:00:00Z,133.390499,2022-09-27T20:00:00Z,132.743157,-123.64,9.9983,-478.2,0.0,478.2,1.0,False,4380;4424
CAT,Short,150,2022-09-20T20:00:00Z,169.406856,2022-09-27T20:00:00Z,154.275716,2269.67,9.5805,0.0,2553.91,284.24,7.0,True,4267;4425
CI,Long,95,2022-09-20T20:00:00Z,268.638653,2022-09-27T20:00:00Z,258.906579,-924.55,9.9717,-1124.62,0.0,1124.62,7.0,False,4268;4426
CRM,Long,177,2022-09-26T20:00:00Z,144.678065,2022-09-27T20:00:00Z,145.590644,161.53,10.2547,0.0,251.84,90.32,1.0,True,4375;4427
COP,Long,269,2022-09-21T20:00:00Z,97.527108,2022-09-27T20:00:00Z,86.593001,-2941.27,9.6442,-3541.02,0.0,3541.02,6.0,False,4289;4428
EL,Long,119,2022-09-26T20:00:00Z,212.8054,2022-09-27T20:00:00Z,219.958994,851.28,10.1918,-198.93,851.28,198.93,1.0,True,4382;4429
FB,Long,183,2022-09-26T20:00:00Z,138.671848,2022-09-27T20:00:00Z,136.611581,-377.03,9.8162,-1015.08,0.0,1015.08,1.0,False,4371;4430
LLY,Long,84,2022-09-26T20:00:00Z,299.26722,2022-09-27T20:00:00Z,298.782656,-40.7,10.0759,-40.7,188.05,228.75,1.0,False,4372;4431
MSFT,Long,105,2022-09-07T20:00:00Z,246.402647,2022-09-27T20:00:00Z,232.157146,-1495.78,10.0498,-1849.4,1223.45,3072.85,20.0,False,4050;4432
ADI,Short,192,2022-09-26T20:00:00Z,133.433442,2022-09-27T20:00:00Z,133.658251,-43.16,10.166,-43.16,115.1,158.27,1.0,False,4384;4433
ORCL,Long,394,2022-09-20T20:00:00Z,64.460636,2022-09-27T20:00:00Z,60.579968,-1528.98,9.7126,-2172.57,0.0,2172.57,7.0,False,4259;4434
VZ,Long,820,2022-09-16T20:00:00Z,31.358724,2022-09-27T20:00:00Z,29.996632,-1116.92,10.0573,-1311.43,163.14,1474.58,11.0,False,4229;4435
ZTS,Short,163,2022-09-13T20:00:00Z,154.452257,2022-09-27T20:00:00Z,142.797457,1899.73,9.6255,0.0,2130.8,231.07,14.0,True,4125;4436
MO,Short,833,2022-09-26T20:00:00Z,30.60549,2022-09-27T20:00:00Z,30.796821,-159.38,15.1013,-159.38,496.52,655.9,1.0,False,4383;4445
AMT,Long,132,2022-09-27T20:00:00Z,195.530299,2022-09-28T20:00:00Z,195.277022,-33.43,10.1834,-325.1,0.0,325.1,1.0,False,4442;4449
AVGO,Short,585,2022-09-27T20:00:00Z,44.278743,2022-09-28T20:00:00Z,43.504537,452.91,10.2687,0.0,452.91,0.0,1.0,True,4407;4450
BLK,Short,48,2022-09-27T20:00:00Z,539.29323,2022-09-28T20:00:00Z,529.158531,486.47,10.1571,0.0,486.47,0.0,1.0,True,4413;4451
C,Long,679,2022-09-27T20:00:00Z,37.67943,2022-09-28T20:00:00Z,37.172963,-343.89,10.1952,-343.89,124.51,468.4,1.0,False,4443;4452
GILD,Long,467,2022-09-27T20:00:00Z,54.731076,2022-09-28T20:00:00Z,55.230783,233.36,10.363,0.0,614.11,380.75,1.0,True,4444;4453
ISRG,Short,135,2022-09-27T20:00:00Z,190.56,2022-09-28T20:00:00Z,188.35,298.35,10.2271,-248.4,298.35,248.4,1.0,True,4419;4454
LMT,Short,69,2022-09-27T20:00:00Z,368.114028,2022-09-28T20:00:00Z,357.318896,744.86,9.9259,0.0,744.86,0.0,1.0,True,4440;4455
SO,Long,408,2022-09-27T20:00:00Z,62.873153,2022-09-28T20:00:00Z,62.104324,-313.68,10.0546,-383.39,0.0,383.39,1.0,False,4414;4456
MO,Long,836,2022-09-27T20:00:00Z,30.796821,2022-09-28T20:00:00Z,30.208112,-492.16,5.0926,-492.16,0.0,492.16,1.0,False,4445;4457
PEP,Short,173,2022-09-26T20:00:00Z,146.999681,2022-09-28T20:00:00Z,145.802929,207.04,10.1893,-58.94,343.05,401.99,2.0,True,4373;4458
T,Long,1996,2022-09-26T20:00:00Z,12.749022,2022-09-28T20:00:00Z,12.64485,-207.93,10.0797,-271.9,0.0,271.9,2.0,False,4378;4459
TJX,Long,447,2022-09-27T20:00:00Z,57.68492,2022-09-28T20:00:00Z,57.798511,50.77,10.4,0.0,577.56,526.79,1.0,True,4418;4460
TXN,Long,174,2022-09-21T20:00:00Z,148.587123,2022-09-28T20:00:00Z,142.716333,-1021.52,10.1098,-1021.52,0.0,1021.52,7.0,False,4314;4461
UNP,Short,137,2022-09-26T20:00:00Z,184.948844,2022-09-28T20:00:00Z,180.924646,551.32,10.0684,0.0,678.83,572.57,2.0,True,4377;4462
WMT,Long,611,2022-09-27T20:00:00Z,42.067789,2022-09-28T20:00:00Z,41.806913,-159.4,10.2658,-159.4,171.06,330.45,1.0,False,4437;4463
REGN,Long,37,2022-09-27T20:00:00Z,679.943495,2022-09-28T20:00:00Z,694.33766,532.58,15.4376,0.0,698.63,166.04,1.0,True,4447;4481
BA,Short,200,2022-09-27T20:00:00Z,129.48,2022-09-28T20:00:00Z,128.04,288.0,15.7756,-792.0,288.0,792.0,1.0,True,4446;4482
AMAT,Short,318,2022-09-27T20:00:00Z,81.693016,2022-09-28T20:00:00Z,80.309372,440.0,10.518,-483.08,440.0,483.08,1.0,True,4417;4485
ADP,Short,123,2022-09-28T20:00:00Z,207.795436,2022-09-29T20:00:00Z,209.227695,-176.17,10.2512,-176.17,165.02,341.19,1.0,False,4476;4490
BMY,Long,430,2022-09-26T20:00:00Z,58.957489,2022-09-29T20:00:00Z,60.680654,740.96,10.2549,0.0,740.96,126.51,3.0,True,4374;4491
DHR,Short,127,2022-09-28T20:00:00Z,203.467035,2022-09-29T20:00:00Z,203.789171,-40.91,10.3302,-172.94,202.61,243.52,1.0,False,4467;4492
PGR,Short,235,2022-09-28T20:00:00Z,108.993274,2022-09-29T20:00:00Z,108.309788,160.62,10.17,0.0,259.13,98.51,1.0,True,4486;4493
MA,Long,90,2022-09-27T20:00:00Z,288.956029,2022-09-29T20:00:00Z,281.488077,-672.12,10.0729,-810.93,0.0,810.93,2.0,False,4406;4494
MS,Long,365,2022-09-28T20:00:00Z,70.219077,2022-09-29T20:00:00Z,71.029026,295.63,10.3619,0.0,295.63,0.0,1.0,True,4473;4495
ORCL,Long,433,2022-09-28T20:00:00Z,59.125898,2022-09-29T20:00:00Z,58.814311,-134.92,10.1776,-486.52,0.0,486.52,1.0,False,4470;4496
QCOM,Long,233,2022-09-27T20:00:00Z,111.103895,2022-09-29T20:00:00Z,107.182904,-913.59,10.0167,-1431.08,0.0,1431.08,2.0,False,4408;4497
RTX,Long,342,2022-09-27T20:00:00Z,74.980767,2022-09-29T20:00:00Z,76.111408,386.68,10.2699,0.0,543.87,301.8,2.0,True,4410;4498
SPGI,Long,89,2022-09-28T20:00:00Z,288.455041,2022-09-29T20:00:00Z,284.907864,-315.7,10.174,-414.15,0.0,414.15,1.0,False,4475;4499
V,Long,145,2022-09-27T20:00:00Z,176.970584,2022-09-29T20:00:00Z,173.402277,-517.4,10.0649,-517.4,0.0,517.4,2.0,False,4405;4500
MMC,Short,182,2022-09-27T20:00:00Z,141.316313,2022-09-29T20:00:00Z,141.213156,18.77,10.24,-20.48,18.77,20.48,2.0,True,4416;4501
WFC,Long,674,2022-09-22T20:00:00Z,38.402326,2022-09-29T20:00:00Z,36.296479,-1419.34,9.9902,-1498.53,0.0,1498.53,7.0,False,4340;4502
XOM,Long,339,2022-09-28T20:00:00Z,75.525525,2022-09-29T20:00:00Z,77.499189,669.07,10.5559,0.0,770.18,101.1,1.0,True,4464;4503
PG,Long,215,2022-09-28T20:00:00Z,119.42549,2022-09-29T20:00:00Z,118.750109,-145.21,15.0779,-753.14,0.0,753.14,1.0,False,4465;4506
NFLX,Short,1130,2022-09-26T20:00:00Z,22.485,2022-09-29T20:00:00Z,24.151,-1882.58,15.4866,-2299.55,55.37,2354.92,3.0,False,4381;4511
AMAT,Long,314,2022-09-28T20:00:00Z,80.309372,2022-09-29T20:00:00Z,81.886532,495.23,10.1451,0.0,495.23,0.0,1.0,True,4485;4517
SPY,Short,88,2022-09-16T20:00:00Z,364.76166,2022-09-29T20:00:00Z,348.288614,1449.63,6.0624,-3656.38,1787.18,724.4,13.0,True,4242;4521
AXP,Long,191,2022-09-29T20:00:00Z,131.743585,2022-10-03T20:00:00Z,130.582178,-221.83,10.1038,-627.3,296.38,627.3,4.0,False,4512;4524
VRTX,Short,90,2022-09-20T20:00:00Z,284.38,2022-10-03T20:00:00Z,291.68,-657.0,10.5187,-1174.5,684.0,1858.5,13.0,False,4274;4528
NKE,Long,273,2022-09-21T20:00:00Z,94.50249,2022-10-03T20:00:00Z,76.569123,-4895.81,9.3134,-4898.32,0.0,4898.32,12.0,False,4288;4530
PG,Short,215,2022-09-29T20:00:00Z,118.750109,2022-10-03T20:00:00Z,114.589758,894.48,4.9761,0.0,1068.72,418.2,4.0,True,4506;4531
PLD,Long,283,2022-09-28T20:00:00Z,90.925578,2022-10-03T20:00:00Z,91.366964,124.91,10.4052,-447.19,339.76,447.19,5.0,True,4480;4532
SYK,Long,131,2022-09-28T20:00:00Z,196.316785,2022-10-03T20:00:00Z,197.810248,195.64,10.4716,-134.93,763.42,567.77,5.0,True,4478;4533
TJX,Long,434,2022-09-29T20:00:00Z,58.612574,2022-10-03T20:00:00Z,59.663284,456.01,10.2105,0.0,456.01,0.0,4.0,True,4518;4534
ANTM,Long,60,2022-09-27T20:00:00Z,426.479983,2022-10-03T20:00:00Z,431.676925,311.82,15.6285,0.0,1060.18,748.36,6.0,True,4441;4539
AMD,Short,385,2022-09-27T20:00:00Z,67.9,2022-10-03T20:00:00Z,64.5,1309.0,10.4057,-177.1,1747.9,1058.75,6.0,True,4412;4540
REGN,Short,37,2022-09-28T20:00:00Z,694.33766,2022-10-03T20:00:00Z,698.795591,-164.94,10.7782,-1255.04,440.58,1695.62,5.0,False,4481;4547
BA,Long,200,2022-09-28T20:00:00Z,128.04,2022-10-03T20:00:00Z,122.0,-1208.0,10.3361,-1392.0,0.0,1392.0,5.0,False,4482;4548
DUK,Long,300,2022-09-29T20:00:00Z,84.868294,2022-10-03T20:00:00Z,80.682962,-1255.6,14.9869,-1601.53,0.0,1601.53,4.0,False,4516;4549
AMAT,Short,307,2022-09-29T20:00:00Z,81.886532,2022-10-03T20:00:00Z,80.541592,412.9,10.4985,-481.22,802.03,1283.25,4.0,True,4517;4550
SPY,Short,93,2022-09-16T20:00:00Z,364.76166,2022-10-03T20:00:00Z,342.867226,2036.18,6.4743,-3864.12,2384.08,832.66,17.0,True,4242;4552
AAPL,Short,171,2022-09-22T20:00:00Z,149.09515,2022-10-03T20:00:00Z,135.429728,2336.79,9.8896,0.0,2345.16,711.92,11.0,True,4338;4553
AMT,Short,132,2022-09-29T20:00:00Z,190.691824,2022-10-03T20:00:00Z,189.425436,167.16,9.935,0.0,419.64,284.75,4.0,True,4513;4554
CSCO,Long,655,2022-09-15T20:00:00Z,39.191353,2022-10-03T20:00:00Z,36.391331,-1834.01,9.9119,-2232.46,0.0,2232.46,18.0,False,4201;4555
CVS,Long,300,2022-09-26T20:00:00Z,84.52225,2022-10-03T20:00:00Z,83.127836,-418.32,10.1593,-576.82,148.1,724.92,7.0,False,4376;4556
COP,Long,286,2022-09-29T20:00:00Z,89.241796,2022-10-03T20:00:00Z,93.932723,1341.6,10.7343,0.0,2105.36,763.76,4.0,True,4509;4557
FB,Long,182,2022-09-29T20:00:00Z,138.146876,2022-10-03T20:00:00Z,135.858791,-416.43,9.9158,-683.24,0.0,683.24,4.0,False,4504;4558
ISRG,Short,133,2022-09-29T20:00:00Z,189.6,2022-10-03T20:00:00Z,189.96,-47.88,10.1724,-500.08,287.28,787.36,4.0,False,4520;4559
LIN,Long,101,2022-09-27T20:00:00Z,254.317049,2022-10-03T20:00:00Z,258.58682,431.25,10.372,0.0,746.54,315.29,6.0,True,4438;4560
LOW,Long,148,2022-09-22T20:00:00Z,173.50582,2022-10-03T20:00:00Z,176.837501,493.09,10.4379,-273.18,874.17,900.13,11.0,True,4342;4561
NOW,Long,337,2022-09-28T20:00:00Z,75.688,2022-10-03T20:00:00Z,76.016,110.54,10.5219,-55.94,894.4,783.86,5.0,True,4479;4562
PEP,Short,173,2022-09-29T20:00:00Z,147.453923,2022-10-03T20:00:00Z,142.841621,797.93,10.0303,0.0,837.22,300.73,4.0,True,4507;4563
NOC,Short,57,2022-09-28T20:00:00Z,444.815873,2022-10-03T20:00:00Z,446.183154,-77.94,10.3493,-572.77,248.75,821.52,5.0,False,4483;4564
MDT,Long,360,2022-09-28T20:00:00Z,71.347879,2022-10-03T20:00:00Z,71.426755,28.4,15.6484,-208.23,407.0,479.57,5.0,True,4474;4568
SPGI,Long,91,2022-10-03T20:00:00Z,280.729873,2022-10-03T20:00:00Z,280.729873,0.0,15.7132,0.0,0.0,0.0,0.0,False,4541;4570
MO,Long,858,2022-10-03T20:00:00Z,30.060935,2022-10-03T20:00:00Z,30.060935,0.0,15.6762,0.0,0.0,0.0,0.0,False,4545;4572
SPY,Short,37,2022-09-16T20:00:00Z,364.76166,2022-10-03T20:00:00Z,342.867226,810.09,2.5758,-1537.34,948.51,331.27,17.0,True,4242;4574
ADBE,Long,88,2022-09-21T20:00:00Z,292.84,2022-10-04T20:00:00Z,291.0,-161.92,10.2304,-1552.32,187.44,1552.32,13.0,False,4290;4575
ADP,Short,124,2022-10-03T20:00:00Z,206.997722,2022-10-04T20:00:00Z,212.998707,-744.12,10.5407,-929.59,0.0,929.59,1.0,False,4543;4576
BA,Short,210,2022-10-03T20:00:00Z,122.0,2022-10-04T20:00:00Z,129.4,-1554.0,5.6074,-2417.1,0.0,2417.1,1.0,False,4548;4577
GILD,Long,456,2022-09-29T20:00:00Z,56.116229,2022-10-04T20:00:00Z,56.212664,43.97,10.2644,-927.46,519.7,927.46,5.0,True,4515;4578
HON,Long,160,2022-09-21T20:00:00Z,161.8974,2022-10-04T20:00:00Z,159.051032,-455.42,10.2578,-1609.24,26.19,1609.24,13.0,False,4316;4579
IBM,Long,240,2022-09-26T20:00:00Z,106.161989,2022-10-04T20:00:00Z,106.596012,104.17,10.3128,-727.08,666.66,822.91,8.0,True,4379;4580
VRTX,Long,88,2022-10-03T20:00:00Z,291.68,2022-10-04T20:00:00Z,299.85,718.96,10.526,0.0,788.48,69.52,1.0,True,4571;4581
LLY,Long,79,2022-09-29T20:00:00Z,320.471776,2022-10-04T20:00:00Z,312.234175,-650.77,10.1075,-699.0,0.0,699.0,5.0,False,4505;4582
LMT,Long,73,2022-10-03T20:00:00Z,350.607921,2022-10-04T20:00:00Z,362.635499,878.01,10.5853,0.0,1080.93,202.92,1.0,True,4569;4583
MCD,Long,118,2022-09-28T20:00:00Z,214.855348,2022-10-04T20:00:00Z,215.383092,62.27,10.2095,-578.72,254.46,578.72,6.0,True,4469;4584
SO,Short,439,2022-10-03T20:00:00Z,59.17423,2022-10-04T20:00:00Z,59.669698,-217.51,10.5335,-532.53,0.0,532.53,1.0,False,4546;4585
NVDA,Short,2110,2022-10-03T20:00:00Z,12.31224,2022-10-04T20:00:00Z,12.848292,-1131.07,10.7973,-1702.91,0.0,1702.91,1.0,False,4536;4586
PYPL,Short,299,2022-10-03T20:00:00Z,86.56464,2022-10-04T20:00:00Z,88.552472,-594.36,10.6435,-1555.39,0.0,1555.39,1.0,False,4542;4587
SPGI,Short,91,2022-10-03T20:00:00Z,280.729873,2022-10-04T20:00:00Z,291.490256,-979.19,5.3835,-1371.04,0.0,1371.04,1.0,False,4570;4588
TMO,Long,48,2022-09-20T20:00:00Z,526.753588,2022-10-04T20:00:00Z,526.694315,-2.85,10.1673,-1234.29,318.17,1234.29,14.0,False,4258;4589
V,Long,148,2022-10-03T20:00:00Z,173.896798,2022-10-04T20:00:00Z,179.433492,819.43,10.5421,0.0,905.54,86.1,1.0,True,4535;4590
ABNB,Short,240,2022-09-28T20:00:00Z,106.33,2022-10-04T20:00:00Z,109.01,-643.2,10.632,-1075.2,319.2,1394.4,6.0,False,4487;4591
WFC,Long,701,2022-10-03T20:00:00Z,37.308732,2022-10-04T20:00:00Z,38.113111,563.87,10.7845,0.0,1438.18,874.31,1.0,True,4537;4592
HD,Long,105,2022-09-28T20:00:00Z,248.089693,2022-10-04T20:00:00Z,259.510725,1199.21,16.0435,0.0,1357.27,226.21,6.0,True,4466;4595
PM,Long,346,2022-09-29T20:00:00Z,73.663758,2022-10-04T20:00:00Z,72.192513,-509.05,15.3507,-1202.41,0.0,1202.41,5.0,False,4508;4600
ANTM,Short,59,2022-10-03T20:00:00Z,431.676925,2022-10-04T20:00:00Z,446.001588,-845.16,10.5191,-1282.23,0.0,1282.23,1.0,False,4539;4603
MDT,Short,360,2022-10-03T20:00:00Z,71.426755,2022-10-04T20:00:00Z,73.354839,-694.11,10.5604,-946.51,0.0,946.51,1.0,False,4568;4604
AMAT,Long,322,2022-10-03T20:00:00Z,80.541592,2022-10-04T20:00:00Z,86.308386,1856.91,10.8659,0.0,1922.34,65.43,1.0,True,4550;4611
TJX,Short,433,2022-10-03T20:00:00Z,59.663284,2022-10-04T20:00:00Z,60.855982,-516.44,15.8354,-983.69,0.0,983.69,1.0,False,4573;4612
SPY,Short,47,2022-09-16T20:00:00Z,364.76166,2022-10-04T20:00:00Z,353.624552,523.44,23.8287,-1952.84,1204.86,927.74,18.0,True,4242;4616
SPY,Short,110,2022-09-21T20:00:00Z,366.546636,2022-10-04T20:00:00Z,353.624552,1421.43,7.8829,-4374.12,3016.23,2171.31,13.0,True,4324;4616
SPY,Short,175,2022-09-26T20:00:00Z,347.889843,2022-10-04T20:00:00Z,353.624552,-1003.57,26.8415,-10223.77,1533.61,3454.36,8.0,False,4386;4616
AMT,Short,134,2022-10-04T20:00:00Z,191.22458,2022-10-05T20:00:00Z,189.643779,211.83,10.1635,0.0,562.92,351.1,1.0,True,4606;4617
MDT,Long,353,2022-10-04T20:00:00Z,73.354839,2022-10-05T20:00:00Z,73.346075,-3.09,5.2624,-3.09,417.65,420.74,1.0,False,4604;4618
AXP,Long,192,2022-10-04T20:00:00Z,136.893761,2022-10-05T20:00:00Z,136.056024,-160.85,10.5968,-160.85,104.18,265.03,1.0,False,4605;4619
QCOM,Long,247,2022-10-04T20:00:00Z,110.116792,2022-10-05T20:00:00Z,110.482386,90.3,11.164,0.0,995.58,905.27,1.0,True,4538;4620
JPM,Long,261,2022-10-04T20:00:00Z,100.228753,2022-10-05T20:00:00Z,100.640156,107.38,10.6196,0.0,554.32,446.95,1.0,True,4593;4621
MDLZ,Long,488,2022-09-27T20:00:00Z,52.576022,2022-10-05T20:00:00Z,51.582817,-484.68,10.0724,-1527.67,0.0,1527.67,8.0,False,4415;4622
MS,Long,361,2022-10-04T20:00:00Z,72.367203,2022-10-05T20:00:00Z,72.213137,-55.62,10.6246,-55.62,289.21,344.83,1.0,False,4598;4623
NFLX,Long,1044,2022-09-29T20:00:00Z,24.151,2022-10-05T20:00:00Z,23.887,-275.62,4.9429,-633.71,0.0,633.71,6.0,False,4511;4624
NKE,Long,325,2022-10-04T20:00:00Z,80.815287,2022-10-05T20:00:00Z,80.585018,-74.84,10.761,-74.84,1005.82,1080.65,1.0,False,4599;4625
ADI,Short,192,2022-09-28T20:00:00Z,131.934716,2022-10-05T20:00:00Z,139.943533,-1537.69,10.6639,-1985.51,271.57,2257.08,7.0,False,4484;4626
ORCL,Long,442,2022-10-03T20:00:00Z,57.586849,2022-10-05T20:00:00Z,61.694126,1815.42,10.8291,0.0,2366.3,550.88,2.0,True,4566;4627
PG,Short,221,2022-10-04T20:00:00Z,116.255699,2022-10-05T20:00:00Z,116.201668,11.94,10.3248,-21.89,11.94,21.89,1.0,True,4594;4628
PLD,Long,277,2022-10-04T20:00:00Z,93.450307,2022-10-05T20:00:00Z,92.514568,-259.2,10.3465,-259.2,0.0,259.2,1.0,False,4609;4629
PM,Short,355,2022-10-04T20:00:00Z,72.192513,2022-10-05T20:00:00Z,73.01269,-291.16,5.2211,-477.27,0.0,477.27,1.0,False,4600;4630
REGN,Long,37,2022-10-03T20:00:00Z,698.795591,2022-10-05T20:00:00Z,731.298863,1202.62,5.4664,0.0,1476.79,274.17,2.0,True,4547;4631
TJX,Long,429,2022-10-04T20:00:00Z,60.855982,2022-10-05T20:00:00Z,61.348206,211.16,10.4857,0.0,605.07,393.9,1.0,True,4612;4642
DUK,Short,321,2022-10-03T20:00:00Z,80.682962,2022-10-05T20:00:00Z,81.912937,-394.82,10.1069,-734.81,109.67,734.81,2.0,False,4549;4643
SPY,Short,114,2022-09-26T20:00:00Z,347.889843,2022-10-05T20:00:00Z,354.450578,-747.92,8.1631,-6660.06,999.04,2250.27,9.0,False,4386;4644
BMY,Long,431,2022-10-04T20:00:00Z,59.369367,2022-10-06T20:00:00Z,59.956999,253.27,10.2878,0.0,297.07,244.58,2.0,True,4596;4645
DIS,Long,275,2022-09-28T20:00:00Z,92.845372,2022-10-06T20:00:00Z,97.557449,1295.82,10.6359,-346.62,1519.79,813.22,8.0,True,4468;4646
EL,Long,121,2022-09-28T20:00:00Z,211.227127,2022-10-06T20:00:00Z,210.648116,-70.06,10.3337,-1161.65,329.96,1161.65,8.0,False,4477;4647
LIN,Long,94,2022-10-05T20:00:00Z,268.919666,2022-10-06T20:00:00Z,266.054175,-269.36,10.0359,-410.28,0.0,410.28,1.0,False,4633;4648
LMT,Long,70,2022-10-05T20:00:00Z,365.334282,2022-10-06T20:00:00Z,361.295103,-282.74,10.1014,-413.09,0.0,413.09,1.0,False,4636;4649
SCHW,Long,381,2022-09-27T20:00:00Z,67.841978,2022-10-06T20:00:00Z,71.594697,1429.79,10.633,0.0,1602.66,497.0,9.0,True,4409;4650
SPGI,Short,86,2022-10-05T20:00:00Z,291.819375,2022-10-06T20:00:00Z,293.428404,-138.38,10.0295,-138.38,238.23,376.6,1.0,False,4637;4651
TMUS,Long,203,2022-09-28T20:00:00Z,126.972042,2022-10-06T20:00:00Z,132.699678,1162.71,10.5503,-32.62,1573.3,598.62,8.0,True,4471;4652
UNP,Long,140,2022-10-04T20:00:00Z,185.094847,2022-10-06T20:00:00Z,182.649303,-342.38,10.3119,-591.49,0.0,591.49,2.0,False,4602;4653
EOG,Short,248,2022-10-04T20:00:00Z,105.575407,2022-10-06T20:00:00Z,107.085588,-374.52,15.8979,-955.46,0.0,955.46,2.0,False,4614;4664
DUK,Long,308,2022-10-05T20:00:00Z,81.912937,2022-10-06T20:00:00Z,79.999642,-589.29,9.6914,-1349.59,0.0,1349.59,1.0,False,4643;4665
SPY,Short,99,2022-09-26T20:00:00Z,347.889843,2022-10-06T20:00:00Z,356.662808,-868.52,27.2839,-5783.73,867.58,1954.18,10.0,False,4386;4667
SPY,Short,286,2022-09-27T20:00:00Z,349.408971,2022-10-06T20:00:00Z,356.662808,-2074.6,30.9132,-16274.09,2940.82,5645.4,9.0,False,4448;4667
AXP,Long,185,2022-10-06T20:00:00Z,136.179781,2022-10-07T20:00:00Z,133.676091,-463.18,9.91,-720.31,0.0,720.31,1.0,False,4661;4668
CVX,Short,189,2022-10-06T20:00:00Z,133.904852,2022-10-07T20:00:00Z,138.143102,-801.03,10.341,-801.03,0.0,801.03,1.0,False,4655;4669
DE,Long,74,2022-10-05T20:00:00Z,337.881607,2022-10-07T20:00:00Z,335.884502,-147.79,10.0202,-147.79,60.52,208.31,2.0,False,4635;4670
GS,Short,90,2022-10-06T20:00:00Z,279.138646,2022-10-07T20:00:00Z,276.060211,277.06,9.9014,0.0,515.71,238.65,1.0,True,4662;4671
MO,Short,858,2022-10-03T20:00:00Z,30.060935,2022-10-07T20:00:00Z,31.591577,-1313.29,5.4085,-1332.23,0.0,1332.23,4.0,False,4572;4672
ORCL,Long,405,2022-10-06T20:00:00Z,62.628885,2022-10-07T20:00:00Z,61.004859,-657.73,9.8323,-1170.15,0.0,1170.15,1.0,False,4657;4673
RTX,Long,325,2022-10-06T20:00:00Z,77.674082,2022-10-07T20:00:00Z,76.993859,-221.07,10.0552,-221.07,0.0,221.07,1.0,False,4660;4674
REGN,Long,34,2022-10-06T20:00:00Z,736.925763,2022-10-07T20:00:00Z,724.820003,-411.6,9.7963,-724.5,0.0,724.5,1.0,False,4663;4675
UPS,Long,193,2022-10-04T20:00:00Z,134.465014,2022-10-07T20:00:00Z,133.035917,-275.82,10.281,-1013.94,380.81,1394.75,3.0,False,4597;4676
ADBE,Short,85,2022-10-06T20:00:00Z,297.15,2022-10-07T20:00:00Z,291.36,492.15,14.8912,0.0,712.3,220.15,1.0,True,4659;4683
MS,Long,348,2022-10-06T20:00:00Z,72.582896,2022-10-07T20:00:00Z,71.046634,-534.62,14.7637,-1083.03,0.0,1083.03,1.0,False,4658;4684
EOG,Long,235,2022-10-06T20:00:00Z,107.085588,2022-10-07T20:00:00Z,109.891437,659.37,10.236,0.0,659.37,0.0,1.0,True,4664;4692
TGT,Short,197,2022-10-03T20:00:00Z,130.420537,2022-10-07T20:00:00Z,134.489916,-801.67,15.4039,-1268.59,0.0,1268.59,4.0,False,4551;4693
ADBE,Long,85,2022-10-07T20:00:00Z,291.36,2022-10-11T20:00:00Z,286.1,-447.1,4.8421,-555.05,0.0,555.05,4.0,False,4683;4696
GILD,Long,446,2022-10-05T20:00:00Z,56.747438,2022-10-11T20:00:00Z,56.607169,-62.56,10.2536,-172.04,367.54,430.1,6.0,False,4638;4700
NFLX,Long,1063,2022-10-07T20:00:00Z,23.577,2022-10-11T20:00:00Z,22.583,-1056.62,9.334,-2283.32,0.0,2283.32,4.0,False,4688;4701
SPGI,Short,88,2022-10-07T20:00:00Z,285.950076,2022-10-11T20:00:00Z,271.770506,1247.8,9.6421,0.0,1452.95,205.15,4.0,True,4689;4703
MMC,Long,171,2022-10-05T20:00:00Z,148.227862,2022-10-11T20:00:00Z,144.759866,-593.03,10.0146,-848.95,202.06,1051.01,6.0,False,4640;4705
AMAT,Short,306,2022-10-04T20:00:00Z,86.308386,2022-10-11T20:00:00Z,75.219887,3393.08,9.3907,-5.92,3819.44,426.36,7.0,True,4611;4717
TGT,Long,187,2022-10-07T20:00:00Z,134.489916,2022-10-11T20:00:00Z,133.757951,-136.88,10.1241,-206.95,26.07,206.95,4.0,False,4693;4718
SPY,Short,162,2022-09-27T20:00:00Z,349.408971,2022-10-11T20:00:00Z,340.189762,1493.51,23.3005,-9218.19,1665.78,3197.75,14.0,True,4448;4719
SPY,Short,181,2022-09-28T20:00:00Z,346.019417,2022-10-11T20:00:00Z,340.189762,1055.17,19.0676,-10912.85,1247.64,3572.79,13.0,True,4488;4719
ABT,Long,273,2022-09-21T20:00:00Z,94.822511,2022-10-11T20:00:00Z,92.960535,-508.32,10.185,-1529.99,118.27,1529.99,20.0,False,4313;4720
AMD,Long,402,2022-10-03T20:00:00Z,64.5,2022-10-11T20:00:00Z,57.15,-2954.7,4.6335,-2954.7,1382.88,4337.58,8.0,False,4540;4721
BA,Long,191,2022-10-05T20:00:00Z,130.28,2022-10-11T20:00:00Z,132.96,511.88,10.0726,-93.59,511.88,460.31,6.0,True,4639;4722
CB,Long,148,2022-10-03T20:00:00Z,173.395308,2022-10-11T20:00:00Z,174.813327,209.87,10.4318,0.0,1306.77,1130.48,8.0,True,4544;4723
CRM,Long,175,2022-09-28T20:00:00Z,143.26504,2022-10-11T20:00:00Z,141.802952,-255.87,10.054,-589.01,1756.71,2345.72,13.0,False,4472;4724
DIS,Long,263,2022-10-07T20:00:00Z,95.405019,2022-10-11T20:00:00Z,91.866113,-930.73,9.7005,-1348.92,0.0,1348.92,4.0,False,4681;4725
EL,Long,119,2022-10-07T20:00:00Z,211.133738,2022-10-11T20:00:00Z,201.40261,-1158.0,9.6423,-1336.93,0.0,1336.93,4.0,False,4690;4726
ISRG,Short,132,2022-10-04T20:00:00Z,197.87,2022-10-11T20:00:00Z,186.22,1537.8,10.2284,-463.32,1580.04,463.32,7.0,True,4615;4727
LOW,Long,138,2022-10-07T20:00:00Z,182.753311,2022-10-11T20:00:00Z,179.910769,-392.27,10.0276,-397.37,0.0,397.37,4.0,False,4685;4728
MS,Short,356,2022-10-07T20:00:00Z,71.046634,2022-10-11T20:00:00Z,68.594777,872.86,4.8266,0.0,1159.64,286.77,4.0,True,4684;4729
NOW,Long,326,2022-10-04T20:00:00Z,80.426,2022-10-11T20:00:00Z,76.33,-1335.3,10.2084,-2010.12,1202.94,3213.06,7.0,False,4608;4730
PFE,Long,747,2022-10-07T20:00:00Z,34.090152,2022-10-11T20:00:00Z,33.028055,-793.39,9.9789,-793.39,0.0,793.39,4.0,False,4679;4731
PG,Short,224,2022-10-07T20:00:00Z,113.914376,2022-10-11T20:00:00Z,111.573053,524.46,10.0264,0.0,552.7,94.81,4.0,True,4678;4732
PYPL,Long,273,2022-10-07T20:00:00Z,91.173246,2022-10-11T20:00:00Z,83.231808,-2168.01,9.3557,-2456.9,0.0,2456.9,4.0,False,4687;4733
NOC,Short,56,2022-10-04T20:00:00Z,457.402351,2022-10-11T20:00:00Z,472.11467,-823.89,10.4635,-990.66,208.2,1198.86,7.0,False,4610;4734
SYK,Long,126,2022-10-04T20:00:00Z,204.186252,2022-10-11T20:00:00Z,200.208473,-501.2,10.3674,-501.2,518.19,1019.39,7.0,False,4607;4735
T,Long,2020,2022-09-29T20:00:00Z,12.556705,2022-10-11T20:00:00Z,12.110588,-901.16,9.9006,-983.52,696.03,1679.55,12.0,False,4510;4736
TXN,Long,185,2022-10-03T20:00:00Z,140.230824,2022-10-11T20:00:00Z,137.736406,-461.47,10.3266,-652.65,1712.37,2365.02,8.0,False,4567;4737
UNH,Short,53,2022-09-26T20:00:00Z,469.56991,2022-10-11T20:00:00Z,459.926602,511.1,9.89,-965.29,511.1,1080.56,15.0,True,4370;4738
VZ,Long,866,2022-10-07T20:00:00Z,29.28014,2022-10-11T20:00:00Z,28.47091,-700.79,9.8098,-1138.79,0.0,1138.79,4.0,False,4682;4739
PEP,Long,179,2022-10-07T20:00:00Z,142.378643,2022-10-11T20:00:00Z,141.723487,-117.27,15.2233,-182.95,0.0,182.95,4.0,False,4680;4743
SPY,Short,90,2022-09-28T20:00:00Z,346.019417,2022-10-11T20:00:00Z,340.189762,524.67,29.6861,-5426.28,620.37,1776.53,13.0,True,4488;4753
SPY,Short,74,2022-10-07T20:00:00Z,350.405899,2022-10-11T20:00:00Z,340.189762,755.99,5.0979,-4137.01,834.68,39.35,4.0,True,4694;4753
ADBE,Short,88,2022-10-11T20:00:00Z,286.1,2022-10-12T20:00:00Z,284.69,124.08,10.0492,-4.4,124.08,4.4,1.0,True,4747;4754
AMAT,Long,330,2022-10-11T20:00:00Z,75.219887,2022-10-12T20:00:00Z,73.874947,-443.83,4.854,-552.39,0.0,552.39,1.0,False,4717;4755
MDT,Long,344,2022-10-07T20:00:00Z,73.538883,2022-10-12T20:00:00Z,71.558215,-681.35,9.812,-1085.34,0.0,1085.34,5.0,False,4686;4756
AVGO,Short,558,2022-10-06T20:00:00Z,45.621581,2022-10-12T20:00:00Z,40.761339,2712.01,9.5775,0.0,2800.42,88.4,6.0,True,4656;4757
BMY,Long,436,2022-10-11T20:00:00Z,57.992029,2022-10-12T20:00:00Z,59.025332,450.52,10.2608,0.0,450.52,0.0,1.0,True,4745;4758
C,Long,676,2022-09-29T20:00:00Z,37.47859,2022-10-12T20:00:00Z,35.234415,-1517.06,9.8273,-1517.06,879.54,2396.6,13.0,False,4514;4759
CVS,Long,302,2022-10-04T20:00:00Z,85.041907,2022-10-12T20:00:00Z,76.857306,-2471.75,9.8535,-2707.15,591.13,3298.28,8.0,False,4601;4760
MDLZ,Short,504,2022-10-11T20:00:00Z,50.013689,2022-10-12T20:00:00Z,51.34835,-672.67,10.2818,-672.67,0.0,672.67,1.0,False,4751;4761
MO,Long,791,2022-10-11T20:00:00Z,32.533511,2022-10-12T20:00:00Z,32.614459,64.03,10.3716,0.0,308.51,244.48,1.0,True,4715;4762
PM,Short,356,2022-10-11T20:00:00Z,71.034118,2022-10-12T20:00:00Z,72.928135,-674.27,10.3121,-674.27,0.0,674.27,1.0,False,4710;4763
RTX,Long,327,2022-10-11T20:00:00Z,76.975474,2022-10-12T20:00:00Z,77.444277,153.3,10.0744,-225.44,153.3,225.44,1.0,True,4711;4764
TMUS,Long,194,2022-10-11T20:00:00Z,130.402953,2022-10-12T20:00:00Z,129.174252,-238.37,9.9047,-922.3,0.0,922.3,1.0,False,4744;4765
AMGN,Long,123,2022-10-11T20:00:00Z,211.773966,2022-10-12T20:00:00Z,216.354488,563.4,15.7556,0.0,755.92,192.51,1.0,True,4748;4770
SCHW,Long,364,2022-10-11T20:00:00Z,68.891227,2022-10-12T20:00:00Z,67.785262,-402.57,14.9514,-402.57,0.0,402.57,1.0,False,4709;4771
TGT,Short,189,2022-10-11T20:00:00Z,133.757951,2022-10-12T20:00:00Z,134.838471,-204.22,10.1287,-204.22,0.0,204.22,1.0,False,4718;4780
DHR,Short,128,2022-10-03T20:00:00Z,201.194062,2022-10-13T20:00:00Z,189.997363,1433.18,10.3672,-2060.07,1433.18,2060.07,10.0,True,4565;4781
DUK,Short,317,2022-10-06T20:00:00Z,79.999642,2022-10-13T20:00:00Z,72.602707,2344.83,4.766,0.0,2344.83,544.24,7.0,True,4665;4782
SO,Short,423,2022-10-05T20:00:00Z,59.772208,2022-10-13T20:00:00Z,52.075373,3255.76,9.5953,0.0,3255.76,914.21,8.0,True,4641;4783
NOW,Short,341,2022-10-12T20:00:00Z,74.498,2022-10-13T20:00:00Z,69.55,1687.27,9.9712,0.0,1687.27,0.0,1.0,True,4779;4784
SPGI,Long,92,2022-10-11T20:00:00Z,271.770506,2022-10-13T20:00:00Z,258.724571,-1200.23,9.8743,-1200.23,0.0,1200.23,2.0,False,4749;4785
REGN,Long,34,2022-10-11T20:00:00Z,721.699451,2022-10-13T20:00:00Z,705.710338,-543.63,10.0371,-543.63,810.06,1353.69,2.0,False,4714;4786
ZTS,Short,176,2022-09-29T20:00:00Z,144.671739,2022-10-13T20:00:00Z,135.100532,1684.53,10.0332,-450.44,1684.53,1081.72,14.0,True,4519;4787
PEP,Short,179,2022-10-11T20:00:00Z,141.723487,2022-10-13T20:00:00Z,145.846606,-738.04,10.677,-1934.22,0.0,1934.22,2.0,False,4743;4788
MRK,Long,314,2022-10-11T20:00:00Z,80.327495,2022-10-13T20:00:00Z,79.501391,-259.4,15.414,-259.4,571.79,831.18,2.0,False,4742;4789
PGR,Short,233,2022-10-04T20:00:00Z,110.387586,2022-10-13T20:00:00Z,103.546229,1594.04,15.5579,-573.57,1594.04,573.57,9.0,True,4613;4798
TGT,Long,188,2022-10-12T20:00:00Z,134.838471,2022-10-13T20:00:00Z,131.762474,-578.29,10.0933,-578.29,0.0,578.29,1.0,False,4780;4799
SPY,Long,273,2022-10-11T20:00:00Z,340.189762,2022-10-13T20:00:00Z,331.768096,-2299.12,49.0631,-2299.12,1988.07,4287.19,2.0,False,4753;4800
SPY,Short,433,2022-10-13T20:00:00Z,331.768096,2022-10-14T20:00:00Z,349.912183,-7856.39,29.4053,-7856.39,0.0,7856.39,1.0,False,4800;4801
ABT,Short,270,2022-10-12T20:00:00Z,93.329243,2022-10-14T20:00:00Z,95.55701,-601.5,10.0336,-601.5,291.19,892.68,2.0,False,4767;4802
BLK,Long,52,2022-10-12T20:00:00Z,482.784331,2022-10-14T20:00:00Z,515.597123,1706.27,10.2286,0.0,1706.27,712.76,2.0,True,4778;4803
BMY,Long,431,2022-10-13T20:00:00Z,58.068256,2022-10-14T20:00:00Z,60.067105,861.5,10.3227,0.0,861.5,0.0,1.0,True,4791;4804
VRTX,Short,85,2022-10-11T20:00:00Z,294.54,2022-10-14T20:00:00Z,298.07,-300.05,10.0023,-300.05,374.85,674.9,3.0,False,4752;4805
LIN,Long,98,2022-10-11T20:00:00Z,256.470911,2022-10-14T20:00:00Z,271.139947,1437.57,10.1604,0.0,1437.57,662.06,3.0,True,4746;4806
PGR,Long,228,2022-10-13T20:00:00Z,103.546229,2022-10-14T20:00:00Z,112.858366,2123.17,4.8199,0.0,2123.17,0.0,1.0,True,4798;4807
MO,Long,769,2022-10-13T20:00:00Z,32.872019,2022-10-14T20:00:00Z,33.850747,752.64,10.3186,0.0,752.64,0.0,1.0,True,4797;4808
PEP,Long,171,2022-10-13T20:00:00Z,145.846606,2022-10-14T20:00:00Z,153.725956,1347.37,5.0845,0.0,1347.37,0.0,1.0,True,4788;4809
SBUX,Long,323,2022-10-12T20:00:00Z,79.001098,2022-10-14T20:00:00Z,81.734355,882.84,10.1624,-184.78,882.84,879.91,2.0,True,4775;4810
T,Long,2123,2022-10-13T20:00:00Z,11.800687,2022-10-14T20:00:00Z,12.387867,1246.58,10.4315,0.0,1246.58,0.0,1.0,True,4795;4811
TMUS,Long,201,2022-10-13T20:00:00Z,123.144167,2022-10-14T20:00:00Z,127.841584,944.18,10.0535,0.0,944.18,0.0,1.0,True,4790;4812
MMC,Short,174,2022-10-11T20:00:00Z,144.759866,2022-10-14T20:00:00Z,148.364979,-627.29,9.9754,-627.29,296.45,923.74,3.0,False,4750;4813
MCD,Long,117,2022-10-12T20:00:00Z,215.892637,2022-10-14T20:00:00Z,226.638589,1257.28,15.225,0.0,1257.28,382.19,2.0,True,4768;4818
MS,Long,373,2022-10-12T20:00:00Z,67.780425,2022-10-14T20:00:00Z,67.991717,78.81,14.8461,-482.72,755.28,1238.0,2.0,True,4772;4820
AMGN,Short,116,2022-10-12T20:00:00Z,216.354488,2022-10-14T20:00:00Z,222.836191,-751.88,10.2236,-751.88,0.0,751.88,2.0,False,4770;4821
ABNB,Short,228,2022-10-06T20:00:00Z,112.0,2022-10-14T20:00:00Z,115.0,-684.0,14.9998,-684.0,1181.04,1865.04,8.0,False,4666;4826
CRM,Long,178,2022-10-14T20:00:00Z,144.570126,2022-10-18T20:00:00Z,153.568348,1601.68,10.3315,-26.2,1601.68,26.2,4.0,True,4819;4830
COP,Long,247,2022-10-13T20:00:00Z,100.582594,2022-10-18T20:00:00Z,105.045123,1102.24,10.4422,0.0,1102.24,101.98,5.0,True,4792;4831
HD,Short,100,2022-10-04T20:00:00Z,259.510725,2022-10-18T20:00:00Z,259.56481,-5.41,5.1392,-225.36,1033.03,1038.44,14.0,False,4595;4835
MRK,Short,315,2022-10-13T20:00:00Z,79.501391,2022-10-18T20:00:00Z,84.111584,-1452.21,5.2979,-1452.21,0.0,1452.21,5.0,False,4789;4840
PYPL,Long,305,2022-10-13T20:00:00Z,78.623202,2022-10-18T20:00:00Z,86.23828,2322.6,10.2152,0.0,2322.6,0.0,5.0,True,4796;4845
AMGN,Long,114,2022-10-14T20:00:00Z,222.836191,2022-10-18T20:00:00Z,224.480935,187.5,5.0831,0.0,187.5,81.65,4.0,True,4821;4865
AMT,Short,152,2022-10-12T20:00:00Z,165.901237,2022-10-18T20:00:00Z,171.126889,-794.3,10.1898,-1155.34,374.42,1529.76,6.0,False,4777;4866
ANTM,Long,57,2022-10-04T20:00:00Z,446.001588,2022-10-18T20:00:00Z,459.182924,751.34,5.158,-348.47,751.34,706.09,14.0,True,4603;4867
MDT,Long,359,2022-10-13T20:00:00Z,70.112152,2022-10-18T20:00:00Z,74.257533,1488.19,10.5463,0.0,1488.19,0.0,5.0,True,4794;4868
DE,Long,73,2022-10-11T20:00:00Z,339.336641,2022-10-18T20:00:00Z,353.639715,1044.12,10.2002,0.0,1044.12,696.31,7.0,True,4712;4869
EOG,Short,233,2022-10-07T20:00:00Z,109.891437,2022-10-18T20:00:00Z,107.046784,662.8,4.9872,0.0,1356.64,927.66,11.0,True,4692;4870
GILD,Long,437,2022-10-14T20:00:00Z,58.535864,2022-10-18T20:00:00Z,58.316694,-95.78,10.1938,-149.41,38.31,149.41,4.0,False,4823;4871
GS,Long,94,2022-10-12T20:00:00Z,266.970202,2022-10-18T20:00:00Z,292.351396,2385.83,10.3997,0.0,2385.83,604.35,6.0,True,4774;4872
HON,Long,160,2022-10-12T20:00:00Z,158.350807,2022-10-18T20:00:00Z,164.143575,926.84,10.2642,0.0,926.84,481.61,6.0,True,4773;4873
INTC,Long,995,2022-09-27T20:00:00Z,26.059607,2022-10-18T20:00:00Z,25.460208,-596.4,9.9893,-2224.68,293.47,2518.14,21.0,False,4439;4874
INTU,Long,66,2022-09-27T20:00:00Z,387.481251,2022-10-18T20:00:00Z,403.899261,1083.59,10.3676,-1207.46,1083.59,2095.54,21.0,True,4411;4875
KO,Long,522,2022-10-11T20:00:00Z,48.40741,2022-10-18T20:00:00Z,50.169621,919.87,10.3063,0.0,952.4,413.48,7.0,True,4741;4876
LMT,Long,68,2022-10-11T20:00:00Z,364.929464,2022-10-18T20:00:00Z,362.671482,-153.54,10.3172,-978.76,1625.35,1778.89,7.0,False,4713;4877
MCD,Short,113,2022-10-14T20:00:00Z,226.638589,2022-10-18T20:00:00Z,226.902461,-29.82,5.1243,-29.82,267.33,297.15,4.0,False,4818;4878
MS,Short,365,2022-10-14T20:00:00Z,67.991717,2022-10-18T20:00:00Z,70.439172,-893.32,5.1074,-893.32,28.92,922.24,4.0,False,4820;4879
NFLX,Long,1181,2022-10-12T20:00:00Z,21.409,2022-10-18T20:00:00Z,24.954,4186.64,10.9061,0.0,4186.64,500.74,6.0,True,4776;4880
NOW,Short,352,2022-10-14T20:00:00Z,73.204,2022-10-18T20:00:00Z,72.468,259.07,9.8356,0.0,1225.66,966.59,4.0,True,4825;4881
ADI,Short,191,2022-10-11T20:00:00Z,130.923076,2022-10-18T20:00:00Z,135.250647,-826.57,10.0154,-826.57,543.89,1370.45,7.0,False,4716;4882
PFE,Long,748,2022-10-14T20:00:00Z,33.979186,2022-10-18T20:00:00Z,34.90654,693.66,10.3183,0.0,729.23,35.57,4.0,True,4816;4883
PLD,Short,283,2022-10-07T20:00:00Z,89.098239,2022-10-18T20:00:00Z,95.021643,-1676.32,10.2968,-1676.32,507.14,2183.47,11.0,False,4691;4884
SCHW,Short,373,2022-10-12T20:00:00Z,67.785262,2022-10-18T20:00:00Z,65.828554,729.85,4.8382,-832.1,1509.07,832.1,6.0,True,4771;4885
TGT,Short,188,2022-10-13T20:00:00Z,131.762474,2022-10-18T20:00:00Z,135.19574,-645.45,5.1554,-1005.86,860.06,1865.92,5.0,False,4799;4886
TJX,Short,413,2022-10-05T20:00:00Z,61.348206,2022-10-18T20:00:00Z,63.809329,-1016.44,5.2261,-1016.44,469.13,1485.57,13.0,False,4642;4887
TMO,Long,51,2022-10-12T20:00:00Z,496.317224,2022-10-18T20:00:00Z,524.629661,1443.93,10.3289,0.0,1443.93,377.36,6.0,True,4766;4888
TXN,Short,187,2022-10-13T20:00:00Z,131.50927,2022-10-18T20:00:00Z,138.16402,-1244.44,10.1904,-1244.44,0.0,1244.44,5.0,False,4793;4889
VZ,Long,905,2022-10-12T20:00:00Z,27.96514,2022-10-18T20:00:00Z,29.295702,1204.16,10.2459,0.0,1204.16,77.46,6.0,True,4769;4890
ABNB,Long,226,2022-10-14T20:00:00Z,115.0,2022-10-18T20:00:00Z,120.0,1130.0,5.3309,0.0,1130.0,0.0,4.0,True,4826;4891
WFC,Long,675,2022-10-11T20:00:00Z,37.22739,2022-10-18T20:00:00Z,40.770274,2391.45,10.3625,-408.74,2391.45,408.74,7.0,True,4708;4892
ADP,Long,121,2022-10-18T20:00:00Z,214.612265,2022-10-20T20:00:00Z,211.756812,-345.51,10.1898,-797.41,0.0,797.41,2.0,False,4862;4899
CVX,Short,181,2022-10-14T20:00:00Z,139.147345,2022-10-20T20:00:00Z,143.93878,-867.25,10.1494,-867.25,326.57,1193.82,6.0,False,4814;4901
SPY,Long,163,2022-10-18T20:00:00Z,356.112124,2022-10-20T20:00:00Z,349.465939,-1083.33,35.2715,-1494.99,0.0,1494.99,2.0,False,4864;4917
ACN,Short,106,2022-10-18T20:00:00Z,246.428053,2022-10-20T20:00:00Z,243.2889,332.75,10.2622,0.0,576.7,243.95,2.0,True,4894;4918
ADBE,Short,87,2022-10-18T20:00:00Z,302.68,2022-10-20T20:00:00Z,301.03,143.55,10.3593,0.0,247.95,221.85,2.0,True,4859;4919
CB,Short,140,2022-10-18T20:00:00Z,184.531481,2022-10-20T20:00:00Z,183.415973,156.17,10.2401,-103.23,395.72,239.55,2.0,True,4896;4920
EL,Short,128,2022-10-14T20:00:00Z,201.542693,2022-10-20T20:00:00Z,192.661404,1136.81,9.8083,0.0,1776.33,639.53,6.0,True,4824;4921
GOOGL,Short,261,2022-10-11T20:00:00Z,96.551248,2022-10-20T20:00:00Z,99.047494,-651.52,10.1942,-853.18,235.27,1088.45,9.0,False,4707;4922
IBM,Long,234,2022-10-05T20:00:00Z,108.392867,2022-10-20T20:00:00Z,109.382439,231.56,10.3203,-1482.8,696.71,1482.8,15.0,True,4634;4923
LLY,Short,79,2022-10-14T20:00:00Z,321.32461,2022-10-20T20:00:00Z,320.927267,31.39,10.113,-260.31,205.95,260.31,6.0,True,4815;4924
MRK,Long,307,2022-10-18T20:00:00Z,84.111584,2022-10-20T20:00:00Z,82.788041,-406.33,10.2313,-482.68,0.0,482.68,2.0,False,4893;4925
NEE,Long,390,2022-10-18T20:00:00Z,67.41915,2022-10-20T20:00:00Z,65.4113,-783.06,10.1415,-1708.81,0.0,1708.81,2.0,False,4857;4926
NKE,Short,309,2022-10-18T20:00:00Z,85.512779,2022-10-20T20:00:00Z,82.40875,959.15,10.0474,0.0,1710.52,751.38,2.0,True,4858;4927
PM,Short,354,2022-10-18T20:00:00Z,73.427006,2022-10-20T20:00:00Z,71.871206,550.75,10.2572,0.0,550.75,0.0,2.0,True,4860;4928
RTX,Long,330,2022-10-18T20:00:00Z,78.979374,2022-10-20T20:00:00Z,80.716699,573.32,10.5927,0.0,573.32,118.3,2.0,True,4895;4929
SYK,Short,123,2022-10-18T20:00:00Z,215.638019,2022-10-20T20:00:00Z,208.616709,863.62,10.1732,0.0,1118.32,254.7,2.0,True,4863;4930
T,Long,2055,2022-10-18T20:00:00Z,12.689613,2022-10-20T20:00:00Z,13.19524,1039.06,10.8431,-33.52,1994.33,955.27,2.0,True,4861;4931
BMY,Long,427,2022-10-20T20:00:00Z,60.177211,2022-10-21T20:00:00Z,59.584332,-253.16,10.3115,-253.16,419.52,672.68,1.0,False,4911;4938
CRM,Long,170,2022-10-20T20:00:00Z,152.096447,2022-10-21T20:00:00Z,154.549615,417.04,10.5985,0.0,862.44,445.4,1.0,True,4912;4939
DE,Short,72,2022-10-20T20:00:00Z,353.611185,2022-10-21T20:00:00Z,346.697398,497.79,10.2514,-768.94,497.79,768.94,1.0,True,4935;4940
HD,Short,103,2022-10-20T20:00:00Z,247.837295,2022-10-21T20:00:00Z,241.887901,612.79,10.1201,-54.78,612.79,54.78,1.0,True,4909;4941
VRTX,Short,88,2022-10-20T20:00:00Z,292.1,2022-10-21T20:00:00Z,289.69,212.08,10.3868,-695.2,212.08,695.2,1.0,True,4916;4942
NOC,Short,53,2022-10-20T20:00:00Z,479.260118,2022-10-21T20:00:00Z,480.009313,-39.71,10.2753,-541.01,0.0,541.01,1.0,False,4914;4943
SPGI,Long,94,2022-10-20T20:00:00Z,271.075698,2022-10-21T20:00:00Z,266.797144,-402.18,10.1057,-402.18,0.0,402.18,1.0,False,4913;4944
TJX,Short,411,2022-10-20T20:00:00Z,62.749153,2022-10-21T20:00:00Z,61.821499,381.27,10.3514,-542.72,381.27,542.72,1.0,True,4915;4945
UNP,Long,142,2022-10-14T20:00:00Z,181.399155,2022-10-21T20:00:00Z,168.696925,-1803.72,15.1757,-1803.72,369.3,2173.01,7.0,False,4822;4953
SPY,Long,121,2022-10-18T20:00:00Z,356.112124,2022-10-21T20:00:00Z,346.655552,-1144.25,8.6,-1144.25,0.0,1144.25,3.0,False,4864;4957
SPY,Long,56,2022-10-18T20:00:00Z,356.112124,2022-10-25T20:00:00Z,359.577635,194.07,13.5222,-529.57,523.72,529.57,7.0,True,4864;4958
SPY,Long,106,2022-10-18T20:00:00Z,356.112124,2022-10-25T20:00:00Z,359.577635,367.34,7.4703,-1002.4,991.33,1002.4,7.0,True,4897;4958
SPY,Long,23,2022-10-20T20:00:00Z,349.465939,2022-10-25T20:00:00Z,359.577635,232.57,1.5959,-64.64,367.96,200.47,5.0,True,4937;4958
ADBE,Long,84,2022-10-21T20:00:00Z,300.99,2022-10-25T20:00:00Z,319.12,1522.92,10.5867,0.0,1915.2,392.28,4.0,True,4949;4959
COST,Long,57,2022-10-14T20:00:00Z,450.238546,2022-10-25T20:00:00Z,469.982922,1125.43,10.3704,-427.34,1469.58,470.29,11.0,True,4817;4960
COP,Long,240,2022-10-21T20:00:00Z,107.759535,2022-10-25T20:00:00Z,109.217763,349.97,10.4752,0.0,520.75,252.99,4.0,True,4948;4961
ISRG,Short,121,2022-10-21T20:00:00Z,210.5,2022-10-25T20:00:00Z,231.03,-2484.13,11.0439,-3311.77,0.0,3311.77,4.0,False,4956;4962
JPM,Short,241,2022-10-18T20:00:00Z,109.843373,2022-10-25T20:00:00Z,111.400136,-375.18,10.6613,-606.91,843.05,1449.96,7.0,False,4855;4963
NEE,Long,407,2022-10-21T20:00:00Z,63.363293,2022-10-25T20:00:00Z,65.81287,996.98,10.7151,0.0,1763.33,766.35,4.0,True,4950;4964
PEP,Long,170,2022-10-18T20:00:00Z,152.869885,2022-10-25T20:00:00Z,155.595337,463.33,10.4941,-525.7,485.6,525.7,7.0,True,4856;4965
PYPL,Long,308,2022-10-20T20:00:00Z,83.746073,2022-10-25T20:00:00Z,85.21964,453.86,10.6014,-414.26,1388.99,935.13,5.0,True,4936;4966
TMO,Long,51,2022-10-20T20:00:00Z,492.701609,2022-10-25T20:00:00Z,501.493678,448.4,10.0912,-101.27,799.55,351.16,5.0,True,4933;4967
WFC,Short,652,2022-10-20T20:00:00Z,39.473325,2022-10-25T20:00:00Z,40.462983,-645.26,10.4926,-1016.5,0.0,1016.5,5.0,False,4934;4968
ACN,Long,101,2022-10-25T20:00:00Z,253.608518,2022-10-26T20:00:00Z,256.379441,279.86,10.4224,0.0,407.24,127.38,1.0,True,4974;4993
AMGN,Long,117,2022-10-21T20:00:00Z,218.874659,2022-10-26T20:00:00Z,232.554325,1600.52,10.7308,0.0,1980.22,379.7,5.0,True,4951;4994
AMZN,Short,214,2022-10-25T20:00:00Z,119.269536,2022-10-26T20:00:00Z,115.588192,787.81,10.0882,0.0,830.51,42.7,1.0,True,4969;4995
BLK,Long,46,2022-10-25T20:00:00Z,554.454376,2022-10-26T20:00:00Z,577.177916,1045.28,10.6513,0.0,1162.35,117.07,1.0,True,4987;4996
BMY,Long,414,2022-10-25T20:00:00Z,61.523894,2022-10-26T20:00:00Z,61.90503,157.79,10.3244,0.0,634.67,476.88,1.0,True,4976;4997
C,Long,660,2022-10-25T20:00:00Z,38.439131,2022-10-26T20:00:00Z,39.766425,876.01,10.4615,0.0,876.01,0.0,1.0,True,4989;4998
KO,Long,500,2022-10-25T20:00:00Z,52.528136,2022-10-26T20:00:00Z,52.510336,-8.9,10.5323,-8.9,164.65,173.55,1.0,False,4972;4999
MS,Long,366,2022-10-25T20:00:00Z,69.20664,2022-10-26T20:00:00Z,70.940988,634.77,10.4044,0.0,741.1,106.33,1.0,True,4980;5000
ADI,Short,189,2022-10-25T20:00:00Z,135.878239,2022-10-26T20:00:00Z,133.648884,421.35,10.1885,0.0,651.5,230.15,1.0,True,4992;5001
ORCL,Long,370,2022-10-25T20:00:00Z,69.708104,2022-10-26T20:00:00Z,69.024785,-252.83,10.3948,-252.83,488.1,740.93,1.0,False,4973;5002
PLD,Short,280,2022-10-25T20:00:00Z,91.781867,2022-10-26T20:00:00Z,95.983865,-1176.56,10.7907,-1458.34,0.0,1458.34,1.0,False,4991;5003
RTX,Long,310,2022-10-25T20:00:00Z,81.341769,2022-10-26T20:00:00Z,81.617535,85.49,10.1947,0.0,578.47,492.98,1.0,True,4981;5004
T,Long,1880,2022-10-21T20:00:00Z,13.717178,2022-10-26T20:00:00Z,14.549016,1563.86,10.809,0.0,2039.15,475.29,5.0,True,4952;5005
UPS,Long,188,2022-10-25T20:00:00Z,140.051483,2022-10-26T20:00:00Z,136.121467,-738.84,10.2574,-738.84,0.0,738.84,1.0,False,4978;5006
V,Short,142,2022-10-18T20:00:00Z,183.961751,2022-10-26T20:00:00Z,190.613541,-944.55,10.7536,-1873.96,455.75,2329.72,8.0,False,4854;5007
CRM,Short,162,2022-10-25T20:00:00Z,158.965319,2022-10-26T20:00:00Z,156.806531,349.72,15.297,0.0,349.72,0.0,1.0,True,4975;5013
CSCO,Long,639,2022-10-26T20:00:00Z,40.566619,2022-10-27T20:00:00Z,40.349926,-138.47,10.2465,-294.24,0.0,294.24,1.0,False,5011;5030
FB,Short,199,2022-10-25T20:00:00Z,129.559127,2022-10-27T20:00:00Z,97.070294,6465.28,9.282,0.0,6477.1,11.83,2.0,True,4970;5033
INTU,Short,61,2022-10-26T20:00:00Z,413.378777,2022-10-27T20:00:00Z,415.602967,-135.68,10.0292,-135.68,213.88,349.56,1.0,False,5020;5035
NFLX,Short,880,2022-10-26T20:00:00Z,29.029,2022-10-27T20:00:00Z,29.805,-682.88,10.4819,-682.88,0.0,682.88,1.0,False,5018;5038
SBUX,Long,336,2022-10-25T20:00:00Z,76.367728,2022-10-27T20:00:00Z,78.211087,619.37,10.4036,0.0,619.37,186.12,2.0,True,4984;5040
REGN,Short,34,2022-10-26T20:00:00Z,732.457926,2022-10-27T20:00:00Z,735.717169,-110.81,9.8275,-110.81,488.05,598.87,1.0,False,5023;5041
SPY,Long,107,2022-10-26T20:00:00Z,362.397517,2022-10-27T20:00:00Z,363.726754,142.23,33.7632,-173.72,142.23,173.72,1.0,True,5027;5056
ADP,Long,123,2022-10-21T20:00:00Z,207.577878,2022-10-27T20:00:00Z,213.325045,706.9,10.4298,0.0,977.84,311.08,6.0,True,4955;5057
AMT,Long,157,2022-10-25T20:00:00Z,163.59632,2022-10-27T20:00:00Z,174.953755,1783.12,10.8896,0.0,1783.12,0.0,2.0,True,4988;5058
MDT,Short,346,2022-10-26T20:00:00Z,74.51169,2022-10-27T20:00:00Z,74.976183,-160.71,10.367,-166.78,0.0,166.78,1.0,False,5021;5059
AXP,Long,182,2022-10-26T20:00:00Z,141.009413,2022-10-27T20:00:00Z,141.850348,153.05,10.2213,-102.61,153.05,102.61,1.0,True,5022;5060
CRM,Long,158,2022-10-26T20:00:00Z,156.806531,2022-10-27T20:00:00Z,158.769065,310.08,4.9535,-7.75,310.08,7.75,1.0,True,5013;5061
CVS,Short,318,2022-10-26T20:00:00Z,81.172516,2022-10-27T20:00:00Z,81.033104,44.33,10.2758,0.0,127.46,83.12,1.0,True,5019;5062
EOG,Short,224,2022-10-26T20:00:00Z,115.073998,2022-10-27T20:00:00Z,117.387217,-518.16,10.3891,-518.16,0.0,518.16,1.0,False,5024;5063
GS,Short,85,2022-10-25T20:00:00Z,297.727305,2022-10-27T20:00:00Z,308.124968,-883.8,10.3367,-883.8,0.0,883.8,2.0,False,4983;5064
ISRG,Short,107,2022-10-26T20:00:00Z,237.75,2022-10-27T20:00:00Z,242.44,-501.83,10.3437,-501.83,0.0,501.83,1.0,False,5026;5065
VRTX,Short,82,2022-10-25T20:00:00Z,312.0,2022-10-27T20:00:00Z,310.71,105.78,9.7924,0.0,1977.02,1871.24,2.0,True,4990;5066
LIN,Long,97,2022-10-25T20:00:00Z,264.128034,2022-10-27T20:00:00Z,278.958372,1438.54,10.7028,0.0,1515.85,145.42,2.0,True,4979;5067
NKE,Long,303,2022-10-26T20:00:00Z,83.615361,2022-10-27T20:00:00Z,85.549622,586.08,10.2107,-66.98,586.08,66.98,1.0,True,5016;5068
PM,Long,342,2022-10-26T20:00:00Z,75.194192,2022-10-27T20:00:00Z,75.693063,170.61,10.3594,0.0,176.4,5.78,1.0,True,5017;5069
TMO,Long,50,2022-10-26T20:00:00Z,493.93645,2022-10-27T20:00:00Z,492.602822,-66.68,9.8918,-82.98,0.0,82.98,1.0,False,5009;5070
TSLA,Long,105,2022-10-06T20:00:00Z,239.52,2022-10-27T20:00:00Z,229.95,-1004.85,9.7276,-3625.65,0.0,3625.65,21.0,False,4654;5071
TXN,Long,177,2022-10-25T20:00:00Z,144.061537,2022-10-27T20:00:00Z,142.359987,-301.17,10.0576,-780.53,0.0,780.53,2.0,False,4977;5072
MMC,Short,177,2022-10-26T20:00:00Z,144.797518,2022-10-27T20:00:00Z,146.416524,-286.56,10.324,-286.56,0.0,286.56,1.0,False,5025;5073
WFC,Short,624,2022-10-26T20:00:00Z,41.077565,2022-10-27T20:00:00Z,41.592729,-321.46,10.306,-321.46,0.0,321.46,1.0,False,5012;5074
ABBV,Short,194,2022-10-25T20:00:00Z,129.563657,2022-10-28T20:00:00Z,127.568081,387.14,10.103,-928.8,387.14,928.8,3.0,True,4971;5088
AMGN,Long,108,2022-10-27T20:00:00Z,236.984521,2022-10-28T20:00:00Z,238.700006,185.27,10.334,0.0,554.86,369.59,1.0,True,5049;5089
BLK,Short,44,2022-10-27T20:00:00Z,585.022082,2022-10-28T20:00:00Z,589.72131,-206.77,10.5001,-804.67,0.0,804.67,1.0,False,5085;5090
CAT,Long,141,2022-10-25T20:00:00Z,179.70059,2022-10-28T20:00:00Z,200.67463,2957.34,11.0299,0.0,3868.11,910.77,3.0,True,4985;5091
CVX,Short,178,2022-10-21T20:00:00Z,143.955801,2022-10-28T20:00:00Z,154.63653,-1901.17,10.6962,-1901.17,0.0,1901.17,7.0,False,4946;5092
DHR,Long,131,2022-10-27T20:00:00Z,194.040187,2022-10-28T20:00:00Z,192.176638,-244.13,10.0874,-244.13,0.0,244.13,1.0,False,5047;5093
GOOGL,Long,272,2022-10-27T20:00:00Z,93.668677,2022-10-28T20:00:00Z,91.400263,-617.01,10.1583,-617.01,466.12,1083.13,1.0,False,5076;5094
IBM,Short,219,2022-10-27T20:00:00Z,117.663595,2022-10-28T20:00:00Z,117.672275,-1.9,10.3902,-562.7,0.0,562.7,1.0,False,5050;5095
INTC,Short,991,2022-10-27T20:00:00Z,26.183293,2022-10-28T20:00:00Z,26.801721,-612.86,10.4356,-1461.44,0.0,1461.44,1.0,False,5084;5096
JPM,Short,225,2022-10-27T20:00:00Z,114.651024,2022-10-28T20:00:00Z,114.925747,-61.81,10.3301,-181.32,0.0,181.32,1.0,False,5046;5097
MCD,Long,110,2022-10-26T20:00:00Z,234.609338,2022-10-28T20:00:00Z,243.85395,1016.91,10.6321,0.0,1669.49,652.58,2.0,True,5010;5098
MSFT,Long,114,2022-10-27T20:00:00Z,223.563393,2022-10-28T20:00:00Z,218.772956,-546.11,10.2077,-546.11,536.18,1082.29,1.0,False,5075;5099
PG,Short,220,2022-10-20T20:00:00Z,116.264811,2022-10-28T20:00:00Z,120.772113,-991.61,10.4615,-1398.62,0.0,1398.62,8.0,False,4932;5100
AMD,Long,429,2022-10-27T20:00:00Z,61.6,2022-10-28T20:00:00Z,59.06,-1089.66,15.7928,-1089.66,175.89,1265.55,1.0,False,5052;5107
AAPL,Long,181,2022-10-28T20:00:00Z,145.049402,2022-10-31T20:00:00Z,150.064955,907.82,10.9604,0.0,934.41,26.6,3.0,True,5101;5112
AMZN,Long,222,2022-10-27T20:00:00Z,113.453213,2022-10-31T20:00:00Z,103.416814,-2228.08,9.4527,-2498.29,0.0,2498.29,4.0,False,5077;5113
BA,Short,191,2022-10-27T20:00:00Z,137.1,2022-10-31T20:00:00Z,141.88,-912.98,10.7827,-1287.34,0.0,1287.34,4.0,False,5086;5114
EOG,Short,221,2022-10-28T20:00:00Z,117.672053,2022-10-31T20:00:00Z,114.366222,730.59,10.3087,-36.24,730.59,36.24,3.0,True,5110;5115
NKE,Long,308,2022-10-28T20:00:00Z,83.48641,2022-10-31T20:00:00Z,85.623309,658.16,10.5823,0.0,658.16,0.0,3.0,True,5102;5116
SBUX,Long,332,2022-10-28T20:00:00Z,77.085095,2022-10-31T20:00:00Z,78.637875,515.52,10.4727,0.0,515.52,0.0,3.0,True,5106;5117
AMD,Short,439,2022-10-28T20:00:00Z,59.06,2022-10-31T20:00:00Z,60.72,-728.74,10.2462,-728.74,0.0,728.74,3.0,False,5107;5130
PYPL,Long,293,2022-10-27T20:00:00Z,87.573391,2022-10-31T20:00:00Z,84.566919,-880.9,14.8821,-1440.15,0.0,1440.15,4.0,False,5051;5132
ABBV,Short,198,2022-10-31T20:00:00Z,127.060434,2022-11-02T20:00:00Z,128.688404,-322.34,10.0861,-322.34,112.65,434.98,2.0,False,5119;5136
ACN,Short,96,2022-10-31T20:00:00Z,260.963892,2022-11-02T20:00:00Z,257.548568,327.87,9.8335,0.0,974.78,646.9,2.0,True,5121;5137
CI,Short,85,2022-10-31T20:00:00Z,299.059503,2022-11-02T20:00:00Z,300.710894,-140.37,10.1557,-218.44,117.5,257.87,2.0,False,5131;5138
DIS,Short,250,2022-10-31T20:00:00Z,102.676743,2022-11-02T20:00:00Z,102.240439,109.08,10.1033,-16.97,991.38,882.3,2.0,True,5120;5139
AMGN,Long,106,2022-10-31T20:00:00Z,237.311701,2022-11-02T20:00:00Z,240.203266,306.51,15.1541,0.0,345.87,285.88,2.0,True,5122;5144
PLD,Short,264,2022-10-27T20:00:00Z,97.705271,2022-11-02T20:00:00Z,95.074609,694.49,15.2047,-540.68,913.56,540.68,6.0,True,5055;5145
AMD,Long,414,2022-10-31T20:00:00Z,60.72,2022-11-02T20:00:00Z,63.0,943.92,9.8967,-865.26,943.92,865.26,2.0,True,5130;5147
AMGN,Short,106,2022-11-02T20:00:00Z,240.203266,2022-11-03T20:00:00Z,237.453184,291.51,4.9843,0.0,539.9,248.39,1.0,True,5144;5152
BA,Short,179,2022-11-02T20:00:00Z,142.12,2022-11-03T20:00:00Z,148.45,-1133.07,10.8889,-2618.77,0.0,2618.77,1.0,False,5149;5153
COP,Long,235,2022-10-26T20:00:00Z,109.560359,2022-11-03T20:00:00Z,113.935043,1028.05,10.7508,0.0,1878.57,850.52,8.0,True,5014;5155
GS,Short,82,2022-10-31T20:00:00Z,309.723211,2022-11-03T20:00:00Z,314.136542,-361.89,10.3263,-649.32,0.0,649.32,3.0,False,5127;5157
INTC,Short,928,2022-10-31T20:00:00Z,27.658006,2022-11-03T20:00:00Z,26.116693,1430.34,9.857,0.0,1483.31,52.98,3.0,True,5126;5158
VRTX,Short,81,2022-11-02T20:00:00Z,314.47,2022-11-03T20:00:00Z,307.4,572.67,10.0652,0.0,572.67,0.0,1.0,True,5150;5160
LLY,Short,80,2022-10-21T20:00:00Z,318.252469,2022-11-03T20:00:00Z,343.130026,-1990.2,10.8977,-2622.08,0.0,2622.08,13.0,False,4947;5161
LOW,Short,155,2022-10-21T20:00:00Z,165.300239,2022-11-03T20:00:00Z,167.360228,-319.3,10.4175,-2975.8,0.0,2975.8,13.0,False,4954;5162
MA,Short,86,2022-10-05T20:00:00Z,290.88891,2022-11-03T20:00:00Z,308.11734,-1481.64,10.3073,-3001.13,1187.34,4188.47,29.0,False,4632;5163
SPY,Long,252,2022-10-26T20:00:00Z,362.397517,2022-11-03T20:00:00Z,352.627624,-2462.01,22.5445,-2555.33,1753.8,4309.12,8.0,False,5027;5170
SPY,Long,68,2022-10-27T20:00:00Z,363.726754,2022-11-03T20:00:00Z,352.627624,-754.74,14.7917,-779.92,382.86,1162.78,7.0,False,5087;5170
MDT,Short,343,2022-10-28T20:00:00Z,74.976183,2022-11-03T20:00:00Z,74.336409,219.44,10.2711,-658.33,459.93,658.33,6.0,True,5105;5171
BMY,Long,407,2022-10-27T20:00:00Z,62.912924,2022-11-03T20:00:00Z,65.428425,1023.81,10.5538,0.0,1447.81,424.0,7.0,True,5080;5172
CSCO,Short,626,2022-11-02T20:00:00Z,41.144465,2022-11-03T20:00:00Z,39.754022,870.42,9.9951,0.0,972.15,101.74,1.0,True,5140;5173
COST,Short,53,2022-10-26T20:00:00Z,475.009631,2022-11-03T20:00:00Z,459.632232,815.0,9.9753,-697.24,815.0,725.74,8.0,True,5008;5174
DE,Short,69,2022-10-25T20:00:00Z,365.184883,2022-11-03T20:00:00Z,362.503057,185.05,10.3056,-843.21,185.05,843.21,9.0,True,4982;5175
DUK,Long,321,2022-11-02T20:00:00Z,79.837354,2022-11-03T20:00:00Z,78.573213,-405.79,10.2034,-405.79,0.0,405.79,1.0,False,5151;5176
INTU,Short,62,2022-10-28T20:00:00Z,409.872522,2022-11-03T20:00:00Z,365.039072,2779.67,9.5961,-331.2,3433.04,653.37,6.0,True,5104;5177
JNJ,Short,172,2022-09-27T20:00:00Z,148.494849,2022-11-03T20:00:00Z,151.574359,-529.68,10.3067,-1306.53,945.74,2252.27,37.0,False,4404;5178
MS,Short,351,2022-10-31T20:00:00Z,72.686776,2022-11-03T20:00:00Z,73.833479,-402.49,10.3475,-811.23,0.0,811.23,3.0,False,5124;5179
NFLX,Short,866,2022-10-28T20:00:00Z,29.779,2022-11-03T20:00:00Z,27.099,2320.88,9.782,0.0,2488.02,167.14,6.0,True,5103;5180
SCHW,Long,340,2022-11-02T20:00:00Z,75.356869,2022-11-03T20:00:00Z,73.938965,-482.09,10.1483,-482.09,0.0,482.09,1.0,False,5143;5181
NOC,Short,51,2022-10-27T20:00:00Z,478.548383,2022-11-03T20:00:00Z,494.506239,-813.85,10.1351,-1815.4,0.0,1815.4,7.0,False,5053;5182
UNP,Short,150,2022-10-21T20:00:00Z,168.696925,2022-11-03T20:00:00Z,173.63364,-740.51,5.2887,-1886.17,0.0,1886.17,13.0,False,4953;5183
VZ,Long,904,2022-10-20T20:00:00Z,28.439785,2022-11-03T20:00:00Z,29.007803,513.49,10.4315,-844.09,815.95,844.09,14.0,True,4910;5184
UPS,Short,192,2022-11-03T20:00:00Z,131.65554,2022-11-03T20:00:00Z,131.65554,0.0,15.3416,0.0,0.0,0.0,0.0,False,5168;5188
ADBE,Long,79,2022-10-26T20:00:00Z,318.16,2022-11-03T20:00:00Z,297.07,-1666.11,14.4421,-2546.17,594.08,3140.25,8.0,False,5015;5190
ADP,Long,116,2022-10-31T20:00:00Z,218.093199,2022-11-04T20:00:00Z,216.488706,-186.12,10.0644,-472.14,320.72,792.86,4.0,False,5129;5195
AMGN,Long,108,2022-11-03T20:00:00Z,237.453184,2022-11-04T20:00:00Z,231.776167,-613.12,10.2171,-613.12,48.71,661.82,1.0,False,5187;5196
CAT,Short,123,2022-10-31T20:00:00Z,203.092169,2022-11-04T20:00:00Z,212.47902,-1154.58,10.3218,-1485.62,60.4,1546.03,4.0,False,5128;5197
DHR,Short,137,2022-11-03T20:00:00Z,184.506822,2022-11-04T20:00:00Z,188.511143,-548.59,10.3064,-795.46,0.0,795.46,1.0,False,5166;5198
NEE,Long,380,2022-10-27T20:00:00Z,67.865339,2022-11-04T20:00:00Z,70.140903,864.71,10.4627,0.0,1010.53,593.43,8.0,True,5048;5199
PG,Short,213,2022-11-03T20:00:00Z,119.466174,2022-11-04T20:00:00Z,120.255179,-168.06,10.2944,-531.22,0.0,531.22,1.0,False,5165;5200
PLD,Long,268,2022-11-02T20:00:00Z,95.074609,2022-11-04T20:00:00Z,96.045659,260.24,5.0922,-18.93,260.24,89.9,2.0,True,5145;5201
PYPL,Short,301,2022-10-31T20:00:00Z,84.566919,2022-11-04T20:00:00Z,74.153053,3134.57,4.4759,0.0,3134.57,0.0,4.0,True,5132;5202
UPS,Long,192,2022-11-03T20:00:00Z,131.65554,2022-11-04T20:00:00Z,134.797929,603.34,5.1663,0.0,603.34,0.0,1.0,True,5188;5203
WFC,Short,607,2022-11-03T20:00:00Z,42.024342,2022-11-04T20:00:00Z,42.142593,-71.78,10.1958,-331.28,0.0,331.28,1.0,False,5186;5204
NKE,Short,309,2022-11-03T20:00:00Z,82.869289,2022-11-04T20:00:00Z,87.133875,-1317.76,16.0334,-1656.45,0.0,1656.45,1.0,False,5189;5209
AMD,Short,430,2022-11-02T20:00:00Z,63.0,2022-11-07T21:00:00Z,63.0,0.0,5.4249,-34.4,1242.7,1277.1,5.0417,False,5147;5224
ANTM,Short,50,2022-10-27T20:00:00Z,504.169546,2022-11-07T21:00:00Z,488.711005,772.93,10.0192,-623.63,772.93,623.63,11.0417,True,5083;5225
MDT,Short,349,2022-11-04T20:00:00Z,74.336409,2022-11-07T21:00:00Z,74.958655,-217.16,10.411,-220.22,0.0,220.22,3.0417,False,5214;5226
C,Short,660,2022-11-04T20:00:00Z,39.405128,2022-11-07T21:00:00Z,40.173621,-507.21,10.5988,-658.78,0.0,658.78,3.0417,False,5220;5227
DIS,Short,260,2022-11-03T20:00:00Z,97.344145,2022-11-07T21:00:00Z,98.216752,-226.88,10.0653,-226.88,196.63,423.51,4.0417,False,5185;5228
GILD,Long,369,2022-11-04T20:00:00Z,69.380384,2022-11-07T21:00:00Z,69.818724,161.75,10.4683,0.0,750.51,588.76,3.0417,True,5217;5229
LIN,Long,90,2022-11-02T20:00:00Z,286.330843,2022-11-07T21:00:00Z,295.174013,795.89,10.3812,-356.1,1000.83,356.1,5.0417,True,5141;5230
MS,Short,345,2022-11-04T20:00:00Z,75.691317,2022-11-07T21:00:00Z,76.020216,-113.47,10.4552,-141.07,0.0,141.07,3.0417,False,5210;5231
NKE,Long,308,2022-11-04T20:00:00Z,87.133875,2022-11-07T21:00:00Z,88.708916,485.11,5.3016,-329.08,485.11,329.08,3.0417,True,5209;5232
NOW,Short,327,2022-11-03T20:00:00Z,78.124,2022-11-07T21:00:00Z,73.0,1675.55,9.7938,0.0,1888.1,212.55,4.0417,True,5193;5233
RTX,Short,293,2022-10-31T20:00:00Z,86.838704,2022-11-07T21:00:00Z,87.960152,-328.58,10.2879,-457.86,86.19,544.05,7.0417,False,5125;5234
SCHW,Long,344,2022-11-04T20:00:00Z,75.612091,2022-11-07T21:00:00Z,75.016572,-204.86,10.321,-204.86,0.0,204.86,3.0417,False,5208;5235
TXN,Long,175,2022-11-02T20:00:00Z,146.494271,2022-11-07T21:00:00Z,147.302441,141.43,10.1886,-1040.29,400.72,1040.29,5.0417,True,5142;5236
VZ,Long,889,2022-11-04T20:00:00Z,29.06227,2022-11-07T21:00:00Z,29.023365,-34.59,10.2972,-110.68,0.0,110.68,3.0417,False,5207;5237
CRM,Long,174,2022-11-03T20:00:00Z,146.208843,2022-11-07T21:00:00Z,137.985822,-1430.81,15.2407,-1575.94,0.0,1575.94,4.0417,False,5167;5241
SBUX,Short,334,2022-11-04T20:00:00Z,83.632197,2022-11-07T21:00:00Z,83.241732,130.42,16.1181,0.0,500.43,370.02,3.0417,True,5218;5244
AAPL,Long,181,2022-11-03T20:00:00Z,139.103228,2022-11-09T21:00:00Z,135.732882,-610.03,9.7155,-1224.53,0.0,1224.53,6.0417,False,5164;5268
ABT,Long,287,2022-11-04T20:00:00Z,90.602271,2022-11-09T21:00:00Z,92.528599,552.86,10.5059,0.0,552.86,39.87,5.0417,True,5206;5269
AMGN,Long,107,2022-11-07T21:00:00Z,237.117161,2022-11-09T21:00:00Z,256.385418,2061.7,10.7233,0.0,2293.51,259.25,2.0,True,5239;5270
AXP,Long,193,2022-11-04T20:00:00Z,136.07848,2022-11-09T21:00:00Z,142.834623,1303.94,10.7177,0.0,1438.57,804.12,5.0417,True,5215;5271
BA,Short,164,2022-11-04T20:00:00Z,156.25,2022-11-09T21:00:00Z,169.29,-2138.56,10.783,-2192.68,0.0,2192.68,5.0417,False,5219;5272
BLK,Short,43,2022-11-02T20:00:00Z,591.257421,2022-11-09T21:00:00Z,615.689772,-1050.59,10.2279,-1400.79,651.93,2052.72,7.0417,False,5146;5273
CRM,Short,187,2022-11-07T21:00:00Z,137.985822,2022-11-09T21:00:00Z,143.11785,-959.69,5.2135,-1189.06,0.0,1189.06,2.0,False,5241;5274
DE,Short,68,2022-11-04T20:00:00Z,380.990541,2022-11-09T21:00:00Z,380.733771,17.46,10.2458,-255.44,228.28,375.08,5.0417,True,5212;5275
VRTX,Short,82,2022-11-04T20:00:00Z,311.63,2022-11-09T21:00:00Z,306.5,420.66,10.1378,0.0,688.8,501.02,5.0417,True,5222;5276
NEE,Long,365,2022-11-07T21:00:00Z,70.256912,2022-11-09T21:00:00Z,70.140903,-42.34,10.1292,-172.63,0.0,172.63,2.0,False,5238;5277
NFLX,Short,985,2022-11-07T21:00:00Z,26.08,2022-11-09T21:00:00Z,25.966,112.29,10.1112,-262.01,604.79,492.5,2.0,True,5243;5278
NVDA,Short,2176,2022-10-11T20:00:00Z,11.524106,2022-11-09T21:00:00Z,14.109706,-5626.27,10.9976,-6582.41,734.99,7317.4,29.0417,False,4740;5279
SBUX,Long,308,2022-11-07T21:00:00Z,83.241732,2022-11-09T21:00:00Z,83.637944,122.03,5.1549,0.0,302.06,180.02,2.0,True,5244;5280
SPGI,Long,93,2022-10-25T20:00:00Z,271.642515,2022-11-09T21:00:00Z,291.225131,1821.18,10.647,0.0,2533.67,1498.95,15.0417,True,4986;5281
SYK,Short,121,2022-11-02T20:00:00Z,211.583188,2022-11-09T21:00:00Z,202.21181,1133.94,9.7677,0.0,1645.55,927.66,7.0417,True,5148;5282
UNP,Short,145,2022-11-04T20:00:00Z,178.451727,2022-11-09T21:00:00Z,185.706233,-1051.9,10.5881,-1118.06,0.0,1118.06,5.0417,False,5211;5283
UPS,Long,190,2022-11-07T21:00:00Z,134.70049,2022-11-09T21:00:00Z,136.56806,354.84,10.2811,-280.79,450.49,731.28,2.0,True,5240;5284
MMC,Short,171,2022-11-03T20:00:00Z,148.609713,2022-11-09T21:00:00Z,152.196,-613.26,10.248,-817.67,0.0,817.67,6.0417,False,5194;5285
SPY,Long,110,2022-10-27T20:00:00Z,363.726754,2022-11-09T21:00:00Z,360.75496,-326.9,7.8148,-1261.64,619.33,1880.97,13.0417,False,5087;5291
BKNG,Long,351,2022-11-09T21:00:00Z,71.895476,2022-11-10T21:00:00Z,76.070883,1465.57,10.4571,0.0,1465.57,0.0,1.0,True,5266;5292
CI,Short,85,2022-11-07T21:00:00Z,300.590287,2022-11-10T21:00:00Z,305.275414,-398.24,10.2155,-398.24,52.05,450.28,3.0,False,5245;5293
INTC,Short,986,2022-11-04T20:00:00Z,26.594782,2022-11-10T21:00:00Z,27.896557,-1283.55,11.0214,-2072.7,57.05,2129.74,6.0417,False,5213;5294
INTU,Long,72,2022-11-04T20:00:00Z,360.979198,2022-11-10T21:00:00Z,385.930916,1796.52,10.6914,-217.48,2208.42,980.43,6.0417,True,5216;5295
LLY,Short,73,2022-11-04T20:00:00Z,353.92613,2022-11-10T21:00:00Z,356.755988,-206.58,10.2713,-224.27,131.59,355.85,6.0417,False,5205;5296
PFE,Long,682,2022-10-31T20:00:00Z,37.316074,2022-11-10T21:00:00Z,38.091562,528.88,10.2043,-65.38,528.88,562.69,10.0417,True,5118;5297
PM,Short,328,2022-10-31T20:00:00Z,77.832288,2022-11-10T21:00:00Z,78.64401,-266.24,10.2671,-332.81,1028.93,1361.73,10.0417,False,5123;5298
SCHW,Long,338,2022-11-09T21:00:00Z,75.271794,2022-11-10T21:00:00Z,76.248119,330.0,10.0492,-272.33,330.0,272.33,1.0,True,5262;5299
NOC,Short,52,2022-11-04T20:00:00Z,492.595791,2022-11-10T21:00:00Z,506.437171,-719.75,10.269,-727.06,0.0,727.06,6.0417,False,5221;5300
V,Short,130,2022-10-27T20:00:00Z,196.838686,2022-11-10T21:00:00Z,197.366111,-68.57,10.3445,-799.18,1088.67,1470.55,14.0417,False,5078;5301
XOM,Short,285,2022-10-07T20:00:00Z,89.639413,2022-11-10T21:00:00Z,96.858635,-2057.48,10.5749,-2962.47,1044.99,4007.46,34.0417,False,4677;5302
ANTM,Short,52,2022-11-10T21:00:00Z,501.325401,2022-11-14T21:00:00Z,466.260214,1823.39,9.9496,0.0,1947.7,124.31,4.0,True,5312;5318
COP,Long,232,2022-11-10T21:00:00Z,112.529522,2022-11-14T21:00:00Z,116.733717,975.37,10.7198,0.0,1194.27,218.9,4.0,True,5308;5319
DIS,Short,304,2022-11-10T21:00:00Z,87.018297,2022-11-14T21:00:00Z,93.078067,-1842.17,10.8909,-1842.17,0.0,1842.17,4.0,False,5310;5320
NKE,Long,295,2022-11-09T21:00:00Z,85.356196,2022-11-14T21:00:00Z,96.77755,3369.3,10.678,0.0,3646.45,461.92,5.0,True,5287;5325
PLD,Short,263,2022-11-09T21:00:00Z,96.831326,2022-11-14T21:00:00Z,102.05734,-1374.44,10.2716,-2008.26,0.0,2008.26,5.0,False,5265;5328
UNH,Short,53,2022-10-18T20:00:00Z,492.345518,2022-11-14T21:00:00Z,483.090903,490.49,10.1627,-1135.49,895.15,1708.39,27.0417,True,4853;5332
AMD,Short,427,2022-11-10T21:00:00Z,64.25,2022-11-14T21:00:00Z,75.22,-4684.19,12.1268,-4684.19,0.0,4684.19,4.0,False,5314;5351
MDT,Long,362,2022-11-09T21:00:00Z,70.410129,2022-11-14T21:00:00Z,73.311019,1050.12,10.2912,0.0,1050.12,206.22,5.0,True,5289;5352
BMY,Long,378,2022-11-10T21:00:00Z,68.392819,2022-11-14T21:00:00Z,64.869425,-1331.84,9.9741,-1533.54,0.0,1533.54,4.0,False,5307;5353
CAT,Short,117,2022-11-09T21:00:00Z,214.263844,2022-11-14T21:00:00Z,222.866883,-1006.56,10.2101,-1061.8,0.0,1061.8,5.0,False,5264;5354
EOG,Short,219,2022-11-03T20:00:00Z,116.196082,2022-11-14T21:00:00Z,126.648723,-2289.13,10.758,-2578.34,0.0,2578.34,11.0417,False,5169;5355
FB,Long,254,2022-11-10T21:00:00Z,106.004723,2022-11-14T21:00:00Z,109.946965,1001.33,11.3764,0.0,1811.45,810.12,4.0,True,5305;5356
GS,Short,77,2022-11-09T21:00:00Z,329.592282,2022-11-14T21:00:00Z,348.707635,-1471.88,10.4096,-1553.69,0.0,1553.69,5.0,False,5288;5357
HUM,Long,47,2022-11-09T21:00:00Z,536.149535,2022-11-14T21:00:00Z,509.176595,-1267.73,9.7692,-1365.11,0.0,1365.11,5.0,False,5267;5358
LIN,Long,85,2022-11-10T21:00:00Z,313.088075,2022-11-14T21:00:00Z,315.963054,244.37,10.6532,0.0,244.37,0.0,4.0,True,5309;5359
LMT,Short,59,2022-11-07T21:00:00Z,434.036306,2022-11-14T21:00:00Z,421.046163,766.42,10.0957,-599.76,1064.18,599.76,7.0,True,5242;5360
MO,Short,769,2022-10-28T20:00:00Z,33.777158,2022-11-14T21:00:00Z,32.79843,752.64,10.2178,-203.72,1092.18,594.19,17.0417,True,5109;5361
NVDA,Short,1864,2022-11-10T21:00:00Z,14.746391,2022-11-14T21:00:00Z,16.159255,-2633.58,11.9031,-2836.02,0.0,2836.02,4.0,False,5303;5362
ORCL,Long,361,2022-10-27T20:00:00Z,70.941876,2022-11-14T21:00:00Z,73.675155,986.71,10.5359,0.0,1305.34,1058.66,18.0417,True,5079;5363
PYPL,Short,345,2022-11-07T21:00:00Z,75.774966,2022-11-14T21:00:00Z,89.165634,-4619.78,11.4075,-4916.62,0.0,4916.62,7.0,False,5247;5364
SBUX,Long,305,2022-11-10T21:00:00Z,85.747615,2022-11-14T21:00:00Z,88.587908,866.29,10.7899,0.0,983.28,116.99,4.0,True,5313;5365
RTX,Short,288,2022-11-09T21:00:00Z,88.180765,2022-11-14T21:00:00Z,86.084944,603.6,9.9583,-505.64,788.91,505.64,5.0,True,5263;5366
REGN,Short,34,2022-10-31T20:00:00Z,738.233423,2022-11-14T21:00:00Z,730.981855,246.55,10.0424,-495.46,362.08,495.46,14.0417,True,5134;5367
SYK,Short,128,2022-11-10T21:00:00Z,204.696718,2022-11-14T21:00:00Z,214.983082,-1316.65,10.7983,-1449.8,0.0,1449.8,4.0,False,5315;5368
T,Short,1734,2022-10-27T20:00:00Z,14.95678,2022-11-14T21:00:00Z,15.576581,-1074.74,10.4985,-1074.74,254.54,1329.28,18.0417,False,5081;5369
VZ,Long,865,2022-11-09T21:00:00Z,29.505791,2022-11-14T21:00:00Z,29.972655,403.84,15.3423,0.0,403.84,148.07,5.0,True,5261;5376
ADBE,Short,85,2022-11-03T20:00:00Z,297.07,2022-11-14T21:00:00Z,337.94,-3473.95,10.8918,-3746.8,962.2,4709.0,11.0417,False,5190;5377
AMGN,Long,101,2022-11-14T21:00:00Z,251.75184,2022-11-14T21:00:00Z,251.75184,0.0,15.2883,0.0,0.0,0.0,0.0,False,5338;5378
SPY,Long,27,2022-10-27T20:00:00Z,363.726754,2022-11-14T21:00:00Z,376.648838,348.9,8.0282,-309.67,395.3,461.69,18.0417,True,5087;5383
SPY,Long,80,2022-10-28T20:00:00Z,360.688498,2022-11-14T21:00:00Z,376.648838,1276.83,26.3721,-674.49,1414.31,1175.81,17.0417,True,5111;5383
AVGO,Long,524,2022-11-14T21:00:00Z,48.601473,2022-11-15T21:00:00Z,49.975429,719.95,10.2547,0.0,719.95,0.0,1.0,True,5335;5384
BA,Short,144,2022-11-14T21:00:00Z,176.5,2022-11-15T21:00:00Z,175.74,109.44,10.0483,0.0,165.6,56.16,1.0,True,5349;5385
BLK,Long,36,2022-11-14T21:00:00Z,690.795616,2022-11-15T21:00:00Z,688.123328,-96.2,9.6952,-644.29,0.0,644.29,1.0,False,5347;5386
DE,Short,66,2022-11-14T21:00:00Z,384.756511,2022-11-15T21:00:00Z,391.584707,-450.66,10.2172,-450.66,0.0,450.66,1.0,False,5346;5387
GILD,Short,357,2022-11-14T21:00:00Z,71.545781,2022-11-15T21:00:00Z,72.869567,-472.59,10.3814,-472.59,0.0,472.59,1.0,False,5380;5388
LLY,Short,75,2022-11-14T21:00:00Z,349.772415,2022-11-15T21:00:00Z,347.799594,147.96,10.2933,0.0,725.96,578.0,1.0,True,5334;5389
PGR,Long,222,2022-11-14T21:00:00Z,115.567186,2022-11-15T21:00:00Z,112.840125,-605.41,9.9635,-739.04,0.0,739.04,1.0,False,5381;5390
NEE,Long,344,2022-11-14T21:00:00Z,74.14768,2022-11-15T21:00:00Z,73.728262,-144.28,10.1039,-144.28,0.0,144.28,1.0,False,5337;5391
SCHW,Short,344,2022-11-14T21:00:00Z,73.110609,2022-11-15T21:00:00Z,73.404454,-101.08,10.0933,-381.51,0.0,381.51,1.0,False,5342;5392
SPY,Long,277,2022-10-28T20:00:00Z,360.688498,2022-11-15T21:00:00Z,380.816946,5575.58,29.5868,-2335.43,5575.58,4071.23,18.0417,True,5111;5405
SPY,Long,114,2022-10-31T20:00:00Z,366.954902,2022-11-15T21:00:00Z,380.816946,1580.27,42.2426,-1675.52,1580.27,1675.52,15.0417,True,5135;5405
ADP,Short,119,2022-11-07T21:00:00Z,216.216758,2022-11-16T21:00:00Z,230.838493,-1739.99,10.6585,-1764.8,0.0,1764.8,9.0,False,5246;5406
LIN,Long,80,2022-11-15T21:00:00Z,321.703524,2022-11-16T21:00:00Z,317.500172,-336.27,10.1131,-403.83,0.0,403.83,1.0,False,5396;5407
LMT,Short,61,2022-11-15T21:00:00Z,419.067055,2022-11-16T21:00:00Z,418.527299,32.93,10.241,-21.95,32.93,21.95,1.0,True,5399;5408
PLD,Short,257,2022-11-15T21:00:00Z,100.768492,2022-11-16T21:00:00Z,98.83522,496.85,10.2746,0.0,496.85,0.0,1.0,True,5400;5409
BX,Long,284,2022-11-15T21:00:00Z,93.801026,2022-11-16T21:00:00Z,85.884655,-2248.25,9.6393,-2990.12,0.0,2990.12,1.0,False,5402;5410
NOC,Long,56,2022-11-15T21:00:00Z,454.199542,2022-11-16T21:00:00Z,467.310456,734.21,10.5501,0.0,1055.69,321.48,1.0,True,5403;5411
TJX,Short,374,2022-10-31T20:00:00Z,68.315076,2022-11-16T21:00:00Z,70.698763,-891.5,10.7225,-2537.42,669.1,3206.52,16.0417,False,5133;5412
UNH,Long,53,2022-11-14T21:00:00Z,483.090903,2022-11-16T21:00:00Z,468.181718,-790.19,10.0578,-931.45,0.0,931.45,2.0,False,5371;5413
UNP,Short,129,2022-11-14T21:00:00Z,197.879203,2022-11-16T21:00:00Z,192.677859,670.97,10.1051,0.0,728.65,189.52,2.0,True,5343;5414
ADBE,Long,75,2022-11-14T21:00:00Z,337.94,2022-11-16T21:00:00Z,345.0,529.5,10.0169,0.0,601.5,566.25,2.0,True,5377;5421
CRM,Short,183,2022-11-10T21:00:00Z,148.563884,2022-11-16T21:00:00Z,157.002784,-1544.32,16.0553,-1916.03,0.0,1916.03,6.0,False,5311;5422
BA,Short,145,2022-11-16T21:00:00Z,173.71,2022-11-17T21:00:00Z,169.22,651.05,10.0186,0.0,651.05,0.0,1.0,True,5427;5433
DE,Short,65,2022-11-16T21:00:00Z,387.295687,2022-11-17T21:00:00Z,382.921076,284.35,10.1301,-354.82,284.35,354.82,1.0,True,5426;5434
COP,Long,217,2022-11-15T21:00:00Z,117.800704,2022-11-17T21:00:00Z,112.298223,-1194.04,10.1524,-1194.04,0.0,1194.04,2.0,False,5395;5435
EOG,Short,200,2022-11-16T21:00:00Z,125.725162,2022-11-17T21:00:00Z,122.186282,707.78,9.9413,0.0,707.78,0.0,1.0,True,5429;5436
MMM,Long,316,2022-11-14T21:00:00Z,80.787208,2022-11-17T21:00:00Z,77.73746,-963.72,10.0023,-963.72,0.0,963.72,3.0,False,5382;5437
ORCL,Short,339,2022-11-16T21:00:00Z,75.174662,2022-11-17T21:00:00Z,74.823512,119.04,10.2368,0.0,119.04,0.0,1.0,True,5419;5438
SYK,Short,119,2022-11-16T21:00:00Z,214.125885,2022-11-17T21:00:00Z,210.263683,459.6,10.0915,0.0,459.6,0.0,1.0,True,5430;5439
VZ,Short,859,2022-11-14T21:00:00Z,29.972655,2022-11-17T21:00:00Z,29.217892,648.34,5.1012,0.0,648.34,307.46,3.0,True,5376;5440
XOM,Long,252,2022-11-16T21:00:00Z,100.202689,2022-11-17T21:00:00Z,98.160082,-514.74,10.071,-514.74,0.0,514.74,1.0,False,5415;5441
ADBE,Short,73,2022-11-16T21:00:00Z,345.0,2022-11-17T21:00:00Z,331.4,992.8,9.9998,0.0,992.8,0.0,1.0,True,5421;5446
CRM,Long,160,2022-11-16T21:00:00Z,157.002784,2022-11-17T21:00:00Z,147.582617,-1507.23,9.6063,-1618.7,0.0,1618.7,1.0,False,5422;5447
SPY,Long,75,2022-10-31T20:00:00Z,366.954902,2022-11-17T21:00:00Z,370.752722,284.84,5.6147,-1102.32,1039.65,1102.32,17.0417,True,5135;5453
CSCO,Long,633,2022-11-14T21:00:00Z,40.449244,2022-11-18T21:00:00Z,42.372388,1217.35,10.5767,-234.33,1708.86,491.51,4.0,True,5336;5454
DIS,Long,278,2022-11-14T21:00:00Z,93.078067,2022-11-18T21:00:00Z,90.188769,-803.22,10.0371,-1204.84,0.0,1204.84,4.0,False,5375;5455
DUK,Long,312,2022-11-15T21:00:00Z,82.510842,2022-11-18T21:00:00Z,83.245482,229.21,10.3892,-23.89,365.1,388.99,3.0,True,5404;5456
GS,Short,73,2022-11-16T21:00:00Z,346.873288,2022-11-18T21:00:00Z,346.237623,46.4,10.0965,0.0,184.29,137.88,2.0,True,5424;5457
LIN,Long,80,2022-11-17T21:00:00Z,313.021656,2022-11-18T21:00:00Z,316.323612,264.16,10.0994,0.0,380.29,116.14,1.0,True,5444;5458
PGR,Long,227,2022-11-16T21:00:00Z,112.019271,2022-11-18T21:00:00Z,118.19392,1401.65,10.5287,0.0,1401.65,0.0,2.0,True,5431;5459
SO,Long,453,2022-11-17T21:00:00Z,55.791381,2022-11-18T21:00:00Z,55.855335,28.97,10.1531,-150.92,369.21,340.23,1.0,True,5452;5460
WMT,Short,564,2022-11-14T21:00:00Z,45.121943,2022-11-18T21:00:00Z,47.721155,-1465.96,10.3575,-1507.22,0.0,1507.22,4.0,False,5333;5461
AMD,Short,350,2022-11-17T21:00:00Z,70.53,2022-11-21T21:00:00Z,72.15,-567.0,10.2452,-1064.0,0.0,1064.0,4.0,False,5448;5473
BKNG,Long,336,2022-11-18T21:00:00Z,76.575324,2022-11-21T21:00:00Z,75.136242,-483.53,10.1348,-528.83,0.0,528.83,3.0,False,5469;5474
CAT,Short,115,2022-11-16T21:00:00Z,220.978181,2022-11-21T21:00:00Z,218.47565,287.79,10.0909,0.0,386.62,187.88,5.0,True,5425;5475
COP,Long,220,2022-11-18T21:00:00Z,113.23294,2022-11-21T21:00:00Z,110.261247,-653.77,9.8582,-653.77,0.0,653.77,3.0,False,5463;5476
LOW,Short,132,2022-11-14T21:00:00Z,193.407033,2022-11-21T21:00:00Z,194.984502,-208.23,10.1666,-816.98,0.0,816.98,7.0,False,5344;5477
MMM,Long,325,2022-11-18T21:00:00Z,78.92754,2022-11-21T21:00:00Z,78.088935,-272.55,10.1981,-272.55,0.0,272.55,3.0,False,5471;5478
TSLA,Long,130,2022-11-14T21:00:00Z,192.81,2022-11-21T21:00:00Z,175.94,-2193.1,9.3293,-3242.2,209.3,3451.5,7.0,False,5370;5479
UNP,Short,133,2022-11-18T21:00:00Z,193.097617,2022-11-21T21:00:00Z,191.537213,207.53,10.2638,-80.1,207.53,80.1,3.0,True,5465;5480
UPS,Short,175,2022-11-14T21:00:00Z,145.971741,2022-11-21T21:00:00Z,146.098776,-22.23,15.4321,-482.63,293.31,652.59,7.0,False,5339;5482
ADBE,Long,75,2022-11-17T21:00:00Z,331.4,2022-11-21T21:00:00Z,329.37,-152.25,9.7733,-743.25,0.0,743.25,4.0,False,5446;5483
ANTM,Long,56,2022-11-18T21:00:00Z,455.441125,2022-11-23T21:00:00Z,480.008489,1375.77,10.6169,0.0,1375.77,0.0,5.0,True,5468;5488
INTC,Short,873,2022-11-14T21:00:00Z,29.198332,2022-11-23T21:00:00Z,28.648693,479.83,10.1051,-361.98,1128.03,740.8,9.0,True,5345;5491
LIN,Long,80,2022-11-21T21:00:00Z,315.621472,2022-11-23T21:00:00Z,323.30706,614.85,10.2801,0.0,775.77,160.92,2.0,True,5481;5492
PLD,Short,254,2022-11-17T21:00:00Z,98.702804,2022-11-23T21:00:00Z,102.233895,-896.9,10.2175,-896.9,0.0,896.9,6.0,False,5449;5495
UPS,Long,174,2022-11-21T21:00:00Z,146.098776,2022-11-23T21:00:00Z,150.278647,727.3,5.2149,0.0,727.3,0.0,2.0,True,5482;5497
TXN,Short,163,2022-11-17T21:00:00Z,153.669024,2022-11-23T21:00:00Z,158.940088,-859.18,15.5158,-1148.99,0.0,1148.99,6.0,False,5445;5501
ADBE,Short,77,2022-11-21T21:00:00Z,329.37,2022-11-23T21:00:00Z,329.93,-43.12,5.171,-493.57,0.0,493.57,2.0,False,5483;5507
AMGN,Short,101,2022-11-14T21:00:00Z,251.75184,2022-11-23T21:00:00Z,255.925423,-421.53,5.097,-486.28,98.24,584.52,9.0,False,5378;5508
CVS,Short,305,2022-11-03T20:00:00Z,83.864906,2022-11-23T21:00:00Z,86.931966,-935.45,10.5164,-1435.07,350.79,1435.07,20.0417,False,5191;5509
CVX,Short,161,2022-11-09T21:00:00Z,156.347149,2022-11-23T21:00:00Z,157.625178,-205.76,9.9639,-601.52,345.29,946.81,14.0,False,5286;5510
DE,Short,64,2022-11-18T21:00:00Z,394.761055,2022-11-23T21:00:00Z,409.121189,-919.05,10.3686,-1364.57,206.94,1571.51,5.0,False,5467;5511
GILD,Short,350,2022-11-16T21:00:00Z,72.483828,2022-11-23T21:00:00Z,74.570324,-730.27,10.3282,-840.74,0.0,840.74,7.0,False,5428;5512
MS,Short,317,2022-11-14T21:00:00Z,80.242574,2022-11-23T21:00:00Z,80.002566,76.08,10.1331,-64.81,371.96,295.88,9.0,True,5340;5513
NEE,Long,344,2022-11-16T21:00:00Z,74.120908,2022-11-23T21:00:00Z,74.927853,277.59,10.4171,-217.95,703.37,425.78,7.0,True,5420;5514
NKE,Long,265,2022-11-15T21:00:00Z,99.467094,2022-11-23T21:00:00Z,97.634151,-485.73,10.4156,-1015.4,0.0,1015.4,8.0,False,5397;5515
PG,Short,206,2022-11-10T21:00:00Z,126.331421,2022-11-23T21:00:00Z,132.362318,-1242.36,10.746,-1341.38,0.0,1341.38,13.0,False,5304;5516
TMUS,Long,185,2022-11-14T21:00:00Z,138.228831,2022-11-23T21:00:00Z,142.964055,876.02,10.3366,-239.55,935.47,258.78,9.0,True,5374;5517
BMY,Long,390,2022-11-18T21:00:00Z,65.665576,2022-11-25T18:00:00Z,67.173183,587.97,10.3515,0.0,587.97,33.03,6.875,True,5464;5524
C,Short,626,2022-11-09T21:00:00Z,40.394452,2022-11-25T18:00:00Z,42.576265,-1365.81,10.3559,-2482.8,0.0,2482.8,15.875,False,5290;5525
IBM,Short,203,2022-11-14T21:00:00Z,125.285507,2022-11-25T18:00:00Z,130.239656,-1005.69,10.4339,-1153.69,0.0,1153.69,10.875,False,5379;5526
INTU,Short,66,2022-11-23T21:00:00Z,379.200071,2022-11-25T18:00:00Z,383.502761,-283.98,10.1068,-283.98,0.0,283.98,1.875,False,5504;5527
KO,Short,459,2022-11-23T21:00:00Z,55.625356,2022-11-25T18:00:00Z,55.794457,-77.62,10.239,-77.62,0.0,77.62,1.875,False,5499;5528
PM,Short,320,2022-11-14T21:00:00Z,79.946147,2022-11-25T18:00:00Z,82.871728,-936.19,10.3998,-1001.12,0.0,1001.12,10.875,False,5341;5529
TXN,Long,160,2022-11-23T21:00:00Z,158.940088,2022-11-25T18:00:00Z,160.960513,323.27,5.0881,0.0,323.27,0.0,1.875,True,5501;5530
MMC,Short,158,2022-11-23T21:00:00Z,160.724021,2022-11-25T18:00:00Z,161.411157,-108.57,10.1819,-159.13,0.0,159.13,1.875,False,5523;5531
COP,Short,222,2022-11-23T21:00:00Z,112.509857,2022-11-25T18:00:00Z,111.892592,137.03,15.0261,0.0,152.69,15.66,1.875,True,5500;5534
SPY,Long,92,2022-10-31T20:00:00Z,366.954902,2022-11-25T18:00:00Z,381.548026,1342.57,7.0287,-1352.18,1391.48,1352.18,24.9167,True,5135;5540
ABT,Long,270,2022-11-15T21:00:00Z,95.807062,2022-11-29T21:00:00Z,97.242548,387.58,10.4092,-222.55,877.68,490.1,14.0,True,5394;5541
SLB,Long,530,2022-11-18T21:00:00Z,47.057028,2022-11-29T21:00:00Z,46.020209,-549.51,10.0735,-896.58,915.86,1812.43,11.0,False,5470;5548
ACN,Long,95,2022-11-14T21:00:00Z,263.421821,2022-11-29T21:00:00Z,266.33083,276.36,10.0903,0.0,896.41,736.37,15.0,True,5372;5558
ANTM,Short,53,2022-11-23T21:00:00Z,480.008489,2022-11-29T21:00:00Z,484.732982,-250.4,10.244,-371.09,0.0,371.09,6.0,False,5521;5559
MDT,Short,373,2022-11-23T21:00:00Z,67.929911,2022-11-29T21:00:00Z,66.957105,362.86,10.1665,-526.31,451.12,526.31,6.0,True,5522;5560
BKNG,Long,334,2022-11-23T21:00:00Z,76.384254,2022-11-29T21:00:00Z,77.569357,395.82,10.4055,0.0,812.79,416.97,6.0,True,5506;5561
CAT,Short,113,2022-11-23T21:00:00Z,224.406176,2022-11-29T21:00:00Z,220.317135,462.06,10.0744,0.0,568.77,300.93,6.0,True,5520;5562
CRM,Short,167,2022-11-17T21:00:00Z,147.582617,2022-11-29T21:00:00Z,149.859157,-380.18,4.9712,-539.14,909.49,1448.63,12.0,False,5447;5563
COP,Long,228,2022-11-25T18:00:00Z,111.892592,2022-11-29T21:00:00Z,110.949057,-215.13,4.9961,-613.21,0.0,613.21,4.125,False,5534;5564
DUK,Long,305,2022-11-21T21:00:00Z,83.323152,2022-11-29T21:00:00Z,84.6004,389.56,10.2644,0.0,808.07,442.2,8.0,True,5486;5565
GS,Short,74,2022-11-21T21:00:00Z,344.076362,2022-11-29T21:00:00Z,346.101409,-149.85,10.2669,-669.3,0.0,669.3,8.0,False,5485;5566
LLY,Short,72,2022-11-23T21:00:00Z,351.045516,2022-11-29T21:00:00Z,355.195243,-298.78,10.1553,-315.57,0.0,315.57,6.0,False,5518;5567
PGR,Long,214,2022-11-23T21:00:00Z,118.567865,2022-11-29T21:00:00Z,117.418669,-245.93,10.2357,-245.93,306.43,552.36,6.0,False,5505;5568
MS,Short,318,2022-11-25T18:00:00Z,79.74478,2022-11-29T21:00:00Z,79.629221,36.75,10.2888,-387.27,36.75,387.27,4.125,True,5535;5569
NEE,Long,334,2022-11-25T18:00:00Z,76.479507,2022-11-29T21:00:00Z,74.3628,-706.98,10.0553,-832.8,0.0,832.8,4.125,False,5533;5570
ORCL,Short,339,2022-11-18T21:00:00Z,75.924416,2022-11-29T21:00:00Z,77.186659,-427.9,10.332,-875.1,57.91,933.02,11.0,False,5462;5571
PLD,Short,250,2022-11-25T18:00:00Z,102.498727,2022-11-29T21:00:00Z,98.517422,995.33,10.1589,0.0,1035.05,518.63,4.125,True,5538;5572
T,Short,1644,2022-11-16T21:00:00Z,15.495028,2022-11-29T21:00:00Z,15.315612,294.96,10.1788,-160.89,294.96,375.4,13.0,True,5423;5573
TGT,Long,187,2022-11-17T21:00:00Z,134.588182,2022-11-29T21:00:00Z,144.180955,1793.85,10.7693,0.0,2113.59,821.5,12.0,True,5451;5574
TJX,Short,339,2022-11-17T21:00:00Z,73.141568,2022-11-29T21:00:00Z,76.363789,-1092.33,10.1964,-1314.67,0.0,1314.67,12.0,False,5450;5575
UNH,Long,53,2022-11-17T21:00:00Z,475.094916,2022-11-29T21:00:00Z,492.040116,898.1,10.2348,0.0,1189.94,628.32,12.0,True,5442;5576
BA,Short,148,2022-11-29T21:00:00Z,173.19,2022-11-30T21:00:00Z,178.0,-711.88,10.4843,-842.12,0.0,842.12,1.0,False,5556;5584
C,Short,611,2022-11-29T21:00:00Z,41.798939,2022-11-30T21:00:00Z,41.586941,129.53,10.3614,-582.89,129.53,582.89,1.0,True,5581;5585
CVX,Short,166,2022-11-29T21:00:00Z,154.6406,2022-11-30T21:00:00Z,156.930491,-380.12,10.3684,-410.02,0.0,410.02,1.0,False,5577;5586
MMM,Long,331,2022-11-29T21:00:00Z,76.510384,2022-11-30T21:00:00Z,77.632635,371.47,10.2879,0.0,383.71,12.25,1.0,True,5557;5587
NOW,Long,317,2022-11-29T21:00:00Z,80.174,2022-11-30T21:00:00Z,78.822,-428.58,10.3107,-428.58,978.26,1406.85,1.0,False,5582;5588
PM,Short,308,2022-11-29T21:00:00Z,82.711075,2022-11-30T21:00:00Z,82.820996,-33.86,10.2848,-481.79,0.0,481.79,1.0,False,5553;5589
UNP,Short,131,2022-11-25T18:00:00Z,194.366015,2022-11-30T21:00:00Z,194.11051,33.47,10.2986,-529.56,535.54,1065.1,5.125,True,5536;5590
WFC,Long,592,2022-11-14T21:00:00Z,42.93396,2022-11-30T21:00:00Z,43.043114,64.62,10.212,-635.42,382.33,635.42,16.0,True,5373;5591
ABT,Long,261,2022-11-30T21:00:00Z,97.362943,2022-12-01T21:00:00Z,100.298742,766.24,10.4161,0.0,766.24,0.0,1.0,True,5592;5598
AMAT,Short,289,2022-11-07T21:00:00Z,89.230486,2022-12-01T21:00:00Z,106.838748,-5088.79,11.3145,-5120.05,0.0,5120.05,24.0,False,5249;5599
AMD,Short,333,2022-11-25T18:00:00Z,75.57,2022-12-01T21:00:00Z,78.33,-919.08,10.1645,-919.08,792.54,1711.62,6.125,False,5537;5600
AMT,Short,147,2022-10-28T20:00:00Z,173.572564,2022-12-01T21:00:00Z,197.431094,-3507.2,11.0185,-3507.2,0.0,3507.2,34.0417,False,5108;5601
AVGO,Short,517,2022-11-29T21:00:00Z,49.319099,2022-12-01T21:00:00Z,51.962338,-1366.55,10.4541,-1366.55,0.0,1366.55,2.0,False,5552;5602
CRM,Short,171,2022-11-30T21:00:00Z,147.926061,2022-12-01T21:00:00Z,144.481812,588.97,10.3111,0.0,629.24,40.27,1.0,True,5594;5603
DIS,Long,277,2022-11-30T21:00:00Z,92.108504,2022-12-01T21:00:00Z,94.299717,606.97,10.5548,0.0,980.28,373.31,1.0,True,5593;5604
IBM,Short,198,2022-11-29T21:00:00Z,128.166644,2022-12-01T21:00:00Z,131.653873,-690.47,10.284,-690.47,0.0,690.47,2.0,False,5554;5605
ISRG,Short,107,2022-11-07T21:00:00Z,241.72,2022-12-01T21:00:00Z,270.39,-3067.69,11.0599,-3506.39,598.13,4104.52,24.0,False,5248;5606
PG,Short,191,2022-11-29T21:00:00Z,132.180937,2022-12-01T21:00:00Z,135.491129,-632.25,10.2133,-632.25,0.0,632.25,2.0,False,5551;5607
AMGN,Short,101,2022-11-29T21:00:00Z,252.310557,2022-12-02T21:00:00Z,252.916002,-61.15,10.2067,-271.58,0.0,271.58,3.0,False,5579;5620
ANTM,Short,50,2022-12-01T21:00:00Z,506.46565,2022-12-02T21:00:00Z,493.454396,650.56,9.9075,0.0,650.56,0.0,1.0,True,5615;5621
BMY,Long,380,2022-11-29T21:00:00Z,66.749698,2022-12-02T21:00:00Z,68.070971,502.08,10.3095,0.0,746.69,244.6,3.0,True,5578;5622
COP,Short,232,2022-12-01T21:00:00Z,109.934978,2022-12-02T21:00:00Z,107.686369,521.68,10.0342,0.0,521.68,0.0,1.0,True,5613;5623
EOG,Short,206,2022-12-01T21:00:00Z,123.869408,2022-12-02T21:00:00Z,120.313266,732.57,9.9398,0.0,807.24,74.68,1.0,True,5617;5624
INTC,Short,920,2022-11-29T21:00:00Z,27.809772,2022-12-02T21:00:00Z,28.089412,-257.27,10.3458,-1091.18,0.0,1091.18,3.0,False,5580;5625
LMT,Short,59,2022-11-18T21:00:00Z,426.074896,2022-12-02T21:00:00Z,436.136339,-593.63,10.3665,-1373.37,0.0,1373.37,14.0,False,5466;5626
MDLZ,Short,475,2022-10-27T20:00:00Z,54.10785,2022-12-02T21:00:00Z,60.790169,-3174.1,11.019,-3559.62,0.0,3559.62,36.0417,False,5054;5627
ORCL,Short,321,2022-12-01T21:00:00Z,78.819034,2022-12-02T21:00:00Z,78.961393,-45.7,10.2032,-88.35,0.0,88.35,1.0,False,5609;5628
RTX,Short,284,2022-11-23T21:00:00Z,89.539213,2022-12-02T21:00:00Z,91.240495,-483.16,10.4059,-1095.0,0.0,1095.0,9.0,False,5502;5629
SCHW,Short,337,2022-11-21T21:00:00Z,75.764696,2022-12-02T21:00:00Z,77.044345,-431.24,10.3792,-833.73,31.94,865.68,11.0,False,5484;5630
TMUS,Long,179,2022-11-25T18:00:00Z,142.878991,2022-12-02T21:00:00Z,141.414001,-262.23,10.268,-431.42,209.79,472.02,7.125,False,5532;5631
WFC,Long,581,2022-12-01T21:00:00Z,43.597981,2022-12-02T21:00:00Z,42.192622,-816.51,9.813,-1051.69,0.0,1051.69,1.0,False,5612;5632
SPY,Long,290,2022-10-31T20:00:00Z,366.954902,2022-12-02T21:00:00Z,381.813874,4309.1,22.4079,-4262.29,5834.5,4262.29,32.0417,True,5135;5642
ABBV,Short,198,2022-11-10T21:00:00Z,131.865572,2022-12-05T21:00:00Z,142.753715,-2155.85,10.8666,-2296.23,98.78,2395.01,25.0,False,5306;5643
CI,Short,90,2022-11-14T21:00:00Z,284.939182,2022-12-05T21:00:00Z,301.455145,-1486.44,10.6102,-1816.9,163.65,1980.56,21.0,False,5350;5644
CVX,Short,161,2022-12-01T21:00:00Z,157.925351,2022-12-05T21:00:00Z,156.596013,214.02,9.9169,0.0,1054.93,840.9,4.0,True,5608;5645
DIS,Long,265,2022-12-02T21:00:00Z,94.406369,2022-12-05T21:00:00Z,95.220802,215.82,10.0369,-372.55,215.82,372.55,3.0,True,5634;5646
PGR,Long,210,2022-12-01T21:00:00Z,122.179625,2022-12-05T21:00:00Z,120.15485,-425.2,10.0562,-517.14,0.0,517.14,4.0,False,5618;5647
SO,Long,451,2022-11-21T21:00:00Z,56.692734,2022-12-05T21:00:00Z,57.659627,436.07,10.3738,0.0,794.27,459.43,14.0,True,5487;5648
NKE,Long,248,2022-12-02T21:00:00Z,100.38217,2022-12-05T21:00:00Z,102.10987,428.47,10.165,0.0,428.47,0.0,3.0,True,5635;5649
NVDA,Short,1535,2022-11-16T21:00:00Z,16.069581,2022-12-05T21:00:00Z,16.602904,-818.65,9.9488,-1546.85,1240.38,2787.23,19.0,False,5416;5650
SLB,Long,548,2022-11-30T21:00:00Z,46.91151,2022-12-05T21:00:00Z,48.685016,971.88,10.2601,-99.68,971.88,702.74,5.0,True,5597;5651
SYK,Short,114,2022-11-25T18:00:00Z,223.063849,2022-12-05T21:00:00Z,231.645451,-978.3,10.3351,-1263.78,488.6,1752.38,10.125,False,5539;5652
TGT,Long,175,2022-12-02T21:00:00Z,143.19888,2022-12-05T21:00:00Z,142.830601,-64.45,9.7965,-1267.49,0.0,1267.49,3.0,False,5641;5653
TJX,Short,334,2022-11-30T21:00:00Z,76.040616,2022-12-05T21:00:00Z,74.909512,377.79,10.1305,-73.02,377.79,155.56,5.0,True,5596;5654
TMO,Short,48,2022-11-17T21:00:00Z,522.802096,2022-12-05T21:00:00Z,549.11903,-1263.21,10.3096,-1675.75,0.0,1675.75,18.0,False,5443;5655
AVGO,Short,488,2022-12-02T21:00:00Z,50.644019,2022-12-05T21:00:00Z,50.873169,-111.83,14.8352,-111.83,294.98,406.8,3.0,False,5633;5660
COST,Short,50,2022-11-16T21:00:00Z,498.141159,2022-12-06T21:00:00Z,468.853352,1464.39,9.6059,-857.13,1918.28,857.13,20.0,True,5418;5692
CVS,Short,285,2022-12-01T21:00:00Z,89.040569,2022-12-06T21:00:00Z,88.735606,86.91,10.0741,-96.85,248.33,161.41,5.0,True,5614;5693
GILD,Short,324,2022-12-05T21:00:00Z,76.902291,2022-12-06T21:00:00Z,77.12146,-71.01,9.9949,-71.01,0.0,71.01,1.0,False,5679;5694
LMT,Short,56,2022-12-05T21:00:00Z,445.468992,2022-12-06T21:00:00Z,444.744829,40.55,9.8801,0.0,412.12,371.57,1.0,True,5672;5695
MA,Short,72,2022-12-05T21:00:00Z,348.088897,2022-12-06T21:00:00Z,345.957341,153.47,9.907,0.0,596.29,442.82,1.0,True,5658;5696
MRK,Short,268,2022-11-23T21:00:00Z,94.68216,2022-12-06T21:00:00Z,98.030989,-897.49,10.2723,-897.49,0.0,897.49,13.0,False,5519;5697
NFLX,Short,852,2022-11-15T21:00:00Z,30.966,2022-12-06T21:00:00Z,31.1,-114.17,10.4926,-915.9,2445.24,3361.14,21.0,False,5398;5698
PG,Short,185,2022-12-05T21:00:00Z,134.865367,2022-12-06T21:00:00Z,135.781337,-169.45,10.0133,-169.45,0.0,169.45,1.0,False,5657;5699
RTX,Short,271,2022-12-05T21:00:00Z,92.220581,2022-12-06T21:00:00Z,93.681465,-395.9,9.9932,-395.9,253.07,648.97,1.0,False,5671;5700
TXN,Short,158,2022-12-05T21:00:00Z,158.706617,2022-12-06T21:00:00Z,159.96377,-198.63,9.9806,-198.63,340.51,539.14,1.0,False,5666;5701
WFC,Long,606,2022-12-05T21:00:00Z,41.569533,2022-12-06T21:00:00Z,39.732106,-1113.48,9.5974,-1278.85,0.0,1278.85,1.0,False,5663;5702
WMT,Short,527,2022-11-23T21:00:00Z,48.382889,2022-12-06T21:00:00Z,48.102924,147.54,10.1371,-239.75,367.18,239.75,13.0,True,5498;5703
ADBE,Short,74,2022-12-05T21:00:00Z,337.64,2022-12-08T21:00:00Z,325.71,882.82,9.8667,0.0,882.82,436.6,3.0,True,5668;5720
BLK,Short,39,2022-12-05T21:00:00Z,644.439594,2022-12-08T21:00:00Z,649.797467,-208.96,10.0749,-219.31,25.19,234.15,3.0,False,5680;5725
DHR,Short,120,2022-12-01T21:00:00Z,212.167444,2022-12-08T21:00:00Z,206.984927,621.9,10.095,0.0,948.1,592.33,7.0,True,5610;5730
VRTX,Short,78,2022-12-05T21:00:00Z,318.85,2022-12-08T21:00:00Z,317.55,101.4,9.9672,-192.66,549.12,741.78,3.0,True,5688;5737
MO,Short,723,2022-12-05T21:00:00Z,34.630786,2022-12-08T21:00:00Z,34.123025,367.11,10.0083,0.0,457.56,353.81,3.0,True,5685;5743
PLD,Short,245,2022-12-02T21:00:00Z,102.013202,2022-12-08T21:00:00Z,102.542865,-129.77,10.1487,-441.21,281.16,722.37,6.0,False,5637;5749
PM,Short,291,2022-12-06T21:00:00Z,87.446119,2022-12-08T21:00:00Z,86.008695,418.29,10.0237,0.0,418.29,44.29,2.0,True,5711;5750
PYPL,Short,288,2022-11-15T21:00:00Z,91.469937,2022-12-08T21:00:00Z,74.26184,4955.93,9.3468,0.0,5770.53,814.6,23.0,True,5401;5751
TMO,Short,46,2022-12-06T21:00:00Z,545.740505,2022-12-08T21:00:00Z,553.337247,-349.45,10.1652,-704.81,0.0,704.81,2.0,False,5707;5757
EOG,Short,211,2022-12-05T21:00:00Z,122.497013,2022-12-08T21:00:00Z,111.500593,2320.24,14.4769,0.0,3159.83,839.59,3.0,True,5689;5770
SPY,Long,5,2022-10-31T20:00:00Z,366.954902,2022-12-08T21:00:00Z,375.053754,40.49,34.9125,-73.49,100.59,73.49,38.0417,True,5135;5773
SPY,Long,301,2022-11-04T20:00:00Z,357.944573,2022-12-08T21:00:00Z,375.053754,5149.86,21.5111,-1711.86,8767.91,4149.61,34.0417,True,5223;5773
SPY,Long,67,2022-11-07T21:00:00Z,358.609191,2022-12-08T21:00:00Z,375.053754,1101.79,4.834,-425.57,1907.13,923.67,31.0,True,5250;5773
SPY,Long,55,2022-11-10T21:00:00Z,368.483524,2022-12-08T21:00:00Z,375.053754,361.36,4.1221,-892.44,1022.47,758.23,28.0,True,5316;5773
SPY,Long,36,2022-11-16T21:00:00Z,376.772267,2022-12-08T21:00:00Z,375.053754,-61.87,34.6927,-882.54,370.86,496.3,22.0,False,5432;5773
ABT,Short,253,2022-12-05T21:00:00Z,98.992913,2022-12-08T21:00:00Z,96.927667,522.51,9.9511,-11.72,709.95,721.67,3.0,True,5662;5774
ADP,Short,106,2022-12-06T21:00:00Z,239.568023,2022-12-08T21:00:00Z,235.345512,447.59,9.9901,0.0,486.21,200.83,2.0,True,5717;5775
AMD,Short,338,2022-12-05T21:00:00Z,74.56,2022-12-08T21:00:00Z,70.14,1493.96,9.7405,0.0,1493.96,111.54,3.0,True,5675;5776
AMGN,Short,100,2022-12-06T21:00:00Z,254.500845,2022-12-08T21:00:00Z,255.097387,-59.65,10.1298,-59.65,24.04,83.69,2.0,False,5713;5777
ANTM,Short,51,2022-12-05T21:00:00Z,488.75825,2022-12-08T21:00:00Z,502.629361,-707.43,10.1309,-707.43,0.0,707.43,3.0,False,5673;5778
AVGO,Long,497,2022-12-05T21:00:00Z,50.873169,2022-12-08T21:00:00Z,49.112581,-875.01,4.9781,-983.28,0.0,983.28,3.0,False,5660;5779
AXP,Short,169,2022-12-05T21:00:00Z,149.036515,2022-12-08T21:00:00Z,148.969622,11.3,10.0193,0.0,297.16,285.85,3.0,True,5678;5780
BA,Short,137,2022-12-06T21:00:00Z,184.01,2022-12-08T21:00:00Z,179.76,582.25,9.7958,0.0,1028.87,446.62,2.0,True,5716;5781
BKNG,Short,311,2022-12-05T21:00:00Z,80.338114,2022-12-08T21:00:00Z,76.677697,1138.39,9.885,0.0,1221.39,670.78,3.0,True,5690;5782
C,Short,607,2022-12-05T21:00:00Z,41.498609,2022-12-08T21:00:00Z,39.617126,1142.06,9.6845,0.0,1249.3,107.24,3.0,True,5682;5783
CAT,Short,113,2022-12-01T21:00:00Z,223.811234,2022-12-08T21:00:00Z,218.060136,649.87,9.9585,0.0,929.46,280.65,7.0,True,5616;5784
CRM,Short,193,2022-12-06T21:00:00Z,130.223997,2022-12-08T21:00:00Z,125.837731,846.55,9.9768,0.0,846.55,0.0,2.0,True,5715;5785
CVX,Short,168,2022-12-06T21:00:00Z,150.729773,2022-12-08T21:00:00Z,150.935606,-34.58,9.955,-34.58,471.15,505.73,2.0,False,5705;5786
DE,Short,60,2022-11-29T21:00:00Z,422.045311,2022-12-08T21:00:00Z,421.58883,27.39,10.0871,-103.85,393.71,366.33,9.0,True,5555;5787
COP,Short,235,2022-12-05T21:00:00Z,109.573437,2022-12-08T21:00:00Z,103.868141,1340.74,9.614,0.0,2416.24,1075.5,3.0,True,5670;5788
DIS,Long,274,2022-12-06T21:00:00Z,92.593286,2022-12-08T21:00:00Z,89.626422,-812.92,9.8215,-895.28,0.0,895.28,2.0,False,5709;5789
DUK,Long,293,2022-12-01T21:00:00Z,87.025444,2022-12-08T21:00:00Z,85.963948,-311.02,10.1534,-432.39,0.0,432.39,7.0,False,5619;5790
FB,Short,210,2022-12-06T21:00:00Z,118.762533,2022-12-08T21:00:00Z,115.464124,692.67,9.5455,0.0,1241.81,549.14,2.0,True,5706;5791
GS,Short,73,2022-11-30T21:00:00Z,349.623398,2022-12-08T21:00:00Z,330.912834,1365.87,9.9318,-87.41,1629.44,263.57,8.0,True,5595;5792
HON,Short,148,2022-10-27T20:00:00Z,175.256232,2022-12-08T21:00:00Z,195.835062,-3045.67,11.0612,-3826.05,0.0,3826.05,42.0417,False,5082;5793
INTC,Short,894,2022-12-05T21:00:00Z,28.349767,2022-12-08T21:00:00Z,27.289062,948.27,9.9327,0.0,948.27,94.83,3.0,True,5674;5794
ISRG,Short,93,2022-12-05T21:00:00Z,269.14,2022-12-08T21:00:00Z,270.71,-146.01,10.0764,-267.84,263.19,531.03,3.0,False,5681;5795
JNJ,Long,157,2022-12-05T21:00:00Z,160.23379,2022-12-08T21:00:00Z,158.850296,-217.21,10.0418,-318.76,0.0,318.76,3.0,False,5656;5796
JPM,Short,209,2022-11-16T21:00:00Z,121.793819,2022-12-08T21:00:00Z,121.180271,128.23,10.182,-991.4,311.97,1079.44,22.0,True,5417;5797
LIN,Short,78,2022-12-05T21:00:00Z,318.85559,2022-12-08T21:00:00Z,315.713499,245.08,9.9354,0.0,258.45,239.88,3.0,True,5665;5798
LOW,Short,128,2022-11-23T21:00:00Z,199.71691,2022-12-08T21:00:00Z,190.224256,1215.06,9.8499,-41.57,1580.88,963.26,15.0,True,5503;5799
PGR,Short,212,2022-12-06T21:00:00Z,119.717061,2022-12-08T21:00:00Z,119.270152,94.74,10.1377,0.0,150.82,135.35,2.0,True,5719;5800
MCD,Short,102,2022-12-06T21:00:00Z,248.70442,2022-12-08T21:00:00Z,247.972398,74.67,10.1763,-148.4,136.27,284.66,2.0,True,5708;5801
MS,Short,309,2022-12-05T21:00:00Z,81.318164,2022-12-08T21:00:00Z,77.935833,1045.14,9.8051,0.0,1153.64,387.29,3.0,True,5669;5802
NOW,Short,307,2022-12-05T21:00:00Z,81.2,2022-12-08T21:00:00Z,78.418,854.07,9.6827,0.0,1073.27,473.39,3.0,True,5687;5803
NVDA,Short,1540,2022-12-06T21:00:00Z,16.495268,2022-12-08T21:00:00Z,16.217207,428.21,10.1777,-948.52,661.5,1610.02,2.0,True,5704;5804
ORCL,Short,320,2022-12-05T21:00:00Z,78.211639,2022-12-08T21:00:00Z,75.098738,996.13,9.6892,0.0,1102.42,394.81,3.0,True,5661;5805
PFE,Short,647,2022-11-15T21:00:00Z,39.450548,2022-12-08T21:00:00Z,40.114053,-429.29,10.3815,-1267.17,656.86,1924.04,23.0,False,5393;5806
SBUX,Short,264,2022-12-05T21:00:00Z,94.442016,2022-12-08T21:00:00Z,93.83012,161.54,9.9957,-79.56,371.3,450.87,3.0,True,5676;5807
SCHW,Short,331,2022-12-06T21:00:00Z,76.759978,2022-12-08T21:00:00Z,76.608316,50.2,10.0927,0.0,247.86,197.66,2.0,True,5714;5808
NOC,Short,50,2022-12-02T21:00:00Z,496.656887,2022-12-08T21:00:00Z,512.085216,-771.42,10.2055,-771.42,0.0,771.42,6.0,False,5640;5809
SPGI,Short,76,2022-12-05T21:00:00Z,325.063741,2022-12-08T21:00:00Z,321.572275,265.35,9.7939,0.0,265.35,89.84,3.0,True,5677;5810
REGN,Short,33,2022-12-05T21:00:00Z,754.876367,2022-12-08T21:00:00Z,750.993013,128.15,9.9439,-111.8,475.01,586.81,3.0,True,5686;5811
T,Short,1623,2022-12-02T21:00:00Z,15.478718,2022-12-08T21:00:00Z,15.821239,-555.91,10.0872,-555.91,324.28,880.2,6.0,False,5636;5812
TJX,Short,337,2022-12-06T21:00:00Z,76.49686,2022-12-08T21:00:00Z,76.040616,153.75,10.1247,0.0,576.58,422.82,2.0,True,5718;5813
UPS,Short,171,2022-12-06T21:00:00Z,146.721659,2022-12-08T21:00:00Z,143.631833,528.36,9.9421,-85.49,626.46,711.95,2.0,True,5712;5814
MMC,Short,154,2022-12-05T21:00:00Z,162.455981,2022-12-08T21:00:00Z,160.018059,375.44,9.9696,0.0,375.44,139.16,3.0,True,5684;5815
VZ,Short,853,2022-12-05T21:00:00Z,29.529134,2022-12-08T21:00:00Z,28.875525,557.53,9.8457,0.0,703.55,185.84,3.0,True,5667;5816
SPY,Long,251,2022-11-16T21:00:00Z,376.772267,2022-12-08T21:00:00Z,375.053754,-431.35,18.8858,-6153.25,2585.7,3460.31,22.0,False,5432;5821
ABBV,Short,176,2022-12-08T21:00:00Z,144.766797,2022-12-09T21:00:00Z,145.95714,-209.5,10.1383,-209.5,357.38,566.88,1.0,False,5761;5822
ACN,Long,91,2022-12-01T21:00:00Z,278.427153,2022-12-09T21:00:00Z,266.404476,-1094.06,9.9059,-1427.48,0.0,1427.48,8.0,False,5611;5823
BMY,Long,368,2022-12-05T21:00:00Z,68.570683,2022-12-09T21:00:00Z,67.867698,-258.7,9.9446,-663.89,0.0,663.89,4.0,False,5664;5824
CSCO,Short,588,2022-12-08T21:00:00Z,43.934379,2022-12-09T21:00:00Z,44.358735,-249.52,10.3472,-249.52,106.18,355.7,1.0,False,5817;5825
CVS,Short,287,2022-12-08T21:00:00Z,89.310679,2022-12-09T21:00:00Z,89.023142,82.52,10.2119,0.0,212.56,130.04,1.0,True,5766;5826
EL,Short,116,2022-12-02T21:00:00Z,213.884611,2022-12-09T21:00:00Z,225.649998,-1364.78,10.4189,-1552.77,0.0,1552.77,7.0,False,5639;5827
INTU,Short,67,2022-12-08T21:00:00Z,380.34616,2022-12-09T21:00:00Z,392.574347,-819.29,10.4795,-819.29,0.0,819.29,1.0,False,5767;5828
LMT,Short,58,2022-12-08T21:00:00Z,439.259293,2022-12-09T21:00:00Z,440.897712,-95.03,10.1744,-95.03,88.2,183.23,1.0,False,5819;5829
ADI,Short,159,2022-12-05T21:00:00Z,157.935042,2022-12-09T21:00:00Z,158.508975,-91.26,10.0686,-267.78,276.76,544.54,4.0,False,5683;5830
SYK,Short,109,2022-12-08T21:00:00Z,233.706576,2022-12-09T21:00:00Z,237.116101,-371.64,10.3402,-371.64,0.0,371.64,1.0,False,5769;5831
WMT,Short,539,2022-12-08T21:00:00Z,47.632804,2022-12-09T21:00:00Z,47.093119,290.89,10.124,0.0,662.68,371.79,1.0,True,5760;5832
SPY,Long,85,2022-11-16T21:00:00Z,376.772267,2022-12-09T21:00:00Z,375.02527,-148.49,6.3478,-2083.77,875.63,1171.82,23.0,False,5432;5848
VRTX,Short,79,2022-12-09T21:00:00Z,319.3,2022-12-13T21:00:00Z,317.0,181.7,9.7851,0.0,964.59,782.89,4.0,True,5845;5853
TXN,Short,164,2022-12-08T21:00:00Z,156.030676,2022-12-13T21:00:00Z,163.546657,-1232.62,10.4223,-1232.62,0.0,1232.62,5.0,False,5765;5859
SPY,Long,90,2022-11-16T21:00:00Z,376.772267,2022-12-13T21:00:00Z,389.390526,1135.64,7.0987,-2206.34,1135.64,1240.75,27.0,True,5432;5867
SPY,Long,3,2022-11-18T21:00:00Z,377.579304,2022-12-13T21:00:00Z,389.390526,35.43,6.8434,-75.97,35.43,41.36,25.0,True,5472;5867
ABT,Long,256,2022-12-09T21:00:00Z,98.844734,2022-12-13T21:00:00Z,104.021742,1325.31,10.3863,0.0,1325.31,0.0,4.0,True,5837;5868
AMAT,Short,244,2022-12-02T21:00:00Z,101.184005,2022-12-13T21:00:00Z,111.649644,-2553.62,10.346,-2553.62,0.0,2553.62,11.0,False,5638;5869
BA,Short,141,2022-12-09T21:00:00Z,180.6,2022-12-13T21:00:00Z,190.88,-1449.48,10.3401,-1449.48,0.0,1449.48,4.0,False,5839;5870
C,Short,643,2022-12-09T21:00:00Z,39.396295,2022-12-13T21:00:00Z,41.401443,-1289.31,10.3883,-1289.31,0.0,1289.31,4.0,False,5841;5871
HD,Short,85,2022-12-05T21:00:00Z,294.734895,2022-12-13T21:00:00Z,312.282957,-1491.59,10.0668,-1491.59,581.99,2073.57,8.0,False,5659;5872
KO,Short,449,2022-12-08T21:00:00Z,57.005812,2022-12-13T21:00:00Z,57.893167,-398.42,10.2865,-398.42,185.13,583.55,5.0,False,5762;5873
MCD,Short,101,2022-12-09T21:00:00Z,250.36062,2022-12-13T21:00:00Z,254.999808,-468.56,10.0979,-468.56,0.0,468.56,4.0,False,5835;5874
SO,Long,432,2022-12-08T21:00:00Z,59.00637,2022-12-13T21:00:00Z,62.05381,1316.49,10.4342,0.0,1316.49,0.0,5.0,True,5820;5875
NEE,Long,333,2022-12-06T21:00:00Z,76.15662,2022-12-13T21:00:00Z,78.928071,922.89,10.294,-119.47,922.89,373.34,7.0,True,5710;5876
SLB,Long,557,2022-12-09T21:00:00Z,45.556922,2022-12-13T21:00:00Z,45.85808,167.74,9.9651,-416.82,574.4,416.82,4.0,True,5847;5877
NOC,Short,49,2022-12-09T21:00:00Z,506.44758,2022-12-13T21:00:00Z,502.94285,171.73,9.7103,0.0,617.41,445.67,4.0,True,5844;5878
REGN,Short,33,2022-12-09T21:00:00Z,746.138821,2022-12-13T21:00:00Z,742.096964,133.38,9.7919,0.0,349.8,216.42,4.0,True,5843;5879
TMO,Short,45,2022-12-09T21:00:00Z,557.160316,2022-12-13T21:00:00Z,569.844604,-570.79,10.061,-570.79,0.0,570.79,4.0,False,5834;5880
ADP,Short,107,2022-12-09T21:00:00Z,236.985107,2022-12-14T21:00:00Z,239.098361,-226.12,10.0833,-415.2,8.77,415.2,5.0,False,5838;5886
AMT,Short,137,2022-12-08T21:00:00Z,185.088351,2022-12-14T21:00:00Z,195.935537,-1486.06,10.4157,-1566.82,0.0,1566.82,6.0,False,5768;5887
CB,Short,129,2022-11-03T20:00:00Z,197.643425,2022-12-14T21:00:00Z,205.489795,-1012.18,10.4013,-1282.91,484.14,1767.05,41.0417,False,5192;5888
CSCO,Short,569,2022-12-13T21:00:00Z,45.559572,2022-12-14T21:00:00Z,44.909495,369.89,10.1659,0.0,595.94,226.05,1.0,True,5861;5889
DIS,Long,276,2022-12-13T21:00:00Z,93.553153,2022-12-14T21:00:00Z,91.526766,-559.28,10.1067,-634.21,0.0,634.21,1.0,False,5862;5890
EOG,Long,235,2022-12-08T21:00:00Z,111.500593,2022-12-14T21:00:00Z,111.36105,-32.79,5.1695,-1523.31,0.0,1523.31,6.0,False,5770;5891
BDX,Long,136,2022-12-13T21:00:00Z,189.649544,2022-12-14T21:00:00Z,185.584111,-552.9,10.1051,-552.9,0.0,552.9,1.0,False,5866;5892
MO,Short,734,2022-12-13T21:00:00Z,34.726451,2022-12-14T21:00:00Z,34.616068,81.02,10.1482,0.0,81.02,0.0,1.0,True,5865;5893
MRK,Short,262,2022-12-13T21:00:00Z,98.635022,2022-12-14T21:00:00Z,98.823569,-49.4,10.3902,-294.21,27.93,322.14,1.0,False,5881;5894
NKE,Long,255,2022-12-08T21:00:00Z,100.335974,2022-12-14T21:00:00Z,105.047885,1201.54,10.4986,0.0,1201.54,329.83,6.0,True,5818;5895
NVDA,Short,1484,2022-12-09T21:00:00Z,17.127133,2022-12-14T21:00:00Z,17.939389,-1205.39,10.2569,-1311.88,0.0,1311.88,5.0,False,5833;5896
PLD,Short,243,2022-12-13T21:00:00Z,108.369164,2022-12-14T21:00:00Z,107.256871,270.29,10.4112,0.0,270.29,0.0,1.0,True,5882;5897
PM,Short,292,2022-12-13T21:00:00Z,87.471485,2022-12-14T21:00:00Z,86.930338,158.02,10.112,0.0,244.43,86.41,1.0,True,5863;5898
PYPL,Short,347,2022-12-13T21:00:00Z,76.130995,2022-12-14T21:00:00Z,72.926729,1111.88,10.0433,0.0,1492.8,380.92,1.0,True,5884;5899
ZTS,Long,173,2022-12-09T21:00:00Z,146.771584,2022-12-14T21:00:00Z,146.6095,-28.04,10.0672,-356.28,169.89,526.17,5.0,False,5846;5900
MRNA,Long,128,2022-12-14T21:00:00Z,195.0,2022-12-15T21:00:00Z,207.88,1648.64,10.6547,0.0,1648.64,0.0,1.0,True,5915;5917
BLK,Short,38,2022-12-14T21:00:00Z,657.988576,2022-12-15T21:00:00Z,640.270155,673.3,9.8053,0.0,722.34,49.04,1.0,True,5912;5918
C,Short,615,2022-12-14T21:00:00Z,41.083446,2022-12-15T21:00:00Z,39.829124,771.41,9.8458,0.0,1010.44,239.03,1.0,True,5914;5919
CI,Short,82,2022-12-14T21:00:00Z,309.526345,2022-12-15T21:00:00Z,309.526345,0.0,10.17,0.0,79.39,79.39,1.0,False,5913;5920
PGR,Long,214,2022-12-13T21:00:00Z,119.644096,2022-12-15T21:00:00Z,114.290301,-1145.71,9.9909,-1145.71,0.0,1145.71,2.0,False,5885;5921
SLB,Long,544,2022-12-14T21:00:00Z,46.843686,2022-12-15T21:00:00Z,45.775946,-580.85,9.9827,-605.67,0.0,605.67,1.0,False,5916;5922
TMUS,Long,181,2022-12-08T21:00:00Z,140.345977,2022-12-15T21:00:00Z,134.18357,-1115.4,9.7173,-1418.19,0.0,1418.19,7.0,False,5764;5923
V,Short,122,2022-12-14T21:00:00Z,206.851036,2022-12-15T21:00:00Z,203.692634,385.33,9.9883,0.0,585.69,200.37,1.0,True,5901;5924
ADP,Short,107,2022-12-15T21:00:00Z,234.061164,2022-12-16T21:00:00Z,224.633498,1008.76,9.6654,0.0,1008.76,0.0,1.0,True,5929;5936
CB,Short,123,2022-12-15T21:00:00Z,203.005459,2022-12-16T21:00:00Z,200.557095,301.15,9.9087,0.0,301.15,0.0,1.0,True,5931;5937
COST,Short,54,2022-12-13T21:00:00Z,474.949803,2022-12-16T21:00:00Z,441.658214,1797.75,9.8004,0.0,1836.45,38.7,3.0,True,5860;5938
BDX,Long,136,2022-12-15T21:00:00Z,183.748816,2022-12-16T21:00:00Z,181.745347,-272.47,9.9446,-272.47,0.0,272.47,1.0,False,5934;5939
MCD,Short,101,2022-12-14T21:00:00Z,251.833814,2022-12-16T21:00:00Z,247.432532,444.53,9.9931,0.0,841.0,396.47,2.0,True,5904;5940
TJX,Short,339,2022-12-09T21:00:00Z,73.616821,2022-12-16T21:00:00Z,74.310692,-235.22,10.0314,-609.0,0.0,609.0,7.0,False,5840;5941
TXN,Short,159,2022-12-14T21:00:00Z,158.724576,2022-12-16T21:00:00Z,151.585742,1135.07,9.8622,0.0,1135.07,0.0,2.0,True,5908;5942
MMC,Short,156,2022-12-09T21:00:00Z,162.032404,2022-12-16T21:00:00Z,156.563551,853.14,9.8732,-193.83,1029.35,193.83,7.0,True,5842;5943
WFC,Long,661,2022-12-15T21:00:00Z,37.676369,2022-12-16T21:00:00Z,37.276137,-264.55,14.9862,-264.55,0.0,264.55,1.0,False,5927;5950
SPY,Long,88,2022-11-18T21:00:00Z,377.579304,2022-12-16T21:00:00Z,367.190546,-914.21,26.4672,-2228.33,1039.39,2096.29,28.0,False,5472;5957
SPY,Long,85,2022-11-29T21:00:00Z,375.98422,2022-12-16T21:00:00Z,367.190546,-747.46,6.3793,-2016.79,1139.54,2024.82,17.0,False,5583;5957
SPY,Long,189,2022-12-05T21:00:00Z,383.494409,2022-12-16T21:00:00Z,367.190546,-3081.43,18.6661,-5903.81,1114.37,4502.26,11.0,False,5691;5957
AMAT,Short,250,2022-12-16T21:00:00Z,101.019116,2022-12-19T21:00:00Z,101.678674,-164.89,10.1223,-164.89,38.8,203.69,3.0,False,5954;5958
AXP,Long,177,2022-12-16T21:00:00Z,141.993689,2022-12-19T21:00:00Z,139.55689,-431.31,9.8519,-612.3,0.0,612.3,3.0,False,5952;5959
BLK,Short,39,2022-12-16T21:00:00Z,631.511617,2022-12-19T21:00:00Z,640.132874,-336.23,9.9419,-336.23,0.0,336.23,3.0,False,5953;5960
CSCO,Short,585,2022-12-16T21:00:00Z,42.796744,2022-12-19T21:00:00Z,43.148869,-205.99,10.0577,-205.99,0.0,205.99,3.0,False,5945;5961
DUK,Short,284,2022-12-15T21:00:00Z,88.941316,2022-12-19T21:00:00Z,86.412711,718.12,9.939,0.0,718.12,0.0,4.0,True,5932;5962
EOG,Long,230,2022-12-15T21:00:00Z,107.945978,2022-12-19T21:00:00Z,110.784593,652.88,10.1311,0.0,652.88,48.21,4.0,True,5933;5963
EL,Short,110,2022-12-13T21:00:00Z,236.469282,2022-12-19T21:00:00Z,225.247202,1234.43,9.9826,0.0,1669.26,434.83,6.0,True,5864;5964
GILD,Short,325,2022-12-14T21:00:00Z,77.752233,2022-12-19T21:00:00Z,76.019691,563.08,10.0446,0.0,563.08,51.71,5.0,True,5911;5965
NEE,Long,324,2022-12-14T21:00:00Z,78.479616,2022-12-19T21:00:00Z,75.322493,-1022.91,9.9135,-1156.58,0.0,1156.58,5.0,False,5906;5966
SLB,Long,556,2022-12-16T21:00:00Z,44.671701,2022-12-19T21:00:00Z,45.593426,512.48,10.0679,0.0,512.48,0.0,3.0,True,5956;5967
VZ,Long,866,2022-12-16T21:00:00Z,29.186767,2022-12-19T21:00:00Z,29.023365,-141.51,9.993,-323.44,0.0,323.44,3.0,False,5949;5968
WFC,Short,676,2022-12-16T21:00:00Z,37.276137,2022-12-19T21:00:00Z,37.6036,-221.36,10.304,-504.22,0.0,504.22,3.0,False,5950;5971
BMY,Long,386,2022-12-14T21:00:00Z,65.902728,2022-12-19T21:00:00Z,62.387803,-1356.76,14.8838,-1520.23,0.0,1520.23,5.0,False,5907;5972
SPY,Long,57,2022-12-05T21:00:00Z,383.494409,2022-12-20T21:00:00Z,361.763332,-1238.67,23.2298,-1780.51,336.08,1574.75,15.0,False,5691;5980
SPY,Long,178,2022-12-15T21:00:00Z,374.455597,2022-12-20T21:00:00Z,361.763332,-2259.22,13.1697,-3951.29,2658.42,2259.22,5.0,False,5935;5980
SPY,Long,85,2022-12-19T21:00:00Z,365.702593,2022-12-20T21:00:00Z,361.763332,-334.84,6.162,-1142.85,2013.47,334.84,1.0,False,5979;5980
ADBE,Long,75,2022-12-19T21:00:00Z,338.0,2022-12-20T21:00:00Z,327.0,-825.0,10.0047,-825.0,16.5,841.5,1.0,False,5970;5981
AMGN,Long,104,2022-12-14T21:00:00Z,242.151536,2022-12-20T21:00:00Z,237.450428,-488.92,9.9242,-668.55,0.0,668.55,6.0,False,5910;5982
AMT,Short,131,2022-12-15T21:00:00Z,191.184945,2022-12-20T21:00:00Z,182.950585,1078.7,9.8399,0.0,1078.7,0.0,5.0,True,5930;5983
BMY,Short,408,2022-12-19T21:00:00Z,62.387803,2022-12-20T21:00:00Z,62.099833,117.49,5.021,0.0,349.02,231.53,1.0,True,5972;5984
C,Short,649,2022-12-19T21:00:00Z,39.131298,2022-12-20T21:00:00Z,38.998799,85.99,10.0599,0.0,280.91,194.91,1.0,True,5977;5985
CB,Short,126,2022-12-19T21:00:00Z,200.946176,2022-12-20T21:00:00Z,202.331685,-174.57,10.2033,-352.74,0.0,352.74,1.0,False,5976;5986
CVX,Short,173,2022-12-16T21:00:00Z,144.537631,2022-12-20T21:00:00Z,145.789782,-216.62,10.1379,-614.26,0.0,614.26,4.0,False,5944;5987
DHR,Short,121,2022-12-09T21:00:00Z,208.301733,2022-12-20T21:00:00Z,198.468043,1189.88,9.782,-579.56,1384.62,579.56,11.0,True,5836;5988
BDX,Long,139,2022-12-19T21:00:00Z,182.54966,2022-12-20T21:00:00Z,181.891586,-91.47,10.1168,-91.47,0.0,91.47,1.0,False,5978;5989
NVDA,Short,1440,2022-12-15T21:00:00Z,17.092251,2022-12-20T21:00:00Z,16.020871,1542.79,9.4826,0.0,1542.79,0.0,5.0,True,5925;5990
SPGI,Long,80,2022-12-16T21:00:00Z,311.556074,2022-12-20T21:00:00Z,304.417355,-571.1,9.8488,-576.96,0.0,576.96,4.0,False,5951;5991
AMD,Short,368,2022-12-15T21:00:00Z,67.68,2022-12-21T21:00:00Z,65.4,839.04,9.8779,0.0,1137.12,1137.12,6.0,True,5928;6002
MCD,Short,104,2022-12-19T21:00:00Z,243.626019,2022-12-21T21:00:00Z,244.751502,-117.05,10.1632,-181.76,0.0,181.76,2.0,False,5969;6003
SO,Long,426,2022-12-20T21:00:00Z,59.438019,2022-12-21T21:00:00Z,60.266785,353.05,10.3129,0.0,695.08,342.02,1.0,True,6001;6004
MS,Long,333,2022-12-20T21:00:00Z,76.393561,2022-12-21T21:00:00Z,76.811353,139.12,10.1863,0.0,281.21,142.08,1.0,True,5996;6005
TXN,Short,166,2022-12-19T21:00:00Z,152.322074,2022-12-21T21:00:00Z,149.960422,392.03,10.0271,0.0,527.68,393.52,2.0,True,5973;6006
WFC,Long,679,2022-12-19T21:00:00Z,37.6036,2022-12-21T21:00:00Z,37.630888,18.53,5.0782,-209.99,18.53,209.99,2.0,True,5971;6007
BA,Long,136,2022-12-20T21:00:00Z,186.18,2022-12-23T21:00:00Z,188.25,281.52,10.2639,0.0,1335.52,1054.0,3.0,True,5998;6017
EOG,Short,229,2022-12-21T21:00:00Z,113.029282,2022-12-23T21:00:00Z,111.79776,282.02,10.4255,-240.02,622.04,862.06,2.0,True,6013;6019
PM,Long,298,2022-12-20T21:00:00Z,85.222339,2022-12-23T21:00:00Z,86.094383,259.87,10.2757,0.0,553.33,293.46,3.0,True,5995;6022
SPY,Long,320,2022-12-21T21:00:00Z,365.635825,2022-12-23T21:00:00Z,362.125783,-1123.21,46.9516,-1123.21,0.0,1123.21,2.0,False,6016;6031
ADBE,Long,75,2022-12-21T21:00:00Z,340.5,2022-12-23T21:00:00Z,335.0,-412.5,10.1974,-412.5,0.0,412.5,2.0,False,6011;6032
AMAT,Short,251,2022-12-20T21:00:00Z,99.001643,2022-12-23T21:00:00Z,93.928864,1273.27,9.7732,-932.43,1273.27,932.43,3.0,True,5999;6033
BLK,Short,40,2022-12-21T21:00:00Z,642.896801,2022-12-23T21:00:00Z,648.671762,-231.0,10.3739,-231.0,0.0,231.0,2.0,False,6012;6034
CSCO,Short,593,2022-12-21T21:00:00Z,43.130812,2022-12-23T21:00:00Z,42.796744,198.1,10.1878,0.0,240.93,85.67,2.0,True,6010;6035
DIS,Long,289,2022-12-16T21:00:00Z,87.338253,2022-12-23T21:00:00Z,83.489087,-1112.41,9.9792,-1210.48,0.0,1210.48,7.0,False,5948;6036
EL,Short,114,2022-12-20T21:00:00Z,219.523754,2022-12-23T21:00:00Z,226.783447,-827.61,10.223,-1016.62,0.0,1016.62,3.0,False,6000;6037
INTC,Long,979,2022-12-19T21:00:00Z,25.910144,2022-12-23T21:00:00Z,24.994081,-896.83,9.984,-896.83,0.0,896.83,4.0,False,5974;6038
JPM,Short,213,2022-12-20T21:00:00Z,119.934861,2022-12-23T21:00:00Z,119.577721,76.07,10.2196,-232.11,76.07,232.11,3.0,True,5992;6039
PGR,Short,218,2022-12-21T21:00:00Z,116.561332,2022-12-23T21:00:00Z,117.363945,-174.97,10.2819,-326.08,0.0,326.08,2.0,False,6014;6040
MO,Short,736,2022-12-16T21:00:00Z,34.47625,2022-12-23T21:00:00Z,34.384845,67.27,10.1558,-187.01,265.39,452.4,7.0,True,5955;6041
NKE,Long,246,2022-12-15T21:00:00Z,100.881078,2022-12-23T21:00:00Z,107.274493,1572.78,10.2167,-1395.5,1709.15,1395.5,8.0,True,5926;6042
ADI,Short,156,2022-12-13T21:00:00Z,167.48491,2022-12-23T21:00:00Z,153.080135,2247.14,9.9611,0.0,2247.14,452.07,10.0,True,5883;6043
RTX,Long,274,2022-12-14T21:00:00Z,92.729117,2022-12-23T21:00:00Z,91.083311,-450.95,10.0957,-696.69,0.0,696.69,9.0,False,5909;6044
TMUS,Long,192,2022-12-16T21:00:00Z,131.036206,2022-12-23T21:00:00Z,132.085327,201.43,10.2487,0.0,540.78,379.27,7.0,True,5947;6045
C,Short,654,2022-12-23T21:00:00Z,38.8663,2022-12-27T21:00:00Z,39.087131,-144.42,10.2443,-233.97,0.0,233.97,4.0,False,6028;6051
SO,Short,416,2022-12-23T21:00:00Z,60.983321,2022-12-27T21:00:00Z,61.941581,-398.64,10.3437,-585.38,0.0,585.38,4.0,False,6029;6052
NVDA,Short,1664,2022-12-23T21:00:00Z,15.155793,2022-12-27T21:00:00Z,15.002312,255.39,9.7272,0.0,1801.02,1545.63,4.0,True,6048;6053
SCHW,Long,342,2022-12-20T21:00:00Z,74.655667,2022-12-27T21:00:00Z,77.831092,1086.0,10.4891,0.0,1121.65,145.88,7.0,True,5997;6054
TSLA,Long,203,2022-12-23T21:00:00Z,126.45,2022-12-27T21:00:00Z,117.5,-1816.85,9.4294,-3522.05,0.0,3522.05,4.0,False,6047;6055
MRNA,Short,127,2022-12-27T21:00:00Z,199.82,2022-12-29T21:00:00Z,178.19,2747.01,9.1194,0.0,2961.64,299.72,2.0,True,6059;6074
BA,Long,134,2022-12-27T21:00:00Z,189.58,2022-12-29T21:00:00Z,189.0,-77.72,10.1387,-160.8,0.0,160.8,2.0,False,6058;6075
BKNG,Short,336,2022-12-23T21:00:00Z,75.272218,2022-12-29T21:00:00Z,77.553337,-766.46,10.4374,-1012.09,0.0,1012.09,6.0,False,6050;6076
DIS,Long,297,2022-12-27T21:00:00Z,84.778606,2022-12-29T21:00:00Z,82.655263,-630.63,9.9963,-944.51,0.0,944.51,2.0,False,6057;6077
LIN,Long,81,2022-12-20T21:00:00Z,312.685666,2022-12-29T21:00:00Z,313.361692,54.76,10.16,-192.04,104.12,263.76,9.0,True,5994;6078
PLD,Short,254,2022-12-19T21:00:00Z,99.515809,2022-12-29T21:00:00Z,99.604678,-22.57,10.2047,-449.2,349.88,799.08,10.0,False,5975;6079
VZ,Long,853,2022-12-23T21:00:00Z,29.809252,2022-12-29T21:00:00Z,30.198306,331.86,10.3103,0.0,630.54,298.68,6.0,True,6026;6080
WMT,Long,553,2022-12-27T21:00:00Z,45.997782,2022-12-29T21:00:00Z,45.391035,-335.53,10.0998,-485.64,0.0,485.64,2.0,False,6056;6081
TSLA,Short,225,2022-12-29T21:00:00Z,120.23,2022-12-29T21:00:00Z,120.23,0.0,16.4457,0.0,0.0,0.0,0.0,False,6069;6083
AXP,Long,183,2022-12-23T21:00:00Z,138.782848,2022-12-30T21:00:00Z,139.528222,136.4,10.3096,-218.6,440.69,421.45,7.0,True,6049;6088
NOW,Short,338,2022-12-29T21:00:00Z,76.19,2022-12-30T21:00:00Z,76.76,-192.66,10.5202,-494.83,0.0,494.83,1.0,False,6071;6089
NVDA,Long,1818,2022-12-29T21:00:00Z,14.344534,2022-12-30T21:00:00Z,14.305666,-70.66,10.5875,-70.66,400.43,471.09,1.0,False,6068;6090
REGN,Short,36,2022-12-29T21:00:00Z,710.297054,2022-12-30T21:00:00Z,714.418164,-148.36,10.2909,-160.13,0.0,160.13,1.0,False,6070;6091
TSLA,Long,225,2022-12-29T21:00:00Z,120.23,2022-12-30T21:00:00Z,120.0,-51.75,5.5431,-51.75,663.75,715.5,1.0,False,6083;6092
PG,Long,184,2022-12-29T21:00:00Z,138.583664,2023-01-04T21:00:00Z,137.840005,-136.83,10.1727,-211.92,0.0,211.92,6.0,False,6067;6100
SPY,Long,56,2022-12-27T21:00:00Z,365.139841,2023-01-04T21:00:00Z,365.521368,21.37,8.6132,-329.03,50.21,329.03,8.0,True,6061;6107
SPY,Long,6,2022-12-29T21:00:00Z,362.08763,2023-01-04T21:00:00Z,365.521368,20.6,6.1443,-16.94,23.69,9.21,6.0,True,6073;6107
ABT,Short,245,2022-12-14T21:00:00Z,103.141929,2023-01-04T21:00:00Z,102.808526,81.68,10.0938,0.0,1107.27,1064.16,21.0,True,5905;6108
ACN,Long,98,2022-12-16T21:00:00Z,252.853649,2023-01-04T21:00:00Z,251.712139,-111.87,9.6318,-1738.46,0.0,1738.46,19.0,False,5946;6109
BKNG,Short,324,2022-12-30T21:00:00Z,77.338041,2023-01-04T21:00:00Z,80.836694,-1133.56,10.4462,-1660.34,0.0,1660.34,5.0,False,6097;6110
CVX,Short,167,2022-12-29T21:00:00Z,151.501647,2023-01-04T21:00:00Z,147.21346,716.13,10.0384,-406.76,716.13,406.76,6.0,True,6084;6111
BDX,Short,137,2022-12-29T21:00:00Z,186.154441,2023-01-04T21:00:00Z,188.64781,-341.59,10.3177,-350.61,29.05,379.66,6.0,False,6072;6112
NEE,Long,340,2022-12-23T21:00:00Z,74.443522,2023-01-04T21:00:00Z,75.663319,414.73,10.2866,0.0,454.37,256.16,12.0,True,6025;6113
SLB,Short,537,2022-12-21T21:00:00Z,48.194332,2023-01-04T21:00:00Z,46.049725,1151.65,10.2924,-338.15,1151.65,1034.04,14.0,True,6015;6114
SBUX,Long,285,2022-12-23T21:00:00Z,89.126741,2023-01-04T21:00:00Z,93.866651,1350.87,10.5535,0.0,1788.15,437.28,12.0,True,6027;6115
SPGI,Long,81,2022-12-30T21:00:00Z,307.633902,2023-01-04T21:00:00Z,311.977616,351.84,10.0439,-39.34,439.43,87.59,5.0,True,6096;6116
AXP,Long,181,2023-01-04T21:00:00Z,142.385488,2023-01-05T21:00:00Z,141.114608,-230.03,10.2899,-356.73,262.91,619.64,1.0,False,6105;6124
DHR,Short,126,2023-01-04T21:00:00Z,204.425179,2023-01-05T21:00:00Z,199.630773,604.1,10.1298,0.0,969.27,365.18,1.0,True,6118;6125
EOG,Short,228,2022-12-29T21:00:00Z,110.679782,2023-01-05T21:00:00Z,108.435093,511.79,10.0769,-557.59,511.79,557.59,7.0,True,6086;6126
GS,Long,80,2022-12-30T21:00:00Z,312.366798,2023-01-05T21:00:00Z,314.661058,183.54,10.0493,0.0,435.82,288.11,6.0,True,6095;6127
INTC,Long,988,2023-01-04T21:00:00Z,26.488711,2023-01-05T21:00:00Z,26.507997,19.05,10.5255,0.0,85.74,66.69,1.0,True,6120;6128
LIN,Long,84,2023-01-04T21:00:00Z,303.345086,2023-01-05T21:00:00Z,290.586292,-1071.74,9.9528,-1071.74,0.0,1071.74,1.0,False,6104;6129
MA,Short,75,2022-12-21T21:00:00Z,336.003563,2023-01-05T21:00:00Z,348.20623,-915.2,10.2294,-915.2,155.47,1070.67,15.0,False,6009;6130
NOW,Short,330,2023-01-04T21:00:00Z,78.19,2023-01-05T21:00:00Z,77.69,165.0,10.0342,0.0,1625.58,1460.58,1.0,True,6122;6131
WFC,Long,670,2023-01-04T21:00:00Z,38.4359,2023-01-05T21:00:00Z,38.676949,161.5,10.3685,0.0,161.5,0.0,1.0,True,6119;6132
DIS,Long,300,2022-12-30T21:00:00Z,83.052784,2023-01-06T21:00:00Z,89.888204,2050.63,10.5178,0.0,2402.58,351.95,7.0,True,6094;6142
BDX,Short,135,2023-01-05T21:00:00Z,188.391892,2023-01-06T21:00:00Z,187.828874,76.01,10.1603,-166.82,76.01,166.82,1.0,True,6140;6143
VRTX,Short,86,2022-12-23T21:00:00Z,292.8,2023-01-06T21:00:00Z,291.81,85.14,9.9743,0.0,605.44,520.3,14.0,True,6030;6144
PGR,Short,215,2022-12-27T21:00:00Z,118.431056,2023-01-06T21:00:00Z,121.515206,-663.09,10.3883,-953.53,27.45,980.98,10.0,False,6060;6145
MCD,Short,105,2023-01-05T21:00:00Z,242.262628,2023-01-06T21:00:00Z,241.567207,73.02,10.2156,-452.53,73.02,452.53,1.0,True,6135;6146
MDLZ,Short,423,2023-01-04T21:00:00Z,60.280735,2023-01-06T21:00:00Z,60.797738,-218.69,10.3399,-598.53,103.59,702.12,2.0,False,6121;6147
NKE,Short,227,2023-01-05T21:00:00Z,111.127173,2023-01-06T21:00:00Z,112.716288,-360.73,10.2829,-891.34,0.0,891.34,1.0,False,6136;6148
REGN,Short,35,2023-01-05T21:00:00Z,717.915163,2023-01-06T21:00:00Z,723.908604,-209.77,10.1308,-432.02,0.0,432.02,1.0,False,6139;6149
SPY,Long,78,2022-12-29T21:00:00Z,362.08763,2023-01-06T21:00:00Z,364.872773,217.24,6.8849,-220.22,629.4,412.16,8.0,True,6073;6155
SPY,Long,15,2022-12-29T21:00:00Z,362.08763,2023-01-06T21:00:00Z,364.872773,41.78,5.0471,-42.35,121.04,79.26,8.0,True,6087;6155
C,Short,645,2022-12-29T21:00:00Z,39.608293,2023-01-09T21:00:00Z,42.275934,-1720.63,10.5631,-1720.63,0.0,1720.63,11.0,False,6085;6156
CRM,Short,190,2023-01-06T21:00:00Z,135.002769,2023-01-09T21:00:00Z,140.537117,-1051.53,10.7244,-1774.92,0.0,1774.92,3.0,False,6152;6157
DHR,Short,129,2023-01-06T21:00:00Z,197.565015,2023-01-09T21:00:00Z,196.485888,139.21,10.0949,0.0,139.21,0.0,3.0,True,6150;6158
DUK,Short,282,2023-01-05T21:00:00Z,89.62309,2023-01-09T21:00:00Z,90.641436,-287.17,10.146,-328.55,0.0,328.55,4.0,False,6138;6159
NOW,Short,347,2023-01-06T21:00:00Z,74.318,2023-01-09T21:00:00Z,74.776,-158.93,10.3418,-483.72,0.0,483.72,3.0,False,6154;6160
TMO,Short,46,2022-12-30T21:00:00Z,546.382987,2023-01-09T21:00:00Z,532.486198,639.25,9.9732,-414.65,809.3,504.22,10.0,True,6093;6161
V,Long,127,2022-12-23T21:00:00Z,198.3768,2023-01-09T21:00:00Z,212.895731,1843.9,10.4767,0.0,1843.9,185.13,17.0,True,6046;6162
CI,Short,90,2023-01-09T21:00:00Z,281.840359,2023-01-11T21:00:00Z,282.492013,-58.65,10.2597,-542.92,0.0,542.92,2.0,False,6164;6168
SO,Short,410,2023-01-04T21:00:00Z,62.183305,2023-01-11T21:00:00Z,61.423603,311.48,10.1959,0.0,584.02,445.98,7.0,True,6106;6171
CVX,Short,172,2023-01-05T21:00:00Z,147.084814,2023-01-11T21:00:00Z,152.650881,-957.36,10.3389,-957.36,0.0,957.36,6.0,False,6134;6188
EOG,Short,229,2023-01-09T21:00:00Z,113.221435,2023-01-11T21:00:00Z,112.819661,92.01,10.1847,0.0,556.04,464.03,2.0,True,6167;6189
FB,Short,206,2023-01-04T21:00:00Z,126.191382,2023-01-11T21:00:00Z,129.786945,-740.69,10.621,-1140.62,93.86,1234.48,7.0,False,6117;6190
KO,Short,441,2022-12-14T21:00:00Z,57.53464,2023-01-11T21:00:00Z,55.912304,715.45,9.961,-7.91,861.7,577.1,28.0,True,5902;6191
NVDA,Long,1785,2023-01-04T21:00:00Z,14.510972,2023-01-11T21:00:00Z,15.779686,2264.65,10.9408,-524.8,2563.52,524.8,7.0,True,6102;6192
PG,Long,184,2023-01-05T21:00:00Z,138.057661,2023-01-11T21:00:00Z,138.24811,35.04,10.0456,-261.99,282.01,544.0,6.0,True,6133;6193
SLB,Short,529,2023-01-06T21:00:00Z,48.778395,2023-01-11T21:00:00Z,51.059892,-1206.91,10.7,-1385.53,0.0,1385.53,5.0,False,6153;6194
XOM,Long,268,2022-12-21T21:00:00Z,95.754934,2023-01-11T21:00:00Z,98.142397,639.84,10.401,-561.64,729.89,912.36,21.0,True,6008;6195
ACN,Short,100,2023-01-11T21:00:00Z,255.189944,2023-01-12T21:00:00Z,262.439183,-724.92,10.4872,-827.03,0.0,827.03,1.0,False,6199;6205
C,Short,599,2023-01-11T21:00:00Z,42.487932,2023-01-12T21:00:00Z,43.45959,-582.02,10.3494,-582.02,0.0,582.02,1.0,False,6183;6206
DHR,Short,124,2023-01-11T21:00:00Z,206.776134,2023-01-12T21:00:00Z,211.046394,-529.51,10.44,-529.51,0.0,529.51,1.0,False,6198;6207
DIS,Short,275,2023-01-11T21:00:00Z,92.942328,2023-01-12T21:00:00Z,95.49228,-701.24,10.4588,-1050.52,0.0,1050.52,1.0,False,6179;6208
LLY,Short,74,2023-01-11T21:00:00Z,344.291277,2023-01-12T21:00:00Z,348.304947,-297.01,10.3488,-346.63,0.0,346.63,1.0,False,6178;6209
LMT,Long,60,2023-01-11T21:00:00Z,419.444377,2023-01-12T21:00:00Z,419.1004,-20.64,10.0447,-89.07,0.0,89.07,1.0,False,6182;6210
MA,Short,70,2023-01-11T21:00:00Z,364.930875,2023-01-12T21:00:00Z,370.062746,-359.23,10.3885,-492.91,0.0,492.91,1.0,False,6177;6211
NFLX,Short,809,2023-01-09T21:00:00Z,31.683,2023-01-12T21:00:00Z,33.237,-1257.19,10.441,-1257.19,0.0,1257.19,3.0,False,6163;6212
NKE,Short,219,2023-01-11T21:00:00Z,116.707553,2023-01-12T21:00:00Z,118.509166,-394.55,10.3527,-394.55,0.0,394.55,1.0,False,6197;6213
SBUX,Long,263,2023-01-11T21:00:00Z,96.633882,2023-01-12T21:00:00Z,97.072255,115.29,10.1913,0.0,115.29,0.0,1.0,True,6202;6214
UNH,Long,56,2023-01-11T21:00:00Z,450.501647,2023-01-12T21:00:00Z,454.874007,244.85,10.2835,0.0,539.61,294.76,1.0,True,6196;6215
NOW,Short,335,2023-01-11T21:00:00Z,76.964,2023-01-12T21:00:00Z,82.664,-1909.5,16.1537,-1909.5,0.0,1909.5,1.0,False,6186;6227
PGR,Long,210,2023-01-11T21:00:00Z,121.396548,2023-01-12T21:00:00Z,120.49292,-189.76,15.2869,-189.76,0.0,189.76,1.0,False,6203;6228
SPY,Long,54,2022-12-29T21:00:00Z,362.08763,2023-01-12T21:00:00Z,378.31204,876.12,17.1897,-152.46,893.12,285.34,14.0,True,6087;6229
SPY,Long,171,2023-01-04T21:00:00Z,365.521368,2023-01-12T21:00:00Z,378.31204,2187.21,12.5184,-1069.95,2241.03,903.59,8.0,True,6123;6229
SPY,Long,2,2023-01-05T21:00:00Z,364.128796,2023-01-12T21:00:00Z,378.31204,28.37,31.6988,-9.73,29.0,10.57,7.0,True,6141;6229
BA,Long,123,2023-01-11T21:00:00Z,209.87,2023-01-13T21:00:00Z,212.0,261.99,10.3851,0.0,547.35,285.36,2.0,True,6201;6230
CRM,Short,179,2023-01-12T21:00:00Z,145.453267,2023-01-13T21:00:00Z,143.461294,356.56,10.5075,-224.83,356.56,224.83,1.0,True,6224;6231
GS,Long,76,2023-01-12T21:00:00Z,334.760976,2023-01-13T21:00:00Z,332.247344,-191.04,10.336,-191.04,539.07,730.11,1.0,False,6225;6232
INTC,Long,898,2023-01-11T21:00:00Z,28.629408,2023-01-13T21:00:00Z,28.928334,268.44,10.3841,0.0,519.55,251.12,2.0,True,6180;6233
LOW,Long,136,2023-01-11T21:00:00Z,187.588954,2023-01-13T21:00:00Z,192.83172,713.02,10.6188,0.0,1258.19,545.17,2.0,True,6181;6234
SO,Long,415,2023-01-11T21:00:00Z,61.423603,2023-01-13T21:00:00Z,60.379013,-433.5,10.1655,-433.5,0.0,433.5,2.0,False,6204;6235
NOW,Long,323,2023-01-12T21:00:00Z,82.664,2023-01-13T21:00:00Z,81.734,-300.39,5.3604,-300.39,101.42,401.81,1.0,False,6227;6236
WMT,Long,546,2023-01-12T21:00:00Z,46.754618,2023-01-13T21:00:00Z,46.473599,-153.44,10.1164,-195.28,0.0,195.28,1.0,False,6216;6237
AVGO,Short,470,2022-12-14T21:00:00Z,53.614481,2023-01-13T21:00:00Z,54.865314,-587.89,15.3213,-1098.71,886.02,1984.73,30.0,False,5903;6239
PEP,Long,162,2023-01-12T21:00:00Z,156.161577,2023-01-13T21:00:00Z,154.175056,-321.82,15.0491,-344.6,0.0,344.6,1.0,False,6219;6240
PGR,Short,211,2023-01-12T21:00:00Z,120.49292,2023-01-13T21:00:00Z,121.213997,-152.15,10.2471,-315.85,0.0,315.85,1.0,False,6228;6244
EOG,Long,223,2023-01-13T21:00:00Z,114.15299,2023-01-18T21:00:00Z,115.506617,301.86,10.124,-211.69,301.86,248.94,5.0,True,6246;6248
HON,Short,132,2023-01-11T21:00:00Z,193.568749,2023-01-18T21:00:00Z,192.901648,88.06,10.0489,-576.59,914.35,826.29,7.0,True,6200;6249
V,Long,118,2023-01-11T21:00:00Z,215.053163,2023-01-18T21:00:00Z,217.764529,319.94,10.1271,-209.85,319.94,477.05,7.0,True,6176;6250
REGN,Short,35,2023-01-13T21:00:00Z,707.988836,2023-01-18T21:00:00Z,718.390676,-364.06,15.0565,-466.0,0.0,466.0,5.0,False,6245;6253
PGR,Long,209,2023-01-13T21:00:00Z,121.213997,2023-01-18T21:00:00Z,118.576132,-551.31,9.855,-871.8,0.0,871.8,5.0,False,6244;6254
JPM,Long,209,2022-12-29T21:00:00Z,121.729717,2023-01-19T21:00:00Z,124.713748,623.66,10.2955,0.0,2131.39,1592.56,21.0,True,6082;6260
MCD,Short,103,2023-01-12T21:00:00Z,246.599857,2023-01-19T21:00:00Z,244.193336,247.87,9.9954,-434.48,557.95,491.97,7.0,True,6222;6262
MMC,Short,159,2023-01-11T21:00:00Z,161.157011,2023-01-19T21:00:00Z,158.342576,447.5,10.2831,-446.0,447.5,446.0,8.0,True,6185;6265
AVGO,Long,459,2023-01-13T21:00:00Z,54.865314,2023-01-19T21:00:00Z,54.074189,-363.13,9.9077,-601.43,97.76,699.19,6.0,False,6239;6272
SPY,Long,293,2023-01-05T21:00:00Z,364.128796,2023-01-19T21:00:00Z,371.244264,2084.83,21.7225,-1425.29,4678.3,2755.56,14.0,True,6141;6282
ABT,Short,243,2023-01-12T21:00:00Z,104.185719,2023-01-19T21:00:00Z,103.320528,210.24,10.0898,-343.62,210.24,343.62,7.0,True,6221;6283
AMAT,Short,252,2023-01-09T21:00:00Z,102.37703,2023-01-19T21:00:00Z,106.198588,-963.03,10.3954,-1136.57,0.0,1136.57,10.0,False,6165;6284
AMGN,Short,105,2023-01-13T21:00:00Z,241.234464,2023-01-19T21:00:00Z,233.274634,835.78,9.98,0.0,835.78,0.0,6.0,True,6243;6285
BMY,Long,415,2023-01-13T21:00:00Z,61.148411,2023-01-19T21:00:00Z,61.763053,255.08,10.3632,0.0,751.06,495.98,6.0,True,6242;6286
CVX,Short,169,2023-01-12T21:00:00Z,151.055675,2023-01-19T21:00:00Z,151.467341,-69.57,10.3198,-630.49,0.0,630.49,7.0,False,6218;6287
FB,Short,187,2023-01-13T21:00:00Z,133.719282,2023-01-19T21:00:00Z,131.589679,398.24,10.1182,-213.01,398.24,579.76,6.0,True,6238;6288
ISRG,Short,98,2023-01-12T21:00:00Z,258.74,2023-01-19T21:00:00Z,254.84,382.2,9.985,-293.02,611.52,293.02,7.0,True,6226;6289
VRTX,Long,81,2023-01-18T21:00:00Z,311.8,2023-01-19T21:00:00Z,310.02,-144.18,10.0084,-312.66,0.0,312.66,1.0,False,6255;6290
PGR,Short,212,2023-01-18T21:00:00Z,118.576132,2023-01-19T21:00:00Z,116.82364,371.53,4.8732,0.0,772.08,400.55,1.0,True,6254;6291
ADI,Short,164,2023-01-09T21:00:00Z,157.492832,2023-01-19T21:00:00Z,155.771033,282.37,10.1911,-370.33,657.33,374.96,10.0,True,6166;6292
PEP,Short,164,2023-01-13T21:00:00Z,154.175056,2023-01-19T21:00:00Z,150.553613,593.92,4.8906,-95.14,831.77,237.86,6.0,True,6240;6293
RTX,Short,278,2023-01-18T21:00:00Z,91.222003,2023-01-19T21:00:00Z,88.050591,881.65,9.7665,0.0,1136.12,254.47,1.0,True,6252;6294
REGN,Long,35,2023-01-18T21:00:00Z,718.390676,2023-01-19T21:00:00Z,722.571225,146.32,4.9622,-332.86,146.32,332.86,1.0,True,6253;6295
T,Short,1625,2023-01-06T21:00:00Z,15.780463,2023-01-19T21:00:00Z,15.66046,195.01,10.2687,-638.48,195.01,672.17,13.0,True,6151;6296
VZ,Short,783,2023-01-12T21:00:00Z,32.632701,2023-01-19T21:00:00Z,31.415594,952.99,10.1327,-352.73,952.99,352.73,7.0,True,6223;6297
SPY,Long,143,2023-01-05T21:00:00Z,364.128796,2023-01-19T21:00:00Z,371.244264,1017.51,20.388,-695.62,2283.26,1344.86,14.0,True,6141;6306
SPY,Long,82,2023-01-11T21:00:00Z,374.038944,2023-01-19T21:00:00Z,371.244264,-229.16,6.187,-1211.52,496.65,771.18,8.0,False,6187;6306
SPY,Long,50,2023-01-13T21:00:00Z,375.469668,2023-01-19T21:00:00Z,371.244264,-211.27,21.0573,-810.27,231.3,435.42,6.0,False,6247;6306
BKNG,Short,294,2023-01-11T21:00:00Z,86.874351,2023-01-20T21:00:00Z,90.929021,-1192.07,10.4976,-1389.32,0.0,1389.32,9.0,False,6184;6307
BLK,Short,37,2023-01-19T21:00:00Z,675.249393,2023-01-20T21:00:00Z,672.467162,102.94,9.9663,-132.06,102.94,132.06,1.0,True,6304;6308
CB,Short,121,2023-01-19T21:00:00Z,209.515451,2023-01-20T21:00:00Z,208.642391,105.64,10.0974,0.0,105.64,0.0,1.0,True,6305;6309
HON,Short,136,2023-01-19T21:00:00Z,186.477381,2023-01-20T21:00:00Z,182.145798,589.1,10.0092,0.0,589.1,0.0,1.0,True,6274;6310
INTC,Long,917,2023-01-19T21:00:00Z,27.597631,2023-01-20T21:00:00Z,27.356561,-221.06,10.1936,-221.06,530.55,751.61,1.0,False,6276;6311
NKE,Short,218,2023-01-19T21:00:00Z,115.29398,2023-01-20T21:00:00Z,114.91518,82.58,10.1169,-368.58,82.58,368.58,1.0,True,6273;6312
PG,Short,186,2023-01-12T21:00:00Z,137.577003,2023-01-20T21:00:00Z,130.008227,1407.79,9.9084,0.0,1412.88,95.06,8.0,True,6217;6313
TSLA,Short,197,2023-01-19T21:00:00Z,127.32,2023-01-20T21:00:00Z,128.37,-206.85,10.2672,-1201.7,0.0,1201.7,1.0,False,6266;6314
AVGO,Short,466,2023-01-19T21:00:00Z,54.074189,2023-01-20T21:00:00Z,53.536946,250.36,10.2252,-93.05,250.36,93.05,1.0,True,6272;6316
SPY,Long,227,2023-01-13T21:00:00Z,375.469668,2023-01-20T21:00:00Z,371.940549,-801.11,22.1272,-3678.61,1050.1,1976.79,7.0,False,6247;6329
AMD,Short,377,2023-01-20T21:00:00Z,67.92,2023-01-24T21:00:00Z,73.74,-2194.14,10.9157,-3245.97,0.0,3245.97,4.0,False,6325;6331
MCD,Short,105,2023-01-20T21:00:00Z,241.960669,2023-01-24T21:00:00Z,216.330754,2691.14,10.3407,-492.88,2691.14,492.88,4.0,True,6317;6336
SPY,Short,66,2023-01-20T21:00:00Z,371.940549,2023-01-24T21:00:00Z,380.458126,-562.16,5.0387,-672.33,0.0,672.33,4.0,False,6329;6350
ADP,Long,119,2023-01-19T21:00:00Z,212.054168,2023-01-24T21:00:00Z,219.541647,891.01,10.2427,0.0,891.01,196.2,5.0,True,6278;6351
AMGN,Long,109,2023-01-20T21:00:00Z,233.301345,2023-01-24T21:00:00Z,233.14108,-17.47,10.1502,-226.13,0.0,226.13,4.0,False,6319;6352
CVX,Short,166,2023-01-20T21:00:00Z,153.354143,2023-01-24T21:00:00Z,156.090007,-454.15,10.2972,-454.15,0.0,454.15,4.0,False,6315;6353
EOG,Long,225,2023-01-19T21:00:00Z,113.361909,2023-01-24T21:00:00Z,118.143554,1075.87,10.4442,0.0,1075.87,280.83,5.0,True,6281;6354
GS,Long,79,2023-01-20T21:00:00Z,319.798009,2023-01-24T21:00:00Z,319.002787,-62.82,9.9674,-111.2,0.0,111.2,4.0,False,6324;6355
HD,Short,88,2022-12-20T21:00:00Z,284.142576,2023-01-24T21:00:00Z,285.321516,-103.75,10.0958,-1427.71,194.72,1427.71,35.0,False,5993;6356
JPM,Short,202,2023-01-19T21:00:00Z,124.713748,2023-01-24T21:00:00Z,126.005258,-260.89,10.182,-607.49,20.5,627.99,5.0,False,6298;6357
LLY,Short,74,2023-01-19T21:00:00Z,342.425358,2023-01-24T21:00:00Z,373.611479,-2307.77,10.0311,-2307.77,729.22,3037.0,5.0,False,6267;6358
NFLX,Long,808,2023-01-20T21:00:00Z,33.619,2023-01-24T21:00:00Z,35.746,1718.62,11.4143,0.0,2233.31,514.7,4.0,True,6318;6359
ORCL,Short,320,2023-01-04T21:00:00Z,79.910448,2023-01-24T21:00:00Z,83.830023,-1254.26,10.5994,-1769.44,0.0,1769.44,20.0,False,6103;6360
SPGI,Long,76,2023-01-19T21:00:00Z,330.113079,2023-01-24T21:00:00Z,341.852103,892.17,10.1523,0.0,892.17,211.72,5.0,True,6277;6361
UNH,Long,56,2023-01-18T21:00:00Z,452.553221,2023-01-24T21:00:00Z,464.398512,663.34,10.0627,-163.23,663.34,163.23,6.0,True,6251;6362
CRM,Long,166,2023-01-24T21:00:00Z,151.605813,2023-01-24T21:00:00Z,151.605813,0.0,15.1351,0.0,0.0,0.0,0.0,False,6342;6368
ACN,Short,96,2023-01-13T21:00:00Z,260.19294,2023-01-25T21:00:00Z,251.300787,853.65,9.8962,-406.33,853.65,675.43,12.0,True,6241;6381
ANTM,Short,56,2023-01-24T21:00:00Z,453.43794,2023-01-25T21:00:00Z,456.442718,-168.27,10.304,-831.28,0.0,831.28,1.0,False,6373;6382
COP,Long,238,2023-01-24T21:00:00Z,107.364413,2023-01-25T21:00:00Z,104.879947,-591.3,10.102,-591.3,0.0,591.3,1.0,False,6369;6383
DHR,Long,122,2023-01-19T21:00:00Z,207.654852,2023-01-25T21:00:00Z,205.242233,-294.34,10.0358,-613.13,714.69,1327.82,6.0,False,6299;6384
DUK,Long,291,2023-01-24T21:00:00Z,87.448317,2023-01-25T21:00:00Z,86.852843,-173.28,10.1835,-173.28,25.11,198.4,1.0,False,6348;6385
LMT,Long,63,2023-01-24T21:00:00Z,400.254053,2023-01-25T21:00:00Z,405.531392,332.47,10.3017,0.0,686.62,354.14,1.0,True,6344;6386
RTX,Long,285,2023-01-24T21:00:00Z,88.956709,2023-01-25T21:00:00Z,91.980183,861.69,10.5131,0.0,1001.35,139.66,1.0,True,6370;6387
UPS,Short,171,2023-01-24T21:00:00Z,129.174398,2023-01-25T21:00:00Z,145.672594,-2821.19,10.0192,-2821.19,0.0,2821.19,1.0,False,6367;6388
CSCO,Short,597,2023-01-19T21:00:00Z,42.729139,2023-01-25T21:00:00Z,43.602834,-521.6,15.3277,-559.63,92.37,651.99,6.0,False,6300;6389
BMY,Short,409,2023-01-25T21:00:00Z,61.942324,2023-01-26T21:00:00Z,62.411843,-192.03,10.2064,-192.03,0.0,192.03,1.0,False,6391;6394
CSCO,Long,580,2023-01-25T21:00:00Z,43.602834,2023-01-26T21:00:00Z,43.766651,95.01,5.1033,0.0,226.98,131.96,1.0,True,6389;6395
CRM,Short,166,2023-01-24T21:00:00Z,151.605813,2023-01-26T21:00:00Z,155.22669,-601.07,5.3783,-1725.01,0.0,1725.01,2.0,False,6368;6396
DIS,Short,248,2023-01-24T21:00:00Z,102.773699,2023-01-26T21:00:00Z,104.712826,-480.9,10.3716,-882.46,0.0,882.46,2.0,False,6366;6397
MO,Long,756,2023-01-24T21:00:00Z,38.733649,2023-01-26T21:00:00Z,33.588691,-3889.59,10.1152,-4133.75,0.0,4133.75,2.0,False,6378;6398
SLB,Long,499,2023-01-25T21:00:00Z,50.329813,2023-01-26T21:00:00Z,51.671333,669.42,10.3573,0.0,1056.5,387.08,1.0,True,6393;6399
SCHW,Long,352,2023-01-20T21:00:00Z,72.703017,2023-01-26T21:00:00Z,75.404498,950.92,10.3487,0.0,950.92,400.39,6.0,True,6320;6400
V,Long,116,2023-01-24T21:00:00Z,218.221283,2023-01-26T21:00:00Z,219.630416,163.46,10.1142,0.0,163.46,21.42,2.0,True,6363;6401
AMAT,Short,229,2023-01-24T21:00:00Z,110.058944,2023-01-26T21:00:00Z,110.960987,-206.57,15.2658,-468.66,0.0,468.66,2.0,False,6377;6407
SPY,Long,107,2023-01-26T21:00:00Z,384.445077,2023-01-30T21:00:00Z,384.149394,-31.64,16.4383,-252.08,267.39,519.48,4.0,False,6411;6412
NOW,Short,306,2023-01-19T21:00:00Z,83.06,2023-01-30T21:00:00Z,90.398,-2245.43,10.661,-2923.52,0.0,2923.52,11.0,False,6280;6416
REGN,Long,35,2023-01-24T21:00:00Z,724.17608,2023-01-30T21:00:00Z,741.997899,623.76,10.1517,0.0,623.76,220.87,6.0,True,6380;6419
FB,Short,179,2023-01-24T21:00:00Z,140.514203,2023-01-30T21:00:00Z,147.844,-1312.03,15.1267,-1751.74,63.83,1815.57,6.0,False,6365;6424
AMAT,Long,228,2023-01-26T21:00:00Z,110.960987,2023-01-30T21:00:00Z,107.362515,-820.45,4.7856,-1371.11,0.0,1371.11,4.0,False,6407;6435
CAT,Long,109,2023-01-20T21:00:00Z,234.243809,2023-01-30T21:00:00Z,250.137129,1732.37,10.5744,0.0,1827.52,314.41,10.0,True,6321;6436
CB,Short,115,2023-01-26T21:00:00Z,218.046767,2023-01-30T21:00:00Z,215.73126,266.28,9.9786,0.0,403.79,137.51,4.0,True,6409;6437
IBM,Long,206,2023-01-19T21:00:00Z,122.975328,2023-01-30T21:00:00Z,117.986043,-1027.79,9.9855,-1027.79,336.57,1364.36,11.0,False,6302;6438
INTU,Short,63,2023-01-24T21:00:00Z,399.022619,2023-01-30T21:00:00Z,404.998226,-376.46,10.0308,-773.77,496.64,1270.41,6.0,False,6345;6439
VRTX,Long,81,2023-01-24T21:00:00Z,312.24,2023-01-30T21:00:00Z,321.21,726.57,10.2635,0.0,746.01,119.07,6.0,True,6379;6440
MCD,Long,101,2023-01-26T21:00:00Z,249.802453,2023-01-30T21:00:00Z,248.347559,-146.94,10.0848,-195.0,0.0,195.0,4.0,False,6403;6441
PEP,Short,171,2023-01-24T21:00:00Z,149.085697,2023-01-30T21:00:00Z,149.094487,-1.5,10.226,-348.71,19.54,348.71,6.0,False,6340;6442
PYPL,Short,332,2023-01-05T21:00:00Z,76.447466,2023-01-30T21:00:00Z,80.096769,-1211.57,10.2382,-1487.37,269.24,1756.61,25.0,False,6137;6443
RTX,Long,273,2023-01-26T21:00:00Z,93.089715,2023-01-30T21:00:00Z,91.998675,-297.85,10.0442,-497.26,0.0,497.26,4.0,False,6405;6444
TMO,Short,44,2023-01-12T21:00:00Z,575.214376,2023-01-30T21:00:00Z,561.179212,617.55,9.9663,-993.73,768.89,1077.23,18.0,True,6220;6445
TSLA,Short,175,2023-01-26T21:00:00Z,159.99,2023-01-30T21:00:00Z,178.05,-3160.5,11.4426,-3160.5,0.0,3160.5,4.0,False,6402;6446
SPGI,Short,73,2023-01-30T21:00:00Z,338.727195,2023-01-30T21:00:00Z,338.727195,0.0,14.6962,0.0,0.0,0.0,0.0,False,6432;6452
INTC,Long,871,2023-01-24T21:00:00Z,28.909048,2023-01-30T21:00:00Z,26.729781,-1898.14,14.6961,-1898.14,92.39,1990.53,6.0,False,6343;6454
SYK,Short,102,2023-01-24T21:00:00Z,248.829666,2023-01-30T21:00:00Z,243.332323,560.73,14.876,0.0,792.31,231.58,6.0,True,6376;6455
ADP,Short,121,2023-01-26T21:00:00Z,206.597963,2023-01-31T21:00:00Z,203.792435,339.47,9.9469,0.0,662.41,552.19,5.0,True,6410;6456
AMGN,Long,110,2023-01-30T21:00:00Z,225.528492,2023-01-31T21:00:00Z,223.97036,-171.39,9.8721,-171.39,0.0,171.39,1.0,False,6431;6457
BKNG,Short,260,2023-01-30T21:00:00Z,95.103257,2023-01-31T21:00:00Z,94.551928,143.35,9.8972,-1.52,143.35,1.52,1.0,True,6433;6458
COST,Short,52,2023-01-30T21:00:00Z,478.131806,2023-01-31T21:00:00Z,480.864697,-142.11,10.0811,-535.15,0.0,535.15,1.0,False,6448;6459
MA,Short,68,2023-01-24T21:00:00Z,325.521239,2023-01-31T21:00:00Z,362.355145,-2504.71,9.9976,-3330.51,0.0,3330.51,7.0,False,6339;6460
NEE,Short,369,2023-01-30T21:00:00Z,67.59113,2023-01-31T21:00:00Z,66.855664,271.39,9.9076,0.0,271.39,0.0,1.0,True,6429;6461
SLB,Long,482,2023-01-30T21:00:00Z,51.735215,2023-01-31T21:00:00Z,51.361049,-180.35,9.9693,-180.35,127.56,307.91,1.0,False,6434;6462
SPGI,Long,73,2023-01-30T21:00:00Z,338.727195,2023-01-31T21:00:00Z,336.711125,-147.17,5.0165,-147.17,355.22,502.4,1.0,False,6452;6463
SYK,Long,102,2023-01-30T21:00:00Z,243.332323,2023-01-31T21:00:00Z,240.656112,-272.97,4.9991,-272.97,175.41,448.39,1.0,False,6455;6464
T,Long,1519,2023-01-30T21:00:00Z,16.479469,2023-01-31T21:00:00Z,16.68629,314.16,10.1863,0.0,565.49,251.33,1.0,True,6430;6465
V,Short,111,2023-01-30T21:00:00Z,222.992899,2023-01-31T21:00:00Z,222.361219,70.12,9.9093,-80.9,70.12,80.9,1.0,True,6447;6466
WMT,Short,547,2023-01-30T21:00:00Z,45.384648,2023-01-31T21:00:00Z,45.448516,-34.94,15.0645,-305.69,0.0,305.69,1.0,False,6425;6467
FB,Long,166,2023-01-30T21:00:00Z,147.844,2023-01-31T21:00:00Z,146.546428,-215.4,9.9748,-215.4,0.0,215.4,1.0,False,6424;6468
PG,Long,195,2023-01-30T21:00:00Z,128.675839,2023-01-31T21:00:00Z,128.69409,3.56,15.128,0.0,245.58,242.02,1.0,True,6427;6469
CVX,Short,162,2023-01-30T21:00:00Z,152.702339,2023-01-31T21:00:00Z,148.156861,736.37,14.668,0.0,736.37,0.0,1.0,True,6426;6470
GS,Short,77,2023-01-30T21:00:00Z,322.658979,2023-01-31T21:00:00Z,328.289516,-433.55,15.2634,-901.59,0.0,901.59,1.0,False,6453;6474
AMD,Long,332,2023-01-24T21:00:00Z,73.74,2023-01-31T21:00:00Z,72.36,-458.16,15.1504,-458.16,551.12,1009.28,7.0,False,6371;6476
CI,Short,86,2023-01-26T21:00:00Z,292.45301,2023-01-31T21:00:00Z,291.615169,72.05,15.1561,-201.75,468.35,670.11,5.0,True,6408;6478
NKE,Short,214,2023-01-24T21:00:00Z,103.809853,2023-02-02T21:00:00Z,120.523277,-3576.67,10.1187,-3576.67,0.0,3576.67,9.0,False,6341;6489
UNP,Long,132,2023-01-19T21:00:00Z,190.614713,2023-02-02T21:00:00Z,190.972787,47.27,10.1539,-907.75,702.93,1213.15,14.0,True,6301;6492
SPY,Long,217,2023-01-31T21:00:00Z,382.556521,2023-02-02T21:00:00Z,395.671491,2845.95,34.0794,0.0,3249.56,403.61,2.0,True,6483;6502
ACN,Short,98,2023-01-31T21:00:00Z,255.199226,2023-02-02T21:00:00Z,268.723095,-1325.34,10.4272,-1742.86,0.0,1742.86,2.0,False,6472;6503
AMD,Short,346,2023-01-31T21:00:00Z,72.36,2023-02-02T21:00:00Z,84.34,-4145.08,6.1111,-5518.7,0.0,5518.7,2.0,False,6476;6504
BLK,Short,37,2023-01-24T21:00:00Z,683.220852,2023-02-02T21:00:00Z,699.127162,-588.53,10.3132,-819.82,0.0,819.82,9.0,False,6346;6505
C,Long,554,2023-01-24T21:00:00Z,44.537247,2023-02-02T21:00:00Z,46.577727,1130.43,10.1445,0.0,1130.43,200.64,9.0,True,6347;6506
CSCO,Long,567,2023-01-30T21:00:00Z,43.812156,2023-02-02T21:00:00Z,44.2126,227.05,10.0666,0.0,608.91,381.86,3.0,True,6449;6507
CI,Long,86,2023-01-31T21:00:00Z,291.615169,2023-02-02T21:00:00Z,288.589633,-260.2,4.8281,-938.31,2.4,940.71,2.0,False,6478;6508
DE,Long,62,2023-01-19T21:00:00Z,402.655423,2023-02-02T21:00:00Z,406.851538,260.16,9.6395,-926.52,282.04,1208.56,14.0,True,6303;6509
DHR,Short,124,2023-01-26T21:00:00Z,203.492505,2023-02-02T21:00:00Z,207.34653,-477.9,10.2555,-639.43,120.43,759.86,7.0,False,6404;6510
GILD,Long,345,2023-01-24T21:00:00Z,73.74794,2023-02-02T21:00:00Z,72.740237,-347.66,10.0888,-622.12,195.18,817.3,9.0,False,6374;6511
IBM,Long,211,2023-01-31T21:00:00Z,119.02255,2023-02-02T21:00:00Z,119.215797,40.78,10.05,-75.99,164.95,124.18,2.0,True,6473;6512
INTC,Short,923,2023-01-30T21:00:00Z,26.729781,2023-02-02T21:00:00Z,28.205126,-1361.74,5.374,-2198.37,0.0,2198.37,3.0,False,6454;6513
INTU,Short,61,2023-01-31T21:00:00Z,405.299926,2023-02-02T21:00:00Z,432.073371,-1633.18,10.3872,-2119.99,0.0,2119.99,2.0,False,6475;6514
NOW,Short,283,2023-01-31T21:00:00Z,88.904,2023-02-02T21:00:00Z,97.472,-2424.74,10.7132,-2646.05,0.0,2646.05,2.0,False,6480;6515
PYPL,Short,318,2023-01-31T21:00:00Z,78.820997,2023-02-02T21:00:00Z,85.644897,-2170.0,10.5953,-2283.22,0.0,2283.22,2.0,False,6479;6516
SBUX,Long,265,2023-01-19T21:00:00Z,95.939791,2023-02-02T21:00:00Z,100.497045,1207.67,10.3298,-2.42,1207.67,203.3,14.0,True,6275;6517
REGN,Long,34,2023-01-31T21:00:00Z,732.35886,2023-02-02T21:00:00Z,742.196029,334.46,10.1698,0.0,630.87,296.4,2.0,True,6481;6518
TJX,Short,326,2023-01-25T21:00:00Z,76.848548,2023-02-02T21:00:00Z,78.245794,-455.5,10.1035,-495.78,142.54,598.04,8.0,False,6392;6519
ZTS,Short,159,2023-01-31T21:00:00Z,157.208373,2023-02-02T21:00:00Z,159.85559,-420.91,10.2264,-989.21,0.0,989.21,2.0,False,6482;6520
FB,Short,172,2023-01-31T21:00:00Z,146.546428,2023-02-02T21:00:00Z,181.6205,-6032.74,12.5276,-6954.43,0.0,6954.43,2.0,False,6468;6521
WMT,Long,552,2023-01-31T21:00:00Z,45.448516,2023-02-02T21:00:00Z,46.115938,368.42,9.9891,0.0,414.25,185.09,2.0,True,6467;6522
EL,Long,98,2023-01-26T21:00:00Z,258.697994,2023-02-02T21:00:00Z,256.412362,-223.99,14.6712,-712.37,425.03,1137.4,7.0,False,6406;6533
ABBV,Long,193,2023-01-19T21:00:00Z,131.608183,2023-02-03T21:00:00Z,128.824929,-537.17,10.0271,-700.88,105.73,806.6,15.0,False,6268;6536
ABT,Short,241,2023-01-25T21:00:00Z,102.334397,2023-02-03T21:00:00Z,104.018263,-405.81,9.9906,-506.7,38.11,544.82,9.0,False,6390;6537
ANTM,Short,52,2023-02-02T21:00:00Z,464.332621,2023-02-03T21:00:00Z,454.675757,502.16,9.4162,0.0,676.09,173.94,1.0,True,6496;6538
AVGO,Long,476,2023-01-20T21:00:00Z,53.536946,2023-02-03T21:00:00Z,56.862146,1582.79,5.4098,0.0,1934.48,775.33,14.0,True,6316;6539
BA,Long,123,2023-01-20T21:00:00Z,207.47,2023-02-03T21:00:00Z,207.71,29.52,10.1541,-179.58,895.44,1075.02,14.0,True,6322;6540
BKNG,Short,259,2023-02-02T21:00:00Z,95.958969,2023-02-03T21:00:00Z,94.597253,352.68,9.9374,0.0,352.68,0.0,1.0,True,6499;6541
COP,Long,237,2023-02-02T21:00:00Z,100.700721,2023-02-03T21:00:00Z,98.766387,-458.44,9.228,-1131.37,0.0,1131.37,1.0,False,6530;6542
DIS,Long,233,2023-02-02T21:00:00Z,107.146429,2023-02-03T21:00:00Z,108.067514,214.61,10.1155,0.0,214.61,0.0,1.0,True,6493;6543
EL,Short,94,2023-02-02T21:00:00Z,256.412362,2023-02-03T21:00:00Z,251.09171,500.14,4.7468,0.0,500.14,0.0,1.0,True,6533;6544
GS,Long,76,2023-01-31T21:00:00Z,328.289516,2023-02-03T21:00:00Z,335.638462,558.52,5.1399,0.0,749.56,191.04,3.0,True,6474;6545
ISRG,Short,101,2023-01-20T21:00:00Z,252.08,2023-02-03T21:00:00Z,257.81,-578.73,10.3313,-890.82,994.85,1885.67,14.0,False,6326;6546
MDLZ,Short,435,2023-01-19T21:00:00Z,58.267145,2023-02-03T21:00:00Z,60.498421,-970.61,10.2387,-982.44,78.91,1061.35,15.0,False,6279;6547
NKE,Long,207,2023-02-02T21:00:00Z,120.523277,2023-02-03T21:00:00Z,117.141788,-699.97,9.8175,-699.97,0.0,699.97,1.0,False,6524;6548
PLD,Short,213,2023-02-02T21:00:00Z,117.813991,2023-02-03T21:00:00Z,117.263002,117.36,10.0745,0.0,179.83,62.47,1.0,True,6532;6549
XOM,Short,245,2023-01-30T21:00:00Z,101.767803,2023-02-03T21:00:00Z,98.955903,688.92,9.7709,-210.14,862.23,210.14,4.0,True,6422;6550
FB,Long,163,2023-02-02T21:00:00Z,181.6205,2023-02-03T21:00:00Z,181.541259,-12.92,10.9009,-12.92,511.81,524.72,1.0,False,6521;6553
HD,Long,83,2023-02-02T21:00:00Z,302.398002,2023-02-03T21:00:00Z,301.563676,-69.25,14.9158,-146.78,0.0,146.78,1.0,False,6523;6555
PG,Short,194,2023-01-31T21:00:00Z,128.69409,2023-02-03T21:00:00Z,130.300257,-311.6,9.993,-394.81,0.0,394.81,3.0,False,6469;6556
AMT,Long,133,2023-01-24T21:00:00Z,190.481068,2023-02-06T21:00:00Z,193.724732,431.41,10.2722,0.0,1468.67,1037.26,13.0,True,6375;6575
BMY,Long,408,2023-02-02T21:00:00Z,59.739855,2023-02-06T21:00:00Z,63.769179,1643.96,10.2608,0.0,1643.96,0.0,4.0,True,6526;6576
CB,Short,122,2023-02-02T21:00:00Z,201.069543,2023-02-06T21:00:00Z,199.323423,213.03,9.8182,-228.08,236.18,464.26,4.0,True,6534;6577
CRM,Short,144,2023-02-03T21:00:00Z,166.835083,2023-02-06T21:00:00Z,164.862736,284.02,9.6111,0.0,284.02,0.0,3.0,True,6561;6578
HON,Long,130,2023-02-03T21:00:00Z,189.447348,2023-02-06T21:00:00Z,184.53091,-639.14,9.6633,-639.14,0.0,639.14,3.0,False,6564;6579
IBM,Short,206,2023-02-03T21:00:00Z,119.769186,2023-02-06T21:00:00Z,119.31242,94.09,9.8842,0.0,94.09,0.0,3.0,True,6567;6580
INTU,Long,56,2023-02-03T21:00:00Z,428.959048,2023-02-06T21:00:00Z,406.467797,-1259.51,9.1425,-1404.48,0.0,1404.48,3.0,False,6566;6581
LMT,Short,59,2023-02-02T21:00:00Z,414.918357,2023-02-06T21:00:00Z,419.63447,-278.25,9.8928,-571.99,0.0,571.99,4.0,False,6497;6582
MO,Short,694,2023-02-02T21:00:00Z,35.541522,2023-02-06T21:00:00Z,35.308684,161.59,9.7913,0.0,213.71,52.13,4.0,True,6535;6583
MS,Short,277,2023-02-03T21:00:00Z,88.031607,2023-02-06T21:00:00Z,88.640946,-168.79,9.8457,-168.79,0.0,168.79,3.0,False,6562;6584
NOW,Short,251,2023-02-03T21:00:00Z,95.838,2023-02-06T21:00:00Z,91.102,1188.74,9.3115,0.0,1203.29,14.56,3.0,True,6569;6585
ADI,Short,166,2023-01-20T21:00:00Z,154.133913,2023-02-06T21:00:00Z,166.525218,-2056.96,10.7055,-2417.74,0.0,2417.74,17.0,False,6328;6586
PYPL,Short,287,2023-02-03T21:00:00Z,84.557029,2023-02-06T21:00:00Z,82.252726,661.33,9.5283,0.0,899.76,238.42,3.0,True,6570;6587
SPGI,Short,70,2023-02-03T21:00:00Z,344.143091,2023-02-06T21:00:00Z,336.610322,527.29,9.514,0.0,527.29,0.0,3.0,True,6568;6588
SYK,Long,92,2023-02-02T21:00:00Z,267.080073,2023-02-06T21:00:00Z,271.64026,419.54,9.8477,-440.87,596.42,1037.29,4.0,True,6498;6589
TMO,Short,44,2023-01-31T21:00:00Z,555.654102,2023-02-06T21:00:00Z,573.820743,-799.33,9.9721,-1112.45,0.0,1112.45,6.0,False,6471;6590
WFC,Short,576,2023-02-02T21:00:00Z,43.372604,2023-02-06T21:00:00Z,43.198675,100.18,10.0089,-158.18,100.18,158.18,4.0,True,6525;6591
USB,Short,592,2023-02-02T21:00:00Z,42.088957,2023-02-06T21:00:00Z,41.638035,266.95,14.7714,0.0,266.95,0.0,4.0,True,6500;6605
SPY,Long,248,2023-02-03T21:00:00Z,392.590666,2023-02-06T21:00:00Z,390.845182,-432.88,53.921,-432.88,0.0,432.88,3.0,False,6574;6607
AMD,Long,279,2023-02-03T21:00:00Z,86.65,2023-02-07T21:00:00Z,84.3,-655.65,9.5976,-828.63,0.0,828.63,4.0,False,6563;6608
AMGN,Long,113,2023-02-02T21:00:00Z,216.838567,2023-02-07T21:00:00Z,216.52694,-35.21,9.8705,-35.21,164.0,199.21,5.0,False,6531;6609
MDT,Short,343,2023-01-31T21:00:00Z,73.167409,2023-02-07T21:00:00Z,75.598955,-834.02,10.3279,-1464.84,0.0,1464.84,7.0,False,6477;6610
CAT,Long,104,2023-02-02T21:00:00Z,236.113053,2023-02-07T21:00:00Z,237.735595,168.74,9.7607,-106.58,254.6,173.68,5.0,True,6495;6611
CSCO,Long,550,2023-02-03T21:00:00Z,44.67675,2023-02-07T21:00:00Z,42.947562,-951.05,9.6577,-951.05,0.0,951.05,4.0,False,6558;6612
CI,Short,87,2023-02-03T21:00:00Z,283.357782,2023-02-07T21:00:00Z,267.159525,1409.25,9.4207,0.0,1409.25,45.36,4.0,True,6571;6613
COST,Short,50,2023-02-06T21:00:00Z,492.432205,2023-02-07T21:00:00Z,490.087017,117.26,9.8797,-100.03,117.26,100.03,1.0,True,6593;6614
GILD,Long,329,2023-02-06T21:00:00Z,74.693767,2023-02-07T21:00:00Z,76.550061,610.72,10.028,0.0,610.72,0.0,1.0,True,6601;6615
INTC,Long,842,2023-02-06T21:00:00Z,28.841613,2023-02-07T21:00:00Z,27.963188,-739.63,9.4903,-739.63,0.0,739.63,1.0,False,6599;6616
ISRG,Short,96,2023-02-06T21:00:00Z,251.76,2023-02-07T21:00:00Z,247.81,379.2,9.6392,-124.8,379.2,124.8,1.0,True,6602;6617
PGR,Long,200,2023-02-03T21:00:00Z,123.59629,2023-02-07T21:00:00Z,124.737235,228.19,10.0407,0.0,600.59,372.4,4.0,True,6573;6618
SBUX,Short,258,2023-02-06T21:00:00Z,94.98085,2023-02-07T21:00:00Z,95.73887,-195.57,9.9832,-665.64,0.0,665.64,1.0,False,6600;6619
ITW,Short,108,2023-02-06T21:00:00Z,226.153863,2023-02-07T21:00:00Z,221.888721,460.64,9.5794,0.0,620.81,160.18,1.0,True,6606;6620
TMUS,Short,177,2023-02-03T21:00:00Z,138.172122,2023-02-07T21:00:00Z,133.134449,891.67,9.6421,0.0,891.67,170.64,4.0,True,6560;6621
UNP,Long,126,2023-02-03T21:00:00Z,193.332403,2023-02-07T21:00:00Z,190.091374,-408.37,9.7021,-408.37,0.0,408.37,4.0,False,6565;6622
MCD,Short,102,2023-02-03T21:00:00Z,240.31362,2023-02-07T21:00:00Z,242.509685,-224.0,14.815,-493.73,0.0,493.73,4.0,False,6559;6625
USB,Long,587,2023-02-06T21:00:00Z,41.638035,2023-02-07T21:00:00Z,41.399811,-139.84,9.9732,-139.84,364.58,504.41,1.0,False,6605;6637
SPY,Long,191,2023-02-03T21:00:00Z,392.590666,2023-02-08T21:00:00Z,394.097695,287.84,14.9623,-333.39,654.02,827.09,5.0,True,6574;6638
AMZN,Short,218,2023-02-03T21:00:00Z,105.1,2023-02-08T21:00:00Z,102.09,656.18,8.87,0.0,1100.9,444.72,5.0,True,6551;6639
CB,Short,121,2023-02-07T21:00:00Z,201.439645,2023-02-08T21:00:00Z,202.872602,-173.39,9.8866,-353.67,0.0,353.67,1.0,False,6633;6640
CVS,Short,332,2023-01-24T21:00:00Z,76.109401,2023-02-08T21:00:00Z,77.425414,-436.92,10.1935,-643.72,436.92,1080.64,15.0,False,6372;6641
COP,Long,256,2023-02-06T21:00:00Z,96.33516,2023-02-08T21:00:00Z,99.582712,831.37,9.9165,0.0,831.37,279.4,2.0,True,6598;6642
EL,Long,100,2023-02-07T21:00:00Z,242.239568,2023-02-08T21:00:00Z,241.677527,-56.2,9.7458,-56.2,55.27,111.47,1.0,False,6632;6643
GS,Long,72,2023-02-07T21:00:00Z,336.525089,2023-02-08T21:00:00Z,340.866817,312.6,9.8651,0.0,456.07,143.47,1.0,True,6628;6644
KO,Long,475,2023-01-19T21:00:00Z,53.752178,2023-02-08T21:00:00Z,53.64462,-51.09,10.1703,-106.44,579.02,685.46,20.0,False,6269;6645
LMT,Short,58,2023-02-07T21:00:00Z,427.75415,2023-02-08T21:00:00Z,420.892704,397.96,9.8483,0.0,397.96,0.0,1.0,True,6629;6646
LOW,Long,136,2023-01-20T21:00:00Z,186.846616,2023-02-08T21:00:00Z,199.793217,1760.74,10.5606,0.0,2694.33,1107.37,19.0,True,6323;6647
MO,Short,700,2023-02-07T21:00:00Z,35.01576,2023-02-08T21:00:00Z,34.797944,152.47,9.7834,0.0,152.47,0.0,1.0,True,6634;6648
NEE,Long,372,2023-02-02T21:00:00Z,65.806279,2023-02-08T21:00:00Z,68.147214,870.83,10.0516,0.0,904.19,350.33,6.0,True,6527;6649
T,Long,1486,2023-02-02T21:00:00Z,16.611835,2023-02-08T21:00:00Z,15.792825,-1217.05,9.6946,-1217.05,0.0,1217.05,6.0,False,6529;6650
USB,Short,593,2023-02-07T21:00:00Z,41.399811,2023-02-08T21:00:00Z,41.799686,-237.13,4.9514,-237.13,0.0,237.13,1.0,False,6637;6651
MMC,Short,159,2023-01-20T21:00:00Z,159.952169,2023-02-08T21:00:00Z,163.397583,-547.82,10.3903,-947.29,0.0,947.29,19.0,False,6327;6652
VZ,Short,753,2023-02-02T21:00:00Z,32.956736,2023-02-08T21:00:00Z,32.008341,714.14,9.8016,0.0,714.14,0.0,6.0,True,6494;6653
ZTS,Long,151,2023-02-03T21:00:00Z,161.279544,2023-02-08T21:00:00Z,157.495075,-571.45,9.5205,-965.41,0.0,965.41,5.0,False,6572;6654
CVX,Long,167,2023-01-31T21:00:00Z,148.156861,2023-02-08T21:00:00Z,147.925299,-38.67,9.6821,-531.37,187.63,578.63,8.0,False,6470;6655
HD,Short,80,2023-02-03T21:00:00Z,301.563676,2023-02-08T21:00:00Z,292.866729,695.76,9.4839,0.0,851.74,155.98,5.0,True,6555;6656
AMGN,Long,113,2023-02-08T21:00:00Z,216.348868,2023-02-09T21:00:00Z,214.683893,-188.14,9.6627,-300.83,0.0,300.83,1.0,False,6660;6668
AXP,Long,151,2023-01-30T21:00:00Z,167.139686,2023-02-09T21:00:00Z,171.646608,680.55,10.1951,-169.41,734.12,357.65,10.0,True,6451;6669
BKNG,Long,256,2023-02-07T21:00:00Z,96.30946,2023-02-09T21:00:00Z,96.192239,-30.01,9.8494,-397.51,0.0,397.51,2.0,False,6631;6670
BLK,Short,36,2023-02-08T21:00:00Z,673.016286,2023-02-09T21:00:00Z,676.448315,-123.55,9.5273,-123.55,639.18,762.73,1.0,False,6664;6671
CI,Short,91,2023-02-08T21:00:00Z,268.062532,2023-02-09T21:00:00Z,270.157134,-190.61,9.8559,-301.59,0.0,301.59,1.0,False,6666;6672
CVX,Short,165,2023-02-08T21:00:00Z,147.925299,2023-02-09T21:00:00Z,146.227177,280.19,4.7683,0.0,566.04,285.85,1.0,True,6655;6673
DHR,Short,121,2023-02-07T21:00:00Z,200.524906,2023-02-09T21:00:00Z,202.498167,-238.76,9.7222,-238.76,461.67,700.44,2.0,False,6626;6674
DIS,Long,229,2023-02-06T21:00:00Z,106.816778,2023-02-09T21:00:00Z,114.253327,1702.97,9.7786,0.0,1702.97,308.62,3.0,True,6594;6675
FB,Short,132,2023-02-03T21:00:00Z,181.541259,2023-02-09T21:00:00Z,184.235455,-355.63,4.6525,-1090.44,700.81,1090.44,6.0,False,6553;6676
HON,Long,132,2023-02-07T21:00:00Z,185.929079,2023-02-09T21:00:00Z,185.892526,-4.83,9.7623,-513.87,0.0,513.87,2.0,False,6627;6677
VRTX,Long,80,2023-02-08T21:00:00Z,302.98,2023-02-09T21:00:00Z,293.1,-790.4,9.3589,-910.4,0.0,910.4,1.0,False,6667;6678
PYPL,Long,300,2023-02-08T21:00:00Z,81.352763,2023-02-09T21:00:00Z,80.700042,-195.82,9.3838,-1139.29,0.0,1139.29,1.0,False,6665;6679
REGN,Short,31,2023-02-06T21:00:00Z,777.443406,2023-02-09T21:00:00Z,744.26649,1028.48,9.3705,0.0,1228.71,200.23,3.0,True,6603;6680
TMO,Short,43,2023-02-07T21:00:00Z,564.154272,2023-02-09T21:00:00Z,575.896366,-504.91,9.7929,-504.91,78.63,583.54,2.0,False,6624;6681
TXN,Short,149,2023-02-06T21:00:00Z,163.129521,2023-02-09T21:00:00Z,161.917671,180.57,9.594,-419.07,726.31,545.74,3.0,True,6596;6682
PG,Long,190,2023-02-03T21:00:00Z,130.300257,2023-02-09T21:00:00Z,126.494738,-723.05,9.6312,-991.81,0.0,991.81,6.0,False,6556;6683
SPY,Long,129,2023-02-09T21:00:00Z,395.347194,2023-02-10T21:00:00Z,387.106224,-1063.09,20.0591,-1063.09,0.0,1063.09,1.0,False,6698;6699
ABT,Long,240,2023-02-09T21:00:00Z,102.9391,2023-02-10T21:00:00Z,100.715653,-533.63,9.6558,-555.95,0.0,555.95,1.0,False,6685;6700
MDT,Short,324,2023-02-09T21:00:00Z,75.996844,2023-02-10T21:00:00Z,73.538773,796.42,9.5856,0.0,796.42,0.0,1.0,True,6692;6701
COST,Short,51,2023-02-09T21:00:00Z,483.673643,2023-02-10T21:00:00Z,476.590216,361.25,9.7697,0.0,361.25,0.0,1.0,True,6684;6702
LOW,Long,124,2023-02-09T21:00:00Z,200.09168,2023-02-10T21:00:00Z,193.171062,-858.16,9.6546,-858.16,0.0,858.16,1.0,False,6689;6703
SPGI,Short,72,2023-02-08T21:00:00Z,337.389258,2023-02-10T21:00:00Z,331.240245,442.73,9.6293,0.0,442.73,13.86,2.0,True,6663;6704
SYK,Long,94,2023-02-07T21:00:00Z,259.660109,2023-02-10T21:00:00Z,254.645836,-471.34,9.7509,-471.34,0.0,471.34,3.0,False,6630;6705
V,Short,110,2023-02-03T21:00:00Z,222.244601,2023-02-10T21:00:00Z,222.942817,-76.8,9.7872,-281.15,111.71,281.15,7.0,False,6554;6706
LLY,Long,76,2023-02-03T21:00:00Z,323.620389,2023-02-10T21:00:00Z,333.601114,758.54,15.0708,0.0,895.17,136.64,7.0,True,6557;6708
PG,Short,195,2023-02-09T21:00:00Z,126.494738,2023-02-10T21:00:00Z,124.724304,345.23,9.8676,0.0,345.23,0.0,1.0,True,6683;6709
NKE,Short,217,2023-02-09T21:00:00Z,115.220068,2023-02-10T21:00:00Z,112.263575,641.56,14.7239,0.0,641.56,0.0,1.0,True,6686;6711
ADBE,Short,67,2023-01-30T21:00:00Z,365.9,2023-02-13T21:00:00Z,373.41,-503.17,9.8948,-1764.11,0.0,1764.11,14.0,False,6450;6718
AMD,Long,287,2023-02-08T21:00:00Z,85.83,2023-02-13T21:00:00Z,81.63,-1205.4,9.6329,-1248.45,0.0,1248.45,5.0,False,6659;6719
ANTM,Short,54,2023-02-09T21:00:00Z,457.888413,2023-02-13T21:00:00Z,464.096396,-335.23,10.0112,-544.43,0.0,544.43,4.0,False,6691;6720
DUK,Long,283,2023-02-06T21:00:00Z,86.429971,2023-02-13T21:00:00Z,85.342584,-307.73,9.8601,-630.11,163.63,793.75,7.0,False,6604;6721
EOG,Long,218,2023-02-09T21:00:00Z,113.115795,2023-02-13T21:00:00Z,117.04483,856.53,9.981,0.0,1044.31,187.79,4.0,True,6697;6722
HD,Long,83,2023-02-08T21:00:00Z,292.866729,2023-02-13T21:00:00Z,287.78822,-421.52,4.8705,-556.25,44.41,556.25,5.0,False,6656;6723
IBM,Long,207,2023-02-08T21:00:00Z,118.987414,2023-02-13T21:00:00Z,120.929119,401.93,10.0012,-12.2,650.42,248.48,5.0,True,6661;6724
PM,Short,281,2023-02-10T21:00:00Z,87.490184,2023-02-13T21:00:00Z,88.021102,-149.19,9.9172,-370.56,0.0,370.56,3.0,False,6712;6725
RTX,Long,272,2023-02-02T21:00:00Z,90.528546,2023-02-13T21:00:00Z,93.38559,777.12,9.935,-359.64,777.12,359.64,11.0,True,6528;6726
SCHW,Long,329,2023-02-06T21:00:00Z,74.835765,2023-02-13T21:00:00Z,76.542378,561.48,10.0124,0.0,698.56,424.88,7.0,True,6597;6727
TGT,Long,162,2023-02-07T21:00:00Z,152.633819,2023-02-13T21:00:00Z,149.933112,-437.51,9.8901,-575.3,0.0,575.3,6.0,False,6635;6728
TMO,Short,43,2023-02-10T21:00:00Z,560.526874,2023-02-13T21:00:00Z,567.999116,-321.31,9.7447,-335.33,0.0,335.33,3.0,False,6710;6729
UNH,Short,55,2023-01-30T21:00:00Z,453.43512,2023-02-13T21:00:00Z,458.587264,-283.37,10.0189,-548.36,899.63,1251.92,14.0,False,6423;6730
AMT,Long,129,2023-02-10T21:00:00Z,188.903548,2023-02-14T21:00:00Z,192.244699,431.01,9.8748,0.0,469.88,241.23,4.0,True,6716;6745
COST,Short,51,2023-02-13T21:00:00Z,480.275513,2023-02-14T21:00:00Z,483.39605,-159.15,9.8581,-159.15,0.0,159.15,1.0,False,6735;6746
CVX,Long,168,2023-02-13T21:00:00Z,146.578808,2023-02-14T21:00:00Z,146.630266,8.64,9.8956,0.0,208.92,200.28,1.0,True,6734;6747
FB,Short,143,2023-02-13T21:00:00Z,176.093437,2023-02-14T21:00:00Z,175.320836,110.48,10.1674,-240.79,110.48,240.79,1.0,True,6732;6748
INTC,Short,909,2023-02-10T21:00:00Z,26.996921,2023-02-14T21:00:00Z,27.68014,-621.05,10.0148,-869.46,0.0,869.46,4.0,False,6715;6749
VRTX,Long,84,2023-02-10T21:00:00Z,291.95,2023-02-14T21:00:00Z,297.47,463.68,10.0405,0.0,697.2,233.52,4.0,True,6717;6750
NEE,Long,374,2023-02-10T21:00:00Z,65.851125,2023-02-14T21:00:00Z,67.573192,644.05,10.115,0.0,875.51,231.46,4.0,True,6713;6751
PYPL,Long,310,2023-02-13T21:00:00Z,79.760519,2023-02-14T21:00:00Z,78.128717,-505.86,9.6089,-1039.31,0.0,1039.31,1.0,False,6740;6752
SLB,Long,509,2023-02-07T21:00:00Z,49.000012,2023-02-14T21:00:00Z,51.750762,1400.13,10.3339,0.0,1806.17,406.04,7.0,True,6636;6753
SBUX,Short,252,2023-02-13T21:00:00Z,98.62338,2023-02-14T21:00:00Z,98.715165,-23.13,10.0153,-122.59,0.0,122.59,1.0,False,6739;6754
TXN,Short,156,2023-02-13T21:00:00Z,159.638669,2023-02-14T21:00:00Z,158.408731,191.87,9.9617,0.0,191.87,0.0,1.0,True,6737;6755
MMC,Short,150,2023-02-09T21:00:00Z,164.795435,2023-02-14T21:00:00Z,164.417637,56.67,9.5902,0.0,1059.72,1003.05,5.0,True,6696;6756
SPY,Long,125,2023-02-13T21:00:00Z,389.795985,2023-02-14T21:00:00Z,392.294983,312.37,25.1938,0.0,473.33,160.96,1.0,True,6744;6769
ADP,Long,121,2023-02-09T21:00:00Z,205.805492,2023-02-15T21:00:00Z,204.366293,-174.14,9.9583,-174.14,210.51,384.66,6.0,False,6695;6770
AMGN,Long,115,2023-02-10T21:00:00Z,215.396182,2023-02-15T21:00:00Z,215.571144,20.12,9.9255,0.0,178.16,158.04,5.0,True,6714;6771
CI,Short,89,2023-02-13T21:00:00Z,275.705502,2023-02-15T21:00:00Z,278.200406,-222.05,9.895,-265.13,0.0,265.13,2.0,False,6742;6772
DUK,Long,287,2023-02-14T21:00:00Z,86.29189,2023-02-15T21:00:00Z,85.437515,-245.21,9.8434,-245.21,0.0,245.21,1.0,False,6768;6773
HD,Long,84,2023-02-14T21:00:00Z,290.753707,2023-02-15T21:00:00Z,286.46418,-360.32,9.7373,-360.32,6.09,366.41,1.0,False,6760;6774
INTU,Short,59,2023-02-08T21:00:00Z,415.22683,2023-02-15T21:00:00Z,407.090662,480.03,9.6808,0.0,753.93,485.2,7.0,True,6662;6775
ISRG,Short,101,2023-02-14T21:00:00Z,243.42,2023-02-15T21:00:00Z,239.75,370.67,9.8144,-136.35,370.67,136.35,1.0,True,6766;6776
MO,Short,699,2023-02-13T21:00:00Z,35.616631,2023-02-15T21:00:00Z,35.511478,73.5,10.0277,-120.75,73.5,120.75,2.0,True,6743;6777
NFLX,Short,672,2023-02-09T21:00:00Z,37.251,2023-02-15T21:00:00Z,35.574,1126.94,9.7295,0.0,1690.08,944.83,6.0,True,6687;6778
ADI,Long,147,2023-02-13T21:00:00Z,168.773906,2023-02-15T21:00:00Z,182.849375,2069.09,10.4182,0.0,2323.58,254.49,2.0,True,6741;6779
T,Long,1558,2023-02-09T21:00:00Z,15.900372,2023-02-15T21:00:00Z,15.743188,-244.89,9.8524,-244.89,64.45,309.34,6.0,False,6688;6780
TMO,Short,43,2023-02-14T21:00:00Z,569.204954,2023-02-15T21:00:00Z,561.861203,315.78,9.6758,0.0,385.06,69.28,1.0,True,6761;6781
BKNG,Long,261,2023-02-14T21:00:00Z,94.485112,2023-02-16T21:00:00Z,96.699415,577.93,10.1253,0.0,1004.01,426.08,2.0,True,6765;6789
COP,Long,243,2023-02-13T21:00:00Z,101.559043,2023-02-16T21:00:00Z,98.822876,-664.89,9.5584,-1210.66,0.0,1210.66,3.0,False,6738;6790
LIN,Short,77,2023-02-08T21:00:00Z,324.301881,2023-02-16T21:00:00Z,310.010128,1100.47,9.6439,0.0,1253.69,153.23,8.0,True,6658;6791
LLY,Short,74,2023-02-10T21:00:00Z,333.601114,2023-02-16T21:00:00Z,322.8442,796.01,4.7052,-515.64,1160.36,515.64,6.0,True,6708;6792
ABNB,Short,204,2023-02-15T21:00:00Z,130.0,2023-02-16T21:00:00Z,135.65,-1152.6,11.2783,-1921.68,0.0,1921.68,1.0,False,6787;6793
NOW,Long,266,2023-02-09T21:00:00Z,94.05,2023-02-16T21:00:00Z,90.0,-1077.3,9.7568,-1077.3,0.0,1077.3,7.0,False,6693;6794
SPGI,Short,73,2023-02-15T21:00:00Z,330.149735,2023-02-16T21:00:00Z,329.755685,28.77,9.7053,0.0,163.9,135.13,1.0,True,6785;6795
SYK,Long,96,2023-02-14T21:00:00Z,256.597441,2023-02-16T21:00:00Z,252.317436,-410.88,9.7932,-410.88,0.0,410.88,2.0,False,6764;6796
TJX,Long,322,2023-02-09T21:00:00Z,76.990374,2023-02-16T21:00:00Z,76.017262,-313.34,9.8537,-328.7,6.14,334.85,7.0,False,6694;6797
XOM,Short,243,2023-02-10T21:00:00Z,103.023432,2023-02-16T21:00:00Z,102.746918,67.19,10.1364,-578.0,67.19,578.0,6.0,True,6707;6798
PG,Long,196,2023-02-10T21:00:00Z,124.724304,2023-02-16T21:00:00Z,125.381372,128.79,9.7884,0.0,611.73,524.08,6.0,True,6709;6799
PGR,Long,194,2023-02-14T21:00:00Z,128.023157,2023-02-16T21:00:00Z,129.602224,306.34,14.9503,0.0,403.73,97.39,2.0,True,6767;6807
SPY,Short,70,2023-02-14T21:00:00Z,392.294983,2023-02-17T21:00:00Z,387.363754,345.19,17.7911,-179.6,345.19,179.6,3.0,True,6769;6812
SPY,Short,159,2023-02-15T21:00:00Z,391.42701,2023-02-17T21:00:00Z,387.363754,646.06,12.5566,-545.96,646.06,0.0,2.0,True,6788;6812
ANTM,Short,52,2023-02-14T21:00:00Z,470.351625,2023-02-17T21:00:00Z,458.946699,593.06,9.6923,0.0,593.06,397.5,3.0,True,6763;6813
BA,Long,113,2023-02-15T21:00:00Z,217.0,2023-02-17T21:00:00Z,211.0,-678.0,9.6977,-678.0,0.0,678.0,2.0,False,6784;6814
EOG,Short,219,2023-02-16T21:00:00Z,112.254395,2023-02-17T21:00:00Z,107.411222,1060.66,9.3769,0.0,1788.29,727.64,1.0,True,6811;6815
GOOGL,Long,264,2023-02-14T21:00:00Z,93.609243,2023-02-17T21:00:00Z,94.055001,117.68,9.8867,-39.23,638.09,677.31,3.0,True,6758;6816
MO,Short,692,2023-02-16T21:00:00Z,35.601609,2023-02-17T21:00:00Z,35.676718,-51.98,9.9263,-358.63,0.0,358.63,1.0,False,6806;6817
ADI,Long,134,2023-02-16T21:00:00Z,183.051663,2023-02-17T21:00:00Z,181.673283,-184.7,9.7468,-232.61,0.0,232.61,1.0,False,6805;6818
PFE,Long,708,2023-01-19T21:00:00Z,35.749311,2023-02-17T21:00:00Z,34.528562,-864.29,10.0276,-864.29,215.07,1079.36,29.0,False,6270;6819
UNH,Short,53,2023-02-14T21:00:00Z,458.856475,2023-02-17T21:00:00Z,452.441824,339.98,9.7605,-235.67,341.45,577.12,3.0,True,6759;6820
ZTS,Short,148,2023-02-16T21:00:00Z,165.933677,2023-02-17T21:00:00Z,164.519279,209.33,9.7865,0.0,226.3,16.97,1.0,True,6809;6821
HD,Long,85,2023-02-16T21:00:00Z,285.666129,2023-02-17T21:00:00Z,289.003435,283.67,14.7561,0.0,283.67,0.0,1.0,True,6800;6823
PG,Short,195,2023-02-16T21:00:00Z,125.381372,2023-02-17T21:00:00Z,124.651296,142.36,10.0436,-468.02,142.36,468.02,1.0,True,6799;6824
REGN,Long,33,2023-02-16T21:00:00Z,730.110082,2023-02-17T21:00:00Z,731.259237,37.92,14.7537,0.0,383.8,345.88,1.0,True,6808;6835
CVX,Long,167,2023-02-15T21:00:00Z,146.490263,2023-02-22T21:00:00Z,138.824421,-1280.2,9.5206,-1285.98,0.0,1285.98,7.0,False,6782;6839
PG,Long,198,2023-02-17T21:00:00Z,124.651296,2023-02-22T21:00:00Z,127.763244,616.17,10.0524,0.0,706.51,90.35,5.0,True,6824;6846
HD,Short,85,2023-02-17T21:00:00Z,289.003435,2023-02-22T21:00:00Z,269.523726,1655.78,9.5122,0.0,1786.82,131.04,5.0,True,6823;6847
REGN,Short,34,2023-02-17T21:00:00Z,731.259237,2023-02-22T21:00:00Z,741.68089,-354.34,9.9306,-354.34,0.0,354.34,5.0,False,6835;6855
ACN,Short,91,2023-02-06T21:00:00Z,265.465114,2023-02-22T21:00:00Z,251.198685,1298.25,9.3607,-198.5,1423.26,370.81,16.0,True,6595;6858
AMAT,Long,213,2023-02-16T21:00:00Z,113.366435,2023-02-22T21:00:00Z,108.032009,-1136.23,9.3406,-1283.26,0.0,1283.26,6.0,False,6804;6859
AMD,Long,287,2023-02-15T21:00:00Z,85.14,2023-02-22T21:00:00Z,76.86,-2376.36,9.2867,-2448.11,0.0,2448.11,7.0,False,6783;6860
CVS,Short,316,2023-02-09T21:00:00Z,78.372943,2023-02-22T21:00:00Z,76.811275,493.49,9.8298,-149.71,587.75,169.12,13.0,True,6690;6861
INTU,Short,62,2023-02-17T21:00:00Z,395.528738,2023-02-22T21:00:00Z,389.80617,354.8,9.7843,0.0,612.45,610.64,5.0,True,6829;6862
ISRG,Short,103,2023-02-17T21:00:00Z,238.95,2023-02-22T21:00:00Z,233.88,522.21,9.7327,0.0,556.2,33.99,5.0,True,6832;6863
LOW,Long,124,2023-02-17T21:00:00Z,198.8885,2023-02-22T21:00:00Z,187.808049,-1373.98,9.61,-1373.98,0.0,1373.98,5.0,False,6828;6864
PGR,Short,191,2023-02-16T21:00:00Z,129.602224,2023-02-22T21:00:00Z,130.195516,-113.32,4.9682,-113.32,81.94,195.26,6.0,False,6807;6865
MCD,Long,100,2023-02-07T21:00:00Z,242.509685,2023-02-22T21:00:00Z,245.410322,290.06,4.9163,-399.87,453.85,399.87,15.0,True,6625;6866
MRK,Long,265,2023-01-30T21:00:00Z,94.397432,2023-02-22T21:00:00Z,98.600027,1113.69,10.2028,-625.56,1113.69,1061.56,23.0,True,6428;6867
PEP,Long,161,2023-02-17T21:00:00Z,153.753141,2023-02-22T21:00:00Z,155.528703,285.87,9.9742,0.0,285.87,8.49,5.0,True,6825;6868
SLB,Short,482,2023-02-16T21:00:00Z,51.43901,2023-02-22T21:00:00Z,48.743276,1299.34,9.563,0.0,1630.81,331.47,6.0,True,6810;6869
TGT,Long,161,2023-02-17T21:00:00Z,152.955581,2023-02-22T21:00:00Z,146.567358,-1028.5,9.6313,-1083.91,0.0,1083.91,5.0,False,6834;6870
TMUS,Short,178,2023-02-14T21:00:00Z,137.888575,2023-02-22T21:00:00Z,139.75053,-331.43,9.92,-582.1,0.0,582.1,8.0,False,6762;6871
V,Short,112,2023-02-13T21:00:00Z,220.91748,2023-02-22T21:00:00Z,214.617515,705.6,9.7911,-273.73,748.13,273.73,9.0,True,6731;6872
CRM,Short,147,2023-02-16T21:00:00Z,165.824378,2023-02-22T21:00:00Z,160.260592,817.88,14.564,0.0,1063.1,250.99,6.0,True,6801;6876
MMC,Short,158,2023-02-17T21:00:00Z,156.720006,2023-02-22T21:00:00Z,155.917185,126.85,14.8247,0.0,298.46,171.61,5.0,True,6833;6884
ADBE,Short,71,2023-02-22T21:00:00Z,346.69,2023-02-23T21:00:00Z,350.44,-266.25,9.8795,-266.25,0.0,266.25,1.0,False,6875;6886
AMT,Long,137,2023-02-22T21:00:00Z,181.751535,2023-02-23T21:00:00Z,178.135647,-495.38,9.7434,-495.38,0.0,495.38,1.0,False,6882;6887
CRM,Long,156,2023-02-22T21:00:00Z,160.260592,2023-02-23T21:00:00Z,162.193689,301.56,5.0246,0.0,301.56,0.0,1.0,True,6876;6888
LIN,Long,80,2023-02-22T21:00:00Z,312.171506,2023-02-23T21:00:00Z,316.084837,313.07,10.0839,0.0,313.07,0.0,1.0,True,6874;6889
LLY,Long,77,2023-02-22T21:00:00Z,321.15749,2023-02-23T21:00:00Z,319.802271,-104.35,9.8589,-138.89,0.0,138.89,1.0,False,6848;6890
NKE,Long,218,2023-02-10T21:00:00Z,112.263575,2023-02-23T21:00:00Z,111.413583,-185.3,4.8323,-324.27,1202.42,1526.7,13.0,False,6711;6891
PFE,Long,722,2023-02-22T21:00:00Z,34.560832,2023-02-23T21:00:00Z,34.18973,-267.94,9.867,-314.53,0.0,314.53,1.0,False,6849;6892
SPGI,Short,77,2023-02-22T21:00:00Z,321.838029,2023-02-23T21:00:00Z,320.729049,85.39,9.8115,0.0,352.81,267.42,1.0,True,6881;6893
REGN,Long,33,2023-02-22T21:00:00Z,741.68089,2023-02-23T21:00:00Z,737.847069,-126.52,4.9669,-126.52,358.95,485.47,1.0,False,6855;6894
UNP,Short,139,2023-02-22T21:00:00Z,177.641418,2023-02-23T21:00:00Z,176.861,108.48,9.8192,0.0,108.48,0.0,1.0,True,6853;6895
XOM,Short,251,2023-02-22T21:00:00Z,98.612448,2023-02-23T21:00:00Z,98.915405,-76.04,9.8627,-76.04,0.0,76.04,1.0,False,6873;6896
ZTS,Short,153,2023-02-22T21:00:00Z,160.620129,2023-02-23T21:00:00Z,159.960714,100.89,9.8256,-209.09,100.89,209.09,1.0,True,6856;6897
MMC,Long,160,2023-02-22T21:00:00Z,155.917185,2023-02-23T21:00:00Z,155.9833,10.58,9.9098,-172.28,10.58,172.28,1.0,True,6884;6905
ABNB,Short,193,2023-02-22T21:00:00Z,128.14,2023-02-23T21:00:00Z,128.21,-13.51,14.6507,-13.51,505.66,519.17,1.0,False,6883;6906
SPY,Short,73,2023-02-22T21:00:00Z,381.097183,2023-02-23T21:00:00Z,382.794975,-123.94,15.7671,-123.94,0.0,123.94,1.0,False,6857;6907
AMGN,Long,116,2023-02-22T21:00:00Z,215.840608,2023-02-24T21:00:00Z,212.723808,-361.55,9.7904,-691.84,0.0,691.84,2.0,False,6851;6908
MDT,Short,329,2023-02-23T21:00:00Z,74.988858,2023-02-24T21:00:00Z,73.697928,424.72,9.744,0.0,424.72,0.0,1.0,True,6900;6909
DE,Long,61,2023-02-22T21:00:00Z,409.483647,2023-02-24T21:00:00Z,403.971477,-336.24,9.8177,-695.75,0.0,695.75,2.0,False,6852;6910
IBM,Short,212,2023-02-22T21:00:00Z,117.283462,2023-02-24T21:00:00Z,115.211662,439.22,9.8604,0.0,439.22,0.0,2.0,True,6880;6911
MDLZ,Long,413,2023-02-23T21:00:00Z,60.235384,2023-02-24T21:00:00Z,59.618609,-254.73,9.861,-322.16,0.0,322.16,1.0,False,6903;6912
ABNB,Long,195,2023-02-23T21:00:00Z,128.21,2023-02-24T21:00:00Z,123.04,-1008.15,4.7884,-1058.85,0.0,1058.85,1.0,False,6906;6913
NFLX,Long,737,2023-02-22T21:00:00Z,33.75,2023-02-24T21:00:00Z,31.961,-1318.49,9.6109,-1499.8,0.0,1499.8,2.0,False,6878;6914
ADI,Long,142,2023-02-22T21:00:00Z,175.642284,2023-02-24T21:00:00Z,173.699581,-275.86,9.8213,-385.93,0.0,385.93,2.0,False,6854;6915
PM,Long,290,2023-02-22T21:00:00Z,85.563464,2023-02-24T21:00:00Z,84.672892,-258.27,9.8424,-332.77,0.0,332.77,2.0,False,6877;6916
WFC,Short,587,2023-02-22T21:00:00Z,42.155096,2023-02-24T21:00:00Z,41.88047,161.21,9.9539,-306.29,161.21,306.29,2.0,True,6850;6917
CSCO,Long,567,2023-02-08T21:00:00Z,43.120481,2023-02-27T21:00:00Z,44.549336,810.16,9.8757,-335.42,1862.85,1295.23,19.0,True,6657;6925
CVX,Long,178,2023-02-23T21:00:00Z,140.381815,2023-02-27T21:00:00Z,141.03073,115.51,10.0026,0.0,115.51,0.0,4.0,True,6899;6926
DIS,Long,237,2023-02-13T21:00:00Z,104.654652,2023-02-27T21:00:00Z,97.654406,-1659.06,9.5656,-1753.27,298.72,2051.99,14.0,False,6736;6927
HON,Long,136,2023-02-17T21:00:00Z,182.109245,2023-02-27T21:00:00Z,178.590687,-478.52,9.8158,-770.88,0.0,770.88,10.0,False,6827;6928
ISRG,Short,106,2023-02-23T21:00:00Z,234.85,2023-02-27T21:00:00Z,233.96,94.34,9.8928,0.0,402.8,308.46,4.0,True,6904;6929
NVDA,Short,1141,2023-02-03T21:00:00Z,20.893408,2023-02-27T21:00:00Z,23.589299,-3076.01,10.1437,-3076.01,351.38,3427.39,24.0,False,6552;6930
V,Short,115,2023-02-23T21:00:00Z,215.737292,2023-02-27T21:00:00Z,214.929105,92.94,9.8872,0.0,225.08,132.13,4.0,True,6898;6931
ABT,Short,258,2023-02-24T21:00:00Z,94.380223,2023-02-28T21:00:00Z,93.03127,348.03,9.7026,-50.4,405.63,456.04,4.0,True,6918;6939
AMAT,Long,231,2023-02-23T21:00:00Z,109.393103,2023-02-28T21:00:00Z,113.019447,837.69,10.2885,-271.74,837.69,271.74,5.0,True,6902;6940
AMD,Long,309,2023-02-24T21:00:00Z,77.53,2023-02-28T21:00:00Z,77.81,86.52,9.6822,0.0,383.16,296.64,4.0,True,6922;6941
C,Long,537,2023-02-15T21:00:00Z,45.351161,2023-02-28T21:00:00Z,45.030028,-172.45,9.819,-479.02,306.58,785.6,13.0,False,6786;6942
COP,Long,265,2023-02-22T21:00:00Z,93.76052,2023-02-28T21:00:00Z,95.06176,344.83,9.7983,-436.94,344.83,592.82,6.0,True,6879;6943
LLY,Long,78,2023-02-27T21:00:00Z,314.430147,2023-02-28T21:00:00Z,307.605307,-532.34,9.5483,-867.71,0.0,867.71,1.0,False,6932;6944
NKE,Long,226,2023-02-27T21:00:00Z,110.434245,2023-02-28T21:00:00Z,109.704361,-164.95,9.9106,-164.95,0.0,164.95,1.0,False,6933;6945
ADI,Long,142,2023-02-27T21:00:00Z,175.41994,2023-02-28T21:00:00Z,172.981189,-346.3,9.8425,-346.3,0.0,346.3,1.0,False,6937;6946
TJX,Long,332,2023-02-24T21:00:00Z,73.632182,2023-02-28T21:00:00Z,73.460456,-57.01,9.741,-190.04,0.0,190.04,4.0,False,6924;6947
TSLA,Short,129,2023-02-06T21:00:00Z,193.0,2023-02-28T21:00:00Z,210.51,-2258.79,10.3321,-2739.96,0.0,2739.96,22.0,False,6592;6948
AMT,Long,138,2023-02-24T21:00:00Z,176.177041,2023-03-01T21:00:00Z,173.988011,-302.09,9.5547,-476.98,0.0,476.98,5.0,False,6923;6957
BKNG,Long,249,2023-02-28T21:00:00Z,98.146702,2023-03-01T21:00:00Z,98.856279,176.68,9.8778,0.0,393.84,217.16,1.0,True,6954;6958
FB,Short,145,2023-02-17T21:00:00Z,168.615062,2023-03-01T21:00:00Z,173.062466,-644.87,9.9474,-676.47,99.1,775.57,12.0,False,6822;6959
HD,Long,92,2023-02-22T21:00:00Z,269.523726,2023-03-01T21:00:00Z,264.735417,-440.52,4.8523,-534.8,176.04,710.85,7.0,False,6847;6960
HON,Long,139,2023-02-28T21:00:00Z,176.156195,2023-03-01T21:00:00Z,175.36154,-110.46,9.8168,-110.46,146.85,257.31,1.0,False,6953;6961
SPY,Short,61,2023-02-22T21:00:00Z,381.097183,2023-03-01T21:00:00Z,377.186537,238.55,11.4459,-103.57,279.86,205.39,7.0,True,6857;6972
SPY,Short,91,2023-02-22T21:00:00Z,381.097183,2023-03-01T21:00:00Z,377.186537,355.87,14.8252,-154.5,417.49,306.39,7.0,True,6885;6972
ADP,Long,122,2023-03-01T21:00:00Z,200.394832,2023-03-02T21:00:00Z,199.984933,-50.01,9.8262,-50.01,283.38,333.38,1.0,False,6970;6973
AMD,Long,313,2023-03-01T21:00:00Z,78.66,2023-03-02T21:00:00Z,77.63,-322.39,9.9365,-322.39,557.14,879.53,1.0,False,6966;6974
BA,Long,122,2023-03-01T21:00:00Z,201.47,2023-03-02T21:00:00Z,203.55,253.76,10.1165,0.0,1047.98,794.22,1.0,True,6967;6975
DIS,Long,252,2023-02-28T21:00:00Z,97.140537,2023-03-02T21:00:00Z,94.658455,-625.48,9.7043,-625.48,0.0,625.48,2.0,False,6949;6976
GS,Long,76,2023-03-01T21:00:00Z,321.645988,2023-03-02T21:00:00Z,316.674786,-377.81,9.7298,-377.81,0.0,377.81,1.0,False,6968;6977
LLY,Long,81,2023-03-01T21:00:00Z,302.242932,2023-03-02T21:00:00Z,303.988141,141.36,9.9396,0.0,405.13,263.77,1.0,True,6964;6978
MDLZ,Long,413,2023-02-28T21:00:00Z,59.337432,2023-03-02T21:00:00Z,58.312496,-423.3,9.7801,-460.76,0.0,460.76,2.0,False,6955;6979
SYK,Long,97,2023-02-17T21:00:00Z,252.684569,2023-03-02T21:00:00Z,249.245107,-333.63,9.8433,-333.63,170.56,504.19,13.0,False,6831;6980
TXN,Long,156,2023-02-17T21:00:00Z,158.426818,2023-03-02T21:00:00Z,154.764136,-571.38,9.8587,-852.13,0.0,852.13,13.0,False,6826;6981
UNP,Long,125,2023-02-28T21:00:00Z,194.599553,2023-03-02T21:00:00Z,191.013146,-448.3,9.6741,-448.3,95.9,544.2,2.0,False,6952;6982
UPS,Long,166,2023-02-24T21:00:00Z,147.815501,2023-03-02T21:00:00Z,151.155777,554.49,10.0145,0.0,809.77,255.28,6.0,True,6919;6983
MMC,Short,160,2023-02-23T21:00:00Z,155.9833,2023-03-02T21:00:00Z,152.28088,592.39,4.8929,0.0,592.39,27.2,7.0,True,6905;6984
SPY,Short,92,2023-02-22T21:00:00Z,381.097183,2023-03-02T21:00:00Z,374.563543,601.09,6.9817,-156.2,601.09,309.76,8.0,True,6885;6997
AMT,Long,142,2023-03-02T21:00:00Z,171.32927,2023-03-03T21:00:00Z,176.593577,747.53,10.0685,0.0,1155.28,407.74,1.0,True,6994;6998
MDT,Long,339,2023-03-02T21:00:00Z,72.071003,2023-03-03T21:00:00Z,73.229303,392.66,9.9317,0.0,569.51,176.85,1.0,True,6991;6999
AXP,Long,147,2023-02-27T21:00:00Z,168.319157,2023-03-03T21:00:00Z,168.779439,67.66,9.9352,-243.86,504.64,436.98,4.0,True,6936;7000
C,Long,535,2023-03-02T21:00:00Z,45.654454,2023-03-03T21:00:00Z,45.939906,152.72,9.9027,0.0,558.37,405.65,1.0,True,6992;7001
CAT,Long,104,2023-03-02T21:00:00Z,233.902221,2023-03-03T21:00:00Z,239.576374,590.11,10.0159,0.0,868.39,278.28,1.0,True,6987;7002
GILD,Long,337,2023-02-17T21:00:00Z,73.907051,2023-03-03T21:00:00Z,70.548042,-1131.99,9.8799,-1197.52,306.83,1504.35,14.0,False,6830;7003
HON,Long,138,2023-03-02T21:00:00Z,176.753334,2023-03-03T21:00:00Z,179.601231,393.01,9.9226,0.0,567.96,174.95,1.0,True,6986;7004
ISRG,Short,108,2023-03-02T21:00:00Z,226.07,2023-03-03T21:00:00Z,229.76,-398.52,10.0174,-950.4,0.0,950.4,1.0,False,6996;7005
LOW,Long,135,2023-03-02T21:00:00Z,179.693577,2023-03-03T21:00:00Z,182.715519,407.96,9.9455,0.0,893.99,486.03,1.0,True,6989;7006
PG,Short,194,2023-02-22T21:00:00Z,127.763244,2023-03-03T21:00:00Z,128.844669,-209.8,4.9898,-209.8,444.38,654.18,9.0,False,6846;7007
PM,Long,292,2023-02-27T21:00:00Z,84.844156,2023-03-03T21:00:00Z,84.37318,-137.52,9.8703,-445.08,30.01,445.08,4.0,False,6934;7008
TJX,Long,337,2023-03-01T21:00:00Z,72.535045,2023-03-03T21:00:00Z,73.527239,334.37,9.9526,0.0,604.44,270.07,2.0,True,6971;7009
SPY,Short,12,2023-02-22T21:00:00Z,381.097183,2023-03-03T21:00:00Z,381.106721,-0.11,21.1267,-53.11,78.4,131.51,9.0,False,6885;7018
SPY,Short,262,2023-02-27T21:00:00Z,381.440557,2023-03-03T21:00:00Z,381.106721,87.46,22.6099,-1069.57,1801.78,2871.35,4.0,True,6938;7018
AAPL,Short,163,2023-02-14T21:00:00Z,149.592017,2023-03-06T21:00:00Z,151.304114,-279.07,9.8487,-529.27,1077.79,1366.49,20.0,False,6757;7019
ADBE,Long,77,2023-02-27T21:00:00Z,322.59,2023-03-06T21:00:00Z,344.28,1670.13,10.3078,0.0,1881.11,210.98,7.0,True,6935;7020
AMAT,Long,214,2023-03-03T21:00:00Z,115.449973,2023-03-06T21:00:00Z,116.519404,228.86,9.8825,-43.69,228.86,43.69,3.0,True,7014;7021
AMZN,Short,261,2023-03-01T21:00:00Z,93.8,2023-03-06T21:00:00Z,95.2,-365.4,9.705,-365.4,435.87,801.27,5.0,False,6962;7022
GS,Long,76,2023-03-03T21:00:00Z,322.79673,2023-03-06T21:00:00Z,329.62753,519.14,9.993,0.0,519.14,0.0,3.0,True,7012;7023
MDLZ,Long,416,2023-03-03T21:00:00Z,59.201378,2023-03-06T21:00:00Z,59.555117,147.16,9.9153,0.0,154.7,7.55,3.0,True,7015;7024
UNH,Short,55,2023-03-01T21:00:00Z,439.658936,2023-03-06T21:00:00Z,446.862655,-396.2,9.7622,-396.2,0.0,396.2,5.0,False,6963;7025
WMT,Short,537,2023-02-02T21:00:00Z,46.115938,2023-03-06T21:00:00Z,44.867317,670.51,4.8239,-500.74,730.53,1219.26,32.0,True,6522;7026
EL,Long,106,2023-03-02T21:00:00Z,228.707406,2023-03-07T21:00:00Z,236.174751,791.54,9.843,0.0,969.76,773.62,5.0,True,6995;7037
MA,Long,69,2023-02-13T21:00:00Z,360.954654,2023-03-07T21:00:00Z,359.593337,-93.93,9.8765,-1043.38,94.61,1137.98,22.0,False,6733;7038
SBUX,Long,264,2023-03-02T21:00:00Z,92.960223,2023-03-07T21:00:00Z,96.36546,898.98,10.0003,0.0,898.98,399.82,5.0,True,6990;7039
SYK,Long,94,2023-03-06T21:00:00Z,261.331533,2023-03-07T21:00:00Z,259.283314,-192.53,9.6639,-526.74,0.0,526.74,1.0,False,7032;7040
C,Long,530,2023-03-07T21:00:00Z,46.198596,2023-03-08T21:00:00Z,45.538489,-349.86,9.622,-524.79,0.0,524.79,1.0,False,7043;7046
LMT,Long,56,2023-03-02T21:00:00Z,430.838996,2023-03-08T21:00:00Z,438.180875,411.15,9.7718,0.0,411.15,77.03,6.0,True,6988;7047
LOW,Long,132,2023-03-06T21:00:00Z,186.866024,2023-03-08T21:00:00Z,184.874714,-262.85,9.9153,-361.96,97.26,361.96,2.0,False,7030;7048
MS,Short,280,2023-03-06T21:00:00Z,88.210824,2023-03-08T21:00:00Z,85.70178,702.53,9.7491,0.0,702.53,0.0,2.0,True,7029;7049
PYPL,Long,327,2023-03-06T21:00:00Z,76.150775,2023-03-08T21:00:00Z,74.172832,-646.79,9.8713,-675.89,0.0,675.89,2.0,False,7034;7050
TMO,Long,44,2023-03-06T21:00:00Z,553.015096,2023-03-08T21:00:00Z,541.915456,-488.38,9.6831,-488.38,0.0,488.38,2.0,False,7028;7051
TMUS,Short,185,2023-03-03T21:00:00Z,134.467116,2023-03-08T21:00:00Z,135.780881,-243.05,9.9695,-253.54,0.0,253.54,5.0,False,7010;7052
UPS,Long,160,2023-03-07T21:00:00Z,153.1401,2023-03-08T21:00:00Z,151.453425,-269.87,9.725,-269.87,0.0,269.87,1.0,False,7041;7053
ZTS,Short,151,2023-03-06T21:00:00Z,163.229119,2023-03-08T21:00:00Z,159.406423,577.23,9.7641,0.0,577.23,226.56,2.0,True,7035;7054
ACN,Short,100,2023-03-03T21:00:00Z,248.673982,2023-03-09T21:00:00Z,247.04035,163.36,9.8196,-159.65,756.48,593.12,6.0,True,7011;7063
CB,Long,125,2023-03-08T21:00:00Z,196.248733,2023-03-09T21:00:00Z,193.477716,-346.38,9.5429,-940.67,0.0,940.67,1.0,False,7060;7064
HD,Long,93,2023-03-02T21:00:00Z,261.597624,2023-03-09T21:00:00Z,267.684706,566.1,9.8358,0.0,842.55,705.45,7.0,True,6985;7065
VRTX,Long,86,2023-03-08T21:00:00Z,285.52,2023-03-09T21:00:00Z,288.3,239.08,9.8394,0.0,239.08,0.0,1.0,True,7062;7066
JPM,Short,188,2023-02-07T21:00:00Z,130.368718,2023-03-09T21:00:00Z,126.162085,790.85,9.5037,-430.11,1904.28,1113.43,30.0,True,6623;7067
MO,Short,707,2023-03-03T21:00:00Z,34.85052,2023-03-09T21:00:00Z,35.368772,-366.4,9.9056,-419.51,0.0,419.51,6.0,False,7016;7068
ABNB,Short,194,2023-03-08T21:00:00Z,126.9,2023-03-09T21:00:00Z,124.84,399.64,9.4998,0.0,1369.64,970.0,1.0,True,7061;7069
NOW,Long,278,2023-03-06T21:00:00Z,89.1,2023-03-09T21:00:00Z,88.846,-70.61,9.7247,-945.2,81.73,1026.93,3.0,False,7033;7070
T,Long,1555,2023-02-16T21:00:00Z,15.726642,2023-03-09T21:00:00Z,15.453639,-424.52,9.6713,-887.63,553.16,1440.8,21.0,False,6802;7071
ANTM,Long,55,2023-03-06T21:00:00Z,444.999996,2023-03-10T21:00:00Z,434.889581,-556.07,9.6432,-851.78,0.0,851.78,4.0,False,7031;7079
FISV,Long,211,2023-03-09T21:00:00Z,117.58,2023-03-10T21:00:00Z,114.85,-576.03,9.5895,-1213.25,0.0,1213.25,1.0,False,7078;7080
BLK,Long,37,2023-02-16T21:00:00Z,650.538785,2023-03-10T21:00:00Z,597.074019,-1978.2,9.1607,-2410.34,181.17,2591.51,22.0,False,6803;7081
COST,Long,53,2023-03-08T21:00:00Z,462.337212,2023-03-10T21:00:00Z,458.489188,-203.95,9.7121,-601.69,0.0,601.69,2.0,False,7055;7082
IBM,Short,217,2023-03-09T21:00:00Z,114.082397,2023-03-10T21:00:00Z,112.143974,420.64,9.7098,0.0,549.92,129.28,1.0,True,7075;7083
JNJ,Short,168,2023-01-24T21:00:00Z,150.531363,2023-03-10T21:00:00Z,137.408152,2204.7,9.6898,-294.31,2298.95,534.28,45.0,True,6364;7084
LLY,Long,81,2023-03-09T21:00:00Z,306.211089,2023-03-10T21:00:00Z,310.87148,377.49,9.9802,0.0,377.49,0.0,1.0,True,7072;7085
NEE,Long,384,2023-03-01T21:00:00Z,63.883881,2023-03-10T21:00:00Z,66.790566,1116.17,9.9055,0.0,1258.29,481.82,9.0,True,6965;7086
PYPL,Long,329,2023-03-09T21:00:00Z,75.97276,2023-03-10T21:00:00Z,75.102465,-286.33,9.7195,-1103.01,0.0,1103.01,1.0,False,7077;7087
SCHW,Long,332,2023-02-28T21:00:00Z,74.31742,2023-03-10T21:00:00Z,62.393924,-3958.6,8.6256,-6143.09,0.0,6143.09,10.0,False,6951;7088
TJX,Long,331,2023-03-07T21:00:00Z,74.967827,2023-03-10T21:00:00Z,71.581013,-1121.04,9.5556,-1348.4,0.0,1348.4,3.0,False,7044;7089
MMC,Short,161,2023-03-03T21:00:00Z,153.395384,2023-03-10T21:00:00Z,149.428506,638.67,9.7597,-433.38,786.17,433.38,7.0,True,7017;7090
WFC,Short,606,2023-03-08T21:00:00Z,40.516494,2023-03-10T21:00:00Z,37.120285,2058.1,14.4214,0.0,2058.1,116.5,2.0,True,7056;7095
SPY,Short,36,2023-02-27T21:00:00Z,381.440557,2023-03-10T21:00:00Z,372.942056,305.95,9.7175,-177.52,480.72,425.1,11.0,True,6938;7102
SPY,Short,93,2023-02-28T21:00:00Z,378.903406,2023-03-10T21:00:00Z,372.942056,554.41,7.03,-694.56,1005.91,1098.17,10.0,True,6956;7102
SPY,Short,3,2023-03-06T21:00:00Z,386.371785,2023-03-10T21:00:00Z,372.942056,40.29,27.7769,0.0,54.85,17.74,4.0,True,7036;7102
AMAT,Long,217,2023-03-10T21:00:00Z,115.051367,2023-03-13T20:00:00Z,110.62781,-959.91,9.7143,-959.91,0.0,959.91,2.9583,False,7099;7103
AMT,Long,144,2023-03-08T21:00:00Z,170.274636,2023-03-13T20:00:00Z,169.184552,-156.97,10.0079,-156.97,536.0,692.97,4.9583,False,7059;7104
INTC,Long,998,2023-02-23T21:00:00Z,25.18151,2023-03-13T20:00:00Z,26.050174,866.93,10.2395,-876.67,1383.19,876.67,17.9583,True,6901;7105
INTU,Short,62,2023-03-10T21:00:00Z,392.628525,2023-03-13T20:00:00Z,381.903575,664.95,9.4634,0.0,716.24,51.29,2.9583,True,7098;7106
VRTX,Long,86,2023-03-10T21:00:00Z,286.58,2023-03-13T20:00:00Z,288.31,148.78,9.988,0.0,591.68,442.9,2.9583,True,7101;7107
NOW,Long,288,2023-03-10T21:00:00Z,85.6,2023-03-13T20:00:00Z,82.59,-866.88,9.5617,-866.88,0.0,866.88,2.9583,False,7100;7108
PM,Short,291,2023-03-10T21:00:00Z,84.767087,2023-03-13T20:00:00Z,84.090595,196.86,9.7543,0.0,403.69,206.83,2.9583,True,7096;7109
UPS,Short,163,2023-03-10T21:00:00Z,151.048293,2023-03-13T20:00:00Z,148.055273,487.86,9.805,0.0,487.86,0.0,2.9583,True,7094;7110
VZ,Short,833,2023-03-09T21:00:00Z,29.716385,2023-03-13T20:00:00Z,28.847023,724.18,9.6237,0.0,724.18,0.0,3.9583,True,7073;7111
WFC,Long,656,2023-03-10T21:00:00Z,37.120285,2023-03-13T20:00:00Z,36.43372,-450.39,9.2147,-1279.1,0.0,1279.1,2.9583,False,7095;7114
AMGN,Long,121,2023-03-13T20:00:00Z,207.648904,2023-03-14T20:00:00Z,209.086045,173.89,10.0806,-65.21,173.89,65.21,1.0,True,7117;7133
DE,Long,65,2023-03-13T20:00:00Z,370.850775,2023-03-14T20:00:00Z,385.623009,960.2,9.9264,0.0,960.2,0.0,1.0,True,7118;7134
ADI,Short,144,2023-03-13T20:00:00Z,169.965834,2023-03-14T20:00:00Z,175.297058,-767.7,10.0489,-921.51,0.0,921.51,1.0,False,7124;7135
PLD,Short,222,2023-03-09T21:00:00Z,111.273213,2023-03-14T20:00:00Z,107.665121,801.0,9.5145,0.0,1623.69,822.7,4.9583,True,7076;7136
SLB,Long,529,2023-03-13T20:00:00Z,45.272747,2023-03-14T20:00:00Z,45.148964,-65.48,9.5264,-65.48,0.0,65.48,1.0,False,7130;7137
SCHW,Long,443,2023-03-13T20:00:00Z,49.576641,2023-03-14T20:00:00Z,56.394142,3020.15,9.1481,0.0,3020.15,0.0,1.0,True,7122;7138
REGN,Short,33,2023-03-13T20:00:00Z,742.166309,2023-03-14T20:00:00Z,748.328161,-203.34,9.9325,-576.35,0.0,576.35,1.0,False,7127;7139
TMO,Long,45,2023-03-10T21:00:00Z,545.463783,2023-03-14T20:00:00Z,542.710981,-123.88,9.7864,-458.56,197.91,458.56,3.9583,False,7092;7140
TMUS,Long,187,2023-03-13T20:00:00Z,132.40668,2023-03-14T20:00:00Z,133.550317,213.86,9.9945,0.0,516.09,302.23,1.0,True,7113;7141
WFC,Short,654,2023-03-13T20:00:00Z,36.43372,2023-03-14T20:00:00Z,37.989934,-1017.76,4.8074,-1017.76,0.0,1017.76,1.0,False,7114;7142
ZTS,Long,160,2023-03-13T20:00:00Z,154.809631,2023-03-14T20:00:00Z,158.603657,607.04,10.0298,0.0,607.04,0.0,1.0,True,7128;7143
ADBE,Short,75,2023-03-13T20:00:00Z,329.42,2023-03-14T20:00:00Z,332.21,-209.25,14.9306,-293.25,0.0,293.25,1.0,False,7116;7149
ABT,Long,271,2023-03-14T20:00:00Z,92.361445,2023-03-15T20:00:00Z,90.705488,-448.76,9.8985,-448.76,0.0,448.76,1.0,False,7146;7161
ADP,Long,126,2023-03-13T20:00:00Z,194.567788,2023-03-15T20:00:00Z,194.265493,-38.09,9.8524,-38.09,137.35,175.44,2.0,False,7125;7162
AXP,Long,163,2023-03-14T20:00:00Z,154.865515,2023-03-15T20:00:00Z,151.509297,-547.06,10.1191,-547.06,0.0,547.06,1.0,False,7152;7163
BA,Long,121,2023-03-14T20:00:00Z,207.55,2023-03-15T20:00:00Z,201.58,-722.37,9.8129,-1130.14,0.0,1130.14,1.0,False,7151;7164
BKNG,Short,246,2023-03-02T21:00:00Z,99.23373,2023-03-15T20:00:00Z,94.50504,1163.26,9.5997,-776.08,1191.23,776.08,12.9583,True,6993;7165
BMY,Long,405,2023-02-24T21:00:00Z,60.704502,2023-03-15T20:00:00Z,56.478834,-1711.4,9.5188,-1866.98,0.0,1866.98,18.9583,False,6920;7166
COST,Long,54,2023-03-14T20:00:00Z,455.091057,2023-03-15T20:00:00Z,460.910954,314.27,10.0028,0.0,528.79,214.51,1.0,True,7145;7167
CVS,Long,335,2023-03-01T21:00:00Z,72.731635,2023-03-15T20:00:00Z,65.712901,-2351.28,9.2799,-2351.28,20.57,2371.85,13.9583,False,6969;7168
NEE,Short,374,2023-03-14T20:00:00Z,66.92597,2023-03-15T20:00:00Z,67.205807,-104.66,10.133,-465.9,0.0,465.9,1.0,False,7150;7169
PM,Long,297,2023-03-14T20:00:00Z,83.653871,2023-03-15T20:00:00Z,82.206691,-429.81,9.844,-429.81,0.0,429.81,1.0,False,7148;7170
SBUX,Long,260,2023-03-08T21:00:00Z,94.447146,2023-03-15T20:00:00Z,90.325983,-1071.5,9.6335,-1071.5,0.0,1071.5,6.9583,False,7057;7171
TJX,Long,349,2023-03-13T20:00:00Z,70.102264,2023-03-15T20:00:00Z,70.29307,66.59,9.8356,0.0,422.86,356.26,2.0,True,7126;7172
AMAT,Long,220,2023-03-14T20:00:00Z,115.479139,2023-03-16T20:00:00Z,114.652761,-181.8,10.4021,-181.8,866.24,1048.04,2.0,False,7155;7184
AMD,Long,289,2023-03-09T21:00:00Z,85.23,2023-03-16T20:00:00Z,89.77,1312.06,10.4404,-930.58,3285.93,1973.87,6.9583,True,7074;7185
AMGN,Long,119,2023-03-15T20:00:00Z,206.373442,2023-03-16T20:00:00Z,209.94833,425.41,10.0361,0.0,514.13,88.72,1.0,True,7176;7186
AMT,Short,142,2023-03-14T20:00:00Z,176.42519,2023-03-16T20:00:00Z,179.181418,-391.38,10.1906,-752.57,0.0,752.57,2.0,False,7156;7187
DUK,Long,306,2023-03-13T20:00:00Z,80.8363,2023-03-16T20:00:00Z,84.367221,1080.46,10.2102,0.0,1195.18,114.72,3.0,True,7131;7188
FB,Short,134,2023-03-06T21:00:00Z,186.11743,2023-03-16T20:00:00Z,196.428673,-1381.71,10.3483,-2260.37,1113.59,3373.97,9.9583,False,7027;7189
HD,Long,93,2023-03-10T21:00:00Z,263.583343,2023-03-16T20:00:00Z,262.158371,-132.52,9.736,-254.0,0.0,254.0,5.9583,False,7091;7190
INTC,Long,904,2023-03-15T20:00:00Z,27.035962,2023-03-16T20:00:00Z,27.758222,652.92,10.3391,0.0,2188.18,1535.25,1.0,True,7178;7191
MA,Long,72,2023-03-13T20:00:00Z,336.539092,2023-03-16T20:00:00Z,339.467392,210.84,9.7692,0.0,648.03,437.19,3.0,True,7112;7192
MDLZ,Long,411,2023-03-15T20:00:00Z,59.536977,2023-03-16T20:00:00Z,60.208173,275.86,9.9415,0.0,484.62,208.76,1.0,True,7180;7193
RTX,Long,266,2023-02-24T21:00:00Z,92.067904,2023-03-16T20:00:00Z,88.646618,-910.06,9.7782,-910.06,118.7,1028.77,19.9583,False,6921;7194
SYK,Long,96,2023-03-08T21:00:00Z,254.539561,2023-03-16T20:00:00Z,261.022368,622.35,10.0322,0.0,1122.27,499.92,7.9583,True,7058;7195
TMUS,Long,183,2023-03-15T20:00:00Z,135.308304,2023-03-16T20:00:00Z,135.109821,-36.32,9.8911,-285.39,0.0,285.39,1.0,False,7173;7196
WFC,Long,673,2023-03-15T20:00:00Z,35.051436,2023-03-16T20:00:00Z,35.289445,160.18,9.6318,0.0,622.24,462.06,1.0,True,7175;7197
MS,Short,306,2023-03-13T20:00:00Z,79.482935,2023-03-16T20:00:00Z,75.764173,1137.94,14.6393,-340.01,1137.94,411.3,3.0,True,7115;7203
ADP,Long,126,2023-03-16T20:00:00Z,194.80596,2023-03-17T20:00:00Z,198.14036,420.13,9.9036,0.0,420.13,0.0,1.0,True,7208;7212
AXP,Long,161,2023-03-16T20:00:00Z,151.336691,2023-03-17T20:00:00Z,152.439449,177.54,9.797,-200.7,177.54,200.7,1.0,True,7204;7213
C,Long,620,2023-03-16T20:00:00Z,39.749169,2023-03-17T20:00:00Z,40.150585,248.88,9.9396,-176.98,248.88,176.98,1.0,True,7209;7214
CB,Short,136,2023-03-14T20:00:00Z,185.629665,2023-03-17T20:00:00Z,183.462442,294.74,9.851,0.0,1059.59,764.85,3.0,True,7157;7215
GILD,Long,352,2023-03-13T20:00:00Z,69.823203,2023-03-17T20:00:00Z,71.175224,475.91,9.8047,-293.67,504.18,797.85,4.0,True,7123;7216
LOW,Long,134,2023-03-15T20:00:00Z,182.799461,2023-03-17T20:00:00Z,186.343713,474.93,9.8984,0.0,474.93,284.96,2.0,True,7177;7217
PGR,Long,201,2023-03-16T20:00:00Z,126.571875,2023-03-17T20:00:00Z,129.757393,640.29,10.2443,-431.14,640.29,431.14,1.0,True,7210;7218
MS,Long,324,2023-03-16T20:00:00Z,75.764173,2023-03-17T20:00:00Z,77.323364,505.18,4.8904,-95.81,505.18,95.81,1.0,True,7203;7219
ABNB,Long,212,2023-03-15T20:00:00Z,113.78,2023-03-17T20:00:00Z,119.18,1144.8,9.8254,0.0,1316.52,390.08,2.0,True,7182;7220
PM,Short,301,2023-03-16T20:00:00Z,82.369392,2023-03-17T20:00:00Z,81.547325,247.44,9.8039,0.0,360.85,113.41,1.0,True,7202;7221
SCHW,Long,459,2023-03-15T20:00:00Z,54.416402,2023-03-17T20:00:00Z,53.72229,-318.6,10.1218,-357.88,283.68,641.56,2.0,False,7179;7222
ITW,Long,116,2023-03-14T20:00:00Z,214.786293,2023-03-17T20:00:00Z,213.69928,-126.09,9.9154,-492.62,0.0,492.62,3.0,False,7159;7223
TGT,Long,177,2023-03-13T20:00:00Z,137.92914,2023-03-17T20:00:00Z,143.937951,1063.56,9.9103,0.0,1063.56,584.1,4.0,True,7129;7224
UPS,Long,162,2023-03-16T20:00:00Z,151.842022,2023-03-17T20:00:00Z,156.786293,800.97,10.0371,0.0,800.97,0.0,1.0,True,7200;7225
MMC,Long,170,2023-03-16T20:00:00Z,145.527743,2023-03-17T20:00:00Z,150.476896,841.36,10.0992,0.0,841.36,0.0,1.0,True,7211;7226
NEE,Long,363,2023-03-16T20:00:00Z,68.29807,2023-03-17T20:00:00Z,68.830662,193.33,14.8867,0.0,193.33,0.0,1.0,True,7201;7233
LMT,Long,57,2023-03-17T20:00:00Z,431.877425,2023-03-21T20:00:00Z,436.550359,266.36,9.7698,0.0,266.36,38.94,4.0,True,7236;7246
SO,Long,436,2023-03-14T20:00:00Z,57.240575,2023-03-21T20:00:00Z,59.656857,1053.5,10.1387,0.0,1114.35,547.67,7.0,True,7158;7247
ANTM,Short,57,2023-03-14T20:00:00Z,434.738397,2023-03-21T20:00:00Z,441.381034,-378.63,14.966,-514.89,182.04,696.94,7.0,False,7154;7257
ABT,Long,269,2023-03-17T20:00:00Z,92.11026,2023-03-21T20:00:00Z,91.328798,-210.21,9.7759,-295.3,0.0,295.3,4.0,False,7230;7268
ACN,Long,105,2023-03-15T20:00:00Z,229.729426,2023-03-21T20:00:00Z,236.57954,719.26,9.82,0.0,986.31,284.59,6.0,True,7174;7269
ADBE,Long,76,2023-03-14T20:00:00Z,332.21,2023-03-21T20:00:00Z,364.63,2463.92,5.6881,0.0,3192.76,728.84,7.0,True,7149;7270
AMD,Long,257,2023-03-17T20:00:00Z,96.7,2023-03-21T20:00:00Z,97.06,92.52,9.9598,-197.89,92.52,226.16,4.0,True,7232;7271
BA,Long,122,2023-03-17T20:00:00Z,201.35,2023-03-21T20:00:00Z,207.64,767.38,9.9003,0.0,767.38,8.54,4.0,True,7235;7272
GS,Long,82,2023-03-13T20:00:00Z,293.613931,2023-03-21T20:00:00Z,292.398749,-99.64,9.5537,-1162.52,242.32,1404.84,8.0,False,7121;7273
NOW,Long,291,2023-03-15T20:00:00Z,83.744,2023-03-21T20:00:00Z,87.22,1011.52,10.1003,0.0,1556.27,544.75,6.0,True,7181;7274
ORCL,Long,307,2023-03-17T20:00:00Z,80.972182,2023-03-21T20:00:00Z,83.34419,728.21,10.1107,0.0,760.38,32.17,4.0,True,7227;7275
PG,Long,191,2023-03-16T20:00:00Z,129.533678,2023-03-21T20:00:00Z,132.244083,517.69,10.0044,0.0,547.32,174.31,5.0,True,7198;7276
HCA,Long,100,2023-03-17T20:00:00Z,247.069633,2023-03-21T20:00:00Z,251.506961,443.73,9.913,0.0,466.11,22.38,4.0,True,7243;7277
TJX,Long,349,2023-03-17T20:00:00Z,70.636522,2023-03-21T20:00:00Z,72.716311,725.85,10.0486,0.0,785.78,59.93,4.0,True,7239;7278
TXN,Long,155,2023-03-17T20:00:00Z,160.868606,2023-03-21T20:00:00Z,162.044282,182.23,9.9279,0.0,182.23,105.13,4.0,True,7231;7279
VZ,Long,858,2023-03-14T20:00:00Z,29.036702,2023-03-21T20:00:00Z,29.811225,664.54,10.12,-108.5,678.1,325.49,7.0,True,7147;7280
WFC,Long,690,2023-03-17T20:00:00Z,35.481683,2023-03-21T20:00:00Z,35.34437,-94.75,9.6344,-808.5,0.0,808.5,4.0,False,7234;7281
CB,Long,137,2023-03-21T20:00:00Z,184.148747,2023-03-22T20:00:00Z,186.064679,262.48,10.0378,-411.35,262.48,411.35,1.0,True,7265;7290
CVX,Long,186,2023-03-16T20:00:00Z,129.921315,2023-03-22T20:00:00Z,138.063028,1514.36,9.9893,0.0,1514.36,534.29,6.0,True,7199;7291
GILD,Long,350,2023-03-21T20:00:00Z,71.103834,2023-03-22T20:00:00Z,70.72904,-131.18,9.804,-584.05,0.0,584.05,1.0,False,7260;7292
ISRG,Long,103,2023-03-17T20:00:00Z,240.39,2023-03-22T20:00:00Z,245.44,520.15,9.8594,0.0,647.87,604.61,5.0,True,7241;7293
LIN,Long,76,2023-03-21T20:00:00Z,328.078394,2023-03-22T20:00:00Z,325.937589,-162.7,9.8848,-299.98,0.0,299.98,1.0,False,7284;7294
PGR,Long,195,2023-03-21T20:00:00Z,129.063698,2023-03-22T20:00:00Z,127.886243,-229.6,9.8577,-838.32,0.0,838.32,1.0,False,7264;7295
RTX,Long,274,2023-03-21T20:00:00Z,92.179467,2023-03-22T20:00:00Z,91.361334,-224.17,9.92,-624.11,0.0,624.11,1.0,False,7285;7296
ITW,Long,115,2023-03-21T20:00:00Z,217.568307,2023-03-22T20:00:00Z,216.379963,-136.66,9.8793,-536.04,0.0,536.04,1.0,False,7267;7297
SYK,Long,93,2023-03-17T20:00:00Z,265.514925,2023-03-22T20:00:00Z,268.606576,287.52,9.8231,-233.61,301.9,535.51,5.0,True,7238;7298
TGT,Long,172,2023-03-21T20:00:00Z,144.908538,2023-03-22T20:00:00Z,143.73501,-201.85,9.7147,-1038.07,0.0,1038.07,1.0,False,7266;7299
AMD,Long,259,2023-03-22T20:00:00Z,95.75,2023-03-23T20:00:00Z,100.07,1118.88,10.2491,0.0,1173.27,54.39,1.0,True,7301;7308
AXP,Long,163,2023-03-21T20:00:00Z,156.371019,2023-03-23T20:00:00Z,155.987451,-62.52,10.2331,-62.52,0.0,62.52,2.0,False,7256;7309
GOOGL,Short,274,2023-03-14T20:00:00Z,91.677624,2023-03-23T20:00:00Z,104.089516,-3400.86,10.8333,-3542.0,0.0,3542.0,9.0,False,7144;7310
WFC,Long,706,2023-03-22T20:00:00Z,35.431335,2023-03-23T20:00:00Z,34.309945,-791.7,9.5405,-1353.97,0.0,1353.97,1.0,False,7302;7311
SPGI,Long,79,2023-03-03T21:00:00Z,314.692639,2023-03-23T20:00:00Z,307.1678,-594.46,14.7313,-1286.19,639.46,1925.65,19.9583,False,7013;7318
PLD,Short,233,2023-03-21T20:00:00Z,107.198068,2023-03-23T20:00:00Z,102.757965,1034.54,14.645,0.0,1174.29,139.75,2.0,True,7258;7319
ADP,Long,125,2023-03-21T20:00:00Z,198.34189,2023-03-27T20:00:00Z,196.903701,-179.77,9.9038,-373.29,0.0,373.29,6.0,False,7288;7323
AMAT,Long,206,2023-03-21T20:00:00Z,120.437412,2023-03-27T20:00:00Z,117.394394,-626.86,9.584,-1005.38,0.0,1005.38,6.0,False,7259;7324
AVGO,Short,406,2023-03-21T20:00:00Z,61.589752,2023-03-27T20:00:00Z,61.198046,159.03,9.8265,0.0,631.85,472.82,6.0,True,7282;7325
C,Long,632,2023-03-21T20:00:00Z,40.730409,2023-03-27T20:00:00Z,39.249628,-935.85,10.1315,-1431.97,0.0,1431.97,6.0,False,7289;7326
CI,Long,96,2023-03-17T20:00:00Z,256.588986,2023-03-27T20:00:00Z,247.221081,-899.32,9.5358,-1603.88,194.76,1798.64,10.0,False,7242;7327
DUK,Long,301,2023-03-22T20:00:00Z,82.34457,2023-03-27T20:00:00Z,82.597402,76.1,9.8466,-761.02,76.1,761.02,5.0,True,7306;7328
EL,Long,111,2023-03-17T20:00:00Z,224.790572,2023-03-27T20:00:00Z,228.528941,414.96,9.9346,-260.65,414.96,260.65,10.0,True,7240;7329
INTU,Long,65,2023-03-14T20:00:00Z,389.903492,2023-03-27T20:00:00Z,417.903201,1819.98,10.5674,0.0,2015.45,494.69,13.0,True,7153;7330
LMT,Long,58,2023-03-23T20:00:00Z,426.876567,2023-03-27T20:00:00Z,434.601026,448.02,9.946,0.0,448.02,56.0,4.0,True,7317;7331
RTX,Long,275,2023-03-23T20:00:00Z,90.459528,2023-03-27T20:00:00Z,90.561795,28.12,9.8641,-219.87,28.12,219.87,4.0,True,7316;7332
SCHW,Long,466,2023-03-21T20:00:00Z,55.452814,2023-03-27T20:00:00Z,52.020292,-1599.56,10.1317,-2405.98,0.0,2405.98,6.0,False,7287;7333
HCA,Long,98,2023-03-22T20:00:00Z,252.402211,2023-03-27T20:00:00Z,250.738213,-163.07,9.704,-630.35,0.0,630.35,5.0,False,7307;7334
ABT,Long,274,2023-03-23T20:00:00Z,90.147301,2023-03-27T20:00:00Z,92.342839,601.58,14.9101,0.0,601.58,0.0,4.0,True,7313;7336
SPGI,Short,80,2023-03-23T20:00:00Z,307.1678,2023-03-27T20:00:00Z,311.100195,-314.59,9.8714,-314.59,0.0,314.59,4.0,False,7318;7342
PLD,Long,242,2023-03-23T20:00:00Z,102.757965,2023-03-27T20:00:00Z,105.273427,608.74,9.997,0.0,608.74,0.0,4.0,True,7319;7343
AMT,Long,139,2023-03-27T20:00:00Z,177.417787,2023-03-28T20:00:00Z,170.150562,-1010.14,9.5106,-1010.14,0.0,1010.14,1.0,False,7345;7351
DIS,Long,272,2023-03-21T20:00:00Z,92.312112,2023-03-28T20:00:00Z,92.777503,126.59,10.0947,-287.46,150.32,437.78,7.0,True,7252;7353
INTC,Long,873,2023-03-21T20:00:00Z,28.343839,2023-03-28T20:00:00Z,28.324318,-17.04,9.8414,-775.39,272.66,775.39,7.0,False,7286;7355
SO,Long,425,2023-03-22T20:00:00Z,58.426909,2023-03-28T20:00:00Z,59.491119,452.29,10.0171,-248.39,596.87,248.39,6.0,True,7305;7356
ITW,Long,115,2023-03-27T20:00:00Z,215.652218,2023-03-28T20:00:00Z,214.565205,-125.01,9.8895,-125.01,1.06,126.07,1.0,False,7350;7360
REGN,Long,33,2023-03-21T20:00:00Z,757.501593,2023-03-28T20:00:00Z,816.296754,1940.24,10.3745,-436.43,2037.33,436.43,7.0,True,7262;7361
MMC,Long,162,2023-03-27T20:00:00Z,152.790908,2023-03-28T20:00:00Z,152.148651,-104.05,9.907,-104.05,81.09,185.14,1.0,False,7348;7363
PLD,Short,235,2023-03-27T20:00:00Z,105.273427,2023-03-28T20:00:00Z,103.957509,309.24,9.8366,0.0,309.24,0.0,1.0,True,7343;7372
ANTM,Long,56,2023-03-21T20:00:00Z,441.381034,2023-03-28T20:00:00Z,441.588912,11.64,9.7066,-1110.67,11.64,1110.67,7.0,True,7257;7373
AMD,Short,252,2023-03-27T20:00:00Z,98.0,2023-03-28T20:00:00Z,96.87,284.76,9.635,0.0,866.88,582.12,1.0,True,7339;7381
AXP,Long,161,2023-03-27T20:00:00Z,157.540901,2023-03-28T20:00:00Z,155.546348,-321.12,9.9527,-784.28,0.0,784.28,1.0,False,7340;7382
BA,Long,124,2023-03-27T20:00:00Z,198.74,2023-03-28T20:00:00Z,200.82,257.92,10.0571,0.0,771.28,513.36,1.0,True,7341;7383
HD,Long,94,2023-03-22T20:00:00Z,264.980912,2023-03-28T20:00:00Z,256.495019,-797.67,9.6756,-797.67,0.0,797.67,6.0,False,7300;7384
ISRG,Long,96,2023-03-27T20:00:00Z,257.51,2023-03-28T20:00:00Z,253.0,-432.96,9.6396,-769.92,0.0,769.92,1.0,False,7346;7385
LIN,Short,74,2023-03-27T20:00:00Z,332.426905,2023-03-28T20:00:00Z,331.509417,67.89,9.8186,0.0,67.89,0.0,1.0,True,7337;7386
MRK,Short,261,2023-03-27T20:00:00Z,95.512915,2023-03-28T20:00:00Z,95.990119,-124.55,9.9871,-124.55,126.9,251.45,1.0,False,7335;7387
MS,Long,323,2023-03-21T20:00:00Z,79.115539,2023-03-28T20:00:00Z,75.773134,-1079.6,10.0527,-1241.68,0.0,1241.68,7.0,False,7254;7388
LRCX,Long,507,2023-03-27T20:00:00Z,49.289637,2023-03-28T20:00:00Z,48.04251,-632.29,9.6452,-1139.7,0.0,1139.7,1.0,False,7349;7389
T,Long,1631,2023-03-10T21:00:00Z,15.139272,2023-03-28T20:00:00Z,15.610823,769.1,10.0253,-215.89,782.59,377.8,17.9583,True,7097;7390
TJX,Long,345,2023-03-23T20:00:00Z,71.78136,2023-03-28T20:00:00Z,72.36332,200.78,9.9262,-121.78,315.98,121.78,5.0,True,7321;7391
UPS,Short,161,2023-03-23T20:00:00Z,152.544803,2023-03-28T20:00:00Z,154.959062,-388.7,9.9288,-429.96,0.0,429.96,5.0,False,7314;7392
VZ,Long,840,2023-03-23T20:00:00Z,29.479287,2023-03-28T20:00:00Z,30.048324,477.99,10.0073,0.0,497.91,33.19,5.0,True,7315;7393
ADBE,Long,66,2023-03-28T20:00:00Z,373.42,2023-03-28T20:00:00Z,373.42,0.0,14.7866,0.0,0.0,0.0,0.0,False,7367;7395
COP,Long,292,2023-03-16T20:00:00Z,82.004805,2023-03-30T20:00:00Z,90.224985,2400.29,10.2155,0.0,2400.29,1113.86,14.0,True,7205;7399
PLD,Long,236,2023-03-28T20:00:00Z,103.957509,2023-03-30T20:00:00Z,108.317046,1028.85,10.1937,0.0,1223.21,194.36,2.0,True,7372;7406
ADBE,Short,66,2023-03-28T20:00:00Z,373.42,2023-03-30T20:00:00Z,382.0,-566.28,5.0411,-566.28,0.0,566.28,2.0,False,7395;7413
ANTM,Short,56,2023-03-28T20:00:00Z,441.588912,2023-03-30T20:00:00Z,431.128884,585.76,4.8583,0.0,585.76,146.57,2.0,True,7373;7414
FISV,Long,221,2023-03-28T20:00:00Z,111.36,2023-03-30T20:00:00Z,112.66,287.3,9.9132,0.0,362.44,75.14,2.0,True,7380;7415
BMY,Long,427,2023-03-28T20:00:00Z,58.117881,2023-03-30T20:00:00Z,58.356909,102.06,9.944,0.0,102.06,0.0,2.0,True,7369;7416
CVS,Long,384,2023-03-28T20:00:00Z,64.572356,2023-03-30T20:00:00Z,65.932236,522.19,9.9601,0.0,522.19,0.0,2.0,True,7396;7417
VRTX,Long,80,2023-03-28T20:00:00Z,310.75,2023-03-30T20:00:00Z,314.75,320.0,10.0066,0.0,320.0,166.4,2.0,True,7377;7418
KO,Short,454,2023-03-21T20:00:00Z,54.7064,2023-03-30T20:00:00Z,55.844423,-516.66,10.0192,-528.96,266.53,795.5,9.0,False,7283;7419
ADI,Long,142,2023-03-28T20:00:00Z,173.661771,2023-03-30T20:00:00Z,180.439231,962.4,10.1424,0.0,1408.03,445.63,2.0,True,7375;7420
PYPL,Long,343,2023-03-21T20:00:00Z,73.272869,2023-03-30T20:00:00Z,74.093715,281.55,10.2518,-519.0,281.55,603.81,9.0,True,7261;7421
TGT,Long,178,2023-03-23T20:00:00Z,140.073253,2023-03-30T20:00:00Z,141.026192,169.62,9.938,-392.65,241.87,392.65,7.0,True,7322;7422
TMUS,Long,185,2023-03-17T20:00:00Z,133.521962,2023-03-30T20:00:00Z,136.423586,536.8,10.0373,0.0,758.86,578.77,13.0,True,7229;7423
SPGI,Long,80,2023-03-27T20:00:00Z,311.100195,2023-03-30T20:00:00Z,312.754006,132.3,10.0337,-328.56,196.25,328.56,3.0,True,7342;7431
ACN,Long,95,2023-03-30T20:00:00Z,260.824116,2023-03-31T20:00:00Z,262.791899,186.94,10.0254,0.0,424.14,237.2,1.0,True,7401;7434
AMD,Long,258,2023-03-30T20:00:00Z,98.0,2023-03-31T20:00:00Z,96.15,-477.3,10.1079,-477.3,2.58,479.88,1.0,False,7402;7435
AMT,Long,141,2023-03-30T20:00:00Z,178.72057,2023-03-31T20:00:00Z,178.259722,-64.98,10.1348,-64.98,334.9,399.87,1.0,False,7409;7436
BA,Long,119,2023-03-30T20:00:00Z,208.97,2023-03-31T20:00:00Z,211.75,330.82,10.0786,0.0,411.74,80.92,1.0,True,7430;7437
INTC,Long,808,2023-03-30T20:00:00Z,31.135277,2023-03-31T20:00:00Z,31.066955,-55.2,10.2143,-55.2,607.25,662.45,1.0,False,7403;7438
MRK,Short,263,2023-03-30T20:00:00Z,94.639541,2023-03-31T20:00:00Z,95.647973,-265.22,10.0555,-300.74,0.0,300.74,1.0,False,7424;7439
NFLX,Long,762,2023-02-28T21:00:00Z,32.37,2023-03-31T20:00:00Z,33.983,1229.11,10.1744,-2357.63,1659.64,2357.63,30.9583,True,6950;7440
SCHW,Long,475,2023-03-28T20:00:00Z,51.668483,2023-03-31T20:00:00Z,49.871401,-853.61,9.5957,-885.23,392.93,1278.16,3.0,False,7376;7441
ITW,Long,112,2023-03-30T20:00:00Z,221.571779,2023-03-31T20:00:00Z,223.489147,214.75,10.0283,0.0,439.86,225.12,1.0,True,7412;7442
REGN,Long,30,2023-03-30T20:00:00Z,808.381449,2023-03-31T20:00:00Z,807.281826,-32.99,9.7074,-32.99,168.21,201.2,1.0,False,7408;7443
PLD,Short,231,2023-03-30T20:00:00Z,108.317046,2023-03-31T20:00:00Z,110.017892,-392.9,10.231,-779.59,0.0,779.59,1.0,False,7406;7446
SPY,Short,79,2023-03-06T21:00:00Z,386.371785,2023-03-31T20:00:00Z,387.348683,-77.17,6.1932,-442.51,1744.39,2186.9,24.9583,False,7036;7449
CI,Long,104,2023-03-30T20:00:00Z,239.657572,2023-04-04T20:00:00Z,244.033001,455.04,9.9299,-78.76,550.33,530.89,5.0,True,7410;7451
ABT,Short,270,2023-03-27T20:00:00Z,92.342839,2023-04-04T20:00:00Z,94.798864,-663.13,5.1638,-886.68,540.05,1426.73,8.0,False,7336;7465
DIS,Long,264,2023-03-30T20:00:00Z,95.821931,2023-04-04T20:00:00Z,97.363537,406.98,10.1193,0.0,406.98,127.98,5.0,True,7425;7466
DUK,Long,300,2023-03-28T20:00:00Z,82.457908,2023-04-04T20:00:00Z,82.789205,99.39,9.9907,0.0,494.33,394.94,7.0,True,7379;7467
HON,Long,142,2023-03-31T20:00:00Z,174.548511,2023-04-04T20:00:00Z,177.148365,369.18,9.9671,0.0,427.88,309.17,4.0,True,7445;7468
IBM,Long,222,2023-03-13T20:00:00Z,111.281465,2023-04-04T20:00:00Z,117.363489,1350.21,10.1534,-369.14,1364.03,631.68,22.0,True,7120;7469
LMT,Long,57,2023-03-28T20:00:00Z,431.768117,2023-04-04T20:00:00Z,442.325485,601.77,9.9674,-88.79,748.19,146.42,7.0,True,7370;7470
SO,Long,410,2023-03-30T20:00:00Z,60.55533,2023-04-04T20:00:00Z,60.302362,-103.72,9.9211,-160.94,82.26,218.16,5.0,False,7411;7471
MS,Long,321,2023-03-30T20:00:00Z,78.192569,2023-04-04T20:00:00Z,77.959586,-74.79,9.8334,-701.85,138.07,839.92,5.0,False,7429;7472
PFE,Long,764,2023-03-28T20:00:00Z,32.431032,2023-04-04T20:00:00Z,33.43946,770.44,9.9713,0.0,770.44,265.03,7.0,True,7394;7473
PM,Long,301,2023-03-21T20:00:00Z,83.020195,2023-04-04T20:00:00Z,84.622727,482.36,10.0292,-1408.86,584.24,1408.86,14.0,True,7253;7474
SBUX,Long,272,2023-03-16T20:00:00Z,91.060266,2023-04-04T20:00:00Z,96.23696,1408.06,10.2074,-217.2,1408.06,549.24,19.0,True,7207;7475
SPGI,Short,80,2023-03-30T20:00:00Z,312.754006,2023-04-04T20:00:00Z,320.186966,-594.64,5.0924,-594.64,0.0,594.64,5.0,False,7431;7476
UNP,Long,139,2023-03-17T20:00:00Z,178.710291,2023-04-04T20:00:00Z,184.293254,776.03,9.916,-979.03,1017.58,979.03,18.0,True,7237;7477
SPY,Short,115,2023-03-06T21:00:00Z,386.371785,2023-04-04T20:00:00Z,394.050879,-883.1,8.9995,-883.1,2539.3,3422.39,28.9583,False,7036;7487
ADBE,Short,65,2023-04-04T20:00:00Z,382.84,2023-04-05T20:00:00Z,384.76,-124.8,9.9732,-124.8,53.3,178.1,1.0,False,7479;7488
AMT,Long,139,2023-04-04T20:00:00Z,178.366071,2023-04-05T20:00:00Z,180.360127,277.17,10.0556,0.0,422.54,145.36,1.0,True,7460;7489
DE,Long,66,2023-03-16T20:00:00Z,369.639624,2023-04-05T20:00:00Z,376.315916,440.64,9.6439,-793.73,1805.69,2599.42,20.0,True,7206;7490
COP,Long,255,2023-04-04T20:00:00Z,97.148123,2023-04-05T20:00:00Z,95.874696,-324.72,9.7897,-324.72,0.0,324.72,1.0,False,7459;7491
MDLZ,Long,387,2023-04-04T20:00:00Z,63.950316,2023-04-05T20:00:00Z,64.698167,289.42,10.0181,0.0,451.77,162.36,1.0,True,7483;7492
ABNB,Long,210,2023-03-28T20:00:00Z,117.54,2023-04-05T20:00:00Z,117.87,69.3,9.7419,-462.0,1440.6,1902.6,8.0,True,7378;7493
NFLX,Long,712,2023-04-04T20:00:00Z,34.849,2023-04-05T20:00:00Z,34.474,-267.0,9.8128,-437.17,0.0,437.17,1.0,False,7458;7494
SLB,Long,516,2023-04-04T20:00:00Z,47.863036,2023-04-05T20:00:00Z,46.377632,-766.47,9.5723,-766.47,0.0,766.47,1.0,False,7486;7495
SCHW,Long,505,2023-04-04T20:00:00Z,49.158273,2023-04-05T20:00:00Z,46.591013,-1296.47,9.4949,-1358.89,0.0,1358.89,1.0,False,7484;7496
TXN,Short,152,2023-03-27T20:00:00Z,162.451247,2023-04-05T20:00:00Z,162.279417,26.12,9.7393,-877.02,334.04,1171.19,9.0,True,7338;7497
NEE,Short,361,2023-03-17T20:00:00Z,68.830662,2023-04-05T20:00:00Z,70.320112,-537.69,10.0971,-677.82,795.13,1472.95,19.0,False,7233;7498
AMD,Long,256,2023-04-04T20:00:00Z,97.0,2023-04-05T20:00:00Z,94.38,-670.72,14.4052,-1136.64,0.0,1136.64,1.0,False,7480;7499
ANTM,Short,55,2023-04-04T20:00:00Z,447.976426,2023-04-05T20:00:00Z,452.389103,-242.7,14.926,-550.36,0.0,550.36,1.0,False,7482;7501
CAT,Long,115,2023-03-13T20:00:00Z,211.196124,2023-04-05T20:00:00Z,204.762887,-739.82,14.3859,-987.52,795.47,1782.99,23.0,False,7119;7502
AMD,Short,257,2023-04-05T20:00:00Z,94.38,2023-04-06T20:00:00Z,91.55,727.31,4.753,0.0,727.31,0.0,1.0,True,7499;7508
C,Long,595,2023-04-04T20:00:00Z,41.934659,2023-04-06T20:00:00Z,40.819613,-663.45,9.7597,-663.45,0.0,663.45,2.0,False,7485;7509
CAT,Short,119,2023-04-05T20:00:00Z,204.762887,2023-04-06T20:00:00Z,201.792972,353.42,4.7236,0.0,748.62,395.2,1.0,True,7502;7510
CVS,Long,371,2023-04-04T20:00:00Z,66.669203,2023-04-06T20:00:00Z,68.388793,637.97,10.0115,0.0,637.97,68.35,2.0,True,7461;7511
DUK,Long,293,2023-04-05T20:00:00Z,84.611334,2023-04-06T20:00:00Z,86.529366,561.98,10.1458,0.0,689.71,127.72,1.0,True,7507;7512
MRK,Short,253,2023-04-04T20:00:00Z,97.691848,2023-04-06T20:00:00Z,101.743584,-1025.09,10.0746,-1025.09,0.0,1025.09,2.0,False,7478;7513
NEE,Long,353,2023-04-05T20:00:00Z,70.320112,2023-04-06T20:00:00Z,70.979081,232.62,5.0328,0.0,340.96,108.34,1.0,True,7498;7514
ADI,Long,135,2023-03-31T20:00:00Z,182.802362,2023-04-06T20:00:00Z,178.406938,-593.38,9.8103,-793.73,368.79,1162.52,6.0,False,7447;7515
PYPL,Long,333,2023-04-04T20:00:00Z,74.627759,2023-04-06T20:00:00Z,72.461912,-721.23,9.8943,-721.23,0.0,721.23,2.0,False,7462;7516
RTX,Long,265,2023-04-04T20:00:00Z,93.508934,2023-04-06T20:00:00Z,91.826183,-445.93,9.7424,-583.9,0.0,583.9,2.0,False,7481;7517
TGT,Long,175,2023-03-31T20:00:00Z,142.561483,2023-04-06T20:00:00Z,143.170306,106.54,10.2245,0.0,696.4,589.85,6.0,True,7448;7518
TMUS,Short,178,2023-04-04T20:00:00Z,137.699545,2023-04-06T20:00:00Z,141.366744,-652.76,9.957,-659.49,0.0,659.49,2.0,False,7457;7519
UPS,Short,157,2023-03-30T20:00:00Z,158.742504,2023-04-06T20:00:00Z,155.422071,521.31,9.8568,-258.84,521.31,258.84,7.0,True,7427;7520
ZTS,Long,159,2023-03-30T20:00:00Z,156.568071,2023-04-06T20:00:00Z,160.811264,674.67,10.1227,0.0,776.48,101.81,7.0,True,7433;7521
SPY,Short,163,2023-03-06T21:00:00Z,386.371785,2023-04-06T20:00:00Z,389.50296,-510.38,18.4137,-1251.69,3599.18,4850.87,30.9583,False,7036;7539
SPY,Short,72,2023-03-07T21:00:00Z,385.789958,2023-04-06T20:00:00Z,389.50296,-267.34,12.6879,-594.79,1547.93,2142.72,29.9583,False,7045;7539
BKNG,Long,247,2023-03-30T20:00:00Z,101.138179,2023-04-10T20:00:00Z,100.2262,-225.26,10.0031,-225.26,741.11,966.37,11.0,False,7407;7540
BMY,Long,413,2023-04-06T20:00:00Z,60.093865,2023-04-10T20:00:00Z,60.90292,334.14,10.0256,0.0,334.14,0.0,4.0,True,7530;7541
CB,Long,132,2023-04-04T20:00:00Z,188.085463,2023-04-10T20:00:00Z,187.856695,-30.2,9.8516,-167.34,0.0,167.34,6.0,False,7464;7542
CI,Long,102,2023-04-05T20:00:00Z,241.863985,2023-04-10T20:00:00Z,247.136938,537.84,10.0889,0.0,628.43,208.84,5.0,True,7505;7543
CRM,Short,128,2023-04-04T20:00:00Z,194.438135,2023-04-10T20:00:00Z,187.019754,949.55,9.7641,0.0,949.55,0.0,6.0,True,7456;7544
EL,Long,109,2023-04-06T20:00:00Z,226.02104,2023-04-10T20:00:00Z,224.987822,-112.62,9.866,-112.62,0.0,112.62,4.0,False,7537;7545
INTU,Long,59,2023-03-28T20:00:00Z,415.509066,2023-04-10T20:00:00Z,430.239039,869.07,9.9319,0.0,1183.72,383.57,13.0,True,7371;7546
VRTX,Long,78,2023-04-04T20:00:00Z,315.56,2023-04-10T20:00:00Z,320.48,383.76,9.9475,0.0,599.04,215.28,6.0,True,7463;7547
LLY,Short,69,2023-04-06T20:00:00Z,355.720431,2023-04-10T20:00:00Z,359.064603,-230.75,9.8942,-230.75,0.0,230.75,4.0,False,7526;7548
LOW,Long,135,2023-03-21T20:00:00Z,184.944667,2023-04-10T20:00:00Z,184.301105,-86.88,9.9895,-1108.05,717.71,1108.05,20.0,False,7255;7549
BSX,Long,485,2023-04-06T20:00:00Z,50.8,2023-04-10T20:00:00Z,49.9,-436.5,9.7407,-436.5,0.0,436.5,4.0,False,7538;7550
SYK,Long,94,2023-03-23T20:00:00Z,263.882146,2023-04-10T20:00:00Z,277.119195,1244.28,10.2311,0.0,1440.98,196.69,18.0,True,7320;7551
MMC,Long,160,2023-03-30T20:00:00Z,155.841625,2023-04-10T20:00:00Z,159.611356,603.16,10.0839,0.0,751.77,183.5,11.0,True,7432;7552
SPY,Short,94,2023-03-07T21:00:00Z,385.789958,2023-04-10T20:00:00Z,389.349767,-334.62,7.3731,-776.53,2020.91,2797.43,33.9583,False,7045;7563
NOW,Long,259,2023-04-10T20:00:00Z,93.23,2023-04-12T20:00:00Z,94.918,437.19,9.7806,0.0,437.19,0.0,2.0,True,7560;7573
PM,Short,287,2023-04-06T20:00:00Z,85.698845,2023-04-12T20:00:00Z,85.45585,69.74,14.8096,-9.96,69.74,54.8,6.0,True,7529;7577
CAT,Long,123,2023-04-10T20:00:00Z,199.363903,2023-04-12T20:00:00Z,210.788116,1405.18,15.1154,0.0,1405.18,11.67,2.0,True,7559;7579
SPGI,Short,77,2023-04-06T20:00:00Z,315.510357,2023-04-12T20:00:00Z,318.331023,-217.19,14.5864,-217.19,323.31,540.5,6.0,False,7533;7580
SPY,Short,1,2023-03-07T21:00:00Z,385.789958,2023-04-12T20:00:00Z,394.280669,-8.49,17.9717,-8.49,21.5,29.99,35.9583,False,7045;7587
SPY,Short,229,2023-03-13T20:00:00Z,364.290945,2023-04-12T20:00:00Z,394.280669,-6867.65,37.7119,-6867.65,0.0,6867.65,30.0,False,7132;7587
ADBE,Short,64,2023-04-06T20:00:00Z,379.31,2023-04-12T20:00:00Z,376.33,190.72,9.6063,0.0,602.88,412.16,6.0,True,7528;7588
MDT,Long,341,2023-03-07T21:00:00Z,72.583838,2023-04-12T20:00:00Z,72.832007,84.63,9.7233,-1619.12,84.63,1619.12,35.9583,True,7042;7589
AVGO,Short,413,2023-03-28T20:00:00Z,59.879271,2023-04-12T20:00:00Z,60.081349,-83.46,9.8204,-681.91,337.39,681.91,15.0,False,7365;7590
BLK,Long,40,2023-03-22T20:00:00Z,608.486365,2023-04-12T20:00:00Z,623.30029,592.56,9.6925,-560.48,592.56,560.48,21.0,True,7304;7591
CSCO,Short,556,2023-03-10T21:00:00Z,44.594841,2023-04-12T20:00:00Z,46.598642,-1114.11,10.0238,-1674.91,298.55,1973.46,32.9583,False,7093;7592
COST,Long,52,2023-04-10T20:00:00Z,463.19871,2023-04-12T20:00:00Z,478.60995,801.38,9.7876,0.0,801.38,462.91,2.0,True,7555;7593
BDX,Long,131,2023-04-10T20:00:00Z,186.047944,2023-04-12T20:00:00Z,187.677497,213.47,9.7578,-46.16,213.47,46.16,2.0,True,7562;7594
GS,Long,85,2023-03-22T20:00:00Z,292.085747,2023-04-12T20:00:00Z,305.37911,1129.94,10.0772,-368.56,1129.94,436.64,21.0,True,7303;7595
IBM,Long,209,2023-04-06T20:00:00Z,117.639136,2023-04-12T20:00:00Z,115.949685,-353.1,9.628,-698.76,0.0,698.76,6.0,False,7531;7596
PGR,Long,192,2023-03-27T20:00:00Z,128.98155,2023-04-12T20:00:00Z,135.382532,1228.99,10.1425,0.0,1365.78,248.85,16.0,True,7347;7597
MDLZ,Long,378,2023-04-06T20:00:00Z,65.354816,2023-04-12T20:00:00Z,64.160079,-451.61,9.7396,-499.87,0.0,499.87,6.0,False,7534;7598
SO,Long,405,2023-04-05T20:00:00Z,61.061266,2023-04-12T20:00:00Z,62.675028,653.57,10.147,0.0,816.08,169.58,7.0,True,7506;7599
NFLX,Long,724,2023-04-10T20:00:00Z,33.527,2023-04-12T20:00:00Z,34.15,451.05,9.7019,-306.98,451.05,519.83,2.0,True,7556;7600
PYPL,Long,331,2023-04-10T20:00:00Z,73.638788,2023-04-12T20:00:00Z,73.025626,-202.96,9.6909,-314.26,0.0,314.26,2.0,False,7561;7601
RTX,Long,269,2023-04-10T20:00:00Z,91.073128,2023-04-12T20:00:00Z,93.899407,760.27,10.0606,0.0,890.32,130.05,2.0,True,7557;7602
SCHW,Long,530,2023-04-06T20:00:00Z,46.400846,2023-04-12T20:00:00Z,49.500574,1642.86,10.2069,0.0,1642.86,5.04,6.0,True,7536;7603
REGN,Long,30,2023-04-05T20:00:00Z,816.99021,2023-04-12T20:00:00Z,817.247779,7.73,9.7816,-150.38,119.77,270.15,7.0,True,7504;7604
TJX,Long,328,2023-04-05T20:00:00Z,75.082311,2023-04-12T20:00:00Z,74.652996,-140.82,9.6843,-622.72,0.0,622.72,7.0,False,7503;7605
AMD,Short,263,2023-04-12T20:00:00Z,94.85,2023-04-12T20:00:00Z,94.85,0.0,14.5697,0.0,0.0,0.0,0.0,False,7576;7607
DE,Long,68,2023-04-06T20:00:00Z,356.054149,2023-04-12T20:00:00Z,366.864251,735.09,14.7379,0.0,793.63,58.55,6.0,True,7532;7609
SPY,Short,184,2023-03-13T20:00:00Z,364.290945,2023-04-12T20:00:00Z,394.280669,-5518.11,14.3774,-5518.11,0.0,5518.11,30.0,False,7132;7612
AMD,Long,263,2023-04-12T20:00:00Z,94.85,2023-04-13T20:00:00Z,92.84,-528.63,4.8439,-725.88,0.0,725.88,1.0,False,7607;7613
ANTM,Long,54,2023-04-05T20:00:00Z,452.389103,2023-04-13T20:00:00Z,465.967296,733.22,5.0636,0.0,888.85,155.62,8.0,True,7501;7614
C,Long,588,2023-04-12T20:00:00Z,42.318235,2023-04-13T20:00:00Z,41.765172,-325.2,9.8872,-325.2,0.0,325.2,1.0,False,7584;7615
ISRG,Long,95,2023-04-06T20:00:00Z,258.33,2023-04-13T20:00:00Z,264.0,538.65,9.9457,0.0,781.85,243.2,7.0,True,7535;7616
MCD,Short,99,2023-03-17T20:00:00Z,248.088101,2023-04-13T20:00:00Z,263.73338,-1548.88,10.1364,-1776.66,154.89,1931.55,27.0,False,7228;7617
BSX,Long,488,2023-04-12T20:00:00Z,51.04,2023-04-13T20:00:00Z,51.3,126.88,10.0147,0.0,224.48,97.6,1.0,True,7611;7618
ADI,Long,138,2023-04-12T20:00:00Z,180.354158,2023-04-13T20:00:00Z,177.045775,-456.56,9.8196,-456.56,0.0,456.56,1.0,False,7583;7619
NOC,Long,56,2023-04-12T20:00:00Z,440.801214,2023-04-13T20:00:00Z,445.110868,241.34,10.0014,0.0,355.41,114.07,1.0,True,7586;7620
ZTS,Long,151,2023-04-12T20:00:00Z,165.245591,2023-04-13T20:00:00Z,164.375928,-131.32,9.9577,-131.32,95.24,226.56,1.0,False,7585;7621
PM,Long,289,2023-04-12T20:00:00Z,85.45585,2023-04-13T20:00:00Z,85.794307,97.81,9.9898,0.0,321.03,223.22,1.0,True,7577;7624
DE,Short,67,2023-04-12T20:00:00Z,366.864251,2023-04-13T20:00:00Z,368.997572,-142.93,9.864,-142.93,0.0,142.93,1.0,False,7609;7627
CAT,Short,118,2023-04-12T20:00:00Z,210.788116,2023-04-13T20:00:00Z,208.691147,247.44,9.9277,0.0,247.44,0.0,1.0,True,7579;7628
PLD,Long,227,2023-03-31T20:00:00Z,110.017892,2023-04-13T20:00:00Z,110.035796,4.06,9.8445,-199.14,239.78,438.93,13.0,True,7446;7629
SPY,Short,100,2023-03-13T20:00:00Z,364.290945,2023-04-13T20:00:00Z,391.772133,-2748.12,12.0347,-3158.87,0.0,3158.87,31.0,False,7132;7633
SPY,Short,52,2023-03-14T20:00:00Z,372.407919,2023-04-13T20:00:00Z,391.772133,-1006.94,14.1235,-1220.53,422.08,1448.19,30.0,False,7160;7633
ABT,Short,257,2023-04-12T20:00:00Z,96.18503,2023-04-17T20:00:00Z,97.226698,-267.71,9.9271,-395.06,198.45,593.5,5.0,False,7606;7634
AMAT,Long,214,2023-03-28T20:00:00Z,115.586083,2023-04-17T20:00:00Z,106.359807,-1974.42,9.4951,-1974.42,819.73,2794.15,20.0,False,7374;7635
BMY,Long,408,2023-04-13T20:00:00Z,60.627497,2023-04-17T20:00:00Z,60.765208,56.19,9.9232,0.0,56.19,0.0,4.0,True,7625;7636
CSCO,Short,537,2023-04-13T20:00:00Z,46.140174,2023-04-17T20:00:00Z,46.387747,-132.95,9.9542,-132.95,19.7,152.64,4.0,False,7623;7637
SCHW,Long,500,2023-04-13T20:00:00Z,49.082206,2023-04-17T20:00:00Z,47.066432,-1007.89,9.9134,-1007.89,546.73,1554.62,4.0,False,7632;7638
SPGI,Long,78,2023-04-12T20:00:00Z,318.331023,2023-04-17T20:00:00Z,318.441277,8.6,5.0024,0.0,182.03,173.43,5.0,True,7580;7639
MMC,Long,154,2023-04-12T20:00:00Z,161.127853,2023-04-17T20:00:00Z,164.189282,471.46,10.0516,0.0,608.67,137.21,5.0,True,7610;7640
VZ,Short,817,2023-03-30T20:00:00Z,30.451392,2023-04-17T20:00:00Z,31.541441,-890.57,10.1727,-1034.97,0.0,1034.97,18.0,False,7428;7641
ACN,Short,94,2023-04-17T20:00:00Z,259.779665,2023-04-18T20:00:00Z,262.183825,-225.99,9.8094,-225.99,0.0,225.99,1.0,False,7642;7647
GILD,Long,345,2023-03-27T20:00:00Z,71.728492,2023-04-18T20:00:00Z,74.726846,1034.43,10.0586,0.0,1046.75,458.72,22.0,True,7344;7648
IBM,Long,216,2023-04-13T20:00:00Z,113.797858,2023-04-18T20:00:00Z,113.940127,30.73,9.8214,-38.41,30.73,69.14,5.0,True,7626;7649
PGR,Long,198,2023-04-17T20:00:00Z,125.417457,2023-04-18T20:00:00Z,126.01116,117.55,10.0195,0.0,233.3,115.74,1.0,True,7646;7650
MDLZ,Long,385,2023-04-13T20:00:00Z,64.041518,2023-04-18T20:00:00Z,64.041518,0.0,9.8975,-143.96,98.31,143.96,5.0,False,7631;7651
MS,Short,324,2023-04-12T20:00:00Z,76.633377,2023-04-18T20:00:00Z,79.868252,-1048.1,10.179,-1242.62,0.0,1242.62,6.0,False,7608;7652
NOW,Long,262,2023-04-13T20:00:00Z,95.064,2023-04-18T20:00:00Z,95.626,147.24,10.0555,-644.0,147.24,644.0,5.0,True,7630;7653
ORCL,Short,295,2023-03-23T20:00:00Z,84.449222,2023-04-18T20:00:00Z,91.833888,-2178.48,10.3764,-2308.29,179.85,2488.14,26.0,False,7312;7654
PLD,Short,224,2023-04-13T20:00:00Z,110.035796,2023-04-18T20:00:00Z,111.011545,-218.57,4.9581,-218.57,633.65,852.21,5.0,False,7629;7655
SBUX,Long,258,2023-04-05T20:00:00Z,95.465963,2023-04-18T20:00:00Z,99.926732,1150.88,10.0789,0.0,1150.88,94.72,13.0,True,7500;7656
AMAT,Long,226,2023-04-18T20:00:00Z,109.373659,2023-04-19T20:00:00Z,106.602859,-626.2,9.7384,-626.2,0.0,626.2,1.0,False,7668;7674
AVGO,Short,410,2023-04-18T20:00:00Z,60.491252,2023-04-19T20:00:00Z,60.099067,160.8,9.9487,-113.09,160.8,113.09,1.0,True,7659;7675
CAT,Long,118,2023-04-13T20:00:00Z,208.691147,2023-04-19T20:00:00Z,213.302582,544.15,5.0306,0.0,593.41,66.06,6.0,True,7628;7676
GS,Short,78,2023-04-18T20:00:00Z,301.954504,2023-04-19T20:00:00Z,306.161614,-328.15,9.6335,-638.36,0.0,638.36,1.0,False,7665;7677
LIN,Short,74,2023-03-30T20:00:00Z,334.930882,2023-04-19T20:00:00Z,346.466382,-853.63,10.1383,-1050.94,0.0,1050.94,20.0,False,7426;7678
NFLX,Long,727,2023-04-17T20:00:00Z,33.8,2023-04-19T20:00:00Z,32.347,-1056.33,9.5359,-1081.78,0.0,1081.78,2.0,False,7643;7679
HCA,Long,93,2023-04-18T20:00:00Z,265.451458,2023-04-19T20:00:00Z,263.369028,-193.67,9.8542,-193.67,18.1,211.77,1.0,False,7672;7680
SYK,Long,87,2023-04-17T20:00:00Z,282.892915,2023-04-19T20:00:00Z,283.183538,25.28,9.9807,-93.55,616.09,590.81,2.0,True,7644;7681
UNP,Long,133,2023-04-10T20:00:00Z,182.259725,2023-04-19T20:00:00Z,183.100866,111.87,9.844,0.0,592.55,480.68,9.0,True,7558;7682
ZTS,Long,147,2023-04-18T20:00:00Z,168.141284,2023-04-19T20:00:00Z,166.315946,-268.32,9.8179,-268.32,0.0,268.32,1.0,False,7670;7683
PM,Short,288,2023-04-13T20:00:00Z,85.794307,2023-04-19T20:00:00Z,88.076716,-657.33,10.0075,-662.33,0.0,662.33,6.0,False,7624;7687
SPY,Short,119,2023-03-14T20:00:00Z,372.407919,2023-04-19T20:00:00Z,394.634928,-2645.01,9.4372,-3034.68,965.92,3555.66,36.0,False,7160;7693
CB,Long,130,2023-04-18T20:00:00Z,189.820288,2023-04-20T20:00:00Z,195.081953,684.02,10.0533,0.0,684.02,66.91,2.0,True,7669;7697
LMT,Long,55,2023-04-18T20:00:00Z,454.540697,2023-04-20T20:00:00Z,451.653134,-158.82,9.9388,-420.84,0.0,420.84,2.0,False,7662;7700
SPY,Short,18,2023-03-14T20:00:00Z,372.407919,2023-04-20T20:00:00Z,393.811515,-385.26,7.0984,-459.03,146.11,537.83,37.0,False,7160;7709
SPY,Short,72,2023-03-15T20:00:00Z,368.029904,2023-04-20T20:00:00Z,393.811515,-1856.28,7.2775,-2151.33,269.21,2151.33,36.0,False,7183;7709
ANTM,Long,53,2023-04-18T20:00:00Z,457.586045,2023-04-20T20:00:00Z,429.928863,-1465.83,9.394,-1465.83,0.0,1465.83,2.0,False,7664;7710
AXP,Long,158,2023-03-30T20:00:00Z,157.166922,2023-04-20T20:00:00Z,152.917567,-671.4,9.887,-679.0,256.23,927.63,21.0,False,7404;7711
BA,Long,120,2023-04-18T20:00:00Z,205.61,2023-04-20T20:00:00Z,207.42,217.2,9.9744,0.0,372.0,177.6,2.0,True,7663;7712
BLK,Long,38,2023-04-18T20:00:00Z,645.62719,2023-04-20T20:00:00Z,636.501001,-346.8,9.7412,-346.8,0.0,346.8,2.0,False,7666;7713
DE,Long,67,2023-04-13T20:00:00Z,368.997572,2023-04-20T20:00:00Z,373.780803,320.48,5.004,0.0,703.13,405.72,7.0,True,7627;7714
DUK,Long,290,2023-04-19T20:00:00Z,85.20418,2023-04-20T20:00:00Z,86.102168,260.42,9.9434,0.0,260.42,0.0,1.0,True,7692;7715
JNJ,Short,164,2023-04-06T20:00:00Z,150.193462,2023-04-20T20:00:00Z,147.062735,513.44,9.7562,-17.81,739.0,381.37,14.0,True,7525;7716
LOW,Long,131,2023-04-12T20:00:00Z,189.710753,2023-04-20T20:00:00Z,194.467512,623.14,10.0078,-235.81,777.09,235.81,8.0,True,7578;7717
MO,Long,718,2023-03-21T20:00:00Z,34.895586,2023-04-20T20:00:00Z,35.415091,373.0,10.0531,-1119.52,532.72,1119.52,30.0,True,7263;7718
NOW,Long,259,2023-04-19T20:00:00Z,95.0,2023-04-20T20:00:00Z,94.664,-87.02,9.7724,-378.66,0.0,378.66,1.0,False,7690;7719
PM,Long,280,2023-04-19T20:00:00Z,88.076716,2023-04-20T20:00:00Z,83.676786,-1231.98,4.7,-1231.98,0.0,1231.98,1.0,False,7687;7720
UNH,Short,51,2023-04-06T20:00:00Z,476.058178,2023-04-20T20:00:00Z,452.273901,1213.0,9.5051,-723.62,1213.0,723.62,14.0,True,7522;7721
WFC,Short,644,2023-04-19T20:00:00Z,38.420182,2023-04-20T20:00:00Z,38.324062,61.9,9.8935,0.0,176.86,114.96,1.0,True,7686;7722
PLD,Short,222,2023-04-19T20:00:00Z,110.913075,2023-04-20T20:00:00Z,111.539702,-139.11,14.709,-139.11,121.23,260.34,1.0,False,7689;7726
CVS,Long,370,2023-04-12T20:00:00Z,67.081554,2023-04-20T20:00:00Z,64.793515,-846.57,14.5442,-846.57,0.0,846.57,8.0,False,7581;7729
SPY,Short,26,2023-03-15T20:00:00Z,368.029904,2023-04-20T20:00:00Z,393.811515,-670.32,18.0616,-776.87,97.21,776.87,36.0,False,7183;7731
SPY,Short,203,2023-04-18T20:00:00Z,397.90943,2023-04-20T20:00:00Z,393.811515,831.88,30.0614,0.0,6824.55,0.0,2.0,True,7673;7731
ABT,Short,234,2023-04-20T20:00:00Z,104.949484,2023-04-21T20:00:00Z,103.949075,234.1,9.7161,0.0,234.1,0.0,1.0,True,7723;7732
ACN,Short,94,2023-04-19T20:00:00Z,259.798302,2023-04-21T20:00:00Z,256.937539,268.91,9.7444,0.0,284.68,68.32,2.0,True,7685;7733
C,Long,555,2023-04-18T20:00:00Z,44.557248,2023-04-21T20:00:00Z,43.754415,-445.57,9.812,-465.38,220.31,685.69,3.0,False,7667;7734
COST,Long,52,2023-04-18T20:00:00Z,475.068236,2023-04-21T20:00:00Z,487.5791,650.56,9.9874,-13.44,650.56,13.44,3.0,True,7660;7735
GILD,Long,327,2023-04-20T20:00:00Z,74.73577,2023-04-21T20:00:00Z,75.851229,364.76,9.9949,0.0,822.89,458.13,1.0,True,7706;7736
KO,Short,444,2023-03-31T20:00:00Z,56.088285,2023-04-21T20:00:00Z,57.804352,-761.93,10.1121,-781.98,0.0,781.98,21.0,False,7444;7737
PGR,Long,194,2023-04-19T20:00:00Z,127.7466,2023-04-21T20:00:00Z,125.855884,-366.8,9.7788,-503.24,0.0,503.24,2.0,False,7691;7738
BSX,Long,465,2023-04-20T20:00:00Z,52.85,2023-04-21T20:00:00Z,53.05,93.0,9.6469,-809.1,93.0,809.1,1.0,True,7730;7739
PLD,Long,219,2023-04-20T20:00:00Z,111.539702,2023-04-21T20:00:00Z,111.127918,-90.18,4.8454,-199.97,0.0,199.97,1.0,False,7726;7740
SCHW,Long,465,2023-04-20T20:00:00Z,51.782583,2023-04-21T20:00:00Z,51.592416,-88.43,9.5325,-291.81,0.0,291.81,1.0,False,7728;7741
T,Short,1484,2023-04-18T20:00:00Z,16.612079,2023-04-21T20:00:00Z,15.009601,2378.08,9.4725,0.0,2676.89,709.69,3.0,True,7661;7742
SYK,Short,84,2023-04-20T20:00:00Z,289.315694,2023-04-21T20:00:00Z,295.137852,-489.06,14.7985,-489.06,0.0,489.06,1.0,False,7727;7752
AMAT,Short,229,2023-04-20T20:00:00Z,108.158396,2023-04-21T20:00:00Z,110.297259,-489.8,15.0211,-492.03,0.0,492.03,1.0,False,7707;7754
AMGN,Long,112,2023-04-21T20:00:00Z,218.678961,2023-04-25T20:00:00Z,220.169995,167.0,9.8332,0.0,167.0,0.0,4.0,True,7750;7760
COP,Long,260,2023-04-20T20:00:00Z,92.771839,2023-04-25T20:00:00Z,91.112797,-431.35,9.6002,-431.35,46.63,477.98,5.0,False,7704;7763
SYK,Long,84,2023-04-21T20:00:00Z,295.137852,2023-04-25T20:00:00Z,291.931306,-269.35,4.8745,-419.08,0.0,419.08,4.0,False,7752;7766
HON,Short,136,2023-04-21T20:00:00Z,181.649879,2023-04-25T20:00:00Z,182.366447,-97.45,14.6577,-97.45,219.89,317.35,4.0,False,7749;7770
NOW,Short,263,2023-04-21T20:00:00Z,94.038,2023-04-25T20:00:00Z,93.35,180.94,14.214,-147.81,1468.07,1287.12,4.0,True,7755;7774
AMT,Long,132,2023-04-12T20:00:00Z,187.884364,2023-04-25T20:00:00Z,181.585779,-831.41,9.698,-1024.7,44.25,1068.94,13.0,False,7582;7778
CSCO,Short,576,2023-04-21T20:00:00Z,42.738345,2023-04-25T20:00:00Z,43.426046,-396.12,9.942,-411.96,0.0,411.96,4.0,False,7746;7779
CI,Long,101,2023-04-18T20:00:00Z,243.079382,2023-04-25T20:00:00Z,239.44254,-367.32,9.6958,-744.08,0.0,744.08,7.0,False,7671;7780
EL,Short,101,2023-04-21T20:00:00Z,242.787343,2023-04-25T20:00:00Z,236.785288,606.21,9.549,0.0,1084.34,478.14,4.0,True,7757;7781
IBM,Long,217,2023-04-19T20:00:00Z,112.481865,2023-04-25T20:00:00Z,111.059169,-308.72,9.7329,-308.72,0.0,308.72,6.0,False,7688;7782
INTU,Long,56,2023-04-21T20:00:00Z,437.404978,2023-04-25T20:00:00Z,426.007723,-638.25,9.4588,-1572.96,0.0,1572.96,4.0,False,7751;7783
VRTX,Long,74,2023-04-20T20:00:00Z,326.79,2023-04-25T20:00:00Z,334.5,570.54,9.784,0.0,570.54,67.34,5.0,True,7708;7784
LLY,Short,68,2023-04-13T20:00:00Z,363.296004,2023-04-25T20:00:00Z,375.366222,-820.77,10.078,-837.35,179.67,1017.02,12.0,False,7622;7785
MS,Long,303,2023-04-21T20:00:00Z,81.07797,2023-04-25T20:00:00Z,80.289413,-238.93,9.7289,-657.06,0.0,657.06,4.0,False,7748;7786
NKE,Short,211,2023-04-20T20:00:00Z,115.631992,2023-04-25T20:00:00Z,117.234904,-338.21,9.7402,-447.69,27.37,447.69,5.0,False,7724;7787
PFE,Long,757,2023-04-20T20:00:00Z,32.342291,2023-04-25T20:00:00Z,32.132538,-158.78,9.6748,-470.24,73.28,543.53,5.0,False,7703;7788
TMO,Long,43,2023-04-21T20:00:00Z,562.630065,2023-04-25T20:00:00Z,558.693722,-169.26,9.5269,-871.41,230.93,1102.33,4.0,False,7745;7789
T,Short,1667,2023-04-25T20:00:00Z,14.690783,2023-04-25T20:00:00Z,14.690783,0.0,14.6937,0.0,0.0,0.0,0.0,False,7769;7795
ABBV,Short,173,2023-04-06T20:00:00Z,142.378937,2023-04-27T20:00:00Z,136.94747,939.64,9.5353,-806.63,1649.26,826.86,21.0,True,7527;7800
ABT,Short,237,2023-04-25T20:00:00Z,103.210455,2023-04-27T20:00:00Z,101.639719,372.26,9.7263,0.0,372.26,168.41,2.0,True,7792;7801
AMAT,Long,221,2023-04-21T20:00:00Z,110.297259,2023-04-27T20:00:00Z,108.197284,-464.09,4.7991,-674.66,34.38,709.03,6.0,False,7754;7802
AXP,Long,158,2023-04-25T20:00:00Z,152.946441,2023-04-27T20:00:00Z,150.665383,-360.41,9.568,-486.63,0.0,486.63,2.0,False,7797;7834
BKNG,Long,237,2023-04-17T20:00:00Z,102.840617,2023-04-27T20:00:00Z,102.451053,-92.33,9.8448,-320.41,599.24,919.66,10.0,False,7645;7835
CAT,Long,115,2023-04-20T20:00:00Z,211.044307,2023-04-27T20:00:00Z,200.961238,-1159.55,9.5536,-1159.55,242.55,1402.1,7.0,False,7705;7836
CB,Long,128,2023-04-25T20:00:00Z,190.363612,2023-04-27T20:00:00Z,188.361892,-256.22,9.7659,-256.22,0.0,256.22,2.0,False,7776;7837
CRM,Short,128,2023-04-25T20:00:00Z,190.336438,2023-04-27T20:00:00Z,190.532691,-25.12,9.7118,-247.44,307.73,555.16,2.0,False,7791;7838
CVS,Short,377,2023-04-20T20:00:00Z,64.793515,2023-04-27T20:00:00Z,63.97088,310.13,4.8728,-63.36,330.14,266.78,7.0,True,7729;7839
CVX,Short,166,2023-04-18T20:00:00Z,147.796744,2023-04-27T20:00:00Z,143.95517,637.7,9.6951,-94.79,696.59,338.96,9.0,True,7658;7840
DE,Long,66,2023-04-25T20:00:00Z,368.356619,2023-04-27T20:00:00Z,357.374321,-724.83,9.4875,-833.43,0.0,833.43,2.0,False,7773;7841
DUK,Long,287,2023-04-21T20:00:00Z,86.189351,2023-04-27T20:00:00Z,85.797026,-112.6,9.9005,-127.61,220.19,347.8,6.0,False,7758;7842
INTC,Long,847,2023-04-25T20:00:00Z,28.773291,2023-04-27T20:00:00Z,28.011989,-644.82,9.712,-644.82,314.14,958.97,2.0,False,7771;7843
LOW,Long,124,2023-04-25T20:00:00Z,197.895781,2023-04-27T20:00:00Z,188.058171,-1219.86,9.5409,-1219.86,0.0,1219.86,2.0,False,7772;7844
MA,Short,69,2023-04-10T20:00:00Z,352.839971,2023-04-27T20:00:00Z,362.08006,-637.57,9.9332,-1051.1,0.0,1051.1,17.0,False,7553;7845
MDLZ,Long,379,2023-04-21T20:00:00Z,64.971771,2023-04-27T20:00:00Z,66.020585,397.5,10.0336,0.0,891.78,494.28,6.0,True,7753;7846
MO,Long,685,2023-04-25T20:00:00Z,35.821632,2023-04-27T20:00:00Z,35.246338,-394.08,9.895,-394.08,257.46,651.54,2.0,False,7798;7847
MRK,Short,243,2023-04-10T20:00:00Z,101.7796,2023-04-27T20:00:00Z,103.184201,-341.32,9.9661,-766.87,115.96,882.83,17.0,False,7554;7848
NOW,Long,259,2023-04-25T20:00:00Z,93.35,2023-04-27T20:00:00Z,88.046,-1373.74,4.707,-1373.74,0.0,1373.74,2.0,False,7774;7849
ADI,Short,139,2023-04-21T20:00:00Z,176.053259,2023-04-27T20:00:00Z,169.143464,960.46,9.5641,-93.29,1133.9,173.43,6.0,True,7756;7850
ORCL,Short,267,2023-04-19T20:00:00Z,91.652133,2023-04-27T20:00:00Z,90.217229,383.12,9.7501,0.0,536.37,339.7,8.0,True,7684;7851
PEP,Short,156,2023-03-28T20:00:00Z,158.694676,2023-04-27T20:00:00Z,166.526316,-1221.74,10.1913,-1432.95,0.0,1432.95,30.0,False,7366;7852
SCHW,Short,485,2023-04-25T20:00:00Z,50.042551,2023-04-27T20:00:00Z,48.235961,876.2,9.4777,0.0,936.15,521.11,2.0,True,7775;7853
HCA,Long,88,2023-04-25T20:00:00Z,278.520167,2023-04-27T20:00:00Z,271.31924,-633.68,9.6667,-697.91,0.0,697.91,2.0,False,7777;7854
WMT,Short,513,2023-04-18T20:00:00Z,48.026837,2023-04-27T20:00:00Z,48.418029,-200.68,9.91,-490.19,0.0,490.19,9.0,False,7657;7855
SBUX,Long,244,2023-04-25T20:00:00Z,100.046053,2023-04-27T20:00:00Z,102.395759,573.33,14.8944,0.0,839.84,266.51,2.0,True,7796;7859
AMGN,Short,114,2023-04-27T20:00:00Z,214.888502,2023-04-27T20:00:00Z,214.888502,0.0,14.766,0.0,0.0,0.0,0.0,False,7824;7860
AMD,Long,284,2023-04-27T20:00:00Z,86.4,2023-04-28T20:00:00Z,87.01,173.24,10.0428,0.0,843.48,670.24,1.0,True,7823;7865
BMY,Long,417,2023-04-27T20:00:00Z,58.54461,2023-04-28T20:00:00Z,57.787197,-315.84,9.6461,-448.64,0.0,448.64,1.0,False,7857;7866
CI,Long,105,2023-04-27T20:00:00Z,233.206619,2023-04-28T20:00:00Z,233.374905,17.67,9.8877,0.0,377.94,360.27,1.0,True,7863;7867
COP,Long,271,2023-04-27T20:00:00Z,90.081501,2023-04-28T20:00:00Z,90.189114,29.16,9.9213,0.0,592.99,563.82,1.0,True,7825;7868
FB,Long,116,2023-04-21T20:00:00Z,208.007772,2023-04-28T20:00:00Z,236.732655,3332.09,10.4147,-281.5,3483.75,602.07,7.0,True,7743;7869
INTU,Long,60,2023-04-27T20:00:00Z,406.420825,2023-04-28T20:00:00Z,417.993572,694.36,10.2149,0.0,1584.7,890.33,1.0,True,7826;7870
JNJ,Short,166,2023-04-27T20:00:00Z,147.397524,2023-04-28T20:00:00Z,147.316089,13.52,9.8142,-120.16,13.52,120.16,1.0,True,7816;7871
NEE,Long,346,2023-04-21T20:00:00Z,71.710266,2023-04-28T20:00:00Z,68.270989,-1189.99,9.7211,-1677.23,0.0,1677.23,7.0,False,7747;7872
NKE,Short,213,2023-04-27T20:00:00Z,115.298438,2023-04-28T20:00:00Z,115.956281,-140.12,9.9632,-449.96,0.0,449.96,1.0,False,7820;7873
SYK,Long,84,2023-04-27T20:00:00Z,289.247882,2023-04-28T20:00:00Z,287.862577,-116.37,9.7306,-116.37,87.07,203.44,1.0,False,7828;7874
TJX,Long,331,2023-04-27T20:00:00Z,74.271383,2023-04-28T20:00:00Z,75.263577,328.42,9.9636,0.0,328.42,0.0,1.0,True,7832;7875
VZ,Long,824,2023-04-27T20:00:00Z,29.886439,2023-04-28T20:00:00Z,30.979062,900.32,10.2769,0.0,1079.06,178.74,1.0,True,7821;7876
WFC,Long,677,2023-04-27T20:00:00Z,36.296407,2023-04-28T20:00:00Z,35.930239,-247.9,9.8427,-247.9,68.17,316.07,1.0,False,7856;7877
XOM,Short,236,2023-04-06T20:00:00Z,104.172597,2023-04-28T20:00:00Z,104.368628,-46.26,9.8122,-281.79,496.28,778.06,22.0,False,7523;7878
HON,Long,135,2023-04-25T20:00:00Z,182.366447,2023-04-28T20:00:00Z,182.715544,47.13,9.877,-947.52,164.95,947.52,3.0,True,7770;7885
SBUX,Short,239,2023-04-27T20:00:00Z,102.395759,2023-04-28T20:00:00Z,103.249363,-204.01,9.9656,-598.87,0.0,598.87,1.0,False,7859;7886
C,Short,585,2023-04-27T20:00:00Z,41.96142,2023-04-28T20:00:00Z,41.6549,179.31,14.8265,-290.22,179.31,295.43,1.0,True,7862;7892
SPY,Short,77,2023-04-18T20:00:00Z,397.90943,2023-04-28T20:00:00Z,393.945559,305.22,6.1328,-25.07,2588.62,852.99,10.0,True,7673;7897
AXP,Long,160,2023-04-28T20:00:00Z,151.396861,2023-05-02T20:00:00Z,152.166839,123.2,9.6894,-622.14,309.53,931.67,4.0,True,7888;7898
BA,Long,120,2023-04-27T20:00:00Z,204.65,2023-05-02T20:00:00Z,203.0,-198.0,9.823,-198.0,255.6,453.6,5.0,False,7861;7899
IBM,Long,218,2023-04-27T20:00:00Z,112.366271,2023-05-02T20:00:00Z,112.099515,-58.15,9.7747,-234.55,7.75,242.3,5.0,False,7827;7900
BSX,Long,470,2023-04-28T20:00:00Z,51.88,2023-05-02T20:00:00Z,52.82,441.8,9.8719,0.0,479.4,37.6,4.0,True,7896;7901
PG,Short,177,2023-04-21T20:00:00Z,142.291577,2023-05-02T20:00:00Z,143.797599,-266.57,10.1588,-266.57,60.14,326.71,11.0,False,7744;7902
PM,Long,287,2023-04-25T20:00:00Z,85.343032,2023-05-02T20:00:00Z,85.967874,179.33,9.7436,-356.17,405.98,762.15,7.0,True,7794;7903
SCHW,Short,497,2023-04-28T20:00:00Z,48.644821,2023-05-02T20:00:00Z,49.063189,-207.93,14.379,-307.17,500.92,708.85,4.0,False,7893;7911
C,Long,583,2023-04-28T20:00:00Z,41.6549,2023-05-02T20:00:00Z,42.223044,331.23,9.5848,-94.64,557.3,651.94,4.0,True,7892;7912
AMZN,Short,230,2023-04-25T20:00:00Z,105.0,2023-05-03T20:00:00Z,103.65,310.5,9.4861,-1108.6,678.5,1113.2,8.0,True,7768;7916
AVGO,Short,414,2023-04-27T20:00:00Z,59.013496,2023-05-03T20:00:00Z,59.081494,-28.15,9.7665,-862.77,152.65,862.77,6.0,False,7818;7917
CSCO,Short,573,2023-04-28T20:00:00Z,42.775022,2023-05-03T20:00:00Z,42.536619,136.6,9.7946,-362.53,362.53,362.53,5.0,True,7881;7918
VRTX,Short,70,2023-05-02T20:00:00Z,345.0,2023-05-03T20:00:00Z,347.58,-180.6,9.6935,-180.6,0.0,180.6,1.0,False,7913;7919
JPM,Short,194,2023-04-27T20:00:00Z,126.510688,2023-05-03T20:00:00Z,128.714189,-427.48,9.8493,-925.3,16.23,925.3,6.0,False,7817;7920
ABNB,Long,200,2023-05-02T20:00:00Z,120.23,2023-05-03T20:00:00Z,121.18,190.0,9.5776,-274.0,190.0,274.0,1.0,True,7914;7921
NFLX,Long,761,2023-04-27T20:00:00Z,32.438,2023-05-03T20:00:00Z,31.755,-519.76,9.8192,-519.76,422.36,942.12,6.0,False,7858;7922
PLD,Long,222,2023-05-02T20:00:00Z,109.668771,2023-05-03T20:00:00Z,110.501291,184.82,9.803,0.0,327.91,143.09,1.0,True,7909;7923
UNP,Long,132,2023-05-02T20:00:00Z,182.509294,2023-05-03T20:00:00Z,182.259725,-32.94,9.5511,-258.66,0.0,258.66,1.0,False,7908;7924
V,Short,110,2023-04-06T20:00:00Z,220.216402,2023-05-03T20:00:00Z,221.014852,-87.83,9.682,-904.0,19.28,904.0,27.0,False,7524;7925
C,Short,572,2023-05-02T20:00:00Z,42.223044,2023-05-03T20:00:00Z,41.528645,397.2,9.5479,0.0,590.64,193.44,1.0,True,7912;7934
NOW,Long,269,2023-04-28T20:00:00Z,90.848,2023-05-03T20:00:00Z,88.706,-576.2,14.4367,-923.21,0.0,923.21,5.0,False,7891;7935
ABT,Short,239,2023-04-28T20:00:00Z,102.322241,2023-05-04T20:00:00Z,104.201515,-449.15,9.8919,-518.42,0.0,518.42,6.0,False,7882;7938
MRK,Short,236,2023-04-28T20:00:00Z,102.87807,2023-05-04T20:00:00Z,106.245513,-794.72,9.8974,-841.46,0.0,841.46,6.0,False,7879;7942
T,Long,1667,2023-04-25T20:00:00Z,14.690783,2023-05-04T20:00:00Z,14.279676,-685.32,4.7273,-853.15,237.76,1090.91,9.0,False,7795;7946
WMT,Short,502,2023-05-03T20:00:00Z,48.597593,2023-05-04T20:00:00Z,48.49896,49.51,9.7114,0.0,151.31,101.79,1.0,True,7927;7947
SPY,Short,99,2023-04-18T20:00:00Z,397.90943,2023-05-04T20:00:00Z,389.598706,822.76,9.387,-32.23,3328.23,1096.7,16.0,True,7673;7959
SPY,Short,22,2023-04-21T20:00:00Z,394.663652,2023-05-04T20:00:00Z,389.598706,111.43,21.2329,-78.57,668.2,243.71,13.0,True,7759;7959
ACN,Long,94,2023-04-25T20:00:00Z,257.058679,2023-05-04T20:00:00Z,254.65452,-225.99,9.411,-819.87,388.04,1207.91,9.0,False,7793;7960
AMAT,Long,225,2023-04-28T20:00:00Z,108.595891,2023-05-04T20:00:00Z,109.908374,295.31,9.8646,0.0,347.81,183.75,6.0,True,7890;7961
C,Long,587,2023-05-03T20:00:00Z,41.528645,2023-05-04T20:00:00Z,40.617811,-534.66,4.7537,-608.77,0.0,608.77,1.0,False,7934;7962
COST,Long,50,2023-04-25T20:00:00Z,489.263807,2023-05-04T20:00:00Z,468.999267,-1013.23,9.5199,-1013.23,0.0,1013.23,9.0,False,7790;7963
DHR,Long,130,2023-05-02T20:00:00Z,185.874278,2023-05-04T20:00:00Z,189.261808,440.38,9.7329,0.0,470.47,325.02,2.0,True,7904;7964
EL,Short,105,2023-05-03T20:00:00Z,182.052936,2023-05-04T20:00:00Z,194.329439,-1289.03,7.963,-1289.03,0.0,1289.03,1.0,False,7936;7965
IBM,Long,218,2023-05-03T20:00:00Z,111.557112,2023-05-04T20:00:00Z,109.369718,-476.85,9.5378,-560.2,0.0,560.2,1.0,False,7933;7966
INTC,Long,840,2023-04-28T20:00:00Z,31.164558,2023-05-04T20:00:00Z,29.84174,-1111.17,10.2365,-1770.9,0.0,1770.9,6.0,False,7887;7967
INTU,Long,56,2023-05-02T20:00:00Z,433.934129,2023-05-04T20:00:00Z,421.805656,-679.19,9.3789,-1235.54,0.0,1235.54,2.0,False,7907;7968
MCD,Long,91,2023-04-27T20:00:00Z,267.331794,2023-05-04T20:00:00Z,272.467127,467.32,9.8803,0.0,635.65,243.71,7.0,True,7819;7969
NOW,Short,274,2023-05-03T20:00:00Z,88.706,2023-05-04T20:00:00Z,87.812,244.96,4.7184,0.0,713.5,468.54,1.0,True,7935;7970
SBUX,Long,236,2023-04-28T20:00:00Z,103.249363,2023-05-04T20:00:00Z,95.704605,-1780.56,4.5368,-1847.71,448.39,2296.1,6.0,False,7886;7971
SCHW,Long,494,2023-05-02T20:00:00Z,49.063189,2023-05-04T20:00:00Z,44.86049,-2076.13,4.4501,-2076.13,0.0,2076.13,2.0,False,7911;7972
SPGI,Long,74,2023-04-28T20:00:00Z,326.195813,2023-05-04T20:00:00Z,320.389099,-429.7,9.6558,-511.28,518.08,1029.37,6.0,False,7889;7973
REGN,Short,31,2023-04-28T20:00:00Z,781.614048,2023-05-04T20:00:00Z,768.289787,413.05,9.555,-544.49,1078.23,665.18,6.0,True,7895;7974
CVX,Long,178,2023-05-04T20:00:00Z,135.934589,2023-05-04T20:00:00Z,135.934589,0.0,14.4356,0.0,0.0,0.0,0.0,False,7949;7976
HON,Short,134,2023-04-28T20:00:00Z,182.715544,2023-05-04T20:00:00Z,182.173525,72.63,9.6265,-193.27,327.45,254.82,6.0,True,7885;7980
AMD,Long,270,2023-05-03T20:00:00Z,83.37,2023-05-04T20:00:00Z,81.6,-477.9,14.2117,-477.9,874.8,1352.7,1.0,False,7931;7981
TJX,Short,326,2023-05-04T20:00:00Z,74.17598,2023-05-04T20:00:00Z,74.17598,0.0,14.3819,0.0,0.0,0.0,0.0,False,7956;7983
AXP,Long,165,2023-05-04T20:00:00Z,145.362161,2023-05-05T20:00:00Z,145.458408,15.88,9.5752,0.0,258.86,242.98,1.0,True,7953;7990
BA,Long,120,2023-05-04T20:00:00Z,200.65,2023-05-05T20:00:00Z,197.72,-351.6,9.4894,-351.6,0.0,351.6,1.0,False,7982;7991
FISV,Short,202,2023-05-04T20:00:00Z,119.2,2023-05-05T20:00:00Z,118.59,123.22,9.6184,-222.2,123.22,222.2,1.0,True,7988;7992
CVX,Short,178,2023-05-04T20:00:00Z,135.934589,2023-05-05T20:00:00Z,137.829419,-337.28,4.9348,-477.43,0.0,477.43,1.0,False,7976;7993
DE,Long,66,2023-05-04T20:00:00Z,364.778763,2023-05-05T20:00:00Z,361.707928,-202.68,9.5299,-202.68,0.0,202.68,1.0,False,7954;7994
BDX,Short,125,2023-05-04T20:00:00Z,190.275973,2023-05-05T20:00:00Z,186.715914,445.01,9.2877,0.0,510.15,65.15,1.0,True,7958;7995
HON,Long,133,2023-05-04T20:00:00Z,182.173525,2023-05-05T20:00:00Z,181.328343,-112.41,4.8478,-112.41,9.77,122.18,1.0,False,7980;7996
JPM,Short,191,2023-05-04T20:00:00Z,125.013795,2023-05-05T20:00:00Z,126.994156,-378.25,9.62,-404.89,0.0,404.89,1.0,False,7948;7997
LIN,Long,69,2023-05-04T20:00:00Z,346.581068,2023-05-05T20:00:00Z,348.0911,104.19,9.5912,0.0,249.27,145.08,1.0,True,7977;7998
LMT,Long,58,2023-05-03T20:00:00Z,417.375846,2023-05-05T20:00:00Z,412.35677,-291.11,9.6011,-320.16,0.0,320.16,2.0,False,7932;7999
MO,Short,678,2023-05-04T20:00:00Z,35.591514,2023-05-05T20:00:00Z,35.40742,124.82,9.6555,-150.82,124.82,150.82,1.0,True,7986;8000
MS,Long,302,2023-04-28T20:00:00Z,80.849195,2023-05-05T20:00:00Z,75.733416,-1544.97,9.5471,-1861.6,0.0,1861.6,7.0,False,7883;8001
UPS,Long,171,2023-04-27T20:00:00Z,142.838158,2023-05-05T20:00:00Z,144.789409,333.66,9.9963,0.0,1334.66,1263.96,8.0,True,7822;8002
AMD,Short,296,2023-05-04T20:00:00Z,81.6,2023-05-05T20:00:00Z,85.0,-1006.4,10.3136,-2439.04,0.0,2439.04,1.0,False,7981;8008
ADP,Short,122,2023-05-04T20:00:00Z,198.314409,2023-05-08T20:00:00Z,198.204484,13.41,9.5682,0.0,248.1,234.69,4.0,True,7984;8020
DIS,Long,255,2023-05-05T20:00:00Z,95.589236,2023-05-08T20:00:00Z,98.604577,768.91,10.0631,0.0,1085.38,316.47,3.0,True,8006;8021
UBER,Long,640,2023-05-04T20:00:00Z,37.52,2023-05-08T20:00:00Z,37.85,211.2,9.769,0.0,838.4,627.2,4.0,True,7987;8022
IBM,Long,221,2023-05-05T20:00:00Z,109.467528,2023-05-08T20:00:00Z,110.045498,127.73,9.7096,0.0,127.73,0.0,3.0,True,8014;8023
INTC,Short,788,2023-05-05T20:00:00Z,30.684561,2023-05-08T20:00:00Z,30.086746,471.08,9.5389,0.0,471.08,0.0,3.0,True,8009;8024
MRK,Long,227,2023-05-04T20:00:00Z,106.245513,2023-05-08T20:00:00Z,105.417158,-188.04,9.6389,-188.04,83.8,271.84,4.0,False,7975;8025
RTX,Long,264,2023-04-28T20:00:00Z,92.105092,2023-05-08T20:00:00Z,89.892413,-584.15,9.5938,-866.4,309.25,1175.66,10.0,False,7884;8026
SCHW,Long,535,2023-05-05T20:00:00Z,46.686097,2023-05-08T20:00:00Z,47.522833,447.65,9.8555,-747.79,447.65,747.79,3.0,True,8016;8027
HCA,Long,89,2023-05-04T20:00:00Z,271.134351,2023-05-08T20:00:00Z,269.567663,-139.44,9.6203,-139.44,0.0,139.44,4.0,False,7957;8028
REGN,Long,32,2023-05-05T20:00:00Z,746.832277,2023-05-08T20:00:00Z,754.807021,255.19,9.6004,-55.79,255.19,55.79,3.0,True,8017;8029
T,Long,1702,2023-05-05T20:00:00Z,14.246116,2023-05-08T20:00:00Z,14.271286,42.84,9.7844,0.0,214.2,171.36,3.0,True,8010;8030
TXN,Long,153,2023-04-20T20:00:00Z,157.7395,2023-05-08T20:00:00Z,151.116508,-1013.32,9.4673,-1677.02,359.76,2036.78,18.0,False,7725;8031
ZTS,Short,141,2023-05-05T20:00:00Z,172.39077,2023-05-08T20:00:00Z,178.434024,-852.1,10.0226,-852.1,0.0,852.1,3.0,False,8018;8032
SHOP,Short,421,2023-05-05T20:00:00Z,57.3,2023-05-08T20:00:00Z,61.7,-1852.4,10.6437,-2980.68,0.0,2980.68,3.0,False,8019;8033
NKE,Short,210,2023-05-05T20:00:00Z,116.678981,2023-05-08T20:00:00Z,118.309688,-342.45,14.6836,-342.45,0.0,342.45,3.0,False,8005;8035
ABT,Long,232,2023-05-05T20:00:00Z,104.126718,2023-05-08T20:00:00Z,103.275903,-197.39,14.4282,-197.39,0.0,197.39,3.0,False,8004;8036
SPY,Short,144,2023-04-21T20:00:00Z,394.663652,2023-05-08T20:00:00Z,395.333871,-96.51,11.3812,-514.27,4373.67,1595.2,17.0,False,7759;8049
AMD,Long,278,2023-05-05T20:00:00Z,85.0,2023-05-09T20:00:00Z,95.0,2780.0,5.2853,0.0,2796.68,16.68,4.0,True,8008;8050
CRM,Short,128,2023-05-03T20:00:00Z,190.571942,2023-05-09T20:00:00Z,193.093799,-322.8,9.8922,-875.45,229.85,1105.3,6.0,False,7928;8051
CVX,Long,173,2023-05-08T20:00:00Z,139.810771,2023-05-09T20:00:00Z,136.799808,-520.9,9.5411,-520.9,0.0,520.9,1.0,False,8034;8052
VRTX,Long,69,2023-05-04T20:00:00Z,347.97,2023-05-09T20:00:00Z,343.29,-322.92,9.5416,-322.92,8.28,331.2,5.0,False,7985;8053
LOW,Long,125,2023-05-04T20:00:00Z,192.384095,2023-05-09T20:00:00Z,191.198332,-148.22,9.6108,-148.22,220.28,368.5,5.0,False,7952;8054
MDLZ,Short,342,2023-05-05T20:00:00Z,70.380005,2023-05-09T20:00:00Z,71.045774,-227.69,9.6972,-293.19,0.0,293.19,4.0,False,8015;8055
ABNB,Short,200,2023-05-08T20:00:00Z,123.16,2023-05-09T20:00:00Z,126.57,-682.0,10.1088,-782.0,0.0,782.0,1.0,False,8048;8056
UNP,Long,132,2023-05-05T20:00:00Z,183.664709,2023-05-09T20:00:00Z,183.886548,29.28,9.8054,0.0,230.6,201.32,4.0,True,8011;8057
C,Short,576,2023-05-08T20:00:00Z,42.277153,2023-05-09T20:00:00Z,41.402391,503.86,14.4675,0.0,503.86,0.0,1.0,True,8044;8064
PYPL,Short,324,2023-05-08T20:00:00Z,74.766215,2023-05-09T20:00:00Z,68.852168,1916.15,13.2477,0.0,3106.54,1190.38,1.0,True,8045;8068
CI,Long,98,2023-05-08T20:00:00Z,242.200557,2023-05-09T20:00:00Z,247.828779,551.57,14.4321,0.0,551.57,0.0,1.0,True,8046;8071
AXP,Long,163,2023-05-08T20:00:00Z,147.787591,2023-05-10T20:00:00Z,147.845339,9.41,9.466,-762.45,9.41,762.45,2.0,True,8043;8075
CI,Short,97,2023-05-09T20:00:00Z,247.828779,2023-05-10T20:00:00Z,248.137303,-29.93,4.7783,-29.93,147.82,177.75,1.0,False,8071;8076
PGR,Short,203,2023-05-08T20:00:00Z,118.831922,2023-05-10T20:00:00Z,123.362332,-919.67,9.9558,-1038.34,0.0,1038.34,2.0,False,8047;8077
SO,Short,369,2023-05-09T20:00:00Z,64.829618,2023-05-10T20:00:00Z,65.387893,-206.0,9.6793,-432.93,0.0,432.93,1.0,False,8070;8078
MRK,Long,225,2023-05-09T20:00:00Z,106.470609,2023-05-10T20:00:00Z,105.714285,-170.17,9.5341,-170.17,0.0,170.17,1.0,False,8058;8079
NEE,Long,351,2023-05-02T20:00:00Z,69.200767,2023-05-10T20:00:00Z,68.722338,-167.93,9.6847,-402.4,72.87,402.4,8.0,False,7906;8080
NFLX,Long,758,2023-05-04T20:00:00Z,31.901,2023-05-10T20:00:00Z,33.521,1227.96,9.948,0.0,1243.88,15.92,6.0,True,7979;8081
NKE,Long,205,2023-05-08T20:00:00Z,118.309688,2023-05-10T20:00:00Z,117.012535,-265.92,4.6919,-793.95,0.0,793.95,2.0,False,8035;8082
PYPL,Long,321,2023-05-09T20:00:00Z,68.852168,2023-05-10T20:00:00Z,65.825916,-971.43,4.0241,-1980.95,0.0,1980.95,1.0,False,8068;8083
SPGI,Long,75,2023-05-05T20:00:00Z,322.557429,2023-05-10T20:00:00Z,328.097695,415.52,9.8728,0.0,765.58,350.06,5.0,True,8013;8084
T,Long,1671,2023-05-09T20:00:00Z,14.321626,2023-05-10T20:00:00Z,14.313236,-14.02,9.5529,-42.06,0.0,42.06,1.0,False,8061;8085
MMC,Long,140,2023-05-09T20:00:00Z,170.909261,2023-05-10T20:00:00Z,170.605962,-42.46,9.5502,-42.46,26.54,69.0,1.0,False,8066;8086
WFC,Long,685,2023-05-03T20:00:00Z,35.710538,2023-05-10T20:00:00Z,36.19286,330.39,9.6868,-1249.53,330.39,1249.53,7.0,True,7930;8087
SCHW,Short,530,2023-05-09T20:00:00Z,45.079182,2023-05-10T20:00:00Z,46.248712,-619.85,14.3897,-619.85,0.0,619.85,1.0,False,8069;8095
SPY,Short,103,2023-04-21T20:00:00Z,394.663652,2023-05-10T20:00:00Z,396.300903,-168.64,21.0292,-367.85,3128.39,1141.01,19.0,False,7759;8100
SPY,Short,128,2023-04-25T20:00:00Z,393.083848,2023-05-10T20:00:00Z,396.300903,-411.78,9.9534,-659.34,3685.49,1417.96,15.0,False,7799;8100
SPY,Short,35,2023-04-27T20:00:00Z,389.435938,2023-05-10T20:00:00Z,396.300903,-240.27,9.7137,-307.97,880.07,307.97,13.0,False,7833;8100
ABT,Short,231,2023-05-08T20:00:00Z,103.275903,2023-05-11T20:00:00Z,102.901918,86.39,4.7536,-47.51,88.55,92.87,3.0,True,8036;8101
CRM,Long,121,2023-05-10T20:00:00Z,201.110754,2023-05-11T20:00:00Z,199.108968,-242.22,9.6962,-242.22,0.0,242.22,1.0,False,8090;8102
CVX,Long,174,2023-05-10T20:00:00Z,138.815768,2023-05-11T20:00:00Z,134.403151,-767.8,9.4336,-767.8,0.0,767.8,1.0,False,8089;8103
COP,Long,265,2023-05-09T20:00:00Z,89.686918,2023-05-11T20:00:00Z,88.673557,-268.54,9.5734,-268.54,109.32,377.86,2.0,False,8062;8104
UBER,Short,629,2023-05-10T20:00:00Z,38.7,2023-05-11T20:00:00Z,38.71,-6.29,9.713,-6.29,176.12,182.41,1.0,False,8098;8105
LLY,Short,57,2023-05-05T20:00:00Z,417.056247,2023-05-11T20:00:00Z,425.772543,-496.83,9.5944,-496.83,0.0,496.83,6.0,False,8003;8106
MS,Long,313,2023-05-08T20:00:00Z,77.288034,2023-05-11T20:00:00Z,74.648798,-826.08,9.4524,-826.08,0.0,826.08,3.0,False,8040;8107
ABNB,Short,189,2023-05-10T20:00:00Z,110.0,2023-05-11T20:00:00Z,113.14,-593.46,8.4819,-593.46,0.0,593.46,1.0,False,8097;8108
PFE,Long,783,2023-04-28T20:00:00Z,31.237054,2023-05-11T20:00:00Z,30.637272,-469.63,9.7148,-469.63,290.57,760.2,13.0,False,7880;8109
PLD,Long,215,2023-05-05T20:00:00Z,112.846668,2023-05-11T20:00:00Z,113.714995,186.69,9.7383,-61.59,388.78,450.37,6.0,True,8012;8110
HCA,Short,88,2023-05-09T20:00:00Z,269.353582,2023-05-11T20:00:00Z,270.462914,-97.62,9.4564,-149.0,0.0,149.0,2.0,False,8072;8111
UPS,Long,165,2023-05-08T20:00:00Z,145.525262,2023-05-11T20:00:00Z,141.821193,-611.17,9.4,-802.16,0.0,802.16,3.0,False,8039;8112
NOW,Short,273,2023-05-09T20:00:00Z,87.444,2023-05-11T20:00:00Z,90.798,-915.64,14.5231,-923.83,0.0,923.83,2.0,False,8065;8120
VRTX,Long,69,2023-05-10T20:00:00Z,348.0,2023-05-11T20:00:00Z,350.57,177.33,14.4315,0.0,177.33,0.0,1.0,True,8094;8121
SPY,Short,77,2023-04-27T20:00:00Z,389.435938,2023-05-11T20:00:00Z,394.405138,-382.63,6.0768,-677.53,1936.16,677.53,14.0,False,7833;8124
FISV,Short,202,2023-05-11T20:00:00Z,118.22,2023-05-12T20:00:00Z,119.75,-309.06,9.6475,-309.06,0.0,309.06,1.0,False,8123;8125
BMY,Long,419,2023-05-05T20:00:00Z,57.787197,2023-05-12T20:00:00Z,59.052421,530.13,9.8236,0.0,699.63,367.84,7.0,True,8007;8126
CVS,Long,372,2023-05-02T20:00:00Z,64.660832,2023-05-12T20:00:00Z,61.043009,-1345.83,9.3017,-1487.32,0.0,1487.32,10.0,False,7910;8127
INTC,Long,814,2023-05-10T20:00:00Z,29.684936,2023-05-12T20:00:00Z,28.450105,-1005.15,9.4006,-1140.77,0.0,1140.77,2.0,False,8092;8128
BSX,Short,452,2023-05-09T20:00:00Z,53.08,2023-05-12T20:00:00Z,53.41,-149.16,9.6213,-149.16,0.0,149.16,3.0,False,8073;8129
WMT,Short,487,2023-05-11T20:00:00Z,49.165225,2023-05-12T20:00:00Z,49.438812,-133.24,9.599,-133.24,0.0,133.24,1.0,False,8113;8130
ADP,Long,124,2023-05-12T20:00:00Z,193.065476,2023-05-15T20:00:00Z,194.421221,168.11,9.7035,0.0,412.33,244.22,3.0,True,8136;8140
AMD,Long,252,2023-05-10T20:00:00Z,96.44,2023-05-15T20:00:00Z,95.3,-287.28,9.7988,-297.36,241.92,529.2,5.0,False,8091;8141
BA,Long,118,2023-05-12T20:00:00Z,201.84,2023-05-15T20:00:00Z,200.01,-215.94,9.5219,-215.94,109.74,325.68,3.0,False,8135;8142
ISRG,Short,79,2023-05-09T20:00:00Z,303.08,2023-05-15T20:00:00Z,305.01,-152.47,9.6317,-392.63,38.71,431.34,6.0,False,8063;8143
LOW,Long,123,2023-05-10T20:00:00Z,194.933718,2023-05-15T20:00:00Z,189.768856,-635.28,9.3576,-739.04,0.0,739.04,5.0,False,8093;8144
NKE,Short,209,2023-05-11T20:00:00Z,114.631331,2023-05-15T20:00:00Z,111.017831,755.22,9.3744,0.0,755.22,0.0,4.0,True,8116;8145
ADI,Long,145,2023-04-28T20:00:00Z,167.668871,2023-05-15T20:00:00Z,170.788204,452.3,9.9849,0.0,978.62,671.6,17.0,True,7894;8146
SCHW,Long,527,2023-05-10T20:00:00Z,46.248712,2023-05-15T20:00:00Z,48.38576,1126.22,5.1321,-546.19,1287.42,546.19,5.0,True,8095;8147
VRTX,Short,68,2023-05-11T20:00:00Z,350.57,2023-05-15T20:00:00Z,348.0,174.76,9.4833,0.0,214.88,84.32,4.0,True,8121;8156
AMT,Long,136,2023-04-27T20:00:00Z,178.871546,2023-05-16T20:00:00Z,174.291277,-622.92,9.6335,-1129.26,491.78,1621.04,19.0,False,7829;8159
C,Long,574,2023-05-09T20:00:00Z,41.402391,2023-05-16T20:00:00Z,41.420427,10.35,4.6867,-331.29,227.76,559.05,7.0,True,8064;8160
CSCO,Short,574,2023-05-04T20:00:00Z,41.949781,2023-05-16T20:00:00Z,43.316014,-784.22,9.7496,-784.22,0.0,784.22,12.0,False,7951;8161
DUK,Short,281,2023-05-10T20:00:00Z,86.154478,2023-05-16T20:00:00Z,84.98461,328.73,9.509,-71.05,944.99,616.26,6.0,True,8099;8162
VRTX,Long,68,2023-05-15T20:00:00Z,348.0,2023-05-16T20:00:00Z,347.5,-34.0,4.694,-193.8,0.0,193.8,1.0,False,8156;8163
LLY,Short,56,2023-05-12T20:00:00Z,430.26221,2023-05-16T20:00:00Z,424.436231,326.25,9.537,0.0,326.25,118.79,4.0,True,8132;8164
MRK,Long,225,2023-05-11T20:00:00Z,105.867351,2023-05-16T20:00:00Z,104.336695,-344.4,9.4661,-344.4,0.0,344.4,5.0,False,8114;8165
NOW,Long,263,2023-05-11T20:00:00Z,90.798,2023-05-16T20:00:00Z,92.58,468.67,4.9259,0.0,749.55,280.88,5.0,True,8120;8166
NVDA,Short,866,2023-05-03T20:00:00Z,27.741996,2023-05-16T20:00:00Z,28.748766,-871.86,9.8434,-1192.98,232.21,1425.19,13.0,False,7926;8167
HCA,Short,88,2023-05-12T20:00:00Z,271.299778,2023-05-16T20:00:00Z,270.093136,106.18,9.4443,0.0,276.59,170.41,4.0,True,8138;8168
T,Long,1673,2023-05-11T20:00:00Z,14.229337,2023-05-16T20:00:00Z,14.204167,-42.11,9.4002,-610.58,84.22,694.8,5.0,False,8119;8169
UNP,Long,130,2023-05-15T20:00:00Z,183.784872,2023-05-16T20:00:00Z,184.052928,34.85,9.5292,-235.52,34.85,235.52,1.0,True,8152;8170
VZ,Long,783,2023-05-02T20:00:00Z,30.906756,2023-05-16T20:00:00Z,29.36423,-1207.8,9.2749,-1522.33,0.0,1522.33,14.0,False,7905;8171
WFC,Long,691,2023-05-15T20:00:00Z,34.689053,2023-05-16T20:00:00Z,35.685441,688.5,9.8405,0.0,688.5,0.0,1.0,True,8151;8172
MMC,Short,139,2023-05-15T20:00:00Z,171.847594,2023-05-16T20:00:00Z,171.695945,21.08,14.2743,0.0,163.36,142.29,1.0,True,8155;8180
SPY,Short,11,2023-04-27T20:00:00Z,389.435938,2023-05-16T20:00:00Z,394.357266,-54.13,5.8919,-96.79,276.59,96.79,19.0,False,7833;8184
SPY,Short,64,2023-04-27T20:00:00Z,389.435938,2023-05-16T20:00:00Z,394.357266,-314.96,21.4806,-563.14,1609.28,563.14,19.0,False,7864;8184
CVX,Long,176,2023-05-16T20:00:00Z,135.3895,2023-05-17T20:00:00Z,133.922954,-258.11,9.4181,-258.11,0.0,258.11,1.0,False,8174;8185
UBER,Long,628,2023-05-16T20:00:00Z,37.92,2023-05-17T20:00:00Z,37.75,-106.76,9.4552,-106.76,0.0,106.76,1.0,False,8182;8186
HD,Short,90,2023-05-04T20:00:00Z,267.383269,2023-05-17T20:00:00Z,257.636824,877.18,9.5058,0.0,877.18,827.03,13.0,True,7950;8187
MDLZ,Short,336,2023-05-15T20:00:00Z,71.246416,2023-05-17T20:00:00Z,70.954572,98.06,9.4971,0.0,272.73,174.67,2.0,True,8154;8188
SCHW,Short,492,2023-05-16T20:00:00Z,48.395318,2023-05-17T20:00:00Z,48.471787,-37.62,14.5287,-559.64,0.0,559.64,1.0,False,8179;8196
MMC,Long,139,2023-05-16T20:00:00Z,171.695945,2023-05-17T20:00:00Z,171.686466,-1.32,9.4193,-401.82,0.0,401.82,1.0,False,8180;8197
SHOP,Long,390,2023-05-15T20:00:00Z,60.76,2023-05-17T20:00:00Z,60.41,-136.5,14.3669,-249.6,0.0,249.6,2.0,False,8157;8201
PGR,Short,194,2023-05-11T20:00:00Z,121.80957,2023-05-17T20:00:00Z,120.375549,278.2,14.6035,-574.12,637.91,1212.03,6.0,True,8122;8202
ABT,Short,233,2023-05-16T20:00:00Z,102.294192,2023-05-18T20:00:00Z,101.658418,148.14,9.4916,0.0,204.78,56.64,2.0,True,8175;8204
ADBE,Long,70,2023-05-04T20:00:00Z,346.97,2023-05-18T20:00:00Z,357.0,702.1,9.7476,-806.4,942.2,906.5,14.0,True,7978;8205
AMGN,Long,114,2023-04-27T20:00:00Z,214.888502,2023-05-18T20:00:00Z,203.778106,-1266.59,4.6354,-1320.33,51.2,1371.53,21.0,False,7860;8206
AMT,Long,140,2023-05-17T20:00:00Z,171.425261,2023-05-18T20:00:00Z,172.978802,217.5,9.6446,-121.25,217.5,121.25,1.0,True,8198;8207
ANTM,Short,56,2023-05-17T20:00:00Z,422.322429,2023-05-18T20:00:00Z,431.72417,-526.5,9.6807,-526.5,0.0,526.5,1.0,False,8194;8208
BMY,Long,408,2023-05-15T20:00:00Z,58.579038,2023-05-18T20:00:00Z,57.072818,-614.54,9.4021,-828.75,0.0,828.75,3.0,False,8150;8209
INTC,Long,843,2023-05-15T20:00:00Z,28.342303,2023-05-18T20:00:00Z,28.420705,66.09,9.828,-41.31,627.88,561.79,3.0,True,8153;8210
BSX,Long,444,2023-05-17T20:00:00Z,53.93,2023-05-18T20:00:00Z,53.41,-230.88,9.4883,-230.88,0.0,230.88,1.0,False,8200;8211
MRK,Long,228,2023-05-17T20:00:00Z,104.615814,2023-05-18T20:00:00Z,103.175197,-328.46,9.3948,-441.37,0.0,441.37,1.0,False,8191;8212
NEE,Long,339,2023-05-15T20:00:00Z,70.834649,2023-05-18T20:00:00Z,67.449535,-1147.55,9.342,-1147.55,0.0,1147.55,3.0,False,8149;8213
NFLX,Long,713,2023-05-11T20:00:00Z,33.498,2023-05-18T20:00:00Z,34.712,865.58,10.2109,-87.7,2588.9,1723.32,7.0,True,8117;8214
ADI,Long,137,2023-05-16T20:00:00Z,173.576698,2023-05-18T20:00:00Z,178.605441,688.94,9.7138,0.0,1117.58,428.64,2.0,True,8178;8215
PM,Long,289,2023-05-03T20:00:00Z,84.084669,2023-05-18T20:00:00Z,80.561253,-1018.27,9.4533,-1075.95,0.0,1075.95,15.0,False,7929;8216
TJX,Long,326,2023-05-04T20:00:00Z,74.17598,2023-05-18T20:00:00Z,75.410902,402.58,4.9511,0.0,583.74,337.32,14.0,True,7983;8217
TMO,Long,45,2023-05-12T20:00:00Z,525.917234,2023-05-18T20:00:00Z,515.077454,-487.79,9.3302,-534.08,0.0,534.08,6.0,False,8133;8218
TXN,Long,160,2023-05-09T20:00:00Z,147.844839,2023-05-18T20:00:00Z,151.572173,596.37,9.7056,-154.56,1105.26,508.89,9.0,True,8060;8219
MMC,Short,140,2023-05-17T20:00:00Z,171.686466,2023-05-18T20:00:00Z,168.795643,404.72,4.7612,0.0,404.72,0.0,1.0,True,8197;8220
SYK,Long,86,2023-05-17T20:00:00Z,278.301064,2023-05-18T20:00:00Z,275.12358,-273.26,14.2397,-273.26,0.0,273.26,1.0,False,8193;8231
SHOP,Short,397,2023-05-17T20:00:00Z,60.41,2023-05-18T20:00:00Z,60.88,-186.59,9.6021,-186.59,0.0,186.59,1.0,False,8201;8236
COP,Long,262,2023-05-18T20:00:00Z,90.320581,2023-05-22T20:00:00Z,92.60113,597.5,9.6578,0.0,833.67,236.17,4.0,True,8228;8239
DHR,Long,128,2023-05-08T20:00:00Z,188.204652,2023-05-22T20:00:00Z,176.267276,-1527.98,9.2939,-1867.76,0.0,1867.76,14.0,False,8037;8240
VZ,Long,820,2023-05-18T20:00:00Z,28.930394,2023-05-22T20:00:00Z,29.12321,158.11,9.4984,-32.94,158.11,59.29,4.0,True,8225;8246
SHOP,Long,392,2023-05-18T20:00:00Z,60.88,2023-05-22T20:00:00Z,60.21,-262.64,4.8655,-266.56,462.56,725.2,4.0,False,8236;8248
AMAT,Short,203,2023-05-17T20:00:00Z,118.852709,2023-05-22T20:00:00Z,123.694316,-982.85,14.6812,-1513.74,0.0,1513.74,5.0,False,8195;8259
CB,Short,125,2023-05-10T20:00:00Z,192.346268,2023-05-22T20:00:00Z,190.821148,190.64,14.1478,0.0,427.75,268.09,12.0,True,8096;8264
ZTS,Long,135,2023-05-09T20:00:00Z,175.876894,2023-05-22T20:00:00Z,171.298962,-618.02,14.1206,-618.02,193.94,811.96,13.0,False,8067;8265
CI,Short,99,2023-05-16T20:00:00Z,242.022922,2023-05-22T20:00:00Z,239.863255,213.81,9.4593,-402.62,346.16,402.62,6.0,True,8183;8268
DIS,Long,266,2023-05-12T20:00:00Z,89.461596,2023-05-22T20:00:00Z,88.230251,-327.54,9.4816,-335.27,381.7,709.24,10.0,False,8134;8269
GS,Long,78,2023-05-18T20:00:00Z,303.79569,2023-05-22T20:00:00Z,300.251407,-276.45,9.3994,-364.78,0.0,364.78,4.0,False,8230;8270
JNJ,Short,165,2023-05-17T20:00:00Z,144.583489,2023-05-22T20:00:00Z,143.923985,108.82,9.4668,0.0,259.24,150.42,5.0,True,8190;8271
LMT,Long,57,2023-05-18T20:00:00Z,414.834426,2023-05-22T20:00:00Z,413.550053,-73.21,9.454,-73.21,0.0,73.21,4.0,False,8229;8272
LOW,Long,122,2023-05-18T20:00:00Z,194.436917,2023-05-22T20:00:00Z,193.781888,-79.91,9.432,-480.3,0.0,480.3,4.0,False,8227;8273
SBUX,Long,244,2023-05-08T20:00:00Z,98.641737,2023-05-22T20:00:00Z,97.33418,-319.04,9.4322,-908.73,34.32,943.05,14.0,False,8042;8274
SYK,Short,86,2023-05-18T20:00:00Z,275.12358,2023-05-22T20:00:00Z,277.613255,-214.11,4.7686,-214.11,0.0,214.11,4.0,False,8231;8275
V,Short,105,2023-05-10T20:00:00Z,228.142479,2023-05-22T20:00:00Z,227.621389,54.71,9.4675,0.0,345.64,320.64,12.0,True,8088;8276
WFC,Long,638,2023-05-18T20:00:00Z,37.078538,2023-05-22T20:00:00Z,37.09699,11.77,9.5566,-94.18,470.89,459.11,4.0,True,8224;8277
WMT,Short,490,2023-05-16T20:00:00Z,48.634144,2023-05-22T20:00:00Z,48.138469,242.88,9.4115,-58.35,395.86,305.97,6.0,True,8173;8278
ANTM,Short,54,2023-05-22T20:00:00Z,433.415539,2023-05-22T20:00:00Z,433.415539,0.0,13.9921,0.0,0.0,0.0,0.0,False,8260;8283
REGN,Long,32,2023-05-12T20:00:00Z,742.166309,2023-05-22T20:00:00Z,755.272627,419.4,14.0997,-218.42,419.4,275.16,10.0,True,8137;8286
UBER,Short,629,2023-05-18T20:00:00Z,37.99,2023-05-22T20:00:00Z,39.15,-729.64,14.6048,-748.51,0.0,748.51,4.0,False,8237;8287
PGR,Long,201,2023-05-17T20:00:00Z,120.375549,2023-05-22T20:00:00Z,123.946901,717.84,9.7372,0.0,793.11,192.77,5.0,True,8202;8288
AMAT,Long,192,2023-05-22T20:00:00Z,123.694316,2023-05-23T20:00:00Z,122.391555,-250.13,4.6476,-511.46,0.0,511.46,1.0,False,8259;8290
ANTM,Long,54,2023-05-22T20:00:00Z,433.415539,2023-05-23T20:00:00Z,429.012311,-237.77,4.6688,-237.77,0.0,237.77,1.0,False,8283;8291
BA,Long,118,2023-05-16T20:00:00Z,201.82,2023-05-23T20:00:00Z,204.58,325.68,9.5219,0.0,639.56,547.52,7.0,True,8177;8292
CVX,Long,174,2023-05-22T20:00:00Z,134.365062,2023-05-23T20:00:00Z,134.697065,57.77,9.4032,0.0,463.67,405.9,1.0,True,8249;8293
BSX,Short,441,2023-05-22T20:00:00Z,53.64,2023-05-23T20:00:00Z,53.26,167.58,9.2769,0.0,943.74,776.16,1.0,True,8267;8294
SO,Long,375,2023-05-16T20:00:00Z,63.717387,2023-05-23T20:00:00Z,62.273267,-541.54,9.3813,-541.54,0.0,541.54,7.0,False,8181;8295
NEE,Long,352,2023-05-22T20:00:00Z,67.521751,2023-05-23T20:00:00Z,66.889863,-222.42,9.4524,-222.42,0.0,222.42,1.0,False,8251;8296
NFLX,Long,648,2023-05-22T20:00:00Z,36.536,2023-05-23T20:00:00Z,36.0,-347.33,9.3182,-607.18,0.0,607.18,1.0,False,8250;8297
NKE,Long,219,2023-05-18T20:00:00Z,108.803404,2023-05-23T20:00:00Z,101.613466,-1574.6,9.2386,-1755.19,0.0,1755.19,5.0,False,8223;8298
PFE,Long,785,2023-05-15T20:00:00Z,30.417094,2023-05-23T20:00:00Z,31.420125,787.38,9.8339,-518.52,1497.94,710.56,8.0,True,8148;8299
LRCX,Long,415,2023-05-22T20:00:00Z,56.712272,2023-05-23T20:00:00Z,56.257449,-188.75,9.3254,-455.18,0.0,455.18,1.0,False,8266;8300
SPGI,Long,70,2023-05-22T20:00:00Z,335.732788,2023-05-23T20:00:00Z,339.582492,269.48,9.4484,-207.09,269.48,207.09,1.0,True,8257;8301
T,Long,1733,2023-05-22T20:00:00Z,13.74272,2023-05-23T20:00:00Z,13.642041,-174.48,9.4479,-392.57,0.0,392.57,1.0,False,8256;8302
MMC,Long,138,2023-05-22T20:00:00Z,170.369009,2023-05-23T20:00:00Z,169.468589,-124.26,9.2636,-699.77,0.0,699.77,1.0,False,8285;8303
ZTS,Short,137,2023-05-22T20:00:00Z,171.298962,2023-05-23T20:00:00Z,170.36039,128.58,9.0623,0.0,812.18,683.6,1.0,True,8265;8309
PGR,Short,192,2023-05-22T20:00:00Z,123.946901,2023-05-23T20:00:00Z,123.316662,121.01,9.3299,0.0,412.12,291.12,1.0,True,8288;8310
SHOP,Short,393,2023-05-22T20:00:00Z,60.21,2023-05-23T20:00:00Z,61.28,-420.51,13.9191,-420.51,738.84,1159.35,1.0,False,8289;8311
UBER,Long,605,2023-05-22T20:00:00Z,39.15,2023-05-23T20:00:00Z,38.99,-96.8,9.3557,-296.45,0.0,296.45,1.0,False,8287;8312
CRM,Long,116,2023-05-18T20:00:00Z,205.57552,2023-05-24T20:00:00Z,202.180335,-393.84,9.6157,-393.84,97.89,491.73,6.0,False,8222;8313
DHR,Long,132,2023-05-23T20:00:00Z,177.725688,2023-05-24T20:00:00Z,173.458482,-563.27,9.3246,-563.27,0.0,563.27,1.0,False,8306;8314
IBM,Long,206,2023-05-22T20:00:00Z,114.916936,2023-05-24T20:00:00Z,115.205355,59.41,9.4016,-337.92,126.26,464.17,2.0,True,8281;8315
INTC,Long,808,2023-05-22T20:00:00Z,29.302727,2023-05-24T20:00:00Z,28.724512,-467.2,9.3883,-712.67,0.0,712.67,2.0,False,8255;8316
INTU,Long,54,2023-05-22T20:00:00Z,438.350687,2023-05-24T20:00:00Z,410.45715,-1506.25,9.161,-1773.7,10.0,1783.7,2.0,False,8254;8317
MRK,Long,230,2023-05-23T20:00:00Z,102.99512,2023-05-24T20:00:00Z,102.743012,-57.98,9.3973,-161.53,0.0,161.53,1.0,False,8304;8318
SCHW,Long,499,2023-05-17T20:00:00Z,48.471787,2023-05-24T20:00:00Z,49.962933,744.08,4.9682,0.0,992.11,338.65,7.0,True,8196;8319
SYK,Long,85,2023-05-23T20:00:00Z,274.978268,2023-05-24T20:00:00Z,264.467385,-893.43,9.009,-922.25,0.0,922.25,1.0,False,8308;8320
TMUS,Long,177,2023-05-08T20:00:00Z,136.102234,2023-05-24T20:00:00Z,133.701541,-424.92,9.5082,-973.64,103.72,1077.36,16.0,False,8038;8321
DE,Short,68,2023-05-22T20:00:00Z,344.096072,2023-05-24T20:00:00Z,342.795033,88.47,13.9037,-51.39,364.94,276.47,2.0,True,8284;8331
REGN,Short,31,2023-05-22T20:00:00Z,755.272627,2023-05-24T20:00:00Z,743.305558,370.98,9.0583,0.0,767.75,396.78,2.0,True,8286;8333
CB,Long,123,2023-05-22T20:00:00Z,190.821148,2023-05-24T20:00:00Z,186.903495,-481.87,9.2124,-717.53,0.0,717.53,2.0,False,8264;8334
UBER,Short,605,2023-05-23T20:00:00Z,38.99,2023-05-24T20:00:00Z,38.05,568.7,9.2395,0.0,623.15,54.45,1.0,True,8312;8336
PGR,Long,191,2023-05-23T20:00:00Z,123.316662,2023-05-24T20:00:00Z,121.343742,-376.83,9.2485,-612.35,0.0,612.35,1.0,False,8310;8337
ADBE,Long,63,2023-05-24T20:00:00Z,369.06,2023-05-25T20:00:00Z,375.49,405.09,9.5485,0.0,1449.0,1043.91,1.0,True,8325;8341
AMT,Long,139,2023-05-22T20:00:00Z,170.532421,2023-05-25T20:00:00Z,164.800389,-796.75,9.3334,-1047.44,0.0,1047.44,3.0,False,8263;8342
CSCO,Short,526,2023-05-22T20:00:00Z,45.030683,2023-05-25T20:00:00Z,43.829498,631.82,9.4388,0.0,631.82,299.03,3.0,True,8280;8343
COP,Long,251,2023-05-24T20:00:00Z,95.089002,2023-05-25T20:00:00Z,91.889022,-803.2,9.3067,-859.76,0.0,859.76,1.0,False,8326;8344
HD,Long,89,2023-05-18T20:00:00Z,267.739512,2023-05-25T20:00:00Z,266.533766,-107.31,9.4614,-517.05,148.77,665.82,7.0,False,8221;8345
SPGI,Long,71,2023-05-24T20:00:00Z,332.213846,2023-05-25T20:00:00Z,327.980029,-300.6,9.334,-350.96,0.0,350.96,1.0,False,8327;8346
XOM,Long,253,2023-05-12T20:00:00Z,94.727472,2023-05-25T20:00:00Z,95.2259,126.1,9.5755,-658.4,499.02,658.4,13.0,True,8131;8347
TMO,Long,45,2023-05-24T20:00:00Z,504.40581,2023-05-25T20:00:00Z,508.332263,176.69,13.9178,0.0,473.55,296.86,1.0,True,8323;8351
PGR,Short,194,2023-05-24T20:00:00Z,121.343742,2023-05-25T20:00:00Z,119.699642,318.96,9.1855,0.0,694.61,375.66,1.0,True,8337;8360
UBER,Long,612,2023-05-24T20:00:00Z,38.05,2023-05-25T20:00:00Z,38.48,263.16,9.3585,-61.2,263.16,61.2,1.0,True,8336;8361
ABT,Long,239,2023-05-24T20:00:00Z,98.778735,2023-05-26T20:00:00Z,95.506368,-782.1,9.2475,-784.33,0.0,784.33,2.0,False,8324;8363
ACN,Long,97,2023-05-09T20:00:00Z,245.028564,2023-05-26T20:00:00Z,273.803928,2791.21,10.2516,0.0,3674.31,883.1,17.0,True,8059;8364
ANTM,Long,54,2023-05-24T20:00:00Z,434.095866,2023-05-26T20:00:00Z,424.36341,-525.55,9.2097,-689.85,0.0,689.85,2.0,False,8329;8365
MDT,Long,304,2023-05-24T20:00:00Z,77.710066,2023-05-26T20:00:00Z,73.81297,-1184.72,9.1605,-1539.86,0.0,1539.86,2.0,False,8328;8366
BLK,Short,39,2023-05-25T20:00:00Z,604.098419,2023-05-26T20:00:00Z,612.911184,-343.7,9.5834,-610.46,0.0,610.46,1.0,False,8357;8367
COST,Long,50,2023-05-23T20:00:00Z,467.301454,2023-05-26T20:00:00Z,465.219954,-104.07,9.5167,-211.51,963.53,1067.61,3.0,False,8305;8368
CVX,Long,171,2023-05-25T20:00:00Z,135.160121,2023-05-26T20:00:00Z,135.474651,53.78,9.2222,-92.63,53.78,92.63,1.0,True,8349;8369
DE,Long,68,2023-05-24T20:00:00Z,342.795033,2023-05-26T20:00:00Z,341.226133,-106.69,4.6474,-224.43,0.0,224.43,2.0,False,8331;8370
DHR,Long,134,2023-05-25T20:00:00Z,175.750273,2023-05-26T20:00:00Z,179.407878,490.12,9.5687,0.0,490.12,0.0,1.0,True,8352;8371
ISRG,Long,75,2023-05-22T20:00:00Z,312.83,2023-05-26T20:00:00Z,302.76,-755.25,9.3078,-854.25,0.0,854.25,4.0,False,8282;8372
LIN,Long,68,2023-05-17T20:00:00Z,350.872235,2023-05-26T20:00:00Z,341.305512,-650.54,9.3749,-852.65,283.35,1136.0,9.0,False,8192;8373
LMT,Long,57,2023-05-25T20:00:00Z,410.817343,2023-05-26T20:00:00Z,403.402591,-422.64,9.2554,-422.64,0.0,422.64,1.0,False,8356;8374
HCA,Long,90,2023-05-24T20:00:00Z,258.289455,2023-05-26T20:00:00Z,257.053621,-111.23,9.2713,-117.36,0.0,117.36,2.0,False,8340;8375
TMO,Short,46,2023-05-25T20:00:00Z,508.332263,2023-05-26T20:00:00Z,521.891878,-623.74,4.7499,-623.74,0.0,623.74,1.0,False,8351;8376
UNP,Long,132,2023-05-25T20:00:00Z,176.602815,2023-05-26T20:00:00Z,178.93213,307.47,9.4269,0.0,307.47,0.0,1.0,True,8353;8377
NOW,Short,232,2023-05-22T20:00:00Z,101.32,2023-05-26T20:00:00Z,106.928,-1301.06,14.463,-1431.9,299.74,1731.65,4.0,False,8261;8385
MO,Long,691,2023-05-17T20:00:00Z,34.686385,2023-05-26T20:00:00Z,34.333538,-243.82,14.2101,-323.32,37.1,360.43,9.0,False,8199;8389
CB,Short,126,2023-05-24T20:00:00Z,186.903495,2023-05-26T20:00:00Z,181.708554,654.56,9.2046,0.0,719.42,64.86,2.0,True,8334;8390
UBER,Short,621,2023-05-25T20:00:00Z,38.48,2023-05-26T20:00:00Z,38.41,43.47,9.5202,0.0,43.47,0.0,1.0,True,8361;8391
ZTS,Long,137,2023-05-23T20:00:00Z,170.36039,2023-05-26T20:00:00Z,158.656972,-1603.37,8.9932,-1724.08,0.0,1724.08,3.0,False,8309;8392
AMD,Long,246,2023-05-16T20:00:00Z,97.44,2023-05-30T20:00:00Z,130.29,8081.1,11.1561,0.0,8081.1,519.06,14.0,True,8176;8394
CI,Long,100,2023-05-24T20:00:00Z,235.955286,2023-05-30T20:00:00Z,225.830095,-1012.52,9.2071,-1012.52,0.0,1012.52,6.0,False,8338;8395
INTC,Long,872,2023-05-26T20:00:00Z,26.852666,2023-05-30T20:00:00Z,29.05772,1922.81,10.0823,0.0,2213.37,290.56,4.0,True,8382;8396
SBUX,Long,249,2023-05-23T20:00:00Z,94.133369,2023-05-30T20:00:00Z,91.218509,-725.8,9.0996,-987.64,0.0,987.64,7.0,False,8307;8397
MU,Long,341,2023-05-26T20:00:00Z,69.076607,2023-05-30T20:00:00Z,73.488903,1504.59,14.3462,0.0,1504.59,0.0,4.0,True,8393;8405
MO,Short,683,2023-05-26T20:00:00Z,34.333538,2023-05-30T20:00:00Z,34.08808,167.65,9.3092,0.0,227.9,60.25,4.0,True,8389;8406
SO,Long,378,2023-05-24T20:00:00Z,62.898465,2023-05-30T20:00:00Z,61.16376,-655.72,14.0875,-655.72,0.0,655.72,6.0,False,8335;8407
ZTS,Short,148,2023-05-26T20:00:00Z,158.656972,2023-05-30T20:00:00Z,157.201228,215.45,9.1249,0.0,669.03,453.58,4.0,True,8392;8408
MDT,Long,323,2023-05-30T20:00:00Z,73.393831,2023-05-31T20:00:00Z,73.661367,86.41,9.5205,0.0,132.5,46.09,1.0,True,8404;8411
CSCO,Short,521,2023-05-26T20:00:00Z,45.131546,2023-05-31T20:00:00Z,45.764231,-329.63,9.5096,-453.84,0.0,453.84,5.0,False,8379;8412
MDLZ,Short,338,2023-05-18T20:00:00Z,70.05168,2023-05-31T20:00:00Z,65.984104,1374.84,9.2897,-77.07,1374.84,320.59,13.0,True,8232;8413
ORCL,Short,241,2023-05-22T20:00:00Z,98.032675,2023-05-31T20:00:00Z,99.936315,-458.78,9.5795,-809.2,959.05,1768.25,9.0,False,8279;8414
T,Long,1843,2023-05-26T20:00:00Z,12.769487,2023-05-31T20:00:00Z,13.113475,633.97,9.6642,0.0,819.52,185.55,5.0,True,8386;8415
REGN,Long,31,2023-05-24T20:00:00Z,743.305558,2023-05-31T20:00:00Z,724.067108,-596.39,9.1814,-777.58,0.0,777.58,7.0,False,8333;8421
MU,Short,321,2023-05-30T20:00:00Z,73.488903,2023-05-31T20:00:00Z,67.980937,1768.06,8.7785,0.0,1980.35,212.29,1.0,True,8405;8422
SO,Short,384,2023-05-30T20:00:00Z,61.16376,2023-05-31T20:00:00Z,61.489568,-125.11,9.3971,-125.11,0.0,125.11,1.0,False,8407;8423
UBER,Long,617,2023-05-26T20:00:00Z,38.41,2023-05-31T20:00:00Z,37.25,-715.72,9.4218,-715.72,0.0,715.72,5.0,False,8391;8424
AMAT,Long,177,2023-05-30T20:00:00Z,134.51078,2023-06-01T20:00:00Z,130.348744,-736.68,9.3646,-810.87,0.0,810.87,2.0,False,8403;8425
BLK,Short,37,2023-05-31T20:00:00Z,619.290298,2023-06-01T20:00:00Z,611.703577,280.71,9.0481,0.0,280.71,0.0,1.0,True,8420;8426
CAT,Long,115,2023-05-22T20:00:00Z,204.395657,2023-06-01T20:00:00Z,198.127841,-720.8,9.2888,-932.54,0.0,932.54,10.0,False,8258;8427
HON,Short,132,2023-05-08T20:00:00Z,183.331057,2023-06-01T20:00:00Z,177.292866,797.04,9.5045,0.0,843.36,814.3,24.0,True,8041;8428
MCD,Long,87,2023-05-11T20:00:00Z,272.872063,2023-06-01T20:00:00Z,262.214868,-927.18,9.3304,-927.18,0.0,927.18,21.0,False,8115;8429
MS,Long,314,2023-05-18T20:00:00Z,75.652069,2023-06-01T20:00:00Z,74.63976,-317.87,9.4537,-703.84,56.76,703.84,14.0,False,8226;8430
NOW,Long,220,2023-05-26T20:00:00Z,106.928,2023-06-01T20:00:00Z,106.96,7.04,4.778,0.0,637.12,630.08,6.0,True,8385;8431
PFE,Long,759,2023-05-26T20:00:00Z,31.028698,2023-06-01T20:00:00Z,31.085781,43.33,9.3634,-643.7,43.33,643.7,6.0,True,8378;8432
SYK,Short,88,2023-05-26T20:00:00Z,264.554572,2023-06-01T20:00:00Z,266.550187,-175.61,9.3969,-466.32,136.4,602.71,6.0,False,8387;8433
TSLA,Short,128,2023-05-25T20:00:00Z,186.49,2023-06-01T20:00:00Z,202.51,-2050.56,10.0349,-2691.84,0.0,2691.84,7.0,False,8348;8434
ETN,Long,134,2023-05-30T20:00:00Z,176.083662,2023-06-01T20:00:00Z,169.36694,-900.04,9.2794,-978.47,0.0,978.47,2.0,False,8409;8435
V,Long,108,2023-05-24T20:00:00Z,217.123741,2023-06-01T20:00:00Z,217.299353,18.97,9.4567,-160.16,416.2,419.36,8.0,True,8322;8436
TMO,Long,45,2023-05-30T20:00:00Z,518.074218,2023-06-01T20:00:00Z,507.501477,-475.77,13.9262,-683.62,0.0,683.62,2.0,False,8400;8440
ACN,Short,81,2023-05-31T20:00:00Z,283.914443,2023-06-01T20:00:00Z,284.89288,-79.25,13.8895,-79.25,0.0,79.25,1.0,False,8419;8441
UBER,Short,625,2023-05-31T20:00:00Z,37.25,2023-06-01T20:00:00Z,37.5,-156.25,9.5815,-768.75,0.0,768.75,1.0,False,8424;8447
ZTS,Long,148,2023-05-30T20:00:00Z,157.201228,2023-06-01T20:00:00Z,156.013647,-175.76,9.4754,-175.76,263.64,439.4,2.0,False,8408;8448
CRM,Long,114,2023-05-25T20:00:00Z,208.028689,2023-06-02T20:00:00Z,208.911829,100.68,9.4624,0.0,1273.02,1172.34,8.0,True,8350;8450
GS,Long,79,2023-05-24T20:00:00Z,294.948791,2023-06-02T20:00:00Z,294.569482,-29.97,9.3952,-114.97,845.09,960.06,9.0,False,8330;8451
ORCL,Long,232,2023-06-01T20:00:00Z,100.328523,2023-06-02T20:00:00Z,101.897352,363.97,9.405,0.0,363.97,0.0,1.0,True,8439;8452
RTX,Long,267,2023-05-11T20:00:00Z,88.934825,2023-06-02T20:00:00Z,88.826733,-28.86,9.5425,-733.17,263.35,996.52,22.0,False,8118;8453
T,Long,1780,2023-06-01T20:00:00Z,13.214154,2023-06-02T20:00:00Z,12.794657,-746.7,9.2681,-806.44,0.0,806.44,1.0,False,8445;8454
UNH,Long,53,2023-05-17T20:00:00Z,447.177936,2023-06-02T20:00:00Z,458.357384,592.51,9.721,-113.56,966.78,374.27,16.0,True,8189;8455
ADBE,Short,56,2023-05-30T20:00:00Z,429.94,2023-06-02T20:00:00Z,432.0,-115.36,14.3602,-360.08,680.4,1040.48,3.0,False,8401;8460
ACN,Long,82,2023-06-01T20:00:00Z,284.89288,2023-06-02T20:00:00Z,286.542245,135.25,9.5175,0.0,432.49,297.24,1.0,True,8441;8461
ZTS,Short,150,2023-06-01T20:00:00Z,156.013647,2023-06-02T20:00:00Z,159.902016,-583.26,9.8121,-1292.93,0.0,1292.93,1.0,False,8448;8467
MU,Long,331,2023-05-31T20:00:00Z,67.980937,2023-06-02T20:00:00Z,69.283896,431.28,9.2311,0.0,431.28,0.0,2.0,True,8422;8468
SPY,Short,51,2023-04-27T20:00:00Z,389.435938,2023-06-02T20:00:00Z,406.382922,-864.3,4.1791,-1034.23,1282.39,1112.84,36.0,False,7864;8469
LMT,Long,57,2023-06-02T20:00:00Z,414.614205,2023-06-06T20:00:00Z,418.649201,229.99,9.545,0.0,340.29,110.29,4.0,True,8464;8471
CI,Long,101,2023-06-01T20:00:00Z,232.664365,2023-06-06T20:00:00Z,250.797933,1831.49,14.5262,0.0,1831.49,0.0,5.0,True,8449;8482
MU,Short,345,2023-06-02T20:00:00Z,69.283896,2023-06-06T20:00:00Z,66.174561,1072.72,9.3469,0.0,1072.72,0.0,4.0,True,8468;8483
ACN,Short,82,2023-06-02T20:00:00Z,286.542245,2023-06-06T20:00:00Z,282.237123,353.02,4.7075,-41.26,353.02,274.32,4.0,True,8461;8484
GILD,Long,346,2023-06-02T20:00:00Z,67.927006,2023-06-06T20:00:00Z,69.881291,676.18,9.5153,0.0,676.18,469.31,4.0,True,8466;8485
INTC,Short,763,2023-06-01T20:00:00Z,31.262775,2023-06-06T20:00:00Z,29.145923,1615.16,9.2857,0.0,1615.16,822.53,5.0,True,8443;8486
ISRG,Long,75,2023-06-02T20:00:00Z,310.54,2023-06-06T20:00:00Z,316.9,477.0,9.4185,0.0,521.25,132.75,4.0,True,8465;8487
MS,Long,317,2023-06-02T20:00:00Z,74.965145,2023-06-06T20:00:00Z,75.570723,191.97,9.7508,0.0,830.91,638.94,4.0,True,8462;8488
TMO,Short,46,2023-06-01T20:00:00Z,507.501477,2023-06-06T20:00:00Z,516.274182,-403.54,4.6975,-403.54,0.0,403.54,5.0,False,8440;8489
REGN,Short,32,2023-05-31T20:00:00Z,724.067108,2023-06-06T20:00:00Z,744.811349,-663.82,9.4867,-663.82,0.0,663.82,6.0,False,8421;8493
UBER,Long,620,2023-06-01T20:00:00Z,37.5,2023-06-06T20:00:00Z,40.21,1680.2,9.7325,0.0,1810.4,130.2,5.0,True,8447;8494
AMAT,Long,182,2023-06-06T20:00:00Z,128.106898,2023-06-07T20:00:00Z,131.937531,697.18,9.5423,0.0,697.18,0.0,1.0,True,8480;8495
AMD,Short,187,2023-05-31T20:00:00Z,122.49,2023-06-07T20:00:00Z,124.0,-282.37,8.8279,-325.38,871.42,1191.19,7.0,False,8418;8496
ANTM,Long,52,2023-06-06T20:00:00Z,453.910389,2023-06-07T20:00:00Z,438.036093,-825.46,9.0873,-994.98,0.0,994.98,1.0,False,8492;8497
AXP,Long,161,2023-05-26T20:00:00Z,147.075362,2023-06-07T20:00:00Z,166.363302,3105.36,10.1897,0.0,3105.36,172.0,12.0,True,8384;8498
CSCO,Long,517,2023-06-06T20:00:00Z,45.654199,2023-06-07T20:00:00Z,45.663368,4.74,9.4422,-4.74,4.74,4.74,1.0,True,8491;8499
BSX,Long,459,2023-05-24T20:00:00Z,51.4,2023-06-07T20:00:00Z,50.58,-376.38,9.4214,-417.69,192.78,569.16,14.0,False,8339;8500
RTX,Long,265,2023-06-06T20:00:00Z,89.930519,2023-06-07T20:00:00Z,91.240096,347.04,9.7185,0.0,607.32,260.28,1.0,True,8477;8501
ADBE,Long,55,2023-06-02T20:00:00Z,432.0,2023-06-07T20:00:00Z,434.56,140.8,9.203,-752.4,140.8,872.3,5.0,True,8460;8503
REGN,Long,32,2023-06-06T20:00:00Z,744.811349,2023-06-07T20:00:00Z,737.064455,-247.9,9.3661,-418.77,0.0,418.77,1.0,False,8493;8508
UBER,Short,589,2023-06-06T20:00:00Z,40.21,2023-06-07T20:00:00Z,40.24,-17.67,9.2172,-17.67,718.58,736.25,1.0,False,8494;8509
ZTS,Long,148,2023-06-02T20:00:00Z,159.902016,2023-06-07T20:00:00Z,162.593228,398.3,9.2119,-479.09,589.65,1068.75,5.0,True,8467;8510
CI,Short,96,2023-06-06T20:00:00Z,250.797933,2023-06-07T20:00:00Z,246.091949,451.77,9.4427,0.0,469.81,18.03,1.0,True,8482;8511
ABT,Long,248,2023-06-07T20:00:00Z,95.758808,2023-06-08T20:00:00Z,94.664902,-271.29,9.3894,-373.31,0.0,373.31,1.0,False,8505;8513
ACN,Short,83,2023-06-07T20:00:00Z,288.387298,2023-06-08T20:00:00Z,289.682562,-107.51,9.5652,-107.51,166.29,273.79,1.0,False,8504;8514
ADBE,Short,55,2023-06-07T20:00:00Z,434.56,2023-06-08T20:00:00Z,424.15,572.55,4.8293,-245.85,572.55,245.85,1.0,True,8503;8515
AMGN,Long,118,2023-05-26T20:00:00Z,195.808319,2023-06-08T20:00:00Z,200.613765,567.04,9.3656,-180.81,633.38,682.59,13.0,True,8380;8516
BA,Long,115,2023-06-07T20:00:00Z,207.99,2023-06-08T20:00:00Z,212.34,500.25,9.8909,0.0,1163.8,663.55,1.0,True,8507;8517
C,Long,561,2023-05-18T20:00:00Z,42.232062,2023-06-08T20:00:00Z,43.043697,455.33,9.5593,-1310.33,637.46,1310.33,21.0,True,8233;8518
CRM,Long,115,2023-06-06T20:00:00Z,204.643316,2023-06-08T20:00:00Z,201.532699,-357.72,9.5328,-357.72,110.59,468.31,2.0,False,8474;8519
CVS,Long,388,2023-05-18T20:00:00Z,61.255302,2023-06-08T20:00:00Z,63.272083,782.51,9.6825,-720.73,858.02,864.88,21.0,True,8234;8520
COP,Long,262,2023-06-02T20:00:00Z,91.366208,2023-06-08T20:00:00Z,94.512105,824.22,9.7721,0.0,824.22,63.77,6.0,True,8463;8521
HD,Long,88,2023-06-02T20:00:00Z,267.403784,2023-06-08T20:00:00Z,277.993213,931.87,9.6673,0.0,931.87,49.39,6.0,True,8457;8522
LOW,Long,124,2023-06-01T20:00:00Z,188.372187,2023-06-08T20:00:00Z,198.580055,1265.78,9.6329,0.0,1265.78,342.89,7.0,True,8444;8523
MRK,Short,238,2023-05-31T20:00:00Z,97.664837,2023-06-08T20:00:00Z,97.520775,34.29,9.4623,-996.46,34.29,996.46,8.0,True,8416;8524
NOW,Long,213,2023-06-06T20:00:00Z,111.3,2023-06-08T20:00:00Z,105.918,-1146.37,9.2965,-1200.47,0.0,1200.47,2.0,False,8481;8525
PM,Long,293,2023-05-22T20:00:00Z,80.752177,2023-06-08T20:00:00Z,80.274867,-139.85,9.4204,-773.0,0.0,773.0,17.0,False,8252;8526
SBUX,Long,261,2023-06-01T20:00:00Z,90.019358,2023-06-08T20:00:00Z,90.019358,0.0,9.4698,0.0,563.36,563.36,7.0,False,8446;8527
TMO,Long,46,2023-06-07T20:00:00Z,508.88612,2023-06-08T20:00:00Z,514.93899,278.43,9.4269,0.0,278.43,0.0,1.0,True,8502;8528
MU,Long,356,2023-06-06T20:00:00Z,66.174561,2023-06-08T20:00:00Z,65.582306,-210.84,4.5907,-604.42,7.03,611.44,2.0,False,8483;8529
XOM,Long,255,2023-06-01T20:00:00Z,91.585835,2023-06-08T20:00:00Z,97.760464,1574.53,9.697,0.0,1574.53,105.43,7.0,True,8437;8530
PGR,Long,196,2023-05-25T20:00:00Z,119.699642,2023-06-08T20:00:00Z,119.50783,-37.6,9.4824,-562.14,5.37,562.14,14.0,False,8360;8537
ZTS,Short,146,2023-06-07T20:00:00Z,162.593228,2023-06-08T20:00:00Z,156.07111,952.23,9.4098,0.0,952.23,0.0,1.0,True,8510;8538
AMD,Short,203,2023-06-08T20:00:00Z,118.24,2023-06-12T20:00:00Z,128.51,-2084.81,10.1597,-2222.85,0.0,2222.85,4.0,False,8533;8540
CSCO,Long,525,2023-06-08T20:00:00Z,45.846755,2023-06-12T20:00:00Z,45.819247,-14.44,9.6432,-163.67,231.07,245.51,4.0,False,8532;8541
HON,Short,130,2023-06-06T20:00:00Z,182.353627,2023-06-12T20:00:00Z,182.9539,-78.04,9.4797,-126.06,0.0,126.06,6.0,False,8478;8542
LIN,Long,69,2023-06-08T20:00:00Z,347.777526,2023-06-12T20:00:00Z,347.672017,-7.28,9.5862,-120.45,0.0,120.45,4.0,False,8534;8543
ABNB,Long,203,2023-06-07T20:00:00Z,118.14,2023-06-12T20:00:00Z,119.48,272.02,9.7903,-535.92,1309.35,1037.33,5.0,True,8512;8544
PFE,Long,759,2023-06-02T20:00:00Z,31.191793,2023-06-12T20:00:00Z,31.803396,464.21,9.6877,0.0,1021.26,557.05,10.0,True,8458;8545
PLD,Long,214,2023-05-26T20:00:00Z,109.650868,2023-06-12T20:00:00Z,108.317046,-285.44,9.3723,-540.22,1074.7,1614.93,17.0,False,8383;8546
SO,Long,381,2023-05-31T20:00:00Z,61.489568,2023-06-12T20:00:00Z,62.942493,553.56,9.5065,-214.72,553.56,214.72,12.0,True,8423;8552
PGR,Short,200,2023-06-08T20:00:00Z,119.50783,2023-06-12T20:00:00Z,119.526098,-3.65,9.5497,-10.96,27.4,31.06,4.0,False,8537;8553
AMGN,Long,120,2023-06-12T20:00:00Z,198.483048,2023-06-13T20:00:00Z,197.14115,-161.03,9.5605,-161.03,335.11,496.14,1.0,False,8551;8555
INTC,Short,780,2023-06-12T20:00:00Z,30.772763,2023-06-13T20:00:00Z,33.124821,-1834.61,10.2402,-1918.69,0.0,1918.69,1.0,False,8550;8556
SPGI,Long,70,2023-05-26T20:00:00Z,330.457818,2023-06-13T20:00:00Z,355.797585,1773.78,9.6889,0.0,2050.39,321.74,18.0,True,8381;8559
SHOP,Long,382,2023-05-23T20:00:00Z,61.28,2023-06-13T20:00:00Z,65.9,1764.84,9.576,-1562.38,1764.84,1673.16,21.0,True,8311;8570
SO,Short,381,2023-06-12T20:00:00Z,62.942493,2023-06-13T20:00:00Z,61.929848,385.82,9.479,0.0,385.82,0.0,1.0,True,8552;8571
BMY,Long,418,2023-05-22T20:00:00Z,56.66829,2023-06-13T20:00:00Z,55.243837,-595.42,9.3951,-766.31,248.24,1014.56,22.0,False,8253;8573
CRM,Long,113,2023-06-12T20:00:00Z,212.297202,2023-06-13T20:00:00Z,211.463125,-94.25,9.3734,-817.21,0.0,817.21,1.0,False,8548;8574
INTU,Long,58,2023-05-25T20:00:00Z,407.92226,2023-06-13T20:00:00Z,440.3396,1880.21,9.7335,-696.1,1880.21,1477.59,19.0,True,8354;8575
BSX,Long,467,2023-06-12T20:00:00Z,51.22,2023-06-13T20:00:00Z,51.01,-98.07,9.5604,-98.07,0.0,98.07,1.0,False,8554;8576
ADI,Long,144,2023-05-25T20:00:00Z,157.393977,2023-06-13T20:00:00Z,180.781106,3367.75,9.955,0.0,3645.39,659.22,19.0,True,8358;8577
UNP,Long,131,2023-05-30T20:00:00Z,178.776932,2023-06-13T20:00:00Z,183.690483,643.68,9.5852,0.0,1139.84,496.17,14.0,True,8402;8578
WFC,Long,627,2023-06-07T20:00:00Z,38.314797,2023-06-13T20:00:00Z,38.453184,86.77,9.8026,0.0,647.87,561.1,6.0,True,8506;8579
AVGO,Short,301,2023-05-30T20:00:00Z,80.043022,2023-06-13T20:00:00Z,82.471789,-731.06,14.2991,-731.06,1320.86,2051.92,14.0,False,8398;8581
PG,Long,179,2023-06-01T20:00:00Z,131.547392,2023-06-13T20:00:00Z,132.810063,226.02,14.2705,0.0,544.09,327.11,12.0,True,8438;8582
LRCX,Long,429,2023-05-25T20:00:00Z,56.828645,2023-06-13T20:00:00Z,60.777831,1694.2,15.0104,0.0,1828.88,1013.04,19.0,True,8362;8593
REGN,Short,32,2023-06-07T20:00:00Z,737.064455,2023-06-13T20:00:00Z,748.130031,-354.1,9.7303,-739.58,0.0,739.58,6.0,False,8508;8594
CB,Long,128,2023-05-26T20:00:00Z,181.708554,2023-06-13T20:00:00Z,182.985842,163.49,9.4747,-589.31,239.14,589.31,18.0,True,8390;8595
CAT,Long,112,2023-06-06T20:00:00Z,211.407597,2023-06-14T20:00:00Z,235.448533,2692.58,10.0438,0.0,2692.58,226.52,8.0,True,8479;8596
CSCO,Short,517,2023-06-13T20:00:00Z,46.543626,2023-06-14T20:00:00Z,46.580303,-18.96,9.648,-94.81,0.0,94.81,1.0,False,8584;8597
COP,Long,258,2023-06-13T20:00:00Z,93.610702,2023-06-14T20:00:00Z,94.133515,134.89,9.5853,-274.42,134.89,274.42,1.0,True,8587;8598
HON,Short,130,2023-06-13T20:00:00Z,183.849692,2023-06-14T20:00:00Z,186.417012,-333.75,9.6445,-333.75,0.0,333.75,1.0,False,8565;8599
IBM,Long,208,2023-05-25T20:00:00Z,113.033199,2023-06-14T20:00:00Z,124.200422,2322.78,9.897,0.0,2322.78,166.85,20.0,True,8355;8600
LOW,Long,119,2023-06-13T20:00:00Z,201.532744,2023-06-14T20:00:00Z,203.205934,199.11,9.6447,-6.69,199.11,6.69,1.0,True,8566;8601
SO,Long,383,2023-06-13T20:00:00Z,61.929848,2023-06-14T20:00:00Z,62.1676,91.06,4.7539,0.0,91.06,0.0,1.0,True,8571;8602
PLD,Long,223,2023-06-13T20:00:00Z,107.036936,2023-06-14T20:00:00Z,108.92577,421.21,9.7266,0.0,538.99,117.78,1.0,True,8569;8603
T,Long,1777,2023-06-08T20:00:00Z,13.457462,2023-06-14T20:00:00Z,13.340003,-208.72,9.5149,-313.09,0.0,313.09,6.0,False,8535;8604
TMO,Short,46,2023-06-13T20:00:00Z,519.71601,2023-06-14T20:00:00Z,522.387809,-122.9,9.5223,-122.9,228.1,351.0,1.0,False,8562;8605
TSLA,Short,98,2023-06-12T20:00:00Z,248.0,2023-06-14T20:00:00Z,260.0,-1176.0,9.9298,-1176.0,0.0,1176.0,2.0,False,8547;8606
V,Long,106,2023-06-02T20:00:00Z,223.231109,2023-06-14T20:00:00Z,218.284727,-524.32,9.3535,-595.67,0.0,595.67,12.0,False,8456;8607
ZTS,Long,153,2023-06-08T20:00:00Z,156.07111,2023-06-14T20:00:00Z,160.016944,603.71,4.8561,0.0,603.71,45.42,6.0,True,8538;8608
LRCX,Short,393,2023-06-13T20:00:00Z,60.777831,2023-06-14T20:00:00Z,60.291609,191.09,9.6434,-192.23,191.09,192.23,1.0,True,8593;8614
REGN,Long,32,2023-06-13T20:00:00Z,748.130031,2023-06-14T20:00:00Z,760.899527,408.62,9.6252,0.0,504.68,96.05,1.0,True,8594;8615
SHOP,Short,368,2023-06-13T20:00:00Z,65.9,2023-06-14T20:00:00Z,63.98,706.56,9.8029,0.0,706.56,0.0,1.0,True,8570;8616
AMD,Short,192,2023-06-14T20:00:00Z,126.52,2023-06-15T20:00:00Z,125.5,195.84,9.6603,0.0,437.76,241.92,1.0,True,8609;8617
AVGO,Long,292,2023-06-13T20:00:00Z,82.471789,2023-06-15T20:00:00Z,84.701352,651.03,4.9411,0.0,700.53,76.9,2.0,True,8581;8618
INTC,Long,739,2023-06-13T20:00:00Z,33.124821,2023-06-15T20:00:00Z,34.536056,1042.9,10.1002,0.0,1462.96,420.06,2.0,True,8586;8619
PGR,Long,200,2023-06-12T20:00:00Z,119.526098,2023-06-15T20:00:00Z,116.612386,-582.74,4.6897,-717.92,149.8,867.72,3.0,False,8553;8620
NKE,Long,241,2023-06-13T20:00:00Z,99.59609,2023-06-15T20:00:00Z,103.862901,1028.3,9.8211,0.0,1281.46,253.15,2.0,True,8564;8621
SBUX,Long,263,2023-06-13T20:00:00Z,90.867988,2023-06-15T20:00:00Z,93.478448,686.55,9.735,0.0,696.25,9.7,2.0,True,8568;8622
SPGI,Long,66,2023-06-14T20:00:00Z,360.421562,2023-06-15T20:00:00Z,363.369118,194.54,9.6427,0.0,528.29,333.76,1.0,True,8611;8623
MMC,Long,143,2023-05-24T20:00:00Z,164.824316,2023-06-15T20:00:00Z,169.070508,607.21,9.5865,-97.59,906.74,306.31,22.0,True,8332;8624
XOM,Long,250,2023-06-13T20:00:00Z,96.574072,2023-06-15T20:00:00Z,94.821448,-438.16,9.5442,-514.55,0.0,514.55,2.0,False,8580;8625
SHOP,Long,376,2023-06-14T20:00:00Z,63.98,2023-06-15T20:00:00Z,65.4,533.92,4.9707,0.0,797.12,263.2,1.0,True,8616;8626
GS,Long,76,2023-06-13T20:00:00Z,315.570405,2023-06-15T20:00:00Z,312.898909,-203.03,14.4095,-203.03,0.0,203.03,2.0,False,8589;8634
CI,Long,96,2023-06-07T20:00:00Z,246.091949,2023-06-15T20:00:00Z,250.131017,387.75,9.7205,0.0,925.19,764.68,8.0,True,8511;8635
CB,Short,131,2023-06-13T20:00:00Z,182.985842,2023-06-15T20:00:00Z,180.040619,385.82,9.67,-20.6,390.84,411.44,2.0,True,8595;8636
CAT,Long,103,2023-06-15T20:00:00Z,232.777318,2023-06-16T20:00:00Z,237.928947,530.62,9.6875,0.0,530.62,0.0,1.0,True,8632;8638
VRTX,Long,70,2023-05-25T20:00:00Z,330.92,2023-06-16T20:00:00Z,350.0,1335.6,9.5273,-514.5,1335.6,683.9,22.0,True,8359;8639
SO,Long,385,2023-06-15T20:00:00Z,62.414157,2023-06-16T20:00:00Z,62.202822,-81.36,9.6633,-81.36,298.33,379.7,1.0,False,8637;8640
ABNB,Long,192,2023-06-13T20:00:00Z,125.0,2023-06-16T20:00:00Z,128.69,708.48,9.7375,0.0,708.48,0.0,3.0,True,8572;8641
TMO,Short,46,2023-06-15T20:00:00Z,514.79689,2023-06-16T20:00:00Z,533.165527,-844.96,9.7644,-844.96,0.0,844.96,1.0,False,8628;8642
TMUS,Long,197,2023-06-15T20:00:00Z,123.352101,2023-06-16T20:00:00Z,124.231094,173.16,9.8196,0.0,173.16,0.0,1.0,True,8630;8643
AMD,Short,193,2023-06-16T20:00:00Z,125.85,2023-06-21T20:00:00Z,118.55,1408.9,8.9625,0.0,2651.82,1242.92,5.0,True,8644;8648
CI,Short,96,2023-06-15T20:00:00Z,250.131017,2023-06-21T20:00:00Z,253.531348,-326.43,4.9385,-679.92,0.0,679.92,6.0,False,8635;8651
LLY,Long,54,2023-06-15T20:00:00Z,437.925914,2023-06-21T20:00:00Z,445.022659,383.22,9.5747,0.0,383.22,0.0,6.0,True,8627;8654
MMC,Long,140,2023-06-16T20:00:00Z,171.885507,2023-06-21T20:00:00Z,171.250473,-88.9,9.6158,-88.9,0.0,88.9,5.0,False,8646;8658
WFC,Long,614,2023-06-16T20:00:00Z,39.283507,2023-06-21T20:00:00Z,38.610023,-413.52,9.4973,-526.81,0.0,526.81,5.0,False,8645;8659
MO,Long,686,2023-05-30T20:00:00Z,34.08808,2023-06-21T20:00:00Z,34.043352,-30.68,9.5914,-30.68,699.85,730.53,22.0,False,8406;8668
AMGN,Long,119,2023-06-14T20:00:00Z,202.427141,2023-06-21T20:00:00Z,207.132851,559.98,9.696,0.0,690.53,282.69,7.0,True,8612;8670
AMT,Long,143,2023-05-26T20:00:00Z,162.496862,2023-06-21T20:00:00Z,170.01354,1074.89,9.5265,0.0,1769.99,695.1,26.0,True,8388;8671
CB,Long,133,2023-06-15T20:00:00Z,180.040619,2023-06-21T20:00:00Z,184.646488,612.58,4.9394,0.0,881.3,268.72,6.0,True,8636;8672
CVX,Short,174,2023-06-13T20:00:00Z,138.584993,2023-06-21T20:00:00Z,133.238,930.38,9.5297,0.0,930.38,185.47,8.0,True,8561;8673
GS,Short,76,2023-06-15T20:00:00Z,312.898909,2023-06-21T20:00:00Z,304.671074,625.32,4.5833,-69.79,863.6,238.28,6.0,True,8634;8674
INTU,Long,55,2023-06-14T20:00:00Z,436.751756,2023-06-21T20:00:00Z,443.898195,393.05,9.6172,0.0,447.21,309.94,7.0,True,8610;8675
KO,Long,431,2023-05-30T20:00:00Z,54.19158,2023-06-21T20:00:00Z,55.79649,691.72,9.4733,-132.35,832.92,369.81,22.0,True,8399;8676
LMT,Long,56,2023-06-13T20:00:00Z,418.163167,2023-06-21T20:00:00Z,422.812583,260.37,9.4324,-171.01,516.11,255.75,8.0,True,8567;8677
MCD,Long,88,2023-06-02T20:00:00Z,265.253607,2023-06-21T20:00:00Z,271.378403,538.98,9.5165,-390.8,636.68,531.65,19.0,True,8459;8678
NFLX,Short,564,2023-06-13T20:00:00Z,43.032,2023-06-21T20:00:00Z,43.265,-131.41,9.7028,-843.18,331.07,843.18,8.0,False,8563;8679
NOW,Long,211,2023-06-15T20:00:00Z,112.61,2023-06-21T20:00:00Z,111.558,-221.97,9.4627,-685.75,102.55,788.3,6.0,False,8633;8680
LRCX,Long,394,2023-06-14T20:00:00Z,60.291609,2023-06-21T20:00:00Z,59.25012,-410.35,4.6422,-544.06,38.31,582.38,7.0,False,8614;8681
HCA,Long,91,2023-05-30T20:00:00Z,256.236218,2023-06-21T20:00:00Z,277.295616,1916.41,9.772,0.0,2423.99,507.59,22.0,True,8410;8682
ETN,Long,132,2023-06-08T20:00:00Z,179.854622,2023-06-21T20:00:00Z,185.621407,761.22,9.6934,-17.73,1196.92,713.09,13.0,True,8539;8683
REGN,Short,31,2023-06-14T20:00:00Z,760.899527,2023-06-21T20:00:00Z,774.471451,-420.73,9.5665,-460.35,0.0,460.35,7.0,False,8615;8687
UBER,Long,593,2023-06-07T20:00:00Z,40.24,2023-06-21T20:00:00Z,42.5,1340.18,9.9312,0.0,1945.04,800.55,14.0,True,8509;8688
ABNB,Long,190,2023-06-21T20:00:00Z,125.09,2023-06-21T20:00:00Z,125.09,0.0,14.5304,0.0,0.0,0.0,0.0,False,8667;8691
ABBV,Long,195,2023-06-06T20:00:00Z,122.582164,2023-06-22T20:00:00Z,122.29682,-55.64,9.4884,-269.52,203.44,420.79,16.0,False,8490;8693
ACN,Short,83,2023-06-12T20:00:00Z,286.849754,2023-06-22T20:00:00Z,277.885408,744.04,9.5709,-1232.85,744.04,1232.85,10.0,True,8549;8694
AMAT,Long,182,2023-06-08T20:00:00Z,132.415141,2023-06-22T20:00:00Z,131.586633,-150.79,9.7612,-150.79,1053.75,1204.53,14.0,False,8536;8695
MDT,Long,313,2023-06-14T20:00:00Z,78.949646,2023-06-22T20:00:00Z,79.103916,48.29,9.8258,-120.51,173.06,293.57,8.0,True,8613;8696
CSCO,Short,509,2023-06-21T20:00:00Z,47.130464,2023-06-22T20:00:00Z,46.442763,350.04,9.5183,0.0,350.04,0.0,1.0,True,8684;8697
DE,Long,64,2023-06-13T20:00:00Z,372.919822,2023-06-22T20:00:00Z,396.845543,1531.25,9.9666,0.0,1639.0,107.76,9.0,True,8588;8698
COP,Long,261,2023-06-21T20:00:00Z,91.762825,2023-06-22T20:00:00Z,92.520004,197.62,9.652,-87.05,197.62,87.05,1.0,True,8662;8699
UBER,Short,571,2023-06-21T20:00:00Z,42.5,2023-06-22T20:00:00Z,42.3,114.2,4.8889,-177.01,114.2,177.01,1.0,True,8688;8700
ISRG,Long,73,2023-06-21T20:00:00Z,327.83,2023-06-22T20:00:00Z,323.69,-302.22,9.5098,-302.22,0.0,302.22,1.0,False,8664;8701
JNJ,Long,160,2023-06-21T20:00:00Z,149.129572,2023-06-22T20:00:00Z,149.51247,61.26,9.6126,0.0,297.57,236.3,1.0,True,8660;8702
MA,Long,65,2023-06-13T20:00:00Z,368.142029,2023-06-22T20:00:00Z,367.945849,-12.75,9.5533,-43.99,237.82,281.81,9.0,False,8560;8703
BSX,Long,445,2023-06-21T20:00:00Z,53.94,2023-06-22T20:00:00Z,54.2,115.7,9.6654,0.0,311.5,195.8,1.0,True,8692;8704
SO,Long,388,2023-06-21T20:00:00Z,61.841792,2023-06-22T20:00:00Z,63.321134,573.98,9.7673,0.0,573.98,0.0,1.0,True,8669;8705
MO,Short,707,2023-06-21T20:00:00Z,34.043352,2023-06-22T20:00:00Z,34.536734,-348.82,4.8458,-348.82,0.0,348.82,1.0,False,8668;8706
ABNB,Short,190,2023-06-21T20:00:00Z,125.09,2023-06-22T20:00:00Z,126.58,-283.1,4.8625,-545.3,0.0,545.3,1.0,False,8691;8707
PLD,Short,221,2023-06-21T20:00:00Z,108.335944,2023-06-22T20:00:00Z,108.976078,-141.47,9.5382,-141.47,298.88,440.35,1.0,False,8686;8708
SBUX,Long,257,2023-06-21T20:00:00Z,92.795854,2023-06-22T20:00:00Z,93.552242,194.39,9.6115,0.0,194.39,0.0,1.0,True,8663;8709
RTX,Long,264,2023-06-15T20:00:00Z,90.903348,2023-06-22T20:00:00Z,92.231633,350.67,9.6271,-64.21,466.73,530.94,7.0,True,8631;8710
REGN,Long,31,2023-06-21T20:00:00Z,774.471451,2023-06-22T20:00:00Z,772.985474,-46.07,4.7896,-60.5,0.0,60.5,1.0,False,8687;8711
TJX,Long,311,2023-05-22T20:00:00Z,75.899525,2023-06-22T20:00:00Z,78.342643,759.81,9.5295,-977.32,759.81,977.32,31.0,True,8262;8712
UPS,Long,168,2023-06-01T20:00:00Z,139.828135,2023-06-22T20:00:00Z,143.709699,652.1,9.514,0.0,1614.13,1071.41,21.0,True,8442;8713
ZTS,Long,146,2023-06-16T20:00:00Z,164.949235,2023-06-22T20:00:00Z,163.436027,-220.93,9.5343,-464.23,0.0,464.23,6.0,False,8647;8714
SHOP,Long,374,2023-06-21T20:00:00Z,64.16,2023-06-22T20:00:00Z,62.65,-564.74,9.4734,-564.74,0.0,564.74,1.0,False,8689;8715
SPY,Short,124,2023-04-27T20:00:00Z,389.435938,2023-06-22T20:00:00Z,417.070509,-3426.69,10.4034,-4257.47,3117.98,4448.61,56.0,False,7864;8726
VRTX,Long,70,2023-06-21T20:00:00Z,343.58,2023-06-26T20:00:00Z,351.0,519.4,9.6702,0.0,519.4,81.2,5.0,True,8666;8730
NOW,Short,220,2023-06-22T20:00:00Z,108.644,2023-06-26T20:00:00Z,108.266,83.16,9.573,0.0,231.0,147.84,4.0,True,8722;8732
TXN,Long,151,2023-06-13T20:00:00Z,160.904178,2023-06-26T20:00:00Z,153.549756,-1110.52,9.5269,-1221.98,210.54,1432.53,13.0,False,8585;8735
PG,Short,179,2023-06-13T20:00:00Z,132.810063,2023-06-26T20:00:00Z,136.001178,-571.21,9.7166,-875.31,0.0,875.31,13.0,False,8582;8736
AVGO,Long,296,2023-06-22T20:00:00Z,81.366803,2023-06-26T20:00:00Z,79.432502,-572.55,14.3105,-668.6,0.0,668.6,4.0,False,8717;8737
ABT,Short,243,2023-06-22T20:00:00Z,99.694998,2023-06-26T20:00:00Z,101.069392,-333.98,9.8494,-427.13,0.0,427.13,4.0,False,8719;8742
BMY,Long,428,2023-06-22T20:00:00Z,56.590828,2023-06-26T20:00:00Z,55.936698,-279.97,9.5845,-353.64,0.0,353.64,4.0,False,8721;8743
CB,Long,130,2023-06-22T20:00:00Z,186.714819,2023-06-26T20:00:00Z,184.53158,-283.82,9.6081,-524.07,0.0,524.07,4.0,False,8725;8744
CVS,Long,378,2023-06-13T20:00:00Z,63.245547,2023-06-26T20:00:00Z,61.768343,-558.38,9.5032,-1621.65,0.0,1621.65,13.0,False,8592;8745
GILD,Long,344,2023-06-13T20:00:00Z,68.623053,2023-06-26T20:00:00Z,69.24039,212.36,9.5622,0.0,878.73,756.25,13.0,True,8591;8746
LLY,Long,54,2023-06-22T20:00:00Z,444.768506,2023-06-26T20:00:00Z,453.478149,470.32,9.6137,-104.52,470.32,307.21,4.0,True,8716;8747
MRK,Short,239,2023-06-22T20:00:00Z,101.154396,2023-06-26T20:00:00Z,103.728576,-615.23,9.8272,-649.89,0.0,649.89,4.0,False,8718;8748
PEP,Long,146,2023-05-31T20:00:00Z,161.818483,2023-06-26T20:00:00Z,165.960848,604.79,9.5229,-192.74,749.2,530.82,26.0,True,8417;8749
SCHW,Long,467,2023-06-21T20:00:00Z,51.425402,2023-06-26T20:00:00Z,50.95703,-218.73,9.5866,-281.22,0.0,281.22,5.0,False,8665;8750
SPGI,Long,66,2023-06-21T20:00:00Z,358.597762,2023-06-26T20:00:00Z,359.868896,83.89,9.4366,-139.82,83.89,203.66,5.0,True,8685;8751
ADP,Long,121,2023-05-18T20:00:00Z,195.392228,2023-06-28T20:00:00Z,198.231594,343.56,9.5832,-477.73,1031.43,835.74,41.0,True,8235;8761
AMT,Long,144,2023-06-26T20:00:00Z,167.11502,2023-06-28T20:00:00Z,168.996358,270.91,9.8446,0.0,772.55,501.64,2.0,True,8741;8762
COP,Long,266,2023-06-26T20:00:00Z,90.826991,2023-06-28T20:00:00Z,91.425492,159.2,9.8328,0.0,566.85,407.65,2.0,True,8755;8763
NEE,Long,356,2023-06-06T20:00:00Z,67.027972,2023-06-28T20:00:00Z,67.182414,54.98,9.4969,-122.9,646.84,756.8,22.0,True,8475;8764
NFLX,Long,569,2023-06-26T20:00:00Z,42.235,2023-06-28T20:00:00Z,42.31,42.68,9.625,-299.86,426.18,383.51,2.0,True,8752;8765
NOW,Long,222,2023-06-26T20:00:00Z,108.266,2023-06-28T20:00:00Z,107.786,-106.56,9.6494,-106.56,325.9,432.46,2.0,False,8756;8766
PM,Long,288,2023-06-22T20:00:00Z,83.739163,2023-06-28T20:00:00Z,84.565825,238.08,9.7202,0.0,392.58,154.5,6.0,True,8720;8767
TJX,Long,307,2023-06-26T20:00:00Z,78.601326,2023-06-28T20:00:00Z,79.310309,217.66,9.6711,0.0,225.01,42.65,2.0,True,8757;8768
TMUS,Long,194,2023-06-21T20:00:00Z,123.815226,2023-06-28T20:00:00Z,128.777287,962.64,9.8629,0.0,966.31,282.37,7.0,True,8661;8769
ETN,Short,129,2023-06-26T20:00:00Z,186.398628,2023-06-28T20:00:00Z,189.948895,-457.98,9.6754,-457.98,0.0,457.98,2.0,False,8759;8770
VZ,Long,860,2023-06-06T20:00:00Z,27.717262,2023-06-28T20:00:00Z,29.299958,1361.12,9.883,0.0,1602.94,656.38,22.0,True,8476;8771
SPY,Short,33,2023-04-27T20:00:00Z,389.435938,2023-06-28T20:00:00Z,418.069964,-944.92,30.8661,-1133.04,829.78,1183.9,62.0,False,7864;8778
SPY,Short,181,2023-05-02T20:00:00Z,397.13389,2023-06-28T20:00:00Z,418.069964,-3789.43,14.2397,-4821.2,5944.57,6493.54,57.0,False,7915;8778
SPY,Short,154,2023-05-03T20:00:00Z,393.849814,2023-06-28T20:00:00Z,418.069964,-3729.9,12.97,-4607.76,4552.07,5524.89,56.0,False,7937;8778
ABT,Long,239,2023-06-28T20:00:00Z,100.938498,2023-06-29T20:00:00Z,100.068983,-207.81,9.6225,-207.81,0.0,207.81,1.0,False,8773;8799
AVGO,Short,305,2023-06-26T20:00:00Z,79.432502,2023-06-29T20:00:00Z,82.268001,-864.83,5.066,-1103.28,0.0,1103.28,3.0,False,8737;8800
BA,Long,117,2023-06-26T20:00:00Z,206.11,2023-06-29T20:00:00Z,210.79,547.56,9.7674,0.0,669.24,121.68,3.0,True,8754;8801
BKNG,Long,229,2023-06-28T20:00:00Z,105.420258,2023-06-29T20:00:00Z,104.382071,-237.74,9.5248,-376.53,0.0,376.53,1.0,False,8775;8802
C,Long,565,2023-06-22T20:00:00Z,42.58377,2023-06-29T20:00:00Z,41.645881,-529.91,9.4701,-611.43,0.0,611.43,7.0,False,8723;8803
CI,Long,94,2023-06-21T20:00:00Z,253.531348,2023-06-29T20:00:00Z,258.434589,460.9,9.7316,0.0,648.09,187.19,8.0,True,8690;8804
DIS,Long,267,2023-06-15T20:00:00Z,89.190119,2023-06-29T20:00:00Z,85.127649,-1084.68,9.4201,-1084.68,0.0,1084.68,14.0,False,8629;8805
UBER,Long,557,2023-06-26T20:00:00Z,43.75,2023-06-29T20:00:00Z,44.09,189.38,9.6918,-651.69,272.93,924.62,3.0,True,8758;8806
INTC,Long,747,2023-06-26T20:00:00Z,32.527007,2023-06-29T20:00:00Z,32.634809,80.53,9.7,-204.98,666.19,871.17,3.0,True,8753;8807
PGR,Short,199,2023-06-28T20:00:00Z,120.631298,2023-06-29T20:00:00Z,120.393817,47.26,9.5884,0.0,47.26,0.0,1.0,True,8777;8808
MDLZ,Long,360,2023-06-13T20:00:00Z,66.221228,2023-06-29T20:00:00Z,66.186196,-12.61,9.5465,-12.61,433.39,446.0,16.0,False,8590;8809
ORCL,Short,214,2023-06-13T20:00:00Z,117.920452,2023-06-29T20:00:00Z,110.631137,1559.91,9.601,-675.55,1559.91,882.31,16.0,True,8583;8810
PG,Long,177,2023-06-26T20:00:00Z,136.001178,2023-06-29T20:00:00Z,136.03791,6.5,4.8557,0.0,316.95,310.45,3.0,True,8736;8811
SCHW,Long,458,2023-06-28T20:00:00Z,53.002576,2023-06-29T20:00:00Z,54.312107,599.77,9.8869,0.0,739.86,140.09,1.0,True,8776;8812
T,Long,1819,2023-06-28T20:00:00Z,13.264494,2023-06-29T20:00:00Z,13.222544,-76.31,9.7031,-76.31,274.7,351.01,1.0,False,8774;8813
UNH,Long,53,2023-06-08T20:00:00Z,451.267751,2023-06-29T20:00:00Z,444.411211,-363.4,9.5654,-1211.19,455.74,1666.93,21.0,False,8531;8814
MMC,Long,140,2023-06-22T20:00:00Z,172.131938,2023-06-29T20:00:00Z,173.866431,242.83,9.7819,0.0,573.24,330.41,7.0,True,8724;8815
WFC,Long,644,2023-06-26T20:00:00Z,37.622861,2023-06-29T20:00:00Z,38.305571,439.67,9.8687,-89.12,998.16,558.49,3.0,True,8739;8816
SPY,Short,12,2023-05-03T20:00:00Z,393.849814,2023-06-29T20:00:00Z,418.925266,-300.91,18.1885,-359.05,354.71,430.51,57.0,False,7937;8832
SPY,Short,31,2023-05-04T20:00:00Z,389.598706,2023-06-29T20:00:00Z,418.925266,-909.12,2.4049,-1059.32,784.54,1059.32,56.0,False,7989;8832
SPY,Short,91,2023-05-09T20:00:00Z,393.600875,2023-06-29T20:00:00Z,418.925266,-2304.52,7.1607,-2745.42,2667.2,2818.61,51.0,False,8074;8832
SPY,Short,82,2023-05-12T20:00:00Z,395.783876,2023-06-29T20:00:00Z,418.925266,-1897.59,15.2115,-2294.89,2582.42,2539.85,48.0,False,8139;8832
ACN,Long,85,2023-06-29T20:00:00Z,280.857993,2023-06-30T20:00:00Z,288.396616,640.78,9.7727,0.0,640.78,0.0,1.0,True,8791;8833
ADP,Long,121,2023-06-29T20:00:00Z,199.10689,2023-06-30T20:00:00Z,200.415228,158.31,9.7271,0.0,411.38,253.07,1.0,True,8797;8834
AXP,Long,147,2023-06-29T20:00:00Z,164.178491,2023-06-30T20:00:00Z,167.701139,517.83,9.7955,0.0,517.83,0.0,1.0,True,8795;8835
CSCO,Long,518,2023-06-29T20:00:00Z,46.635319,2023-06-30T20:00:00Z,47.561424,479.72,9.7797,0.0,479.72,0.0,1.0,True,8789;8836
COP,Long,260,2023-06-29T20:00:00Z,92.958016,2023-06-30T20:00:00Z,94.082471,292.36,9.7454,0.0,292.36,0.0,1.0,True,8825;8837
GS,Long,83,2023-06-29T20:00:00Z,294.291201,2023-06-30T20:00:00Z,302.231479,659.04,9.9415,0.0,659.04,0.0,1.0,True,8830;8838
HON,Long,129,2023-06-29T20:00:00Z,186.213843,2023-06-30T20:00:00Z,191.773292,717.17,9.8638,0.0,717.17,0.0,1.0,True,8824;8839
ISRG,Short,72,2023-06-29T20:00:00Z,335.0,2023-06-30T20:00:00Z,341.14,-442.08,9.7982,-499.68,0.0,499.68,1.0,False,8826;8840
SO,Short,392,2023-06-29T20:00:00Z,60.899592,2023-06-30T20:00:00Z,61.137343,-93.2,9.625,-376.25,0.0,376.25,1.0,False,8798;8841
MS,Long,318,2023-06-29T20:00:00Z,77.025918,2023-06-30T20:00:00Z,77.776112,238.56,9.8092,0.0,238.56,0.0,1.0,True,8794;8842
NFLX,Long,562,2023-06-29T20:00:00Z,43.42,2023-06-30T20:00:00Z,43.11,-174.22,9.7645,-174.22,353.5,527.72,1.0,False,8823;8843
ADI,Long,134,2023-06-29T20:00:00Z,180.268225,2023-06-30T20:00:00Z,181.388965,150.18,9.7818,0.0,637.63,487.45,1.0,True,8796;8844
REGN,Short,34,2023-06-29T20:00:00Z,690.256176,2023-06-30T20:00:00Z,702.223245,-406.88,9.6126,-733.26,0.0,733.26,1.0,False,8831;8845
TMO,Long,47,2023-06-29T20:00:00Z,504.741645,2023-06-30T20:00:00Z,511.154833,301.42,9.6393,0.0,546.56,245.14,1.0,True,8790;8846
TMUS,Long,187,2023-06-29T20:00:00Z,128.493741,2023-06-30T20:00:00Z,129.731893,231.53,9.7471,0.0,521.39,289.86,1.0,True,8792;8847
VZ,Long,817,2023-06-29T20:00:00Z,29.557046,2023-06-30T20:00:00Z,29.725759,137.84,9.738,0.0,262.55,124.71,1.0,True,8793;8848
SPY,Short,111,2023-05-12T20:00:00Z,395.783876,2023-06-30T20:00:00Z,424.210844,-3155.39,22.0667,-3353.8,3495.72,3685.39,49.0,False,8139;8857
SPY,Short,148,2023-05-15T20:00:00Z,394.673226,2023-06-30T20:00:00Z,424.210844,-4371.57,20.8792,-4636.12,4496.58,4913.85,46.0,False,8158;8857
MDT,Short,311,2023-06-29T20:00:00Z,77.243388,2023-07-05T20:00:00Z,77.97142,-226.42,9.7075,-603.78,0.0,603.78,6.0,False,8827;8887
CAT,Long,103,2023-06-30T20:00:00Z,235.229111,2023-07-05T20:00:00Z,233.731323,-154.27,9.647,-170.98,72.22,243.2,5.0,False,8851;8888
CRM,Long,116,2023-06-29T20:00:00Z,207.930562,2023-07-05T20:00:00Z,206.546975,-160.5,9.6582,-160.5,218.55,379.04,6.0,False,8822;8889
CVX,Short,182,2023-06-26T20:00:00Z,132.591468,2023-07-05T20:00:00Z,137.693828,-928.63,9.8711,-928.63,0.0,928.63,9.0,False,8738;8890
DE,Short,62,2023-06-30T20:00:00Z,389.091648,2023-07-05T20:00:00Z,388.938111,9.52,9.6365,-69.01,48.19,69.01,5.0,True,8852;8891
GILD,Long,353,2023-06-30T20:00:00Z,68.916037,2023-07-05T20:00:00Z,68.988115,25.44,9.8155,0.0,238.53,213.09,5.0,True,8855;8892
HD,Short,83,2023-06-28T20:00:00Z,286.991008,2023-07-05T20:00:00Z,285.666179,109.96,9.4278,0.0,314.61,227.56,7.0,True,8772;8893
KO,Short,438,2023-06-29T20:00:00Z,54.831814,2023-07-05T20:00:00Z,54.859116,-11.96,9.6504,-310.92,11.96,322.88,6.0,False,8821;8894
LLY,Long,53,2023-06-29T20:00:00Z,448.73721,2023-07-05T20:00:00Z,452.588612,204.12,9.6386,0.0,513.94,407.21,6.0,True,8819;8895
LMT,Short,57,2023-06-30T20:00:00Z,421.143562,2023-07-05T20:00:00Z,423.280276,-121.79,9.6508,-184.0,0.0,184.0,5.0,False,8853;8896
MA,Long,64,2023-06-29T20:00:00Z,373.576222,2023-07-05T20:00:00Z,381.384196,499.71,9.8235,0.0,871.35,371.64,6.0,True,8820;8897
BSX,Short,453,2023-06-30T20:00:00Z,53.79,2023-07-05T20:00:00Z,53.1,312.57,9.725,0.0,312.57,0.0,5.0,True,8856;8898
NOW,Short,220,2023-06-29T20:00:00Z,109.994,2023-07-05T20:00:00Z,111.28,-282.92,9.8018,-694.76,0.0,694.76,6.0,False,8829;8899
NVDA,Long,589,2023-06-29T20:00:00Z,41.422404,2023-07-05T20:00:00Z,42.008584,345.26,9.7635,0.0,505.56,160.3,6.0,True,8817;8900
PLD,Short,222,2023-06-29T20:00:00Z,108.408071,2023-07-05T20:00:00Z,111.12188,-602.47,9.8272,-750.58,0.0,750.58,6.0,False,8828;8901
SPGI,Short,66,2023-06-30T20:00:00Z,368.619451,2023-07-05T20:00:00Z,364.234962,289.38,9.7329,0.0,289.38,162.93,5.0,True,8850;8902
T,Short,1802,2023-06-30T20:00:00Z,13.423902,2023-07-05T20:00:00Z,13.474242,-90.71,9.6805,-166.31,0.0,166.31,5.0,False,8854;8903
UNP,Long,129,2023-06-26T20:00:00Z,186.705616,2023-07-05T20:00:00Z,190.437309,481.39,9.7296,0.0,655.46,261.7,9.0,True,8740;8904
V,Long,108,2023-06-29T20:00:00Z,223.387208,2023-07-05T20:00:00Z,228.694568,573.19,9.9839,0.0,1104.24,531.05,6.0,True,8818;8905
AMGN,Short,118,2023-07-05T20:00:00Z,203.696504,2023-07-06T20:00:00Z,203.932242,-27.82,9.6046,-27.82,179.74,207.56,1.0,False,8882;8911
FB,Long,85,2023-07-05T20:00:00Z,285.069699,2023-07-06T20:00:00Z,293.191907,690.39,9.8736,0.0,690.39,0.0,1.0,True,8877;8912
INTC,Long,749,2023-06-30T20:00:00Z,32.67401,2023-07-06T20:00:00Z,31.223574,-1086.38,9.6027,-1086.38,205.53,1291.91,6.0,False,8849;8913
NKE,Long,238,2023-07-05T20:00:00Z,100.971881,2023-07-06T20:00:00Z,97.876352,-736.74,9.3895,-778.77,0.0,778.77,1.0,False,8908;8914
UNH,Long,54,2023-07-05T20:00:00Z,445.299883,2023-07-06T20:00:00Z,439.546897,-310.66,9.5025,-336.93,0.0,336.93,1.0,False,8878;8915
PANW,Short,189,2023-07-05T20:00:00Z,126.805,2023-07-06T20:00:00Z,127.035,-43.47,9.6617,-43.47,24.57,68.04,1.0,False,8885;8916
XOM,Short,250,2023-07-05T20:00:00Z,96.735853,2023-07-06T20:00:00Z,94.470923,566.23,9.4305,0.0,1053.82,487.59,1.0,True,8879;8917
GS,Long,79,2023-07-05T20:00:00Z,300.496862,2023-07-07T20:00:00Z,290.525134,-787.77,9.3099,-802.42,0.0,802.42,2.0,False,8883;8921
SCHW,Long,438,2023-07-05T20:00:00Z,54.713569,2023-07-07T20:00:00Z,53.346686,-598.69,9.5021,-598.69,0.0,598.69,2.0,False,8884;8922
WMT,Short,474,2023-07-05T20:00:00Z,50.919402,2023-07-07T20:00:00Z,50.150139,364.63,9.5079,0.0,718.58,353.95,2.0,True,8906;8923
ZTS,Short,148,2023-07-06T20:00:00Z,160.495807,2023-07-07T20:00:00Z,160.419189,11.34,9.5141,0.0,62.37,51.03,1.0,True,8920;8924
ANTM,Long,57,2023-07-07T20:00:00Z,412.926018,2023-07-11T20:00:00Z,409.314337,-205.87,9.3404,-205.87,0.0,205.87,4.0,False,8927;8944
DIS,Long,275,2023-07-05T20:00:00Z,87.36734,2023-07-11T20:00:00Z,85.466996,-522.59,9.5603,-535.93,0.0,535.93,6.0,False,8909;8945
GILD,Long,351,2023-07-07T20:00:00Z,68.168222,2023-07-11T20:00:00Z,67.979016,-66.41,9.5215,-66.41,145.47,211.88,4.0,False,8931;8946
IBM,Long,202,2023-07-07T20:00:00Z,118.77454,2023-07-11T20:00:00Z,120.414922,331.36,9.7048,0.0,484.29,152.93,4.0,True,8926;8947
MDLZ,Long,361,2023-07-07T20:00:00Z,66.708791,2023-07-11T20:00:00Z,66.011998,-251.54,9.4587,-618.93,0.0,618.93,4.0,False,8929;8948
AMAT,Long,176,2023-07-11T20:00:00Z,136.635661,2023-07-12T20:00:00Z,135.690187,-166.4,9.485,-221.3,0.0,221.3,1.0,False,8939;8951
BKNG,Long,226,2023-07-11T20:00:00Z,107.058615,2023-07-12T20:00:00Z,109.570268,567.63,9.8406,0.0,567.63,0.0,1.0,True,8942;8952
BLK,Long,38,2023-07-07T20:00:00Z,629.861932,2023-07-12T20:00:00Z,671.083214,1566.41,9.9518,0.0,1683.92,117.51,5.0,True,8928;8953
FB,Long,82,2023-07-11T20:00:00Z,291.200976,2023-07-12T20:00:00Z,298.808117,623.79,9.8706,0.0,1246.76,622.97,1.0,True,8936;8954
HON,Long,126,2023-07-06T20:00:00Z,189.316791,2023-07-12T20:00:00Z,194.045094,595.77,9.6021,-200.14,595.77,200.14,6.0,True,8919;8955
JNJ,Long,166,2023-07-11T20:00:00Z,145.072679,2023-07-12T20:00:00Z,144.616848,-75.67,9.5859,-158.9,0.0,158.9,1.0,False,8937;8956
SCHW,Long,436,2023-07-11T20:00:00Z,55.440025,2023-07-12T20:00:00Z,55.554729,50.01,9.6679,0.0,170.87,120.86,1.0,True,8941;8957
TJX,Long,302,2023-07-07T20:00:00Z,79.521088,2023-07-12T20:00:00Z,82.539057,911.43,9.7201,0.0,911.43,0.0,5.0,True,8930;8958
TXN,Long,147,2023-07-11T20:00:00Z,163.884222,2023-07-12T20:00:00Z,164.841117,140.66,9.6774,0.0,340.27,199.61,1.0,True,8950;8959
XOM,Long,256,2023-07-11T20:00:00Z,94.605741,2023-07-12T20:00:00Z,96.16962,400.35,9.7778,0.0,400.35,0.0,1.0,True,8949;8960
CSCO,Long,508,2023-07-05T20:00:00Z,47.053631,2023-07-12T20:00:00Z,47.607964,281.6,14.2857,-89.17,558.51,647.68,7.0,True,8880;8962
SPY,Short,116,2023-05-15T20:00:00Z,394.673226,2023-07-12T20:00:00Z,428.977474,-3979.29,17.6596,-3979.29,3524.34,4196.98,58.0,False,8158;8972
SPY,Short,83,2023-05-17T20:00:00Z,394.835994,2023-07-12T20:00:00Z,428.977474,-2833.74,6.5996,-2833.74,2535.24,2936.26,56.0,False,8203;8972
SPY,Short,7,2023-06-26T20:00:00Z,415.78275,2023-07-12T20:00:00Z,428.977474,-92.36,3.8974,-92.36,360.44,92.36,16.0,False,8760;8972
AMD,Long,216,2023-07-12T20:00:00Z,112.74,2023-07-13T20:00:00Z,115.74,648.0,9.9576,0.0,686.88,38.88,1.0,True,8963;8973
ANTM,Long,58,2023-07-12T20:00:00Z,404.773668,2023-07-13T20:00:00Z,393.199226,-671.32,9.1462,-671.32,0.0,671.32,1.0,False,8970;8974
CSCO,Short,500,2023-07-12T20:00:00Z,47.607964,2023-07-13T20:00:00Z,46.822659,392.65,4.7608,0.0,392.65,0.0,1.0,True,8962;8975
GS,Long,82,2023-07-11T20:00:00Z,295.747537,2023-07-13T20:00:00Z,304.54121,721.08,9.8816,0.0,749.22,28.14,2.0,True,8940;8976
INTC,Long,738,2023-07-12T20:00:00Z,32.997418,2023-07-13T20:00:00Z,33.47763,354.4,9.8146,0.0,354.4,0.0,1.0,True,8965;8977
INTU,Short,53,2023-07-12T20:00:00Z,461.230273,2023-07-13T20:00:00Z,468.936001,-408.4,9.9196,-470.52,0.0,470.52,1.0,False,8967;8978
MDLZ,Long,371,2023-07-12T20:00:00Z,65.287699,2023-07-13T20:00:00Z,65.416056,47.62,9.7438,0.0,210.89,163.27,1.0,True,8971;8979
NKE,Long,241,2023-07-12T20:00:00Z,100.516383,2023-07-13T20:00:00Z,101.390196,210.59,9.6602,-64.97,210.59,64.97,1.0,True,8964;8980
RTX,Long,266,2023-07-13T20:00:00Z,90.351455,2023-07-14T20:00:00Z,90.819161,124.41,9.6214,-104.5,124.41,104.5,1.0,True,8984;8994
SCHW,Long,431,2023-07-13T20:00:00Z,56.281184,2023-07-14T20:00:00Z,57.600274,568.53,9.7597,-148.31,568.53,148.31,1.0,True,8990;8995
T,Long,1855,2023-07-12T20:00:00Z,13.013825,2023-07-14T20:00:00Z,12.61248,-744.49,9.3901,-1172.18,0.0,1172.18,2.0,False,8969;8996
TJX,Long,294,2023-07-13T20:00:00Z,81.763008,2023-07-14T20:00:00Z,81.11151,-191.54,9.5697,-191.54,0.0,191.54,1.0,False,8992;8997
VZ,Long,845,2023-07-13T20:00:00Z,28.458393,2023-07-14T20:00:00Z,28.131285,-276.41,9.4876,-545.9,0.0,545.9,1.0,False,8983;8998
SPY,Short,40,2023-06-26T20:00:00Z,415.78275,2023-07-14T20:00:00Z,432.994513,-688.47,44.4717,-688.47,2059.67,688.47,18.0,False,8760;9007
SPY,Short,269,2023-07-05T20:00:00Z,424.691351,2023-07-14T20:00:00Z,432.994513,-2233.55,22.911,-2233.55,16247.71,3104.74,9.0,False,8886;9007
SPY,Short,95,2023-07-05T20:00:00Z,424.691351,2023-07-14T20:00:00Z,432.994513,-788.8,8.0912,-788.8,5738.04,1096.47,9.0,False,8910;9007
SPY,Short,111,2023-07-07T20:00:00Z,421.539225,2023-07-14T20:00:00Z,432.994513,-1271.54,25.7929,-1271.54,6354.56,1271.54,7.0,False,8932;9007
JPM,Long,174,2023-07-12T20:00:00Z,138.032708,2023-07-18T20:00:00Z,143.583972,965.92,9.8322,0.0,1011.53,45.61,6.0,True,8961;9008
LLY,Long,53,2023-07-06T20:00:00Z,451.855477,2023-07-18T20:00:00Z,436.899525,-792.67,9.4776,-1430.94,0.0,1430.94,12.0,False,8918;9009
ABNB,Short,171,2023-07-14T20:00:00Z,140.25,2023-07-18T20:00:00Z,144.0,-641.25,9.9136,-1073.88,0.0,1073.88,4.0,False,9006;9010
ADI,Long,127,2023-07-14T20:00:00Z,187.125636,2023-07-18T20:00:00Z,185.20708,-243.66,9.3716,-243.66,0.0,243.66,4.0,False,9005;9011
TXN,Long,144,2023-07-13T20:00:00Z,167.228798,2023-07-18T20:00:00Z,166.253676,-140.42,9.6271,-347.76,23.62,347.76,5.0,False,8982;9012
IBM,Short,198,2023-07-18T20:00:00Z,121.415376,2023-07-19T20:00:00Z,122.091358,-133.84,9.6668,-137.41,0.0,137.41,1.0,False,9016;9021
SBUX,Short,258,2023-07-18T20:00:00Z,92.924994,2023-07-19T20:00:00Z,92.814303,28.56,9.6427,-259.4,28.56,259.4,1.0,True,9017;9022
SPY,Short,159,2023-07-07T20:00:00Z,421.539225,2023-07-19T20:00:00Z,437.271026,-2501.36,13.911,-2530.39,9102.48,2530.39,12.0,False,8932;9042
BKNG,Long,221,2023-07-13T20:00:00Z,110.382999,2023-07-19T20:00:00Z,116.457385,1342.44,9.952,0.0,1352.37,463.97,6.0,True,8991;9043
BLK,Long,35,2023-07-13T20:00:00Z,680.555101,2023-07-19T20:00:00Z,687.138991,230.44,9.6666,-162.51,469.0,238.56,6.0,True,8989;9044
INTC,Long,724,2023-07-14T20:00:00Z,33.08562,2023-07-19T20:00:00Z,33.722636,461.2,9.5944,0.0,525.06,63.86,5.0,True,9003;9045
SCHW,Long,429,2023-07-18T20:00:00Z,61.796511,2023-07-19T20:00:00Z,64.874388,1320.41,10.8298,0.0,1320.41,0.0,1.0,True,9018;9046
SPGI,Short,64,2023-07-13T20:00:00Z,377.64634,2023-07-19T20:00:00Z,390.283984,-808.81,9.8396,-808.81,0.0,808.81,6.0,False,8986;9047
TMO,Long,47,2023-07-05T20:00:00Z,514.866169,2023-07-19T20:00:00Z,521.55647,314.44,9.8254,-302.35,712.62,398.17,14.0,True,8907;9048
TMUS,Long,183,2023-07-05T20:00:00Z,131.215785,2023-07-19T20:00:00Z,132.03807,150.48,9.587,-216.2,356.3,572.51,14.0,True,8881;9049
UNH,Long,57,2023-07-14T20:00:00Z,430.407599,2023-07-19T20:00:00Z,474.775755,2528.98,10.4921,0.0,2528.98,0.0,5.0,True,8999;9050
VZ,Long,935,2023-07-18T20:00:00Z,26.168637,2023-07-19T20:00:00Z,27.550668,1292.2,10.1296,0.0,1506.29,214.09,1.0,True,9015;9051
SHOP,Short,350,2023-07-18T20:00:00Z,68.3,2023-07-19T20:00:00Z,67.77,185.5,9.4843,0.0,185.5,0.0,1.0,True,9019;9052
SPY,Short,36,2023-07-07T20:00:00Z,421.539225,2023-07-19T20:00:00Z,437.271026,-566.34,11.1988,-572.92,2060.94,572.92,12.0,False,8932;9063
SPY,Short,92,2023-07-11T20:00:00Z,423.326711,2023-07-19T20:00:00Z,437.271026,-1282.88,11.3106,-1299.68,5431.29,1299.68,8.0,False,8943;9063
AMGN,Short,113,2023-07-19T20:00:00Z,211.240147,2023-07-20T20:00:00Z,211.992698,-85.04,9.5341,-85.04,0.0,85.04,1.0,False,9033;9064
AMT,Short,143,2023-07-19T20:00:00Z,169.941527,2023-07-20T20:00:00Z,164.55856,769.76,9.6223,0.0,769.76,0.0,1.0,True,9062;9065
BA,Short,110,2023-07-12T20:00:00Z,219.26,2023-07-20T20:00:00Z,208.8,1150.6,9.4758,0.0,1172.6,551.1,8.0,True,8966;9066
HON,Long,126,2023-07-19T20:00:00Z,188.194743,2023-07-20T20:00:00Z,190.498867,290.32,9.616,0.0,486.97,196.65,1.0,True,9030;9067
LMT,Short,57,2023-07-19T20:00:00Z,417.768838,2023-07-20T20:00:00Z,415.824703,110.82,9.4867,-23.52,110.82,23.52,1.0,True,9036;9068
MS,Long,289,2023-07-19T20:00:00Z,82.638813,2023-07-20T20:00:00Z,84.157278,438.84,9.7678,0.0,621.68,182.85,1.0,True,9056;9069
ABNB,Short,164,2023-07-19T20:00:00Z,145.94,2023-07-20T20:00:00Z,143.59,385.4,9.5387,0.0,385.4,0.0,1.0,True,9040;9070
ADI,Long,128,2023-07-19T20:00:00Z,187.41057,2023-07-20T20:00:00Z,182.243767,-661.35,9.3717,-932.46,0.0,932.46,1.0,False,9059;9071
PFE,Long,830,2023-07-07T20:00:00Z,28.949245,2023-07-20T20:00:00Z,29.715789,636.23,9.7858,0.0,859.59,311.35,13.0,True,8925;9072
PLD,Short,215,2023-07-19T20:00:00Z,113.078346,2023-07-20T20:00:00Z,111.879221,257.81,9.558,0.0,321.78,63.97,1.0,True,9035;9073
LRCX,Short,376,2023-07-19T20:00:00Z,63.447194,2023-07-20T20:00:00Z,61.234881,831.83,9.1822,0.0,1350.31,518.48,1.0,True,9041;9074
SYK,Long,83,2023-07-19T20:00:00Z,287.466527,2023-07-20T20:00:00Z,287.165464,-24.99,9.5202,-24.99,3.22,28.21,1.0,False,9058;9075
TXN,Long,143,2023-07-19T20:00:00Z,167.310818,2023-07-20T20:00:00Z,164.503926,-401.39,9.4766,-478.27,0.0,478.27,1.0,False,9028;9076
UPS,Long,155,2023-07-19T20:00:00Z,154.310961,2023-07-20T20:00:00Z,155.805154,231.6,9.6488,0.0,270.42,38.82,1.0,True,9055;9077
MDT,Short,308,2023-07-19T20:00:00Z,77.611898,2023-07-20T20:00:00Z,78.420823,-249.15,14.7264,-830.5,0.0,830.5,1.0,False,9037;9083
T,Long,2092,2023-07-19T20:00:00Z,12.236752,2023-07-20T20:00:00Z,12.475852,500.2,15.3063,0.0,589.52,89.32,1.0,True,9038;9086
SPY,Short,41,2023-07-11T20:00:00Z,423.326711,2023-07-24T20:00:00Z,435.733403,-508.67,8.468,-579.2,2420.47,579.2,13.0,False,8943;9090
SPY,Short,56,2023-07-13T20:00:00Z,430.438215,2023-07-24T20:00:00Z,435.733403,-296.53,4.8388,-392.86,3704.25,392.86,11.0,False,8993;9090
ADP,Short,110,2023-07-19T20:00:00Z,216.686527,2023-07-24T20:00:00Z,218.713529,-222.97,9.6654,-437.83,0.0,437.83,5.0,False,9039;9091
DIS,Long,288,2023-07-19T20:00:00Z,83.576348,2023-07-24T20:00:00Z,84.846476,365.8,9.6972,-5.58,365.8,161.96,5.0,True,9029;9092
GS,Long,76,2023-07-20T20:00:00Z,315.013843,2023-07-24T20:00:00Z,327.286025,932.69,10.0077,0.0,1362.72,430.04,4.0,True,9084;9093
INTU,Long,49,2023-07-19T20:00:00Z,492.102015,2023-07-24T20:00:00Z,484.992041,-348.39,9.4664,-735.54,0.0,735.54,5.0,False,9057;9094
NKE,Long,238,2023-07-18T20:00:00Z,100.934698,2023-07-24T20:00:00Z,102.635844,404.87,9.6678,-232.3,404.87,519.92,6.0,True,9014;9095
NOW,Short,201,2023-07-19T20:00:00Z,122.18,2023-07-24T20:00:00Z,117.3,980.88,9.4976,0.0,1320.97,340.09,5.0,True,9034;9096
TMO,Long,45,2023-07-20T20:00:00Z,531.789859,2023-07-24T20:00:00Z,554.22612,1009.63,9.8851,0.0,1522.69,513.06,4.0,True,9078;9097
WFC,Long,571,2023-07-19T20:00:00Z,42.374155,2023-07-24T20:00:00Z,42.411058,21.07,9.7668,0.0,626.88,611.08,5.0,True,9054;9098
WMT,Long,484,2023-07-14T20:00:00Z,49.606183,2023-07-24T20:00:00Z,50.999869,674.54,9.782,0.0,806.96,132.42,10.0,True,9000;9099
SHOP,Short,354,2023-07-20T20:00:00Z,67.2,2023-07-24T20:00:00Z,67.0,70.8,9.318,0.0,577.02,506.22,4.0,True,9089;9100
MDT,Long,312,2023-07-20T20:00:00Z,78.420823,2023-07-24T20:00:00Z,80.074627,515.99,9.8446,0.0,515.99,56.09,4.0,True,9083;9112
AMAT,Short,170,2023-07-19T20:00:00Z,140.58326,2023-07-24T20:00:00Z,134.345079,1060.49,14.2192,0.0,1688.5,714.17,5.0,True,9032;9113
ANTM,Short,54,2023-07-24T20:00:00Z,447.402876,2023-07-25T20:00:00Z,448.322385,-49.65,9.6953,-198.61,0.0,198.61,1.0,False,9114;9118
BA,Short,115,2023-07-24T20:00:00Z,211.84,2023-07-25T20:00:00Z,214.2,-271.4,9.8898,-271.4,0.0,271.4,1.0,False,9109;9119
INTC,Long,732,2023-07-24T20:00:00Z,33.173823,2023-07-25T20:00:00Z,33.007218,-121.95,9.7176,-121.95,179.34,301.3,1.0,False,9108;9121
ISRG,Short,69,2023-07-20T20:00:00Z,350.05,2023-07-25T20:00:00Z,322.76,1883.01,9.3641,0.0,1883.01,506.46,5.0,True,9082;9122
JNJ,Long,167,2023-07-13T20:00:00Z,144.042501,2023-07-25T20:00:00Z,155.602368,1930.5,14.9883,0.0,2190.84,260.34,12.0,True,8981;9129
LLY,Short,54,2023-07-24T20:00:00Z,451.611098,2023-07-25T20:00:00Z,447.466442,223.81,14.5139,0.0,226.45,2.64,1.0,True,9102;9130
AMAT,Long,183,2023-07-24T20:00:00Z,134.345079,2023-07-25T20:00:00Z,134.998138,119.51,4.9966,0.0,397.77,278.26,1.0,True,9113;9140
AMT,Short,146,2023-07-24T20:00:00Z,167.241042,2023-07-25T20:00:00Z,171.930885,-684.72,9.9256,-684.72,0.0,684.72,1.0,False,9116;9141
BLK,Short,34,2023-07-20T20:00:00Z,690.909174,2023-07-25T20:00:00Z,698.830272,-269.32,9.4523,-396.56,0.0,396.56,5.0,False,9085;9142
CVS,Short,375,2023-07-19T20:00:00Z,64.926198,2023-07-25T20:00:00Z,67.55438,-985.57,9.995,-1052.45,0.0,1052.45,6.0,False,9061;9143
COP,Short,247,2023-07-12T20:00:00Z,98.516816,2023-07-25T20:00:00Z,103.712889,-1283.43,10.1012,-1688.84,492.77,2181.61,13.0,False,8968;9144
DHR,Long,123,2023-07-24T20:00:00Z,195.922668,2023-07-25T20:00:00Z,191.890034,-496.01,9.7622,-496.01,198.6,694.61,1.0,False,9105;9145
VRTX,Short,67,2023-07-20T20:00:00Z,360.7,2023-07-25T20:00:00Z,355.0,381.9,9.6464,-117.92,381.9,117.92,5.0,True,9088;9146
LOW,Short,111,2023-07-19T20:00:00Z,215.171355,2023-07-25T20:00:00Z,218.852881,-408.65,9.695,-567.55,0.0,567.55,6.0,False,9031;9147
NEE,Long,358,2023-07-14T20:00:00Z,66.755426,2023-07-25T20:00:00Z,68.826771,741.54,9.6687,-465.09,787.07,465.09,11.0,True,9002;9148
SCHW,Short,384,2023-07-24T20:00:00Z,63.74647,2023-07-25T20:00:00Z,63.478829,102.77,9.6902,0.0,458.81,356.04,1.0,True,9111;9149
MSFT,Short,68,2023-07-19T20:00:00Z,352.500112,2023-07-25T20:00:00Z,338.342385,962.73,9.3628,0.0,1176.89,478.05,6.0,True,9053;9150
TMUS,Long,185,2023-07-20T20:00:00Z,130.762111,2023-07-25T20:00:00Z,134.504923,692.42,9.8817,0.0,720.4,27.98,5.0,True,9079;9151
UPS,Long,156,2023-07-24T20:00:00Z,155.028841,2023-07-25T20:00:00Z,156.664942,255.23,9.7165,-127.62,255.23,127.62,1.0,True,9107;9152
GS,Short,73,2023-07-25T20:00:00Z,331.070644,2023-07-26T20:00:00Z,328.825846,163.87,9.6461,-44.01,163.87,44.01,1.0,True,9156;9162
ISRG,Long,75,2023-07-25T20:00:00Z,322.76,2023-07-26T20:00:00Z,328.27,413.25,9.904,0.0,495.75,82.5,1.0,True,9157;9163
LIN,Long,65,2023-07-25T20:00:00Z,370.193437,2023-07-26T20:00:00Z,371.392405,77.93,9.7167,0.0,140.9,62.97,1.0,True,9131;9164
MO,Short,681,2023-07-25T20:00:00Z,35.633138,2023-07-26T20:00:00Z,35.58615,32.0,9.7097,-37.33,32.0,37.33,1.0,True,9160;9165
ADI,Short,133,2023-07-24T20:00:00Z,181.825864,2023-07-26T20:00:00Z,182.291256,-61.9,9.6987,-533.07,0.0,533.07,2.0,False,9115;9166
TXN,Long,145,2023-07-24T20:00:00Z,168.213033,2023-07-26T20:00:00Z,161.168463,-1021.46,9.5114,-1133.78,198.21,1332.0,2.0,False,9106;9167
INTU,Short,51,2023-07-25T20:00:00Z,477.374212,2023-07-26T20:00:00Z,481.192893,-194.75,14.7479,-401.96,0.0,401.96,1.0,False,9155;9171
RTX,Long,268,2023-07-25T20:00:00Z,80.164817,2023-07-26T20:00:00Z,81.212479,280.77,13.5052,0.0,280.77,0.0,1.0,True,9133;9173
SPY,Short,93,2023-07-25T20:00:00Z,436.17547,2023-07-26T20:00:00Z,436.771298,-55.41,31.9522,-146.57,0.0,146.57,1.0,False,9161;9180
ADBE,Short,46,2023-07-14T20:00:00Z,517.34,2023-07-27T20:00:00Z,523.16,-267.72,9.465,-684.94,155.02,684.94,13.0,False,9001;9181
AMD,Short,215,2023-07-26T20:00:00Z,112.0,2023-07-27T20:00:00Z,111.73,58.05,9.5112,0.0,193.5,135.45,1.0,True,9169;9182
MDT,Short,305,2023-07-24T20:00:00Z,80.074627,2023-07-27T20:00:00Z,81.791346,-523.6,4.8528,-523.6,159.0,682.6,3.0,False,9112;9183
BA,Short,113,2023-07-26T20:00:00Z,222.06,2023-07-27T20:00:00Z,235.5,-1518.72,10.544,-1518.72,0.0,1518.72,1.0,False,9172;9184
BLK,Short,35,2023-07-26T20:00:00Z,690.194139,2023-07-27T20:00:00Z,692.859268,-93.28,9.57,-93.28,460.87,554.15,1.0,False,9174;9185
CB,Short,129,2023-07-26T20:00:00Z,197.362898,2023-07-27T20:00:00Z,198.569425,-155.64,10.3042,-628.74,0.0,628.74,1.0,False,9179;9186
CVS,Short,360,2023-07-26T20:00:00Z,67.393855,2023-07-27T20:00:00Z,67.170903,80.26,9.6681,0.0,80.26,0.0,1.0,True,9175;9187
DE,Short,57,2023-07-20T20:00:00Z,421.05614,2023-07-27T20:00:00Z,415.979822,289.35,9.4982,-412.97,555.73,514.16,7.0,True,9080;9188
FB,Long,84,2023-07-25T20:00:00Z,292.389592,2023-07-27T20:00:00Z,321.91679,2480.28,10.0872,0.0,2480.28,0.0,2.0,True,9153;9189
BDX,Short,116,2023-07-26T20:00:00Z,208.461324,2023-07-27T20:00:00Z,209.175913,-82.89,9.6803,-82.89,0.0,82.89,1.0,False,9178;9190
MRK,Long,242,2023-07-11T20:00:00Z,99.232825,2023-07-27T20:00:00Z,97.202486,-491.34,9.3877,-919.07,201.8,1120.87,16.0,False,8938;9191
NOW,Short,210,2023-07-25T20:00:00Z,115.8,2023-07-27T20:00:00Z,119.832,-846.72,9.5951,-846.72,802.62,1649.34,2.0,False,9135;9192
PM,Long,283,2023-07-25T20:00:00Z,85.515608,2023-07-27T20:00:00Z,86.623688,313.59,9.7446,0.0,333.5,19.91,2.0,True,9132;9193
UNP,Short,122,2023-07-14T20:00:00Z,195.769628,2023-07-27T20:00:00Z,219.108993,-2847.4,10.061,-3136.91,57.9,3194.81,13.0,False,9004;9194
DHR,Long,123,2023-07-26T20:00:00Z,196.463443,2023-07-27T20:00:00Z,204.204246,952.12,14.539,0.0,952.12,0.0,1.0,True,9168;9196
INTU,Long,50,2023-07-26T20:00:00Z,481.192893,2023-07-27T20:00:00Z,492.355943,558.15,9.6987,0.0,558.15,0.0,1.0,True,9171;9201
AMGN,Short,114,2023-07-24T20:00:00Z,213.071656,2023-07-28T20:00:00Z,214.721828,-188.12,9.7531,-188.12,0.0,188.12,4.0,False,9110;9210
ANTM,Short,54,2023-07-27T20:00:00Z,446.42649,2023-07-28T20:00:00Z,445.630214,43.0,9.6003,0.0,199.64,156.64,1.0,True,9204;9211
AXP,Short,142,2023-07-13T20:00:00Z,169.415812,2023-07-28T20:00:00Z,159.632537,1389.23,9.3159,-359.31,1623.73,637.7,15.0,True,8988;9212
BMY,Short,445,2023-07-13T20:00:00Z,54.184634,2023-07-28T20:00:00Z,52.734501,645.31,9.5591,-900.34,645.31,1112.87,15.0,True,8985;9213
CSCO,Short,502,2023-07-24T20:00:00Z,48.698152,2023-07-28T20:00:00Z,48.097625,301.46,9.7582,-412.77,301.46,412.77,4.0,True,9104;9214
CVX,Short,172,2023-07-25T20:00:00Z,141.433229,2023-07-28T20:00:00Z,138.637415,480.88,9.6588,0.0,480.88,0.0,3.0,True,9154;9215
DHR,Short,118,2023-07-27T20:00:00Z,204.204246,2023-07-28T20:00:00Z,198.649718,655.43,4.7416,0.0,655.43,0.0,1.0,True,9196;9216
HON,Short,126,2023-07-27T20:00:00Z,188.36559,2023-07-28T20:00:00Z,182.538327,734.24,9.111,0.0,1033.28,299.05,1.0,True,9202;9217
MO,Short,680,2023-07-27T20:00:00Z,35.758442,2023-07-28T20:00:00Z,35.781936,-15.98,9.7018,-15.98,90.53,106.51,1.0,False,9209;9218
ADI,Short,133,2023-07-27T20:00:00Z,185.68197,2023-07-28T20:00:00Z,188.331856,-352.43,9.9508,-368.86,0.0,368.86,1.0,False,9207;9219
SLB,Short,456,2023-07-27T20:00:00Z,53.442711,2023-07-28T20:00:00Z,52.659094,357.33,9.5991,0.0,357.33,0.0,1.0,True,9208;9220
RTX,Short,298,2023-07-26T20:00:00Z,81.212479,2023-07-28T20:00:00Z,79.977735,367.95,4.8693,-144.95,459.94,604.89,2.0,True,9173;9221
SPGI,Short,62,2023-07-25T20:00:00Z,388.17464,2023-07-28T20:00:00Z,366.611429,1336.92,9.3623,-399.19,1671.01,399.19,3.0,True,9134;9222
SYK,Short,86,2023-07-25T20:00:00Z,281.241323,2023-07-28T20:00:00Z,275.550263,489.43,9.5867,-31.74,632.25,142.82,3.0,True,9137;9223
UPS,Long,157,2023-07-26T20:00:00Z,152.967021,2023-07-28T20:00:00Z,157.149094,656.59,9.7578,0.0,656.59,0.0,2.0,True,9170;9224
XOM,Long,264,2023-07-18T20:00:00Z,90.480334,2023-07-28T20:00:00Z,94.461936,1051.14,9.7313,0.0,1191.14,370.15,10.0,True,9013;9225
BKNG,Long,211,2023-07-20T20:00:00Z,114.102808,2023-07-28T20:00:00Z,116.809439,571.1,14.7445,-217.99,758.91,243.05,8.0,True,9087;9231
T,Short,1938,2023-07-20T20:00:00Z,12.475852,2023-07-28T20:00:00Z,12.458773,33.1,9.6509,-562.67,273.06,562.67,8.0,True,9086;9232
BA,Short,104,2023-07-28T20:00:00Z,236.28,2023-07-31T20:00:00Z,238.99,-281.84,9.9328,-281.84,0.0,281.84,3.0,False,9229;9238
BKNG,Short,211,2023-07-28T20:00:00Z,116.809439,2023-07-31T20:00:00Z,117.220884,-86.81,4.8986,-86.81,153.93,240.74,3.0,False,9231;9239
CB,Short,120,2023-07-28T20:00:00Z,202.955054,2023-07-31T20:00:00Z,196.702181,750.34,9.4314,0.0,866.4,116.06,3.0,True,9236;9240
IBM,Short,197,2023-07-20T20:00:00Z,123.87595,2023-07-31T20:00:00Z,129.61729,-1131.04,10.0342,-1196.74,0.0,1196.74,11.0,False,9081;9241
MDLZ,Short,359,2023-07-27T20:00:00Z,67.378079,2023-07-31T20:00:00Z,68.753329,-493.71,9.6432,-510.17,0.0,510.17,4.0,False,9206;9242
NEE,Long,359,2023-07-27T20:00:00Z,67.173329,2023-07-31T20:00:00Z,66.682748,-176.12,9.5606,-355.5,0.0,355.5,4.0,False,9199;9243
TMO,Short,44,2023-07-28T20:00:00Z,556.611272,2023-07-31T20:00:00Z,551.672721,217.3,9.6717,0.0,598.76,381.47,3.0,True,9227;9244
TMUS,Long,184,2023-07-28T20:00:00Z,131.36701,2023-07-31T20:00:00Z,132.888709,279.99,9.6916,-212.17,279.99,212.17,3.0,True,9228;9245
SPY,Short,46,2023-07-25T20:00:00Z,436.17547,2023-07-31T20:00:00Z,439.663951,-160.47,4.0475,-173.29,61.01,234.3,6.0,False,9161;9259
AMGN,Short,113,2023-07-31T20:00:00Z,214.413555,2023-08-02T20:00:00Z,211.004408,385.23,9.5194,0.0,621.91,236.67,2.0,True,9252;9260
MDT,Long,307,2023-07-31T20:00:00Z,79.670164,2023-08-02T20:00:00Z,78.268026,-430.46,9.5594,-877.47,0.0,877.47,2.0,False,9253;9261
UBER,Short,506,2023-07-19T20:00:00Z,47.21,2023-08-02T20:00:00Z,46.05,586.96,9.5209,-1138.5,586.96,1462.34,14.0,True,9060;9262
INTU,Short,50,2023-07-27T20:00:00Z,492.355943,2023-08-02T20:00:00Z,490.051061,115.24,4.8642,-376.5,296.9,376.5,6.0,True,9201;9263
NFLX,Long,574,2023-07-27T20:00:00Z,42.694,2023-08-02T20:00:00Z,43.523,475.85,9.6761,-66.58,690.52,532.1,6.0,True,9197;9264
NKE,Long,241,2023-07-31T20:00:00Z,101.715552,2023-08-02T20:00:00Z,100.655821,-255.4,9.7633,-427.9,0.0,427.9,2.0,False,9250;9265
SYK,Short,88,2023-07-31T20:00:00Z,275.802767,2023-08-02T20:00:00Z,270.082572,503.38,9.5288,0.0,847.79,344.42,2.0,True,9255;9266
ETN,Short,126,2023-07-28T20:00:00Z,195.658109,2023-08-02T20:00:00Z,209.254673,-1713.17,10.2082,-1824.4,0.0,1824.4,5.0,False,9237;9267
ADP,Short,104,2023-07-27T20:00:00Z,234.717632,2023-08-03T20:00:00Z,228.452353,651.59,9.5607,0.0,717.71,101.57,7.0,True,9205;9282
AXP,Short,149,2023-08-02T20:00:00Z,161.554424,2023-08-03T20:00:00Z,160.163711,207.22,9.5852,0.0,207.22,0.0,1.0,True,9276;9284
GS,Long,74,2023-07-31T20:00:00Z,329.187611,2023-08-03T20:00:00Z,324.651634,-335.66,9.7339,-335.66,194.94,530.61,3.0,False,9254;9286
MDLZ,Short,358,2023-08-02T20:00:00Z,67.937348,2023-08-03T20:00:00Z,68.854181,-328.23,9.8888,-390.59,0.0,390.59,1.0,False,9278;9289
SLB,Short,459,2023-08-02T20:00:00Z,52.751284,2023-08-03T20:00:00Z,53.203016,-207.35,9.7706,-321.6,0.0,321.6,1.0,False,9279;9291
LRCX,Short,384,2023-07-26T20:00:00Z,62.432933,2023-08-03T20:00:00Z,66.243946,-1463.43,9.9757,-2958.97,0.0,2958.97,8.0,False,9177;9292
VZ,Short,892,2023-08-02T20:00:00Z,27.370759,2023-08-03T20:00:00Z,27.027295,306.37,9.6842,0.0,306.37,0.0,1.0,True,9275;9294
AMD,Short,216,2023-07-31T20:00:00Z,114.12,2023-08-03T20:00:00Z,109.04,1097.28,9.8302,-751.68,1097.28,820.8,3.0,True,9249;9308
C,Short,566,2023-07-28T20:00:00Z,43.575768,2023-08-03T20:00:00Z,41.451991,1202.06,9.5557,0.0,1202.06,0.0,6.0,True,9234;9309
CAT,Short,99,2023-07-13T20:00:00Z,242.851615,2023-08-03T20:00:00Z,273.755707,-3059.51,10.1757,-3354.69,0.0,3354.69,21.0,False,8987;9310
CVX,Short,172,2023-08-02T20:00:00Z,140.77796,2023-08-03T20:00:00Z,139.712056,183.34,9.5999,0.0,217.9,34.56,1.0,True,9268;9311
DE,Short,59,2023-07-28T20:00:00Z,411.440883,2023-08-03T20:00:00Z,409.963089,87.19,9.6367,-264.97,272.89,264.97,6.0,True,9230;9312
COP,Short,229,2023-07-27T20:00:00Z,106.406141,2023-08-03T20:00:00Z,104.202571,504.62,9.5844,-78.91,504.62,371.71,7.0,True,9200;9313
DHR,Long,123,2023-08-02T20:00:00Z,196.386189,2023-08-03T20:00:00Z,199.136415,338.28,9.7935,0.0,338.28,0.0,1.0,True,9272;9314
LLY,Long,54,2023-07-25T20:00:00Z,447.466442,2023-08-03T20:00:00Z,440.638513,-368.71,4.741,-458.18,29.03,487.21,9.0,False,9130;9315
LMT,Long,58,2023-07-25T20:00:00Z,414.898488,2023-08-03T20:00:00Z,410.21239,-271.79,9.5963,-322.32,22.34,344.66,9.0,False,9136;9316
MCD,Long,90,2023-08-02T20:00:00Z,268.547304,2023-08-03T20:00:00Z,267.196518,-121.57,9.6697,-121.57,63.28,184.85,1.0,False,9270;9317
NOW,Long,206,2023-08-02T20:00:00Z,115.978,2023-08-03T20:00:00Z,111.594,-903.1,9.2582,-903.1,0.0,903.1,1.0,False,9277;9318
PFE,Long,830,2023-08-02T20:00:00Z,29.378969,2023-08-03T20:00:00Z,28.999673,-314.82,9.6279,-431.16,0.0,431.16,1.0,False,9271;9319
T,Long,1974,2023-07-28T20:00:00Z,12.458773,2023-08-03T20:00:00Z,12.15136,-606.83,4.7502,-842.82,0.0,842.82,6.0,False,9232;9320
TJX,Short,293,2023-07-31T20:00:00Z,83.228879,2023-08-03T20:00:00Z,82.040853,348.09,9.6882,0.0,353.71,115.09,3.0,True,9256;9321
UNP,Short,112,2023-07-31T20:00:00Z,216.57777,2023-08-03T20:00:00Z,213.655696,327.27,9.6287,0.0,327.27,0.0,3.0,True,9251;9322
SHOP,Short,369,2023-07-31T20:00:00Z,66.9,2023-08-03T20:00:00Z,61.84,1867.14,9.3446,-202.95,2900.34,1033.2,3.0,True,9257;9323
SPY,Short,133,2023-07-25T20:00:00Z,436.17547,2023-08-03T20:00:00Z,430.572757,745.16,12.5952,-501.03,745.16,677.42,9.0,True,9161;9334
SPY,Short,13,2023-08-02T20:00:00Z,435.627692,2023-08-03T20:00:00Z,430.572757,65.71,16.4381,-56.09,65.71,0.0,1.0,True,9281;9334
AMAT,Short,170,2023-08-03T20:00:00Z,142.318254,2023-08-04T20:00:00Z,143.975271,-281.69,9.7257,-281.69,58.0,339.69,1.0,False,9329;9335
AMGN,Short,117,2023-08-03T20:00:00Z,209.2545,2023-08-04T20:00:00Z,215.710118,-755.31,10.0562,-1324.97,0.0,1324.97,1.0,False,9301;9336
AMZN,Long,187,2023-07-24T20:00:00Z,130.31,2023-08-04T20:00:00Z,141.0,1999.03,10.037,-403.92,1999.03,1022.89,11.0,True,9101;9337
CRM,Long,110,2023-08-02T20:00:00Z,218.331997,2023-08-04T20:00:00Z,212.356078,-657.35,9.3927,-853.8,0.0,853.8,2.0,False,9269;9338
CVS,Short,363,2023-07-28T20:00:00Z,67.643561,2023-08-04T20:00:00Z,66.172079,534.15,9.5499,-181.29,958.23,796.37,7.0,True,9233;9339
MO,Short,685,2023-07-31T20:00:00Z,35.468678,2023-08-04T20:00:00Z,34.669869,547.18,9.594,0.0,692.03,144.84,4.0,True,9258;9340
ABNB,Short,164,2023-07-25T20:00:00Z,147.61,2023-08-04T20:00:00Z,140.5,1166.04,9.4733,-938.08,1220.16,938.08,10.0,True,9139;9341
NKE,Long,245,2023-08-03T20:00:00Z,99.465948,2023-08-04T20:00:00Z,101.055544,389.45,9.9048,0.0,412.23,22.77,1.0,True,9299;9342
ADI,Short,134,2023-08-03T20:00:00Z,180.695626,2023-08-04T20:00:00Z,179.508401,159.09,9.6685,0.0,241.81,82.73,1.0,True,9303;9343
PYPL,Short,339,2023-08-03T20:00:00Z,65.905034,2023-08-04T20:00:00Z,64.016099,640.35,8.5109,0.0,1304.17,663.82,1.0,True,9307;9344
SPY,Short,177,2023-08-02T20:00:00Z,435.627692,2023-08-04T20:00:00Z,433.138665,440.56,26.5363,-763.75,1103.95,663.39,2.0,True,9281;9356
BA,Short,106,2023-08-03T20:00:00Z,231.0,2023-08-08T20:00:00Z,236.52,-585.12,9.9513,-768.5,0.0,768.5,5.0,False,9328;9360
LIN,Long,66,2023-08-03T20:00:00Z,366.318371,2023-08-08T20:00:00Z,368.227129,125.98,14.4882,-258.92,193.71,258.92,5.0,True,9297;9375
SPY,Long,132,2023-08-04T20:00:00Z,433.138665,2023-08-08T20:00:00Z,430.620808,-332.36,30.4466,-332.36,0.0,332.36,4.0,False,9356;9390
ACN,Long,82,2023-08-03T20:00:00Z,295.606424,2023-08-08T20:00:00Z,292.66046,-241.57,9.6977,-312.89,0.0,312.89,5.0,False,9296;9391
AMD,Short,217,2023-08-04T20:00:00Z,114.48,2023-08-08T20:00:00Z,115.0,-112.84,9.9408,-505.61,271.25,505.61,4.0,False,9346;9392
ANTM,Long,54,2023-08-03T20:00:00Z,444.862376,2023-08-08T20:00:00Z,442.691576,-117.22,9.5281,-338.87,78.32,417.19,5.0,False,9331;9393
BKNG,Short,222,2023-08-04T20:00:00Z,123.277296,2023-08-08T20:00:00Z,124.746074,-326.07,10.9108,-763.43,0.0,763.43,4.0,False,9349;9394
DE,Short,60,2023-08-04T20:00:00Z,411.162597,2023-08-08T20:00:00Z,409.751976,84.64,9.8398,-163.52,84.64,163.52,4.0,True,9348;9395
EOG,Short,208,2023-08-04T20:00:00Z,121.389178,2023-08-08T20:00:00Z,112.873952,1771.17,9.6582,0.0,1771.17,144.01,4.0,True,9355;9396
UBER,Short,522,2023-08-03T20:00:00Z,46.29,2023-08-08T20:00:00Z,44.5,934.38,9.5077,0.0,934.38,109.62,5.0,True,9304;9397
INTU,Short,50,2023-08-03T20:00:00Z,483.42941,2023-08-08T20:00:00Z,488.117305,-234.39,9.7449,-501.51,0.0,501.51,5.0,False,9300;9398
VRTX,Short,68,2023-08-03T20:00:00Z,355.0,2023-08-08T20:00:00Z,347.52,508.64,9.4141,0.0,987.36,478.72,5.0,True,9333;9399
LOW,Short,110,2023-07-27T20:00:00Z,222.3375,2023-08-08T20:00:00Z,207.193536,1665.84,9.4443,0.0,1665.84,18.65,12.0,True,9203;9400
MCD,Long,91,2023-08-04T20:00:00Z,270.536475,2023-08-08T20:00:00Z,269.278208,-114.5,9.7091,-238.27,0.0,238.27,4.0,False,9345;9401
BX,Short,264,2023-08-04T20:00:00Z,93.79809,2023-08-08T20:00:00Z,93.107195,182.4,9.9118,-180.0,182.4,180.0,4.0,True,9354;9402
MS,Long,294,2023-08-02T20:00:00Z,81.660842,2023-08-08T20:00:00Z,80.137455,-447.88,9.5363,-447.88,0.0,447.88,6.0,False,9274;9403
SBUX,Long,260,2023-08-03T20:00:00Z,94.059575,2023-08-08T20:00:00Z,93.367757,-179.87,9.7383,-309.38,0.0,309.38,5.0,False,9330;9404
SYK,Long,92,2023-08-03T20:00:00Z,265.440376,2023-08-08T20:00:00Z,276.78365,1043.58,9.966,0.0,1161.52,368.11,5.0,True,9332;9405
TJX,Short,299,2023-08-04T20:00:00Z,82.931872,2023-08-08T20:00:00Z,82.673189,77.35,9.8562,-5.73,77.35,83.08,4.0,True,9351;9406
MMC,Short,133,2023-07-25T20:00:00Z,182.671595,2023-08-08T20:00:00Z,182.193589,63.57,9.6689,-84.46,458.33,463.08,14.0,True,9138;9407
VZ,Short,912,2023-08-04T20:00:00Z,26.970051,2023-08-08T20:00:00Z,26.520278,410.19,9.7238,0.0,410.19,29.83,4.0,True,9347;9408
WFC,Long,589,2023-08-03T20:00:00Z,41.571219,2023-08-08T20:00:00Z,40.892468,-399.78,9.8139,-399.78,197.15,596.94,5.0,False,9325;9409
SPY,Short,95,2023-08-08T20:00:00Z,430.620808,2023-08-08T20:00:00Z,430.620808,0.0,8.1938,0.0,0.0,0.0,0.0,False,9390;9418
AMGN,Short,107,2023-08-08T20:00:00Z,233.490268,2023-08-09T20:00:00Z,235.666319,-232.84,10.092,-232.84,0.0,232.84,1.0,False,9413;9419
BA,Long,103,2023-08-08T20:00:00Z,236.52,2023-08-09T20:00:00Z,238.54,208.06,9.8035,0.0,208.06,0.0,1.0,True,9410;9420
CVS,Short,374,2023-08-08T20:00:00Z,65.271354,2023-08-09T20:00:00Z,65.922373,-243.48,9.9127,-470.29,0.0,470.29,1.0,False,9388;9421
COP,Short,237,2023-08-08T20:00:00Z,102.15316,2023-08-09T20:00:00Z,105.852982,-876.86,9.9734,-876.86,0.0,876.86,1.0,False,9412;9422
GS,Long,74,2023-08-08T20:00:00Z,326.052314,2023-08-09T20:00:00Z,321.711134,-321.25,9.4857,-604.74,0.0,604.74,1.0,False,9383;9423
LIN,Short,66,2023-08-08T20:00:00Z,368.227129,2023-08-09T20:00:00Z,367.565298,43.68,4.8056,0.0,274.75,231.07,1.0,True,9375;9424
NOW,Long,222,2023-08-08T20:00:00Z,109.398,2023-08-09T20:00:00Z,110.304,201.13,9.7961,0.0,201.13,0.0,1.0,True,9385;9425
ADI,Short,136,2023-08-08T20:00:00Z,177.608841,2023-08-09T20:00:00Z,177.048471,76.21,9.5953,0.0,282.88,206.67,1.0,True,9416;9426
LRCX,Short,365,2023-08-04T20:00:00Z,67.425467,2023-08-09T20:00:00Z,67.757071,-121.04,9.7716,-425.93,259.46,425.93,5.0,False,9352;9427
SPGI,Long,68,2023-08-08T20:00:00Z,357.298996,2023-08-09T20:00:00Z,355.834429,-99.59,9.6981,-99.59,0.0,99.59,1.0,False,9381;9428
T,Short,2049,2023-08-04T20:00:00Z,11.989114,2023-08-09T20:00:00Z,12.100124,-227.46,9.9015,-411.18,52.49,463.67,5.0,False,9350;9429
TMO,Long,45,2023-08-08T20:00:00Z,547.466541,2023-08-09T20:00:00Z,549.050044,71.26,9.8279,-248.96,71.26,248.96,1.0,True,9372;9430
ETN,Short,116,2023-08-03T20:00:00Z,208.736526,2023-08-09T20:00:00Z,211.849815,-361.14,9.7013,-493.0,86.97,579.97,6.0,False,9305;9431
MU,Short,359,2023-08-08T20:00:00Z,67.930845,2023-08-09T20:00:00Z,67.030902,323.08,9.5397,0.0,706.51,383.43,1.0,True,9389;9432
SPY,Short,68,2023-08-08T20:00:00Z,430.620808,2023-08-09T20:00:00Z,431.495331,-59.47,5.8259,-59.47,152.92,212.38,1.0,False,9390;9445
ABT,Long,242,2023-08-08T20:00:00Z,100.915289,2023-08-10T20:00:00Z,99.092764,-441.05,9.5649,-600.19,0.0,600.19,2.0,False,9374;9446
ADBE,Short,46,2023-07-31T20:00:00Z,542.72,2023-08-10T20:00:00Z,521.03,997.74,9.7704,-293.48,1331.24,333.5,10.0,True,9248;9447
AMD,Short,217,2023-08-09T20:00:00Z,112.97,2023-08-10T20:00:00Z,111.2,384.09,9.5784,0.0,594.58,210.49,1.0,True,9438;9448
AXP,Short,152,2023-08-08T20:00:00Z,159.255885,2023-08-10T20:00:00Z,159.072388,27.89,9.6707,0.0,199.64,171.75,2.0,True,9382;9449
LMT,Long,59,2023-08-08T20:00:00Z,411.753025,2023-08-10T20:00:00Z,414.504159,162.32,9.7338,0.0,206.14,149.33,2.0,True,9386;9450
NEE,Short,395,2023-08-08T20:00:00Z,62.085817,2023-08-10T20:00:00Z,62.957962,-344.5,9.8325,-344.5,17.94,362.44,2.0,False,9411;9451
UNP,Short,115,2023-08-08T20:00:00Z,214.325726,2023-08-10T20:00:00Z,214.009323,36.39,9.8228,0.0,113.44,112.37,2.0,True,9380;9452
WMT,Short,476,2023-08-09T20:00:00Z,51.791662,2023-08-10T20:00:00Z,51.937019,-69.19,9.8587,-69.19,12.3,81.49,1.0,False,9436;9453
FISV,Short,195,2023-08-08T20:00:00Z,125.19,2023-08-10T20:00:00Z,125.76,-111.15,14.7368,-159.9,27.3,187.2,2.0,False,9417;9462
AMT,Short,144,2023-07-26T20:00:00Z,168.366244,2023-08-11T20:00:00Z,167.277049,156.84,9.7759,-802.37,456.27,802.37,16.0,True,9176;9465
CAT,Long,91,2023-08-08T20:00:00Z,266.526884,2023-08-11T20:00:00Z,272.394311,533.94,9.9129,0.0,629.9,95.97,3.0,True,9379;9466
COP,Short,232,2023-08-10T20:00:00Z,105.453982,2023-08-11T20:00:00Z,105.245413,48.39,9.8307,-319.78,48.39,319.78,1.0,True,9458;9467
GS,Long,77,2023-08-10T20:00:00Z,319.160227,2023-08-11T20:00:00Z,315.319952,-295.7,9.73,-295.7,0.0,295.7,1.0,False,9461;9468
INTU,Short,50,2023-08-10T20:00:00Z,492.228979,2023-08-11T20:00:00Z,486.183548,302.27,9.759,0.0,304.22,1.95,1.0,True,9459;9469
WFC,Long,595,2023-08-09T20:00:00Z,41.115619,2023-08-11T20:00:00Z,40.464761,-387.26,9.6782,-387.26,0.0,387.26,2.0,False,9439;9470
ZTS,Short,135,2023-07-28T20:00:00Z,182.848148,2023-08-11T20:00:00Z,180.909286,261.75,9.8668,-42.76,1518.65,1561.41,14.0,True,9235;9471
AMGN,Short,103,2023-08-11T20:00:00Z,237.280223,2023-08-14T20:00:00Z,237.751701,-48.56,9.7774,-48.56,68.17,116.74,3.0,False,9472;9478
MDT,Long,323,2023-08-08T20:00:00Z,75.382859,2023-08-14T20:00:00Z,74.942444,-142.25,9.6036,-269.99,0.0,269.99,6.0,False,9415;9479
CSCO,Long,505,2023-08-03T20:00:00Z,48.476419,2023-08-14T20:00:00Z,49.705191,620.53,9.9873,0.0,657.85,37.33,11.0,True,9295;9480
DIS,Long,293,2023-08-03T20:00:00Z,83.207914,2023-08-14T20:00:00Z,85.883908,784.07,9.9031,0.0,1687.45,903.38,11.0,True,9327;9481
MS,Long,307,2023-08-10T20:00:00Z,80.192188,2023-08-14T20:00:00Z,79.32559,-266.05,9.8,-266.05,0.0,266.05,4.0,False,9457;9482
NFLX,Long,571,2023-08-03T20:00:00Z,42.78,2023-08-14T20:00:00Z,42.199,-331.75,9.8073,-350.59,740.02,1090.61,11.0,False,9324;9483
NOW,Long,221,2023-08-11T20:00:00Z,110.154,2023-08-14T20:00:00Z,110.506,77.79,9.9331,0.0,682.45,604.66,3.0,True,9475;9484
PFE,Long,838,2023-08-08T20:00:00Z,29.906686,2023-08-14T20:00:00Z,29.535635,-310.94,9.91,-366.22,0.0,366.22,6.0,False,9373;9485
REGN,Short,33,2023-08-02T20:00:00Z,733.795305,2023-08-14T20:00:00Z,802.288943,-2260.29,10.0722,-2260.29,0.0,2260.29,12.0,False,9280;9486
TMO,Long,45,2023-08-10T20:00:00Z,544.69541,2023-08-14T20:00:00Z,535.1647,-428.88,9.6877,-446.7,0.0,446.7,4.0,False,9456;9487
ETN,Short,117,2023-08-11T20:00:00Z,209.711183,2023-08-14T20:00:00Z,209.31621,46.21,9.86,-152.16,46.21,152.16,3.0,True,9476;9488
EOG,Short,208,2023-08-10T20:00:00Z,117.792462,2023-08-14T20:00:00Z,118.754584,-200.12,14.6673,-248.75,0.0,248.75,4.0,False,9463;9503
FISV,Long,196,2023-08-10T20:00:00Z,125.76,2023-08-14T20:00:00Z,125.5,-50.96,9.7336,-252.84,0.0,252.84,4.0,False,9462;9504
SCHW,Long,391,2023-08-08T20:00:00Z,61.786952,2023-08-15T20:00:00Z,58.531739,-1272.79,9.4724,-1284.04,242.93,1526.98,7.0,False,9414;9506
VZ,Short,924,2023-08-09T20:00:00Z,26.602055,2023-08-15T20:00:00Z,27.272626,-619.61,9.9696,-778.29,0.0,778.29,6.0,False,9440;9507
LRCX,Short,386,2023-08-14T20:00:00Z,63.306189,2023-08-15T20:00:00Z,64.298083,-382.87,14.7538,-382.87,0.0,382.87,1.0,False,9502;9512
ZTS,Long,133,2023-08-14T20:00:00Z,182.569797,2023-08-15T20:00:00Z,181.552374,-135.32,14.537,-135.32,0.0,135.32,1.0,False,9500;9513
FISV,Short,195,2023-08-14T20:00:00Z,125.5,2023-08-16T20:00:00Z,122.85,516.75,4.7494,0.0,725.4,208.65,2.0,True,9504;9516
CAT,Long,89,2023-08-14T20:00:00Z,272.336787,2023-08-16T20:00:00Z,265.568155,-602.41,9.5404,-814.87,0.0,814.87,2.0,False,9496;9517
CVX,Short,170,2023-08-14T20:00:00Z,143.189349,2023-08-16T20:00:00Z,140.192586,509.45,9.586,0.0,781.26,271.81,2.0,True,9491;9518
GILD,Short,348,2023-07-25T20:00:00Z,69.393557,2023-08-16T20:00:00Z,71.177499,-620.81,9.7342,-1144.43,467.18,1611.6,22.0,False,9158;9519
GS,Long,78,2023-08-15T20:00:00Z,309.169947,2023-08-16T20:00:00Z,306.609763,-199.69,9.5697,-303.16,0.0,303.16,1.0,False,9510;9520
NVDA,Long,601,2023-08-14T20:00:00Z,40.374657,2023-08-16T20:00:00Z,44.392184,2414.53,10.4537,0.0,2414.53,272.01,2.0,True,9489;9521
LRCX,Long,378,2023-08-15T20:00:00Z,64.298083,2023-08-16T20:00:00Z,64.128878,-63.96,4.7513,-548.07,0.0,548.07,1.0,False,9512;9522
T,Short,1995,2023-08-14T20:00:00Z,12.202595,2023-08-16T20:00:00Z,12.074507,255.54,9.6661,0.0,323.68,68.14,2.0,True,9499;9523
UNP,Short,114,2023-08-14T20:00:00Z,212.799547,2023-08-16T20:00:00Z,209.709966,352.21,9.6417,0.0,429.66,77.44,2.0,True,9497;9524
EOG,Long,205,2023-08-14T20:00:00Z,118.754584,2023-08-16T20:00:00Z,116.560587,-449.77,9.6439,-639.63,0.0,639.63,2.0,False,9503;9536
SPY,Short,58,2023-08-08T20:00:00Z,430.620808,2023-08-16T20:00:00Z,425.191078,314.92,8.281,-50.72,470.99,188.95,8.0,True,9390;9537
SPY,Short,40,2023-08-10T20:00:00Z,430.678469,2023-08-16T20:00:00Z,425.191078,219.5,11.6559,-32.67,327.13,130.31,6.0,True,9464;9537
C,Short,597,2023-08-09T20:00:00Z,41.070832,2023-08-17T20:00:00Z,39.082062,1187.3,9.4646,0.0,1405.15,217.85,8.0,True,9443;9538
EOG,Short,212,2023-08-16T20:00:00Z,116.560587,2023-08-17T20:00:00Z,117.585651,-217.31,4.946,-217.31,0.0,217.31,1.0,False,9536;9539
INTU,Short,50,2023-08-16T20:00:00Z,485.499897,2023-08-17T20:00:00Z,484.269324,61.53,9.5916,0.0,520.55,459.02,1.0,True,9529;9540
REGN,Long,30,2023-08-16T20:00:00Z,796.424287,2023-08-17T20:00:00Z,792.630092,-113.83,9.475,-214.28,0.0,214.28,1.0,False,9534;9541
TJX,Short,296,2023-08-09T20:00:00Z,83.674773,2023-08-17T20:00:00Z,85.656038,-586.45,9.9356,-657.63,355.86,1013.48,8.0,False,9442;9542
XOM,Short,249,2023-08-10T20:00:00Z,99.144587,2023-08-17T20:00:00Z,97.501665,409.09,9.8206,-360.31,693.38,462.54,7.0,True,9455;9543
ZTS,Short,134,2023-08-15T20:00:00Z,181.552374,2023-08-17T20:00:00Z,178.932031,351.13,4.7015,0.0,820.58,469.45,2.0,True,9513;9544
BSX,Long,476,2023-08-16T20:00:00Z,51.7,2023-08-17T20:00:00Z,51.63,-33.32,14.6082,-361.76,0.0,361.76,1.0,False,9535;9553
AMT,Short,145,2023-08-14T20:00:00Z,167.313055,2023-08-18T20:00:00Z,157.240246,1460.56,9.4917,0.0,1460.56,18.27,4.0,True,9501;9555
AVGO,Long,306,2023-08-14T20:00:00Z,80.022709,2023-08-18T20:00:00Z,78.951092,-327.91,9.899,-327.91,335.57,663.49,4.0,False,9490;9556
CI,Short,88,2023-07-25T20:00:00Z,274.046056,2023-08-18T20:00:00Z,254.235837,1743.3,9.4348,-632.35,1754.05,719.97,24.0,True,9159;9557
CRM,Long,118,2023-08-09T20:00:00Z,207.685245,2023-08-18T20:00:00Z,197.205309,-1236.63,9.5107,-1236.63,47.47,1284.11,9.0,False,9437;9558
GILD,Short,349,2023-08-17T20:00:00Z,70.213449,2023-08-18T20:00:00Z,68.925046,449.65,9.5829,0.0,644.61,194.95,1.0,True,9549;9559
INTC,Long,711,2023-08-08T20:00:00Z,34.06034,2023-08-18T20:00:00Z,31.69982,-1678.33,9.4784,-1678.33,734.27,2412.6,10.0,False,9378;9560
MCD,Long,91,2023-08-14T20:00:00Z,267.187266,2023-08-18T20:00:00Z,260.590621,-600.29,9.6072,-600.29,0.0,600.29,4.0,False,9492;9561
MDLZ,Short,371,2023-08-16T20:00:00Z,66.259543,2023-08-18T20:00:00Z,65.241858,377.56,9.7343,0.0,387.77,10.2,2.0,True,9533;9562
BSX,Short,477,2023-08-17T20:00:00Z,51.63,2023-08-18T20:00:00Z,50.91,343.44,4.7881,0.0,686.88,343.44,1.0,True,9553;9563
PEP,Short,143,2023-07-31T20:00:00Z,168.669831,2023-08-18T20:00:00Z,159.02799,1378.78,9.3186,0.0,1414.46,291.81,18.0,True,9247;9564
SLB,Short,461,2023-08-04T20:00:00Z,53.691625,2023-08-18T20:00:00Z,52.714408,450.5,9.8344,-599.25,450.5,714.0,14.0,True,9353;9565
ETN,Long,118,2023-08-17T20:00:00Z,208.911604,2023-08-18T20:00:00Z,204.942611,-468.34,9.754,-468.34,0.0,468.34,1.0,False,9551;9566
WMT,Short,477,2023-08-17T20:00:00Z,51.972551,2023-08-18T20:00:00Z,50.166916,861.29,9.6643,0.0,861.29,0.0,1.0,True,9545;9567
COP,Short,230,2023-08-15T20:00:00Z,106.104204,2023-08-18T20:00:00Z,105.330053,178.05,14.6885,-165.49,389.63,555.11,3.0,True,9508;9575
SPY,Short,96,2023-08-10T20:00:00Z,430.678469,2023-08-18T20:00:00Z,416.666883,1345.11,49.5828,-78.42,1345.11,430.84,8.0,True,9464;9583
SPY,Short,198,2023-08-14T20:00:00Z,427.305309,2023-08-18T20:00:00Z,416.666883,2106.41,17.0533,-829.62,2106.41,888.61,4.0,True,9505;9583
SPY,Short,87,2023-08-15T20:00:00Z,428.881373,2023-08-18T20:00:00Z,416.666883,1062.66,7.4058,-227.41,1062.66,390.45,3.0,True,9515;9583
SPY,Short,71,2023-08-17T20:00:00Z,423.768778,2023-08-18T20:00:00Z,416.666883,504.23,5.9538,-548.59,504.23,0.0,1.0,True,9554;9583
SPY,Long,139,2023-08-18T20:00:00Z,416.666883,2023-08-22T20:00:00Z,423.855269,999.19,11.7057,0.0,999.19,158.96,4.0,True,9583;9600
AMAT,Long,181,2023-08-14T20:00:00Z,134.705724,2023-08-22T20:00:00Z,146.948154,2215.88,10.2234,-107.62,2215.88,439.29,8.0,True,9498;9601
AMD,Long,227,2023-08-14T20:00:00Z,106.86,2023-08-22T20:00:00Z,109.26,544.8,9.8809,-549.34,1019.23,1568.57,8.0,True,9494;9602
BA,Short,106,2023-08-17T20:00:00Z,230.57,2023-08-22T20:00:00Z,228.08,263.94,9.6377,0.0,415.52,362.52,5.0,True,9547;9603
C,Short,634,2023-08-18T20:00:00Z,38.434344,2023-08-22T20:00:00Z,38.589431,-98.33,9.6347,-98.33,636.22,734.55,4.0,False,9581;9604
CB,Short,124,2023-08-03T20:00:00Z,196.510668,2023-08-22T20:00:00Z,190.736576,715.99,9.5465,0.0,726.67,315.84,19.0,True,9306;9605
COST,Short,45,2023-07-24T20:00:00Z,535.108461,2023-08-22T20:00:00Z,519.223837,714.81,9.5161,-358.7,841.28,471.36,29.0,True,9103;9606
UBER,Long,562,2023-08-17T20:00:00Z,44.18,2023-08-22T20:00:00Z,44.94,427.12,9.9272,0.0,427.12,191.08,5.0,True,9550;9607
BDX,Short,118,2023-08-09T20:00:00Z,205.580864,2023-08-22T20:00:00Z,203.267655,272.96,9.6879,-312.08,466.81,471.16,13.0,True,9444;9608
VRTX,Long,71,2023-08-18T20:00:00Z,343.4,2023-08-22T20:00:00Z,349.91,462.21,9.8721,0.0,521.14,58.93,4.0,True,9577;9609
LLY,Short,47,2023-08-10T20:00:00Z,511.698835,2023-08-22T20:00:00Z,538.324314,-1251.4,9.8916,-1449.38,0.0,1449.38,12.0,False,9454;9610
PGR,Long,197,2023-08-17T20:00:00Z,124.790816,2023-08-22T20:00:00Z,120.933379,-759.92,9.5706,-1078.65,0.0,1078.65,5.0,False,9552;9611
ABNB,Short,181,2023-08-11T20:00:00Z,134.15,2023-08-22T20:00:00Z,124.25,1791.9,9.4395,0.0,1837.15,557.48,11.0,True,9477;9612
ADI,Long,147,2023-08-18T20:00:00Z,165.043253,2023-08-22T20:00:00Z,170.001104,728.8,9.8405,0.0,728.8,78.19,4.0,True,9578;9613
T,Short,2040,2023-08-17T20:00:00Z,12.065967,2023-08-22T20:00:00Z,12.04035,52.26,9.8458,-226.46,121.94,348.4,5.0,True,9548;9614
UNP,Short,117,2023-08-18T20:00:00Z,207.765019,2023-08-22T20:00:00Z,208.704922,-109.97,9.7484,-109.97,92.55,202.52,4.0,False,9576;9615
XOM,Short,250,2023-08-18T20:00:00Z,97.537911,2023-08-22T20:00:00Z,98.99228,-363.59,9.8852,-363.59,0.0,363.59,4.0,False,9570;9616
EOG,Short,210,2023-08-18T20:00:00Z,115.841243,2023-08-22T20:00:00Z,117.342873,-315.34,14.6949,-315.34,0.0,315.34,4.0,False,9582;9621
MO,Long,720,2023-08-15T20:00:00Z,33.949375,2023-08-22T20:00:00Z,33.463824,-349.6,14.6254,-439.81,0.0,439.81,7.0,False,9514;9622
ABT,Long,253,2023-08-22T20:00:00Z,97.439339,2023-08-23T20:00:00Z,99.299442,470.61,9.9959,0.0,470.61,0.0,1.0,True,9593;9623
CI,Short,93,2023-08-22T20:00:00Z,263.760522,2023-08-23T20:00:00Z,263.854454,-8.74,9.8171,-89.98,0.0,89.98,1.0,False,9598;9624
COP,Long,231,2023-08-18T20:00:00Z,105.330053,2023-08-23T20:00:00Z,104.747163,-134.65,4.873,-134.65,328.2,462.85,5.0,False,9575;9625
ISRG,Short,86,2023-08-22T20:00:00Z,287.73,2023-08-23T20:00:00Z,287.56,14.62,9.9339,-228.76,14.62,228.76,1.0,True,9620;9626
JNJ,Short,156,2023-07-25T20:00:00Z,155.602368,2023-08-23T20:00:00Z,151.244626,679.81,4.6799,-540.43,874.65,921.58,29.0,True,9129;9627
JPM,Short,168,2023-08-09T20:00:00Z,145.400069,2023-08-23T20:00:00Z,137.002962,1410.71,9.4727,0.0,1410.71,190.3,14.0,True,9435;9628
MS,Long,313,2023-08-16T20:00:00Z,78.221819,2023-08-23T20:00:00Z,75.713247,-785.18,9.6746,-785.18,5.71,790.89,7.0,False,9528;9629
NEE,Short,396,2023-08-11T20:00:00Z,61.976799,2023-08-23T20:00:00Z,61.90412,28.78,9.8437,-122.32,410.13,381.35,12.0,True,9473;9630
SLB,Short,466,2023-08-22T20:00:00Z,52.88035,2023-08-23T20:00:00Z,51.359211,708.85,9.8208,-227.69,708.85,227.69,1.0,True,9597;9631
TMO,Long,46,2023-08-16T20:00:00Z,523.298323,2023-08-23T20:00:00Z,535.728823,571.8,9.7799,-77.39,750.72,405.63,7.0,True,9525;9632
FB,Long,86,2023-08-22T20:00:00Z,289.774637,2023-08-23T20:00:00Z,285.763058,-345.0,14.9256,-345.0,143.96,488.96,1.0,False,9590;9634
SCHW,Long,433,2023-08-22T20:00:00Z,57.284341,2023-08-23T20:00:00Z,54.165847,-1350.31,14.5901,-1350.31,0.0,1350.31,1.0,False,9596;9643
MO,Short,738,2023-08-22T20:00:00Z,33.463824,2023-08-23T20:00:00Z,33.659611,-144.49,9.9619,-225.41,0.0,225.41,1.0,False,9622;9645
EOG,Long,210,2023-08-22T20:00:00Z,117.342873,2023-08-23T20:00:00Z,115.058958,-479.62,9.7816,-479.62,0.0,479.62,1.0,False,9621;9646
ACN,Long,85,2023-08-16T20:00:00Z,285.758488,2023-08-24T20:00:00Z,295.905696,862.51,9.8856,-207.48,862.51,214.63,8.0,True,9526;9648
ADBE,Short,47,2023-08-22T20:00:00Z,530.0,2023-08-24T20:00:00Z,539.0,-423.0,9.7,-423.0,825.79,1248.79,2.0,False,9617;9649
ADP,Long,107,2023-08-23T20:00:00Z,230.460927,2023-08-24T20:00:00Z,232.064102,171.54,9.8727,-33.03,171.54,33.03,1.0,True,9642;9650
AMD,Long,233,2023-08-23T20:00:00Z,105.52,2023-08-24T20:00:00Z,111.0,1276.84,9.8433,-866.76,1276.84,866.76,1.0,True,9638;9651
AMGN,Long,102,2023-08-17T20:00:00Z,241.186178,2023-08-24T20:00:00Z,234.659974,-665.67,9.7048,-675.93,0.0,675.93,7.0,False,9546;9652
AVGO,Short,299,2023-08-23T20:00:00Z,81.913684,2023-08-24T20:00:00Z,86.8799,-1484.9,9.9667,-1484.9,0.0,1484.9,1.0,False,9636;9653
DHR,Long,124,2023-08-14T20:00:00Z,196.509795,2023-08-24T20:00:00Z,197.228253,89.09,9.7852,-438.74,89.09,521.12,10.0,True,9493;9654
EOG,Short,212,2023-08-23T20:00:00Z,115.058958,2023-08-24T20:00:00Z,114.600376,97.22,4.7916,0.0,434.63,337.41,1.0,True,9646;9655
FB,Short,86,2023-08-23T20:00:00Z,285.763058,2023-08-24T20:00:00Z,295.66819,-851.84,4.8853,-851.84,149.07,1000.91,1.0,False,9634;9656
KO,Short,445,2023-08-18T20:00:00Z,54.941022,2023-08-24T20:00:00Z,54.850015,40.5,9.8054,-24.3,125.54,85.05,6.0,True,9572;9657
MCD,Long,95,2023-08-23T20:00:00Z,260.923691,2023-08-24T20:00:00Z,260.664637,-24.61,9.9183,-24.61,29.0,53.62,1.0,False,9637;9658
LRCX,Long,389,2023-08-18T20:00:00Z,62.492252,2023-08-24T20:00:00Z,67.162907,1816.88,9.9024,0.0,1816.88,838.27,6.0,True,9580;9659
SCHW,Short,456,2023-08-23T20:00:00Z,54.165847,2023-08-24T20:00:00Z,55.653129,-678.2,5.0616,-678.2,0.0,678.2,1.0,False,9643;9660
REGN,Long,31,2023-08-18T20:00:00Z,787.419265,2023-08-24T20:00:00Z,834.940813,1473.17,10.0951,0.0,1520.77,404.15,6.0,True,9579;9661
UNH,Short,52,2023-08-09T20:00:00Z,471.557824,2023-08-24T20:00:00Z,459.705736,616.31,9.6334,-332.23,778.29,362.39,15.0,True,9434;9662
TSLA,Long,105,2023-08-23T20:00:00Z,229.34,2023-08-24T20:00:00Z,238.65,977.55,14.5897,0.0,977.55,0.0,1.0,True,9633;9663
INTU,Short,51,2023-08-22T20:00:00Z,478.731748,2023-08-24T20:00:00Z,492.63917,-709.28,14.6949,-709.28,0.0,709.28,2.0,False,9594;9667
BA,Short,108,2023-08-24T20:00:00Z,222.51,2023-08-25T20:00:00Z,218.41,442.8,9.5196,-97.2,442.8,97.2,1.0,True,9668;9674
COST,Short,47,2023-08-24T20:00:00Z,518.273222,2023-08-25T20:00:00Z,512.141858,288.17,9.6274,0.0,288.17,0.0,1.0,True,9665;9675
CVX,Short,174,2023-08-18T20:00:00Z,139.69634,2023-08-25T20:00:00Z,140.313802,-107.44,9.8236,-311.57,66.0,311.57,7.0,False,9571;9676
LIN,Long,68,2023-08-22T20:00:00Z,363.143504,2023-08-25T20:00:00Z,363.930027,53.48,9.9033,-43.05,195.02,141.54,3.0,True,9592;9677
ORCL,Long,218,2023-07-27T20:00:00Z,112.84331,2023-08-25T20:00:00Z,108.389095,-971.02,9.7299,-971.02,75.34,1046.36,29.0,False,9195;9678
PFE,Long,816,2023-08-18T20:00:00Z,30.055106,2023-08-25T20:00:00Z,29.799494,-208.58,9.8356,-208.58,390.25,598.83,7.0,False,9574;9679
PG,Short,174,2023-08-24T20:00:00Z,140.970006,2023-08-25T20:00:00Z,141.709278,-128.63,9.8443,-162.4,0.0,162.4,1.0,False,9664;9680
PM,Long,288,2023-08-08T20:00:00Z,85.137454,2023-08-25T20:00:00Z,83.273066,-536.94,9.7369,-863.67,78.52,942.18,17.0,False,9377;9681
HCA,Short,91,2023-08-24T20:00:00Z,270.118461,2023-08-25T20:00:00Z,266.773673,304.38,9.688,0.0,330.11,25.73,1.0,True,9672;9682
T,Short,2046,2023-08-24T20:00:00Z,11.989114,2023-08-25T20:00:00Z,12.100124,-227.13,9.8713,-227.13,0.0,227.13,1.0,False,9670;9683
TJX,Long,286,2023-08-24T20:00:00Z,86.56011,2023-08-25T20:00:00Z,85.415593,-327.33,9.7435,-327.33,0.0,327.33,1.0,False,9669;9684
UNP,Short,119,2023-08-23T20:00:00Z,207.364863,2023-08-25T20:00:00Z,207.737101,-44.3,9.9071,-149.5,34.33,183.83,2.0,False,9640;9685
VZ,Long,909,2023-08-23T20:00:00Z,27.149961,2023-08-25T20:00:00Z,27.313515,148.67,9.8925,0.0,148.67,22.3,2.0,True,9639;9686
WFC,Long,602,2023-08-14T20:00:00Z,40.455463,2023-08-25T20:00:00Z,38.735339,-1035.51,9.5144,-1270.6,0.0,1270.6,11.0,False,9495;9687
TXN,Long,151,2023-07-27T20:00:00Z,162.371417,2023-08-29T20:00:00Z,154.252378,-1225.97,9.622,-1571.03,425.87,1996.9,33.0,False,9198;9707
ISRG,Short,85,2023-08-25T20:00:00Z,287.28,2023-08-29T20:00:00Z,301.5,-1208.7,15.3633,-1964.35,0.0,1964.35,4.0,False,9697;9714
ADBE,Short,47,2023-08-25T20:00:00Z,514.92,2023-08-29T20:00:00Z,526.55,-546.61,10.0169,-1205.55,0.0,1205.55,4.0,False,9689;9718
ADP,Long,106,2023-08-25T20:00:00Z,231.60342,2023-08-29T20:00:00Z,233.916045,245.14,9.911,0.0,294.95,49.81,4.0,True,9696;9719
AMAT,Long,176,2023-08-25T20:00:00Z,140.26302,2023-08-29T20:00:00Z,140.956569,122.06,10.1207,0.0,1098.58,976.52,4.0,True,9695;9720
AMGN,Long,104,2023-08-25T20:00:00Z,235.007307,2023-08-29T20:00:00Z,235.235816,23.76,9.8105,-53.23,240.5,216.74,4.0,True,9693;9721
DHR,Long,125,2023-08-25T20:00:00Z,196.896063,2023-08-29T20:00:00Z,202.566472,708.8,10.0339,0.0,881.66,172.85,4.0,True,9691;9722
UBER,Long,548,2023-08-24T20:00:00Z,45.24,2023-08-29T20:00:00Z,44.21,-564.44,9.8673,-701.44,60.28,701.44,5.0,False,9671;9723
GS,Long,82,2023-08-22T20:00:00Z,299.133286,2023-08-29T20:00:00Z,301.990302,234.28,9.9086,-191.68,765.96,531.68,7.0,True,9619;9724
INTU,Long,50,2023-08-24T20:00:00Z,492.63917,2023-08-29T20:00:00Z,505.75551,655.82,5.2396,0.0,1566.05,910.23,5.0,True,9667;9725
PGR,Long,207,2023-08-23T20:00:00Z,119.178337,2023-08-29T20:00:00Z,120.522041,278.15,9.9391,0.0,416.27,189.22,6.0,True,9644;9726
BX,Short,272,2023-08-25T20:00:00Z,90.40725,2023-08-29T20:00:00Z,91.634498,-333.81,10.0865,-1199.25,0.0,1199.25,4.0,False,9698;9727
MO,Long,737,2023-08-23T20:00:00Z,33.659611,2023-08-29T20:00:00Z,34.489745,611.81,5.1046,0.0,715.7,103.89,6.0,True,9645;9728
NFLX,Long,605,2023-08-22T20:00:00Z,40.9,2023-08-29T20:00:00Z,41.6,423.5,10.2022,-125.24,1269.9,1247.51,7.0,True,9618;9729
TMUS,Long,188,2023-08-02T20:00:00Z,129.769699,2023-08-29T20:00:00Z,128.068421,-319.84,9.6848,-707.2,390.92,1098.12,27.0,False,9273;9730
TSLA,Short,104,2023-08-24T20:00:00Z,238.65,2023-08-29T20:00:00Z,238.61,4.16,5.3493,-1927.12,6.24,1933.36,5.0,True,9663;9731
AAPL,Long,139,2023-08-08T20:00:00Z,177.0136,2023-08-30T20:00:00Z,182.531249,766.95,10.0721,-741.64,1130.39,748.81,22.0,True,9371;9735
AMZN,Short,183,2023-08-18T20:00:00Z,131.45,2023-08-30T20:00:00Z,134.98,-645.99,9.8194,-744.81,0.0,744.81,12.0,False,9568;9736
ANTM,Long,54,2023-08-15T20:00:00Z,445.260514,2023-08-30T20:00:00Z,435.420817,-531.34,9.4945,-879.94,0.0,879.94,15.0,False,9511;9737
MDT,Long,330,2023-08-16T20:00:00Z,74.133519,2023-08-30T20:00:00Z,74.03465,-32.63,9.7216,-421.18,367.79,788.97,14.0,False,9531;9738
AVGO,Short,298,2023-08-25T20:00:00Z,82.515445,2023-08-30T20:00:00Z,85.920933,-1014.84,10.0083,-1014.84,0.0,1014.84,5.0,False,9688;9739
COP,Long,230,2023-08-29T20:00:00Z,107.342845,2023-08-30T20:00:00Z,107.716259,85.89,9.9024,0.0,175.96,90.07,1.0,True,9712;9740
DIS,Long,291,2023-08-16T20:00:00Z,83.905999,2023-08-30T20:00:00Z,81.831134,-603.79,9.629,-1151.14,0.0,1151.14,14.0,False,9527;9741
FB,Short,85,2023-08-29T20:00:00Z,285.713533,2023-08-30T20:00:00Z,294.360713,-735.01,9.9869,-735.01,0.0,735.01,1.0,False,9708;9742
INTC,Long,746,2023-08-29T20:00:00Z,32.948928,2023-08-30T20:00:00Z,33.499716,410.89,10.102,0.0,755.74,344.85,1.0,True,9733;9743
VRTX,Long,70,2023-08-29T20:00:00Z,350.46,2023-08-30T20:00:00Z,353.17,189.7,9.8283,0.0,189.7,0.0,1.0,True,9716;9744
NEE,Short,401,2023-08-25T20:00:00Z,61.140993,2023-08-30T20:00:00Z,61.637304,-199.02,9.8736,-262.3,0.0,262.3,5.0,False,9694;9745
NKE,Long,240,2023-08-08T20:00:00Z,101.910765,2023-08-30T20:00:00Z,94.483355,-1782.58,9.4501,-2677.21,13.39,2690.6,22.0,False,9376;9746
T,Short,2034,2023-08-29T20:00:00Z,12.364841,2023-08-30T20:00:00Z,12.72349,-729.49,10.2546,-729.49,0.0,729.49,1.0,False,9715;9747
TMO,Long,45,2023-08-24T20:00:00Z,539.578715,2023-08-30T20:00:00Z,552.019112,559.82,9.7713,-160.78,614.6,160.78,6.0,True,9666;9748
UPS,Long,160,2023-08-03T20:00:00Z,151.931937,2023-08-30T20:00:00Z,144.919401,-1122.01,9.4821,-1820.11,18.7,1838.81,27.0,False,9326;9749
WMT,Short,485,2023-08-22T20:00:00Z,50.593291,2023-08-30T20:00:00Z,51.811045,-590.61,9.9702,-715.94,0.0,715.94,8.0,False,9591;9750
SPY,Long,420,2023-08-23T20:00:00Z,422.029342,2023-08-30T20:00:00Z,432.043109,4205.78,100.7777,-912.19,4787.0,2639.71,7.0,True,9647;9760
SPY,Long,65,2023-08-24T20:00:00Z,427.32453,2023-08-30T20:00:00Z,432.043109,306.71,5.4581,-485.36,396.66,408.53,6.0,True,9673;9760
SPY,Long,48,2023-08-29T20:00:00Z,425.364061,2023-08-30T20:00:00Z,432.043109,320.59,4.1438,-264.32,387.02,66.43,1.0,True,9717;9760
SPY,Long,105,2023-08-29T20:00:00Z,425.364061,2023-08-30T20:00:00Z,432.043109,701.3,9.0646,-578.19,846.61,145.31,1.0,True,9734;9760
SPY,Short,112,2023-08-30T20:00:00Z,432.043109,2023-08-31T20:00:00Z,434.090069,-229.26,9.6946,-229.26,0.0,229.26,1.0,False,9760;9761
AXP,Long,157,2023-08-16T20:00:00Z,155.721158,2023-08-31T20:00:00Z,155.16101,-87.94,9.6641,-523.11,0.0,523.11,15.0,False,9530;9762
DE,Long,65,2023-08-22T20:00:00Z,376.875857,2023-08-31T20:00:00Z,397.325071,1329.2,9.9319,-380.48,1329.2,476.54,9.0,True,9595;9763
KO,Long,451,2023-08-30T20:00:00Z,55.186742,2023-08-31T20:00:00Z,54.986526,-90.3,9.8752,-332.46,0.0,332.46,1.0,False,9752;9764
MCD,Long,93,2023-08-25T20:00:00Z,263.458728,2023-08-31T20:00:00Z,263.238053,-20.52,9.7615,-180.56,0.0,180.56,6.0,False,9690;9765
PM,Long,293,2023-08-30T20:00:00Z,84.996745,2023-08-31T20:00:00Z,85.304545,90.19,9.9369,-152.03,90.19,152.03,1.0,True,9755;9766
SYK,Long,92,2023-08-23T20:00:00Z,268.810338,2023-08-31T20:00:00Z,279.00763,938.15,9.998,-299.31,938.15,321.65,8.0,True,9641;9767
TJX,Short,283,2023-08-30T20:00:00Z,87.714245,2023-08-31T20:00:00Z,88.483668,-217.75,10.0485,-340.23,0.0,340.23,1.0,False,9758;9768
TXN,Long,158,2023-08-30T20:00:00Z,152.820716,2023-08-31T20:00:00Z,154.931499,333.5,9.7815,0.0,333.5,0.0,1.0,True,9753;9769
V,Short,105,2023-08-09T20:00:00Z,234.636081,2023-08-31T20:00:00Z,240.052535,-568.73,9.9551,-634.41,274.91,909.32,22.0,False,9433;9770
ADP,Short,105,2023-08-30T20:00:00Z,234.745273,2023-09-01T20:00:00Z,234.754486,-0.97,9.881,-93.84,16.45,110.29,2.0,False,9757;9776
CRM,Long,117,2023-08-31T20:00:00Z,223.728967,2023-09-01T20:00:00Z,219.313264,-516.64,10.1718,-742.81,0.0,742.81,1.0,False,9772;9777
DIS,Long,304,2023-08-31T20:00:00Z,81.889308,2023-09-01T20:00:00Z,79.504182,-725.08,9.7449,-831.19,0.0,831.19,1.0,False,9773;9778
UBER,Long,547,2023-08-30T20:00:00Z,45.35,2023-09-01T20:00:00Z,47.5,1176.05,10.2344,0.0,1176.05,103.93,2.0,True,9759;9779
T,Short,1977,2023-08-31T20:00:00Z,12.638097,2023-09-01T20:00:00Z,12.646637,-16.88,9.9402,-16.88,253.23,270.11,1.0,False,9775;9780
VZ,Long,899,2023-08-29T20:00:00Z,27.82871,2023-09-01T20:00:00Z,28.621946,713.12,10.2263,0.0,713.12,88.22,3.0,True,9711;9781
WFC,Long,634,2023-08-29T20:00:00Z,38.893404,2023-09-01T20:00:00Z,38.651657,-153.27,9.8622,-336.01,0.0,336.01,3.0,False,9710;9782
AMD,Long,240,2023-08-25T20:00:00Z,101.0,2023-09-05T20:00:00Z,108.83,1879.2,10.2254,0.0,2347.2,468.0,11.0,True,9692;9794
AVGO,Short,279,2023-09-01T20:00:00Z,86.745106,2023-09-05T20:00:00Z,83.718005,844.56,9.3734,0.0,844.56,0.0,4.0,True,9784;9795
BLK,Short,39,2023-08-16T20:00:00Z,622.172988,2023-09-05T20:00:00Z,655.203873,-1288.2,9.9099,-1310.66,150.66,1461.32,20.0,False,9532;9796
GILD,Long,359,2023-09-01T20:00:00Z,69.573753,2023-09-05T20:00:00Z,69.330488,-87.33,9.8207,-666.31,0.0,666.31,4.0,False,9792;9797
GS,Long,80,2023-08-30T20:00:00Z,308.661309,2023-09-05T20:00:00Z,306.510033,-172.1,9.7624,-467.67,0.0,467.67,6.0,False,9756;9798
IBM,Short,185,2023-08-29T20:00:00Z,133.406339,2023-09-05T20:00:00Z,134.846796,-266.48,9.9368,-303.59,0.0,303.59,7.0,False,9713;9799
ISRG,Long,81,2023-08-29T20:00:00Z,301.5,2023-09-05T20:00:00Z,310.0,688.5,4.9844,0.0,1383.48,882.9,7.0,True,9714;9800
MCD,Long,94,2023-09-01T20:00:00Z,262.810175,2023-09-05T20:00:00Z,261.377714,-134.65,9.7946,-295.53,0.0,295.53,4.0,False,9787;9801
NOW,Long,216,2023-08-15T20:00:00Z,113.498,2023-09-05T20:00:00Z,118.176,1010.45,9.9944,-1122.77,1281.74,1122.77,21.0,True,9509;9802
PM,Long,293,2023-09-01T20:00:00Z,85.075894,2023-09-05T20:00:00Z,83.941431,-332.4,9.8013,-574.61,0.0,574.61,4.0,False,9789;9803
SCHW,Short,437,2023-09-01T20:00:00Z,57.159601,2023-09-05T20:00:00Z,58.243878,-473.83,10.0787,-473.83,0.0,473.83,4.0,False,9790;9804
TXN,Long,160,2023-09-01T20:00:00Z,155.996068,2023-09-05T20:00:00Z,155.17011,-132.15,9.9723,-132.15,0.0,132.15,4.0,False,9788;9805
MA,Short,63,2023-08-23T20:00:00Z,392.210787,2023-09-05T20:00:00Z,406.041848,-871.36,14.9079,-1008.74,99.02,1107.76,13.0,False,9635;9806
JNJ,Long,167,2023-09-01T20:00:00Z,148.228838,2023-09-05T20:00:00Z,147.439117,-131.88,14.8078,-131.88,0.0,131.88,4.0,False,9783;9807
SPY,Short,46,2023-09-01T20:00:00Z,435.406658,2023-09-06T20:00:00Z,430.909112,206.89,7.9343,0.0,302.82,95.93,5.0,True,9793;9824
ABT,Long,255,2023-08-29T20:00:00Z,97.044772,2023-09-06T20:00:00Z,94.89344,-548.59,9.8435,-579.73,265.91,845.64,8.0,False,9732;9825
ANTM,Short,59,2023-09-01T20:00:00Z,422.623523,2023-09-06T20:00:00Z,426.718657,-241.61,9.9372,-241.61,0.0,241.61,5.0,False,9791;9826
MDT,Long,336,2023-09-05T20:00:00Z,73.693104,2023-09-06T20:00:00Z,71.58091,-709.7,9.7189,-709.7,0.0,709.7,1.0,False,9817;9827
COST,Short,47,2023-08-29T20:00:00Z,513.516129,2023-09-06T20:00:00Z,520.608522,-333.34,9.8418,-674.82,0.0,674.82,8.0,False,9709;9828
DE,Long,61,2023-09-05T20:00:00Z,403.898376,2023-09-06T20:00:00Z,395.473031,-513.95,9.702,-513.95,0.0,513.95,1.0,False,9816;9829
INTU,Long,47,2023-08-30T20:00:00Z,525.141909,2023-09-06T20:00:00Z,536.588186,537.98,10.0207,0.0,608.21,70.23,7.0,True,9754;9830
LIN,Short,66,2023-09-05T20:00:00Z,375.285602,2023-09-06T20:00:00Z,366.027845,611.01,9.7164,0.0,611.01,0.0,1.0,True,9811;9831
MDLZ,Long,388,2023-09-05T20:00:00Z,63.802429,2023-09-06T20:00:00Z,63.756588,-17.79,9.9071,-17.79,35.57,53.36,1.0,False,9823;9832
MS,Short,317,2023-09-05T20:00:00Z,78.303918,2023-09-06T20:00:00Z,76.880873,451.11,9.7745,0.0,485.81,34.7,1.0,True,9814;9833
PG,Short,173,2023-09-05T20:00:00Z,142.125119,2023-09-06T20:00:00Z,140.729742,241.4,9.7385,0.0,265.38,23.98,1.0,True,9808;9834
MSFT,Long,75,2023-07-28T20:00:00Z,325.422971,2023-09-06T20:00:00Z,325.750399,24.56,9.8278,-1213.94,189.4,1403.34,40.0,True,9226;9835
AMGN,Long,106,2023-09-06T20:00:00Z,232.566836,2023-09-07T20:00:00Z,229.002103,-377.86,9.7546,-377.86,0.0,377.86,1.0,False,9841;9845
UBER,Long,527,2023-09-05T20:00:00Z,46.9,2023-09-07T20:00:00Z,45.5,-737.8,9.7832,-737.8,0.0,737.8,2.0,False,9822;9846
GS,Long,81,2023-09-06T20:00:00Z,301.468565,2023-09-07T20:00:00Z,299.887845,-128.04,9.7444,-128.04,0.0,128.04,1.0,False,9842;9847
INTC,Long,689,2023-09-05T20:00:00Z,35.997934,2023-09-07T20:00:00Z,36.263492,182.97,10.1501,0.0,1070.71,887.74,2.0,True,9812;9848
LOW,Short,114,2023-08-31T20:00:00Z,217.411944,2023-09-07T20:00:00Z,215.697889,195.4,9.9653,-296.32,195.4,429.46,7.0,True,9774;9849
T,Short,1984,2023-09-05T20:00:00Z,12.510009,2023-09-07T20:00:00Z,12.475852,67.77,9.8568,0.0,67.77,0.0,2.0,True,9820;9850
UNP,Short,119,2023-09-05T20:00:00Z,205.433291,2023-09-07T20:00:00Z,198.83419,785.29,9.4966,0.0,991.36,206.07,2.0,True,9815;9851
SPY,Short,70,2023-09-07T20:00:00Z,425.834958,2023-09-08T20:00:00Z,427.584004,-122.43,11.9792,-162.12,0.0,162.12,1.0,False,9857;9858
AMD,Long,223,2023-09-06T20:00:00Z,110.64,2023-09-08T20:00:00Z,107.0,-811.72,9.6055,-1014.65,0.0,1014.65,2.0,False,9839;9859
AVGO,Short,294,2023-09-06T20:00:00Z,84.005888,2023-09-08T20:00:00Z,82.320956,495.37,9.7932,0.0,495.37,14.72,2.0,True,9836;9860
HON,Long,144,2023-09-07T20:00:00Z,171.549697,2023-09-08T20:00:00Z,170.667574,-127.03,9.8588,-127.03,0.0,127.03,1.0,False,9854;9861
IBM,Long,183,2023-09-07T20:00:00Z,135.038249,2023-09-08T20:00:00Z,134.336254,-128.47,9.8501,-128.47,0.0,128.47,1.0,False,9853;9862
LMT,Long,59,2023-08-11T20:00:00Z,413.752183,2023-09-08T20:00:00Z,393.573446,-1190.55,9.5238,-1358.85,183.42,1542.27,28.0,False,9474;9863
SBUX,Long,265,2023-08-09T20:00:00Z,93.164824,2023-09-08T20:00:00Z,88.329402,-1281.39,9.5679,-1384.6,293.84,1678.44,30.0,False,9441;9864
DIS,Long,313,2023-09-05T20:00:00Z,78.806097,2023-09-12T20:00:00Z,80.502832,531.08,10.0073,-218.5,728.34,218.5,7.0,True,9813;9876
RTX,Long,310,2023-09-08T20:00:00Z,79.433758,2023-09-12T20:00:00Z,70.617204,-2733.13,9.288,-2733.13,0.0,2733.13,4.0,False,9870;9880
TMO,Long,44,2023-09-01T20:00:00Z,557.640549,2023-09-12T20:00:00Z,509.690092,-2109.82,9.3033,-2284.44,0.0,2284.44,11.0,False,9786;9882
SHOP,Short,381,2023-09-08T20:00:00Z,64.34,2023-09-12T20:00:00Z,63.68,251.46,9.5966,-83.82,537.21,285.75,4.0,True,9873;9884
ABBV,Long,186,2023-08-31T20:00:00Z,133.786465,2023-09-12T20:00:00Z,134.787227,186.14,9.9339,-462.84,186.14,462.84,12.0,True,9771;9896
AMAT,Long,170,2023-09-08T20:00:00Z,144.307096,2023-09-12T20:00:00Z,142.646485,-282.3,9.6814,-624.39,0.0,624.39,4.0,False,9869;9897
AMGN,Long,106,2023-09-08T20:00:00Z,233.764221,2023-09-12T20:00:00Z,240.098477,671.43,10.0713,0.0,671.43,136.61,4.0,True,9867;9898
MDT,Long,343,2023-09-08T20:00:00Z,71.517993,2023-09-12T20:00:00Z,73.324593,619.66,9.9233,0.0,619.66,129.48,4.0,True,9871;9899
MDLZ,Long,387,2023-09-07T20:00:00Z,64.150826,2023-09-12T20:00:00Z,65.434393,496.74,10.01,-53.22,496.74,109.99,5.0,True,9856;9900
BX,Short,251,2023-09-06T20:00:00Z,97.443471,2023-09-12T20:00:00Z,103.106992,-1421.54,10.0599,-1439.8,0.0,1439.8,6.0,False,9844;9901
NKE,Long,264,2023-09-06T20:00:00Z,93.046771,2023-09-12T20:00:00Z,90.463174,-682.07,9.676,-851.97,0.0,851.97,6.0,False,9840;9902
NVDA,Short,568,2023-08-18T20:00:00Z,42.468157,2023-09-12T20:00:00Z,44.603218,-1212.71,9.9854,-3824.97,0.0,3824.97,25.0,False,9569;9903
PG,Short,174,2023-09-08T20:00:00Z,141.773965,2023-09-12T20:00:00Z,143.224787,-252.44,9.8083,-252.44,223.5,475.94,4.0,False,9865;9904
SCHW,Short,442,2023-09-07T20:00:00Z,55.893013,2023-09-12T20:00:00Z,57.485844,-704.03,10.038,-962.74,0.0,962.74,5.0,False,9855;9905
TXN,Long,160,2023-09-07T20:00:00Z,151.939693,2023-09-12T20:00:00Z,151.122912,-130.69,9.6384,-303.95,41.11,345.07,5.0,False,9852;9906
MMC,Long,133,2023-09-05T20:00:00Z,186.112958,2023-09-12T20:00:00Z,186.179549,8.86,9.8645,-216.35,155.62,216.35,7.0,True,9821;9907
ISRG,Long,81,2023-09-12T20:00:00Z,300.92,2023-09-14T20:00:00Z,305.68,385.56,9.8057,0.0,385.56,0.0,2.0,True,9911;9919
JNJ,Short,168,2023-09-05T20:00:00Z,147.439117,2023-09-14T20:00:00Z,151.222433,-635.6,9.9839,-635.6,393.39,1028.99,9.0,False,9807;9922
MA,Long,60,2023-09-05T20:00:00Z,406.041848,2023-09-14T20:00:00Z,410.904331,291.75,9.7448,-10.02,291.75,197.45,9.0,True,9806;9923
ADBE,Long,44,2023-09-05T20:00:00Z,557.88,2023-09-14T20:00:00Z,551.09,-298.76,9.83,-689.48,291.28,980.76,9.0,False,9809;9936
AMD,Long,234,2023-09-12T20:00:00Z,104.2,2023-09-14T20:00:00Z,108.53,1013.22,9.9188,0.0,1013.22,252.72,2.0,True,9908;9937
BLK,Short,38,2023-09-06T20:00:00Z,643.494021,2023-09-14T20:00:00Z,658.217611,-559.5,9.9237,-669.68,0.0,669.68,8.0,False,9843;9938
CB,Short,124,2023-09-12T20:00:00Z,198.042766,2023-09-14T20:00:00Z,202.14597,-508.8,10.0011,-716.25,0.0,716.25,2.0,False,9895;9939
CRM,Short,111,2023-09-12T20:00:00Z,218.920757,2023-09-14T20:00:00Z,215.309693,400.83,9.5946,0.0,470.54,69.71,2.0,True,9885;9940
CVX,Short,174,2023-09-01T20:00:00Z,143.462857,2023-09-14T20:00:00Z,147.802732,-755.14,10.1769,-755.14,0.0,755.14,13.0,False,9785;9941
UBER,Long,503,2023-09-12T20:00:00Z,48.37,2023-09-14T20:00:00Z,48.63,130.78,9.6817,-105.63,130.78,105.63,2.0,True,9894;9942
HD,Short,81,2023-09-06T20:00:00Z,303.258357,2023-09-14T20:00:00Z,303.128731,10.5,9.8341,-157.49,123.75,281.24,8.0,True,9837;9943
ORCL,Short,214,2023-08-30T20:00:00Z,115.886383,2023-09-14T20:00:00Z,108.955471,1483.22,9.6475,-1230.53,2280.29,1306.54,15.0,True,9751;9944
WFC,Long,641,2023-09-12T20:00:00Z,38.50289,2023-09-14T20:00:00Z,39.776711,816.52,10.2035,0.0,977.44,160.92,2.0,True,9888;9945
SCHW,Long,439,2023-09-14T20:00:00Z,56.948503,2023-09-14T20:00:00Z,56.948503,0.0,15.1039,0.0,0.0,0.0,0.0,False,9931;9948
DE,Long,64,2023-09-12T20:00:00Z,383.276432,2023-09-15T20:00:00Z,395.156361,760.32,10.0029,0.0,779.97,19.65,3.0,True,9910;9953
BX,Short,241,2023-09-14T20:00:00Z,103.525165,2023-09-15T20:00:00Z,103.534256,-2.19,9.9246,-2.19,19.72,21.91,1.0,False,9932;9954
SBUX,Long,275,2023-09-14T20:00:00Z,89.78533,2023-09-15T20:00:00Z,90.184087,109.66,9.8636,-150.46,109.66,150.46,1.0,True,9930;9955
T,Short,1987,2023-09-12T20:00:00Z,12.407538,2023-09-15T20:00:00Z,12.808882,-797.47,15.0644,-1170.76,0.0,1170.76,3.0,False,9893;9958
SPY,Short,106,2023-09-12T20:00:00Z,429.525252,2023-09-15T20:00:00Z,431.175518,-174.93,42.4959,-347.37,205.36,392.19,3.0,False,9913;9961
ADP,Short,105,2023-09-05T20:00:00Z,233.934472,2023-09-19T20:00:00Z,228.197304,602.4,9.6728,0.0,712.27,191.54,14.0,True,9819;9962
AMAT,Long,175,2023-09-14T20:00:00Z,143.01768,2023-09-19T20:00:00Z,136.472919,-1145.33,9.6509,-1487.22,0.0,1487.22,5.0,False,9929;9963
ANTM,Short,58,2023-09-15T20:00:00Z,421.148763,2023-09-19T20:00:00Z,419.436776,99.3,9.7166,0.0,221.76,122.46,4.0,True,9959;9964
CI,Short,93,2023-09-08T20:00:00Z,264.627007,2023-09-19T20:00:00Z,268.580325,-367.66,9.935,-531.74,0.0,531.74,11.0,False,9872;9965
DHR,Long,127,2023-09-12T20:00:00Z,192.361281,2023-09-19T20:00:00Z,195.250563,366.94,9.8807,0.0,613.2,246.26,7.0,True,9887;9966
DIS,Long,305,2023-09-14T20:00:00Z,81.6857,2023-09-19T20:00:00Z,81.360896,-99.07,9.8444,-677.19,393.3,1070.49,5.0,False,9928;9967
PEP,Short,158,2023-09-06T20:00:00Z,156.970024,2023-09-19T20:00:00Z,160.712107,-591.25,10.0115,-894.67,0.0,894.67,13.0,False,9838;9968
T,Long,1920,2023-09-15T20:00:00Z,12.808882,2023-09-19T20:00:00Z,12.860118,98.37,4.9908,0.0,360.7,262.33,4.0,True,9958;9969
MA,Short,60,2023-09-14T20:00:00Z,410.904331,2023-09-19T20:00:00Z,409.588022,78.98,9.7492,0.0,281.14,202.16,5.0,True,9923;9971
JNJ,Long,164,2023-09-14T20:00:00Z,151.222433,2023-09-19T20:00:00Z,148.991011,-365.95,9.8006,-486.43,0.0,486.43,5.0,False,9922;9972
SPY,Short,117,2023-09-12T20:00:00Z,429.525252,2023-09-19T20:00:00Z,426.951428,301.14,9.9907,-383.42,301.14,432.89,7.0,True,9913;9983
