id,submitted_utc,filled_utc,symbol,type,direction,quantity,fill_price,value,fee,status,tag
1,2024-01-02T21:00:00Z,2024-01-03T21:00:00Z,MA,MarketOnOpen,Buy,60,414.352846,24861.17,4.9435,Filled,
2,2024-01-02T21:00:00Z,2024-01-03T21:00:00Z,JNJ,MarketOnOpen,Buy,168,149.008594,25033.44,5.0064,Filled,
3,2024-01-02T21:00:00Z,2024-01-03T21:00:00Z,NFLX,MarketOnOpen,Sell,-532,46.732,-24861.42,5.0036,Filled,
4,2024-01-02T21:00:00Z,2024-01-03T21:00:00Z,INTC,MarketOnOpen,Sell,-528,46.546611,-24576.61,4.9028,Filled,
5,2024-01-02T21:00:00Z,2024-01-03T21:00:00Z,LIN,MarketOnOpen,Sell,-63,391.996861,-24695.8,4.9719,Filled,
6,2024-01-02T21:00:00Z,2024-01-03T21:00:00Z,ABT,MarketOnOpen,Sell,-240,104.043366,-24970.41,4.966,Filled,
7,2024-01-02T21:00:00Z,2024-01-03T21:00:00Z,INTU,MarketOnOpen,Buy,42,584.620675,24554.07,4.8581,Filled,
8,2024-01-02T21:00:00Z,2024-01-03T21:00:00Z,DIS,MarketOnOpen,Buy,282,87.768805,24750.8,5.0286,Filled,
9,2024-01-02T21:00:00Z,2024-01-03T21:00:00Z,NKE,MarketOnOpen,Buy,250,98.844097,24711.02,4.8683,Filled,
10,2024-01-02T21:00:00Z,2024-01-03T21:00:00Z,AMGN,MarketOnOpen,Sell,-91,276.412331,-25153.52,5.0414,Filled,
11,2024-01-02T21:00:00Z,2024-01-03T21:00:00Z,MS,MarketOnOpen,Sell,-287,85.899827,-24653.25,4.8713,Filled,
12,2024-01-02T21:00:00Z,2024-01-03T21:00:00Z,UPS,MarketOnOpen,Sell,-184,134.021436,-24659.94,4.9405,Filled,
13,2024-01-02T21:00:00Z,2024-01-03T21:00:00Z,BLK,MarketOnOpen,Sell,-33,746.129294,-24622.27,4.8731,Filled,
14,2024-01-02T21:00:00Z,2024-01-03T21:00:00Z,T,MarketOnOpen,Sell,-1659,15.072018,-25004.48,4.9764,Filled,
15,2024-01-02T21:00:00Z,2024-01-03T21:00:00Z,ISRG,MarketOnOpen,Sell,-75,328.1,-24607.5,4.8319,Filled,
16,2024-01-02T21:00:00Z,2024-01-03T21:00:00Z,SBUX,MarketOnOpen,Sell,-285,87.611931,-24969.4,4.9551,Filled,
17,2024-01-02T21:00:00Z,2024-01-03T21:00:00Z,CVS,MarketOnOpen,Sell,-342,73.216182,-25039.93,4.976,Filled,
18,2024-01-02T21:00:00Z,2024-01-03T21:00:00Z,GILD,MarketOnOpen,Sell,-326,76.79858,-25036.34,4.9971,Filled,
19,2024-01-02T21:00:00Z,2024-01-03T21:00:00Z,AMT,MarketOnOpen,Sell,-124,199.32045,-24715.74,4.8795,Filled,
20,2024-01-02T21:00:00Z,2024-01-03T21:00:00Z,SHOP,MarketOnOpen,Sell,-337,72.04,-24277.48,4.8407,Filled,
21,2024-01-02T21:00:00Z,2024-01-03T21:00:00Z,BX,MarketOnOpen,Sell,-212,114.636733,-24302.99,4.7572,Filled,
22,2024-01-02T21:00:00Z,2024-01-03T21:00:00Z,PANW,MarketOnOpen,Sell,-172,142.375,-24488.5,4.9269,Filled,
23,2024-01-02T21:00:00Z,2024-01-03T21:00:00Z,CB,MarketOnOpen,Sell,-113,221.101602,-24984.48,4.9387,Filled,
24,2024-01-02T21:00:00Z,2024-01-03T21:00:00Z,ZTS,MarketOnOpen,Sell,-131,188.500686,-24693.59,4.8633,Filled,
25,2024-01-02T21:00:00Z,2024-01-03T21:00:00Z,SPY,MarketOnOpen,Buy,525,455.591972,239185.79,47.6633,Filled,
26,2024-01-03T05:00:00Z,2024-01-03T21:00:00Z,AVGO,MarketOnOpen,Buy,236,104.110477,24570.07,4.8592,Filled,
27,2024-01-03T05:00:00Z,2024-01-03T21:00:00Z,XOM,MarketOnOpen,Buy,266,93.519308,24876.14,5.0229,Filled,
28,2024-01-03T05:00:00Z,2024-01-03T21:00:00Z,ORCL,MarketOnOpen,Sell,-248,99.526751,-24682.63,4.8964,Filled,
29,2024-01-03T05:00:00Z,2024-01-03T21:00:00Z,ABBV,MarketOnOpen,Sell,-171,146.235053,-25006.19,4.9972,Filled,
30,2024-01-03T05:00:00Z,2024-01-03T21:00:00Z,CVX,MarketOnOpen,Sell,-187,133.031734,-24876.93,5.0781,Filled,
31,2024-01-03T05:00:00Z,2024-01-03T21:00:00Z,TMO,MarketOnOpen,Sell,-46,537.94474,-24745.46,4.8215,Filled,
32,2024-01-03T05:00:00Z,2024-01-03T21:00:00Z,CSCO,MarketOnOpen,Sell,-530,46.974497,-24896.48,5.021,Filled,
33,2024-01-03T05:00:00Z,2024-01-03T21:00:00Z,DHR,MarketOnOpen,Buy,107,231.919617,24815.4,4.8669,Filled,
34,2024-01-03T05:00:00Z,2024-01-03T21:00:00Z,PFE,MarketOnOpen,Buy,1003,25.070223,25145.43,4.9838,Filled,
35,2024-01-03T05:00:00Z,2024-01-03T21:00:00Z,TXN,MarketOnOpen,Sell,-159,155.582981,-24737.69,4.9107,Filled,
36,2024-01-03T05:00:00Z,2024-01-03T21:00:00Z,BA,MarketOnOpen,Sell,-99,248.69,-24620.31,4.8294,Filled,
37,2024-01-03T05:00:00Z,2024-01-03T21:00:00Z,AMAT,MarketOnOpen,Buy,165,148.513288,24504.69,4.8925,Filled,
38,2024-01-03T05:00:00Z,2024-01-03T21:00:00Z,GS,MarketOnOpen,Sell,-68,362.005673,-24616.39,4.8965,Filled,
39,2024-01-03T05:00:00Z,2024-01-03T21:00:00Z,SCHW,MarketOnOpen,Sell,-374,64.852948,-24255.0,4.8344,Filled,
40,2024-01-03T05:00:00Z,2024-01-03T21:00:00Z,BKNG,MarketOnOpen,Sell,-183,135.293218,-24758.66,4.8756,Filled,
41,2024-01-03T05:00:00Z,2024-01-03T21:00:00Z,UBER,MarketOnOpen,Sell,-427,57.61,-24599.47,4.9745,Filled,
42,2024-01-03T05:00:00Z,2024-01-03T21:00:00Z,MDT,MarketOnOpen,Sell,-329,75.813455,-24942.63,5.0042,Filled,
43,2024-01-03T05:00:00Z,2024-01-03T21:00:00Z,BMY,MarketOnOpen,Sell,-538,46.20862,-24860.24,4.9362,Filled,
44,2024-01-03T05:00:00Z,2024-01-03T21:00:00Z,C,MarketOnOpen,Sell,-508,49.209635,-24998.49,5.0363,Filled,
45,2024-01-03T05:00:00Z,2024-01-03T21:00:00Z,MDLZ,MarketOnOpen,Sell,-363,68.989053,-25043.03,4.9365,Filled,
46,2024-01-03T05:00:00Z,2024-01-03T21:00:00Z,ADI,MarketOnOpen,Sell,-134,182.908578,-24509.75,4.8554,Filled,
47,2024-01-03T05:00:00Z,2024-01-03T21:00:00Z,MU,MarketOnOpen,Sell,-305,80.345868,-24505.49,4.9773,Filled,
48,2024-01-03T05:00:00Z,2024-01-03T21:00:00Z,CI,MarketOnOpen,Sell,-84,296.963545,-24944.94,4.8359,Filled,
49,2024-01-03T05:00:00Z,2024-01-03T21:00:00Z,SPY,MarketOnOpen,Buy,188,455.591972,85651.29,17.068,Filled,
50,2024-01-04T05:00:00Z,2024-01-04T21:00:00Z,ADI,MarketOnOpen,Buy,134,174.404101,23370.15,4.7812,Filled,closed
51,2024-01-04T05:00:00Z,2024-01-04T21:00:00Z,AMAT,MarketOnOpen,Sell,-165,146.643534,-24196.18,4.8234,Filled,closed
52,2024-01-04T05:00:00Z,2024-01-04T21:00:00Z,AMGN,MarketOnOpen,Buy,91,277.665191,25267.53,5.083,Filled,closed
53,2024-01-04T05:00:00Z,2024-01-04T21:00:00Z,BX,MarketOnOpen,Buy,212,112.105756,23766.42,4.7786,Filled,closed
54,2024-01-04T05:00:00Z,2024-01-04T21:00:00Z,AVGO,MarketOnOpen,Sell,-236,102.888028,-24281.57,4.8152,Filled,closed
55,2024-01-04T05:00:00Z,2024-01-04T21:00:00Z,BA,MarketOnOpen,Buy,99,244.58,24213.42,4.8498,Filled,closed
56,2024-01-04T05:00:00Z,2024-01-04T21:00:00Z,CB,MarketOnOpen,Buy,113,220.783095,24948.49,4.9581,Filled,closed
57,2024-01-04T05:00:00Z,2024-01-04T21:00:00Z,SHOP,MarketOnOpen,Buy,337,71.63,24139.31,4.9485,Filled,closed
58,2024-01-04T05:00:00Z,2024-01-04T21:00:00Z,CSCO,MarketOnOpen,Buy,530,47.34024,25090.33,4.9783,Filled,closed
59,2024-01-04T05:00:00Z,2024-01-04T21:00:00Z,CVS,MarketOnOpen,Buy,342,72.181801,24686.18,4.9532,Filled,closed
60,2024-01-04T05:00:00Z,2024-01-04T21:00:00Z,DIS,MarketOnOpen,Sell,-282,89.257072,-25170.49,4.9688,Filled,closed
61,2024-01-04T05:00:00Z,2024-01-04T21:00:00Z,GILD,MarketOnOpen,Buy,326,76.927113,25078.24,5.057,Filled,closed
62,2024-01-04T05:00:00Z,2024-01-04T21:00:00Z,GS,MarketOnOpen,Buy,68,361.694477,24595.22,4.9113,Filled,closed
63,2024-01-04T05:00:00Z,2024-01-04T21:00:00Z,INTC,MarketOnOpen,Buy,528,45.145377,23836.76,4.8841,Filled,closed
64,2024-01-04T05:00:00Z,2024-01-04T21:00:00Z,ISRG,MarketOnOpen,Buy,75,320.43,24032.25,4.8491,Filled,closed
65,2024-01-04T05:00:00Z,2024-01-04T21:00:00Z,JNJ,MarketOnOpen,Sell,-168,149.434385,-25104.98,4.9958,Filled,closed
66,2024-01-04T05:00:00Z,2024-01-04T21:00:00Z,MA,MarketOnOpen,Sell,-60,411.696738,-24701.8,4.9554,Filled,closed
67,2024-01-04T05:00:00Z,2024-01-04T21:00:00Z,MDLZ,MarketOnOpen,Buy,363,67.819904,24618.63,4.9365,Filled,closed
68,2024-01-04T05:00:00Z,2024-01-04T21:00:00Z,MDT,MarketOnOpen,Buy,329,76.005411,25005.78,5.0481,Filled,closed
69,2024-01-04T05:00:00Z,2024-01-04T21:00:00Z,NFLX,MarketOnOpen,Buy,532,47.298,25162.54,5.0505,Filled,closed
70,2024-01-04T05:00:00Z,2024-01-04T21:00:00Z,NKE,MarketOnOpen,Sell,-250,96.008482,-24002.12,4.7869,Filled,closed
71,2024-01-04T05:00:00Z,2024-01-04T21:00:00Z,PFE,MarketOnOpen,Sell,-1003,24.928158,-25002.94,4.8765,Filled,closed
72,2024-01-04T05:00:00Z,2024-01-04T21:00:00Z,SBUX,MarketOnOpen,Buy,285,86.810034,24740.86,4.9721,Filled,closed
73,2024-01-04T05:00:00Z,2024-01-04T21:00:00Z,T,MarketOnOpen,Buy,1659,15.03721,24946.73,4.9518,Filled,closed
74,2024-01-04T05:00:00Z,2024-01-04T21:00:00Z,TMO,MarketOnOpen,Buy,46,522.593578,24039.3,4.8994,Filled,closed
75,2024-01-04T05:00:00Z,2024-01-04T21:00:00Z,TXN,MarketOnOpen,Buy,159,150.498449,23929.25,4.8437,Filled,closed
76,2024-01-04T05:00:00Z,2024-01-04T21:00:00Z,UPS,MarketOnOpen,Buy,184,133.833958,24625.45,4.9232,Filled,closed
77,2024-01-04T05:00:00Z,2024-01-04T21:00:00Z,XOM,MarketOnOpen,Sell,-266,95.174436,-25316.4,4.9781,Filled,closed
78,2024-01-04T05:00:00Z,2024-01-04T21:00:00Z,ZTS,MarketOnOpen,Buy,131,185.546944,24306.65,4.8913,Filled,closed
79,2024-01-04T05:00:00Z,2024-01-04T21:00:00Z,TSLA,MarketOnOpen,Buy,104,239.15,24871.6,4.9489,Filled,
80,2024-01-04T05:00:00Z,2024-01-04T21:00:00Z,UNH,MarketOnOpen,Buy,48,513.548159,24650.31,4.9339,Filled,
81,2024-01-04T05:00:00Z,2024-01-04T21:00:00Z,AMD,MarketOnOpen,Buy,184,134.25,24702.0,5.0052,Filled,
82,2024-01-04T05:00:00Z,2024-01-04T21:00:00Z,NEE,MarketOnOpen,Buy,437,57.333634,25054.8,4.9811,Filled,
83,2024-01-04T05:00:00Z,2024-01-04T21:00:00Z,DE,MarketOnOpen,Sell,-65,381.304291,-24784.78,4.9303,Filled,
84,2024-01-04T05:00:00Z,2024-01-04T21:00:00Z,VRTX,MarketOnOpen,Sell,-60,411.11,-24666.6,4.9938,Filled,
85,2024-01-04T05:00:00Z,2024-01-04T21:00:00Z,REGN,MarketOnOpen,Sell,-27,909.200042,-24548.4,4.8797,Filled,
86,2024-01-04T05:00:00Z,2024-01-04T21:00:00Z,PGR,MarketOnOpen,Sell,-167,150.639498,-25156.8,4.98,Filled,
87,2024-01-04T05:00:00Z,2024-01-04T21:00:00Z,SPY,MarketOnOpen,Sell,-191,453.510096,-86620.43,17.2845,Filled,
88,2024-01-05T21:00:00Z,,LIN,MarketOnOpen,Buy,63,0.0,0.0,0.0,Canceled,closed
89,2024-01-05T21:00:00Z,,MS,MarketOnOpen,Buy,287,0.0,0.0,0.0,Canceled,closed
90,2024-01-05T21:00:00Z,2024-01-08T21:00:00Z,REGN,MarketOnOpen,Buy,27,881.679746,23805.35,4.83,Filled,closed
91,2024-01-05T21:00:00Z,2024-01-08T21:00:00Z,AMZN,MarketOnOpen,Buy,171,146.8,25102.8,5.0992,Filled,
92,2024-01-05T21:00:00Z,2024-01-08T21:00:00Z,KO,MarketOnOpen,Buy,452,55.226119,24962.21,5.0242,Filled,
93,2024-01-05T21:00:00Z,2024-01-08T21:00:00Z,INTC,MarketOnOpen,Sell,-539,46.418329,-25019.48,5.1539,Filled,
94,2024-01-05T21:00:00Z,2024-01-08T21:00:00Z,SYK,MarketOnOpen,Sell,-86,290.027569,-24942.37,5.0385,Filled,
95,2024-01-05T21:00:00Z,2024-01-08T21:00:00Z,LMT,MarketOnOpen,Sell,-58,422.486516,-24504.22,4.946,Filled,
96,2024-01-05T21:00:00Z,2024-01-08T21:00:00Z,SBUX,MarketOnOpen,Sell,-288,86.810034,-25001.29,5.0588,Filled,
97,2024-01-05T21:00:00Z,2024-01-08T21:00:00Z,GILD,MarketOnOpen,Sell,-326,76.073285,-24799.89,5.0276,Filled,
98,2024-01-05T21:00:00Z,2024-01-08T21:00:00Z,MDLZ,MarketOnOpen,Sell,-368,67.829183,-24961.14,5.0339,Filled,
99,2024-01-05T21:00:00Z,2024-01-08T21:00:00Z,SPY,MarketOnOpen,Buy,58,453.539146,26305.27,5.3309,Filled,
100,2024-01-08T05:00:00Z,2024-01-08T21:00:00Z,MU,MarketOnOpen,Buy,305,83.153014,25361.67,5.1401,Filled,closed
101,2024-01-08T05:00:00Z,2024-01-08T21:00:00Z,C,MarketOnOpen,Buy,508,49.893487,25345.89,5.0711,Filled,closed
102,2024-01-08T05:00:00Z,2024-01-08T21:00:00Z,INTU,MarketOnOpen,Sell,-42,580.25725,-24370.8,4.9176,Filled,closed
103,2024-01-08T05:00:00Z,2024-01-08T21:00:00Z,LIN,MarketOnOpen,Buy,63,393.039406,24761.48,4.9662,Filled,closed
104,2024-01-08T05:00:00Z,2024-01-08T21:00:00Z,MS,MarketOnOpen,Buy,287,86.066031,24700.95,4.9561,Filled,closed
105,2024-01-08T05:00:00Z,2024-01-08T21:00:00Z,NEE,MarketOnOpen,Sell,-437,56.927863,-24877.48,5.0714,Filled,closed
106,2024-01-08T05:00:00Z,2024-01-08T21:00:00Z,PGR,MarketOnOpen,Buy,167,149.50522,24967.37,5.0524,Filled,closed
107,2024-01-08T05:00:00Z,2024-01-08T21:00:00Z,SCHW,MarketOnOpen,Buy,374,64.583049,24154.06,4.8885,Filled,closed
108,2024-01-08T05:00:00Z,2024-01-08T21:00:00Z,UNH,MarketOnOpen,Sell,-48,508.271334,-24397.02,4.8534,Filled,closed
109,2024-01-08T05:00:00Z,2024-01-08T21:00:00Z,PANW,MarketOnOpen,Buy,172,142.22,24461.84,4.9794,Filled,closed
110,2024-01-08T05:00:00Z,2024-01-08T21:00:00Z,JPM,MarketOnOpen,Buy,152,163.278951,24818.4,4.9619,Filled,
111,2024-01-08T05:00:00Z,2024-01-08T21:00:00Z,MCD,MarketOnOpen,Buy,92,269.971299,24837.36,5.0258,Filled,
112,2024-01-08T05:00:00Z,2024-01-08T21:00:00Z,AXP,MarketOnOpen,Sell,-135,183.231014,-24736.19,4.9701,Filled,
113,2024-01-08T05:00:00Z,2024-01-08T21:00:00Z,MDT,MarketOnOpen,Sell,-323,77.687311,-25093.0,5.1119,Filled,
114,2024-01-08T05:00:00Z,2024-01-08T21:00:00Z,TJX,MarketOnOpen,Sell,-282,88.529039,-24965.19,5.0535,Filled,
115,2024-01-08T05:00:00Z,2024-01-08T21:00:00Z,SHOP,MarketOnOpen,Sell,-335,74.89,-25088.15,5.2052,Filled,
116,2024-01-08T05:00:00Z,2024-01-08T21:00:00Z,BX,MarketOnOpen,Sell,-222,112.408373,-24954.66,4.9812,Filled,
117,2024-01-08T05:00:00Z,2024-01-08T21:00:00Z,ZTS,MarketOnOpen,Sell,-133,187.163324,-24892.72,5.02,Filled,
118,2024-01-08T05:00:00Z,2024-01-08T21:00:00Z,SPY,MarketOnOpen,Buy,79,453.539146,35829.59,7.2611,Filled,
119,2024-01-09T05:00:00Z,2024-01-09T21:00:00Z,AMD,MarketOnOpen,Sell,-184,145.93,-26851.12,5.4928,Filled,closed
120,2024-01-09T05:00:00Z,2024-01-09T21:00:00Z,SHOP,MarketOnOpen,Buy,335,77.25,25878.75,5.3674,Filled,closed
121,2024-01-09T05:00:00Z,2024-01-09T21:00:00Z,INTC,MarketOnOpen,Buy,539,47.365642,25530.08,5.1113,Filled,closed
122,2024-01-09T05:00:00Z,2024-01-09T21:00:00Z,JPM,MarketOnOpen,Sell,-152,162.842478,-24752.06,4.9227,Filled,closed
123,2024-01-09T05:00:00Z,2024-01-09T21:00:00Z,KO,MarketOnOpen,Sell,-452,55.466514,-25070.86,5.015,Filled,closed
124,2024-01-09T05:00:00Z,2024-01-09T21:00:00Z,LMT,MarketOnOpen,Buy,58,426.33567,24727.47,4.9211,Filled,closed
125,2024-01-09T05:00:00Z,2024-01-09T21:00:00Z,MCD,MarketOnOpen,Sell,-92,271.019332,-24933.78,5.0081,Filled,closed
126,2024-01-09T05:00:00Z,2024-01-09T21:00:00Z,MDT,MarketOnOpen,Buy,323,79.00358,25518.16,5.1172,Filled,closed
127,2024-01-09T05:00:00Z,2024-01-09T21:00:00Z,UBER,MarketOnOpen,Buy,427,58.5,24979.5,5.1496,Filled,closed
128,2024-01-09T05:00:00Z,2024-01-09T21:00:00Z,TJX,MarketOnOpen,Buy,282,89.291637,25180.24,5.0676,Filled,closed
129,2024-01-09T05:00:00Z,2024-01-09T21:00:00Z,ZTS,MarketOnOpen,Buy,133,188.144697,25023.24,5.0146,Filled,closed
130,2024-01-09T05:00:00Z,2024-01-09T21:00:00Z,AVGO,MarketOnOpen,Buy,239,103.632973,24768.28,5.0321,Filled,
131,2024-01-09T05:00:00Z,2024-01-09T21:00:00Z,ADBE,MarketOnOpen,Buy,43,578.33,24868.19,5.0413,Filled,
132,2024-01-09T05:00:00Z,2024-01-09T21:00:00Z,NFLX,MarketOnOpen,Buy,515,47.526,24475.89,4.9655,Filled,
133,2024-01-09T05:00:00Z,2024-01-09T21:00:00Z,LIN,MarketOnOpen,Sell,-63,392.691891,-24739.59,4.9455,Filled,
134,2024-01-09T05:00:00Z,2024-01-09T21:00:00Z,SCHW,MarketOnOpen,Sell,-382,64.583049,-24670.72,4.9157,Filled,
135,2024-01-09T05:00:00Z,2024-01-09T21:00:00Z,C,MarketOnOpen,Sell,-501,49.708662,-24904.04,4.9521,Filled,
136,2024-01-09T05:00:00Z,2024-01-09T21:00:00Z,ADP,MarketOnOpen,Sell,-113,218.92325,-24738.33,4.9523,Filled,
137,2024-01-09T05:00:00Z,2024-01-09T21:00:00Z,MRSH,MarketOnOpen,Buy,136,181.755793,24718.79,4.963,Filled,
138,2024-01-09T05:00:00Z,2024-01-09T21:00:00Z,PANW,MarketOnOpen,Sell,-172,144.125,-24789.5,5.1683,Filled,
139,2024-01-09T05:00:00Z,2024-01-09T21:00:00Z,SPY,MarketOnOpen,Sell,-86,456.928246,-39295.83,7.8925,Filled,
140,2024-01-10T05:00:00Z,2024-01-10T21:00:00Z,ADBE,MarketOnOpen,Sell,-43,585.43,-25173.49,5.0829,Filled,closed
141,2024-01-10T05:00:00Z,2024-01-10T21:00:00Z,ADP,MarketOnOpen,Buy,113,218.885987,24734.12,4.9538,Filled,closed
142,2024-01-10T05:00:00Z,2024-01-10T21:00:00Z,AMT,MarketOnOpen,Buy,124,193.931677,24047.53,4.7495,Filled,closed
143,2024-01-10T05:00:00Z,2024-01-10T21:00:00Z,CVX,MarketOnOpen,Buy,187,130.152722,24338.56,4.8169,Filled,closed
144,2024-01-10T05:00:00Z,2024-01-10T21:00:00Z,MRSH,MarketOnOpen,Sell,-136,182.319154,-24795.41,4.998,Filled,closed
145,2024-01-10T05:00:00Z,2024-01-10T21:00:00Z,SBUX,MarketOnOpen,Buy,288,86.71679,24974.44,5.0217,Filled,closed
146,2024-01-10T05:00:00Z,2024-01-10T21:00:00Z,XOM,MarketOnOpen,Buy,274,91.260653,25005.42,4.944,Filled,
147,2024-01-10T05:00:00Z,2024-01-10T21:00:00Z,AMD,MarketOnOpen,Sell,-167,150.0,-25050.0,4.9612,Filled,
148,2024-01-10T05:00:00Z,2024-01-10T21:00:00Z,MAAS,MarketOnOpen,Buy,67,370.2,24803.4,4.8481,Filled,
149,2024-01-10T05:00:00Z,2024-01-10T21:00:00Z,AMAT,MarketOnOpen,Buy,169,148.552445,25105.36,4.9569,Filled,
150,2024-01-10T05:00:00Z,2024-01-10T21:00:00Z,PLD,MarketOnOpen,Sell,-205,122.780373,-25169.98,5.0033,Filled,
151,2024-01-10T05:00:00Z,2024-01-10T21:00:00Z,TJX,MarketOnOpen,Sell,-278,89.870827,-24984.09,5.0526,Filled,
152,2024-01-10T05:00:00Z,2024-01-10T21:00:00Z,SHOP,MarketOnOpen,Sell,-312,80.79,-25206.48,5.0606,Filled,
153,2024-01-10T05:00:00Z,2024-01-10T21:00:00Z,PGR,MarketOnOpen,Sell,-164,151.920135,-24914.9,4.9659,Filled,
154,2024-01-10T05:00:00Z,2024-01-10T21:00:00Z,PANW,MarketOnOpen,Buy,338,152.83,51656.54,10.6859,Filled,
155,2024-01-10T05:00:00Z,2024-01-10T21:00:00Z,CB,MarketOnOpen,Sell,-115,216.912755,-24944.97,5.0003,Filled,
156,2024-01-10T05:00:00Z,2024-01-10T21:00:00Z,SPY,MarketOnOpen,Sell,-84,459.15537,-38569.05,7.7525,Filled,
157,2024-01-11T05:00:00Z,2024-01-11T21:00:00Z,AMAT,MarketOnOpen,Sell,-169,147.084052,-24857.2,5.0277,Filled,closed
158,2024-01-11T05:00:00Z,2024-01-11T21:00:00Z,AMZN,MarketOnOpen,Sell,-171,155.07,-26516.97,5.3072,Filled,closed
159,2024-01-11T05:00:00Z,2024-01-11T21:00:00Z,AXP,MarketOnOpen,Buy,135,179.991345,24298.83,4.8603,Filled,closed
160,2024-01-11T05:00:00Z,2024-01-11T21:00:00Z,BLK,MarketOnOpen,Buy,33,750.413551,24763.65,4.9257,Filled,closed
161,2024-01-11T05:00:00Z,2024-01-11T21:00:00Z,CB,MarketOnOpen,Buy,115,218.128872,25084.82,5.0549,Filled,closed
162,2024-01-11T05:00:00Z,2024-01-11T21:00:00Z,SHOP,MarketOnOpen,Buy,312,81.15,25318.8,5.0731,Filled,closed
163,2024-01-11T05:00:00Z,2024-01-11T21:00:00Z,CI,MarketOnOpen,Buy,84,291.531805,24488.67,4.8953,Filled,closed
164,2024-01-11T05:00:00Z,2024-01-11T21:00:00Z,DHR,MarketOnOpen,Sell,-107,225.638071,-24143.27,4.8068,Filled,closed
165,2024-01-11T05:00:00Z,2024-01-11T21:00:00Z,MAAS,MarketOnOpen,Sell,-67,330.0,-22110.0,4.824,Filled,closed
166,2024-01-11T05:00:00Z,2024-01-11T21:00:00Z,GILD,MarketOnOpen,Buy,326,77.48715,25260.81,5.1114,Filled,closed
167,2024-01-11T05:00:00Z,2024-01-11T21:00:00Z,LIN,MarketOnOpen,Buy,63,392.1127,24703.1,4.937,Filled,closed
168,2024-01-11T05:00:00Z,2024-01-11T21:00:00Z,MDLZ,MarketOnOpen,Buy,368,67.597209,24875.77,4.9704,Filled,closed
169,2024-01-11T05:00:00Z,2024-01-11T21:00:00Z,NFLX,MarketOnOpen,Sell,-515,49.254,-25365.81,5.07,Filled,closed
170,2024-01-11T05:00:00Z,2024-01-11T21:00:00Z,PGR,MarketOnOpen,Buy,164,151.846956,24902.9,5.0412,Filled,closed
171,2024-01-11T05:00:00Z,2024-01-11T21:00:00Z,SYK,MarketOnOpen,Buy,86,300.945105,25881.28,5.1899,Filled,closed
172,2024-01-11T05:00:00Z,2024-01-11T21:00:00Z,PANW,MarketOnOpen,Sell,-166,160.265,-26603.99,5.3703,Filled,closed
173,2024-01-11T05:00:00Z,2024-01-11T21:00:00Z,META,MarketOnOpen,Sell,-68,368.47091,-25056.02,4.9798,Filled,
174,2024-01-11T05:00:00Z,2024-01-11T21:00:00Z,MA,MarketOnOpen,Buy,59,424.6618,25055.05,4.9612,Filled,
175,2024-01-11T05:00:00Z,2024-01-11T21:00:00Z,PG,MarketOnOpen,Sell,-179,139.590456,-24986.69,5.0107,Filled,
176,2024-01-11T05:00:00Z,2024-01-11T21:00:00Z,MCD,MarketOnOpen,Buy,91,275.529615,25073.19,5.0095,Filled,
177,2024-01-11T05:00:00Z,2024-01-11T21:00:00Z,INTU,MarketOnOpen,Buy,42,598.836651,25151.14,5.01,Filled,
178,2024-01-11T05:00:00Z,2024-01-11T21:00:00Z,PFE,MarketOnOpen,Buy,1034,24.125911,24946.19,4.908,Filled,
179,2024-01-11T05:00:00Z,2024-01-11T21:00:00Z,IBM,MarketOnOpen,Buy,168,148.463805,24941.92,5.0237,Filled,
180,2024-01-11T05:00:00Z,2024-01-11T21:00:00Z,BA,MarketOnOpen,Buy,109,228.0,24852.0,4.854,Filled,
181,2024-01-11T05:00:00Z,2024-01-11T21:00:00Z,HON,MarketOnOpen,Buy,132,188.839023,24926.75,4.973,Filled,
182,2024-01-11T05:00:00Z,2024-01-11T21:00:00Z,ISRG,MarketOnOpen,Buy,68,364.45,24782.6,4.9274,Filled,
183,2024-01-11T05:00:00Z,2024-01-11T21:00:00Z,LOW,MarketOnOpen,Sell,-120,208.524166,-25022.9,5.0055,Filled,
184,2024-01-11T05:00:00Z,2024-01-11T21:00:00Z,T,MarketOnOpen,Sell,-1679,14.857555,-24945.84,4.8229,Filled,
185,2024-01-11T05:00:00Z,2024-01-11T21:00:00Z,MDT,MarketOnOpen,Sell,-314,79.460618,-24950.63,4.9993,Filled,
186,2024-01-11T05:00:00Z,2024-01-11T21:00:00Z,SBUX,MarketOnOpen,Sell,-287,87.024495,-24976.03,4.9743,Filled,
187,2024-01-11T05:00:00Z,2024-01-11T21:00:00Z,CVS,MarketOnOpen,Sell,-351,71.26435,-25013.79,4.9838,Filled,
188,2024-01-11T05:00:00Z,2024-01-11T21:00:00Z,AMT,MarketOnOpen,Sell,-130,190.889037,-24815.57,4.9479,Filled,
189,2024-01-11T05:00:00Z,2024-01-11T21:00:00Z,MU,MarketOnOpen,Sell,-306,82.141251,-25135.22,5.0623,Filled,
190,2024-01-11T05:00:00Z,2024-01-11T21:00:00Z,SPY,MarketOnOpen,Sell,-157,462.399223,-72596.68,14.4835,Filled,
191,2024-01-12T05:00:00Z,2024-01-12T21:00:00Z,SPY,MarketOnOpen,Sell,-332,462.680034,-153609.77,30.6487,Filled,closed
192,2024-01-12T05:00:00Z,2024-01-12T21:00:00Z,MU,MarketOnOpen,Buy,306,82.012301,25095.76,5.0015,Filled,closed
193,2024-01-12T05:00:00Z,2024-01-12T21:00:00Z,AMT,MarketOnOpen,Buy,130,192.153749,24979.99,4.9903,Filled,closed
194,2024-01-12T05:00:00Z,2024-01-12T21:00:00Z,BX,MarketOnOpen,Buy,222,110.48263,24527.14,4.859,Filled,closed
195,2024-01-12T05:00:00Z,2024-01-12T21:00:00Z,BA,MarketOnOpen,Sell,-109,220.0,-23980.0,4.7459,Filled,closed
196,2024-01-12T05:00:00Z,2024-01-12T21:00:00Z,BKNG,MarketOnOpen,Buy,183,139.578423,25542.85,5.0088,Filled,closed
197,2024-01-12T05:00:00Z,2024-01-12T21:00:00Z,BMY,MarketOnOpen,Buy,538,44.712891,24055.54,4.8035,Filled,closed
198,2024-01-12T05:00:00Z,2024-01-12T21:00:00Z,C,MarketOnOpen,Buy,501,48.331717,24214.19,4.8725,Filled,closed
199,2024-01-12T05:00:00Z,2024-01-12T21:00:00Z,IBM,MarketOnOpen,Sell,-168,150.261746,-25243.97,5.1365,Filled,closed
200,2024-01-12T05:00:00Z,2024-01-12T21:00:00Z,LOW,MarketOnOpen,Buy,120,208.656791,25038.81,4.9771,Filled,closed
201,2024-01-12T05:00:00Z,2024-01-12T21:00:00Z,MCD,MarketOnOpen,Sell,-91,276.587005,-25169.42,4.9979,Filled,closed
202,2024-01-12T05:00:00Z,2024-01-12T21:00:00Z,PFE,MarketOnOpen,Sell,-1034,23.816712,-24626.48,4.9599,Filled,closed
203,2024-01-12T05:00:00Z,2024-01-12T21:00:00Z,SBUX,MarketOnOpen,Buy,287,86.931251,24949.27,4.923,Filled,closed
204,2024-01-12T05:00:00Z,2024-01-12T21:00:00Z,T,MarketOnOpen,Buy,1679,14.450741,24262.79,4.8941,Filled,closed
205,2024-01-12T05:00:00Z,2024-01-12T21:00:00Z,KO,MarketOnOpen,Sell,-452,55.549728,-25108.48,5.0476,Filled,
206,2024-01-12T05:00:00Z,2024-01-12T21:00:00Z,DIS,MarketOnOpen,Buy,287,87.33108,25064.02,5.0469,Filled,
207,2024-01-12T05:00:00Z,2024-01-12T21:00:00Z,AMGN,MarketOnOpen,Buy,89,281.239529,25030.32,5.0261,Filled,
208,2024-01-12T05:00:00Z,2024-01-12T21:00:00Z,TXN,MarketOnOpen,Buy,163,154.351209,25159.25,4.9778,Filled,
209,2024-01-12T05:00:00Z,2024-01-12T21:00:00Z,NOW,MarketOnOpen,Buy,172,144.96,24933.12,5.0168,Filled,
210,2024-01-12T05:00:00Z,2024-01-12T21:00:00Z,MS,MarketOnOpen,Buy,299,84.283954,25200.9,4.9529,Filled,
211,2024-01-12T05:00:00Z,2024-01-12T21:00:00Z,SPGI,MarketOnOpen,Buy,62,404.775373,25096.07,5.0138,Filled,
212,2024-01-12T05:00:00Z,2024-01-12T21:00:00Z,AXP,MarketOnOpen,Buy,139,180.789101,25129.69,4.9234,Filled,
213,2024-01-12T05:00:00Z,2024-01-12T21:00:00Z,AMAT,MarketOnOpen,Sell,-168,149.120224,-25052.2,4.9749,Filled,
214,2024-01-12T05:00:00Z,2024-01-12T21:00:00Z,RTX,MarketOnOpen,Sell,-309,82.135295,-25379.81,5.0625,Filled,
215,2024-01-12T05:00:00Z,2024-01-12T21:00:00Z,GILD,MarketOnOpen,Sell,-319,78.84593,-25151.85,5.0597,Filled,
216,2024-01-12T05:00:00Z,2024-01-12T21:00:00Z,SHOP,MarketOnOpen,Sell,-308,81.1,-24978.8,5.0142,Filled,
217,2024-01-12T05:00:00Z,2024-01-12T21:00:00Z,PANW,MarketOnOpen,Sell,-154,162.01,-24949.54,5.0084,Filled,
218,2024-01-12T05:00:00Z,2024-01-12T21:00:00Z,PGR,MarketOnOpen,Sell,-162,154.93878,-25100.08,5.0058,Filled,
219,2024-01-16T05:00:00Z,2024-01-16T21:00:00Z,ABT,MarketOnOpen,Buy,240,107.782796,25867.87,5.1831,Filled,closed
220,2024-01-16T05:00:00Z,2024-01-16T21:00:00Z,AMD,MarketOnOpen,Buy,167,150.35,25108.45,5.3019,Filled,closed
221,2024-01-16T05:00:00Z,2024-01-16T21:00:00Z,AMGN,MarketOnOpen,Sell,-89,282.363418,-25130.34,4.9764,Filled,closed
222,2024-01-16T05:00:00Z,2024-01-16T21:00:00Z,SHOP,MarketOnOpen,Buy,308,80.2,24701.6,5.0093,Filled,closed
223,2024-01-16T05:00:00Z,2024-01-16T21:00:00Z,MS,MarketOnOpen,Sell,-299,80.331989,-24019.26,4.747,Filled,closed
224,2024-01-16T05:00:00Z,2024-01-16T21:00:00Z,NOW,MarketOnOpen,Sell,-172,146.0,-25112.0,5.0056,Filled,closed
225,2024-01-16T05:00:00Z,2024-01-16T21:00:00Z,PG,MarketOnOpen,Buy,179,139.683448,25003.34,4.9867,Filled,closed
226,2024-01-16T05:00:00Z,2024-01-16T21:00:00Z,PGR,MarketOnOpen,Buy,162,155.35956,25168.25,4.996,Filled,closed
227,2024-01-16T05:00:00Z,2024-01-16T21:00:00Z,RTX,MarketOnOpen,Buy,309,81.708298,25247.86,5.0138,Filled,closed
228,2024-01-16T05:00:00Z,2024-01-16T21:00:00Z,TSLA,MarketOnOpen,Sell,-104,215.0,-22360.0,4.5741,Filled,closed
229,2024-01-16T05:00:00Z,2024-01-16T21:00:00Z,VRTX,MarketOnOpen,Buy,60,431.78,25906.8,5.2499,Filled,closed
230,2024-01-16T05:00:00Z,2024-01-16T21:00:00Z,XOM,MarketOnOpen,Sell,-274,91.205787,-24990.39,4.8938,Filled,closed
231,2024-01-16T05:00:00Z,2024-01-16T21:00:00Z,HD,MarketOnOpen,Sell,-75,333.752094,-25031.41,5.0115,Filled,
232,2024-01-16T05:00:00Z,2024-01-16T21:00:00Z,ACN,MarketOnOpen,Sell,-74,330.227058,-24436.8,4.9279,Filled,
233,2024-01-16T05:00:00Z,2024-01-16T21:00:00Z,INTC,MarketOnOpen,Sell,-537,46.378857,-24905.45,4.9874,Filled,
234,2024-01-16T05:00:00Z,2024-01-16T21:00:00Z,WFC,MarketOnOpen,Buy,562,43.883663,24662.62,4.9367,Filled,
235,2024-01-16T05:00:00Z,2024-01-16T21:00:00Z,VZ,MarketOnOpen,Buy,763,32.783351,25013.7,5.0922,Filled,
236,2024-01-16T05:00:00Z,2024-01-16T21:00:00Z,IBM,MarketOnOpen,Buy,163,152.871065,24917.98,5.0185,Filled,
237,2024-01-16T05:00:00Z,2024-01-16T21:00:00Z,PM,MarketOnOpen,Buy,290,86.037563,24950.89,4.9561,Filled,
238,2024-01-16T05:00:00Z,2024-01-16T21:00:00Z,MAAS,MarketOnOpen,Buy,69,351.0,24219.0,4.9183,Filled,
239,2024-01-16T05:00:00Z,2024-01-16T21:00:00Z,BKNG,MarketOnOpen,Sell,-182,136.671736,-24874.26,4.9832,Filled,
240,2024-01-16T05:00:00Z,2024-01-16T21:00:00Z,SYK,MarketOnOpen,Sell,-81,303.611015,-24592.49,4.972,Filled,
241,2024-01-16T05:00:00Z,2024-01-16T21:00:00Z,ELV,MarketOnOpen,Sell,-55,456.578002,-25111.79,4.9668,Filled,
242,2024-01-16T05:00:00Z,2024-01-16T21:00:00Z,SBUX,MarketOnOpen,Sell,-291,86.399761,-25142.33,5.0306,Filled,
243,2024-01-16T05:00:00Z,2024-01-16T21:00:00Z,REGN,MarketOnOpen,Sell,-27,922.50449,-24907.62,5.0142,Filled,
244,2024-01-16T05:00:00Z,2024-01-16T21:00:00Z,AMT,MarketOnOpen,Sell,-130,191.512228,-24896.59,4.9574,Filled,
245,2024-01-16T05:00:00Z,2024-01-16T21:00:00Z,SPY,MarketOnOpen,Buy,118,460.191466,54302.59,10.8532,Filled,
246,2024-01-17T05:00:00Z,2024-01-17T21:00:00Z,AMAT,MarketOnOpen,Buy,168,149.883789,25180.48,5.0446,Filled,closed
247,2024-01-17T05:00:00Z,2024-01-17T21:00:00Z,AVGO,MarketOnOpen,Sell,-239,107.588185,-25713.58,5.1305,Filled,closed
248,2024-01-17T05:00:00Z,2024-01-17T21:00:00Z,BKNG,MarketOnOpen,Buy,182,136.630318,24866.72,4.9636,Filled,closed
249,2024-01-17T05:00:00Z,2024-01-17T21:00:00Z,CVS,MarketOnOpen,Buy,351,69.375481,24350.79,4.8613,Filled,closed
250,2024-01-17T05:00:00Z,2024-01-17T21:00:00Z,HD,MarketOnOpen,Buy,75,332.419174,24931.44,4.9733,Filled,closed
251,2024-01-17T05:00:00Z,2024-01-17T21:00:00Z,INTU,MarketOnOpen,Sell,-42,588.440759,-24714.51,4.937,Filled,closed
252,2024-01-17T05:00:00Z,2024-01-17T21:00:00Z,SBUX,MarketOnOpen,Buy,291,85.383403,24846.57,4.9802,Filled,closed
253,2024-01-17T05:00:00Z,2024-01-17T21:00:00Z,TXN,MarketOnOpen,Sell,-163,150.554017,-24540.3,4.9037,Filled,closed
254,2024-01-17T05:00:00Z,2024-01-17T21:00:00Z,VZ,MarketOnOpen,Sell,-763,32.910747,-25110.9,5.0377,Filled,closed
255,2024-01-17T05:00:00Z,2024-01-17T21:00:00Z,XOM,MarketOnOpen,Buy,279,88.361893,24652.97,4.95,Filled,
256,2024-01-17T05:00:00Z,2024-01-17T21:00:00Z,PG,MarketOnOpen,Sell,-179,138.651236,-24818.57,4.9917,Filled,
257,2024-01-17T05:00:00Z,2024-01-17T21:00:00Z,AMD,MarketOnOpen,Sell,-157,158.43,-24873.51,5.0293,Filled,
258,2024-01-17T05:00:00Z,2024-01-17T21:00:00Z,MCD,MarketOnOpen,Buy,91,271.496561,24706.19,4.9586,Filled,
259,2024-01-17T05:00:00Z,2024-01-17T21:00:00Z,UPS,MarketOnOpen,Buy,188,130.732044,24577.62,4.9524,Filled,
260,2024-01-17T05:00:00Z,2024-01-17T21:00:00Z,COP,MarketOnOpen,Buy,250,98.269315,24567.33,4.948,Filled,
261,2024-01-17T05:00:00Z,2024-01-17T21:00:00Z,BA,MarketOnOpen,Sell,-124,202.23,-25076.52,5.0359,Filled,
262,2024-01-17T05:00:00Z,2024-01-17T21:00:00Z,BLK,MarketOnOpen,Sell,-33,729.14292,-24061.72,4.8935,Filled,
263,2024-01-17T05:00:00Z,2024-01-17T21:00:00Z,BMY,MarketOnOpen,Sell,-563,43.923162,-24728.74,4.9937,Filled,
264,2024-01-17T05:00:00Z,2024-01-17T21:00:00Z,PGR,MarketOnOpen,Sell,-162,154.810716,-25079.34,5.0351,Filled,
265,2024-01-18T05:00:00Z,2024-01-18T21:00:00Z,AMD,MarketOnOpen,Buy,157,166.24,26099.68,5.1078,Filled,closed
266,2024-01-18T05:00:00Z,2024-01-18T21:00:00Z,AMT,MarketOnOpen,Buy,130,188.103004,24453.39,4.8587,Filled,closed
267,2024-01-18T05:00:00Z,2024-01-18T21:00:00Z,BA,MarketOnOpen,Buy,124,205.64,25499.36,5.2479,Filled,closed
268,2024-01-18T05:00:00Z,2024-01-18T21:00:00Z,DIS,MarketOnOpen,Sell,-287,88.177349,-25306.9,5.1485,Filled,closed
269,2024-01-18T05:00:00Z,2024-01-18T21:00:00Z,INTC,MarketOnOpen,Buy,537,46.408461,24921.34,4.9535,Filled,closed
270,2024-01-18T05:00:00Z,2024-01-18T21:00:00Z,PGR,MarketOnOpen,Buy,162,153.961937,24941.83,5.061,Filled,closed
271,2024-01-18T05:00:00Z,2024-01-18T21:00:00Z,SCHW,MarketOnOpen,Buy,382,60.833376,23238.35,4.6189,Filled,closed
272,2024-01-18T05:00:00Z,2024-01-18T21:00:00Z,SPGI,MarketOnOpen,Sell,-62,406.635155,-25211.38,5.0437,Filled,closed
273,2024-01-18T05:00:00Z,2024-01-18T21:00:00Z,V,MarketOnOpen,Sell,-95,262.39738,-24927.75,4.9904,Filled,
274,2024-01-18T05:00:00Z,2024-01-18T21:00:00Z,TMUS,MarketOnOpen,Sell,-160,154.371979,-24699.52,5.0089,Filled,
275,2024-01-18T05:00:00Z,2024-01-18T21:00:00Z,INTU,MarketOnOpen,Buy,42,591.223448,24831.38,5.0318,Filled,
276,2024-01-18T05:00:00Z,2024-01-18T21:00:00Z,UBER,MarketOnOpen,Buy,395,64.0,25280.0,5.1255,Filled,
277,2024-01-18T05:00:00Z,2024-01-18T21:00:00Z,VRTX,MarketOnOpen,Sell,-57,431.59,-24600.63,4.936,Filled,
278,2024-01-18T05:00:00Z,2024-01-18T21:00:00Z,C,MarketOnOpen,Sell,-526,47.546303,-25009.36,4.9688,Filled,
279,2024-01-18T05:00:00Z,2024-01-18T21:00:00Z,ADP,MarketOnOpen,Sell,-113,218.979146,-24744.64,4.9704,Filled,
280,2024-01-19T05:00:00Z,2024-01-19T21:00:00Z,BLK,MarketOnOpen,Buy,33,751.157411,24788.19,5.0054,Filled,closed
281,2024-01-19T05:00:00Z,2024-01-19T21:00:00Z,COP,MarketOnOpen,Sell,-250,97.763342,-24440.84,4.9618,Filled,closed
282,2024-01-19T05:00:00Z,2024-01-19T21:00:00Z,MAAS,MarketOnOpen,Sell,-69,352.2,-24301.8,4.8521,Filled,closed
283,2024-01-19T05:00:00Z,2024-01-19T21:00:00Z,IBM,MarketOnOpen,Sell,-163,157.287545,-25637.87,5.1543,Filled,closed
284,2024-01-19T05:00:00Z,2024-01-19T21:00:00Z,KO,MarketOnOpen,Buy,452,55.734647,25192.06,5.0008,Filled,closed
285,2024-01-19T05:00:00Z,2024-01-19T21:00:00Z,MCD,MarketOnOpen,Sell,-91,278.851503,-25375.49,5.1182,Filled,closed
286,2024-01-19T05:00:00Z,2024-01-19T21:00:00Z,SYK,MarketOnOpen,Buy,81,307.683119,24922.33,4.984,Filled,closed
287,2024-01-19T05:00:00Z,2024-01-19T21:00:00Z,VRTX,MarketOnOpen,Buy,57,433.52,24710.64,4.9592,Filled,closed
288,2024-01-19T05:00:00Z,2024-01-19T21:00:00Z,WFC,MarketOnOpen,Sell,-562,43.677284,-24546.63,5.0738,Filled,closed
289,2024-01-19T05:00:00Z,2024-01-19T21:00:00Z,XOM,MarketOnOpen,Sell,-279,88.480769,-24686.13,4.9469,Filled,closed
290,2024-01-19T05:00:00Z,2024-01-19T21:00:00Z,AVGO,MarketOnOpen,Sell,-224,112.549948,-25211.19,5.277,Filled,
291,2024-01-19T05:00:00Z,2024-01-19T21:00:00Z,JNJ,MarketOnOpen,Buy,167,149.202977,24916.9,4.9985,Filled,
292,2024-01-19T05:00:00Z,2024-01-19T21:00:00Z,AMD,MarketOnOpen,Sell,-153,166.04,-25404.12,5.3314,Filled,
293,2024-01-19T05:00:00Z,2024-01-19T21:00:00Z,DIS,MarketOnOpen,Buy,278,89.801797,24964.9,5.033,Filled,
294,2024-01-19T05:00:00Z,2024-01-19T21:00:00Z,UNP,MarketOnOpen,Buy,111,224.489516,24918.34,5.0,Filled,
295,2024-01-19T05:00:00Z,2024-01-19T21:00:00Z,AMAT,MarketOnOpen,Buy,158,159.144455,25144.82,5.1951,Filled,
296,2024-01-19T05:00:00Z,2024-01-19T21:00:00Z,NEE,MarketOnOpen,Sell,-469,53.285144,-24990.73,4.9532,Filled,
297,2024-01-19T05:00:00Z,2024-01-19T21:00:00Z,SCHW,MarketOnOpen,Sell,-412,60.756262,-25031.58,5.0659,Filled,
298,2024-01-19T05:00:00Z,2024-01-19T21:00:00Z,MU,MarketOnOpen,Sell,-296,85.315409,-25253.36,5.1388,Filled,
299,2024-01-19T05:00:00Z,2024-01-19T21:00:00Z,SPY,MarketOnOpen,Buy,157,462.563837,72622.52,14.6683,Filled,
300,2024-01-22T21:00:00Z,,MU,MarketOnOpen,Buy,296,0.0,0.0,0.0,Canceled,closed
301,2024-01-22T21:00:00Z,,ACN,MarketOnOpen,Buy,74,0.0,0.0,0.0,Canceled,closed
302,2024-01-22T21:00:00Z,,AMAT,MarketOnOpen,Sell,-158,0.0,0.0,0.0,Canceled,closed
303,2024-01-22T21:00:00Z,,C,MarketOnOpen,Buy,526,0.0,0.0,0.0,Canceled,closed
304,2024-01-22T21:00:00Z,,DE,MarketOnOpen,Buy,65,0.0,0.0,0.0,Canceled,closed
305,2024-01-22T21:00:00Z,,DIS,MarketOnOpen,Sell,-278,0.0,0.0,0.0,Canceled,closed
306,2024-01-22T21:00:00Z,,ELV,MarketOnOpen,Buy,55,0.0,0.0,0.0,Canceled,closed
307,2024-01-22T21:00:00Z,,MDT,MarketOnOpen,Buy,314,0.0,0.0,0.0,Canceled,closed
308,2024-01-22T21:00:00Z,,NEE,MarketOnOpen,Buy,469,0.0,0.0,0.0,Canceled,closed
309,2024-01-22T21:00:00Z,,ORCL,MarketOnOpen,Buy,248,0.0,0.0,0.0,Canceled,closed
310,2024-01-22T21:00:00Z,,PLD,MarketOnOpen,Buy,205,0.0,0.0,0.0,Canceled,closed
311,2024-01-22T21:00:00Z,,PM,MarketOnOpen,Sell,-290,0.0,0.0,0.0,Canceled,closed
312,2024-01-22T21:00:00Z,,REGN,MarketOnOpen,Buy,27,0.0,0.0,0.0,Canceled,closed
313,2024-01-22T21:00:00Z,2024-01-23T21:00:00Z,SCHW,MarketOnOpen,Buy,412,61.69127,25416.8,5.077,Filled,closed
314,2024-01-22T21:00:00Z,,TMUS,MarketOnOpen,Buy,160,0.0,0.0,0.0,Canceled,closed
315,2024-01-22T21:00:00Z,2024-01-23T21:00:00Z,PANW,MarketOnOpen,Buy,154,173.045,26648.93,5.2991,Filled,closed
316,2024-01-22T21:00:00Z,2024-01-23T21:00:00Z,MSFT,MarketOnOpen,Sell,-64,387.409338,-24794.2,4.9992,Filled,
317,2024-01-22T21:00:00Z,2024-01-23T21:00:00Z,MRK,MarketOnOpen,Sell,-227,108.455063,-24619.3,5.0011,Filled,
318,2024-01-22T21:00:00Z,2024-01-23T21:00:00Z,ADBE,MarketOnOpen,Sell,-41,602.21,-24690.61,4.8969,Filled,
319,2024-01-22T21:00:00Z,2024-01-23T21:00:00Z,CRM,MarketOnOpen,Sell,-90,275.049252,-24754.43,4.8885,Filled,
320,2024-01-22T21:00:00Z,2024-01-23T21:00:00Z,CVX,MarketOnOpen,Sell,-196,126.556186,-24805.01,4.9661,Filled,
321,2024-01-22T21:00:00Z,2024-01-23T21:00:00Z,PEP,MarketOnOpen,Sell,-167,148.7992,-24849.47,5.0629,Filled,
322,2024-01-22T21:00:00Z,2024-01-23T21:00:00Z,ABT,MarketOnOpen,Sell,-230,108.637085,-24986.53,4.9777,Filled,
323,2024-01-22T21:00:00Z,2024-01-23T21:00:00Z,WFC,MarketOnOpen,Buy,549,45.637884,25055.2,5.0595,Filled,
324,2024-01-22T21:00:00Z,2024-01-23T21:00:00Z,CAT,MarketOnOpen,Buy,89,281.24711,25030.99,4.9774,Filled,
325,2024-01-22T21:00:00Z,2024-01-23T21:00:00Z,MS,MarketOnOpen,Buy,315,79.159327,24935.19,5.0458,Filled,
326,2024-01-22T21:00:00Z,2024-01-23T21:00:00Z,VRTX,MarketOnOpen,Sell,-56,440.01,-24640.56,4.9246,Filled,
327,2024-01-22T21:00:00Z,2024-01-23T21:00:00Z,LRCX,MarketOnOpen,Sell,-306,81.139492,-24828.68,4.9704,Filled,
328,2024-01-22T21:00:00Z,2024-01-23T21:00:00Z,SBUX,MarketOnOpen,Sell,-288,86.744763,-24982.49,4.9396,Filled,
329,2024-01-22T21:00:00Z,2024-01-23T21:00:00Z,SHOP,MarketOnOpen,Sell,-311,80.7,-25097.7,5.0469,Filled,
330,2024-01-22T21:00:00Z,2024-01-23T21:00:00Z,MRSH,MarketOnOpen,Sell,-131,189.843376,-24869.48,4.9814,Filled,
331,2024-01-22T21:00:00Z,2024-01-23T21:00:00Z,AMT,MarketOnOpen,Sell,-133,187.65394,-24957.97,4.9307,Filled,
332,2024-01-22T21:00:00Z,2024-01-23T21:00:00Z,SPY,MarketOnOpen,Sell,-75,468.732,-35154.9,7.0425,Filled,
333,2024-01-23T05:00:00Z,2024-01-23T21:00:00Z,MU,MarketOnOpen,Buy,296,88.281263,26131.25,5.1399,Filled,closed
334,2024-01-23T05:00:00Z,2024-01-23T21:00:00Z,ACN,MarketOnOpen,Buy,74,346.249547,25622.47,5.1594,Filled,closed
335,2024-01-23T05:00:00Z,2024-01-23T21:00:00Z,AMAT,MarketOnOpen,Sell,-158,164.225095,-25947.57,5.1675,Filled,closed
336,2024-01-23T05:00:00Z,2024-01-23T21:00:00Z,AMD,MarketOnOpen,Buy,153,166.5,25474.5,5.1537,Filled,closed
337,2024-01-23T05:00:00Z,2024-01-23T21:00:00Z,AVGO,MarketOnOpen,Buy,224,118.743886,26598.63,5.3429,Filled,closed
338,2024-01-23T05:00:00Z,2024-01-23T21:00:00Z,C,MarketOnOpen,Buy,526,48.895433,25719.0,5.1817,Filled,closed
339,2024-01-23T05:00:00Z,2024-01-23T21:00:00Z,DE,MarketOnOpen,Buy,65,374.219653,24324.28,4.8684,Filled,closed
340,2024-01-23T05:00:00Z,2024-01-23T21:00:00Z,DIS,MarketOnOpen,Sell,-278,93.040965,-25865.39,5.0709,Filled,closed
341,2024-01-23T05:00:00Z,2024-01-23T21:00:00Z,ELV,MarketOnOpen,Buy,55,448.630962,24674.7,4.955,Filled,closed
342,2024-01-23T05:00:00Z,2024-01-23T21:00:00Z,GILD,MarketOnOpen,Buy,319,72.107118,23002.17,4.6555,Filled,closed
343,2024-01-23T05:00:00Z,2024-01-23T21:00:00Z,MA,MarketOnOpen,Sell,-59,433.795477,-25593.93,5.1012,Filled,closed
344,2024-01-23T05:00:00Z,2024-01-23T21:00:00Z,MDT,MarketOnOpen,Buy,314,79.396633,24930.54,4.9563,Filled,closed
345,2024-01-23T05:00:00Z,2024-01-23T21:00:00Z,NEE,MarketOnOpen,Buy,469,52.713375,24722.57,4.9635,Filled,closed
346,2024-01-23T05:00:00Z,2024-01-23T21:00:00Z,ORCL,MarketOnOpen,Buy,248,106.673172,26454.95,5.3649,Filled,closed
347,2024-01-23T05:00:00Z,2024-01-23T21:00:00Z,PLD,MarketOnOpen,Buy,205,118.595405,24312.06,4.7957,Filled,closed
348,2024-01-23T05:00:00Z,2024-01-23T21:00:00Z,PM,MarketOnOpen,Sell,-290,82.231151,-23847.03,4.814,Filled,closed
349,2024-01-23T05:00:00Z,2024-01-23T21:00:00Z,REGN,MarketOnOpen,Buy,27,934.521092,25232.07,5.1065,Filled,closed
350,2024-01-23T05:00:00Z,2024-01-23T21:00:00Z,TMUS,MarketOnOpen,Buy,160,156.583802,25053.41,4.9739,Filled,closed
351,2024-01-23T05:00:00Z,2024-01-23T21:00:00Z,SPGI,MarketOnOpen,Buy,60,412.529088,24751.75,4.9575,Filled,
352,2024-01-23T05:00:00Z,2024-01-23T21:00:00Z,ADI,MarketOnOpen,Sell,-132,189.016077,-24950.12,5.0971,Filled,
353,2024-01-23T05:00:00Z,2024-01-23T21:00:00Z,CVS,MarketOnOpen,Sell,-372,67.155647,-24981.9,5.0713,Filled,
354,2024-01-23T05:00:00Z,2024-01-23T21:00:00Z,SPY,MarketOnOpen,Sell,-27,468.732,-12655.76,2.5353,Filled,
355,2024-01-24T05:00:00Z,2024-01-24T21:00:00Z,ABT,MarketOnOpen,Buy,230,105.257897,24209.32,4.8366,Filled,closed
356,2024-01-24T05:00:00Z,2024-01-24T21:00:00Z,ADBE,MarketOnOpen,Buy,41,601.71,24670.11,4.9731,Filled,closed
357,2024-01-24T05:00:00Z,2024-01-24T21:00:00Z,ADI,MarketOnOpen,Buy,132,192.58278,25420.93,5.0194,Filled,closed
358,2024-01-24T05:00:00Z,2024-01-24T21:00:00Z,LRCX,MarketOnOpen,Buy,306,83.133723,25438.92,5.0768,Filled,closed
359,2024-01-24T05:00:00Z,2024-01-24T21:00:00Z,SHOP,MarketOnOpen,Buy,311,82.37,25617.07,5.0214,Filled,closed
360,2024-01-24T05:00:00Z,2024-01-24T21:00:00Z,CVS,MarketOnOpen,Buy,372,68.889223,25626.79,5.0099,Filled,closed
361,2024-01-24T05:00:00Z,2024-01-24T21:00:00Z,JNJ,MarketOnOpen,Sell,-167,147.657168,-24658.75,4.9144,Filled,closed
362,2024-01-24T05:00:00Z,2024-01-24T21:00:00Z,MRSH,MarketOnOpen,Buy,131,190.982673,25018.73,4.9884,Filled,closed
363,2024-01-24T05:00:00Z,2024-01-24T21:00:00Z,PG,MarketOnOpen,Buy,179,144.046478,25784.32,5.0962,Filled,closed
364,2024-01-24T05:00:00Z,2024-01-24T21:00:00Z,SBUX,MarketOnOpen,Buy,288,86.297192,24853.59,4.9433,Filled,closed
365,2024-01-24T05:00:00Z,2024-01-24T21:00:00Z,SPGI,MarketOnOpen,Sell,-60,414.897765,-24893.87,4.9509,Filled,closed
366,2024-01-24T05:00:00Z,2024-01-24T21:00:00Z,MSFT,MarketOnOpen,Buy,64,393.137059,25160.77,5.0451,Filled,closed
367,2024-01-24T05:00:00Z,2024-01-24T21:00:00Z,VRTX,MarketOnOpen,Buy,56,436.93,24468.08,4.7887,Filled,closed
368,2024-01-24T05:00:00Z,2024-01-24T21:00:00Z,WFC,MarketOnOpen,Sell,-549,46.313306,-25426.0,5.0976,Filled,closed
369,2024-01-24T05:00:00Z,2024-01-24T21:00:00Z,GOOGL,MarketOnOpen,Sell,-171,147.080428,-25150.75,5.0376,Filled,
370,2024-01-24T05:00:00Z,2024-01-24T21:00:00Z,XOM,MarketOnOpen,Buy,278,89.770123,24956.09,5.0639,Filled,
371,2024-01-24T05:00:00Z,2024-01-24T21:00:00Z,CSCO,MarketOnOpen,Sell,-513,48.737565,-25002.37,4.937,Filled,
372,2024-01-24T05:00:00Z,2024-01-24T21:00:00Z,VZ,MarketOnOpen,Buy,694,35.866344,24891.24,4.8663,Filled,
373,2024-01-24T05:00:00Z,2024-01-24T21:00:00Z,INTU,MarketOnOpen,Sell,-81,628.799549,-50932.76,10.0981,Filled,
374,2024-01-24T05:00:00Z,2024-01-24T21:00:00Z,DHR,MarketOnOpen,Sell,-108,227.347637,-24553.54,4.8656,Filled,
375,2024-01-24T05:00:00Z,2024-01-24T21:00:00Z,TXN,MarketOnOpen,Sell,-154,158.52812,-24413.33,4.8513,Filled,
376,2024-01-24T05:00:00Z,2024-01-24T21:00:00Z,PM,MarketOnOpen,Buy,300,83.207618,24962.29,4.9301,Filled,
377,2024-01-24T05:00:00Z,2024-01-24T21:00:00Z,SYK,MarketOnOpen,Buy,81,304.694956,24680.29,4.8685,Filled,
378,2024-01-24T05:00:00Z,2024-01-24T21:00:00Z,BLK,MarketOnOpen,Buy,33,751.260987,24791.61,4.8831,Filled,
379,2024-01-24T05:00:00Z,2024-01-24T21:00:00Z,ELV,MarketOnOpen,Sell,-55,464.610906,-25553.6,4.9708,Filled,
380,2024-01-24T05:00:00Z,2024-01-24T21:00:00Z,PANW,MarketOnOpen,Sell,-144,173.9,-25041.6,4.8974,Filled,
381,2024-01-24T05:00:00Z,2024-01-24T21:00:00Z,GILD,MarketOnOpen,Sell,-341,72.90586,-24860.9,4.9797,Filled,
382,2024-01-24T05:00:00Z,2024-01-24T21:00:00Z,MU,MarketOnOpen,Sell,-286,87.696027,-25081.06,4.9975,Filled,
383,2024-01-24T05:00:00Z,2024-01-24T21:00:00Z,SPY,MarketOnOpen,Sell,-91,472.314764,-42980.64,8.5542,Filled,
384,2024-01-25T05:00:00Z,2024-01-25T21:00:00Z,MU,MarketOnOpen,Buy,286,88.390374,25279.65,5.061,Filled,closed
385,2024-01-25T05:00:00Z,2024-01-25T21:00:00Z,ADP,MarketOnOpen,Buy,113,222.873185,25184.67,4.9839,Filled,closed
386,2024-01-25T05:00:00Z,2024-01-25T21:00:00Z,AMT,MarketOnOpen,Buy,133,182.732561,24303.43,4.8807,Filled,closed
387,2024-01-25T05:00:00Z,2024-01-25T21:00:00Z,CSCO,MarketOnOpen,Buy,513,48.550004,24906.15,5.0351,Filled,closed
388,2024-01-25T05:00:00Z,2024-01-25T21:00:00Z,GILD,MarketOnOpen,Buy,341,73.520984,25070.66,5.0235,Filled,closed
389,2024-01-25T05:00:00Z,2024-01-25T21:00:00Z,INTU,MarketOnOpen,Buy,39,636.36376,24818.19,4.9026,Filled,closed
390,2024-01-25T05:00:00Z,2024-01-25T21:00:00Z,ISRG,MarketOnOpen,Sell,-68,372.61,-25337.48,5.0996,Filled,closed
391,2024-01-25T05:00:00Z,2024-01-25T21:00:00Z,META,MarketOnOpen,Buy,68,386.300148,26268.41,5.2965,Filled,closed
392,2024-01-25T05:00:00Z,2024-01-25T21:00:00Z,PM,MarketOnOpen,Sell,-300,82.683219,-24804.97,4.948,Filled,closed
393,2024-01-25T05:00:00Z,2024-01-25T21:00:00Z,TJX,MarketOnOpen,Buy,278,92.052438,25590.58,5.1262,Filled,closed
394,2024-01-25T05:00:00Z,2024-01-25T21:00:00Z,TXN,MarketOnOpen,Buy,154,158.426244,24397.64,4.7757,Filled,closed
395,2024-01-25T05:00:00Z,2024-01-25T21:00:00Z,PANW,MarketOnOpen,Buy,144,172.205,24797.52,4.8987,Filled,closed
396,2024-01-25T05:00:00Z,2024-01-25T21:00:00Z,AMD,MarketOnOpen,Sell,-139,183.43,-25496.77,5.0132,Filled,
397,2024-01-25T05:00:00Z,2024-01-25T21:00:00Z,ACN,MarketOnOpen,Sell,-71,350.981072,-24919.66,4.978,Filled,
398,2024-01-25T05:00:00Z,2024-01-25T21:00:00Z,MCD,MarketOnOpen,Sell,-88,281.41544,-24764.56,4.8948,Filled,
399,2024-01-25T05:00:00Z,2024-01-25T21:00:00Z,VZ,MarketOnOpen,Sell,-1405,35.178404,-49425.66,10.0928,Filled,
400,2024-01-25T05:00:00Z,2024-01-25T21:00:00Z,NOW,MarketOnOpen,Sell,-163,156.48,-25506.24,4.9988,Filled,
401,2024-01-25T05:00:00Z,2024-01-25T21:00:00Z,AMAT,MarketOnOpen,Buy,146,173.436815,25321.78,4.9346,Filled,
402,2024-01-25T05:00:00Z,2024-01-25T21:00:00Z,MAAS,MarketOnOpen,Buy,70,345.6,24192.0,4.809,Filled,
403,2024-01-25T05:00:00Z,2024-01-25T21:00:00Z,RTX,MarketOnOpen,Sell,-293,85.636673,-25091.55,5.0567,Filled,
404,2024-01-25T05:00:00Z,2024-01-25T21:00:00Z,GS,MarketOnOpen,Buy,69,360.883482,24900.96,4.9803,Filled,
405,2024-01-25T05:00:00Z,2024-01-25T21:00:00Z,BKNG,MarketOnOpen,Buy,182,137.53878,25032.06,4.9826,Filled,
406,2024-01-25T05:00:00Z,2024-01-25T21:00:00Z,NEE,MarketOnOpen,Buy,474,53.930689,25563.15,5.0689,Filled,
407,2024-01-25T05:00:00Z,2024-01-25T21:00:00Z,MDT,MarketOnOpen,Buy,321,78.03466,25049.13,5.0345,Filled,
408,2024-01-25T05:00:00Z,2024-01-25T21:00:00Z,REGN,MarketOnOpen,Sell,-26,948.647781,-24664.84,4.888,Filled,
409,2024-01-25T05:00:00Z,2024-01-25T21:00:00Z,ADI,MarketOnOpen,Sell,-131,193.675802,-25371.53,4.9562,Filled,
410,2024-01-25T05:00:00Z,2024-01-25T21:00:00Z,CVS,MarketOnOpen,Sell,-370,64.895645,-24011.39,4.8352,Filled,
411,2024-01-25T05:00:00Z,2024-01-25T21:00:00Z,SPY,MarketOnOpen,Sell,-193,472.072685,-91110.03,18.2411,Filled,
412,2024-01-26T21:00:00Z,2024-01-29T21:00:00Z,ABBV,MarketOnOpen,Buy,171,152.467796,26071.99,5.1534,Filled,closed
413,2024-01-26T21:00:00Z,2024-01-29T21:00:00Z,ADI,MarketOnOpen,Buy,131,185.947946,24359.18,4.9537,Filled,closed
414,2024-01-26T21:00:00Z,2024-01-29T21:00:00Z,BKNG,MarketOnOpen,Sell,-182,137.636855,-25049.91,5.0546,Filled,closed
415,2024-01-26T21:00:00Z,2024-01-29T21:00:00Z,CAT,MarketOnOpen,Sell,-89,289.495735,-25765.12,5.2259,Filled,closed
416,2024-01-26T21:00:00Z,2024-01-29T21:00:00Z,DHR,MarketOnOpen,Buy,108,229.387292,24773.83,4.9788,Filled,closed
417,2024-01-26T21:00:00Z,2024-01-29T21:00:00Z,MAAS,MarketOnOpen,Sell,-70,346.2,-24234.0,4.872,Filled,closed
418,2024-01-26T21:00:00Z,2024-01-29T21:00:00Z,ELV,MarketOnOpen,Buy,55,461.54848,25385.17,5.1058,Filled,closed
419,2024-01-26T21:00:00Z,2024-01-29T21:00:00Z,MRK,MarketOnOpen,Buy,227,111.56192,25324.56,5.0612,Filled,closed
420,2024-01-26T21:00:00Z,2024-01-29T21:00:00Z,RTX,MarketOnOpen,Buy,293,85.788494,25136.03,5.0089,Filled,closed
421,2024-01-26T21:00:00Z,2024-01-29T21:00:00Z,VZ,MarketOnOpen,Buy,711,35.77292,25434.55,5.0785,Filled,closed
422,2024-01-26T21:00:00Z,2024-01-29T21:00:00Z,COST,MarketOnOpen,Sell,-36,679.335423,-24456.08,4.9204,Filled,
423,2024-01-26T21:00:00Z,2024-01-29T21:00:00Z,ADBE,MarketOnOpen,Sell,-40,615.71,-24628.4,5.0418,Filled,
424,2024-01-26T21:00:00Z,2024-01-29T21:00:00Z,NFLX,MarketOnOpen,Sell,-438,57.066,-24994.91,5.0439,Filled,
425,2024-01-26T21:00:00Z,2024-01-29T21:00:00Z,CSCO,MarketOnOpen,Sell,-511,48.700053,-24885.73,5.0116,Filled,
426,2024-01-26T21:00:00Z,2024-01-29T21:00:00Z,INTU,MarketOnOpen,Sell,-39,630.024324,-24570.95,4.9897,Filled,
427,2024-01-26T21:00:00Z,2024-01-29T21:00:00Z,QCOM,MarketOnOpen,Sell,-175,142.041294,-24857.23,4.9463,Filled,
428,2024-01-26T21:00:00Z,2024-01-29T21:00:00Z,AMGN,MarketOnOpen,Sell,-87,286.905037,-24960.74,5.0244,Filled,
429,2024-01-26T21:00:00Z,2024-01-29T21:00:00Z,COP,MarketOnOpen,Buy,242,103.071467,24943.29,4.9691,Filled,
430,2024-01-26T21:00:00Z,2024-01-29T21:00:00Z,T,MarketOnOpen,Sell,-1634,15.228994,-24884.18,4.9855,Filled,
431,2024-01-26T21:00:00Z,2024-01-29T21:00:00Z,LOW,MarketOnOpen,Buy,123,201.632328,24800.78,4.9616,Filled,
432,2024-01-26T21:00:00Z,2024-01-29T21:00:00Z,DE,MarketOnOpen,Sell,-65,380.763036,-24749.6,4.9968,Filled,
433,2024-01-26T21:00:00Z,2024-01-29T21:00:00Z,C,MarketOnOpen,Sell,-503,49.385219,-24840.76,5.0304,Filled,
434,2024-01-26T21:00:00Z,2024-01-29T21:00:00Z,SPY,MarketOnOpen,Buy,216,472.227615,102001.16,20.5504,Filled,
435,2024-01-29T21:00:00Z,,BLK,MarketOnOpen,Sell,-33,0.0,0.0,0.0,Canceled,closed
436,2024-01-29T21:00:00Z,,COST,MarketOnOpen,Buy,36,0.0,0.0,0.0,Canceled,closed
437,2024-01-29T21:00:00Z,,CSCO,MarketOnOpen,Buy,511,0.0,0.0,0.0,Canceled,closed
438,2024-01-29T21:00:00Z,,CVS,MarketOnOpen,Buy,370,0.0,0.0,0.0,Canceled,closed
439,2024-01-29T21:00:00Z,2024-01-30T21:00:00Z,CVX,MarketOnOpen,Buy,196,132.078005,25887.29,5.2451,Filled,closed
440,2024-01-29T21:00:00Z,,DE,MarketOnOpen,Buy,65,0.0,0.0,0.0,Canceled,closed
441,2024-01-29T21:00:00Z,,LOW,MarketOnOpen,Sell,-123,0.0,0.0,0.0,Canceled,closed
442,2024-01-29T21:00:00Z,,MCD,MarketOnOpen,Buy,88,0.0,0.0,0.0,Canceled,closed
443,2024-01-29T21:00:00Z,,MDT,MarketOnOpen,Sell,-321,0.0,0.0,0.0,Canceled,closed
444,2024-01-29T21:00:00Z,,NOW,MarketOnOpen,Buy,163,0.0,0.0,0.0,Canceled,closed
445,2024-01-29T21:00:00Z,2024-01-30T21:00:00Z,QCOM,MarketOnOpen,Buy,175,139.774678,24460.57,4.8253,Filled,closed
446,2024-01-29T21:00:00Z,,T,MarketOnOpen,Buy,1634,0.0,0.0,0.0,Canceled,closed
447,2024-01-29T21:00:00Z,2024-01-30T21:00:00Z,AVGO,MarketOnOpen,Sell,-210,118.332513,-24849.83,4.9348,Filled,
448,2024-01-29T21:00:00Z,2024-01-30T21:00:00Z,WMT,MarketOnOpen,Sell,-465,53.397579,-24829.87,4.9928,Filled,
449,2024-01-29T21:00:00Z,2024-01-30T21:00:00Z,LIN,MarketOnOpen,Buy,63,391.919636,24690.94,4.959,Filled,
450,2024-01-29T21:00:00Z,2024-01-30T21:00:00Z,IBM,MarketOnOpen,Sell,-144,173.229287,-24945.02,4.9887,Filled,
451,2024-01-29T21:00:00Z,2024-01-30T21:00:00Z,PFE,MarketOnOpen,Sell,-1068,23.742509,-25357.0,4.8956,Filled,
452,2024-01-29T21:00:00Z,2024-01-30T21:00:00Z,TXN,MarketOnOpen,Buy,161,152.059445,24481.57,4.8708,Filled,
453,2024-01-29T21:00:00Z,2024-01-30T21:00:00Z,BA,MarketOnOpen,Buy,121,203.65,24641.65,4.8506,Filled,
454,2024-01-29T21:00:00Z,2024-01-30T21:00:00Z,PLD,MarketOnOpen,Buy,213,116.073459,24723.65,4.9253,Filled,
455,2024-01-29T21:00:00Z,2024-01-30T21:00:00Z,VRTX,MarketOnOpen,Buy,57,430.0,24510.0,5.0853,Filled,
456,2024-01-29T21:00:00Z,2024-01-30T21:00:00Z,LRCX,MarketOnOpen,Sell,-301,82.262286,-24760.95,4.921,Filled,
457,2024-01-29T21:00:00Z,2024-01-30T21:00:00Z,TJX,MarketOnOpen,Sell,-267,92.82469,-24784.19,4.9909,Filled,
458,2024-01-29T21:00:00Z,2024-01-30T21:00:00Z,MDLZ,MarketOnOpen,Sell,-354,70.16748,-24839.29,5.0152,Filled,
459,2024-01-29T21:00:00Z,2024-01-30T21:00:00Z,SPY,MarketOnOpen,Sell,-256,474.977629,-121594.27,24.3372,Filled,
460,2024-01-30T05:00:00Z,2024-01-30T21:00:00Z,AMGN,MarketOnOpen,Buy,87,287.909168,25048.1,5.0431,Filled,closed
461,2024-01-30T05:00:00Z,2024-01-30T21:00:00Z,BLK,MarketOnOpen,Sell,-33,737.250053,-24329.25,4.8581,Filled,closed
462,2024-01-30T05:00:00Z,2024-01-30T21:00:00Z,COP,MarketOnOpen,Sell,-242,102.307906,-24758.51,5.0782,Filled,closed
463,2024-01-30T05:00:00Z,2024-01-30T21:00:00Z,COST,MarketOnOpen,Buy,36,682.328871,24563.84,4.9681,Filled,closed
464,2024-01-30T05:00:00Z,2024-01-30T21:00:00Z,CRM,MarketOnOpen,Buy,90,282.467634,25422.09,5.0821,Filled,closed
465,2024-01-30T05:00:00Z,2024-01-30T21:00:00Z,CSCO,MarketOnOpen,Buy,511,49.009527,25043.87,5.0069,Filled,closed
466,2024-01-30T05:00:00Z,2024-01-30T21:00:00Z,CVS,MarketOnOpen,Buy,370,67.164724,24850.95,4.9601,Filled,closed
467,2024-01-30T05:00:00Z,2024-01-30T21:00:00Z,DE,MarketOnOpen,Buy,65,381.913202,24824.36,4.9874,Filled,closed
468,2024-01-30T05:00:00Z,2024-01-30T21:00:00Z,INTU,MarketOnOpen,Buy,39,634.815645,24757.81,4.9503,Filled,closed
469,2024-01-30T05:00:00Z,2024-01-30T21:00:00Z,LOW,MarketOnOpen,Sell,-123,200.765932,-24694.21,5.0243,Filled,closed
470,2024-01-30T05:00:00Z,2024-01-30T21:00:00Z,MCD,MarketOnOpen,Buy,88,273.368048,24056.39,4.8526,Filled,closed
471,2024-01-30T05:00:00Z,2024-01-30T21:00:00Z,MDT,MarketOnOpen,Sell,-321,79.945078,-25662.37,5.1037,Filled,closed
472,2024-01-30T05:00:00Z,2024-01-30T21:00:00Z,NEE,MarketOnOpen,Sell,-474,54.87134,-26009.02,5.1826,Filled,closed
473,2024-01-30T05:00:00Z,2024-01-30T21:00:00Z,NOW,MarketOnOpen,Buy,163,157.466,25666.96,5.123,Filled,closed
474,2024-01-30T05:00:00Z,2024-01-30T21:00:00Z,T,MarketOnOpen,Buy,1634,15.273213,24956.43,5.0635,Filled,closed
475,2024-01-30T05:00:00Z,2024-01-30T21:00:00Z,ABT,MarketOnOpen,Buy,231,107.792288,24900.02,4.9765,Filled,
476,2024-01-30T05:00:00Z,2024-01-30T21:00:00Z,VZ,MarketOnOpen,Sell,-697,35.671003,-24862.69,5.0282,Filled,
477,2024-01-30T05:00:00Z,2024-01-30T21:00:00Z,DIS,MarketOnOpen,Sell,-262,94.013688,-24631.59,4.9416,Filled,
478,2024-01-30T05:00:00Z,2024-01-30T21:00:00Z,NKE,MarketOnOpen,Sell,-256,96.701009,-24755.46,4.9918,Filled,
479,2024-01-30T05:00:00Z,2024-01-30T21:00:00Z,ISRG,MarketOnOpen,Buy,65,377.37,24529.05,4.9048,Filled,
480,2024-01-30T05:00:00Z,2024-01-30T21:00:00Z,RTX,MarketOnOpen,Buy,291,85.551273,24895.42,5.0034,Filled,
481,2024-01-30T05:00:00Z,2024-01-30T21:00:00Z,ETN,MarketOnOpen,Buy,103,240.647987,24786.74,4.9864,Filled,
482,2024-01-30T05:00:00Z,2024-01-30T21:00:00Z,SPY,MarketOnOpen,Sell,-35,474.977629,-16624.22,3.3274,Filled,
483,2024-01-31T21:00:00Z,,BA,MarketOnOpen,Sell,-121,0.0,0.0,0.0,Canceled,closed
484,2024-01-31T21:00:00Z,2024-02-01T21:00:00Z,BMY,MarketOnOpen,Buy,563,43.284279,24369.05,4.8628,Filled,closed
485,2024-01-31T21:00:00Z,,C,MarketOnOpen,Buy,503,0.0,0.0,0.0,Canceled,closed
486,2024-01-31T21:00:00Z,,GS,MarketOnOpen,Sell,-69,0.0,0.0,0.0,Canceled,closed
487,2024-01-31T21:00:00Z,,LIN,MarketOnOpen,Sell,-63,0.0,0.0,0.0,Canceled,closed
488,2024-01-31T21:00:00Z,,NKE,MarketOnOpen,Buy,256,0.0,0.0,0.0,Canceled,closed
489,2024-01-31T21:00:00Z,,PFE,MarketOnOpen,Buy,1068,0.0,0.0,0.0,Canceled,closed
490,2024-01-31T21:00:00Z,2024-02-01T21:00:00Z,SYK,MarketOnOpen,Sell,-81,327.604204,-26535.94,5.3876,Filled,closed
491,2024-01-31T21:00:00Z,,UPS,MarketOnOpen,Sell,-188,0.0,0.0,0.0,Canceled,closed
492,2024-01-31T21:00:00Z,,VRTX,MarketOnOpen,Sell,-57,0.0,0.0,0.0,Canceled,closed
493,2024-01-31T21:00:00Z,,VZ,MarketOnOpen,Buy,697,0.0,0.0,0.0,Canceled,closed
494,2024-01-31T21:00:00Z,2024-02-01T21:00:00Z,XOM,MarketOnOpen,Sell,-278,94.708074,-26328.84,5.2073,Filled,closed
495,2024-01-31T21:00:00Z,2024-02-01T21:00:00Z,MA,MarketOnOpen,Buy,56,448.308861,25105.3,5.0864,Filled,
496,2024-01-31T21:00:00Z,2024-02-01T21:00:00Z,PG,MarketOnOpen,Sell,-170,146.984865,-24987.43,5.0646,Filled,
497,2024-01-31T21:00:00Z,2024-02-01T21:00:00Z,COST,MarketOnOpen,Sell,-36,684.377204,-24637.58,5.0019,Filled,
498,2024-01-31T21:00:00Z,2024-02-01T21:00:00Z,CVX,MarketOnOpen,Sell,-191,132.318666,-25272.87,5.0362,Filled,
499,2024-01-31T21:00:00Z,2024-02-01T21:00:00Z,TMO,MarketOnOpen,Sell,-47,537.280745,-25252.2,5.1444,Filled,
500,2024-01-31T21:00:00Z,2024-02-01T21:00:00Z,DHR,MarketOnOpen,Sell,-106,235.851126,-25000.22,5.1206,Filled,
501,2024-01-31T21:00:00Z,2024-02-01T21:00:00Z,INTC,MarketOnOpen,Sell,-590,42.579738,-25122.05,5.0489,Filled,
502,2024-01-31T21:00:00Z,2024-02-01T21:00:00Z,QCOM,MarketOnOpen,Sell,-179,132.937052,-23795.73,4.771,Filled,
503,2024-01-31T21:00:00Z,2024-02-01T21:00:00Z,CAT,MarketOnOpen,Sell,-86,293.581321,-25247.99,5.1237,Filled,
504,2024-01-31T21:00:00Z,2024-02-01T21:00:00Z,COP,MarketOnOpen,Buy,243,103.347453,25113.43,4.9798,Filled,
505,2024-01-31T21:00:00Z,2024-02-01T21:00:00Z,MAAS,MarketOnOpen,Buy,75,348.0,26100.0,5.265,Filled,
506,2024-01-31T21:00:00Z,2024-02-01T21:00:00Z,T,MarketOnOpen,Buy,1605,16.016091,25705.83,5.127,Filled,
507,2024-01-31T21:00:00Z,2024-02-01T21:00:00Z,BKNG,MarketOnOpen,Buy,183,140.36224,25686.29,5.0889,Filled,
508,2024-01-31T21:00:00Z,2024-02-01T21:00:00Z,LOW,MarketOnOpen,Buy,123,202.812912,24945.99,5.1581,Filled,
509,2024-01-31T21:00:00Z,2024-02-01T21:00:00Z,NEE,MarketOnOpen,Buy,464,53.84769,24985.33,5.1135,Filled,
510,2024-01-31T21:00:00Z,2024-02-01T21:00:00Z,BLK,MarketOnOpen,Buy,34,731.139102,24858.73,5.0258,Filled,
511,2024-01-31T21:00:00Z,2024-02-01T21:00:00Z,PGR,MarketOnOpen,Sell,-153,162.511803,-24864.31,5.0274,Filled,
512,2024-01-31T21:00:00Z,2024-02-01T21:00:00Z,ADP,MarketOnOpen,Buy,109,228.239134,24878.07,5.0179,Filled,
513,2024-01-31T21:00:00Z,2024-02-01T21:00:00Z,ADI,MarketOnOpen,Buy,136,184.193358,25050.3,5.0075,Filled,
514,2024-01-31T21:00:00Z,2024-02-01T21:00:00Z,SPY,MarketOnOpen,Sell,-128,469.245207,-60063.39,12.1267,Filled,
515,2024-02-01T05:00:00Z,2024-02-01T21:00:00Z,BA,MarketOnOpen,Sell,-121,213.84,-25874.64,5.0774,Filled,closed
516,2024-02-01T05:00:00Z,2024-02-01T21:00:00Z,C,MarketOnOpen,Buy,503,51.764839,26037.71,5.2117,Filled,closed
517,2024-02-01T05:00:00Z,2024-02-01T21:00:00Z,GS,MarketOnOpen,Sell,-69,362.524333,-25014.18,4.9953,Filled,closed
518,2024-02-01T05:00:00Z,2024-02-01T21:00:00Z,IBM,MarketOnOpen,Buy,144,169.39368,24392.69,4.963,Filled,closed
519,2024-02-01T05:00:00Z,2024-02-01T21:00:00Z,LIN,MarketOnOpen,Sell,-63,394.110911,-24828.99,4.9679,Filled,closed
520,2024-02-01T05:00:00Z,2024-02-01T21:00:00Z,NKE,MarketOnOpen,Buy,256,95.381465,24417.66,4.8759,Filled,closed
521,2024-02-01T05:00:00Z,2024-02-01T21:00:00Z,PFE,MarketOnOpen,Buy,1068,22.902742,24460.13,4.9446,Filled,closed
522,2024-02-01T05:00:00Z,2024-02-01T21:00:00Z,RTX,MarketOnOpen,Sell,-291,87.012553,-25320.65,5.0901,Filled,closed
523,2024-02-01T05:00:00Z,2024-02-01T21:00:00Z,TJX,MarketOnOpen,Buy,267,91.666312,24474.91,5.0032,Filled,closed
524,2024-02-01T05:00:00Z,2024-02-01T21:00:00Z,UNP,MarketOnOpen,Sell,-111,231.32332,-25676.89,5.2089,Filled,closed
525,2024-02-01T05:00:00Z,2024-02-01T21:00:00Z,UPS,MarketOnOpen,Sell,-188,121.008736,-22749.64,4.5618,Filled,closed
526,2024-02-01T05:00:00Z,2024-02-01T21:00:00Z,VRTX,MarketOnOpen,Sell,-57,434.0,-24738.0,4.9461,Filled,closed
527,2024-02-01T05:00:00Z,2024-02-01T21:00:00Z,VZ,MarketOnOpen,Buy,697,36.180589,25217.87,5.0306,Filled,closed
528,2024-02-01T05:00:00Z,2024-02-01T21:00:00Z,ORCL,MarketOnOpen,Sell,-232,109.207252,-25336.08,5.1848,Filled,
529,2024-02-01T05:00:00Z,2024-02-01T21:00:00Z,MCD,MarketOnOpen,Sell,-91,272.946963,-24838.17,5.0765,Filled,
530,2024-02-01T05:00:00Z,2024-02-01T21:00:00Z,CSCO,MarketOnOpen,Buy,533,47.105789,25107.39,5.0165,Filled,
531,2024-02-01T05:00:00Z,2024-02-01T21:00:00Z,INTU,MarketOnOpen,Sell,-40,618.77599,-24751.04,4.9607,Filled,
532,2024-02-01T05:00:00Z,2024-02-01T21:00:00Z,AMGN,MarketOnOpen,Sell,-86,289.723973,-24916.26,5.1427,Filled,
533,2024-02-01T05:00:00Z,2024-02-01T21:00:00Z,PANW,MarketOnOpen,Sell,-148,169.665,-25110.42,5.0316,Filled,
534,2024-02-01T05:00:00Z,2024-02-01T21:00:00Z,SHOP,MarketOnOpen,Sell,-313,79.5,-24883.5,4.8027,Filled,
535,2024-02-01T05:00:00Z,2024-02-01T21:00:00Z,ADP,MarketOnOpen,Sell,-218,228.239134,-49756.13,10.0357,Filled,
536,2024-02-01T05:00:00Z,2024-02-01T21:00:00Z,CB,MarketOnOpen,Buy,106,236.206544,25037.89,5.0121,Filled,
537,2024-02-01T05:00:00Z,2024-02-01T21:00:00Z,SPY,MarketOnOpen,Buy,380,469.245207,178313.18,36.0012,Filled,
538,2024-02-02T05:00:00Z,2024-02-02T21:00:00Z,ADI,MarketOnOpen,Sell,-136,182.285364,-24790.81,5.0098,Filled,closed
539,2024-02-02T05:00:00Z,2024-02-02T21:00:00Z,BKNG,MarketOnOpen,Sell,-183,138.279616,-25305.17,5.0931,Filled,closed
540,2024-02-02T05:00:00Z,2024-02-02T21:00:00Z,BLK,MarketOnOpen,Sell,-34,735.056137,-24991.91,5.0454,Filled,closed
541,2024-02-02T05:00:00Z,2024-02-02T21:00:00Z,LRCX,MarketOnOpen,Buy,301,80.912586,24354.69,4.9381,Filled,closed
542,2024-02-02T05:00:00Z,2024-02-02T21:00:00Z,CAT,MarketOnOpen,Buy,86,297.221559,25561.05,5.2469,Filled,closed
543,2024-02-02T05:00:00Z,2024-02-02T21:00:00Z,CB,MarketOnOpen,Sell,-106,237.258581,-25149.41,5.0477,Filled,closed
544,2024-02-02T05:00:00Z,2024-02-02T21:00:00Z,SHOP,MarketOnOpen,Buy,313,81.0,25353.0,5.1914,Filled,closed
545,2024-02-02T05:00:00Z,2024-02-02T21:00:00Z,COST,MarketOnOpen,Buy,36,693.587699,24969.16,5.0374,Filled,closed
546,2024-02-02T05:00:00Z,2024-02-02T21:00:00Z,DHR,MarketOnOpen,Buy,106,240.423106,25484.85,5.1456,Filled,closed
547,2024-02-02T05:00:00Z,2024-02-02T21:00:00Z,ETN,MarketOnOpen,Sell,-103,257.399818,-26512.18,5.3815,Filled,closed
548,2024-02-02T05:00:00Z,2024-02-02T21:00:00Z,HON,MarketOnOpen,Sell,-132,184.187631,-24312.77,4.834,Filled,closed
549,2024-02-02T05:00:00Z,2024-02-02T21:00:00Z,INTC,MarketOnOpen,Buy,590,42.471192,25058.0,4.9604,Filled,closed
550,2024-02-02T05:00:00Z,2024-02-02T21:00:00Z,LOW,MarketOnOpen,Sell,-123,206.897352,-25448.37,5.1407,Filled,closed
551,2024-02-02T05:00:00Z,2024-02-02T21:00:00Z,MA,MarketOnOpen,Sell,-56,455.412832,-25503.12,5.0826,Filled,closed
552,2024-02-02T05:00:00Z,2024-02-02T21:00:00Z,MCD,MarketOnOpen,Buy,91,277.045519,25211.14,5.0589,Filled,closed
553,2024-02-02T05:00:00Z,2024-02-02T21:00:00Z,MS,MarketOnOpen,Sell,-315,80.475565,-25349.8,5.1264,Filled,closed
554,2024-02-02T05:00:00Z,2024-02-02T21:00:00Z,NEE,MarketOnOpen,Sell,-464,54.308794,-25199.28,4.9765,Filled,closed
555,2024-02-02T05:00:00Z,2024-02-02T21:00:00Z,UBER,MarketOnOpen,Sell,-395,66.98,-26457.1,5.3775,Filled,closed
556,2024-02-02T05:00:00Z,2024-02-02T21:00:00Z,PLD,MarketOnOpen,Sell,-213,116.923245,-24904.65,5.0311,Filled,closed
557,2024-02-02T05:00:00Z,2024-02-02T21:00:00Z,QCOM,MarketOnOpen,Buy,179,132.833165,23777.14,4.7906,Filled,closed
558,2024-02-02T05:00:00Z,2024-02-02T21:00:00Z,REGN,MarketOnOpen,Buy,26,962.150359,25015.91,4.869,Filled,closed
559,2024-02-02T05:00:00Z,2024-02-02T21:00:00Z,TMO,MarketOnOpen,Buy,47,544.099079,25572.66,5.1406,Filled,closed
560,2024-02-02T05:00:00Z,2024-02-02T21:00:00Z,WFC,MarketOnOpen,Sell,-544,45.816738,-24924.31,5.0527,Filled,
561,2024-02-02T05:00:00Z,2024-02-02T21:00:00Z,IBM,MarketOnOpen,Sell,-145,172.51011,-25013.97,4.9678,Filled,
562,2024-02-02T05:00:00Z,2024-02-02T21:00:00Z,NKE,MarketOnOpen,Buy,263,94.3146,24804.74,4.9575,Filled,
563,2024-02-02T05:00:00Z,2024-02-02T21:00:00Z,PM,MarketOnOpen,Buy,297,83.858595,24906.0,4.9941,Filled,
564,2024-02-02T05:00:00Z,2024-02-02T21:00:00Z,TJX,MarketOnOpen,Buy,267,93.577636,24985.23,5.0264,Filled,
565,2024-02-02T05:00:00Z,2024-02-02T21:00:00Z,DE,MarketOnOpen,Sell,-65,377.177223,-24516.52,4.933,Filled,
566,2024-02-02T05:00:00Z,2024-02-02T21:00:00Z,LMT,MarketOnOpen,Sell,-62,398.062052,-24679.85,4.911,Filled,
567,2024-02-02T05:00:00Z,2024-02-02T21:00:00Z,MRSH,MarketOnOpen,Buy,134,186.23925,24956.06,4.9658,Filled,
568,2024-02-02T05:00:00Z,2024-02-02T21:00:00Z,SPY,MarketOnOpen,Buy,193,474.106145,91502.49,18.4773,Filled,
569,2024-02-05T21:00:00Z,2024-02-06T21:00:00Z,ABT,MarketOnOpen,Sell,-231,106.074218,-24503.14,4.9993,Filled,closed
570,2024-02-05T21:00:00Z,,AMAT,MarketOnOpen,Sell,-146,0.0,0.0,0.0,Canceled,closed
571,2024-02-05T21:00:00Z,,DE,MarketOnOpen,Buy,65,0.0,0.0,0.0,Canceled,closed
572,2024-02-05T21:00:00Z,,MAAS,MarketOnOpen,Sell,-75,0.0,0.0,0.0,Canceled,closed
573,2024-02-05T21:00:00Z,,INTU,MarketOnOpen,Buy,40,0.0,0.0,0.0,Canceled,closed
574,2024-02-05T21:00:00Z,,MRSH,MarketOnOpen,Sell,-134,0.0,0.0,0.0,Canceled,closed
575,2024-02-05T21:00:00Z,,PGR,MarketOnOpen,Buy,153,0.0,0.0,0.0,Canceled,closed
576,2024-02-05T21:00:00Z,2024-02-06T21:00:00Z,T,MarketOnOpen,Sell,-1605,15.609277,-25052.89,4.9992,Filled,closed
577,2024-02-05T21:00:00Z,,TJX,MarketOnOpen,Sell,-267,0.0,0.0,0.0,Canceled,closed
578,2024-02-05T21:00:00Z,2024-02-06T21:00:00Z,AMZN,MarketOnOpen,Sell,-146,169.4,-24732.4,4.9392,Filled,
579,2024-02-05T21:00:00Z,2024-02-06T21:00:00Z,CRM,MarketOnOpen,Sell,-88,282.546135,-24864.06,4.9364,Filled,
580,2024-02-05T21:00:00Z,2024-02-06T21:00:00Z,MCD,MarketOnOpen,Buy,93,264.010615,24552.99,4.9543,Filled,
581,2024-02-05T21:00:00Z,2024-02-06T21:00:00Z,LIN,MarketOnOpen,Buy,64,400.964678,25661.74,5.1333,Filled,
582,2024-02-05T21:00:00Z,2024-02-06T21:00:00Z,VZ,MarketOnOpen,Sell,-710,35.152924,-24958.58,4.9567,Filled,
583,2024-02-05T21:00:00Z,2024-02-06T21:00:00Z,CAT,MarketOnOpen,Buy,80,313.196007,25055.68,4.9991,Filled,
584,2024-02-05T21:00:00Z,2024-02-06T21:00:00Z,PFE,MarketOnOpen,Buy,1108,22.597372,25037.89,5.1692,Filled,
585,2024-02-05T21:00:00Z,2024-02-06T21:00:00Z,UBER,MarketOnOpen,Buy,361,69.15,24963.15,5.0879,Filled,
586,2024-02-05T21:00:00Z,2024-02-06T21:00:00Z,HON,MarketOnOpen,Buy,138,179.937866,24831.43,4.9918,Filled,
587,2024-02-05T21:00:00Z,2024-02-06T21:00:00Z,BKNG,MarketOnOpen,Buy,176,142.032638,24997.74,5.0132,Filled,
588,2024-02-05T21:00:00Z,2024-02-06T21:00:00Z,PANW,MarketOnOpen,Buy,293,172.74,50612.82,10.0024,Filled,
589,2024-02-05T21:00:00Z,2024-02-06T21:00:00Z,SBUX,MarketOnOpen,Sell,-289,86.25057,-24926.41,5.1561,Filled,
590,2024-02-05T21:00:00Z,2024-02-06T21:00:00Z,REGN,MarketOnOpen,Sell,-26,931.212316,-24211.52,4.831,Filled,
591,2024-02-05T21:00:00Z,2024-02-06T21:00:00Z,MU,MarketOnOpen,Buy,289,86.128787,24891.22,4.8504,Filled,
592,2024-02-05T21:00:00Z,2024-02-06T21:00:00Z,SPY,MarketOnOpen,Sell,-59,477.863206,-28193.93,5.6443,Filled,
593,2024-02-06T05:00:00Z,2024-02-06T21:00:00Z,AMAT,MarketOnOpen,Sell,-146,167.387036,-24438.51,4.8222,Filled,closed
594,2024-02-06T05:00:00Z,2024-02-06T21:00:00Z,AVGO,MarketOnOpen,Buy,210,122.883876,25805.61,4.994,Filled,closed
595,2024-02-06T05:00:00Z,2024-02-06T21:00:00Z,COP,MarketOnOpen,Sell,-243,102.004322,-24787.05,4.986,Filled,closed
596,2024-02-06T05:00:00Z,2024-02-06T21:00:00Z,CSCO,MarketOnOpen,Sell,-533,47.180814,-25147.37,4.9965,Filled,closed
597,2024-02-06T05:00:00Z,2024-02-06T21:00:00Z,CVX,MarketOnOpen,Buy,191,135.696825,25918.09,5.1867,Filled,closed
598,2024-02-06T05:00:00Z,2024-02-06T21:00:00Z,DE,MarketOnOpen,Buy,65,376.181701,24451.81,4.8865,Filled,closed
599,2024-02-06T05:00:00Z,2024-02-06T21:00:00Z,MAAS,MarketOnOpen,Sell,-75,376.8,-28260.0,5.652,Filled,closed
600,2024-02-06T05:00:00Z,2024-02-06T21:00:00Z,IBM,MarketOnOpen,Buy,145,169.236936,24539.36,4.9041,Filled,closed
601,2024-02-06T05:00:00Z,2024-02-06T21:00:00Z,INTU,MarketOnOpen,Buy,40,631.582238,25263.29,4.9798,Filled,closed
602,2024-02-06T05:00:00Z,2024-02-06T21:00:00Z,MRSH,MarketOnOpen,Sell,-134,184.226888,-24686.4,4.9951,Filled,closed
603,2024-02-06T05:00:00Z,2024-02-06T21:00:00Z,ORCL,MarketOnOpen,Buy,232,112.756899,26159.6,5.1745,Filled,closed
604,2024-02-06T05:00:00Z,2024-02-06T21:00:00Z,PGR,MarketOnOpen,Buy,153,167.319953,25599.95,5.0713,Filled,closed
605,2024-02-06T05:00:00Z,2024-02-06T21:00:00Z,PM,MarketOnOpen,Sell,-297,82.845963,-24605.25,4.9227,Filled,closed
606,2024-02-06T05:00:00Z,2024-02-06T21:00:00Z,TJX,MarketOnOpen,Sell,-267,93.152897,-24871.82,5.0053,Filled,closed
607,2024-02-06T05:00:00Z,2024-02-06T21:00:00Z,WFC,MarketOnOpen,Buy,544,45.911205,24975.7,4.9633,Filled,closed
608,2024-02-06T05:00:00Z,2024-02-06T21:00:00Z,META,MarketOnOpen,Sell,-54,459.598125,-24818.3,4.8644,Filled,
609,2024-02-06T05:00:00Z,2024-02-06T21:00:00Z,TSLA,MarketOnOpen,Sell,-137,177.23,-24280.51,5.0717,Filled,
610,2024-02-06T05:00:00Z,2024-02-06T21:00:00Z,MRK,MarketOnOpen,Sell,-215,116.373873,-25020.38,5.0149,Filled,
611,2024-02-06T05:00:00Z,2024-02-06T21:00:00Z,TMO,MarketOnOpen,Buy,45,547.537977,24639.21,4.9973,Filled,
612,2024-02-06T05:00:00Z,2024-02-06T21:00:00Z,UNP,MarketOnOpen,Buy,107,232.161073,24841.23,5.0333,Filled,
613,2024-02-06T05:00:00Z,2024-02-06T21:00:00Z,SYK,MarketOnOpen,Buy,74,336.402684,24893.8,4.9105,Filled,
614,2024-02-06T05:00:00Z,2024-02-06T21:00:00Z,BA,MarketOnOpen,Buy,120,206.02,24722.4,5.0059,Filled,
615,2024-02-06T05:00:00Z,2024-02-06T21:00:00Z,GS,MarketOnOpen,Buy,69,361.194678,24922.43,5.0101,Filled,
616,2024-02-06T05:00:00Z,2024-02-06T21:00:00Z,UPS,MarketOnOpen,Buy,210,120.761606,25359.94,5.2223,Filled,
617,2024-02-06T05:00:00Z,2024-02-06T21:00:00Z,PLD,MarketOnOpen,Buy,215,116.530333,25054.02,5.1275,Filled,
618,2024-02-06T05:00:00Z,2024-02-06T21:00:00Z,BLK,MarketOnOpen,Buy,33,739.086163,24389.84,4.8969,Filled,
619,2024-02-06T05:00:00Z,2024-02-06T21:00:00Z,MDT,MarketOnOpen,Buy,314,79.597729,24993.69,5.0366,Filled,
620,2024-02-06T05:00:00Z,2024-02-06T21:00:00Z,LRCX,MarketOnOpen,Buy,299,83.417356,24941.79,4.8814,Filled,
621,2024-02-06T05:00:00Z,2024-02-06T21:00:00Z,SHOP,MarketOnOpen,Sell,-306,81.56,-24957.36,4.9915,Filled,
622,2024-02-06T05:00:00Z,2024-02-06T21:00:00Z,CB,MarketOnOpen,Sell,-103,240.414693,-24762.71,4.9243,Filled,
623,2024-02-06T05:00:00Z,2024-02-06T21:00:00Z,BMY,MarketOnOpen,Buy,586,42.54779,24933.0,5.1228,Filled,
624,2024-02-06T05:00:00Z,2024-02-06T21:00:00Z,GILD,MarketOnOpen,Buy,354,70.601444,24992.91,5.0519,Filled,
625,2024-02-06T05:00:00Z,2024-02-06T21:00:00Z,SPY,MarketOnOpen,Sell,-436,477.863206,-208348.36,41.7102,Filled,
626,2024-02-07T21:00:00Z,,MU,MarketOnOpen,Sell,-289,0.0,0.0,0.0,Canceled,closed
627,2024-02-07T21:00:00Z,2024-02-08T21:00:00Z,ADP,MarketOnOpen,Buy,109,232.887759,25384.77,5.0991,Filled,closed
628,2024-02-07T21:00:00Z,2024-02-08T21:00:00Z,AMGN,MarketOnOpen,Buy,86,273.602607,23529.82,4.6719,Filled,closed
629,2024-02-07T21:00:00Z,2024-02-08T21:00:00Z,BKNG,MarketOnOpen,Sell,-176,146.526105,-25788.59,5.2818,Filled,closed
630,2024-02-07T21:00:00Z,,LRCX,MarketOnOpen,Sell,-299,0.0,0.0,0.0,Canceled,closed
631,2024-02-07T21:00:00Z,,CAT,MarketOnOpen,Sell,-80,0.0,0.0,0.0,Canceled,closed
632,2024-02-07T21:00:00Z,,SHOP,MarketOnOpen,Buy,306,0.0,0.0,0.0,Canceled,closed
633,2024-02-07T21:00:00Z,,CRM,MarketOnOpen,Buy,88,0.0,0.0,0.0,Canceled,closed
634,2024-02-07T21:00:00Z,,DIS,MarketOnOpen,Buy,262,0.0,0.0,0.0,Canceled,closed
635,2024-02-07T21:00:00Z,,GILD,MarketOnOpen,Sell,-354,0.0,0.0,0.0,Canceled,closed
636,2024-02-07T21:00:00Z,2024-02-08T21:00:00Z,GS,MarketOnOpen,Sell,-69,364.004871,-25116.34,5.0108,Filled,closed
637,2024-02-07T21:00:00Z,,LMT,MarketOnOpen,Buy,62,0.0,0.0,0.0,Canceled,closed
638,2024-02-07T21:00:00Z,,MDLZ,MarketOnOpen,Buy,354,0.0,0.0,0.0,Canceled,closed
639,2024-02-07T21:00:00Z,,MRK,MarketOnOpen,Buy,215,0.0,0.0,0.0,Canceled,closed
640,2024-02-07T21:00:00Z,,NFLX,MarketOnOpen,Buy,438,0.0,0.0,0.0,Canceled,closed
641,2024-02-07T21:00:00Z,,NKE,MarketOnOpen,Sell,-263,0.0,0.0,0.0,Canceled,closed
642,2024-02-07T21:00:00Z,,PFE,MarketOnOpen,Sell,-1108,0.0,0.0,0.0,Canceled,closed
643,2024-02-07T21:00:00Z,,PLD,MarketOnOpen,Sell,-215,0.0,0.0,0.0,Canceled,closed
644,2024-02-07T21:00:00Z,,SBUX,MarketOnOpen,Buy,289,0.0,0.0,0.0,Canceled,closed
645,2024-02-07T21:00:00Z,,SYK,MarketOnOpen,Sell,-74,0.0,0.0,0.0,Canceled,closed
646,2024-02-07T21:00:00Z,2024-02-08T21:00:00Z,TMO,MarketOnOpen,Sell,-45,547.250576,-24626.28,4.9136,Filled,closed
647,2024-02-07T21:00:00Z,,TSLA,MarketOnOpen,Buy,137,0.0,0.0,0.0,Canceled,closed
648,2024-02-07T21:00:00Z,,UNP,MarketOnOpen,Sell,-107,0.0,0.0,0.0,Canceled,closed
649,2024-02-07T21:00:00Z,,VZ,MarketOnOpen,Buy,710,0.0,0.0,0.0,Canceled,closed
650,2024-02-07T21:00:00Z,2024-02-08T21:00:00Z,AVGO,MarketOnOpen,Sell,-205,123.217448,-25259.58,5.0829,Filled,
651,2024-02-07T21:00:00Z,2024-02-08T21:00:00Z,ORCL,MarketOnOpen,Sell,-221,113.250174,-25028.29,4.9881,Filled,
652,2024-02-07T21:00:00Z,2024-02-08T21:00:00Z,INTU,MarketOnOpen,Sell,-39,633.385107,-24702.02,4.9912,Filled,
653,2024-02-07T21:00:00Z,2024-02-08T21:00:00Z,NOW,MarketOnOpen,Buy,158,158.4,25027.2,5.0523,Filled,
654,2024-02-07T21:00:00Z,2024-02-08T21:00:00Z,COP,MarketOnOpen,Buy,242,104.055816,25181.51,5.0715,Filled,
655,2024-02-07T21:00:00Z,2024-02-08T21:00:00Z,T,MarketOnOpen,Buy,1636,15.282057,25001.45,4.8672,Filled,
656,2024-02-07T21:00:00Z,2024-02-08T21:00:00Z,TJX,MarketOnOpen,Buy,265,95.083528,25197.13,5.0323,Filled,
657,2024-02-07T21:00:00Z,2024-02-08T21:00:00Z,C,MarketOnOpen,Sell,-492,50.612255,-24901.23,4.9839,Filled,
658,2024-02-07T21:00:00Z,2024-02-08T21:00:00Z,CI,MarketOnOpen,Buy,80,313.306161,25064.49,5.0399,Filled,
659,2024-02-08T05:00:00Z,2024-02-08T21:00:00Z,MU,MarketOnOpen,Sell,-289,84.809528,-24509.95,4.8664,Filled,closed
660,2024-02-08T05:00:00Z,2024-02-08T21:00:00Z,LRCX,MarketOnOpen,Sell,-299,83.329332,-24915.47,5.0554,Filled,closed
661,2024-02-08T05:00:00Z,2024-02-08T21:00:00Z,CAT,MarketOnOpen,Sell,-80,314.328741,-25146.3,4.9879,Filled,closed
662,2024-02-08T05:00:00Z,2024-02-08T21:00:00Z,CB,MarketOnOpen,Buy,103,237.480571,24460.5,4.8581,Filled,closed
663,2024-02-08T05:00:00Z,2024-02-08T21:00:00Z,SHOP,MarketOnOpen,Buy,306,85.17,26062.02,5.3776,Filled,closed
664,2024-02-08T05:00:00Z,2024-02-08T21:00:00Z,CRM,MarketOnOpen,Buy,88,283.586279,24955.59,5.0421,Filled,closed
665,2024-02-08T05:00:00Z,2024-02-08T21:00:00Z,DIS,MarketOnOpen,Buy,262,104.15919,27289.71,5.6338,Filled,closed
666,2024-02-08T05:00:00Z,2024-02-08T21:00:00Z,GILD,MarketOnOpen,Sell,-354,68.315389,-24183.65,4.7971,Filled,closed
667,2024-02-08T05:00:00Z,2024-02-08T21:00:00Z,HON,MarketOnOpen,Sell,-138,180.694418,-24935.83,4.9869,Filled,closed
668,2024-02-08T05:00:00Z,2024-02-08T21:00:00Z,ISRG,MarketOnOpen,Sell,-65,389.51,-25318.15,5.0302,Filled,closed
669,2024-02-08T05:00:00Z,2024-02-08T21:00:00Z,LMT,MarketOnOpen,Buy,62,399.196344,24750.17,4.9228,Filled,closed
670,2024-02-08T05:00:00Z,2024-02-08T21:00:00Z,MDLZ,MarketOnOpen,Buy,354,69.211748,24500.96,4.9114,Filled,closed
671,2024-02-08T05:00:00Z,2024-02-08T21:00:00Z,MDT,MarketOnOpen,Sell,-314,79.113269,-24841.57,4.9471,Filled,closed
672,2024-02-08T05:00:00Z,2024-02-08T21:00:00Z,MRK,MarketOnOpen,Buy,215,117.178163,25193.3,5.0043,Filled,closed
673,2024-02-08T05:00:00Z,2024-02-08T21:00:00Z,NFLX,MarketOnOpen,Buy,438,56.055,24552.09,4.8927,Filled,closed
674,2024-02-08T05:00:00Z,2024-02-08T21:00:00Z,NKE,MarketOnOpen,Sell,-263,97.917609,-25752.33,5.1081,Filled,closed
675,2024-02-08T05:00:00Z,2024-02-08T21:00:00Z,PFE,MarketOnOpen,Sell,-1108,23.335349,-25855.57,5.1824,Filled,closed
676,2024-02-08T05:00:00Z,2024-02-08T21:00:00Z,PLD,MarketOnOpen,Sell,-215,117.900956,-25348.71,5.1731,Filled,closed
677,2024-02-08T05:00:00Z,2024-02-08T21:00:00Z,REGN,MarketOnOpen,Buy,26,926.051022,24077.33,4.8754,Filled,closed
678,2024-02-08T05:00:00Z,2024-02-08T21:00:00Z,SBUX,MarketOnOpen,Buy,289,89.208422,25781.23,5.237,Filled,closed
679,2024-02-08T05:00:00Z,2024-02-08T21:00:00Z,SYK,MarketOnOpen,Sell,-74,332.721189,-24621.37,4.8998,Filled,closed
680,2024-02-08T05:00:00Z,2024-02-08T21:00:00Z,TSLA,MarketOnOpen,Buy,137,188.83,25869.71,5.1939,Filled,closed
681,2024-02-08T05:00:00Z,2024-02-08T21:00:00Z,TXN,MarketOnOpen,Sell,-161,148.70835,-23942.04,4.8155,Filled,closed
682,2024-02-08T05:00:00Z,2024-02-08T21:00:00Z,UNP,MarketOnOpen,Sell,-107,234.44842,-25085.98,5.0122,Filled,closed
683,2024-02-08T05:00:00Z,2024-02-08T21:00:00Z,UPS,MarketOnOpen,Sell,-210,125.099173,-26270.83,5.2935,Filled,closed
684,2024-02-08T05:00:00Z,2024-02-08T21:00:00Z,VZ,MarketOnOpen,Buy,710,34.210191,24289.24,4.8132,Filled,closed
685,2024-02-08T05:00:00Z,2024-02-08T21:00:00Z,DHR,MarketOnOpen,Buy,103,242.837191,25012.23,4.9907,Filled,
686,2024-02-08T05:00:00Z,2024-02-08T21:00:00Z,QCOM,MarketOnOpen,Buy,182,138.688591,25241.32,5.094,Filled,
687,2024-02-08T05:00:00Z,2024-02-08T21:00:00Z,AMGN,MarketOnOpen,Buy,92,273.602607,25171.44,4.9978,Filled,
688,2024-02-08T05:00:00Z,2024-02-08T21:00:00Z,SPGI,MarketOnOpen,Buy,58,399.529125,23172.69,4.6864,Filled,
689,2024-02-08T05:00:00Z,2024-02-08T21:00:00Z,MAAS,MarketOnOpen,Buy,69,355.8,24550.2,4.7362,Filled,
690,2024-02-08T05:00:00Z,2024-02-08T21:00:00Z,LOW,MarketOnOpen,Buy,118,211.591126,24967.75,4.952,Filled,
691,2024-02-08T05:00:00Z,2024-02-08T21:00:00Z,BX,MarketOnOpen,Buy,215,116.776156,25106.87,5.0794,Filled,
692,2024-02-08T05:00:00Z,2024-02-08T21:00:00Z,SPY,MarketOnOpen,Sell,-96,482.317452,-46302.48,9.2646,Filled,
693,2024-02-09T05:00:00Z,2024-02-09T21:00:00Z,BX,MarketOnOpen,Sell,-215,118.550252,-25488.3,5.073,Filled,closed
694,2024-02-09T05:00:00Z,2024-02-09T21:00:00Z,AXP,MarketOnOpen,Sell,-139,205.81141,-28607.79,5.7464,Filled,closed
695,2024-02-09T05:00:00Z,2024-02-09T21:00:00Z,DHR,MarketOnOpen,Sell,-103,241.428154,-24867.1,4.9314,Filled,closed
696,2024-02-09T05:00:00Z,2024-02-09T21:00:00Z,INTU,MarketOnOpen,Buy,39,644.26111,25126.18,5.0301,Filled,closed
697,2024-02-09T05:00:00Z,2024-02-09T21:00:00Z,LIN,MarketOnOpen,Sell,-64,398.97612,-25534.47,5.1825,Filled,closed
698,2024-02-09T05:00:00Z,2024-02-09T21:00:00Z,NOW,MarketOnOpen,Sell,-158,160.8,-25406.4,5.1378,Filled,closed
699,2024-02-09T05:00:00Z,2024-02-09T21:00:00Z,SPGI,MarketOnOpen,Sell,-58,404.275731,-23447.99,4.6999,Filled,closed
700,2024-02-09T05:00:00Z,2024-02-09T21:00:00Z,T,MarketOnOpen,Sell,-1636,14.813337,-24234.62,4.8715,Filled,closed
701,2024-02-09T05:00:00Z,2024-02-09T21:00:00Z,TJX,MarketOnOpen,Sell,-265,94.909771,-25151.09,5.0522,Filled,closed
702,2024-02-09T05:00:00Z,2024-02-09T21:00:00Z,JNJ,MarketOnOpen,Buy,172,144.648856,24879.6,4.9915,Filled,
703,2024-02-09T05:00:00Z,2024-02-09T21:00:00Z,TMO,MarketOnOpen,Buy,45,544.723432,24512.55,4.9123,Filled,
704,2024-02-09T05:00:00Z,2024-02-09T21:00:00Z,CSCO,MarketOnOpen,Buy,534,46.824449,25004.26,5.0209,Filled,
705,2024-02-09T05:00:00Z,2024-02-09T21:00:00Z,INTC,MarketOnOpen,Sell,-594,42.110739,-25013.78,5.0921,Filled,
706,2024-02-09T05:00:00Z,2024-02-09T21:00:00Z,IBM,MarketOnOpen,Buy,145,171.691657,24895.29,5.0279,Filled,
707,2024-02-09T05:00:00Z,2024-02-09T21:00:00Z,UNP,MarketOnOpen,Buy,106,233.573016,24758.74,4.9779,Filled,
708,2024-02-09T05:00:00Z,2024-02-09T21:00:00Z,TXN,MarketOnOpen,Buy,167,150.547251,25141.39,5.0632,Filled,
709,2024-02-09T05:00:00Z,2024-02-09T21:00:00Z,MS,MarketOnOpen,Buy,313,79.9068,25010.83,5.0133,Filled,
710,2024-02-09T05:00:00Z,2024-02-09T21:00:00Z,PM,MarketOnOpen,Buy,310,80.323424,24900.26,4.9957,Filled,
711,2024-02-09T05:00:00Z,2024-02-09T21:00:00Z,ISRG,MarketOnOpen,Buy,64,387.46,24797.44,4.9692,Filled,
712,2024-02-09T05:00:00Z,2024-02-09T21:00:00Z,BKNG,MarketOnOpen,Buy,166,144.572424,23999.02,4.8753,Filled,
713,2024-02-09T05:00:00Z,2024-02-09T21:00:00Z,SYK,MarketOnOpen,Buy,75,330.904855,24817.86,5.009,Filled,
714,2024-02-09T05:00:00Z,2024-02-09T21:00:00Z,GS,MarketOnOpen,Buy,68,362.844959,24673.46,4.9282,Filled,
715,2024-02-09T05:00:00Z,2024-02-09T21:00:00Z,PLD,MarketOnOpen,Buy,207,120.048265,24849.99,5.0116,Filled,
716,2024-02-09T05:00:00Z,2024-02-09T21:00:00Z,RTX,MarketOnOpen,Buy,289,86.47169,24990.32,4.9641,Filled,
717,2024-02-09T05:00:00Z,2024-02-09T21:00:00Z,LRCX,MarketOnOpen,Buy,295,86.23021,25437.91,5.2602,Filled,
718,2024-02-09T05:00:00Z,2024-02-09T21:00:00Z,ADP,MarketOnOpen,Sell,-106,233.726189,-24774.98,4.9372,Filled,
719,2024-02-09T05:00:00Z,2024-02-09T21:00:00Z,MDLZ,MarketOnOpen,Buy,360,69.081842,24869.46,4.8884,Filled,
720,2024-02-09T05:00:00Z,2024-02-09T21:00:00Z,SPY,MarketOnOpen,Sell,-385,483.043688,-185971.82,37.3696,Filled,
721,2024-02-12T21:00:00Z,,ACN,MarketOnOpen,Buy,71,0.0,0.0,0.0,Canceled,closed
722,2024-02-12T21:00:00Z,,ADBE,MarketOnOpen,Buy,40,0.0,0.0,0.0,Canceled,closed
723,2024-02-12T21:00:00Z,,ADP,MarketOnOpen,Buy,106,0.0,0.0,0.0,Canceled,closed
724,2024-02-12T21:00:00Z,,AMGN,MarketOnOpen,Sell,-92,0.0,0.0,0.0,Canceled,closed
725,2024-02-12T21:00:00Z,,BLK,MarketOnOpen,Sell,-33,0.0,0.0,0.0,Canceled,closed
726,2024-02-12T21:00:00Z,,LRCX,MarketOnOpen,Sell,-295,0.0,0.0,0.0,Canceled,closed
727,2024-02-12T21:00:00Z,,C,MarketOnOpen,Buy,492,0.0,0.0,0.0,Canceled,closed
728,2024-02-12T21:00:00Z,2024-02-13T21:00:00Z,CI,MarketOnOpen,Sell,-80,320.178781,-25614.3,5.1177,Filled,closed
729,2024-02-12T21:00:00Z,,CSCO,MarketOnOpen,Sell,-534,0.0,0.0,0.0,Canceled,closed
730,2024-02-12T21:00:00Z,,GOOGL,MarketOnOpen,Buy,171,0.0,0.0,0.0,Canceled,closed
731,2024-02-12T21:00:00Z,,INTC,MarketOnOpen,Buy,594,0.0,0.0,0.0,Canceled,closed
732,2024-02-12T21:00:00Z,2024-02-13T21:00:00Z,UBER,MarketOnOpen,Sell,-361,67.91,-24515.51,4.9811,Filled,closed
733,2024-02-12T21:00:00Z,,PEP,MarketOnOpen,Buy,167,0.0,0.0,0.0,Canceled,closed
734,2024-02-12T21:00:00Z,,QCOM,MarketOnOpen,Sell,-182,0.0,0.0,0.0,Canceled,closed
735,2024-02-12T21:00:00Z,,UNP,MarketOnOpen,Sell,-106,0.0,0.0,0.0,Canceled,closed
736,2024-02-12T21:00:00Z,2024-02-13T21:00:00Z,CVX,MarketOnOpen,Sell,-184,135.973139,-25019.06,4.9398,Filled,
737,2024-02-12T21:00:00Z,2024-02-13T21:00:00Z,LIN,MarketOnOpen,Buy,61,404.188844,24655.52,4.9021,Filled,
738,2024-02-12T21:00:00Z,2024-02-13T21:00:00Z,WFC,MarketOnOpen,Buy,542,45.802567,24824.99,4.9399,Filled,
739,2024-02-12T21:00:00Z,2024-02-13T21:00:00Z,VZ,MarketOnOpen,Buy,736,34.227177,25191.2,5.017,Filled,
740,2024-02-12T21:00:00Z,2024-02-13T21:00:00Z,CAT,MarketOnOpen,Buy,80,304.937702,24395.02,4.846,Filled,
741,2024-02-12T21:00:00Z,2024-02-13T21:00:00Z,NKE,MarketOnOpen,Buy,249,98.254514,24465.37,4.8935,Filled,
742,2024-02-12T21:00:00Z,2024-02-13T21:00:00Z,AXP,MarketOnOpen,Buy,121,204.517488,24746.62,4.9364,Filled,
743,2024-02-12T21:00:00Z,2024-02-13T21:00:00Z,UPS,MarketOnOpen,Buy,199,124.417433,24759.07,4.9145,Filled,
744,2024-02-12T21:00:00Z,2024-02-13T21:00:00Z,TJX,MarketOnOpen,Sell,-264,93.809312,-24765.66,4.9929,Filled,
745,2024-02-12T21:00:00Z,2024-02-13T21:00:00Z,BX,MarketOnOpen,Buy,208,116.600595,24252.92,4.8029,Filled,
746,2024-02-12T21:00:00Z,2024-02-13T21:00:00Z,SPY,MarketOnOpen,Sell,-263,478.899302,-125950.52,25.1651,Filled,
747,2024-02-13T05:00:00Z,2024-02-13T21:00:00Z,ACN,MarketOnOpen,Buy,71,340.641466,24185.54,4.8558,Filled,closed
748,2024-02-13T05:00:00Z,2024-02-13T21:00:00Z,ADBE,MarketOnOpen,Buy,40,596.3,23852.0,4.8151,Filled,closed
749,2024-02-13T05:00:00Z,2024-02-13T21:00:00Z,ADP,MarketOnOpen,Buy,106,233.31629,24731.53,4.9293,Filled,closed
750,2024-02-13T05:00:00Z,2024-02-13T21:00:00Z,AMD,MarketOnOpen,Buy,139,167.89,23336.71,4.7688,Filled,closed
751,2024-02-13T05:00:00Z,2024-02-13T21:00:00Z,AMGN,MarketOnOpen,Sell,-92,271.400889,-24968.88,4.9238,Filled,closed
752,2024-02-13T05:00:00Z,2024-02-13T21:00:00Z,BA,MarketOnOpen,Sell,-120,206.9,-24828.0,4.907,Filled,closed
753,2024-02-13T05:00:00Z,2024-02-13T21:00:00Z,BLK,MarketOnOpen,Sell,-33,739.387474,-24399.79,4.8353,Filled,closed
754,2024-02-13T05:00:00Z,2024-02-13T21:00:00Z,LRCX,MarketOnOpen,Sell,-295,85.608174,-25254.41,5.1507,Filled,closed
755,2024-02-13T05:00:00Z,2024-02-13T21:00:00Z,C,MarketOnOpen,Buy,492,49.641993,24423.86,4.8435,Filled,closed
756,2024-02-13T05:00:00Z,2024-02-13T21:00:00Z,CSCO,MarketOnOpen,Sell,-534,46.53373,-24849.01,4.9718,Filled,closed
757,2024-02-13T05:00:00Z,2024-02-13T21:00:00Z,GOOGL,MarketOnOpen,Buy,171,143.504455,24539.26,4.917,Filled,closed
758,2024-02-13T05:00:00Z,2024-02-13T21:00:00Z,IBM,MarketOnOpen,Sell,-145,171.635832,-24887.2,4.9567,Filled,closed
759,2024-02-13T05:00:00Z,2024-02-13T21:00:00Z,INTC,MarketOnOpen,Buy,594,42.556094,25278.32,5.0745,Filled,closed
760,2024-02-13T05:00:00Z,2024-02-13T21:00:00Z,MDLZ,MarketOnOpen,Sell,-360,68.311689,-24592.21,4.8089,Filled,closed
761,2024-02-13T05:00:00Z,2024-02-13T21:00:00Z,PEP,MarketOnOpen,Buy,167,154.821336,25855.16,5.1004,Filled,closed
762,2024-02-13T05:00:00Z,2024-02-13T21:00:00Z,PG,MarketOnOpen,Buy,170,148.220111,25197.42,4.972,Filled,closed
763,2024-02-13T05:00:00Z,2024-02-13T21:00:00Z,QCOM,MarketOnOpen,Sell,-182,141.663525,-25782.76,5.1579,Filled,closed
764,2024-02-13T05:00:00Z,2024-02-13T21:00:00Z,RTX,MarketOnOpen,Sell,-289,86.538111,-25009.51,4.9684,Filled,closed
765,2024-02-13T05:00:00Z,2024-02-13T21:00:00Z,UNP,MarketOnOpen,Sell,-106,231.558644,-24545.22,4.9013,Filled,closed
766,2024-02-13T05:00:00Z,2024-02-13T21:00:00Z,V,MarketOnOpen,Buy,95,268.814076,25537.34,5.1427,Filled,closed
767,2024-02-13T05:00:00Z,2024-02-13T21:00:00Z,CRM,MarketOnOpen,Buy,88,275.157192,24213.83,4.8555,Filled,
768,2024-02-13T05:00:00Z,2024-02-13T21:00:00Z,NOW,MarketOnOpen,Buy,159,153.0,24327.0,4.9211,Filled,
769,2024-02-13T05:00:00Z,2024-02-13T21:00:00Z,HON,MarketOnOpen,Buy,136,183.767325,24992.36,4.9294,Filled,
770,2024-02-13T05:00:00Z,2024-02-13T21:00:00Z,T,MarketOnOpen,Buy,1664,15.087494,25105.59,4.974,Filled,
771,2024-02-13T05:00:00Z,2024-02-13T21:00:00Z,SPY,MarketOnOpen,Sell,-32,478.899302,-15324.78,3.0619,Filled,
772,2024-02-14T05:00:00Z,2024-02-14T21:00:00Z,AMZN,MarketOnOpen,Buy,146,169.17,24698.82,4.9926,Filled,closed
773,2024-02-14T05:00:00Z,2024-02-14T21:00:00Z,BX,MarketOnOpen,Sell,-208,116.997918,-24335.57,4.9182,Filled,closed
774,2024-02-14T05:00:00Z,2024-02-14T21:00:00Z,AXP,MarketOnOpen,Sell,-121,205.420315,-24855.86,4.9653,Filled,closed
775,2024-02-14T05:00:00Z,2024-02-14T21:00:00Z,BMY,MarketOnOpen,Sell,-586,43.319773,-25385.39,5.0844,Filled,closed
776,2024-02-14T05:00:00Z,2024-02-14T21:00:00Z,CRM,MarketOnOpen,Sell,-88,279.661209,-24610.19,4.9937,Filled,closed
777,2024-02-14T05:00:00Z,2024-02-14T21:00:00Z,CVX,MarketOnOpen,Buy,184,134.841144,24810.77,4.9513,Filled,closed
778,2024-02-14T05:00:00Z,2024-02-14T21:00:00Z,ISRG,MarketOnOpen,Sell,-64,380.09,-24325.76,4.8865,Filled,closed
779,2024-02-14T05:00:00Z,2024-02-14T21:00:00Z,LIN,MarketOnOpen,Sell,-61,404.101965,-24650.22,4.9285,Filled,closed
780,2024-02-14T05:00:00Z,2024-02-14T21:00:00Z,NKE,MarketOnOpen,Sell,-249,98.263872,-24467.7,4.9555,Filled,closed
781,2024-02-14T05:00:00Z,2024-02-14T21:00:00Z,ORCL,MarketOnOpen,Buy,221,110.571013,24436.19,4.8847,Filled,closed
782,2024-02-14T05:00:00Z,2024-02-14T21:00:00Z,TJX,MarketOnOpen,Buy,264,94.83589,25036.68,4.9695,Filled,closed
783,2024-02-14T05:00:00Z,2024-02-14T21:00:00Z,VZ,MarketOnOpen,Sell,-736,34.23567,-25197.45,5.0195,Filled,closed
784,2024-02-14T05:00:00Z,2024-02-14T21:00:00Z,WFC,MarketOnOpen,Sell,-542,45.911205,-24883.87,4.9696,Filled,closed
785,2024-02-14T05:00:00Z,2024-02-14T21:00:00Z,NVDA,MarketOnOpen,Sell,-348,73.004827,-25405.68,5.1284,Filled,
786,2024-02-14T05:00:00Z,2024-02-14T21:00:00Z,COST,MarketOnOpen,Sell,-35,706.072159,-24712.53,4.9852,Filled,
787,2024-02-14T05:00:00Z,2024-02-14T21:00:00Z,AMD,MarketOnOpen,Buy,145,173.51,25158.95,5.1823,Filled,
788,2024-02-14T05:00:00Z,2024-02-14T21:00:00Z,CSCO,MarketOnOpen,Buy,537,46.48684,24963.43,5.0642,Filled,
789,2024-02-14T05:00:00Z,2024-02-14T21:00:00Z,PFE,MarketOnOpen,Buy,1094,22.894259,25046.32,5.0315,Filled,
790,2024-02-14T05:00:00Z,2024-02-14T21:00:00Z,AMAT,MarketOnOpen,Buy,141,178.791556,25209.61,5.1399,Filled,
791,2024-02-14T05:00:00Z,2024-02-14T21:00:00Z,UBER,MarketOnOpen,Buy,363,74.5,27043.5,5.7463,Filled,
792,2024-02-14T05:00:00Z,2024-02-14T21:00:00Z,SPGI,MarketOnOpen,Buy,64,392.728432,25134.62,4.9886,Filled,
793,2024-02-14T05:00:00Z,2024-02-14T21:00:00Z,BA,MarketOnOpen,Buy,122,206.26,25163.72,4.9625,Filled,
794,2024-02-14T05:00:00Z,2024-02-14T21:00:00Z,SCHW,MarketOnOpen,Buy,412,61.126355,25184.06,5.0264,Filled,
795,2024-02-14T05:00:00Z,2024-02-14T21:00:00Z,CB,MarketOnOpen,Buy,105,238.397484,25031.74,5.029,Filled,
796,2024-02-14T05:00:00Z,2024-02-14T21:00:00Z,SHOP,MarketOnOpen,Buy,324,79.12,25634.88,5.2274,Filled,
797,2024-02-14T05:00:00Z,2024-02-14T21:00:00Z,MRSH,MarketOnOpen,Buy,133,189.161965,25158.54,5.0399,Filled,
798,2024-02-14T05:00:00Z,2024-02-14T21:00:00Z,GILD,MarketOnOpen,Buy,370,67.121867,24835.09,4.9623,Filled,
799,2024-02-15T05:00:00Z,2024-02-15T21:00:00Z,AMAT,MarketOnOpen,Sell,-141,185.017543,-26087.47,5.1805,Filled,closed
800,2024-02-15T05:00:00Z,2024-02-15T21:00:00Z,AMD,MarketOnOpen,Sell,-145,179.33,-26002.85,5.126,Filled,closed
801,2024-02-15T05:00:00Z,2024-02-15T21:00:00Z,CAT,MarketOnOpen,Sell,-80,305.886487,-24470.92,5.0045,Filled,closed
802,2024-02-15T05:00:00Z,2024-02-15T21:00:00Z,SHOP,MarketOnOpen,Sell,-324,80.25,-26001.0,5.4432,Filled,closed
803,2024-02-15T05:00:00Z,2024-02-15T21:00:00Z,COST,MarketOnOpen,Buy,35,711.486036,24902.01,5.0012,Filled,closed
804,2024-02-15T05:00:00Z,2024-02-15T21:00:00Z,MS,MarketOnOpen,Sell,-313,78.741298,-24646.03,5.0004,Filled,closed
805,2024-02-15T05:00:00Z,2024-02-15T21:00:00Z,UBER,MarketOnOpen,Sell,-363,79.15,-28731.45,5.9089,Filled,closed
806,2024-02-15T05:00:00Z,2024-02-15T21:00:00Z,PLD,MarketOnOpen,Sell,-207,120.340664,-24910.52,5.0351,Filled,closed
807,2024-02-15T05:00:00Z,2024-02-15T21:00:00Z,PANW,MarketOnOpen,Sell,-145,184.2475,-26715.89,5.3216,Filled,closed
808,2024-02-15T05:00:00Z,2024-02-15T21:00:00Z,MA,MarketOnOpen,Sell,-54,458.979597,-24784.9,5.015,Filled,
809,2024-02-15T05:00:00Z,2024-02-15T21:00:00Z,MRK,MarketOnOpen,Sell,-217,115.790188,-25126.47,5.048,Filled,
810,2024-02-15T05:00:00Z,2024-02-15T21:00:00Z,CRM,MarketOnOpen,Buy,88,285.882444,25157.66,5.0419,Filled,
811,2024-02-15T05:00:00Z,2024-02-15T21:00:00Z,AMGN,MarketOnOpen,Buy,94,267.274241,25123.78,5.0455,Filled,
812,2024-02-15T05:00:00Z,2024-02-15T21:00:00Z,ISRG,MarketOnOpen,Buy,65,382.03,24831.95,4.9422,Filled,
813,2024-02-15T05:00:00Z,2024-02-15T21:00:00Z,RTX,MarketOnOpen,Buy,290,86.737377,25153.84,5.0517,Filled,
814,2024-02-15T05:00:00Z,2024-02-15T21:00:00Z,LRCX,MarketOnOpen,Buy,280,89.75997,25132.79,5.0048,Filled,
815,2024-02-15T05:00:00Z,2024-02-15T21:00:00Z,VRTX,MarketOnOpen,Buy,60,419.16,25149.6,5.1155,Filled,
816,2024-02-15T05:00:00Z,2024-02-15T21:00:00Z,LMT,MarketOnOpen,Buy,64,389.173667,24907.11,5.0355,Filled,
817,2024-02-15T05:00:00Z,2024-02-15T21:00:00Z,CI,MarketOnOpen,Buy,78,324.198079,25287.45,5.0161,Filled,
818,2024-02-15T05:00:00Z,2024-02-15T21:00:00Z,ADI,MarketOnOpen,Buy,140,180.041793,25205.85,5.0347,Filled,
819,2024-02-16T05:00:00Z,2024-02-16T21:00:00Z,CRM,MarketOnOpen,Sell,-88,285.391811,-25114.48,5.0036,Filled,closed
820,2024-02-16T05:00:00Z,2024-02-16T21:00:00Z,CSCO,MarketOnOpen,Sell,-537,45.727221,-24555.52,4.8789,Filled,closed
821,2024-02-16T05:00:00Z,2024-02-16T21:00:00Z,ISRG,MarketOnOpen,Sell,-65,378.29,-24588.85,4.9222,Filled,closed
822,2024-02-16T05:00:00Z,2024-02-16T21:00:00Z,MRSH,MarketOnOpen,Sell,-133,192.726719,-25632.65,5.1056,Filled,closed
823,2024-02-16T05:00:00Z,2024-02-16T21:00:00Z,NOW,MarketOnOpen,Sell,-159,154.854,-24621.79,4.8654,Filled,closed
824,2024-02-16T05:00:00Z,2024-02-16T21:00:00Z,PFE,MarketOnOpen,Sell,-1094,23.326867,-25519.59,5.1262,Filled,closed
825,2024-02-16T05:00:00Z,2024-02-16T21:00:00Z,RTX,MarketOnOpen,Sell,-290,86.680444,-25137.33,5.0088,Filled,closed
826,2024-02-16T05:00:00Z,2024-02-16T21:00:00Z,NVDA,MarketOnOpen,Buy,694,73.88325,51274.98,10.0492,Filled,
827,2024-02-16T05:00:00Z,2024-02-16T21:00:00Z,GOOGL,MarketOnOpen,Sell,-177,141.612459,-25065.41,4.9275,Filled,
828,2024-02-16T05:00:00Z,2024-02-16T21:00:00Z,TSLA,MarketOnOpen,Sell,-125,202.11,-25263.75,4.9988,Filled,
829,2024-02-16T05:00:00Z,2024-02-16T21:00:00Z,AMD,MarketOnOpen,Buy,142,177.45,25197.9,4.9379,Filled,
830,2024-02-16T05:00:00Z,2024-02-16T21:00:00Z,ADBE,MarketOnOpen,Buy,42,589.9,24775.8,4.5919,Filled,
831,2024-02-16T05:00:00Z,2024-02-16T21:00:00Z,KO,MarketOnOpen,Sell,-457,54.939494,-25107.35,5.0189,Filled,
832,2024-02-16T05:00:00Z,2024-02-16T21:00:00Z,DIS,MarketOnOpen,Buy,229,109.051987,24972.9,4.9719,Filled,
833,2024-02-16T05:00:00Z,2024-02-16T21:00:00Z,INTU,MarketOnOpen,Sell,-38,649.581533,-24684.1,4.8831,Filled,
834,2024-02-16T05:00:00Z,2024-02-16T21:00:00Z,UBER,MarketOnOpen,Sell,-308,80.76,-24874.08,4.8301,Filled,
835,2024-02-16T05:00:00Z,2024-02-16T21:00:00Z,CAT,MarketOnOpen,Buy,80,313.409,25072.72,4.9865,Filled,
836,2024-02-16T05:00:00Z,2024-02-16T21:00:00Z,MS,MarketOnOpen,Buy,314,79.738968,25038.04,5.065,Filled,
837,2024-02-16T05:00:00Z,2024-02-16T21:00:00Z,PLD,MarketOnOpen,Buy,206,120.559964,24835.35,5.0217,Filled,
838,2024-02-16T05:00:00Z,2024-02-16T21:00:00Z,ADP,MarketOnOpen,Buy,107,234.527355,25094.43,5.0432,Filled,
839,2024-02-16T05:00:00Z,2024-02-16T21:00:00Z,DE,MarketOnOpen,Buy,71,348.568045,24748.33,4.9502,Filled,
840,2024-02-20T21:00:00Z,,ADBE,MarketOnOpen,Sell,-42,0.0,0.0,0.0,Canceled,closed
841,2024-02-20T21:00:00Z,2024-02-21T21:00:00Z,AMD,MarketOnOpen,Sell,-142,162.7,-23103.4,4.6658,Filled,closed
842,2024-02-20T21:00:00Z,,AMGN,MarketOnOpen,Sell,-94,0.0,0.0,0.0,Canceled,closed
843,2024-02-20T21:00:00Z,,AVGO,MarketOnOpen,Buy,205,0.0,0.0,0.0,Canceled,closed
844,2024-02-20T21:00:00Z,2024-02-21T21:00:00Z,CAT,MarketOnOpen,Sell,-80,302.933634,-24234.69,4.9126,Filled,closed
845,2024-02-20T21:00:00Z,,CI,MarketOnOpen,Sell,-78,0.0,0.0,0.0,Canceled,closed
846,2024-02-20T21:00:00Z,,DE,MarketOnOpen,Sell,-71,0.0,0.0,0.0,Canceled,closed
847,2024-02-20T21:00:00Z,,MAAS,MarketOnOpen,Sell,-69,0.0,0.0,0.0,Canceled,closed
848,2024-02-20T21:00:00Z,2024-02-21T21:00:00Z,GILD,MarketOnOpen,Sell,-370,66.76381,-24702.61,4.9731,Filled,closed
849,2024-02-20T21:00:00Z,2024-02-21T21:00:00Z,GOOGL,MarketOnOpen,Buy,177,140.106787,24798.9,4.9987,Filled,closed
850,2024-02-20T21:00:00Z,,MRK,MarketOnOpen,Buy,217,0.0,0.0,0.0,Canceled,closed
851,2024-02-20T21:00:00Z,2024-02-21T21:00:00Z,T,MarketOnOpen,Sell,-1664,14.963681,-24899.56,5.0049,Filled,closed
852,2024-02-20T21:00:00Z,2024-02-21T21:00:00Z,TXN,MarketOnOpen,Sell,-167,151.704733,-25334.69,5.1156,Filled,closed
853,2024-02-20T21:00:00Z,2024-02-21T21:00:00Z,AMZN,MarketOnOpen,Sell,-150,168.97,-25345.5,5.0577,Filled,
854,2024-02-20T21:00:00Z,2024-02-21T21:00:00Z,COST,MarketOnOpen,Sell,-35,715.6278,-25046.97,4.991,Filled,
855,2024-02-20T21:00:00Z,2024-02-21T21:00:00Z,CRM,MarketOnOpen,Buy,89,274.823561,24459.3,4.9526,Filled,
856,2024-02-20T21:00:00Z,2024-02-21T21:00:00Z,KO,MarketOnOpen,Buy,906,56.400356,51098.72,10.26,Filled,
857,2024-02-20T21:00:00Z,2024-02-21T21:00:00Z,INTC,MarketOnOpen,Sell,-572,44.001022,-25168.58,4.9216,Filled,
858,2024-02-20T21:00:00Z,2024-02-21T21:00:00Z,AMAT,MarketOnOpen,Sell,-136,184.272078,-25061.0,5.0765,Filled,
859,2024-02-20T21:00:00Z,2024-02-21T21:00:00Z,UBER,MarketOnOpen,Buy,637,76.38,48654.06,9.7385,Filled,
860,2024-02-20T21:00:00Z,2024-02-21T21:00:00Z,NKE,MarketOnOpen,Buy,260,96.719725,25147.13,5.1229,Filled,
861,2024-02-20T21:00:00Z,2024-02-21T21:00:00Z,NOW,MarketOnOpen,Buy,167,147.398,24615.47,4.9962,Filled,
862,2024-02-20T21:00:00Z,2024-02-21T21:00:00Z,ISRG,MarketOnOpen,Buy,66,376.75,24865.5,5.019,Filled,
863,2024-02-20T21:00:00Z,2024-02-21T21:00:00Z,RTX,MarketOnOpen,Buy,292,86.253447,25186.01,4.999,Filled,
864,2024-02-20T21:00:00Z,2024-02-21T21:00:00Z,BMY,MarketOnOpen,Buy,569,44.304716,25209.38,5.1408,Filled,
865,2024-02-20T21:00:00Z,2024-02-21T21:00:00Z,BX,MarketOnOpen,Buy,215,116.341872,25013.5,5.0138,Filled,
866,2024-02-20T21:00:00Z,2024-02-21T21:00:00Z,MELI,MarketOnOpen,Buy,14,1740.21,24362.94,4.8658,Filled,
867,2024-02-21T05:00:00Z,2024-02-21T21:00:00Z,ADBE,MarketOnOpen,Sell,-42,539.76,-22669.92,4.5236,Filled,closed
868,2024-02-21T05:00:00Z,2024-02-21T21:00:00Z,ADI,MarketOnOpen,Sell,-140,182.419595,-25538.74,5.2006,Filled,closed
869,2024-02-21T05:00:00Z,2024-02-21T21:00:00Z,ADP,MarketOnOpen,Sell,-107,236.213529,-25274.85,5.0621,Filled,closed
870,2024-02-21T05:00:00Z,2024-02-21T21:00:00Z,AMGN,MarketOnOpen,Sell,-94,264.451836,-24858.47,4.9476,Filled,closed
871,2024-02-21T05:00:00Z,2024-02-21T21:00:00Z,AVGO,MarketOnOpen,Buy,205,118.452132,24282.69,4.8942,Filled,closed
872,2024-02-21T05:00:00Z,2024-02-21T21:00:00Z,LRCX,MarketOnOpen,Sell,-280,87.536387,-24510.19,4.9399,Filled,closed
873,2024-02-21T05:00:00Z,2024-02-21T21:00:00Z,CI,MarketOnOpen,Sell,-78,324.226518,-25289.67,5.0779,Filled,closed
874,2024-02-21T05:00:00Z,2024-02-21T21:00:00Z,DE,MarketOnOpen,Sell,-71,344.653613,-24470.41,4.9037,Filled,closed
875,2024-02-21T05:00:00Z,2024-02-21T21:00:00Z,DIS,MarketOnOpen,Sell,-229,105.521002,-24164.31,4.7968,Filled,closed
876,2024-02-21T05:00:00Z,2024-02-21T21:00:00Z,MAAS,MarketOnOpen,Sell,-69,414.6,-28607.4,5.7794,Filled,closed
877,2024-02-21T05:00:00Z,2024-02-21T21:00:00Z,MA,MarketOnOpen,Buy,54,446.643714,24118.76,4.8848,Filled,closed
878,2024-02-21T05:00:00Z,2024-02-21T21:00:00Z,MRK,MarketOnOpen,Buy,217,117.141395,25419.68,5.1111,Filled,closed
879,2024-02-21T05:00:00Z,2024-02-21T21:00:00Z,NVDA,MarketOnOpen,Sell,-346,67.801093,-23459.18,4.6554,Filled,closed
880,2024-02-21T05:00:00Z,2024-02-21T21:00:00Z,PM,MarketOnOpen,Sell,-310,81.055774,-25127.29,5.077,Filled,closed
881,2024-02-21T05:00:00Z,2024-02-21T21:00:00Z,SCHW,MarketOnOpen,Sell,-412,61.213458,-25219.94,5.1142,Filled,closed
882,2024-02-21T05:00:00Z,2024-02-21T21:00:00Z,WMT,MarketOnOpen,Buy,465,56.736954,26382.68,5.2373,Filled,closed
883,2024-02-21T05:00:00Z,2024-02-21T21:00:00Z,GOOGL,MarketOnOpen,Buy,180,140.106787,25219.22,5.0834,Filled,
884,2024-02-21T05:00:00Z,2024-02-21T21:00:00Z,ABT,MarketOnOpen,Buy,227,110.867728,25166.97,5.0795,Filled,
885,2024-02-21T05:00:00Z,2024-02-21T21:00:00Z,DHR,MarketOnOpen,Sell,-103,242.699243,-24998.02,5.0877,Filled,
886,2024-02-21T05:00:00Z,2024-02-21T21:00:00Z,AMAT,MarketOnOpen,Buy,272,184.272078,50122.01,10.153,Filled,
887,2024-02-21T05:00:00Z,2024-02-21T21:00:00Z,PFE,MarketOnOpen,Buy,1076,23.403209,25181.85,5.051,Filled,
888,2024-02-21T05:00:00Z,2024-02-21T21:00:00Z,UNP,MarketOnOpen,Sell,-108,234.7967,-25358.04,5.1098,Filled,
889,2024-02-21T05:00:00Z,2024-02-21T21:00:00Z,BLK,MarketOnOpen,Buy,33,752.155502,24821.13,5.0055,Filled,
890,2024-02-21T05:00:00Z,2024-02-21T21:00:00Z,MDT,MarketOnOpen,Buy,321,79.094988,25389.49,5.0409,Filled,
891,2024-02-21T05:00:00Z,2024-02-21T21:00:00Z,SHOP,MarketOnOpen,Buy,320,77.0,24640.0,4.8378,Filled,
892,2024-02-21T05:00:00Z,2024-02-21T21:00:00Z,MDLZ,MarketOnOpen,Buy,371,68.311689,25343.64,5.0811,Filled,
893,2024-02-22T05:00:00Z,2024-02-22T21:00:00Z,BX,MarketOnOpen,Sell,-215,118.559492,-25490.29,5.0575,Filled,closed
894,2024-02-22T05:00:00Z,2024-02-22T21:00:00Z,BKNG,MarketOnOpen,Sell,-166,148.639207,-24674.11,5.0618,Filled,closed
895,2024-02-22T05:00:00Z,2024-02-22T21:00:00Z,BLK,MarketOnOpen,Sell,-33,763.671209,-25201.15,5.0551,Filled,closed
896,2024-02-22T05:00:00Z,2024-02-22T21:00:00Z,MELI,MarketOnOpen,Sell,-14,1767.64,-24746.96,5.0903,Filled,closed
897,2024-02-22T05:00:00Z,2024-02-22T21:00:00Z,DHR,MarketOnOpen,Buy,103,247.729407,25516.13,5.1299,Filled,closed
898,2024-02-22T05:00:00Z,2024-02-22T21:00:00Z,HON,MarketOnOpen,Sell,-136,185.962258,-25290.87,5.1011,Filled,closed
899,2024-02-22T05:00:00Z,2024-02-22T21:00:00Z,INTU,MarketOnOpen,Buy,38,636.961451,24204.54,4.8993,Filled,closed
900,2024-02-22T05:00:00Z,2024-02-22T21:00:00Z,JNJ,MarketOnOpen,Sell,-172,148.274637,-25503.24,5.1478,Filled,closed
901,2024-02-22T05:00:00Z,2024-02-22T21:00:00Z,LMT,MarketOnOpen,Sell,-64,395.226322,-25294.48,5.1041,Filled,closed
902,2024-02-22T05:00:00Z,2024-02-22T21:00:00Z,MDLZ,MarketOnOpen,Sell,-371,67.85702,-25174.95,5.1038,Filled,closed
903,2024-02-22T05:00:00Z,2024-02-22T21:00:00Z,MDT,MarketOnOpen,Sell,-321,78.40029,-25166.49,4.9916,Filled,closed
904,2024-02-22T05:00:00Z,2024-02-22T21:00:00Z,MS,MarketOnOpen,Sell,-314,80.177196,-25175.64,5.0269,Filled,closed
905,2024-02-22T05:00:00Z,2024-02-22T21:00:00Z,NOW,MarketOnOpen,Sell,-167,155.0,-25885.0,5.1383,Filled,closed
906,2024-02-22T05:00:00Z,2024-02-22T21:00:00Z,UBER,MarketOnOpen,Sell,-329,79.59,-26185.11,5.1344,Filled,closed
907,2024-02-22T05:00:00Z,2024-02-22T21:00:00Z,UNP,MarketOnOpen,Buy,108,237.197003,25617.28,5.1747,Filled,closed
908,2024-02-22T05:00:00Z,2024-02-22T21:00:00Z,UPS,MarketOnOpen,Sell,-199,127.57923,-25388.27,5.1353,Filled,closed
909,2024-02-22T05:00:00Z,2024-02-22T21:00:00Z,XOM,MarketOnOpen,Sell,-261,96.234307,-25117.15,5.0466,Filled,
910,2024-02-22T05:00:00Z,2024-02-22T21:00:00Z,PG,MarketOnOpen,Sell,-168,149.043608,-25039.33,5.0484,Filled,
911,2024-02-22T05:00:00Z,2024-02-22T21:00:00Z,AMD,MarketOnOpen,Buy,153,173.18,26496.54,5.5649,Filled,
912,2024-02-22T05:00:00Z,2024-02-22T21:00:00Z,NKE,MarketOnOpen,Sell,-516,99.031266,-51100.13,10.1486,Filled,
913,2024-02-22T05:00:00Z,2024-02-22T21:00:00Z,CAT,MarketOnOpen,Buy,82,310.775636,25483.6,5.114,Filled,
914,2024-02-22T05:00:00Z,2024-02-22T21:00:00Z,AXP,MarketOnOpen,Sell,-123,206.716183,-25426.09,5.1216,Filled,
915,2024-02-22T05:00:00Z,2024-02-22T21:00:00Z,TXN,MarketOnOpen,Buy,165,153.92635,25397.85,5.0959,Filled,
916,2024-02-22T05:00:00Z,2024-02-22T21:00:00Z,T,MarketOnOpen,Buy,1681,14.831024,24930.95,4.9327,Filled,
917,2024-02-22T05:00:00Z,2024-02-22T21:00:00Z,SCHW,MarketOnOpen,Buy,407,62.626448,25488.96,5.0915,Filled,
918,2024-02-22T05:00:00Z,2024-02-22T21:00:00Z,CI,MarketOnOpen,Buy,77,326.150851,25113.62,4.995,Filled,
919,2024-02-22T05:00:00Z,2024-02-22T21:00:00Z,DE,MarketOnOpen,Buy,73,342.275959,24986.14,5.0346,Filled,
920,2024-02-22T05:00:00Z,2024-02-22T21:00:00Z,CVS,MarketOnOpen,Buy,361,70.023763,25278.58,5.0524,Filled,
921,2024-02-22T05:00:00Z,2024-02-22T21:00:00Z,GILD,MarketOnOpen,Buy,376,66.378211,24958.21,5.0248,Filled,
922,2024-02-22T05:00:00Z,2024-02-22T21:00:00Z,MU,MarketOnOpen,Buy,312,84.313565,26305.83,5.3175,Filled,
923,2024-02-23T05:00:00Z,2024-02-23T21:00:00Z,AMAT,MarketOnOpen,Sell,-136,195.45078,-26581.31,5.2586,Filled,closed
924,2024-02-23T05:00:00Z,2024-02-23T21:00:00Z,AMD,MarketOnOpen,Sell,-153,181.86,-27824.58,5.4015,Filled,closed
925,2024-02-23T05:00:00Z,2024-02-23T21:00:00Z,AXP,MarketOnOpen,Buy,123,209.167824,25727.64,5.135,Filled,closed
926,2024-02-23T05:00:00Z,2024-02-23T21:00:00Z,SHOP,MarketOnOpen,Sell,-320,75.0,-24000.0,4.8794,Filled,closed
927,2024-02-23T05:00:00Z,2024-02-23T21:00:00Z,CRM,MarketOnOpen,Sell,-89,292.417685,-26025.17,5.1142,Filled,closed
928,2024-02-23T05:00:00Z,2024-02-23T21:00:00Z,CVS,MarketOnOpen,Sell,-361,70.150831,-25324.45,5.059,Filled,closed
929,2024-02-23T05:00:00Z,2024-02-23T21:00:00Z,DE,MarketOnOpen,Sell,-73,345.997085,-25257.79,5.1458,Filled,closed
930,2024-02-23T05:00:00Z,2024-02-23T21:00:00Z,GILD,MarketOnOpen,Sell,-376,67.2504,-25286.15,5.0779,Filled,closed
931,2024-02-23T05:00:00Z,2024-02-23T21:00:00Z,GOOGL,MarketOnOpen,Sell,-180,142.256332,-25606.14,5.1337,Filled,closed
932,2024-02-23T05:00:00Z,2024-02-23T21:00:00Z,INTC,MarketOnOpen,Buy,572,42.704545,24427.0,4.8673,Filled,closed
933,2024-02-23T05:00:00Z,2024-02-23T21:00:00Z,LOW,MarketOnOpen,Sell,-118,220.540715,-26023.8,5.2254,Filled,closed
934,2024-02-23T05:00:00Z,2024-02-23T21:00:00Z,MCD,MarketOnOpen,Sell,-93,276.980017,-25759.14,5.1823,Filled,closed
935,2024-02-23T05:00:00Z,2024-02-23T21:00:00Z,NKE,MarketOnOpen,Buy,256,98.507192,25217.84,5.0613,Filled,closed
936,2024-02-23T05:00:00Z,2024-02-23T21:00:00Z,PFE,MarketOnOpen,Sell,-1076,23.538929,-25327.89,5.0674,Filled,closed
937,2024-02-23T05:00:00Z,2024-02-23T21:00:00Z,T,MarketOnOpen,Sell,-1681,14.707211,-24722.82,4.9981,Filled,closed
938,2024-02-23T05:00:00Z,2024-02-23T21:00:00Z,VRTX,MarketOnOpen,Sell,-60,430.0,-25800.0,5.1613,Filled,closed
939,2024-02-23T05:00:00Z,2024-02-23T21:00:00Z,AVGO,MarketOnOpen,Sell,-198,127.240736,-25193.67,4.9925,Filled,
940,2024-02-23T05:00:00Z,2024-02-23T21:00:00Z,CVX,MarketOnOpen,Buy,180,139.583344,25125.0,5.0182,Filled,
941,2024-02-23T05:00:00Z,2024-02-23T21:00:00Z,LIN,MarketOnOpen,Buy,58,432.559578,25088.46,5.0131,Filled,
942,2024-02-23T05:00:00Z,2024-02-23T21:00:00Z,INTU,MarketOnOpen,Sell,-39,639.587368,-24943.91,5.0427,Filled,
943,2024-02-23T05:00:00Z,2024-02-23T21:00:00Z,UBER,MarketOnOpen,Buy,323,78.5,25355.5,5.0517,Filled,
944,2024-02-23T05:00:00Z,2024-02-23T21:00:00Z,NOW,MarketOnOpen,Buy,163,155.07,25276.41,5.0267,Filled,
945,2024-02-23T05:00:00Z,2024-02-23T21:00:00Z,AMGN,MarketOnOpen,Sell,-95,266.011586,-25271.1,5.1011,Filled,
946,2024-02-23T05:00:00Z,2024-02-23T21:00:00Z,BKNG,MarketOnOpen,Buy,165,144.505998,23843.49,4.5207,Filled,
947,2024-02-23T05:00:00Z,2024-02-23T21:00:00Z,LRCX,MarketOnOpen,Buy,273,92.63444,25289.2,4.9583,Filled,
948,2024-02-23T05:00:00Z,2024-02-23T21:00:00Z,ETN,MarketOnOpen,Buy,91,276.617999,25172.24,5.0156,Filled,
949,2024-02-23T05:00:00Z,2024-02-23T21:00:00Z,SBUX,MarketOnOpen,Buy,280,89.977622,25193.73,5.023,Filled,
950,2024-02-23T05:00:00Z,2024-02-23T21:00:00Z,LMT,MarketOnOpen,Buy,63,398.740767,25120.67,5.0505,Filled,
951,2024-02-23T05:00:00Z,2024-02-23T21:00:00Z,MRSH,MarketOnOpen,Buy,128,195.831505,25066.43,4.9959,Filled,
952,2024-02-23T05:00:00Z,2024-02-23T21:00:00Z,MDLZ,MarketOnOpen,Buy,366,68.784916,25175.28,5.0249,Filled,
953,2024-02-23T05:00:00Z,2024-02-23T21:00:00Z,ABNB,MarketOnOpen,Buy,162,153.23,24823.26,4.9462,Filled,
954,2024-02-23T05:00:00Z,2024-02-23T21:00:00Z,BSX,MarketOnOpen,Buy,377,66.89,25217.53,5.0518,Filled,
955,2024-02-23T05:00:00Z,2024-02-23T21:00:00Z,BX,MarketOnOpen,Buy,214,118.236089,25302.52,4.9478,Filled,
956,2024-02-23T05:00:00Z,2024-02-23T21:00:00Z,ADI,MarketOnOpen,Buy,137,185.10421,25359.28,4.9944,Filled,
957,2024-02-23T05:00:00Z,2024-02-23T21:00:00Z,KLAC,MarketOnOpen,Buy,375,67.024887,25134.33,4.9225,Filled,
958,2024-02-26T05:00:00Z,2024-02-26T21:00:00Z,AMGN,MarketOnOpen,Buy,95,267.645609,25426.33,5.0516,Filled,closed
959,2024-02-26T05:00:00Z,2024-02-26T21:00:00Z,BA,MarketOnOpen,Sell,-122,201.01,-24523.22,4.8932,Filled,closed
960,2024-02-26T05:00:00Z,2024-02-26T21:00:00Z,COST,MarketOnOpen,Buy,35,731.711651,25609.91,5.1451,Filled,closed
961,2024-02-26T05:00:00Z,2024-02-26T21:00:00Z,CVX,MarketOnOpen,Sell,-180,139.204898,-25056.88,5.0101,Filled,closed
962,2024-02-26T05:00:00Z,2024-02-26T21:00:00Z,ETN,MarketOnOpen,Sell,-91,276.617999,-25172.24,5.0045,Filled,closed
963,2024-02-26T05:00:00Z,2024-02-26T21:00:00Z,MDLZ,MarketOnOpen,Sell,-366,68.5715,-25097.17,4.978,Filled,closed
964,2024-02-26T05:00:00Z,2024-02-26T21:00:00Z,KLAC,MarketOnOpen,Sell,-375,66.300665,-24862.75,5.0329,Filled,closed
965,2024-02-26T05:00:00Z,2024-02-26T21:00:00Z,RTX,MarketOnOpen,Sell,-292,86.018981,-25117.54,5.0213,Filled,closed
966,2024-02-26T05:00:00Z,2024-02-26T21:00:00Z,TSLA,MarketOnOpen,Buy,125,192.24,24030.0,4.985,Filled,closed
967,2024-02-26T05:00:00Z,2024-02-26T21:00:00Z,MA,MarketOnOpen,Sell,-53,466.044157,-24700.34,4.9558,Filled,
968,2024-02-26T05:00:00Z,2024-02-26T21:00:00Z,MRK,MarketOnOpen,Sell,-211,119.20957,-25153.22,4.9977,Filled,
969,2024-02-26T05:00:00Z,2024-02-26T21:00:00Z,AMD,MarketOnOpen,Buy,142,178.71,25376.82,4.9987,Filled,
970,2024-02-26T05:00:00Z,2024-02-26T21:00:00Z,AXP,MarketOnOpen,Sell,-120,208.019833,-24962.38,5.0658,Filled,
971,2024-02-26T05:00:00Z,2024-02-26T21:00:00Z,LOW,MarketOnOpen,Buy,113,221.62609,25043.75,4.9773,Filled,
972,2024-02-26T05:00:00Z,2024-02-26T21:00:00Z,UPS,MarketOnOpen,Buy,196,127.363797,24963.3,4.9825,Filled,
973,2024-02-26T05:00:00Z,2024-02-26T21:00:00Z,BLK,MarketOnOpen,Buy,32,763.586465,24434.77,4.8573,Filled,
974,2024-02-26T05:00:00Z,2024-02-26T21:00:00Z,T,MarketOnOpen,Buy,1693,14.857555,25153.84,4.9679,Filled,
975,2024-02-26T05:00:00Z,2024-02-26T21:00:00Z,MDT,MarketOnOpen,Buy,321,78.208334,25104.88,4.9101,Filled,
976,2024-02-26T05:00:00Z,2024-02-26T21:00:00Z,DE,MarketOnOpen,Buy,71,350.385114,24877.34,4.9849,Filled,
977,2024-02-26T05:00:00Z,2024-02-26T21:00:00Z,SHOP,MarketOnOpen,Buy,330,76.29,25175.7,5.119,Filled,
978,2024-02-26T05:00:00Z,2024-02-26T21:00:00Z,GILD,MarketOnOpen,Buy,372,67.479924,25102.53,4.9829,Filled,
979,2024-02-27T05:00:00Z,2024-02-27T21:00:00Z,AMD,MarketOnOpen,Sell,-142,175.92,-24980.64,5.0552,Filled,closed
980,2024-02-27T05:00:00Z,2024-02-27T21:00:00Z,AXP,MarketOnOpen,Buy,120,211.531907,25383.83,5.0896,Filled,closed
981,2024-02-27T05:00:00Z,2024-02-27T21:00:00Z,SHOP,MarketOnOpen,Sell,-330,77.56,-25594.8,5.0576,Filled,closed
982,2024-02-27T05:00:00Z,2024-02-27T21:00:00Z,GILD,MarketOnOpen,Sell,-372,66.873982,-24877.12,4.9877,Filled,closed
983,2024-02-27T05:00:00Z,2024-02-27T21:00:00Z,LIN,MarketOnOpen,Sell,-58,428.148069,-24832.59,4.9806,Filled,closed
984,2024-02-27T05:00:00Z,2024-02-27T21:00:00Z,MDT,MarketOnOpen,Sell,-321,76.288775,-24488.7,4.92,Filled,closed
985,2024-02-27T05:00:00Z,2024-02-27T21:00:00Z,META,MarketOnOpen,Buy,54,475.950768,25701.34,5.2158,Filled,closed
986,2024-02-27T05:00:00Z,2024-02-27T21:00:00Z,NOW,MarketOnOpen,Sell,-163,156.452,-25501.68,5.0018,Filled,closed
987,2024-02-27T05:00:00Z,2024-02-27T21:00:00Z,PLD,MarketOnOpen,Sell,-206,121.756974,-25081.94,4.9878,Filled,closed
988,2024-02-27T05:00:00Z,2024-02-27T21:00:00Z,SBUX,MarketOnOpen,Sell,-280,88.476744,-24773.49,4.9447,Filled,closed
989,2024-02-27T05:00:00Z,2024-02-27T21:00:00Z,T,MarketOnOpen,Sell,-1693,14.689524,-24869.36,5.0412,Filled,closed
990,2024-02-27T05:00:00Z,2024-02-27T21:00:00Z,CVX,MarketOnOpen,Buy,180,137.970445,24834.68,4.9371,Filled,
991,2024-02-27T05:00:00Z,2024-02-27T21:00:00Z,MCD,MarketOnOpen,Buy,90,277.728611,24995.58,4.9479,Filled,
992,2024-02-27T05:00:00Z,2024-02-27T21:00:00Z,NKE,MarketOnOpen,Buy,256,98.104778,25114.82,5.0383,Filled,
993,2024-02-27T05:00:00Z,2024-02-27T21:00:00Z,PFE,MarketOnOpen,Sell,-1090,22.987567,-25056.45,4.9725,Filled,
994,2024-02-27T05:00:00Z,2024-02-27T21:00:00Z,HON,MarketOnOpen,Buy,135,186.466626,25172.99,4.9983,Filled,
995,2024-02-27T05:00:00Z,2024-02-27T21:00:00Z,BA,MarketOnOpen,Buy,125,200.93,25116.25,5.035,Filled,
996,2024-02-27T05:00:00Z,2024-02-27T21:00:00Z,RTX,MarketOnOpen,Buy,292,85.990327,25109.18,5.0436,Filled,
997,2024-02-27T05:00:00Z,2024-02-27T21:00:00Z,NEE,MarketOnOpen,Buy,489,51.595153,25230.03,5.0569,Filled,
998,2024-02-27T05:00:00Z,2024-02-27T21:00:00Z,ETN,MarketOnOpen,Buy,91,275.186549,25041.98,4.9917,Filled,
999,2024-02-27T05:00:00Z,2024-02-27T21:00:00Z,REGN,MarketOnOpen,Buy,25,977.218167,24430.45,4.9203,Filled,
1000,2024-02-27T05:00:00Z,2024-02-27T21:00:00Z,MDLZ,MarketOnOpen,Buy,369,67.986925,25087.18,5.0078,Filled,
1001,2024-02-27T05:00:00Z,2024-02-27T21:00:00Z,CVS,MarketOnOpen,Buy,362,69.397497,25121.89,5.0119,Filled,
1002,2024-02-28T05:00:00Z,2024-02-28T21:00:00Z,BX,MarketOnOpen,Sell,-214,116.582115,-24948.57,4.9956,Filled,closed
1003,2024-02-28T05:00:00Z,2024-02-28T21:00:00Z,BLK,MarketOnOpen,Sell,-32,752.127254,-24068.07,4.8792,Filled,closed
1004,2024-02-28T05:00:00Z,2024-02-28T21:00:00Z,BSX,MarketOnOpen,Sell,-377,66.46,-25055.42,5.051,Filled,closed
1005,2024-02-28T05:00:00Z,2024-02-28T21:00:00Z,CI,MarketOnOpen,Sell,-77,322.719281,-24849.38,4.8924,Filled,closed
1006,2024-02-28T05:00:00Z,2024-02-28T21:00:00Z,CVS,MarketOnOpen,Sell,-362,69.061673,-25000.33,4.9409,Filled,closed
1007,2024-02-28T05:00:00Z,2024-02-28T21:00:00Z,CVX,MarketOnOpen,Sell,-180,137.105427,-24678.98,4.9429,Filled,closed
1008,2024-02-28T05:00:00Z,2024-02-28T21:00:00Z,ETN,MarketOnOpen,Sell,-91,274.267713,-24958.36,5.0513,Filled,closed
1009,2024-02-28T05:00:00Z,2024-02-28T21:00:00Z,KO,MarketOnOpen,Sell,-449,55.817861,-25062.22,5.0149,Filled,closed
1010,2024-02-28T05:00:00Z,2024-02-28T21:00:00Z,MCD,MarketOnOpen,Sell,-90,275.136602,-24762.29,4.972,Filled,closed
1011,2024-02-28T05:00:00Z,2024-02-28T21:00:00Z,MDLZ,MarketOnOpen,Sell,-369,67.968367,-25080.33,5.012,Filled,closed
1012,2024-02-28T05:00:00Z,2024-02-28T21:00:00Z,MRSH,MarketOnOpen,Sell,-128,195.064892,-24968.31,5.0555,Filled,closed
1013,2024-02-28T05:00:00Z,2024-02-28T21:00:00Z,MRK,MarketOnOpen,Buy,211,118.851086,25077.58,4.9725,Filled,closed
1014,2024-02-28T05:00:00Z,2024-02-28T21:00:00Z,NKE,MarketOnOpen,Sell,-256,97.42161,-24939.93,5.0,Filled,closed
1015,2024-02-28T05:00:00Z,2024-02-28T21:00:00Z,UBER,MarketOnOpen,Sell,-323,78.6,-25387.8,5.0214,Filled,closed
1016,2024-02-28T05:00:00Z,2024-02-28T21:00:00Z,PFE,MarketOnOpen,Buy,1090,22.860329,24917.76,5.0002,Filled,closed
1017,2024-02-28T05:00:00Z,2024-02-28T21:00:00Z,HD,MarketOnOpen,Sell,-71,350.064058,-24854.55,4.998,Filled,
1018,2024-02-28T05:00:00Z,2024-02-28T21:00:00Z,AMD,MarketOnOpen,Buy,141,176.18,24841.38,4.9784,Filled,
1019,2024-02-28T05:00:00Z,2024-02-28T21:00:00Z,NFLX,MarketOnOpen,Buy,418,59.579,24904.02,4.9866,Filled,
1020,2024-02-28T05:00:00Z,2024-02-28T21:00:00Z,LIN,MarketOnOpen,Buy,58,428.601769,24858.9,5.0531,Filled,
1021,2024-02-28T05:00:00Z,2024-02-28T21:00:00Z,AMGN,MarketOnOpen,Sell,-97,259.020565,-25124.99,4.9974,Filled,
1022,2024-02-28T05:00:00Z,2024-02-28T21:00:00Z,T,MarketOnOpen,Buy,1689,14.892931,25154.16,5.0667,Filled,
1023,2024-02-28T05:00:00Z,2024-02-28T21:00:00Z,TJX,MarketOnOpen,Buy,258,97.547978,25167.38,5.053,Filled,
1024,2024-02-28T05:00:00Z,2024-02-28T21:00:00Z,ADP,MarketOnOpen,Buy,107,233.418764,24975.81,5.0151,Filled,
1025,2024-02-28T05:00:00Z,2024-02-28T21:00:00Z,PANW,MarketOnOpen,Buy,159,155.675,24752.33,5.0276,Filled,
1026,2024-02-28T05:00:00Z,2024-02-28T21:00:00Z,SHOP,MarketOnOpen,Buy,328,75.6,24796.8,4.9567,Filled,
1027,2024-02-29T05:00:00Z,2024-02-29T21:00:00Z,ABT,MarketOnOpen,Sell,-227,114.208947,-25925.43,5.1127,Filled,closed
1028,2024-02-29T05:00:00Z,2024-02-29T21:00:00Z,AMD,MarketOnOpen,Sell,-141,179.97,-25375.77,5.4293,Filled,closed
1029,2024-02-29T05:00:00Z,2024-02-29T21:00:00Z,AMGN,MarketOnOpen,Buy,97,258.584207,25082.67,4.9321,Filled,closed
1030,2024-02-29T05:00:00Z,2024-02-29T21:00:00Z,CAT,MarketOnOpen,Sell,-82,320.45712,-26277.48,5.3025,Filled,closed
1031,2024-02-29T05:00:00Z,2024-02-29T21:00:00Z,LIN,MarketOnOpen,Sell,-58,436.179526,-25298.41,5.0208,Filled,closed
1032,2024-02-29T05:00:00Z,2024-02-29T21:00:00Z,ABNB,MarketOnOpen,Sell,-162,153.4,-24850.8,5.102,Filled,closed
1033,2024-02-29T05:00:00Z,2024-02-29T21:00:00Z,NEE,MarketOnOpen,Sell,-489,51.641685,-25252.78,5.0233,Filled,closed
1034,2024-02-29T05:00:00Z,2024-02-29T21:00:00Z,NFLX,MarketOnOpen,Sell,-418,60.425,-25257.65,5.0404,Filled,closed
1035,2024-02-29T05:00:00Z,2024-02-29T21:00:00Z,RTX,MarketOnOpen,Sell,-292,86.353276,-25215.16,5.0018,Filled,closed
1036,2024-02-29T05:00:00Z,2024-02-29T21:00:00Z,SCHW,MarketOnOpen,Sell,-407,64.010404,-26052.23,5.2609,Filled,closed
1037,2024-02-29T05:00:00Z,2024-02-29T21:00:00Z,TMO,MarketOnOpen,Sell,-45,569.499355,-25627.47,5.0856,Filled,closed
1038,2024-02-29T05:00:00Z,2024-02-29T21:00:00Z,TSLA,MarketOnOpen,Sell,-124,204.17,-25317.08,5.0066,Filled,
1039,2024-02-29T05:00:00Z,2024-02-29T21:00:00Z,JPM,MarketOnOpen,Sell,-144,176.164401,-25367.67,5.0845,Filled,
1040,2024-02-29T05:00:00Z,2024-02-29T21:00:00Z,COST,MarketOnOpen,Sell,-34,742.125229,-25232.26,4.9883,Filled,
1041,2024-02-29T05:00:00Z,2024-02-29T21:00:00Z,CVX,MarketOnOpen,Buy,183,137.835286,25223.86,5.0118,Filled,
1042,2024-02-29T05:00:00Z,2024-02-29T21:00:00Z,KO,MarketOnOpen,Buy,451,55.845598,25186.36,5.0056,Filled,
1043,2024-02-29T05:00:00Z,2024-02-29T21:00:00Z,BLK,MarketOnOpen,Buy,33,765.893373,25274.48,5.0421,Filled,
1044,2024-02-29T05:00:00Z,2024-02-29T21:00:00Z,ETN,MarketOnOpen,Buy,90,277.585195,24982.67,5.0314,Filled,
1045,2024-02-29T05:00:00Z,2024-02-29T21:00:00Z,MDLZ,MarketOnOpen,Buy,371,68.311689,25343.64,5.0309,Filled,
1046,2024-02-29T05:00:00Z,2024-02-29T21:00:00Z,BSX,MarketOnOpen,Buy,376,66.83,25128.08,4.979,Filled,
1047,2024-03-01T05:00:00Z,2024-03-01T21:00:00Z,MU,MarketOnOpen,Sell,-312,91.177682,-28447.44,5.8894,Filled,closed
1048,2024-03-01T05:00:00Z,2024-03-01T21:00:00Z,ADI,MarketOnOpen,Sell,-137,184.615226,-25292.29,5.1533,Filled,closed
1049,2024-03-01T05:00:00Z,2024-03-01T21:00:00Z,BKNG,MarketOnOpen,Sell,-165,136.075863,-22452.52,4.5127,Filled,closed
1050,2024-03-01T05:00:00Z,2024-03-01T21:00:00Z,SHOP,MarketOnOpen,Sell,-328,77.11,-25292.08,5.0243,Filled,closed
1051,2024-03-01T05:00:00Z,2024-03-01T21:00:00Z,CVX,MarketOnOpen,Sell,-183,138.141647,-25279.92,5.0395,Filled,closed
1052,2024-03-01T05:00:00Z,2024-03-01T21:00:00Z,KO,MarketOnOpen,Sell,-451,55.374054,-24973.7,4.9647,Filled,closed
1053,2024-03-01T05:00:00Z,2024-03-01T21:00:00Z,LOW,MarketOnOpen,Sell,-113,228.757199,-25849.56,5.265,Filled,closed
1054,2024-03-01T05:00:00Z,2024-03-01T21:00:00Z,REGN,MarketOnOpen,Sell,-25,958.455229,-23961.38,4.8682,Filled,closed
1055,2024-03-01T05:00:00Z,2024-03-01T21:00:00Z,TJX,MarketOnOpen,Sell,-258,96.259736,-24835.01,4.9235,Filled,closed
1056,2024-03-01T05:00:00Z,2024-03-01T21:00:00Z,TXN,MarketOnOpen,Sell,-165,156.4,-25806.0,5.269,Filled,closed
1057,2024-03-01T05:00:00Z,2024-03-01T21:00:00Z,PANW,MarketOnOpen,Sell,-159,155.75,-24764.25,4.8078,Filled,closed
1058,2024-03-01T05:00:00Z,2024-03-01T21:00:00Z,XOM,MarketOnOpen,Buy,261,97.738689,25509.8,5.0991,Filled,closed
1059,2024-03-01T05:00:00Z,2024-03-01T21:00:00Z,ORCL,MarketOnOpen,Sell,-233,108.017588,-25168.1,5.1283,Filled,
1060,2024-03-01T05:00:00Z,2024-03-01T21:00:00Z,CRM,MarketOnOpen,Buy,83,301.249092,25003.67,5.1617,Filled,
1061,2024-03-01T05:00:00Z,2024-03-01T21:00:00Z,NFLX,MarketOnOpen,Buy,417,59.981,25012.08,5.1653,Filled,
1062,2024-03-01T05:00:00Z,2024-03-01T21:00:00Z,MAAS,MarketOnOpen,Sell,-52,465.6,-24211.2,4.9358,Filled,
1063,2024-03-01T05:00:00Z,2024-03-01T21:00:00Z,NOW,MarketOnOpen,Sell,-163,154.4,-25167.2,5.0441,Filled,
1064,2024-03-01T05:00:00Z,2024-03-01T21:00:00Z,AMGN,MarketOnOpen,Buy,99,256.708794,25414.17,5.1532,Filled,
1065,2024-03-01T05:00:00Z,2024-03-01T21:00:00Z,RTX,MarketOnOpen,Buy,294,85.694237,25194.11,5.0433,Filled,
1066,2024-03-01T05:00:00Z,2024-03-01T21:00:00Z,NEE,MarketOnOpen,Buy,490,51.427636,25199.54,5.0353,Filled,
1067,2024-03-01T05:00:00Z,2024-03-01T21:00:00Z,PGR,MarketOnOpen,Buy,144,173.939204,25047.25,4.9732,Filled,
1068,2024-03-01T05:00:00Z,2024-03-01T21:00:00Z,VRTX,MarketOnOpen,Buy,59,423.2,24968.8,5.1066,Filled,
1069,2024-03-01T05:00:00Z,2024-03-01T21:00:00Z,SBUX,MarketOnOpen,Buy,282,88.654973,25000.7,4.9287,Filled,
1070,2024-03-01T05:00:00Z,2024-03-01T21:00:00Z,ABNB,MarketOnOpen,Buy,159,157.23,24999.57,5.0791,Filled,
1071,2024-03-01T05:00:00Z,2024-03-01T21:00:00Z,CVS,MarketOnOpen,Buy,373,67.736531,25265.73,4.9997,Filled,
1072,2024-03-01T05:00:00Z,2024-03-01T21:00:00Z,SPY,MarketOnOpen,Buy,173,492.823665,85258.49,17.1824,Filled,
1073,2024-03-04T05:00:00Z,2024-03-04T21:00:00Z,CB,MarketOnOpen,Sell,-105,240.771807,-25281.04,5.0319,Filled,closed
1074,2024-03-04T05:00:00Z,2024-03-04T21:00:00Z,CVS,MarketOnOpen,Sell,-373,67.128418,-25038.9,5.003,Filled,closed
1075,2024-03-04T05:00:00Z,2024-03-04T21:00:00Z,ETN,MarketOnOpen,Sell,-90,286.183565,-25756.52,5.1633,Filled,closed
1076,2024-03-04T05:00:00Z,2024-03-04T21:00:00Z,ISRG,MarketOnOpen,Sell,-66,398.3,-26287.8,5.2878,Filled,closed
1077,2024-03-04T05:00:00Z,2024-03-04T21:00:00Z,MDLZ,MarketOnOpen,Sell,-371,66.808498,-24785.95,4.9235,Filled,closed
1078,2024-03-04T05:00:00Z,2024-03-04T21:00:00Z,NVDA,MarketOnOpen,Sell,-306,83.913824,-25677.63,5.2012,Filled,
1079,2024-03-04T05:00:00Z,2024-03-04T21:00:00Z,WMT,MarketOnOpen,Buy,439,56.899066,24978.69,5.0641,Filled,
1080,2024-03-04T05:00:00Z,2024-03-04T21:00:00Z,PEP,MarketOnOpen,Buy,167,149.834506,25022.36,5.0325,Filled,
1081,2024-03-04T05:00:00Z,2024-03-04T21:00:00Z,QCOM,MarketOnOpen,Sell,-162,156.811243,-25403.42,5.1225,Filled,
1082,2024-03-04T05:00:00Z,2024-03-04T21:00:00Z,BKNG,MarketOnOpen,Buy,183,135.264695,24753.44,4.9501,Filled,
1083,2024-03-04T05:00:00Z,2024-03-04T21:00:00Z,SCHW,MarketOnOpen,Buy,390,64.494305,25152.78,5.106,Filled,
1084,2024-03-04T05:00:00Z,2024-03-04T21:00:00Z,ELV,MarketOnOpen,Buy,52,477.184975,24813.62,5.0042,Filled,
1085,2024-03-04T05:00:00Z,2024-03-04T21:00:00Z,TJX,MarketOnOpen,Buy,263,95.078041,25005.52,4.9899,Filled,
1086,2024-03-04T05:00:00Z,2024-03-04T21:00:00Z,MDT,MarketOnOpen,Buy,328,76.416745,25064.69,5.1005,Filled,
1087,2024-03-04T05:00:00Z,2024-03-04T21:00:00Z,REGN,MarketOnOpen,Buy,25,973.632009,24340.8,4.8106,Filled,
1088,2024-03-04T05:00:00Z,2024-03-04T21:00:00Z,C,MarketOnOpen,Buy,484,51.694471,25020.12,5.07,Filled,
1089,2024-03-04T05:00:00Z,2024-03-04T21:00:00Z,MU,MarketOnOpen,Buy,266,96.266253,25606.82,5.0538,Filled,
1090,2024-03-04T05:00:00Z,2024-03-04T21:00:00Z,MRSH,MarketOnOpen,Buy,129,192.410491,24820.95,4.9911,Filled,
1091,2024-03-04T05:00:00Z,2024-03-04T21:00:00Z,SHOP,MarketOnOpen,Buy,328,76.3,25026.4,4.9705,Filled,
1092,2024-03-04T05:00:00Z,2024-03-04T21:00:00Z,PANW,MarketOnOpen,Buy,166,151.0125,25068.08,4.9707,Filled,
1093,2024-03-04T05:00:00Z,2024-03-04T21:00:00Z,CI,MarketOnOpen,Buy,79,315.306331,24909.2,5.0444,Filled,
1094,2024-03-04T05:00:00Z,2024-03-04T21:00:00Z,SPY,MarketOnOpen,Sell,-144,495.835123,-71400.26,14.2867,Filled,
1095,2024-03-05T05:00:00Z,2024-03-05T21:00:00Z,AMGN,MarketOnOpen,Sell,-99,259.605471,-25700.94,5.0856,Filled,closed
1096,2024-03-05T05:00:00Z,2024-03-05T21:00:00Z,BKNG,MarketOnOpen,Sell,-183,134.882164,-24683.44,4.9056,Filled,closed
1097,2024-03-05T05:00:00Z,2024-03-05T21:00:00Z,BLK,MarketOnOpen,Sell,-33,783.680103,-25861.44,5.139,Filled,closed
1098,2024-03-05T05:00:00Z,2024-03-05T21:00:00Z,ELV,MarketOnOpen,Sell,-52,480.209239,-24970.88,4.9446,Filled,closed
1099,2024-03-05T05:00:00Z,2024-03-05T21:00:00Z,NOW,MarketOnOpen,Buy,163,153.246,24979.1,4.8258,Filled,closed
1100,2024-03-05T05:00:00Z,2024-03-05T21:00:00Z,ORCL,MarketOnOpen,Buy,233,109.120203,25425.01,5.0003,Filled,closed
1101,2024-03-05T05:00:00Z,2024-03-05T21:00:00Z,TSLA,MarketOnOpen,Buy,124,183.0,22692.0,4.4824,Filled,closed
1102,2024-03-05T05:00:00Z,2024-03-05T21:00:00Z,PANW,MarketOnOpen,Sell,-166,147.825,-24538.95,4.8334,Filled,closed
1103,2024-03-05T05:00:00Z,2024-03-05T21:00:00Z,ABBV,MarketOnOpen,Sell,-154,163.444374,-25170.43,5.0729,Filled,
1104,2024-03-05T05:00:00Z,2024-03-05T21:00:00Z,CVX,MarketOnOpen,Buy,187,134.122915,25080.99,5.0411,Filled,
1105,2024-03-05T05:00:00Z,2024-03-05T21:00:00Z,ABT,MarketOnOpen,Sell,-220,114.322852,-25151.03,4.9483,Filled,
1106,2024-03-05T05:00:00Z,2024-03-05T21:00:00Z,DHR,MarketOnOpen,Sell,-99,251.419507,-24890.53,4.9631,Filled,
1107,2024-03-05T05:00:00Z,2024-03-05T21:00:00Z,IBM,MarketOnOpen,Sell,-140,178.641946,-25009.87,5.0007,Filled,
1108,2024-03-05T05:00:00Z,2024-03-05T21:00:00Z,UBER,MarketOnOpen,Sell,-309,80.83,-24976.47,4.8878,Filled,
1109,2024-03-05T05:00:00Z,2024-03-05T21:00:00Z,AXP,MarketOnOpen,Sell,-118,211.541636,-24961.91,4.9869,Filled,
1110,2024-03-05T05:00:00Z,2024-03-05T21:00:00Z,PLD,MarketOnOpen,Buy,206,121.574225,25044.29,4.9859,Filled,
1111,2024-03-05T05:00:00Z,2024-03-05T21:00:00Z,ETN,MarketOnOpen,Buy,87,284.694084,24768.39,4.913,Filled,
1112,2024-03-05T05:00:00Z,2024-03-05T21:00:00Z,CB,MarketOnOpen,Buy,105,239.603949,25158.41,5.0542,Filled,
1113,2024-03-05T05:00:00Z,2024-03-05T21:00:00Z,KLAC,MarketOnOpen,Buy,357,69.90313,24955.42,4.9458,Filled,
1114,2024-03-05T05:00:00Z,2024-03-05T21:00:00Z,ADI,MarketOnOpen,Buy,134,186.198016,24950.53,4.9,Filled,
1115,2024-03-06T05:00:00Z,2024-03-06T21:00:00Z,ABBV,MarketOnOpen,Buy,154,164.005154,25256.79,5.1267,Filled,closed
1116,2024-03-06T05:00:00Z,2024-03-06T21:00:00Z,ADI,MarketOnOpen,Sell,-134,184.348462,-24702.69,4.9491,Filled,closed
1117,2024-03-06T05:00:00Z,2024-03-06T21:00:00Z,AVGO,MarketOnOpen,Buy,198,135.33302,26795.94,5.1991,Filled,closed
1118,2024-03-06T05:00:00Z,2024-03-06T21:00:00Z,AXP,MarketOnOpen,Buy,118,211.716753,24982.58,5.0165,Filled,closed
1119,2024-03-06T05:00:00Z,2024-03-06T21:00:00Z,DHR,MarketOnOpen,Buy,99,251.734816,24921.75,4.934,Filled,closed
1120,2024-03-06T05:00:00Z,2024-03-06T21:00:00Z,ETN,MarketOnOpen,Sell,-87,285.632264,-24850.01,4.9939,Filled,closed
1121,2024-03-06T05:00:00Z,2024-03-06T21:00:00Z,HD,MarketOnOpen,Buy,71,354.94266,25200.93,5.0257,Filled,closed
1122,2024-03-06T05:00:00Z,2024-03-06T21:00:00Z,UBER,MarketOnOpen,Buy,309,80.17,24772.53,4.86,Filled,closed
1123,2024-03-06T05:00:00Z,2024-03-06T21:00:00Z,PEP,MarketOnOpen,Sell,-167,147.711585,-24667.83,4.9603,Filled,closed
1124,2024-03-06T05:00:00Z,2024-03-06T21:00:00Z,PLD,MarketOnOpen,Sell,-206,121.638187,-25057.47,5.01,Filled,closed
1125,2024-03-06T05:00:00Z,2024-03-06T21:00:00Z,QCOM,MarketOnOpen,Buy,162,156.450539,25344.99,5.1634,Filled,closed
1126,2024-03-06T05:00:00Z,2024-03-06T21:00:00Z,RTX,MarketOnOpen,Sell,-294,85.827955,-25233.42,5.0691,Filled,closed
1127,2024-03-06T05:00:00Z,2024-03-06T21:00:00Z,WMT,MarketOnOpen,Sell,-439,58.455279,-25661.87,5.1725,Filled,closed
1128,2024-03-06T05:00:00Z,2024-03-06T21:00:00Z,TSLA,MarketOnOpen,Buy,139,180.0,25020.0,4.9078,Filled,
1129,2024-03-06T05:00:00Z,2024-03-06T21:00:00Z,ORCL,MarketOnOpen,Sell,-235,107.843491,-25343.22,5.1036,Filled,
1130,2024-03-06T05:00:00Z,2024-03-06T21:00:00Z,TMO,MarketOnOpen,Buy,43,583.07656,25072.29,5.0413,Filled,
1131,2024-03-06T05:00:00Z,2024-03-06T21:00:00Z,LIN,MarketOnOpen,Sell,-56,443.071906,-24812.03,5.0127,Filled,
1132,2024-03-06T05:00:00Z,2024-03-06T21:00:00Z,TXN,MarketOnOpen,Sell,-158,161.589997,-25531.22,5.0697,Filled,
1133,2024-03-06T05:00:00Z,2024-03-06T21:00:00Z,BKNG,MarketOnOpen,Buy,188,134.139765,25218.28,5.0364,Filled,
1134,2024-03-06T05:00:00Z,2024-03-06T21:00:00Z,AMT,MarketOnOpen,Buy,134,189.211919,25354.4,5.0598,Filled,
1135,2024-03-06T05:00:00Z,2024-03-06T21:00:00Z,MDLZ,MarketOnOpen,Buy,384,65.908439,25308.84,5.1038,Filled,
1136,2024-03-06T05:00:00Z,2024-03-06T21:00:00Z,SPY,MarketOnOpen,Sell,-46,494.363285,-22740.71,4.5411,Filled,
1137,2024-03-07T05:00:00Z,2024-03-07T21:00:00Z,ABT,MarketOnOpen,Buy,220,113.995375,25078.98,5.0503,Filled,closed
1138,2024-03-07T05:00:00Z,2024-03-07T21:00:00Z,ADP,MarketOnOpen,Sell,-107,228.761128,-24477.44,4.8975,Filled,closed
1139,2024-03-07T05:00:00Z,2024-03-07T21:00:00Z,BA,MarketOnOpen,Sell,-125,200.82,-25102.5,5.0758,Filled,closed
1140,2024-03-07T05:00:00Z,2024-03-07T21:00:00Z,BKNG,MarketOnOpen,Sell,-188,134.502624,-25286.49,5.1225,Filled,closed
1141,2024-03-07T05:00:00Z,2024-03-07T21:00:00Z,SHOP,MarketOnOpen,Sell,-328,74.26,-24357.28,4.9416,Filled,closed
1142,2024-03-07T05:00:00Z,2024-03-07T21:00:00Z,CI,MarketOnOpen,Sell,-79,327.531266,-25874.97,5.1548,Filled,closed
1143,2024-03-07T05:00:00Z,2024-03-07T21:00:00Z,CRM,MarketOnOpen,Sell,-83,300.267824,-24922.23,4.9261,Filled,closed
1144,2024-03-07T05:00:00Z,2024-03-07T21:00:00Z,MAAS,MarketOnOpen,Buy,52,480.6,24991.2,5.6098,Filled,closed
1145,2024-03-07T05:00:00Z,2024-03-07T21:00:00Z,MA,MarketOnOpen,Buy,53,466.241215,24710.78,4.883,Filled,closed
1146,2024-03-07T05:00:00Z,2024-03-07T21:00:00Z,MDT,MarketOnOpen,Sell,-328,78.63795,-25793.25,5.1059,Filled,closed
1147,2024-03-07T05:00:00Z,2024-03-07T21:00:00Z,NEE,MarketOnOpen,Sell,-490,52.200074,-25578.04,5.1302,Filled,closed
1148,2024-03-07T05:00:00Z,2024-03-07T21:00:00Z,NVDA,MarketOnOpen,Buy,306,89.870579,27500.4,5.655,Filled,closed
1149,2024-03-07T05:00:00Z,2024-03-07T21:00:00Z,SBUX,MarketOnOpen,Sell,-282,85.831447,-24204.47,4.8118,Filled,closed
1150,2024-03-07T05:00:00Z,2024-03-07T21:00:00Z,TSLA,MarketOnOpen,Sell,-139,174.3,-24227.7,4.9665,Filled,closed
1151,2024-03-07T05:00:00Z,2024-03-07T21:00:00Z,TXN,MarketOnOpen,Buy,158,160.815231,25408.81,5.17,Filled,closed
1152,2024-03-07T05:00:00Z,2024-03-07T21:00:00Z,V,MarketOnOpen,Buy,91,275.879867,25105.07,4.9699,Filled,
1153,2024-03-07T05:00:00Z,2024-03-07T21:00:00Z,UNH,MarketOnOpen,Sell,-56,446.871704,-25024.82,5.0529,Filled,
1154,2024-03-07T05:00:00Z,2024-03-07T21:00:00Z,XOM,MarketOnOpen,Sell,-256,98.384743,-25186.49,5.0723,Filled,
1155,2024-03-07T05:00:00Z,2024-03-07T21:00:00Z,AMAT,MarketOnOpen,Sell,-121,209.090758,-25299.98,5.0453,Filled,
1156,2024-03-07T05:00:00Z,2024-03-07T21:00:00Z,UBER,MarketOnOpen,Sell,-321,79.4,-25487.4,5.0981,Filled,
1157,2024-03-07T05:00:00Z,2024-03-07T21:00:00Z,PLD,MarketOnOpen,Buy,207,122.478836,25353.12,5.0214,Filled,
1158,2024-03-07T05:00:00Z,2024-03-07T21:00:00Z,ETN,MarketOnOpen,Buy,88,288.369428,25376.51,5.126,Filled,
1159,2024-03-07T05:00:00Z,2024-03-07T21:00:00Z,ADI,MarketOnOpen,Buy,136,186.573706,25374.02,5.1943,Filled,
1160,2024-03-08T05:00:00Z,2024-03-08T21:00:00Z,ETN,MarketOnOpen,Sell,-88,290.834466,-25593.43,5.0799,Filled,closed
1161,2024-03-08T05:00:00Z,2024-03-08T21:00:00Z,LIN,MarketOnOpen,Buy,56,449.867753,25192.59,5.0015,Filled,closed
1162,2024-03-08T05:00:00Z,2024-03-08T21:00:00Z,LMT,MarketOnOpen,Sell,-63,401.319817,-25283.15,5.1086,Filled,closed
1163,2024-03-08T05:00:00Z,2024-03-08T21:00:00Z,MRSH,MarketOnOpen,Sell,-129,195.189466,-25179.44,5.072,Filled,closed
1164,2024-03-08T05:00:00Z,2024-03-08T21:00:00Z,ORCL,MarketOnOpen,Buy,235,110.329211,25927.36,5.1105,Filled,closed
1165,2024-03-08T05:00:00Z,2024-03-08T21:00:00Z,PG,MarketOnOpen,Buy,168,149.586367,25130.51,5.0418,Filled,closed
1166,2024-03-08T05:00:00Z,2024-03-08T21:00:00Z,PGR,MarketOnOpen,Sell,-144,179.243798,-25811.11,5.2533,Filled,closed
1167,2024-03-08T05:00:00Z,2024-03-08T21:00:00Z,T,MarketOnOpen,Sell,-1689,15.087494,-25482.78,5.1384,Filled,closed
1168,2024-03-08T05:00:00Z,2024-03-08T21:00:00Z,UNH,MarketOnOpen,Buy,56,451.868653,25304.64,5.0494,Filled,closed
1169,2024-03-08T05:00:00Z,2024-03-08T21:00:00Z,V,MarketOnOpen,Sell,-91,273.799384,-24915.74,5.0017,Filled,closed
1170,2024-03-08T05:00:00Z,2024-03-08T21:00:00Z,TSLA,MarketOnOpen,Buy,140,181.5,25410.0,4.9095,Filled,
1171,2024-03-08T05:00:00Z,2024-03-08T21:00:00Z,HD,MarketOnOpen,Sell,-71,351.632625,-24965.92,4.9712,Filled,
1172,2024-03-08T05:00:00Z,2024-03-08T21:00:00Z,MRK,MarketOnOpen,Sell,-220,113.271611,-24919.75,4.9949,Filled,
1173,2024-03-08T05:00:00Z,2024-03-08T21:00:00Z,PEP,MarketOnOpen,Sell,-169,147.89381,-24994.05,5.0213,Filled,
1174,2024-03-08T05:00:00Z,2024-03-08T21:00:00Z,TMUS,MarketOnOpen,Sell,-160,156.55956,-25049.53,5.0014,Filled,
1175,2024-03-08T05:00:00Z,2024-03-08T21:00:00Z,MAAS,MarketOnOpen,Sell,-46,558.6,-25695.6,5.1778,Filled,
1176,2024-03-08T05:00:00Z,2024-03-08T21:00:00Z,BA,MarketOnOpen,Buy,124,201.84,25028.16,4.9226,Filled,
1177,2024-03-08T05:00:00Z,2024-03-08T21:00:00Z,NEE,MarketOnOpen,Buy,480,52.786383,25337.46,5.1649,Filled,
1178,2024-03-08T05:00:00Z,2024-03-08T21:00:00Z,SBUX,MarketOnOpen,Buy,295,85.005964,25076.76,5.0397,Filled,
1179,2024-03-08T05:00:00Z,2024-03-08T21:00:00Z,ADP,MarketOnOpen,Buy,110,228.526885,25137.96,4.9967,Filled,
1180,2024-03-08T05:00:00Z,2024-03-08T21:00:00Z,SHOP,MarketOnOpen,Buy,334,76.08,25410.72,5.0875,Filled,
1181,2024-03-08T05:00:00Z,2024-03-08T21:00:00Z,SPY,MarketOnOpen,Buy,45,499.166125,22462.48,4.4596,Filled,
1182,2024-03-11T20:00:00Z,,ADP,MarketOnOpen,Sell,-110,0.0,0.0,0.0,Canceled,closed
1183,2024-03-11T20:00:00Z,,COST,MarketOnOpen,Buy,34,0.0,0.0,0.0,Canceled,closed
1184,2024-03-11T20:00:00Z,2024-03-12T20:00:00Z,MAAS,MarketOnOpen,Buy,46,570.0,26220.0,5.2495,Filled,closed
1185,2024-03-11T20:00:00Z,2024-03-12T20:00:00Z,MRK,MarketOnOpen,Buy,220,113.060198,24873.24,4.9609,Filled,closed
1186,2024-03-11T20:00:00Z,,NEE,MarketOnOpen,Sell,-480,0.0,0.0,0.0,Canceled,closed
1187,2024-03-11T20:00:00Z,2024-03-12T20:00:00Z,PEP,MarketOnOpen,Buy,169,150.353848,25409.8,5.0672,Filled,closed
1188,2024-03-11T20:00:00Z,,KLAC,MarketOnOpen,Sell,-357,0.0,0.0,0.0,Canceled,closed
1189,2024-03-11T20:00:00Z,2024-03-12T20:00:00Z,REGN,MarketOnOpen,Sell,-25,955.423836,-23885.6,4.8075,Filled,closed
1190,2024-03-11T20:00:00Z,,SCHW,MarketOnOpen,Sell,-390,0.0,0.0,0.0,Canceled,closed
1191,2024-03-11T20:00:00Z,,SYK,MarketOnOpen,Sell,-75,0.0,0.0,0.0,Canceled,closed
1192,2024-03-11T20:00:00Z,2024-03-12T20:00:00Z,TMUS,MarketOnOpen,Buy,160,156.530969,25044.95,4.9919,Filled,closed
1193,2024-03-11T20:00:00Z,2024-03-12T20:00:00Z,TSLA,MarketOnOpen,Sell,-140,177.77,-24887.8,4.9711,Filled,closed
1194,2024-03-11T20:00:00Z,2024-03-12T20:00:00Z,V,MarketOnOpen,Buy,91,276.262597,25139.9,5.071,Filled,
1195,2024-03-11T20:00:00Z,2024-03-12T20:00:00Z,AMD,MarketOnOpen,Sell,-127,200.5,-25463.5,5.1501,Filled,
1196,2024-03-11T20:00:00Z,2024-03-12T20:00:00Z,ORCL,MarketOnOpen,Sell,-228,122.109783,-27841.03,5.6251,Filled,
1197,2024-03-11T20:00:00Z,2024-03-12T20:00:00Z,LIN,MarketOnOpen,Sell,-55,450.823419,-24795.29,5.0066,Filled,
1198,2024-03-11T20:00:00Z,2024-03-12T20:00:00Z,QCOM,MarketOnOpen,Sell,-155,164.129734,-25440.11,5.093,Filled,
1199,2024-03-11T20:00:00Z,2024-03-12T20:00:00Z,INTC,MarketOnOpen,Sell,-569,44.535447,-25340.67,5.0952,Filled,
1200,2024-03-11T20:00:00Z,2024-03-12T20:00:00Z,T,MarketOnOpen,Buy,1648,15.299745,25213.98,5.0136,Filled,
1201,2024-03-11T20:00:00Z,2024-03-12T20:00:00Z,RTX,MarketOnOpen,Buy,289,86.792636,25083.07,4.9658,Filled,
1202,2024-03-11T20:00:00Z,2024-03-12T20:00:00Z,ELV,MarketOnOpen,Buy,52,484.339588,25185.66,5.0325,Filled,
1203,2024-03-11T20:00:00Z,2024-03-12T20:00:00Z,PGR,MarketOnOpen,Sell,-139,181.110059,-25174.3,5.0844,Filled,
1204,2024-03-11T20:00:00Z,2024-03-12T20:00:00Z,MRSH,MarketOnOpen,Buy,128,197.403064,25267.59,5.0866,Filled,
1205,2024-03-11T20:00:00Z,2024-03-12T20:00:00Z,BX,MarketOnOpen,Buy,219,115.380904,25268.42,5.0055,Filled,
1206,2024-03-11T20:00:00Z,2024-03-12T20:00:00Z,SPY,MarketOnOpen,Buy,105,497.142347,52199.95,10.5085,Filled,
1207,2024-03-12T04:00:00Z,2024-03-12T20:00:00Z,MU,MarketOnOpen,Sell,-266,94.560144,-25153.0,5.1409,Filled,closed
1208,2024-03-12T04:00:00Z,2024-03-12T20:00:00Z,ADP,MarketOnOpen,Sell,-110,228.70491,-25157.54,5.0435,Filled,closed
1209,2024-03-12T04:00:00Z,2024-03-12T20:00:00Z,AMAT,MarketOnOpen,Buy,121,199.598667,24151.44,4.8633,Filled,closed
1210,2024-03-12T04:00:00Z,2024-03-12T20:00:00Z,AMZN,MarketOnOpen,Buy,150,173.48,26022.0,5.2617,Filled,closed
1211,2024-03-12T04:00:00Z,2024-03-12T20:00:00Z,BA,MarketOnOpen,Sell,-124,188.08,-23321.92,4.5692,Filled,closed
1212,2024-03-12T04:00:00Z,2024-03-12T20:00:00Z,COP,MarketOnOpen,Sell,-242,106.706733,-25823.03,5.1579,Filled,closed
1213,2024-03-12T04:00:00Z,2024-03-12T20:00:00Z,COST,MarketOnOpen,Buy,34,707.137184,24042.66,4.9413,Filled,closed
1214,2024-03-12T04:00:00Z,2024-03-12T20:00:00Z,ABNB,MarketOnOpen,Sell,-159,163.0,-25917.0,5.3001,Filled,closed
1215,2024-03-12T04:00:00Z,2024-03-12T20:00:00Z,NEE,MarketOnOpen,Sell,-480,53.670499,-25761.84,5.1059,Filled,closed
1216,2024-03-12T04:00:00Z,2024-03-12T20:00:00Z,UBER,MarketOnOpen,Buy,321,78.0,25038.0,5.0281,Filled,closed
1217,2024-03-12T04:00:00Z,2024-03-12T20:00:00Z,PLD,MarketOnOpen,Sell,-207,122.076786,-25269.89,5.0907,Filled,closed
1218,2024-03-12T04:00:00Z,2024-03-12T20:00:00Z,KLAC,MarketOnOpen,Sell,-357,67.880607,-24233.38,4.8935,Filled,closed
1219,2024-03-12T04:00:00Z,2024-03-12T20:00:00Z,SBUX,MarketOnOpen,Sell,-295,86.319232,-25464.17,5.1139,Filled,closed
1220,2024-03-12T04:00:00Z,2024-03-12T20:00:00Z,SCHW,MarketOnOpen,Sell,-390,65.00724,-25352.82,5.02,Filled,closed
1221,2024-03-12T04:00:00Z,2024-03-12T20:00:00Z,SPGI,MarketOnOpen,Sell,-64,398.060953,-25475.9,5.0868,Filled,closed
1222,2024-03-12T04:00:00Z,2024-03-12T20:00:00Z,SYK,MarketOnOpen,Sell,-75,346.831958,-26012.4,5.2496,Filled,closed
1223,2024-03-12T04:00:00Z,2024-03-12T20:00:00Z,TMO,MarketOnOpen,Sell,-43,593.531999,-25521.88,5.0903,Filled,closed
1224,2024-03-12T04:00:00Z,2024-03-12T20:00:00Z,UPS,MarketOnOpen,Sell,-196,133.387295,-26143.91,5.3163,Filled,closed
1225,2024-03-12T04:00:00Z,2024-03-12T20:00:00Z,AVGO,MarketOnOpen,Buy,200,127.107501,25421.5,5.0255,Filled,
1226,2024-03-12T04:00:00Z,2024-03-12T20:00:00Z,CSCO,MarketOnOpen,Sell,-536,47.377752,-25394.48,5.0337,Filled,
1227,2024-03-12T04:00:00Z,2024-03-12T20:00:00Z,DHR,MarketOnOpen,Sell,-101,249.123664,-25161.49,5.0377,Filled,
1228,2024-03-12T04:00:00Z,2024-03-12T20:00:00Z,PM,MarketOnOpen,Sell,-296,85.639743,-25349.36,5.0672,Filled,
1229,2024-03-12T04:00:00Z,2024-03-12T20:00:00Z,ISRG,MarketOnOpen,Buy,66,378.9,25007.4,5.1401,Filled,
1230,2024-03-12T04:00:00Z,2024-03-12T20:00:00Z,BLK,MarketOnOpen,Buy,32,786.487316,25167.59,5.0303,Filled,
1231,2024-03-12T04:00:00Z,2024-03-12T20:00:00Z,BKNG,MarketOnOpen,Buy,184,137.980067,25388.33,5.0456,Filled,
1232,2024-03-12T04:00:00Z,2024-03-12T20:00:00Z,ETN,MarketOnOpen,Buy,88,284.683243,25052.13,5.0842,Filled,
1233,2024-03-12T04:00:00Z,2024-03-12T20:00:00Z,LMT,MarketOnOpen,Buy,62,405.459451,25138.49,5.0508,Filled,
1234,2024-03-12T04:00:00Z,2024-03-12T20:00:00Z,CVS,MarketOnOpen,Buy,366,68.816613,25186.88,4.9968,Filled,
1235,2024-03-12T04:00:00Z,2024-03-12T20:00:00Z,SPY,MarketOnOpen,Buy,199,497.142347,98931.33,19.9161,Filled,
1236,2024-03-13T04:00:00Z,2024-03-13T20:00:00Z,AMD,MarketOnOpen,Buy,127,198.62,25224.74,4.9477,Filled,closed
1237,2024-03-13T04:00:00Z,2024-03-13T20:00:00Z,BX,MarketOnOpen,Sell,-219,114.577017,-25092.37,5.1035,Filled,closed
1238,2024-03-13T04:00:00Z,2024-03-13T20:00:00Z,CB,MarketOnOpen,Sell,-105,249.48731,-26196.17,5.2741,Filled,closed
1239,2024-03-13T04:00:00Z,2024-03-13T20:00:00Z,ISRG,MarketOnOpen,Sell,-66,389.67,-25718.22,5.0555,Filled,closed
1240,2024-03-13T04:00:00Z,2024-03-13T20:00:00Z,LMT,MarketOnOpen,Sell,-62,408.072479,-25300.49,5.0472,Filled,closed
1241,2024-03-13T04:00:00Z,2024-03-13T20:00:00Z,MRSH,MarketOnOpen,Sell,-128,198.840465,-25451.58,5.1001,Filled,closed
1242,2024-03-13T04:00:00Z,2024-03-13T20:00:00Z,PGR,MarketOnOpen,Buy,139,183.527924,25510.38,5.1049,Filled,closed
1243,2024-03-13T04:00:00Z,2024-03-13T20:00:00Z,RTX,MarketOnOpen,Sell,-289,86.028532,-24862.25,4.9995,Filled,closed
1244,2024-03-13T04:00:00Z,2024-03-13T20:00:00Z,MRK,MarketOnOpen,Sell,-222,113.087773,-25105.49,4.9856,Filled,
1245,2024-03-13T04:00:00Z,2024-03-13T20:00:00Z,PEP,MarketOnOpen,Sell,-167,150.426738,-25121.27,5.0303,Filled,
1246,2024-03-13T04:00:00Z,2024-03-13T20:00:00Z,MAAS,MarketOnOpen,Sell,-44,576.0,-25344.0,4.5144,Filled,
1247,2024-03-13T04:00:00Z,2024-03-13T20:00:00Z,TMUS,MarketOnOpen,Sell,-161,156.378479,-25176.94,5.0357,Filled,
1248,2024-03-13T04:00:00Z,2024-03-13T20:00:00Z,AXP,MarketOnOpen,Sell,-115,217.087015,-24965.01,4.9856,Filled,
1249,2024-03-13T04:00:00Z,2024-03-13T20:00:00Z,COP,MarketOnOpen,Buy,235,108.216952,25430.98,5.1189,Filled,
1250,2024-03-13T04:00:00Z,2024-03-13T20:00:00Z,MDT,MarketOnOpen,Sell,-320,78.619668,-25158.29,4.9773,Filled,
1251,2024-03-13T04:00:00Z,2024-03-13T20:00:00Z,MU,MarketOnOpen,Buy,260,94.421274,24549.53,4.8568,Filled,
1252,2024-03-13T04:00:00Z,2024-03-13T20:00:00Z,SBUX,MarketOnOpen,Buy,289,86.760115,25073.67,4.967,Filled,
1253,2024-03-13T04:00:00Z,2024-03-13T20:00:00Z,SPY,MarketOnOpen,Buy,208,500.705745,104146.79,20.7842,Filled,
1254,2024-03-14T04:00:00Z,2024-03-14T20:00:00Z,MU,MarketOnOpen,Sell,-260,92.596133,-24074.99,4.716,Filled,closed
1255,2024-03-14T04:00:00Z,2024-03-14T20:00:00Z,AMT,MarketOnOpen,Sell,-134,184.226387,-24686.34,4.8923,Filled,closed
1256,2024-03-14T04:00:00Z,2024-03-14T20:00:00Z,AXP,MarketOnOpen,Buy,115,218.20582,25093.67,4.9333,Filled,closed
1257,2024-03-14T04:00:00Z,2024-03-14T20:00:00Z,BKNG,MarketOnOpen,Sell,-184,139.066351,-25588.21,5.0622,Filled,closed
1258,2024-03-14T04:00:00Z,2024-03-14T20:00:00Z,SHOP,MarketOnOpen,Sell,-334,78.68,-26279.12,5.2385,Filled,closed
1259,2024-03-14T04:00:00Z,2024-03-14T20:00:00Z,COP,MarketOnOpen,Sell,-235,110.412793,-25947.01,5.216,Filled,closed
1260,2024-03-14T04:00:00Z,2024-03-14T20:00:00Z,CVS,MarketOnOpen,Sell,-366,67.8636,-24838.08,5.0772,Filled,closed
1261,2024-03-14T04:00:00Z,2024-03-14T20:00:00Z,DE,MarketOnOpen,Sell,-71,367.763257,-26111.19,5.2185,Filled,closed
1262,2024-03-14T04:00:00Z,2024-03-14T20:00:00Z,ELV,MarketOnOpen,Sell,-52,486.933376,-25320.54,5.0822,Filled,closed
1263,2024-03-14T04:00:00Z,2024-03-14T20:00:00Z,INTU,MarketOnOpen,Buy,39,646.681266,25220.57,4.968,Filled,closed
1264,2024-03-14T04:00:00Z,2024-03-14T20:00:00Z,JPM,MarketOnOpen,Buy,144,181.259752,26101.4,5.1367,Filled,closed
1265,2024-03-14T04:00:00Z,2024-03-14T20:00:00Z,LIN,MarketOnOpen,Buy,55,460.792591,25343.59,5.0474,Filled,closed
1266,2024-03-14T04:00:00Z,2024-03-14T20:00:00Z,PM,MarketOnOpen,Buy,296,85.693991,25365.42,5.0287,Filled,closed
1267,2024-03-14T04:00:00Z,2024-03-14T20:00:00Z,QCOM,MarketOnOpen,Buy,155,160.987814,24953.11,4.9568,Filled,closed
1268,2024-03-14T04:00:00Z,2024-03-14T20:00:00Z,TSLA,MarketOnOpen,Sell,-148,167.59,-24803.32,4.81,Filled,
1269,2024-03-14T04:00:00Z,2024-03-14T20:00:00Z,TMO,MarketOnOpen,Sell,-42,586.068188,-24614.86,4.8724,Filled,
1270,2024-03-14T04:00:00Z,2024-03-14T20:00:00Z,PFE,MarketOnOpen,Sell,-1054,23.920642,-25212.36,5.03,Filled,
1271,2024-03-14T04:00:00Z,2024-03-14T20:00:00Z,AMGN,MarketOnOpen,Sell,-98,257.024457,-25188.4,4.9412,Filled,
1272,2024-03-14T04:00:00Z,2024-03-14T20:00:00Z,MS,MarketOnOpen,Sell,-302,82.983725,-25061.08,5.0178,Filled,
1273,2024-03-14T04:00:00Z,2024-03-14T20:00:00Z,NEE,MarketOnOpen,Buy,455,55.029246,25038.31,5.0424,Filled,
1274,2024-03-14T04:00:00Z,2024-03-14T20:00:00Z,BA,MarketOnOpen,Buy,138,182.0,25116.0,4.9997,Filled,
1275,2024-03-14T04:00:00Z,2024-03-14T20:00:00Z,REGN,MarketOnOpen,Buy,26,957.266448,24888.93,4.9404,Filled,
1276,2024-03-14T04:00:00Z,2024-03-14T20:00:00Z,ABNB,MarketOnOpen,Buy,153,165.74,25358.22,5.0931,Filled,
1277,2024-03-14T04:00:00Z,2024-03-14T20:00:00Z,CI,MarketOnOpen,Sell,-76,331.748202,-25212.86,5.057,Filled,
1278,2024-03-14T04:00:00Z,2024-03-14T20:00:00Z,BX,MarketOnOpen,Buy,216,116.425033,25147.81,4.9817,Filled,
1279,2024-03-14T04:00:00Z,2024-03-14T20:00:00Z,GILD,MarketOnOpen,Buy,361,69.302703,25018.28,4.9695,Filled,
1280,2024-03-14T04:00:00Z,2024-03-14T20:00:00Z,SPY,MarketOnOpen,Buy,54,500.579864,27031.31,5.3852,Filled,
1281,2024-03-15T04:00:00Z,2024-03-15T20:00:00Z,CI,MarketOnOpen,Buy,76,329.38748,25033.45,5.0938,Filled,closed
1282,2024-03-15T04:00:00Z,2024-03-15T20:00:00Z,CVX,MarketOnOpen,Sell,-187,140.123981,-26203.18,5.242,Filled,closed
1283,2024-03-15T04:00:00Z,2024-03-15T20:00:00Z,DHR,MarketOnOpen,Buy,101,247.034742,24950.51,4.9678,Filled,closed
1284,2024-03-15T04:00:00Z,2024-03-15T20:00:00Z,MAAS,MarketOnOpen,Buy,44,396.0,17424.0,4.7362,Filled,closed
1285,2024-03-15T04:00:00Z,2024-03-15T20:00:00Z,ETN,MarketOnOpen,Sell,-88,289.155978,-25445.73,5.0869,Filled,closed
1286,2024-03-15T04:00:00Z,2024-03-15T20:00:00Z,GILD,MarketOnOpen,Sell,-361,68.616354,-24770.5,4.9347,Filled,closed
1287,2024-03-15T04:00:00Z,2024-03-15T20:00:00Z,IBM,MarketOnOpen,Buy,140,178.52099,24992.94,4.9777,Filled,closed
1288,2024-03-15T04:00:00Z,2024-03-15T20:00:00Z,MRK,MarketOnOpen,Buy,222,110.835801,24605.55,4.9909,Filled,closed
1289,2024-03-15T04:00:00Z,2024-03-15T20:00:00Z,MS,MarketOnOpen,Buy,302,82.489552,24911.84,4.9773,Filled,closed
1290,2024-03-15T04:00:00Z,2024-03-15T20:00:00Z,REGN,MarketOnOpen,Sell,-26,947.528345,-24635.74,4.9684,Filled,closed
1291,2024-03-15T04:00:00Z,2024-03-15T20:00:00Z,SBUX,MarketOnOpen,Sell,-289,85.793925,-24794.44,4.8862,Filled,closed
1292,2024-03-15T04:00:00Z,2024-03-15T20:00:00Z,T,MarketOnOpen,Sell,-1648,14.954837,-24645.57,4.9699,Filled,closed
1293,2024-03-15T04:00:00Z,2024-03-15T20:00:00Z,TSLA,MarketOnOpen,Buy,148,162.56,24058.88,4.8417,Filled,closed
1294,2024-03-15T04:00:00Z,2024-03-15T20:00:00Z,VRTX,MarketOnOpen,Sell,-59,409.18,-24141.62,4.8107,Filled,closed
1295,2024-03-15T04:00:00Z,2024-03-15T20:00:00Z,AMD,MarketOnOpen,Sell,-135,184.48,-24904.8,5.1586,Filled,
1296,2024-03-15T04:00:00Z,2024-03-15T20:00:00Z,ABT,MarketOnOpen,Buy,224,107.279714,24030.66,4.8665,Filled,
1297,2024-03-15T04:00:00Z,2024-03-15T20:00:00Z,CAT,MarketOnOpen,Sell,-76,330.283827,-25101.57,5.106,Filled,
1298,2024-03-15T04:00:00Z,2024-03-15T20:00:00Z,UBER,MarketOnOpen,Buy,326,77.0,25102.0,4.9598,Filled,
1299,2024-03-15T04:00:00Z,2024-03-15T20:00:00Z,RTX,MarketOnOpen,Buy,289,86.964559,25132.76,5.1303,Filled,
1300,2024-03-15T04:00:00Z,2024-03-15T20:00:00Z,PLD,MarketOnOpen,Buy,212,117.65,24941.8,5.0356,Filled,
1301,2024-03-15T04:00:00Z,2024-03-15T20:00:00Z,SCHW,MarketOnOpen,Sell,-393,63.816844,-25080.02,5.0997,Filled,
1302,2024-03-15T04:00:00Z,2024-03-15T20:00:00Z,DE,MarketOnOpen,Buy,69,365.733552,25235.62,5.1137,Filled,
1303,2024-03-15T04:00:00Z,2024-03-15T20:00:00Z,MU,MarketOnOpen,Sell,-279,91.733159,-25593.55,5.1613,Filled,
1304,2024-03-15T04:00:00Z,2024-03-15T20:00:00Z,CVS,MarketOnOpen,Buy,365,68.616934,25045.18,5.1283,Filled,
1305,2024-03-15T04:00:00Z,2024-03-15T20:00:00Z,SPY,MarketOnOpen,Sell,-90,495.588421,-44602.96,8.9138,Filled,
1306,2024-03-18T20:00:00Z,2024-03-19T20:00:00Z,MU,MarketOnOpen,Buy,279,91.832352,25621.23,5.2028,Filled,closed
1307,2024-03-18T20:00:00Z,2024-03-19T20:00:00Z,ABT,MarketOnOpen,Sell,-224,106.729172,-23907.33,4.8121,Filled,closed
1308,2024-03-18T20:00:00Z,2024-03-19T20:00:00Z,AMGN,MarketOnOpen,Buy,98,250.841164,24582.43,4.9447,Filled,closed
1309,2024-03-18T20:00:00Z,2024-03-19T20:00:00Z,BSX,MarketOnOpen,Sell,-376,67.44,-25357.44,5.0978,Filled,closed
1310,2024-03-18T20:00:00Z,2024-03-19T20:00:00Z,LRCX,MarketOnOpen,Sell,-273,89.584629,-24456.6,4.9826,Filled,closed
1311,2024-03-18T20:00:00Z,2024-03-19T20:00:00Z,CSCO,MarketOnOpen,Buy,536,46.027317,24670.64,4.9402,Filled,closed
1312,2024-03-18T20:00:00Z,2024-03-19T20:00:00Z,ABNB,MarketOnOpen,Sell,-153,161.49,-24707.97,4.9508,Filled,closed
1313,2024-03-18T20:00:00Z,2024-03-19T20:00:00Z,RTX,MarketOnOpen,Sell,-289,90.641809,-26195.48,5.2369,Filled,closed
1314,2024-03-18T20:00:00Z,2024-03-19T20:00:00Z,SCHW,MarketOnOpen,Buy,393,65.423395,25711.39,5.1993,Filled,closed
1315,2024-03-18T20:00:00Z,2024-03-19T20:00:00Z,TMO,MarketOnOpen,Buy,42,576.448808,24210.85,4.8542,Filled,closed
1316,2024-03-18T20:00:00Z,2024-03-19T20:00:00Z,ACN,MarketOnOpen,Buy,72,352.027285,25345.96,5.1315,Filled,
1317,2024-03-18T20:00:00Z,2024-03-19T20:00:00Z,PEP,MarketOnOpen,Buy,329,155.893487,51288.96,10.2998,Filled,
1318,2024-03-18T20:00:00Z,2024-03-19T20:00:00Z,ADBE,MarketOnOpen,Sell,-49,508.99,-24940.51,5.1077,Filled,
1319,2024-03-18T20:00:00Z,2024-03-19T20:00:00Z,WFC,MarketOnOpen,Buy,463,54.526641,25245.83,4.9871,Filled,
1320,2024-03-18T20:00:00Z,2024-03-19T20:00:00Z,INTU,MarketOnOpen,Sell,-40,618.756393,-24750.26,4.974,Filled,
1321,2024-03-18T20:00:00Z,2024-03-19T20:00:00Z,PFE,MarketOnOpen,Buy,2130,23.428657,49903.04,9.9842,Filled,
1322,2024-03-18T20:00:00Z,2024-03-19T20:00:00Z,UBER,MarketOnOpen,Sell,-660,75.38,-49750.8,10.1746,Filled,
1323,2024-03-18T20:00:00Z,2024-03-19T20:00:00Z,MS,MarketOnOpen,Sell,-308,82.051323,-25271.81,5.0785,Filled,
1324,2024-03-18T20:00:00Z,2024-03-19T20:00:00Z,ISRG,MarketOnOpen,Sell,-64,391.99,-25087.36,4.9988,Filled,
1325,2024-03-18T20:00:00Z,2024-03-19T20:00:00Z,T,MarketOnOpen,Buy,1653,15.299745,25290.48,5.0201,Filled,
1326,2024-03-18T20:00:00Z,2024-03-19T20:00:00Z,PGR,MarketOnOpen,Buy,133,190.790713,25375.16,5.0251,Filled,
1327,2024-03-18T20:00:00Z,2024-03-19T20:00:00Z,BKNG,MarketOnOpen,Sell,-187,135.309993,-25302.97,5.1366,Filled,
1328,2024-03-18T20:00:00Z,2024-03-19T20:00:00Z,BA,MarketOnOpen,Sell,-278,180.11,-50070.58,10.0714,Filled,
1329,2024-03-18T20:00:00Z,2024-03-19T20:00:00Z,MDT,MarketOnOpen,Buy,650,76.499012,49724.36,9.9948,Filled,
1330,2024-03-18T20:00:00Z,2024-03-19T20:00:00Z,REGN,MarketOnOpen,Buy,26,956.087573,24858.28,4.9642,Filled,
1331,2024-03-18T20:00:00Z,2024-03-19T20:00:00Z,MRSH,MarketOnOpen,Sell,-127,199.022536,-25275.86,5.0306,Filled,
1332,2024-03-19T20:00:00Z,2024-03-20T20:00:00Z,ACN,MarketOnOpen,Sell,-72,356.306393,-25654.06,5.1635,Filled,closed
1333,2024-03-19T20:00:00Z,,ADBE,MarketOnOpen,Buy,49,0.0,0.0,0.0,Canceled,closed
1334,2024-03-19T20:00:00Z,2024-03-20T20:00:00Z,BKNG,MarketOnOpen,Buy,187,137.50254,25712.97,5.2428,Filled,closed
1335,2024-03-19T20:00:00Z,2024-03-20T20:00:00Z,CAT,MarketOnOpen,Buy,76,339.936266,25835.16,5.2455,Filled,closed
1336,2024-03-19T20:00:00Z,2024-03-20T20:00:00Z,INTC,MarketOnOpen,Buy,569,42.556094,24214.42,4.7528,Filled,closed
1337,2024-03-19T20:00:00Z,,INTU,MarketOnOpen,Buy,40,0.0,0.0,0.0,Canceled,closed
1338,2024-03-19T20:00:00Z,,ISRG,MarketOnOpen,Buy,64,0.0,0.0,0.0,Canceled,closed
1339,2024-03-19T20:00:00Z,,MRSH,MarketOnOpen,Buy,127,0.0,0.0,0.0,Canceled,closed
1340,2024-03-19T20:00:00Z,2024-03-20T20:00:00Z,NEE,MarketOnOpen,Sell,-455,57.18835,-26020.7,5.2677,Filled,closed
1341,2024-03-19T20:00:00Z,,NFLX,MarketOnOpen,Sell,-417,0.0,0.0,0.0,Canceled,closed
1342,2024-03-19T20:00:00Z,,PLD,MarketOnOpen,Sell,-212,0.0,0.0,0.0,Canceled,closed
1343,2024-03-19T20:00:00Z,,TMUS,MarketOnOpen,Buy,161,0.0,0.0,0.0,Canceled,closed
1344,2024-03-19T20:00:00Z,,WFC,MarketOnOpen,Sell,-463,0.0,0.0,0.0,Canceled,closed
1345,2024-03-19T20:00:00Z,,XOM,MarketOnOpen,Buy,256,0.0,0.0,0.0,Canceled,closed
1346,2024-03-19T20:00:00Z,2024-03-20T20:00:00Z,TSLA,MarketOnOpen,Sell,-147,173.0,-25431.0,5.1644,Filled,
1347,2024-03-19T20:00:00Z,2024-03-20T20:00:00Z,PG,MarketOnOpen,Buy,167,151.607678,25318.48,5.0631,Filled,
1348,2024-03-19T20:00:00Z,2024-03-20T20:00:00Z,TMO,MarketOnOpen,Sell,-43,576.220719,-24777.49,4.947,Filled,
1349,2024-03-19T20:00:00Z,2024-03-20T20:00:00Z,DIS,MarketOnOpen,Buy,227,111.483794,25306.82,5.1426,Filled,
1350,2024-03-19T20:00:00Z,2024-03-20T20:00:00Z,IBM,MarketOnOpen,Sell,-140,179.451417,-25123.2,5.053,Filled,
1351,2024-03-19T20:00:00Z,2024-03-20T20:00:00Z,AXP,MarketOnOpen,Buy,117,215.481774,25211.37,5.1884,Filled,
1352,2024-03-19T20:00:00Z,2024-03-20T20:00:00Z,UBER,MarketOnOpen,Buy,662,77.09,51033.58,10.4119,Filled,
1353,2024-03-19T20:00:00Z,2024-03-20T20:00:00Z,NOW,MarketOnOpen,Sell,-167,152.124,-25404.71,5.1273,Filled,
1354,2024-03-19T20:00:00Z,2024-03-20T20:00:00Z,SYK,MarketOnOpen,Sell,-72,348.531109,-25094.24,4.9665,Filled,
1355,2024-03-19T20:00:00Z,2024-03-20T20:00:00Z,UPS,MarketOnOpen,Buy,191,131.577661,25131.33,5.0944,Filled,
1356,2024-03-19T20:00:00Z,2024-03-20T20:00:00Z,RTX,MarketOnOpen,Buy,279,90.737321,25315.71,5.0551,Filled,
1357,2024-03-19T20:00:00Z,2024-03-20T20:00:00Z,LRCX,MarketOnOpen,Buy,277,90.761788,25141.02,5.1535,Filled,
1358,2024-03-19T20:00:00Z,2024-03-20T20:00:00Z,ETN,MarketOnOpen,Buy,86,295.491543,25412.27,5.1701,Filled,
1359,2024-03-19T20:00:00Z,2024-03-20T20:00:00Z,C,MarketOnOpen,Sell,-945,54.567941,-51566.7,10.6025,Filled,
1360,2024-03-19T20:00:00Z,2024-03-20T20:00:00Z,MDT,MarketOnOpen,Sell,-659,76.553857,-50448.99,10.1247,Filled,
1361,2024-03-19T20:00:00Z,2024-03-20T20:00:00Z,BA,MarketOnOpen,Buy,279,179.0,49941.0,10.4781,Filled,
1362,2024-03-19T20:00:00Z,2024-03-20T20:00:00Z,VRTX,MarketOnOpen,Buy,60,414.33,24859.8,4.9453,Filled,
1363,2024-03-19T20:00:00Z,2024-03-20T20:00:00Z,CB,MarketOnOpen,Buy,101,249.917575,25241.68,5.0567,Filled,
1364,2024-03-19T20:00:00Z,2024-03-20T20:00:00Z,KLAC,MarketOnOpen,Buy,378,66.746189,25230.06,5.1632,Filled,
1365,2024-03-19T20:00:00Z,2024-03-20T20:00:00Z,PANW,MarketOnOpen,Buy,180,140.885,25359.3,5.0776,Filled,
1366,2024-03-19T20:00:00Z,2024-03-20T20:00:00Z,SPY,MarketOnOpen,Sell,-420,501.008403,-210423.53,42.4666,Filled,
1367,2024-03-20T04:00:00Z,2024-03-20T20:00:00Z,ADBE,MarketOnOpen,Buy,49,523.29,25641.21,5.0876,Filled,closed
1368,2024-03-20T04:00:00Z,2024-03-20T20:00:00Z,AMD,MarketOnOpen,Buy,135,181.81,24544.35,4.8527,Filled,closed
1369,2024-03-20T04:00:00Z,2024-03-20T20:00:00Z,BLK,MarketOnOpen,Sell,-32,761.844451,-24379.02,4.9594,Filled,closed
1370,2024-03-20T04:00:00Z,2024-03-20T20:00:00Z,BMY,MarketOnOpen,Sell,-569,45.813189,-26067.7,5.2388,Filled,closed
1371,2024-03-20T04:00:00Z,2024-03-20T20:00:00Z,HD,MarketOnOpen,Buy,71,355.777202,25260.18,5.1185,Filled,closed
1372,2024-03-20T04:00:00Z,2024-03-20T20:00:00Z,INTU,MarketOnOpen,Buy,40,622.371929,24894.88,5.0139,Filled,closed
1373,2024-03-20T04:00:00Z,2024-03-20T20:00:00Z,ISRG,MarketOnOpen,Buy,64,390.39,24984.96,4.9967,Filled,closed
1374,2024-03-20T04:00:00Z,2024-03-20T20:00:00Z,MRSH,MarketOnOpen,Buy,127,198.236756,25176.07,5.025,Filled,closed
1375,2024-03-20T04:00:00Z,2024-03-20T20:00:00Z,NFLX,MarketOnOpen,Sell,-417,61.995,-25851.92,5.2349,Filled,closed
1376,2024-03-20T04:00:00Z,2024-03-20T20:00:00Z,PEP,MarketOnOpen,Sell,-162,156.986838,-25431.87,5.0734,Filled,closed
1377,2024-03-20T04:00:00Z,2024-03-20T20:00:00Z,PGR,MarketOnOpen,Sell,-133,188.464782,-25065.82,5.0308,Filled,closed
1378,2024-03-20T04:00:00Z,2024-03-20T20:00:00Z,PLD,MarketOnOpen,Sell,-212,117.08849,-24822.76,5.0231,Filled,closed
1379,2024-03-20T04:00:00Z,2024-03-20T20:00:00Z,T,MarketOnOpen,Sell,-1653,15.131713,-25012.72,5.0318,Filled,closed
1380,2024-03-20T04:00:00Z,2024-03-20T20:00:00Z,TMUS,MarketOnOpen,Buy,161,153.138066,24655.23,4.9458,Filled,closed
1381,2024-03-20T04:00:00Z,2024-03-20T20:00:00Z,WFC,MarketOnOpen,Sell,-463,53.487499,-24764.71,5.0124,Filled,closed
1382,2024-03-20T04:00:00Z,2024-03-20T20:00:00Z,XOM,MarketOnOpen,Buy,256,104.033098,26632.47,5.3388,Filled,closed
1383,2024-03-20T04:00:00Z,2024-03-20T20:00:00Z,JNJ,MarketOnOpen,Sell,-173,145.196851,-25119.06,5.0264,Filled,
1384,2024-03-20T04:00:00Z,2024-03-20T20:00:00Z,INTC,MarketOnOpen,Buy,608,42.556094,25874.11,5.0785,Filled,
1385,2024-03-20T04:00:00Z,2024-03-20T20:00:00Z,TXN,MarketOnOpen,Buy,162,155.961277,25265.73,5.1409,Filled,
1386,2024-03-20T04:00:00Z,2024-03-20T20:00:00Z,SCHW,MarketOnOpen,Buy,382,66.168602,25276.41,5.1514,Filled,
1387,2024-03-20T04:00:00Z,2024-03-20T20:00:00Z,ELV,MarketOnOpen,Buy,51,491.70939,25077.18,5.0209,Filled,
1388,2024-03-20T04:00:00Z,2024-03-20T20:00:00Z,LMT,MarketOnOpen,Buy,61,409.30875,24967.83,5.0322,Filled,
1389,2024-03-20T04:00:00Z,2024-03-20T20:00:00Z,GILD,MarketOnOpen,Buy,371,67.95783,25212.35,5.0913,Filled,
1390,2024-03-20T04:00:00Z,2024-03-20T20:00:00Z,SPY,MarketOnOpen,Sell,-82,501.008403,-41082.69,8.2911,Filled,
1391,2024-03-21T04:00:00Z,2024-03-21T20:00:00Z,AXP,MarketOnOpen,Sell,-117,222.89507,-26078.72,5.216,Filled,closed
1392,2024-03-21T04:00:00Z,2024-03-21T20:00:00Z,BA,MarketOnOpen,Sell,-139,189.49,-26339.11,5.2181,Filled,closed
1393,2024-03-21T04:00:00Z,2024-03-21T20:00:00Z,C,MarketOnOpen,Buy,461,56.265901,25938.58,5.2755,Filled,closed
1394,2024-03-21T04:00:00Z,2024-03-21T20:00:00Z,CB,MarketOnOpen,Sell,-101,249.443072,-25193.75,5.0137,Filled,closed
1395,2024-03-21T04:00:00Z,2024-03-21T20:00:00Z,DIS,MarketOnOpen,Sell,-227,113.905875,-25856.63,5.1532,Filled,closed
1396,2024-03-21T04:00:00Z,2024-03-21T20:00:00Z,ELV,MarketOnOpen,Sell,-51,491.316972,-25057.17,5.0245,Filled,closed
1397,2024-03-21T04:00:00Z,2024-03-21T20:00:00Z,ETN,MarketOnOpen,Sell,-86,302.428648,-26008.86,5.2654,Filled,closed
1398,2024-03-21T04:00:00Z,2024-03-21T20:00:00Z,GILD,MarketOnOpen,Sell,-371,68.542154,-25429.14,5.0301,Filled,closed
1399,2024-03-21T04:00:00Z,2024-03-21T20:00:00Z,INTC,MarketOnOpen,Sell,-608,42.556094,-25874.11,5.105,Filled,closed
1400,2024-03-21T04:00:00Z,2024-03-21T20:00:00Z,LMT,MarketOnOpen,Sell,-61,413.364094,-25215.21,5.0636,Filled,closed
1401,2024-03-21T04:00:00Z,2024-03-21T20:00:00Z,MS,MarketOnOpen,Buy,308,85.780929,26420.53,5.3645,Filled,closed
1402,2024-03-21T04:00:00Z,2024-03-21T20:00:00Z,UBER,MarketOnOpen,Sell,-328,79.6,-26108.8,5.2644,Filled,closed
1403,2024-03-21T04:00:00Z,2024-03-21T20:00:00Z,PG,MarketOnOpen,Sell,-167,151.560889,-25310.67,5.059,Filled,closed
1404,2024-03-21T04:00:00Z,2024-03-21T20:00:00Z,RTX,MarketOnOpen,Sell,-279,90.737321,-25315.71,5.0237,Filled,closed
1405,2024-03-21T04:00:00Z,2024-03-21T20:00:00Z,SCHW,MarketOnOpen,Sell,-382,67.736441,-25875.32,5.3126,Filled,closed
1406,2024-03-21T04:00:00Z,2024-03-21T20:00:00Z,SYK,MarketOnOpen,Buy,72,345.650364,24886.83,4.971,Filled,closed
1407,2024-03-21T04:00:00Z,2024-03-21T20:00:00Z,TMO,MarketOnOpen,Buy,43,575.179446,24732.72,4.9818,Filled,closed
1408,2024-03-21T04:00:00Z,2024-03-21T20:00:00Z,TXN,MarketOnOpen,Sell,-162,161.32863,-26135.24,5.2198,Filled,closed
1409,2024-03-21T04:00:00Z,2024-03-21T20:00:00Z,PANW,MarketOnOpen,Sell,-180,141.855,-25533.9,5.1773,Filled,closed
1410,2024-03-21T04:00:00Z,2024-03-21T20:00:00Z,HD,MarketOnOpen,Buy,70,364.207008,25494.49,5.188,Filled,
1411,2024-03-21T04:00:00Z,2024-03-21T20:00:00Z,AMD,MarketOnOpen,Buy,141,186.12,26242.92,5.0388,Filled,
1412,2024-03-21T04:00:00Z,2024-03-21T20:00:00Z,ACN,MarketOnOpen,Buy,70,347.82358,24347.65,4.5528,Filled,
1413,2024-03-21T04:00:00Z,2024-03-21T20:00:00Z,MCD,MarketOnOpen,Buy,94,267.733647,25166.96,5.0162,Filled,
1414,2024-03-21T04:00:00Z,2024-03-21T20:00:00Z,QCOM,MarketOnOpen,Buy,159,162.069925,25769.12,5.1571,Filled,
1415,2024-03-21T04:00:00Z,2024-03-21T20:00:00Z,CAT,MarketOnOpen,Sell,-73,346.568083,-25299.47,5.153,Filled,
1416,2024-03-21T04:00:00Z,2024-03-21T20:00:00Z,PM,MarketOnOpen,Sell,-295,85.89316,-25338.48,4.9866,Filled,
1417,2024-03-21T04:00:00Z,2024-03-21T20:00:00Z,SPGI,MarketOnOpen,Buy,64,396.23439,25359.0,5.086,Filled,
1418,2024-03-21T04:00:00Z,2024-03-21T20:00:00Z,BLK,MarketOnOpen,Sell,-32,780.243698,-24967.8,5.1059,Filled,
1419,2024-03-21T04:00:00Z,2024-03-21T20:00:00Z,PGR,MarketOnOpen,Sell,-134,188.005112,-25192.68,5.0649,Filled,
1420,2024-03-21T04:00:00Z,2024-03-21T20:00:00Z,PLD,MarketOnOpen,Sell,-214,118.717788,-25405.61,5.1174,Filled,
1421,2024-03-21T04:00:00Z,2024-03-21T20:00:00Z,MDT,MarketOnOpen,Buy,659,77.021697,50757.3,10.132,Filled,
1422,2024-03-21T04:00:00Z,2024-03-21T20:00:00Z,MU,MarketOnOpen,Buy,265,112.464377,29803.06,5.775,Filled,
1423,2024-03-21T04:00:00Z,2024-03-21T20:00:00Z,SBUX,MarketOnOpen,Sell,-291,86.891442,-25285.41,5.0041,Filled,
1424,2024-03-21T04:00:00Z,2024-03-21T20:00:00Z,SHOP,MarketOnOpen,Sell,-311,81.83,-25449.13,4.9505,Filled,
1425,2024-03-21T04:00:00Z,2024-03-21T20:00:00Z,CI,MarketOnOpen,Sell,-75,337.078867,-25280.92,5.0506,Filled,
1426,2024-03-21T04:00:00Z,2024-03-21T20:00:00Z,BSX,MarketOnOpen,Buy,375,67.43,25286.25,5.067,Filled,
1427,2024-03-21T04:00:00Z,2024-03-21T20:00:00Z,SPY,MarketOnOpen,Buy,266,508.322466,135213.78,26.9844,Filled,
1428,2024-03-22T04:00:00Z,2024-03-22T20:00:00Z,ACN,MarketOnOpen,Sell,-70,330.198181,-23113.87,4.4535,Filled,closed
1429,2024-03-22T04:00:00Z,2024-03-22T20:00:00Z,BLK,MarketOnOpen,Buy,32,796.624903,25492.0,5.0014,Filled,closed
1430,2024-03-22T04:00:00Z,2024-03-22T20:00:00Z,LRCX,MarketOnOpen,Sell,-277,96.520163,-26736.09,5.31,Filled,closed
1431,2024-03-22T04:00:00Z,2024-03-22T20:00:00Z,CAT,MarketOnOpen,Buy,73,352.657736,25744.01,5.0619,Filled,closed
1432,2024-03-22T04:00:00Z,2024-03-22T20:00:00Z,SHOP,MarketOnOpen,Buy,311,79.06,24587.66,4.8964,Filled,closed
1433,2024-03-22T04:00:00Z,2024-03-22T20:00:00Z,CI,MarketOnOpen,Buy,75,336.660029,25249.5,5.0229,Filled,closed
1434,2024-03-22T04:00:00Z,2024-03-22T20:00:00Z,CVS,MarketOnOpen,Sell,-365,71.267218,-26012.53,5.1999,Filled,closed
1435,2024-03-22T04:00:00Z,2024-03-22T20:00:00Z,DE,MarketOnOpen,Sell,-69,385.131735,-26574.09,5.32,Filled,closed
1436,2024-03-22T04:00:00Z,2024-03-22T20:00:00Z,GS,MarketOnOpen,Sell,-68,394.125707,-26800.55,5.2545,Filled,closed
1437,2024-03-22T04:00:00Z,2024-03-22T20:00:00Z,HON,MarketOnOpen,Sell,-135,189.257106,-25549.71,5.0894,Filled,closed
1438,2024-03-22T04:00:00Z,2024-03-22T20:00:00Z,IBM,MarketOnOpen,Buy,140,178.641946,25009.87,4.9718,Filled,closed
1439,2024-03-22T04:00:00Z,2024-03-22T20:00:00Z,JNJ,MarketOnOpen,Buy,173,145.206178,25120.67,5.0093,Filled,closed
1440,2024-03-22T04:00:00Z,2024-03-22T20:00:00Z,MCD,MarketOnOpen,Sell,-94,267.620719,-25156.35,5.0003,Filled,closed
1441,2024-03-22T04:00:00Z,2024-03-22T20:00:00Z,MDT,MarketOnOpen,Sell,-330,77.141511,-25456.7,5.0536,Filled,closed
1442,2024-03-22T04:00:00Z,2024-03-22T20:00:00Z,PFE,MarketOnOpen,Sell,-1076,23.284454,-25054.07,4.9944,Filled,closed
1443,2024-03-22T04:00:00Z,2024-03-22T20:00:00Z,PLD,MarketOnOpen,Buy,214,119.850011,25647.9,5.0673,Filled,closed
1444,2024-03-22T04:00:00Z,2024-03-22T20:00:00Z,PM,MarketOnOpen,Buy,295,84.756473,25003.16,4.9152,Filled,closed
1445,2024-03-22T04:00:00Z,2024-03-22T20:00:00Z,KLAC,MarketOnOpen,Sell,-378,69.324145,-26204.53,5.2715,Filled,closed
1446,2024-03-22T04:00:00Z,2024-03-22T20:00:00Z,REGN,MarketOnOpen,Sell,-26,963.903812,-25061.5,4.9826,Filled,closed
1447,2024-03-22T04:00:00Z,2024-03-22T20:00:00Z,PEP,MarketOnOpen,Buy,161,157.642847,25380.5,5.0468,Filled,
1448,2024-03-22T04:00:00Z,2024-03-22T20:00:00Z,ADBE,MarketOnOpen,Buy,49,509.07,24944.43,4.8953,Filled,
1449,2024-03-22T04:00:00Z,2024-03-22T20:00:00Z,LIN,MarketOnOpen,Buy,56,450.268543,25215.04,5.0798,Filled,
1450,2024-03-22T04:00:00Z,2024-03-22T20:00:00Z,WFC,MarketOnOpen,Buy,465,54.611662,25394.42,5.0191,Filled,
1451,2024-03-22T04:00:00Z,2024-03-22T20:00:00Z,INTU,MarketOnOpen,Buy,39,636.373559,24818.57,4.9198,Filled,
1452,2024-03-22T04:00:00Z,2024-03-22T20:00:00Z,MAAS,MarketOnOpen,Sell,-49,470.358,-23047.54,5.0803,Filled,
1453,2024-03-22T04:00:00Z,2024-03-22T20:00:00Z,AMAT,MarketOnOpen,Sell,-122,204.442771,-24942.02,5.0305,Filled,
1454,2024-03-22T04:00:00Z,2024-03-22T20:00:00Z,TXN,MarketOnOpen,Buy,157,160.301832,25167.39,5.0555,Filled,
1455,2024-03-22T04:00:00Z,2024-03-22T20:00:00Z,LOW,MarketOnOpen,Sell,-102,248.493898,-25346.38,5.0207,Filled,
1456,2024-03-22T04:00:00Z,2024-03-22T20:00:00Z,AMGN,MarketOnOpen,Sell,-98,257.665069,-25251.18,5.0255,Filled,
1457,2024-03-22T04:00:00Z,2024-03-22T20:00:00Z,SYK,MarketOnOpen,Buy,73,345.113276,25193.27,5.0274,Filled,
1458,2024-03-22T04:00:00Z,2024-03-22T20:00:00Z,NEE,MarketOnOpen,Sell,-445,57.914256,-25771.84,5.1171,Filled,
1459,2024-03-22T04:00:00Z,2024-03-22T20:00:00Z,BKNG,MarketOnOpen,Sell,-177,142.003197,-25134.57,5.0266,Filled,
1460,2024-03-22T04:00:00Z,2024-03-22T20:00:00Z,T,MarketOnOpen,Sell,-1676,15.175932,-25434.86,5.0336,Filled,
1461,2024-03-22T04:00:00Z,2024-03-22T20:00:00Z,MU,MarketOnOpen,Sell,-498,108.427245,-53996.77,10.8883,Filled,
1462,2024-03-22T04:00:00Z,2024-03-22T20:00:00Z,ELV,MarketOnOpen,Sell,-51,495.279437,-25259.25,5.0165,Filled,
1463,2024-03-22T04:00:00Z,2024-03-22T20:00:00Z,C,MarketOnOpen,Sell,-444,57.105551,-25354.86,5.0387,Filled,
1464,2024-03-22T04:00:00Z,2024-03-22T20:00:00Z,ABNB,MarketOnOpen,Buy,151,167.0,25217.0,5.0694,Filled,
1465,2024-03-22T04:00:00Z,2024-03-22T20:00:00Z,ADP,MarketOnOpen,Sell,-108,234.804582,-25358.89,5.0113,Filled,
1466,2024-03-22T04:00:00Z,2024-03-22T20:00:00Z,SPY,MarketOnOpen,Buy,227,507.147165,115122.41,22.9844,Filled,
1467,2024-03-25T20:00:00Z,2024-03-26T20:00:00Z,BKNG,MarketOnOpen,Buy,177,142.944539,25301.18,5.077,Filled,closed
1468,2024-03-25T20:00:00Z,2024-03-26T20:00:00Z,HD,MarketOnOpen,Sell,-70,358.580886,-25100.66,4.9876,Filled,closed
1469,2024-03-25T20:00:00Z,2024-03-26T20:00:00Z,LOW,MarketOnOpen,Buy,102,241.048602,24586.96,4.8832,Filled,closed
1470,2024-03-25T20:00:00Z,2024-03-26T20:00:00Z,MDLZ,MarketOnOpen,Sell,-384,65.592954,-25187.69,4.9912,Filled,closed
1471,2024-03-25T20:00:00Z,2024-03-26T20:00:00Z,ABNB,MarketOnOpen,Sell,-151,169.69,-25623.19,5.0552,Filled,closed
1472,2024-03-25T20:00:00Z,2024-03-26T20:00:00Z,NEE,MarketOnOpen,Buy,445,58.305129,25945.78,5.0881,Filled,closed
1473,2024-03-25T20:00:00Z,2024-03-26T20:00:00Z,NOW,MarketOnOpen,Buy,167,155.798,26018.27,5.2008,Filled,closed
1474,2024-03-25T20:00:00Z,2024-03-26T20:00:00Z,PGR,MarketOnOpen,Buy,134,189.191061,25351.6,5.0422,Filled,closed
1475,2024-03-25T20:00:00Z,2024-03-26T20:00:00Z,MAAS,MarketOnOpen,Buy,49,538.2,26371.8,5.1038,Filled,closed
1476,2024-03-25T20:00:00Z,2024-03-26T20:00:00Z,SBUX,MarketOnOpen,Buy,291,85.343662,24835.01,4.9332,Filled,closed
1477,2024-03-25T20:00:00Z,2024-03-26T20:00:00Z,TJX,MarketOnOpen,Sell,-263,95.165215,-25028.45,5.0592,Filled,closed
1478,2024-03-25T20:00:00Z,2024-03-26T20:00:00Z,DIS,MarketOnOpen,Buy,217,116.366864,25251.61,5.0638,Filled,
1479,2024-03-25T20:00:00Z,2024-03-26T20:00:00Z,IBM,MarketOnOpen,Sell,-143,176.064663,-25177.25,5.016,Filled,
1480,2024-03-25T20:00:00Z,2024-03-26T20:00:00Z,MS,MarketOnOpen,Buy,297,85.240136,25316.32,5.0555,Filled,
1481,2024-03-25T20:00:00Z,2024-03-26T20:00:00Z,RTX,MarketOnOpen,Sell,-276,91.339053,-25209.58,5.0646,Filled,
1482,2024-03-25T20:00:00Z,2024-03-26T20:00:00Z,BLK,MarketOnOpen,Sell,-32,776.3971,-24844.71,4.9734,Filled,
1483,2024-03-25T20:00:00Z,2024-03-26T20:00:00Z,PLD,MarketOnOpen,Sell,-215,116.131163,-24968.2,4.9533,Filled,
1484,2024-03-25T20:00:00Z,2024-03-26T20:00:00Z,LMT,MarketOnOpen,Buy,60,418.178059,25090.68,5.0124,Filled,
1485,2024-03-25T20:00:00Z,2024-03-26T20:00:00Z,CVS,MarketOnOpen,Buy,352,70.994928,24990.21,5.0683,Filled,
1486,2024-03-25T20:00:00Z,2024-03-26T20:00:00Z,SPY,MarketOnOpen,Sell,-144,506.272974,-72903.31,14.5132,Filled,
1487,2024-03-26T20:00:00Z,,MU,MarketOnOpen,Buy,233,0.0,0.0,0.0,Canceled,closed
1488,2024-03-26T20:00:00Z,2024-03-27T20:00:00Z,ADI,MarketOnOpen,Sell,-136,183.683779,-24980.99,5.0656,Filled,closed
1489,2024-03-26T20:00:00Z,,ADP,MarketOnOpen,Buy,108,0.0,0.0,0.0,Canceled,closed
1490,2024-03-26T20:00:00Z,2024-03-27T20:00:00Z,AMAT,MarketOnOpen,Buy,122,204.001507,24888.18,4.9767,Filled,closed
1491,2024-03-26T20:00:00Z,2024-03-27T20:00:00Z,BX,MarketOnOpen,Sell,-216,119.668302,-25848.35,5.2248,Filled,closed
1492,2024-03-26T20:00:00Z,,INTU,MarketOnOpen,Sell,-39,0.0,0.0,0.0,Canceled,closed
1493,2024-03-26T20:00:00Z,,LMT,MarketOnOpen,Sell,-60,0.0,0.0,0.0,Canceled,closed
1494,2024-03-26T20:00:00Z,,MS,MarketOnOpen,Sell,-297,0.0,0.0,0.0,Canceled,closed
1495,2024-03-26T20:00:00Z,,RTX,MarketOnOpen,Buy,276,0.0,0.0,0.0,Canceled,closed
1496,2024-03-26T20:00:00Z,,SPGI,MarketOnOpen,Sell,-64,0.0,0.0,0.0,Canceled,closed
1497,2024-03-26T20:00:00Z,2024-03-27T20:00:00Z,MAAS,MarketOnOpen,Buy,48,521.4,25027.2,5.1149,Filled,
1498,2024-03-26T20:00:00Z,2024-03-27T20:00:00Z,DHR,MarketOnOpen,Buy,102,246.415707,25134.4,5.006,Filled,
1499,2024-03-26T20:00:00Z,2024-03-27T20:00:00Z,AMGN,MarketOnOpen,Buy,194,263.885499,51193.79,10.3133,Filled,
1500,2024-03-26T20:00:00Z,2024-03-27T20:00:00Z,COP,MarketOnOpen,Sell,-215,116.41661,-25029.57,5.0533,Filled,
1501,2024-03-26T20:00:00Z,2024-03-27T20:00:00Z,GS,MarketOnOpen,Buy,65,389.016319,25286.06,5.1267,Filled,
1502,2024-03-26T20:00:00Z,2024-03-27T20:00:00Z,SCHW,MarketOnOpen,Sell,-366,69.101041,-25290.98,5.1276,Filled,
1503,2024-03-26T20:00:00Z,2024-03-27T20:00:00Z,ETN,MarketOnOpen,Sell,-83,304.650462,-25285.99,5.0636,Filled,
1504,2024-03-26T20:00:00Z,2024-03-27T20:00:00Z,BKNG,MarketOnOpen,Sell,-175,144.078224,-25213.69,5.0367,Filled,
1505,2024-03-26T20:00:00Z,2024-03-27T20:00:00Z,BA,MarketOnOpen,Sell,-134,188.84,-25304.56,5.1443,Filled,
1506,2024-03-26T20:00:00Z,2024-03-27T20:00:00Z,SHOP,MarketOnOpen,Sell,-320,79.35,-25392.0,5.0317,Filled,
1507,2024-03-26T20:00:00Z,2024-03-27T20:00:00Z,ANET,MarketOnOpen,Buy,337,74.0375,24950.64,4.8612,Filled,
1508,2024-03-26T20:00:00Z,2024-03-27T20:00:00Z,MDLZ,MarketOnOpen,Buy,386,65.39592,25242.83,5.0522,Filled,
1509,2024-03-27T04:00:00Z,2024-03-27T20:00:00Z,MU,MarketOnOpen,Buy,233,118.336569,27572.42,5.5122,Filled,closed
1510,2024-03-27T04:00:00Z,2024-03-27T20:00:00Z,ADP,MarketOnOpen,Buy,108,231.384643,24989.54,5.0258,Filled,closed
1511,2024-03-27T04:00:00Z,2024-03-27T20:00:00Z,BSX,MarketOnOpen,Sell,-375,68.26,-25597.5,5.1465,Filled,closed
1512,2024-03-27T04:00:00Z,2024-03-27T20:00:00Z,CVS,MarketOnOpen,Sell,-352,72.202078,-25415.13,5.0754,Filled,closed
1513,2024-03-27T04:00:00Z,2024-03-27T20:00:00Z,ELV,MarketOnOpen,Buy,51,497.700944,25382.75,5.0762,Filled,closed
1514,2024-03-27T04:00:00Z,2024-03-27T20:00:00Z,IBM,MarketOnOpen,Buy,143,176.408921,25226.48,5.0772,Filled,closed
1515,2024-03-27T04:00:00Z,2024-03-27T20:00:00Z,INTU,MarketOnOpen,Sell,-39,632.787417,-24678.71,4.9581,Filled,closed
1516,2024-03-27T04:00:00Z,2024-03-27T20:00:00Z,LMT,MarketOnOpen,Sell,-60,419.470524,-25168.23,5.1337,Filled,closed
1517,2024-03-27T04:00:00Z,2024-03-27T20:00:00Z,MS,MarketOnOpen,Sell,-297,85.808901,-25485.24,5.1785,Filled,closed
1518,2024-03-27T04:00:00Z,2024-03-27T20:00:00Z,RTX,MarketOnOpen,Buy,276,92.103157,25420.47,5.1379,Filled,closed
1519,2024-03-27T04:00:00Z,2024-03-27T20:00:00Z,SPGI,MarketOnOpen,Sell,-64,392.164029,-25098.5,5.0179,Filled,closed
1520,2024-03-27T04:00:00Z,2024-03-27T20:00:00Z,TXN,MarketOnOpen,Sell,-157,157.753506,-24767.3,5.0669,Filled,closed
1521,2024-03-27T04:00:00Z,2024-03-27T20:00:00Z,V,MarketOnOpen,Sell,-91,275.026084,-25027.37,4.9835,Filled,closed
1522,2024-03-27T04:00:00Z,2024-03-27T20:00:00Z,TSLA,MarketOnOpen,Buy,288,181.32,52220.16,10.3582,Filled,
1523,2024-03-27T04:00:00Z,2024-03-27T20:00:00Z,JPM,MarketOnOpen,Sell,-135,186.449988,-25170.75,5.1115,Filled,
1524,2024-03-27T04:00:00Z,2024-03-27T20:00:00Z,HD,MarketOnOpen,Buy,70,357.118094,24998.27,5.0658,Filled,
1525,2024-03-27T04:00:00Z,2024-03-27T20:00:00Z,VZ,MarketOnOpen,Sell,-724,34.94909,-25303.14,5.1086,Filled,
1526,2024-03-27T04:00:00Z,2024-03-27T20:00:00Z,PFE,MarketOnOpen,Buy,1074,23.547412,25289.92,5.0616,Filled,
1527,2024-03-27T04:00:00Z,2024-03-27T20:00:00Z,UNP,MarketOnOpen,Sell,-110,229.138922,-25205.28,5.0921,Filled,
1528,2024-03-27T04:00:00Z,2024-03-27T20:00:00Z,NKE,MarketOnOpen,Sell,-289,87.570076,-25307.75,5.1099,Filled,
1529,2024-03-27T04:00:00Z,2024-03-27T20:00:00Z,UPS,MarketOnOpen,Sell,-393,124.115073,-48777.22,9.979,Filled,
1530,2024-03-27T04:00:00Z,2024-03-27T20:00:00Z,PGR,MarketOnOpen,Sell,-133,188.611876,-25085.38,5.0413,Filled,
1531,2024-03-27T04:00:00Z,2024-03-27T20:00:00Z,SPY,MarketOnOpen,Buy,152,506.710069,77019.93,15.4483,Filled,
1532,2024-03-28T04:00:00Z,2024-03-28T20:00:00Z,SHOP,MarketOnOpen,Buy,320,78.8,25216.0,4.9389,Filled,closed
1533,2024-03-28T04:00:00Z,2024-03-28T20:00:00Z,COP,MarketOnOpen,Buy,215,118.59392,25497.69,5.0709,Filled,closed
1534,2024-03-28T04:00:00Z,2024-03-28T20:00:00Z,ANET,MarketOnOpen,Sell,-337,71.925,-24238.72,4.8858,Filled,closed
1535,2024-03-28T04:00:00Z,2024-03-28T20:00:00Z,NKE,MarketOnOpen,Buy,289,88.63136,25614.46,5.1017,Filled,closed
1536,2024-03-28T04:00:00Z,2024-03-28T20:00:00Z,ORCL,MarketOnOpen,Buy,228,121.277985,27651.38,5.54,Filled,closed
1537,2024-03-28T04:00:00Z,2024-03-28T20:00:00Z,MAAS,MarketOnOpen,Sell,-48,511.2,-24537.6,5.3194,Filled,closed
1538,2024-03-28T04:00:00Z,2024-03-28T20:00:00Z,SCHW,MarketOnOpen,Buy,366,70.068843,25645.2,5.1248,Filled,closed
1539,2024-03-28T04:00:00Z,2024-03-28T20:00:00Z,SYK,MarketOnOpen,Sell,-73,350.982798,-25621.74,5.1139,Filled,closed
1540,2024-03-28T04:00:00Z,2024-03-28T20:00:00Z,TSLA,MarketOnOpen,Sell,-141,177.47,-25023.27,4.9573,Filled,closed
1541,2024-03-28T04:00:00Z,2024-03-28T20:00:00Z,VRTX,MarketOnOpen,Sell,-60,419.48,-25168.8,5.0161,Filled,closed
1542,2024-03-28T04:00:00Z,2024-03-28T20:00:00Z,JPM,MarketOnOpen,Buy,267,189.287064,50539.65,10.149,Filled,
1543,2024-03-28T04:00:00Z,2024-03-28T20:00:00Z,V,MarketOnOpen,Sell,-91,273.298891,-24870.2,4.9846,Filled,
1544,2024-03-28T04:00:00Z,2024-03-28T20:00:00Z,INTC,MarketOnOpen,Buy,577,43.318145,24994.57,5.0446,Filled,
1545,2024-03-28T04:00:00Z,2024-03-28T20:00:00Z,AMAT,MarketOnOpen,Sell,-122,203.619077,-24841.53,4.9343,Filled,
1546,2024-03-28T04:00:00Z,2024-03-28T20:00:00Z,UBER,MarketOnOpen,Buy,320,77.9,24928.0,4.9274,Filled,
1547,2024-03-28T04:00:00Z,2024-03-28T20:00:00Z,TXN,MarketOnOpen,Buy,155,162.010051,25111.56,5.0411,Filled,
1548,2024-03-28T04:00:00Z,2024-03-28T20:00:00Z,ISRG,MarketOnOpen,Sell,-62,401.45,-24889.9,4.9487,Filled,
1549,2024-03-28T04:00:00Z,2024-03-28T20:00:00Z,DE,MarketOnOpen,Sell,-63,396.365378,-24971.02,5.0206,Filled,
1550,2024-03-28T04:00:00Z,2024-03-28T20:00:00Z,ADI,MarketOnOpen,Buy,134,186.920498,25047.35,5.1063,Filled,
1551,2024-03-28T04:00:00Z,2024-03-28T20:00:00Z,KLAC,MarketOnOpen,Buy,365,68.385992,24960.89,5.0044,Filled,
1552,2024-04-01T20:00:00Z,2024-04-02T20:00:00Z,ADI,MarketOnOpen,Sell,-134,188.057203,-25199.67,5.0312,Filled,closed
1553,2024-04-01T20:00:00Z,2024-04-02T20:00:00Z,AMAT,MarketOnOpen,Buy,122,202.569848,24713.52,4.9315,Filled,closed
1554,2024-04-01T20:00:00Z,2024-04-02T20:00:00Z,AMGN,MarketOnOpen,Sell,-96,263.059203,-25253.68,4.9236,Filled,closed
1555,2024-04-01T20:00:00Z,2024-04-02T20:00:00Z,DHR,MarketOnOpen,Sell,-102,241.671063,-24650.45,4.949,Filled,closed
1556,2024-04-01T20:00:00Z,2024-04-02T20:00:00Z,GS,MarketOnOpen,Sell,-65,390.079983,-25355.2,5.0638,Filled,closed
1557,2024-04-01T20:00:00Z,2024-04-02T20:00:00Z,LIN,MarketOnOpen,Sell,-56,447.790018,-25076.24,5.0014,Filled,closed
1558,2024-04-01T20:00:00Z,2024-04-02T20:00:00Z,PLD,MarketOnOpen,Buy,215,116.793928,25110.69,4.9707,Filled,closed
1559,2024-04-01T20:00:00Z,2024-04-02T20:00:00Z,UNP,MarketOnOpen,Buy,110,229.224075,25214.65,5.0483,Filled,closed
1560,2024-04-01T20:00:00Z,2024-04-02T20:00:00Z,VZ,MarketOnOpen,Buy,724,35.90881,25997.98,5.2316,Filled,closed
1561,2024-04-01T20:00:00Z,2024-04-02T20:00:00Z,V,MarketOnOpen,Buy,182,272.818024,49652.88,9.9463,Filled,
1562,2024-04-01T20:00:00Z,2024-04-02T20:00:00Z,TSLA,MarketOnOpen,Sell,-142,164.75,-23394.5,4.7323,Filled,
1563,2024-04-01T20:00:00Z,2024-04-02T20:00:00Z,MAAS,MarketOnOpen,Buy,45,517.8,23301.0,4.9815,Filled,
1564,2024-04-01T20:00:00Z,2024-04-02T20:00:00Z,IBM,MarketOnOpen,Sell,-141,175.980925,-24813.31,4.9558,Filled,
1565,2024-04-01T20:00:00Z,2024-04-02T20:00:00Z,MS,MarketOnOpen,Buy,286,86.685358,24792.01,4.9445,Filled,
1566,2024-04-01T20:00:00Z,2024-04-02T20:00:00Z,COP,MarketOnOpen,Sell,-209,120.002223,-25080.46,5.0606,Filled,
1567,2024-04-01T20:00:00Z,2024-04-02T20:00:00Z,ELV,MarketOnOpen,Sell,-50,482.329642,-24116.48,4.7781,Filled,
1568,2024-04-02T20:00:00Z,,HD,MarketOnOpen,Sell,-70,0.0,0.0,0.0,Canceled,closed
1569,2024-04-02T20:00:00Z,,INTC,MarketOnOpen,Sell,-577,0.0,0.0,0.0,Canceled,closed
1570,2024-04-02T20:00:00Z,,PGR,MarketOnOpen,Buy,133,0.0,0.0,0.0,Canceled,closed
1571,2024-04-02T20:00:00Z,,WFC,MarketOnOpen,Sell,-465,0.0,0.0,0.0,Canceled,closed
1572,2024-04-02T20:00:00Z,,TSLA,MarketOnOpen,Buy,292,0.0,0.0,0.0,Canceled,closed
1573,2024-04-02T20:00:00Z,2024-04-03T20:00:00Z,V,MarketOnOpen,Sell,-182,273.946588,-49858.28,9.8934,Filled,
1574,2024-04-02T20:00:00Z,2024-04-03T20:00:00Z,PG,MarketOnOpen,Buy,166,150.25078,24941.63,4.8513,Filled,
1575,2024-04-02T20:00:00Z,2024-04-03T20:00:00Z,ABBV,MarketOnOpen,Sell,-150,165.82539,-24873.81,4.8906,Filled,
1576,2024-04-02T20:00:00Z,2024-04-03T20:00:00Z,PLD,MarketOnOpen,Sell,-216,115.12781,-24867.61,5.0141,Filled,
1577,2024-04-02T20:00:00Z,2024-04-03T20:00:00Z,TJX,MarketOnOpen,Sell,-259,96.288794,-24938.8,4.8809,Filled,
1578,2024-04-02T20:00:00Z,2024-04-03T20:00:00Z,SPY,MarketOnOpen,Buy,189,502.912196,95050.41,19.0707,Filled,
1579,2024-04-03T04:00:00Z,2024-04-03T20:00:00Z,AMD,MarketOnOpen,Sell,-141,177.63,-25045.83,5.0977,Filled,closed
1580,2024-04-03T04:00:00Z,2024-04-03T20:00:00Z,COP,MarketOnOpen,Buy,209,121.290079,25349.63,5.0978,Filled,closed
1581,2024-04-03T04:00:00Z,2024-04-03T20:00:00Z,HD,MarketOnOpen,Sell,-70,339.442694,-23760.99,4.7246,Filled,closed
1582,2024-04-03T04:00:00Z,2024-04-03T20:00:00Z,INTC,MarketOnOpen,Sell,-577,40.942921,-23624.07,4.606,Filled,closed
1583,2024-04-03T04:00:00Z,2024-04-03T20:00:00Z,ISRG,MarketOnOpen,Buy,62,383.77,23793.74,4.7544,Filled,closed
1584,2024-04-03T04:00:00Z,2024-04-03T20:00:00Z,PGR,MarketOnOpen,Buy,133,193.4202,25724.89,5.1567,Filled,closed
1585,2024-04-03T04:00:00Z,2024-04-03T20:00:00Z,KLAC,MarketOnOpen,Sell,-365,67.729482,-24721.26,4.9969,Filled,closed
1586,2024-04-03T04:00:00Z,2024-04-03T20:00:00Z,QCOM,MarketOnOpen,Sell,-159,161.367502,-25657.43,5.2495,Filled,closed
1587,2024-04-03T04:00:00Z,2024-04-03T20:00:00Z,TSLA,MarketOnOpen,Buy,142,164.11,23303.62,4.782,Filled,closed
1588,2024-04-03T04:00:00Z,2024-04-03T20:00:00Z,UPS,MarketOnOpen,Buy,202,130.552201,26371.54,5.3011,Filled,closed
1589,2024-04-03T04:00:00Z,2024-04-03T20:00:00Z,WFC,MarketOnOpen,Sell,-465,54.03541,-25126.47,5.0191,Filled,closed
1590,2024-04-03T04:00:00Z,2024-04-03T20:00:00Z,COST,MarketOnOpen,Sell,-35,700.13563,-24504.75,4.8713,Filled,
1591,2024-04-03T04:00:00Z,2024-04-03T20:00:00Z,CVX,MarketOnOpen,Buy,173,144.25985,24956.95,5.002,Filled,
1592,2024-04-03T04:00:00Z,2024-04-03T20:00:00Z,VZ,MarketOnOpen,Sell,-693,36.163603,-25061.38,5.0429,Filled,
1593,2024-04-03T04:00:00Z,2024-04-03T20:00:00Z,AMGN,MarketOnOpen,Sell,-97,255.956771,-24827.81,4.9427,Filled,
1594,2024-04-03T04:00:00Z,2024-04-03T20:00:00Z,LRCX,MarketOnOpen,Sell,-264,94.275622,-24888.76,5.0632,Filled,
1595,2024-04-03T04:00:00Z,2024-04-03T20:00:00Z,MDT,MarketOnOpen,Sell,-318,78.772819,-25049.76,4.9824,Filled,
1596,2024-04-03T04:00:00Z,2024-04-03T20:00:00Z,ADI,MarketOnOpen,Buy,133,185.581498,24682.34,5.0059,Filled,
1597,2024-04-03T04:00:00Z,2024-04-03T20:00:00Z,BX,MarketOnOpen,Buy,214,116.08315,24841.79,5.0055,Filled,
1598,2024-04-03T04:00:00Z,2024-04-03T20:00:00Z,CVS,MarketOnOpen,Buy,373,67.201029,25065.98,5.0511,Filled,
1599,2024-04-03T04:00:00Z,2024-04-03T20:00:00Z,FISV,MarketOnOpen,Buy,158,158.48,25039.84,4.9827,Filled,
1600,2024-04-03T04:00:00Z,2024-04-03T20:00:00Z,SPY,MarketOnOpen,Sell,-48,502.912196,-24139.79,4.8433,Filled,
1601,2024-04-04T04:00:00Z,2024-04-04T20:00:00Z,ABBV,MarketOnOpen,Buy,150,163.31567,24497.35,4.6306,Filled,closed
1602,2024-04-04T04:00:00Z,2024-04-04T20:00:00Z,AVGO,MarketOnOpen,Sell,-200,135.297984,-27059.6,5.147,Filled,closed
1603,2024-04-04T04:00:00Z,2024-04-04T20:00:00Z,COST,MarketOnOpen,Buy,35,699.642563,24487.49,4.8657,Filled,closed
1604,2024-04-04T04:00:00Z,2024-04-04T20:00:00Z,DE,MarketOnOpen,Buy,63,398.392897,25098.75,4.9762,Filled,closed
1605,2024-04-04T04:00:00Z,2024-04-04T20:00:00Z,DIS,MarketOnOpen,Sell,-217,115.919412,-25154.51,4.9452,Filled,closed
1606,2024-04-04T04:00:00Z,2024-04-04T20:00:00Z,MDLZ,MarketOnOpen,Sell,-386,63.995579,-24702.29,4.916,Filled,closed
1607,2024-04-04T04:00:00Z,2024-04-04T20:00:00Z,MS,MarketOnOpen,Sell,-286,87.832212,-25120.01,4.9216,Filled,closed
1608,2024-04-04T04:00:00Z,2024-04-04T20:00:00Z,PFE,MarketOnOpen,Sell,-1074,23.165699,-24879.96,4.8557,Filled,closed
1609,2024-04-04T04:00:00Z,2024-04-04T20:00:00Z,PG,MarketOnOpen,Sell,-166,146.807065,-24369.97,4.8296,Filled,closed
1610,2024-04-04T04:00:00Z,2024-04-04T20:00:00Z,PLD,MarketOnOpen,Buy,216,118.045818,25497.9,4.9584,Filled,closed
1611,2024-04-04T04:00:00Z,2024-04-04T20:00:00Z,MAAS,MarketOnOpen,Sell,-45,570.0,-25650.0,4.7574,Filled,closed
1612,2024-04-04T04:00:00Z,2024-04-04T20:00:00Z,VZ,MarketOnOpen,Buy,693,36.520313,25308.58,4.997,Filled,closed
1613,2024-04-04T04:00:00Z,2024-04-04T20:00:00Z,V,MarketOnOpen,Buy,182,273.092805,49702.89,9.7877,Filled,
1614,2024-04-04T04:00:00Z,2024-04-04T20:00:00Z,JNJ,MarketOnOpen,Buy,173,144.851766,25059.36,4.9212,Filled,
1615,2024-04-04T04:00:00Z,2024-04-04T20:00:00Z,HD,MarketOnOpen,Buy,73,340.014683,24821.07,4.8967,Filled,
1616,2024-04-04T04:00:00Z,2024-04-04T20:00:00Z,LIN,MarketOnOpen,Buy,55,447.906199,24634.84,4.8704,Filled,
1617,2024-04-04T04:00:00Z,2024-04-04T20:00:00Z,WFC,MarketOnOpen,Buy,461,54.592768,25167.27,4.9368,Filled,
1618,2024-04-04T04:00:00Z,2024-04-04T20:00:00Z,NOW,MarketOnOpen,Buy,164,153.68,25203.52,4.9695,Filled,
1619,2024-04-04T04:00:00Z,2024-04-04T20:00:00Z,COP,MarketOnOpen,Buy,204,122.420427,24973.77,4.9804,Filled,
1620,2024-04-04T04:00:00Z,2024-04-04T20:00:00Z,RTX,MarketOnOpen,Sell,-267,93.870147,-25063.33,5.0652,Filled,
1621,2024-04-04T04:00:00Z,2024-04-04T20:00:00Z,SCHW,MarketOnOpen,Sell,-360,69.972063,-25189.94,4.9718,Filled,
1622,2024-04-04T04:00:00Z,2024-04-04T20:00:00Z,PGR,MarketOnOpen,Sell,-128,194.257198,-24864.92,4.9268,Filled,
1623,2024-04-04T04:00:00Z,2024-04-04T20:00:00Z,CB,MarketOnOpen,Buy,100,247.235183,24723.52,4.8851,Filled,
1624,2024-04-04T04:00:00Z,2024-04-04T20:00:00Z,REGN,MarketOnOpen,Buy,26,953.204777,24783.32,4.827,Filled,
1625,2024-04-04T04:00:00Z,2024-04-04T20:00:00Z,ADP,MarketOnOpen,Buy,108,231.965564,25052.28,4.8874,Filled,
1626,2024-04-04T04:00:00Z,2024-04-04T20:00:00Z,SHOP,MarketOnOpen,Buy,329,75.61,24875.69,4.9225,Filled,
1627,2024-04-04T04:00:00Z,2024-04-04T20:00:00Z,KLAC,MarketOnOpen,Buy,363,69.309425,25159.32,4.793,Filled,
1628,2024-04-04T04:00:00Z,2024-04-04T20:00:00Z,SPY,MarketOnOpen,Sell,-106,508.487591,-53899.68,10.5652,Filled,
1629,2024-04-05T20:00:00Z,,ADP,MarketOnOpen,Sell,-108,0.0,0.0,0.0,Canceled,closed
1630,2024-04-05T20:00:00Z,,AMGN,MarketOnOpen,Buy,97,0.0,0.0,0.0,Canceled,closed
1631,2024-04-05T20:00:00Z,,BA,MarketOnOpen,Buy,134,0.0,0.0,0.0,Canceled,closed
1632,2024-04-05T20:00:00Z,,BLK,MarketOnOpen,Buy,32,0.0,0.0,0.0,Canceled,closed
1633,2024-04-05T20:00:00Z,2024-04-08T20:00:00Z,COP,MarketOnOpen,Sell,-204,123.921381,-25279.96,5.0057,Filled,closed
1634,2024-04-05T20:00:00Z,,CVX,MarketOnOpen,Sell,-173,0.0,0.0,0.0,Canceled,closed
1635,2024-04-05T20:00:00Z,,JNJ,MarketOnOpen,Sell,-173,0.0,0.0,0.0,Canceled,closed
1636,2024-04-05T20:00:00Z,,KLAC,MarketOnOpen,Sell,-363,0.0,0.0,0.0,Canceled,closed
1637,2024-04-05T20:00:00Z,,RTX,MarketOnOpen,Buy,267,0.0,0.0,0.0,Canceled,closed
1638,2024-04-05T20:00:00Z,2024-04-08T20:00:00Z,PG,MarketOnOpen,Buy,170,145.70283,24769.48,4.9647,Filled,
1639,2024-04-05T20:00:00Z,2024-04-08T20:00:00Z,ABBV,MarketOnOpen,Buy,159,155.556682,24733.51,4.964,Filled,
1640,2024-04-05T20:00:00Z,2024-04-08T20:00:00Z,CRM,MarketOnOpen,Buy,84,295.845564,24851.03,4.9806,Filled,
1641,2024-04-05T20:00:00Z,2024-04-08T20:00:00Z,NFLX,MarketOnOpen,Buy,391,63.639,24882.85,4.9142,Filled,
1642,2024-04-05T20:00:00Z,2024-04-08T20:00:00Z,MAAS,MarketOnOpen,Buy,47,542.4,25492.8,4.9688,Filled,
1643,2024-04-05T20:00:00Z,2024-04-08T20:00:00Z,AXP,MarketOnOpen,Buy,114,218.071888,24860.2,4.9865,Filled,
1644,2024-04-05T20:00:00Z,2024-04-08T20:00:00Z,MU,MarketOnOpen,Sell,-203,128.171112,-26018.74,4.9562,Filled,
1645,2024-04-05T20:00:00Z,2024-04-08T20:00:00Z,HON,MarketOnOpen,Sell,-134,185.585037,-24868.39,4.9777,Filled,
1646,2024-04-05T20:00:00Z,2024-04-08T20:00:00Z,UPS,MarketOnOpen,Sell,-191,130.914128,-25004.6,4.9413,Filled,
1647,2024-04-05T20:00:00Z,2024-04-08T20:00:00Z,DE,MarketOnOpen,Sell,-62,400.653241,-24840.5,4.941,Filled,
1648,2024-04-05T20:00:00Z,2024-04-08T20:00:00Z,ABNB,MarketOnOpen,Buy,154,160.17,24666.18,4.9363,Filled,
1649,2024-04-05T20:00:00Z,2024-04-08T20:00:00Z,MDLZ,MarketOnOpen,Buy,392,63.482121,24884.99,4.9477,Filled,
1650,2024-04-05T20:00:00Z,2024-04-08T20:00:00Z,SPY,MarketOnOpen,Sell,-140,504.252622,-70595.37,14.1077,Filled,
1651,2024-04-08T04:00:00Z,2024-04-08T20:00:00Z,ADBE,MarketOnOpen,Sell,-49,484.78,-23754.22,4.7459,Filled,closed
1652,2024-04-08T04:00:00Z,2024-04-08T20:00:00Z,ADP,MarketOnOpen,Sell,-108,228.967261,-24728.46,4.9916,Filled,closed
1653,2024-04-08T04:00:00Z,2024-04-08T20:00:00Z,AMGN,MarketOnOpen,Buy,97,250.191268,24268.55,4.8487,Filled,closed
1654,2024-04-08T04:00:00Z,2024-04-08T20:00:00Z,BA,MarketOnOpen,Buy,134,182.14,24406.76,4.8658,Filled,closed
1655,2024-04-08T04:00:00Z,2024-04-08T20:00:00Z,BLK,MarketOnOpen,Buy,32,759.390586,24300.5,4.871,Filled,closed
1656,2024-04-08T04:00:00Z,2024-04-08T20:00:00Z,CVX,MarketOnOpen,Sell,-173,145.656494,-25198.57,5.0279,Filled,closed
1657,2024-04-08T04:00:00Z,2024-04-08T20:00:00Z,ELV,MarketOnOpen,Buy,50,483.497325,24174.87,4.8813,Filled,closed
1658,2024-04-08T04:00:00Z,2024-04-08T20:00:00Z,JNJ,MarketOnOpen,Sell,-173,141.755328,-24523.67,4.8918,Filled,closed
1659,2024-04-08T04:00:00Z,2024-04-08T20:00:00Z,MDT,MarketOnOpen,Buy,318,77.657631,24695.13,4.8599,Filled,closed
1660,2024-04-08T04:00:00Z,2024-04-08T20:00:00Z,KLAC,MarketOnOpen,Sell,-363,67.549899,-24520.61,4.9217,Filled,closed
1661,2024-04-08T04:00:00Z,2024-04-08T20:00:00Z,REGN,MarketOnOpen,Sell,-26,930.380169,-24189.88,4.8345,Filled,closed
1662,2024-04-08T04:00:00Z,2024-04-08T20:00:00Z,RTX,MarketOnOpen,Buy,267,97.127139,25932.95,5.1963,Filled,closed
1663,2024-04-08T04:00:00Z,2024-04-08T20:00:00Z,TJX,MarketOnOpen,Buy,259,93.441102,24201.25,4.8282,Filled,closed
1664,2024-04-08T04:00:00Z,2024-04-08T20:00:00Z,TXN,MarketOnOpen,Sell,-155,156.456007,-24250.68,4.9037,Filled,closed
1665,2024-04-08T04:00:00Z,2024-04-08T20:00:00Z,AMZN,MarketOnOpen,Sell,-134,186.88,-25041.92,4.9631,Filled,
1666,2024-04-08T04:00:00Z,2024-04-08T20:00:00Z,LLY,MarketOnOpen,Sell,-32,771.783699,-24697.08,4.8908,Filled,
1667,2024-04-08T04:00:00Z,2024-04-08T20:00:00Z,XOM,MarketOnOpen,Sell,-222,111.721136,-24802.09,4.9399,Filled,
1668,2024-04-08T04:00:00Z,2024-04-08T20:00:00Z,TMO,MarketOnOpen,Buy,43,574.534848,24705.0,4.9363,Filled,
1669,2024-04-08T04:00:00Z,2024-04-08T20:00:00Z,CSCO,MarketOnOpen,Buy,543,45.561891,24740.11,4.9532,Filled,
1670,2024-04-08T04:00:00Z,2024-04-08T20:00:00Z,INTC,MarketOnOpen,Buy,650,38.231207,24850.28,4.8864,Filled,
1671,2024-04-08T04:00:00Z,2024-04-08T20:00:00Z,LOW,MarketOnOpen,Buy,109,226.84351,24725.94,5.0351,Filled,
1672,2024-04-08T04:00:00Z,2024-04-08T20:00:00Z,PLD,MarketOnOpen,Sell,-217,115.265887,-25012.7,5.0405,Filled,
1673,2024-04-08T04:00:00Z,2024-04-08T20:00:00Z,MRSH,MarketOnOpen,Buy,126,197.557144,24892.2,4.9503,Filled,
1674,2024-04-08T04:00:00Z,2024-04-08T20:00:00Z,SBUX,MarketOnOpen,Buy,305,81.469521,24848.2,4.9891,Filled,
1675,2024-04-08T04:00:00Z,2024-04-08T20:00:00Z,SPY,MarketOnOpen,Sell,-98,504.252622,-49416.76,9.8754,Filled,
1676,2024-04-09T04:00:00Z,2024-04-09T20:00:00Z,CSCO,MarketOnOpen,Sell,-543,46.176442,-25073.81,5.1349,Filled,closed
1677,2024-04-09T04:00:00Z,2024-04-09T20:00:00Z,IBM,MarketOnOpen,Buy,141,177.274218,24995.66,4.9671,Filled,closed
1678,2024-04-09T04:00:00Z,2024-04-09T20:00:00Z,LOW,MarketOnOpen,Sell,-109,232.108534,-25299.83,5.0724,Filled,closed
1679,2024-04-09T04:00:00Z,2024-04-09T20:00:00Z,MDLZ,MarketOnOpen,Sell,-392,63.416772,-24859.37,4.9668,Filled,closed
1680,2024-04-09T04:00:00Z,2024-04-09T20:00:00Z,MRSH,MarketOnOpen,Sell,-126,197.095562,-24834.04,4.9515,Filled,closed
1681,2024-04-09T04:00:00Z,2024-04-09T20:00:00Z,NFLX,MarketOnOpen,Sell,-391,63.199,-24710.81,4.8343,Filled,closed
1682,2024-04-09T04:00:00Z,2024-04-09T20:00:00Z,MRK,MarketOnOpen,Buy,213,117.08893,24939.94,4.9931,Filled,
1683,2024-04-09T04:00:00Z,2024-04-09T20:00:00Z,AMD,MarketOnOpen,Buy,147,170.13,25009.11,5.0209,Filled,
1684,2024-04-09T04:00:00Z,2024-04-09T20:00:00Z,VZ,MarketOnOpen,Sell,-704,35.437375,-24947.91,4.9628,Filled,
1685,2024-04-09T04:00:00Z,2024-04-09T20:00:00Z,TXN,MarketOnOpen,Buy,157,159.601743,25057.47,5.0842,Filled,
1686,2024-04-09T04:00:00Z,2024-04-09T20:00:00Z,SYK,MarketOnOpen,Sell,-72,343.651897,-24742.94,4.9458,Filled,
1687,2024-04-09T04:00:00Z,2024-04-09T20:00:00Z,ADP,MarketOnOpen,Buy,108,232.649552,25126.15,5.0598,Filled,
1688,2024-04-09T04:00:00Z,2024-04-09T20:00:00Z,KLAC,MarketOnOpen,Buy,368,68.693149,25279.08,5.0329,Filled,
1689,2024-04-10T04:00:00Z,2024-04-10T20:00:00Z,ADI,MarketOnOpen,Sell,-133,193.027877,-25672.71,5.0308,Filled,closed
1690,2024-04-10T04:00:00Z,2024-04-10T20:00:00Z,BX,MarketOnOpen,Sell,-214,118.32849,-25322.3,4.9862,Filled,closed
1691,2024-04-10T04:00:00Z,2024-04-10T20:00:00Z,CB,MarketOnOpen,Sell,-100,240.543729,-24054.37,4.8031,Filled,closed
1692,2024-04-10T04:00:00Z,2024-04-10T20:00:00Z,FISV,MarketOnOpen,Sell,-158,153.71,-24286.18,4.8594,Filled,closed
1693,2024-04-10T04:00:00Z,2024-04-10T20:00:00Z,LIN,MarketOnOpen,Sell,-55,438.263189,-24104.48,4.7948,Filled,closed
1694,2024-04-10T04:00:00Z,2024-04-10T20:00:00Z,LLY,MarketOnOpen,Buy,32,738.612593,23635.6,4.7944,Filled,closed
1695,2024-04-10T04:00:00Z,2024-04-10T20:00:00Z,MRK,MarketOnOpen,Sell,-213,116.34429,-24781.33,4.9947,Filled,closed
1696,2024-04-10T04:00:00Z,2024-04-10T20:00:00Z,ABNB,MarketOnOpen,Sell,-154,159.63,-24583.02,4.9366,Filled,closed
1697,2024-04-10T04:00:00Z,2024-04-10T20:00:00Z,UBER,MarketOnOpen,Sell,-320,74.4,-23808.0,4.7584,Filled,closed
1698,2024-04-10T04:00:00Z,2024-04-10T20:00:00Z,PLD,MarketOnOpen,Buy,217,112.108548,24327.55,4.8188,Filled,closed
1699,2024-04-10T04:00:00Z,2024-04-10T20:00:00Z,MAAS,MarketOnOpen,Sell,-47,529.86,-24903.42,4.9688,Filled,closed
1700,2024-04-10T04:00:00Z,2024-04-10T20:00:00Z,SBUX,MarketOnOpen,Sell,-305,80.972355,-24696.57,4.9181,Filled,closed
1701,2024-04-10T04:00:00Z,2024-04-10T20:00:00Z,SYK,MarketOnOpen,Buy,72,340.715621,24531.52,4.8953,Filled,closed
1702,2024-04-10T04:00:00Z,2024-04-10T20:00:00Z,TXN,MarketOnOpen,Sell,-157,158.56561,-24894.8,4.9511,Filled,closed
1703,2024-04-10T04:00:00Z,2024-04-10T20:00:00Z,V,MarketOnOpen,Sell,-91,270.286116,-24596.04,4.9024,Filled,closed
1704,2024-04-10T04:00:00Z,2024-04-10T20:00:00Z,VZ,MarketOnOpen,Buy,704,35.048997,24674.49,4.924,Filled,closed
1705,2024-04-10T04:00:00Z,2024-04-10T20:00:00Z,TSLA,MarketOnOpen,Buy,141,173.01,24394.41,4.8436,Filled,
1706,2024-04-10T04:00:00Z,2024-04-10T20:00:00Z,COST,MarketOnOpen,Buy,35,701.141487,24539.95,4.9879,Filled,
1707,2024-04-10T04:00:00Z,2024-04-10T20:00:00Z,ADBE,MarketOnOpen,Buy,50,489.49,24474.5,4.8722,Filled,
1708,2024-04-10T04:00:00Z,2024-04-10T20:00:00Z,GS,MarketOnOpen,Sell,-64,383.688499,-24556.06,4.8717,Filled,
1709,2024-04-10T04:00:00Z,2024-04-10T20:00:00Z,VRTX,MarketOnOpen,Buy,61,399.89,24393.29,4.8505,Filled,
1710,2024-04-10T04:00:00Z,2024-04-10T20:00:00Z,REGN,MarketOnOpen,Buy,26,926.278872,24083.25,4.8227,Filled,
1711,2024-04-10T04:00:00Z,2024-04-10T20:00:00Z,CI,MarketOnOpen,Buy,73,339.115943,24755.46,4.9732,Filled,
1712,2024-04-10T04:00:00Z,2024-04-10T20:00:00Z,AMT,MarketOnOpen,Buy,141,171.551773,24188.8,4.7026,Filled,
1713,2024-04-10T04:00:00Z,2024-04-10T20:00:00Z,SPY,MarketOnOpen,Buy,75,498.784074,37408.81,7.4906,Filled,
1714,2024-04-11T04:00:00Z,2024-04-11T20:00:00Z,AMT,MarketOnOpen,Sell,-141,168.515615,-23760.7,4.6583,Filled,closed
1715,2024-04-11T04:00:00Z,2024-04-11T20:00:00Z,C,MarketOnOpen,Buy,444,56.303219,24998.63,5.0296,Filled,closed
1716,2024-04-11T04:00:00Z,2024-04-11T20:00:00Z,CI,MarketOnOpen,Sell,-73,340.201114,-24834.68,4.907,Filled,closed
1717,2024-04-11T04:00:00Z,2024-04-11T20:00:00Z,COST,MarketOnOpen,Sell,-35,721.35724,-25247.5,5.0554,Filled,closed
1718,2024-04-11T04:00:00Z,2024-04-11T20:00:00Z,CRM,MarketOnOpen,Sell,-84,294.244009,-24716.5,4.938,Filled,closed
1719,2024-04-11T04:00:00Z,2024-04-11T20:00:00Z,CVS,MarketOnOpen,Sell,-373,64.550745,-24077.43,4.722,Filled,closed
1720,2024-04-11T04:00:00Z,2024-04-11T20:00:00Z,HD,MarketOnOpen,Sell,-73,329.165644,-24029.09,4.7556,Filled,closed
1721,2024-04-11T04:00:00Z,2024-04-11T20:00:00Z,PGR,MarketOnOpen,Buy,128,189.704295,24282.15,4.7625,Filled,closed
1722,2024-04-11T04:00:00Z,2024-04-11T20:00:00Z,TSLA,MarketOnOpen,Sell,-141,172.47,-24318.27,4.9237,Filled,closed
1723,2024-04-11T04:00:00Z,2024-04-11T20:00:00Z,V,MarketOnOpen,Buy,92,268.892585,24738.12,4.978,Filled,
1724,2024-04-11T04:00:00Z,2024-04-11T20:00:00Z,JNJ,MarketOnOpen,Buy,178,140.710746,25046.51,4.9402,Filled,
1725,2024-04-11T04:00:00Z,2024-04-11T20:00:00Z,IBM,MarketOnOpen,Sell,-144,173.096602,-24925.91,4.9814,Filled,
1726,2024-04-11T04:00:00Z,2024-04-11T20:00:00Z,ADI,MarketOnOpen,Buy,132,190.696669,25171.96,5.0517,Filled,
1727,2024-04-11T04:00:00Z,2024-04-11T20:00:00Z,BX,MarketOnOpen,Buy,214,116.887037,25013.83,5.0174,Filled,
1728,2024-04-11T04:00:00Z,2024-04-11T20:00:00Z,PANW,MarketOnOpen,Buy,177,141.35,25018.95,5.0226,Filled,
1729,2024-04-11T04:00:00Z,2024-04-11T20:00:00Z,FISV,MarketOnOpen,Buy,162,153.6,24883.2,4.9763,Filled,
1730,2024-04-11T04:00:00Z,2024-04-11T20:00:00Z,SPY,MarketOnOpen,Buy,46,500.882131,23040.58,4.6289,Filled,
1731,2024-04-12T04:00:00Z,2024-04-12T20:00:00Z,MU,MarketOnOpen,Buy,203,124.507378,25275.0,4.9389,Filled,closed
1732,2024-04-12T04:00:00Z,2024-04-12T20:00:00Z,ADBE,MarketOnOpen,Sell,-50,477.95,-23897.5,4.7409,Filled,closed
1733,2024-04-12T04:00:00Z,2024-04-12T20:00:00Z,DE,MarketOnOpen,Buy,62,398.955558,24735.24,4.7789,Filled,closed
1734,2024-04-12T04:00:00Z,2024-04-12T20:00:00Z,IBM,MarketOnOpen,Buy,144,171.198531,24652.59,4.8842,Filled,closed
1735,2024-04-12T04:00:00Z,2024-04-12T20:00:00Z,NOW,MarketOnOpen,Sell,-164,152.44,-25000.16,5.0427,Filled,closed
1736,2024-04-12T04:00:00Z,2024-04-12T20:00:00Z,T,MarketOnOpen,Buy,1676,14.74993,24720.88,4.914,Filled,closed
1737,2024-04-12T04:00:00Z,2024-04-12T20:00:00Z,V,MarketOnOpen,Sell,-92,270.413693,-24878.06,4.983,Filled,closed
1738,2024-04-12T04:00:00Z,2024-04-12T20:00:00Z,TSLA,MarketOnOpen,Buy,142,172.39,24479.38,4.8578,Filled,
1739,2024-04-12T04:00:00Z,2024-04-12T20:00:00Z,HD,MarketOnOpen,Buy,76,324.552224,24665.97,4.8869,Filled,
1740,2024-04-12T04:00:00Z,2024-04-12T20:00:00Z,LIN,MarketOnOpen,Buy,56,435.852436,24407.74,4.8515,Filled,
1741,2024-04-12T04:00:00Z,2024-04-12T20:00:00Z,VZ,MarketOnOpen,Sell,-717,34.677879,-24864.04,4.9159,Filled,
1742,2024-04-12T04:00:00Z,2024-04-12T20:00:00Z,UBER,MarketOnOpen,Buy,326,75.16,24502.16,4.9083,Filled,
1743,2024-04-12T04:00:00Z,2024-04-12T20:00:00Z,UNP,MarketOnOpen,Buy,111,222.165787,24660.4,4.9235,Filled,
1744,2024-04-12T04:00:00Z,2024-04-12T20:00:00Z,SPGI,MarketOnOpen,Sell,-63,388.705612,-24488.45,4.8811,Filled,
1745,2024-04-12T04:00:00Z,2024-04-12T20:00:00Z,PGR,MarketOnOpen,Sell,-133,191.617434,-25485.12,4.9886,Filled,
1746,2024-04-12T04:00:00Z,2024-04-12T20:00:00Z,BSX,MarketOnOpen,Buy,361,68.22,24627.42,4.9147,Filled,
1747,2024-04-12T04:00:00Z,2024-04-12T20:00:00Z,CB,MarketOnOpen,Buy,105,236.844546,24868.68,4.9987,Filled,
1748,2024-04-12T04:00:00Z,2024-04-12T20:00:00Z,CI,MarketOnOpen,Buy,74,334.86093,24779.71,4.9286,Filled,
1749,2024-04-12T04:00:00Z,2024-04-12T20:00:00Z,SPY,MarketOnOpen,Sell,-194,499.697117,-96941.24,19.2526,Filled,
1750,2024-04-15T04:00:00Z,2024-04-15T20:00:00Z,ADI,MarketOnOpen,Sell,-132,187.797109,-24789.22,4.8393,Filled,closed
1751,2024-04-15T04:00:00Z,2024-04-15T20:00:00Z,ADP,MarketOnOpen,Sell,-108,231.506449,-25002.7,4.9398,Filled,closed
1752,2024-04-15T04:00:00Z,2024-04-15T20:00:00Z,AMD,MarketOnOpen,Sell,-147,164.36,-24160.92,4.7134,Filled,closed
1753,2024-04-15T04:00:00Z,2024-04-15T20:00:00Z,SHOP,MarketOnOpen,Sell,-329,70.0,-23030.0,4.5119,Filled,closed
1754,2024-04-15T04:00:00Z,2024-04-15T20:00:00Z,INTC,MarketOnOpen,Sell,-650,35.648151,-23171.3,4.6716,Filled,closed
1755,2024-04-15T04:00:00Z,2024-04-15T20:00:00Z,JPM,MarketOnOpen,Sell,-132,176.180339,-23255.8,4.6081,Filled,closed
1756,2024-04-15T04:00:00Z,2024-04-15T20:00:00Z,PGR,MarketOnOpen,Buy,133,191.09316,25415.39,5.0545,Filled,closed
1757,2024-04-15T04:00:00Z,2024-04-15T20:00:00Z,REGN,MarketOnOpen,Sell,-26,906.812572,-23577.13,4.6288,Filled,closed
1758,2024-04-15T04:00:00Z,2024-04-15T20:00:00Z,SPGI,MarketOnOpen,Buy,63,390.198387,24582.5,4.7847,Filled,closed
1759,2024-04-15T04:00:00Z,2024-04-15T20:00:00Z,VZ,MarketOnOpen,Buy,717,34.617465,24820.72,4.9641,Filled,closed
1760,2024-04-15T04:00:00Z,2024-04-15T20:00:00Z,WFC,MarketOnOpen,Sell,-461,54.422727,-25088.88,4.962,Filled,closed
1761,2024-04-15T04:00:00Z,2024-04-15T20:00:00Z,V,MarketOnOpen,Buy,91,272.710075,24816.62,4.8453,Filled,
1762,2024-04-15T04:00:00Z,2024-04-15T20:00:00Z,COST,MarketOnOpen,Sell,-34,725.232748,-24657.91,4.8166,Filled,
1763,2024-04-15T04:00:00Z,2024-04-15T20:00:00Z,NFLX,MarketOnOpen,Buy,399,63.017,25143.78,4.8451,Filled,
1764,2024-04-15T04:00:00Z,2024-04-15T20:00:00Z,ADBE,MarketOnOpen,Buy,52,477.02,24805.04,4.889,Filled,
1765,2024-04-15T04:00:00Z,2024-04-15T20:00:00Z,TMUS,MarketOnOpen,Sell,-162,154.396109,-25012.17,4.9351,Filled,
1766,2024-04-15T04:00:00Z,2024-04-15T20:00:00Z,QCOM,MarketOnOpen,Sell,-152,165.420674,-25143.94,4.901,Filled,
1767,2024-04-15T04:00:00Z,2024-04-15T20:00:00Z,IBM,MarketOnOpen,Sell,-146,172.659301,-25208.26,4.9243,Filled,
1768,2024-04-15T04:00:00Z,2024-04-15T20:00:00Z,TXN,MarketOnOpen,Buy,160,157.090755,25134.52,4.969,Filled,
1769,2024-04-15T04:00:00Z,2024-04-15T20:00:00Z,MU,MarketOnOpen,Sell,-204,122.749977,-25041.0,4.9166,Filled,
1770,2024-04-15T04:00:00Z,2024-04-15T20:00:00Z,ABNB,MarketOnOpen,Buy,155,161.81,25080.55,4.8236,Filled,
1771,2024-04-15T04:00:00Z,2024-04-15T20:00:00Z,BMY,MarketOnOpen,Buy,573,43.41076,24874.37,4.9903,Filled,
1772,2024-04-15T04:00:00Z,2024-04-15T20:00:00Z,MRSH,MarketOnOpen,Buy,130,192.498973,25024.87,4.9335,Filled,
1773,2024-04-15T04:00:00Z,2024-04-15T20:00:00Z,SBUX,MarketOnOpen,Buy,312,80.09997,24991.19,4.9854,Filled,
1774,2024-04-15T04:00:00Z,2024-04-15T20:00:00Z,MDLZ,MarketOnOpen,Buy,399,62.800622,25057.45,4.9072,Filled,
1775,2024-04-15T04:00:00Z,2024-04-15T20:00:00Z,SPY,MarketOnOpen,Buy,78,500.260485,39020.32,7.6437,Filled,
1776,2024-04-16T20:00:00Z,2024-04-17T20:00:00Z,FISV,MarketOnOpen,Sell,-162,147.6,-23911.2,4.766,Filled,closed
1777,2024-04-16T20:00:00Z,2024-04-17T20:00:00Z,GS,MarketOnOpen,Buy,64,382.159481,24458.21,4.91,Filled,closed
1778,2024-04-16T20:00:00Z,2024-04-17T20:00:00Z,LIN,MarketOnOpen,Sell,-56,431.340747,-24155.08,4.8448,Filled,closed
1779,2024-04-16T20:00:00Z,2024-04-17T20:00:00Z,TSLA,MarketOnOpen,Sell,-142,157.62,-22382.04,4.4148,Filled,closed
1780,2024-04-16T20:00:00Z,2024-04-17T20:00:00Z,JPM,MarketOnOpen,Buy,144,173.326713,24959.05,4.9498,Filled,
1781,2024-04-16T20:00:00Z,2024-04-17T20:00:00Z,MRK,MarketOnOpen,Sell,-214,116.247163,-24876.89,4.9635,Filled,
1782,2024-04-16T20:00:00Z,2024-04-17T20:00:00Z,CRM,MarketOnOpen,Buy,91,272.893215,24833.28,4.9413,Filled,
1783,2024-04-16T20:00:00Z,2024-04-17T20:00:00Z,DIS,MarketOnOpen,Buy,224,110.890433,24839.46,4.9221,Filled,
1784,2024-04-16T20:00:00Z,2024-04-17T20:00:00Z,SPGI,MarketOnOpen,Sell,-65,381.436447,-24793.37,4.9674,Filled,
1785,2024-04-16T20:00:00Z,2024-04-17T20:00:00Z,SCCO,MarketOnOpen,Buy,250,101.329136,25332.28,4.9732,Filled,
1786,2024-04-16T20:00:00Z,2024-04-17T20:00:00Z,SPY,MarketOnOpen,Sell,-66,491.576857,-32444.07,6.4178,Filled,
1787,2024-04-17T20:00:00Z,,BKNG,MarketOnOpen,Buy,175,0.0,0.0,0.0,Canceled,closed
1788,2024-04-17T20:00:00Z,,COST,MarketOnOpen,Buy,34,0.0,0.0,0.0,Canceled,closed
1789,2024-04-17T20:00:00Z,,HD,MarketOnOpen,Sell,-76,0.0,0.0,0.0,Canceled,closed
1790,2024-04-17T20:00:00Z,,IBM,MarketOnOpen,Buy,146,0.0,0.0,0.0,Canceled,closed
1791,2024-04-17T20:00:00Z,2024-04-18T20:00:00Z,SCHW,MarketOnOpen,Buy,360,70.194657,25270.08,5.0819,Filled,closed
1792,2024-04-17T20:00:00Z,2024-04-18T20:00:00Z,TXN,MarketOnOpen,Sell,-160,152.787538,-24446.01,4.8889,Filled,closed
1793,2024-04-17T20:00:00Z,,UNP,MarketOnOpen,Sell,-111,0.0,0.0,0.0,Canceled,closed
1794,2024-04-17T20:00:00Z,,VRTX,MarketOnOpen,Sell,-61,0.0,0.0,0.0,Canceled,closed
1795,2024-04-17T20:00:00Z,2024-04-18T20:00:00Z,TSLA,MarketOnOpen,Buy,160,151.29,24206.4,4.7978,Filled,
1796,2024-04-17T20:00:00Z,2024-04-18T20:00:00Z,VZ,MarketOnOpen,Sell,-727,34.393069,-25003.76,5.0359,Filled,
1797,2024-04-17T20:00:00Z,2024-04-18T20:00:00Z,INTC,MarketOnOpen,Buy,706,35.054345,24748.37,4.8966,Filled,
1798,2024-04-17T20:00:00Z,2024-04-18T20:00:00Z,PFE,MarketOnOpen,Buy,1158,21.511612,24910.45,4.988,Filled,
1799,2024-04-17T20:00:00Z,2024-04-18T20:00:00Z,NEE,MarketOnOpen,Sell,-420,59.421907,-24957.2,5.0039,Filled,
1800,2024-04-17T20:00:00Z,2024-04-18T20:00:00Z,T,MarketOnOpen,Sell,-1723,14.498255,-24980.49,5.0565,Filled,
1801,2024-04-17T20:00:00Z,2024-04-18T20:00:00Z,ADP,MarketOnOpen,Buy,109,229.089067,24970.71,4.9429,Filled,
1802,2024-04-17T20:00:00Z,2024-04-18T20:00:00Z,REGN,MarketOnOpen,Buy,27,892.834481,24106.53,4.7824,Filled,
1803,2024-04-17T20:00:00Z,2024-04-18T20:00:00Z,SPY,MarketOnOpen,Sell,-111,487.594433,-54122.98,10.7713,Filled,
1804,2024-04-18T04:00:00Z,2024-04-18T20:00:00Z,MU,MarketOnOpen,Buy,204,115.174289,23495.55,4.5342,Filled,closed
1805,2024-04-18T04:00:00Z,2024-04-18T20:00:00Z,AMZN,MarketOnOpen,Buy,134,181.38,24304.92,4.8031,Filled,closed
1806,2024-04-18T04:00:00Z,2024-04-18T20:00:00Z,BKNG,MarketOnOpen,Buy,175,135.932461,23788.18,4.703,Filled,closed
1807,2024-04-18T04:00:00Z,2024-04-18T20:00:00Z,LRCX,MarketOnOpen,Buy,264,89.118078,23527.17,4.6003,Filled,closed
1808,2024-04-18T04:00:00Z,2024-04-18T20:00:00Z,COST,MarketOnOpen,Buy,34,705.27339,23979.3,4.7694,Filled,closed
1809,2024-04-18T04:00:00Z,2024-04-18T20:00:00Z,ETN,MarketOnOpen,Buy,83,304.407906,25265.86,4.9757,Filled,closed
1810,2024-04-18T04:00:00Z,2024-04-18T20:00:00Z,HD,MarketOnOpen,Sell,-76,314.734642,-23919.83,4.7446,Filled,closed
1811,2024-04-18T04:00:00Z,2024-04-18T20:00:00Z,IBM,MarketOnOpen,Buy,146,169.663327,24770.85,4.9303,Filled,closed
1812,2024-04-18T04:00:00Z,2024-04-18T20:00:00Z,JNJ,MarketOnOpen,Sell,-178,135.217366,-24068.69,4.839,Filled,closed
1813,2024-04-18T04:00:00Z,2024-04-18T20:00:00Z,PEP,MarketOnOpen,Sell,-161,154.982362,-24952.16,5.0541,Filled,closed
1814,2024-04-18T04:00:00Z,2024-04-18T20:00:00Z,KLAC,MarketOnOpen,Sell,-368,64.354686,-23682.52,4.6529,Filled,closed
1815,2024-04-18T04:00:00Z,2024-04-18T20:00:00Z,QCOM,MarketOnOpen,Buy,152,154.115457,23425.55,4.6586,Filled,closed
1816,2024-04-18T04:00:00Z,2024-04-18T20:00:00Z,SBUX,MarketOnOpen,Sell,-312,81.06616,-25292.64,5.1013,Filled,closed
1817,2024-04-18T04:00:00Z,2024-04-18T20:00:00Z,TMUS,MarketOnOpen,Buy,162,152.547168,24712.64,4.9669,Filled,closed
1818,2024-04-18T04:00:00Z,2024-04-18T20:00:00Z,UNP,MarketOnOpen,Sell,-111,218.296028,-24230.86,4.8271,Filled,closed
1819,2024-04-18T04:00:00Z,2024-04-18T20:00:00Z,UPS,MarketOnOpen,Buy,191,123.296429,23549.62,4.6987,Filled,closed
1820,2024-04-18T04:00:00Z,2024-04-18T20:00:00Z,V,MarketOnOpen,Sell,-91,267.489241,-24341.52,4.8469,Filled,closed
1821,2024-04-18T04:00:00Z,2024-04-18T20:00:00Z,VRTX,MarketOnOpen,Sell,-61,394.19,-24045.59,4.8005,Filled,closed
1822,2024-04-18T04:00:00Z,2024-04-18T20:00:00Z,GOOGL,MarketOnOpen,Sell,-162,153.816331,-24918.25,5.0071,Filled,
1823,2024-04-18T04:00:00Z,2024-04-18T20:00:00Z,UNH,MarketOnOpen,Sell,-55,459.881313,-25293.47,5.1321,Filled,
1824,2024-04-18T04:00:00Z,2024-04-18T20:00:00Z,AMD,MarketOnOpen,Buy,162,155.51,25192.62,5.0246,Filled,
1825,2024-04-18T04:00:00Z,2024-04-18T20:00:00Z,ABT,MarketOnOpen,Sell,-247,101.592214,-25093.28,4.9607,Filled,
1826,2024-04-18T04:00:00Z,2024-04-18T20:00:00Z,NKE,MarketOnOpen,Buy,280,89.37332,25024.53,5.0354,Filled,
1827,2024-04-18T04:00:00Z,2024-04-18T20:00:00Z,PM,MarketOnOpen,Sell,-300,83.225613,-24967.68,5.0161,Filled,
1828,2024-04-18T04:00:00Z,2024-04-18T20:00:00Z,RTX,MarketOnOpen,Sell,-259,96.009637,-24866.5,4.9827,Filled,
1829,2024-04-18T04:00:00Z,2024-04-18T20:00:00Z,GS,MarketOnOpen,Sell,-65,385.094056,-25031.11,4.9768,Filled,
1830,2024-04-18T04:00:00Z,2024-04-18T20:00:00Z,PLD,MarketOnOpen,Buy,254,97.536922,24774.38,4.8955,Filled,
1831,2024-04-18T04:00:00Z,2024-04-18T20:00:00Z,SHOP,MarketOnOpen,Buy,359,69.33,24889.47,4.9908,Filled,
1832,2024-04-18T04:00:00Z,2024-04-18T20:00:00Z,SPY,MarketOnOpen,Buy,42,487.594433,20478.97,4.0756,Filled,
1833,2024-04-19T04:00:00Z,2024-04-19T20:00:00Z,ABT,MarketOnOpen,Buy,247,101.096177,24970.76,5.0554,Filled,closed
1834,2024-04-19T04:00:00Z,2024-04-19T20:00:00Z,ADBE,MarketOnOpen,Sell,-52,475.83,-24743.16,4.8362,Filled,closed
1835,2024-04-19T04:00:00Z,2024-04-19T20:00:00Z,ADP,MarketOnOpen,Sell,-109,228.442558,-24900.24,4.9698,Filled,closed
1836,2024-04-19T04:00:00Z,2024-04-19T20:00:00Z,DIS,MarketOnOpen,Sell,-224,108.643443,-24336.13,4.9069,Filled,closed
1837,2024-04-19T04:00:00Z,2024-04-19T20:00:00Z,INTC,MarketOnOpen,Sell,-706,34.767339,-24545.74,4.7792,Filled,closed
1838,2024-04-19T04:00:00Z,2024-04-19T20:00:00Z,NKE,MarketOnOpen,Sell,-280,90.096497,-25227.02,4.9718,Filled,closed
1839,2024-04-19T04:00:00Z,2024-04-19T20:00:00Z,PFE,MarketOnOpen,Sell,-1158,21.545542,-24949.74,5.1078,Filled,closed
1840,2024-04-19T04:00:00Z,2024-04-19T20:00:00Z,PG,MarketOnOpen,Sell,-170,146.596089,-24921.34,5.064,Filled,closed
1841,2024-04-19T04:00:00Z,2024-04-19T20:00:00Z,PM,MarketOnOpen,Buy,300,83.913125,25173.94,5.1574,Filled,closed
1842,2024-04-19T04:00:00Z,2024-04-19T20:00:00Z,REGN,MarketOnOpen,Sell,-27,905.42566,-24446.49,4.7976,Filled,closed
1843,2024-04-19T04:00:00Z,2024-04-19T20:00:00Z,RTX,MarketOnOpen,Buy,259,96.974318,25116.35,5.0248,Filled,closed
1844,2024-04-19T04:00:00Z,2024-04-19T20:00:00Z,T,MarketOnOpen,Buy,1723,14.678023,25290.23,5.1138,Filled,closed
1845,2024-04-19T04:00:00Z,2024-04-19T20:00:00Z,VZ,MarketOnOpen,Buy,727,34.643357,25185.72,5.0811,Filled,closed
1846,2024-04-19T04:00:00Z,2024-04-19T20:00:00Z,XOM,MarketOnOpen,Buy,222,109.967562,24412.8,4.9129,Filled,closed
1847,2024-04-19T04:00:00Z,2024-04-19T20:00:00Z,META,MarketOnOpen,Sell,-50,496.952096,-24847.6,4.7701,Filled,
1848,2024-04-19T04:00:00Z,2024-04-19T20:00:00Z,WFC,MarketOnOpen,Buy,449,55.735825,25025.39,5.1196,Filled,
1849,2024-04-19T04:00:00Z,2024-04-19T20:00:00Z,MCD,MarketOnOpen,Buy,97,256.111466,24842.81,4.9656,Filled,
1850,2024-04-19T04:00:00Z,2024-04-19T20:00:00Z,TXN,MarketOnOpen,Buy,163,152.227466,24813.08,4.8592,Filled,
1851,2024-04-19T04:00:00Z,2024-04-19T20:00:00Z,NOW,MarketOnOpen,Buy,170,145.0,24650.0,4.8546,Filled,
1852,2024-04-19T04:00:00Z,2024-04-19T20:00:00Z,COP,MarketOnOpen,Buy,210,118.723632,24931.96,5.0346,Filled,
1853,2024-04-19T04:00:00Z,2024-04-19T20:00:00Z,AMGN,MarketOnOpen,Sell,-102,245.326335,-25023.29,5.0935,Filled,
1854,2024-04-19T04:00:00Z,2024-04-19T20:00:00Z,ISRG,MarketOnOpen,Sell,-66,385.27,-25427.82,4.8357,Filled,
1855,2024-04-19T04:00:00Z,2024-04-19T20:00:00Z,SCHW,MarketOnOpen,Sell,-353,71.036645,-25075.94,5.0166,Filled,
1856,2024-04-19T04:00:00Z,2024-04-19T20:00:00Z,SYK,MarketOnOpen,Sell,-77,323.362233,-24898.89,4.9052,Filled,
1857,2024-04-19T04:00:00Z,2024-04-19T20:00:00Z,VRTX,MarketOnOpen,Buy,63,394.72,24867.36,4.9679,Filled,
1858,2024-04-19T04:00:00Z,2024-04-19T20:00:00Z,ADI,MarketOnOpen,Buy,138,180.2255,24871.12,4.8751,Filled,
1859,2024-04-19T04:00:00Z,2024-04-19T20:00:00Z,SPY,MarketOnOpen,Buy,52,485.049567,25222.58,5.002,Filled,
1860,2024-04-22T04:00:00Z,2024-04-22T20:00:00Z,ABBV,MarketOnOpen,Sell,-159,155.589752,-24738.77,4.954,Filled,closed
1861,2024-04-22T04:00:00Z,2024-04-22T20:00:00Z,AMD,MarketOnOpen,Sell,-162,148.2,-24008.4,4.8159,Filled,closed
1862,2024-04-22T04:00:00Z,2024-04-22T20:00:00Z,BSX,MarketOnOpen,Sell,-361,67.63,-24414.43,4.911,Filled,closed
1863,2024-04-22T04:00:00Z,2024-04-22T20:00:00Z,CB,MarketOnOpen,Sell,-105,243.080865,-25523.49,5.1145,Filled,closed
1864,2024-04-22T04:00:00Z,2024-04-22T20:00:00Z,CRM,MarketOnOpen,Sell,-91,274.229482,-24954.88,4.8964,Filled,closed
1865,2024-04-22T04:00:00Z,2024-04-22T20:00:00Z,SCCO,MarketOnOpen,Sell,-250,95.047792,-23761.95,4.8604,Filled,closed
1866,2024-04-22T04:00:00Z,2024-04-22T20:00:00Z,JPM,MarketOnOpen,Sell,-144,178.07003,-25642.08,5.2062,Filled,closed
1867,2024-04-22T04:00:00Z,2024-04-22T20:00:00Z,MRSH,MarketOnOpen,Sell,-130,196.105084,-25493.66,5.0362,Filled,closed
1868,2024-04-22T04:00:00Z,2024-04-22T20:00:00Z,MRK,MarketOnOpen,Buy,214,117.209183,25082.77,5.0257,Filled,closed
1869,2024-04-22T04:00:00Z,2024-04-22T20:00:00Z,NOW,MarketOnOpen,Sell,-170,144.65,-24590.5,4.9093,Filled,closed
1870,2024-04-22T04:00:00Z,2024-04-22T20:00:00Z,UBER,MarketOnOpen,Sell,-326,70.48,-22976.48,4.4975,Filled,closed
1871,2024-04-22T04:00:00Z,2024-04-22T20:00:00Z,PLD,MarketOnOpen,Sell,-254,95.327705,-24213.24,4.867,Filled,closed
1872,2024-04-22T04:00:00Z,2024-04-22T20:00:00Z,TSLA,MarketOnOpen,Sell,-160,140.6,-22496.0,4.5456,Filled,closed
1873,2024-04-22T04:00:00Z,2024-04-22T20:00:00Z,WFC,MarketOnOpen,Sell,-449,57.03003,-25606.48,5.1832,Filled,closed
1874,2024-04-22T04:00:00Z,2024-04-22T20:00:00Z,WMT,MarketOnOpen,Buy,429,58.126885,24936.43,5.0359,Filled,
1875,2024-04-22T04:00:00Z,2024-04-22T20:00:00Z,XOM,MarketOnOpen,Buy,225,110.069085,24765.54,5.0075,Filled,
1876,2024-04-22T04:00:00Z,2024-04-22T20:00:00Z,ORCL,MarketOnOpen,Sell,-224,112.645319,-25232.55,4.9787,Filled,
1877,2024-04-22T04:00:00Z,2024-04-22T20:00:00Z,KO,MarketOnOpen,Buy,445,56.105888,24967.12,5.0225,Filled,
1878,2024-04-22T04:00:00Z,2024-04-22T20:00:00Z,ADBE,MarketOnOpen,Buy,53,471.0,24963.0,4.949,Filled,
1879,2024-04-22T04:00:00Z,2024-04-22T20:00:00Z,ABT,MarketOnOpen,Sell,-244,102.527053,-25016.6,4.9842,Filled,
1880,2024-04-22T04:00:00Z,2024-04-22T20:00:00Z,AXP,MarketOnOpen,Sell,-224,226.435246,-50721.5,10.1867,Filled,
1881,2024-04-22T04:00:00Z,2024-04-22T20:00:00Z,AMAT,MarketOnOpen,Buy,134,188.057147,25199.66,4.979,Filled,
1882,2024-04-22T04:00:00Z,2024-04-22T20:00:00Z,MS,MarketOnOpen,Buy,295,84.951092,25060.57,5.066,Filled,
1883,2024-04-22T04:00:00Z,2024-04-22T20:00:00Z,PFE,MarketOnOpen,Buy,1132,22.054492,24965.69,5.0431,Filled,
1884,2024-04-22T04:00:00Z,2024-04-22T20:00:00Z,PM,MarketOnOpen,Buy,290,85.71899,24858.51,5.0009,Filled,
1885,2024-04-22T04:00:00Z,2024-04-22T20:00:00Z,INTC,MarketOnOpen,Sell,-737,34.034978,-25083.78,5.0197,Filled,
1886,2024-04-22T04:00:00Z,2024-04-22T20:00:00Z,UNP,MarketOnOpen,Sell,-113,220.443791,-24910.15,5.0137,Filled,
1887,2024-04-22T04:00:00Z,2024-04-22T20:00:00Z,DE,MarketOnOpen,Buy,64,386.92626,24763.28,4.9621,Filled,
1888,2024-04-22T04:00:00Z,2024-04-22T20:00:00Z,LRCX,MarketOnOpen,Buy,292,85.90025,25082.87,4.9689,Filled,
1889,2024-04-22T04:00:00Z,2024-04-22T20:00:00Z,SPY,MarketOnOpen,Buy,481,483.602295,232612.7,46.6945,Filled,
1890,2024-04-23T04:00:00Z,2024-04-23T20:00:00Z,AMGN,MarketOnOpen,Buy,102,252.660872,25771.41,5.1808,Filled,closed
1891,2024-04-23T04:00:00Z,2024-04-23T20:00:00Z,BX,MarketOnOpen,Sell,-214,113.283405,-24242.65,4.9162,Filled,closed
1892,2024-04-23T04:00:00Z,2024-04-23T20:00:00Z,AXP,MarketOnOpen,Buy,110,229.333633,25226.7,5.1304,Filled,closed
1893,2024-04-23T04:00:00Z,2024-04-23T20:00:00Z,LRCX,MarketOnOpen,Sell,-292,86.057073,-25128.67,5.0797,Filled,closed
1894,2024-04-23T04:00:00Z,2024-04-23T20:00:00Z,SHOP,MarketOnOpen,Sell,-359,71.42,-25639.78,5.3139,Filled,closed
1895,2024-04-23T04:00:00Z,2024-04-23T20:00:00Z,CI,MarketOnOpen,Sell,-74,336.974158,-24936.09,4.9682,Filled,closed
1896,2024-04-23T04:00:00Z,2024-04-23T20:00:00Z,DE,MarketOnOpen,Sell,-64,388.885871,-24888.7,4.9323,Filled,closed
1897,2024-04-23T04:00:00Z,2024-04-23T20:00:00Z,GS,MarketOnOpen,Buy,65,396.699396,25785.46,5.2347,Filled,closed
1898,2024-04-23T04:00:00Z,2024-04-23T20:00:00Z,INTC,MarketOnOpen,Buy,737,33.985494,25047.31,5.0007,Filled,closed
1899,2024-04-23T04:00:00Z,2024-04-23T20:00:00Z,KO,MarketOnOpen,Sell,-445,56.413445,-25103.98,5.0299,Filled,closed
1900,2024-04-23T04:00:00Z,2024-04-23T20:00:00Z,MCD,MarketOnOpen,Sell,-97,260.336858,-25252.68,5.0549,Filled,closed
1901,2024-04-23T04:00:00Z,2024-04-23T20:00:00Z,META,MarketOnOpen,Buy,50,487.105864,24355.29,4.9191,Filled,closed
1902,2024-04-23T04:00:00Z,2024-04-23T20:00:00Z,NEE,MarketOnOpen,Buy,420,60.845799,25555.24,5.1752,Filled,closed
1903,2024-04-23T04:00:00Z,2024-04-23T20:00:00Z,ORCL,MarketOnOpen,Buy,224,111.878761,25060.84,5.003,Filled,closed
1904,2024-04-23T04:00:00Z,2024-04-23T20:00:00Z,PM,MarketOnOpen,Sell,-290,86.525671,-25092.44,5.1923,Filled,closed
1905,2024-04-23T04:00:00Z,2024-04-23T20:00:00Z,UNH,MarketOnOpen,Buy,55,464.488357,25546.86,5.0592,Filled,closed
1906,2024-04-23T04:00:00Z,2024-04-23T20:00:00Z,PANW,MarketOnOpen,Sell,-177,141.885,-25113.65,5.1948,Filled,closed
1907,2024-04-23T04:00:00Z,2024-04-23T20:00:00Z,VRTX,MarketOnOpen,Sell,-63,404.0,-25452.0,5.1019,Filled,closed
1908,2024-04-23T04:00:00Z,2024-04-23T20:00:00Z,TSLA,MarketOnOpen,Sell,-175,143.22,-25063.5,5.0638,Filled,
1909,2024-04-23T04:00:00Z,2024-04-23T20:00:00Z,CRM,MarketOnOpen,Buy,92,270.151903,24853.98,5.0021,Filled,
1910,2024-04-23T04:00:00Z,2024-04-23T20:00:00Z,ACN,MarketOnOpen,Buy,83,301.340744,25011.28,4.9763,Filled,
1911,2024-04-23T04:00:00Z,2024-04-23T20:00:00Z,NOW,MarketOnOpen,Buy,172,145.44,25015.68,5.0977,Filled,
1912,2024-04-23T04:00:00Z,2024-04-23T20:00:00Z,UBER,MarketOnOpen,Sell,-362,70.23,-25423.26,5.1259,Filled,
1913,2024-04-23T04:00:00Z,2024-04-23T20:00:00Z,NKE,MarketOnOpen,Sell,-282,88.424739,-24935.78,4.9803,Filled,
1914,2024-04-23T04:00:00Z,2024-04-23T20:00:00Z,LOW,MarketOnOpen,Sell,-113,221.202665,-24995.9,5.0496,Filled,
1915,2024-04-23T04:00:00Z,2024-04-23T20:00:00Z,RTX,MarketOnOpen,Sell,-257,96.4681,-24792.3,4.9771,Filled,
1916,2024-04-23T04:00:00Z,2024-04-23T20:00:00Z,C,MarketOnOpen,Buy,439,56.984268,25016.09,5.1335,Filled,
1917,2024-04-23T04:00:00Z,2024-04-23T20:00:00Z,MU,MarketOnOpen,Buy,230,108.929062,25053.68,5.1363,Filled,
1918,2024-04-23T04:00:00Z,2024-04-23T20:00:00Z,BSX,MarketOnOpen,Buy,367,68.32,25073.44,5.0639,Filled,
1919,2024-04-23T04:00:00Z,2024-04-23T20:00:00Z,CVS,MarketOnOpen,Buy,391,63.984018,25017.75,4.909,Filled,
1920,2024-04-23T04:00:00Z,2024-04-23T20:00:00Z,SPY,MarketOnOpen,Sell,-86,487.409881,-41917.25,8.4478,Filled,
1921,2024-04-24T20:00:00Z,,ADI,MarketOnOpen,Sell,-138,0.0,0.0,0.0,Canceled,closed
1922,2024-04-24T20:00:00Z,,BMY,MarketOnOpen,Sell,-573,0.0,0.0,0.0,Canceled,closed
1923,2024-04-24T20:00:00Z,,BSX,MarketOnOpen,Sell,-367,0.0,0.0,0.0,Canceled,closed
1924,2024-04-24T20:00:00Z,,CVS,MarketOnOpen,Sell,-391,0.0,0.0,0.0,Canceled,closed
1925,2024-04-24T20:00:00Z,2024-04-25T20:00:00Z,LOW,MarketOnOpen,Buy,113,217.892708,24621.88,4.9717,Filled,closed
1926,2024-04-24T20:00:00Z,,MDLZ,MarketOnOpen,Sell,-399,0.0,0.0,0.0,Canceled,closed
1927,2024-04-24T20:00:00Z,2024-04-25T20:00:00Z,ABNB,MarketOnOpen,Sell,-155,161.51,-25034.05,5.0533,Filled,closed
1928,2024-04-24T20:00:00Z,,NFLX,MarketOnOpen,Sell,-399,0.0,0.0,0.0,Canceled,closed
1929,2024-04-24T20:00:00Z,2024-04-25T20:00:00Z,UBER,MarketOnOpen,Buy,362,67.86,24565.32,5.018,Filled,closed
1930,2024-04-24T20:00:00Z,,PFE,MarketOnOpen,Sell,-1132,0.0,0.0,0.0,Canceled,closed
1931,2024-04-24T20:00:00Z,,TMO,MarketOnOpen,Sell,-43,0.0,0.0,0.0,Canceled,closed
1932,2024-04-24T20:00:00Z,,TSLA,MarketOnOpen,Buy,175,0.0,0.0,0.0,Canceled,closed
1933,2024-04-24T20:00:00Z,2024-04-25T20:00:00Z,UNH,MarketOnOpen,Sell,-54,462.558507,-24978.16,5.0457,Filled,
1934,2024-04-24T20:00:00Z,2024-04-25T20:00:00Z,AMD,MarketOnOpen,Buy,165,149.12,24604.8,5.0741,Filled,
1935,2024-04-24T20:00:00Z,2024-04-25T20:00:00Z,LIN,MarketOnOpen,Buy,58,428.620179,24859.97,4.986,Filled,
1936,2024-04-24T20:00:00Z,2024-04-25T20:00:00Z,DHR,MarketOnOpen,Sell,-101,246.534076,-24899.94,4.8977,Filled,
1937,2024-04-24T20:00:00Z,2024-04-25T20:00:00Z,PM,MarketOnOpen,Buy,276,91.374922,25219.48,4.8622,Filled,
1938,2024-04-24T20:00:00Z,2024-04-25T20:00:00Z,INTC,MarketOnOpen,Sell,-734,34.223017,-25119.69,5.1009,Filled,
1939,2024-04-24T20:00:00Z,2024-04-25T20:00:00Z,NEE,MarketOnOpen,Sell,-404,61.469333,-24833.61,5.0306,Filled,
1940,2024-04-24T20:00:00Z,2024-04-25T20:00:00Z,UPS,MarketOnOpen,Sell,-198,127.493057,-25243.63,5.0317,Filled,
1941,2024-04-24T20:00:00Z,2024-04-25T20:00:00Z,VRTX,MarketOnOpen,Buy,62,402.44,24951.28,4.9315,Filled,
1942,2024-04-24T20:00:00Z,2024-04-25T20:00:00Z,MRSH,MarketOnOpen,Buy,129,192.941323,24889.43,4.9985,Filled,
1943,2024-04-24T20:00:00Z,2024-04-25T20:00:00Z,CI,MarketOnOpen,Buy,74,335.603415,24834.65,4.9944,Filled,
1944,2024-04-24T20:00:00Z,2024-04-25T20:00:00Z,SPY,MarketOnOpen,Buy,247,484.884442,119766.46,24.1591,Filled,
1945,2024-04-25T04:00:00Z,2024-04-25T20:00:00Z,MU,MarketOnOpen,Sell,-230,108.561696,-24969.19,5.0961,Filled,closed
1946,2024-04-25T04:00:00Z,2024-04-25T20:00:00Z,ABT,MarketOnOpen,Buy,244,101.926085,24869.96,4.9745,Filled,closed
1947,2024-04-25T04:00:00Z,2024-04-25T20:00:00Z,ACN,MarketOnOpen,Sell,-83,292.550693,-24281.71,4.8534,Filled,closed
1948,2024-04-25T04:00:00Z,2024-04-25T20:00:00Z,ADI,MarketOnOpen,Sell,-138,190.600339,-26302.85,5.2627,Filled,closed
1949,2024-04-25T04:00:00Z,2024-04-25T20:00:00Z,AMAT,MarketOnOpen,Sell,-134,192.469793,-25790.95,5.1903,Filled,closed
1950,2024-04-25T04:00:00Z,2024-04-25T20:00:00Z,BMY,MarketOnOpen,Sell,-573,42.540032,-24375.44,4.5984,Filled,closed
1951,2024-04-25T04:00:00Z,2024-04-25T20:00:00Z,BSX,MarketOnOpen,Sell,-367,73.13,-26838.71,5.3773,Filled,closed
1952,2024-04-25T04:00:00Z,2024-04-25T20:00:00Z,C,MarketOnOpen,Sell,-439,57.693306,-25327.36,5.0614,Filled,closed
1953,2024-04-25T04:00:00Z,2024-04-25T20:00:00Z,CRM,MarketOnOpen,Sell,-92,266.860363,-24551.15,4.9381,Filled,closed
1954,2024-04-25T04:00:00Z,2024-04-25T20:00:00Z,CVS,MarketOnOpen,Sell,-391,61.857938,-24186.45,4.8251,Filled,closed
1955,2024-04-25T04:00:00Z,2024-04-25T20:00:00Z,MDLZ,MarketOnOpen,Sell,-399,66.553535,-26554.86,5.2745,Filled,closed
1956,2024-04-25T04:00:00Z,2024-04-25T20:00:00Z,NFLX,MarketOnOpen,Sell,-399,54.946,-21923.45,4.5071,Filled,closed
1957,2024-04-25T04:00:00Z,2024-04-25T20:00:00Z,PFE,MarketOnOpen,Sell,-1132,22.28352,-25224.94,4.8529,Filled,closed
1958,2024-04-25T04:00:00Z,2024-04-25T20:00:00Z,TMO,MarketOnOpen,Sell,-43,572.601055,-24621.85,4.876,Filled,closed
1959,2024-04-25T04:00:00Z,2024-04-25T20:00:00Z,TSLA,MarketOnOpen,Buy,175,159.0,27825.0,5.9563,Filled,closed
1960,2024-04-25T04:00:00Z,2024-04-25T20:00:00Z,WMT,MarketOnOpen,Sell,-429,58.605095,-25141.59,5.0417,Filled,closed
1961,2024-04-25T04:00:00Z,2024-04-25T20:00:00Z,XOM,MarketOnOpen,Sell,-225,111.702678,-25133.1,5.0399,Filled,closed
1962,2024-04-25T04:00:00Z,2024-04-25T20:00:00Z,KO,MarketOnOpen,Buy,437,57.643674,25190.29,5.0291,Filled,
1963,2024-04-25T04:00:00Z,2024-04-25T20:00:00Z,PEP,MarketOnOpen,Buy,155,162.435365,25177.48,4.9903,Filled,
1964,2024-04-25T04:00:00Z,2024-04-25T20:00:00Z,QCOM,MarketOnOpen,Sell,-161,155.748116,-25075.45,4.9912,Filled,
1965,2024-04-25T04:00:00Z,2024-04-25T20:00:00Z,ETN,MarketOnOpen,Sell,-81,304.698973,-24680.62,4.9841,Filled,
1966,2024-04-25T04:00:00Z,2024-04-25T20:00:00Z,BKNG,MarketOnOpen,Sell,-182,137.997695,-25115.58,4.9943,Filled,
1967,2024-04-25T04:00:00Z,2024-04-25T20:00:00Z,SBUX,MarketOnOpen,Buy,301,84.002252,25284.68,4.9604,Filled,
1968,2024-04-25T04:00:00Z,2024-04-25T20:00:00Z,SPY,MarketOnOpen,Buy,301,484.884442,145950.22,29.4409,Filled,
1969,2024-04-26T04:00:00Z,2024-04-26T20:00:00Z,ADBE,MarketOnOpen,Sell,-53,472.31,-25032.43,5.0621,Filled,closed
1970,2024-04-26T04:00:00Z,2024-04-26T20:00:00Z,BKNG,MarketOnOpen,Buy,182,136.489902,24841.16,5.0208,Filled,closed
1971,2024-04-26T04:00:00Z,2024-04-26T20:00:00Z,INTC,MarketOnOpen,Buy,734,31.382645,23034.86,4.6317,Filled,closed
1972,2024-04-26T04:00:00Z,2024-04-26T20:00:00Z,LIN,MarketOnOpen,Sell,-58,425.473614,-24677.47,4.9769,Filled,closed
1973,2024-04-26T04:00:00Z,2024-04-26T20:00:00Z,MRSH,MarketOnOpen,Sell,-129,192.883625,-24881.99,4.9111,Filled,closed
1974,2024-04-26T04:00:00Z,2024-04-26T20:00:00Z,NOW,MarketOnOpen,Sell,-172,144.752,-24897.34,4.978,Filled,closed
1975,2024-04-26T04:00:00Z,2024-04-26T20:00:00Z,QCOM,MarketOnOpen,Buy,161,154.628036,24895.11,5.0634,Filled,closed
1976,2024-04-26T04:00:00Z,2024-04-26T20:00:00Z,TXN,MarketOnOpen,Sell,-163,163.587586,-26664.78,5.4008,Filled,closed
1977,2024-04-26T04:00:00Z,2024-04-26T20:00:00Z,VRTX,MarketOnOpen,Sell,-62,393.52,-24398.24,4.9288,Filled,closed
1978,2024-04-26T04:00:00Z,2024-04-26T20:00:00Z,MSFT,MarketOnOpen,Buy,63,404.428451,25478.99,5.0219,Filled,
1979,2024-04-26T04:00:00Z,2024-04-26T20:00:00Z,META,MarketOnOpen,Buy,57,437.815213,24955.47,5.0109,Filled,
1980,2024-04-26T04:00:00Z,2024-04-26T20:00:00Z,WFC,MarketOnOpen,Buy,442,56.453778,24952.57,5.003,Filled,
1981,2024-04-26T04:00:00Z,2024-04-26T20:00:00Z,UNP,MarketOnOpen,Buy,221,230.766302,50999.35,10.1535,Filled,
1982,2024-04-26T04:00:00Z,2024-04-26T20:00:00Z,AMGN,MarketOnOpen,Sell,-100,247.433854,-24743.39,5.0131,Filled,
1983,2024-04-26T04:00:00Z,2024-04-26T20:00:00Z,PFE,MarketOnOpen,Sell,-1168,21.4692,-25076.03,5.0291,Filled,
1984,2024-04-26T04:00:00Z,2024-04-26T20:00:00Z,GS,MarketOnOpen,Sell,-62,399.092641,-24743.74,5.0352,Filled,
1985,2024-04-26T04:00:00Z,2024-04-26T20:00:00Z,LOW,MarketOnOpen,Sell,-113,220.026004,-24862.94,4.9698,Filled,
1986,2024-04-26T04:00:00Z,2024-04-26T20:00:00Z,ELV,MarketOnOpen,Sell,-48,513.416808,-24644.01,4.9365,Filled,
1987,2024-04-26T04:00:00Z,2024-04-26T20:00:00Z,PGR,MarketOnOpen,Sell,-129,192.233686,-24798.15,4.9366,Filled,
1988,2024-04-26T04:00:00Z,2024-04-26T20:00:00Z,LRCX,MarketOnOpen,Sell,-283,88.056577,-24920.01,5.1336,Filled,
1989,2024-04-26T04:00:00Z,2024-04-26T20:00:00Z,ABNB,MarketOnOpen,Buy,153,162.85,24916.05,5.0254,Filled,
1990,2024-04-26T04:00:00Z,2024-04-26T20:00:00Z,ADI,MarketOnOpen,Buy,131,189.829691,24867.69,5.0975,Filled,
1991,2024-04-26T04:00:00Z,2024-04-26T20:00:00Z,PLD,MarketOnOpen,Buy,263,95.208039,25039.71,5.0384,Filled,
1992,2024-04-26T04:00:00Z,2024-04-26T20:00:00Z,SPY,MarketOnOpen,Sell,-97,491.907107,-47714.99,9.5775,Filled,
1993,2024-04-29T04:00:00Z,2024-04-29T20:00:00Z,AMGN,MarketOnOpen,Buy,100,249.912742,24991.27,5.1319,Filled,closed
1994,2024-04-29T04:00:00Z,2024-04-29T20:00:00Z,DHR,MarketOnOpen,Buy,101,242.904078,24533.31,4.918,Filled,closed
1995,2024-04-29T04:00:00Z,2024-04-29T20:00:00Z,GS,MarketOnOpen,Buy,62,406.063443,25175.93,5.0733,Filled,closed
1996,2024-04-29T04:00:00Z,2024-04-29T20:00:00Z,LOW,MarketOnOpen,Buy,113,220.03557,24864.02,4.9929,Filled,closed
1997,2024-04-29T04:00:00Z,2024-04-29T20:00:00Z,ABNB,MarketOnOpen,Sell,-153,164.75,-25206.75,4.9649,Filled,closed
1998,2024-04-29T04:00:00Z,2024-04-29T20:00:00Z,NEE,MarketOnOpen,Buy,404,62.372062,25198.31,5.0697,Filled,closed
1999,2024-04-29T04:00:00Z,2024-04-29T20:00:00Z,NKE,MarketOnOpen,Buy,282,88.697104,25012.58,4.9824,Filled,closed
2000,2024-04-29T04:00:00Z,2024-04-29T20:00:00Z,PGR,MarketOnOpen,Buy,129,191.139149,24656.95,4.9043,Filled,closed
2001,2024-04-29T04:00:00Z,2024-04-29T20:00:00Z,WFC,MarketOnOpen,Sell,-442,56.501012,-24973.45,4.9939,Filled,closed
2002,2024-04-29T04:00:00Z,2024-04-29T20:00:00Z,ORCL,MarketOnOpen,Sell,-220,113.518614,-24974.1,4.9735,Filled,
2003,2024-04-29T04:00:00Z,2024-04-29T20:00:00Z,LIN,MarketOnOpen,Buy,58,430.885705,24991.37,4.9989,Filled,
2004,2024-04-29T04:00:00Z,2024-04-29T20:00:00Z,ACN,MarketOnOpen,Buy,85,290.53532,24695.5,4.8764,Filled,
2005,2024-04-29T04:00:00Z,2024-04-29T20:00:00Z,IBM,MarketOnOpen,Buy,160,155.799968,24927.99,4.985,Filled,
2006,2024-04-29T04:00:00Z,2024-04-29T20:00:00Z,INTC,MarketOnOpen,Sell,-793,31.540993,-25012.01,4.9224,Filled,
2007,2024-04-29T04:00:00Z,2024-04-29T20:00:00Z,C,MarketOnOpen,Sell,-428,58.532957,-25052.11,4.9721,Filled,
2008,2024-04-29T04:00:00Z,2024-04-29T20:00:00Z,ADP,MarketOnOpen,Buy,109,228.667431,24924.75,4.9829,Filled,
2009,2024-04-29T04:00:00Z,2024-04-29T20:00:00Z,CB,MarketOnOpen,Buy,105,237.803235,24969.34,5.0681,Filled,
2010,2024-04-29T04:00:00Z,2024-04-29T20:00:00Z,MRSH,MarketOnOpen,Buy,131,190.421854,24945.26,5.0006,Filled,
2011,2024-04-29T04:00:00Z,2024-04-29T20:00:00Z,REGN,MarketOnOpen,Buy,28,874.943316,24498.41,4.9512,Filled,
2012,2024-04-29T04:00:00Z,2024-04-29T20:00:00Z,SPY,MarketOnOpen,Sell,-398,495.442723,-197186.2,39.4365,Filled,
2013,2024-04-30T20:00:00Z,2024-05-01T20:00:00Z,ACN,MarketOnOpen,Sell,-85,283.978264,-24138.15,4.804,Filled,closed
2014,2024-04-30T20:00:00Z,2024-05-01T20:00:00Z,ADI,MarketOnOpen,Sell,-131,189.829691,-24867.69,4.8935,Filled,closed
2015,2024-04-30T20:00:00Z,2024-05-01T20:00:00Z,LRCX,MarketOnOpen,Buy,283,86.554989,24495.06,4.8159,Filled,closed
2016,2024-04-30T20:00:00Z,2024-05-01T20:00:00Z,LIN,MarketOnOpen,Sell,-58,428.95904,-24879.62,4.9642,Filled,closed
2017,2024-04-30T20:00:00Z,2024-05-01T20:00:00Z,PFE,MarketOnOpen,Buy,1168,22.334415,26086.6,5.3857,Filled,closed
2018,2024-04-30T20:00:00Z,2024-05-01T20:00:00Z,RTX,MarketOnOpen,Buy,257,96.773741,24870.85,4.9693,Filled,closed
2019,2024-04-30T20:00:00Z,2024-05-01T20:00:00Z,UNP,MarketOnOpen,Sell,-108,223.093015,-24094.05,4.8018,Filled,closed
2020,2024-04-30T20:00:00Z,2024-05-01T20:00:00Z,AVGO,MarketOnOpen,Sell,-197,124.848751,-24595.2,4.7826,Filled,
2021,2024-04-30T20:00:00Z,2024-05-01T20:00:00Z,WFC,MarketOnOpen,Buy,448,56.293183,25219.35,5.0379,Filled,
2022,2024-04-30T20:00:00Z,2024-05-01T20:00:00Z,MCD,MarketOnOpen,Buy,97,254.972774,24732.36,5.0102,Filled,
2023,2024-04-30T20:00:00Z,2024-05-01T20:00:00Z,MAAS,MarketOnOpen,Buy,47,476.4,22390.8,4.9915,Filled,
2024,2024-04-30T20:00:00Z,2024-05-01T20:00:00Z,TMUS,MarketOnOpen,Buy,160,156.778765,25084.6,5.0465,Filled,
2025,2024-04-30T20:00:00Z,2024-05-01T20:00:00Z,AMGN,MarketOnOpen,Buy,98,254.554854,24946.38,5.0473,Filled,
2026,2024-04-30T20:00:00Z,2024-05-01T20:00:00Z,NEE,MarketOnOpen,Sell,-403,62.232465,-25079.68,5.1465,Filled,
2027,2024-04-30T20:00:00Z,2024-05-01T20:00:00Z,LOW,MarketOnOpen,Sell,-115,217.682249,-25033.46,5.006,Filled,
2028,2024-04-30T20:00:00Z,2024-05-01T20:00:00Z,PGR,MarketOnOpen,Sell,-131,192.38085,-25201.89,5.104,Filled,
2029,2024-04-30T20:00:00Z,2024-05-01T20:00:00Z,VRTX,MarketOnOpen,Buy,64,392.81,25139.84,5.1474,Filled,
2030,2024-04-30T20:00:00Z,2024-05-01T20:00:00Z,SPY,MarketOnOpen,Buy,66,486.95336,32138.92,6.4152,Filled,
2031,2024-05-01T20:00:00Z,2024-05-02T20:00:00Z,AMD,MarketOnOpen,Sell,-165,145.73,-24045.45,4.8233,Filled,closed
2032,2024-05-01T20:00:00Z,2024-05-02T20:00:00Z,AVGO,MarketOnOpen,Buy,197,122.695227,24170.96,4.766,Filled,closed
2033,2024-05-01T20:00:00Z,2024-05-02T20:00:00Z,ELV,MarketOnOpen,Buy,48,505.09946,24244.77,4.8295,Filled,closed
2034,2024-05-01T20:00:00Z,2024-05-02T20:00:00Z,GOOGL,MarketOnOpen,Buy,162,163.177255,26434.72,5.3476,Filled,closed
2035,2024-05-01T20:00:00Z,2024-05-02T20:00:00Z,ISRG,MarketOnOpen,Buy,66,374.13,24692.58,4.985,Filled,closed
2036,2024-05-01T20:00:00Z,2024-05-02T20:00:00Z,ORCL,MarketOnOpen,Buy,220,111.888464,24615.46,4.9081,Filled,closed
2037,2024-05-01T20:00:00Z,2024-05-02T20:00:00Z,PGR,MarketOnOpen,Buy,131,194.763076,25513.96,5.0372,Filled,closed
2038,2024-05-01T20:00:00Z,2024-05-02T20:00:00Z,PLD,MarketOnOpen,Sell,-263,95.051553,-24998.56,5.0612,Filled,closed
2039,2024-05-01T20:00:00Z,2024-05-02T20:00:00Z,REGN,MarketOnOpen,Sell,-28,891.58626,-24964.42,5.2015,Filled,closed
2040,2024-05-01T20:00:00Z,2024-05-02T20:00:00Z,SBUX,MarketOnOpen,Sell,-301,70.269221,-21151.04,4.2313,Filled,closed
2041,2024-05-01T20:00:00Z,2024-05-02T20:00:00Z,UNH,MarketOnOpen,Buy,54,458.131205,24739.09,5.0366,Filled,closed
2042,2024-05-01T20:00:00Z,2024-05-02T20:00:00Z,LLY,MarketOnOpen,Sell,-32,765.000041,-24480.0,4.7563,Filled,
2043,2024-05-01T20:00:00Z,2024-05-02T20:00:00Z,TSLA,MarketOnOpen,Sell,-139,182.8,-25409.2,5.0043,Filled,
2044,2024-05-01T20:00:00Z,2024-05-02T20:00:00Z,ADBE,MarketOnOpen,Buy,53,474.3,25137.9,5.0516,Filled,
2045,2024-05-01T20:00:00Z,2024-05-02T20:00:00Z,DIS,MarketOnOpen,Buy,233,108.400262,25257.26,5.1049,Filled,
2046,2024-05-01T20:00:00Z,2024-05-02T20:00:00Z,CSCO,MarketOnOpen,Buy,567,44.465153,25211.74,5.0166,Filled,
2047,2024-05-01T20:00:00Z,2024-05-02T20:00:00Z,DHR,MarketOnOpen,Sell,-103,245.606848,-25297.51,5.0158,Filled,
2048,2024-05-01T20:00:00Z,2024-05-02T20:00:00Z,MU,MarketOnOpen,Sell,-230,110.944612,-25517.26,5.1304,Filled,
2049,2024-05-01T20:00:00Z,2024-05-02T20:00:00Z,T,MarketOnOpen,Sell,-1652,15.253279,-25198.42,4.9951,Filled,
2050,2024-05-01T20:00:00Z,2024-05-02T20:00:00Z,LRCX,MarketOnOpen,Sell,-295,86.355039,-25474.74,5.1102,Filled,
2051,2024-05-01T20:00:00Z,2024-05-02T20:00:00Z,ABNB,MarketOnOpen,Buy,160,157.21,25153.6,5.0666,Filled,
2052,2024-05-01T20:00:00Z,2024-05-02T20:00:00Z,ADI,MarketOnOpen,Buy,134,188.972346,25322.29,5.0727,Filled,
2053,2024-05-01T20:00:00Z,2024-05-02T20:00:00Z,MDLZ,MarketOnOpen,Buy,380,66.189447,25151.99,5.002,Filled,
2054,2024-05-02T20:00:00Z,,MU,MarketOnOpen,Buy,230,0.0,0.0,0.0,Canceled,closed
2055,2024-05-02T20:00:00Z,2024-05-03T20:00:00Z,ADP,MarketOnOpen,Sell,-109,227.702352,-24819.56,4.9408,Filled,closed
2056,2024-05-02T20:00:00Z,,LRCX,MarketOnOpen,Buy,295,0.0,0.0,0.0,Canceled,closed
2057,2024-05-02T20:00:00Z,2024-05-03T20:00:00Z,C,MarketOnOpen,Buy,428,57.883942,24774.33,4.9557,Filled,closed
2058,2024-05-02T20:00:00Z,2024-05-03T20:00:00Z,COP,MarketOnOpen,Sell,-210,113.257194,-23784.01,4.7564,Filled,closed
2059,2024-05-02T20:00:00Z,,MS,MarketOnOpen,Sell,-295,0.0,0.0,0.0,Canceled,closed
2060,2024-05-02T20:00:00Z,,NEE,MarketOnOpen,Buy,403,0.0,0.0,0.0,Canceled,closed
2061,2024-05-02T20:00:00Z,2024-05-03T20:00:00Z,SCHW,MarketOnOpen,Buy,353,73.698099,26015.43,5.1956,Filled,closed
2062,2024-05-02T20:00:00Z,2024-05-03T20:00:00Z,WMT,MarketOnOpen,Buy,430,58.185441,25019.74,5.0207,Filled,
2063,2024-05-02T20:00:00Z,2024-05-03T20:00:00Z,NFLX,MarketOnOpen,Buy,443,56.551,25052.09,5.133,Filled,
2064,2024-05-02T20:00:00Z,2024-05-03T20:00:00Z,UNP,MarketOnOpen,Buy,111,229.224075,25443.87,5.0487,Filled,
2065,2024-05-02T20:00:00Z,2024-05-03T20:00:00Z,UBER,MarketOnOpen,Buy,365,69.76,25462.4,5.0538,Filled,
2066,2024-05-02T20:00:00Z,2024-05-03T20:00:00Z,NKE,MarketOnOpen,Sell,-288,87.682778,-25252.64,4.9851,Filled,
2067,2024-05-02T20:00:00Z,2024-05-03T20:00:00Z,ISRG,MarketOnOpen,Sell,-66,380.0,-25080.0,5.034,Filled,
2068,2024-05-02T20:00:00Z,2024-05-03T20:00:00Z,PGR,MarketOnOpen,Sell,-130,191.074765,-24839.72,4.9914,Filled,
2069,2024-05-02T20:00:00Z,2024-05-03T20:00:00Z,BKNG,MarketOnOpen,Sell,-184,144.942394,-26669.4,5.1571,Filled,
2070,2024-05-02T20:00:00Z,2024-05-03T20:00:00Z,DE,MarketOnOpen,Buy,65,387.692642,25200.02,5.0567,Filled,
2071,2024-05-02T20:00:00Z,2024-05-03T20:00:00Z,PLD,MarketOnOpen,Buy,260,98.264122,25548.67,5.0686,Filled,
2072,2024-05-02T20:00:00Z,2024-05-03T20:00:00Z,SHOP,MarketOnOpen,Buy,348,73.98,25745.04,5.1824,Filled,
2073,2024-05-02T20:00:00Z,2024-05-03T20:00:00Z,KLAC,MarketOnOpen,Buy,374,68.202484,25507.73,5.1132,Filled,
2074,2024-05-02T20:00:00Z,2024-05-03T20:00:00Z,SPY,MarketOnOpen,Sell,-255,496.472325,-126600.44,25.328,Filled,
2075,2024-05-03T04:00:00Z,2024-05-03T20:00:00Z,MU,MarketOnOpen,Buy,230,114.181407,26261.72,5.2386,Filled,closed
2076,2024-05-03T04:00:00Z,2024-05-03T20:00:00Z,ADBE,MarketOnOpen,Sell,-53,482.27,-25560.31,5.1535,Filled,closed
2077,2024-05-03T04:00:00Z,2024-05-03T20:00:00Z,AMGN,MarketOnOpen,Sell,-98,290.828317,-28501.18,5.6646,Filled,closed
2078,2024-05-03T04:00:00Z,2024-05-03T20:00:00Z,LRCX,MarketOnOpen,Buy,295,88.056577,25976.69,5.2539,Filled,closed
2079,2024-05-03T04:00:00Z,2024-05-03T20:00:00Z,CSCO,MarketOnOpen,Sell,-567,44.54079,-25254.63,5.052,Filled,closed
2080,2024-05-03T04:00:00Z,2024-05-03T20:00:00Z,HON,MarketOnOpen,Buy,134,182.730027,24485.82,4.9286,Filled,closed
2081,2024-05-03T04:00:00Z,2024-05-03T20:00:00Z,LLY,MarketOnOpen,Buy,32,730.472203,23375.11,4.6245,Filled,closed
2082,2024-05-03T04:00:00Z,2024-05-03T20:00:00Z,MDLZ,MarketOnOpen,Sell,-380,65.984063,-25073.94,4.9587,Filled,closed
2083,2024-05-03T04:00:00Z,2024-05-03T20:00:00Z,MS,MarketOnOpen,Sell,-295,87.834611,-25911.21,5.1989,Filled,closed
2084,2024-05-03T04:00:00Z,2024-05-03T20:00:00Z,NEE,MarketOnOpen,Buy,403,65.043024,26212.34,5.2612,Filled,closed
2085,2024-05-03T04:00:00Z,2024-05-03T20:00:00Z,TSLA,MarketOnOpen,Buy,139,182.0,25298.0,5.0371,Filled,closed
2086,2024-05-03T04:00:00Z,2024-05-03T20:00:00Z,VRTX,MarketOnOpen,Sell,-64,401.5,-25696.0,5.1338,Filled,closed
2087,2024-05-03T04:00:00Z,2024-05-03T20:00:00Z,AVGO,MarketOnOpen,Sell,-207,122.960877,-25452.9,5.1678,Filled,
2088,2024-05-03T04:00:00Z,2024-05-03T20:00:00Z,MA,MarketOnOpen,Buy,57,438.974411,25021.54,4.9893,Filled,
2089,2024-05-03T04:00:00Z,2024-05-03T20:00:00Z,LIN,MarketOnOpen,Buy,61,404.77406,24691.22,5.0048,Filled,
2090,2024-05-03T04:00:00Z,2024-05-03T20:00:00Z,QCOM,MarketOnOpen,Buy,146,172.758149,25222.69,4.9791,Filled,
2091,2024-05-03T04:00:00Z,2024-05-03T20:00:00Z,ACN,MarketOnOpen,Buy,88,286.239644,25189.09,5.0576,Filled,
2092,2024-05-03T04:00:00Z,2024-05-03T20:00:00Z,AXP,MarketOnOpen,Buy,110,227.635588,25039.91,4.9545,Filled,
2093,2024-05-03T04:00:00Z,2024-05-03T20:00:00Z,CAT,MarketOnOpen,Buy,76,328.514446,24967.1,4.9736,Filled,
2094,2024-05-03T04:00:00Z,2024-05-03T20:00:00Z,PANW,MarketOnOpen,Buy,169,146.845,24816.81,5.0073,Filled,
2095,2024-05-03T04:00:00Z,2024-05-03T20:00:00Z,SPY,MarketOnOpen,Sell,-148,496.472325,-73477.9,14.7002,Filled,
2096,2024-05-06T04:00:00Z,2024-05-06T20:00:00Z,AVGO,MarketOnOpen,Buy,207,125.402515,25958.32,5.298,Filled,closed
2097,2024-05-06T04:00:00Z,2024-05-06T20:00:00Z,AXP,MarketOnOpen,Sell,-110,226.884155,-24957.26,5.0297,Filled,closed
2098,2024-05-06T04:00:00Z,2024-05-06T20:00:00Z,CAT,MarketOnOpen,Sell,-76,331.215709,-25172.39,5.0526,Filled,closed
2099,2024-05-06T04:00:00Z,2024-05-06T20:00:00Z,DE,MarketOnOpen,Sell,-65,392.892404,-25538.01,5.0677,Filled,closed
2100,2024-05-06T04:00:00Z,2024-05-06T20:00:00Z,ETN,MarketOnOpen,Buy,81,313.667671,25407.08,5.1588,Filled,closed
2101,2024-05-06T04:00:00Z,2024-05-06T20:00:00Z,ISRG,MarketOnOpen,Buy,66,382.63,25253.58,5.0563,Filled,closed
2102,2024-05-06T04:00:00Z,2024-05-06T20:00:00Z,PEP,MarketOnOpen,Sell,-155,161.050455,-24962.82,4.966,Filled,closed
2103,2024-05-06T04:00:00Z,2024-05-06T20:00:00Z,PGR,MarketOnOpen,Buy,130,192.426839,25015.49,5.1538,Filled,closed
2104,2024-05-06T04:00:00Z,2024-05-06T20:00:00Z,PM,MarketOnOpen,Sell,-276,89.614891,-24733.71,4.9311,Filled,closed
2105,2024-05-06T04:00:00Z,2024-05-06T20:00:00Z,SYK,MarketOnOpen,Buy,77,323.283933,24892.86,4.9062,Filled,closed
2106,2024-05-06T04:00:00Z,2024-05-06T20:00:00Z,MSFT,MarketOnOpen,Sell,-63,401.044318,-25265.79,5.1111,Filled,closed
2107,2024-05-06T04:00:00Z,2024-05-06T20:00:00Z,UPS,MarketOnOpen,Buy,198,127.372415,25219.74,5.005,Filled,closed
2108,2024-05-06T04:00:00Z,2024-05-06T20:00:00Z,PANW,MarketOnOpen,Sell,-169,149.49,-25263.81,5.0795,Filled,closed
2109,2024-05-06T04:00:00Z,2024-05-06T20:00:00Z,WMT,MarketOnOpen,Sell,-430,58.556298,-25179.21,5.0249,Filled,closed
2110,2024-05-06T04:00:00Z,2024-05-06T20:00:00Z,AAPL,MarketOnOpen,Sell,-138,180.314274,-24883.37,4.9611,Filled,
2111,2024-05-06T04:00:00Z,2024-05-06T20:00:00Z,LLY,MarketOnOpen,Buy,34,725.595834,24670.26,5.1255,Filled,
2112,2024-05-06T04:00:00Z,2024-05-06T20:00:00Z,TSLA,MarketOnOpen,Sell,-138,183.96,-25386.48,5.0994,Filled,
2113,2024-05-06T04:00:00Z,2024-05-06T20:00:00Z,CVX,MarketOnOpen,Buy,173,144.827518,25055.16,5.06,Filled,
2114,2024-05-06T04:00:00Z,2024-05-06T20:00:00Z,AMD,MarketOnOpen,Buy,166,152.95,25389.7,5.1719,Filled,
2115,2024-05-06T04:00:00Z,2024-05-06T20:00:00Z,AMAT,MarketOnOpen,Buy,125,201.324502,25165.56,5.1201,Filled,
2116,2024-05-06T04:00:00Z,2024-05-06T20:00:00Z,AMGN,MarketOnOpen,Buy,86,287.903786,24759.73,4.7824,Filled,
2117,2024-05-06T04:00:00Z,2024-05-06T20:00:00Z,TXN,MarketOnOpen,Sell,-150,167.928141,-25189.22,5.0874,Filled,
2118,2024-05-06T04:00:00Z,2024-05-06T20:00:00Z,PFE,MarketOnOpen,Buy,1063,23.750992,25247.3,5.0783,Filled,
2119,2024-05-06T04:00:00Z,2024-05-06T20:00:00Z,RTX,MarketOnOpen,Sell,-259,97.222652,-25180.67,5.0421,Filled,
2120,2024-05-06T04:00:00Z,2024-05-06T20:00:00Z,HON,MarketOnOpen,Sell,-136,184.636498,-25110.56,4.9812,Filled,
2121,2024-05-06T04:00:00Z,2024-05-06T20:00:00Z,MU,MarketOnOpen,Sell,-220,119.036599,-26188.05,5.2481,Filled,
2122,2024-05-06T04:00:00Z,2024-05-06T20:00:00Z,LRCX,MarketOnOpen,Sell,-281,89.711069,-25208.81,5.0928,Filled,
2123,2024-05-06T04:00:00Z,2024-05-06T20:00:00Z,C,MarketOnOpen,Sell,-433,58.345057,-25263.41,5.1187,Filled,
2124,2024-05-06T04:00:00Z,2024-05-06T20:00:00Z,ADP,MarketOnOpen,Buy,110,227.008995,24970.99,5.0037,Filled,
2125,2024-05-06T04:00:00Z,2024-05-06T20:00:00Z,DELL,MarketOnOpen,Buy,207,120.804312,25006.49,5.1745,Filled,
2126,2024-05-06T04:00:00Z,2024-05-06T20:00:00Z,SPY,MarketOnOpen,Buy,137,499.056044,68370.68,13.7481,Filled,
2127,2024-05-07T04:00:00Z,2024-05-07T20:00:00Z,AMD,MarketOnOpen,Sell,-166,156.48,-25975.68,5.1271,Filled,closed
2128,2024-05-07T04:00:00Z,2024-05-07T20:00:00Z,AMGN,MarketOnOpen,Sell,-86,280.151459,-24093.03,4.7955,Filled,closed
2129,2024-05-07T04:00:00Z,2024-05-07T20:00:00Z,BKNG,MarketOnOpen,Buy,184,140.27094,25809.85,5.1975,Filled,closed
2130,2024-05-07T04:00:00Z,2024-05-07T20:00:00Z,DHR,MarketOnOpen,Buy,103,243.190138,25048.58,5.0548,Filled,closed
2131,2024-05-07T04:00:00Z,2024-05-07T20:00:00Z,HON,MarketOnOpen,Buy,136,183.734916,24987.95,5.0285,Filled,closed
2132,2024-05-07T04:00:00Z,2024-05-07T20:00:00Z,IBM,MarketOnOpen,Sell,-160,157.242129,-25158.74,5.0133,Filled,closed
2133,2024-05-07T04:00:00Z,2024-05-07T20:00:00Z,LLY,MarketOnOpen,Sell,-34,755.9355,-25701.81,5.1997,Filled,closed
2134,2024-05-07T04:00:00Z,2024-05-07T20:00:00Z,NFLX,MarketOnOpen,Sell,-443,59.628,-26415.2,5.3692,Filled,closed
2135,2024-05-07T04:00:00Z,2024-05-07T20:00:00Z,UBER,MarketOnOpen,Sell,-365,71.76,-26192.4,5.1414,Filled,closed
2136,2024-05-07T04:00:00Z,2024-05-07T20:00:00Z,PLD,MarketOnOpen,Sell,-260,98.015585,-25484.05,5.1581,Filled,closed
2137,2024-05-07T04:00:00Z,2024-05-07T20:00:00Z,KLAC,MarketOnOpen,Sell,-374,70.325102,-26301.59,5.2438,Filled,closed
2138,2024-05-07T04:00:00Z,2024-05-07T20:00:00Z,SPGI,MarketOnOpen,Buy,65,395.335016,25696.78,5.1656,Filled,closed
2139,2024-05-07T04:00:00Z,2024-05-07T20:00:00Z,TXN,MarketOnOpen,Buy,150,170.990628,25648.59,5.1523,Filled,closed
2140,2024-05-07T04:00:00Z,2024-05-07T20:00:00Z,UNP,MarketOnOpen,Sell,-111,228.372539,-25349.35,5.0911,Filled,closed
2141,2024-05-07T04:00:00Z,2024-05-07T20:00:00Z,AXP,MarketOnOpen,Buy,110,229.538569,25249.24,5.038,Filled,
2142,2024-05-07T04:00:00Z,2024-05-07T20:00:00Z,NEE,MarketOnOpen,Buy,380,66.718191,25352.91,5.089,Filled,
2143,2024-05-07T04:00:00Z,2024-05-07T20:00:00Z,ETN,MarketOnOpen,Sell,-79,319.292339,-25224.09,5.0344,Filled,
2144,2024-05-07T04:00:00Z,2024-05-07T20:00:00Z,LMT,MarketOnOpen,Buy,58,434.568016,25204.94,5.0701,Filled,
2145,2024-05-07T04:00:00Z,2024-05-07T20:00:00Z,PANW,MarketOnOpen,Buy,167,150.195,25082.56,5.1025,Filled,
2146,2024-05-08T20:00:00Z,,DELL,MarketOnOpen,Sell,-207,0.0,0.0,0.0,Canceled,closed
2147,2024-05-08T20:00:00Z,2024-05-09T20:00:00Z,CI,MarketOnOpen,Sell,-74,330.881969,-24485.27,4.9445,Filled,closed
2148,2024-05-08T20:00:00Z,,LOW,MarketOnOpen,Buy,115,0.0,0.0,0.0,Canceled,closed
2149,2024-05-08T20:00:00Z,,NEE,MarketOnOpen,Sell,-380,0.0,0.0,0.0,Canceled,closed
2150,2024-05-08T20:00:00Z,,PFE,MarketOnOpen,Sell,-1063,0.0,0.0,0.0,Canceled,closed
2151,2024-05-08T20:00:00Z,2024-05-09T20:00:00Z,T,MarketOnOpen,Buy,1652,15.379116,25406.3,5.102,Filled,closed
2152,2024-05-08T20:00:00Z,,TMUS,MarketOnOpen,Sell,-160,0.0,0.0,0.0,Canceled,closed
2153,2024-05-08T20:00:00Z,,TSLA,MarketOnOpen,Buy,138,0.0,0.0,0.0,Canceled,closed
2154,2024-05-08T20:00:00Z,,PANW,MarketOnOpen,Sell,-167,0.0,0.0,0.0,Canceled,closed
2155,2024-05-08T20:00:00Z,2024-05-09T20:00:00Z,ABBV,MarketOnOpen,Buy,169,149.210461,25216.57,5.0306,Filled,
2156,2024-05-08T20:00:00Z,2024-05-09T20:00:00Z,CSCO,MarketOnOpen,Buy,555,45.382253,25187.15,5.0154,Filled,
2157,2024-05-08T20:00:00Z,2024-05-09T20:00:00Z,UNP,MarketOnOpen,Buy,108,232.355836,25094.43,5.0399,Filled,
2158,2024-05-08T20:00:00Z,2024-05-09T20:00:00Z,BKNG,MarketOnOpen,Sell,-175,142.591977,-24953.6,5.1827,Filled,
2159,2024-05-08T20:00:00Z,2024-05-09T20:00:00Z,PLD,MarketOnOpen,Buy,258,98.116841,25314.15,5.1369,Filled,
2160,2024-05-08T20:00:00Z,2024-05-09T20:00:00Z,BX,MarketOnOpen,Buy,226,111.222758,25136.34,5.1732,Filled,
2161,2024-05-08T20:00:00Z,2024-05-09T20:00:00Z,FISV,MarketOnOpen,Buy,164,153.19,25123.16,5.0732,Filled,
2162,2024-05-08T20:00:00Z,2024-05-09T20:00:00Z,SPY,MarketOnOpen,Sell,-133,502.504241,-66833.06,13.4397,Filled,
2163,2024-05-09T04:00:00Z,2024-05-09T20:00:00Z,DELL,MarketOnOpen,Sell,-207,126.767213,-26240.81,5.2686,Filled,closed
2164,2024-05-09T04:00:00Z,2024-05-09T20:00:00Z,SHOP,MarketOnOpen,Sell,-348,63.57,-22122.36,4.3465,Filled,closed
2165,2024-05-09T04:00:00Z,2024-05-09T20:00:00Z,INTC,MarketOnOpen,Buy,793,29.741333,23584.88,4.7422,Filled,closed
2166,2024-05-09T04:00:00Z,2024-05-09T20:00:00Z,KO,MarketOnOpen,Sell,-437,58.575666,-25597.57,5.122,Filled,closed
2167,2024-05-09T04:00:00Z,2024-05-09T20:00:00Z,LOW,MarketOnOpen,Buy,115,222.015804,25531.82,5.1955,Filled,closed
2168,2024-05-09T04:00:00Z,2024-05-09T20:00:00Z,NEE,MarketOnOpen,Sell,-380,67.937341,-25816.19,5.275,Filled,closed
2169,2024-05-09T04:00:00Z,2024-05-09T20:00:00Z,NKE,MarketOnOpen,Buy,288,87.945752,25328.38,5.0522,Filled,closed
2170,2024-05-09T04:00:00Z,2024-05-09T20:00:00Z,PFE,MarketOnOpen,Sell,-1063,23.902523,-25408.38,5.1586,Filled,closed
2171,2024-05-09T04:00:00Z,2024-05-09T20:00:00Z,RTX,MarketOnOpen,Buy,259,99.438553,25754.59,5.2316,Filled,closed
2172,2024-05-09T04:00:00Z,2024-05-09T20:00:00Z,TMUS,MarketOnOpen,Sell,-160,155.587437,-24893.99,5.0224,Filled,closed
2173,2024-05-09T04:00:00Z,2024-05-09T20:00:00Z,TSLA,MarketOnOpen,Buy,138,175.0,24150.0,4.7464,Filled,closed
2174,2024-05-09T04:00:00Z,2024-05-09T20:00:00Z,PANW,MarketOnOpen,Sell,-167,149.285,-24930.6,4.938,Filled,closed
2175,2024-05-09T04:00:00Z,2024-05-09T20:00:00Z,CRM,MarketOnOpen,Buy,91,267.420416,24335.26,4.9207,Filled,
2176,2024-05-09T04:00:00Z,2024-05-09T20:00:00Z,AMGN,MarketOnOpen,Sell,-88,287.374585,-25288.96,5.1122,Filled,
2177,2024-05-09T04:00:00Z,2024-05-09T20:00:00Z,HON,MarketOnOpen,Sell,-135,186.233049,-25141.46,5.0869,Filled,
2178,2024-05-09T04:00:00Z,2024-05-09T20:00:00Z,ELV,MarketOnOpen,Sell,-49,510.765594,-25027.51,5.0517,Filled,
2179,2024-05-09T04:00:00Z,2024-05-09T20:00:00Z,MDLZ,MarketOnOpen,Buy,383,65.909378,25243.29,5.0201,Filled,
2180,2024-05-09T04:00:00Z,2024-05-09T20:00:00Z,ANET,MarketOnOpen,Buy,345,73.05,25202.25,5.1093,Filled,
2181,2024-05-09T04:00:00Z,2024-05-09T20:00:00Z,SPY,MarketOnOpen,Sell,-154,502.504241,-77385.65,15.5618,Filled,
2182,2024-05-10T04:00:00Z,2024-05-10T20:00:00Z,AMAT,MarketOnOpen,Sell,-125,205.148795,-25643.6,5.1415,Filled,closed
2183,2024-05-10T04:00:00Z,2024-05-10T20:00:00Z,AMGN,MarketOnOpen,Buy,88,290.494085,25563.48,5.0679,Filled,closed
2184,2024-05-10T04:00:00Z,2024-05-10T20:00:00Z,BKNG,MarketOnOpen,Buy,175,148.211433,25937.0,5.218,Filled,closed
2185,2024-05-10T04:00:00Z,2024-05-10T20:00:00Z,CSCO,MarketOnOpen,Sell,-555,45.268797,-25124.18,5.0437,Filled,closed
2186,2024-05-10T04:00:00Z,2024-05-10T20:00:00Z,ELV,MarketOnOpen,Buy,49,515.991454,25283.58,5.0574,Filled,closed
2187,2024-05-10T04:00:00Z,2024-05-10T20:00:00Z,FISV,MarketOnOpen,Sell,-164,155.38,-25482.32,5.0584,Filled,closed
2188,2024-05-10T04:00:00Z,2024-05-10T20:00:00Z,LMT,MarketOnOpen,Sell,-58,439.250861,-25476.55,5.094,Filled,closed
2189,2024-05-10T04:00:00Z,2024-05-10T20:00:00Z,UNP,MarketOnOpen,Sell,-108,234.645522,-25341.72,5.0561,Filled,closed
2190,2024-05-10T04:00:00Z,2024-05-10T20:00:00Z,UNH,MarketOnOpen,Sell,-52,481.516443,-25038.86,5.0453,Filled,
2191,2024-05-10T04:00:00Z,2024-05-10T20:00:00Z,KO,MarketOnOpen,Buy,428,58.640905,25098.31,5.0468,Filled,
2192,2024-05-10T04:00:00Z,2024-05-10T20:00:00Z,TMUS,MarketOnOpen,Buy,159,156.692989,24914.19,4.9765,Filled,
2193,2024-05-10T04:00:00Z,2024-05-10T20:00:00Z,INTU,MarketOnOpen,Buy,40,616.775154,24671.01,4.9633,Filled,
2194,2024-05-10T04:00:00Z,2024-05-10T20:00:00Z,CAT,MarketOnOpen,Buy,73,344.945513,25181.02,5.0332,Filled,
2195,2024-05-10T04:00:00Z,2024-05-10T20:00:00Z,VZ,MarketOnOpen,Sell,-731,34.358546,-25116.1,5.0977,Filled,
2196,2024-05-10T04:00:00Z,2024-05-10T20:00:00Z,NEE,MarketOnOpen,Buy,361,69.677653,25153.63,4.9582,Filled,
2197,2024-05-10T04:00:00Z,2024-05-10T20:00:00Z,RTX,MarketOnOpen,Sell,-248,101.243748,-25108.45,5.0368,Filled,
2198,2024-05-10T04:00:00Z,2024-05-10T20:00:00Z,PGR,MarketOnOpen,Sell,-127,197.191291,-25043.29,5.0407,Filled,
2199,2024-05-10T04:00:00Z,2024-05-10T20:00:00Z,T,MarketOnOpen,Sell,-1625,15.460012,-25122.52,5.0201,Filled,
2200,2024-05-10T04:00:00Z,2024-05-10T20:00:00Z,DE,MarketOnOpen,Buy,63,398.227979,25088.36,4.9858,Filled,
2201,2024-05-10T04:00:00Z,2024-05-10T20:00:00Z,VRTX,MarketOnOpen,Sell,-59,420.67,-24819.53,4.9888,Filled,
2202,2024-05-10T04:00:00Z,2024-05-10T20:00:00Z,CI,MarketOnOpen,Buy,75,334.689587,25101.72,4.9745,Filled,
2203,2024-05-10T04:00:00Z,2024-05-10T20:00:00Z,KLAC,MarketOnOpen,Buy,360,70.65581,25436.09,5.075,Filled,
2204,2024-05-10T04:00:00Z,2024-05-10T20:00:00Z,PANW,MarketOnOpen,Buy,169,148.93,25169.17,5.0272,Filled,
2205,2024-05-10T04:00:00Z,2024-05-10T20:00:00Z,DELL,MarketOnOpen,Buy,197,129.492559,25510.03,5.0556,Filled,
2206,2024-05-10T04:00:00Z,2024-05-10T20:00:00Z,BMY,MarketOnOpen,Buy,625,40.170213,25106.38,5.0426,Filled,
2207,2024-05-10T04:00:00Z,2024-05-10T20:00:00Z,SPY,MarketOnOpen,Sell,-164,506.826628,-83119.57,16.5936,Filled,
2208,2024-05-13T20:00:00Z,,BMY,MarketOnOpen,Sell,-625,0.0,0.0,0.0,Canceled,closed
2209,2024-05-13T20:00:00Z,2024-05-14T20:00:00Z,CAT,MarketOnOpen,Sell,-73,347.588475,-25373.96,5.0813,Filled,closed
2210,2024-05-13T20:00:00Z,,DE,MarketOnOpen,Sell,-63,0.0,0.0,0.0,Canceled,closed
2211,2024-05-13T20:00:00Z,,NEE,MarketOnOpen,Sell,-361,0.0,0.0,0.0,Canceled,closed
2212,2024-05-13T20:00:00Z,,PGR,MarketOnOpen,Buy,127,0.0,0.0,0.0,Canceled,closed
2213,2024-05-13T20:00:00Z,,RTX,MarketOnOpen,Buy,248,0.0,0.0,0.0,Canceled,closed
2214,2024-05-13T20:00:00Z,,TMUS,MarketOnOpen,Sell,-159,0.0,0.0,0.0,Canceled,closed
2215,2024-05-13T20:00:00Z,,UNH,MarketOnOpen,Buy,52,0.0,0.0,0.0,Canceled,closed
2216,2024-05-13T20:00:00Z,,VRTX,MarketOnOpen,Buy,59,0.0,0.0,0.0,Canceled,closed
2217,2024-05-13T20:00:00Z,2024-05-14T20:00:00Z,WFC,MarketOnOpen,Sell,-448,58.146481,-26049.62,5.2687,Filled,closed
2218,2024-05-13T20:00:00Z,2024-05-14T20:00:00Z,XOM,MarketOnOpen,Sell,-230,108.646346,-24988.66,5.0363,Filled,
2219,2024-05-13T20:00:00Z,2024-05-14T20:00:00Z,ADBE,MarketOnOpen,Buy,52,480.41,24981.32,4.9499,Filled,
2220,2024-05-13T20:00:00Z,2024-05-14T20:00:00Z,CSCO,MarketOnOpen,Buy,545,46.327716,25248.61,5.0446,Filled,
2221,2024-05-13T20:00:00Z,2024-05-14T20:00:00Z,AMAT,MarketOnOpen,Buy,124,201.844213,25028.68,5.1025,Filled,
2222,2024-05-13T20:00:00Z,2024-05-14T20:00:00Z,AMGN,MarketOnOpen,Sell,-87,286.631848,-24936.97,5.0307,Filled,
2223,2024-05-13T20:00:00Z,2024-05-14T20:00:00Z,ELV,MarketOnOpen,Sell,-48,516.527439,-24793.32,4.9124,Filled,
2224,2024-05-13T20:00:00Z,2024-05-14T20:00:00Z,LMT,MarketOnOpen,Buy,57,441.227022,25149.94,4.988,Filled,
2225,2024-05-13T20:00:00Z,2024-05-14T20:00:00Z,BSX,MarketOnOpen,Sell,-345,72.6,-25047.0,5.0708,Filled,
2226,2024-05-13T20:00:00Z,2024-05-14T20:00:00Z,REGN,MarketOnOpen,Sell,-25,970.838372,-24270.96,4.8772,Filled,
2227,2024-05-13T20:00:00Z,2024-05-14T20:00:00Z,SCCO,MarketOnOpen,Buy,239,105.746114,25273.32,5.155,Filled,
2228,2024-05-13T20:00:00Z,2024-05-14T20:00:00Z,SPY,MarketOnOpen,Buy,89,506.068996,45040.14,9.0476,Filled,
2229,2024-05-14T04:00:00Z,2024-05-14T20:00:00Z,MU,MarketOnOpen,Buy,220,122.084746,26858.64,5.4525,Filled,closed
2230,2024-05-14T04:00:00Z,2024-05-14T20:00:00Z,ADI,MarketOnOpen,Sell,-134,201.331602,-26978.43,5.4716,Filled,closed
2231,2024-05-14T04:00:00Z,2024-05-14T20:00:00Z,AXP,MarketOnOpen,Sell,-110,232.40768,-25564.84,5.1855,Filled,closed
2232,2024-05-14T04:00:00Z,2024-05-14T20:00:00Z,BMY,MarketOnOpen,Sell,-625,40.753691,-25471.06,5.0168,Filled,closed
2233,2024-05-14T04:00:00Z,2024-05-14T20:00:00Z,LRCX,MarketOnOpen,Buy,281,88.115386,24760.42,5.0267,Filled,closed
2234,2024-05-14T04:00:00Z,2024-05-14T20:00:00Z,DE,MarketOnOpen,Sell,-63,397.742927,-25057.8,5.0455,Filled,closed
2235,2024-05-14T04:00:00Z,2024-05-14T20:00:00Z,MA,MarketOnOpen,Sell,-57,451.810843,-25753.22,5.1088,Filled,closed
2236,2024-05-14T04:00:00Z,2024-05-14T20:00:00Z,NEE,MarketOnOpen,Sell,-361,69.742799,-25177.15,5.0677,Filled,closed
2237,2024-05-14T04:00:00Z,2024-05-14T20:00:00Z,PGR,MarketOnOpen,Buy,127,194.855054,24746.59,4.9918,Filled,closed
2238,2024-05-14T04:00:00Z,2024-05-14T20:00:00Z,RTX,MarketOnOpen,Buy,248,101.052722,25061.08,5.0075,Filled,closed
2239,2024-05-14T04:00:00Z,2024-05-14T20:00:00Z,TMUS,MarketOnOpen,Sell,-159,156.25458,-24844.48,4.9222,Filled,closed
2240,2024-05-14T04:00:00Z,2024-05-14T20:00:00Z,UNH,MarketOnOpen,Buy,52,486.79515,25313.35,5.0558,Filled,closed
2241,2024-05-14T04:00:00Z,2024-05-14T20:00:00Z,VRTX,MarketOnOpen,Buy,59,429.07,25315.13,5.0574,Filled,closed
2242,2024-05-14T04:00:00Z,2024-05-14T20:00:00Z,TXN,MarketOnOpen,Buy,142,176.227433,25024.3,5.1034,Filled,
2243,2024-05-14T04:00:00Z,2024-05-14T20:00:00Z,PFE,MarketOnOpen,Sell,-1026,24.582746,-25221.9,5.0099,Filled,
2244,2024-05-14T04:00:00Z,2024-05-14T20:00:00Z,SCHW,MarketOnOpen,Sell,-346,72.823418,-25196.9,5.1785,Filled,
2245,2024-05-14T04:00:00Z,2024-05-14T20:00:00Z,SYK,MarketOnOpen,Sell,-79,317.205842,-25059.26,5.0151,Filled,
2246,2024-05-14T04:00:00Z,2024-05-14T20:00:00Z,MDT,MarketOnOpen,Sell,-326,77.16916,-25157.15,5.0657,Filled,
2247,2024-05-14T04:00:00Z,2024-05-14T20:00:00Z,SPY,MarketOnOpen,Buy,198,506.068996,100201.66,20.1284,Filled,
2248,2024-05-15T04:00:00Z,2024-05-15T20:00:00Z,AMAT,MarketOnOpen,Sell,-124,208.306288,-25829.98,5.289,Filled,closed
2249,2024-05-15T04:00:00Z,2024-05-15T20:00:00Z,BX,MarketOnOpen,Sell,-226,118.460238,-26772.01,5.5213,Filled,closed
2250,2024-05-15T04:00:00Z,2024-05-15T20:00:00Z,DELL,MarketOnOpen,Sell,-197,135.204187,-26635.22,5.6796,Filled,closed
2251,2024-05-15T04:00:00Z,2024-05-15T20:00:00Z,CB,MarketOnOpen,Sell,-105,244.417219,-25663.81,5.1444,Filled,closed
2252,2024-05-15T04:00:00Z,2024-05-15T20:00:00Z,ELV,MarketOnOpen,Buy,48,511.914134,24571.88,4.9616,Filled,closed
2253,2024-05-15T04:00:00Z,2024-05-15T20:00:00Z,SCCO,MarketOnOpen,Sell,-239,109.300605,-26122.84,5.1175,Filled,closed
2254,2024-05-15T04:00:00Z,2024-05-15T20:00:00Z,HON,MarketOnOpen,Buy,135,192.102724,25933.87,5.2,Filled,closed
2255,2024-05-15T04:00:00Z,2024-05-15T20:00:00Z,LMT,MarketOnOpen,Sell,-57,436.703393,-24892.09,4.9549,Filled,closed
2256,2024-05-15T04:00:00Z,2024-05-15T20:00:00Z,ABNB,MarketOnOpen,Sell,-160,147.57,-23611.2,4.6656,Filled,closed
2257,2024-05-15T04:00:00Z,2024-05-15T20:00:00Z,SCHW,MarketOnOpen,Buy,346,75.173186,26009.92,5.2866,Filled,closed
2258,2024-05-15T04:00:00Z,2024-05-15T20:00:00Z,ABT,MarketOnOpen,Buy,253,99.588987,25196.01,5.0484,Filled,
2259,2024-05-15T04:00:00Z,2024-05-15T20:00:00Z,MS,MarketOnOpen,Sell,-268,94.148841,-25231.89,5.0701,Filled,
2260,2024-05-15T04:00:00Z,2024-05-15T20:00:00Z,INTC,MarketOnOpen,Sell,-814,31.182193,-25382.31,5.0587,Filled,
2261,2024-05-15T04:00:00Z,2024-05-15T20:00:00Z,LOW,MarketOnOpen,Sell,-113,224.885709,-25412.09,5.104,Filled,
2262,2024-05-15T04:00:00Z,2024-05-15T20:00:00Z,LRCX,MarketOnOpen,Sell,-280,90.663773,-25385.86,5.202,Filled,
2263,2024-05-15T04:00:00Z,2024-05-15T20:00:00Z,DE,MarketOnOpen,Buy,62,402.283017,24941.55,4.9804,Filled,
2264,2024-05-15T04:00:00Z,2024-05-15T20:00:00Z,SPY,MarketOnOpen,Buy,345,510.750773,176209.02,35.5065,Filled,
2265,2024-05-16T04:00:00Z,2024-05-16T20:00:00Z,ADP,MarketOnOpen,Sell,-110,230.831831,-25391.5,5.1546,Filled,closed
2266,2024-05-16T04:00:00Z,2024-05-16T20:00:00Z,AMGN,MarketOnOpen,Buy,87,294.184241,25594.03,5.1203,Filled,closed
2267,2024-05-16T04:00:00Z,2024-05-16T20:00:00Z,BSX,MarketOnOpen,Buy,345,74.43,25678.35,5.144,Filled,closed
2268,2024-05-16T04:00:00Z,2024-05-16T20:00:00Z,CI,MarketOnOpen,Sell,-75,327.369442,-24552.71,4.8441,Filled,closed
2269,2024-05-16T04:00:00Z,2024-05-16T20:00:00Z,ANET,MarketOnOpen,Sell,-345,81.6725,-28177.01,5.5236,Filled,closed
2270,2024-05-16T04:00:00Z,2024-05-16T20:00:00Z,MDLZ,MarketOnOpen,Sell,-383,66.590878,-25504.31,5.1431,Filled,closed
2271,2024-05-16T04:00:00Z,2024-05-16T20:00:00Z,MDT,MarketOnOpen,Buy,326,78.100019,25460.61,5.1462,Filled,closed
2272,2024-05-16T04:00:00Z,2024-05-16T20:00:00Z,MRSH,MarketOnOpen,Sell,-131,200.201625,-26226.41,5.2692,Filled,closed
2273,2024-05-16T04:00:00Z,2024-05-16T20:00:00Z,QCOM,MarketOnOpen,Sell,-146,185.098017,-27024.31,5.3569,Filled,closed
2274,2024-05-16T04:00:00Z,2024-05-16T20:00:00Z,SYK,MarketOnOpen,Buy,79,324.947822,25670.88,5.1648,Filled,closed
2275,2024-05-16T04:00:00Z,2024-05-16T20:00:00Z,T,MarketOnOpen,Buy,1625,15.531919,25239.37,5.0537,Filled,closed
2276,2024-05-16T04:00:00Z,2024-05-16T20:00:00Z,TXN,MarketOnOpen,Sell,-142,181.078764,-25713.18,5.2059,Filled,closed
2277,2024-05-16T04:00:00Z,2024-05-16T20:00:00Z,PANW,MarketOnOpen,Sell,-169,157.255,-26576.1,5.3512,Filled,closed
2278,2024-05-16T04:00:00Z,2024-05-16T20:00:00Z,AVGO,MarketOnOpen,Sell,-179,139.271017,-24929.51,4.9374,Filled,
2279,2024-05-16T04:00:00Z,2024-05-16T20:00:00Z,MRK,MarketOnOpen,Sell,-206,121.519772,-25033.07,4.9879,Filled,
2280,2024-05-16T04:00:00Z,2024-05-16T20:00:00Z,DHR,MarketOnOpen,Buy,96,258.893825,24853.81,5.0158,Filled,
2281,2024-05-16T04:00:00Z,2024-05-16T20:00:00Z,TMUS,MarketOnOpen,Buy,162,155.234804,25148.04,5.0512,Filled,
2282,2024-05-16T04:00:00Z,2024-05-16T20:00:00Z,AMAT,MarketOnOpen,Buy,118,214.258456,25282.5,4.9531,Filled,
2283,2024-05-16T04:00:00Z,2024-05-16T20:00:00Z,IBM,MarketOnOpen,Sell,-159,158.107713,-25139.13,5.049,Filled,
2284,2024-05-16T04:00:00Z,2024-05-16T20:00:00Z,COP,MarketOnOpen,Buy,223,112.215447,25024.04,4.9832,Filled,
2285,2024-05-16T04:00:00Z,2024-05-16T20:00:00Z,ISRG,MarketOnOpen,Buy,63,398.28,25091.64,4.995,Filled,
2286,2024-05-16T04:00:00Z,2024-05-16T20:00:00Z,BLK,MarketOnOpen,Sell,-32,768.7418,-24599.74,4.8976,Filled,
2287,2024-05-16T04:00:00Z,2024-05-16T20:00:00Z,BA,MarketOnOpen,Sell,-142,177.6,-25219.2,5.1961,Filled,
2288,2024-05-16T04:00:00Z,2024-05-16T20:00:00Z,CB,MarketOnOpen,Buy,102,259.049327,26423.03,5.2327,Filled,
2289,2024-05-16T04:00:00Z,2024-05-16T20:00:00Z,BX,MarketOnOpen,Buy,206,121.399883,25008.38,4.9013,Filled,
2290,2024-05-16T04:00:00Z,2024-05-16T20:00:00Z,SPY,MarketOnOpen,Buy,81,514.665205,41687.88,8.3192,Filled,
2291,2024-05-17T04:00:00Z,2024-05-17T20:00:00Z,ADBE,MarketOnOpen,Sell,-52,483.32,-25132.64,5.0277,Filled,closed
2292,2024-05-17T04:00:00Z,2024-05-17T20:00:00Z,AMAT,MarketOnOpen,Sell,-118,212.640486,-25091.58,4.9079,Filled,closed
2293,2024-05-17T04:00:00Z,2024-05-17T20:00:00Z,BX,MarketOnOpen,Sell,-206,119.632375,-24644.27,4.8166,Filled,closed
2294,2024-05-17T04:00:00Z,2024-05-17T20:00:00Z,BA,MarketOnOpen,Buy,142,183.25,26021.5,5.2526,Filled,closed
2295,2024-05-17T04:00:00Z,2024-05-17T20:00:00Z,C,MarketOnOpen,Buy,433,60.584754,26233.2,5.2214,Filled,closed
2296,2024-05-17T04:00:00Z,2024-05-17T20:00:00Z,ETN,MarketOnOpen,Buy,79,323.739524,25575.42,5.0776,Filled,closed
2297,2024-05-17T04:00:00Z,2024-05-17T20:00:00Z,IBM,MarketOnOpen,Buy,159,158.774874,25245.2,5.0508,Filled,closed
2298,2024-05-17T04:00:00Z,2024-05-17T20:00:00Z,ISRG,MarketOnOpen,Sell,-63,396.19,-24959.97,5.0251,Filled,closed
2299,2024-05-17T04:00:00Z,2024-05-17T20:00:00Z,PLD,MarketOnOpen,Sell,-258,102.295943,-26392.35,5.296,Filled,closed
2300,2024-05-17T04:00:00Z,2024-05-17T20:00:00Z,KLAC,MarketOnOpen,Sell,-360,74.385753,-26778.87,5.2935,Filled,closed
2301,2024-05-17T04:00:00Z,2024-05-17T20:00:00Z,REGN,MarketOnOpen,Buy,25,960.208682,24005.22,4.8655,Filled,closed
2302,2024-05-17T04:00:00Z,2024-05-17T20:00:00Z,WMT,MarketOnOpen,Sell,-400,62.832414,-25132.97,5.065,Filled,
2303,2024-05-17T04:00:00Z,2024-05-17T20:00:00Z,QCOM,MarketOnOpen,Buy,136,183.455865,24950.0,5.0052,Filled,
2304,2024-05-17T04:00:00Z,2024-05-17T20:00:00Z,TXN,MarketOnOpen,Buy,137,183.335197,25116.92,5.0239,Filled,
2305,2024-05-17T04:00:00Z,2024-05-17T20:00:00Z,NOW,MarketOnOpen,Sell,-165,153.0,-25245.0,5.0493,Filled,
2306,2024-05-17T04:00:00Z,2024-05-17T20:00:00Z,MU,MarketOnOpen,Buy,197,127.734244,25163.65,4.9013,Filled,
2307,2024-05-17T04:00:00Z,2024-05-17T20:00:00Z,HON,MarketOnOpen,Sell,-128,194.611555,-24910.28,4.9784,Filled,
2308,2024-05-17T04:00:00Z,2024-05-17T20:00:00Z,VRTX,MarketOnOpen,Buy,57,442.0,25194.0,5.0754,Filled,
2309,2024-05-17T04:00:00Z,2024-05-17T20:00:00Z,DE,MarketOnOpen,Sell,-127,382.677201,-48600.0,9.7828,Filled,
2310,2024-05-17T04:00:00Z,2024-05-17T20:00:00Z,CB,MarketOnOpen,Sell,-199,258.555457,-51452.54,10.5711,Filled,
2311,2024-05-17T04:00:00Z,2024-05-17T20:00:00Z,MDLZ,MarketOnOpen,Buy,374,67.113672,25100.51,4.974,Filled,
2312,2024-05-17T04:00:00Z,2024-05-17T20:00:00Z,SPY,MarketOnOpen,Buy,65,513.587036,33383.16,6.6855,Filled,
2313,2024-05-20T04:00:00Z,2024-05-20T20:00:00Z,MU,MarketOnOpen,Sell,-197,126.185348,-24858.51,5.0464,Filled,closed
2314,2024-05-20T04:00:00Z,2024-05-20T20:00:00Z,AVGO,MarketOnOpen,Buy,179,136.341052,24405.05,4.9441,Filled,closed
2315,2024-05-20T04:00:00Z,2024-05-20T20:00:00Z,BLK,MarketOnOpen,Buy,32,766.458474,24526.67,4.8824,Filled,closed
2316,2024-05-20T04:00:00Z,2024-05-20T20:00:00Z,LRCX,MarketOnOpen,Buy,280,89.623835,25094.67,5.1707,Filled,closed
2317,2024-05-20T04:00:00Z,2024-05-20T20:00:00Z,LOW,MarketOnOpen,Buy,113,220.226897,24885.64,4.9546,Filled,closed
2318,2024-05-20T04:00:00Z,2024-05-20T20:00:00Z,MDLZ,MarketOnOpen,Sell,-374,66.534864,-24884.04,4.907,Filled,closed
2319,2024-05-20T04:00:00Z,2024-05-20T20:00:00Z,NOW,MarketOnOpen,Buy,165,152.706,25196.49,5.1096,Filled,closed
2320,2024-05-20T04:00:00Z,2024-05-20T20:00:00Z,PFE,MarketOnOpen,Buy,1026,24.686071,25327.91,5.0408,Filled,closed
2321,2024-05-20T04:00:00Z,2024-05-20T20:00:00Z,UNH,MarketOnOpen,Sell,-50,496.302498,-24815.12,4.893,Filled,
2322,2024-05-20T04:00:00Z,2024-05-20T20:00:00Z,PM,MarketOnOpen,Sell,-274,91.549091,-25084.45,5.0028,Filled,
2323,2024-05-20T04:00:00Z,2024-05-20T20:00:00Z,ISRG,MarketOnOpen,Buy,63,398.58,25110.54,5.0404,Filled,
2324,2024-05-20T04:00:00Z,2024-05-20T20:00:00Z,SCHW,MarketOnOpen,Buy,328,76.513137,25096.31,5.0103,Filled,
2325,2024-05-20T04:00:00Z,2024-05-20T20:00:00Z,BSX,MarketOnOpen,Sell,-336,74.81,-25136.16,5.0642,Filled,
2326,2024-05-20T04:00:00Z,2024-05-20T20:00:00Z,REGN,MarketOnOpen,Sell,-25,971.254446,-24281.36,4.8902,Filled,
2327,2024-05-20T04:00:00Z,2024-05-20T20:00:00Z,DELL,MarketOnOpen,Sell,-173,145.834966,-25229.45,4.8636,Filled,
2328,2024-05-20T04:00:00Z,2024-05-20T20:00:00Z,SCCO,MarketOnOpen,Buy,230,109.71878,25235.32,5.1801,Filled,
2329,2024-05-20T04:00:00Z,2024-05-20T20:00:00Z,SPY,MarketOnOpen,Sell,-247,514.422374,-127062.33,25.4341,Filled,
2330,2024-05-21T04:00:00Z,2024-05-21T20:00:00Z,ABT,MarketOnOpen,Sell,-253,98.74954,-24983.63,4.9697,Filled,closed
2331,2024-05-21T04:00:00Z,2024-05-21T20:00:00Z,DELL,MarketOnOpen,Buy,173,140.181324,24251.37,4.9235,Filled,closed
2332,2024-05-21T04:00:00Z,2024-05-21T20:00:00Z,SCCO,MarketOnOpen,Sell,-230,111.983897,-25756.3,5.0779,Filled,closed
2333,2024-05-21T04:00:00Z,2024-05-21T20:00:00Z,INTC,MarketOnOpen,Buy,814,31.798285,25883.8,5.1347,Filled,closed
2334,2024-05-21T04:00:00Z,2024-05-21T20:00:00Z,KO,MarketOnOpen,Sell,-428,58.501106,-25038.47,5.0189,Filled,closed
2335,2024-05-21T04:00:00Z,2024-05-21T20:00:00Z,QCOM,MarketOnOpen,Sell,-136,186.151652,-25316.62,5.1857,Filled,closed
2336,2024-05-21T04:00:00Z,2024-05-21T20:00:00Z,REGN,MarketOnOpen,Buy,25,978.753677,24468.84,4.9233,Filled,closed
2337,2024-05-21T04:00:00Z,2024-05-21T20:00:00Z,SCHW,MarketOnOpen,Sell,-328,76.221844,-25000.76,5.0256,Filled,closed
2338,2024-05-21T04:00:00Z,2024-05-21T20:00:00Z,VRTX,MarketOnOpen,Sell,-57,446.0,-25422.0,5.0388,Filled,closed
2339,2024-05-21T04:00:00Z,2024-05-21T20:00:00Z,JPM,MarketOnOpen,Buy,135,188.014771,25381.99,5.1413,Filled,
2340,2024-05-21T04:00:00Z,2024-05-21T20:00:00Z,ADBE,MarketOnOpen,Buy,52,481.42,25033.84,5.0112,Filled,
2341,2024-05-21T04:00:00Z,2024-05-21T20:00:00Z,MU,MarketOnOpen,Buy,196,123.206703,24148.51,4.9624,Filled,
2342,2024-05-21T04:00:00Z,2024-05-21T20:00:00Z,ADI,MarketOnOpen,Sell,-120,207.275219,-24873.03,5.0086,Filled,
2343,2024-05-21T04:00:00Z,2024-05-21T20:00:00Z,ADP,MarketOnOpen,Sell,-106,237.053309,-25127.65,5.0084,Filled,
2344,2024-05-21T04:00:00Z,2024-05-21T20:00:00Z,CI,MarketOnOpen,Buy,79,318.878455,25191.4,5.0592,Filled,
2345,2024-05-21T04:00:00Z,2024-05-21T20:00:00Z,BX,MarketOnOpen,Buy,215,116.981113,25150.94,5.1086,Filled,
2346,2024-05-22T04:00:00Z,2024-05-22T20:00:00Z,ADP,MarketOnOpen,Buy,106,236.39743,25058.13,5.0458,Filled,closed
2347,2024-05-22T04:00:00Z,2024-05-22T20:00:00Z,BSX,MarketOnOpen,Buy,336,75.95,25519.2,5.0649,Filled,closed
2348,2024-05-22T04:00:00Z,2024-05-22T20:00:00Z,CRM,MarketOnOpen,Sell,-91,278.464269,-25340.25,5.0754,Filled,closed
2349,2024-05-22T04:00:00Z,2024-05-22T20:00:00Z,CVX,MarketOnOpen,Sell,-173,145.188675,-25117.64,4.9624,Filled,closed
2350,2024-05-22T04:00:00Z,2024-05-22T20:00:00Z,HON,MarketOnOpen,Buy,128,191.656458,24532.03,4.9029,Filled,closed
2351,2024-05-22T04:00:00Z,2024-05-22T20:00:00Z,JPM,MarketOnOpen,Sell,-135,189.92355,-25639.68,5.1102,Filled,closed
2352,2024-05-22T04:00:00Z,2024-05-22T20:00:00Z,MS,MarketOnOpen,Buy,268,95.306293,25542.09,5.0812,Filled,closed
2353,2024-05-22T04:00:00Z,2024-05-22T20:00:00Z,VZ,MarketOnOpen,Buy,731,34.263609,25046.7,5.0207,Filled,closed
2354,2024-05-22T04:00:00Z,2024-05-22T20:00:00Z,LLY,MarketOnOpen,Sell,-31,784.729818,-24326.62,4.9024,Filled,
2355,2024-05-22T04:00:00Z,2024-05-22T20:00:00Z,NFLX,MarketOnOpen,Buy,387,64.714,25044.32,4.9572,Filled,
2356,2024-05-22T04:00:00Z,2024-05-22T20:00:00Z,PFE,MarketOnOpen,Sell,-1024,24.513863,-25102.2,5.2197,Filled,
2357,2024-05-22T04:00:00Z,2024-05-22T20:00:00Z,NOW,MarketOnOpen,Sell,-162,156.0,-25272.0,4.995,Filled,
2358,2024-05-22T04:00:00Z,2024-05-22T20:00:00Z,NEE,MarketOnOpen,Sell,-351,70.961948,-24907.64,4.9861,Filled,
2359,2024-05-22T04:00:00Z,2024-05-22T20:00:00Z,UNP,MarketOnOpen,Buy,113,222.127941,25100.46,5.0188,Filled,
2360,2024-05-22T04:00:00Z,2024-05-22T20:00:00Z,NKE,MarketOnOpen,Sell,-288,86.35852,-24871.25,5.004,Filled,
2361,2024-05-22T04:00:00Z,2024-05-22T20:00:00Z,TJX,MarketOnOpen,Sell,-265,99.270207,-26306.6,5.2108,Filled,
2362,2024-05-22T04:00:00Z,2024-05-22T20:00:00Z,ANET,MarketOnOpen,Buy,317,79.9175,25333.85,5.0164,Filled,
2363,2024-05-22T04:00:00Z,2024-05-22T20:00:00Z,SCCO,MarketOnOpen,Buy,228,106.338529,24245.18,4.6345,Filled,
2364,2024-05-23T20:00:00Z,2024-05-24T20:00:00Z,ADI,MarketOnOpen,Buy,120,227.65884,27319.06,5.3755,Filled,closed
2365,2024-05-23T20:00:00Z,2024-05-24T20:00:00Z,COP,MarketOnOpen,Sell,-223,110.387925,-24616.51,4.8759,Filled,closed
2366,2024-05-23T20:00:00Z,2024-05-24T20:00:00Z,SCCO,MarketOnOpen,Sell,-228,102.801462,-23438.73,4.6683,Filled,closed
2367,2024-05-23T20:00:00Z,2024-05-24T20:00:00Z,MRK,MarketOnOpen,Buy,206,121.593774,25048.32,4.935,Filled,closed
2368,2024-05-23T20:00:00Z,2024-05-24T20:00:00Z,NKE,MarketOnOpen,Buy,288,86.189466,24822.57,4.9634,Filled,closed
2369,2024-05-23T20:00:00Z,2024-05-24T20:00:00Z,PFE,MarketOnOpen,Buy,1024,24.686071,25278.54,5.0927,Filled,closed
2370,2024-05-23T20:00:00Z,2024-05-24T20:00:00Z,TJX,MarketOnOpen,Buy,265,98.093743,25994.84,5.2634,Filled,closed
2371,2024-05-23T20:00:00Z,2024-05-24T20:00:00Z,TXN,MarketOnOpen,Sell,-137,186.936089,-25610.24,5.1311,Filled,closed
2372,2024-05-23T20:00:00Z,2024-05-24T20:00:00Z,XOM,MarketOnOpen,Buy,230,106.850616,24575.64,4.8548,Filled,closed
2373,2024-05-23T20:00:00Z,2024-05-24T20:00:00Z,CAT,MarketOnOpen,Buy,73,342.652354,25013.62,4.9497,Filled,
2374,2024-05-23T20:00:00Z,2024-05-24T20:00:00Z,AMGN,MarketOnOpen,Sell,-87,286.507756,-24926.17,4.9758,Filled,
2375,2024-05-23T20:00:00Z,2024-05-24T20:00:00Z,MS,MarketOnOpen,Sell,-269,93.612461,-25181.75,5.0105,Filled,
2376,2024-05-23T20:00:00Z,2024-05-24T20:00:00Z,RTX,MarketOnOpen,Buy,247,101.689486,25117.3,5.0443,Filled,
2377,2024-05-23T20:00:00Z,2024-05-24T20:00:00Z,BA,MarketOnOpen,Sell,-145,173.0,-25085.0,5.0611,Filled,
2378,2024-05-23T20:00:00Z,2024-05-24T20:00:00Z,MDT,MarketOnOpen,Sell,-334,74.643858,-24931.05,5.0662,Filled,
2379,2024-05-23T20:00:00Z,2024-05-24T20:00:00Z,BSX,MarketOnOpen,Sell,-337,74.54,-25119.98,5.0975,Filled,
2380,2024-05-23T20:00:00Z,2024-05-24T20:00:00Z,REGN,MarketOnOpen,Sell,-25,974.840604,-24371.02,4.8791,Filled,
2381,2024-05-23T20:00:00Z,2024-05-24T20:00:00Z,MDLZ,MarketOnOpen,Buy,390,64.144949,25016.53,4.9735,Filled,
2382,2024-05-24T20:00:00Z,2024-05-28T20:00:00Z,ADBE,MarketOnOpen,Sell,-52,473.01,-24596.52,4.9757,Filled,closed
2383,2024-05-24T20:00:00Z,2024-05-28T20:00:00Z,AMGN,MarketOnOpen,Buy,87,283.412851,24656.92,4.8839,Filled,closed
2384,2024-05-24T20:00:00Z,2024-05-28T20:00:00Z,DE,MarketOnOpen,Buy,65,363.789263,23646.3,4.657,Filled,closed
2385,2024-05-24T20:00:00Z,2024-05-28T20:00:00Z,NOW,MarketOnOpen,Buy,162,147.776,23939.71,4.723,Filled,closed
2386,2024-05-24T20:00:00Z,2024-05-28T20:00:00Z,MSFT,MarketOnOpen,Sell,-59,422.551325,-24930.53,4.9898,Filled,
2387,2024-05-24T20:00:00Z,2024-05-28T20:00:00Z,NVDA,MarketOnOpen,Sell,-235,109.962581,-25841.21,5.3379,Filled,
2388,2024-05-24T20:00:00Z,2024-05-28T20:00:00Z,AVGO,MarketOnOpen,Sell,-182,137.708369,-25062.92,5.0213,Filled,
2389,2024-05-24T20:00:00Z,2024-05-28T20:00:00Z,AMAT,MarketOnOpen,Sell,-115,218.23474,-25097.0,5.0006,Filled,
2390,2024-05-24T20:00:00Z,2024-05-28T20:00:00Z,AXP,MarketOnOpen,Buy,107,232.017324,24825.85,4.9547,Filled,
2391,2024-05-24T20:00:00Z,2024-05-28T20:00:00Z,PFE,MarketOnOpen,Sell,-1006,24.798007,-24946.79,4.9045,Filled,
2392,2024-05-24T20:00:00Z,2024-05-28T20:00:00Z,LMT,MarketOnOpen,Sell,-57,436.075892,-24856.33,4.8951,Filled,
2393,2024-05-24T20:00:00Z,2024-05-28T20:00:00Z,PLD,MarketOnOpen,Buy,259,97.33441,25209.61,5.0066,Filled,
2394,2024-05-24T20:00:00Z,2024-05-28T20:00:00Z,SCCO,MarketOnOpen,Buy,244,106.991928,26106.03,5.1409,Filled,
2395,2024-05-24T20:00:00Z,2024-05-28T20:00:00Z,SPY,MarketOnOpen,Buy,160,515.005168,82400.83,16.4677,Filled,
2396,2024-05-28T20:00:00Z,,ABBV,MarketOnOpen,Sell,-169,0.0,0.0,0.0,Canceled,closed
2397,2024-05-28T20:00:00Z,2024-05-29T20:00:00Z,SCCO,MarketOnOpen,Sell,-244,103.785916,-25323.76,5.0801,Filled,closed
2398,2024-05-28T20:00:00Z,,LIN,MarketOnOpen,Sell,-61,0.0,0.0,0.0,Canceled,closed
2399,2024-05-28T20:00:00Z,2024-05-29T20:00:00Z,LMT,MarketOnOpen,Buy,57,427.056733,24342.23,4.8336,Filled,closed
2400,2024-05-28T20:00:00Z,,META,MarketOnOpen,Sell,-57,0.0,0.0,0.0,Canceled,closed
2401,2024-05-28T20:00:00Z,,NEE,MarketOnOpen,Buy,351,0.0,0.0,0.0,Canceled,closed
2402,2024-05-28T20:00:00Z,,PFE,MarketOnOpen,Buy,1006,0.0,0.0,0.0,Canceled,closed
2403,2024-05-28T20:00:00Z,,MAAS,MarketOnOpen,Sell,-47,0.0,0.0,0.0,Canceled,closed
2404,2024-05-28T20:00:00Z,,UNH,MarketOnOpen,Buy,50,0.0,0.0,0.0,Canceled,closed
2405,2024-05-28T20:00:00Z,,UNP,MarketOnOpen,Sell,-113,0.0,0.0,0.0,Canceled,closed
2406,2024-05-28T20:00:00Z,2024-05-29T20:00:00Z,AMAT,MarketOnOpen,Buy,229,213.912287,48985.91,9.8557,Filled,
2407,2024-05-28T20:00:00Z,2024-05-29T20:00:00Z,AXP,MarketOnOpen,Sell,-214,229.772783,-49171.38,9.8547,Filled,
2408,2024-05-28T20:00:00Z,2024-05-29T20:00:00Z,AMGN,MarketOnOpen,Sell,-88,279.607334,-24605.45,4.8772,Filled,
2409,2024-05-28T20:00:00Z,2024-05-29T20:00:00Z,ADI,MarketOnOpen,Sell,-111,221.310633,-24565.48,4.8791,Filled,
2410,2024-05-28T20:00:00Z,2024-05-29T20:00:00Z,DELL,MarketOnOpen,Sell,-155,159.896588,-24783.97,5.3717,Filled,
2411,2024-05-28T20:00:00Z,2024-05-29T20:00:00Z,KKR,MarketOnOpen,Buy,240,102.230097,24535.22,4.8693,Filled,
2412,2024-05-28T20:00:00Z,2024-05-29T20:00:00Z,ABNB,MarketOnOpen,Buy,169,144.88,24484.72,4.9554,Filled,
2413,2024-05-28T20:00:00Z,2024-05-29T20:00:00Z,SPY,MarketOnOpen,Buy,165,510.663354,84259.45,16.8634,Filled,
2414,2024-05-29T04:00:00Z,2024-05-29T20:00:00Z,ABBV,MarketOnOpen,Sell,-169,143.721951,-24289.01,4.8547,Filled,closed
2415,2024-05-29T04:00:00Z,2024-05-29T20:00:00Z,MU,MarketOnOpen,Sell,-196,128.975346,-25279.17,5.1212,Filled,closed
2416,2024-05-29T04:00:00Z,2024-05-29T20:00:00Z,BSX,MarketOnOpen,Buy,337,74.78,25200.86,5.0537,Filled,closed
2417,2024-05-29T04:00:00Z,2024-05-29T20:00:00Z,LIN,MarketOnOpen,Sell,-61,412.035363,-25134.16,5.0333,Filled,closed
2418,2024-05-29T04:00:00Z,2024-05-29T20:00:00Z,MCD,MarketOnOpen,Sell,-97,238.428811,-23127.59,4.5527,Filled,closed
2419,2024-05-29T04:00:00Z,2024-05-29T20:00:00Z,MDLZ,MarketOnOpen,Sell,-390,62.539225,-24390.3,4.8737,Filled,closed
2420,2024-05-29T04:00:00Z,2024-05-29T20:00:00Z,MDT,MarketOnOpen,Buy,334,74.966433,25038.79,5.017,Filled,closed
2421,2024-05-29T04:00:00Z,2024-05-29T20:00:00Z,META,MarketOnOpen,Sell,-57,470.457503,-26816.08,5.3621,Filled,closed
2422,2024-05-29T04:00:00Z,2024-05-29T20:00:00Z,MS,MarketOnOpen,Buy,269,91.626913,24647.64,4.9245,Filled,closed
2423,2024-05-29T04:00:00Z,2024-05-29T20:00:00Z,NEE,MarketOnOpen,Buy,351,71.445885,25077.51,5.0096,Filled,closed
2424,2024-05-29T04:00:00Z,2024-05-29T20:00:00Z,NVDA,MarketOnOpen,Buy,235,112.703636,26485.35,5.3814,Filled,closed
2425,2024-05-29T04:00:00Z,2024-05-29T20:00:00Z,PFE,MarketOnOpen,Buy,1006,24.24694,24392.42,4.8196,Filled,closed
2426,2024-05-29T04:00:00Z,2024-05-29T20:00:00Z,MAAS,MarketOnOpen,Sell,-47,555.0,-26085.0,5.2339,Filled,closed
2427,2024-05-29T04:00:00Z,2024-05-29T20:00:00Z,UNH,MarketOnOpen,Buy,50,465.756003,23287.8,4.5855,Filled,closed
2428,2024-05-29T04:00:00Z,2024-05-29T20:00:00Z,UNP,MarketOnOpen,Sell,-113,214.577653,-24247.27,4.83,Filled,closed
2429,2024-05-29T04:00:00Z,2024-05-29T20:00:00Z,MA,MarketOnOpen,Buy,56,436.705096,24455.49,4.8895,Filled,
2430,2024-05-29T04:00:00Z,2024-05-29T20:00:00Z,HD,MarketOnOpen,Buy,80,306.182936,24494.63,4.8896,Filled,
2431,2024-05-29T04:00:00Z,2024-05-29T20:00:00Z,MRK,MarketOnOpen,Buy,214,116.681922,24969.93,4.9845,Filled,
2432,2024-05-29T04:00:00Z,2024-05-29T20:00:00Z,QCOM,MarketOnOpen,Sell,-123,198.016909,-24356.08,4.863,Filled,
2433,2024-05-29T04:00:00Z,2024-05-29T20:00:00Z,TXN,MarketOnOpen,Buy,133,184.895897,24591.15,4.8745,Filled,
2434,2024-05-29T04:00:00Z,2024-05-29T20:00:00Z,ELV,MarketOnOpen,Buy,50,493.393917,24669.7,4.8384,Filled,
2435,2024-05-29T04:00:00Z,2024-05-29T20:00:00Z,PGR,MarketOnOpen,Buy,132,188.030298,24820.0,4.9329,Filled,
2436,2024-05-29T04:00:00Z,2024-05-29T20:00:00Z,TJX,MarketOnOpen,Sell,-253,98.268754,-24861.99,4.9906,Filled,
2437,2024-05-29T04:00:00Z,2024-05-29T20:00:00Z,BLK,MarketOnOpen,Sell,-34,723.170027,-24587.78,4.8743,Filled,
2438,2024-05-29T04:00:00Z,2024-05-29T20:00:00Z,MRSH,MarketOnOpen,Buy,127,195.162687,24785.66,4.933,Filled,
2439,2024-05-29T04:00:00Z,2024-05-29T20:00:00Z,PANW,MarketOnOpen,Buy,162,152.725,24741.45,4.9724,Filled,
2440,2024-05-29T04:00:00Z,2024-05-29T20:00:00Z,SPY,MarketOnOpen,Sell,-486,510.663354,-248182.39,49.6705,Filled,
2441,2024-05-30T04:00:00Z,2024-05-30T20:00:00Z,AMGN,MarketOnOpen,Buy,88,277.868203,24452.4,4.9533,Filled,closed
2442,2024-05-30T04:00:00Z,2024-05-30T20:00:00Z,BX,MarketOnOpen,Sell,-215,108.013336,-23222.87,4.7734,Filled,closed
2443,2024-05-30T04:00:00Z,2024-05-30T20:00:00Z,DELL,MarketOnOpen,Buy,155,172.179971,26687.9,5.0904,Filled,closed
2444,2024-05-30T04:00:00Z,2024-05-30T20:00:00Z,ELV,MarketOnOpen,Sell,-50,483.3729,-24168.64,4.8558,Filled,closed
2445,2024-05-30T04:00:00Z,2024-05-30T20:00:00Z,PGR,MarketOnOpen,Sell,-132,186.852982,-24664.59,5.0247,Filled,closed
2446,2024-05-30T04:00:00Z,2024-05-30T20:00:00Z,TJX,MarketOnOpen,Buy,253,99.163255,25088.3,5.0856,Filled,closed
2447,2024-05-30T04:00:00Z,2024-05-30T20:00:00Z,TXN,MarketOnOpen,Sell,-133,183.758279,-24439.85,4.8937,Filled,closed
2448,2024-05-30T04:00:00Z,2024-05-30T20:00:00Z,XOM,MarketOnOpen,Buy,235,105.38984,24766.61,4.9848,Filled,
2449,2024-05-30T04:00:00Z,2024-05-30T20:00:00Z,MCD,MarketOnOpen,Buy,106,235.840876,24999.13,5.029,Filled,
2450,2024-05-30T04:00:00Z,2024-05-30T20:00:00Z,C,MarketOnOpen,Buy,426,58.439162,24895.08,4.9654,Filled,
2451,2024-05-30T04:00:00Z,2024-05-30T20:00:00Z,ADP,MarketOnOpen,Buy,110,225.500474,24805.05,4.966,Filled,
2452,2024-05-30T04:00:00Z,2024-05-30T20:00:00Z,SCCO,MarketOnOpen,Buy,239,101.607919,24284.29,4.9422,Filled,
2453,2024-05-30T04:00:00Z,2024-05-30T20:00:00Z,MDLZ,MarketOnOpen,Buy,398,62.716601,24961.21,5.045,Filled,
2454,2024-05-30T04:00:00Z,2024-05-30T20:00:00Z,SPY,MarketOnOpen,Sell,-57,509.439487,-29038.05,5.7869,Filled,
2455,2024-05-31T04:00:00Z,2024-05-31T20:00:00Z,ACN,MarketOnOpen,Sell,-88,269.47326,-23713.65,4.7009,Filled,closed
2456,2024-05-31T04:00:00Z,2024-05-31T20:00:00Z,C,MarketOnOpen,Sell,-426,58.345057,-24854.99,4.9959,Filled,closed
2457,2024-05-31T04:00:00Z,2024-05-31T20:00:00Z,CB,MarketOnOpen,Buy,97,257.315941,24959.65,5.0877,Filled,closed
2458,2024-05-31T04:00:00Z,2024-05-31T20:00:00Z,DHR,MarketOnOpen,Sell,-96,249.65114,-23966.51,4.8636,Filled,closed
2459,2024-05-31T04:00:00Z,2024-05-31T20:00:00Z,SCCO,MarketOnOpen,Sell,-239,103.812052,-24811.08,4.9401,Filled,closed
2460,2024-05-31T04:00:00Z,2024-05-31T20:00:00Z,MDLZ,MarketOnOpen,Sell,-398,63.08069,-25106.11,5.0926,Filled,closed
2461,2024-05-31T04:00:00Z,2024-05-31T20:00:00Z,PM,MarketOnOpen,Buy,274,91.008249,24936.26,5.0927,Filled,closed
2462,2024-05-31T04:00:00Z,2024-05-31T20:00:00Z,MSFT,MarketOnOpen,Buy,59,409.383446,24153.62,4.8137,Filled,closed
2463,2024-05-31T04:00:00Z,2024-05-31T20:00:00Z,TMUS,MarketOnOpen,Sell,-162,162.726021,-26361.62,5.4233,Filled,closed
2464,2024-05-31T04:00:00Z,2024-05-31T20:00:00Z,TSLA,MarketOnOpen,Sell,-139,178.4,-24797.6,4.9506,Filled,
2465,2024-05-31T04:00:00Z,2024-05-31T20:00:00Z,ORCL,MarketOnOpen,Buy,219,113.130483,24775.58,4.9806,Filled,
2466,2024-05-31T04:00:00Z,2024-05-31T20:00:00Z,PEP,MarketOnOpen,Buy,160,154.900361,24784.06,5.0411,Filled,
2467,2024-05-31T04:00:00Z,2024-05-31T20:00:00Z,QCOM,MarketOnOpen,Buy,250,198.247026,49561.76,9.7241,Filled,
2468,2024-05-31T04:00:00Z,2024-05-31T20:00:00Z,TMO,MarketOnOpen,Sell,-44,559.897523,-24635.49,4.9567,Filled,
2469,2024-05-31T04:00:00Z,2024-05-31T20:00:00Z,TXN,MarketOnOpen,Buy,135,183.683064,24797.21,4.9503,Filled,
2470,2024-05-31T04:00:00Z,2024-05-31T20:00:00Z,VZ,MarketOnOpen,Buy,715,34.643357,24770.0,5.0787,Filled,
2471,2024-05-31T04:00:00Z,2024-05-31T20:00:00Z,INTU,MarketOnOpen,Sell,-85,550.348686,-46779.64,9.6151,Filled,
2472,2024-05-31T04:00:00Z,2024-05-31T20:00:00Z,IBM,MarketOnOpen,Sell,-160,155.636399,-24901.82,5.017,Filled,
2473,2024-05-31T04:00:00Z,2024-05-31T20:00:00Z,GS,MarketOnOpen,Buy,57,429.722203,24494.17,4.9725,Filled,
2474,2024-05-31T04:00:00Z,2024-05-31T20:00:00Z,NKE,MarketOnOpen,Buy,283,87.701562,24819.54,5.0527,Filled,
2475,2024-05-31T04:00:00Z,2024-05-31T20:00:00Z,UNP,MarketOnOpen,Buy,114,217.105078,24749.98,5.0511,Filled,
2476,2024-05-31T04:00:00Z,2024-05-31T20:00:00Z,ETN,MarketOnOpen,Buy,76,324.488831,24661.15,4.9234,Filled,
2477,2024-05-31T04:00:00Z,2024-05-31T20:00:00Z,TJX,MarketOnOpen,Sell,-247,100.505007,-24824.74,4.952,Filled,
2478,2024-05-31T04:00:00Z,2024-05-31T20:00:00Z,BSX,MarketOnOpen,Sell,-332,75.18,-24959.76,5.0178,Filled,
2479,2024-05-31T04:00:00Z,2024-05-31T20:00:00Z,MDT,MarketOnOpen,Sell,-335,74.395015,-24922.33,5.0246,Filled,
2480,2024-05-31T04:00:00Z,2024-05-31T20:00:00Z,SPY,MarketOnOpen,Buy,47,508.633289,23905.76,4.8151,Filled,
2481,2024-06-03T04:00:00Z,2024-06-03T20:00:00Z,AVGO,MarketOnOpen,Buy,182,132.112135,24044.41,4.6994,Filled,closed
2482,2024-06-03T04:00:00Z,2024-06-03T20:00:00Z,AXP,MarketOnOpen,Buy,107,234.388732,25079.59,4.947,Filled,closed
2483,2024-06-03T04:00:00Z,2024-06-03T20:00:00Z,BSX,MarketOnOpen,Buy,332,75.33,25009.56,5.0132,Filled,closed
2484,2024-06-03T04:00:00Z,2024-06-03T20:00:00Z,KKR,MarketOnOpen,Sell,-240,102.377544,-24570.61,4.8679,Filled,closed
2485,2024-06-03T04:00:00Z,2024-06-03T20:00:00Z,ETN,MarketOnOpen,Sell,-76,325.024051,-24701.83,4.7993,Filled,closed
2486,2024-06-03T04:00:00Z,2024-06-03T20:00:00Z,MRSH,MarketOnOpen,Sell,-127,199.182298,-25296.15,5.0441,Filled,closed
2487,2024-06-03T04:00:00Z,2024-06-03T20:00:00Z,NFLX,MarketOnOpen,Sell,-387,64.493,-24958.79,4.9055,Filled,closed
2488,2024-06-03T04:00:00Z,2024-06-03T20:00:00Z,PLD,MarketOnOpen,Sell,-259,101.96456,-26408.82,5.1211,Filled,closed
2489,2024-06-03T04:00:00Z,2024-06-03T20:00:00Z,TMO,MarketOnOpen,Buy,44,564.657629,24844.94,4.9706,Filled,closed
2490,2024-06-03T04:00:00Z,2024-06-03T20:00:00Z,TXN,MarketOnOpen,Sell,-135,184.623245,-24924.14,4.9176,Filled,closed
2491,2024-06-03T04:00:00Z,2024-06-03T20:00:00Z,UNP,MarketOnOpen,Sell,-114,221.710567,-25275.0,4.9535,Filled,closed
2492,2024-06-03T04:00:00Z,2024-06-03T20:00:00Z,AMZN,MarketOnOpen,Buy,141,177.71,25057.11,5.0292,Filled,
2493,2024-06-03T04:00:00Z,2024-06-03T20:00:00Z,ABBV,MarketOnOpen,Buy,166,148.463504,24644.94,4.9348,Filled,
2494,2024-06-03T04:00:00Z,2024-06-03T20:00:00Z,MAAS,MarketOnOpen,Buy,49,522.0,25578.0,5.1332,Filled,
2495,2024-06-03T04:00:00Z,2024-06-03T20:00:00Z,ABT,MarketOnOpen,Buy,255,97.461751,24852.75,5.0046,Filled,
2496,2024-06-03T04:00:00Z,2024-06-03T20:00:00Z,VZ,MarketOnOpen,Sell,-1416,35.540943,-50325.97,10.0163,Filled,
2497,2024-06-03T04:00:00Z,2024-06-03T20:00:00Z,MS,MarketOnOpen,Sell,-270,92.219754,-24899.33,4.9499,Filled,
2498,2024-06-03T04:00:00Z,2024-06-03T20:00:00Z,PM,MarketOnOpen,Sell,-268,92.804946,-24871.73,5.0589,Filled,
2499,2024-06-03T04:00:00Z,2024-06-03T20:00:00Z,COP,MarketOnOpen,Buy,229,108.401894,24824.03,4.8627,Filled,
2500,2024-06-03T04:00:00Z,2024-06-03T20:00:00Z,UPS,MarketOnOpen,Buy,205,121.667215,24941.78,4.945,Filled,
2501,2024-06-03T04:00:00Z,2024-06-03T20:00:00Z,LMT,MarketOnOpen,Sell,-56,439.383851,-24605.5,4.938,Filled,
2502,2024-06-03T04:00:00Z,2024-06-03T20:00:00Z,CB,MarketOnOpen,Sell,-94,261.460575,-24577.29,4.8543,Filled,
2503,2024-06-03T04:00:00Z,2024-06-03T20:00:00Z,DE,MarketOnOpen,Sell,-68,364.1385,-24761.42,4.8568,Filled,
2504,2024-06-03T04:00:00Z,2024-06-03T20:00:00Z,DELL,MarketOnOpen,Buy,184,135.842033,24994.93,4.6956,Filled,
2505,2024-06-03T04:00:00Z,2024-06-03T20:00:00Z,SCCO,MarketOnOpen,Buy,241,103.75978,25006.11,4.8605,Filled,
2506,2024-06-04T04:00:00Z,2024-06-04T20:00:00Z,CAT,MarketOnOpen,Sell,-73,319.400111,-23316.21,4.6471,Filled,closed
2507,2024-06-04T04:00:00Z,2024-06-04T20:00:00Z,COP,MarketOnOpen,Sell,-229,105.175758,-24085.25,4.7944,Filled,closed
2508,2024-06-04T04:00:00Z,2024-06-04T20:00:00Z,DE,MarketOnOpen,Buy,68,356.901519,24269.3,4.8733,Filled,closed
2509,2024-06-04T04:00:00Z,2024-06-04T20:00:00Z,SCCO,MarketOnOpen,Sell,-241,98.619707,-23767.35,4.6267,Filled,closed
2510,2024-06-04T04:00:00Z,2024-06-04T20:00:00Z,HD,MarketOnOpen,Sell,-80,308.632484,-24690.6,4.9591,Filled,closed
2511,2024-06-04T04:00:00Z,2024-06-04T20:00:00Z,IBM,MarketOnOpen,Buy,160,154.931652,24789.06,4.9858,Filled,closed
2512,2024-06-04T04:00:00Z,2024-06-04T20:00:00Z,MAAS,MarketOnOpen,Sell,-49,523.8,-25666.2,5.1097,Filled,closed
2513,2024-06-04T04:00:00Z,2024-06-04T20:00:00Z,TJX,MarketOnOpen,Buy,247,102.235673,25252.21,5.085,Filled,closed
2514,2024-06-04T04:00:00Z,2024-06-04T20:00:00Z,TSLA,MarketOnOpen,Buy,139,174.81,24298.59,4.8586,Filled,closed
2515,2024-06-04T04:00:00Z,2024-06-04T20:00:00Z,UPS,MarketOnOpen,Sell,-205,120.164183,-24633.66,4.8453,Filled,closed
2516,2024-06-04T04:00:00Z,2024-06-04T20:00:00Z,ADBE,MarketOnOpen,Buy,56,442.82,24797.92,5.0217,Filled,
2517,2024-06-04T04:00:00Z,2024-06-04T20:00:00Z,PFE,MarketOnOpen,Buy,981,25.228528,24749.19,4.9819,Filled,
2518,2024-06-04T04:00:00Z,2024-06-04T20:00:00Z,NOW,MarketOnOpen,Buy,187,131.434,24578.16,5.0266,Filled,
2519,2024-06-04T04:00:00Z,2024-06-04T20:00:00Z,VRTX,MarketOnOpen,Buy,52,472.57,24573.64,4.9395,Filled,
2520,2024-06-04T04:00:00Z,2024-06-04T20:00:00Z,C,MarketOnOpen,Sell,-425,57.441649,-24412.7,4.8817,Filled,
2521,2024-06-04T04:00:00Z,2024-06-04T20:00:00Z,BSX,MarketOnOpen,Sell,-328,75.38,-24724.64,4.9804,Filled,
2522,2024-06-04T04:00:00Z,2024-06-04T20:00:00Z,MRSH,MarketOnOpen,Sell,-124,197.999493,-24551.94,4.9722,Filled,
2523,2024-06-04T04:00:00Z,2024-06-04T20:00:00Z,PLD,MarketOnOpen,Buy,250,98.033996,24508.5,5.0062,Filled,
2524,2024-06-04T04:00:00Z,2024-06-04T20:00:00Z,SBUX,MarketOnOpen,Buy,319,77.475208,24714.59,4.9924,Filled,
2525,2024-06-05T20:00:00Z,2024-06-06T20:00:00Z,AAPL,MarketOnOpen,Buy,138,193.743161,26736.56,5.317,Filled,closed
2526,2024-06-05T20:00:00Z,2024-06-06T20:00:00Z,ABBV,MarketOnOpen,Sell,-166,153.557658,-25490.57,5.193,Filled,closed
2527,2024-06-05T20:00:00Z,2024-06-06T20:00:00Z,ADBE,MarketOnOpen,Sell,-56,457.7,-25631.2,5.1311,Filled,closed
2528,2024-06-05T20:00:00Z,2024-06-06T20:00:00Z,AMAT,MarketOnOpen,Sell,-114,217.763199,-24825.0,4.9668,Filled,closed
2529,2024-06-05T20:00:00Z,2024-06-06T20:00:00Z,BLK,MarketOnOpen,Buy,34,746.287517,25373.78,5.0157,Filled,closed
2530,2024-06-05T20:00:00Z,2024-06-06T20:00:00Z,ANET,MarketOnOpen,Sell,-317,73.90875,-23429.07,4.7,Filled,closed
2531,2024-06-05T20:00:00Z,2024-06-06T20:00:00Z,MCD,MarketOnOpen,Sell,-106,247.127977,-26195.57,5.2353,Filled,closed
2532,2024-06-05T20:00:00Z,2024-06-06T20:00:00Z,NOW,MarketOnOpen,Sell,-187,141.246,-26413.0,5.2596,Filled,closed
2533,2024-06-05T20:00:00Z,2024-06-06T20:00:00Z,PM,MarketOnOpen,Buy,268,95.33499,25549.78,5.1217,Filled,closed
2534,2024-06-05T20:00:00Z,2024-06-06T20:00:00Z,VRTX,MarketOnOpen,Sell,-52,484.41,-25189.32,5.0495,Filled,closed
2535,2024-06-05T20:00:00Z,2024-06-06T20:00:00Z,VZ,MarketOnOpen,Buy,701,35.661771,24998.9,5.001,Filled,closed
2536,2024-06-05T20:00:00Z,2024-06-06T20:00:00Z,WMT,MarketOnOpen,Buy,400,65.672408,26268.96,5.2608,Filled,closed
2537,2024-06-05T20:00:00Z,2024-06-06T20:00:00Z,CVX,MarketOnOpen,Buy,175,140.392134,24568.62,4.9672,Filled,
2538,2024-06-05T20:00:00Z,2024-06-06T20:00:00Z,ACN,MarketOnOpen,Buy,90,275.528839,24797.6,4.9687,Filled,
2539,2024-06-05T20:00:00Z,2024-06-06T20:00:00Z,TXN,MarketOnOpen,Buy,134,184.256574,24690.38,4.9446,Filled,
2540,2024-06-05T20:00:00Z,2024-06-06T20:00:00Z,NEE,MarketOnOpen,Sell,-343,72.067913,-24719.29,4.9284,Filled,
2541,2024-06-05T20:00:00Z,2024-06-06T20:00:00Z,UPS,MarketOnOpen,Sell,-206,119.379992,-24592.28,4.9382,Filled,
2542,2024-06-05T20:00:00Z,2024-06-06T20:00:00Z,AMT,MarketOnOpen,Buy,135,183.088739,24716.98,4.9806,Filled,
2543,2024-06-06T20:00:00Z,2024-06-07T20:00:00Z,C,MarketOnOpen,Buy,425,57.968637,24636.67,4.9417,Filled,closed
2544,2024-06-06T20:00:00Z,,CSCO,MarketOnOpen,Sell,-545,0.0,0.0,0.0,Canceled,closed
2545,2024-06-06T20:00:00Z,,INTU,MarketOnOpen,Buy,45,0.0,0.0,0.0,Canceled,closed
2546,2024-06-06T20:00:00Z,2024-06-07T20:00:00Z,ISRG,MarketOnOpen,Sell,-63,418.13,-26342.19,5.2619,Filled,closed
2547,2024-06-06T20:00:00Z,,MRSH,MarketOnOpen,Buy,124,0.0,0.0,0.0,Canceled,closed
2548,2024-06-06T20:00:00Z,,MS,MarketOnOpen,Buy,270,0.0,0.0,0.0,Canceled,closed
2549,2024-06-06T20:00:00Z,2024-06-07T20:00:00Z,NKE,MarketOnOpen,Sell,-283,89.882863,-25436.85,5.1525,Filled,closed
2550,2024-06-06T20:00:00Z,2024-06-07T20:00:00Z,RTX,MarketOnOpen,Sell,-247,103.870674,-25656.06,5.1317,Filled,closed
2551,2024-06-06T20:00:00Z,,TXN,MarketOnOpen,Sell,-134,0.0,0.0,0.0,Canceled,closed
2552,2024-06-06T20:00:00Z,2024-06-07T20:00:00Z,MCD,MarketOnOpen,Buy,100,246.332348,24633.23,4.8535,Filled,
2553,2024-06-06T20:00:00Z,2024-06-07T20:00:00Z,AMAT,MarketOnOpen,Buy,113,220.258433,24889.2,4.9228,Filled,
2554,2024-06-06T20:00:00Z,2024-06-07T20:00:00Z,AXP,MarketOnOpen,Buy,108,226.806084,24495.06,4.9045,Filled,
2555,2024-06-06T20:00:00Z,2024-06-07T20:00:00Z,MU,MarketOnOpen,Buy,192,129.372499,24839.52,4.9923,Filled,
2556,2024-06-06T20:00:00Z,2024-06-07T20:00:00Z,SCHW,MarketOnOpen,Buy,344,71.852439,24717.24,4.9388,Filled,
2557,2024-06-06T20:00:00Z,2024-06-07T20:00:00Z,BKNG,MarketOnOpen,Sell,-166,148.702974,-24684.69,4.9706,Filled,
2558,2024-06-06T20:00:00Z,2024-06-07T20:00:00Z,PGR,MarketOnOpen,Sell,-126,197.761554,-24917.96,4.9261,Filled,
2559,2024-06-06T20:00:00Z,2024-06-07T20:00:00Z,BLK,MarketOnOpen,Sell,-33,732.134821,-24160.45,4.8384,Filled,
2560,2024-06-06T20:00:00Z,2024-06-07T20:00:00Z,ANET,MarketOnOpen,Buy,334,74.385,24844.59,4.9564,Filled,
2561,2024-06-06T20:00:00Z,2024-06-07T20:00:00Z,SPY,MarketOnOpen,Sell,-189,518.395085,-97976.67,19.6067,Filled,
2562,2024-06-07T04:00:00Z,2024-06-07T20:00:00Z,ADI,MarketOnOpen,Buy,111,228.293586,25340.59,5.0406,Filled,closed
2563,2024-06-07T04:00:00Z,2024-06-07T20:00:00Z,AMZN,MarketOnOpen,Sell,-141,185.0,-26085.0,5.1973,Filled,closed
2564,2024-06-07T04:00:00Z,2024-06-07T20:00:00Z,CSCO,MarketOnOpen,Sell,-545,43.434598,-23671.86,4.7241,Filled,closed
2565,2024-06-07T04:00:00Z,2024-06-07T20:00:00Z,INTU,MarketOnOpen,Buy,45,561.897276,25285.38,5.0679,Filled,closed
2566,2024-06-07T04:00:00Z,2024-06-07T20:00:00Z,MRSH,MarketOnOpen,Buy,124,202.903803,25160.07,5.0079,Filled,closed
2567,2024-06-07T04:00:00Z,2024-06-07T20:00:00Z,MS,MarketOnOpen,Buy,270,90.450641,24421.67,4.9362,Filled,closed
2568,2024-06-07T04:00:00Z,2024-06-07T20:00:00Z,NEE,MarketOnOpen,Buy,343,70.775299,24275.93,4.8443,Filled,closed
2569,2024-06-07T04:00:00Z,2024-06-07T20:00:00Z,QCOM,MarketOnOpen,Sell,-127,199.895907,-25386.78,5.0021,Filled,closed
2570,2024-06-07T04:00:00Z,2024-06-07T20:00:00Z,TXN,MarketOnOpen,Sell,-134,184.501021,-24723.14,4.9288,Filled,closed
2571,2024-06-07T04:00:00Z,2024-06-07T20:00:00Z,CRM,MarketOnOpen,Buy,104,237.776906,24728.8,4.9427,Filled,
2572,2024-06-07T04:00:00Z,2024-06-07T20:00:00Z,AMGN,MarketOnOpen,Buy,86,286.788261,24663.79,4.9054,Filled,
2573,2024-06-07T04:00:00Z,2024-06-07T20:00:00Z,RTX,MarketOnOpen,Sell,-238,103.870674,-24721.22,4.9447,Filled,
2574,2024-06-07T04:00:00Z,2024-06-07T20:00:00Z,SYK,MarketOnOpen,Buy,72,342.389298,24652.03,4.9235,Filled,
2575,2024-06-07T04:00:00Z,2024-06-07T20:00:00Z,LRCX,MarketOnOpen,Sell,-263,95.295957,-25062.84,4.9634,Filled,
2576,2024-06-07T04:00:00Z,2024-06-07T20:00:00Z,LOW,MarketOnOpen,Sell,-118,206.910541,-24415.44,4.8917,Filled,
2577,2024-06-07T04:00:00Z,2024-06-07T20:00:00Z,MDLZ,MarketOnOpen,Buy,389,63.351422,24643.7,4.9251,Filled,
2578,2024-06-07T04:00:00Z,2024-06-07T20:00:00Z,SPY,MarketOnOpen,Sell,-133,518.395085,-68946.55,13.7973,Filled,
2579,2024-06-10T04:00:00Z,2024-06-10T20:00:00Z,MU,MarketOnOpen,Sell,-192,128.786698,-24727.05,5.1402,Filled,closed
2580,2024-06-10T04:00:00Z,2024-06-10T20:00:00Z,ADP,MarketOnOpen,Sell,-110,235.441721,-25898.59,5.0888,Filled,closed
2581,2024-06-10T04:00:00Z,2024-06-10T20:00:00Z,BKNG,MarketOnOpen,Buy,166,149.420324,24803.77,4.9388,Filled,closed
2582,2024-06-10T04:00:00Z,2024-06-10T20:00:00Z,LRCX,MarketOnOpen,Buy,263,93.628724,24624.35,5.1714,Filled,closed
2583,2024-06-10T04:00:00Z,2024-06-10T20:00:00Z,MCD,MarketOnOpen,Sell,-100,242.477338,-24247.73,4.8081,Filled,closed
2584,2024-06-10T04:00:00Z,2024-06-10T20:00:00Z,PGR,MarketOnOpen,Buy,126,194.763076,24540.15,4.874,Filled,closed
2585,2024-06-10T04:00:00Z,2024-06-10T20:00:00Z,PLD,MarketOnOpen,Sell,-250,101.071669,-25267.92,5.1166,Filled,closed
2586,2024-06-10T04:00:00Z,2024-06-10T20:00:00Z,RTX,MarketOnOpen,Buy,238,103.774586,24698.35,4.898,Filled,closed
2587,2024-06-10T04:00:00Z,2024-06-10T20:00:00Z,UPS,MarketOnOpen,Buy,206,119.275433,24570.74,4.9425,Filled,closed
2588,2024-06-10T04:00:00Z,2024-06-10T20:00:00Z,CSCO,MarketOnOpen,Buy,571,43.217141,24676.99,4.9505,Filled,
2589,2024-06-10T04:00:00Z,2024-06-10T20:00:00Z,VZ,MarketOnOpen,Buy,701,35.307916,24750.85,4.8897,Filled,
2590,2024-06-10T04:00:00Z,2024-06-10T20:00:00Z,ISRG,MarketOnOpen,Buy,59,416.6,24579.4,4.9369,Filled,
2591,2024-06-10T04:00:00Z,2024-06-10T20:00:00Z,NKE,MarketOnOpen,Buy,272,90.260007,24550.72,4.924,Filled,
2592,2024-06-10T04:00:00Z,2024-06-10T20:00:00Z,NOW,MarketOnOpen,Sell,-177,139.464,-24685.13,5.0208,Filled,
2593,2024-06-10T04:00:00Z,2024-06-10T20:00:00Z,ETN,MarketOnOpen,Sell,-80,305.036045,-24402.88,5.0288,Filled,
2594,2024-06-10T04:00:00Z,2024-06-10T20:00:00Z,ADI,MarketOnOpen,Sell,-109,224.657136,-24487.63,4.9625,Filled,
2595,2024-06-10T04:00:00Z,2024-06-10T20:00:00Z,KLAC,MarketOnOpen,Buy,327,74.841033,24473.02,5.1086,Filled,
2596,2024-06-10T04:00:00Z,2024-06-10T20:00:00Z,DE,MarketOnOpen,Buy,69,356.823911,24620.85,4.9306,Filled,
2597,2024-06-11T04:00:00Z,2024-06-11T20:00:00Z,ADI,MarketOnOpen,Buy,109,225.972448,24631.0,4.9821,Filled,closed
2598,2024-06-11T04:00:00Z,2024-06-11T20:00:00Z,DE,MarketOnOpen,Sell,-69,355.717991,-24544.54,4.8882,Filled,closed
2599,2024-06-11T04:00:00Z,2024-06-11T20:00:00Z,DIS,MarketOnOpen,Sell,-233,99.918117,-23280.92,4.5728,Filled,closed
2600,2024-06-11T04:00:00Z,2024-06-11T20:00:00Z,ETN,MarketOnOpen,Buy,80,312.071745,24965.74,4.9695,Filled,closed
2601,2024-06-11T04:00:00Z,2024-06-11T20:00:00Z,LOW,MarketOnOpen,Buy,118,208.393325,24590.41,4.9296,Filled,closed
2602,2024-06-11T04:00:00Z,2024-06-11T20:00:00Z,MDLZ,MarketOnOpen,Sell,-389,62.585903,-24345.92,4.9084,Filled,closed
2603,2024-06-11T04:00:00Z,2024-06-11T20:00:00Z,MRK,MarketOnOpen,Sell,-214,121.038762,-25902.3,5.2197,Filled,closed
2604,2024-06-11T04:00:00Z,2024-06-11T20:00:00Z,NKE,MarketOnOpen,Sell,-272,90.062006,-24496.87,4.9173,Filled,closed
2605,2024-06-11T04:00:00Z,2024-06-11T20:00:00Z,NOW,MarketOnOpen,Buy,177,142.346,25195.24,5.0412,Filled,closed
2606,2024-06-11T04:00:00Z,2024-06-11T20:00:00Z,ORCL,MarketOnOpen,Sell,-219,120.369126,-26360.84,5.2649,Filled,closed
2607,2024-06-11T04:00:00Z,2024-06-11T20:00:00Z,PEP,MarketOnOpen,Sell,-160,151.401638,-24224.26,4.8507,Filled,closed
2608,2024-06-11T04:00:00Z,2024-06-11T20:00:00Z,PFE,MarketOnOpen,Sell,-981,24.066121,-23608.86,4.737,Filled,closed
2609,2024-06-11T04:00:00Z,2024-06-11T20:00:00Z,SCHW,MarketOnOpen,Sell,-344,71.629113,-24640.42,4.9067,Filled,closed
2610,2024-06-11T04:00:00Z,2024-06-11T20:00:00Z,AVGO,MarketOnOpen,Sell,-175,140.540669,-24594.62,4.9942,Filled,
2611,2024-06-11T04:00:00Z,2024-06-11T20:00:00Z,TSLA,MarketOnOpen,Buy,142,173.89,24692.38,4.8467,Filled,
2612,2024-06-11T04:00:00Z,2024-06-11T20:00:00Z,AMD,MarketOnOpen,Buy,154,160.44,24707.76,4.896,Filled,
2613,2024-06-11T04:00:00Z,2024-06-11T20:00:00Z,QCOM,MarketOnOpen,Buy,124,197.484537,24488.08,4.9288,Filled,
2614,2024-06-11T04:00:00Z,2024-06-11T20:00:00Z,MCD,MarketOnOpen,Buy,102,239.645278,24443.82,4.9133,Filled,
2615,2024-06-11T04:00:00Z,2024-06-11T20:00:00Z,CAT,MarketOnOpen,Buy,77,318.477017,24522.73,4.8978,Filled,
2616,2024-06-11T04:00:00Z,2024-06-11T20:00:00Z,PM,MarketOnOpen,Buy,260,94.858315,24663.16,4.9488,Filled,
2617,2024-06-11T04:00:00Z,2024-06-11T20:00:00Z,NEE,MarketOnOpen,Buy,343,70.531763,24192.39,4.674,Filled,
2618,2024-06-11T04:00:00Z,2024-06-11T20:00:00Z,MU,MarketOnOpen,Buy,184,134.31705,24714.34,4.9352,Filled,
2619,2024-06-11T04:00:00Z,2024-06-11T20:00:00Z,RTX,MarketOnOpen,Sell,-240,102.35249,-24564.6,4.9314,Filled,
2620,2024-06-11T04:00:00Z,2024-06-11T20:00:00Z,COP,MarketOnOpen,Buy,234,105.539397,24696.22,4.9584,Filled,
2621,2024-06-11T04:00:00Z,2024-06-11T20:00:00Z,BKNG,MarketOnOpen,Sell,-166,148.141502,-24591.49,4.9388,Filled,
2622,2024-06-11T04:00:00Z,2024-06-11T20:00:00Z,ELV,MarketOnOpen,Buy,48,514.139139,24678.68,4.9485,Filled,
2623,2024-06-11T04:00:00Z,2024-06-11T20:00:00Z,UPS,MarketOnOpen,Buy,206,119.162161,24547.41,4.9307,Filled,
2624,2024-06-11T04:00:00Z,2024-06-11T20:00:00Z,C,MarketOnOpen,Sell,-428,57.187566,-24476.28,4.764,Filled,
2625,2024-06-11T04:00:00Z,2024-06-11T20:00:00Z,ADP,MarketOnOpen,Buy,107,231.253467,24744.12,4.9442,Filled,
2626,2024-06-11T04:00:00Z,2024-06-11T20:00:00Z,KKR,MarketOnOpen,Buy,231,106.545386,24611.98,5.005,Filled,
2627,2024-06-12T04:00:00Z,2024-06-12T20:00:00Z,AMT,MarketOnOpen,Sell,-135,183.042504,-24710.74,4.839,Filled,closed
2628,2024-06-12T04:00:00Z,2024-06-12T20:00:00Z,AXP,MarketOnOpen,Sell,-108,221.165452,-23885.87,4.7226,Filled,closed
2629,2024-06-12T04:00:00Z,2024-06-12T20:00:00Z,BKNG,MarketOnOpen,Buy,166,149.477256,24813.22,5.0531,Filled,closed
2630,2024-06-12T04:00:00Z,2024-06-12T20:00:00Z,BLK,MarketOnOpen,Buy,33,733.717939,24212.69,4.8473,Filled,closed
2631,2024-06-12T04:00:00Z,2024-06-12T20:00:00Z,GS,MarketOnOpen,Sell,-57,435.302018,-24812.22,4.8873,Filled,closed
2632,2024-06-12T04:00:00Z,2024-06-12T20:00:00Z,MCD,MarketOnOpen,Sell,-102,241.416499,-24624.48,4.9172,Filled,closed
2633,2024-06-12T04:00:00Z,2024-06-12T20:00:00Z,KLAC,MarketOnOpen,Sell,-327,79.190289,-25895.22,5.3236,Filled,closed
2634,2024-06-12T04:00:00Z,2024-06-12T20:00:00Z,TSLA,MarketOnOpen,Sell,-142,171.15,-24303.3,5.035,Filled,closed
2635,2024-06-12T04:00:00Z,2024-06-12T20:00:00Z,UPS,MarketOnOpen,Sell,-206,120.660837,-24856.13,4.8976,Filled,closed
2636,2024-06-12T04:00:00Z,2024-06-12T20:00:00Z,PANW,MarketOnOpen,Sell,-162,157.825,-25567.65,5.1777,Filled,closed
2637,2024-06-12T04:00:00Z,2024-06-12T20:00:00Z,MSFT,MarketOnOpen,Sell,-58,427.641594,-24803.21,5.0277,Filled,
2638,2024-06-12T04:00:00Z,2024-06-12T20:00:00Z,JPM,MarketOnOpen,Buy,133,186.945854,24863.8,4.8623,Filled,
2639,2024-06-12T04:00:00Z,2024-06-12T20:00:00Z,V,MarketOnOpen,Buy,91,272.113622,24762.34,4.8371,Filled,
2640,2024-06-12T04:00:00Z,2024-06-12T20:00:00Z,HD,MarketOnOpen,Sell,-77,327.667669,-25230.41,5.0041,Filled,
2641,2024-06-12T04:00:00Z,2024-06-12T20:00:00Z,LIN,MarketOnOpen,Buy,58,425.372996,24671.63,4.8908,Filled,
2642,2024-06-12T04:00:00Z,2024-06-12T20:00:00Z,WFC,MarketOnOpen,Buy,454,55.324667,25117.4,4.9432,Filled,
2643,2024-06-12T04:00:00Z,2024-06-12T20:00:00Z,PFE,MarketOnOpen,Buy,1022,24.281382,24815.57,4.8681,Filled,
2644,2024-06-12T04:00:00Z,2024-06-12T20:00:00Z,IBM,MarketOnOpen,Buy,155,161.011272,24956.75,4.9229,Filled,
2645,2024-06-12T04:00:00Z,2024-06-12T20:00:00Z,MS,MarketOnOpen,Buy,274,91.579862,25092.88,4.9325,Filled,
2646,2024-06-12T04:00:00Z,2024-06-12T20:00:00Z,NOW,MarketOnOpen,Buy,173,144.452,24990.2,4.9928,Filled,
2647,2024-06-12T04:00:00Z,2024-06-12T20:00:00Z,SPGI,MarketOnOpen,Buy,61,403.437451,24609.68,4.9905,Filled,
2648,2024-06-12T04:00:00Z,2024-06-12T20:00:00Z,ADI,MarketOnOpen,Buy,108,231.175665,24966.97,4.9811,Filled,
2649,2024-06-12T04:00:00Z,2024-06-12T20:00:00Z,CB,MarketOnOpen,Buy,190,254.856275,48422.69,9.6794,Filled,
2650,2024-06-12T04:00:00Z,2024-06-12T20:00:00Z,MDLZ,MarketOnOpen,Buy,391,63.090025,24668.2,4.8256,Filled,
2651,2024-06-13T04:00:00Z,2024-06-13T20:00:00Z,ACN,MarketOnOpen,Sell,-90,272.188809,-24496.99,4.8083,Filled,closed
2652,2024-06-13T04:00:00Z,2024-06-13T20:00:00Z,ADP,MarketOnOpen,Sell,-107,228.873564,-24489.47,4.8979,Filled,closed
2653,2024-06-13T04:00:00Z,2024-06-13T20:00:00Z,AMAT,MarketOnOpen,Sell,-113,227.665545,-25726.21,5.274,Filled,closed
2654,2024-06-13T04:00:00Z,2024-06-13T20:00:00Z,BSX,MarketOnOpen,Buy,328,77.11,25292.08,5.0486,Filled,closed
2655,2024-06-13T04:00:00Z,2024-06-13T20:00:00Z,C,MarketOnOpen,Buy,428,56.227696,24065.45,4.8518,Filled,closed
2656,2024-06-13T04:00:00Z,2024-06-13T20:00:00Z,IBM,MarketOnOpen,Sell,-155,158.812461,-24615.93,4.9264,Filled,closed
2657,2024-06-13T04:00:00Z,2024-06-13T20:00:00Z,MDLZ,MarketOnOpen,Sell,-391,61.643006,-24102.42,4.8256,Filled,closed
2658,2024-06-13T04:00:00Z,2024-06-13T20:00:00Z,NEE,MarketOnOpen,Sell,-343,68.012102,-23328.15,4.7023,Filled,closed
2659,2024-06-13T04:00:00Z,2024-06-13T20:00:00Z,NOW,MarketOnOpen,Sell,-173,144.4,-24981.2,4.9115,Filled,closed
2660,2024-06-13T04:00:00Z,2024-06-13T20:00:00Z,REGN,MarketOnOpen,Buy,25,1013.119374,25327.98,5.0848,Filled,closed
2661,2024-06-13T04:00:00Z,2024-06-13T20:00:00Z,RTX,MarketOnOpen,Buy,240,102.400534,24576.13,4.8442,Filled,closed
2662,2024-06-13T04:00:00Z,2024-06-13T20:00:00Z,SBUX,MarketOnOpen,Sell,-319,75.121746,-23963.84,4.8386,Filled,closed
2663,2024-06-13T04:00:00Z,2024-06-13T20:00:00Z,SPGI,MarketOnOpen,Sell,-61,408.826528,-24938.42,4.9558,Filled,closed
2664,2024-06-13T04:00:00Z,2024-06-13T20:00:00Z,V,MarketOnOpen,Sell,-91,265.772136,-24185.26,4.8526,Filled,closed
2665,2024-06-13T04:00:00Z,2024-06-13T20:00:00Z,TSLA,MarketOnOpen,Buy,138,188.11,25959.18,5.0362,Filled,
2666,2024-06-13T04:00:00Z,2024-06-13T20:00:00Z,ORCL,MarketOnOpen,Sell,-180,136.282497,-24530.85,4.8852,Filled,
2667,2024-06-13T04:00:00Z,2024-06-13T20:00:00Z,COST,MarketOnOpen,Sell,-29,837.396435,-24284.5,4.8463,Filled,
2668,2024-06-13T04:00:00Z,2024-06-13T20:00:00Z,KO,MarketOnOpen,Buy,418,58.603626,24496.32,4.9078,Filled,
2669,2024-06-13T04:00:00Z,2024-06-13T20:00:00Z,ADBE,MarketOnOpen,Buy,53,457.87,24267.11,4.8626,Filled,
2670,2024-06-13T04:00:00Z,2024-06-13T20:00:00Z,DIS,MarketOnOpen,Buy,250,97.865671,24466.42,4.8675,Filled,
2671,2024-06-13T04:00:00Z,2024-06-13T20:00:00Z,INTU,MarketOnOpen,Buy,42,583.346058,24500.53,4.9008,Filled,
2672,2024-06-13T04:00:00Z,2024-06-13T20:00:00Z,AXP,MarketOnOpen,Buy,112,218.023093,24418.59,4.857,Filled,
2673,2024-06-13T04:00:00Z,2024-06-13T20:00:00Z,HON,MarketOnOpen,Buy,124,195.527352,24245.39,4.8844,Filled,
2674,2024-06-13T04:00:00Z,2024-06-13T20:00:00Z,LRCX,MarketOnOpen,Buy,241,100.677955,24263.39,4.9062,Filled,
2675,2024-06-13T04:00:00Z,2024-06-13T20:00:00Z,INTC,MarketOnOpen,Buy,802,30.158686,24187.27,4.855,Filled,
2676,2024-06-13T04:00:00Z,2024-06-13T20:00:00Z,COP,MarketOnOpen,Sell,-468,104.58834,-48947.34,9.6778,Filled,
2677,2024-06-13T04:00:00Z,2024-06-13T20:00:00Z,TJX,MarketOnOpen,Buy,235,104.170518,24480.07,4.9472,Filled,
2678,2024-06-13T04:00:00Z,2024-06-13T20:00:00Z,PGR,MarketOnOpen,Buy,131,187.128915,24513.89,4.9064,Filled,
2679,2024-06-13T04:00:00Z,2024-06-13T20:00:00Z,BLK,MarketOnOpen,Sell,-33,731.438631,-24137.47,4.8448,Filled,
2680,2024-06-13T04:00:00Z,2024-06-13T20:00:00Z,KLAC,MarketOnOpen,Sell,-301,80.241466,-24152.68,4.9135,Filled,
2681,2024-06-13T04:00:00Z,2024-06-13T20:00:00Z,DE,MarketOnOpen,Buy,68,357.173148,24287.77,4.9865,Filled,
2682,2024-06-13T04:00:00Z,2024-06-13T20:00:00Z,BX,MarketOnOpen,Buy,213,114.562418,24401.8,4.8431,Filled,
2683,2024-06-13T04:00:00Z,2024-06-13T20:00:00Z,SNPS,MarketOnOpen,Buy,41,585.88,24021.08,4.8096,Filled,
2684,2024-06-14T04:00:00Z,2024-06-14T20:00:00Z,AVGO,MarketOnOpen,Buy,175,164.748042,28830.91,5.9309,Filled,closed
2685,2024-06-14T04:00:00Z,2024-06-14T20:00:00Z,AXP,MarketOnOpen,Sell,-112,216.042041,-24196.71,4.9145,Filled,closed
2686,2024-06-14T04:00:00Z,2024-06-14T20:00:00Z,COP,MarketOnOpen,Buy,234,103.665255,24257.67,4.7734,Filled,closed
2687,2024-06-14T04:00:00Z,2024-06-14T20:00:00Z,CVX,MarketOnOpen,Sell,-175,139.372755,-24390.23,4.8602,Filled,closed
2688,2024-06-14T04:00:00Z,2024-06-14T20:00:00Z,DE,MarketOnOpen,Sell,-68,363.798964,-24738.33,4.9871,Filled,closed
2689,2024-06-14T04:00:00Z,2024-06-14T20:00:00Z,ELV,MarketOnOpen,Sell,-48,515.300765,-24734.44,4.9289,Filled,closed
2690,2024-06-14T04:00:00Z,2024-06-14T20:00:00Z,ANET,MarketOnOpen,Sell,-334,82.365,-27509.91,5.4854,Filled,closed
2691,2024-06-14T04:00:00Z,2024-06-14T20:00:00Z,INTC,MarketOnOpen,Sell,-802,30.109001,-24147.42,4.8534,Filled,closed
2692,2024-06-14T04:00:00Z,2024-06-14T20:00:00Z,MDT,MarketOnOpen,Buy,335,74.791321,25055.09,5.0042,Filled,closed
2693,2024-06-14T04:00:00Z,2024-06-14T20:00:00Z,SNPS,MarketOnOpen,Sell,-41,586.91,-24063.31,4.8397,Filled,closed
2694,2024-06-14T04:00:00Z,2024-06-14T20:00:00Z,MS,MarketOnOpen,Sell,-274,88.782969,-24326.53,4.9247,Filled,closed
2695,2024-06-14T04:00:00Z,2024-06-14T20:00:00Z,MSFT,MarketOnOpen,Buy,58,430.412745,24963.94,5.0449,Filled,closed
2696,2024-06-14T04:00:00Z,2024-06-14T20:00:00Z,TSLA,MarketOnOpen,Sell,-138,185.78,-25637.64,4.9131,Filled,closed
2697,2024-06-14T04:00:00Z,2024-06-14T20:00:00Z,WFC,MarketOnOpen,Sell,-454,54.146535,-24582.53,4.9519,Filled,closed
2698,2024-06-14T04:00:00Z,2024-06-14T20:00:00Z,AAPL,MarketOnOpen,Sell,-115,211.860459,-24363.95,4.8411,Filled,
2699,2024-06-14T04:00:00Z,2024-06-14T20:00:00Z,NFLX,MarketOnOpen,Buy,373,65.505,24433.37,4.9936,Filled,
2700,2024-06-14T04:00:00Z,2024-06-14T20:00:00Z,PEP,MarketOnOpen,Buy,162,149.80378,24268.21,4.8739,Filled,
2701,2024-06-14T04:00:00Z,2024-06-14T20:00:00Z,TMO,MarketOnOpen,Buy,42,568.485985,23876.41,4.7685,Filled,
2702,2024-06-14T04:00:00Z,2024-06-14T20:00:00Z,DHR,MarketOnOpen,Buy,97,250.144346,24264.0,4.8769,Filled,
2703,2024-06-14T04:00:00Z,2024-06-14T20:00:00Z,TXN,MarketOnOpen,Buy,132,182.244588,24056.29,4.8127,Filled,
2704,2024-06-14T04:00:00Z,2024-06-14T20:00:00Z,ACN,MarketOnOpen,Buy,91,266.265696,24230.18,4.9373,Filled,
2705,2024-06-14T04:00:00Z,2024-06-14T20:00:00Z,IBM,MarketOnOpen,Buy,153,158.135903,24194.79,4.8654,Filled,
2706,2024-06-14T04:00:00Z,2024-06-14T20:00:00Z,SPGI,MarketOnOpen,Buy,60,403.929901,24235.79,4.8435,Filled,
2707,2024-06-14T04:00:00Z,2024-06-14T20:00:00Z,UNP,MarketOnOpen,Buy,115,210.615524,24220.79,4.8608,Filled,
2708,2024-06-14T04:00:00Z,2024-06-14T20:00:00Z,ETN,MarketOnOpen,Buy,76,315.652848,23989.62,4.7188,Filled,
2709,2024-06-14T04:00:00Z,2024-06-14T20:00:00Z,BKNG,MarketOnOpen,Buy,161,150.655563,24255.55,4.879,Filled,
2710,2024-06-14T04:00:00Z,2024-06-14T20:00:00Z,LOW,MarketOnOpen,Sell,-112,215.061069,-24086.84,4.7861,Filled,
2711,2024-06-14T04:00:00Z,2024-06-14T20:00:00Z,PANW,MarketOnOpen,Buy,152,159.32,24216.64,4.8228,Filled,
2712,2024-06-14T04:00:00Z,2024-06-14T20:00:00Z,AMT,MarketOnOpen,Buy,134,181.746163,24353.99,4.9233,Filled,
2713,2024-06-17T04:00:00Z,2024-06-17T20:00:00Z,AAPL,MarketOnOpen,Buy,115,211.246314,24293.33,4.9364,Filled,closed
2714,2024-06-17T04:00:00Z,2024-06-17T20:00:00Z,ADI,MarketOnOpen,Sell,-108,222.96464,-24080.18,4.8547,Filled,closed
2715,2024-06-17T04:00:00Z,2024-06-17T20:00:00Z,AMGN,MarketOnOpen,Sell,-86,279.093075,-24002.0,4.8774,Filled,closed
2716,2024-06-17T04:00:00Z,2024-06-17T20:00:00Z,CB,MarketOnOpen,Sell,-96,252.524021,-24242.31,4.8643,Filled,closed
2717,2024-06-17T04:00:00Z,2024-06-17T20:00:00Z,CSCO,MarketOnOpen,Sell,-571,42.924047,-24509.63,4.9332,Filled,closed
2718,2024-06-17T04:00:00Z,2024-06-17T20:00:00Z,ISRG,MarketOnOpen,Sell,-59,425.36,-25096.24,5.074,Filled,closed
2719,2024-06-17T04:00:00Z,2024-06-17T20:00:00Z,LLY,MarketOnOpen,Buy,31,864.667219,26804.68,5.4037,Filled,closed
2720,2024-06-17T04:00:00Z,2024-06-17T20:00:00Z,LOW,MarketOnOpen,Buy,112,212.717314,23824.34,4.8594,Filled,closed
2721,2024-06-17T04:00:00Z,2024-06-17T20:00:00Z,NFLX,MarketOnOpen,Sell,-373,66.911,-24957.8,5.0417,Filled,closed
2722,2024-06-17T04:00:00Z,2024-06-17T20:00:00Z,KLAC,MarketOnOpen,Buy,301,81.263143,24460.21,5.0251,Filled,closed
2723,2024-06-17T04:00:00Z,2024-06-17T20:00:00Z,TMO,MarketOnOpen,Sell,-42,562.124928,-23609.25,4.7348,Filled,closed
2724,2024-06-17T04:00:00Z,2024-06-17T20:00:00Z,PANW,MarketOnOpen,Sell,-152,157.595,-23954.44,4.8578,Filled,closed
2725,2024-06-17T04:00:00Z,2024-06-17T20:00:00Z,MSFT,MarketOnOpen,Sell,-56,434.579298,-24336.44,4.9348,Filled,
2726,2024-06-17T04:00:00Z,2024-06-17T20:00:00Z,TSLA,MarketOnOpen,Buy,137,177.9,24372.3,5.1359,Filled,
2727,2024-06-17T04:00:00Z,2024-06-17T20:00:00Z,WFC,MarketOnOpen,Buy,449,54.488573,24465.37,4.969,Filled,
2728,2024-06-17T04:00:00Z,2024-06-17T20:00:00Z,MCD,MarketOnOpen,Buy,102,238.972782,24375.22,4.8984,Filled,
2729,2024-06-17T04:00:00Z,2024-06-17T20:00:00Z,AXP,MarketOnOpen,Buy,111,218.794045,24286.14,4.9454,Filled,
2730,2024-06-17T04:00:00Z,2024-06-17T20:00:00Z,NKE,MarketOnOpen,Buy,278,87.054282,24201.09,4.9802,Filled,
2731,2024-06-17T04:00:00Z,2024-06-17T20:00:00Z,RTX,MarketOnOpen,Buy,244,99.931083,24383.18,4.8987,Filled,
2732,2024-06-17T04:00:00Z,2024-06-17T20:00:00Z,SCHW,MarketOnOpen,Buy,344,70.794072,24353.16,4.864,Filled,
2733,2024-06-17T04:00:00Z,2024-06-17T20:00:00Z,INTC,MarketOnOpen,Buy,809,30.118938,24366.22,4.981,Filled,
2734,2024-06-17T04:00:00Z,2024-06-17T20:00:00Z,COP,MarketOnOpen,Sell,-240,101.539362,-24369.45,4.9025,Filled,
2735,2024-06-17T04:00:00Z,2024-06-17T20:00:00Z,UPS,MarketOnOpen,Buy,207,118.073007,24441.11,4.9005,Filled,
2736,2024-06-18T04:00:00Z,2024-06-18T20:00:00Z,MU,MarketOnOpen,Sell,-184,150.669813,-27723.25,5.6068,Filled,closed
2737,2024-06-18T04:00:00Z,2024-06-18T20:00:00Z,AMT,MarketOnOpen,Sell,-134,179.555102,-24060.38,4.8171,Filled,closed
2738,2024-06-18T04:00:00Z,2024-06-18T20:00:00Z,BX,MarketOnOpen,Sell,-213,113.799599,-24239.31,4.8705,Filled,closed
2739,2024-06-18T04:00:00Z,2024-06-18T20:00:00Z,DELL,MarketOnOpen,Sell,-184,138.693015,-25519.51,5.3045,Filled,closed
2740,2024-06-18T04:00:00Z,2024-06-18T20:00:00Z,COP,MarketOnOpen,Buy,240,102.630281,24631.27,4.8967,Filled,closed
2741,2024-06-18T04:00:00Z,2024-06-18T20:00:00Z,CRM,MarketOnOpen,Sell,-104,226.45794,-23551.63,4.7375,Filled,closed
2742,2024-06-18T04:00:00Z,2024-06-18T20:00:00Z,DIS,MarketOnOpen,Sell,-250,98.293669,-24573.42,4.9366,Filled,closed
2743,2024-06-18T04:00:00Z,2024-06-18T20:00:00Z,LMT,MarketOnOpen,Buy,56,432.962812,24245.92,4.8577,Filled,closed
2744,2024-06-18T04:00:00Z,2024-06-18T20:00:00Z,TJX,MarketOnOpen,Sell,-235,107.145708,-25179.24,5.0386,Filled,closed
2745,2024-06-18T04:00:00Z,2024-06-18T20:00:00Z,TSLA,MarketOnOpen,Sell,-137,186.43,-25540.91,5.0652,Filled,closed
2746,2024-06-18T04:00:00Z,2024-06-18T20:00:00Z,UPS,MarketOnOpen,Sell,-207,118.761352,-24583.6,4.841,Filled,closed
2747,2024-06-18T04:00:00Z,2024-06-18T20:00:00Z,XOM,MarketOnOpen,Sell,-235,101.686727,-23896.38,4.7832,Filled,closed
2748,2024-06-18T04:00:00Z,2024-06-18T20:00:00Z,UNH,MarketOnOpen,Buy,52,466.183333,24241.53,4.7529,Filled,
2749,2024-06-18T04:00:00Z,2024-06-18T20:00:00Z,MRK,MarketOnOpen,Buy,207,119.362046,24707.94,4.9308,Filled,
2750,2024-06-18T04:00:00Z,2024-06-18T20:00:00Z,MAAS,MarketOnOpen,Buy,50,480.0,24000.0,4.65,Filled,
2751,2024-06-18T04:00:00Z,2024-06-18T20:00:00Z,CSCO,MarketOnOpen,Buy,569,43.084776,24515.24,4.9461,Filled,
2752,2024-06-18T04:00:00Z,2024-06-18T20:00:00Z,AMGN,MarketOnOpen,Buy,86,283.076245,24344.56,4.921,Filled,
2753,2024-06-18T04:00:00Z,2024-06-18T20:00:00Z,MS,MarketOnOpen,Buy,269,91.325787,24566.64,4.9397,Filled,
2754,2024-06-18T04:00:00Z,2024-06-18T20:00:00Z,NEE,MarketOnOpen,Buy,363,64.911702,23562.95,4.7901,Filled,
2755,2024-06-18T04:00:00Z,2024-06-18T20:00:00Z,VRTX,MarketOnOpen,Buy,51,473.4,24143.4,4.7663,Filled,
2756,2024-06-18T04:00:00Z,2024-06-18T20:00:00Z,BLK,MarketOnOpen,Buy,66,742.863783,49029.01,9.8651,Filled,
2757,2024-06-18T04:00:00Z,2024-06-18T20:00:00Z,ADI,MarketOnOpen,Sell,-109,224.125209,-24429.65,4.9627,Filled,
2758,2024-06-18T04:00:00Z,2024-06-18T20:00:00Z,SNPS,MarketOnOpen,Buy,40,611.41,24456.4,4.9625,Filled,
2759,2024-06-18T04:00:00Z,2024-06-18T20:00:00Z,SBUX,MarketOnOpen,Buy,319,76.567849,24425.14,4.8362,Filled,
2760,2024-06-20T20:00:00Z,,AXP,MarketOnOpen,Sell,-111,0.0,0.0,0.0,Canceled,closed
2761,2024-06-20T20:00:00Z,,BA,MarketOnOpen,Buy,145,0.0,0.0,0.0,Canceled,closed
2762,2024-06-20T20:00:00Z,,BKNG,MarketOnOpen,Sell,-161,0.0,0.0,0.0,Canceled,closed
2763,2024-06-20T20:00:00Z,,BLK,MarketOnOpen,Sell,-33,0.0,0.0,0.0,Canceled,closed
2764,2024-06-20T20:00:00Z,2024-06-21T20:00:00Z,LRCX,MarketOnOpen,Sell,-241,104.087093,-25084.99,4.9715,Filled,closed
2765,2024-06-20T20:00:00Z,2024-06-21T20:00:00Z,HD,MarketOnOpen,Buy,77,335.041915,25798.23,5.1736,Filled,closed
2766,2024-06-20T20:00:00Z,,LIN,MarketOnOpen,Sell,-58,0.0,0.0,0.0,Canceled,closed
2767,2024-06-20T20:00:00Z,2024-06-21T20:00:00Z,MCD,MarketOnOpen,Sell,-102,245.877703,-25079.53,5.012,Filled,closed
2768,2024-06-20T20:00:00Z,,NEE,MarketOnOpen,Sell,-363,0.0,0.0,0.0,Canceled,closed
2769,2024-06-20T20:00:00Z,2024-06-21T20:00:00Z,ORCL,MarketOnOpen,Buy,180,139.377842,25088.01,4.9428,Filled,closed
2770,2024-06-20T20:00:00Z,,SBUX,MarketOnOpen,Sell,-319,0.0,0.0,0.0,Canceled,closed
2771,2024-06-20T20:00:00Z,2024-06-21T20:00:00Z,SCHW,MarketOnOpen,Sell,-344,70.473649,-24242.94,4.8994,Filled,closed
2772,2024-06-20T20:00:00Z,2024-06-21T20:00:00Z,MSFT,MarketOnOpen,Buy,56,439.699047,24623.15,4.9503,Filled,closed
2773,2024-06-20T20:00:00Z,,WFC,MarketOnOpen,Sell,-449,0.0,0.0,0.0,Canceled,closed
2774,2024-06-20T20:00:00Z,2024-06-21T20:00:00Z,NVDA,MarketOnOpen,Sell,-190,126.84875,-24101.26,4.7964,Filled,
2775,2024-06-20T20:00:00Z,2024-06-21T20:00:00Z,AMZN,MarketOnOpen,Buy,133,187.81,24978.73,5.0295,Filled,
2776,2024-06-20T20:00:00Z,2024-06-21T20:00:00Z,PG,MarketOnOpen,Sell,-156,157.737956,-24607.12,4.9443,Filled,
2777,2024-06-20T20:00:00Z,2024-06-21T20:00:00Z,JNJ,MarketOnOpen,Sell,-178,139.04637,-24750.25,4.9788,Filled,
2778,2024-06-20T20:00:00Z,2024-06-21T20:00:00Z,MU,MarketOnOpen,Buy,173,136.560963,23625.05,4.7937,Filled,
2779,2024-06-20T20:00:00Z,2024-06-21T20:00:00Z,NOW,MarketOnOpen,Buy,168,147.988,24861.98,5.0355,Filled,
2780,2024-06-20T20:00:00Z,2024-06-21T20:00:00Z,LOW,MarketOnOpen,Buy,113,217.806611,24612.15,4.9421,Filled,
2781,2024-06-20T20:00:00Z,2024-06-21T20:00:00Z,TJX,MarketOnOpen,Buy,230,106.922082,24592.08,4.9649,Filled,
2782,2024-06-20T20:00:00Z,2024-06-21T20:00:00Z,ELV,MarketOnOpen,Buy,48,513.22712,24634.9,4.9253,Filled,
2783,2024-06-20T20:00:00Z,,ADI,MarketOnOpen,Buy,220,0.0,0.0,0.0,Canceled,closed
2784,2024-06-20T20:00:00Z,2024-06-21T20:00:00Z,KLAC,MarketOnOpen,Sell,-303,81.903289,-24816.7,4.8658,Filled,
2785,2024-06-20T20:00:00Z,2024-06-21T20:00:00Z,DE,MarketOnOpen,Sell,-66,366.660772,-24199.61,4.8025,Filled,
2786,2024-06-20T20:00:00Z,2024-06-21T20:00:00Z,BX,MarketOnOpen,Buy,213,116.050846,24718.83,4.9188,Filled,
2787,2024-06-21T04:00:00Z,2024-06-21T20:00:00Z,ABT,MarketOnOpen,Sell,-255,101.744841,-25944.93,5.1433,Filled,closed
2788,2024-06-21T04:00:00Z,2024-06-21T20:00:00Z,ADI,MarketOnOpen,Buy,109,224.028495,24419.11,4.8714,Filled,closed
2789,2024-06-21T04:00:00Z,2024-06-21T20:00:00Z,AXP,MarketOnOpen,Sell,-111,225.537429,-25034.65,4.9911,Filled,closed
2790,2024-06-21T04:00:00Z,2024-06-21T20:00:00Z,BA,MarketOnOpen,Buy,145,176.83,25640.35,5.1202,Filled,closed
2791,2024-06-21T04:00:00Z,2024-06-21T20:00:00Z,BKNG,MarketOnOpen,Sell,-161,156.371585,-25175.83,5.0434,Filled,closed
2792,2024-06-21T04:00:00Z,2024-06-21T20:00:00Z,BLK,MarketOnOpen,Sell,-33,747.4224,-24664.94,4.9574,Filled,closed
2793,2024-06-21T04:00:00Z,2024-06-21T20:00:00Z,ETN,MarketOnOpen,Sell,-76,314.261278,-23883.86,4.7342,Filled,closed
2794,2024-06-21T04:00:00Z,2024-06-21T20:00:00Z,INTU,MarketOnOpen,Sell,-42,614.067073,-25790.82,5.2102,Filled,closed
2795,2024-06-21T04:00:00Z,2024-06-21T20:00:00Z,JPM,MarketOnOpen,Sell,-133,187.737998,-24969.15,4.9834,Filled,closed
2796,2024-06-21T04:00:00Z,2024-06-21T20:00:00Z,LIN,MarketOnOpen,Sell,-58,430.666483,-24978.66,4.9875,Filled,closed
2797,2024-06-21T04:00:00Z,2024-06-21T20:00:00Z,MRK,MarketOnOpen,Sell,-207,121.120791,-25072.0,5.036,Filled,closed
2798,2024-06-21T04:00:00Z,2024-06-21T20:00:00Z,NEE,MarketOnOpen,Sell,-363,68.97688,-25038.61,4.9513,Filled,closed
2799,2024-06-21T04:00:00Z,2024-06-21T20:00:00Z,NKE,MarketOnOpen,Sell,-278,90.665437,-25204.99,5.0945,Filled,closed
2800,2024-06-21T04:00:00Z,2024-06-21T20:00:00Z,PFE,MarketOnOpen,Sell,-1022,23.911134,-24437.18,4.8822,Filled,closed
2801,2024-06-21T04:00:00Z,2024-06-21T20:00:00Z,SBUX,MarketOnOpen,Sell,-319,75.613232,-24120.62,4.8187,Filled,closed
2802,2024-06-21T04:00:00Z,2024-06-21T20:00:00Z,SPGI,MarketOnOpen,Sell,-60,407.600048,-24456.0,4.8972,Filled,closed
2803,2024-06-21T04:00:00Z,2024-06-21T20:00:00Z,TXN,MarketOnOpen,Sell,-132,183.325796,-24199.01,4.8532,Filled,closed
2804,2024-06-21T04:00:00Z,2024-06-21T20:00:00Z,WFC,MarketOnOpen,Sell,-449,55.543191,-24938.89,4.9571,Filled,closed
2805,2024-06-21T04:00:00Z,2024-06-21T20:00:00Z,PEP,MarketOnOpen,Sell,-323,153.550481,-49596.81,9.9235,Filled,
2806,2024-06-21T04:00:00Z,2024-06-21T20:00:00Z,T,MarketOnOpen,Buy,1522,16.286943,24788.73,5.0371,Filled,
2807,2024-06-21T04:00:00Z,2024-06-21T20:00:00Z,SCHW,MarketOnOpen,Sell,-351,70.473649,-24736.25,4.9991,Filled,
2808,2024-06-21T04:00:00Z,2024-06-21T20:00:00Z,UPS,MarketOnOpen,Buy,207,119.040176,24641.32,4.9275,Filled,
2809,2024-06-21T04:00:00Z,2024-06-21T20:00:00Z,C,MarketOnOpen,Sell,-434,56.669989,-24594.78,4.9002,Filled,
2810,2024-06-21T04:00:00Z,2024-06-21T20:00:00Z,DELL,MarketOnOpen,Sell,-172,141.022122,-24255.81,4.8276,Filled,
2811,2024-06-24T04:00:00Z,2024-06-24T20:00:00Z,MU,MarketOnOpen,Sell,-173,141.356582,-24454.69,4.7755,Filled,closed
2812,2024-06-24T04:00:00Z,2024-06-24T20:00:00Z,AMGN,MarketOnOpen,Sell,-86,289.855115,-24927.54,5.1166,Filled,closed
2813,2024-06-24T04:00:00Z,2024-06-24T20:00:00Z,AMZN,MarketOnOpen,Sell,-133,189.31,-25178.23,4.9362,Filled,closed
2814,2024-06-24T04:00:00Z,2024-06-24T20:00:00Z,DELL,MarketOnOpen,Buy,172,138.494896,23821.12,4.5732,Filled,closed
2815,2024-06-24T04:00:00Z,2024-06-24T20:00:00Z,C,MarketOnOpen,Buy,434,56.557063,24545.77,5.0104,Filled,closed
2816,2024-06-24T04:00:00Z,2024-06-24T20:00:00Z,DE,MarketOnOpen,Buy,66,366.340638,24178.48,4.8426,Filled,closed
2817,2024-06-24T04:00:00Z,2024-06-24T20:00:00Z,DHR,MarketOnOpen,Sell,-97,251.485867,-24394.13,4.9135,Filled,closed
2818,2024-06-24T04:00:00Z,2024-06-24T20:00:00Z,LOW,MarketOnOpen,Sell,-113,218.839777,-24728.89,4.9378,Filled,closed
2819,2024-06-24T04:00:00Z,2024-06-24T20:00:00Z,NOW,MarketOnOpen,Sell,-168,148.4,-24931.2,4.97,Filled,closed
2820,2024-06-24T04:00:00Z,2024-06-24T20:00:00Z,NVDA,MarketOnOpen,Buy,190,122.789989,23330.1,4.4758,Filled,closed
2821,2024-06-24T04:00:00Z,2024-06-24T20:00:00Z,PG,MarketOnOpen,Buy,156,158.934082,24793.72,4.9499,Filled,closed
2822,2024-06-24T04:00:00Z,2024-06-24T20:00:00Z,KLAC,MarketOnOpen,Buy,303,80.020218,24246.13,4.7313,Filled,closed
2823,2024-06-24T04:00:00Z,2024-06-24T20:00:00Z,QCOM,MarketOnOpen,Sell,-124,197.112824,-24441.99,4.7473,Filled,closed
2824,2024-06-24T04:00:00Z,2024-06-24T20:00:00Z,UPS,MarketOnOpen,Sell,-207,120.068337,-24854.15,4.9997,Filled,closed
2825,2024-06-24T04:00:00Z,2024-06-24T20:00:00Z,MSFT,MarketOnOpen,Sell,-56,442.204875,-24763.47,4.9271,Filled,
2826,2024-06-24T04:00:00Z,2024-06-24T20:00:00Z,ORCL,MarketOnOpen,Sell,-181,135.84585,-24588.1,4.9138,Filled,
2827,2024-06-24T04:00:00Z,2024-06-24T20:00:00Z,HD,MarketOnOpen,Sell,-74,336.986979,-24937.04,4.9033,Filled,
2828,2024-06-24T04:00:00Z,2024-06-24T20:00:00Z,CRM,MarketOnOpen,Buy,103,238.94614,24611.45,4.8565,Filled,
2829,2024-06-24T04:00:00Z,2024-06-24T20:00:00Z,AMAT,MarketOnOpen,Buy,107,228.893515,24491.61,4.8319,Filled,
2830,2024-06-24T04:00:00Z,2024-06-24T20:00:00Z,DIS,MarketOnOpen,Buy,251,99.460937,24964.7,4.9798,Filled,
2831,2024-06-24T04:00:00Z,2024-06-24T20:00:00Z,TXN,MarketOnOpen,Buy,135,183.880502,24823.87,4.9224,Filled,
2832,2024-06-24T04:00:00Z,2024-06-24T20:00:00Z,AXP,MarketOnOpen,Buy,111,226.093686,25096.4,5.0147,Filled,
2833,2024-06-24T04:00:00Z,2024-06-24T20:00:00Z,PFE,MarketOnOpen,Buy,1045,24.074732,25158.09,5.1027,Filled,
2834,2024-06-24T04:00:00Z,2024-06-24T20:00:00Z,ISRG,MarketOnOpen,Buy,57,432.78,24668.46,4.8911,Filled,
2835,2024-06-24T04:00:00Z,2024-06-24T20:00:00Z,LRCX,MarketOnOpen,Buy,242,102.903805,24902.72,4.8689,Filled,
2836,2024-06-24T04:00:00Z,2024-06-24T20:00:00Z,SCHW,MarketOnOpen,Buy,701,71.396079,50048.65,10.1459,Filled,
2837,2024-06-24T04:00:00Z,2024-06-24T20:00:00Z,BLK,MarketOnOpen,Buy,33,752.057312,24817.89,5.0289,Filled,
2838,2024-06-24T04:00:00Z,2024-06-24T20:00:00Z,REGN,MarketOnOpen,Sell,-23,1050.090484,-24152.08,4.8481,Filled,
2839,2024-06-24T04:00:00Z,2024-06-24T20:00:00Z,MRSH,MarketOnOpen,Sell,-121,206.192576,-24949.3,5.0208,Filled,
2840,2024-06-25T20:00:00Z,2024-06-26T20:00:00Z,AXP,MarketOnOpen,Sell,-111,224.49323,-24918.75,4.9976,Filled,closed
2841,2024-06-25T20:00:00Z,2024-06-26T20:00:00Z,LRCX,MarketOnOpen,Sell,-242,103.461571,-25037.7,5.0178,Filled,closed
2842,2024-06-25T20:00:00Z,2024-06-26T20:00:00Z,CRM,MarketOnOpen,Sell,-103,237.433014,-24455.6,4.9215,Filled,closed
2843,2024-06-25T20:00:00Z,2024-06-26T20:00:00Z,ELV,MarketOnOpen,Sell,-48,511.595084,-24556.56,4.9244,Filled,closed
2844,2024-06-25T20:00:00Z,2024-06-26T20:00:00Z,INTC,MarketOnOpen,Sell,-809,30.446858,-24631.51,4.9102,Filled,closed
2845,2024-06-25T20:00:00Z,2024-06-26T20:00:00Z,ISRG,MarketOnOpen,Sell,-57,441.25,-25151.25,5.0452,Filled,closed
2846,2024-06-25T20:00:00Z,2024-06-26T20:00:00Z,MA,MarketOnOpen,Sell,-56,446.709817,-25015.75,4.9991,Filled,closed
2847,2024-06-25T20:00:00Z,2024-06-26T20:00:00Z,MRSH,MarketOnOpen,Buy,121,202.307593,24479.22,4.9054,Filled,closed
2848,2024-06-25T20:00:00Z,2024-06-26T20:00:00Z,SNPS,MarketOnOpen,Sell,-40,597.44,-23897.6,4.7882,Filled,closed
2849,2024-06-25T20:00:00Z,2024-06-26T20:00:00Z,MS,MarketOnOpen,Sell,-269,91.636323,-24650.17,4.9052,Filled,closed
2850,2024-06-25T20:00:00Z,2024-06-26T20:00:00Z,PM,MarketOnOpen,Sell,-260,94.226199,-24498.81,4.9234,Filled,closed
2851,2024-06-25T20:00:00Z,2024-06-26T20:00:00Z,MAAS,MarketOnOpen,Sell,-50,427.2,-21360.0,4.194,Filled,closed
2852,2024-06-25T20:00:00Z,2024-06-26T20:00:00Z,REGN,MarketOnOpen,Buy,23,1057.025044,24311.58,4.8722,Filled,closed
2853,2024-06-25T20:00:00Z,2024-06-26T20:00:00Z,SCHW,MarketOnOpen,Sell,-350,71.434918,-25002.22,4.9794,Filled,closed
2854,2024-06-25T20:00:00Z,2024-06-26T20:00:00Z,SYK,MarketOnOpen,Sell,-72,330.976974,-23830.34,4.7992,Filled,closed
2855,2024-06-25T20:00:00Z,2024-06-26T20:00:00Z,TJX,MarketOnOpen,Sell,-230,107.213768,-24659.17,4.9439,Filled,closed
2856,2024-06-25T20:00:00Z,2024-06-26T20:00:00Z,VRTX,MarketOnOpen,Sell,-51,471.72,-24057.72,4.8348,Filled,closed
2857,2024-06-25T20:00:00Z,2024-06-26T20:00:00Z,VZ,MarketOnOpen,Sell,-701,35.385591,-24805.3,4.9635,Filled,closed
2858,2024-06-25T20:00:00Z,2024-06-26T20:00:00Z,XOM,MarketOnOpen,Sell,-234,106.431922,-24905.07,4.981,Filled,
2859,2024-06-25T20:00:00Z,2024-06-26T20:00:00Z,MRK,MarketOnOpen,Sell,-201,124.117172,-24947.55,4.9192,Filled,
2860,2024-06-25T20:00:00Z,2024-06-26T20:00:00Z,PEP,MarketOnOpen,Buy,323,152.319947,49199.34,9.8915,Filled,
2861,2024-06-25T20:00:00Z,2024-06-26T20:00:00Z,ABT,MarketOnOpen,Buy,247,100.24719,24761.06,4.9423,Filled,
2862,2024-06-25T20:00:00Z,2024-06-26T20:00:00Z,AMGN,MarketOnOpen,Buy,83,296.568533,24615.19,4.8554,Filled,
2863,2024-06-25T20:00:00Z,2024-06-26T20:00:00Z,MU,MarketOnOpen,Buy,177,142.071457,25146.65,5.0037,Filled,
2864,2024-06-25T20:00:00Z,2024-06-26T20:00:00Z,GS,MarketOnOpen,Sell,-57,435.120483,-24801.87,4.9653,Filled,
2865,2024-06-25T20:00:00Z,2024-06-26T20:00:00Z,NKE,MarketOnOpen,Sell,-279,88.713716,-24751.13,4.9486,Filled,
2866,2024-06-25T20:00:00Z,2024-06-26T20:00:00Z,SPGI,MarketOnOpen,Buy,59,414.698764,24467.23,4.9158,Filled,
2867,2024-06-25T20:00:00Z,2024-06-26T20:00:00Z,BKNG,MarketOnOpen,Buy,158,156.59107,24741.39,4.9411,Filled,
2868,2024-06-25T20:00:00Z,2024-06-26T20:00:00Z,COP,MarketOnOpen,Buy,232,107.41354,24919.94,4.9152,Filled,
2869,2024-06-25T20:00:00Z,2024-06-26T20:00:00Z,LOW,MarketOnOpen,Buy,119,206.772211,24605.89,4.9812,Filled,
2870,2024-06-25T20:00:00Z,2024-06-26T20:00:00Z,DELL,MarketOnOpen,Buy,183,134.179766,24554.9,4.8898,Filled,
2871,2024-06-25T20:00:00Z,2024-06-26T20:00:00Z,AMT,MarketOnOpen,Buy,138,178.408292,24620.34,4.958,Filled,
2872,2024-06-26T20:00:00Z,2024-06-27T20:00:00Z,MU,MarketOnOpen,Sell,-177,134.892921,-23876.05,4.6476,Filled,closed
2873,2024-06-26T20:00:00Z,2024-06-27T20:00:00Z,AMGN,MarketOnOpen,Sell,-83,291.472694,-24192.23,4.8689,Filled,closed
2874,2024-06-26T20:00:00Z,2024-06-27T20:00:00Z,AMT,MarketOnOpen,Sell,-138,180.179787,-24864.81,5.0262,Filled,closed
2875,2024-06-26T20:00:00Z,2024-06-27T20:00:00Z,GS,MarketOnOpen,Buy,57,428.747646,24438.62,4.8574,Filled,closed
2876,2024-06-26T20:00:00Z,2024-06-27T20:00:00Z,IBM,MarketOnOpen,Sell,-153,160.79515,-24601.66,4.9126,Filled,closed
2877,2024-06-26T20:00:00Z,2024-06-27T20:00:00Z,MRK,MarketOnOpen,Buy,201,122.833009,24689.43,4.8563,Filled,closed
2878,2024-06-26T20:00:00Z,2024-06-27T20:00:00Z,PEP,MarketOnOpen,Sell,-162,153.118876,-24805.26,4.9468,Filled,closed
2879,2024-06-26T20:00:00Z,2024-06-27T20:00:00Z,PFE,MarketOnOpen,Sell,-1045,23.566717,-24627.22,5.0028,Filled,closed
2880,2024-06-26T20:00:00Z,2024-06-27T20:00:00Z,PGR,MarketOnOpen,Sell,-131,192.123312,-25168.15,5.0932,Filled,closed
2881,2024-06-26T20:00:00Z,2024-06-27T20:00:00Z,RTX,MarketOnOpen,Sell,-244,97.500067,-23790.02,4.7181,Filled,closed
2882,2024-06-26T20:00:00Z,2024-06-27T20:00:00Z,CRM,MarketOnOpen,Buy,103,240.724554,24794.63,5.1178,Filled,
2883,2024-06-26T20:00:00Z,2024-06-27T20:00:00Z,LIN,MarketOnOpen,Buy,58,427.077596,24770.5,4.9618,Filled,
2884,2024-06-26T20:00:00Z,2024-06-27T20:00:00Z,WFC,MarketOnOpen,Buy,458,53.623977,24559.78,4.9972,Filled,
2885,2024-06-26T20:00:00Z,2024-06-27T20:00:00Z,INTU,MarketOnOpen,Buy,39,627.05801,24455.26,4.9856,Filled,
2886,2024-06-26T20:00:00Z,2024-06-27T20:00:00Z,AXP,MarketOnOpen,Buy,110,224.249258,24667.42,4.9036,Filled,
2887,2024-06-26T20:00:00Z,2024-06-27T20:00:00Z,PM,MarketOnOpen,Buy,262,94.904085,24864.87,4.9423,Filled,
2888,2024-06-26T20:00:00Z,2024-06-27T20:00:00Z,MS,MarketOnOpen,Buy,272,90.413,24592.34,4.9026,Filled,
2889,2024-06-26T20:00:00Z,2024-06-27T20:00:00Z,NOW,MarketOnOpen,Sell,-164,151.642,-24869.29,5.0783,Filled,
2890,2024-06-26T20:00:00Z,2024-06-27T20:00:00Z,UBER,MarketOnOpen,Sell,-350,71.21,-24923.5,4.9238,Filled,
2891,2024-06-26T20:00:00Z,2024-06-27T20:00:00Z,LRCX,MarketOnOpen,Buy,239,105.685759,25258.9,4.9559,Filled,
2892,2024-06-26T20:00:00Z,2024-06-27T20:00:00Z,TJX,MarketOnOpen,Buy,231,107.447116,24820.28,4.9659,Filled,
2893,2024-06-26T20:00:00Z,2024-06-27T20:00:00Z,VRTX,MarketOnOpen,Buy,52,476.77,24792.04,4.9141,Filled,
2894,2024-06-26T20:00:00Z,2024-06-27T20:00:00Z,MDT,MarketOnOpen,Buy,336,73.731432,24773.76,4.9133,Filled,
2895,2024-06-26T20:00:00Z,2024-06-27T20:00:00Z,SNPS,MarketOnOpen,Buy,41,600.31,24612.71,4.879,Filled,
2896,2024-06-27T20:00:00Z,,BLK,MarketOnOpen,Sell,-33,0.0,0.0,0.0,Canceled,closed
2897,2024-06-27T20:00:00Z,,HD,MarketOnOpen,Buy,74,0.0,0.0,0.0,Canceled,closed
2898,2024-06-27T20:00:00Z,2024-06-28T20:00:00Z,LIN,MarketOnOpen,Sell,-58,426.93676,-24762.33,4.944,Filled,closed
2899,2024-06-27T20:00:00Z,2024-06-28T20:00:00Z,LOW,MarketOnOpen,Sell,-119,210.622284,-25064.05,5.0199,Filled,closed
2900,2024-06-27T20:00:00Z,,MDT,MarketOnOpen,Sell,-336,0.0,0.0,0.0,Canceled,closed
2901,2024-06-27T20:00:00Z,,MS,MarketOnOpen,Sell,-272,0.0,0.0,0.0,Canceled,closed
2902,2024-06-27T20:00:00Z,2024-06-28T20:00:00Z,PM,MarketOnOpen,Sell,-262,94.281915,-24701.86,4.9306,Filled,closed
2903,2024-06-27T20:00:00Z,,T,MarketOnOpen,Sell,-1522,0.0,0.0,0.0,Canceled,closed
2904,2024-06-27T20:00:00Z,2024-06-28T20:00:00Z,TSLA,MarketOnOpen,Sell,-125,199.64,-24955.0,4.947,Filled,
2905,2024-06-27T20:00:00Z,2024-06-28T20:00:00Z,MRK,MarketOnOpen,Sell,-205,120.543849,-24711.49,4.7271,Filled,
2906,2024-06-27T20:00:00Z,2024-06-28T20:00:00Z,QCOM,MarketOnOpen,Buy,133,186.809697,24845.69,5.0498,Filled,
2907,2024-06-27T20:00:00Z,2024-06-28T20:00:00Z,TMO,MarketOnOpen,Buy,45,548.708158,24691.87,4.939,Filled,
2908,2024-06-27T20:00:00Z,2024-06-28T20:00:00Z,MAAS,MarketOnOpen,Buy,61,402.0,24522.0,4.8889,Filled,
2909,2024-06-27T20:00:00Z,2024-06-28T20:00:00Z,IBM,MarketOnOpen,Buy,154,160.541441,24723.38,5.0055,Filled,
2910,2024-06-27T20:00:00Z,2024-06-28T20:00:00Z,SCHW,MarketOnOpen,Buy,347,71.852439,24932.8,4.9657,Filled,
2911,2024-06-27T20:00:00Z,2024-06-28T20:00:00Z,ETN,MarketOnOpen,Buy,81,304.481363,24662.99,4.943,Filled,
2912,2024-06-27T20:00:00Z,2024-06-28T20:00:00Z,ELV,MarketOnOpen,Buy,48,520.993688,25007.7,4.9939,Filled,
2913,2024-06-27T20:00:00Z,2024-06-28T20:00:00Z,UPS,MarketOnOpen,Buy,209,118.656793,24799.27,4.985,Filled,
2914,2024-06-27T20:00:00Z,2024-06-28T20:00:00Z,PANW,MarketOnOpen,Buy,145,169.905,24636.22,4.9181,Filled,
2915,2024-06-27T20:00:00Z,2024-06-28T20:00:00Z,ADP,MarketOnOpen,Buy,111,224.001515,24864.17,4.9935,Filled,
2916,2024-06-28T04:00:00Z,2024-06-28T20:00:00Z,BLK,MarketOnOpen,Sell,-33,748.156738,-24689.17,4.9556,Filled,closed
2917,2024-06-28T04:00:00Z,2024-06-28T20:00:00Z,CAT,MarketOnOpen,Sell,-77,319.205776,-24578.84,4.9845,Filled,closed
2918,2024-06-28T04:00:00Z,2024-06-28T20:00:00Z,CRM,MarketOnOpen,Sell,-103,249.076222,-25654.85,5.2038,Filled,closed
2919,2024-06-28T04:00:00Z,2024-06-28T20:00:00Z,HD,MarketOnOpen,Buy,74,322.304582,23850.54,4.8105,Filled,closed
2920,2024-06-28T04:00:00Z,2024-06-28T20:00:00Z,JNJ,MarketOnOpen,Buy,178,137.306998,24440.65,4.8921,Filled,closed
2921,2024-06-28T04:00:00Z,2024-06-28T20:00:00Z,MDT,MarketOnOpen,Sell,-336,73.216216,-24600.65,4.9183,Filled,closed
2922,2024-06-28T04:00:00Z,2024-06-28T20:00:00Z,SNPS,MarketOnOpen,Sell,-41,596.82,-24469.62,4.8795,Filled,closed
2923,2024-06-28T04:00:00Z,2024-06-28T20:00:00Z,MS,MarketOnOpen,Sell,-272,91.034072,-24761.27,4.9753,Filled,closed
2924,2024-06-28T04:00:00Z,2024-06-28T20:00:00Z,T,MarketOnOpen,Sell,-1522,16.925118,-25760.03,5.2327,Filled,closed
2925,2024-06-28T04:00:00Z,2024-06-28T20:00:00Z,TJX,MarketOnOpen,Sell,-231,107.281828,-24782.1,4.9456,Filled,closed
2926,2024-06-28T04:00:00Z,2024-06-28T20:00:00Z,VRTX,MarketOnOpen,Sell,-52,473.21,-24606.92,4.8747,Filled,closed
2927,2024-06-28T04:00:00Z,2024-06-28T20:00:00Z,AMZN,MarketOnOpen,Sell,-125,197.73,-24716.25,4.8312,Filled,
2928,2024-06-28T04:00:00Z,2024-06-28T20:00:00Z,NOW,MarketOnOpen,Buy,324,155.086,50247.86,10.1952,Filled,
2929,2024-06-28T04:00:00Z,2024-06-28T20:00:00Z,ISRG,MarketOnOpen,Buy,55,444.74,24460.7,4.8933,Filled,
2930,2024-06-28T04:00:00Z,2024-06-28T20:00:00Z,PFE,MarketOnOpen,Buy,1037,23.971406,24858.35,4.9976,Filled,
2931,2024-06-28T04:00:00Z,2024-06-28T20:00:00Z,UBER,MarketOnOpen,Buy,703,70.81,49779.43,10.2188,Filled,
2932,2024-06-28T04:00:00Z,2024-06-28T20:00:00Z,PGR,MarketOnOpen,Buy,127,193.521375,24577.21,4.8526,Filled,
2933,2024-06-28T04:00:00Z,2024-06-28T20:00:00Z,C,MarketOnOpen,Buy,428,58.345057,24971.68,5.1144,Filled,
2934,2024-06-28T04:00:00Z,2024-06-28T20:00:00Z,ANET,MarketOnOpen,Buy,285,87.0,24795.0,4.9938,Filled,
2935,2024-06-28T04:00:00Z,2024-06-28T20:00:00Z,AMT,MarketOnOpen,Buy,136,182.911621,24875.98,4.9295,Filled,
2936,2024-07-01T20:00:00Z,2024-07-02T20:00:00Z,ADBE,MarketOnOpen,Sell,-53,560.0,-29680.0,6.0177,Filled,closed
2937,2024-07-01T20:00:00Z,2024-07-02T20:00:00Z,AMT,MarketOnOpen,Sell,-136,181.317274,-24659.15,4.876,Filled,closed
2938,2024-07-01T20:00:00Z,2024-07-02T20:00:00Z,COP,MarketOnOpen,Sell,-232,107.450836,-24928.59,4.9373,Filled,closed
2939,2024-07-01T20:00:00Z,2024-07-02T20:00:00Z,INTU,MarketOnOpen,Sell,-39,638.753779,-24911.4,5.0222,Filled,closed
2940,2024-07-01T20:00:00Z,2024-07-02T20:00:00Z,ISRG,MarketOnOpen,Sell,-55,436.31,-23997.05,4.8269,Filled,closed
2941,2024-07-01T20:00:00Z,2024-07-02T20:00:00Z,NKE,MarketOnOpen,Buy,279,72.317377,20176.55,4.0006,Filled,closed
2942,2024-07-01T20:00:00Z,2024-07-02T20:00:00Z,UBER,MarketOnOpen,Sell,-353,71.25,-25151.25,4.9893,Filled,closed
2943,2024-07-01T20:00:00Z,2024-07-02T20:00:00Z,MAAS,MarketOnOpen,Sell,-61,393.0,-23973.0,4.7946,Filled,closed
2944,2024-07-01T20:00:00Z,2024-07-02T20:00:00Z,QCOM,MarketOnOpen,Sell,-133,188.954196,-25130.91,5.0746,Filled,closed
2945,2024-07-01T20:00:00Z,2024-07-02T20:00:00Z,WFC,MarketOnOpen,Sell,-458,57.272384,-26230.75,5.3062,Filled,closed
2946,2024-07-01T20:00:00Z,2024-07-02T20:00:00Z,PEP,MarketOnOpen,Buy,166,150.143554,24923.83,4.9872,Filled,
2947,2024-07-01T20:00:00Z,2024-07-02T20:00:00Z,TMUS,MarketOnOpen,Buy,145,170.408366,24709.21,4.9934,Filled,
2948,2024-07-01T20:00:00Z,2024-07-02T20:00:00Z,DHR,MarketOnOpen,Buy,103,239.135973,24631.01,4.8904,Filled,
2949,2024-07-01T20:00:00Z,2024-07-02T20:00:00Z,MS,MarketOnOpen,Buy,267,93.132542,24866.39,5.0074,Filled,
2950,2024-07-01T20:00:00Z,2024-07-02T20:00:00Z,GS,MarketOnOpen,Buy,56,440.948714,24693.13,4.9825,Filled,
2951,2024-07-01T20:00:00Z,2024-07-02T20:00:00Z,SPGI,MarketOnOpen,Sell,-119,414.73593,-49353.58,9.9612,Filled,
2952,2024-07-01T20:00:00Z,2024-07-02T20:00:00Z,T,MarketOnOpen,Buy,1463,17.059943,24958.7,4.9497,Filled,
2953,2024-07-01T20:00:00Z,2024-07-02T20:00:00Z,INTC,MarketOnOpen,Buy,814,30.655534,24953.6,5.0263,Filled,
2954,2024-07-01T20:00:00Z,2024-07-02T20:00:00Z,LOW,MarketOnOpen,Buy,122,203.466656,24822.93,4.9882,Filled,
2955,2024-07-01T20:00:00Z,2024-07-02T20:00:00Z,KLAC,MarketOnOpen,Sell,-306,80.573831,-24655.59,5.0497,Filled,
2956,2024-07-01T20:00:00Z,2024-07-02T20:00:00Z,ANET,MarketOnOpen,Sell,-565,89.33,-50471.45,10.0813,Filled,
2957,2024-07-01T20:00:00Z,2024-07-02T20:00:00Z,SNPS,MarketOnOpen,Buy,41,601.42,24658.22,4.9992,Filled,
2958,2024-07-02T20:00:00Z,,AXP,MarketOnOpen,Sell,-110,0.0,0.0,0.0,Canceled,closed
2959,2024-07-02T20:00:00Z,2024-07-03T17:00:00Z,C,MarketOnOpen,Sell,-428,60.867069,-26051.11,5.1925,Filled,closed
2960,2024-07-02T20:00:00Z,2024-07-03T17:00:00Z,ANET,MarketOnOpen,Buy,280,89.5025,25060.7,5.1052,Filled,closed
2961,2024-07-02T20:00:00Z,2024-07-03T17:00:00Z,IBM,MarketOnOpen,Sell,-154,167.147272,-25740.68,5.0859,Filled,closed
2962,2024-07-02T20:00:00Z,,NOW,MarketOnOpen,Sell,-160,0.0,0.0,0.0,Canceled,closed
2963,2024-07-02T20:00:00Z,,ORCL,MarketOnOpen,Buy,181,0.0,0.0,0.0,Canceled,closed
2964,2024-07-02T20:00:00Z,,PFE,MarketOnOpen,Sell,-1037,0.0,0.0,0.0,Canceled,closed
2965,2024-07-02T20:00:00Z,,TMO,MarketOnOpen,Sell,-45,0.0,0.0,0.0,Canceled,closed
2966,2024-07-02T20:00:00Z,,TMUS,MarketOnOpen,Sell,-145,0.0,0.0,0.0,Canceled,closed
2967,2024-07-02T20:00:00Z,,UNH,MarketOnOpen,Sell,-52,0.0,0.0,0.0,Canceled,closed
2968,2024-07-02T20:00:00Z,,UPS,MarketOnOpen,Sell,-209,0.0,0.0,0.0,Canceled,closed
2969,2024-07-02T20:00:00Z,2024-07-03T17:00:00Z,JPM,MarketOnOpen,Sell,-124,199.992362,-24799.05,4.9395,Filled,
2970,2024-07-02T20:00:00Z,2024-07-03T17:00:00Z,PG,MarketOnOpen,Sell,-161,153.640989,-24736.2,4.9685,Filled,
2971,2024-07-02T20:00:00Z,2024-07-03T17:00:00Z,WFC,MarketOnOpen,Buy,430,57.95646,24921.28,4.9565,Filled,
2972,2024-07-02T20:00:00Z,2024-07-03T17:00:00Z,LIN,MarketOnOpen,Buy,59,417.787282,24649.45,4.9604,Filled,
2973,2024-07-02T20:00:00Z,2024-07-03T17:00:00Z,AMGN,MarketOnOpen,Buy,85,291.24829,24756.1,4.9177,Filled,
2974,2024-07-02T20:00:00Z,2024-07-03T17:00:00Z,CAT,MarketOnOpen,Buy,78,318.962856,24879.1,5.0114,Filled,
2975,2024-07-02T20:00:00Z,2024-07-03T17:00:00Z,MAAS,MarketOnOpen,Buy,63,390.0,24570.0,4.8006,Filled,
2976,2024-07-02T20:00:00Z,2024-07-03T17:00:00Z,COP,MarketOnOpen,Buy,234,106.341269,24883.86,5.0082,Filled,
2977,2024-07-02T20:00:00Z,2024-07-03T17:00:00Z,RTX,MarketOnOpen,Buy,258,96.952368,25013.71,4.9948,Filled,
2978,2024-07-02T20:00:00Z,2024-07-03T17:00:00Z,SYK,MarketOnOpen,Buy,75,327.675142,24575.64,4.886,Filled,
2979,2024-07-02T20:00:00Z,2024-07-03T17:00:00Z,TJX,MarketOnOpen,Buy,232,107.252659,24882.62,4.9801,Filled,
2980,2024-07-02T20:00:00Z,2024-07-03T17:00:00Z,VRTX,MarketOnOpen,Buy,52,477.52,24831.04,4.8909,Filled,
2981,2024-07-02T20:00:00Z,,REGN,MarketOnOpen,Buy,24,0.0,0.0,0.0,Invalid,
2982,2024-07-02T20:00:00Z,,ADI,MarketOnOpen,Sell,-112,0.0,0.0,0.0,Invalid,
2983,2024-07-02T20:00:00Z,,PLD,MarketOnOpen,Buy,237,0.0,0.0,0.0,Invalid,
2984,2024-07-02T20:00:00Z,,DE,MarketOnOpen,Buy,70,0.0,0.0,0.0,Invalid,
2985,2024-07-02T20:00:00Z,,MDT,MarketOnOpen,Buy,346,0.0,0.0,0.0,Invalid,
2986,2024-07-03T04:00:00Z,2024-07-03T17:00:00Z,AMAT,MarketOnOpen,Sell,-107,237.842957,-25449.2,5.1151,Filled,closed
2987,2024-07-03T04:00:00Z,2024-07-03T17:00:00Z,AMD,MarketOnOpen,Sell,-154,164.15,-25279.1,5.0481,Filled,closed
2988,2024-07-03T04:00:00Z,2024-07-03T17:00:00Z,AXP,MarketOnOpen,Sell,-110,230.543734,-25359.81,5.0606,Filled,closed
2989,2024-07-03T04:00:00Z,2024-07-03T17:00:00Z,LOW,MarketOnOpen,Sell,-122,206.470489,-25189.4,4.9788,Filled,closed
2990,2024-07-03T04:00:00Z,2024-07-03T17:00:00Z,MS,MarketOnOpen,Sell,-267,94.031214,-25106.33,5.0351,Filled,closed
2991,2024-07-03T04:00:00Z,2024-07-03T17:00:00Z,NOW,MarketOnOpen,Sell,-160,158.734,-25397.44,5.0299,Filled,closed
2992,2024-07-03T04:00:00Z,2024-07-03T17:00:00Z,ORCL,MarketOnOpen,Buy,181,139.484578,25246.71,5.0715,Filled,closed
2993,2024-07-03T04:00:00Z,2024-07-03T17:00:00Z,PFE,MarketOnOpen,Sell,-1037,24.04029,-24929.78,4.9413,Filled,closed
2994,2024-07-03T04:00:00Z,2024-07-03T17:00:00Z,KLAC,MarketOnOpen,Buy,306,82.593585,25273.64,5.1353,Filled,closed
2995,2024-07-03T04:00:00Z,2024-07-03T17:00:00Z,SCHW,MarketOnOpen,Sell,-347,72.095183,-25017.03,4.9953,Filled,closed
2996,2024-07-03T04:00:00Z,2024-07-03T17:00:00Z,TMO,MarketOnOpen,Sell,-45,528.930332,-23801.86,4.7837,Filled,closed
2997,2024-07-03T04:00:00Z,2024-07-03T17:00:00Z,TMUS,MarketOnOpen,Sell,-145,171.125895,-24813.25,4.9513,Filled,closed
2998,2024-07-03T04:00:00Z,2024-07-03T17:00:00Z,TSLA,MarketOnOpen,Buy,125,234.55,29318.75,6.1598,Filled,closed
2999,2024-07-03T04:00:00Z,2024-07-03T17:00:00Z,TXN,MarketOnOpen,Sell,-135,186.277962,-25147.52,5.0501,Filled,closed
3000,2024-07-03T04:00:00Z,2024-07-03T17:00:00Z,UNH,MarketOnOpen,Sell,-52,472.272948,-24558.19,4.8402,Filled,closed
3001,2024-07-03T04:00:00Z,2024-07-03T17:00:00Z,UPS,MarketOnOpen,Sell,-209,118.129643,-24689.1,4.9369,Filled,closed
3002,2024-07-03T04:00:00Z,2024-07-03T17:00:00Z,ABBV,MarketOnOpen,Buy,161,154.114396,24812.42,4.8953,Filled,
3003,2024-07-03T04:00:00Z,2024-07-03T17:00:00Z,MCD,MarketOnOpen,Buy,106,235.146187,24925.5,5.02,Filled,
3004,2024-07-03T04:00:00Z,2024-07-03T17:00:00Z,UBER,MarketOnOpen,Buy,352,70.66,24872.32,5.0195,Filled,
3005,2024-07-03T04:00:00Z,2024-07-03T17:00:00Z,BLK,MarketOnOpen,Buy,33,752.581839,24835.2,4.967,Filled,
3006,2024-07-03T04:00:00Z,2024-07-03T17:00:00Z,LMT,MarketOnOpen,Sell,-56,438.90298,-24578.57,4.9214,Filled,
3007,2024-07-05T04:00:00Z,2024-07-05T20:00:00Z,ABBV,MarketOnOpen,Sell,-161,152.852456,-24609.25,4.9971,Filled,closed
3008,2024-07-05T04:00:00Z,2024-07-05T20:00:00Z,GS,MarketOnOpen,Sell,-56,446.643183,-25012.02,4.9733,Filled,closed
3009,2024-07-05T04:00:00Z,2024-07-05T20:00:00Z,LIN,MarketOnOpen,Sell,-59,419.992093,-24779.53,4.9926,Filled,closed
3010,2024-07-05T04:00:00Z,2024-07-05T20:00:00Z,UBER,MarketOnOpen,Sell,-352,70.99,-24988.48,5.0026,Filled,closed
3011,2024-07-05T04:00:00Z,2024-07-05T20:00:00Z,PEP,MarketOnOpen,Sell,-166,149.353808,-24792.73,5.0119,Filled,closed
3012,2024-07-05T04:00:00Z,2024-07-05T20:00:00Z,VRTX,MarketOnOpen,Sell,-52,472.14,-24551.28,4.9355,Filled,closed
3013,2024-07-05T04:00:00Z,2024-07-05T20:00:00Z,NFLX,MarketOnOpen,Buy,363,68.251,24775.11,5.0141,Filled,
3014,2024-07-05T04:00:00Z,2024-07-05T20:00:00Z,QCOM,MarketOnOpen,Buy,127,196.321742,24932.86,4.981,Filled,
3015,2024-07-05T04:00:00Z,2024-07-05T20:00:00Z,MU,MarketOnOpen,Buy,182,135.846088,24723.99,4.7561,Filled,
3016,2024-07-05T04:00:00Z,2024-07-05T20:00:00Z,LRCX,MarketOnOpen,Sell,-472,107.071335,-50537.67,10.0838,Filled,
3017,2024-07-05T04:00:00Z,2024-07-05T20:00:00Z,SPGI,MarketOnOpen,Buy,119,419.390977,49907.53,10.0235,Filled,
3018,2024-07-05T04:00:00Z,2024-07-05T20:00:00Z,C,MarketOnOpen,Buy,409,60.69768,24825.35,4.9289,Filled,
3019,2024-07-05T04:00:00Z,2024-07-05T20:00:00Z,LOW,MarketOnOpen,Buy,121,203.466656,24619.47,4.9517,Filled,
3020,2024-07-05T04:00:00Z,2024-07-05T20:00:00Z,BSX,MarketOnOpen,Sell,-326,76.56,-24958.56,4.9813,Filled,
3021,2024-07-05T04:00:00Z,2024-07-05T20:00:00Z,DE,MarketOnOpen,Buy,70,353.683049,24757.81,4.9089,Filled,
3022,2024-07-05T04:00:00Z,2024-07-05T20:00:00Z,MDT,MarketOnOpen,Buy,346,71.66337,24795.53,4.9939,Filled,
3023,2024-07-08T04:00:00Z,2024-07-08T20:00:00Z,MU,MarketOnOpen,Sell,-182,130.340276,-23721.93,4.7274,Filled,closed
3024,2024-07-08T04:00:00Z,2024-07-08T20:00:00Z,CAT,MarketOnOpen,Sell,-78,321.003379,-25038.26,4.9879,Filled,closed
3025,2024-07-08T04:00:00Z,2024-07-08T20:00:00Z,CI,MarketOnOpen,Sell,-79,305.949384,-24170.0,4.8897,Filled,closed
3026,2024-07-08T04:00:00Z,2024-07-08T20:00:00Z,DHR,MarketOnOpen,Sell,-103,236.459925,-24355.37,4.8953,Filled,closed
3027,2024-07-08T04:00:00Z,2024-07-08T20:00:00Z,KO,MarketOnOpen,Sell,-418,59.725203,-24965.13,4.9436,Filled,closed
3028,2024-07-08T04:00:00Z,2024-07-08T20:00:00Z,LOW,MarketOnOpen,Sell,-121,205.676482,-24886.85,5.0271,Filled,closed
3029,2024-07-08T04:00:00Z,2024-07-08T20:00:00Z,SPGI,MarketOnOpen,Sell,-59,422.057641,-24901.4,4.9984,Filled,closed
3030,2024-07-08T04:00:00Z,2024-07-08T20:00:00Z,MSFT,MarketOnOpen,Buy,56,458.251999,25662.11,5.1314,Filled,closed
3031,2024-07-08T04:00:00Z,2024-07-08T20:00:00Z,WFC,MarketOnOpen,Sell,-430,56.977851,-24500.48,4.8217,Filled,closed
3032,2024-07-08T04:00:00Z,2024-07-08T20:00:00Z,META,MarketOnOpen,Sell,-46,538.55687,-24773.62,4.8335,Filled,
3033,2024-07-08T04:00:00Z,2024-07-08T20:00:00Z,TMUS,MarketOnOpen,Buy,144,171.288535,24665.55,4.9367,Filled,
3034,2024-07-08T04:00:00Z,2024-07-08T20:00:00Z,VZ,MarketOnOpen,Buy,693,35.670402,24719.59,4.9678,Filled,
3035,2024-07-08T04:00:00Z,2024-07-08T20:00:00Z,MS,MarketOnOpen,Buy,263,93.941817,24706.7,4.979,Filled,
3036,2024-07-08T04:00:00Z,2024-07-08T20:00:00Z,GS,MarketOnOpen,Buy,55,446.815164,24574.83,4.8852,Filled,
3037,2024-07-08T04:00:00Z,2024-07-08T20:00:00Z,UBER,MarketOnOpen,Buy,347,71.31,24744.57,4.9447,Filled,
3038,2024-07-08T04:00:00Z,2024-07-08T20:00:00Z,SCHW,MarketOnOpen,Buy,347,72.046634,25000.18,4.9353,Filled,
3039,2024-07-08T04:00:00Z,2024-07-08T20:00:00Z,VRTX,MarketOnOpen,Buy,52,473.0,24596.0,5.0117,Filled,
3040,2024-07-08T04:00:00Z,2024-07-08T20:00:00Z,AMT,MarketOnOpen,Buy,135,181.932636,24560.91,4.9384,Filled,
3041,2024-07-08T04:00:00Z,2024-07-08T20:00:00Z,SPY,MarketOnOpen,Buy,41,541.252174,22191.34,4.437,Filled,
3042,2024-07-09T04:00:00Z,2024-07-09T20:00:00Z,BX,MarketOnOpen,Sell,-213,112.13442,-23884.63,4.8063,Filled,closed
3043,2024-07-09T04:00:00Z,2024-07-09T20:00:00Z,DELL,MarketOnOpen,Sell,-183,141.080108,-25817.66,5.155,Filled,closed
3044,2024-07-09T04:00:00Z,2024-07-09T20:00:00Z,BSX,MarketOnOpen,Buy,326,76.45,24922.7,4.9885,Filled,closed
3045,2024-07-09T04:00:00Z,2024-07-09T20:00:00Z,LRCX,MarketOnOpen,Buy,233,108.616974,25307.75,5.0911,Filled,closed
3046,2024-07-09T04:00:00Z,2024-07-09T20:00:00Z,ELV,MarketOnOpen,Sell,-48,506.122966,-24293.9,4.8776,Filled,closed
3047,2024-07-09T04:00:00Z,2024-07-09T20:00:00Z,MS,MarketOnOpen,Sell,-263,94.666401,-24897.26,5.0789,Filled,closed
3048,2024-07-09T04:00:00Z,2024-07-09T20:00:00Z,QCOM,MarketOnOpen,Sell,-127,196.064402,-24900.18,5.0142,Filled,closed
3049,2024-07-09T04:00:00Z,2024-07-09T20:00:00Z,CVX,MarketOnOpen,Sell,-175,139.527482,-24417.31,4.8733,Filled,
3050,2024-07-09T04:00:00Z,2024-07-09T20:00:00Z,WFC,MarketOnOpen,Buy,440,56.127506,24696.1,5.0065,Filled,
3051,2024-07-09T04:00:00Z,2024-07-09T20:00:00Z,IBM,MarketOnOpen,Buy,148,166.884167,24698.86,4.9086,Filled,
3052,2024-07-09T04:00:00Z,2024-07-09T20:00:00Z,LOW,MarketOnOpen,Buy,118,206.604418,24379.32,4.884,Filled,
3053,2024-07-09T04:00:00Z,2024-07-09T20:00:00Z,ADI,MarketOnOpen,Sell,-109,226.078833,-24642.59,4.8916,Filled,
3054,2024-07-09T04:00:00Z,2024-07-09T20:00:00Z,NKE,MarketOnOpen,Sell,-358,68.989081,-24698.09,4.8917,Filled,
3055,2024-07-09T04:00:00Z,2024-07-09T20:00:00Z,CI,MarketOnOpen,Buy,79,307.966171,24329.33,4.959,Filled,
3056,2024-07-10T04:00:00Z,2024-07-10T20:00:00Z,ADI,MarketOnOpen,Buy,109,226.755832,24716.39,5.0249,Filled,closed
3057,2024-07-10T04:00:00Z,2024-07-10T20:00:00Z,AMGN,MarketOnOpen,Sell,-85,296.456331,-25198.79,5.113,Filled,closed
3058,2024-07-10T04:00:00Z,2024-07-10T20:00:00Z,COST,MarketOnOpen,Buy,29,876.500155,25418.5,5.066,Filled,closed
3059,2024-07-10T04:00:00Z,2024-07-10T20:00:00Z,INTC,MarketOnOpen,Sell,-814,34.3024,-27922.15,5.6411,Filled,closed
3060,2024-07-10T04:00:00Z,2024-07-10T20:00:00Z,NFLX,MarketOnOpen,Sell,-363,68.502,-24866.23,4.9197,Filled,closed
3061,2024-07-10T04:00:00Z,2024-07-10T20:00:00Z,NKE,MarketOnOpen,Buy,358,67.933077,24320.04,4.8971,Filled,closed
3062,2024-07-10T04:00:00Z,2024-07-10T20:00:00Z,PGR,MarketOnOpen,Sell,-127,192.784875,-24483.68,4.9082,Filled,closed
3063,2024-07-10T04:00:00Z,2024-07-10T20:00:00Z,TJX,MarketOnOpen,Sell,-232,109.391684,-25378.87,5.0965,Filled,closed
3064,2024-07-10T04:00:00Z,2024-07-10T20:00:00Z,VRTX,MarketOnOpen,Sell,-52,487.34,-25341.68,5.1128,Filled,closed
3065,2024-07-10T04:00:00Z,2024-07-10T20:00:00Z,WFC,MarketOnOpen,Sell,-440,56.569305,-24890.49,4.9931,Filled,closed
3066,2024-07-10T04:00:00Z,2024-07-10T20:00:00Z,XOM,MarketOnOpen,Buy,234,103.203329,24149.58,4.8713,Filled,closed
3067,2024-07-10T04:00:00Z,2024-07-10T20:00:00Z,ORCL,MarketOnOpen,Sell,-181,136.932617,-24784.8,4.9903,Filled,
3068,2024-07-10T04:00:00Z,2024-07-10T20:00:00Z,ABBV,MarketOnOpen,Buy,158,155.376336,24549.46,4.9301,Filled,
3069,2024-07-10T04:00:00Z,2024-07-10T20:00:00Z,AMAT,MarketOnOpen,Buy,100,248.541027,24854.1,5.0095,Filled,
3070,2024-07-10T04:00:00Z,2024-07-10T20:00:00Z,PM,MarketOnOpen,Buy,261,94.495496,24663.32,4.9811,Filled,
3071,2024-07-10T04:00:00Z,2024-07-10T20:00:00Z,PFE,MarketOnOpen,Buy,1035,23.936965,24774.76,5.0512,Filled,
3072,2024-07-10T04:00:00Z,2024-07-10T20:00:00Z,NOW,MarketOnOpen,Buy,166,148.112,24586.59,4.9345,Filled,
3073,2024-07-10T04:00:00Z,2024-07-10T20:00:00Z,SPGI,MarketOnOpen,Sell,-57,428.663906,-24433.84,4.936,Filled,
3074,2024-07-10T04:00:00Z,2024-07-10T20:00:00Z,ELV,MarketOnOpen,Buy,48,507.495796,24359.8,4.9269,Filled,
3075,2024-07-10T04:00:00Z,2024-07-10T20:00:00Z,ANET,MarketOnOpen,Sell,-270,91.7725,-24778.58,4.9106,Filled,
3076,2024-07-11T04:00:00Z,2024-07-11T20:00:00Z,ABBV,MarketOnOpen,Sell,-158,155.283546,-24534.8,4.982,Filled,closed
3077,2024-07-11T04:00:00Z,2024-07-11T20:00:00Z,ACN,MarketOnOpen,Sell,-91,280.766588,-25549.76,5.1541,Filled,closed
3078,2024-07-11T04:00:00Z,2024-07-11T20:00:00Z,AMAT,MarketOnOpen,Sell,-100,251.065732,-25106.57,4.7402,Filled,closed
3079,2024-07-11T04:00:00Z,2024-07-11T20:00:00Z,AMT,MarketOnOpen,Sell,-135,187.489539,-25311.09,5.216,Filled,closed
3080,2024-07-11T04:00:00Z,2024-07-11T20:00:00Z,ANET,MarketOnOpen,Buy,270,90.94,24553.8,4.8547,Filled,closed
3081,2024-07-11T04:00:00Z,2024-07-11T20:00:00Z,LMT,MarketOnOpen,Buy,56,433.651117,24284.46,4.8618,Filled,closed
3082,2024-07-11T04:00:00Z,2024-07-11T20:00:00Z,MCD,MarketOnOpen,Sell,-106,237.949831,-25222.68,5.1164,Filled,closed
3083,2024-07-11T04:00:00Z,2024-07-11T20:00:00Z,PG,MarketOnOpen,Buy,161,156.560667,25206.27,5.0203,Filled,closed
3084,2024-07-11T04:00:00Z,2024-07-11T20:00:00Z,SPGI,MarketOnOpen,Buy,57,433.802112,24726.72,5.0125,Filled,closed
3085,2024-07-11T04:00:00Z,2024-07-11T20:00:00Z,PANW,MarketOnOpen,Sell,-145,168.61,-24448.45,4.7999,Filled,closed
3086,2024-07-11T04:00:00Z,2024-07-11T20:00:00Z,COST,MarketOnOpen,Sell,-28,878.268168,-24591.51,4.6827,Filled,
3087,2024-07-11T04:00:00Z,2024-07-11T20:00:00Z,AMD,MarketOnOpen,Buy,134,184.05,24662.7,4.876,Filled,
3088,2024-07-11T04:00:00Z,2024-07-11T20:00:00Z,NFLX,MarketOnOpen,Sell,-365,67.151,-24510.12,4.7651,Filled,
3089,2024-07-11T04:00:00Z,2024-07-11T20:00:00Z,LIN,MarketOnOpen,Buy,58,422.595129,24510.52,4.8992,Filled,
3090,2024-07-11T04:00:00Z,2024-07-11T20:00:00Z,TXN,MarketOnOpen,Buy,129,191.618188,24718.75,4.8511,Filled,
3091,2024-07-11T04:00:00Z,2024-07-11T20:00:00Z,INTU,MarketOnOpen,Buy,39,627.445455,24470.37,4.8237,Filled,
3092,2024-07-11T04:00:00Z,2024-07-11T20:00:00Z,MU,MarketOnOpen,Buy,182,135.53759,24667.84,4.7107,Filled,
3093,2024-07-11T04:00:00Z,2024-07-11T20:00:00Z,UBER,MarketOnOpen,Sell,-704,69.51,-48935.04,10.353,Filled,
3094,2024-07-11T04:00:00Z,2024-07-11T20:00:00Z,KLAC,MarketOnOpen,Sell,-281,88.137584,-24766.66,4.7137,Filled,
3095,2024-07-11T04:00:00Z,2024-07-11T20:00:00Z,BX,MarketOnOpen,Buy,214,117.678813,25183.27,5.041,Filled,
3096,2024-07-12T04:00:00Z,2024-07-12T20:00:00Z,MU,MarketOnOpen,Sell,-182,130.956401,-23834.07,4.8308,Filled,closed
3097,2024-07-12T04:00:00Z,2024-07-12T20:00:00Z,AMD,MarketOnOpen,Sell,-134,181.94,-24379.96,4.8671,Filled,closed
3098,2024-07-12T04:00:00Z,2024-07-12T20:00:00Z,COST,MarketOnOpen,Buy,28,839.450886,23504.62,4.6623,Filled,closed
3099,2024-07-12T04:00:00Z,2024-07-12T20:00:00Z,CVX,MarketOnOpen,Buy,175,142.13964,24874.44,4.9574,Filled,closed
3100,2024-07-12T04:00:00Z,2024-07-12T20:00:00Z,ELV,MarketOnOpen,Sell,-48,515.195162,-24729.37,4.9356,Filled,closed
3101,2024-07-12T04:00:00Z,2024-07-12T20:00:00Z,ETN,MarketOnOpen,Sell,-81,321.861391,-26070.77,5.2099,Filled,closed
3102,2024-07-12T04:00:00Z,2024-07-12T20:00:00Z,INTU,MarketOnOpen,Sell,-39,620.616745,-24204.05,4.9198,Filled,closed
3103,2024-07-12T04:00:00Z,2024-07-12T20:00:00Z,META,MarketOnOpen,Buy,46,493.316505,22692.56,4.5554,Filled,closed
3104,2024-07-12T04:00:00Z,2024-07-12T20:00:00Z,ABNB,MarketOnOpen,Sell,-169,146.83,-24814.27,4.9612,Filled,closed
3105,2024-07-12T04:00:00Z,2024-07-12T20:00:00Z,ORCL,MarketOnOpen,Buy,181,138.86642,25134.82,5.0995,Filled,closed
3106,2024-07-12T04:00:00Z,2024-07-12T20:00:00Z,UBER,MarketOnOpen,Buy,357,72.6,25918.2,5.1715,Filled,closed
3107,2024-07-12T04:00:00Z,2024-07-12T20:00:00Z,PFE,MarketOnOpen,Sell,-1035,24.884111,-25755.05,5.1564,Filled,closed
3108,2024-07-12T04:00:00Z,2024-07-12T20:00:00Z,PM,MarketOnOpen,Sell,-261,97.671347,-25492.22,5.1358,Filled,closed
3109,2024-07-12T04:00:00Z,2024-07-12T20:00:00Z,KLAC,MarketOnOpen,Buy,281,83.961393,23593.15,4.74,Filled,closed
3110,2024-07-12T04:00:00Z,2024-07-12T20:00:00Z,SYK,MarketOnOpen,Sell,-75,331.66807,-24875.11,4.9942,Filled,closed
3111,2024-07-12T04:00:00Z,2024-07-12T20:00:00Z,TXN,MarketOnOpen,Sell,-129,190.029283,-24513.78,4.8967,Filled,closed
3112,2024-07-12T04:00:00Z,2024-07-12T20:00:00Z,PG,MarketOnOpen,Sell,-160,156.551249,-25048.2,5.0214,Filled,
3113,2024-07-12T04:00:00Z,2024-07-12T20:00:00Z,JNJ,MarketOnOpen,Sell,-177,141.030195,-24962.34,4.9885,Filled,
3114,2024-07-12T04:00:00Z,2024-07-12T20:00:00Z,HD,MarketOnOpen,Sell,-74,335.192988,-24804.28,5.0275,Filled,
3115,2024-07-12T04:00:00Z,2024-07-12T20:00:00Z,ABBV,MarketOnOpen,Buy,158,158.327048,25015.67,4.9929,Filled,
3116,2024-07-12T04:00:00Z,2024-07-12T20:00:00Z,PEP,MarketOnOpen,Buy,165,151.576117,25010.06,5.042,Filled,
3117,2024-07-12T04:00:00Z,2024-07-12T20:00:00Z,ACN,MarketOnOpen,Buy,88,284.710473,25054.52,5.1956,Filled,
3118,2024-07-12T04:00:00Z,2024-07-12T20:00:00Z,DHR,MarketOnOpen,Buy,102,242.848866,24770.58,4.9696,Filled,
3119,2024-07-12T04:00:00Z,2024-07-12T20:00:00Z,INTC,MarketOnOpen,Buy,750,33.606812,25205.11,5.1409,Filled,
3120,2024-07-12T04:00:00Z,2024-07-12T20:00:00Z,HON,MarketOnOpen,Sell,-247,204.269908,-50454.67,10.0359,Filled,
3121,2024-07-12T04:00:00Z,2024-07-12T20:00:00Z,LRCX,MarketOnOpen,Buy,239,103.794463,24806.88,5.0216,Filled,
3122,2024-07-12T04:00:00Z,2024-07-12T20:00:00Z,TJX,MarketOnOpen,Sell,-225,111.141795,-25006.9,5.0009,Filled,
3123,2024-07-12T04:00:00Z,2024-07-12T20:00:00Z,PGR,MarketOnOpen,Buy,128,195.481103,25021.58,5.0248,Filled,
3124,2024-07-12T04:00:00Z,2024-07-12T20:00:00Z,REGN,MarketOnOpen,Sell,-23,1081.870581,-24883.02,5.0129,Filled,
3125,2024-07-12T04:00:00Z,2024-07-12T20:00:00Z,MRSH,MarketOnOpen,Sell,-119,210.096791,-25001.52,4.9973,Filled,
3126,2024-07-12T04:00:00Z,2024-07-12T20:00:00Z,DELL,MarketOnOpen,Buy,183,134.914256,24689.31,4.9368,Filled,
3127,2024-07-12T04:00:00Z,2024-07-12T20:00:00Z,AMT,MarketOnOpen,Buy,129,194.920499,25144.74,5.0662,Filled,
3128,2024-07-15T04:00:00Z,2024-07-15T20:00:00Z,ABT,MarketOnOpen,Sell,-247,99.666615,-24617.65,4.8776,Filled,closed
3129,2024-07-15T04:00:00Z,2024-07-15T20:00:00Z,ACN,MarketOnOpen,Sell,-88,297.140838,-26148.39,5.3167,Filled,closed
3130,2024-07-15T04:00:00Z,2024-07-15T20:00:00Z,AMZN,MarketOnOpen,Buy,125,194.5,24312.5,4.818,Filled,closed
3131,2024-07-15T04:00:00Z,2024-07-15T20:00:00Z,BX,MarketOnOpen,Sell,-214,120.702182,-25830.27,5.2704,Filled,closed
3132,2024-07-15T04:00:00Z,2024-07-15T20:00:00Z,COP,MarketOnOpen,Sell,-234,106.303973,-24875.13,4.9995,Filled,closed
3133,2024-07-15T04:00:00Z,2024-07-15T20:00:00Z,CSCO,MarketOnOpen,Sell,-569,45.20845,-25723.61,5.1436,Filled,closed
3134,2024-07-15T04:00:00Z,2024-07-15T20:00:00Z,GS,MarketOnOpen,Sell,-55,458.853806,-25236.96,5.1733,Filled,closed
3135,2024-07-15T04:00:00Z,2024-07-15T20:00:00Z,IBM,MarketOnOpen,Sell,-148,172.315419,-25502.68,5.0866,Filled,closed
3136,2024-07-15T04:00:00Z,2024-07-15T20:00:00Z,INTC,MarketOnOpen,Sell,-750,34.481265,-25860.95,5.1364,Filled,closed
3137,2024-07-15T04:00:00Z,2024-07-15T20:00:00Z,NFLX,MarketOnOpen,Buy,365,64.7,23615.5,4.7921,Filled,closed
3138,2024-07-15T04:00:00Z,2024-07-15T20:00:00Z,MAAS,MarketOnOpen,Sell,-63,343.2,-21621.6,4.536,Filled,closed
3139,2024-07-15T04:00:00Z,2024-07-15T20:00:00Z,TMUS,MarketOnOpen,Sell,-144,171.01109,-24625.6,5.0078,Filled,closed
3140,2024-07-15T04:00:00Z,2024-07-15T20:00:00Z,VZ,MarketOnOpen,Sell,-693,36.341874,-25184.92,4.9592,Filled,closed
3141,2024-07-15T04:00:00Z,2024-07-15T20:00:00Z,TMO,MarketOnOpen,Buy,46,542.416567,24951.16,4.9728,Filled,
3142,2024-07-15T04:00:00Z,2024-07-15T20:00:00Z,AMAT,MarketOnOpen,Buy,104,240.210482,24981.89,5.0174,Filled,
3143,2024-07-15T04:00:00Z,2024-07-15T20:00:00Z,INTU,MarketOnOpen,Buy,39,629.852698,24564.26,5.0442,Filled,
3144,2024-07-15T04:00:00Z,2024-07-15T20:00:00Z,ISRG,MarketOnOpen,Buy,56,444.0,24864.0,4.8972,Filled,
3145,2024-07-15T04:00:00Z,2024-07-15T20:00:00Z,NEE,MarketOnOpen,Buy,352,69.473318,24454.61,4.6799,Filled,
3146,2024-07-15T04:00:00Z,2024-07-15T20:00:00Z,UNP,MarketOnOpen,Sell,-229,219.122358,-50179.02,10.2847,Filled,
3147,2024-07-15T04:00:00Z,2024-07-15T20:00:00Z,HON,MarketOnOpen,Buy,246,202.985904,49934.53,10.0194,Filled,
3148,2024-07-15T04:00:00Z,2024-07-15T20:00:00Z,ETN,MarketOnOpen,Buy,78,320.489284,24998.16,4.9646,Filled,
3149,2024-07-15T04:00:00Z,2024-07-15T20:00:00Z,SYK,MarketOnOpen,Buy,75,332.119359,24908.95,4.8351,Filled,
3150,2024-07-15T04:00:00Z,2024-07-15T20:00:00Z,ELV,MarketOnOpen,Buy,48,520.744083,24995.72,4.8907,Filled,
3151,2024-07-15T04:00:00Z,2024-07-15T20:00:00Z,UPS,MarketOnOpen,Sell,-202,124.607931,-25170.8,5.0743,Filled,
3152,2024-07-15T04:00:00Z,2024-07-15T20:00:00Z,PANW,MarketOnOpen,Sell,-149,166.405,-24794.35,5.0796,Filled,
3153,2024-07-16T20:00:00Z,2024-07-17T20:00:00Z,DELL,MarketOnOpen,Sell,-183,123.838917,-22662.52,4.4275,Filled,closed
3154,2024-07-16T20:00:00Z,2024-07-17T20:00:00Z,ETN,MarketOnOpen,Sell,-78,318.182976,-24818.27,4.7288,Filled,closed
3155,2024-07-16T20:00:00Z,,INTU,MarketOnOpen,Sell,-39,0.0,0.0,0.0,Canceled,closed
3156,2024-07-16T20:00:00Z,,LIN,MarketOnOpen,Sell,-58,0.0,0.0,0.0,Canceled,closed
3157,2024-07-16T20:00:00Z,,LOW,MarketOnOpen,Sell,-118,0.0,0.0,0.0,Canceled,closed
3158,2024-07-16T20:00:00Z,2024-07-17T20:00:00Z,MRSH,MarketOnOpen,Buy,119,210.875711,25094.21,5.0502,Filled,closed
3159,2024-07-16T20:00:00Z,,NEE,MarketOnOpen,Sell,-352,0.0,0.0,0.0,Canceled,closed
3160,2024-07-16T20:00:00Z,,PEP,MarketOnOpen,Sell,-165,0.0,0.0,0.0,Canceled,closed
3161,2024-07-16T20:00:00Z,,PG,MarketOnOpen,Buy,160,0.0,0.0,0.0,Canceled,closed
3162,2024-07-16T20:00:00Z,,PGR,MarketOnOpen,Sell,-128,0.0,0.0,0.0,Canceled,closed
3163,2024-07-16T20:00:00Z,,REGN,MarketOnOpen,Buy,23,0.0,0.0,0.0,Canceled,closed
3164,2024-07-16T20:00:00Z,,TJX,MarketOnOpen,Buy,225,0.0,0.0,0.0,Canceled,closed
3165,2024-07-16T20:00:00Z,,UNP,MarketOnOpen,Buy,114,0.0,0.0,0.0,Canceled,closed
3166,2024-07-16T20:00:00Z,,PANW,MarketOnOpen,Buy,149,0.0,0.0,0.0,Canceled,closed
3167,2024-07-16T20:00:00Z,2024-07-17T20:00:00Z,ORCL,MarketOnOpen,Buy,180,136.69648,24605.37,4.8783,Filled,
3168,2024-07-16T20:00:00Z,2024-07-17T20:00:00Z,QCOM,MarketOnOpen,Buy,125,190.3648,23795.6,4.5654,Filled,
3169,2024-07-16T20:00:00Z,2024-07-17T20:00:00Z,TMUS,MarketOnOpen,Buy,143,176.033794,25172.83,5.0225,Filled,
3170,2024-07-16T20:00:00Z,2024-07-17T20:00:00Z,ABT,MarketOnOpen,Buy,254,98.352814,24981.61,5.0996,Filled,
3171,2024-07-16T20:00:00Z,2024-07-17T20:00:00Z,GS,MarketOnOpen,Buy,52,480.466035,24984.23,4.99,Filled,
3172,2024-07-16T20:00:00Z,2024-07-17T20:00:00Z,UBER,MarketOnOpen,Buy,336,73.36,24648.96,4.6113,Filled,
3173,2024-07-16T20:00:00Z,2024-07-17T20:00:00Z,MAAS,MarketOnOpen,Buy,70,369.6,25872.0,4.83,Filled,
3174,2024-07-16T20:00:00Z,2024-07-17T20:00:00Z,COP,MarketOnOpen,Buy,233,107.926365,25146.84,5.0437,Filled,
3175,2024-07-16T20:00:00Z,2024-07-17T20:00:00Z,UPS,MarketOnOpen,Buy,396,128.075797,50718.02,10.1705,Filled,
3176,2024-07-16T20:00:00Z,2024-07-17T20:00:00Z,BLK,MarketOnOpen,Sell,-64,807.113576,-51655.27,10.2673,Filled,
3177,2024-07-16T20:00:00Z,2024-07-17T20:00:00Z,NKE,MarketOnOpen,Sell,-364,68.357365,-24882.08,5.0155,Filled,
3178,2024-07-16T20:00:00Z,2024-07-17T20:00:00Z,BX,MarketOnOpen,Buy,196,126.023311,24700.57,4.9175,Filled,
3179,2024-07-17T04:00:00Z,2024-07-17T20:00:00Z,AMAT,MarketOnOpen,Sell,-104,227.164534,-23625.11,4.4968,Filled,closed
3180,2024-07-17T04:00:00Z,2024-07-17T20:00:00Z,C,MarketOnOpen,Sell,-409,62.749167,-25664.41,5.2045,Filled,closed
3181,2024-07-17T04:00:00Z,2024-07-17T20:00:00Z,CI,MarketOnOpen,Sell,-79,324.587933,-25642.45,5.2066,Filled,closed
3182,2024-07-17T04:00:00Z,2024-07-17T20:00:00Z,KKR,MarketOnOpen,Sell,-231,113.34762,-26183.3,5.1672,Filled,closed
3183,2024-07-17T04:00:00Z,2024-07-17T20:00:00Z,HON,MarketOnOpen,Sell,-123,207.394947,-25509.58,5.1147,Filled,closed
3184,2024-07-17T04:00:00Z,2024-07-17T20:00:00Z,INTU,MarketOnOpen,Sell,-39,651.498235,-25408.43,5.0498,Filled,closed
3185,2024-07-17T04:00:00Z,2024-07-17T20:00:00Z,LIN,MarketOnOpen,Sell,-58,434.172812,-25182.02,5.0633,Filled,closed
3186,2024-07-17T04:00:00Z,2024-07-17T20:00:00Z,LOW,MarketOnOpen,Sell,-118,229.066203,-27029.81,5.487,Filled,closed
3187,2024-07-17T04:00:00Z,2024-07-17T20:00:00Z,SNPS,MarketOnOpen,Sell,-41,604.35,-24778.35,4.6771,Filled,closed
3188,2024-07-17T04:00:00Z,2024-07-17T20:00:00Z,NEE,MarketOnOpen,Sell,-352,67.20656,-23656.71,4.6753,Filled,closed
3189,2024-07-17T04:00:00Z,2024-07-17T20:00:00Z,PEP,MarketOnOpen,Sell,-165,152.47606,-25158.55,5.1484,Filled,closed
3190,2024-07-17T04:00:00Z,2024-07-17T20:00:00Z,PG,MarketOnOpen,Buy,160,157.653192,25224.51,5.1067,Filled,closed
3191,2024-07-17T04:00:00Z,2024-07-17T20:00:00Z,PGR,MarketOnOpen,Sell,-128,198.803076,-25446.79,5.2144,Filled,closed
3192,2024-07-17T04:00:00Z,2024-07-17T20:00:00Z,REGN,MarketOnOpen,Buy,23,1082.791887,24904.21,4.9472,Filled,closed
3193,2024-07-17T04:00:00Z,2024-07-17T20:00:00Z,SCHW,MarketOnOpen,Sell,-347,64.337062,-22324.96,4.2992,Filled,closed
3194,2024-07-17T04:00:00Z,2024-07-17T20:00:00Z,SYK,MarketOnOpen,Sell,-75,326.507677,-24488.08,4.9245,Filled,closed
3195,2024-07-17T04:00:00Z,2024-07-17T20:00:00Z,T,MarketOnOpen,Sell,-1463,17.260794,-25252.54,5.1106,Filled,closed
3196,2024-07-17T04:00:00Z,2024-07-17T20:00:00Z,TJX,MarketOnOpen,Buy,225,111.666829,25125.04,4.9865,Filled,closed
3197,2024-07-17T04:00:00Z,2024-07-17T20:00:00Z,TMO,MarketOnOpen,Sell,-46,548.777624,-25243.77,5.0676,Filled,closed
3198,2024-07-17T04:00:00Z,2024-07-17T20:00:00Z,UNP,MarketOnOpen,Buy,114,231.644723,26407.5,5.2913,Filled,closed
3199,2024-07-17T04:00:00Z,2024-07-17T20:00:00Z,PANW,MarketOnOpen,Buy,149,167.325,24931.42,4.9489,Filled,closed
3200,2024-07-17T04:00:00Z,2024-07-17T20:00:00Z,META,MarketOnOpen,Buy,51,474.855101,24217.61,4.6772,Filled,
3201,2024-07-17T04:00:00Z,2024-07-17T20:00:00Z,UNH,MarketOnOpen,Sell,-48,526.309972,-25262.88,5.2284,Filled,
3202,2024-07-17T04:00:00Z,2024-07-17T20:00:00Z,WFC,MarketOnOpen,Buy,437,57.158371,24978.21,5.0579,Filled,
3203,2024-07-17T04:00:00Z,2024-07-17T20:00:00Z,AXP,MarketOnOpen,Buy,102,243.533884,24840.46,4.9911,Filled,
3204,2024-07-17T04:00:00Z,2024-07-17T20:00:00Z,MU,MarketOnOpen,Buy,197,121.8139,23997.34,4.6789,Filled,
3205,2024-07-17T04:00:00Z,2024-07-17T20:00:00Z,VRTX,MarketOnOpen,Buy,51,489.95,24987.45,4.9814,Filled,
3206,2024-07-17T04:00:00Z,2024-07-17T20:00:00Z,ADI,MarketOnOpen,Sell,-106,232.57802,-24653.27,4.8308,Filled,
3207,2024-07-17T04:00:00Z,2024-07-17T20:00:00Z,ABNB,MarketOnOpen,Buy,165,149.24,24624.6,4.884,Filled,
3208,2024-07-18T04:00:00Z,2024-07-18T20:00:00Z,ABT,MarketOnOpen,Sell,-254,98.189788,-24940.21,4.875,Filled,closed
3209,2024-07-18T04:00:00Z,2024-07-18T20:00:00Z,ADI,MarketOnOpen,Buy,106,228.709456,24243.2,4.9001,Filled,closed
3210,2024-07-18T04:00:00Z,2024-07-18T20:00:00Z,ADP,MarketOnOpen,Sell,-111,233.905831,-25963.55,5.1758,Filled,closed
3211,2024-07-18T04:00:00Z,2024-07-18T20:00:00Z,BX,MarketOnOpen,Sell,-196,123.02785,-24113.46,4.9744,Filled,closed
3212,2024-07-18T04:00:00Z,2024-07-18T20:00:00Z,LRCX,MarketOnOpen,Sell,-239,96.644655,-23098.07,4.4714,Filled,closed
3213,2024-07-18T04:00:00Z,2024-07-18T20:00:00Z,COP,MarketOnOpen,Sell,-233,108.07555,-25181.6,5.0667,Filled,closed
3214,2024-07-18T04:00:00Z,2024-07-18T20:00:00Z,DE,MarketOnOpen,Sell,-70,372.810528,-26096.74,5.1899,Filled,closed
3215,2024-07-18T04:00:00Z,2024-07-18T20:00:00Z,DIS,MarketOnOpen,Sell,-251,95.092373,-23868.19,4.7481,Filled,closed
3216,2024-07-18T04:00:00Z,2024-07-18T20:00:00Z,ELV,MarketOnOpen,Sell,-48,487.095354,-23380.58,4.6516,Filled,closed
3217,2024-07-18T04:00:00Z,2024-07-18T20:00:00Z,GS,MarketOnOpen,Sell,-52,477.265285,-24817.79,4.8313,Filled,closed
3218,2024-07-18T04:00:00Z,2024-07-18T20:00:00Z,JNJ,MarketOnOpen,Buy,177,146.248312,25885.95,5.1729,Filled,closed
3219,2024-07-18T04:00:00Z,2024-07-18T20:00:00Z,JPM,MarketOnOpen,Buy,124,206.935367,25659.99,4.9975,Filled,closed
3220,2024-07-18T04:00:00Z,2024-07-18T20:00:00Z,MDT,MarketOnOpen,Sell,-346,74.77836,-25873.31,5.2255,Filled,closed
3221,2024-07-18T04:00:00Z,2024-07-18T20:00:00Z,NKE,MarketOnOpen,Buy,364,68.800509,25043.39,4.9682,Filled,closed
3222,2024-07-18T04:00:00Z,2024-07-18T20:00:00Z,ORCL,MarketOnOpen,Sell,-180,135.606645,-24409.2,4.8324,Filled,closed
3223,2024-07-18T04:00:00Z,2024-07-18T20:00:00Z,MAAS,MarketOnOpen,Sell,-70,343.8,-24066.0,4.7964,Filled,closed
3224,2024-07-18T04:00:00Z,2024-07-18T20:00:00Z,QCOM,MarketOnOpen,Sell,-125,184.693791,-23086.72,4.5621,Filled,closed
3225,2024-07-18T04:00:00Z,2024-07-18T20:00:00Z,UNH,MarketOnOpen,Buy,48,536.285161,25741.69,5.1469,Filled,closed
3226,2024-07-18T04:00:00Z,2024-07-18T20:00:00Z,UPS,MarketOnOpen,Sell,-194,127.230614,-24682.74,4.894,Filled,closed
3227,2024-07-18T04:00:00Z,2024-07-18T20:00:00Z,WFC,MarketOnOpen,Sell,-437,57.661927,-25198.26,4.9192,Filled,closed
3228,2024-07-18T04:00:00Z,2024-07-18T20:00:00Z,WMT,MarketOnOpen,Sell,-357,69.217504,-24710.65,4.9519,Filled,
3229,2024-07-18T04:00:00Z,2024-07-18T20:00:00Z,PG,MarketOnOpen,Buy,155,158.981174,24642.08,4.9179,Filled,
3230,2024-07-18T04:00:00Z,2024-07-18T20:00:00Z,COST,MarketOnOpen,Sell,-29,838.996536,-24330.9,4.8085,Filled,
3231,2024-07-18T04:00:00Z,2024-07-18T20:00:00Z,KO,MarketOnOpen,Buy,405,60.842879,24641.37,4.9595,Filled,
3232,2024-07-18T04:00:00Z,2024-07-18T20:00:00Z,AMD,MarketOnOpen,Buy,155,163.17,25291.35,4.8289,Filled,
3233,2024-07-18T04:00:00Z,2024-07-18T20:00:00Z,PEP,MarketOnOpen,Buy,159,154.927945,24633.54,4.9752,Filled,
3234,2024-07-18T04:00:00Z,2024-07-18T20:00:00Z,LIN,MarketOnOpen,Buy,56,434.163099,24313.13,4.8512,Filled,
3235,2024-07-18T04:00:00Z,2024-07-18T20:00:00Z,TMO,MarketOnOpen,Buy,45,547.477626,24636.49,4.8284,Filled,
3236,2024-07-18T04:00:00Z,2024-07-18T20:00:00Z,AMAT,MarketOnOpen,Buy,114,217.940027,24845.16,4.875,Filled,
3237,2024-07-18T04:00:00Z,2024-07-18T20:00:00Z,IBM,MarketOnOpen,Sell,-141,175.378721,-24728.4,4.9081,Filled,
3238,2024-07-18T04:00:00Z,2024-07-18T20:00:00Z,PFE,MarketOnOpen,Sell,-961,25.753763,-24749.37,4.9151,Filled,
3239,2024-07-18T04:00:00Z,2024-07-18T20:00:00Z,PM,MarketOnOpen,Sell,-247,99.602859,-24601.91,4.9296,Filled,
3240,2024-07-18T04:00:00Z,2024-07-18T20:00:00Z,SPGI,MarketOnOpen,Buy,54,453.323579,24479.47,4.8638,Filled,
3241,2024-07-18T04:00:00Z,2024-07-18T20:00:00Z,UNP,MarketOnOpen,Buy,107,230.883485,24704.53,4.9484,Filled,
3242,2024-07-18T04:00:00Z,2024-07-18T20:00:00Z,T,MarketOnOpen,Buy,1423,17.425008,24795.79,4.9721,Filled,
3243,2024-07-18T04:00:00Z,2024-07-18T20:00:00Z,LOW,MarketOnOpen,Buy,106,231.448224,24533.51,4.8546,Filled,
3244,2024-07-18T04:00:00Z,2024-07-18T20:00:00Z,PGR,MarketOnOpen,Buy,122,205.493033,25070.15,5.0414,Filled,
3245,2024-07-18T04:00:00Z,2024-07-18T20:00:00Z,C,MarketOnOpen,Buy,390,63.633754,24817.16,4.763,Filled,
3246,2024-07-18T04:00:00Z,2024-07-18T20:00:00Z,TJX,MarketOnOpen,Buy,224,110.665376,24789.04,4.9234,Filled,
3247,2024-07-18T04:00:00Z,2024-07-18T20:00:00Z,SYK,MarketOnOpen,Buy,75,324.673089,24350.48,4.8744,Filled,
3248,2024-07-18T04:00:00Z,2024-07-18T20:00:00Z,BLK,MarketOnOpen,Buy,61,796.489519,48585.86,9.6454,Filled,
3249,2024-07-18T04:00:00Z,2024-07-18T20:00:00Z,REGN,MarketOnOpen,Sell,-23,1081.196938,-24867.53,4.8635,Filled,
3250,2024-07-18T04:00:00Z,2024-07-18T20:00:00Z,LMT,MarketOnOpen,Buy,55,447.398363,24606.91,4.9369,Filled,
3251,2024-07-18T04:00:00Z,2024-07-18T20:00:00Z,PLD,MarketOnOpen,Buy,217,113.734451,24680.38,4.9409,Filled,
3252,2024-07-18T04:00:00Z,2024-07-18T20:00:00Z,KLAC,MarketOnOpen,Buy,323,78.054546,25211.62,4.9996,Filled,
3253,2024-07-18T04:00:00Z,2024-07-18T20:00:00Z,KKR,MarketOnOpen,Buy,222,111.794509,24818.38,5.0152,Filled,
3254,2024-07-18T04:00:00Z,2024-07-18T20:00:00Z,FISV,MarketOnOpen,Buy,157,157.94,24796.58,4.949,Filled,
3255,2024-07-19T04:00:00Z,2024-07-19T20:00:00Z,AMAT,MarketOnOpen,Sell,-114,213.666693,-24358.0,4.7094,Filled,closed
3256,2024-07-19T04:00:00Z,2024-07-19T20:00:00Z,BKNG,MarketOnOpen,Sell,-158,154.624347,-24430.65,4.9223,Filled,closed
3257,2024-07-19T04:00:00Z,2024-07-19T20:00:00Z,BLK,MarketOnOpen,Sell,-30,795.058991,-23851.77,4.7534,Filled,closed
3258,2024-07-19T04:00:00Z,2024-07-19T20:00:00Z,KKR,MarketOnOpen,Sell,-222,113.32796,-25158.81,5.0257,Filled,closed
3259,2024-07-19T04:00:00Z,2024-07-19T20:00:00Z,DHR,MarketOnOpen,Sell,-102,241.920643,-24675.91,4.906,Filled,closed
3260,2024-07-19T04:00:00Z,2024-07-19T20:00:00Z,ISRG,MarketOnOpen,Sell,-56,449.43,-25168.08,5.0961,Filled,closed
3261,2024-07-19T04:00:00Z,2024-07-19T20:00:00Z,PEP,MarketOnOpen,Sell,-159,156.369691,-24862.78,4.9457,Filled,closed
3262,2024-07-19T04:00:00Z,2024-07-19T20:00:00Z,PG,MarketOnOpen,Sell,-155,159.15045,-24668.32,4.9334,Filled,closed
3263,2024-07-19T04:00:00Z,2024-07-19T20:00:00Z,KLAC,MarketOnOpen,Sell,-323,77.231502,-24945.78,4.8439,Filled,closed
3264,2024-07-19T04:00:00Z,2024-07-19T20:00:00Z,REGN,MarketOnOpen,Buy,23,1062.166525,24429.83,4.8468,Filled,closed
3265,2024-07-19T04:00:00Z,2024-07-19T20:00:00Z,TMUS,MarketOnOpen,Sell,-143,174.330858,-24929.31,4.9812,Filled,closed
3266,2024-07-19T04:00:00Z,2024-07-19T20:00:00Z,JPM,MarketOnOpen,Sell,-123,202.741574,-24937.21,4.9525,Filled,
3267,2024-07-19T04:00:00Z,2024-07-19T20:00:00Z,XOM,MarketOnOpen,Sell,-224,110.349034,-24718.18,4.8394,Filled,
3268,2024-07-19T04:00:00Z,2024-07-19T20:00:00Z,WFC,MarketOnOpen,Buy,440,56.34128,24790.16,4.953,Filled,
3269,2024-07-19T04:00:00Z,2024-07-19T20:00:00Z,TMO,MarketOnOpen,Sell,-91,537.018103,-48868.65,9.6509,Filled,
3270,2024-07-19T04:00:00Z,2024-07-19T20:00:00Z,INTU,MarketOnOpen,Buy,39,627.632139,24477.65,4.8785,Filled,
3271,2024-07-19T04:00:00Z,2024-07-19T20:00:00Z,AMGN,MarketOnOpen,Buy,80,311.968255,24957.46,4.9562,Filled,
3272,2024-07-19T04:00:00Z,2024-07-19T20:00:00Z,INTC,MarketOnOpen,Buy,715,34.282526,24512.01,4.6864,Filled,
3273,2024-07-19T04:00:00Z,2024-07-19T20:00:00Z,HON,MarketOnOpen,Buy,120,205.997648,24719.72,4.8631,Filled,
3274,2024-07-19T04:00:00Z,2024-07-19T20:00:00Z,COP,MarketOnOpen,Buy,228,109.241062,24906.96,4.8619,Filled,
3275,2024-07-19T04:00:00Z,2024-07-19T20:00:00Z,MAAS,MarketOnOpen,Buy,72,336.6,24235.2,5.0458,Filled,
3276,2024-07-19T04:00:00Z,2024-07-19T20:00:00Z,LRCX,MarketOnOpen,Buy,265,94.225053,24969.64,4.7731,Filled,
3277,2024-07-19T04:00:00Z,2024-07-19T20:00:00Z,UPS,MarketOnOpen,Buy,196,126.611974,24815.95,4.9587,Filled,
3278,2024-07-19T04:00:00Z,2024-07-19T20:00:00Z,ETN,MarketOnOpen,Buy,82,303.8391,24914.81,4.9775,Filled,
3279,2024-07-19T04:00:00Z,2024-07-19T20:00:00Z,BSX,MarketOnOpen,Buy,328,76.9,25223.2,5.0879,Filled,
3280,2024-07-19T04:00:00Z,2024-07-19T20:00:00Z,BA,MarketOnOpen,Buy,137,181.4,24851.8,4.923,Filled,
3281,2024-07-19T04:00:00Z,2024-07-19T20:00:00Z,ANET,MarketOnOpen,Buy,298,83.08,24757.84,4.9258,Filled,
3282,2024-07-19T04:00:00Z,2024-07-19T20:00:00Z,ADP,MarketOnOpen,Buy,106,233.924679,24796.02,4.934,Filled,
3283,2024-07-22T04:00:00Z,2024-07-22T20:00:00Z,AXP,MarketOnOpen,Sell,-102,237.856876,-24261.4,4.887,Filled,closed
3284,2024-07-22T04:00:00Z,2024-07-22T20:00:00Z,BSX,MarketOnOpen,Sell,-328,77.67,-25475.76,5.1345,Filled,closed
3285,2024-07-22T04:00:00Z,2024-07-22T20:00:00Z,COP,MarketOnOpen,Sell,-228,105.865741,-24137.39,4.7756,Filled,closed
3286,2024-07-22T04:00:00Z,2024-07-22T20:00:00Z,INTU,MarketOnOpen,Sell,-39,632.377847,-24662.74,4.9395,Filled,closed
3287,2024-07-22T04:00:00Z,2024-07-22T20:00:00Z,KO,MarketOnOpen,Sell,-405,61.284314,-24820.15,4.9275,Filled,closed
3288,2024-07-22T04:00:00Z,2024-07-22T20:00:00Z,LIN,MarketOnOpen,Sell,-56,435.017827,-24361.0,4.8528,Filled,closed
3289,2024-07-22T04:00:00Z,2024-07-22T20:00:00Z,LMT,MarketOnOpen,Sell,-55,447.869805,-24632.84,4.9223,Filled,closed
3290,2024-07-22T04:00:00Z,2024-07-22T20:00:00Z,ABNB,MarketOnOpen,Sell,-165,148.14,-24443.1,4.9559,Filled,closed
3291,2024-07-22T04:00:00Z,2024-07-22T20:00:00Z,NOW,MarketOnOpen,Sell,-166,150.962,-25059.69,5.0232,Filled,closed
3292,2024-07-22T04:00:00Z,2024-07-22T20:00:00Z,PFE,MarketOnOpen,Buy,961,25.934582,24923.13,4.8986,Filled,closed
3293,2024-07-22T04:00:00Z,2024-07-22T20:00:00Z,T,MarketOnOpen,Sell,-1423,17.060087,-24276.5,4.819,Filled,closed
3294,2024-07-22T04:00:00Z,2024-07-22T20:00:00Z,UNP,MarketOnOpen,Sell,-107,231.016702,-24718.79,4.9537,Filled,closed
3295,2024-07-22T04:00:00Z,2024-07-22T20:00:00Z,UPS,MarketOnOpen,Sell,-196,126.890798,-24870.6,4.9587,Filled,closed
3296,2024-07-22T04:00:00Z,2024-07-22T20:00:00Z,WFC,MarketOnOpen,Sell,-440,56.303276,-24773.44,4.9472,Filled,closed
3297,2024-07-22T04:00:00Z,2024-07-22T20:00:00Z,NFLX,MarketOnOpen,Buy,392,63.911,25053.11,5.0764,Filled,
3298,2024-07-22T04:00:00Z,2024-07-22T20:00:00Z,TMUS,MarketOnOpen,Buy,142,173.565494,24646.3,4.8211,Filled,
3299,2024-07-22T04:00:00Z,2024-07-22T20:00:00Z,ACN,MarketOnOpen,Buy,79,314.294361,24829.25,4.9777,Filled,
3300,2024-07-22T04:00:00Z,2024-07-22T20:00:00Z,VZ,MarketOnOpen,Buy,680,35.087496,23859.5,4.6633,Filled,
3301,2024-07-22T04:00:00Z,2024-07-22T20:00:00Z,DHR,MarketOnOpen,Buy,103,243.026611,25031.74,5.1036,Filled,
3302,2024-07-22T04:00:00Z,2024-07-22T20:00:00Z,MS,MarketOnOpen,Sell,-258,96.313182,-24848.8,4.9741,Filled,
3303,2024-07-22T04:00:00Z,2024-07-22T20:00:00Z,ISRG,MarketOnOpen,Sell,-54,462.61,-24980.94,4.9801,Filled,
3304,2024-07-22T04:00:00Z,2024-07-22T20:00:00Z,NEE,MarketOnOpen,Buy,368,68.330573,25145.65,5.0257,Filled,
3305,2024-07-22T04:00:00Z,2024-07-22T20:00:00Z,BKNG,MarketOnOpen,Buy,159,156.112837,24821.94,4.8812,Filled,
3306,2024-07-22T04:00:00Z,2024-07-22T20:00:00Z,ADI,MarketOnOpen,Buy,111,229.328426,25455.46,5.1538,Filled,
3307,2024-07-23T04:00:00Z,2024-07-23T20:00:00Z,ADI,MarketOnOpen,Sell,-111,226.078833,-25094.75,4.9451,Filled,closed
3308,2024-07-23T04:00:00Z,2024-07-23T20:00:00Z,AMGN,MarketOnOpen,Sell,-80,312.632117,-25010.57,4.9854,Filled,closed
3309,2024-07-23T04:00:00Z,2024-07-23T20:00:00Z,AMT,MarketOnOpen,Sell,-129,195.386682,-25204.88,5.04,Filled,closed
3310,2024-07-23T04:00:00Z,2024-07-23T20:00:00Z,BA,MarketOnOpen,Sell,-137,179.1,-24536.7,5.1096,Filled,closed
3311,2024-07-23T04:00:00Z,2024-07-23T20:00:00Z,LRCX,MarketOnOpen,Sell,-265,94.639449,-25079.45,4.9947,Filled,closed
3312,2024-07-23T04:00:00Z,2024-07-23T20:00:00Z,COST,MarketOnOpen,Buy,29,838.473046,24315.72,4.8815,Filled,closed
3313,2024-07-23T04:00:00Z,2024-07-23T20:00:00Z,DHR,MarketOnOpen,Sell,-103,266.617305,-27461.58,5.3739,Filled,closed
3314,2024-07-23T04:00:00Z,2024-07-23T20:00:00Z,IBM,MarketOnOpen,Buy,141,173.236289,24426.32,4.8784,Filled,closed
3315,2024-07-23T04:00:00Z,2024-07-23T20:00:00Z,NFLX,MarketOnOpen,Sell,-392,64.75,-25382.0,5.0392,Filled,closed
3316,2024-07-23T04:00:00Z,2024-07-23T20:00:00Z,SPGI,MarketOnOpen,Sell,-54,453.295704,-24477.97,4.9729,Filled,closed
3317,2024-07-23T04:00:00Z,2024-07-23T20:00:00Z,TMUS,MarketOnOpen,Sell,-142,169.930013,-24130.06,4.7972,Filled,closed
3318,2024-07-23T04:00:00Z,2024-07-23T20:00:00Z,VZ,MarketOnOpen,Sell,-680,33.98224,-23107.92,4.6395,Filled,closed
3319,2024-07-23T04:00:00Z,2024-07-23T20:00:00Z,AMZN,MarketOnOpen,Buy,136,184.18,25048.48,5.0704,Filled,
3320,2024-07-23T04:00:00Z,2024-07-23T20:00:00Z,UNH,MarketOnOpen,Sell,-46,530.860558,-24419.59,4.8482,Filled,
3321,2024-07-23T04:00:00Z,2024-07-23T20:00:00Z,JNJ,MarketOnOpen,Sell,-171,144.142261,-24648.33,4.8988,Filled,
3322,2024-07-23T04:00:00Z,2024-07-23T20:00:00Z,KO,MarketOnOpen,Buy,408,61.594257,25130.46,4.9786,Filled,
3323,2024-07-23T04:00:00Z,2024-07-23T20:00:00Z,QCOM,MarketOnOpen,Buy,133,185.094098,24617.52,4.902,Filled,
3324,2024-07-23T04:00:00Z,2024-07-23T20:00:00Z,TMO,MarketOnOpen,Buy,91,566.610416,51561.55,9.974,Filled,
3325,2024-07-23T04:00:00Z,2024-07-23T20:00:00Z,WFC,MarketOnOpen,Sell,-442,56.217766,-24848.25,5.0116,Filled,
3326,2024-07-23T04:00:00Z,2024-07-23T20:00:00Z,INTU,MarketOnOpen,Buy,39,632.446625,24665.42,4.8827,Filled,
3327,2024-07-23T04:00:00Z,2024-07-23T20:00:00Z,T,MarketOnOpen,Buy,1468,16.914118,24829.93,4.8776,Filled,
3328,2024-07-23T04:00:00Z,2024-07-23T20:00:00Z,COP,MarketOnOpen,Buy,237,104.289969,24716.72,4.8983,Filled,
3329,2024-07-23T04:00:00Z,2024-07-23T20:00:00Z,ANET,MarketOnOpen,Sell,-588,85.5725,-50316.63,10.1912,Filled,
3330,2024-07-23T04:00:00Z,2024-07-23T20:00:00Z,CB,MarketOnOpen,Sell,-97,255.108828,-24745.56,4.9627,Filled,
3331,2024-07-23T04:00:00Z,2024-07-23T20:00:00Z,BX,MarketOnOpen,Buy,189,132.14447,24975.3,5.0503,Filled,
3332,2024-07-23T04:00:00Z,2024-07-23T20:00:00Z,DE,MarketOnOpen,Sell,-67,366.519107,-24556.78,4.8485,Filled,
3333,2024-07-24T04:00:00Z,2024-07-24T20:00:00Z,ACN,MarketOnOpen,Sell,-79,313.020914,-24728.65,4.9352,Filled,closed
3334,2024-07-24T04:00:00Z,2024-07-24T20:00:00Z,C,MarketOnOpen,Sell,-390,60.584754,-23628.05,4.6728,Filled,closed
3335,2024-07-24T04:00:00Z,2024-07-24T20:00:00Z,ANET,MarketOnOpen,Buy,290,85.125,24686.25,4.7258,Filled,closed
3336,2024-07-24T04:00:00Z,2024-07-24T20:00:00Z,INTU,MarketOnOpen,Sell,-39,618.828507,-24134.31,4.7534,Filled,closed
3337,2024-07-24T04:00:00Z,2024-07-24T20:00:00Z,MS,MarketOnOpen,Buy,258,96.793101,24972.62,4.9513,Filled,closed
3338,2024-07-24T04:00:00Z,2024-07-24T20:00:00Z,PLD,MarketOnOpen,Sell,-217,116.436225,-25266.66,4.9594,Filled,closed
3339,2024-07-24T04:00:00Z,2024-07-24T20:00:00Z,PM,MarketOnOpen,Buy,247,102.082251,25214.32,5.1121,Filled,closed
3340,2024-07-24T04:00:00Z,2024-07-24T20:00:00Z,MAAS,MarketOnOpen,Sell,-72,325.8,-23457.6,4.3805,Filled,closed
3341,2024-07-24T04:00:00Z,2024-07-24T20:00:00Z,UNH,MarketOnOpen,Buy,46,532.01008,24472.46,4.8923,Filled,closed
3342,2024-07-24T04:00:00Z,2024-07-24T20:00:00Z,CVX,MarketOnOpen,Buy,176,140.792604,24779.5,4.9681,Filled,
3343,2024-07-24T04:00:00Z,2024-07-24T20:00:00Z,WFC,MarketOnOpen,Buy,879,56.740324,49874.75,9.9282,Filled,
3344,2024-07-24T04:00:00Z,2024-07-24T20:00:00Z,TMUS,MarketOnOpen,Sell,-146,169.394258,-24731.56,4.9416,Filled,
3345,2024-07-24T04:00:00Z,2024-07-24T20:00:00Z,AMGN,MarketOnOpen,Buy,79,311.594249,24615.95,4.9581,Filled,
3346,2024-07-24T04:00:00Z,2024-07-24T20:00:00Z,DIS,MarketOnOpen,Sell,-278,88.222582,-24525.88,4.8791,Filled,
3347,2024-07-24T04:00:00Z,2024-07-24T20:00:00Z,VZ,MarketOnOpen,Sell,-726,34.455921,-25015.0,5.0527,Filled,
3348,2024-07-24T04:00:00Z,2024-07-24T20:00:00Z,LMT,MarketOnOpen,Buy,52,476.156319,24760.13,5.052,Filled,
3349,2024-07-24T04:00:00Z,2024-07-24T20:00:00Z,ELV,MarketOnOpen,Buy,51,484.272892,24697.92,5.0148,Filled,
3350,2024-07-24T04:00:00Z,2024-07-24T20:00:00Z,REGN,MarketOnOpen,Buy,23,1046.127878,24060.94,4.8343,Filled,
3351,2024-07-24T04:00:00Z,2024-07-24T20:00:00Z,PANW,MarketOnOpen,Sell,-147,166.875,-24530.62,4.7699,Filled,
3352,2024-07-24T04:00:00Z,2024-07-24T20:00:00Z,BX,MarketOnOpen,Sell,-374,132.56309,-49578.6,9.5768,Filled,
3353,2024-07-24T04:00:00Z,2024-07-24T20:00:00Z,MRSH,MarketOnOpen,Sell,-117,210.933409,-24679.21,4.8938,Filled,
3354,2024-07-24T04:00:00Z,2024-07-24T20:00:00Z,CB,MarketOnOpen,Buy,193,260.28816,50235.61,9.7538,Filled,
3355,2024-07-25T04:00:00Z,2024-07-25T20:00:00Z,AMD,MarketOnOpen,Sell,-155,144.15,-22343.25,4.2879,Filled,closed
3356,2024-07-25T04:00:00Z,2024-07-25T20:00:00Z,AMGN,MarketOnOpen,Sell,-79,314.156194,-24818.34,4.9387,Filled,closed
3357,2024-07-25T04:00:00Z,2024-07-25T20:00:00Z,BX,MarketOnOpen,Buy,185,128.10711,23699.82,4.8195,Filled,closed
3358,2024-07-25T04:00:00Z,2024-07-25T20:00:00Z,CB,MarketOnOpen,Sell,-96,251.027553,-24098.65,4.8809,Filled,closed
3359,2024-07-25T04:00:00Z,2024-07-25T20:00:00Z,FISV,MarketOnOpen,Sell,-157,161.76,-25396.32,4.9031,Filled,closed
3360,2024-07-25T04:00:00Z,2024-07-25T20:00:00Z,JNJ,MarketOnOpen,Buy,171,147.122699,25157.98,5.1332,Filled,closed
3361,2024-07-25T04:00:00Z,2024-07-25T20:00:00Z,NEE,MarketOnOpen,Sell,-368,70.428729,-25917.77,5.0629,Filled,closed
3362,2024-07-25T04:00:00Z,2024-07-25T20:00:00Z,UBER,MarketOnOpen,Sell,-336,66.0,-22176.0,4.4177,Filled,closed
3363,2024-07-25T04:00:00Z,2024-07-25T20:00:00Z,TMO,MarketOnOpen,Sell,-45,571.740941,-25728.34,5.3096,Filled,closed
3364,2024-07-25T04:00:00Z,2024-07-25T20:00:00Z,PANW,MarketOnOpen,Buy,147,164.0,24108.0,4.7033,Filled,closed
3365,2024-07-25T04:00:00Z,2024-07-25T20:00:00Z,VZ,MarketOnOpen,Buy,726,35.017321,25422.58,5.0883,Filled,closed
3366,2024-07-25T04:00:00Z,2024-07-25T20:00:00Z,WFC,MarketOnOpen,Sell,-437,56.5218,-24700.03,4.9574,Filled,closed
3367,2024-07-25T04:00:00Z,2024-07-25T20:00:00Z,XOM,MarketOnOpen,Buy,224,107.083223,23986.64,4.8949,Filled,closed
3368,2024-07-25T04:00:00Z,2024-07-25T20:00:00Z,GOOGL,MarketOnOpen,Buy,145,171.07013,24805.17,4.8109,Filled,
3369,2024-07-25T04:00:00Z,2024-07-25T20:00:00Z,V,MarketOnOpen,Sell,-99,251.093319,-24858.24,4.9395,Filled,
3370,2024-07-25T04:00:00Z,2024-07-25T20:00:00Z,COST,MarketOnOpen,Sell,-30,825.524075,-24765.72,4.8356,Filled,
3371,2024-07-25T04:00:00Z,2024-07-25T20:00:00Z,CRM,MarketOnOpen,Buy,101,250.684208,25319.11,5.0992,Filled,
3372,2024-07-25T04:00:00Z,2024-07-25T20:00:00Z,TMUS,MarketOnOpen,Buy,293,170.532738,49966.09,9.8189,Filled,
3373,2024-07-25T04:00:00Z,2024-07-25T20:00:00Z,QCOM,MarketOnOpen,Sell,-277,171.559926,-47522.1,9.261,Filled,
3374,2024-07-25T04:00:00Z,2024-07-25T20:00:00Z,AXP,MarketOnOpen,Buy,105,234.910704,24665.62,4.9368,Filled,
3375,2024-07-25T04:00:00Z,2024-07-25T20:00:00Z,CAT,MarketOnOpen,Sell,-75,327.335198,-24550.14,5.0387,Filled,
3376,2024-07-25T04:00:00Z,2024-07-25T20:00:00Z,NOW,MarketOnOpen,Buy,170,157.866,26837.22,5.6358,Filled,
3377,2024-07-25T04:00:00Z,2024-07-25T20:00:00Z,BLK,MarketOnOpen,Buy,31,786.75239,24389.32,4.9463,Filled,
3378,2024-07-25T04:00:00Z,2024-07-25T20:00:00Z,C,MarketOnOpen,Buy,415,60.048356,24920.07,5.0278,Filled,
3379,2024-07-25T04:00:00Z,2024-07-25T20:00:00Z,LRCX,MarketOnOpen,Buy,278,89.450659,24867.28,4.8271,Filled,
3380,2024-07-25T04:00:00Z,2024-07-25T20:00:00Z,PLD,MarketOnOpen,Buy,217,114.885722,24930.2,4.8527,Filled,
3381,2024-07-25T04:00:00Z,2024-07-25T20:00:00Z,MRSH,MarketOnOpen,Buy,236,209.844611,49523.33,9.8436,Filled,
3382,2024-07-25T04:00:00Z,2024-07-25T20:00:00Z,KLAC,MarketOnOpen,Sell,-335,75.474296,-25283.89,5.0256,Filled,
3383,2024-07-25T04:00:00Z,2024-07-25T20:00:00Z,AMT,MarketOnOpen,Sell,-127,196.300401,-24930.15,4.9713,Filled,
3384,2024-07-25T04:00:00Z,2024-07-25T20:00:00Z,CI,MarketOnOpen,Sell,-76,328.793554,-24988.31,4.9564,Filled,
3385,2024-07-26T04:00:00Z,2024-07-26T20:00:00Z,ABBV,MarketOnOpen,Sell,-158,171.786396,-27142.25,5.4791,Filled,closed
3386,2024-07-26T04:00:00Z,2024-07-26T20:00:00Z,AXP,MarketOnOpen,Sell,-105,236.799778,-24863.98,5.0542,Filled,closed
3387,2024-07-26T04:00:00Z,2024-07-26T20:00:00Z,LRCX,MarketOnOpen,Sell,-278,89.17374,-24790.3,4.8846,Filled,closed
3388,2024-07-26T04:00:00Z,2024-07-26T20:00:00Z,CVX,MarketOnOpen,Sell,-176,143.359254,-25231.23,5.0568,Filled,closed
3389,2024-07-26T04:00:00Z,2024-07-26T20:00:00Z,ISRG,MarketOnOpen,Buy,54,438.6,23684.4,4.766,Filled,closed
3390,2024-07-26T04:00:00Z,2024-07-26T20:00:00Z,MRSH,MarketOnOpen,Sell,-119,208.946932,-24864.68,5.0074,Filled,closed
3391,2024-07-26T04:00:00Z,2024-07-26T20:00:00Z,NOW,MarketOnOpen,Sell,-170,165.17,-28078.9,5.6277,Filled,closed
3392,2024-07-26T04:00:00Z,2024-07-26T20:00:00Z,KLAC,MarketOnOpen,Buy,335,77.618933,26002.34,5.1876,Filled,closed
3393,2024-07-26T04:00:00Z,2024-07-26T20:00:00Z,TMUS,MarketOnOpen,Sell,-147,168.083572,-24708.29,4.9372,Filled,closed
3394,2024-07-26T04:00:00Z,2024-07-26T20:00:00Z,MRK,MarketOnOpen,Buy,417,118.398924,49372.35,9.7212,Filled,
3395,2024-07-26T04:00:00Z,2024-07-26T20:00:00Z,MS,MarketOnOpen,Sell,-255,98.703368,-25169.36,5.0003,Filled,
3396,2024-07-26T04:00:00Z,2024-07-26T20:00:00Z,AMAT,MarketOnOpen,Sell,-125,203.027565,-25378.45,5.0708,Filled,
3397,2024-07-26T04:00:00Z,2024-07-26T20:00:00Z,GS,MarketOnOpen,Sell,-53,473.634583,-25102.63,5.054,Filled,
3398,2024-07-26T04:00:00Z,2024-07-26T20:00:00Z,NEE,MarketOnOpen,Buy,362,69.529519,25169.69,5.036,Filled,
3399,2024-07-26T04:00:00Z,2024-07-26T20:00:00Z,RTX,MarketOnOpen,Sell,-486,109.501406,-53217.68,10.6426,Filled,
3400,2024-07-26T04:00:00Z,2024-07-26T20:00:00Z,UBER,MarketOnOpen,Buy,379,66.1,25051.9,4.8815,Filled,
3401,2024-07-26T04:00:00Z,2024-07-26T20:00:00Z,SCHW,MarketOnOpen,Buy,387,64.608936,25003.66,5.0052,Filled,
3402,2024-07-26T04:00:00Z,2024-07-26T20:00:00Z,ADI,MarketOnOpen,Buy,116,217.896822,25276.03,5.0806,Filled,
3403,2024-07-26T04:00:00Z,2024-07-26T20:00:00Z,BSX,MarketOnOpen,Buy,335,74.5,24957.5,5.0196,Filled,
3404,2024-07-26T04:00:00Z,2024-07-26T20:00:00Z,UPS,MarketOnOpen,Buy,225,112.261281,25258.79,5.0514,Filled,
3405,2024-07-26T04:00:00Z,2024-07-26T20:00:00Z,NKE,MarketOnOpen,Buy,370,67.885934,25117.8,5.0626,Filled,
3406,2024-07-26T04:00:00Z,2024-07-26T20:00:00Z,ADP,MarketOnOpen,Sell,-212,235.187456,-49859.74,10.0958,Filled,
3407,2024-07-26T04:00:00Z,2024-07-26T20:00:00Z,MDT,MarketOnOpen,Sell,-341,73.104634,-24928.68,4.9908,Filled,
3408,2024-07-26T04:00:00Z,2024-07-26T20:00:00Z,ANET,MarketOnOpen,Buy,317,79.7925,25294.22,5.0584,Filled,
3409,2024-07-26T04:00:00Z,2024-07-26T20:00:00Z,GILD,MarketOnOpen,Sell,-347,71.382491,-24769.72,5.0178,Filled,
3410,2024-07-26T04:00:00Z,2024-07-26T20:00:00Z,SPY,MarketOnOpen,Buy,154,528.496537,81388.47,16.3404,Filled,
3411,2024-07-29T04:00:00Z,2024-07-29T20:00:00Z,CAT,MarketOnOpen,Buy,75,341.647759,25623.58,5.042,Filled,closed
3412,2024-07-29T04:00:00Z,2024-07-29T20:00:00Z,KO,MarketOnOpen,Sell,-408,62.815248,-25628.62,5.1219,Filled,closed
3413,2024-07-29T04:00:00Z,2024-07-29T20:00:00Z,NKE,MarketOnOpen,Sell,-370,68.357365,-25292.22,5.1317,Filled,closed
3414,2024-07-29T04:00:00Z,2024-07-29T20:00:00Z,QCOM,MarketOnOpen,Buy,144,172.989592,24910.5,4.9036,Filled,closed
3415,2024-07-29T04:00:00Z,2024-07-29T20:00:00Z,PG,MarketOnOpen,Sell,-155,159.984244,-24797.56,4.9912,Filled,
3416,2024-07-29T04:00:00Z,2024-07-29T20:00:00Z,CVX,MarketOnOpen,Buy,172,144.151093,24793.99,4.904,Filled,
3417,2024-07-29T04:00:00Z,2024-07-29T20:00:00Z,NFLX,MarketOnOpen,Buy,393,63.461,24940.17,4.9279,Filled,
3418,2024-07-29T04:00:00Z,2024-07-29T20:00:00Z,NOW,MarketOnOpen,Sell,-150,165.8,-24870.0,4.7944,Filled,
3419,2024-07-29T04:00:00Z,2024-07-29T20:00:00Z,KLAC,MarketOnOpen,Sell,-320,78.003413,-24961.09,4.8996,Filled,
3420,2024-07-29T04:00:00Z,2024-07-29T20:00:00Z,PANW,MarketOnOpen,Sell,-151,164.5,-24839.5,4.8577,Filled,
3421,2024-07-29T04:00:00Z,2024-07-29T20:00:00Z,KKR,MarketOnOpen,Sell,-213,117.348355,-24995.2,4.9664,Filled,
3422,2024-07-29T04:00:00Z,2024-07-29T20:00:00Z,BMY,MarketOnOpen,Sell,-540,45.56538,-24605.31,4.8207,Filled,
3423,2024-07-29T04:00:00Z,2024-07-29T20:00:00Z,MDT,MarketOnOpen,Buy,680,73.457976,49951.42,10.1167,Filled,
3424,2024-07-29T04:00:00Z,2024-07-29T20:00:00Z,ANET,MarketOnOpen,Sell,-628,80.4675,-50533.59,10.0731,Filled,
3425,2024-07-29T04:00:00Z,2024-07-29T20:00:00Z,SPY,MarketOnOpen,Buy,160,532.092282,85134.77,16.987,Filled,
3426,2024-07-30T20:00:00Z,2024-07-31T20:00:00Z,ADI,MarketOnOpen,Sell,-116,221.5236,-25696.74,5.1916,Filled,closed
3427,2024-07-30T20:00:00Z,2024-07-31T20:00:00Z,AMAT,MarketOnOpen,Buy,125,203.214217,25401.78,5.2115,Filled,closed
3428,2024-07-30T20:00:00Z,2024-07-31T20:00:00Z,KKR,MarketOnOpen,Buy,213,124.10144,26433.61,5.1695,Filled,closed
3429,2024-07-30T20:00:00Z,2024-07-31T20:00:00Z,PLD,MarketOnOpen,Sell,-217,117.076851,-25405.68,5.0791,Filled,closed
3430,2024-07-30T20:00:00Z,2024-07-31T20:00:00Z,SCHW,MarketOnOpen,Sell,-387,63.424342,-24545.22,4.8993,Filled,closed
3431,2024-07-30T20:00:00Z,2024-07-31T20:00:00Z,UPS,MarketOnOpen,Sell,-225,113.132604,-25454.84,5.1117,Filled,closed
3432,2024-07-30T20:00:00Z,,V,MarketOnOpen,Buy,99,0.0,0.0,0.0,Canceled,closed
3433,2024-07-30T20:00:00Z,2024-07-31T20:00:00Z,VRTX,MarketOnOpen,Sell,-51,507.04,-25859.04,5.0563,Filled,closed
3434,2024-07-30T20:00:00Z,,WMT,MarketOnOpen,Buy,357,0.0,0.0,0.0,Canceled,closed
3435,2024-07-30T20:00:00Z,2024-07-31T20:00:00Z,CAT,MarketOnOpen,Sell,-74,336.935444,-24933.22,4.9989,Filled,
3436,2024-07-30T20:00:00Z,2024-07-31T20:00:00Z,UNP,MarketOnOpen,Sell,-106,233.27187,-24726.82,4.9772,Filled,
3437,2024-07-30T20:00:00Z,2024-07-31T20:00:00Z,LRCX,MarketOnOpen,Buy,295,87.556416,25829.14,5.3374,Filled,
3438,2024-07-30T20:00:00Z,2024-07-31T20:00:00Z,NKE,MarketOnOpen,Buy,354,70.243085,24866.05,4.9972,Filled,
3439,2024-07-30T20:00:00Z,2024-07-31T20:00:00Z,MDT,MarketOnOpen,Sell,-669,74.722569,-49989.4,9.9929,Filled,
3440,2024-07-30T20:00:00Z,2024-07-31T20:00:00Z,BMY,MarketOnOpen,Buy,1095,44.426246,48646.74,9.4919,Filled,
3441,2024-07-30T20:00:00Z,2024-07-31T20:00:00Z,SPY,MarketOnOpen,Buy,84,534.976673,44938.04,9.0172,Filled,
3442,2024-07-31T04:00:00Z,2024-07-31T20:00:00Z,BLK,MarketOnOpen,Sell,-31,834.779992,-25878.18,5.1826,Filled,closed
3443,2024-07-31T04:00:00Z,2024-07-31T20:00:00Z,BSX,MarketOnOpen,Sell,-335,74.5,-24957.5,4.95,Filled,closed
3444,2024-07-31T04:00:00Z,2024-07-31T20:00:00Z,C,MarketOnOpen,Sell,-415,62.090433,-25767.53,5.0676,Filled,closed
3445,2024-07-31T04:00:00Z,2024-07-31T20:00:00Z,DIS,MarketOnOpen,Buy,278,91.642819,25476.7,5.0905,Filled,closed
3446,2024-07-31T04:00:00Z,2024-07-31T20:00:00Z,ELV,MarketOnOpen,Sell,-51,511.479882,-26085.47,5.2098,Filled,closed
3447,2024-07-31T04:00:00Z,2024-07-31T20:00:00Z,MRK,MarketOnOpen,Sell,-212,107.94416,-22884.16,4.4632,Filled,closed
3448,2024-07-31T04:00:00Z,2024-07-31T20:00:00Z,PG,MarketOnOpen,Buy,155,152.309548,23607.98,4.7219,Filled,closed
3449,2024-07-31T04:00:00Z,2024-07-31T20:00:00Z,RTX,MarketOnOpen,Buy,228,112.845254,25728.72,5.1479,Filled,closed
3450,2024-07-31T04:00:00Z,2024-07-31T20:00:00Z,V,MarketOnOpen,Buy,99,260.089379,25748.85,5.1718,Filled,closed
3451,2024-07-31T04:00:00Z,2024-07-31T20:00:00Z,WMT,MarketOnOpen,Buy,357,67.748541,24186.23,4.7995,Filled,closed
3452,2024-07-31T04:00:00Z,2024-07-31T20:00:00Z,LLY,MarketOnOpen,Buy,31,788.019098,24428.59,4.9108,Filled,
3453,2024-07-31T04:00:00Z,2024-07-31T20:00:00Z,JNJ,MarketOnOpen,Sell,-163,150.291178,-24497.46,4.8382,Filled,
3454,2024-07-31T04:00:00Z,2024-07-31T20:00:00Z,KO,MarketOnOpen,Buy,390,63.397566,24725.05,4.8893,Filled,
3455,2024-07-31T04:00:00Z,2024-07-31T20:00:00Z,INTU,MarketOnOpen,Sell,-39,640.621426,-24984.24,4.9612,Filled,
3456,2024-07-31T04:00:00Z,2024-07-31T20:00:00Z,SPGI,MarketOnOpen,Buy,54,456.724272,24663.11,4.8642,Filled,
3457,2024-07-31T04:00:00Z,2024-07-31T20:00:00Z,NEE,MarketOnOpen,Sell,-719,70.166459,-50449.68,10.2893,Filled,
3458,2024-07-31T04:00:00Z,2024-07-31T20:00:00Z,BA,MarketOnOpen,Buy,132,189.88,25064.16,5.0318,Filled,
3459,2024-07-31T04:00:00Z,2024-07-31T20:00:00Z,CB,MarketOnOpen,Buy,92,267.517847,24611.64,4.9288,Filled,
3460,2024-07-31T04:00:00Z,2024-07-31T20:00:00Z,BX,MarketOnOpen,Sell,-187,133.576321,-24978.77,4.9744,Filled,
3461,2024-07-31T04:00:00Z,2024-07-31T20:00:00Z,KLAC,MarketOnOpen,Buy,652,79.207006,51642.97,10.5539,Filled,
3462,2024-07-31T04:00:00Z,2024-07-31T20:00:00Z,SPY,MarketOnOpen,Sell,-25,534.976673,-13374.42,2.6837,Filled,
3463,2024-08-01T20:00:00Z,2024-08-02T20:00:00Z,AMZN,MarketOnOpen,Sell,-136,166.44,-22635.84,4.5669,Filled,closed
3464,2024-08-01T20:00:00Z,2024-08-02T20:00:00Z,BA,MarketOnOpen,Sell,-132,175.01,-23101.32,4.4867,Filled,closed
3465,2024-08-01T20:00:00Z,2024-08-02T20:00:00Z,CI,MarketOnOpen,Buy,76,318.547131,24209.58,4.9009,Filled,closed
3466,2024-08-01T20:00:00Z,2024-08-02T20:00:00Z,INTU,MarketOnOpen,Buy,39,615.998769,24023.95,4.7816,Filled,closed
3467,2024-08-01T20:00:00Z,2024-08-02T20:00:00Z,JNJ,MarketOnOpen,Buy,163,152.312611,24826.96,5.031,Filled,closed
3468,2024-08-01T20:00:00Z,2024-08-02T20:00:00Z,KO,MarketOnOpen,Sell,-390,64.552811,-25175.6,5.0791,Filled,closed
3469,2024-08-01T20:00:00Z,2024-08-02T20:00:00Z,LLY,MarketOnOpen,Sell,-31,799.787633,-24793.42,4.9119,Filled,closed
3470,2024-08-01T20:00:00Z,2024-08-02T20:00:00Z,KLAC,MarketOnOpen,Sell,-332,69.94603,-23222.08,4.5455,Filled,closed
3471,2024-08-01T20:00:00Z,2024-08-02T20:00:00Z,AVGO,MarketOnOpen,Buy,171,138.890239,23750.23,4.8191,Filled,
3472,2024-08-01T20:00:00Z,2024-08-02T20:00:00Z,ORCL,MarketOnOpen,Sell,-184,129.194132,-23771.72,4.7726,Filled,
3473,2024-08-01T20:00:00Z,2024-08-02T20:00:00Z,MRK,MarketOnOpen,Buy,233,106.455275,24804.08,4.9955,Filled,
3474,2024-08-01T20:00:00Z,2024-08-02T20:00:00Z,AMD,MarketOnOpen,Sell,-186,133.41,-24814.26,4.929,Filled,
3475,2024-08-01T20:00:00Z,2024-08-02T20:00:00Z,IBM,MarketOnOpen,Sell,-138,177.3896,-24479.76,4.9048,Filled,
3476,2024-08-01T20:00:00Z,2024-08-02T20:00:00Z,DIS,MarketOnOpen,Sell,-271,89.971789,-24382.35,4.743,Filled,
3477,2024-08-01T20:00:00Z,2024-08-02T20:00:00Z,RTX,MarketOnOpen,Buy,220,111.970857,24633.59,4.9229,Filled,
3478,2024-08-01T20:00:00Z,2024-08-02T20:00:00Z,SPGI,MarketOnOpen,Sell,-108,453.184206,-48943.89,9.7547,Filled,
3479,2024-08-01T20:00:00Z,2024-08-02T20:00:00Z,VRTX,MarketOnOpen,Buy,48,491.5,23592.0,4.7468,Filled,
3480,2024-08-01T20:00:00Z,2024-08-02T20:00:00Z,C,MarketOnOpen,Buy,415,56.152412,23303.25,4.5896,Filled,
3481,2024-08-01T20:00:00Z,2024-08-02T20:00:00Z,ELV,MarketOnOpen,Buy,48,512.593506,24604.49,4.9322,Filled,
3482,2024-08-01T20:00:00Z,2024-08-02T20:00:00Z,PLD,MarketOnOpen,Buy,208,118.051718,24554.76,4.7885,Filled,
3483,2024-08-01T20:00:00Z,2024-08-02T20:00:00Z,UPS,MarketOnOpen,Buy,217,113.167457,24557.34,4.8426,Filled,
3484,2024-08-01T20:00:00Z,2024-08-02T20:00:00Z,BSX,MarketOnOpen,Sell,-328,75.12,-24639.36,4.8872,Filled,
3485,2024-08-01T20:00:00Z,2024-08-02T20:00:00Z,DE,MarketOnOpen,Buy,137,346.86572,47520.6,9.4398,Filled,
3486,2024-08-01T20:00:00Z,2024-08-02T20:00:00Z,MAAS,MarketOnOpen,Sell,-105,228.0,-23940.0,4.473,Filled,
3487,2024-08-01T20:00:00Z,2024-08-02T20:00:00Z,BMY,MarketOnOpen,Sell,-1118,44.544715,-49800.99,9.9378,Filled,
3488,2024-08-01T20:00:00Z,2024-08-02T20:00:00Z,SPY,MarketOnOpen,Buy,103,521.899466,53755.64,10.6973,Filled,
3489,2024-08-02T20:00:00Z,2024-08-05T20:00:00Z,ADP,MarketOnOpen,Buy,106,252.037044,26715.93,5.1572,Filled,closed
3490,2024-08-02T20:00:00Z,2024-08-05T20:00:00Z,AMD,MarketOnOpen,Buy,186,122.16,22721.76,5.0153,Filled,closed
3491,2024-08-02T20:00:00Z,,AVGO,MarketOnOpen,Sell,-171,0.0,0.0,0.0,Canceled,closed
3492,2024-08-02T20:00:00Z,,BMY,MarketOnOpen,Buy,563,0.0,0.0,0.0,Canceled,closed
3493,2024-08-02T20:00:00Z,,LRCX,MarketOnOpen,Sell,-295,0.0,0.0,0.0,Canceled,closed
3494,2024-08-02T20:00:00Z,2024-08-05T20:00:00Z,DE,MarketOnOpen,Sell,-70,336.746855,-23572.28,4.7018,Filled,closed
3495,2024-08-02T20:00:00Z,2024-08-05T20:00:00Z,DIS,MarketOnOpen,Buy,271,84.826775,22988.06,4.6493,Filled,closed
3496,2024-08-02T20:00:00Z,,JPM,MarketOnOpen,Buy,123,0.0,0.0,0.0,Canceled,closed
3497,2024-08-02T20:00:00Z,,LMT,MarketOnOpen,Sell,-52,0.0,0.0,0.0,Canceled,closed
3498,2024-08-02T20:00:00Z,,MRK,MarketOnOpen,Sell,-233,0.0,0.0,0.0,Canceled,closed
3499,2024-08-02T20:00:00Z,,ORCL,MarketOnOpen,Buy,184,0.0,0.0,0.0,Canceled,closed
3500,2024-08-02T20:00:00Z,,MAAS,MarketOnOpen,Buy,105,0.0,0.0,0.0,Canceled,closed
3501,2024-08-02T20:00:00Z,2024-08-05T20:00:00Z,TJX,MarketOnOpen,Sell,-224,108.468014,-24296.84,4.7431,Filled,closed
3502,2024-08-02T20:00:00Z,2024-08-05T20:00:00Z,LLY,MarketOnOpen,Buy,30,746.489467,22394.68,4.5809,Filled,
3503,2024-08-02T20:00:00Z,2024-08-05T20:00:00Z,PG,MarketOnOpen,Sell,-152,161.291784,-24516.35,4.8419,Filled,
3504,2024-08-02T20:00:00Z,2024-08-05T20:00:00Z,ABBV,MarketOnOpen,Sell,-138,175.532079,-24223.43,4.7664,Filled,
3505,2024-08-02T20:00:00Z,2024-08-05T20:00:00Z,KO,MarketOnOpen,Buy,376,64.67491,24317.77,4.8099,Filled,
3506,2024-08-02T20:00:00Z,2024-08-05T20:00:00Z,TMO,MarketOnOpen,Sell,-40,602.901189,-24116.05,4.7477,Filled,
3507,2024-08-02T20:00:00Z,2024-08-05T20:00:00Z,ACN,MarketOnOpen,Buy,79,297.986635,23540.94,4.7109,Filled,
3508,2024-08-02T20:00:00Z,2024-08-05T20:00:00Z,WFC,MarketOnOpen,Buy,484,48.740433,23590.37,4.7935,Filled,
3509,2024-08-02T20:00:00Z,2024-08-05T20:00:00Z,ISRG,MarketOnOpen,Sell,-54,437.55,-23627.7,4.7304,Filled,
3510,2024-08-02T20:00:00Z,2024-08-05T20:00:00Z,BLK,MarketOnOpen,Buy,30,786.494895,23594.85,4.7537,Filled,
3511,2024-08-02T20:00:00Z,2024-08-05T20:00:00Z,SCHW,MarketOnOpen,Buy,398,59.83172,23813.02,4.8144,Filled,
3512,2024-08-02T20:00:00Z,2024-08-05T20:00:00Z,BSX,MarketOnOpen,Buy,657,73.46,48263.22,9.5869,Filled,
3513,2024-08-02T20:00:00Z,2024-08-05T20:00:00Z,MRSH,MarketOnOpen,Buy,113,218.666965,24709.37,4.7183,Filled,
3514,2024-08-02T20:00:00Z,2024-08-05T20:00:00Z,BA,MarketOnOpen,Buy,144,163.0,23472.0,4.8105,Filled,
3515,2024-08-02T20:00:00Z,2024-08-05T20:00:00Z,KKR,MarketOnOpen,Sell,-229,99.703834,-22832.18,4.7825,Filled,
3516,2024-08-02T20:00:00Z,2024-08-05T20:00:00Z,KLAC,MarketOnOpen,Sell,-358,63.900535,-22876.39,4.9529,Filled,
3517,2024-08-02T20:00:00Z,2024-08-05T20:00:00Z,HCA,MarketOnOpen,Sell,-69,343.856398,-23726.09,4.753,Filled,
3518,2024-08-02T20:00:00Z,2024-08-05T20:00:00Z,SPY,MarketOnOpen,Sell,-181,498.697654,-90264.28,18.2507,Filled,
3519,2024-08-05T04:00:00Z,2024-08-05T20:00:00Z,MU,MarketOnOpen,Sell,-197,86.96308,-17131.73,3.5403,Filled,closed
3520,2024-08-05T04:00:00Z,2024-08-05T20:00:00Z,BX,MarketOnOpen,Buy,187,118.689803,22194.99,4.5321,Filled,closed
3521,2024-08-05T04:00:00Z,2024-08-05T20:00:00Z,AVGO,MarketOnOpen,Sell,-171,126.38855,-21612.44,4.7608,Filled,closed
3522,2024-08-05T04:00:00Z,2024-08-05T20:00:00Z,BMY,MarketOnOpen,Buy,563,43.633408,24565.61,4.8834,Filled,closed
3523,2024-08-05T04:00:00Z,2024-08-05T20:00:00Z,LRCX,MarketOnOpen,Sell,-295,72.666631,-21436.66,4.4634,Filled,closed
3524,2024-08-05T04:00:00Z,2024-08-05T20:00:00Z,CRM,MarketOnOpen,Sell,-101,230.559799,-23286.54,4.7511,Filled,closed
3525,2024-08-05T04:00:00Z,2024-08-05T20:00:00Z,GILD,MarketOnOpen,Buy,347,72.180533,25046.65,4.8758,Filled,closed
3526,2024-08-05T04:00:00Z,2024-08-05T20:00:00Z,ANET,MarketOnOpen,Buy,311,75.0225,23332.0,4.901,Filled,closed
3527,2024-08-05T04:00:00Z,2024-08-05T20:00:00Z,IBM,MarketOnOpen,Buy,138,173.414825,23931.25,4.7541,Filled,closed
3528,2024-08-05T04:00:00Z,2024-08-05T20:00:00Z,INTC,MarketOnOpen,Sell,-715,20.082604,-14359.06,2.8576,Filled,closed
3529,2024-08-05T04:00:00Z,2024-08-05T20:00:00Z,JPM,MarketOnOpen,Buy,123,186.292693,22914.0,4.6012,Filled,closed
3530,2024-08-05T04:00:00Z,2024-08-05T20:00:00Z,LMT,MarketOnOpen,Sell,-52,521.565603,-27121.41,5.348,Filled,closed
3531,2024-08-05T04:00:00Z,2024-08-05T20:00:00Z,MRK,MarketOnOpen,Sell,-233,106.967079,-24923.33,4.8715,Filled,closed
3532,2024-08-05T04:00:00Z,2024-08-05T20:00:00Z,NEE,MarketOnOpen,Buy,357,73.735198,26323.47,5.1283,Filled,closed
3533,2024-08-05T04:00:00Z,2024-08-05T20:00:00Z,NOW,MarketOnOpen,Buy,150,151.408,22711.2,4.6876,Filled,closed
3534,2024-08-05T04:00:00Z,2024-08-05T20:00:00Z,ORCL,MarketOnOpen,Buy,184,124.494218,22906.94,4.5785,Filled,closed
3535,2024-08-05T04:00:00Z,2024-08-05T20:00:00Z,MAAS,MarketOnOpen,Buy,105,204.0,21420.0,3.9564,Filled,closed
3536,2024-08-05T04:00:00Z,2024-08-05T20:00:00Z,T,MarketOnOpen,Sell,-1468,17.224301,-25285.27,5.0664,Filled,closed
3537,2024-08-05T04:00:00Z,2024-08-05T20:00:00Z,PANW,MarketOnOpen,Buy,151,144.08,21756.08,4.4448,Filled,closed
3538,2024-08-05T04:00:00Z,2024-08-05T20:00:00Z,VRTX,MarketOnOpen,Sell,-48,470.5,-22584.0,4.5783,Filled,closed
3539,2024-08-05T04:00:00Z,2024-08-05T20:00:00Z,AMZN,MarketOnOpen,Buy,146,154.04,22489.84,4.7018,Filled,
3540,2024-08-05T04:00:00Z,2024-08-05T20:00:00Z,MA,MarketOnOpen,Sell,-53,449.594782,-23828.52,4.6295,Filled,
3541,2024-08-05T04:00:00Z,2024-08-05T20:00:00Z,JNJ,MarketOnOpen,Sell,-158,154.64431,-24433.8,4.7908,Filled,
3542,2024-08-05T04:00:00Z,2024-08-05T20:00:00Z,PEP,MarketOnOpen,Buy,149,164.854868,24563.38,4.7627,Filled,
3543,2024-08-05T04:00:00Z,2024-08-05T20:00:00Z,ADBE,MarketOnOpen,Sell,-46,504.23,-23194.58,4.6857,Filled,
3544,2024-08-05T04:00:00Z,2024-08-05T20:00:00Z,LIN,MarketOnOpen,Sell,-55,440.952361,-24252.38,4.7383,Filled,
3545,2024-08-05T04:00:00Z,2024-08-05T20:00:00Z,MCD,MarketOnOpen,Buy,93,261.411408,24311.26,4.7294,Filled,
3546,2024-08-05T04:00:00Z,2024-08-05T20:00:00Z,PFE,MarketOnOpen,Sell,-923,25.401205,-23445.31,4.7954,Filled,
3547,2024-08-05T04:00:00Z,2024-08-05T20:00:00Z,RTX,MarketOnOpen,Sell,-439,110.606413,-48556.22,9.7163,Filled,
3548,2024-08-05T04:00:00Z,2024-08-05T20:00:00Z,AMAT,MarketOnOpen,Buy,137,172.043439,23569.95,4.8959,Filled,
3549,2024-08-05T04:00:00Z,2024-08-05T20:00:00Z,AMT,MarketOnOpen,Buy,239,216.197098,51671.11,10.0806,Filled,
3550,2024-08-05T04:00:00Z,2024-08-05T20:00:00Z,ADP,MarketOnOpen,Buy,98,252.037044,24699.63,4.768,Filled,
3551,2024-08-05T04:00:00Z,2024-08-05T20:00:00Z,MDT,MarketOnOpen,Buy,653,75.150299,49073.15,9.7551,Filled,
3552,2024-08-05T04:00:00Z,2024-08-05T20:00:00Z,DE,MarketOnOpen,Sell,-71,336.746855,-23909.03,4.7689,Filled,
3553,2024-08-05T04:00:00Z,2024-08-05T20:00:00Z,CI,MarketOnOpen,Sell,-76,322.790985,-24532.11,4.7321,Filled,
3554,2024-08-05T04:00:00Z,2024-08-05T20:00:00Z,SPY,MarketOnOpen,Sell,-325,498.697654,-162076.74,32.7707,Filled,
3555,2024-08-06T20:00:00Z,,ABBV,MarketOnOpen,Buy,138,0.0,0.0,0.0,Canceled,closed
3556,2024-08-06T20:00:00Z,,KKR,MarketOnOpen,Buy,229,0.0,0.0,0.0,Canceled,closed
3557,2024-08-06T20:00:00Z,,COST,MarketOnOpen,Buy,30,0.0,0.0,0.0,Canceled,closed
3558,2024-08-06T20:00:00Z,,DE,MarketOnOpen,Buy,71,0.0,0.0,0.0,Canceled,closed
3559,2024-08-06T20:00:00Z,,HCA,MarketOnOpen,Buy,69,0.0,0.0,0.0,Canceled,closed
3560,2024-08-06T20:00:00Z,,HON,MarketOnOpen,Sell,-120,0.0,0.0,0.0,Canceled,closed
3561,2024-08-06T20:00:00Z,,ISRG,MarketOnOpen,Buy,54,0.0,0.0,0.0,Canceled,closed
3562,2024-08-06T20:00:00Z,,KO,MarketOnOpen,Sell,-376,0.0,0.0,0.0,Canceled,closed
3563,2024-08-06T20:00:00Z,,MCD,MarketOnOpen,Sell,-93,0.0,0.0,0.0,Canceled,closed
3564,2024-08-06T20:00:00Z,2024-08-07T20:00:00Z,NKE,MarketOnOpen,Sell,-354,68.715651,-24325.34,4.8477,Filled,closed
3565,2024-08-06T20:00:00Z,,PFE,MarketOnOpen,Buy,923,0.0,0.0,0.0,Canceled,closed
3566,2024-08-06T20:00:00Z,,PG,MarketOnOpen,Buy,152,0.0,0.0,0.0,Canceled,closed
3567,2024-08-06T20:00:00Z,,TMO,MarketOnOpen,Buy,40,0.0,0.0,0.0,Canceled,closed
3568,2024-08-06T20:00:00Z,,WFC,MarketOnOpen,Sell,-484,0.0,0.0,0.0,Canceled,closed
3569,2024-08-06T20:00:00Z,2024-08-07T20:00:00Z,ORCL,MarketOnOpen,Sell,-196,125.447823,-24587.77,4.8024,Filled,
3570,2024-08-06T20:00:00Z,2024-08-07T20:00:00Z,AMD,MarketOnOpen,Sell,-187,133.83,-25026.21,4.8123,Filled,
3571,2024-08-06T20:00:00Z,2024-08-07T20:00:00Z,TMUS,MarketOnOpen,Sell,-134,181.640087,-24339.77,4.8867,Filled,
3572,2024-08-06T20:00:00Z,2024-08-07T20:00:00Z,DHR,MarketOnOpen,Buy,92,266.617305,24528.79,4.7842,Filled,
3573,2024-08-06T20:00:00Z,2024-08-07T20:00:00Z,AMAT,MarketOnOpen,Sell,-272,186.24859,-50659.62,9.5398,Filled,
3574,2024-08-06T20:00:00Z,2024-08-07T20:00:00Z,SPGI,MarketOnOpen,Buy,108,449.532642,48549.53,9.5957,Filled,
3575,2024-08-06T20:00:00Z,2024-08-07T20:00:00Z,LMT,MarketOnOpen,Buy,47,509.034677,23924.63,4.8615,Filled,
3576,2024-08-06T20:00:00Z,2024-08-07T20:00:00Z,TJX,MarketOnOpen,Buy,229,106.854023,24469.57,4.8062,Filled,
3577,2024-08-06T20:00:00Z,2024-08-07T20:00:00Z,BX,MarketOnOpen,Sell,-200,125.024292,-25004.86,4.7753,Filled,
3578,2024-08-06T20:00:00Z,,ANET,MarketOnOpen,Sell,-302,0.0,0.0,0.0,Invalid,
3579,2024-08-06T20:00:00Z,,MDLZ,MarketOnOpen,Sell,-380,0.0,0.0,0.0,Invalid,
3580,2024-08-06T20:00:00Z,2024-08-07T20:00:00Z,SPY,MarketOnOpen,Buy,170,515.07827,87563.31,17.184,Filled,
3581,2024-08-07T04:00:00Z,2024-08-07T20:00:00Z,ABBV,MarketOnOpen,Buy,138,175.194967,24176.91,4.8488,Filled,closed
3582,2024-08-07T04:00:00Z,2024-08-07T20:00:00Z,CAT,MarketOnOpen,Buy,74,325.383929,24078.41,4.7044,Filled,closed
3583,2024-08-07T04:00:00Z,2024-08-07T20:00:00Z,KKR,MarketOnOpen,Buy,229,109.533651,25083.21,4.8978,Filled,closed
3584,2024-08-07T04:00:00Z,2024-08-07T20:00:00Z,COST,MarketOnOpen,Buy,30,815.146403,24454.39,4.8089,Filled,closed
3585,2024-08-07T04:00:00Z,2024-08-07T20:00:00Z,DE,MarketOnOpen,Buy,71,340.86647,24201.52,4.7847,Filled,closed
3586,2024-08-07T04:00:00Z,2024-08-07T20:00:00Z,HCA,MarketOnOpen,Buy,69,349.560947,24119.71,4.7813,Filled,closed
3587,2024-08-07T04:00:00Z,2024-08-07T20:00:00Z,HD,MarketOnOpen,Buy,74,335.362945,24816.86,4.7848,Filled,closed
3588,2024-08-07T04:00:00Z,2024-08-07T20:00:00Z,HON,MarketOnOpen,Sell,-120,189.050686,-22686.08,4.4846,Filled,closed
3589,2024-08-07T04:00:00Z,2024-08-07T20:00:00Z,ISRG,MarketOnOpen,Buy,54,452.0,24408.0,4.852,Filled,closed
3590,2024-08-07T04:00:00Z,2024-08-07T20:00:00Z,KO,MarketOnOpen,Sell,-376,63.914139,-24031.72,4.8353,Filled,closed
3591,2024-08-07T04:00:00Z,2024-08-07T20:00:00Z,LIN,MarketOnOpen,Buy,55,436.40676,24002.37,4.7166,Filled,closed
3592,2024-08-07T04:00:00Z,2024-08-07T20:00:00Z,LOW,MarketOnOpen,Sell,-106,232.339805,-24628.02,4.7196,Filled,closed
3593,2024-08-07T04:00:00Z,2024-08-07T20:00:00Z,MCD,MarketOnOpen,Sell,-93,255.576797,-23768.64,4.7456,Filled,closed
3594,2024-08-07T04:00:00Z,2024-08-07T20:00:00Z,MRSH,MarketOnOpen,Sell,-113,209.777044,-23704.81,4.7575,Filled,closed
3595,2024-08-07T04:00:00Z,2024-08-07T20:00:00Z,PFE,MarketOnOpen,Buy,923,25.837802,23848.29,4.6504,Filled,closed
3596,2024-08-07T04:00:00Z,2024-08-07T20:00:00Z,PG,MarketOnOpen,Buy,152,159.396798,24228.31,4.8972,Filled,closed
3597,2024-08-07T04:00:00Z,2024-08-07T20:00:00Z,PGR,MarketOnOpen,Sell,-122,196.566955,-23981.17,4.8472,Filled,closed
3598,2024-08-07T04:00:00Z,2024-08-07T20:00:00Z,KLAC,MarketOnOpen,Buy,358,72.828162,26072.48,4.9124,Filled,closed
3599,2024-08-07T04:00:00Z,2024-08-07T20:00:00Z,RTX,MarketOnOpen,Buy,219,109.828104,24052.35,4.8042,Filled,closed
3600,2024-08-07T04:00:00Z,2024-08-07T20:00:00Z,TMO,MarketOnOpen,Buy,40,596.381354,23855.25,4.6631,Filled,closed
3601,2024-08-07T04:00:00Z,2024-08-07T20:00:00Z,WFC,MarketOnOpen,Sell,-484,50.498129,-24441.09,4.81,Filled,closed
3602,2024-08-07T04:00:00Z,2024-08-07T20:00:00Z,MRK,MarketOnOpen,Buy,236,103.803198,24497.55,4.9408,Filled,
3603,2024-08-07T04:00:00Z,2024-08-07T20:00:00Z,NEE,MarketOnOpen,Sell,-339,72.798521,-24678.7,4.9256,Filled,
3604,2024-08-07T04:00:00Z,2024-08-07T20:00:00Z,VRTX,MarketOnOpen,Buy,51,476.75,24314.25,4.7521,Filled,
3605,2024-08-07T04:00:00Z,2024-08-07T20:00:00Z,MU,MarketOnOpen,Sell,-276,92.826206,-25620.03,4.7614,Filled,
3606,2024-08-07T04:00:00Z,2024-08-07T20:00:00Z,BMY,MarketOnOpen,Sell,-567,43.214206,-24502.46,4.8054,Filled,
3607,2024-08-07T04:00:00Z,2024-08-07T20:00:00Z,MELI,MarketOnOpen,Sell,-13,1834.88,-23853.44,4.8352,Filled,
3608,2024-08-07T04:00:00Z,2024-08-07T20:00:00Z,SPY,MarketOnOpen,Sell,-14,515.07827,-7211.1,1.4152,Filled,
3609,2024-08-08T04:00:00Z,2024-08-08T20:00:00Z,MU,MarketOnOpen,Buy,276,87.927018,24267.86,5.0505,Filled,closed
3610,2024-08-08T04:00:00Z,2024-08-08T20:00:00Z,ADBE,MarketOnOpen,Buy,46,520.59,23947.14,4.8782,Filled,closed
3611,2024-08-08T04:00:00Z,2024-08-08T20:00:00Z,BX,MarketOnOpen,Buy,200,120.879272,24175.85,4.8898,Filled,closed
3612,2024-08-08T04:00:00Z,2024-08-08T20:00:00Z,BMY,MarketOnOpen,Buy,567,42.439595,24063.25,4.8416,Filled,closed
3613,2024-08-08T04:00:00Z,2024-08-08T20:00:00Z,CI,MarketOnOpen,Buy,76,314.523116,23903.76,4.8673,Filled,closed
3614,2024-08-08T04:00:00Z,2024-08-08T20:00:00Z,DHR,MarketOnOpen,Sell,-92,261.76882,-24082.73,4.881,Filled,closed
3615,2024-08-08T04:00:00Z,2024-08-08T20:00:00Z,MELI,MarketOnOpen,Buy,13,1880.0,24440.0,4.8604,Filled,closed
3616,2024-08-08T04:00:00Z,2024-08-08T20:00:00Z,LMT,MarketOnOpen,Sell,-47,514.352542,-24174.57,4.8891,Filled,closed
3617,2024-08-08T04:00:00Z,2024-08-08T20:00:00Z,NEE,MarketOnOpen,Buy,339,72.236515,24488.18,4.9243,Filled,closed
3618,2024-08-08T04:00:00Z,2024-08-08T20:00:00Z,ORCL,MarketOnOpen,Buy,196,124.883444,24477.16,4.9191,Filled,closed
3619,2024-08-08T04:00:00Z,2024-08-08T20:00:00Z,UBER,MarketOnOpen,Sell,-379,66.5,-25203.5,5.231,Filled,closed
3620,2024-08-08T04:00:00Z,2024-08-08T20:00:00Z,WMT,MarketOnOpen,Buy,374,65.535305,24510.2,4.9562,Filled,
3621,2024-08-08T04:00:00Z,2024-08-08T20:00:00Z,TMO,MarketOnOpen,Sell,-42,585.237099,-24579.96,5.0019,Filled,
3622,2024-08-08T04:00:00Z,2024-08-08T20:00:00Z,MCD,MarketOnOpen,Buy,96,254.724338,24453.54,4.9318,Filled,
3623,2024-08-08T04:00:00Z,2024-08-08T20:00:00Z,DIS,MarketOnOpen,Sell,-291,83.131314,-24191.21,4.8894,Filled,
3624,2024-08-08T04:00:00Z,2024-08-08T20:00:00Z,SPGI,MarketOnOpen,Sell,-109,444.868303,-48490.65,9.8683,Filled,
3625,2024-08-08T04:00:00Z,2024-08-08T20:00:00Z,MS,MarketOnOpen,Buy,535,88.08822,47127.2,9.6139,Filled,
3626,2024-08-08T04:00:00Z,2024-08-08T20:00:00Z,NKE,MarketOnOpen,Buy,357,69.045652,24649.3,4.9945,Filled,
3627,2024-08-08T04:00:00Z,2024-08-08T20:00:00Z,ADI,MarketOnOpen,Buy,125,199.414762,24926.85,5.1655,Filled,
3628,2024-08-08T04:00:00Z,2024-08-08T20:00:00Z,LRCX,MarketOnOpen,Sell,-333,76.584737,-25502.72,5.2263,Filled,
3629,2024-08-08T04:00:00Z,2024-08-08T20:00:00Z,DE,MarketOnOpen,Sell,-72,337.827889,-24323.61,4.8964,Filled,
3630,2024-08-08T04:00:00Z,2024-08-08T20:00:00Z,MDLZ,MarketOnOpen,Sell,-375,64.866967,-24325.11,4.9524,Filled,
3631,2024-08-08T04:00:00Z,2024-08-08T20:00:00Z,GILD,MarketOnOpen,Sell,-352,69.523523,-24472.28,4.9962,Filled,
3632,2024-08-08T04:00:00Z,2024-08-08T20:00:00Z,SPY,MarketOnOpen,Sell,-116,510.605514,-59230.24,11.9966,Filled,
3633,2024-08-09T04:00:00Z,2024-08-09T20:00:00Z,AMT,MarketOnOpen,Sell,-112,209.633239,-23478.92,4.6488,Filled,closed
3634,2024-08-09T04:00:00Z,2024-08-09T20:00:00Z,LRCX,MarketOnOpen,Buy,333,79.344105,26421.59,5.2837,Filled,closed
3635,2024-08-09T04:00:00Z,2024-08-09T20:00:00Z,DE,MarketOnOpen,Buy,72,339.532221,24446.32,4.8528,Filled,closed
3636,2024-08-09T04:00:00Z,2024-08-09T20:00:00Z,DIS,MarketOnOpen,Buy,291,84.167158,24492.64,4.9031,Filled,closed
3637,2024-08-09T04:00:00Z,2024-08-09T20:00:00Z,LLY,MarketOnOpen,Sell,-30,850.879814,-25526.39,5.2688,Filled,closed
3638,2024-08-09T04:00:00Z,2024-08-09T20:00:00Z,MRK,MarketOnOpen,Sell,-236,105.822499,-24974.11,5.0313,Filled,closed
3639,2024-08-09T04:00:00Z,2024-08-09T20:00:00Z,PEP,MarketOnOpen,Sell,-149,158.03183,-23546.74,4.7176,Filled,closed
3640,2024-08-09T04:00:00Z,2024-08-09T20:00:00Z,ABBV,MarketOnOpen,Sell,-136,178.463076,-24270.98,4.8376,Filled,
3641,2024-08-09T04:00:00Z,2024-08-09T20:00:00Z,CRM,MarketOnOpen,Buy,99,244.740373,24229.3,4.9205,Filled,
3642,2024-08-09T04:00:00Z,2024-08-09T20:00:00Z,LIN,MarketOnOpen,Sell,-56,433.337509,-24266.9,4.8644,Filled,
3643,2024-08-09T04:00:00Z,2024-08-09T20:00:00Z,RTX,MarketOnOpen,Sell,-220,110.539152,-24318.61,4.9107,Filled,
3644,2024-08-09T04:00:00Z,2024-08-09T20:00:00Z,UBER,MarketOnOpen,Sell,-353,69.14,-24406.42,4.8389,Filled,
3645,2024-08-09T04:00:00Z,2024-08-09T20:00:00Z,MRSH,MarketOnOpen,Buy,115,211.833019,24360.8,4.8855,Filled,
3646,2024-08-09T04:00:00Z,2024-08-09T20:00:00Z,ANET,MarketOnOpen,Buy,292,83.15,24279.8,4.9037,Filled,
3647,2024-08-09T04:00:00Z,2024-08-09T20:00:00Z,BA,MarketOnOpen,Sell,-288,168.39,-48496.32,9.6716,Filled,
3648,2024-08-09T04:00:00Z,2024-08-09T20:00:00Z,PANW,MarketOnOpen,Sell,-153,159.05,-24334.65,5.0732,Filled,
3649,2024-08-09T04:00:00Z,2024-08-09T20:00:00Z,MU,MarketOnOpen,Sell,-266,91.097081,-24231.82,4.9209,Filled,
3650,2024-08-09T04:00:00Z,2024-08-09T20:00:00Z,BX,MarketOnOpen,Sell,-199,122.16114,-24310.07,4.8758,Filled,
3651,2024-08-09T04:00:00Z,2024-08-09T20:00:00Z,SPY,MarketOnOpen,Buy,351,516.276851,181213.17,36.4602,Filled,
3652,2024-08-12T04:00:00Z,2024-08-12T20:00:00Z,ADI,MarketOnOpen,Sell,-125,205.178921,-25647.37,5.1278,Filled,closed
3653,2024-08-12T04:00:00Z,2024-08-12T20:00:00Z,GILD,MarketOnOpen,Buy,352,68.856924,24237.64,4.8244,Filled,closed
3654,2024-08-12T04:00:00Z,2024-08-12T20:00:00Z,MCD,MarketOnOpen,Sell,-96,253.13308,-24300.78,4.9003,Filled,closed
3655,2024-08-12T04:00:00Z,2024-08-12T20:00:00Z,MDLZ,MarketOnOpen,Buy,375,65.58103,24592.89,4.8819,Filled,closed
3656,2024-08-12T04:00:00Z,2024-08-12T20:00:00Z,MDT,MarketOnOpen,Sell,-323,76.275415,-24636.96,4.8769,Filled,closed
3657,2024-08-12T04:00:00Z,2024-08-12T20:00:00Z,TMO,MarketOnOpen,Buy,42,591.707316,24851.71,4.9938,Filled,closed
3658,2024-08-12T04:00:00Z,2024-08-12T20:00:00Z,LLY,MarketOnOpen,Sell,-27,890.223158,-24036.03,4.7031,Filled,
3659,2024-08-12T04:00:00Z,2024-08-12T20:00:00Z,DHR,MarketOnOpen,Buy,92,264.879355,24368.9,4.8549,Filled,
3660,2024-08-12T04:00:00Z,2024-08-12T20:00:00Z,PANW,MarketOnOpen,Buy,300,165.475,49642.5,9.927,Filled,
3661,2024-08-12T04:00:00Z,2024-08-12T20:00:00Z,LRCX,MarketOnOpen,Buy,308,79.289114,24421.05,4.9051,Filled,
3662,2024-08-12T04:00:00Z,2024-08-12T20:00:00Z,AMT,MarketOnOpen,Sell,-117,206.593725,-24171.47,4.9207,Filled,
3663,2024-08-12T04:00:00Z,2024-08-12T20:00:00Z,CI,MarketOnOpen,Sell,-76,316.33918,-24041.78,4.7668,Filled,
3664,2024-08-12T04:00:00Z,2024-08-12T20:00:00Z,HCA,MarketOnOpen,Sell,-68,354.390142,-24098.53,4.8342,Filled,
3665,2024-08-12T04:00:00Z,2024-08-12T20:00:00Z,SPY,MarketOnOpen,Buy,45,520.56446,23425.4,4.6768,Filled,
3666,2024-08-13T20:00:00Z,2024-08-14T20:00:00Z,AMT,MarketOnOpen,Buy,117,208.122805,24350.37,4.8692,Filled,closed
3667,2024-08-13T20:00:00Z,2024-08-14T20:00:00Z,BA,MarketOnOpen,Buy,144,168.0,24192.0,4.8528,Filled,closed
3668,2024-08-13T20:00:00Z,2024-08-14T20:00:00Z,CI,MarketOnOpen,Buy,76,320.200705,24335.25,4.8656,Filled,closed
3669,2024-08-13T20:00:00Z,2024-08-14T20:00:00Z,COP,MarketOnOpen,Sell,-237,101.90759,-24152.1,4.8669,Filled,closed
3670,2024-08-13T20:00:00Z,2024-08-14T20:00:00Z,DHR,MarketOnOpen,Sell,-92,265.116348,-24390.7,4.8709,Filled,closed
3671,2024-08-13T20:00:00Z,2024-08-14T20:00:00Z,HCA,MarketOnOpen,Buy,68,363.910836,24745.94,4.9703,Filled,closed
3672,2024-08-13T20:00:00Z,2024-08-14T20:00:00Z,JNJ,MarketOnOpen,Buy,158,148.391971,23445.93,4.7085,Filled,closed
3673,2024-08-13T20:00:00Z,2024-08-14T20:00:00Z,WMT,MarketOnOpen,Sell,-374,66.514613,-24876.47,5.0295,Filled,closed
3674,2024-08-13T20:00:00Z,2024-08-14T20:00:00Z,COST,MarketOnOpen,Sell,-28,855.463068,-23952.97,4.7786,Filled,
3675,2024-08-13T20:00:00Z,2024-08-14T20:00:00Z,MCD,MarketOnOpen,Buy,95,255.605212,24282.5,4.8797,Filled,
3676,2024-08-13T20:00:00Z,2024-08-14T20:00:00Z,QCOM,MarketOnOpen,Buy,150,162.63881,24395.82,4.7794,Filled,
3677,2024-08-13T20:00:00Z,2024-08-14T20:00:00Z,MS,MarketOnOpen,Sell,-545,92.584019,-50458.29,10.2914,Filled,
3678,2024-08-13T20:00:00Z,2024-08-14T20:00:00Z,GS,MarketOnOpen,Buy,104,470.940221,48977.78,9.9108,Filled,
3679,2024-08-13T20:00:00Z,2024-08-14T20:00:00Z,HON,MarketOnOpen,Buy,131,185.529116,24304.31,4.8868,Filled,
3680,2024-08-13T20:00:00Z,2024-08-14T20:00:00Z,MDT,MarketOnOpen,Sell,-318,75.708208,-24075.21,4.834,Filled,
3681,2024-08-13T20:00:00Z,2024-08-14T20:00:00Z,KLAC,MarketOnOpen,Sell,-312,79.149973,-24694.79,4.8713,Filled,
3682,2024-08-13T20:00:00Z,2024-08-14T20:00:00Z,FISV,MarketOnOpen,Sell,-150,162.02,-24303.0,4.9203,Filled,
3683,2024-08-13T20:00:00Z,2024-08-14T20:00:00Z,SPY,MarketOnOpen,Sell,-48,528.99351,-25391.69,5.0867,Filled,
3684,2024-08-14T20:00:00Z,2024-08-15T20:00:00Z,MU,MarketOnOpen,Buy,266,102.853146,27358.94,5.6542,Filled,closed
3685,2024-08-14T20:00:00Z,,AMAT,MarketOnOpen,Buy,135,0.0,0.0,0.0,Canceled,closed
3686,2024-08-14T20:00:00Z,,COST,MarketOnOpen,Buy,28,0.0,0.0,0.0,Canceled,closed
3687,2024-08-14T20:00:00Z,,FISV,MarketOnOpen,Buy,150,0.0,0.0,0.0,Canceled,closed
3688,2024-08-14T20:00:00Z,,GOOGL,MarketOnOpen,Sell,-145,0.0,0.0,0.0,Canceled,closed
3689,2024-08-14T20:00:00Z,,HON,MarketOnOpen,Sell,-131,0.0,0.0,0.0,Canceled,closed
3690,2024-08-14T20:00:00Z,2024-08-15T20:00:00Z,MRSH,MarketOnOpen,Sell,-115,213.67664,-24572.81,4.9119,Filled,closed
3691,2024-08-14T20:00:00Z,2024-08-15T20:00:00Z,MS,MarketOnOpen,Buy,265,95.707816,25362.57,5.0645,Filled,closed
3692,2024-08-14T20:00:00Z,,QCOM,MarketOnOpen,Sell,-150,0.0,0.0,0.0,Canceled,closed
3693,2024-08-14T20:00:00Z,2024-08-15T20:00:00Z,JNJ,MarketOnOpen,Sell,-163,148.89968,-24270.65,4.8762,Filled,
3694,2024-08-14T20:00:00Z,2024-08-15T20:00:00Z,DHR,MarketOnOpen,Buy,92,266.617305,24528.79,4.8936,Filled,
3695,2024-08-14T20:00:00Z,2024-08-15T20:00:00Z,NEE,MarketOnOpen,Sell,-333,72.629919,-24185.76,4.829,Filled,
3696,2024-08-14T20:00:00Z,2024-08-15T20:00:00Z,GS,MarketOnOpen,Sell,-102,482.501139,-49215.12,9.7265,Filled,
3697,2024-08-14T20:00:00Z,2024-08-15T20:00:00Z,DIS,MarketOnOpen,Buy,289,85.417987,24685.8,5.0174,Filled,
3698,2024-08-14T20:00:00Z,2024-08-15T20:00:00Z,PGR,MarketOnOpen,Buy,113,218.550872,24696.25,4.9241,Filled,
3699,2024-08-14T20:00:00Z,2024-08-15T20:00:00Z,COP,MarketOnOpen,Buy,237,103.0064,24412.52,4.9515,Filled,
3700,2024-08-14T20:00:00Z,2024-08-15T20:00:00Z,SBUX,MarketOnOpen,Buy,274,88.873903,24351.45,4.9143,Filled,
3701,2024-08-14T20:00:00Z,,ADP,MarketOnOpen,Sell,-196,0.0,0.0,0.0,Canceled,closed
3702,2024-08-14T20:00:00Z,2024-08-15T20:00:00Z,BA,MarketOnOpen,Sell,-144,170.0,-24480.0,5.0806,Filled,
3703,2024-08-14T20:00:00Z,2024-08-15T20:00:00Z,KKR,MarketOnOpen,Sell,-209,118.139364,-24691.13,4.9473,Filled,
3704,2024-08-14T20:00:00Z,2024-08-15T20:00:00Z,HCA,MarketOnOpen,Sell,-66,368.72036,-24335.54,4.8282,Filled,
3705,2024-08-14T20:00:00Z,2024-08-15T20:00:00Z,SPY,MarketOnOpen,Buy,189,535.463902,101202.68,20.372,Filled,
3706,2024-08-15T04:00:00Z,2024-08-15T20:00:00Z,ADP,MarketOnOpen,Sell,-98,248.314679,-24334.84,4.8699,Filled,closed
3707,2024-08-15T04:00:00Z,2024-08-15T20:00:00Z,AMAT,MarketOnOpen,Buy,135,203.479458,27469.73,5.6186,Filled,closed
3708,2024-08-15T04:00:00Z,2024-08-15T20:00:00Z,COST,MarketOnOpen,Buy,28,863.376055,24174.53,4.8597,Filled,closed
3709,2024-08-15T04:00:00Z,2024-08-15T20:00:00Z,FISV,MarketOnOpen,Buy,150,164.45,24667.5,4.9731,Filled,closed
3710,2024-08-15T04:00:00Z,2024-08-15T20:00:00Z,GOOGL,MarketOnOpen,Sell,-145,159.040677,-23060.9,4.6389,Filled,closed
3711,2024-08-15T04:00:00Z,2024-08-15T20:00:00Z,HON,MarketOnOpen,Sell,-131,188.285948,-24665.46,4.9089,Filled,closed
3712,2024-08-15T04:00:00Z,2024-08-15T20:00:00Z,MDT,MarketOnOpen,Buy,318,76.768234,24412.3,4.9469,Filled,closed
3713,2024-08-15T04:00:00Z,2024-08-15T20:00:00Z,QCOM,MarketOnOpen,Sell,-150,163.811136,-24571.67,4.9564,Filled,closed
3714,2024-08-15T04:00:00Z,2024-08-15T20:00:00Z,UPS,MarketOnOpen,Sell,-217,111.52937,-24201.87,4.8612,Filled,closed
3715,2024-08-15T04:00:00Z,2024-08-15T20:00:00Z,MU,MarketOnOpen,Buy,244,102.853146,25096.17,5.1865,Filled,
3716,2024-08-15T04:00:00Z,2024-08-15T20:00:00Z,SBUX,MarketOnOpen,Sell,-548,88.873903,-48702.9,9.8286,Filled,
3717,2024-08-15T04:00:00Z,2024-08-15T20:00:00Z,AMT,MarketOnOpen,Sell,-117,206.304691,-24137.65,4.7575,Filled,
3718,2024-08-15T04:00:00Z,2024-08-15T20:00:00Z,SO,MarketOnOpen,Sell,-305,79.274015,-24178.57,4.8642,Filled,
3719,2024-08-15T04:00:00Z,2024-08-15T20:00:00Z,SPY,MarketOnOpen,Buy,62,535.463902,33198.76,6.6829,Filled,
3720,2024-08-16T04:00:00Z,2024-08-16T20:00:00Z,AMD,MarketOnOpen,Buy,187,145.68,27242.16,5.5561,Filled,closed
3721,2024-08-16T04:00:00Z,2024-08-16T20:00:00Z,BA,MarketOnOpen,Buy,144,176.34,25392.96,5.1837,Filled,closed
3722,2024-08-16T04:00:00Z,2024-08-16T20:00:00Z,CB,MarketOnOpen,Sell,-92,265.389754,-24415.86,4.8885,Filled,closed
3723,2024-08-16T04:00:00Z,2024-08-16T20:00:00Z,COP,MarketOnOpen,Sell,-237,103.607458,-24554.97,4.9493,Filled,closed
3724,2024-08-16T04:00:00Z,2024-08-16T20:00:00Z,JNJ,MarketOnOpen,Buy,163,149.717655,24403.98,4.8854,Filled,closed
3725,2024-08-16T04:00:00Z,2024-08-16T20:00:00Z,NFLX,MarketOnOpen,Sell,-393,66.943,-26308.6,5.2982,Filled,closed
3726,2024-08-16T04:00:00Z,2024-08-16T20:00:00Z,SO,MarketOnOpen,Buy,305,80.089667,24427.35,4.8838,Filled,closed
3727,2024-08-16T04:00:00Z,2024-08-16T20:00:00Z,WMT,MarketOnOpen,Sell,-340,71.398154,-24275.37,4.9052,Filled,
3728,2024-08-16T04:00:00Z,2024-08-16T20:00:00Z,TMO,MarketOnOpen,Sell,-40,597.195093,-23887.8,4.7949,Filled,
3729,2024-08-16T04:00:00Z,2024-08-16T20:00:00Z,DIS,MarketOnOpen,Sell,-570,86.864259,-49512.63,9.9471,Filled,
3730,2024-08-16T04:00:00Z,2024-08-16T20:00:00Z,RTX,MarketOnOpen,Buy,434,114.1543,49542.97,9.8901,Filled,
3731,2024-08-16T04:00:00Z,2024-08-16T20:00:00Z,HON,MarketOnOpen,Buy,130,187.379673,24359.36,4.899,Filled,
3732,2024-08-16T04:00:00Z,2024-08-16T20:00:00Z,KLAC,MarketOnOpen,Buy,608,81.619701,49624.78,9.8177,Filled,
3733,2024-08-16T04:00:00Z,2024-08-16T20:00:00Z,ADI,MarketOnOpen,Buy,112,216.155969,24209.47,4.8352,Filled,
3734,2024-08-16T04:00:00Z,2024-08-16T20:00:00Z,DE,MarketOnOpen,Sell,-67,362.428709,-24282.72,4.932,Filled,
3735,2024-08-16T04:00:00Z,2024-08-16T20:00:00Z,MELI,MarketOnOpen,Sell,-12,1992.0,-23904.0,4.7471,Filled,
3736,2024-08-16T04:00:00Z,2024-08-16T20:00:00Z,BMY,MarketOnOpen,Sell,-545,44.754316,-24391.1,4.9031,Filled,
3737,2024-08-16T04:00:00Z,2024-08-16T20:00:00Z,SPY,MarketOnOpen,Sell,-131,537.208179,-70374.27,14.152,Filled,
3738,2024-08-19T04:00:00Z,2024-08-19T20:00:00Z,DE,MarketOnOpen,Buy,67,369.099953,24729.7,4.8666,Filled,closed
3739,2024-08-19T04:00:00Z,2024-08-19T20:00:00Z,DHR,MarketOnOpen,Sell,-92,266.617305,-24528.79,4.9288,Filled,closed
3740,2024-08-19T04:00:00Z,2024-08-19T20:00:00Z,DIS,MarketOnOpen,Buy,281,87.372409,24551.65,4.9867,Filled,closed
3741,2024-08-19T04:00:00Z,2024-08-19T20:00:00Z,HCA,MarketOnOpen,Buy,66,367.618792,24262.84,4.8583,Filled,closed
3742,2024-08-19T04:00:00Z,2024-08-19T20:00:00Z,PGR,MarketOnOpen,Sell,-113,216.425178,-24456.05,4.9451,Filled,closed
3743,2024-08-19T04:00:00Z,2024-08-19T20:00:00Z,KLAC,MarketOnOpen,Sell,-296,80.633589,-23867.54,4.7848,Filled,closed
3744,2024-08-19T04:00:00Z,2024-08-19T20:00:00Z,PANW,MarketOnOpen,Sell,-147,168.1725,-24721.36,5.044,Filled,closed
3745,2024-08-19T04:00:00Z,2024-08-19T20:00:00Z,CSCO,MarketOnOpen,Buy,516,47.039292,24272.27,4.9184,Filled,
3746,2024-08-19T04:00:00Z,2024-08-19T20:00:00Z,PFE,MarketOnOpen,Sell,-986,24.746309,-24399.86,4.9618,Filled,
3747,2024-08-19T04:00:00Z,2024-08-19T20:00:00Z,T,MarketOnOpen,Buy,1380,17.653084,24361.26,4.905,Filled,
3748,2024-08-19T04:00:00Z,2024-08-19T20:00:00Z,UPS,MarketOnOpen,Buy,215,112.949402,24284.12,4.8929,Filled,
3749,2024-08-19T04:00:00Z,2024-08-19T20:00:00Z,BA,MarketOnOpen,Buy,135,180.04,24305.4,4.8503,Filled,
3750,2024-08-19T04:00:00Z,2024-08-19T20:00:00Z,FISV,MarketOnOpen,Sell,-145,167.45,-24280.25,4.8697,Filled,
3751,2024-08-19T04:00:00Z,2024-08-19T20:00:00Z,SPY,MarketOnOpen,Sell,-54,540.540821,-29189.2,5.8894,Filled,
3752,2024-08-20T20:00:00Z,2024-08-21T20:00:00Z,BX,MarketOnOpen,Buy,199,124.696808,24814.66,5.018,Filled,closed
3753,2024-08-20T20:00:00Z,,KKR,MarketOnOpen,Buy,209,0.0,0.0,0.0,Canceled,closed
3754,2024-08-20T20:00:00Z,2024-08-21T20:00:00Z,MELI,MarketOnOpen,Buy,12,2013.02,24156.24,4.8179,Filled,closed
3755,2024-08-20T20:00:00Z,2024-08-21T20:00:00Z,ANET,MarketOnOpen,Sell,-292,88.00875,-25698.56,5.1973,Filled,closed
3756,2024-08-20T20:00:00Z,,LLY,MarketOnOpen,Buy,27,0.0,0.0,0.0,Canceled,closed
3757,2024-08-20T20:00:00Z,,MCD,MarketOnOpen,Sell,-95,0.0,0.0,0.0,Canceled,closed
3758,2024-08-20T20:00:00Z,,META,MarketOnOpen,Sell,-51,0.0,0.0,0.0,Canceled,closed
3759,2024-08-20T20:00:00Z,,REGN,MarketOnOpen,Sell,-23,0.0,0.0,0.0,Canceled,closed
3760,2024-08-20T20:00:00Z,,SBUX,MarketOnOpen,Buy,274,0.0,0.0,0.0,Canceled,closed
3761,2024-08-20T20:00:00Z,2024-08-21T20:00:00Z,WFC,MarketOnOpen,Sell,-452,54.024062,-24418.88,4.7998,Filled,
3762,2024-08-20T20:00:00Z,2024-08-21T20:00:00Z,LMT,MarketOnOpen,Buy,46,526.487456,24218.42,4.8036,Filled,
3763,2024-08-20T20:00:00Z,2024-08-21T20:00:00Z,COP,MarketOnOpen,Buy,235,104.302432,24511.07,4.8387,Filled,
3764,2024-08-20T20:00:00Z,2024-08-21T20:00:00Z,PANW,MarketOnOpen,Buy,132,182.145,24043.14,4.7466,Filled,
3765,2024-08-20T20:00:00Z,2024-08-21T20:00:00Z,DE,MarketOnOpen,Sell,-67,364.084346,-24393.65,4.9206,Filled,
3766,2024-08-20T20:00:00Z,2024-08-21T20:00:00Z,SPY,MarketOnOpen,Sell,-162,545.442337,-88361.66,17.7001,Filled,
3767,2024-08-21T04:00:00Z,2024-08-21T20:00:00Z,AMT,MarketOnOpen,Buy,117,203.600829,23821.3,4.7887,Filled,closed
3768,2024-08-21T04:00:00Z,2024-08-21T20:00:00Z,BA,MarketOnOpen,Sell,-135,173.03,-23359.05,4.6826,Filled,closed
3769,2024-08-21T04:00:00Z,2024-08-21T20:00:00Z,KKR,MarketOnOpen,Buy,209,116.751226,24401.01,4.8872,Filled,closed
3770,2024-08-21T04:00:00Z,2024-08-21T20:00:00Z,CRM,MarketOnOpen,Sell,-99,256.942949,-25437.35,5.0873,Filled,closed
3771,2024-08-21T04:00:00Z,2024-08-21T20:00:00Z,CSCO,MarketOnOpen,Sell,-516,47.964249,-24749.55,4.9647,Filled,closed
3772,2024-08-21T04:00:00Z,2024-08-21T20:00:00Z,LLY,MarketOnOpen,Buy,27,942.418626,25445.3,5.0696,Filled,closed
3773,2024-08-21T04:00:00Z,2024-08-21T20:00:00Z,MCD,MarketOnOpen,Sell,-95,271.981904,-25838.28,5.2137,Filled,closed
3774,2024-08-21T04:00:00Z,2024-08-21T20:00:00Z,META,MarketOnOpen,Sell,-51,523.221994,-26684.32,5.418,Filled,closed
3775,2024-08-21T04:00:00Z,2024-08-21T20:00:00Z,PFE,MarketOnOpen,Buy,986,25.305153,24950.88,4.9962,Filled,closed
3776,2024-08-21T04:00:00Z,2024-08-21T20:00:00Z,REGN,MarketOnOpen,Sell,-23,1183.541134,-27221.45,5.4016,Filled,closed
3777,2024-08-21T04:00:00Z,2024-08-21T20:00:00Z,RTX,MarketOnOpen,Sell,-214,114.473086,-24497.24,4.8482,Filled,closed
3778,2024-08-21T04:00:00Z,2024-08-21T20:00:00Z,SBUX,MarketOnOpen,Buy,274,87.946697,24097.39,4.8346,Filled,closed
3779,2024-08-21T04:00:00Z,2024-08-21T20:00:00Z,T,MarketOnOpen,Sell,-1380,17.808176,-24575.28,4.9188,Filled,closed
3780,2024-08-21T04:00:00Z,2024-08-21T20:00:00Z,KO,MarketOnOpen,Sell,-373,65.257228,-24340.95,4.8745,Filled,
3781,2024-08-21T04:00:00Z,2024-08-21T20:00:00Z,AMD,MarketOnOpen,Buy,155,156.05,24187.75,4.8921,Filled,
3782,2024-08-21T04:00:00Z,2024-08-21T20:00:00Z,QCOM,MarketOnOpen,Sell,-148,164.983462,-24417.55,4.9151,Filled,
3783,2024-08-21T04:00:00Z,2024-08-21T20:00:00Z,DIS,MarketOnOpen,Sell,-277,88.163949,-24421.41,4.9108,Filled,
3784,2024-08-21T04:00:00Z,2024-08-21T20:00:00Z,GS,MarketOnOpen,Buy,102,477.246176,48679.11,9.6766,Filled,
3785,2024-08-21T04:00:00Z,2024-08-21T20:00:00Z,PGR,MarketOnOpen,Buy,110,220.694972,24276.45,4.8045,Filled,
3786,2024-08-21T04:00:00Z,2024-08-21T20:00:00Z,SPY,MarketOnOpen,Sell,-10,545.442337,-5454.42,1.0926,Filled,
3787,2024-08-22T04:00:00Z,2024-08-22T20:00:00Z,ACN,MarketOnOpen,Sell,-79,317.306919,-25067.25,4.9636,Filled,closed
3788,2024-08-22T04:00:00Z,2024-08-22T20:00:00Z,DE,MarketOnOpen,Buy,67,367.239796,24605.07,4.9146,Filled,closed
3789,2024-08-22T04:00:00Z,2024-08-22T20:00:00Z,DIS,MarketOnOpen,Buy,277,88.926174,24632.55,4.8691,Filled,closed
3790,2024-08-22T04:00:00Z,2024-08-22T20:00:00Z,FISV,MarketOnOpen,Buy,145,168.65,24454.25,4.8949,Filled,closed
3791,2024-08-22T04:00:00Z,2024-08-22T20:00:00Z,KO,MarketOnOpen,Buy,373,65.538995,24446.05,4.8577,Filled,closed
3792,2024-08-22T04:00:00Z,2024-08-22T20:00:00Z,LMT,MarketOnOpen,Sell,-46,522.527344,-24036.26,4.832,Filled,closed
3793,2024-08-22T04:00:00Z,2024-08-22T20:00:00Z,PGR,MarketOnOpen,Sell,-110,218.661298,-24052.74,4.8632,Filled,closed
3794,2024-08-22T04:00:00Z,2024-08-22T20:00:00Z,QCOM,MarketOnOpen,Buy,148,166.127195,24586.82,4.7678,Filled,closed
3795,2024-08-22T04:00:00Z,2024-08-22T20:00:00Z,TJX,MarketOnOpen,Sell,-229,116.442419,-26665.31,5.3174,Filled,closed
3796,2024-08-22T04:00:00Z,2024-08-22T20:00:00Z,UPS,MarketOnOpen,Sell,-215,112.949402,-24284.12,4.8128,Filled,closed
3797,2024-08-22T04:00:00Z,2024-08-22T20:00:00Z,WFC,MarketOnOpen,Buy,452,53.325186,24102.98,4.8431,Filled,closed
3798,2024-08-22T04:00:00Z,2024-08-22T20:00:00Z,NFLX,MarketOnOpen,Sell,-349,69.1,-24115.9,4.8089,Filled,
3799,2024-08-22T04:00:00Z,2024-08-22T20:00:00Z,TXN,MarketOnOpen,Sell,-123,197.265948,-24263.71,4.7436,Filled,
3800,2024-08-22T04:00:00Z,2024-08-22T20:00:00Z,MS,MarketOnOpen,Sell,-254,95.665089,-24298.93,4.8504,Filled,
3801,2024-08-22T04:00:00Z,2024-08-22T20:00:00Z,T,MarketOnOpen,Buy,1366,17.844668,24375.82,4.8652,Filled,
3802,2024-08-22T04:00:00Z,2024-08-22T20:00:00Z,REGN,MarketOnOpen,Buy,20,1178.577971,23571.56,4.7062,Filled,
3803,2024-08-22T04:00:00Z,2024-08-22T20:00:00Z,MDT,MarketOnOpen,Buy,299,81.640637,24410.55,4.8838,Filled,
3804,2024-08-22T04:00:00Z,2024-08-22T20:00:00Z,ANET,MarketOnOpen,Buy,273,88.8775,24263.56,4.8082,Filled,
3805,2024-08-22T04:00:00Z,2024-08-22T20:00:00Z,AMT,MarketOnOpen,Sell,-118,204.197543,-24095.31,4.843,Filled,
3806,2024-08-22T04:00:00Z,2024-08-22T20:00:00Z,MELI,MarketOnOpen,Sell,-12,2000.2,-24002.4,4.7732,Filled,
3807,2024-08-22T04:00:00Z,2024-08-22T20:00:00Z,HCA,MarketOnOpen,Sell,-65,372.566013,-24216.79,4.8986,Filled,
3808,2024-08-22T04:00:00Z,2024-08-22T20:00:00Z,SPY,MarketOnOpen,Buy,57,548.170816,31245.74,6.1789,Filled,
3809,2024-08-23T20:00:00Z,2024-08-26T20:00:00Z,ADI,MarketOnOpen,Sell,-112,220.35336,-24679.58,4.8876,Filled,closed
3810,2024-08-23T20:00:00Z,2024-08-26T20:00:00Z,AMD,MarketOnOpen,Sell,-155,154.7,-23978.5,4.6497,Filled,closed
3811,2024-08-23T20:00:00Z,2024-08-26T20:00:00Z,BMY,MarketOnOpen,Buy,545,43.897687,23924.24,4.7918,Filled,closed
3812,2024-08-23T20:00:00Z,2024-08-26T20:00:00Z,LRCX,MarketOnOpen,Sell,-308,82.584644,-25436.07,4.9536,Filled,closed
3813,2024-08-23T20:00:00Z,2024-08-26T20:00:00Z,ELV,MarketOnOpen,Sell,-48,525.073776,-25203.54,5.0194,Filled,closed
3814,2024-08-23T20:00:00Z,2024-08-26T20:00:00Z,HON,MarketOnOpen,Sell,-130,193.269996,-25125.1,5.0313,Filled,closed
3815,2024-08-23T20:00:00Z,2024-08-26T20:00:00Z,NKE,MarketOnOpen,Sell,-357,78.917399,-28173.51,5.6737,Filled,closed
3816,2024-08-23T20:00:00Z,2024-08-26T20:00:00Z,SYK,MarketOnOpen,Sell,-75,346.845119,-26013.38,5.2139,Filled,closed
3817,2024-08-23T20:00:00Z,2024-08-26T20:00:00Z,T,MarketOnOpen,Sell,-1366,18.063621,-24674.91,4.925,Filled,closed
3818,2024-08-23T20:00:00Z,2024-08-26T20:00:00Z,TXN,MarketOnOpen,Buy,123,197.776951,24326.56,4.8479,Filled,closed
3819,2024-08-23T20:00:00Z,2024-08-26T20:00:00Z,VRTX,MarketOnOpen,Sell,-51,481.98,-24580.98,4.9229,Filled,closed
3820,2024-08-23T20:00:00Z,2024-08-26T20:00:00Z,MSFT,MarketOnOpen,Buy,59,410.259151,24205.29,4.8033,Filled,
3821,2024-08-23T20:00:00Z,2024-08-26T20:00:00Z,MRK,MarketOnOpen,Sell,-223,108.563908,-24209.75,4.8255,Filled,
3822,2024-08-23T20:00:00Z,2024-08-26T20:00:00Z,CRM,MarketOnOpen,Buy,93,259.737732,24155.61,4.8556,Filled,
3823,2024-08-23T20:00:00Z,2024-08-26T20:00:00Z,PEP,MarketOnOpen,Sell,-150,161.916278,-24287.44,4.8478,Filled,
3824,2024-08-23T20:00:00Z,2024-08-26T20:00:00Z,MRSH,MarketOnOpen,Buy,112,215.587828,24145.84,4.851,Filled,
3825,2024-08-23T20:00:00Z,2024-08-26T20:00:00Z,CB,MarketOnOpen,Buy,90,268.917141,24202.54,4.8211,Filled,
3826,2024-08-23T20:00:00Z,2024-08-26T20:00:00Z,CI,MarketOnOpen,Sell,-71,338.906161,-24062.34,4.8039,Filled,
3827,2024-08-23T20:00:00Z,2024-08-26T20:00:00Z,SPY,MarketOnOpen,Buy,214,548.765234,117435.76,23.3887,Filled,
3828,2024-08-26T20:00:00Z,,BKNG,MarketOnOpen,Sell,-159,0.0,0.0,0.0,Canceled,closed
3829,2024-08-26T20:00:00Z,,BLK,MarketOnOpen,Sell,-30,0.0,0.0,0.0,Canceled,closed
3830,2024-08-26T20:00:00Z,,COP,MarketOnOpen,Sell,-235,0.0,0.0,0.0,Canceled,closed
3831,2024-08-26T20:00:00Z,,GS,MarketOnOpen,Sell,-51,0.0,0.0,0.0,Canceled,closed
3832,2024-08-26T20:00:00Z,,MA,MarketOnOpen,Buy,53,0.0,0.0,0.0,Canceled,closed
3833,2024-08-26T20:00:00Z,,MRSH,MarketOnOpen,Sell,-112,0.0,0.0,0.0,Canceled,closed
3834,2024-08-26T20:00:00Z,,MS,MarketOnOpen,Buy,254,0.0,0.0,0.0,Canceled,closed
3835,2024-08-26T20:00:00Z,,REGN,MarketOnOpen,Sell,-20,0.0,0.0,0.0,Canceled,closed
3836,2024-08-26T20:00:00Z,,MSFT,MarketOnOpen,Sell,-59,0.0,0.0,0.0,Canceled,closed
3837,2024-08-26T20:00:00Z,,TMUS,MarketOnOpen,Buy,134,0.0,0.0,0.0,Canceled,closed
3838,2024-08-26T20:00:00Z,2024-08-27T20:00:00Z,NVDA,MarketOnOpen,Buy,192,124.654825,23933.73,4.9131,Filled,
3839,2024-08-26T20:00:00Z,2024-08-27T20:00:00Z,PFE,MarketOnOpen,Sell,-959,25.322617,-24284.39,4.8267,Filled,
3840,2024-08-26T20:00:00Z,2024-08-27T20:00:00Z,RTX,MarketOnOpen,Buy,211,114.666289,24194.59,4.8711,Filled,
3841,2024-08-26T20:00:00Z,2024-08-27T20:00:00Z,ADI,MarketOnOpen,Buy,111,217.713065,24166.15,4.9777,Filled,
3842,2024-08-26T20:00:00Z,2024-08-27T20:00:00Z,DE,MarketOnOpen,Sell,-64,371.544452,-23778.84,4.687,Filled,
3843,2024-08-26T20:00:00Z,2024-08-27T20:00:00Z,SHOP,MarketOnOpen,Sell,-323,74.15,-23950.45,4.8146,Filled,
3844,2024-08-26T20:00:00Z,2024-08-27T20:00:00Z,SPY,MarketOnOpen,Buy,141,545.140256,76864.78,15.4315,Filled,
3845,2024-08-27T04:00:00Z,2024-08-27T20:00:00Z,BKNG,MarketOnOpen,Sell,-159,149.144299,-23713.94,4.8463,Filled,closed
3846,2024-08-27T04:00:00Z,2024-08-27T20:00:00Z,BLK,MarketOnOpen,Sell,-30,842.581139,-25277.43,5.0705,Filled,closed
3847,2024-08-27T04:00:00Z,2024-08-27T20:00:00Z,COP,MarketOnOpen,Sell,-235,106.744232,-25084.89,4.9627,Filled,closed
3848,2024-08-27T04:00:00Z,2024-08-27T20:00:00Z,GS,MarketOnOpen,Sell,-51,485.214611,-24745.95,4.9435,Filled,closed
3849,2024-08-27T04:00:00Z,2024-08-27T20:00:00Z,ANET,MarketOnOpen,Sell,-273,85.5,-23341.5,4.7196,Filled,closed
3850,2024-08-27T04:00:00Z,2024-08-27T20:00:00Z,MA,MarketOnOpen,Buy,53,465.483758,24670.64,4.9751,Filled,closed
3851,2024-08-27T04:00:00Z,2024-08-27T20:00:00Z,MRSH,MarketOnOpen,Sell,-112,217.103265,-24315.57,4.8934,Filled,closed
3852,2024-08-27T04:00:00Z,2024-08-27T20:00:00Z,MS,MarketOnOpen,Buy,254,97.283956,24710.12,4.9237,Filled,closed
3853,2024-08-27T04:00:00Z,2024-08-27T20:00:00Z,NEE,MarketOnOpen,Buy,333,75.271348,25065.36,4.9663,Filled,closed
3854,2024-08-27T04:00:00Z,2024-08-27T20:00:00Z,REGN,MarketOnOpen,Sell,-20,1188.12785,-23762.56,4.7621,Filled,closed
3855,2024-08-27T04:00:00Z,2024-08-27T20:00:00Z,MSFT,MarketOnOpen,Sell,-59,406.577313,-23988.06,4.8074,Filled,closed
3856,2024-08-27T04:00:00Z,2024-08-27T20:00:00Z,TMUS,MarketOnOpen,Buy,134,192.431724,25785.85,5.2313,Filled,closed
3857,2024-08-27T04:00:00Z,2024-08-27T20:00:00Z,WMT,MarketOnOpen,Buy,340,74.95333,25484.13,5.0841,Filled,closed
3858,2024-08-27T04:00:00Z,2024-08-27T20:00:00Z,AMAT,MarketOnOpen,Sell,-125,191.713832,-23964.23,4.8172,Filled,
3859,2024-08-27T04:00:00Z,2024-08-27T20:00:00Z,UPS,MarketOnOpen,Buy,212,114.414214,24255.81,4.7853,Filled,
3860,2024-08-27T04:00:00Z,2024-08-27T20:00:00Z,ADP,MarketOnOpen,Buy,94,255.646323,24030.75,4.8664,Filled,
3861,2024-08-27T04:00:00Z,2024-08-27T20:00:00Z,SBUX,MarketOnOpen,Buy,266,90.713752,24129.86,4.9878,Filled,
3862,2024-08-27T04:00:00Z,2024-08-27T20:00:00Z,FISV,MarketOnOpen,Sell,-142,170.26,-24176.92,4.8341,Filled,
3863,2024-08-28T04:00:00Z,2024-08-28T20:00:00Z,MU,MarketOnOpen,Sell,-244,96.781332,-23614.65,4.6002,Filled,closed
3864,2024-08-28T04:00:00Z,2024-08-28T20:00:00Z,AMZN,MarketOnOpen,Sell,-146,173.67,-25355.82,4.9874,Filled,closed
3865,2024-08-28T04:00:00Z,2024-08-28T20:00:00Z,SHOP,MarketOnOpen,Buy,323,74.23,23976.29,4.6854,Filled,closed
3866,2024-08-28T04:00:00Z,2024-08-28T20:00:00Z,UNP,MarketOnOpen,Buy,106,238.334102,25263.41,5.0971,Filled,closed
3867,2024-08-28T04:00:00Z,2024-08-28T20:00:00Z,COST,MarketOnOpen,Sell,-26,901.051761,-23427.35,4.5676,Filled,
3868,2024-08-28T04:00:00Z,2024-08-28T20:00:00Z,TMUS,MarketOnOpen,Sell,-124,196.124607,-24319.45,4.7787,Filled,
3869,2024-08-28T04:00:00Z,2024-08-28T20:00:00Z,WFC,MarketOnOpen,Sell,-449,53.669837,-24097.76,4.9064,Filled,
3870,2024-08-28T04:00:00Z,2024-08-28T20:00:00Z,PM,MarketOnOpen,Sell,-213,113.894188,-24259.46,4.8487,Filled,
3871,2024-08-28T04:00:00Z,2024-08-28T20:00:00Z,KLAC,MarketOnOpen,Buy,302,79.718407,24074.96,4.7855,Filled,
3872,2024-08-29T04:00:00Z,2024-08-29T20:00:00Z,AMAT,MarketOnOpen,Buy,125,193.948098,24243.51,4.7486,Filled,closed
3873,2024-08-29T04:00:00Z,2024-08-29T20:00:00Z,AMT,MarketOnOpen,Buy,118,209.073819,24670.71,4.9183,Filled,closed
3874,2024-08-29T04:00:00Z,2024-08-29T20:00:00Z,COST,MarketOnOpen,Buy,26,880.537344,22893.97,4.5603,Filled,closed
3875,2024-08-29T04:00:00Z,2024-08-29T20:00:00Z,CRM,MarketOnOpen,Sell,-93,266.695168,-24802.65,4.7043,Filled,closed
3876,2024-08-29T04:00:00Z,2024-08-29T20:00:00Z,FISV,MarketOnOpen,Buy,142,172.55,24502.1,4.9112,Filled,closed
3877,2024-08-29T04:00:00Z,2024-08-29T20:00:00Z,PEP,MarketOnOpen,Buy,150,159.326646,23899.0,4.741,Filled,closed
3878,2024-08-29T04:00:00Z,2024-08-29T20:00:00Z,PFE,MarketOnOpen,Buy,959,25.191638,24158.78,4.81,Filled,closed
3879,2024-08-29T04:00:00Z,2024-08-29T20:00:00Z,PM,MarketOnOpen,Buy,213,114.089197,24301.0,4.8479,Filled,closed
3880,2024-08-29T04:00:00Z,2024-08-29T20:00:00Z,UPS,MarketOnOpen,Sell,-212,112.96705,-23949.01,4.7509,Filled,closed
3881,2024-08-29T04:00:00Z,2024-08-29T20:00:00Z,WFC,MarketOnOpen,Buy,449,54.866542,24635.08,4.9305,Filled,closed
3882,2024-08-29T04:00:00Z,2024-08-29T20:00:00Z,AVGO,MarketOnOpen,Buy,156,155.134597,24201.0,4.7971,Filled,
3883,2024-08-29T04:00:00Z,2024-08-29T20:00:00Z,ADBE,MarketOnOpen,Buy,43,567.91,24420.13,4.8988,Filled,
3884,2024-08-29T04:00:00Z,2024-08-29T20:00:00Z,QCOM,MarketOnOpen,Sell,-147,165.288458,-24297.4,4.7494,Filled,
3885,2024-08-29T04:00:00Z,2024-08-29T20:00:00Z,TXN,MarketOnOpen,Sell,-123,199.328885,-24517.45,4.914,Filled,
3886,2024-08-29T04:00:00Z,2024-08-29T20:00:00Z,DIS,MarketOnOpen,Sell,-276,88.574378,-24446.53,4.8443,Filled,
3887,2024-08-29T04:00:00Z,2024-08-29T20:00:00Z,RTX,MarketOnOpen,Sell,-418,116.975071,-48895.58,9.876,Filled,
3888,2024-08-29T04:00:00Z,2024-08-29T20:00:00Z,GS,MarketOnOpen,Buy,50,483.456587,24172.83,4.8737,Filled,
3889,2024-08-29T04:00:00Z,2024-08-29T20:00:00Z,PGR,MarketOnOpen,Sell,-105,227.651791,-23903.44,4.8313,Filled,
3890,2024-08-29T04:00:00Z,2024-08-29T20:00:00Z,MRSH,MarketOnOpen,Buy,110,218.078164,23988.6,4.8217,Filled,
3891,2024-08-29T04:00:00Z,2024-08-29T20:00:00Z,LRCX,MarketOnOpen,Sell,-306,80.365366,-24591.8,4.7917,Filled,
3892,2024-08-29T04:00:00Z,2024-08-29T20:00:00Z,BMY,MarketOnOpen,Sell,-541,44.900125,-24290.97,4.9026,Filled,
3893,2024-08-29T04:00:00Z,2024-08-29T20:00:00Z,SPY,MarketOnOpen,Sell,-152,545.968544,-82987.22,16.5403,Filled,
3894,2024-08-30T04:00:00Z,2024-08-30T20:00:00Z,DE,MarketOnOpen,Buy,64,372.226185,23822.48,4.8086,Filled,closed
3895,2024-08-30T04:00:00Z,2024-08-30T20:00:00Z,GS,MarketOnOpen,Sell,-50,488.075515,-24403.78,4.904,Filled,closed
3896,2024-08-30T04:00:00Z,2024-08-30T20:00:00Z,KLAC,MarketOnOpen,Sell,-302,80.145952,-24204.08,4.8757,Filled,closed
3897,2024-08-30T04:00:00Z,2024-08-30T20:00:00Z,RTX,MarketOnOpen,Buy,207,117.902448,24405.81,4.9328,Filled,closed
3898,2024-08-30T04:00:00Z,2024-08-30T20:00:00Z,SBUX,MarketOnOpen,Sell,-266,90.409471,-24048.92,4.784,Filled,closed
3899,2024-08-30T04:00:00Z,2024-08-30T20:00:00Z,MSFT,MarketOnOpen,Buy,59,408.54621,24104.23,4.8457,Filled,
3900,2024-08-30T04:00:00Z,2024-08-30T20:00:00Z,V,MarketOnOpen,Sell,-89,270.945144,-24114.12,4.8463,Filled,
3901,2024-08-30T04:00:00Z,2024-08-30T20:00:00Z,MA,MarketOnOpen,Sell,-50,476.115934,-23805.8,4.776,Filled,
3902,2024-08-30T04:00:00Z,2024-08-30T20:00:00Z,KO,MarketOnOpen,Sell,-357,67.793131,-24202.15,4.8599,Filled,
3903,2024-08-30T04:00:00Z,2024-08-30T20:00:00Z,PEP,MarketOnOpen,Buy,153,158.004281,24174.65,4.858,Filled,
3904,2024-08-30T04:00:00Z,2024-08-30T20:00:00Z,AXP,MarketOnOpen,Sell,-95,254.966205,-24221.79,4.8101,Filled,
3905,2024-08-30T04:00:00Z,2024-08-30T20:00:00Z,PFE,MarketOnOpen,Sell,-966,25.095587,-24242.34,4.8923,Filled,
3906,2024-08-30T04:00:00Z,2024-08-30T20:00:00Z,AMAT,MarketOnOpen,Buy,127,194.420542,24691.41,4.9315,Filled,
3907,2024-08-30T04:00:00Z,2024-08-30T20:00:00Z,ANET,MarketOnOpen,Buy,279,87.73,24476.67,4.9292,Filled,
3908,2024-08-30T04:00:00Z,2024-08-30T20:00:00Z,KKR,MarketOnOpen,Buy,201,121.220832,24365.39,4.8984,Filled,
3909,2024-08-30T04:00:00Z,2024-08-30T20:00:00Z,AMT,MarketOnOpen,Sell,-116,208.738167,-24213.63,4.8466,Filled,
3910,2024-08-30T04:00:00Z,2024-08-30T20:00:00Z,SPY,MarketOnOpen,Sell,-99,546.416794,-54095.26,10.8758,Filled,
3911,2024-09-03T04:00:00Z,2024-09-03T20:00:00Z,AMAT,MarketOnOpen,Sell,-127,190.040593,-24135.16,4.5843,Filled,closed
3912,2024-09-03T04:00:00Z,2024-09-03T20:00:00Z,LRCX,MarketOnOpen,Buy,306,79.104502,24205.98,4.6018,Filled,closed
3913,2024-09-03T04:00:00Z,2024-09-03T20:00:00Z,KKR,MarketOnOpen,Sell,-201,120.231415,-24166.51,4.6807,Filled,closed
3914,2024-09-03T04:00:00Z,2024-09-03T20:00:00Z,PEP,MarketOnOpen,Sell,-153,158.29814,-24219.62,4.9889,Filled,closed
3915,2024-09-03T04:00:00Z,2024-09-03T20:00:00Z,PFE,MarketOnOpen,Buy,966,24.97334,24124.25,4.7742,Filled,closed
3916,2024-09-03T04:00:00Z,2024-09-03T20:00:00Z,TXN,MarketOnOpen,Buy,123,200.568539,24669.93,4.6984,Filled,closed
3917,2024-09-03T04:00:00Z,2024-09-03T20:00:00Z,V,MarketOnOpen,Buy,89,272.265242,24231.61,4.8844,Filled,closed
3918,2024-09-03T04:00:00Z,2024-09-03T20:00:00Z,UNH,MarketOnOpen,Sell,-43,562.904665,-24204.9,4.8913,Filled,
3919,2024-09-03T04:00:00Z,2024-09-03T20:00:00Z,PG,MarketOnOpen,Sell,-148,162.049779,-23983.37,4.8946,Filled,
3920,2024-09-03T04:00:00Z,2024-09-03T20:00:00Z,CRM,MarketOnOpen,Buy,97,248.164967,24072.0,4.7357,Filled,
3921,2024-09-03T04:00:00Z,2024-09-03T20:00:00Z,AMD,MarketOnOpen,Buy,162,146.49,23731.38,4.4369,Filled,
3922,2024-09-03T04:00:00Z,2024-09-03T20:00:00Z,DHR,MarketOnOpen,Sell,-90,263.704264,-23733.38,4.6966,Filled,
3923,2024-09-03T04:00:00Z,2024-09-03T20:00:00Z,PM,MarketOnOpen,Sell,-211,114.748511,-24211.94,4.9262,Filled,
3924,2024-09-03T04:00:00Z,2024-09-03T20:00:00Z,RTX,MarketOnOpen,Sell,-202,118.936087,-24025.09,4.7219,Filled,
3925,2024-09-03T04:00:00Z,2024-09-03T20:00:00Z,GS,MarketOnOpen,Buy,49,487.729518,23898.75,4.5913,Filled,
3926,2024-09-03T04:00:00Z,2024-09-03T20:00:00Z,KLAC,MarketOnOpen,Buy,299,79.360806,23728.88,4.3678,Filled,
3927,2024-09-03T04:00:00Z,2024-09-03T20:00:00Z,UPS,MarketOnOpen,Buy,213,112.583198,23980.22,4.7936,Filled,
3928,2024-09-03T04:00:00Z,2024-09-03T20:00:00Z,DE,MarketOnOpen,Sell,-64,374.81677,-23988.27,4.808,Filled,
3929,2024-09-03T04:00:00Z,2024-09-03T20:00:00Z,SPY,MarketOnOpen,Sell,-39,546.104968,-21298.09,4.1962,Filled,
3930,2024-09-04T04:00:00Z,2024-09-04T20:00:00Z,ADBE,MarketOnOpen,Sell,-43,568.87,-24461.41,4.9472,Filled,closed
3931,2024-09-04T04:00:00Z,2024-09-04T20:00:00Z,ADP,MarketOnOpen,Sell,-94,260.094313,-24448.87,4.876,Filled,closed
3932,2024-09-04T04:00:00Z,2024-09-04T20:00:00Z,BMY,MarketOnOpen,Buy,541,46.221521,25005.84,4.9262,Filled,closed
3933,2024-09-04T04:00:00Z,2024-09-04T20:00:00Z,CI,MarketOnOpen,Buy,71,351.560214,24960.78,4.9954,Filled,closed
3934,2024-09-04T04:00:00Z,2024-09-04T20:00:00Z,DE,MarketOnOpen,Buy,64,376.452929,24092.99,4.886,Filled,closed
3935,2024-09-04T04:00:00Z,2024-09-04T20:00:00Z,DIS,MarketOnOpen,Buy,276,86.981524,24006.9,4.8127,Filled,closed
3936,2024-09-04T04:00:00Z,2024-09-04T20:00:00Z,ETN,MarketOnOpen,Sell,-82,281.398711,-23074.69,4.6241,Filled,closed
3937,2024-09-04T04:00:00Z,2024-09-04T20:00:00Z,MELI,MarketOnOpen,Buy,12,1996.83,23961.96,4.7798,Filled,closed
3938,2024-09-04T04:00:00Z,2024-09-04T20:00:00Z,GS,MarketOnOpen,Sell,-49,467.767467,-22920.61,4.6212,Filled,closed
3939,2024-09-04T04:00:00Z,2024-09-04T20:00:00Z,HCA,MarketOnOpen,Buy,65,390.161593,25360.5,5.0415,Filled,closed
3940,2024-09-04T04:00:00Z,2024-09-04T20:00:00Z,ANET,MarketOnOpen,Sell,-279,80.8325,-22552.27,4.546,Filled,closed
3941,2024-09-04T04:00:00Z,2024-09-04T20:00:00Z,MDT,MarketOnOpen,Sell,-299,82.728559,-24735.84,5.0617,Filled,closed
3942,2024-09-04T04:00:00Z,2024-09-04T20:00:00Z,MRSH,MarketOnOpen,Sell,-110,221.42757,-24357.03,4.9143,Filled,closed
3943,2024-09-04T04:00:00Z,2024-09-04T20:00:00Z,PLD,MarketOnOpen,Sell,-208,119.407247,-24836.71,4.9542,Filled,closed
3944,2024-09-04T04:00:00Z,2024-09-04T20:00:00Z,QCOM,MarketOnOpen,Buy,147,155.357044,22837.49,4.6328,Filled,closed
3945,2024-09-04T04:00:00Z,2024-09-04T20:00:00Z,RTX,MarketOnOpen,Buy,202,117.013712,23636.77,4.7266,Filled,closed
3946,2024-09-04T04:00:00Z,2024-09-04T20:00:00Z,SCHW,MarketOnOpen,Sell,-398,63.170993,-25142.06,4.9586,Filled,closed
3947,2024-09-04T04:00:00Z,2024-09-04T20:00:00Z,SPGI,MarketOnOpen,Buy,55,475.630548,26159.68,5.2559,Filled,closed
3948,2024-09-04T04:00:00Z,2024-09-04T20:00:00Z,TMUS,MarketOnOpen,Buy,124,192.770952,23903.6,4.7322,Filled,closed
3949,2024-09-04T04:00:00Z,2024-09-04T20:00:00Z,PANW,MarketOnOpen,Sell,-132,171.755,-22671.66,4.5663,Filled,closed
3950,2024-09-04T04:00:00Z,2024-09-04T20:00:00Z,V,MarketOnOpen,Sell,-87,274.570488,-23887.63,4.808,Filled,
3951,2024-09-04T04:00:00Z,2024-09-04T20:00:00Z,JNJ,MarketOnOpen,Sell,-151,158.972723,-24004.88,4.7881,Filled,
3952,2024-09-04T04:00:00Z,2024-09-04T20:00:00Z,PEP,MarketOnOpen,Buy,147,163.367207,24014.98,4.8197,Filled,
3953,2024-09-04T04:00:00Z,2024-09-04T20:00:00Z,AMD,MarketOnOpen,Sell,-337,140.59,-47378.83,9.4946,Filled,
3954,2024-09-04T04:00:00Z,2024-09-04T20:00:00Z,ACN,MarketOnOpen,Sell,-73,323.113458,-23587.28,4.7728,Filled,
3955,2024-09-04T04:00:00Z,2024-09-04T20:00:00Z,ABT,MarketOnOpen,Sell,-218,109.985221,-23976.78,4.7832,Filled,
3956,2024-09-04T04:00:00Z,2024-09-04T20:00:00Z,WFC,MarketOnOpen,Sell,-430,55.996232,-24078.38,4.7852,Filled,
3957,2024-09-04T04:00:00Z,2024-09-04T20:00:00Z,VZ,MarketOnOpen,Sell,-638,37.719058,-24064.76,4.6428,Filled,
3958,2024-09-04T04:00:00Z,2024-09-04T20:00:00Z,MS,MarketOnOpen,Sell,-254,94.701365,-24054.15,4.8306,Filled,
3959,2024-09-04T04:00:00Z,2024-09-04T20:00:00Z,PFE,MarketOnOpen,Sell,-972,24.693918,-24002.49,4.8192,Filled,
3960,2024-09-04T04:00:00Z,2024-09-04T20:00:00Z,T,MarketOnOpen,Sell,-1288,18.693111,-24076.73,4.8365,Filled,
3961,2024-09-04T04:00:00Z,2024-09-04T20:00:00Z,AMT,MarketOnOpen,Buy,227,215.777533,48981.5,9.8424,Filled,
3962,2024-09-04T04:00:00Z,2024-09-04T20:00:00Z,BX,MarketOnOpen,Buy,185,128.795044,23827.08,4.7723,Filled,
3963,2024-09-04T04:00:00Z,2024-09-04T20:00:00Z,SBUX,MarketOnOpen,Buy,271,88.78347,24060.32,4.7585,Filled,
3964,2024-09-04T04:00:00Z,2024-09-04T20:00:00Z,FISV,MarketOnOpen,Sell,-138,174.26,-24047.88,4.7916,Filled,
3965,2024-09-04T04:00:00Z,2024-09-04T20:00:00Z,KLAC,MarketOnOpen,Sell,-628,72.406798,-45471.47,9.2194,Filled,
3966,2024-09-04T04:00:00Z,2024-09-04T20:00:00Z,LRCX,MarketOnOpen,Sell,-319,73.897054,-23573.16,4.7892,Filled,
3967,2024-09-04T04:00:00Z,2024-09-04T20:00:00Z,GILD,MarketOnOpen,Sell,-321,74.799988,-24010.8,4.7696,Filled,
3968,2024-09-04T04:00:00Z,2024-09-04T20:00:00Z,SPY,MarketOnOpen,Buy,380,536.16551,203742.89,40.8026,Filled,
3969,2024-09-05T04:00:00Z,2024-09-05T20:00:00Z,ABT,MarketOnOpen,Buy,218,109.572861,23886.88,4.7289,Filled,closed
3970,2024-09-05T04:00:00Z,2024-09-05T20:00:00Z,AXP,MarketOnOpen,Buy,95,247.351183,23498.36,4.6835,Filled,closed
3971,2024-09-05T04:00:00Z,2024-09-05T20:00:00Z,BSX,MarketOnOpen,Sell,-329,81.77,-26902.33,5.3541,Filled,closed
3972,2024-09-05T04:00:00Z,2024-09-05T20:00:00Z,LRCX,MarketOnOpen,Buy,319,73.673162,23501.74,4.7359,Filled,closed
3973,2024-09-05T04:00:00Z,2024-09-05T20:00:00Z,C,MarketOnOpen,Sell,-415,58.531163,-24290.43,4.7812,Filled,closed
3974,2024-09-05T04:00:00Z,2024-09-05T20:00:00Z,GILD,MarketOnOpen,Buy,321,74.321163,23857.09,4.7479,Filled,closed
3975,2024-09-05T04:00:00Z,2024-09-05T20:00:00Z,MRK,MarketOnOpen,Buy,223,108.409436,24175.3,4.9218,Filled,closed
3976,2024-09-05T04:00:00Z,2024-09-05T20:00:00Z,MS,MarketOnOpen,Buy,254,95.7363,24317.02,4.8021,Filled,closed
3977,2024-09-05T04:00:00Z,2024-09-05T20:00:00Z,PEP,MarketOnOpen,Sell,-147,164.129403,-24127.02,4.8408,Filled,closed
3978,2024-09-05T04:00:00Z,2024-09-05T20:00:00Z,TMO,MarketOnOpen,Buy,40,606.374465,24254.98,4.818,Filled,closed
3979,2024-09-05T04:00:00Z,2024-09-05T20:00:00Z,UPS,MarketOnOpen,Sell,-213,114.08772,-24300.68,4.7891,Filled,closed
3980,2024-09-05T04:00:00Z,2024-09-05T20:00:00Z,VZ,MarketOnOpen,Buy,638,36.245383,23124.55,4.6238,Filled,closed
3981,2024-09-05T04:00:00Z,2024-09-05T20:00:00Z,AAPL,MarketOnOpen,Buy,109,219.900467,23969.15,4.8077,Filled,
3982,2024-09-05T04:00:00Z,2024-09-05T20:00:00Z,COST,MarketOnOpen,Sell,-27,878.964638,-23732.05,4.7323,Filled,
3983,2024-09-05T04:00:00Z,2024-09-05T20:00:00Z,TMUS,MarketOnOpen,Sell,-125,190.524965,-23815.62,4.7314,Filled,
3984,2024-09-05T04:00:00Z,2024-09-05T20:00:00Z,CSCO,MarketOnOpen,Sell,-506,47.163256,-23864.61,4.7411,Filled,
3985,2024-09-05T04:00:00Z,2024-09-05T20:00:00Z,RTX,MarketOnOpen,Sell,-205,116.830169,-23950.18,4.7385,Filled,
3986,2024-09-05T04:00:00Z,2024-09-05T20:00:00Z,DE,MarketOnOpen,Buy,62,381.770446,23669.77,4.6336,Filled,
3987,2024-09-05T04:00:00Z,2024-09-05T20:00:00Z,BA,MarketOnOpen,Sell,-147,164.15,-24130.05,4.7672,Filled,
3988,2024-09-05T04:00:00Z,2024-09-05T20:00:00Z,MDLZ,MarketOnOpen,Sell,-339,70.720403,-23974.22,4.7821,Filled,
3989,2024-09-05T04:00:00Z,2024-09-05T20:00:00Z,SPY,MarketOnOpen,Buy,54,536.779418,28986.09,5.7842,Filled,
3990,2024-09-06T04:00:00Z,2024-09-06T20:00:00Z,SPY,MarketOnOpen,Buy,106,535.834195,56798.42,11.163,Filled,closed
3991,2024-09-06T04:00:00Z,2024-09-06T20:00:00Z,AMD,MarketOnOpen,Buy,175,138.59,24253.25,4.7023,Filled,closed
3992,2024-09-06T04:00:00Z,2024-09-06T20:00:00Z,AMT,MarketOnOpen,Sell,-111,218.173714,-24217.28,4.8882,Filled,closed
3993,2024-09-06T04:00:00Z,2024-09-06T20:00:00Z,AVGO,MarketOnOpen,Sell,-156,140.21291,-21873.21,4.1877,Filled,closed
3994,2024-09-06T04:00:00Z,2024-09-06T20:00:00Z,COST,MarketOnOpen,Buy,27,880.319737,23768.63,4.6826,Filled,closed
3995,2024-09-06T04:00:00Z,2024-09-06T20:00:00Z,CSCO,MarketOnOpen,Buy,506,46.657867,23608.88,4.6803,Filled,closed
3996,2024-09-06T04:00:00Z,2024-09-06T20:00:00Z,MDLZ,MarketOnOpen,Buy,339,70.748589,23983.77,4.7974,Filled,closed
3997,2024-09-06T04:00:00Z,2024-09-06T20:00:00Z,UBER,MarketOnOpen,Buy,353,71.13,25108.89,4.9123,Filled,closed
3998,2024-09-06T04:00:00Z,2024-09-06T20:00:00Z,PFE,MarketOnOpen,Buy,972,24.938412,24240.14,4.8506,Filled,closed
3999,2024-09-06T04:00:00Z,2024-09-06T20:00:00Z,KLAC,MarketOnOpen,Buy,329,71.72312,23596.91,4.5556,Filled,closed
4000,2024-09-06T04:00:00Z,2024-09-06T20:00:00Z,RTX,MarketOnOpen,Buy,205,115.584006,23694.72,4.691,Filled,closed
4001,2024-09-06T04:00:00Z,2024-09-06T20:00:00Z,SBUX,MarketOnOpen,Sell,-271,87.005328,-23578.44,4.6977,Filled,closed
4002,2024-09-06T04:00:00Z,2024-09-06T20:00:00Z,MSFT,MarketOnOpen,Sell,-59,403.062831,-23780.71,4.6663,Filled,closed
4003,2024-09-06T04:00:00Z,2024-09-06T20:00:00Z,TSLA,MarketOnOpen,Buy,104,232.6,24190.4,4.3832,Filled,
4004,2024-09-06T04:00:00Z,2024-09-06T20:00:00Z,ORCL,MarketOnOpen,Sell,-173,139.615682,-24153.51,4.7745,Filled,
4005,2024-09-06T04:00:00Z,2024-09-06T20:00:00Z,MRK,MarketOnOpen,Sell,-218,110.763735,-24146.49,4.781,Filled,
4006,2024-09-06T04:00:00Z,2024-09-06T20:00:00Z,MS,MarketOnOpen,Sell,-255,94.663385,-24139.16,4.6772,Filled,
4007,2024-09-06T04:00:00Z,2024-09-06T20:00:00Z,DIS,MarketOnOpen,Sell,-278,86.434286,-24028.73,4.778,Filled,
4008,2024-09-06T04:00:00Z,2024-09-06T20:00:00Z,AMAT,MarketOnOpen,Sell,-136,177.077911,-24082.6,4.6784,Filled,
4009,2024-09-06T04:00:00Z,2024-09-06T20:00:00Z,KKR,MarketOnOpen,Buy,206,117.007195,24103.48,4.7148,Filled,
4010,2024-09-06T04:00:00Z,2024-09-06T20:00:00Z,CI,MarketOnOpen,Sell,-70,342.982298,-24008.76,4.7484,Filled,
4011,2024-09-06T04:00:00Z,2024-09-06T20:00:00Z,MU,MarketOnOpen,Sell,-271,88.811455,-24067.9,4.6525,Filled,
4012,2024-09-09T04:00:00Z,2024-09-09T20:00:00Z,AAPL,MarketOnOpen,Sell,-109,218.988099,-23869.7,4.7759,Filled,closed
4013,2024-09-09T04:00:00Z,2024-09-09T20:00:00Z,MU,MarketOnOpen,Buy,271,87.20158,23631.63,4.6466,Filled,closed
4014,2024-09-09T04:00:00Z,2024-09-09T20:00:00Z,ADI,MarketOnOpen,Sell,-111,210.704688,-23388.22,4.7111,Filled,closed
4015,2024-09-09T04:00:00Z,2024-09-09T20:00:00Z,CB,MarketOnOpen,Sell,-90,280.053191,-25204.79,5.1109,Filled,closed
4016,2024-09-09T04:00:00Z,2024-09-09T20:00:00Z,CI,MarketOnOpen,Buy,70,342.109155,23947.64,4.8038,Filled,closed
4017,2024-09-09T04:00:00Z,2024-09-09T20:00:00Z,KKR,MarketOnOpen,Sell,-206,116.16053,-23929.07,4.8049,Filled,closed
4018,2024-09-09T04:00:00Z,2024-09-09T20:00:00Z,CRM,MarketOnOpen,Sell,-97,242.5754,-23529.81,4.6918,Filled,closed
4019,2024-09-09T04:00:00Z,2024-09-09T20:00:00Z,CVX,MarketOnOpen,Sell,-172,127.592195,-21945.86,4.4419,Filled,closed
4020,2024-09-09T04:00:00Z,2024-09-09T20:00:00Z,DE,MarketOnOpen,Sell,-62,374.115559,-23195.16,4.6763,Filled,closed
4021,2024-09-09T04:00:00Z,2024-09-09T20:00:00Z,KO,MarketOnOpen,Buy,357,66.919653,23890.32,4.8183,Filled,closed
4022,2024-09-09T04:00:00Z,2024-09-09T20:00:00Z,LIN,MarketOnOpen,Buy,56,447.499744,25059.99,5.0547,Filled,closed
4023,2024-09-09T04:00:00Z,2024-09-09T20:00:00Z,MS,MarketOnOpen,Buy,255,92.816642,23668.24,4.7542,Filled,closed
4024,2024-09-09T04:00:00Z,2024-09-09T20:00:00Z,PM,MarketOnOpen,Buy,211,117.125756,24713.53,4.9944,Filled,closed
4025,2024-09-09T04:00:00Z,2024-09-09T20:00:00Z,T,MarketOnOpen,Buy,1288,19.112771,24617.25,5.0504,Filled,closed
4026,2024-09-09T04:00:00Z,2024-09-09T20:00:00Z,TMUS,MarketOnOpen,Buy,125,185.505088,23188.14,4.6863,Filled,closed
4027,2024-09-09T04:00:00Z,2024-09-09T20:00:00Z,WFC,MarketOnOpen,Buy,430,52.396543,22530.51,4.4954,Filled,closed
4028,2024-09-09T04:00:00Z,2024-09-09T20:00:00Z,TMO,MarketOnOpen,Buy,39,609.81797,23782.9,4.8023,Filled,
4029,2024-09-09T04:00:00Z,2024-09-09T20:00:00Z,AMD,MarketOnOpen,Sell,-179,136.0,-24344.0,4.9458,Filled,
4030,2024-09-09T04:00:00Z,2024-09-09T20:00:00Z,CSCO,MarketOnOpen,Sell,-521,46.333655,-24139.83,4.8389,Filled,
4031,2024-09-09T04:00:00Z,2024-09-09T20:00:00Z,AXP,MarketOnOpen,Buy,100,242.985759,24298.58,4.912,Filled,
4032,2024-09-09T04:00:00Z,2024-09-09T20:00:00Z,RTX,MarketOnOpen,Sell,-210,115.574346,-24270.61,4.9158,Filled,
4033,2024-09-09T04:00:00Z,2024-09-09T20:00:00Z,UBER,MarketOnOpen,Sell,-346,71.02,-24572.92,4.8302,Filled,
4034,2024-09-09T04:00:00Z,2024-09-09T20:00:00Z,BMY,MarketOnOpen,Sell,-543,44.398906,-24108.61,4.7999,Filled,
4035,2024-09-09T04:00:00Z,2024-09-09T20:00:00Z,GILD,MarketOnOpen,Sell,-326,73.908059,-24094.03,4.8464,Filled,
4036,2024-09-09T04:00:00Z,2024-09-09T20:00:00Z,SPY,MarketOnOpen,Buy,157,530.78651,83333.48,16.719,Filled,
4037,2024-09-10T04:00:00Z,2024-09-10T20:00:00Z,AMD,MarketOnOpen,Buy,179,139.03,24886.37,5.1137,Filled,closed
4038,2024-09-10T04:00:00Z,2024-09-10T20:00:00Z,AXP,MarketOnOpen,Sell,-100,246.382177,-24638.22,4.8043,Filled,closed
4039,2024-09-10T04:00:00Z,2024-09-10T20:00:00Z,BA,MarketOnOpen,Buy,147,162.61,23903.67,4.7061,Filled,closed
4040,2024-09-10T04:00:00Z,2024-09-10T20:00:00Z,MRK,MarketOnOpen,Buy,218,107.637077,23464.88,4.6792,Filled,closed
4041,2024-09-10T04:00:00Z,2024-09-10T20:00:00Z,ORCL,MarketOnOpen,Buy,173,150.115077,25969.91,5.2485,Filled,closed
4042,2024-09-10T04:00:00Z,2024-09-10T20:00:00Z,COST,MarketOnOpen,Sell,-27,882.891458,-23838.07,4.7766,Filled,
4043,2024-09-10T04:00:00Z,2024-09-10T20:00:00Z,LIN,MarketOnOpen,Sell,-53,449.701297,-23834.17,4.7872,Filled,
4044,2024-09-10T04:00:00Z,2024-09-10T20:00:00Z,VZ,MarketOnOpen,Buy,642,37.534849,24097.37,4.9163,Filled,
4045,2024-09-10T04:00:00Z,2024-09-10T20:00:00Z,AMGN,MarketOnOpen,Sell,-78,307.879329,-24014.59,4.8313,Filled,
4046,2024-09-10T04:00:00Z,2024-09-10T20:00:00Z,LMT,MarketOnOpen,Sell,-44,547.608316,-24094.77,4.7741,Filled,
4047,2024-09-11T04:00:00Z,2024-09-11T20:00:00Z,AMAT,MarketOnOpen,Buy,136,177.402716,24126.77,4.978,Filled,closed
4048,2024-09-11T04:00:00Z,2024-09-11T20:00:00Z,AMGN,MarketOnOpen,Buy,78,308.641966,24074.07,4.8467,Filled,closed
4049,2024-09-11T04:00:00Z,2024-09-11T20:00:00Z,BX,MarketOnOpen,Sell,-185,132.762287,-24561.02,4.96,Filled,closed
4050,2024-09-11T04:00:00Z,2024-09-11T20:00:00Z,BMY,MarketOnOpen,Buy,543,44.754316,24301.59,4.8089,Filled,closed
4051,2024-09-11T04:00:00Z,2024-09-11T20:00:00Z,COST,MarketOnOpen,Buy,27,885.265353,23902.16,4.8093,Filled,closed
4052,2024-09-11T04:00:00Z,2024-09-11T20:00:00Z,DHR,MarketOnOpen,Buy,90,270.349947,24331.5,4.8343,Filled,closed
4053,2024-09-11T04:00:00Z,2024-09-11T20:00:00Z,DIS,MarketOnOpen,Buy,278,86.023858,23914.63,4.7987,Filled,closed
4054,2024-09-11T04:00:00Z,2024-09-11T20:00:00Z,GILD,MarketOnOpen,Buy,326,76.236463,24853.09,4.9547,Filled,closed
4055,2024-09-11T04:00:00Z,2024-09-11T20:00:00Z,NFLX,MarketOnOpen,Buy,349,67.746,23643.35,4.7567,Filled,closed
4056,2024-09-11T04:00:00Z,2024-09-11T20:00:00Z,RTX,MarketOnOpen,Buy,210,115.79653,24317.27,4.8387,Filled,closed
4057,2024-09-11T04:00:00Z,2024-09-11T20:00:00Z,VZ,MarketOnOpen,Sell,-642,38.14888,-24491.58,4.9332,Filled,closed
4058,2024-09-11T04:00:00Z,2024-09-11T20:00:00Z,AAPL,MarketOnOpen,Buy,110,219.4542,24139.96,4.8579,Filled,
4059,2024-09-11T04:00:00Z,2024-09-11T20:00:00Z,ORCL,MarketOnOpen,Sell,-158,152.557476,-24104.08,4.8331,Filled,
4060,2024-09-11T04:00:00Z,2024-09-11T20:00:00Z,PM,MarketOnOpen,Sell,-204,117.469342,-23963.75,4.7458,Filled,
4061,2024-09-11T04:00:00Z,2024-09-11T20:00:00Z,QCOM,MarketOnOpen,Buy,155,155.316829,24074.11,4.9467,Filled,
4062,2024-09-11T04:00:00Z,2024-09-11T20:00:00Z,AXP,MarketOnOpen,Sell,-100,239.2174,-23921.74,4.9758,Filled,
4063,2024-09-11T04:00:00Z,2024-09-11T20:00:00Z,SYK,MarketOnOpen,Sell,-67,357.509277,-23953.12,4.8161,Filled,
4064,2024-09-11T04:00:00Z,2024-09-11T20:00:00Z,HCA,MarketOnOpen,Sell,-63,378.516447,-23846.54,4.8164,Filled,
4065,2024-09-11T04:00:00Z,2024-09-11T20:00:00Z,BA,MarketOnOpen,Sell,-150,159.79,-23968.5,4.8399,Filled,
4066,2024-09-11T04:00:00Z,2024-09-11T20:00:00Z,SPY,MarketOnOpen,Sell,-68,534.703826,-36359.86,7.3475,Filled,
4067,2024-09-12T04:00:00Z,2024-09-12T20:00:00Z,AXP,MarketOnOpen,Buy,100,249.103226,24910.32,4.9948,Filled,closed
4068,2024-09-12T04:00:00Z,2024-09-12T20:00:00Z,FISV,MarketOnOpen,Buy,138,171.4,23653.2,4.793,Filled,closed
4069,2024-09-12T04:00:00Z,2024-09-12T20:00:00Z,JNJ,MarketOnOpen,Buy,151,155.619148,23498.49,4.7103,Filled,closed
4070,2024-09-12T04:00:00Z,2024-09-12T20:00:00Z,QCOM,MarketOnOpen,Sell,-155,158.919045,-24632.45,4.8998,Filled,closed
4071,2024-09-12T04:00:00Z,2024-09-12T20:00:00Z,TMO,MarketOnOpen,Sell,-39,611.008808,-23829.34,4.7539,Filled,closed
4072,2024-09-12T04:00:00Z,2024-09-12T20:00:00Z,TSLA,MarketOnOpen,Sell,-104,224.71,-23369.84,4.78,Filled,closed
4073,2024-09-12T04:00:00Z,2024-09-12T20:00:00Z,AVGO,MarketOnOpen,Buy,155,154.909253,24010.93,4.9981,Filled,
4074,2024-09-12T04:00:00Z,2024-09-12T20:00:00Z,COST,MarketOnOpen,Sell,-27,890.626402,-24046.91,4.8874,Filled,
4075,2024-09-12T04:00:00Z,2024-09-12T20:00:00Z,IBM,MarketOnOpen,Sell,-121,199.055115,-24085.67,4.8541,Filled,
4076,2024-09-12T04:00:00Z,2024-09-12T20:00:00Z,WFC,MarketOnOpen,Buy,468,51.439178,24073.54,4.6212,Filled,
4077,2024-09-12T04:00:00Z,2024-09-12T20:00:00Z,INTU,MarketOnOpen,Sell,-38,632.495753,-24034.84,4.8267,Filled,
4078,2024-09-12T04:00:00Z,2024-09-12T20:00:00Z,NOW,MarketOnOpen,Sell,-137,176.006,-24112.82,4.856,Filled,
4079,2024-09-12T04:00:00Z,2024-09-12T20:00:00Z,AMGN,MarketOnOpen,Sell,-77,310.911046,-23940.15,4.7857,Filled,
4080,2024-09-12T04:00:00Z,2024-09-12T20:00:00Z,BSX,MarketOnOpen,Buy,290,82.95,24055.5,4.8621,Filled,
4081,2024-09-12T04:00:00Z,2024-09-12T20:00:00Z,ADP,MarketOnOpen,Buy,92,262.909758,24187.7,4.8518,Filled,
4082,2024-09-12T04:00:00Z,2024-09-12T20:00:00Z,SCHW,MarketOnOpen,Buy,389,61.864679,24065.36,4.6826,Filled,
4083,2024-09-12T04:00:00Z,2024-09-12T20:00:00Z,LRCX,MarketOnOpen,Sell,-320,75.170684,-24054.62,4.6996,Filled,
4084,2024-09-13T04:00:00Z,2024-09-13T20:00:00Z,AVGO,MarketOnOpen,Sell,-155,163.335156,-25316.95,5.0932,Filled,closed
4085,2024-09-13T04:00:00Z,2024-09-13T20:00:00Z,BA,MarketOnOpen,Buy,150,160.14,24021.0,4.7031,Filled,closed
4086,2024-09-13T04:00:00Z,2024-09-13T20:00:00Z,LRCX,MarketOnOpen,Buy,320,74.21718,23749.5,4.8374,Filled,closed
4087,2024-09-13T04:00:00Z,2024-09-13T20:00:00Z,CSCO,MarketOnOpen,Buy,521,47.411182,24701.23,4.9482,Filled,closed
4088,2024-09-13T04:00:00Z,2024-09-13T20:00:00Z,HCA,MarketOnOpen,Buy,63,384.496387,24223.27,4.8911,Filled,closed
4089,2024-09-13T04:00:00Z,2024-09-13T20:00:00Z,INTU,MarketOnOpen,Buy,38,631.680238,24003.85,4.8934,Filled,closed
4090,2024-09-13T04:00:00Z,2024-09-13T20:00:00Z,NOW,MarketOnOpen,Buy,137,176.354,24160.5,4.8166,Filled,closed
4091,2024-09-13T04:00:00Z,2024-09-13T20:00:00Z,NVDA,MarketOnOpen,Sell,-192,118.721437,-22794.52,4.5612,Filled,closed
4092,2024-09-13T04:00:00Z,2024-09-13T20:00:00Z,ORCL,MarketOnOpen,Buy,158,169.021773,26705.44,4.9822,Filled,closed
4093,2024-09-13T04:00:00Z,2024-09-13T20:00:00Z,SCHW,MarketOnOpen,Sell,-389,60.441382,-23511.7,4.7114,Filled,closed
4094,2024-09-13T04:00:00Z,2024-09-13T20:00:00Z,WFC,MarketOnOpen,Sell,-468,49.648907,-23235.69,4.7296,Filled,closed
4095,2024-09-13T04:00:00Z,2024-09-13T20:00:00Z,CRM,MarketOnOpen,Sell,-96,248.519235,-23857.85,4.8099,Filled,
4096,2024-09-13T04:00:00Z,2024-09-13T20:00:00Z,DHR,MarketOnOpen,Sell,-89,269.480972,-23983.81,4.8205,Filled,
4097,2024-09-13T04:00:00Z,2024-09-13T20:00:00Z,TXN,MarketOnOpen,Sell,-129,186.601134,-24071.55,4.8812,Filled,
4098,2024-09-13T04:00:00Z,2024-09-13T20:00:00Z,ISRG,MarketOnOpen,Sell,-48,490.28,-23533.44,4.7027,Filled,
4099,2024-09-13T04:00:00Z,2024-09-13T20:00:00Z,LOW,MarketOnOpen,Sell,-99,243.192583,-24076.07,4.8613,Filled,
4100,2024-09-13T04:00:00Z,2024-09-13T20:00:00Z,ETN,MarketOnOpen,Buy,81,298.602893,24186.83,4.8371,Filled,
4101,2024-09-13T04:00:00Z,2024-09-13T20:00:00Z,MRSH,MarketOnOpen,Buy,108,221.649577,23938.15,4.7887,Filled,
4102,2024-09-13T04:00:00Z,2024-09-13T20:00:00Z,SBUX,MarketOnOpen,Buy,255,94.260526,24036.43,4.7801,Filled,
4103,2024-09-13T04:00:00Z,2024-09-13T20:00:00Z,FISV,MarketOnOpen,Sell,-138,173.83,-23988.54,4.8272,Filled,
4104,2024-09-13T04:00:00Z,2024-09-13T20:00:00Z,MDLZ,MarketOnOpen,Sell,-344,69.92178,-24053.09,4.8649,Filled,
4105,2024-09-13T04:00:00Z,2024-09-13T20:00:00Z,SPY,MarketOnOpen,Buy,197,545.393614,107442.54,21.5776,Filled,
4106,2024-09-16T04:00:00Z,2024-09-16T20:00:00Z,CRM,MarketOnOpen,Buy,96,251.363222,24130.87,4.8541,Filled,closed
4107,2024-09-16T04:00:00Z,2024-09-16T20:00:00Z,ISRG,MarketOnOpen,Buy,48,493.47,23686.56,4.7173,Filled,closed
4108,2024-09-16T04:00:00Z,2024-09-16T20:00:00Z,MDLZ,MarketOnOpen,Buy,344,71.161994,24479.73,4.8824,Filled,closed
4109,2024-09-16T04:00:00Z,2024-09-16T20:00:00Z,MRSH,MarketOnOpen,Sell,-108,223.290496,-24115.37,4.8197,Filled,closed
4110,2024-09-16T04:00:00Z,2024-09-16T20:00:00Z,UBER,MarketOnOpen,Buy,346,72.36,25036.56,4.9492,Filled,closed
4111,2024-09-16T04:00:00Z,2024-09-16T20:00:00Z,SBUX,MarketOnOpen,Sell,-255,93.613929,-23871.55,4.6705,Filled,closed
4112,2024-09-16T04:00:00Z,2024-09-16T20:00:00Z,TXN,MarketOnOpen,Buy,129,187.982733,24249.77,4.8456,Filled,closed
4113,2024-09-16T04:00:00Z,2024-09-16T20:00:00Z,WMT,MarketOnOpen,Sell,-302,79.333464,-23958.71,4.7787,Filled,
4114,2024-09-16T04:00:00Z,2024-09-16T20:00:00Z,AMD,MarketOnOpen,Buy,157,151.8,23832.6,4.7753,Filled,
4115,2024-09-16T04:00:00Z,2024-09-16T20:00:00Z,MCD,MarketOnOpen,Sell,-84,283.901262,-23847.71,4.7486,Filled,
4116,2024-09-16T04:00:00Z,2024-09-16T20:00:00Z,NOW,MarketOnOpen,Sell,-136,177.0,-24072.0,4.855,Filled,
4117,2024-09-16T04:00:00Z,2024-09-16T20:00:00Z,WFC,MarketOnOpen,Sell,-473,50.587124,-23927.71,4.8716,Filled,
4118,2024-09-16T04:00:00Z,2024-09-16T20:00:00Z,GS,MarketOnOpen,Sell,-51,462.702469,-23597.83,4.7561,Filled,
4119,2024-09-16T04:00:00Z,2024-09-16T20:00:00Z,MDT,MarketOnOpen,Buy,285,83.686302,23850.6,4.7759,Filled,
4120,2024-09-16T04:00:00Z,2024-09-16T20:00:00Z,ANET,MarketOnOpen,Buy,266,88.38,23509.08,4.7775,Filled,
4121,2024-09-16T04:00:00Z,2024-09-16T20:00:00Z,KLAC,MarketOnOpen,Sell,-323,72.406798,-23387.4,4.6864,Filled,
4122,2024-09-17T04:00:00Z,2024-09-17T20:00:00Z,ETN,MarketOnOpen,Sell,-81,301.200119,-24397.21,4.9308,Filled,closed
4123,2024-09-17T04:00:00Z,2024-09-17T20:00:00Z,GS,MarketOnOpen,Buy,51,469.016898,23919.86,4.7584,Filled,closed
4124,2024-09-17T04:00:00Z,2024-09-17T20:00:00Z,ANET,MarketOnOpen,Sell,-266,91.1725,-24251.88,4.8009,Filled,closed
4125,2024-09-17T04:00:00Z,2024-09-17T20:00:00Z,MA,MarketOnOpen,Buy,50,492.676831,24633.84,4.9504,Filled,closed
4126,2024-09-17T04:00:00Z,2024-09-17T20:00:00Z,NOW,MarketOnOpen,Buy,136,178.13,24225.68,4.8189,Filled,closed
4127,2024-09-17T04:00:00Z,2024-09-17T20:00:00Z,KLAC,MarketOnOpen,Buy,323,73.819469,23843.69,4.7068,Filled,closed
4128,2024-09-17T04:00:00Z,2024-09-17T20:00:00Z,WFC,MarketOnOpen,Buy,473,51.755109,24480.17,4.9368,Filled,closed
4129,2024-09-17T04:00:00Z,2024-09-17T20:00:00Z,NVDA,MarketOnOpen,Buy,204,117.813872,24034.03,4.7035,Filled,
4130,2024-09-17T04:00:00Z,2024-09-17T20:00:00Z,ORCL,MarketOnOpen,Sell,-143,165.693883,-23694.23,4.6606,Filled,
4131,2024-09-17T04:00:00Z,2024-09-17T20:00:00Z,MRK,MarketOnOpen,Sell,-215,111.448574,-23961.44,4.7649,Filled,
4132,2024-09-17T04:00:00Z,2024-09-17T20:00:00Z,CRM,MarketOnOpen,Buy,94,254.600841,23932.48,4.7212,Filled,
4133,2024-09-17T04:00:00Z,2024-09-17T20:00:00Z,CSCO,MarketOnOpen,Sell,-490,48.650815,-23838.9,4.7295,Filled,
4134,2024-09-17T04:00:00Z,2024-09-17T20:00:00Z,TXN,MarketOnOpen,Sell,-126,188.730311,-23780.02,4.8025,Filled,
4135,2024-09-17T04:00:00Z,2024-09-17T20:00:00Z,INTU,MarketOnOpen,Sell,-37,638.65633,-23630.28,4.6884,Filled,
4136,2024-09-17T04:00:00Z,2024-09-17T20:00:00Z,UBER,MarketOnOpen,Sell,-333,71.97,-23966.01,4.8471,Filled,
4137,2024-09-17T04:00:00Z,2024-09-17T20:00:00Z,COP,MarketOnOpen,Buy,240,99.090128,23781.63,4.8816,Filled,
4138,2024-09-17T04:00:00Z,2024-09-17T20:00:00Z,MRSH,MarketOnOpen,Buy,106,222.595518,23595.12,4.667,Filled,
4139,2024-09-17T04:00:00Z,2024-09-17T20:00:00Z,MDLZ,MarketOnOpen,Sell,-336,70.964687,-23844.13,4.7417,Filled,
4140,2024-09-17T04:00:00Z,2024-09-17T20:00:00Z,SPY,MarketOnOpen,Sell,-157,550.626446,-86448.35,17.2288,Filled,
4141,2024-09-18T04:00:00Z,2024-09-18T20:00:00Z,BSX,MarketOnOpen,Sell,-290,82.5,-23925.0,4.7891,Filled,closed
4142,2024-09-18T04:00:00Z,2024-09-18T20:00:00Z,COP,MarketOnOpen,Sell,-240,100.977827,-24234.68,4.8965,Filled,closed
4143,2024-09-18T04:00:00Z,2024-09-18T20:00:00Z,COST,MarketOnOpen,Buy,27,890.151623,24034.09,4.7672,Filled,closed
4144,2024-09-18T04:00:00Z,2024-09-18T20:00:00Z,CRM,MarketOnOpen,Sell,-94,252.319642,-23718.05,4.6775,Filled,closed
4145,2024-09-18T04:00:00Z,2024-09-18T20:00:00Z,FISV,MarketOnOpen,Buy,138,175.63,24236.94,4.8366,Filled,closed
4146,2024-09-18T04:00:00Z,2024-09-18T20:00:00Z,IBM,MarketOnOpen,Buy,121,202.969866,24559.35,4.9305,Filled,closed
4147,2024-09-18T04:00:00Z,2024-09-18T20:00:00Z,LMT,MarketOnOpen,Buy,44,536.951211,23625.85,4.7182,Filled,closed
4148,2024-09-18T04:00:00Z,2024-09-18T20:00:00Z,MCD,MarketOnOpen,Buy,84,279.976185,23518.0,4.674,Filled,closed
4149,2024-09-18T04:00:00Z,2024-09-18T20:00:00Z,MDLZ,MarketOnOpen,Buy,336,70.541887,23702.07,4.7385,Filled,closed
4150,2024-09-18T04:00:00Z,2024-09-18T20:00:00Z,MRSH,MarketOnOpen,Sell,-106,221.080081,-23434.49,4.6286,Filled,closed
4151,2024-09-18T04:00:00Z,2024-09-18T20:00:00Z,ORCL,MarketOnOpen,Buy,143,163.105524,23324.09,4.5788,Filled,closed
4152,2024-09-18T04:00:00Z,2024-09-18T20:00:00Z,PM,MarketOnOpen,Buy,204,114.135627,23283.67,4.5829,Filled,closed
4153,2024-09-18T04:00:00Z,2024-09-18T20:00:00Z,SYK,MarketOnOpen,Buy,67,356.273137,23870.3,4.7505,Filled,closed
4154,2024-09-18T04:00:00Z,2024-09-18T20:00:00Z,UNH,MarketOnOpen,Buy,43,549.970652,23648.74,4.7608,Filled,closed
4155,2024-09-18T04:00:00Z,2024-09-18T20:00:00Z,MA,MarketOnOpen,Sell,-48,494.0602,-23714.89,4.6933,Filled,
4156,2024-09-18T04:00:00Z,2024-09-18T20:00:00Z,JNJ,MarketOnOpen,Sell,-151,157.854864,-23836.08,4.7535,Filled,
4157,2024-09-18T04:00:00Z,2024-09-18T20:00:00Z,NFLX,MarketOnOpen,Sell,-339,70.755,-23985.94,4.6814,Filled,
4158,2024-09-18T04:00:00Z,2024-09-18T20:00:00Z,PEP,MarketOnOpen,Buy,146,163.648894,23892.74,4.734,Filled,
4159,2024-09-18T04:00:00Z,2024-09-18T20:00:00Z,NOW,MarketOnOpen,Sell,-135,177.552,-23969.52,4.8081,Filled,
4160,2024-09-18T04:00:00Z,2024-09-18T20:00:00Z,REGN,MarketOnOpen,Buy,21,1140.55677,23951.69,4.7383,Filled,
4161,2024-09-18T04:00:00Z,2024-09-18T20:00:00Z,ELV,MarketOnOpen,Buy,45,523.898876,23575.45,4.6751,Filled,
4162,2024-09-18T04:00:00Z,2024-09-18T20:00:00Z,VRTX,MarketOnOpen,Buy,49,483.78,23705.22,4.6468,Filled,
4163,2024-09-18T04:00:00Z,2024-09-18T20:00:00Z,ETN,MarketOnOpen,Buy,78,306.160235,23880.5,4.7927,Filled,
4164,2024-09-18T04:00:00Z,2024-09-18T20:00:00Z,KKR,MarketOnOpen,Buy,190,126.478034,24030.83,4.8353,Filled,
4165,2024-09-18T04:00:00Z,2024-09-18T20:00:00Z,SPY,MarketOnOpen,Sell,-193,549.31093,-106017.01,21.1165,Filled,
4166,2024-09-19T04:00:00Z,2024-09-19T20:00:00Z,ABBV,MarketOnOpen,Buy,136,181.127193,24633.3,4.9319,Filled,closed
4167,2024-09-19T04:00:00Z,2024-09-19T20:00:00Z,CSCO,MarketOnOpen,Buy,490,49.108525,24063.18,4.807,Filled,closed
4168,2024-09-19T04:00:00Z,2024-09-19T20:00:00Z,ELV,MarketOnOpen,Sell,-45,521.231621,-23455.42,4.6624,Filled,closed
4169,2024-09-19T04:00:00Z,2024-09-19T20:00:00Z,ETN,MarketOnOpen,Sell,-78,316.109759,-24656.56,5.0101,Filled,closed
4170,2024-09-19T04:00:00Z,2024-09-19T20:00:00Z,LIN,MarketOnOpen,Buy,53,460.075872,24384.02,4.8448,Filled,closed
4171,2024-09-19T04:00:00Z,2024-09-19T20:00:00Z,MDT,MarketOnOpen,Sell,-285,82.468201,-23503.44,4.742,Filled,closed
4172,2024-09-19T04:00:00Z,2024-09-19T20:00:00Z,UBER,MarketOnOpen,Buy,333,75.0,24975.0,5.0136,Filled,closed
4173,2024-09-19T04:00:00Z,2024-09-19T20:00:00Z,CRM,MarketOnOpen,Buy,96,256.262136,24601.17,5.0336,Filled,
4174,2024-09-19T04:00:00Z,2024-09-19T20:00:00Z,ABT,MarketOnOpen,Sell,-217,110.752404,-24033.27,4.7509,Filled,
4175,2024-09-19T04:00:00Z,2024-09-19T20:00:00Z,PFE,MarketOnOpen,Sell,-922,26.117224,-24080.08,4.7758,Filled,
4176,2024-09-19T04:00:00Z,2024-09-19T20:00:00Z,GS,MarketOnOpen,Sell,-51,475.494713,-24250.23,4.9392,Filled,
4177,2024-09-19T04:00:00Z,2024-09-19T20:00:00Z,COP,MarketOnOpen,Buy,235,103.823464,24398.51,4.8797,Filled,
4178,2024-09-19T04:00:00Z,2024-09-19T20:00:00Z,C,MarketOnOpen,Buy,421,57.889843,24371.62,5.0415,Filled,
4179,2024-09-20T04:00:00Z,2024-09-20T20:00:00Z,AAPL,MarketOnOpen,Sell,-110,228.091943,-25090.11,4.9788,Filled,closed
4180,2024-09-20T04:00:00Z,2024-09-20T20:00:00Z,ABT,MarketOnOpen,Buy,217,109.083782,23671.18,4.7322,Filled,closed
4181,2024-09-20T04:00:00Z,2024-09-20T20:00:00Z,ACN,MarketOnOpen,Buy,73,315.814895,23054.49,4.665,Filled,closed
4182,2024-09-20T04:00:00Z,2024-09-20T20:00:00Z,ADP,MarketOnOpen,Sell,-92,263.476984,-24239.88,4.8415,Filled,closed
4183,2024-09-20T04:00:00Z,2024-09-20T20:00:00Z,AMD,MarketOnOpen,Sell,-157,156.25,-24531.25,4.8968,Filled,closed
4184,2024-09-20T04:00:00Z,2024-09-20T20:00:00Z,C,MarketOnOpen,Sell,-421,59.400508,-25007.61,4.9711,Filled,closed
4185,2024-09-20T04:00:00Z,2024-09-20T20:00:00Z,KKR,MarketOnOpen,Sell,-190,129.520123,-24608.82,4.9842,Filled,closed
4186,2024-09-20T04:00:00Z,2024-09-20T20:00:00Z,DHR,MarketOnOpen,Buy,89,271.831155,24192.97,4.792,Filled,closed
4187,2024-09-20T04:00:00Z,2024-09-20T20:00:00Z,GS,MarketOnOpen,Buy,51,480.732709,24517.37,4.8862,Filled,closed
4188,2024-09-20T04:00:00Z,2024-09-20T20:00:00Z,JNJ,MarketOnOpen,Buy,151,155.647568,23502.78,4.6966,Filled,closed
4189,2024-09-20T04:00:00Z,2024-09-20T20:00:00Z,MA,MarketOnOpen,Buy,48,483.833154,23223.99,4.6741,Filled,closed
4190,2024-09-20T04:00:00Z,2024-09-20T20:00:00Z,PFE,MarketOnOpen,Buy,922,25.794142,23782.2,4.7371,Filled,closed
4191,2024-09-20T04:00:00Z,2024-09-20T20:00:00Z,REGN,MarketOnOpen,Sell,-21,1135.276598,-23840.81,4.7642,Filled,closed
4192,2024-09-20T04:00:00Z,2024-09-20T20:00:00Z,TXN,MarketOnOpen,Buy,126,193.405039,24369.03,4.8481,Filled,closed
4193,2024-09-20T04:00:00Z,2024-09-20T20:00:00Z,WMT,MarketOnOpen,Buy,302,76.829128,23202.4,4.6897,Filled,closed
4194,2024-09-20T04:00:00Z,2024-09-20T20:00:00Z,ORCL,MarketOnOpen,Sell,-147,162.628721,-23906.42,4.8062,Filled,
4195,2024-09-20T04:00:00Z,2024-09-20T20:00:00Z,PM,MarketOnOpen,Sell,-216,110.969062,-23969.32,4.8456,Filled,
4196,2024-09-20T04:00:00Z,2024-09-20T20:00:00Z,VZ,MarketOnOpen,Sell,-623,38.403264,-23925.23,4.8452,Filled,
4197,2024-09-20T04:00:00Z,2024-09-20T20:00:00Z,CAT,MarketOnOpen,Sell,-66,361.297042,-23845.6,4.7498,Filled,
4198,2024-09-20T04:00:00Z,2024-09-20T20:00:00Z,UNP,MarketOnOpen,Sell,-101,232.915427,-23524.46,4.7418,Filled,
4199,2024-09-20T04:00:00Z,2024-09-20T20:00:00Z,ELV,MarketOnOpen,Buy,46,517.052601,23784.42,4.7825,Filled,
4200,2024-09-20T04:00:00Z,2024-09-20T20:00:00Z,MRSH,MarketOnOpen,Buy,110,215.288602,23681.75,4.7472,Filled,
4201,2024-09-20T04:00:00Z,2024-09-20T20:00:00Z,SBUX,MarketOnOpen,Buy,260,91.949893,23906.97,4.7493,Filled,
4202,2024-09-20T04:00:00Z,2024-09-20T20:00:00Z,SPY,MarketOnOpen,Sell,-41,555.090845,-22758.72,4.5546,Filled,
4203,2024-09-23T20:00:00Z,2024-09-24T20:00:00Z,COP,MarketOnOpen,Sell,-235,104.565395,-24572.87,4.8073,Filled,closed
4204,2024-09-23T20:00:00Z,2024-09-24T20:00:00Z,ELV,MarketOnOpen,Sell,-46,512.777291,-23587.76,4.6717,Filled,closed
4205,2024-09-23T20:00:00Z,2024-09-24T20:00:00Z,NOW,MarketOnOpen,Buy,135,185.11,24989.85,4.9874,Filled,closed
4206,2024-09-23T20:00:00Z,2024-09-24T20:00:00Z,ORCL,MarketOnOpen,Buy,147,161.276158,23707.6,4.7432,Filled,closed
4207,2024-09-23T20:00:00Z,2024-09-24T20:00:00Z,SBUX,MarketOnOpen,Sell,-260,90.485541,-23526.24,4.6701,Filled,closed
4208,2024-09-23T20:00:00Z,2024-09-24T20:00:00Z,VRTX,MarketOnOpen,Sell,-49,459.59,-22519.91,4.5373,Filled,closed
4209,2024-09-23T20:00:00Z,2024-09-24T20:00:00Z,TMO,MarketOnOpen,Buy,39,606.928596,23670.22,4.7392,Filled,
4210,2024-09-23T20:00:00Z,2024-09-24T20:00:00Z,TXN,MarketOnOpen,Sell,-124,194.994825,-24179.36,4.8096,Filled,
4211,2024-09-23T20:00:00Z,2024-09-24T20:00:00Z,BKNG,MarketOnOpen,Sell,-148,162.456796,-24043.61,4.8665,Filled,
4212,2024-09-23T20:00:00Z,2024-09-24T20:00:00Z,REGN,MarketOnOpen,Buy,22,1066.267821,23457.89,4.5593,Filled,
4213,2024-09-23T20:00:00Z,2024-09-24T20:00:00Z,DE,MarketOnOpen,Buy,60,400.995315,24059.72,4.802,Filled,
4214,2024-09-23T20:00:00Z,2024-09-24T20:00:00Z,PANW,MarketOnOpen,Buy,139,172.26,23944.14,4.7755,Filled,
4215,2024-09-23T20:00:00Z,2024-09-24T20:00:00Z,UPS,MarketOnOpen,Buy,211,114.096544,24074.37,4.8231,Filled,
4216,2024-09-23T20:00:00Z,2024-09-24T20:00:00Z,SPY,MarketOnOpen,Sell,-59,557.681074,-32903.18,6.5893,Filled,
4217,2024-09-24T20:00:00Z,2024-09-25T20:00:00Z,CRM,MarketOnOpen,Sell,-96,266.561903,-25589.94,5.1869,Filled,closed
4218,2024-09-24T20:00:00Z,2024-09-25T20:00:00Z,MRK,MarketOnOpen,Buy,215,107.82324,23182.0,4.6215,Filled,closed
4219,2024-09-24T20:00:00Z,2024-09-25T20:00:00Z,PM,MarketOnOpen,Buy,216,113.19773,24450.71,4.8817,Filled,closed
4220,2024-09-24T20:00:00Z,2024-09-25T20:00:00Z,REGN,MarketOnOpen,Sell,-22,1038.717806,-22851.79,4.4946,Filled,closed
4221,2024-09-24T20:00:00Z,2024-09-25T20:00:00Z,TMO,MarketOnOpen,Sell,-39,609.569963,-23773.23,4.6455,Filled,closed
4222,2024-09-24T20:00:00Z,2024-09-25T20:00:00Z,UPS,MarketOnOpen,Sell,-211,114.308324,-24119.06,4.8972,Filled,closed
4223,2024-09-24T20:00:00Z,2024-09-25T20:00:00Z,VZ,MarketOnOpen,Buy,623,39.27168,24466.26,4.8692,Filled,closed
4224,2024-09-24T20:00:00Z,2024-09-25T20:00:00Z,AMD,MarketOnOpen,Buy,151,158.5,23933.5,4.893,Filled,
4225,2024-09-24T20:00:00Z,2024-09-25T20:00:00Z,TMUS,MarketOnOpen,Buy,123,194.181892,23884.37,4.8005,Filled,
4226,2024-09-24T20:00:00Z,2024-09-25T20:00:00Z,QCOM,MarketOnOpen,Sell,-149,158.995688,-23690.36,4.804,Filled,
4227,2024-09-24T20:00:00Z,2024-09-25T20:00:00Z,LMT,MarketOnOpen,Sell,-43,551.40088,-23710.24,4.7125,Filled,
4228,2024-09-24T20:00:00Z,2024-09-25T20:00:00Z,ELV,MarketOnOpen,Buy,47,509.85968,23963.4,4.7111,Filled,
4229,2024-09-24T20:00:00Z,2024-09-25T20:00:00Z,BSX,MarketOnOpen,Buy,287,83.96,24096.52,4.7929,Filled,
4230,2024-09-24T20:00:00Z,2024-09-25T20:00:00Z,ANET,MarketOnOpen,Buy,248,96.015,23811.72,4.8132,Filled,
4231,2024-09-24T20:00:00Z,2024-09-25T20:00:00Z,AMT,MarketOnOpen,Buy,108,220.579219,23822.56,4.7454,Filled,
4232,2024-09-24T20:00:00Z,2024-09-25T20:00:00Z,SPY,MarketOnOpen,Sell,-149,558.306638,-83187.69,16.604,Filled,
4233,2024-09-25T20:00:00Z,,AMD,MarketOnOpen,Sell,-151,0.0,0.0,0.0,Canceled,closed
4234,2024-09-25T20:00:00Z,,AMGN,MarketOnOpen,Buy,77,0.0,0.0,0.0,Canceled,closed
4235,2024-09-25T20:00:00Z,,BKNG,MarketOnOpen,Buy,148,0.0,0.0,0.0,Canceled,closed
4236,2024-09-25T20:00:00Z,,CAT,MarketOnOpen,Buy,66,0.0,0.0,0.0,Canceled,closed
4237,2024-09-25T20:00:00Z,,INTU,MarketOnOpen,Buy,37,0.0,0.0,0.0,Canceled,closed
4238,2024-09-25T20:00:00Z,2024-09-26T20:00:00Z,MRSH,MarketOnOpen,Sell,-110,215.04729,-23655.2,4.7525,Filled,closed
4239,2024-09-25T20:00:00Z,2024-09-26T20:00:00Z,NFLX,MarketOnOpen,Buy,339,72.473,24568.35,4.8235,Filled,closed
4240,2024-09-25T20:00:00Z,,V,MarketOnOpen,Buy,87,0.0,0.0,0.0,Canceled,closed
4241,2024-09-25T20:00:00Z,2024-09-26T20:00:00Z,KO,MarketOnOpen,Sell,-355,67.009623,-23788.42,4.7939,Filled,
4242,2024-09-25T20:00:00Z,2024-09-26T20:00:00Z,WFC,MarketOnOpen,Sell,-468,51.731175,-24210.19,5.0531,Filled,
4243,2024-09-25T20:00:00Z,2024-09-26T20:00:00Z,SYK,MarketOnOpen,Sell,-68,355.144915,-24149.85,4.8213,Filled,
4244,2024-09-25T20:00:00Z,2024-09-26T20:00:00Z,UPS,MarketOnOpen,Buy,207,116.982048,24215.28,4.8708,Filled,
4245,2024-09-25T20:00:00Z,2024-09-26T20:00:00Z,SBUX,MarketOnOpen,Buy,264,93.661473,24726.63,4.8936,Filled,
4246,2024-09-25T20:00:00Z,2024-09-26T20:00:00Z,SPY,MarketOnOpen,Sell,-107,561.532206,-60083.95,11.971,Filled,
4247,2024-09-26T04:00:00Z,2024-09-26T20:00:00Z,AMD,MarketOnOpen,Sell,-151,167.0,-25217.0,5.0582,Filled,closed
4248,2024-09-26T04:00:00Z,2024-09-26T20:00:00Z,AMGN,MarketOnOpen,Buy,77,295.978428,22790.34,4.6268,Filled,closed
4249,2024-09-26T04:00:00Z,2024-09-26T20:00:00Z,AMT,MarketOnOpen,Sell,-108,217.353232,-23474.15,4.6676,Filled,closed
4250,2024-09-26T04:00:00Z,2024-09-26T20:00:00Z,BKNG,MarketOnOpen,Buy,148,165.695306,24522.91,4.9729,Filled,closed
4251,2024-09-26T04:00:00Z,2024-09-26T20:00:00Z,CAT,MarketOnOpen,Buy,66,380.643878,25122.5,5.0349,Filled,closed
4252,2024-09-26T04:00:00Z,2024-09-26T20:00:00Z,INTU,MarketOnOpen,Buy,37,633.743589,23448.51,4.6303,Filled,closed
4253,2024-09-26T04:00:00Z,2024-09-26T20:00:00Z,NVDA,MarketOnOpen,Sell,-204,126.440724,-25793.91,5.0473,Filled,closed
4254,2024-09-26T04:00:00Z,2024-09-26T20:00:00Z,QCOM,MarketOnOpen,Buy,149,167.656335,24980.79,4.9294,Filled,closed
4255,2024-09-26T04:00:00Z,2024-09-26T20:00:00Z,TXN,MarketOnOpen,Buy,124,199.026068,24679.23,4.911,Filled,closed
4256,2024-09-26T04:00:00Z,2024-09-26T20:00:00Z,UNP,MarketOnOpen,Buy,101,236.282695,23864.55,4.7001,Filled,closed
4257,2024-09-26T04:00:00Z,2024-09-26T20:00:00Z,V,MarketOnOpen,Buy,87,266.482426,23183.97,4.6572,Filled,closed
4258,2024-09-26T04:00:00Z,2024-09-26T20:00:00Z,WMT,MarketOnOpen,Sell,-300,79.588809,-23876.64,4.7093,Filled,
4259,2024-09-26T04:00:00Z,2024-09-26T20:00:00Z,CVX,MarketOnOpen,Sell,-181,129.67678,-23471.5,4.7306,Filled,
4260,2024-09-26T04:00:00Z,2024-09-26T20:00:00Z,CSCO,MarketOnOpen,Sell,-478,50.538871,-24157.58,4.8178,Filled,
4261,2024-09-26T04:00:00Z,2024-09-26T20:00:00Z,AXP,MarketOnOpen,Buy,92,262.600803,24159.27,4.8293,Filled,
4262,2024-09-26T04:00:00Z,2024-09-26T20:00:00Z,NOW,MarketOnOpen,Sell,-135,178.73,-24128.55,4.7782,Filled,
4263,2024-09-26T04:00:00Z,2024-09-26T20:00:00Z,COP,MarketOnOpen,Buy,242,96.732852,23409.35,4.6505,Filled,
4264,2024-09-26T04:00:00Z,2024-09-26T20:00:00Z,CB,MarketOnOpen,Buy,84,280.851414,23591.52,4.7466,Filled,
4265,2024-09-26T04:00:00Z,2024-09-26T20:00:00Z,BX,MarketOnOpen,Buy,168,144.776296,24322.42,4.8249,Filled,
4266,2024-09-26T04:00:00Z,2024-09-26T20:00:00Z,C,MarketOnOpen,Buy,419,58.003855,24303.62,4.9133,Filled,
4267,2024-09-26T04:00:00Z,2024-09-26T20:00:00Z,SCHW,MarketOnOpen,Buy,385,62.478841,24054.35,4.7921,Filled,
4268,2024-09-26T04:00:00Z,2024-09-26T20:00:00Z,SPY,MarketOnOpen,Sell,-77,561.532206,-43237.98,8.6146,Filled,
4269,2024-09-27T04:00:00Z,2024-09-27T20:00:00Z,BX,MarketOnOpen,Sell,-168,144.317818,-24245.39,4.8711,Filled,closed
4270,2024-09-27T04:00:00Z,2024-09-27T20:00:00Z,AXP,MarketOnOpen,Sell,-92,262.316953,-24133.16,4.8817,Filled,closed
4271,2024-09-27T04:00:00Z,2024-09-27T20:00:00Z,CB,MarketOnOpen,Sell,-84,282.099166,-23696.33,4.7422,Filled,closed
4272,2024-09-27T04:00:00Z,2024-09-27T20:00:00Z,KO,MarketOnOpen,Buy,355,67.652674,24016.7,4.8201,Filled,closed
4273,2024-09-27T04:00:00Z,2024-09-27T20:00:00Z,PEP,MarketOnOpen,Sell,-146,157.449371,-22987.61,4.5932,Filled,closed
4274,2024-09-27T04:00:00Z,2024-09-27T20:00:00Z,PGR,MarketOnOpen,Buy,105,231.028977,24258.04,4.8524,Filled,closed
4275,2024-09-27T04:00:00Z,2024-09-27T20:00:00Z,UPS,MarketOnOpen,Sell,-207,118.217432,-24471.01,4.9048,Filled,closed
4276,2024-09-27T04:00:00Z,2024-09-27T20:00:00Z,PANW,MarketOnOpen,Sell,-139,169.475,-23557.03,4.6672,Filled,closed
4277,2024-09-27T04:00:00Z,2024-09-27T20:00:00Z,WFC,MarketOnOpen,Buy,468,54.033635,25287.74,5.0092,Filled,closed
4278,2024-09-27T04:00:00Z,2024-09-27T20:00:00Z,XOM,MarketOnOpen,Buy,226,106.688525,24111.61,4.9101,Filled,
4279,2024-09-27T04:00:00Z,2024-09-27T20:00:00Z,NFLX,MarketOnOpen,Sell,-336,70.843,-23803.25,4.7534,Filled,
4280,2024-09-27T04:00:00Z,2024-09-27T20:00:00Z,MRK,MarketOnOpen,Buy,226,106.202613,24001.79,4.8139,Filled,
4281,2024-09-27T04:00:00Z,2024-09-27T20:00:00Z,TMO,MarketOnOpen,Buy,38,615.051297,23371.95,4.6369,Filled,
4282,2024-09-27T04:00:00Z,2024-09-27T20:00:00Z,ACN,MarketOnOpen,Sell,-70,338.632407,-23704.27,4.6526,Filled,
4283,2024-09-27T04:00:00Z,2024-09-27T20:00:00Z,MCD,MarketOnOpen,Sell,-82,289.160105,-23711.13,4.7449,Filled,
4284,2024-09-27T04:00:00Z,2024-09-27T20:00:00Z,QCOM,MarketOnOpen,Buy,144,165.740263,23866.6,4.6941,Filled,
4285,2024-09-27T04:00:00Z,2024-09-27T20:00:00Z,CAT,MarketOnOpen,Sell,-62,381.473168,-23651.34,4.7312,Filled,
4286,2024-09-27T04:00:00Z,2024-09-27T20:00:00Z,VZ,MarketOnOpen,Sell,-612,39.219049,-24002.06,4.8197,Filled,
4287,2024-09-27T04:00:00Z,2024-09-27T20:00:00Z,ISRG,MarketOnOpen,Buy,49,490.03,24011.47,4.696,Filled,
4288,2024-09-27T04:00:00Z,2024-09-27T20:00:00Z,MS,MarketOnOpen,Sell,-241,99.629178,-24010.63,4.7646,Filled,
4289,2024-09-27T04:00:00Z,2024-09-27T20:00:00Z,UNP,MarketOnOpen,Sell,-102,234.063359,-23874.46,4.7659,Filled,
4290,2024-09-27T04:00:00Z,2024-09-27T20:00:00Z,BKNG,MarketOnOpen,Sell,-142,168.006223,-23856.88,4.748,Filled,
4291,2024-09-27T04:00:00Z,2024-09-27T20:00:00Z,MU,MarketOnOpen,Buy,219,109.710022,24026.49,4.6791,Filled,
4292,2024-09-27T04:00:00Z,2024-09-27T20:00:00Z,PLD,MarketOnOpen,Buy,204,117.845099,24040.4,4.7928,Filled,
4293,2024-09-27T04:00:00Z,2024-09-27T20:00:00Z,ADI,MarketOnOpen,Buy,106,227.890407,24156.38,4.7765,Filled,
4294,2024-09-27T04:00:00Z,2024-09-27T20:00:00Z,ADP,MarketOnOpen,Buy,91,261.59215,23804.89,4.7277,Filled,
4295,2024-09-27T04:00:00Z,2024-09-27T20:00:00Z,GILD,MarketOnOpen,Sell,-304,78.882153,-23980.17,4.8174,Filled,
4296,2024-09-27T04:00:00Z,2024-09-27T20:00:00Z,SPY,MarketOnOpen,Buy,132,560.48634,73984.2,14.7465,Filled,
4297,2024-09-30T04:00:00Z,2024-09-30T20:00:00Z,C,MarketOnOpen,Sell,-419,58.602421,-24554.41,4.9841,Filled,closed
4298,2024-09-30T04:00:00Z,2024-09-30T20:00:00Z,GILD,MarketOnOpen,Buy,304,78.796865,23954.25,4.8306,Filled,closed
4299,2024-09-30T04:00:00Z,2024-09-30T20:00:00Z,ANET,MarketOnOpen,Sell,-248,94.4875,-23432.9,4.7589,Filled,closed
4300,2024-09-30T04:00:00Z,2024-09-30T20:00:00Z,ISRG,MarketOnOpen,Sell,-49,480.0,-23520.0,4.8144,Filled,closed
4301,2024-09-30T04:00:00Z,2024-09-30T20:00:00Z,PLD,MarketOnOpen,Sell,-204,116.573019,-23780.9,4.8191,Filled,closed
4302,2024-09-30T04:00:00Z,2024-09-30T20:00:00Z,QCOM,MarketOnOpen,Sell,-144,164.178664,-23641.73,4.6919,Filled,closed
4303,2024-09-30T04:00:00Z,2024-09-30T20:00:00Z,SCHW,MarketOnOpen,Sell,-385,62.722557,-24148.18,4.8649,Filled,closed
4304,2024-09-30T04:00:00Z,2024-09-30T20:00:00Z,TMO,MarketOnOpen,Sell,-38,608.19963,-23111.59,4.6682,Filled,closed
4305,2024-09-30T04:00:00Z,2024-09-30T20:00:00Z,PEP,MarketOnOpen,Buy,152,157.976793,24012.47,4.7834,Filled,
4306,2024-09-30T04:00:00Z,2024-09-30T20:00:00Z,AXP,MarketOnOpen,Buy,90,264.372421,23793.52,4.7781,Filled,
4307,2024-09-30T04:00:00Z,2024-09-30T20:00:00Z,DIS,MarketOnOpen,Buy,255,94.896931,24198.72,4.7929,Filled,
4308,2024-09-30T04:00:00Z,2024-09-30T20:00:00Z,NEE,MarketOnOpen,Buy,300,79.661817,23898.55,4.7814,Filled,
4309,2024-09-30T04:00:00Z,2024-09-30T20:00:00Z,VRTX,MarketOnOpen,Buy,51,463.16,23621.16,4.7438,Filled,
4310,2024-09-30T04:00:00Z,2024-09-30T20:00:00Z,BX,MarketOnOpen,Buy,165,144.018403,23763.04,4.7282,Filled,
4311,2024-09-30T04:00:00Z,2024-09-30T20:00:00Z,KKR,MarketOnOpen,Buy,184,129.283844,23788.23,4.7308,Filled,
4312,2024-09-30T04:00:00Z,2024-09-30T20:00:00Z,HCA,MarketOnOpen,Sell,-60,397.179469,-23830.77,4.8049,Filled,
4313,2024-10-01T20:00:00Z,2024-10-02T20:00:00Z,MU,MarketOnOpen,Sell,-219,100.060708,-21913.29,4.3461,Filled,closed
4314,2024-10-01T20:00:00Z,,ADI,MarketOnOpen,Sell,-106,0.0,0.0,0.0,Canceled,closed
4315,2024-10-01T20:00:00Z,,ADP,MarketOnOpen,Sell,-91,0.0,0.0,0.0,Canceled,closed
4316,2024-10-01T20:00:00Z,2024-10-02T20:00:00Z,BKNG,MarketOnOpen,Buy,142,161.393822,22917.92,4.6104,Filled,closed
4317,2024-10-01T20:00:00Z,,CAT,MarketOnOpen,Buy,62,0.0,0.0,0.0,Canceled,closed
4318,2024-10-01T20:00:00Z,,KKR,MarketOnOpen,Sell,-184,0.0,0.0,0.0,Canceled,closed
4319,2024-10-01T20:00:00Z,,CVX,MarketOnOpen,Buy,181,0.0,0.0,0.0,Canceled,closed
4320,2024-10-01T20:00:00Z,,DIS,MarketOnOpen,Sell,-255,0.0,0.0,0.0,Canceled,closed
4321,2024-10-01T20:00:00Z,2024-10-02T20:00:00Z,HCA,MarketOnOpen,Buy,60,398.37155,23902.29,4.7744,Filled,closed
4322,2024-10-01T20:00:00Z,,MS,MarketOnOpen,Buy,241,0.0,0.0,0.0,Canceled,closed
4323,2024-10-01T20:00:00Z,2024-10-02T20:00:00Z,NEE,MarketOnOpen,Sell,-300,80.029487,-24008.85,4.8323,Filled,closed
4324,2024-10-01T20:00:00Z,2024-10-02T20:00:00Z,PEP,MarketOnOpen,Sell,-152,158.689276,-24120.77,4.7693,Filled,closed
4325,2024-10-01T20:00:00Z,,SBUX,MarketOnOpen,Sell,-264,0.0,0.0,0.0,Canceled,closed
4326,2024-10-01T20:00:00Z,2024-10-02T20:00:00Z,VRTX,MarketOnOpen,Sell,-51,461.66,-23544.66,4.7138,Filled,closed
4327,2024-10-01T20:00:00Z,2024-10-02T20:00:00Z,VZ,MarketOnOpen,Buy,612,39.578695,24222.16,4.8369,Filled,closed
4328,2024-10-01T20:00:00Z,2024-10-02T20:00:00Z,JNJ,MarketOnOpen,Sell,-155,153.004496,-23715.7,4.7332,Filled,
4329,2024-10-01T20:00:00Z,2024-10-02T20:00:00Z,CRM,MarketOnOpen,Sell,-89,269.784892,-24010.86,4.9032,Filled,
4330,2024-10-01T20:00:00Z,2024-10-02T20:00:00Z,TMO,MarketOnOpen,Buy,39,605.727072,23623.36,4.7457,Filled,
4331,2024-10-01T20:00:00Z,2024-10-02T20:00:00Z,PM,MarketOnOpen,Sell,-211,112.965153,-23835.65,4.7394,Filled,
4332,2024-10-01T20:00:00Z,2024-10-02T20:00:00Z,TXN,MarketOnOpen,Sell,-125,192.013976,-24001.75,4.8127,Filled,
4333,2024-10-01T20:00:00Z,2024-10-02T20:00:00Z,ISRG,MarketOnOpen,Buy,49,482.57,23645.93,4.7689,Filled,
4334,2024-10-01T20:00:00Z,2024-10-02T20:00:00Z,INTU,MarketOnOpen,Buy,40,596.799777,23871.99,4.7735,Filled,
4335,2024-10-01T20:00:00Z,2024-10-02T20:00:00Z,AMAT,MarketOnOpen,Sell,-123,194.715819,-23950.05,4.8704,Filled,
4336,2024-10-01T20:00:00Z,2024-10-02T20:00:00Z,BLK,MarketOnOpen,Sell,-26,901.644735,-23442.76,4.7753,Filled,
4337,2024-10-01T20:00:00Z,2024-10-02T20:00:00Z,ANET,MarketOnOpen,Buy,250,95.4575,23864.38,4.8697,Filled,
4338,2024-10-01T20:00:00Z,2024-10-02T20:00:00Z,C,MarketOnOpen,Buy,407,58.621423,23858.92,4.7973,Filled,
4339,2024-10-01T20:00:00Z,2024-10-02T20:00:00Z,UPS,MarketOnOpen,Buy,203,117.793872,23912.16,4.7652,Filled,
4340,2024-10-01T20:00:00Z,2024-10-02T20:00:00Z,CB,MarketOnOpen,Buy,83,284.195,23588.18,4.7142,Filled,
4341,2024-10-01T20:00:00Z,2024-10-02T20:00:00Z,KLAC,MarketOnOpen,Sell,-322,74.934632,-24128.95,4.9317,Filled,
4342,2024-10-01T20:00:00Z,2024-10-02T20:00:00Z,SPY,MarketOnOpen,Buy,164,554.92468,91007.65,18.2378,Filled,
4343,2024-10-02T04:00:00Z,2024-10-02T20:00:00Z,ADI,MarketOnOpen,Sell,-106,218.443116,-23154.97,4.6876,Filled,closed
4344,2024-10-02T04:00:00Z,2024-10-02T20:00:00Z,ADP,MarketOnOpen,Sell,-91,266.618375,-24262.27,4.9126,Filled,closed
4345,2024-10-02T04:00:00Z,2024-10-02T20:00:00Z,BX,MarketOnOpen,Sell,-165,141.117825,-23284.44,4.6998,Filled,closed
4346,2024-10-02T04:00:00Z,2024-10-02T20:00:00Z,AXP,MarketOnOpen,Sell,-90,262.982533,-23668.43,4.7732,Filled,closed
4347,2024-10-02T04:00:00Z,2024-10-02T20:00:00Z,CAT,MarketOnOpen,Buy,62,382.42929,23710.62,4.7672,Filled,closed
4348,2024-10-02T04:00:00Z,2024-10-02T20:00:00Z,KKR,MarketOnOpen,Sell,-184,127.984311,-23549.11,4.7903,Filled,closed
4349,2024-10-02T04:00:00Z,2024-10-02T20:00:00Z,COP,MarketOnOpen,Sell,-242,104.509046,-25291.19,5.0164,Filled,closed
4350,2024-10-02T04:00:00Z,2024-10-02T20:00:00Z,CVX,MarketOnOpen,Buy,181,139.662536,25278.92,5.0291,Filled,closed
4351,2024-10-02T04:00:00Z,2024-10-02T20:00:00Z,DE,MarketOnOpen,Sell,-60,406.691262,-24401.48,4.8846,Filled,closed
4352,2024-10-02T04:00:00Z,2024-10-02T20:00:00Z,DIS,MarketOnOpen,Sell,-255,91.603731,-23358.95,4.6922,Filled,closed
4353,2024-10-02T04:00:00Z,2024-10-02T20:00:00Z,ELV,MarketOnOpen,Sell,-47,480.587283,-22587.6,4.5724,Filled,closed
4354,2024-10-02T04:00:00Z,2024-10-02T20:00:00Z,LOW,MarketOnOpen,Buy,99,261.254912,25864.24,5.1744,Filled,closed
4355,2024-10-02T04:00:00Z,2024-10-02T20:00:00Z,MS,MarketOnOpen,Buy,241,99.686147,24024.36,4.7834,Filled,closed
4356,2024-10-02T04:00:00Z,2024-10-02T20:00:00Z,NOW,MarketOnOpen,Buy,135,173.8,23463.0,4.7542,Filled,closed
4357,2024-10-02T04:00:00Z,2024-10-02T20:00:00Z,SBUX,MarketOnOpen,Sell,-264,92.016454,-24292.34,4.8449,Filled,closed
4358,2024-10-02T04:00:00Z,2024-10-02T20:00:00Z,XOM,MarketOnOpen,Sell,-226,114.351341,-25843.4,5.1517,Filled,closed
4359,2024-10-02T04:00:00Z,2024-10-02T20:00:00Z,COST,MarketOnOpen,Sell,-27,865.136694,-23358.69,4.6925,Filled,
4360,2024-10-02T04:00:00Z,2024-10-02T20:00:00Z,VZ,MarketOnOpen,Buy,602,39.578695,23826.37,4.7579,Filled,
4361,2024-10-02T04:00:00Z,2024-10-02T20:00:00Z,GS,MarketOnOpen,Sell,-50,472.063585,-23603.18,4.7285,Filled,
4362,2024-10-02T04:00:00Z,2024-10-02T20:00:00Z,MDT,MarketOnOpen,Buy,283,83.915258,23748.02,4.7273,Filled,
4363,2024-10-02T04:00:00Z,2024-10-02T20:00:00Z,PLD,MarketOnOpen,Buy,205,115.039041,23583.0,4.7622,Filled,
4364,2024-10-02T04:00:00Z,2024-10-02T20:00:00Z,SPY,MarketOnOpen,Sell,-44,554.92468,-24416.69,4.8931,Filled,
4365,2024-10-03T04:00:00Z,2024-10-03T20:00:00Z,AMAT,MarketOnOpen,Buy,123,194.774875,23957.31,4.8326,Filled,closed
4366,2024-10-03T04:00:00Z,2024-10-03T20:00:00Z,BSX,MarketOnOpen,Sell,-287,84.42,-24228.54,4.8113,Filled,closed
4367,2024-10-03T04:00:00Z,2024-10-03T20:00:00Z,CB,MarketOnOpen,Sell,-83,284.009786,-23572.81,4.6691,Filled,closed
4368,2024-10-03T04:00:00Z,2024-10-03T20:00:00Z,COST,MarketOnOpen,Buy,27,864.928978,23353.08,4.6772,Filled,closed
4369,2024-10-03T04:00:00Z,2024-10-03T20:00:00Z,CRM,MarketOnOpen,Buy,89,274.979128,24473.14,4.9283,Filled,closed
4370,2024-10-03T04:00:00Z,2024-10-03T20:00:00Z,GS,MarketOnOpen,Buy,50,470.871821,23543.59,4.6719,Filled,closed
4371,2024-10-03T04:00:00Z,2024-10-03T20:00:00Z,INTU,MarketOnOpen,Sell,-40,590.816058,-23632.64,4.7462,Filled,closed
4372,2024-10-03T04:00:00Z,2024-10-03T20:00:00Z,LMT,MarketOnOpen,Buy,43,573.094346,24643.06,4.9399,Filled,closed
4373,2024-10-03T04:00:00Z,2024-10-03T20:00:00Z,MDT,MarketOnOpen,Sell,-283,83.427924,-23610.1,4.6557,Filled,closed
4374,2024-10-03T04:00:00Z,2024-10-03T20:00:00Z,PG,MarketOnOpen,Buy,148,161.727631,23935.69,4.7712,Filled,closed
4375,2024-10-03T04:00:00Z,2024-10-03T20:00:00Z,PLD,MarketOnOpen,Sell,-205,115.731202,-23724.9,4.6802,Filled,closed
4376,2024-10-03T04:00:00Z,2024-10-03T20:00:00Z,PM,MarketOnOpen,Buy,211,111.997953,23631.57,4.691,Filled,closed
4377,2024-10-03T04:00:00Z,2024-10-03T20:00:00Z,KLAC,MarketOnOpen,Buy,322,75.348385,24262.18,4.914,Filled,closed
4378,2024-10-03T04:00:00Z,2024-10-03T20:00:00Z,TXN,MarketOnOpen,Buy,125,190.282245,23785.28,4.771,Filled,closed
4379,2024-10-03T04:00:00Z,2024-10-03T20:00:00Z,UNP,MarketOnOpen,Buy,102,231.910987,23654.92,4.6959,Filled,closed
4380,2024-10-03T04:00:00Z,2024-10-03T20:00:00Z,UPS,MarketOnOpen,Sell,-203,116.999697,-23750.94,4.6832,Filled,closed
4381,2024-10-03T04:00:00Z,2024-10-03T20:00:00Z,VZ,MarketOnOpen,Sell,-602,39.41203,-23726.04,4.7019,Filled,closed
4382,2024-10-03T04:00:00Z,2024-10-03T20:00:00Z,MSFT,MarketOnOpen,Buy,58,411.361734,23858.98,4.7567,Filled,
4383,2024-10-03T04:00:00Z,2024-10-03T20:00:00Z,HD,MarketOnOpen,Sell,-61,389.437648,-23755.7,4.7699,Filled,
4384,2024-10-03T04:00:00Z,2024-10-03T20:00:00Z,AMD,MarketOnOpen,Sell,-149,159.7,-23795.3,4.8529,Filled,
4385,2024-10-03T04:00:00Z,2024-10-03T20:00:00Z,AXP,MarketOnOpen,Buy,89,263.922176,23489.07,4.6795,Filled,
4386,2024-10-03T04:00:00Z,2024-10-03T20:00:00Z,WFC,MarketOnOpen,Sell,-450,52.73162,-23729.23,4.7372,Filled,
4387,2024-10-03T04:00:00Z,2024-10-03T20:00:00Z,NEE,MarketOnOpen,Buy,296,80.745972,23900.81,4.7467,Filled,
4388,2024-10-03T04:00:00Z,2024-10-03T20:00:00Z,AMGN,MarketOnOpen,Buy,79,298.567627,23586.84,4.7229,Filled,
4389,2024-10-03T04:00:00Z,2024-10-03T20:00:00Z,UBER,MarketOnOpen,Sell,-327,72.75,-23789.25,4.7703,Filled,
4390,2024-10-03T04:00:00Z,2024-10-03T20:00:00Z,PGR,MarketOnOpen,Sell,-101,234.489119,-23683.4,4.6911,Filled,
4391,2024-10-03T04:00:00Z,2024-10-03T20:00:00Z,BKNG,MarketOnOpen,Sell,-146,160.567764,-23442.89,4.7163,Filled,
4392,2024-10-03T04:00:00Z,2024-10-03T20:00:00Z,COP,MarketOnOpen,Buy,230,103.964337,23911.8,4.8567,Filled,
4393,2024-10-03T04:00:00Z,2024-10-03T20:00:00Z,NKE,MarketOnOpen,Buy,303,78.03823,23645.58,4.7119,Filled,
4394,2024-10-03T04:00:00Z,2024-10-03T20:00:00Z,VRTX,MarketOnOpen,Buy,51,460.0,23460.0,4.6262,Filled,
4395,2024-10-03T04:00:00Z,2024-10-03T20:00:00Z,KKR,MarketOnOpen,Buy,183,129.648107,23725.6,4.7167,Filled,
4396,2024-10-03T04:00:00Z,2024-10-03T20:00:00Z,BX,MarketOnOpen,Buy,167,141.969285,23708.87,4.7252,Filled,
4397,2024-10-03T04:00:00Z,2024-10-03T20:00:00Z,ADP,MarketOnOpen,Buy,88,269.198123,23689.43,4.7685,Filled,
4398,2024-10-03T04:00:00Z,2024-10-03T20:00:00Z,MRSH,MarketOnOpen,Buy,110,215.423736,23696.61,4.7113,Filled,
4399,2024-10-03T04:00:00Z,2024-10-03T20:00:00Z,FISV,MarketOnOpen,Sell,-130,182.55,-23731.5,4.7671,Filled,
4400,2024-10-03T04:00:00Z,2024-10-03T20:00:00Z,SPY,MarketOnOpen,Sell,-123,554.670544,-68224.48,13.6533,Filled,
4401,2024-10-04T04:00:00Z,2024-10-04T20:00:00Z,ACN,MarketOnOpen,Buy,70,346.111534,24227.81,4.8195,Filled,closed
4402,2024-10-04T04:00:00Z,2024-10-04T20:00:00Z,ADP,MarketOnOpen,Sell,-88,271.968258,-23933.21,4.7776,Filled,closed
4403,2024-10-04T04:00:00Z,2024-10-04T20:00:00Z,BLK,MarketOnOpen,Buy,26,921.665936,23963.31,4.735,Filled,closed
4404,2024-10-04T04:00:00Z,2024-10-04T20:00:00Z,COP,MarketOnOpen,Sell,-230,106.659708,-24531.73,4.9483,Filled,closed
4405,2024-10-04T04:00:00Z,2024-10-04T20:00:00Z,MRSH,MarketOnOpen,Sell,-110,213.844438,-23522.89,4.7351,Filled,closed
4406,2024-10-04T04:00:00Z,2024-10-04T20:00:00Z,UBER,MarketOnOpen,Buy,327,74.06,24217.62,4.8579,Filled,closed
4407,2024-10-04T04:00:00Z,2024-10-04T20:00:00Z,SYK,MarketOnOpen,Buy,68,346.486269,23561.07,4.6966,Filled,closed
4408,2024-10-04T04:00:00Z,2024-10-04T20:00:00Z,TMO,MarketOnOpen,Sell,-39,598.408697,-23337.94,4.6365,Filled,closed
4409,2024-10-04T04:00:00Z,2024-10-04T20:00:00Z,TMUS,MarketOnOpen,Sell,-123,198.885027,-24462.86,4.9178,Filled,closed
4410,2024-10-04T04:00:00Z,2024-10-04T20:00:00Z,WFC,MarketOnOpen,Buy,450,53.688984,24160.04,4.9078,Filled,closed
4411,2024-10-04T04:00:00Z,2024-10-04T20:00:00Z,CRM,MarketOnOpen,Sell,-86,279.779115,-24061.0,4.8781,Filled,
4412,2024-10-04T04:00:00Z,2024-10-04T20:00:00Z,PEP,MarketOnOpen,Buy,152,154.53467,23489.27,4.7249,Filled,
4413,2024-10-04T04:00:00Z,2024-10-04T20:00:00Z,ADBE,MarketOnOpen,Sell,-47,507.29,-23842.63,4.7679,Filled,
4414,2024-10-04T04:00:00Z,2024-10-04T20:00:00Z,IBM,MarketOnOpen,Sell,-112,212.287541,-23776.2,4.7986,Filled,
4415,2024-10-04T04:00:00Z,2024-10-04T20:00:00Z,TXN,MarketOnOpen,Sell,-124,195.032677,-24184.05,4.7573,Filled,
4416,2024-10-04T04:00:00Z,2024-10-04T20:00:00Z,NOW,MarketOnOpen,Sell,-133,179.958,-23934.41,4.8821,Filled,
4417,2024-10-04T04:00:00Z,2024-10-04T20:00:00Z,LMT,MarketOnOpen,Sell,-41,572.354796,-23466.55,4.7047,Filled,
4418,2024-10-04T04:00:00Z,2024-10-04T20:00:00Z,TJX,MarketOnOpen,Buy,212,112.305713,23808.81,4.7444,Filled,
4419,2024-10-04T04:00:00Z,2024-10-04T20:00:00Z,ELV,MarketOnOpen,Buy,49,481.232431,23580.39,4.6434,Filled,
4420,2024-10-04T04:00:00Z,2024-10-04T20:00:00Z,PLD,MarketOnOpen,Buy,208,113.729547,23655.75,4.7634,Filled,
4421,2024-10-04T04:00:00Z,2024-10-04T20:00:00Z,MU,MarketOnOpen,Buy,235,102.922708,24186.84,4.7757,Filled,
4422,2024-10-04T04:00:00Z,2024-10-04T20:00:00Z,SCHW,MarketOnOpen,Buy,385,62.55683,24084.38,4.8604,Filled,
4423,2024-10-04T04:00:00Z,2024-10-04T20:00:00Z,BMY,MarketOnOpen,Buy,482,49.20857,23718.53,4.7935,Filled,
4424,2024-10-04T04:00:00Z,2024-10-04T20:00:00Z,KLAC,MarketOnOpen,Sell,-312,78.855436,-24602.9,4.8402,Filled,
4425,2024-10-07T04:00:00Z,2024-10-07T20:00:00Z,ADBE,MarketOnOpen,Buy,47,503.96,23686.12,4.5806,Filled,closed
4426,2024-10-07T04:00:00Z,2024-10-07T20:00:00Z,AMD,MarketOnOpen,Buy,149,170.9,25464.1,5.0949,Filled,closed
4427,2024-10-07T04:00:00Z,2024-10-07T20:00:00Z,AMGN,MarketOnOpen,Sell,-79,301.363962,-23807.75,4.7224,Filled,closed
4428,2024-10-07T04:00:00Z,2024-10-07T20:00:00Z,AXP,MarketOnOpen,Sell,-89,269.233976,-23961.82,4.7826,Filled,closed
4429,2024-10-07T04:00:00Z,2024-10-07T20:00:00Z,BMY,MarketOnOpen,Sell,-482,49.816766,-24011.68,4.7473,Filled,closed
4430,2024-10-07T04:00:00Z,2024-10-07T20:00:00Z,KKR,MarketOnOpen,Sell,-183,130.849191,-23945.4,4.7321,Filled,closed
4431,2024-10-07T04:00:00Z,2024-10-07T20:00:00Z,FISV,MarketOnOpen,Buy,130,185.15,24069.5,4.8097,Filled,closed
4432,2024-10-07T04:00:00Z,2024-10-07T20:00:00Z,ANET,MarketOnOpen,Sell,-250,98.50875,-24627.19,4.9068,Filled,closed
4433,2024-10-07T04:00:00Z,2024-10-07T20:00:00Z,ISRG,MarketOnOpen,Sell,-49,476.86,-23366.14,4.6181,Filled,closed
4434,2024-10-07T04:00:00Z,2024-10-07T20:00:00Z,NFLX,MarketOnOpen,Buy,336,71.431,24000.82,4.7169,Filled,closed
4435,2024-10-07T04:00:00Z,2024-10-07T20:00:00Z,NOW,MarketOnOpen,Buy,133,183.824,24448.59,4.8196,Filled,closed
4436,2024-10-07T04:00:00Z,2024-10-07T20:00:00Z,TJX,MarketOnOpen,Sell,-212,111.525203,-23643.34,4.6385,Filled,closed
4437,2024-10-07T04:00:00Z,2024-10-07T20:00:00Z,UNH,MarketOnOpen,Sell,-42,561.344555,-23576.47,4.6734,Filled,
4438,2024-10-07T04:00:00Z,2024-10-07T20:00:00Z,KO,MarketOnOpen,Sell,-357,66.26255,-23655.73,4.6596,Filled,
4439,2024-10-07T04:00:00Z,2024-10-07T20:00:00Z,CVX,MarketOnOpen,Sell,-171,139.432449,-23842.95,4.7566,Filled,
4440,2024-10-07T04:00:00Z,2024-10-07T20:00:00Z,LIN,MarketOnOpen,Sell,-52,452.633454,-23536.94,4.6931,Filled,
4441,2024-10-07T04:00:00Z,2024-10-07T20:00:00Z,ABT,MarketOnOpen,Buy,219,107.693263,23584.82,4.7615,Filled,
4442,2024-10-07T04:00:00Z,2024-10-07T20:00:00Z,PM,MarketOnOpen,Sell,-212,111.659903,-23671.9,4.7344,Filled,
4443,2024-10-07T04:00:00Z,2024-10-07T20:00:00Z,MS,MarketOnOpen,Buy,231,102.249749,23619.69,4.7217,Filled,
4444,2024-10-07T04:00:00Z,2024-10-07T20:00:00Z,DIS,MarketOnOpen,Buy,255,92.94251,23700.34,4.6045,Filled,
4445,2024-10-07T04:00:00Z,2024-10-07T20:00:00Z,COP,MarketOnOpen,Buy,220,107.946349,23748.2,4.7405,Filled,
4446,2024-10-07T04:00:00Z,2024-10-07T20:00:00Z,BSX,MarketOnOpen,Buy,280,84.38,23626.4,4.727,Filled,
4447,2024-10-07T04:00:00Z,2024-10-07T20:00:00Z,CB,MarketOnOpen,Buy,83,282.089418,23413.42,4.4853,Filled,
4448,2024-10-07T04:00:00Z,2024-10-07T20:00:00Z,ADP,MarketOnOpen,Buy,87,269.931114,23484.01,4.6729,Filled,
4449,2024-10-07T04:00:00Z,2024-10-07T20:00:00Z,UPS,MarketOnOpen,Buy,204,115.63195,23588.92,4.7235,Filled,
4450,2024-10-07T04:00:00Z,2024-10-07T20:00:00Z,LRCX,MarketOnOpen,Sell,-295,79.368746,-23413.78,4.6845,Filled,
4451,2024-10-07T04:00:00Z,2024-10-07T20:00:00Z,AMT,MarketOnOpen,Sell,-113,207.246381,-23418.84,4.7067,Filled,
4452,2024-10-07T04:00:00Z,2024-10-07T20:00:00Z,SPY,MarketOnOpen,Buy,38,558.414157,21219.74,4.2179,Filled,
4453,2024-10-08T20:00:00Z,,ABT,MarketOnOpen,Sell,-219,0.0,0.0,0.0,Canceled,closed
4454,2024-10-08T20:00:00Z,,BSX,MarketOnOpen,Sell,-280,0.0,0.0,0.0,Canceled,closed
4455,2024-10-08T20:00:00Z,2024-10-09T20:00:00Z,COP,MarketOnOpen,Sell,-220,103.222405,-22708.93,4.5856,Filled,closed
4456,2024-10-08T20:00:00Z,,DIS,MarketOnOpen,Sell,-255,0.0,0.0,0.0,Canceled,closed
4457,2024-10-08T20:00:00Z,,KO,MarketOnOpen,Buy,357,0.0,0.0,0.0,Canceled,closed
4458,2024-10-08T20:00:00Z,,LIN,MarketOnOpen,Buy,52,0.0,0.0,0.0,Canceled,closed
4459,2024-10-08T20:00:00Z,2024-10-09T20:00:00Z,MCD,MarketOnOpen,Buy,82,288.607545,23665.82,4.7471,Filled,closed
4460,2024-10-08T20:00:00Z,2024-10-09T20:00:00Z,MRK,MarketOnOpen,Sell,-226,101.55619,-22951.7,4.6691,Filled,closed
4461,2024-10-08T20:00:00Z,,NEE,MarketOnOpen,Sell,-296,0.0,0.0,0.0,Canceled,closed
4462,2024-10-08T20:00:00Z,,PGR,MarketOnOpen,Buy,101,0.0,0.0,0.0,Canceled,closed
4463,2024-10-08T20:00:00Z,2024-10-09T20:00:00Z,PM,MarketOnOpen,Buy,212,111.566,23651.99,4.7849,Filled,closed
4464,2024-10-08T20:00:00Z,2024-10-09T20:00:00Z,KLAC,MarketOnOpen,Buy,312,77.039848,24036.43,4.9462,Filled,closed
4465,2024-10-08T20:00:00Z,,MSFT,MarketOnOpen,Sell,-58,0.0,0.0,0.0,Canceled,closed
4466,2024-10-08T20:00:00Z,,WMT,MarketOnOpen,Buy,300,0.0,0.0,0.0,Canceled,closed
4467,2024-10-08T20:00:00Z,2024-10-09T20:00:00Z,AAPL,MarketOnOpen,Buy,105,223.272261,23443.59,4.7804,Filled,
4468,2024-10-08T20:00:00Z,2024-10-09T20:00:00Z,NVDA,MarketOnOpen,Buy,178,133.761081,23809.47,4.7097,Filled,
4469,2024-10-08T20:00:00Z,2024-10-09T20:00:00Z,AMD,MarketOnOpen,Buy,136,174.0,23664.0,4.6517,Filled,
4470,2024-10-08T20:00:00Z,2024-10-09T20:00:00Z,ACN,MarketOnOpen,Buy,69,343.051459,23670.55,4.7879,Filled,
4471,2024-10-08T20:00:00Z,2024-10-09T20:00:00Z,ADBE,MarketOnOpen,Sell,-47,495.88,-23306.36,4.6444,Filled,
4472,2024-10-08T20:00:00Z,2024-10-09T20:00:00Z,VZ,MarketOnOpen,Sell,-612,38.648877,-23653.11,4.736,Filled,
4473,2024-10-08T20:00:00Z,2024-10-09T20:00:00Z,AMGN,MarketOnOpen,Buy,79,298.14394,23553.37,4.7962,Filled,
4474,2024-10-08T20:00:00Z,2024-10-09T20:00:00Z,INTU,MarketOnOpen,Buy,39,604.267143,23566.42,4.7639,Filled,
4475,2024-10-08T20:00:00Z,2024-10-09T20:00:00Z,AMAT,MarketOnOpen,Sell,-119,198.229622,-23589.32,4.8036,Filled,
4476,2024-10-08T20:00:00Z,2024-10-09T20:00:00Z,TJX,MarketOnOpen,Buy,213,110.656885,23569.92,4.7373,Filled,
4477,2024-10-08T20:00:00Z,2024-10-09T20:00:00Z,ANET,MarketOnOpen,Buy,236,99.805,23553.98,4.8017,Filled,
4478,2024-10-08T20:00:00Z,2024-10-09T20:00:00Z,ADI,MarketOnOpen,Buy,106,223.705636,23712.8,4.801,Filled,
4479,2024-10-08T20:00:00Z,2024-10-09T20:00:00Z,MDT,MarketOnOpen,Buy,286,82.434511,23576.27,4.7362,Filled,
4480,2024-10-08T20:00:00Z,2024-10-09T20:00:00Z,SHOP,MarketOnOpen,Sell,-286,82.63,-23632.18,4.7711,Filled,
4481,2024-10-08T20:00:00Z,2024-10-09T20:00:00Z,SPY,MarketOnOpen,Sell,-141,560.261528,-78996.88,15.9083,Filled,
4482,2024-10-09T04:00:00Z,2024-10-09T20:00:00Z,ABT,MarketOnOpen,Sell,-219,110.263325,-24147.67,4.8703,Filled,closed
4483,2024-10-09T04:00:00Z,2024-10-09T20:00:00Z,BKNG,MarketOnOpen,Buy,146,166.431635,24299.02,4.9322,Filled,closed
4484,2024-10-09T04:00:00Z,2024-10-09T20:00:00Z,BSX,MarketOnOpen,Sell,-280,84.63,-23696.4,4.8552,Filled,closed
4485,2024-10-09T04:00:00Z,2024-10-09T20:00:00Z,CRM,MarketOnOpen,Buy,86,286.639055,24650.96,4.881,Filled,closed
4486,2024-10-09T04:00:00Z,2024-10-09T20:00:00Z,DIS,MarketOnOpen,Sell,-255,89.766575,-22890.48,4.6648,Filled,closed
4487,2024-10-09T04:00:00Z,2024-10-09T20:00:00Z,KO,MarketOnOpen,Buy,357,65.392541,23345.14,4.6974,Filled,closed
4488,2024-10-09T04:00:00Z,2024-10-09T20:00:00Z,LIN,MarketOnOpen,Buy,52,455.594835,23690.93,4.7575,Filled,closed
4489,2024-10-09T04:00:00Z,2024-10-09T20:00:00Z,NEE,MarketOnOpen,Sell,-296,75.39119,-22315.79,4.4972,Filled,closed
4490,2024-10-09T04:00:00Z,2024-10-09T20:00:00Z,PGR,MarketOnOpen,Buy,101,228.532992,23081.83,4.663,Filled,closed
4491,2024-10-09T04:00:00Z,2024-10-09T20:00:00Z,MSFT,MarketOnOpen,Sell,-58,409.284547,-23738.5,4.7672,Filled,closed
4492,2024-10-09T04:00:00Z,2024-10-09T20:00:00Z,UNH,MarketOnOpen,Buy,42,555.023601,23310.99,4.7348,Filled,closed
4493,2024-10-09T04:00:00Z,2024-10-09T20:00:00Z,VRTX,MarketOnOpen,Sell,-51,460.0,-23460.0,4.7733,Filled,closed
4494,2024-10-09T04:00:00Z,2024-10-09T20:00:00Z,WMT,MarketOnOpen,Buy,300,78.390655,23517.2,4.7376,Filled,closed
4495,2024-10-09T04:00:00Z,2024-10-09T20:00:00Z,XOM,MarketOnOpen,Sell,-206,113.432178,-23367.03,4.7178,Filled,
4496,2024-10-09T04:00:00Z,2024-10-09T20:00:00Z,MRK,MarketOnOpen,Sell,-232,101.55619,-23561.04,4.7931,Filled,
4497,2024-10-09T04:00:00Z,2024-10-09T20:00:00Z,TMO,MarketOnOpen,Buy,40,589.948378,23597.94,4.7604,Filled,
4498,2024-10-09T04:00:00Z,2024-10-09T20:00:00Z,ISRG,MarketOnOpen,Buy,49,482.55,23644.95,4.8057,Filled,
4499,2024-10-09T04:00:00Z,2024-10-09T20:00:00Z,AMAT,MarketOnOpen,Buy,238,198.229622,47178.65,9.6072,Filled,
4500,2024-10-09T04:00:00Z,2024-10-09T20:00:00Z,RTX,MarketOnOpen,Sell,-198,118.849145,-23532.13,4.7416,Filled,
4501,2024-10-09T04:00:00Z,2024-10-09T20:00:00Z,BLK,MarketOnOpen,Sell,-25,911.36274,-22784.07,4.5852,Filled,
4502,2024-10-09T04:00:00Z,2024-10-09T20:00:00Z,KKR,MarketOnOpen,Buy,182,129.746557,23613.87,4.836,Filled,
4503,2024-10-09T04:00:00Z,2024-10-09T20:00:00Z,PANW,MarketOnOpen,Buy,133,177.69,23632.77,4.8246,Filled,
4504,2024-10-09T04:00:00Z,2024-10-09T20:00:00Z,REGN,MarketOnOpen,Buy,23,998.041659,22954.96,4.6125,Filled,
4505,2024-10-09T04:00:00Z,2024-10-09T20:00:00Z,BMY,MarketOnOpen,Buy,489,48.148835,23544.78,4.7585,Filled,
4506,2024-10-09T04:00:00Z,2024-10-09T20:00:00Z,SPY,MarketOnOpen,Sell,-224,560.261528,-125498.58,25.2727,Filled,
4507,2024-10-10T04:00:00Z,2024-10-10T20:00:00Z,AMD,MarketOnOpen,Sell,-136,169.89,-23105.04,4.4657,Filled,closed
4508,2024-10-10T04:00:00Z,2024-10-10T20:00:00Z,AMGN,MarketOnOpen,Sell,-79,302.550286,-23901.47,4.7754,Filled,closed
4509,2024-10-10T04:00:00Z,2024-10-10T20:00:00Z,LMT,MarketOnOpen,Buy,41,574.677742,23561.79,4.6453,Filled,closed
4510,2024-10-10T04:00:00Z,2024-10-10T20:00:00Z,NVDA,MarketOnOpen,Sell,-178,131.646755,-23433.12,4.7864,Filled,closed
4511,2024-10-10T04:00:00Z,2024-10-10T20:00:00Z,SHOP,MarketOnOpen,Buy,286,82.37,23557.82,4.731,Filled,closed
4512,2024-10-10T04:00:00Z,2024-10-10T20:00:00Z,RTX,MarketOnOpen,Buy,198,119.428756,23646.89,4.703,Filled,closed
4513,2024-10-10T04:00:00Z,2024-10-10T20:00:00Z,TXN,MarketOnOpen,Buy,124,191.11499,23698.26,4.7516,Filled,closed
4514,2024-10-10T04:00:00Z,2024-10-10T20:00:00Z,MRK,MarketOnOpen,Buy,461,103.813827,47858.17,9.449,Filled,
4515,2024-10-10T04:00:00Z,2024-10-10T20:00:00Z,CRM,MarketOnOpen,Sell,-83,283.780747,-23553.8,4.7476,Filled,
4516,2024-10-10T04:00:00Z,2024-10-10T20:00:00Z,DHR,MarketOnOpen,Buy,88,265.266355,23343.44,4.6353,Filled,
4517,2024-10-10T04:00:00Z,2024-10-10T20:00:00Z,PM,MarketOnOpen,Sell,-209,113.265642,-23672.52,4.6862,Filled,
4518,2024-10-10T04:00:00Z,2024-10-10T20:00:00Z,AMAT,MarketOnOpen,Sell,-236,197.855603,-46693.92,9.4754,Filled,
4519,2024-10-10T04:00:00Z,2024-10-10T20:00:00Z,UBER,MarketOnOpen,Sell,-303,77.53,-23491.59,4.722,Filled,
4520,2024-10-10T04:00:00Z,2024-10-10T20:00:00Z,BKNG,MarketOnOpen,Sell,-140,168.792926,-23631.01,4.7253,Filled,
4521,2024-10-10T04:00:00Z,2024-10-10T20:00:00Z,HON,MarketOnOpen,Sell,-116,200.62222,-23272.18,4.7044,Filled,
4522,2024-10-10T04:00:00Z,2024-10-10T20:00:00Z,MRSH,MarketOnOpen,Buy,107,221.003911,23647.42,4.6343,Filled,
4523,2024-10-10T04:00:00Z,2024-10-10T20:00:00Z,DE,MarketOnOpen,Buy,59,395.598438,23340.31,4.6795,Filled,
4524,2024-10-10T04:00:00Z,2024-10-10T20:00:00Z,SBUX,MarketOnOpen,Buy,259,90.732769,23499.79,4.6241,Filled,
4525,2024-10-10T04:00:00Z,2024-10-10T20:00:00Z,FISV,MarketOnOpen,Sell,-126,187.78,-23660.28,4.7376,Filled,
4526,2024-10-10T04:00:00Z,2024-10-10T20:00:00Z,SPY,MarketOnOpen,Sell,-83,562.881079,-46719.13,9.348,Filled,
4527,2024-10-11T04:00:00Z,2024-10-11T20:00:00Z,ADBE,MarketOnOpen,Buy,47,503.5,23664.5,4.6569,Filled,closed
4528,2024-10-11T04:00:00Z,2024-10-11T20:00:00Z,ADP,MarketOnOpen,Sell,-87,274.148193,-23850.89,4.7763,Filled,closed
4529,2024-10-11T04:00:00Z,2024-10-11T20:00:00Z,AMAT,MarketOnOpen,Buy,117,198.957973,23278.08,4.7229,Filled,closed
4530,2024-10-11T04:00:00Z,2024-10-11T20:00:00Z,AMT,MarketOnOpen,Buy,113,205.730177,23247.51,4.654,Filled,closed
4531,2024-10-11T04:00:00Z,2024-10-11T20:00:00Z,BLK,MarketOnOpen,Buy,25,924.035479,23100.89,4.7499,Filled,closed
4532,2024-10-11T04:00:00Z,2024-10-11T20:00:00Z,DHR,MarketOnOpen,Sell,-88,264.544797,-23279.94,4.7028,Filled,closed
4533,2024-10-11T04:00:00Z,2024-10-11T20:00:00Z,HD,MarketOnOpen,Buy,61,390.007613,23790.46,4.7736,Filled,closed
4534,2024-10-11T04:00:00Z,2024-10-11T20:00:00Z,ISRG,MarketOnOpen,Sell,-49,486.0,-23814.0,4.7508,Filled,closed
4535,2024-10-11T04:00:00Z,2024-10-11T20:00:00Z,MRK,MarketOnOpen,Sell,-229,102.202567,-23404.39,4.7079,Filled,closed
4536,2024-10-11T04:00:00Z,2024-10-11T20:00:00Z,UBER,MarketOnOpen,Buy,303,81.98,24839.94,5.2322,Filled,closed
4537,2024-10-11T04:00:00Z,2024-10-11T20:00:00Z,PM,MarketOnOpen,Buy,209,112.373565,23486.07,4.7141,Filled,closed
4538,2024-10-11T04:00:00Z,2024-10-11T20:00:00Z,SBUX,MarketOnOpen,Sell,-259,89.515646,-23184.55,4.7064,Filled,closed
4539,2024-10-11T04:00:00Z,2024-10-11T20:00:00Z,TJX,MarketOnOpen,Sell,-213,109.88613,-23405.75,4.7269,Filled,closed
4540,2024-10-11T04:00:00Z,2024-10-11T20:00:00Z,PANW,MarketOnOpen,Sell,-133,185.005,-24605.67,4.9625,Filled,closed
4541,2024-10-11T04:00:00Z,2024-10-11T20:00:00Z,CRM,MarketOnOpen,Buy,165,285.052201,47033.61,9.3706,Filled,
4542,2024-10-11T04:00:00Z,2024-10-11T20:00:00Z,AMD,MarketOnOpen,Sell,-143,164.14,-23472.02,4.8017,Filled,
4543,2024-10-11T04:00:00Z,2024-10-11T20:00:00Z,MCD,MarketOnOpen,Sell,-81,290.017524,-23491.42,4.7079,Filled,
4544,2024-10-11T04:00:00Z,2024-10-11T20:00:00Z,NOW,MarketOnOpen,Buy,125,188.564,23570.5,4.693,Filled,
4545,2024-10-11T04:00:00Z,2024-10-11T20:00:00Z,TXN,MarketOnOpen,Sell,-123,190.556673,-23438.47,4.7748,Filled,
4546,2024-10-11T04:00:00Z,2024-10-11T20:00:00Z,AMGN,MarketOnOpen,Buy,78,303.359999,23662.08,4.8227,Filled,
4547,2024-10-11T04:00:00Z,2024-10-11T20:00:00Z,SPGI,MarketOnOpen,Sell,-49,481.727541,-23604.65,4.7619,Filled,
4548,2024-10-11T04:00:00Z,2024-10-11T20:00:00Z,LMT,MarketOnOpen,Sell,-41,569.434522,-23346.82,4.6973,Filled,
4549,2024-10-11T04:00:00Z,2024-10-11T20:00:00Z,COP,MarketOnOpen,Buy,224,104.011294,23298.53,4.6488,Filled,
4550,2024-10-11T04:00:00Z,2024-10-11T20:00:00Z,VRTX,MarketOnOpen,Buy,49,478.53,23447.97,4.7208,Filled,
4551,2024-10-11T04:00:00Z,2024-10-11T20:00:00Z,FISV,MarketOnOpen,Buy,251,188.5,47313.5,9.5576,Filled,
4552,2024-10-11T04:00:00Z,2024-10-11T20:00:00Z,GILD,MarketOnOpen,Sell,-294,80.417341,-23642.7,4.7336,Filled,
4553,2024-10-11T04:00:00Z,2024-10-11T20:00:00Z,MELI,MarketOnOpen,Sell,-11,2058.21,-22640.31,4.6006,Filled,
4554,2024-10-14T20:00:00Z,,ADI,MarketOnOpen,Sell,-106,0.0,0.0,0.0,Canceled,closed
4555,2024-10-14T20:00:00Z,,AMGN,MarketOnOpen,Sell,-78,0.0,0.0,0.0,Canceled,closed
4556,2024-10-14T20:00:00Z,,BX,MarketOnOpen,Sell,-167,0.0,0.0,0.0,Canceled,closed
4557,2024-10-14T20:00:00Z,2024-10-15T20:00:00Z,BKNG,MarketOnOpen,Buy,140,168.373797,23572.33,4.7469,Filled,closed
4558,2024-10-14T20:00:00Z,2024-10-15T20:00:00Z,LRCX,MarketOnOpen,Buy,295,84.234489,24849.17,4.4375,Filled,closed
4559,2024-10-14T20:00:00Z,,CB,MarketOnOpen,Sell,-83,0.0,0.0,0.0,Canceled,closed
4560,2024-10-14T20:00:00Z,,KKR,MarketOnOpen,Sell,-182,0.0,0.0,0.0,Canceled,closed
4561,2024-10-14T20:00:00Z,,COP,MarketOnOpen,Sell,-224,0.0,0.0,0.0,Canceled,closed
4562,2024-10-14T20:00:00Z,2024-10-15T20:00:00Z,CRM,MarketOnOpen,Sell,-82,288.531453,-23659.58,4.661,Filled,closed
4563,2024-10-14T20:00:00Z,,ELV,MarketOnOpen,Sell,-49,0.0,0.0,0.0,Canceled,closed
4564,2024-10-14T20:00:00Z,2024-10-15T20:00:00Z,ANET,MarketOnOpen,Sell,-236,103.5625,-24440.75,4.6301,Filled,closed
4565,2024-10-14T20:00:00Z,,INTU,MarketOnOpen,Sell,-39,0.0,0.0,0.0,Canceled,closed
4566,2024-10-14T20:00:00Z,2024-10-15T20:00:00Z,MCD,MarketOnOpen,Buy,81,297.448497,24093.33,4.836,Filled,closed
4567,2024-10-14T20:00:00Z,,MS,MarketOnOpen,Sell,-231,0.0,0.0,0.0,Canceled,closed
4568,2024-10-14T20:00:00Z,,NKE,MarketOnOpen,Sell,-303,0.0,0.0,0.0,Canceled,closed
4569,2024-10-14T20:00:00Z,,NOW,MarketOnOpen,Sell,-125,0.0,0.0,0.0,Canceled,closed
4570,2024-10-14T20:00:00Z,,PEP,MarketOnOpen,Sell,-152,0.0,0.0,0.0,Canceled,closed
4571,2024-10-14T20:00:00Z,,SCHW,MarketOnOpen,Sell,-385,0.0,0.0,0.0,Canceled,closed
4572,2024-10-14T20:00:00Z,,TXN,MarketOnOpen,Buy,123,0.0,0.0,0.0,Canceled,closed
4573,2024-10-14T20:00:00Z,2024-10-15T20:00:00Z,VRTX,MarketOnOpen,Sell,-49,487.01,-23863.49,4.7461,Filled,closed
4574,2024-10-14T20:00:00Z,2024-10-15T20:00:00Z,TSLA,MarketOnOpen,Buy,107,220.0,23540.0,4.6988,Filled,
4575,2024-10-14T20:00:00Z,2024-10-15T20:00:00Z,MRK,MarketOnOpen,Buy,229,103.008197,23588.88,4.7851,Filled,
4576,2024-10-14T20:00:00Z,2024-10-15T20:00:00Z,ADBE,MarketOnOpen,Sell,-46,513.82,-23635.72,4.6739,Filled,
4577,2024-10-14T20:00:00Z,2024-10-15T20:00:00Z,ABT,MarketOnOpen,Buy,209,112.48838,23510.07,4.6738,Filled,
4578,2024-10-14T20:00:00Z,2024-10-15T20:00:00Z,PM,MarketOnOpen,Sell,-208,112.946372,-23492.85,4.704,Filled,
4579,2024-10-14T20:00:00Z,2024-10-15T20:00:00Z,UBER,MarketOnOpen,Buy,277,84.77,23481.29,4.6093,Filled,
4580,2024-10-14T20:00:00Z,2024-10-15T20:00:00Z,AMAT,MarketOnOpen,Sell,-111,210.316314,-23345.11,4.1739,Filled,
4581,2024-10-14T20:00:00Z,2024-10-15T20:00:00Z,GS,MarketOnOpen,Sell,-46,517.071908,-23785.31,4.6189,Filled,
4582,2024-10-14T20:00:00Z,2024-10-15T20:00:00Z,BLK,MarketOnOpen,Sell,-24,957.410542,-22977.85,4.637,Filled,
4583,2024-10-14T20:00:00Z,2024-10-15T20:00:00Z,BSX,MarketOnOpen,Buy,269,87.81,23620.89,4.6682,Filled,
4584,2024-10-14T20:00:00Z,2024-10-15T20:00:00Z,SBUX,MarketOnOpen,Buy,261,90.019611,23495.12,4.7174,Filled,
4585,2024-10-14T20:00:00Z,,BMY,MarketOnOpen,Sell,-974,0.0,0.0,0.0,Canceled,closed
4586,2024-10-14T20:00:00Z,2024-10-15T20:00:00Z,SPY,MarketOnOpen,Buy,446,571.482593,254881.24,50.5499,Filled,
4587,2024-10-15T04:00:00Z,2024-10-15T20:00:00Z,MU,MarketOnOpen,Sell,-235,107.445863,-25249.78,4.8779,Filled,closed
4588,2024-10-15T04:00:00Z,2024-10-15T20:00:00Z,ADI,MarketOnOpen,Sell,-106,229.152635,-24290.18,4.6493,Filled,closed
4589,2024-10-15T04:00:00Z,2024-10-15T20:00:00Z,AMGN,MarketOnOpen,Sell,-78,306.966048,-23943.35,4.7749,Filled,closed
4590,2024-10-15T04:00:00Z,2024-10-15T20:00:00Z,BX,MarketOnOpen,Sell,-167,146.479217,-24462.03,4.8852,Filled,closed
4591,2024-10-15T04:00:00Z,2024-10-15T20:00:00Z,BMY,MarketOnOpen,Sell,-489,47.328692,-23143.73,4.7549,Filled,closed
4592,2024-10-15T04:00:00Z,2024-10-15T20:00:00Z,C,MarketOnOpen,Sell,-407,63.52396,-25854.25,4.8445,Filled,closed
4593,2024-10-15T04:00:00Z,2024-10-15T20:00:00Z,CB,MarketOnOpen,Sell,-83,282.138158,-23417.47,4.6506,Filled,closed
4594,2024-10-15T04:00:00Z,2024-10-15T20:00:00Z,KKR,MarketOnOpen,Sell,-182,134.737945,-24522.31,4.8658,Filled,closed
4595,2024-10-15T04:00:00Z,2024-10-15T20:00:00Z,COP,MarketOnOpen,Sell,-224,99.719361,-22337.14,4.4266,Filled,closed
4596,2024-10-15T04:00:00Z,2024-10-15T20:00:00Z,ELV,MarketOnOpen,Sell,-49,468.021336,-22933.05,4.566,Filled,closed
4597,2024-10-15T04:00:00Z,2024-10-15T20:00:00Z,FISV,MarketOnOpen,Sell,-125,194.48,-24310.0,4.8513,Filled,closed
4598,2024-10-15T04:00:00Z,2024-10-15T20:00:00Z,INTU,MarketOnOpen,Sell,-39,610.023621,-23790.92,4.7434,Filled,closed
4599,2024-10-15T04:00:00Z,2024-10-15T20:00:00Z,JNJ,MarketOnOpen,Buy,155,150.626678,23347.14,4.8192,Filled,closed
4600,2024-10-15T04:00:00Z,2024-10-15T20:00:00Z,LMT,MarketOnOpen,Buy,41,580.736363,23810.19,4.7037,Filled,closed
4601,2024-10-15T04:00:00Z,2024-10-15T20:00:00Z,MS,MarketOnOpen,Sell,-231,109.593994,-25316.21,4.9227,Filled,closed
4602,2024-10-15T04:00:00Z,2024-10-15T20:00:00Z,NKE,MarketOnOpen,Sell,-303,76.807044,-23272.53,4.713,Filled,closed
4603,2024-10-15T04:00:00Z,2024-10-15T20:00:00Z,NOW,MarketOnOpen,Sell,-125,189.056,-23632.0,4.6398,Filled,closed
4604,2024-10-15T04:00:00Z,2024-10-15T20:00:00Z,PEP,MarketOnOpen,Sell,-152,163.417569,-24839.47,4.9479,Filled,closed
4605,2024-10-15T04:00:00Z,2024-10-15T20:00:00Z,SCHW,MarketOnOpen,Sell,-385,70.774909,-27248.34,5.4016,Filled,closed
4606,2024-10-15T04:00:00Z,2024-10-15T20:00:00Z,SPGI,MarketOnOpen,Buy,49,493.344405,24173.88,4.8206,Filled,closed
4607,2024-10-15T04:00:00Z,2024-10-15T20:00:00Z,TXN,MarketOnOpen,Buy,123,196.849576,24212.5,4.6521,Filled,closed
4608,2024-10-15T04:00:00Z,2024-10-15T20:00:00Z,VZ,MarketOnOpen,Buy,612,38.699419,23684.04,4.7695,Filled,closed
4609,2024-10-15T04:00:00Z,2024-10-15T20:00:00Z,NVDA,MarketOnOpen,Sell,-171,137.511019,-23514.38,4.4887,Filled,
4610,2024-10-15T04:00:00Z,2024-10-15T20:00:00Z,WFC,MarketOnOpen,Sell,-395,60.227782,-23789.97,4.7671,Filled,
4611,2024-10-15T04:00:00Z,2024-10-15T20:00:00Z,DIS,MarketOnOpen,Sell,-253,93.157496,-23568.85,4.6614,Filled,
4612,2024-10-15T04:00:00Z,2024-10-15T20:00:00Z,NEE,MarketOnOpen,Sell,-301,78.247702,-23552.56,4.6986,Filled,
4613,2024-10-15T04:00:00Z,2024-10-15T20:00:00Z,PFE,MarketOnOpen,Sell,-928,25.401205,-23572.32,4.7712,Filled,
4614,2024-10-15T04:00:00Z,2024-10-15T20:00:00Z,SYK,MarketOnOpen,Sell,-66,353.005194,-23298.34,4.6591,Filled,
4615,2024-10-15T04:00:00Z,2024-10-15T20:00:00Z,ETN,MarketOnOpen,Sell,-69,338.283821,-23341.58,4.5549,Filled,
4616,2024-10-15T04:00:00Z,2024-10-15T20:00:00Z,TJX,MarketOnOpen,Buy,209,112.725238,23559.57,4.7617,Filled,
4617,2024-10-15T04:00:00Z,2024-10-15T20:00:00Z,KLAC,MarketOnOpen,Buy,288,81.324163,23421.36,4.0158,Filled,
4618,2024-10-15T04:00:00Z,2024-10-15T20:00:00Z,LRCX,MarketOnOpen,Buy,279,84.234489,23501.42,4.1968,Filled,
4619,2024-10-15T04:00:00Z,2024-10-15T20:00:00Z,SBUX,MarketOnOpen,Sell,-522,90.019611,-46990.24,9.4348,Filled,
4620,2024-10-15T04:00:00Z,2024-10-15T20:00:00Z,SPY,MarketOnOpen,Buy,151,571.482593,86293.87,17.1144,Filled,
4621,2024-10-16T20:00:00Z,2024-10-17T20:00:00Z,AMAT,MarketOnOpen,Buy,111,187.146873,20773.3,4.0039,Filled,closed
4622,2024-10-16T20:00:00Z,2024-10-17T20:00:00Z,BLK,MarketOnOpen,Buy,24,981.969369,23567.26,4.6163,Filled,closed
4623,2024-10-16T20:00:00Z,2024-10-17T20:00:00Z,BSX,MarketOnOpen,Sell,-269,87.31,-23486.39,4.6494,Filled,closed
4624,2024-10-16T20:00:00Z,2024-10-17T20:00:00Z,LRCX,MarketOnOpen,Sell,-279,75.310676,-21011.68,4.0199,Filled,closed
4625,2024-10-16T20:00:00Z,2024-10-17T20:00:00Z,CVX,MarketOnOpen,Buy,171,137.269636,23473.11,4.7585,Filled,closed
4626,2024-10-16T20:00:00Z,2024-10-17T20:00:00Z,DIS,MarketOnOpen,Buy,253,94.760122,23974.31,4.7731,Filled,closed
4627,2024-10-16T20:00:00Z,2024-10-17T20:00:00Z,ETN,MarketOnOpen,Buy,69,336.858276,23243.22,4.6957,Filled,closed
4628,2024-10-16T20:00:00Z,2024-10-17T20:00:00Z,GILD,MarketOnOpen,Buy,294,82.445306,24238.92,4.8678,Filled,closed
4629,2024-10-16T20:00:00Z,2024-10-17T20:00:00Z,MELI,MarketOnOpen,Buy,11,2066.85,22735.35,4.5449,Filled,closed
4630,2024-10-16T20:00:00Z,2024-10-17T20:00:00Z,MDT,MarketOnOpen,Sell,-286,84.486939,-24163.26,4.8134,Filled,closed
4631,2024-10-16T20:00:00Z,2024-10-17T20:00:00Z,NVDA,MarketOnOpen,Buy,171,138.947166,23759.97,4.6705,Filled,closed
4632,2024-10-16T20:00:00Z,2024-10-17T20:00:00Z,UBER,MarketOnOpen,Sell,-277,80.0,-22160.0,4.4265,Filled,closed
4633,2024-10-16T20:00:00Z,2024-10-17T20:00:00Z,PFE,MarketOnOpen,Buy,928,25.724286,23872.14,4.7436,Filled,closed
4634,2024-10-16T20:00:00Z,2024-10-17T20:00:00Z,PM,MarketOnOpen,Buy,208,113.52857,23613.94,4.6931,Filled,closed
4635,2024-10-16T20:00:00Z,2024-10-17T20:00:00Z,KLAC,MarketOnOpen,Sell,-288,69.055397,-19887.95,3.8032,Filled,closed
4636,2024-10-16T20:00:00Z,2024-10-17T20:00:00Z,SBUX,MarketOnOpen,Buy,261,90.64719,23658.92,4.7288,Filled,closed
4637,2024-10-16T20:00:00Z,2024-10-17T20:00:00Z,TJX,MarketOnOpen,Sell,-209,115.193602,-24075.46,4.791,Filled,closed
4638,2024-10-16T20:00:00Z,2024-10-17T20:00:00Z,XOM,MarketOnOpen,Buy,414,113.263352,46891.03,9.3464,Filled,
4639,2024-10-16T20:00:00Z,2024-10-17T20:00:00Z,UNH,MarketOnOpen,Sell,-43,533.896552,-22957.55,4.641,Filled,
4640,2024-10-16T20:00:00Z,2024-10-17T20:00:00Z,VZ,MarketOnOpen,Sell,-601,39.091402,-23493.93,4.6956,Filled,
4641,2024-10-16T20:00:00Z,2024-10-17T20:00:00Z,SPGI,MarketOnOpen,Sell,-47,494.964064,-23263.31,4.5408,Filled,
4642,2024-10-16T20:00:00Z,2024-10-17T20:00:00Z,LOW,MarketOnOpen,Sell,-86,273.001674,-23478.14,4.6507,Filled,
4643,2024-10-16T20:00:00Z,2024-10-17T20:00:00Z,PGR,MarketOnOpen,Sell,-100,236.597238,-23659.72,4.6276,Filled,
4644,2024-10-16T20:00:00Z,2024-10-17T20:00:00Z,LMT,MarketOnOpen,Sell,-40,581.049249,-23241.97,4.624,Filled,
4645,2024-10-16T20:00:00Z,2024-10-17T20:00:00Z,SCHW,MarketOnOpen,Buy,335,70.69692,23683.47,4.6969,Filled,
4646,2024-10-16T20:00:00Z,2024-10-17T20:00:00Z,ANET,MarketOnOpen,Buy,231,102.91,23772.21,4.7044,Filled,
4647,2024-10-16T20:00:00Z,2024-10-17T20:00:00Z,ELV,MarketOnOpen,Buy,49,389.886183,19104.42,4.1931,Filled,
4648,2024-10-16T20:00:00Z,2024-10-17T20:00:00Z,ADI,MarketOnOpen,Buy,106,226.734983,24033.91,4.6796,Filled,
4649,2024-10-16T20:00:00Z,2024-10-17T20:00:00Z,FISV,MarketOnOpen,Buy,119,198.28,23595.32,4.6584,Filled,
4650,2024-10-16T20:00:00Z,2024-10-17T20:00:00Z,BMY,MarketOnOpen,Buy,478,49.015053,23429.2,4.685,Filled,
4651,2024-10-16T20:00:00Z,2024-10-17T20:00:00Z,SHOP,MarketOnOpen,Sell,-287,82.89,-23789.43,4.6856,Filled,
4652,2024-10-16T20:00:00Z,2024-10-17T20:00:00Z,SO,MarketOnOpen,Buy,276,85.301696,23543.27,4.7285,Filled,
4653,2024-10-16T20:00:00Z,2024-10-17T20:00:00Z,SPY,MarketOnOpen,Sell,-196,572.753271,-112259.64,22.3132,Filled,
4654,2024-10-17T20:00:00Z,,AAPL,MarketOnOpen,Sell,-105,0.0,0.0,0.0,Canceled,closed
4655,2024-10-17T20:00:00Z,,AMD,MarketOnOpen,Buy,143,0.0,0.0,0.0,Canceled,closed
4656,2024-10-17T20:00:00Z,,CSCO,MarketOnOpen,Buy,478,0.0,0.0,0.0,Canceled,closed
4657,2024-10-17T20:00:00Z,,ANET,MarketOnOpen,Sell,-231,0.0,0.0,0.0,Canceled,closed
4658,2024-10-17T20:00:00Z,,SHOP,MarketOnOpen,Buy,287,0.0,0.0,0.0,Canceled,closed
4659,2024-10-17T20:00:00Z,,TMO,MarketOnOpen,Sell,-40,0.0,0.0,0.0,Canceled,closed
4660,2024-10-17T20:00:00Z,,UNH,MarketOnOpen,Buy,43,0.0,0.0,0.0,Canceled,closed
4661,2024-10-17T20:00:00Z,2024-10-18T20:00:00Z,UPS,MarketOnOpen,Sell,-204,120.132278,-24506.98,4.8938,Filled,closed
4662,2024-10-17T20:00:00Z,2024-10-18T20:00:00Z,ABBV,MarketOnOpen,Buy,132,178.368537,23544.65,4.7062,Filled,
4663,2024-10-17T20:00:00Z,2024-10-18T20:00:00Z,TMUS,MarketOnOpen,Sell,-110,212.600905,-23386.1,4.7133,Filled,
4664,2024-10-17T20:00:00Z,2024-10-18T20:00:00Z,LIN,MarketOnOpen,Buy,49,469.856223,23022.95,4.6432,Filled,
4665,2024-10-17T20:00:00Z,2024-10-18T20:00:00Z,MCD,MarketOnOpen,Sell,-78,300.640005,-23449.92,4.7047,Filled,
4666,2024-10-17T20:00:00Z,2024-10-18T20:00:00Z,QCOM,MarketOnOpen,Buy,143,165.040896,23600.85,4.6832,Filled,
4667,2024-10-17T20:00:00Z,2024-10-18T20:00:00Z,PM,MarketOnOpen,Sell,-208,112.739786,-23449.88,4.6958,Filled,
4668,2024-10-17T20:00:00Z,2024-10-18T20:00:00Z,DIS,MarketOnOpen,Buy,249,94.642856,23566.07,4.7341,Filled,
4669,2024-10-17T20:00:00Z,,NEE,MarketOnOpen,Buy,599,0.0,0.0,0.0,Canceled,closed
4670,2024-10-17T20:00:00Z,2024-10-18T20:00:00Z,ISRG,MarketOnOpen,Sell,-49,495.61,-24284.89,5.1073,Filled,
4671,2024-10-17T20:00:00Z,2024-10-18T20:00:00Z,RTX,MarketOnOpen,Sell,-193,121.86312,-23519.58,4.6953,Filled,
4672,2024-10-17T20:00:00Z,2024-10-18T20:00:00Z,PLD,MarketOnOpen,Sell,-413,115.057748,-47518.85,9.4644,Filled,
4673,2024-10-17T20:00:00Z,2024-10-18T20:00:00Z,MDT,MarketOnOpen,Buy,279,84.402593,23548.32,4.8237,Filled,
4674,2024-10-18T04:00:00Z,2024-10-18T20:00:00Z,AAPL,MarketOnOpen,Sell,-105,234.042168,-24574.43,4.8941,Filled,closed
4675,2024-10-18T04:00:00Z,2024-10-18T20:00:00Z,AMD,MarketOnOpen,Buy,143,157.41,22509.63,4.4607,Filled,closed
4676,2024-10-18T04:00:00Z,2024-10-18T20:00:00Z,CSCO,MarketOnOpen,Buy,478,54.23043,25922.15,5.2138,Filled,closed
4677,2024-10-18T04:00:00Z,2024-10-18T20:00:00Z,ELV,MarketOnOpen,Sell,-49,420.25148,-20592.32,4.065,Filled,closed
4678,2024-10-18T04:00:00Z,2024-10-18T20:00:00Z,ANET,MarketOnOpen,Sell,-231,102.2625,-23622.64,4.6436,Filled,closed
4679,2024-10-18T04:00:00Z,2024-10-18T20:00:00Z,LOW,MarketOnOpen,Buy,86,270.377397,23252.46,4.6566,Filled,closed
4680,2024-10-18T04:00:00Z,2024-10-18T20:00:00Z,MRK,MarketOnOpen,Sell,-229,102.802106,-23541.68,4.6637,Filled,closed
4681,2024-10-18T04:00:00Z,2024-10-18T20:00:00Z,NEE,MarketOnOpen,Buy,301,79.115026,23813.62,4.7888,Filled,closed
4682,2024-10-18T04:00:00Z,2024-10-18T20:00:00Z,PGR,MarketOnOpen,Buy,100,232.169267,23216.93,4.6235,Filled,closed
4683,2024-10-18T04:00:00Z,2024-10-18T20:00:00Z,SHOP,MarketOnOpen,Buy,287,82.25,23605.75,4.7458,Filled,closed
4684,2024-10-18T04:00:00Z,2024-10-18T20:00:00Z,SCHW,MarketOnOpen,Sell,-335,70.784657,-23712.86,4.6609,Filled,closed
4685,2024-10-18T04:00:00Z,2024-10-18T20:00:00Z,SO,MarketOnOpen,Sell,-276,85.662086,-23642.74,4.7561,Filled,closed
4686,2024-10-18T04:00:00Z,2024-10-18T20:00:00Z,SPGI,MarketOnOpen,Buy,47,487.675599,22920.75,4.5919,Filled,closed
4687,2024-10-18T04:00:00Z,2024-10-18T20:00:00Z,TMO,MarketOnOpen,Sell,-40,595.82691,-23833.08,4.78,Filled,closed
4688,2024-10-18T04:00:00Z,2024-10-18T20:00:00Z,UNH,MarketOnOpen,Buy,43,540.427251,23238.37,4.6703,Filled,closed
4689,2024-10-18T04:00:00Z,2024-10-18T20:00:00Z,NVDA,MarketOnOpen,Sell,-172,138.52829,-23826.87,4.7345,Filled,
4690,2024-10-18T04:00:00Z,2024-10-18T20:00:00Z,V,MarketOnOpen,Sell,-82,285.692804,-23426.81,4.6954,Filled,
4691,2024-10-18T04:00:00Z,2024-10-18T20:00:00Z,NFLX,MarketOnOpen,Buy,342,73.764,25227.29,5.225,Filled,
4692,2024-10-18T04:00:00Z,2024-10-18T20:00:00Z,CRM,MarketOnOpen,Buy,82,287.841516,23603.0,4.7351,Filled,
4693,2024-10-18T04:00:00Z,2024-10-18T20:00:00Z,CAT,MarketOnOpen,Buy,61,386.59525,23582.31,4.688,Filled,
4694,2024-10-18T04:00:00Z,2024-10-18T20:00:00Z,AMGN,MarketOnOpen,Buy,77,301.862971,23243.45,4.6639,Filled,
4695,2024-10-18T04:00:00Z,2024-10-18T20:00:00Z,PFE,MarketOnOpen,Sell,-921,25.55838,-23539.27,4.6998,Filled,
4696,2024-10-18T04:00:00Z,2024-10-18T20:00:00Z,UNP,MarketOnOpen,Sell,-101,232.006648,-23432.67,4.7169,Filled,
4697,2024-10-18T04:00:00Z,2024-10-18T20:00:00Z,ETN,MarketOnOpen,Sell,-69,341.310664,-23550.44,4.6915,Filled,
4698,2024-10-18T04:00:00Z,2024-10-18T20:00:00Z,COP,MarketOnOpen,Sell,-236,99.663012,-23520.47,4.6841,Filled,
4699,2024-10-18T04:00:00Z,2024-10-18T20:00:00Z,CB,MarketOnOpen,Sell,-80,293.884573,-23510.77,4.705,Filled,
4700,2024-10-18T04:00:00Z,2024-10-18T20:00:00Z,C,MarketOnOpen,Sell,-387,60.920675,-23576.3,4.6219,Filled,
4701,2024-10-18T04:00:00Z,2024-10-18T20:00:00Z,UPS,MarketOnOpen,Sell,-197,120.132278,-23666.06,4.7259,Filled,
4702,2024-10-18T04:00:00Z,2024-10-18T20:00:00Z,GILD,MarketOnOpen,Buy,284,82.2463,23357.95,4.6678,Filled,
4703,2024-10-18T04:00:00Z,2024-10-18T20:00:00Z,AMT,MarketOnOpen,Buy,111,212.125788,23545.96,4.7182,Filled,
4704,2024-10-18T04:00:00Z,2024-10-18T20:00:00Z,SPY,MarketOnOpen,Buy,63,570.837479,35962.76,7.1997,Filled,
4705,2024-10-21T04:00:00Z,2024-10-21T20:00:00Z,AMGN,MarketOnOpen,Sell,-77,301.439284,-23210.82,4.5926,Filled,closed
4706,2024-10-21T04:00:00Z,2024-10-21T20:00:00Z,AMT,MarketOnOpen,Sell,-111,211.393251,-23464.65,4.6175,Filled,closed
4707,2024-10-21T04:00:00Z,2024-10-21T20:00:00Z,C,MarketOnOpen,Buy,387,59.657036,23087.27,4.5469,Filled,closed
4708,2024-10-21T04:00:00Z,2024-10-21T20:00:00Z,CAT,MarketOnOpen,Sell,-61,384.106831,-23430.52,4.6645,Filled,closed
4709,2024-10-21T04:00:00Z,2024-10-21T20:00:00Z,GILD,MarketOnOpen,Sell,-284,81.95253,-23274.52,4.6447,Filled,closed
4710,2024-10-21T04:00:00Z,2024-10-21T20:00:00Z,GS,MarketOnOpen,Buy,46,507.460906,23343.2,4.5785,Filled,closed
4711,2024-10-21T04:00:00Z,2024-10-21T20:00:00Z,HON,MarketOnOpen,Buy,116,211.368144,24518.7,4.8782,Filled,closed
4712,2024-10-21T04:00:00Z,2024-10-21T20:00:00Z,LMT,MarketOnOpen,Buy,40,583.713525,23348.54,4.6619,Filled,closed
4713,2024-10-21T04:00:00Z,2024-10-21T20:00:00Z,MCD,MarketOnOpen,Buy,78,302.126199,23565.84,4.6799,Filled,closed
4714,2024-10-21T04:00:00Z,2024-10-21T20:00:00Z,PFE,MarketOnOpen,Buy,921,25.436132,23426.68,4.6532,Filled,closed
4715,2024-10-21T04:00:00Z,2024-10-21T20:00:00Z,RTX,MarketOnOpen,Buy,193,121.708557,23489.75,4.6946,Filled,closed
4716,2024-10-21T04:00:00Z,2024-10-21T20:00:00Z,TMUS,MarketOnOpen,Buy,110,213.791086,23517.02,4.704,Filled,closed
4717,2024-10-21T04:00:00Z,2024-10-21T20:00:00Z,UNP,MarketOnOpen,Buy,101,233.15458,23548.61,4.6444,Filled,closed
4718,2024-10-21T04:00:00Z,2024-10-21T20:00:00Z,UPS,MarketOnOpen,Buy,197,117.820345,23210.61,4.566,Filled,closed
4719,2024-10-21T04:00:00Z,2024-10-21T20:00:00Z,NFLX,MarketOnOpen,Sell,-650,76.531,-49745.15,10.0369,Filled,
4720,2024-10-21T04:00:00Z,2024-10-21T20:00:00Z,KO,MarketOnOpen,Buy,353,66.139614,23347.28,4.6367,Filled,
4721,2024-10-21T04:00:00Z,2024-10-21T20:00:00Z,PGR,MarketOnOpen,Sell,-101,231.202662,-23351.47,4.6627,Filled,
4722,2024-10-21T04:00:00Z,2024-10-21T20:00:00Z,BKNG,MarketOnOpen,Sell,-137,170.140042,-23309.19,4.7055,Filled,
4723,2024-10-21T04:00:00Z,2024-10-21T20:00:00Z,MDT,MarketOnOpen,Sell,-551,86.220726,-47507.62,9.4013,Filled,
4724,2024-10-21T04:00:00Z,2024-10-21T20:00:00Z,PLD,MarketOnOpen,Buy,410,112.91579,46295.47,9.0328,Filled,
4725,2024-10-21T04:00:00Z,2024-10-21T20:00:00Z,SBUX,MarketOnOpen,Buy,255,92.187612,23507.84,4.6773,Filled,
4726,2024-10-21T04:00:00Z,2024-10-21T20:00:00Z,SHOP,MarketOnOpen,Buy,284,82.03,23296.52,4.6951,Filled,
4727,2024-10-21T04:00:00Z,2024-10-21T20:00:00Z,ELV,MarketOnOpen,Buy,56,412.326749,23090.3,4.5539,Filled,
4728,2024-10-21T04:00:00Z,2024-10-21T20:00:00Z,SPY,MarketOnOpen,Sell,-86,570.739735,-49083.62,9.812,Filled,
4729,2024-10-22T04:00:00Z,2024-10-22T20:00:00Z,ACN,MarketOnOpen,Sell,-69,357.463153,-24664.96,4.8957,Filled,closed
4730,2024-10-22T04:00:00Z,2024-10-22T20:00:00Z,BKNG,MarketOnOpen,Buy,137,170.474558,23355.01,4.7207,Filled,closed
4731,2024-10-22T04:00:00Z,2024-10-22T20:00:00Z,ELV,MarketOnOpen,Sell,-56,399.674141,-22381.75,4.5278,Filled,closed
4732,2024-10-22T04:00:00Z,2024-10-22T20:00:00Z,KO,MarketOnOpen,Sell,-353,65.250692,-23033.49,4.6367,Filled,closed
4733,2024-10-22T04:00:00Z,2024-10-22T20:00:00Z,PGR,MarketOnOpen,Buy,101,228.661873,23094.85,4.6164,Filled,closed
4734,2024-10-22T04:00:00Z,2024-10-22T20:00:00Z,QCOM,MarketOnOpen,Sell,-143,161.917698,-23154.23,4.7451,Filled,closed
4735,2024-10-22T04:00:00Z,2024-10-22T20:00:00Z,REGN,MarketOnOpen,Sell,-23,953.997298,-21941.94,4.3854,Filled,closed
4736,2024-10-22T04:00:00Z,2024-10-22T20:00:00Z,AAPL,MarketOnOpen,Sell,-100,231.900087,-23190.01,4.6781,Filled,
4737,2024-10-22T04:00:00Z,2024-10-22T20:00:00Z,AMD,MarketOnOpen,Sell,-148,156.5,-23162.0,4.5611,Filled,
4738,2024-10-22T04:00:00Z,2024-10-22T20:00:00Z,AXP,MarketOnOpen,Buy,88,265.573532,23370.47,4.7048,Filled,
4739,2024-10-22T04:00:00Z,2024-10-22T20:00:00Z,MS,MarketOnOpen,Buy,208,111.706593,23234.97,4.6735,Filled,
4740,2024-10-22T04:00:00Z,2024-10-22T20:00:00Z,NOW,MarketOnOpen,Buy,127,183.298,23278.85,4.6632,Filled,
4741,2024-10-22T04:00:00Z,2024-10-22T20:00:00Z,UNP,MarketOnOpen,Sell,-102,230.619563,-23523.2,4.7119,Filled,
4742,2024-10-22T04:00:00Z,2024-10-22T20:00:00Z,HON,MarketOnOpen,Sell,-111,208.843042,-23181.58,4.6858,Filled,
4743,2024-10-22T04:00:00Z,2024-10-22T20:00:00Z,UPS,MarketOnOpen,Buy,202,115.437818,23318.44,4.6819,Filled,
4744,2024-10-22T04:00:00Z,2024-10-22T20:00:00Z,GILD,MarketOnOpen,Buy,286,81.194412,23221.6,4.7787,Filled,
4745,2024-10-22T04:00:00Z,2024-10-22T20:00:00Z,BA,MarketOnOpen,Buy,146,160.23,23393.58,4.6685,Filled,
4746,2024-10-23T04:00:00Z,2024-10-23T20:00:00Z,AMD,MarketOnOpen,Buy,148,153.01,22645.48,4.5261,Filled,closed
4747,2024-10-23T04:00:00Z,2024-10-23T20:00:00Z,AXP,MarketOnOpen,Sell,-88,266.927798,-23489.65,4.6846,Filled,closed
4748,2024-10-23T04:00:00Z,2024-10-23T20:00:00Z,COP,MarketOnOpen,Buy,236,98.226106,23181.36,4.6327,Filled,closed
4749,2024-10-23T04:00:00Z,2024-10-23T20:00:00Z,CRM,MarketOnOpen,Sell,-82,283.593478,-23254.67,4.5976,Filled,closed
4750,2024-10-23T04:00:00Z,2024-10-23T20:00:00Z,ETN,MarketOnOpen,Buy,69,332.952673,22973.73,4.6481,Filled,closed
4751,2024-10-23T04:00:00Z,2024-10-23T20:00:00Z,HON,MarketOnOpen,Buy,111,210.16255,23328.04,4.6416,Filled,closed
4752,2024-10-23T04:00:00Z,2024-10-23T20:00:00Z,MS,MarketOnOpen,Sell,-208,112.038911,-23304.09,4.6719,Filled,closed
4753,2024-10-23T04:00:00Z,2024-10-23T20:00:00Z,NOW,MarketOnOpen,Sell,-127,184.022,-23370.79,4.611,Filled,closed
4754,2024-10-23T04:00:00Z,2024-10-23T20:00:00Z,SHOP,MarketOnOpen,Sell,-284,81.34,-23100.56,4.5247,Filled,closed
4755,2024-10-23T04:00:00Z,2024-10-23T20:00:00Z,SYK,MarketOnOpen,Buy,66,358.6097,23668.24,4.7144,Filled,closed
4756,2024-10-23T04:00:00Z,2024-10-23T20:00:00Z,UNP,MarketOnOpen,Buy,102,230.830017,23544.66,4.7099,Filled,closed
4757,2024-10-23T04:00:00Z,2024-10-23T20:00:00Z,WFC,MarketOnOpen,Buy,395,62.027627,24500.91,4.8828,Filled,closed
4758,2024-10-23T04:00:00Z,2024-10-23T20:00:00Z,PM,MarketOnOpen,Buy,398,122.05495,48577.87,9.8225,Filled,
4759,2024-10-23T04:00:00Z,2024-10-23T20:00:00Z,ABT,MarketOnOpen,Sell,-418,111.910281,-46778.5,9.425,Filled,
4760,2024-10-23T04:00:00Z,2024-10-23T20:00:00Z,QCOM,MarketOnOpen,Buy,141,162.693707,22939.81,4.501,Filled,
4761,2024-10-23T04:00:00Z,2024-10-23T20:00:00Z,CAT,MarketOnOpen,Sell,-61,378.878223,-23111.57,4.6077,Filled,
4762,2024-10-23T04:00:00Z,2024-10-23T20:00:00Z,UBER,MarketOnOpen,Sell,-291,79.98,-23274.18,4.6461,Filled,
4763,2024-10-23T04:00:00Z,2024-10-23T20:00:00Z,T,MarketOnOpen,Buy,1181,19.625681,23177.93,4.9106,Filled,
4764,2024-10-23T04:00:00Z,2024-10-23T20:00:00Z,PGR,MarketOnOpen,Sell,-102,228.293642,-23285.95,4.6433,Filled,
4765,2024-10-23T04:00:00Z,2024-10-23T20:00:00Z,LMT,MarketOnOpen,Sell,-42,547.632019,-23000.54,4.5485,Filled,
4766,2024-10-23T04:00:00Z,2024-10-23T20:00:00Z,C,MarketOnOpen,Sell,-388,60.027577,-23290.7,4.6522,Filled,
4767,2024-10-23T04:00:00Z,2024-10-23T20:00:00Z,MU,MarketOnOpen,Sell,-218,106.003303,-23108.72,4.5567,Filled,
4768,2024-10-23T04:00:00Z,2024-10-23T20:00:00Z,ADP,MarketOnOpen,Sell,-84,275.795043,-23166.78,4.6385,Filled,
4769,2024-10-23T04:00:00Z,2024-10-23T20:00:00Z,REGN,MarketOnOpen,Buy,24,942.902003,22629.65,4.4764,Filled,
4770,2024-10-23T04:00:00Z,2024-10-23T20:00:00Z,SPY,MarketOnOpen,Buy,98,568.227702,55686.31,11.0731,Filled,
4771,2024-10-24T20:00:00Z,2024-10-25T20:00:00Z,AAPL,MarketOnOpen,Buy,100,227.873768,22787.38,4.5898,Filled,closed
4772,2024-10-24T20:00:00Z,2024-10-25T20:00:00Z,C,MarketOnOpen,Buy,388,60.469375,23462.12,4.5534,Filled,closed
4773,2024-10-24T20:00:00Z,2024-10-25T20:00:00Z,CAT,MarketOnOpen,Buy,61,381.482735,23270.45,4.6106,Filled,closed
4774,2024-10-24T20:00:00Z,2024-10-25T20:00:00Z,CB,MarketOnOpen,Buy,80,287.177907,22974.23,4.4918,Filled,closed
4775,2024-10-24T20:00:00Z,2024-10-25T20:00:00Z,DE,MarketOnOpen,Sell,-59,403.641957,-23814.88,4.7045,Filled,closed
4776,2024-10-24T20:00:00Z,2024-10-25T20:00:00Z,DIS,MarketOnOpen,Sell,-249,93.812227,-23359.24,4.6246,Filled,closed
4777,2024-10-24T20:00:00Z,2024-10-25T20:00:00Z,GILD,MarketOnOpen,Sell,-286,84.757566,-24240.66,4.8243,Filled,closed
4778,2024-10-24T20:00:00Z,2024-10-25T20:00:00Z,LMT,MarketOnOpen,Buy,42,537.311505,22567.08,4.4783,Filled,closed
4779,2024-10-24T20:00:00Z,2024-10-25T20:00:00Z,UBER,MarketOnOpen,Buy,291,78.0,22698.0,4.5175,Filled,closed
4780,2024-10-24T20:00:00Z,2024-10-25T20:00:00Z,QCOM,MarketOnOpen,Sell,-141,163.402654,-23039.77,4.6001,Filled,closed
4781,2024-10-24T20:00:00Z,2024-10-25T20:00:00Z,T,MarketOnOpen,Sell,-1181,20.614357,-24345.56,4.7644,Filled,closed
4782,2024-10-24T20:00:00Z,2024-10-25T20:00:00Z,V,MarketOnOpen,Buy,82,279.978948,22958.27,4.5517,Filled,closed
4783,2024-10-24T20:00:00Z,2024-10-25T20:00:00Z,LLY,MarketOnOpen,Buy,27,887.305359,23957.24,4.754,Filled,
4784,2024-10-24T20:00:00Z,2024-10-25T20:00:00Z,KO,MarketOnOpen,Buy,374,63.595783,23784.82,4.7336,Filled,
4785,2024-10-24T20:00:00Z,2024-10-25T20:00:00Z,AXP,MarketOnOpen,Buy,89,266.397868,23709.41,4.6701,Filled,
4786,2024-10-24T20:00:00Z,2024-10-25T20:00:00Z,NOW,MarketOnOpen,Buy,124,191.452,23740.05,4.7162,Filled,
4787,2024-10-24T20:00:00Z,2024-10-25T20:00:00Z,TXN,MarketOnOpen,Sell,-121,196.461592,-23771.85,4.7388,Filled,
4788,2024-10-24T20:00:00Z,2024-10-25T20:00:00Z,INTU,MarketOnOpen,Sell,-40,600.358828,-24014.35,4.7971,Filled,
4789,2024-10-24T20:00:00Z,2024-10-25T20:00:00Z,SPGI,MarketOnOpen,Buy,51,463.175929,23621.97,4.6581,Filled,
4790,2024-10-24T20:00:00Z,2024-10-25T20:00:00Z,BSX,MarketOnOpen,Buy,279,85.21,23773.59,4.7279,Filled,
4791,2024-10-24T20:00:00Z,2024-10-25T20:00:00Z,PANW,MarketOnOpen,Sell,-130,184.105,-23933.65,4.7641,Filled,
4792,2024-10-24T20:00:00Z,2024-10-25T20:00:00Z,AMT,MarketOnOpen,Buy,112,211.928566,23736.0,4.687,Filled,
4793,2024-10-24T20:00:00Z,2024-10-25T20:00:00Z,HCA,MarketOnOpen,Buy,60,364.520411,21871.22,4.298,Filled,
4794,2024-10-24T20:00:00Z,2024-10-25T20:00:00Z,SPY,MarketOnOpen,Sell,-173,568.462289,-98343.98,19.5829,Filled,
4795,2024-10-25T20:00:00Z,,MU,MarketOnOpen,Buy,218,0.0,0.0,0.0,Canceled,closed
4796,2024-10-25T20:00:00Z,,ADBE,MarketOnOpen,Buy,46,0.0,0.0,0.0,Canceled,closed
4797,2024-10-25T20:00:00Z,,ADI,MarketOnOpen,Sell,-106,0.0,0.0,0.0,Canceled,closed
4798,2024-10-25T20:00:00Z,,AXP,MarketOnOpen,Sell,-89,0.0,0.0,0.0,Canceled,closed
4799,2024-10-25T20:00:00Z,,BA,MarketOnOpen,Sell,-146,0.0,0.0,0.0,Canceled,closed
4800,2024-10-25T20:00:00Z,2024-10-28T20:00:00Z,BMY,MarketOnOpen,Sell,-478,47.798661,-22847.76,4.6374,Filled,closed
4801,2024-10-25T20:00:00Z,,BSX,MarketOnOpen,Sell,-279,0.0,0.0,0.0,Canceled,closed
4802,2024-10-25T20:00:00Z,,HCA,MarketOnOpen,Sell,-60,0.0,0.0,0.0,Canceled,closed
4803,2024-10-25T20:00:00Z,,INTU,MarketOnOpen,Buy,40,0.0,0.0,0.0,Canceled,closed
4804,2024-10-25T20:00:00Z,,ISRG,MarketOnOpen,Buy,49,0.0,0.0,0.0,Canceled,closed
4805,2024-10-25T20:00:00Z,2024-10-28T20:00:00Z,LLY,MarketOnOpen,Sell,-27,882.512472,-23827.84,4.7694,Filled,closed
4806,2024-10-25T20:00:00Z,2024-10-28T20:00:00Z,MRSH,MarketOnOpen,Sell,-107,216.072691,-23119.78,4.5993,Filled,closed
4807,2024-10-25T20:00:00Z,,PGR,MarketOnOpen,Buy,102,0.0,0.0,0.0,Canceled,closed
4808,2024-10-25T20:00:00Z,,PLD,MarketOnOpen,Sell,-205,0.0,0.0,0.0,Canceled,closed
4809,2024-10-25T20:00:00Z,2024-10-28T20:00:00Z,REGN,MarketOnOpen,Sell,-24,926.041116,-22224.99,4.4157,Filled,closed
4810,2024-10-25T20:00:00Z,,TXN,MarketOnOpen,Buy,121,0.0,0.0,0.0,Canceled,closed
4811,2024-10-25T20:00:00Z,,PANW,MarketOnOpen,Buy,130,0.0,0.0,0.0,Canceled,closed
4812,2024-10-25T20:00:00Z,,VZ,MarketOnOpen,Buy,601,0.0,0.0,0.0,Canceled,closed
4813,2024-10-25T20:00:00Z,2024-10-28T20:00:00Z,AVGO,MarketOnOpen,Buy,139,170.084804,23641.79,4.7008,Filled,
4814,2024-10-25T20:00:00Z,2024-10-28T20:00:00Z,MRK,MarketOnOpen,Sell,-244,97.940224,-23897.41,4.7649,Filled,
4815,2024-10-25T20:00:00Z,2024-10-28T20:00:00Z,ACN,MarketOnOpen,Buy,69,347.329528,23965.74,4.7579,Filled,
4816,2024-10-25T20:00:00Z,,PM,MarketOnOpen,Sell,-385,0.0,0.0,0.0,Canceled,closed
4817,2024-10-25T20:00:00Z,,ABT,MarketOnOpen,Buy,425,0.0,0.0,0.0,Canceled,closed
4818,2024-10-25T20:00:00Z,2024-10-28T20:00:00Z,NEE,MarketOnOpen,Buy,309,77.342669,23898.88,4.8281,Filled,
4819,2024-10-25T20:00:00Z,2024-10-28T20:00:00Z,RTX,MarketOnOpen,Sell,-196,120.974384,-23710.98,4.7498,Filled,
4820,2024-10-25T20:00:00Z,2024-10-28T20:00:00Z,BKNG,MarketOnOpen,Sell,-138,172.373823,-23787.59,4.7223,Filled,
4821,2024-10-25T20:00:00Z,2024-10-28T20:00:00Z,LMT,MarketOnOpen,Buy,44,533.803383,23487.35,4.6321,Filled,
4822,2024-10-25T20:00:00Z,2024-10-28T20:00:00Z,BX,MarketOnOpen,Buy,151,158.671637,23959.42,4.8277,Filled,
4823,2024-10-25T20:00:00Z,2024-10-28T20:00:00Z,CB,MarketOnOpen,Sell,-84,282.235639,-23707.79,4.7496,Filled,
4824,2024-10-25T20:00:00Z,2024-10-28T20:00:00Z,UPS,MarketOnOpen,Sell,-398,121.182354,-48230.58,9.5091,Filled,
4825,2024-10-25T20:00:00Z,2024-10-28T20:00:00Z,NKE,MarketOnOpen,Sell,-318,74.988678,-23846.4,4.753,Filled,
4826,2024-10-25T20:00:00Z,2024-10-28T20:00:00Z,MDT,MarketOnOpen,Buy,552,85.002389,46921.32,9.3739,Filled,
4827,2024-10-25T20:00:00Z,2024-10-28T20:00:00Z,DE,MarketOnOpen,Buy,59,399.732592,23584.22,4.7555,Filled,
4828,2024-10-25T20:00:00Z,2024-10-28T20:00:00Z,GILD,MarketOnOpen,Buy,281,84.444842,23729.0,4.7272,Filled,
4829,2024-10-25T20:00:00Z,2024-10-28T20:00:00Z,MELI,MarketOnOpen,Buy,11,2056.0,22616.0,4.5234,Filled,
4830,2024-10-25T20:00:00Z,2024-10-28T20:00:00Z,SHOP,MarketOnOpen,Buy,300,79.74,23922.0,4.7922,Filled,
4831,2024-10-25T20:00:00Z,2024-10-28T20:00:00Z,SO,MarketOnOpen,Buy,280,85.218528,23861.19,4.75,Filled,
4832,2024-10-25T20:00:00Z,2024-10-28T20:00:00Z,LRCX,MarketOnOpen,Buy,310,76.078951,23584.47,4.6076,Filled,
4833,2024-10-25T20:00:00Z,2024-10-28T20:00:00Z,SPY,MarketOnOpen,Sell,-93,569.371312,-52951.53,10.5598,Filled,
4834,2024-10-28T04:00:00Z,2024-10-28T20:00:00Z,MU,MarketOnOpen,Buy,218,106.0232,23113.06,4.6148,Filled,closed
4835,2024-10-28T04:00:00Z,2024-10-28T20:00:00Z,ABT,MarketOnOpen,Buy,209,110.57969,23111.16,4.5941,Filled,closed
4836,2024-10-28T04:00:00Z,2024-10-28T20:00:00Z,ADBE,MarketOnOpen,Buy,46,487.65,22431.9,4.4256,Filled,closed
4837,2024-10-28T04:00:00Z,2024-10-28T20:00:00Z,ADI,MarketOnOpen,Sell,-106,222.472536,-23582.09,4.7372,Filled,closed
4838,2024-10-28T04:00:00Z,2024-10-28T20:00:00Z,ADP,MarketOnOpen,Buy,84,274.6432,23070.03,4.5809,Filled,closed
4839,2024-10-28T04:00:00Z,2024-10-28T20:00:00Z,AXP,MarketOnOpen,Sell,-89,263.72859,-23471.84,4.7421,Filled,closed
4840,2024-10-28T04:00:00Z,2024-10-28T20:00:00Z,BA,MarketOnOpen,Sell,-146,153.6,-22425.6,4.4001,Filled,closed
4841,2024-10-28T04:00:00Z,2024-10-28T20:00:00Z,BSX,MarketOnOpen,Sell,-279,85.0,-23715.0,4.7296,Filled,closed
4842,2024-10-28T04:00:00Z,2024-10-28T20:00:00Z,FISV,MarketOnOpen,Sell,-119,200.485,-23857.72,4.794,Filled,closed
4843,2024-10-28T04:00:00Z,2024-10-28T20:00:00Z,HCA,MarketOnOpen,Sell,-60,358.116674,-21487.0,4.2157,Filled,closed
4844,2024-10-28T04:00:00Z,2024-10-28T20:00:00Z,INTU,MarketOnOpen,Buy,40,603.153941,24126.16,4.8193,Filled,closed
4845,2024-10-28T04:00:00Z,2024-10-28T20:00:00Z,ISRG,MarketOnOpen,Buy,49,513.66,25169.34,5.0066,Filled,closed
4846,2024-10-28T04:00:00Z,2024-10-28T20:00:00Z,PGR,MarketOnOpen,Buy,102,225.393828,22990.17,4.5881,Filled,closed
4847,2024-10-28T04:00:00Z,2024-10-28T20:00:00Z,PLD,MarketOnOpen,Sell,-205,110.783186,-22710.55,4.518,Filled,closed
4848,2024-10-28T04:00:00Z,2024-10-28T20:00:00Z,PM,MarketOnOpen,Sell,-190,121.7169,-23126.21,4.6566,Filled,closed
4849,2024-10-28T04:00:00Z,2024-10-28T20:00:00Z,TSLA,MarketOnOpen,Sell,-107,270.0,-28890.0,5.6177,Filled,closed
4850,2024-10-28T04:00:00Z,2024-10-28T20:00:00Z,TXN,MarketOnOpen,Buy,121,195.032677,23598.95,4.7136,Filled,closed
4851,2024-10-28T04:00:00Z,2024-10-28T20:00:00Z,PANW,MarketOnOpen,Buy,130,184.355,23966.15,4.7125,Filled,closed
4852,2024-10-28T04:00:00Z,2024-10-28T20:00:00Z,VZ,MarketOnOpen,Buy,601,36.882043,22166.11,4.4568,Filled,closed
4853,2024-10-28T04:00:00Z,2024-10-28T20:00:00Z,QCOM,MarketOnOpen,Buy,145,162.48294,23560.03,4.7848,Filled,
4854,2024-10-28T04:00:00Z,2024-10-28T20:00:00Z,UBER,MarketOnOpen,Buy,306,78.18,23923.08,4.7546,Filled,
4855,2024-10-28T04:00:00Z,2024-10-28T20:00:00Z,PFE,MarketOnOpen,Buy,957,24.97334,23899.49,4.8234,Filled,
4856,2024-10-28T04:00:00Z,2024-10-28T20:00:00Z,C,MarketOnOpen,Sell,-405,59.238991,-23991.79,4.9377,Filled,
4857,2024-10-28T04:00:00Z,2024-10-28T20:00:00Z,CB,MarketOnOpen,Buy,168,282.235639,47415.59,9.4992,Filled,
4858,2024-10-28T04:00:00Z,2024-10-28T20:00:00Z,SPY,MarketOnOpen,Sell,-63,569.371312,-35870.39,7.1534,Filled,
4859,2024-10-29T20:00:00Z,2024-10-30T20:00:00Z,BKNG,MarketOnOpen,Buy,138,172.570991,23814.8,4.8487,Filled,closed
4860,2024-10-29T20:00:00Z,2024-10-30T20:00:00Z,LRCX,MarketOnOpen,Sell,-310,75.881958,-23523.41,4.6687,Filled,closed
4861,2024-10-29T20:00:00Z,2024-10-30T20:00:00Z,C,MarketOnOpen,Buy,405,60.996683,24703.66,4.9638,Filled,closed
4862,2024-10-29T20:00:00Z,2024-10-30T20:00:00Z,CB,MarketOnOpen,Sell,-84,282.596317,-23738.09,4.6451,Filled,closed
4863,2024-10-29T20:00:00Z,2024-10-30T20:00:00Z,DE,MarketOnOpen,Sell,-59,393.536248,-23218.64,4.6671,Filled,closed
4864,2024-10-29T20:00:00Z,2024-10-30T20:00:00Z,IBM,MarketOnOpen,Buy,112,198.562217,22238.97,4.3505,Filled,closed
4865,2024-10-29T20:00:00Z,2024-10-30T20:00:00Z,NEE,MarketOnOpen,Sell,-309,75.183786,-23231.79,4.6079,Filled,closed
4866,2024-10-29T20:00:00Z,2024-10-30T20:00:00Z,NKE,MarketOnOpen,Buy,318,73.87114,23491.02,4.6048,Filled,closed
4867,2024-10-29T20:00:00Z,2024-10-30T20:00:00Z,NOW,MarketOnOpen,Sell,-124,190.206,-23585.54,4.712,Filled,closed
4868,2024-10-29T20:00:00Z,2024-10-30T20:00:00Z,UBER,MarketOnOpen,Sell,-306,79.02,-24180.12,4.8611,Filled,closed
4869,2024-10-29T20:00:00Z,2024-10-30T20:00:00Z,PFE,MarketOnOpen,Sell,-957,24.693918,-23632.08,4.7665,Filled,closed
4870,2024-10-29T20:00:00Z,2024-10-30T20:00:00Z,QCOM,MarketOnOpen,Sell,-145,162.789511,-23604.48,4.657,Filled,closed
4871,2024-10-29T20:00:00Z,2024-10-30T20:00:00Z,RTX,MarketOnOpen,Buy,196,118.182593,23163.79,4.6146,Filled,closed
4872,2024-10-29T20:00:00Z,2024-10-30T20:00:00Z,SBUX,MarketOnOpen,Sell,-255,92.586981,-23609.68,4.7195,Filled,closed
4873,2024-10-29T20:00:00Z,2024-10-30T20:00:00Z,SO,MarketOnOpen,Sell,-280,83.47202,-23372.17,4.6242,Filled,closed
4874,2024-10-29T20:00:00Z,2024-10-30T20:00:00Z,WMT,MarketOnOpen,Sell,-295,80.138781,-23640.94,4.716,Filled,
4875,2024-10-29T20:00:00Z,2024-10-30T20:00:00Z,AMD,MarketOnOpen,Sell,-142,153.0,-21726.0,4.2202,Filled,
4876,2024-10-29T20:00:00Z,2024-10-30T20:00:00Z,CSCO,MarketOnOpen,Buy,443,53.356056,23636.73,4.7325,Filled,
4877,2024-10-29T20:00:00Z,2024-10-30T20:00:00Z,AXP,MarketOnOpen,Sell,-89,265.946446,-23669.23,4.7876,Filled,
4878,2024-10-29T20:00:00Z,2024-10-30T20:00:00Z,CAT,MarketOnOpen,Sell,-62,366.19836,-22704.3,4.6045,Filled,
4879,2024-10-29T20:00:00Z,2024-10-30T20:00:00Z,GS,MarketOnOpen,Buy,47,503.039845,23642.87,4.7376,Filled,
4880,2024-10-29T20:00:00Z,2024-10-30T20:00:00Z,AMAT,MarketOnOpen,Buy,126,184.056302,23191.09,4.5961,Filled,
4881,2024-10-29T20:00:00Z,2024-10-30T20:00:00Z,MDT,MarketOnOpen,Sell,-560,84.327618,-47223.47,9.4993,Filled,
4882,2024-10-29T20:00:00Z,2024-10-30T20:00:00Z,UPS,MarketOnOpen,Buy,395,118.243905,46706.34,9.3273,Filled,
4883,2024-10-29T20:00:00Z,2024-10-30T20:00:00Z,MRSH,MarketOnOpen,Buy,110,214.638859,23610.27,4.7108,Filled,
4884,2024-10-29T20:00:00Z,2024-10-30T20:00:00Z,BMY,MarketOnOpen,Buy,489,48.379212,23657.43,4.7459,Filled,
4885,2024-10-29T20:00:00Z,2024-10-30T20:00:00Z,REGN,MarketOnOpen,Buy,25,911.131812,22778.3,4.5708,Filled,
4886,2024-10-29T20:00:00Z,2024-10-30T20:00:00Z,INTC,MarketOnOpen,Buy,1035,22.41,23194.35,4.6161,Filled,
4887,2024-10-29T20:00:00Z,2024-10-30T20:00:00Z,SPY,MarketOnOpen,Buy,60,568.296123,34097.77,6.8031,Filled,
4888,2024-10-30T20:00:00Z,2024-10-31T20:00:00Z,AMD,MarketOnOpen,Buy,142,147.72,20976.24,4.0916,Filled,closed
4889,2024-10-30T20:00:00Z,2024-10-31T20:00:00Z,AVGO,MarketOnOpen,Sell,-139,171.480634,-23835.81,4.6393,Filled,closed
4890,2024-10-30T20:00:00Z,,BMY,MarketOnOpen,Sell,-489,0.0,0.0,0.0,Canceled,closed
4891,2024-10-30T20:00:00Z,,CAT,MarketOnOpen,Buy,62,0.0,0.0,0.0,Canceled,closed
4892,2024-10-30T20:00:00Z,2024-10-31T20:00:00Z,KO,MarketOnOpen,Sell,-374,62.224573,-23271.99,4.6197,Filled,closed
4893,2024-10-30T20:00:00Z,,MDT,MarketOnOpen,Buy,280,0.0,0.0,0.0,Canceled,closed
4894,2024-10-30T20:00:00Z,,UPS,MarketOnOpen,Sell,-199,0.0,0.0,0.0,Canceled,closed
4895,2024-10-30T20:00:00Z,,XOM,MarketOnOpen,Sell,-208,0.0,0.0,0.0,Canceled,closed
4896,2024-10-30T20:00:00Z,2024-10-31T20:00:00Z,LLY,MarketOnOpen,Buy,28,824.958382,23098.83,4.5824,Filled,
4897,2024-10-30T20:00:00Z,2024-10-31T20:00:00Z,UNH,MarketOnOpen,Buy,44,534.735532,23528.36,4.736,Filled,
4898,2024-10-30T20:00:00Z,2024-10-31T20:00:00Z,PG,MarketOnOpen,Buy,149,157.979441,23538.94,4.6913,Filled,
4899,2024-10-30T20:00:00Z,2024-10-31T20:00:00Z,COST,MarketOnOpen,Buy,27,867.658959,23426.79,4.6692,Filled,
4900,2024-10-30T20:00:00Z,2024-10-31T20:00:00Z,CRM,MarketOnOpen,Buy,81,288.393465,23359.87,4.6523,Filled,
4901,2024-10-30T20:00:00Z,2024-10-31T20:00:00Z,TMUS,MarketOnOpen,Sell,-110,214.36698,-23580.37,4.7123,Filled,
4902,2024-10-30T20:00:00Z,2024-10-31T20:00:00Z,MS,MarketOnOpen,Sell,-211,112.092157,-23651.45,4.6948,Filled,
4903,2024-10-30T20:00:00Z,2024-10-31T20:00:00Z,UBER,MarketOnOpen,Buy,298,74.5,22201.0,4.2942,Filled,
4904,2024-10-30T20:00:00Z,2024-10-31T20:00:00Z,NEE,MarketOnOpen,Buy,318,73.901655,23500.73,4.7517,Filled,
4905,2024-10-30T20:00:00Z,2024-10-31T20:00:00Z,TJX,MarketOnOpen,Buy,215,109.612952,23566.78,4.7419,Filled,
4906,2024-10-30T20:00:00Z,2024-10-31T20:00:00Z,CB,MarketOnOpen,Buy,85,276.708488,23520.22,4.6805,Filled,
4907,2024-10-30T20:00:00Z,2024-10-31T20:00:00Z,PLD,MarketOnOpen,Buy,218,107.724582,23483.96,4.6058,Filled,
4908,2024-10-30T20:00:00Z,2024-10-31T20:00:00Z,PLTR,MarketOnOpen,Buy,542,43.0,23306.0,4.5051,Filled,
4909,2024-10-30T20:00:00Z,2024-10-31T20:00:00Z,LRCX,MarketOnOpen,Buy,314,74.956088,23536.21,4.599,Filled,
4910,2024-10-30T20:00:00Z,2024-10-31T20:00:00Z,SPY,MarketOnOpen,Sell,-265,562.646493,-149101.32,29.4582,Filled,
4911,2024-10-31T04:00:00Z,2024-10-31T20:00:00Z,ACN,MarketOnOpen,Sell,-69,328.846635,-22690.42,4.5406,Filled,closed
4912,2024-10-31T04:00:00Z,2024-10-31T20:00:00Z,BX,MarketOnOpen,Sell,-151,160.345726,-24212.2,4.7646,Filled,closed
4913,2024-10-31T04:00:00Z,2024-10-31T20:00:00Z,AXP,MarketOnOpen,Buy,89,268.596097,23905.05,4.7178,Filled,closed
4914,2024-10-31T04:00:00Z,2024-10-31T20:00:00Z,BMY,MarketOnOpen,Sell,-489,49.761475,-24333.36,5.0262,Filled,closed
4915,2024-10-31T04:00:00Z,2024-10-31T20:00:00Z,CAT,MarketOnOpen,Buy,62,369.478479,22907.67,4.5676,Filled,closed
4916,2024-10-31T04:00:00Z,2024-10-31T20:00:00Z,INTC,MarketOnOpen,Sell,-1035,22.14,-22914.9,4.4546,Filled,closed
4917,2024-10-31T04:00:00Z,2024-10-31T20:00:00Z,MDT,MarketOnOpen,Buy,280,84.243272,23588.12,4.684,Filled,closed
4918,2024-10-31T04:00:00Z,2024-10-31T20:00:00Z,MRK,MarketOnOpen,Buy,244,94.745808,23117.98,4.6775,Filled,closed
4919,2024-10-31T04:00:00Z,2024-10-31T20:00:00Z,UPS,MarketOnOpen,Sell,-199,117.846817,-23451.52,4.7082,Filled,closed
4920,2024-10-31T04:00:00Z,2024-10-31T20:00:00Z,XOM,MarketOnOpen,Sell,-208,110.046283,-22889.63,4.5549,Filled,closed
4921,2024-10-31T04:00:00Z,2024-10-31T20:00:00Z,GOOGL,MarketOnOpen,Sell,-136,171.982311,-23389.59,4.6217,Filled,
4922,2024-10-31T04:00:00Z,2024-10-31T20:00:00Z,AMZN,MarketOnOpen,Sell,-123,190.5,-23431.5,4.5854,Filled,
4923,2024-10-31T04:00:00Z,2024-10-31T20:00:00Z,AVGO,MarketOnOpen,Sell,-136,171.480634,-23321.37,4.5391,Filled,
4924,2024-10-31T04:00:00Z,2024-10-31T20:00:00Z,HD,MarketOnOpen,Buy,63,370.951804,23369.96,4.7129,Filled,
4925,2024-10-31T04:00:00Z,2024-10-31T20:00:00Z,WFC,MarketOnOpen,Buy,378,62.324409,23558.63,4.698,Filled,
4926,2024-10-31T04:00:00Z,2024-10-31T20:00:00Z,IBM,MarketOnOpen,Sell,-122,193.491051,-23605.91,4.7811,Filled,
4927,2024-10-31T04:00:00Z,2024-10-31T20:00:00Z,SO,MarketOnOpen,Buy,287,83.804688,24051.95,4.8284,Filled,
4928,2024-10-31T04:00:00Z,2024-10-31T20:00:00Z,SPY,MarketOnOpen,Buy,164,562.646493,92274.02,18.2307,Filled,
4929,2024-11-01T04:00:00Z,2024-11-01T20:00:00Z,AMAT,MarketOnOpen,Sell,-126,178.967687,-22549.93,4.5484,Filled,closed
4930,2024-11-01T04:00:00Z,2024-11-01T20:00:00Z,CB,MarketOnOpen,Sell,-85,275.178042,-23390.13,4.5972,Filled,closed
4931,2024-11-01T04:00:00Z,2024-11-01T20:00:00Z,COST,MarketOnOpen,Sell,-27,864.721268,-23347.47,4.6922,Filled,closed
4932,2024-11-01T04:00:00Z,2024-11-01T20:00:00Z,CRM,MarketOnOpen,Sell,-81,286.057537,-23170.66,4.7058,Filled,closed
4933,2024-11-01T04:00:00Z,2024-11-01T20:00:00Z,IBM,MarketOnOpen,Buy,122,196.941339,24026.84,4.8165,Filled,closed
4934,2024-11-01T04:00:00Z,2024-11-01T20:00:00Z,LIN,MarketOnOpen,Sell,-49,445.044915,-21807.2,4.368,Filled,closed
4935,2024-11-01T04:00:00Z,2024-11-01T20:00:00Z,MRSH,MarketOnOpen,Sell,-110,212.48811,-23373.69,4.6698,Filled,closed
4936,2024-11-01T04:00:00Z,2024-11-01T20:00:00Z,MS,MarketOnOpen,Buy,211,111.862479,23602.98,4.719,Filled,closed
4937,2024-11-01T04:00:00Z,2024-11-01T20:00:00Z,PLD,MarketOnOpen,Sell,-218,107.387855,-23410.55,4.6246,Filled,closed
4938,2024-11-01T04:00:00Z,2024-11-01T20:00:00Z,REGN,MarketOnOpen,Sell,-25,836.714079,-20917.85,4.1786,Filled,closed
4939,2024-11-01T04:00:00Z,2024-11-01T20:00:00Z,SPGI,MarketOnOpen,Sell,-51,448.543148,-22875.7,4.5888,Filled,closed
4940,2024-11-01T04:00:00Z,2024-11-01T20:00:00Z,TMUS,MarketOnOpen,Buy,110,214.04064,23544.47,4.7148,Filled,closed
4941,2024-11-01T04:00:00Z,2024-11-01T20:00:00Z,KO,MarketOnOpen,Buy,385,61.912504,23836.31,4.7338,Filled,
4942,2024-11-01T04:00:00Z,2024-11-01T20:00:00Z,AMD,MarketOnOpen,Sell,-165,144.05,-23768.25,4.6814,Filled,
4943,2024-11-01T04:00:00Z,2024-11-01T20:00:00Z,VZ,MarketOnOpen,Sell,-634,37.532378,-23795.53,4.6721,Filled,
4944,2024-11-01T04:00:00Z,2024-11-01T20:00:00Z,AMGN,MarketOnOpen,Sell,-78,300.610741,-23447.64,4.6886,Filled,
4945,2024-11-01T04:00:00Z,2024-11-01T20:00:00Z,INTU,MarketOnOpen,Sell,-39,595.437854,-23222.08,4.7729,Filled,
4946,2024-11-01T04:00:00Z,2024-11-01T20:00:00Z,T,MarketOnOpen,Buy,1143,20.882316,23868.49,4.6723,Filled,
4947,2024-11-01T04:00:00Z,2024-11-01T20:00:00Z,BKNG,MarketOnOpen,Buy,129,183.747767,23703.46,4.822,Filled,
4948,2024-11-01T04:00:00Z,2024-11-01T20:00:00Z,BLK,MarketOnOpen,Buy,25,943.979933,23599.5,4.7251,Filled,
4949,2024-11-01T04:00:00Z,2024-11-01T20:00:00Z,ETN,MarketOnOpen,Buy,73,328.021849,23945.59,4.7756,Filled,
4950,2024-11-01T04:00:00Z,2024-11-01T20:00:00Z,BX,MarketOnOpen,Buy,150,158.737472,23810.62,4.7441,Filled,
4951,2024-11-01T04:00:00Z,2024-11-01T20:00:00Z,ANET,MarketOnOpen,Sell,-246,96.7575,-23802.35,4.849,Filled,
4952,2024-11-01T04:00:00Z,2024-11-01T20:00:00Z,C,MarketOnOpen,Sell,-390,61.120197,-23836.88,4.7214,Filled,
4953,2024-11-01T04:00:00Z,2024-11-01T20:00:00Z,MU,MarketOnOpen,Buy,240,99.48691,23876.86,4.7625,Filled,
4954,2024-11-01T04:00:00Z,2024-11-01T20:00:00Z,DE,MarketOnOpen,Sell,-60,396.6051,-23796.31,4.6962,Filled,
4955,2024-11-01T04:00:00Z,2024-11-01T20:00:00Z,SPY,MarketOnOpen,Buy,236,558.433706,131790.35,26.3452,Filled,
4956,2024-11-04T05:00:00Z,2024-11-04T21:00:00Z,AVGO,MarketOnOpen,Buy,136,166.988422,22710.43,4.5065,Filled,closed
4957,2024-11-04T05:00:00Z,2024-11-04T21:00:00Z,GILD,MarketOnOpen,Sell,-281,84.947095,-23870.13,4.7847,Filled,closed
4958,2024-11-04T05:00:00Z,2024-11-04T21:00:00Z,MELI,MarketOnOpen,Sell,-11,2059.0,-22649.0,4.5401,Filled,closed
4959,2024-11-04T05:00:00Z,2024-11-04T21:00:00Z,ANET,MarketOnOpen,Buy,246,99.72,24531.12,4.8611,Filled,closed
4960,2024-11-04T05:00:00Z,2024-11-04T21:00:00Z,INTU,MarketOnOpen,Buy,39,613.15336,23912.98,4.752,Filled,closed
4961,2024-11-04T05:00:00Z,2024-11-04T21:00:00Z,KO,MarketOnOpen,Sell,-385,61.543696,-23694.32,4.741,Filled,closed
4962,2024-11-04T05:00:00Z,2024-11-04T21:00:00Z,LLY,MarketOnOpen,Sell,-28,793.883514,-22228.74,4.452,Filled,closed
4963,2024-11-04T05:00:00Z,2024-11-04T21:00:00Z,PLTR,MarketOnOpen,Sell,-542,41.05,-22249.1,4.4888,Filled,closed
4964,2024-11-04T05:00:00Z,2024-11-04T21:00:00Z,PG,MarketOnOpen,Sell,-149,157.884135,-23524.74,4.6885,Filled,closed
4965,2024-11-04T05:00:00Z,2024-11-04T21:00:00Z,VZ,MarketOnOpen,Buy,634,36.962221,23434.05,4.6382,Filled,closed
4966,2024-11-04T05:00:00Z,2024-11-04T21:00:00Z,WFC,MarketOnOpen,Sell,-378,61.807433,-23363.21,4.6104,Filled,closed
4967,2024-11-04T05:00:00Z,2024-11-04T21:00:00Z,AAPL,MarketOnOpen,Buy,107,219.315362,23466.74,4.7116,Filled,
4968,2024-11-04T05:00:00Z,2024-11-04T21:00:00Z,TSLA,MarketOnOpen,Buy,95,244.54,23231.3,4.614,Filled,
4969,2024-11-04T05:00:00Z,2024-11-04T21:00:00Z,COST,MarketOnOpen,Buy,27,872.912186,23568.63,4.739,Filled,
4970,2024-11-04T05:00:00Z,2024-11-04T21:00:00Z,CRM,MarketOnOpen,Buy,81,293.705977,23790.18,4.7584,Filled,
4971,2024-11-04T05:00:00Z,2024-11-04T21:00:00Z,ACN,MarketOnOpen,Buy,71,329.438241,23390.12,4.6597,Filled,
4972,2024-11-04T05:00:00Z,2024-11-04T21:00:00Z,PM,MarketOnOpen,Sell,-193,123.228736,-23783.15,4.724,Filled,
4973,2024-11-04T05:00:00Z,2024-11-04T21:00:00Z,AXP,MarketOnOpen,Sell,-88,267.251645,-23518.14,4.6667,Filled,
4974,2024-11-04T05:00:00Z,2024-11-04T21:00:00Z,DIS,MarketOnOpen,Sell,-253,93.743822,-23717.19,4.7365,Filled,
4975,2024-11-04T05:00:00Z,2024-11-04T21:00:00Z,PFE,MarketOnOpen,Buy,966,24.528011,23694.06,4.6831,Filled,
4976,2024-11-04T05:00:00Z,2024-11-04T21:00:00Z,RTX,MarketOnOpen,Buy,206,115.023716,23694.89,4.6964,Filled,
4977,2024-11-04T05:00:00Z,2024-11-04T21:00:00Z,VRTX,MarketOnOpen,Sell,-50,473.91,-23695.5,4.728,Filled,
4978,2024-11-04T05:00:00Z,2024-11-04T21:00:00Z,BMY,MarketOnOpen,Buy,473,50.065573,23681.02,4.8338,Filled,
4979,2024-11-04T05:00:00Z,2024-11-04T21:00:00Z,INTC,MarketOnOpen,Buy,1021,22.95,23431.95,4.5986,Filled,
4980,2024-11-04T05:00:00Z,2024-11-04T21:00:00Z,SPY,MarketOnOpen,Sell,-39,558.228443,-21770.91,4.3443,Filled,
4981,2024-11-05T05:00:00Z,2024-11-05T21:00:00Z,MU,MarketOnOpen,Sell,-240,101.476648,-24354.4,5.0375,Filled,closed
4982,2024-11-05T05:00:00Z,2024-11-05T21:00:00Z,BLK,MarketOnOpen,Sell,-25,951.654566,-23791.36,4.8655,Filled,closed
4983,2024-11-05T05:00:00Z,2024-11-05T21:00:00Z,BMY,MarketOnOpen,Sell,-473,50.811995,-24034.07,4.8774,Filled,closed
4984,2024-11-05T05:00:00Z,2024-11-05T21:00:00Z,LRCX,MarketOnOpen,Sell,-314,73.478635,-23072.29,4.7258,Filled,closed
4985,2024-11-05T05:00:00Z,2024-11-05T21:00:00Z,C,MarketOnOpen,Buy,390,60.387352,23551.07,4.7603,Filled,closed
4986,2024-11-05T05:00:00Z,2024-11-05T21:00:00Z,DIS,MarketOnOpen,Buy,253,93.294306,23603.46,4.78,Filled,closed
4987,2024-11-05T05:00:00Z,2024-11-05T21:00:00Z,UBER,MarketOnOpen,Sell,-298,73.55,-21917.9,4.4193,Filled,closed
4988,2024-11-05T05:00:00Z,2024-11-05T21:00:00Z,TSLA,MarketOnOpen,Sell,-95,247.23,-23486.85,4.7774,Filled,closed
4989,2024-11-05T05:00:00Z,2024-11-05T21:00:00Z,UNH,MarketOnOpen,Sell,-44,532.256727,-23419.3,4.7573,Filled,closed
4990,2024-11-05T05:00:00Z,2024-11-05T21:00:00Z,VRTX,MarketOnOpen,Buy,50,483.0,24150.0,4.9988,Filled,closed
4991,2024-11-05T05:00:00Z,2024-11-05T21:00:00Z,AVGO,MarketOnOpen,Buy,142,167.263656,23751.44,4.8547,Filled,
4992,2024-11-05T05:00:00Z,2024-11-05T21:00:00Z,V,MarketOnOpen,Sell,-82,287.377406,-23564.95,4.7385,Filled,
4993,2024-11-05T05:00:00Z,2024-11-05T21:00:00Z,XOM,MarketOnOpen,Buy,212,111.85647,23713.57,4.7308,Filled,
4994,2024-11-05T05:00:00Z,2024-11-05T21:00:00Z,CVX,MarketOnOpen,Sell,-167,142.285523,-23761.68,4.7167,Filled,
4995,2024-11-05T05:00:00Z,2024-11-05T21:00:00Z,VZ,MarketOnOpen,Sell,-647,36.525695,-23632.12,4.7564,Filled,
4996,2024-11-05T05:00:00Z,2024-11-05T21:00:00Z,ANET,MarketOnOpen,Sell,-239,99.4675,-23772.73,4.8431,Filled,
4997,2024-11-05T05:00:00Z,2024-11-05T21:00:00Z,KKR,MarketOnOpen,Sell,-175,135.215135,-23662.65,4.7953,Filled,
4998,2024-11-05T05:00:00Z,2024-11-05T21:00:00Z,CB,MarketOnOpen,Buy,88,270.011569,23761.02,4.7574,Filled,
4999,2024-11-05T05:00:00Z,2024-11-05T21:00:00Z,SBUX,MarketOnOpen,Buy,256,91.921367,23531.87,4.7268,Filled,
5000,2024-11-05T05:00:00Z,2024-11-05T21:00:00Z,ELV,MarketOnOpen,Buy,58,400.694823,23240.3,4.6664,Filled,
5001,2024-11-05T05:00:00Z,2024-11-05T21:00:00Z,SPY,MarketOnOpen,Buy,114,557.935209,63604.61,12.8522,Filled,
5002,2024-11-06T05:00:00Z,2024-11-06T21:00:00Z,AMD,MarketOnOpen,Buy,165,145.0,23925.0,4.7883,Filled,closed
5003,2024-11-06T05:00:00Z,2024-11-06T21:00:00Z,AXP,MarketOnOpen,Buy,88,282.629434,24871.39,5.0979,Filled,closed
5004,2024-11-06T05:00:00Z,2024-11-06T21:00:00Z,DE,MarketOnOpen,Buy,60,403.270567,24196.23,4.7582,Filled,closed
5005,2024-11-06T05:00:00Z,2024-11-06T21:00:00Z,ELV,MarketOnOpen,Sell,-58,392.933786,-22790.16,4.791,Filled,closed
5006,2024-11-06T05:00:00Z,2024-11-06T21:00:00Z,ANET,MarketOnOpen,Buy,239,104.14625,24890.95,5.0531,Filled,closed
5007,2024-11-06T05:00:00Z,2024-11-06T21:00:00Z,PM,MarketOnOpen,Buy,193,124.524596,24033.25,4.542,Filled,closed
5008,2024-11-06T05:00:00Z,2024-11-06T21:00:00Z,SBUX,MarketOnOpen,Sell,-256,92.235156,-23612.2,4.6776,Filled,closed
5009,2024-11-06T05:00:00Z,2024-11-06T21:00:00Z,SO,MarketOnOpen,Sell,-287,81.291194,-23330.57,4.6369,Filled,closed
5010,2024-11-06T05:00:00Z,2024-11-06T21:00:00Z,TJX,MarketOnOpen,Sell,-215,113.310621,-24361.78,4.851,Filled,closed
5011,2024-11-06T05:00:00Z,2024-11-06T21:00:00Z,VZ,MarketOnOpen,Buy,647,36.890952,23868.45,4.7449,Filled,closed
5012,2024-11-06T05:00:00Z,2024-11-06T21:00:00Z,NVDA,MarketOnOpen,Buy,341,142.617318,48632.51,9.904,Filled,
5013,2024-11-06T05:00:00Z,2024-11-06T21:00:00Z,AAPL,MarketOnOpen,Sell,-213,220.723582,-47014.12,9.4092,Filled,
5014,2024-11-06T05:00:00Z,2024-11-06T21:00:00Z,PEP,MarketOnOpen,Sell,-152,154.571682,-23494.9,4.6332,Filled,
5015,2024-11-06T05:00:00Z,2024-11-06T21:00:00Z,ABT,MarketOnOpen,Sell,-208,116.226752,-24175.16,4.6815,Filled,
5016,2024-11-06T05:00:00Z,2024-11-06T21:00:00Z,CAT,MarketOnOpen,Buy,63,399.156212,25146.84,5.1431,Filled,
5017,2024-11-06T05:00:00Z,2024-11-06T21:00:00Z,INTU,MarketOnOpen,Sell,-38,632.95536,-24052.3,4.8499,Filled,
5018,2024-11-06T05:00:00Z,2024-11-06T21:00:00Z,AMAT,MarketOnOpen,Sell,-129,186.024819,-23997.2,4.7619,Filled,
5019,2024-11-06T05:00:00Z,2024-11-06T21:00:00Z,SPGI,MarketOnOpen,Sell,-51,468.788885,-23908.23,4.6522,Filled,
5020,2024-11-06T05:00:00Z,2024-11-06T21:00:00Z,VRTX,MarketOnOpen,Buy,47,505.35,23751.45,4.6402,Filled,
5021,2024-11-06T05:00:00Z,2024-11-06T21:00:00Z,BSX,MarketOnOpen,Sell,-276,87.9,-24260.4,4.7715,Filled,
5022,2024-11-06T05:00:00Z,2024-11-06T21:00:00Z,COP,MarketOnOpen,Sell,-230,105.185237,-24192.6,4.9089,Filled,
5023,2024-11-06T05:00:00Z,2024-11-06T21:00:00Z,MELI,MarketOnOpen,Buy,11,2101.84,23120.24,4.6581,Filled,
5024,2024-11-06T05:00:00Z,2024-11-06T21:00:00Z,LRCX,MarketOnOpen,Buy,314,76.512338,24024.87,4.7493,Filled,
5025,2024-11-06T05:00:00Z,2024-11-06T21:00:00Z,SPY,MarketOnOpen,Sell,-51,576.017936,-29376.91,5.8926,Filled,
5026,2024-11-07T21:00:00Z,,AAPL,MarketOnOpen,Buy,106,0.0,0.0,0.0,Canceled,closed
5027,2024-11-07T21:00:00Z,,ABT,MarketOnOpen,Buy,208,0.0,0.0,0.0,Canceled,closed
5028,2024-11-07T21:00:00Z,,AMGN,MarketOnOpen,Buy,78,0.0,0.0,0.0,Canceled,closed
5029,2024-11-07T21:00:00Z,,AMT,MarketOnOpen,Sell,-112,0.0,0.0,0.0,Canceled,closed
5030,2024-11-07T21:00:00Z,,BX,MarketOnOpen,Sell,-150,0.0,0.0,0.0,Canceled,closed
5031,2024-11-07T21:00:00Z,,AVGO,MarketOnOpen,Sell,-142,0.0,0.0,0.0,Canceled,closed
5032,2024-11-07T21:00:00Z,,CVX,MarketOnOpen,Buy,167,0.0,0.0,0.0,Canceled,closed
5033,2024-11-07T21:00:00Z,,ETN,MarketOnOpen,Sell,-73,0.0,0.0,0.0,Canceled,closed
5034,2024-11-07T21:00:00Z,,MELI,MarketOnOpen,Sell,-11,0.0,0.0,0.0,Canceled,closed
5035,2024-11-07T21:00:00Z,,GS,MarketOnOpen,Sell,-47,0.0,0.0,0.0,Canceled,closed
5036,2024-11-07T21:00:00Z,2024-11-08T21:00:00Z,INTC,MarketOnOpen,Sell,-1021,26.0,-26546.0,5.35,Filled,closed
5037,2024-11-07T21:00:00Z,,INTU,MarketOnOpen,Buy,38,0.0,0.0,0.0,Canceled,closed
5038,2024-11-07T21:00:00Z,2024-11-08T21:00:00Z,NEE,MarketOnOpen,Sell,-318,70.422932,-22394.49,4.615,Filled,closed
5039,2024-11-07T21:00:00Z,,NVDA,MarketOnOpen,Sell,-169,0.0,0.0,0.0,Canceled,closed
5040,2024-11-07T21:00:00Z,2024-11-08T21:00:00Z,PEP,MarketOnOpen,Buy,152,151.601463,23043.42,4.6444,Filled,closed
5041,2024-11-07T21:00:00Z,,XOM,MarketOnOpen,Sell,-212,0.0,0.0,0.0,Canceled,closed
5042,2024-11-07T21:00:00Z,2024-11-08T21:00:00Z,TSLA,MarketOnOpen,Buy,79,299.29,23643.91,5.0753,Filled,
5043,2024-11-07T21:00:00Z,2024-11-08T21:00:00Z,LLY,MarketOnOpen,Buy,29,790.303641,22918.81,4.7585,Filled,
5044,2024-11-07T21:00:00Z,2024-11-08T21:00:00Z,JPM,MarketOnOpen,Sell,-102,230.758945,-23537.41,4.6679,Filled,
5045,2024-11-07T21:00:00Z,2024-11-08T21:00:00Z,JNJ,MarketOnOpen,Buy,157,148.732003,23350.92,4.6247,Filled,
5046,2024-11-07T21:00:00Z,2024-11-08T21:00:00Z,PG,MarketOnOpen,Buy,150,156.511727,23476.76,4.7951,Filled,
5047,2024-11-07T21:00:00Z,2024-11-08T21:00:00Z,WFC,MarketOnOpen,Sell,-350,67.406456,-23592.26,4.7208,Filled,
5048,2024-11-07T21:00:00Z,2024-11-08T21:00:00Z,AXP,MarketOnOpen,Sell,-83,281.334049,-23350.73,4.6851,Filled,
5049,2024-11-07T21:00:00Z,2024-11-08T21:00:00Z,CAT,MarketOnOpen,Sell,-121,392.595974,-47504.11,9.321,Filled,
5050,2024-11-07T21:00:00Z,2024-11-08T21:00:00Z,TXN,MarketOnOpen,Buy,113,206.746919,23362.4,4.7422,Filled,
5051,2024-11-07T21:00:00Z,2024-11-08T21:00:00Z,PM,MarketOnOpen,Sell,-201,116.862122,-23489.29,4.7654,Filled,
5052,2024-11-07T21:00:00Z,2024-11-08T21:00:00Z,QCOM,MarketOnOpen,Sell,-141,164.86845,-23246.45,4.6174,Filled,
5053,2024-11-07T21:00:00Z,2024-11-08T21:00:00Z,DIS,MarketOnOpen,Sell,-242,96.377405,-23323.33,4.6833,Filled,
5054,2024-11-07T21:00:00Z,2024-11-08T21:00:00Z,BLK,MarketOnOpen,Buy,23,998.642511,22968.78,4.5863,Filled,
5055,2024-11-07T21:00:00Z,2024-11-08T21:00:00Z,UBER,MarketOnOpen,Buy,320,73.25,23440.0,4.6106,Filled,
5056,2024-11-07T21:00:00Z,2024-11-08T21:00:00Z,AMAT,MarketOnOpen,Buy,251,189.263029,47505.02,9.4882,Filled,
5057,2024-11-07T21:00:00Z,2024-11-08T21:00:00Z,PGR,MarketOnOpen,Sell,-99,238.852649,-23646.41,4.7668,Filled,
5058,2024-11-07T21:00:00Z,2024-11-08T21:00:00Z,UNP,MarketOnOpen,Sell,-101,231.46138,-23377.6,4.6664,Filled,
5059,2024-11-07T21:00:00Z,2024-11-08T21:00:00Z,LOW,MarketOnOpen,Sell,-91,259.6603,-23629.09,4.7631,Filled,
5060,2024-11-07T21:00:00Z,2024-11-08T21:00:00Z,SYK,MarketOnOpen,Buy,64,364.892646,23353.13,4.7317,Filled,
5061,2024-11-07T21:00:00Z,,KKR,MarketOnOpen,Buy,332,0.0,0.0,0.0,Canceled,closed
5062,2024-11-07T21:00:00Z,2024-11-08T21:00:00Z,SCHW,MarketOnOpen,Buy,328,71.858807,23569.69,4.7422,Filled,
5063,2024-11-07T21:00:00Z,2024-11-08T21:00:00Z,C,MarketOnOpen,Sell,-359,65.889311,-23654.26,4.7233,Filled,
5064,2024-11-07T21:00:00Z,2024-11-08T21:00:00Z,LMT,MarketOnOpen,Sell,-88,526.663881,-46346.42,9.421,Filled,
5065,2024-11-07T21:00:00Z,2024-11-08T21:00:00Z,TJX,MarketOnOpen,Sell,-205,114.286259,-23428.68,4.7133,Filled,
5066,2024-11-07T21:00:00Z,2024-11-08T21:00:00Z,VRTX,MarketOnOpen,Sell,-93,507.17,-47166.81,9.6114,Filled,
5067,2024-11-07T21:00:00Z,2024-11-08T21:00:00Z,PLTR,MarketOnOpen,Sell,-419,55.55,-23275.45,4.8931,Filled,
5068,2024-11-07T21:00:00Z,2024-11-08T21:00:00Z,PANW,MarketOnOpen,Sell,-121,194.635,-23550.83,4.737,Filled,
5069,2024-11-07T21:00:00Z,2024-11-08T21:00:00Z,ADP,MarketOnOpen,Sell,-80,290.968911,-23277.51,4.6413,Filled,
5070,2024-11-07T21:00:00Z,2024-11-08T21:00:00Z,MU,MarketOnOpen,Sell,-207,111.594467,-23100.05,4.6089,Filled,
5071,2024-11-07T21:00:00Z,2024-11-08T21:00:00Z,MDT,MarketOnOpen,Buy,284,82.659435,23475.28,4.6695,Filled,
5072,2024-11-07T21:00:00Z,2024-11-08T21:00:00Z,UPS,MarketOnOpen,Buy,198,118.340971,23431.51,4.6279,Filled,
5073,2024-11-07T21:00:00Z,2024-11-08T21:00:00Z,GILD,MarketOnOpen,Buy,252,91.021514,22937.42,4.6121,Filled,
5074,2024-11-07T21:00:00Z,2024-11-08T21:00:00Z,ADI,MarketOnOpen,Buy,106,219.977209,23317.58,4.6479,Filled,
5075,2024-11-07T21:00:00Z,2024-11-08T21:00:00Z,NKE,MarketOnOpen,Buy,326,71.266709,23232.95,4.6855,Filled,
5076,2024-11-07T21:00:00Z,,PLD,MarketOnOpen,Buy,219,0.0,0.0,0.0,Invalid,
5077,2024-11-07T21:00:00Z,,ELV,MarketOnOpen,Buy,56,0.0,0.0,0.0,Invalid,
5078,2024-11-07T21:00:00Z,2024-11-08T21:00:00Z,SPY,MarketOnOpen,Buy,283,582.75253,164918.97,33.0939,Filled,
5079,2024-11-08T05:00:00Z,2024-11-08T21:00:00Z,AAPL,MarketOnOpen,Buy,106,225.503502,23903.37,4.7769,Filled,closed
5080,2024-11-08T05:00:00Z,2024-11-08T21:00:00Z,ABT,MarketOnOpen,Buy,208,110.994958,23086.95,4.6731,Filled,closed
5081,2024-11-08T05:00:00Z,2024-11-08T21:00:00Z,ACN,MarketOnOpen,Sell,-71,344.228371,-24440.21,4.8173,Filled,closed
5082,2024-11-08T05:00:00Z,2024-11-08T21:00:00Z,AMGN,MarketOnOpen,Buy,78,303.623627,23682.64,4.7777,Filled,closed
5083,2024-11-08T05:00:00Z,2024-11-08T21:00:00Z,AMT,MarketOnOpen,Sell,-112,187.360405,-20984.37,4.2453,Filled,closed
5084,2024-11-08T05:00:00Z,2024-11-08T21:00:00Z,BX,MarketOnOpen,Sell,-150,165.650142,-24847.52,5.007,Filled,closed
5085,2024-11-08T05:00:00Z,2024-11-08T21:00:00Z,AVGO,MarketOnOpen,Sell,-142,180.121017,-25577.18,5.1266,Filled,closed
5086,2024-11-08T05:00:00Z,2024-11-08T21:00:00Z,CB,MarketOnOpen,Sell,-88,273.257674,-24046.68,4.8272,Filled,closed
5087,2024-11-08T05:00:00Z,2024-11-08T21:00:00Z,KKR,MarketOnOpen,Buy,175,148.601601,26005.28,5.2511,Filled,closed
5088,2024-11-08T05:00:00Z,2024-11-08T21:00:00Z,CVX,MarketOnOpen,Buy,167,144.126215,24069.08,4.824,Filled,closed
5089,2024-11-08T05:00:00Z,2024-11-08T21:00:00Z,ETN,MarketOnOpen,Sell,-73,354.481023,-25877.11,5.2418,Filled,closed
5090,2024-11-08T05:00:00Z,2024-11-08T21:00:00Z,MELI,MarketOnOpen,Sell,-11,1825.9,-20084.9,4.1184,Filled,closed
5091,2024-11-08T05:00:00Z,2024-11-08T21:00:00Z,GS,MarketOnOpen,Sell,-47,563.685267,-26493.21,5.3236,Filled,closed
5092,2024-11-08T05:00:00Z,2024-11-08T21:00:00Z,INTU,MarketOnOpen,Buy,38,667.284074,25356.79,5.1179,Filled,closed
5093,2024-11-08T05:00:00Z,2024-11-08T21:00:00Z,NVDA,MarketOnOpen,Sell,-169,148.401796,-25079.9,4.9765,Filled,closed
5094,2024-11-08T05:00:00Z,2024-11-08T21:00:00Z,SHOP,MarketOnOpen,Sell,-300,85.67,-25701.0,5.2272,Filled,closed
5095,2024-11-08T05:00:00Z,2024-11-08T21:00:00Z,XOM,MarketOnOpen,Sell,-212,113.422799,-24045.63,4.8163,Filled,closed
5096,2024-11-08T05:00:00Z,2024-11-08T21:00:00Z,AMD,MarketOnOpen,Sell,-156,149.25,-23283.0,4.616,Filled,
5097,2024-11-08T05:00:00Z,2024-11-08T21:00:00Z,PEP,MarketOnOpen,Buy,154,151.601463,23346.63,4.7055,Filled,
5098,2024-11-08T05:00:00Z,2024-11-08T21:00:00Z,MS,MarketOnOpen,Sell,-190,123.260222,-23419.44,4.7104,Filled,
5099,2024-11-08T05:00:00Z,2024-11-08T21:00:00Z,ISRG,MarketOnOpen,Sell,-44,525.0,-23100.0,4.7208,Filled,
5100,2024-11-08T05:00:00Z,2024-11-08T21:00:00Z,DHR,MarketOnOpen,Sell,-96,243.688814,-23394.13,4.657,Filled,
5101,2024-11-08T05:00:00Z,2024-11-08T21:00:00Z,VZ,MarketOnOpen,Buy,649,36.196072,23491.25,4.6809,Filled,
5102,2024-11-08T05:00:00Z,2024-11-08T21:00:00Z,SPGI,MarketOnOpen,Buy,101,462.850136,46747.86,9.4545,Filled,
5103,2024-11-08T05:00:00Z,2024-11-08T21:00:00Z,NEE,MarketOnOpen,Sell,-333,70.422932,-23450.84,4.8327,Filled,
5104,2024-11-08T05:00:00Z,2024-11-08T21:00:00Z,ANET,MarketOnOpen,Buy,217,101.615,22050.46,4.3426,Filled,
5105,2024-11-08T05:00:00Z,2024-11-08T21:00:00Z,SCHW,MarketOnOpen,Sell,-656,71.858807,-47139.38,9.4843,Filled,
5106,2024-11-08T05:00:00Z,2024-11-08T21:00:00Z,GILD,MarketOnOpen,Sell,-504,91.021514,-45874.84,9.2242,Filled,
5107,2024-11-08T05:00:00Z,2024-11-08T21:00:00Z,FISV,MarketOnOpen,Buy,112,209.995,23519.44,4.7217,Filled,
5108,2024-11-08T05:00:00Z,2024-11-08T21:00:00Z,DELL,MarketOnOpen,Buy,174,134.520293,23406.53,4.5462,Filled,
5109,2024-11-08T05:00:00Z,2024-11-08T21:00:00Z,SPY,MarketOnOpen,Sell,-5,582.75253,-2913.76,0.5847,Filled,
5110,2024-11-11T21:00:00Z,,ADI,MarketOnOpen,Sell,-106,0.0,0.0,0.0,Canceled,closed
5111,2024-11-11T21:00:00Z,,AXP,MarketOnOpen,Buy,83,0.0,0.0,0.0,Canceled,closed
5112,2024-11-11T21:00:00Z,,DELL,MarketOnOpen,Sell,-174,0.0,0.0,0.0,Canceled,closed
5113,2024-11-11T21:00:00Z,2024-11-12T21:00:00Z,CRM,MarketOnOpen,Sell,-81,334.372806,-27084.2,5.4472,Filled,closed
5114,2024-11-11T21:00:00Z,,CSCO,MarketOnOpen,Sell,-443,0.0,0.0,0.0,Canceled,closed
5115,2024-11-11T21:00:00Z,,DHR,MarketOnOpen,Buy,96,0.0,0.0,0.0,Canceled,closed
5116,2024-11-11T21:00:00Z,,DIS,MarketOnOpen,Buy,242,0.0,0.0,0.0,Canceled,closed
5117,2024-11-11T21:00:00Z,2024-11-12T21:00:00Z,GILD,MarketOnOpen,Buy,252,91.305808,23009.06,4.5063,Filled,closed
5118,2024-11-11T21:00:00Z,,HD,MarketOnOpen,Sell,-63,0.0,0.0,0.0,Canceled,closed
5119,2024-11-11T21:00:00Z,,ISRG,MarketOnOpen,Buy,44,0.0,0.0,0.0,Canceled,closed
5120,2024-11-11T21:00:00Z,2024-11-12T21:00:00Z,LMT,MarketOnOpen,Buy,44,544.536339,23959.6,4.7222,Filled,closed
5121,2024-11-11T21:00:00Z,2024-11-12T21:00:00Z,LOW,MarketOnOpen,Buy,91,266.195731,24223.81,4.742,Filled,closed
5122,2024-11-11T21:00:00Z,,MDT,MarketOnOpen,Sell,-284,0.0,0.0,0.0,Canceled,closed
5123,2024-11-11T21:00:00Z,,MS,MarketOnOpen,Buy,190,0.0,0.0,0.0,Canceled,closed
5124,2024-11-11T21:00:00Z,2024-11-12T21:00:00Z,NKE,MarketOnOpen,Sell,-326,72.545248,-23649.75,4.7337,Filled,closed
5125,2024-11-11T21:00:00Z,,PEP,MarketOnOpen,Sell,-154,0.0,0.0,0.0,Canceled,closed
5126,2024-11-11T21:00:00Z,,PM,MarketOnOpen,Buy,201,0.0,0.0,0.0,Canceled,closed
5127,2024-11-11T21:00:00Z,,QCOM,MarketOnOpen,Buy,141,0.0,0.0,0.0,Canceled,closed
5128,2024-11-11T21:00:00Z,2024-11-12T21:00:00Z,SYK,MarketOnOpen,Sell,-64,375.029918,-24001.91,4.872,Filled,closed
5129,2024-11-11T21:00:00Z,2024-11-12T21:00:00Z,TSLA,MarketOnOpen,Sell,-79,342.74,-27076.46,5.1901,Filled,closed
5130,2024-11-11T21:00:00Z,,TXN,MarketOnOpen,Sell,-113,0.0,0.0,0.0,Canceled,closed
5131,2024-11-11T21:00:00Z,2024-11-12T21:00:00Z,VRTX,MarketOnOpen,Buy,46,503.0,23138.0,4.508,Filled,closed
5132,2024-11-11T21:00:00Z,2024-11-12T21:00:00Z,WFC,MarketOnOpen,Buy,350,70.073636,24525.77,4.8934,Filled,closed
5133,2024-11-11T21:00:00Z,2024-11-12T21:00:00Z,LIN,MarketOnOpen,Buy,52,445.191036,23149.93,4.6157,Filled,
5134,2024-11-11T21:00:00Z,2024-11-12T21:00:00Z,NOW,MarketOnOpen,Sell,-112,205.606,-23027.87,4.6963,Filled,
5135,2024-11-11T21:00:00Z,2024-11-12T21:00:00Z,NEE,MarketOnOpen,Buy,659,71.243119,46949.22,9.2271,Filled,
5136,2024-11-11T21:00:00Z,2024-11-12T21:00:00Z,PFE,MarketOnOpen,Sell,-1970,23.233023,-45769.06,9.1503,Filled,
5137,2024-11-11T21:00:00Z,2024-11-12T21:00:00Z,UBER,MarketOnOpen,Sell,-646,71.84,-46408.64,9.221,Filled,
5138,2024-11-11T21:00:00Z,2024-11-12T21:00:00Z,ETN,MarketOnOpen,Sell,-64,363.861263,-23287.12,4.6246,Filled,
5139,2024-11-11T21:00:00Z,2024-11-12T21:00:00Z,HON,MarketOnOpen,Buy,109,227.173765,24761.94,4.8419,Filled,
5140,2024-11-11T21:00:00Z,2024-11-12T21:00:00Z,KKR,MarketOnOpen,Buy,152,152.791033,23224.24,4.5897,Filled,
5141,2024-11-11T21:00:00Z,2024-11-12T21:00:00Z,ANET,MarketOnOpen,Sell,-452,99.775,-45098.3,8.9403,Filled,
5142,2024-11-11T21:00:00Z,2024-11-12T21:00:00Z,CB,MarketOnOpen,Buy,85,273.53062,23250.1,4.688,Filled,
5143,2024-11-11T21:00:00Z,2024-11-12T21:00:00Z,BA,MarketOnOpen,Buy,156,148.31,23136.36,4.5293,Filled,
5144,2024-11-11T21:00:00Z,2024-11-12T21:00:00Z,INTC,MarketOnOpen,Buy,933,24.7,23045.1,4.5083,Filled,
5145,2024-11-11T21:00:00Z,2024-11-12T21:00:00Z,DE,MarketOnOpen,Buy,59,391.434964,23094.66,4.541,Filled,
5146,2024-11-11T21:00:00Z,2024-11-12T21:00:00Z,ELV,MarketOnOpen,Buy,57,408.398085,23278.69,4.5327,Filled,
5147,2024-11-11T21:00:00Z,2024-11-12T21:00:00Z,APP,MarketOnOpen,Buy,81,280.69,22735.89,4.6794,Filled,
5148,2024-11-12T05:00:00Z,2024-11-12T21:00:00Z,ABBV,MarketOnOpen,Sell,-132,166.13561,-21929.9,4.2634,Filled,closed
5149,2024-11-12T05:00:00Z,2024-11-12T21:00:00Z,ADI,MarketOnOpen,Sell,-106,214.083575,-22692.86,4.5192,Filled,closed
5150,2024-11-12T05:00:00Z,2024-11-12T21:00:00Z,AMAT,MarketOnOpen,Sell,-122,185.739384,-22660.2,4.4816,Filled,closed
5151,2024-11-12T05:00:00Z,2024-11-12T21:00:00Z,AMD,MarketOnOpen,Buy,156,147.0,22932.0,4.4813,Filled,closed
5152,2024-11-12T05:00:00Z,2024-11-12T21:00:00Z,AXP,MarketOnOpen,Buy,83,286.554842,23784.05,4.7,Filled,closed
5153,2024-11-12T05:00:00Z,2024-11-12T21:00:00Z,LRCX,MarketOnOpen,Sell,-314,75.350075,-23659.92,4.6825,Filled,closed
5154,2024-11-12T05:00:00Z,2024-11-12T21:00:00Z,CAT,MarketOnOpen,Buy,58,389.492101,22590.54,4.4638,Filled,closed
5155,2024-11-12T05:00:00Z,2024-11-12T21:00:00Z,DELL,MarketOnOpen,Sell,-174,135.036106,-23496.28,4.622,Filled,closed
5156,2024-11-12T05:00:00Z,2024-11-12T21:00:00Z,COST,MarketOnOpen,Sell,-27,925.960019,-25000.92,4.9867,Filled,closed
5157,2024-11-12T05:00:00Z,2024-11-12T21:00:00Z,CSCO,MarketOnOpen,Sell,-443,56.459605,-25011.6,4.9981,Filled,closed
5158,2024-11-12T05:00:00Z,2024-11-12T21:00:00Z,DHR,MarketOnOpen,Buy,96,241.514257,23185.37,4.5471,Filled,closed
5159,2024-11-12T05:00:00Z,2024-11-12T21:00:00Z,DIS,MarketOnOpen,Buy,242,98.453978,23825.86,4.7765,Filled,closed
5160,2024-11-12T05:00:00Z,2024-11-12T21:00:00Z,FISV,MarketOnOpen,Sell,-112,214.48,-24021.76,4.7932,Filled,closed
5161,2024-11-12T05:00:00Z,2024-11-12T21:00:00Z,HD,MarketOnOpen,Sell,-63,395.17529,-24896.04,4.8246,Filled,closed
5162,2024-11-12T05:00:00Z,2024-11-12T21:00:00Z,ISRG,MarketOnOpen,Buy,44,534.0,23496.0,4.7262,Filled,closed
5163,2024-11-12T05:00:00Z,2024-11-12T21:00:00Z,MDT,MarketOnOpen,Sell,-284,82.68755,-23483.26,4.7004,Filled,closed
5164,2024-11-12T05:00:00Z,2024-11-12T21:00:00Z,MS,MarketOnOpen,Buy,190,127.470975,24219.49,4.8115,Filled,closed
5165,2024-11-12T05:00:00Z,2024-11-12T21:00:00Z,NFLX,MarketOnOpen,Buy,308,80.8,24886.4,5.0481,Filled,closed
5166,2024-11-12T05:00:00Z,2024-11-12T21:00:00Z,PEP,MarketOnOpen,Sell,-154,151.832789,-23382.25,4.6836,Filled,closed
5167,2024-11-12T05:00:00Z,2024-11-12T21:00:00Z,PM,MarketOnOpen,Buy,201,117.622735,23642.17,4.6892,Filled,closed
5168,2024-11-12T05:00:00Z,2024-11-12T21:00:00Z,QCOM,MarketOnOpen,Buy,141,160.250715,22595.35,4.4148,Filled,closed
5169,2024-11-12T05:00:00Z,2024-11-12T21:00:00Z,TXN,MarketOnOpen,Sell,-113,205.165717,-23183.73,4.5806,Filled,closed
5170,2024-11-12T05:00:00Z,2024-11-12T21:00:00Z,UPS,MarketOnOpen,Sell,-198,116.1614,-22999.96,4.5476,Filled,closed
5171,2024-11-12T05:00:00Z,2024-11-12T21:00:00Z,TSLA,MarketOnOpen,Sell,-66,342.74,-22620.84,4.3361,Filled,
5172,2024-11-12T05:00:00Z,2024-11-12T21:00:00Z,AVGO,MarketOnOpen,Buy,132,175.864719,23214.14,4.573,Filled,
5173,2024-11-12T05:00:00Z,2024-11-12T21:00:00Z,CRM,MarketOnOpen,Sell,-69,334.372806,-23071.72,4.6402,Filled,
5174,2024-11-12T05:00:00Z,2024-11-12T21:00:00Z,ADBE,MarketOnOpen,Buy,46,504.39,23201.94,4.8431,Filled,
5175,2024-11-12T05:00:00Z,2024-11-12T21:00:00Z,TMO,MarketOnOpen,Sell,-43,545.313244,-23448.47,4.6179,Filled,
5176,2024-11-12T05:00:00Z,2024-11-12T21:00:00Z,IBM,MarketOnOpen,Buy,115,202.55371,23293.68,4.6332,Filled,
5177,2024-11-12T05:00:00Z,2024-11-12T21:00:00Z,GS,MarketOnOpen,Sell,-40,574.785975,-22991.44,4.5563,Filled,
5178,2024-11-12T05:00:00Z,2024-11-12T21:00:00Z,AMGN,MarketOnOpen,Buy,77,300.902614,23169.5,4.333,Filled,
5179,2024-11-12T05:00:00Z,2024-11-12T21:00:00Z,LOW,MarketOnOpen,Buy,88,266.195731,23425.22,4.5857,Filled,
5180,2024-11-12T05:00:00Z,2024-11-12T21:00:00Z,HON,MarketOnOpen,Sell,-218,227.173765,-49523.88,9.6838,Filled,
5181,2024-11-12T05:00:00Z,2024-11-12T21:00:00Z,BX,MarketOnOpen,Buy,135,171.321352,23128.38,4.5876,Filled,
5182,2024-11-12T05:00:00Z,2024-11-12T21:00:00Z,KKR,MarketOnOpen,Sell,-304,152.791033,-46448.47,9.1794,Filled,
5183,2024-11-12T05:00:00Z,2024-11-12T21:00:00Z,GILD,MarketOnOpen,Buy,254,91.305808,23191.68,4.5421,Filled,
5184,2024-11-12T05:00:00Z,2024-11-12T21:00:00Z,MU,MarketOnOpen,Buy,423,104.461255,44187.11,8.7617,Filled,
5185,2024-11-12T05:00:00Z,2024-11-12T21:00:00Z,SHOP,MarketOnOpen,Buy,259,107.23,27772.57,5.6421,Filled,
5186,2024-11-12T05:00:00Z,2024-11-12T21:00:00Z,SBUX,MarketOnOpen,Buy,245,95.211404,23326.79,4.6034,Filled,
5187,2024-11-12T05:00:00Z,2024-11-12T21:00:00Z,MRSH,MarketOnOpen,Buy,107,217.545275,23277.34,4.6683,Filled,
5188,2024-11-12T05:00:00Z,2024-11-12T21:00:00Z,PLD,MarketOnOpen,Buy,219,106.452502,23313.1,4.6192,Filled,
5189,2024-11-12T05:00:00Z,2024-11-12T21:00:00Z,SHW,MarketOnOpen,Buy,61,385.067378,23489.11,4.5981,Filled,
5190,2024-11-13T05:00:00Z,2024-11-13T21:00:00Z,ADBE,MarketOnOpen,Sell,-46,523.79,-24094.34,4.899,Filled,closed
5191,2024-11-13T05:00:00Z,2024-11-13T21:00:00Z,BA,MarketOnOpen,Sell,-156,145.22,-22654.32,4.3671,Filled,closed
5192,2024-11-13T05:00:00Z,2024-11-13T21:00:00Z,ELV,MarketOnOpen,Sell,-57,397.48834,-22656.84,4.5104,Filled,closed
5193,2024-11-13T05:00:00Z,2024-11-13T21:00:00Z,GILD,MarketOnOpen,Sell,-254,89.268366,-22674.17,4.4593,Filled,closed
5194,2024-11-13T05:00:00Z,2024-11-13T21:00:00Z,LIN,MarketOnOpen,Sell,-52,441.801034,-22973.65,4.6224,Filled,closed
5195,2024-11-13T05:00:00Z,2024-11-13T21:00:00Z,SHW,MarketOnOpen,Sell,-61,378.24994,-23073.25,4.6415,Filled,closed
5196,2024-11-13T05:00:00Z,2024-11-13T21:00:00Z,NEE,MarketOnOpen,Sell,-326,70.35694,-22936.36,4.5633,Filled,closed
5197,2024-11-13T05:00:00Z,2024-11-13T21:00:00Z,NOW,MarketOnOpen,Buy,112,209.658,23481.7,4.6841,Filled,closed
5198,2024-11-13T05:00:00Z,2024-11-13T21:00:00Z,MRK,MarketOnOpen,Buy,252,92.218379,23239.03,4.6505,Filled,
5199,2024-11-13T05:00:00Z,2024-11-13T21:00:00Z,WFC,MarketOnOpen,Sell,-333,70.049564,-23326.5,4.6666,Filled,
5200,2024-11-13T05:00:00Z,2024-11-13T21:00:00Z,DHR,MarketOnOpen,Buy,98,236.305203,23157.91,4.6792,Filled,
5201,2024-11-13T05:00:00Z,2024-11-13T21:00:00Z,PGR,MarketOnOpen,Buy,195,241.6512,47121.98,9.3838,Filled,
5202,2024-11-13T05:00:00Z,2024-11-13T21:00:00Z,AMAT,MarketOnOpen,Sell,-126,181.172425,-22827.73,4.5338,Filled,
5203,2024-11-13T05:00:00Z,2024-11-13T21:00:00Z,SYK,MarketOnOpen,Sell,-61,380.191963,-23191.71,4.6584,Filled,
5204,2024-11-13T05:00:00Z,2024-11-13T21:00:00Z,UNP,MarketOnOpen,Buy,202,229.022024,46262.45,9.2911,Filled,
5205,2024-11-13T05:00:00Z,2024-11-13T21:00:00Z,BX,MarketOnOpen,Sell,-272,170.484308,-46371.73,9.2892,Filled,
5206,2024-11-13T05:00:00Z,2024-11-13T21:00:00Z,LMT,MarketOnOpen,Sell,-43,534.751524,-22994.32,4.5477,Filled,
5207,2024-11-13T05:00:00Z,2024-11-13T21:00:00Z,VRTX,MarketOnOpen,Sell,-47,491.34,-23092.98,4.6493,Filled,
5208,2024-11-13T05:00:00Z,2024-11-13T21:00:00Z,BMY,MarketOnOpen,Buy,428,54.562536,23352.77,4.6074,Filled,
5209,2024-11-13T05:00:00Z,2024-11-13T21:00:00Z,NKE,MarketOnOpen,Buy,320,73.047193,23375.1,4.638,Filled,
5210,2024-11-13T05:00:00Z,2024-11-13T21:00:00Z,ADI,MarketOnOpen,Buy,109,210.471661,22941.41,4.5051,Filled,
5211,2024-11-13T05:00:00Z,2024-11-13T21:00:00Z,LRCX,MarketOnOpen,Buy,312,73.518034,22937.63,4.539,Filled,
5212,2024-11-13T05:00:00Z,2024-11-13T21:00:00Z,SPY,MarketOnOpen,Sell,-118,583.886366,-68898.59,13.7758,Filled,
5213,2024-11-14T05:00:00Z,2024-11-14T21:00:00Z,BMY,MarketOnOpen,Sell,-428,54.074136,-23143.73,4.6145,Filled,closed
5214,2024-11-14T05:00:00Z,2024-11-14T21:00:00Z,LRCX,MarketOnOpen,Sell,-312,74.315858,-23186.55,4.5967,Filled,closed
5215,2024-11-14T05:00:00Z,2024-11-14T21:00:00Z,APP,MarketOnOpen,Sell,-81,284.57,-23050.17,4.61,Filled,closed
5216,2024-11-14T05:00:00Z,2024-11-14T21:00:00Z,IBM,MarketOnOpen,Sell,-115,200.623899,-23071.75,4.5922,Filled,closed
5217,2024-11-14T05:00:00Z,2024-11-14T21:00:00Z,MRSH,MarketOnOpen,Sell,-107,218.145934,-23341.61,4.5922,Filled,closed
5218,2024-11-14T05:00:00Z,2024-11-14T21:00:00Z,PGR,MarketOnOpen,Sell,-96,238.613299,-22906.88,4.5513,Filled,closed
5219,2024-11-14T05:00:00Z,2024-11-14T21:00:00Z,SBUX,MarketOnOpen,Sell,-245,94.54579,-23163.72,4.6234,Filled,closed
5220,2024-11-14T05:00:00Z,2024-11-14T21:00:00Z,NFLX,MarketOnOpen,Sell,-280,83.367,-23342.76,4.6887,Filled,
5221,2024-11-14T05:00:00Z,2024-11-14T21:00:00Z,INTU,MarketOnOpen,Buy,33,690.491388,22786.22,4.5519,Filled,
5222,2024-11-14T05:00:00Z,2024-11-14T21:00:00Z,PFE,MarketOnOpen,Buy,1986,23.640931,46950.89,9.1648,Filled,
5223,2024-11-14T05:00:00Z,2024-11-14T21:00:00Z,NEE,MarketOnOpen,Sell,-332,69.763012,-23161.32,4.7124,Filled,
5224,2024-11-14T05:00:00Z,2024-11-14T21:00:00Z,SHOP,MarketOnOpen,Sell,-461,115.0,-53015.0,10.0572,Filled,
5225,2024-11-14T05:00:00Z,2024-11-14T21:00:00Z,ETN,MarketOnOpen,Buy,128,361.79526,46309.79,9.0705,Filled,
5226,2024-11-14T05:00:00Z,2024-11-14T21:00:00Z,GILD,MarketOnOpen,Buy,265,87.477313,23181.49,4.6263,Filled,
5227,2024-11-14T05:00:00Z,2024-11-14T21:00:00Z,UPS,MarketOnOpen,Buy,197,117.970355,23240.16,4.6115,Filled,
5228,2024-11-14T05:00:00Z,2024-11-14T21:00:00Z,MDT,MarketOnOpen,Buy,282,82.190844,23177.82,4.5457,Filled,
5229,2024-11-14T05:00:00Z,2024-11-14T21:00:00Z,BA,MarketOnOpen,Buy,166,140.8,23372.8,4.5862,Filled,
5230,2024-11-14T05:00:00Z,2024-11-14T21:00:00Z,SPY,MarketOnOpen,Buy,47,583.837494,27440.36,5.4517,Filled,
5231,2024-11-15T05:00:00Z,2024-11-15T21:00:00Z,MU,MarketOnOpen,Sell,-216,97.119122,-20977.73,4.1405,Filled,closed
5232,2024-11-15T05:00:00Z,2024-11-15T21:00:00Z,AMAT,MarketOnOpen,Buy,126,165.355394,20834.78,4.1888,Filled,closed
5233,2024-11-15T05:00:00Z,2024-11-15T21:00:00Z,CRM,MarketOnOpen,Buy,69,322.08208,22223.66,4.4241,Filled,closed
5234,2024-11-15T05:00:00Z,2024-11-15T21:00:00Z,GS,MarketOnOpen,Buy,40,568.500379,22740.02,4.5636,Filled,closed
5235,2024-11-15T05:00:00Z,2024-11-15T21:00:00Z,INTU,MarketOnOpen,Sell,-33,680.236078,-22447.79,4.4682,Filled,closed
5236,2024-11-15T05:00:00Z,2024-11-15T21:00:00Z,TMO,MarketOnOpen,Buy,43,525.691659,22604.74,4.3816,Filled,closed
5237,2024-11-15T05:00:00Z,2024-11-15T21:00:00Z,TSLA,MarketOnOpen,Buy,141,310.52,43783.32,9.0443,Filled,
5238,2024-11-15T05:00:00Z,2024-11-15T21:00:00Z,PM,MarketOnOpen,Buy,194,120.561895,23389.01,4.6851,Filled,
5239,2024-11-15T05:00:00Z,2024-11-15T21:00:00Z,DIS,MarketOnOpen,Sell,-219,109.213068,-23917.66,4.9252,Filled,
5240,2024-11-15T05:00:00Z,2024-11-15T21:00:00Z,IBM,MarketOnOpen,Sell,-116,198.694088,-23048.51,4.5434,Filled,
5241,2024-11-15T05:00:00Z,2024-11-15T21:00:00Z,CAT,MarketOnOpen,Sell,-61,378.124285,-23065.58,4.5879,Filled,
5242,2024-11-15T05:00:00Z,2024-11-15T21:00:00Z,QCOM,MarketOnOpen,Sell,-148,156.159901,-23111.67,4.5514,Filled,
5243,2024-11-15T05:00:00Z,2024-11-15T21:00:00Z,NEE,MarketOnOpen,Buy,661,71.12999,47016.92,9.5156,Filled,
5244,2024-11-15T05:00:00Z,2024-11-15T21:00:00Z,PFE,MarketOnOpen,Sell,-1994,22.621161,-45106.59,8.7702,Filled,
5245,2024-11-15T05:00:00Z,2024-11-15T21:00:00Z,ETN,MarketOnOpen,Sell,-129,350.652553,-45234.18,9.0688,Filled,
5246,2024-11-15T05:00:00Z,2024-11-15T21:00:00Z,SCHW,MarketOnOpen,Buy,625,78.207346,48879.59,9.8603,Filled,
5247,2024-11-15T05:00:00Z,2024-11-15T21:00:00Z,MRSH,MarketOnOpen,Buy,108,214.202896,23133.91,4.6485,Filled,
5248,2024-11-15T05:00:00Z,2024-11-15T21:00:00Z,SPY,MarketOnOpen,Buy,58,576.467561,33435.12,6.6414,Filled,
5249,2024-11-18T05:00:00Z,2024-11-18T21:00:00Z,ADP,MarketOnOpen,Buy,80,283.33438,22666.75,4.5372,Filled,closed
5250,2024-11-18T05:00:00Z,2024-11-18T21:00:00Z,AMGN,MarketOnOpen,Sell,-77,265.147349,-20416.35,4.0742,Filled,closed
5251,2024-11-18T05:00:00Z,2024-11-18T21:00:00Z,CB,MarketOnOpen,Sell,-85,279.242984,-23735.65,4.7847,Filled,closed
5252,2024-11-18T05:00:00Z,2024-11-18T21:00:00Z,ANET,MarketOnOpen,Buy,235,94.975,22319.12,4.3513,Filled,closed
5253,2024-11-18T05:00:00Z,2024-11-18T21:00:00Z,MRK,MarketOnOpen,Sell,-252,90.33358,-22764.06,4.559,Filled,closed
5254,2024-11-18T05:00:00Z,2024-11-18T21:00:00Z,TSLA,MarketOnOpen,Sell,-75,340.68,-25551.0,5.0811,Filled,closed
5255,2024-11-18T05:00:00Z,2024-11-18T21:00:00Z,JPM,MarketOnOpen,Buy,200,239.391043,47878.21,9.4636,Filled,
5256,2024-11-18T05:00:00Z,2024-11-18T21:00:00Z,LLY,MarketOnOpen,Sell,-60,721.368354,-43282.1,8.628,Filled,
5257,2024-11-18T05:00:00Z,2024-11-18T21:00:00Z,WFC,MarketOnOpen,Buy,659,71.912738,47390.49,9.4026,Filled,
5258,2024-11-18T05:00:00Z,2024-11-18T21:00:00Z,PEP,MarketOnOpen,Buy,159,147.123002,23392.56,4.6588,Filled,
5259,2024-11-18T05:00:00Z,2024-11-18T21:00:00Z,ABT,MarketOnOpen,Sell,-209,111.35627,-23273.46,4.7266,Filled,
5260,2024-11-18T05:00:00Z,2024-11-18T21:00:00Z,TMO,MarketOnOpen,Sell,-45,507.420547,-22833.92,4.48,Filled,
5261,2024-11-18T05:00:00Z,2024-11-18T21:00:00Z,TXN,MarketOnOpen,Sell,-122,192.601829,-23497.42,4.8152,Filled,
5262,2024-11-18T05:00:00Z,2024-11-18T21:00:00Z,UBER,MarketOnOpen,Buy,645,71.43,46072.35,8.9436,Filled,
5263,2024-11-18T05:00:00Z,2024-11-18T21:00:00Z,SCHW,MarketOnOpen,Sell,-593,79.234459,-46986.03,9.4425,Filled,
5264,2024-11-18T05:00:00Z,2024-11-18T21:00:00Z,UNP,MarketOnOpen,Sell,-204,224.879902,-45875.5,9.149,Filled,
5265,2024-11-18T05:00:00Z,2024-11-18T21:00:00Z,PFE,MarketOnOpen,Buy,2075,22.097974,45853.3,9.1486,Filled,
5266,2024-11-18T05:00:00Z,2024-11-18T21:00:00Z,ETN,MarketOnOpen,Buy,131,352.091901,46124.04,9.1797,Filled,
5267,2024-11-18T05:00:00Z,2024-11-18T21:00:00Z,AMAT,MarketOnOpen,Sell,-140,165.040432,-23105.66,4.7052,Filled,
5268,2024-11-18T05:00:00Z,2024-11-18T21:00:00Z,MU,MarketOnOpen,Buy,243,96.014817,23331.6,4.7147,Filled,
5269,2024-11-18T05:00:00Z,2024-11-18T21:00:00Z,SPY,MarketOnOpen,Buy,59,573.017181,33808.01,6.7836,Filled,
5270,2024-11-19T21:00:00Z,2024-11-20T21:00:00Z,BA,MarketOnOpen,Sell,-166,145.91,-24221.06,4.8499,Filled,closed
5271,2024-11-19T21:00:00Z,2024-11-20T21:00:00Z,COP,MarketOnOpen,Buy,230,106.771415,24557.43,4.9345,Filled,closed
5272,2024-11-19T21:00:00Z,2024-11-20T21:00:00Z,HON,MarketOnOpen,Buy,109,217.092607,23663.09,4.7139,Filled,closed
5273,2024-11-19T21:00:00Z,2024-11-20T21:00:00Z,IBM,MarketOnOpen,Buy,116,201.579251,23383.19,4.7564,Filled,closed
5274,2024-11-19T21:00:00Z,2024-11-20T21:00:00Z,INTC,MarketOnOpen,Sell,-933,24.01,-22401.33,4.4803,Filled,closed
5275,2024-11-19T21:00:00Z,2024-11-20T21:00:00Z,NKE,MarketOnOpen,Sell,-320,69.760874,-22323.48,4.4465,Filled,closed
5276,2024-11-19T21:00:00Z,2024-11-20T21:00:00Z,UBER,MarketOnOpen,Sell,-319,69.29,-22103.51,4.4405,Filled,closed
5277,2024-11-19T21:00:00Z,2024-11-20T21:00:00Z,PLD,MarketOnOpen,Sell,-219,107.023067,-23438.05,4.6925,Filled,closed
5278,2024-11-19T21:00:00Z,2024-11-20T21:00:00Z,PM,MarketOnOpen,Sell,-194,121.7169,-23613.08,4.7507,Filled,closed
5279,2024-11-19T21:00:00Z,2024-11-20T21:00:00Z,SYK,MarketOnOpen,Buy,61,383.318687,23382.44,4.6265,Filled,closed
5280,2024-11-19T21:00:00Z,2024-11-20T21:00:00Z,TJX,MarketOnOpen,Buy,205,116.892106,23962.88,4.8046,Filled,closed
5281,2024-11-19T21:00:00Z,2024-11-20T21:00:00Z,TMO,MarketOnOpen,Buy,45,503.528006,22658.76,4.5832,Filled,closed
5282,2024-11-19T21:00:00Z,2024-11-20T21:00:00Z,VRTX,MarketOnOpen,Buy,47,448.46,21077.62,4.2416,Filled,closed
5283,2024-11-19T21:00:00Z,2024-11-20T21:00:00Z,AAPL,MarketOnOpen,Buy,102,226.565793,23109.71,4.6379,Filled,
5284,2024-11-19T21:00:00Z,2024-11-20T21:00:00Z,TSLA,MarketOnOpen,Sell,-67,345.0,-23115.0,4.5832,Filled,
5285,2024-11-19T21:00:00Z,2024-11-20T21:00:00Z,AXP,MarketOnOpen,Buy,83,280.244748,23260.31,4.6869,Filled,
5286,2024-11-19T21:00:00Z,2024-11-20T21:00:00Z,GS,MarketOnOpen,Sell,-41,561.11913,-23005.88,4.5862,Filled,
5287,2024-11-19T21:00:00Z,2024-11-20T21:00:00Z,AMGN,MarketOnOpen,Buy,87,266.779726,23209.84,4.7538,Filled,
5288,2024-11-19T21:00:00Z,2024-11-20T21:00:00Z,PFE,MarketOnOpen,Sell,-2108,22.168915,-46732.07,9.324,Filled,
5289,2024-11-19T21:00:00Z,2024-11-20T21:00:00Z,AMAT,MarketOnOpen,Buy,279,166.644773,46493.89,9.3636,Filled,
5290,2024-11-19T21:00:00Z,2024-11-20T21:00:00Z,SPY,MarketOnOpen,Sell,-52,577.005155,-30004.27,6.0027,Filled,
5291,2024-11-20T21:00:00Z,,AAPL,MarketOnOpen,Sell,-102,0.0,0.0,0.0,Canceled,closed
5292,2024-11-20T21:00:00Z,2024-11-21T21:00:00Z,MU,MarketOnOpen,Sell,-243,99.48691,-24175.32,4.9685,Filled,closed
5293,2024-11-20T21:00:00Z,2024-11-21T21:00:00Z,ABT,MarketOnOpen,Buy,209,111.284007,23258.36,4.7226,Filled,closed
5294,2024-11-20T21:00:00Z,,ADI,MarketOnOpen,Sell,-109,0.0,0.0,0.0,Canceled,closed
5295,2024-11-20T21:00:00Z,,C,MarketOnOpen,Buy,359,0.0,0.0,0.0,Canceled,closed
5296,2024-11-20T21:00:00Z,,DIS,MarketOnOpen,Buy,219,0.0,0.0,0.0,Canceled,closed
5297,2024-11-20T21:00:00Z,2024-11-21T21:00:00Z,LOW,MarketOnOpen,Sell,-88,254.91077,-22432.15,4.5061,Filled,closed
5298,2024-11-20T21:00:00Z,2024-11-21T21:00:00Z,PFE,MarketOnOpen,Buy,1045,22.035902,23027.52,4.6574,Filled,closed
5299,2024-11-20T21:00:00Z,,SHOP,MarketOnOpen,Buy,202,0.0,0.0,0.0,Canceled,closed
5300,2024-11-20T21:00:00Z,2024-11-21T21:00:00Z,QCOM,MarketOnOpen,Buy,148,148.495611,21977.35,4.4085,Filled,closed
5301,2024-11-20T21:00:00Z,2024-11-21T21:00:00Z,UPS,MarketOnOpen,Sell,-197,117.689311,-23184.79,4.6236,Filled,closed
5302,2024-11-20T21:00:00Z,2024-11-21T21:00:00Z,NVDA,MarketOnOpen,Buy,160,148.900458,23824.07,4.6809,Filled,
5303,2024-11-20T21:00:00Z,2024-11-21T21:00:00Z,WMT,MarketOnOpen,Buy,567,85.461724,48456.8,9.8439,Filled,
5304,2024-11-20T21:00:00Z,2024-11-21T21:00:00Z,JPM,MarketOnOpen,Sell,-198,234.872227,-46504.7,9.3587,Filled,
5305,2024-11-20T21:00:00Z,2024-11-21T21:00:00Z,NFLX,MarketOnOpen,Buy,544,88.316,48043.9,9.7646,Filled,
5306,2024-11-20T21:00:00Z,2024-11-21T21:00:00Z,JNJ,MarketOnOpen,Sell,-318,145.530002,-46278.54,9.369,Filled,
5307,2024-11-20T21:00:00Z,2024-11-21T21:00:00Z,MS,MarketOnOpen,Buy,185,127.470975,23582.13,4.7798,Filled,
5308,2024-11-20T21:00:00Z,2024-11-21T21:00:00Z,PM,MarketOnOpen,Sell,-190,122.543245,-23283.22,4.682,Filled,
5309,2024-11-20T21:00:00Z,2024-11-21T21:00:00Z,CAT,MarketOnOpen,Buy,123,375.911429,46237.11,9.384,Filled,
5310,2024-11-20T21:00:00Z,2024-11-21T21:00:00Z,INTU,MarketOnOpen,Sell,-36,649.352045,-23376.67,4.8094,Filled,
5311,2024-11-20T21:00:00Z,2024-11-21T21:00:00Z,HON,MarketOnOpen,Buy,108,217.50281,23490.3,4.6608,Filled,
5312,2024-11-20T21:00:00Z,2024-11-21T21:00:00Z,PGR,MarketOnOpen,Buy,98,238.797414,23402.15,4.7533,Filled,
5313,2024-11-20T21:00:00Z,2024-11-21T21:00:00Z,ETN,MarketOnOpen,Sell,-132,356.889727,-47109.44,9.5889,Filled,
5314,2024-11-20T21:00:00Z,,SCHW,MarketOnOpen,Buy,592,0.0,0.0,0.0,Canceled,closed
5315,2024-11-20T21:00:00Z,2024-11-21T21:00:00Z,UNP,MarketOnOpen,Buy,207,223.913726,46350.14,9.4661,Filled,
5316,2024-11-20T21:00:00Z,2024-11-21T21:00:00Z,AMAT,MarketOnOpen,Sell,-278,169.295927,-47064.27,9.6405,Filled,
5317,2024-11-20T21:00:00Z,2024-11-21T21:00:00Z,TJX,MarketOnOpen,Sell,-199,117.312933,-23345.27,4.6652,Filled,
5318,2024-11-20T21:00:00Z,2024-11-21T21:00:00Z,VRTX,MarketOnOpen,Buy,51,455.03,23206.53,4.5938,Filled,
5319,2024-11-20T21:00:00Z,2024-11-21T21:00:00Z,SBUX,MarketOnOpen,Buy,248,95.235831,23618.49,4.7484,Filled,
5320,2024-11-20T21:00:00Z,2024-11-21T21:00:00Z,NKE,MarketOnOpen,Buy,336,69.476754,23344.19,4.7796,Filled,
5321,2024-11-20T21:00:00Z,2024-11-21T21:00:00Z,BA,MarketOnOpen,Buy,159,146.39,23276.01,4.5604,Filled,
5322,2024-11-20T21:00:00Z,2024-11-21T21:00:00Z,SPY,MarketOnOpen,Sell,-210,580.005911,-121801.24,24.3717,Filled,
5323,2024-11-21T05:00:00Z,2024-11-21T21:00:00Z,AAPL,MarketOnOpen,Sell,-102,227.211109,-23175.53,4.6282,Filled,closed
5324,2024-11-21T05:00:00Z,2024-11-21T21:00:00Z,ADI,MarketOnOpen,Sell,-109,206.121829,-22467.28,4.5288,Filled,closed
5325,2024-11-21T05:00:00Z,2024-11-21T21:00:00Z,C,MarketOnOpen,Buy,359,65.946823,23674.91,4.7453,Filled,closed
5326,2024-11-21T05:00:00Z,2024-11-21T21:00:00Z,DIS,MarketOnOpen,Buy,219,111.548601,24429.14,4.9102,Filled,closed
5327,2024-11-21T05:00:00Z,2024-11-21T21:00:00Z,MDT,MarketOnOpen,Sell,-282,78.910708,-22252.82,4.4791,Filled,closed
5328,2024-11-21T05:00:00Z,2024-11-21T21:00:00Z,MRSH,MarketOnOpen,Sell,-108,215.036069,-23223.9,4.6963,Filled,closed
5329,2024-11-21T05:00:00Z,2024-11-21T21:00:00Z,PG,MarketOnOpen,Sell,-150,163.70734,-24556.1,4.9392,Filled,closed
5330,2024-11-21T05:00:00Z,2024-11-21T21:00:00Z,SHOP,MarketOnOpen,Buy,202,103.74,20955.48,4.3018,Filled,closed
5331,2024-11-21T05:00:00Z,2024-11-21T21:00:00Z,SCHW,MarketOnOpen,Buy,296,78.833396,23334.69,4.6791,Filled,closed
5332,2024-11-21T05:00:00Z,2024-11-21T21:00:00Z,TXN,MarketOnOpen,Buy,122,188.83933,23038.4,4.6065,Filled,closed
5333,2024-11-21T05:00:00Z,2024-11-21T21:00:00Z,VZ,MarketOnOpen,Sell,-649,37.612557,-24410.55,4.9145,Filled,closed
5334,2024-11-21T05:00:00Z,2024-11-21T21:00:00Z,WFC,MarketOnOpen,Sell,-326,71.190577,-23208.13,4.6978,Filled,closed
5335,2024-11-21T05:00:00Z,2024-11-21T21:00:00Z,MRK,MarketOnOpen,Buy,255,91.542024,23343.22,4.7709,Filled,
5336,2024-11-21T05:00:00Z,2024-11-21T21:00:00Z,LIN,MarketOnOpen,Buy,53,439.901464,23314.78,4.6996,Filled,
5337,2024-11-21T05:00:00Z,2024-11-21T21:00:00Z,AXP,MarketOnOpen,Sell,-165,284.415495,-46928.56,9.4887,Filled,
5338,2024-11-21T05:00:00Z,2024-11-21T21:00:00Z,ABT,MarketOnOpen,Buy,209,111.284007,23258.36,4.7226,Filled,
5339,2024-11-21T05:00:00Z,2024-11-21T21:00:00Z,IBM,MarketOnOpen,Sell,-113,206.174494,-23297.72,4.8018,Filled,
5340,2024-11-21T05:00:00Z,2024-11-21T21:00:00Z,TMO,MarketOnOpen,Sell,-45,510.518692,-22973.34,4.6124,Filled,
5341,2024-11-21T05:00:00Z,2024-11-21T21:00:00Z,ISRG,MarketOnOpen,Sell,-43,544.85,-23428.55,4.7353,Filled,
5342,2024-11-21T05:00:00Z,2024-11-21T21:00:00Z,QCOM,MarketOnOpen,Buy,158,148.495611,23462.31,4.7064,Filled,
5343,2024-11-21T05:00:00Z,2024-11-21T21:00:00Z,PLTR,MarketOnOpen,Buy,795,62.04,49321.8,9.7562,Filled,
5344,2024-11-21T05:00:00Z,2024-11-21T21:00:00Z,FISV,MarketOnOpen,Sell,-107,218.38,-23366.66,4.6528,Filled,
5345,2024-11-21T05:00:00Z,2024-11-21T21:00:00Z,APP,MarketOnOpen,Buy,71,327.99,23287.29,4.5176,Filled,
5346,2024-11-21T05:00:00Z,2024-11-21T21:00:00Z,SPY,MarketOnOpen,Buy,86,580.005911,49880.51,9.9808,Filled,
5347,2024-11-22T05:00:00Z,2024-11-22T21:00:00Z,AMZN,MarketOnOpen,Buy,123,198.19,24377.37,4.8492,Filled,closed
5348,2024-11-22T05:00:00Z,2024-11-22T21:00:00Z,BX,MarketOnOpen,Buy,137,182.748419,25036.53,5.1295,Filled,closed
5349,2024-11-22T05:00:00Z,2024-11-22T21:00:00Z,CAT,MarketOnOpen,Sell,-62,382.21709,-23697.46,4.8261,Filled,closed
5350,2024-11-22T05:00:00Z,2024-11-22T21:00:00Z,APP,MarketOnOpen,Sell,-71,308.84,-21927.64,4.7331,Filled,closed
5351,2024-11-22T05:00:00Z,2024-11-22T21:00:00Z,DE,MarketOnOpen,Sell,-59,425.143465,-25083.46,5.151,Filled,closed
5352,2024-11-22T05:00:00Z,2024-11-22T21:00:00Z,ETN,MarketOnOpen,Buy,66,364.732705,24072.36,4.8779,Filled,closed
5353,2024-11-22T05:00:00Z,2024-11-22T21:00:00Z,GOOGL,MarketOnOpen,Buy,136,164.097679,22317.28,4.4502,Filled,closed
5354,2024-11-22T05:00:00Z,2024-11-22T21:00:00Z,GS,MarketOnOpen,Buy,41,573.027161,23494.11,4.7505,Filled,closed
5355,2024-11-22T05:00:00Z,2024-11-22T21:00:00Z,HON,MarketOnOpen,Sell,-108,217.26432,-23464.55,4.7199,Filled,closed
5356,2024-11-22T05:00:00Z,2024-11-22T21:00:00Z,IBM,MarketOnOpen,Buy,113,213.377847,24111.7,4.8141,Filled,closed
5357,2024-11-22T05:00:00Z,2024-11-22T21:00:00Z,INTU,MarketOnOpen,Buy,36,657.619281,23674.29,4.536,Filled,closed
5358,2024-11-22T05:00:00Z,2024-11-22T21:00:00Z,LIN,MarketOnOpen,Sell,-53,442.141982,-23433.53,4.6959,Filled,closed
5359,2024-11-22T05:00:00Z,2024-11-22T21:00:00Z,NKE,MarketOnOpen,Sell,-336,71.977008,-24184.27,4.926,Filled,closed
5360,2024-11-22T05:00:00Z,2024-11-22T21:00:00Z,NVDA,MarketOnOpen,Sell,-160,145.469664,-23275.15,4.5302,Filled,closed
5361,2024-11-22T05:00:00Z,2024-11-22T21:00:00Z,TJX,MarketOnOpen,Buy,199,117.684827,23419.28,4.7314,Filled,closed
5362,2024-11-22T05:00:00Z,2024-11-22T21:00:00Z,PANW,MarketOnOpen,Buy,121,197.04,23841.84,4.6371,Filled,closed
5363,2024-11-22T05:00:00Z,2024-11-22T21:00:00Z,COST,MarketOnOpen,Sell,-24,953.533799,-22884.81,4.583,Filled,
5364,2024-11-22T05:00:00Z,2024-11-22T21:00:00Z,PG,MarketOnOpen,Sell,-142,165.804074,-23544.18,4.7714,Filled,
5365,2024-11-22T05:00:00Z,2024-11-22T21:00:00Z,PM,MarketOnOpen,Buy,380,123.707641,47008.9,9.2769,Filled,
5366,2024-11-22T05:00:00Z,2024-11-22T21:00:00Z,ABT,MarketOnOpen,Sell,-416,112.945078,-46985.15,9.44,Filled,
5367,2024-11-22T05:00:00Z,2024-11-22T21:00:00Z,LOW,MarketOnOpen,Buy,91,256.889741,23376.97,4.6503,Filled,
5368,2024-11-22T05:00:00Z,2024-11-22T21:00:00Z,UBER,MarketOnOpen,Sell,-336,70.0,-23520.0,4.8055,Filled,
5369,2024-11-22T05:00:00Z,2024-11-22T21:00:00Z,UNP,MarketOnOpen,Sell,-206,229.586424,-47294.8,9.5532,Filled,
5370,2024-11-22T05:00:00Z,2024-11-22T21:00:00Z,PFE,MarketOnOpen,Buy,1051,22.328531,23467.29,4.7811,Filled,
5371,2024-11-22T05:00:00Z,2024-11-22T21:00:00Z,SCHW,MarketOnOpen,Buy,296,79.048601,23398.39,4.7057,Filled,
5372,2024-11-22T05:00:00Z,2024-11-22T21:00:00Z,PLTR,MarketOnOpen,Sell,-757,61.37,-46457.09,9.7426,Filled,
5373,2024-11-22T05:00:00Z,2024-11-22T21:00:00Z,SHOP,MarketOnOpen,Sell,-219,107.01,-23435.19,4.6848,Filled,
5374,2024-11-22T05:00:00Z,2024-11-22T21:00:00Z,COP,MarketOnOpen,Sell,-221,106.081042,-23443.91,4.6712,Filled,
5375,2024-11-22T05:00:00Z,2024-11-22T21:00:00Z,ANET,MarketOnOpen,Sell,-231,101.25,-23388.75,4.6936,Filled,
5376,2024-11-22T05:00:00Z,2024-11-22T21:00:00Z,MRSH,MarketOnOpen,Buy,107,218.223439,23349.91,4.7233,Filled,
5377,2024-11-22T05:00:00Z,2024-11-22T21:00:00Z,MDT,MarketOnOpen,Buy,294,79.49176,23370.58,4.7507,Filled,
5378,2024-11-22T05:00:00Z,2024-11-22T21:00:00Z,SPY,MarketOnOpen,Buy,107,580.250272,62086.78,12.4565,Filled,
5379,2024-11-25T21:00:00Z,2024-11-26T21:00:00Z,SPY,MarketOnOpen,Buy,157,585.313435,91894.21,18.435,Filled,closed
5380,2024-11-25T21:00:00Z,,AVGO,MarketOnOpen,Sell,-132,0.0,0.0,0.0,Canceled,closed
5381,2024-11-25T21:00:00Z,,AXP,MarketOnOpen,Buy,82,0.0,0.0,0.0,Canceled,closed
5382,2024-11-25T21:00:00Z,,BSX,MarketOnOpen,Buy,276,0.0,0.0,0.0,Canceled,closed
5383,2024-11-25T21:00:00Z,,COP,MarketOnOpen,Buy,221,0.0,0.0,0.0,Canceled,closed
5384,2024-11-25T21:00:00Z,,GILD,MarketOnOpen,Sell,-265,0.0,0.0,0.0,Canceled,closed
5385,2024-11-25T21:00:00Z,,ISRG,MarketOnOpen,Buy,43,0.0,0.0,0.0,Canceled,closed
5386,2024-11-25T21:00:00Z,2024-11-26T21:00:00Z,LOW,MarketOnOpen,Sell,-91,265.104884,-24124.54,4.8223,Filled,closed
5387,2024-11-25T21:00:00Z,,MDT,MarketOnOpen,Sell,-294,0.0,0.0,0.0,Canceled,closed
5388,2024-11-25T21:00:00Z,,MRSH,MarketOnOpen,Sell,-107,0.0,0.0,0.0,Canceled,closed
5389,2024-11-25T21:00:00Z,,MRK,MarketOnOpen,Sell,-255,0.0,0.0,0.0,Canceled,closed
5390,2024-11-25T21:00:00Z,,MS,MarketOnOpen,Sell,-185,0.0,0.0,0.0,Canceled,closed
5391,2024-11-25T21:00:00Z,2024-11-26T21:00:00Z,UBER,MarketOnOpen,Buy,336,73.49,24692.64,4.8088,Filled,closed
5392,2024-11-25T21:00:00Z,,VRTX,MarketOnOpen,Sell,-51,0.0,0.0,0.0,Canceled,closed
5393,2024-11-25T21:00:00Z,2024-11-26T21:00:00Z,NVDA,MarketOnOpen,Buy,173,137.261688,23746.27,4.7248,Filled,
5394,2024-11-25T21:00:00Z,2024-11-26T21:00:00Z,META,MarketOnOpen,Buy,41,561.623006,23026.54,4.6724,Filled,
5395,2024-11-25T21:00:00Z,2024-11-26T21:00:00Z,HD,MarketOnOpen,Sell,-57,407.144541,-23207.24,4.6514,Filled,
5396,2024-11-25T21:00:00Z,2024-11-26T21:00:00Z,WFC,MarketOnOpen,Buy,317,74.584731,23643.36,4.722,Filled,
5397,2024-11-25T21:00:00Z,2024-11-26T21:00:00Z,NOW,MarketOnOpen,Buy,111,212.0,23532.0,4.7511,Filled,
5398,2024-11-25T21:00:00Z,2024-11-26T21:00:00Z,IBM,MarketOnOpen,Sell,-108,216.606936,-23393.55,4.722,Filled,
5399,2024-11-25T21:00:00Z,2024-11-26T21:00:00Z,ABT,MarketOnOpen,Buy,413,114.54063,47305.28,9.3878,Filled,
5400,2024-11-25T21:00:00Z,2024-11-26T21:00:00Z,PM,MarketOnOpen,Sell,-381,122.759222,-46771.26,9.4652,Filled,
5401,2024-11-25T21:00:00Z,2024-11-26T21:00:00Z,BX,MarketOnOpen,Buy,129,181.290645,23386.49,4.6506,Filled,
5402,2024-11-25T21:00:00Z,2024-11-26T21:00:00Z,ETN,MarketOnOpen,Sell,-63,370.607594,-23348.28,4.6547,Filled,
5403,2024-11-25T21:00:00Z,2024-11-26T21:00:00Z,PFE,MarketOnOpen,Sell,-2062,23.188685,-47815.07,9.424,Filled,
5404,2024-11-25T21:00:00Z,2024-11-26T21:00:00Z,SYK,MarketOnOpen,Buy,62,381.499681,23652.98,4.7514,Filled,
5405,2024-11-25T21:00:00Z,2024-11-26T21:00:00Z,PLTR,MarketOnOpen,Buy,744,64.57,48040.08,9.7866,Filled,
5406,2024-11-25T21:00:00Z,2024-11-26T21:00:00Z,SCHW,MarketOnOpen,Sell,-589,79.987676,-47112.74,9.4779,Filled,
5407,2024-11-25T21:00:00Z,2024-11-26T21:00:00Z,C,MarketOnOpen,Sell,-346,67.375032,-23311.76,4.6265,Filled,
5408,2024-11-25T21:00:00Z,2024-11-26T21:00:00Z,ADP,MarketOnOpen,Sell,-80,290.911794,-23272.94,4.6907,Filled,
5409,2024-11-26T05:00:00Z,2024-11-26T21:00:00Z,AVGO,MarketOnOpen,Sell,-132,161.896592,-21370.35,4.2751,Filled,closed
5410,2024-11-26T05:00:00Z,2024-11-26T21:00:00Z,AXP,MarketOnOpen,Buy,82,299.911046,24592.71,4.9179,Filled,closed
5411,2024-11-26T05:00:00Z,2024-11-26T21:00:00Z,BSX,MarketOnOpen,Buy,276,89.78,24779.28,4.9796,Filled,closed
5412,2024-11-26T05:00:00Z,2024-11-26T21:00:00Z,KKR,MarketOnOpen,Buy,152,156.734027,23823.57,4.8327,Filled,closed
5413,2024-11-26T05:00:00Z,2024-11-26T21:00:00Z,COP,MarketOnOpen,Buy,221,100.832315,22283.94,4.4635,Filled,closed
5414,2024-11-26T05:00:00Z,2024-11-26T21:00:00Z,FISV,MarketOnOpen,Buy,107,221.86,23739.02,4.7604,Filled,closed
5415,2024-11-26T05:00:00Z,2024-11-26T21:00:00Z,GILD,MarketOnOpen,Sell,-265,85.610448,-22686.77,4.5881,Filled,closed
5416,2024-11-26T05:00:00Z,2024-11-26T21:00:00Z,ANET,MarketOnOpen,Buy,231,100.75,23273.25,4.7151,Filled,closed
5417,2024-11-26T05:00:00Z,2024-11-26T21:00:00Z,ISRG,MarketOnOpen,Buy,43,542.06,23308.58,4.6621,Filled,closed
5418,2024-11-26T05:00:00Z,2024-11-26T21:00:00Z,LMT,MarketOnOpen,Buy,43,495.261451,21296.24,4.2519,Filled,closed
5419,2024-11-26T05:00:00Z,2024-11-26T21:00:00Z,MDT,MarketOnOpen,Sell,-294,80.916277,-23789.39,4.7215,Filled,closed
5420,2024-11-26T05:00:00Z,2024-11-26T21:00:00Z,MRSH,MarketOnOpen,Sell,-107,224.336602,-24004.02,4.8259,Filled,closed
5421,2024-11-26T05:00:00Z,2024-11-26T21:00:00Z,MRK,MarketOnOpen,Sell,-255,95.232933,-24284.4,4.855,Filled,closed
5422,2024-11-26T05:00:00Z,2024-11-26T21:00:00Z,MS,MarketOnOpen,Sell,-185,125.126351,-23148.37,4.6484,Filled,closed
5423,2024-11-26T05:00:00Z,2024-11-26T21:00:00Z,QCOM,MarketOnOpen,Sell,-158,153.285792,-24219.16,4.7509,Filled,closed
5424,2024-11-26T05:00:00Z,2024-11-26T21:00:00Z,SBUX,MarketOnOpen,Sell,-248,97.589459,-24202.19,4.7778,Filled,closed
5425,2024-11-26T05:00:00Z,2024-11-26T21:00:00Z,UNP,MarketOnOpen,Buy,102,236.053108,24077.42,4.7934,Filled,closed
5426,2024-11-26T05:00:00Z,2024-11-26T21:00:00Z,VRTX,MarketOnOpen,Sell,-51,464.0,-23664.0,4.7641,Filled,closed
5427,2024-11-26T05:00:00Z,2024-11-26T21:00:00Z,AAPL,MarketOnOpen,Buy,101,231.897103,23421.61,4.714,Filled,
5428,2024-11-26T05:00:00Z,2024-11-26T21:00:00Z,JNJ,MarketOnOpen,Buy,320,148.168304,47413.86,9.4437,Filled,
5429,2024-11-26T05:00:00Z,2024-11-26T21:00:00Z,NFLX,MarketOnOpen,Sell,-535,86.749,-46410.71,9.3368,Filled,
5430,2024-11-26T05:00:00Z,2024-11-26T21:00:00Z,MCD,MarketOnOpen,Sell,-83,282.948574,-23484.73,4.6864,Filled,
5431,2024-11-26T05:00:00Z,2024-11-26T21:00:00Z,DIS,MarketOnOpen,Sell,-207,113.356441,-23464.78,4.6707,Filled,
5432,2024-11-26T05:00:00Z,2024-11-26T21:00:00Z,INTU,MarketOnOpen,Buy,37,622.995308,23050.83,4.6526,Filled,
5433,2024-11-26T05:00:00Z,2024-11-26T21:00:00Z,BA,MarketOnOpen,Sell,-312,152.5,-47580.0,9.4074,Filled,
5434,2024-11-26T05:00:00Z,2024-11-26T21:00:00Z,ADI,MarketOnOpen,Buy,108,225.404789,24343.72,4.594,Filled,
5435,2024-11-27T05:00:00Z,2024-11-27T21:00:00Z,ADI,MarketOnOpen,Sell,-108,212.94757,-22998.34,4.5546,Filled,closed
5436,2024-11-27T05:00:00Z,2024-11-27T21:00:00Z,ADP,MarketOnOpen,Buy,80,294.738579,23579.09,4.6747,Filled,closed
5437,2024-11-27T05:00:00Z,2024-11-27T21:00:00Z,AMAT,MarketOnOpen,Buy,139,170.874444,23751.55,4.6987,Filled,closed
5438,2024-11-27T05:00:00Z,2024-11-27T21:00:00Z,BA,MarketOnOpen,Buy,153,151.11,23119.83,4.6634,Filled,closed
5439,2024-11-27T05:00:00Z,2024-11-27T21:00:00Z,IBM,MarketOnOpen,Buy,108,218.613175,23610.22,4.6826,Filled,closed
5440,2024-11-27T05:00:00Z,2024-11-27T21:00:00Z,PLTR,MarketOnOpen,Sell,-363,66.24,-24045.12,4.796,Filled,closed
5441,2024-11-27T05:00:00Z,2024-11-27T21:00:00Z,NVDA,MarketOnOpen,Sell,-173,134.688593,-23301.13,4.6702,Filled,closed
5442,2024-11-27T05:00:00Z,2024-11-27T21:00:00Z,PM,MarketOnOpen,Buy,379,124.468254,47173.47,9.3827,Filled,
5443,2024-11-27T05:00:00Z,2024-11-27T21:00:00Z,ABT,MarketOnOpen,Sell,-412,114.155231,-47031.96,9.4437,Filled,
5444,2024-11-27T05:00:00Z,2024-11-27T21:00:00Z,CAT,MarketOnOpen,Sell,-58,400.04723,-23202.74,4.5852,Filled,
5445,2024-11-27T05:00:00Z,2024-11-27T21:00:00Z,TMO,MarketOnOpen,Buy,90,511.799656,46061.97,9.3241,Filled,
5446,2024-11-27T05:00:00Z,2024-11-27T21:00:00Z,GS,MarketOnOpen,Buy,40,584.04137,23361.65,4.655,Filled,
5447,2024-11-27T05:00:00Z,2024-11-27T21:00:00Z,QCOM,MarketOnOpen,Buy,155,150.344621,23303.42,4.6449,Filled,
5448,2024-11-27T05:00:00Z,2024-11-27T21:00:00Z,LOW,MarketOnOpen,Buy,88,265.61652,23374.25,4.6415,Filled,
5449,2024-11-27T05:00:00Z,2024-11-27T21:00:00Z,UBER,MarketOnOpen,Sell,-327,72.06,-23563.62,4.6839,Filled,
5450,2024-11-27T05:00:00Z,2024-11-27T21:00:00Z,UNP,MarketOnOpen,Sell,-99,235.364349,-23301.07,4.6449,Filled,
5451,2024-11-27T05:00:00Z,2024-11-27T21:00:00Z,SYK,MarketOnOpen,Sell,-123,382.640247,-47064.75,9.3883,Filled,
5452,2024-11-27T05:00:00Z,2024-11-27T21:00:00Z,PFE,MarketOnOpen,Buy,2035,22.84285,46485.2,9.3223,Filled,
5453,2024-11-27T05:00:00Z,2024-11-27T21:00:00Z,SCHW,MarketOnOpen,Buy,583,80.212662,46763.98,9.4212,Filled,
5454,2024-11-27T05:00:00Z,2024-11-27T21:00:00Z,BX,MarketOnOpen,Sell,-258,181.50696,-46828.8,9.1731,Filled,
5455,2024-11-27T05:00:00Z,2024-11-27T21:00:00Z,GILD,MarketOnOpen,Sell,-270,86.776054,-23429.53,4.7289,Filled,
5456,2024-11-27T05:00:00Z,2024-11-27T21:00:00Z,APP,MarketOnOpen,Buy,71,325.0,23075.0,4.6678,Filled,
5457,2024-11-27T05:00:00Z,2024-11-27T21:00:00Z,SPY,MarketOnOpen,Sell,-272,586.965317,-159654.57,31.8416,Filled,
5458,2024-11-29T05:00:00Z,2024-11-29T18:00:00Z,APP,MarketOnOpen,Sell,-71,332.48,-23606.08,4.7801,Filled,closed
5459,2024-11-29T05:00:00Z,2024-11-29T18:00:00Z,DIS,MarketOnOpen,Buy,207,114.450917,23691.34,4.7524,Filled,closed
5460,2024-11-29T05:00:00Z,2024-11-29T18:00:00Z,GILD,MarketOnOpen,Buy,270,87.979566,23754.48,4.7376,Filled,closed
5461,2024-11-29T05:00:00Z,2024-11-29T18:00:00Z,NOW,MarketOnOpen,Sell,-111,209.59,-23264.49,4.6595,Filled,closed
5462,2024-11-29T05:00:00Z,2024-11-29T18:00:00Z,PEP,MarketOnOpen,Sell,-159,149.399245,-23754.48,4.8095,Filled,closed
5463,2024-11-29T05:00:00Z,2024-11-29T18:00:00Z,TMO,MarketOnOpen,Sell,-45,519.465579,-23375.95,4.7333,Filled,closed
5464,2024-11-29T05:00:00Z,2024-11-29T18:00:00Z,WFC,MarketOnOpen,Sell,-317,74.806194,-23713.56,4.6499,Filled,closed
5465,2024-11-29T05:00:00Z,2024-11-29T18:00:00Z,TMUS,MarketOnOpen,Sell,-98,236.784988,-23204.93,4.6623,Filled,
5466,2024-11-29T05:00:00Z,2024-11-29T18:00:00Z,AMD,MarketOnOpen,Buy,172,136.26,23436.72,4.7188,Filled,
5467,2024-11-29T05:00:00Z,2024-11-29T18:00:00Z,LIN,MarketOnOpen,Buy,52,444.440949,23110.93,4.6703,Filled,
5468,2024-11-29T05:00:00Z,2024-11-29T18:00:00Z,IBM,MarketOnOpen,Sell,-108,218.374337,-23584.43,4.6927,Filled,
5469,2024-11-29T05:00:00Z,2024-11-29T18:00:00Z,MS,MarketOnOpen,Sell,-186,126.590545,-23545.84,4.6853,Filled,
5470,2024-11-29T05:00:00Z,2024-11-29T18:00:00Z,ABT,MarketOnOpen,Buy,410,113.972167,46728.59,9.3836,Filled,
5471,2024-11-29T05:00:00Z,2024-11-29T18:00:00Z,PM,MarketOnOpen,Sell,-377,123.613738,-46602.38,9.421,Filled,
5472,2024-11-29T05:00:00Z,2024-11-29T18:00:00Z,CAT,MarketOnOpen,Buy,117,398.833096,46663.47,9.3047,Filled,
5473,2024-11-29T05:00:00Z,2024-11-29T18:00:00Z,ISRG,MarketOnOpen,Buy,43,539.0,23177.0,4.6612,Filled,
5474,2024-11-29T05:00:00Z,2024-11-29T18:00:00Z,PFE,MarketOnOpen,Sell,-2047,22.904923,-46886.38,9.5152,Filled,
5475,2024-11-29T05:00:00Z,2024-11-29T18:00:00Z,ETN,MarketOnOpen,Buy,127,367.151201,46628.2,9.3368,Filled,
5476,2024-11-29T05:00:00Z,2024-11-29T18:00:00Z,COP,MarketOnOpen,Sell,-230,101.900974,-23437.22,4.7131,Filled,
5477,2024-11-29T05:00:00Z,2024-11-29T18:00:00Z,SBUX,MarketOnOpen,Sell,-241,96.9867,-23373.79,4.725,Filled,
5478,2024-11-29T05:00:00Z,2024-11-29T18:00:00Z,MRSH,MarketOnOpen,Sell,-103,226.216084,-23300.26,4.6547,Filled,
5479,2024-11-29T05:00:00Z,2024-11-29T18:00:00Z,SPY,MarketOnOpen,Buy,95,586.056293,55675.35,11.1902,Filled,
5480,2024-12-02T05:00:00Z,2024-12-02T21:00:00Z,AMGN,MarketOnOpen,Sell,-87,267.709801,-23290.75,4.5924,Filled,closed
5481,2024-12-02T05:00:00Z,2024-12-02T21:00:00Z,C,MarketOnOpen,Buy,346,68.31439,23636.78,4.7353,Filled,closed
5482,2024-12-02T05:00:00Z,2024-12-02T21:00:00Z,COP,MarketOnOpen,Buy,230,102.269804,23522.05,4.6174,Filled,closed
5483,2024-12-02T05:00:00Z,2024-12-02T21:00:00Z,MRSH,MarketOnOpen,Buy,103,225.906066,23268.32,4.6509,Filled,closed
5484,2024-12-02T05:00:00Z,2024-12-02T21:00:00Z,UBER,MarketOnOpen,Buy,327,71.85,23494.95,4.7788,Filled,closed
5485,2024-12-02T05:00:00Z,2024-12-02T21:00:00Z,XOM,MarketOnOpen,Buy,209,111.631397,23330.96,4.6583,Filled,
5486,2024-12-02T05:00:00Z,2024-12-02T21:00:00Z,NFLX,MarketOnOpen,Buy,534,88.751,47393.03,9.5879,Filled,
5487,2024-12-02T05:00:00Z,2024-12-02T21:00:00Z,JNJ,MarketOnOpen,Sell,-316,147.776779,-46697.46,9.3425,Filled,
5488,2024-12-02T05:00:00Z,2024-12-02T21:00:00Z,PM,MarketOnOpen,Buy,376,124.533986,46824.78,9.252,Filled,
5489,2024-12-02T05:00:00Z,2024-12-02T21:00:00Z,ABT,MarketOnOpen,Sell,-408,114.52136,-46724.72,9.1838,Filled,
5490,2024-12-02T05:00:00Z,2024-12-02T21:00:00Z,PLTR,MarketOnOpen,Buy,348,67.44,23469.12,4.62,Filled,
5491,2024-12-02T05:00:00Z,2024-12-02T21:00:00Z,UNP,MarketOnOpen,Buy,198,233.441563,46221.43,9.1212,Filled,
5492,2024-12-02T05:00:00Z,2024-12-02T21:00:00Z,SCHW,MarketOnOpen,Sell,-578,80.946315,-46786.97,9.2036,Filled,
5493,2024-12-02T05:00:00Z,2024-12-02T21:00:00Z,BSX,MarketOnOpen,Sell,-257,90.78,-23330.46,4.6481,Filled,
5494,2024-12-02T05:00:00Z,2024-12-02T21:00:00Z,ADP,MarketOnOpen,Sell,-80,292.882303,-23430.58,4.6611,Filled,
5495,2024-12-02T05:00:00Z,2024-12-02T21:00:00Z,UPS,MarketOnOpen,Sell,-192,121.610799,-23349.27,4.5971,Filled,
5496,2024-12-02T05:00:00Z,2024-12-02T21:00:00Z,GILD,MarketOnOpen,Sell,-266,87.733178,-23337.03,4.74,Filled,
5497,2024-12-03T05:00:00Z,2024-12-03T21:00:00Z,AAPL,MarketOnOpen,Sell,-101,238.082217,-24046.3,4.8662,Filled,closed
5498,2024-12-03T05:00:00Z,2024-12-03T21:00:00Z,ABT,MarketOnOpen,Buy,204,112.824641,23016.23,4.5714,Filled,closed
5499,2024-12-03T05:00:00Z,2024-12-03T21:00:00Z,ADP,MarketOnOpen,Buy,80,291.501995,23320.16,4.6237,Filled,closed
5500,2024-12-03T05:00:00Z,2024-12-03T21:00:00Z,AMD,MarketOnOpen,Sell,-172,142.5,-24510.0,4.8841,Filled,closed
5501,2024-12-03T05:00:00Z,2024-12-03T21:00:00Z,BX,MarketOnOpen,Buy,129,176.174329,22726.49,4.5174,Filled,closed
5502,2024-12-03T05:00:00Z,2024-12-03T21:00:00Z,GILD,MarketOnOpen,Buy,266,88.898784,23647.08,4.6629,Filled,closed
5503,2024-12-03T05:00:00Z,2024-12-03T21:00:00Z,LOW,MarketOnOpen,Sell,-88,263.463786,-23184.81,4.6619,Filled,closed
5504,2024-12-03T05:00:00Z,2024-12-03T21:00:00Z,META,MarketOnOpen,Sell,-41,591.129823,-24236.32,4.9992,Filled,closed
5505,2024-12-03T05:00:00Z,2024-12-03T21:00:00Z,PLTR,MarketOnOpen,Sell,-348,66.37,-23096.76,4.9395,Filled,closed
5506,2024-12-03T05:00:00Z,2024-12-03T21:00:00Z,PEP,MarketOnOpen,Buy,155,150.676161,23354.81,4.6383,Filled,
5507,2024-12-03T05:00:00Z,2024-12-03T21:00:00Z,UBER,MarketOnOpen,Buy,320,73.06,23379.2,4.5613,Filled,
5508,2024-12-03T05:00:00Z,2024-12-03T21:00:00Z,AMGN,MarketOnOpen,Sell,-88,262.63235,-23111.65,4.6489,Filled,
5509,2024-12-03T05:00:00Z,2024-12-03T21:00:00Z,ETN,MarketOnOpen,Sell,-128,364.527083,-46659.47,9.3685,Filled,
5510,2024-12-03T05:00:00Z,2024-12-03T21:00:00Z,PFE,MarketOnOpen,Buy,2045,22.833982,46695.49,9.2702,Filled,
5511,2024-12-03T05:00:00Z,2024-12-03T21:00:00Z,SHOP,MarketOnOpen,Buy,426,112.7,48010.2,9.5305,Filled,
5512,2024-12-03T05:00:00Z,2024-12-03T21:00:00Z,UNP,MarketOnOpen,Sell,-200,231.241359,-46248.27,9.0683,Filled,
5513,2024-12-03T05:00:00Z,2024-12-03T21:00:00Z,FISV,MarketOnOpen,Sell,-107,219.63,-23500.41,4.6078,Filled,
5514,2024-12-03T05:00:00Z,2024-12-03T21:00:00Z,CB,MarketOnOpen,Sell,-82,282.586569,-23172.1,4.5762,Filled,
5515,2024-12-03T05:00:00Z,2024-12-03T21:00:00Z,MRSH,MarketOnOpen,Sell,-103,225.721993,-23249.37,4.5936,Filled,
5516,2024-12-03T05:00:00Z,2024-12-03T21:00:00Z,APP,MarketOnOpen,Sell,-68,338.8,-23038.4,4.9862,Filled,
5517,2024-12-03T05:00:00Z,2024-12-03T21:00:00Z,SPY,MarketOnOpen,Buy,84,589.790132,49542.37,9.9168,Filled,
5518,2024-12-04T05:00:00Z,2024-12-04T21:00:00Z,AMGN,MarketOnOpen,Buy,88,261.759218,23034.81,4.6479,Filled,closed
5519,2024-12-04T05:00:00Z,2024-12-04T21:00:00Z,APP,MarketOnOpen,Buy,68,374.0,25432.0,5.0835,Filled,closed
5520,2024-12-04T05:00:00Z,2024-12-04T21:00:00Z,INTU,MarketOnOpen,Sell,-37,628.900477,-23269.32,4.7678,Filled,closed
5521,2024-12-04T05:00:00Z,2024-12-04T21:00:00Z,LLY,MarketOnOpen,Buy,31,818.017054,25358.53,5.0824,Filled,closed
5522,2024-12-04T05:00:00Z,2024-12-04T21:00:00Z,MCD,MarketOnOpen,Buy,83,280.12691,23250.53,4.6948,Filled,closed
5523,2024-12-04T05:00:00Z,2024-12-04T21:00:00Z,MRSH,MarketOnOpen,Buy,103,222.185853,22885.14,4.585,Filled,closed
5524,2024-12-04T05:00:00Z,2024-12-04T21:00:00Z,NFLX,MarketOnOpen,Sell,-263,89.805,-23618.72,4.7922,Filled,closed
5525,2024-12-04T05:00:00Z,2024-12-04T21:00:00Z,UBER,MarketOnOpen,Sell,-320,71.25,-22800.0,4.6182,Filled,closed
5526,2024-12-04T05:00:00Z,2024-12-04T21:00:00Z,PEP,MarketOnOpen,Sell,-155,148.603485,-23033.54,4.5947,Filled,closed
5527,2024-12-04T05:00:00Z,2024-12-04T21:00:00Z,PFE,MarketOnOpen,Sell,-1022,22.541353,-23037.26,4.573,Filled,closed
5528,2024-12-04T05:00:00Z,2024-12-04T21:00:00Z,PGR,MarketOnOpen,Sell,-98,241.1725,-23634.91,4.6976,Filled,closed
5529,2024-12-04T05:00:00Z,2024-12-04T21:00:00Z,PM,MarketOnOpen,Sell,-187,122.411781,-22891.0,4.5824,Filled,closed
5530,2024-12-04T05:00:00Z,2024-12-04T21:00:00Z,T,MarketOnOpen,Sell,-1143,21.880232,-25009.11,4.9701,Filled,closed
5531,2024-12-04T05:00:00Z,2024-12-04T21:00:00Z,UPS,MarketOnOpen,Buy,192,115.867025,22246.47,4.4174,Filled,closed
5532,2024-12-04T05:00:00Z,2024-12-04T21:00:00Z,WMT,MarketOnOpen,Sell,-272,91.776582,-24963.23,5.0461,Filled,closed
5533,2024-12-04T05:00:00Z,2024-12-04T21:00:00Z,ACN,MarketOnOpen,Buy,69,338.569954,23361.33,4.7409,Filled,
5534,2024-12-04T05:00:00Z,2024-12-04T21:00:00Z,DIS,MarketOnOpen,Sell,-205,113.327125,-23232.06,4.6873,Filled,
5535,2024-12-04T05:00:00Z,2024-12-04T21:00:00Z,TMO,MarketOnOpen,Buy,44,528.819594,23268.06,4.6215,Filled,
5536,2024-12-04T05:00:00Z,2024-12-04T21:00:00Z,TXN,MarketOnOpen,Buy,124,188.315438,23351.11,4.6454,Filled,
5537,2024-12-04T05:00:00Z,2024-12-04T21:00:00Z,PLTR,MarketOnOpen,Buy,330,71.08,23456.4,4.6108,Filled,
5538,2024-12-04T05:00:00Z,2024-12-04T21:00:00Z,LOW,MarketOnOpen,Buy,88,263.946462,23227.29,4.6259,Filled,
5539,2024-12-04T05:00:00Z,2024-12-04T21:00:00Z,HON,MarketOnOpen,Sell,-108,217.149845,-23452.18,4.7347,Filled,
5540,2024-12-04T05:00:00Z,2024-12-04T21:00:00Z,ADP,MarketOnOpen,Buy,81,290.283516,23512.96,4.6802,Filled,
5541,2024-12-04T05:00:00Z,2024-12-04T21:00:00Z,GILD,MarketOnOpen,Sell,-267,87.733178,-23424.76,4.6349,Filled,
5542,2024-12-04T05:00:00Z,2024-12-04T21:00:00Z,MU,MarketOnOpen,Sell,-235,100.103729,-23524.38,4.8255,Filled,
5543,2024-12-05T05:00:00Z,2024-12-05T21:00:00Z,MU,MarketOnOpen,Buy,235,103.277361,24270.18,4.7166,Filled,closed
5544,2024-12-05T05:00:00Z,2024-12-05T21:00:00Z,ADP,MarketOnOpen,Sell,-81,288.627147,-23378.8,4.6542,Filled,closed
5545,2024-12-05T05:00:00Z,2024-12-05T21:00:00Z,CB,MarketOnOpen,Buy,82,279.359961,22907.52,4.5821,Filled,closed
5546,2024-12-05T05:00:00Z,2024-12-05T21:00:00Z,ETN,MarketOnOpen,Buy,64,369.648028,23657.47,4.6504,Filled,closed
5547,2024-12-05T05:00:00Z,2024-12-05T21:00:00Z,GILD,MarketOnOpen,Buy,267,87.050872,23242.58,4.7259,Filled,closed
5548,2024-12-05T05:00:00Z,2024-12-05T21:00:00Z,HON,MarketOnOpen,Buy,108,218.91467,23642.78,4.6626,Filled,closed
5549,2024-12-05T05:00:00Z,2024-12-05T21:00:00Z,IBM,MarketOnOpen,Buy,108,223.122436,24097.22,4.8442,Filled,closed
5550,2024-12-05T05:00:00Z,2024-12-05T21:00:00Z,JPM,MarketOnOpen,Buy,100,236.938523,23693.85,4.7405,Filled,closed
5551,2024-12-05T05:00:00Z,2024-12-05T21:00:00Z,LIN,MarketOnOpen,Sell,-52,447.56722,-23273.5,4.5587,Filled,closed
5552,2024-12-05T05:00:00Z,2024-12-05T21:00:00Z,SHOP,MarketOnOpen,Sell,-207,113.43,-23480.01,4.7233,Filled,closed
5553,2024-12-05T05:00:00Z,2024-12-05T21:00:00Z,TMO,MarketOnOpen,Sell,-44,523.516999,-23034.75,4.5515,Filled,closed
5554,2024-12-05T05:00:00Z,2024-12-05T21:00:00Z,TMUS,MarketOnOpen,Buy,98,234.078158,22939.66,4.6057,Filled,closed
5555,2024-12-05T05:00:00Z,2024-12-05T21:00:00Z,V,MarketOnOpen,Buy,82,305.502616,25051.21,5.0031,Filled,closed
5556,2024-12-05T05:00:00Z,2024-12-05T21:00:00Z,XOM,MarketOnOpen,Sell,-209,108.482456,-22672.83,4.5369,Filled,closed
5557,2024-12-05T05:00:00Z,2024-12-05T21:00:00Z,ORCL,MarketOnOpen,Buy,127,183.933131,23359.51,4.6134,Filled,
5558,2024-12-05T05:00:00Z,2024-12-05T21:00:00Z,CRM,MarketOnOpen,Sell,-64,356.233938,-22798.97,4.5592,Filled,
5559,2024-12-05T05:00:00Z,2024-12-05T21:00:00Z,KO,MarketOnOpen,Buy,394,59.523584,23452.29,4.7242,Filled,
5560,2024-12-05T05:00:00Z,2024-12-05T21:00:00Z,WFC,MarketOnOpen,Buy,332,70.675436,23464.24,4.7095,Filled,
5561,2024-12-05T05:00:00Z,2024-12-05T21:00:00Z,PEP,MarketOnOpen,Buy,157,148.908835,23378.69,4.663,Filled,
5562,2024-12-05T05:00:00Z,2024-12-05T21:00:00Z,MCD,MarketOnOpen,Sell,-82,283.251358,-23226.61,4.7071,Filled,
5563,2024-12-05T05:00:00Z,2024-12-05T21:00:00Z,AMAT,MarketOnOpen,Sell,-130,174.169597,-22642.05,4.4127,Filled,
5564,2024-12-05T05:00:00Z,2024-12-05T21:00:00Z,SCHW,MarketOnOpen,Buy,581,78.637755,45688.54,9.2991,Filled,
5565,2024-12-05T05:00:00Z,2024-12-05T21:00:00Z,PFE,MarketOnOpen,Sell,-1044,22.364001,-23348.02,4.7585,Filled,
5566,2024-12-05T05:00:00Z,2024-12-05T21:00:00Z,PANW,MarketOnOpen,Sell,-115,201.8,-23207.0,4.6348,Filled,
5567,2024-12-05T05:00:00Z,2024-12-05T21:00:00Z,DE,MarketOnOpen,Buy,52,447.602769,23275.34,4.5548,Filled,
5568,2024-12-05T05:00:00Z,2024-12-05T21:00:00Z,NKE,MarketOnOpen,Sell,-313,74.400481,-23287.35,4.6825,Filled,
5569,2024-12-05T05:00:00Z,2024-12-05T21:00:00Z,SPY,MarketOnOpen,Sell,-124,593.875851,-73640.61,14.7058,Filled,
5570,2024-12-06T05:00:00Z,2024-12-06T21:00:00Z,AMAT,MarketOnOpen,Buy,130,169.848408,22080.29,4.4381,Filled,closed
5571,2024-12-06T05:00:00Z,2024-12-06T21:00:00Z,BSX,MarketOnOpen,Buy,257,90.36,23222.52,4.6296,Filled,closed
5572,2024-12-06T05:00:00Z,2024-12-06T21:00:00Z,DE,MarketOnOpen,Sell,-52,437.966183,-22774.24,4.513,Filled,closed
5573,2024-12-06T05:00:00Z,2024-12-06T21:00:00Z,JNJ,MarketOnOpen,Buy,157,142.448221,22364.37,4.4771,Filled,closed
5574,2024-12-06T05:00:00Z,2024-12-06T21:00:00Z,LOW,MarketOnOpen,Sell,-88,262.855614,-23131.29,4.6456,Filled,closed
5575,2024-12-06T05:00:00Z,2024-12-06T21:00:00Z,MCD,MarketOnOpen,Buy,82,288.062625,23621.14,4.6994,Filled,closed
5576,2024-12-06T05:00:00Z,2024-12-06T21:00:00Z,NKE,MarketOnOpen,Buy,313,75.409494,23603.17,4.701,Filled,closed
5577,2024-12-06T05:00:00Z,2024-12-06T21:00:00Z,PFE,MarketOnOpen,Buy,1044,22.87832,23884.97,4.764,Filled,closed
5578,2024-12-06T05:00:00Z,2024-12-06T21:00:00Z,SBUX,MarketOnOpen,Buy,241,94.652207,22811.18,4.6167,Filled,closed
5579,2024-12-06T05:00:00Z,2024-12-06T21:00:00Z,SCHW,MarketOnOpen,Sell,-293,79.909419,-23413.46,4.6701,Filled,closed
5580,2024-12-06T05:00:00Z,2024-12-06T21:00:00Z,SYK,MarketOnOpen,Buy,61,376.67194,22976.99,4.6185,Filled,closed
5581,2024-12-06T05:00:00Z,2024-12-06T21:00:00Z,TXN,MarketOnOpen,Sell,-124,184.467212,-22873.93,4.5616,Filled,closed
5582,2024-12-06T05:00:00Z,2024-12-06T21:00:00Z,UNP,MarketOnOpen,Buy,101,225.463434,22771.81,4.5134,Filled,closed
5583,2024-12-06T05:00:00Z,2024-12-06T21:00:00Z,UNH,MarketOnOpen,Buy,42,551.991832,23183.66,4.4016,Filled,
5584,2024-12-06T05:00:00Z,2024-12-06T21:00:00Z,AXP,MarketOnOpen,Sell,-79,296.015078,-23385.19,4.7135,Filled,
5585,2024-12-06T05:00:00Z,2024-12-06T21:00:00Z,PM,MarketOnOpen,Sell,-187,123.810934,-23152.64,4.5852,Filled,
5586,2024-12-06T05:00:00Z,2024-12-06T21:00:00Z,INTU,MarketOnOpen,Buy,36,638.909738,23000.75,4.581,Filled,
5587,2024-12-06T05:00:00Z,2024-12-06T21:00:00Z,VZ,MarketOnOpen,Buy,616,37.915453,23355.92,4.6503,Filled,
5588,2024-12-06T05:00:00Z,2024-12-06T21:00:00Z,T,MarketOnOpen,Buy,1060,22.000352,23320.37,4.6778,Filled,
5589,2024-12-06T05:00:00Z,2024-12-06T21:00:00Z,PGR,MarketOnOpen,Buy,97,239.984957,23278.54,4.5462,Filled,
5590,2024-12-06T05:00:00Z,2024-12-06T21:00:00Z,AMGN,MarketOnOpen,Buy,89,260.999973,23229.0,4.6047,Filled,
5591,2024-12-06T05:00:00Z,2024-12-06T21:00:00Z,SHOP,MarketOnOpen,Buy,204,117.0,23868.0,4.8295,Filled,
5592,2024-12-06T05:00:00Z,2024-12-06T21:00:00Z,BX,MarketOnOpen,Sell,-132,176.371834,-23281.08,4.6431,Filled,
5593,2024-12-06T05:00:00Z,2024-12-06T21:00:00Z,TJX,MarketOnOpen,Sell,-189,123.742782,-23387.39,4.6645,Filled,
5594,2024-12-06T05:00:00Z,2024-12-06T21:00:00Z,ANET,MarketOnOpen,Sell,-218,106.94,-23312.92,4.7193,Filled,
5595,2024-12-06T05:00:00Z,2024-12-06T21:00:00Z,LMT,MarketOnOpen,Buy,47,492.042367,23125.99,4.6011,Filled,
5596,2024-12-06T05:00:00Z,2024-12-06T21:00:00Z,ADP,MarketOnOpen,Buy,81,286.970777,23244.63,4.6967,Filled,
5597,2024-12-06T05:00:00Z,2024-12-06T21:00:00Z,BMY,MarketOnOpen,Sell,-430,54.221578,-23315.28,4.7059,Filled,
5598,2024-12-06T05:00:00Z,2024-12-06T21:00:00Z,GILD,MarketOnOpen,Sell,-263,88.500772,-23275.7,4.5923,Filled,
5599,2024-12-06T05:00:00Z,2024-12-06T21:00:00Z,CB,MarketOnOpen,Sell,-83,279.398953,-23190.11,4.5846,Filled,
5600,2024-12-06T05:00:00Z,2024-12-06T21:00:00Z,MDT,MarketOnOpen,Buy,296,78.723271,23302.09,4.661,Filled,
5601,2024-12-06T05:00:00Z,2024-12-06T21:00:00Z,ADI,MarketOnOpen,Buy,112,208.490934,23350.98,4.7457,Filled,
5602,2024-12-06T05:00:00Z,2024-12-06T21:00:00Z,SPY,MarketOnOpen,Sell,-240,593.680362,-142483.29,28.5168,Filled,
5603,2024-12-09T05:00:00Z,2024-12-09T21:00:00Z,ACN,MarketOnOpen,Sell,-69,343.942111,-23732.01,4.7339,Filled,closed
5604,2024-12-09T05:00:00Z,2024-12-09T21:00:00Z,AMGN,MarketOnOpen,Sell,-89,259.244219,-23072.74,4.6901,Filled,closed
5605,2024-12-09T05:00:00Z,2024-12-09T21:00:00Z,BX,MarketOnOpen,Buy,132,178.487957,23560.41,4.6021,Filled,closed
5606,2024-12-09T05:00:00Z,2024-12-09T21:00:00Z,CB,MarketOnOpen,Buy,83,275.870155,22897.22,4.4875,Filled,closed
5607,2024-12-09T05:00:00Z,2024-12-09T21:00:00Z,DHR,MarketOnOpen,Sell,-98,226.924953,-22238.65,4.5704,Filled,closed
5608,2024-12-09T05:00:00Z,2024-12-09T21:00:00Z,FISV,MarketOnOpen,Buy,107,207.125,22162.38,4.3423,Filled,closed
5609,2024-12-09T05:00:00Z,2024-12-09T21:00:00Z,GILD,MarketOnOpen,Buy,263,87.050872,22894.38,4.5156,Filled,closed
5610,2024-12-09T05:00:00Z,2024-12-09T21:00:00Z,ANET,MarketOnOpen,Buy,218,108.825,23723.85,4.6233,Filled,closed
5611,2024-12-09T05:00:00Z,2024-12-09T21:00:00Z,PEP,MarketOnOpen,Sell,-157,147.143933,-23101.6,4.6728,Filled,closed
5612,2024-12-09T05:00:00Z,2024-12-09T21:00:00Z,PM,MarketOnOpen,Buy,187,122.571416,22920.85,4.5203,Filled,closed
5613,2024-12-09T05:00:00Z,2024-12-09T21:00:00Z,SHOP,MarketOnOpen,Sell,-204,118.6,-24194.4,4.7038,Filled,closed
5614,2024-12-09T05:00:00Z,2024-12-09T21:00:00Z,T,MarketOnOpen,Sell,-1060,22.065032,-23388.93,4.5779,Filled,closed
5615,2024-12-09T05:00:00Z,2024-12-09T21:00:00Z,TJX,MarketOnOpen,Buy,189,123.703635,23379.99,4.6575,Filled,closed
5616,2024-12-09T05:00:00Z,2024-12-09T21:00:00Z,TSLA,MarketOnOpen,Buy,67,398.0,26666.0,5.2232,Filled,closed
5617,2024-12-09T05:00:00Z,2024-12-09T21:00:00Z,META,MarketOnOpen,Sell,-37,619.444444,-22919.44,4.5109,Filled,
5618,2024-12-09T05:00:00Z,2024-12-09T21:00:00Z,AMD,MarketOnOpen,Buy,168,135.61,22782.48,4.3972,Filled,
5619,2024-12-09T05:00:00Z,2024-12-09T21:00:00Z,IBM,MarketOnOpen,Buy,102,227.373752,23192.12,4.4825,Filled,
5620,2024-12-09T05:00:00Z,2024-12-09T21:00:00Z,TXN,MarketOnOpen,Buy,126,182.914586,23047.24,4.6435,Filled,
5621,2024-12-09T05:00:00Z,2024-12-09T21:00:00Z,LOW,MarketOnOpen,Buy,88,264.506366,23276.56,4.6579,Filled,
5622,2024-12-09T05:00:00Z,2024-12-09T21:00:00Z,HON,MarketOnOpen,Buy,107,216.205425,23133.98,4.5962,Filled,
5623,2024-12-09T05:00:00Z,2024-12-09T21:00:00Z,SYK,MarketOnOpen,Buy,61,378.353292,23079.55,4.5716,Filled,
5624,2024-12-09T05:00:00Z,2024-12-09T21:00:00Z,APP,MarketOnOpen,Sell,-58,368.99,-21401.42,3.9718,Filled,
5625,2024-12-09T05:00:00Z,2024-12-09T21:00:00Z,BSX,MarketOnOpen,Sell,-258,90.12,-23250.96,4.578,Filled,
5626,2024-12-09T05:00:00Z,2024-12-09T21:00:00Z,DE,MarketOnOpen,Buy,53,434.916878,23050.59,4.6558,Filled,
5627,2024-12-09T05:00:00Z,2024-12-09T21:00:00Z,MRSH,MarketOnOpen,Buy,106,215.646416,22858.52,4.4809,Filled,
5628,2024-12-09T05:00:00Z,2024-12-09T21:00:00Z,UPS,MarketOnOpen,Buy,207,112.713755,23331.75,4.7533,Filled,
5629,2024-12-09T05:00:00Z,2024-12-09T21:00:00Z,SPY,MarketOnOpen,Sell,-251,594.032242,-149102.09,29.6703,Filled,
5630,2024-12-10T21:00:00Z,,ADI,MarketOnOpen,Sell,-112,0.0,0.0,0.0,Canceled,closed
5631,2024-12-10T21:00:00Z,2024-12-11T21:00:00Z,ADP,MarketOnOpen,Sell,-81,288.217814,-23345.64,4.638,Filled,closed
5632,2024-12-10T21:00:00Z,,AMD,MarketOnOpen,Sell,-168,0.0,0.0,0.0,Canceled,closed
5633,2024-12-10T21:00:00Z,,AXP,MarketOnOpen,Buy,79,0.0,0.0,0.0,Canceled,closed
5634,2024-12-10T21:00:00Z,,BLK,MarketOnOpen,Sell,-23,0.0,0.0,0.0,Canceled,closed
5635,2024-12-10T21:00:00Z,,BSX,MarketOnOpen,Buy,258,0.0,0.0,0.0,Canceled,closed
5636,2024-12-10T21:00:00Z,2024-12-11T21:00:00Z,APP,MarketOnOpen,Buy,58,328.21,19036.18,3.9285,Filled,closed
5637,2024-12-10T21:00:00Z,,DIS,MarketOnOpen,Buy,205,0.0,0.0,0.0,Canceled,closed
5638,2024-12-10T21:00:00Z,,PLTR,MarketOnOpen,Sell,-330,0.0,0.0,0.0,Canceled,closed
5639,2024-12-10T21:00:00Z,,PG,MarketOnOpen,Buy,142,0.0,0.0,0.0,Canceled,closed
5640,2024-12-10T21:00:00Z,,PGR,MarketOnOpen,Sell,-97,0.0,0.0,0.0,Canceled,closed
5641,2024-12-10T21:00:00Z,,SYK,MarketOnOpen,Sell,-61,0.0,0.0,0.0,Canceled,closed
5642,2024-12-10T21:00:00Z,2024-12-11T21:00:00Z,TXN,MarketOnOpen,Sell,-126,183.019364,-23060.44,4.6015,Filled,closed
5643,2024-12-10T21:00:00Z,,PANW,MarketOnOpen,Buy,115,0.0,0.0,0.0,Canceled,closed
5644,2024-12-10T21:00:00Z,2024-12-11T21:00:00Z,AAPL,MarketOnOpen,Sell,-94,245.994795,-23123.51,4.6006,Filled,
5645,2024-12-10T21:00:00Z,2024-12-11T21:00:00Z,MSFT,MarketOnOpen,Sell,-53,438.019446,-23215.03,4.6947,Filled,
5646,2024-12-10T21:00:00Z,2024-12-11T21:00:00Z,TMUS,MarketOnOpen,Buy,103,224.628336,23136.72,4.6502,Filled,
5647,2024-12-10T21:00:00Z,2024-12-11T21:00:00Z,PEP,MarketOnOpen,Buy,156,149.50488,23322.76,4.5644,Filled,
5648,2024-12-10T21:00:00Z,2024-12-11T21:00:00Z,MCD,MarketOnOpen,Buy,80,288.810192,23104.82,4.5406,Filled,
5649,2024-12-10T21:00:00Z,2024-12-11T21:00:00Z,TMO,MarketOnOpen,Sell,-43,531.252432,-22843.85,4.5633,Filled,
5650,2024-12-10T21:00:00Z,2024-12-11T21:00:00Z,DHR,MarketOnOpen,Buy,100,233.07302,23307.3,4.6536,Filled,
5651,2024-12-10T21:00:00Z,2024-12-11T21:00:00Z,AMGN,MarketOnOpen,Buy,89,261.11386,23239.13,4.6188,Filled,
5652,2024-12-10T21:00:00Z,2024-12-11T21:00:00Z,SHOP,MarketOnOpen,Buy,205,115.35,23646.75,4.8122,Filled,
5653,2024-12-10T21:00:00Z,2024-12-11T21:00:00Z,PFE,MarketOnOpen,Buy,1027,22.523618,23131.76,4.5954,Filled,
5654,2024-12-10T21:00:00Z,2024-12-11T21:00:00Z,COP,MarketOnOpen,Sell,-240,96.803561,-23232.85,4.6389,Filled,
5655,2024-12-10T21:00:00Z,2024-12-11T21:00:00Z,VRTX,MarketOnOpen,Sell,-49,472.31,-23143.19,4.5892,Filled,
5656,2024-12-10T21:00:00Z,2024-12-11T21:00:00Z,SPY,MarketOnOpen,Buy,69,592.106676,40855.36,8.1939,Filled,
5657,2024-12-11T05:00:00Z,2024-12-11T21:00:00Z,ADI,MarketOnOpen,Sell,-112,210.446272,-23569.98,4.7422,Filled,closed
5658,2024-12-11T05:00:00Z,2024-12-11T21:00:00Z,AMD,MarketOnOpen,Sell,-168,128.5,-21588.0,4.373,Filled,closed
5659,2024-12-11T05:00:00Z,2024-12-11T21:00:00Z,AXP,MarketOnOpen,Buy,79,297.712817,23519.31,4.6879,Filled,closed
5660,2024-12-11T05:00:00Z,2024-12-11T21:00:00Z,BLK,MarketOnOpen,Sell,-23,1023.023533,-23529.54,4.7242,Filled,closed
5661,2024-12-11T05:00:00Z,2024-12-11T21:00:00Z,BMY,MarketOnOpen,Buy,430,53.346144,22938.84,4.4895,Filled,closed
5662,2024-12-11T05:00:00Z,2024-12-11T21:00:00Z,BSX,MarketOnOpen,Buy,258,90.61,23377.38,4.6729,Filled,closed
5663,2024-12-11T05:00:00Z,2024-12-11T21:00:00Z,DIS,MarketOnOpen,Buy,205,111.998118,22959.61,4.5923,Filled,closed
5664,2024-12-11T05:00:00Z,2024-12-11T21:00:00Z,LMT,MarketOnOpen,Sell,-47,488.970203,-22981.6,4.5222,Filled,closed
5665,2024-12-11T05:00:00Z,2024-12-11T21:00:00Z,PLTR,MarketOnOpen,Sell,-330,72.99,-24086.7,4.785,Filled,closed
5666,2024-12-11T05:00:00Z,2024-12-11T21:00:00Z,ORCL,MarketOnOpen,Sell,-127,173.595426,-22046.62,4.4237,Filled,closed
5667,2024-12-11T05:00:00Z,2024-12-11T21:00:00Z,PG,MarketOnOpen,Buy,142,165.041625,23435.91,4.6184,Filled,closed
5668,2024-12-11T05:00:00Z,2024-12-11T21:00:00Z,PGR,MarketOnOpen,Sell,-97,227.455918,-22063.22,4.3528,Filled,closed
5669,2024-12-11T05:00:00Z,2024-12-11T21:00:00Z,SYK,MarketOnOpen,Sell,-61,376.603113,-22972.79,4.5123,Filled,closed
5670,2024-12-11T05:00:00Z,2024-12-11T21:00:00Z,PANW,MarketOnOpen,Buy,115,196.5,22597.5,4.5807,Filled,closed
5671,2024-12-11T05:00:00Z,2024-12-11T21:00:00Z,WFC,MarketOnOpen,Sell,-332,69.895503,-23205.31,4.5778,Filled,closed
5672,2024-12-11T05:00:00Z,2024-12-11T21:00:00Z,GOOGL,MarketOnOpen,Sell,-126,184.169048,-23205.3,4.8953,Filled,
5673,2024-12-11T05:00:00Z,2024-12-11T21:00:00Z,XOM,MarketOnOpen,Buy,218,105.910347,23088.46,4.6144,Filled,
5674,2024-12-11T05:00:00Z,2024-12-11T21:00:00Z,ADBE,MarketOnOpen,Buy,42,547.05,22976.1,4.6194,Filled,
5675,2024-12-11T05:00:00Z,2024-12-11T21:00:00Z,ABT,MarketOnOpen,Sell,-209,111.100943,-23220.1,4.5969,Filled,
5676,2024-12-11T05:00:00Z,2024-12-11T21:00:00Z,SCHW,MarketOnOpen,Buy,289,80.63329,23303.02,4.6595,Filled,
5677,2024-12-11T05:00:00Z,2024-12-11T21:00:00Z,ADP,MarketOnOpen,Sell,-81,288.217814,-23345.64,4.638,Filled,
5678,2024-12-11T05:00:00Z,2024-12-11T21:00:00Z,BA,MarketOnOpen,Buy,142,165.5,23501.0,4.7133,Filled,
5679,2024-12-11T05:00:00Z,2024-12-11T21:00:00Z,DE,MarketOnOpen,Sell,-106,437.809809,-46407.84,9.283,Filled,
5680,2024-12-11T05:00:00Z,2024-12-11T21:00:00Z,GILD,MarketOnOpen,Buy,266,87.562601,23291.65,4.6573,Filled,
5681,2024-12-11T05:00:00Z,2024-12-11T21:00:00Z,SBUX,MarketOnOpen,Buy,248,94.116422,23340.87,4.6705,Filled,
5682,2024-12-11T05:00:00Z,2024-12-11T21:00:00Z,CB,MarketOnOpen,Buy,87,267.486821,23271.35,4.6851,Filled,
5683,2024-12-11T05:00:00Z,2024-12-11T21:00:00Z,MU,MarketOnOpen,Buy,238,98.989475,23559.5,4.8329,Filled,
5684,2024-12-11T05:00:00Z,2024-12-11T21:00:00Z,APP,MarketOnOpen,Buy,72,328.21,23631.12,4.8767,Filled,
5685,2024-12-11T05:00:00Z,2024-12-11T21:00:00Z,SPY,MarketOnOpen,Buy,1,592.106676,592.11,0.1188,Filled,
5686,2024-12-12T21:00:00Z,2024-12-13T21:00:00Z,MU,MarketOnOpen,Sell,-238,100.233062,-23855.47,4.854,Filled,closed
5687,2024-12-12T21:00:00Z,,ABT,MarketOnOpen,Buy,209,0.0,0.0,0.0,Canceled,closed
5688,2024-12-12T21:00:00Z,2024-12-13T21:00:00Z,APP,MarketOnOpen,Sell,-72,326.28,-23492.16,4.6721,Filled,closed
5689,2024-12-12T21:00:00Z,,GILD,MarketOnOpen,Sell,-266,0.0,0.0,0.0,Canceled,closed
5690,2024-12-12T21:00:00Z,,GOOGL,MarketOnOpen,Buy,126,0.0,0.0,0.0,Canceled,closed
5691,2024-12-12T21:00:00Z,2024-12-13T21:00:00Z,IBM,MarketOnOpen,Sell,-102,221.880479,-22631.81,4.4985,Filled,closed
5692,2024-12-12T21:00:00Z,,MS,MarketOnOpen,Buy,186,0.0,0.0,0.0,Canceled,closed
5693,2024-12-12T21:00:00Z,,PFE,MarketOnOpen,Sell,-1027,0.0,0.0,0.0,Canceled,closed
5694,2024-12-12T21:00:00Z,2024-12-13T21:00:00Z,VRTX,MarketOnOpen,Buy,49,462.33,22654.17,4.5446,Filled,closed
5695,2024-12-12T21:00:00Z,,XOM,MarketOnOpen,Sell,-218,0.0,0.0,0.0,Canceled,closed
5696,2024-12-12T21:00:00Z,2024-12-13T21:00:00Z,ORCL,MarketOnOpen,Buy,135,170.66966,23040.4,4.5657,Filled,
5697,2024-12-12T21:00:00Z,2024-12-13T21:00:00Z,MA,MarketOnOpen,Sell,-43,528.526067,-22726.62,4.5013,Filled,
5698,2024-12-12T21:00:00Z,2024-12-13T21:00:00Z,MRK,MarketOnOpen,Buy,244,94.73644,23115.69,4.6629,Filled,
5699,2024-12-12T21:00:00Z,2024-12-13T21:00:00Z,AXP,MarketOnOpen,Buy,78,296.819786,23151.94,4.6255,Filled,
5700,2024-12-12T21:00:00Z,2024-12-13T21:00:00Z,PM,MarketOnOpen,Sell,-194,118.608715,-23010.09,4.6133,Filled,
5701,2024-12-12T21:00:00Z,,BA,MarketOnOpen,Sell,-280,0.0,0.0,0.0,Canceled,closed
5702,2024-12-12T21:00:00Z,2024-12-13T21:00:00Z,ADP,MarketOnOpen,Buy,162,283.62554,45947.34,9.2003,Filled,
5703,2024-12-12T21:00:00Z,2024-12-13T21:00:00Z,DE,MarketOnOpen,Buy,106,430.030172,45583.2,9.1258,Filled,
5704,2024-12-12T21:00:00Z,2024-12-13T21:00:00Z,FISV,MarketOnOpen,Buy,113,206.27,23308.51,4.6244,Filled,
5705,2024-12-12T21:00:00Z,2024-12-13T21:00:00Z,PLD,MarketOnOpen,Buy,221,103.92705,22967.88,4.5944,Filled,
5706,2024-12-12T21:00:00Z,2024-12-13T21:00:00Z,SPY,MarketOnOpen,Sell,-116,592.702917,-68753.54,13.7015,Filled,
5707,2024-12-13T05:00:00Z,2024-12-13T21:00:00Z,ABT,MarketOnOpen,Buy,209,109.694236,22926.1,4.5663,Filled,closed
5708,2024-12-13T05:00:00Z,2024-12-13T21:00:00Z,ADBE,MarketOnOpen,Sell,-42,473.99,-19907.58,3.9118,Filled,closed
5709,2024-12-13T05:00:00Z,2024-12-13T21:00:00Z,BA,MarketOnOpen,Sell,-142,167.99,-23854.58,4.8181,Filled,closed
5710,2024-12-13T05:00:00Z,2024-12-13T21:00:00Z,BKNG,MarketOnOpen,Sell,-129,206.561177,-26646.39,5.3167,Filled,closed
5711,2024-12-13T05:00:00Z,2024-12-13T21:00:00Z,CAT,MarketOnOpen,Sell,-59,373.385248,-22029.73,4.3964,Filled,closed
5712,2024-12-13T05:00:00Z,2024-12-13T21:00:00Z,COP,MarketOnOpen,Buy,240,95.564673,22935.52,4.5857,Filled,closed
5713,2024-12-13T05:00:00Z,2024-12-13T21:00:00Z,GILD,MarketOnOpen,Sell,-266,87.591433,-23299.32,4.6698,Filled,closed
5714,2024-12-13T05:00:00Z,2024-12-13T21:00:00Z,GOOGL,MarketOnOpen,Buy,126,190.15392,23959.39,4.7556,Filled,closed
5715,2024-12-13T05:00:00Z,2024-12-13T21:00:00Z,HD,MarketOnOpen,Buy,57,397.03661,22631.09,4.5394,Filled,closed
5716,2024-12-13T05:00:00Z,2024-12-13T21:00:00Z,MS,MarketOnOpen,Buy,186,122.556835,22795.57,4.5354,Filled,closed
5717,2024-12-13T05:00:00Z,2024-12-13T21:00:00Z,PEP,MarketOnOpen,Sell,-156,147.003956,-22932.62,4.5993,Filled,closed
5718,2024-12-13T05:00:00Z,2024-12-13T21:00:00Z,PFE,MarketOnOpen,Sell,-1027,22.47928,-23086.22,4.6591,Filled,closed
5719,2024-12-13T05:00:00Z,2024-12-13T21:00:00Z,TMO,MarketOnOpen,Buy,43,519.623195,22343.8,4.5029,Filled,closed
5720,2024-12-13T05:00:00Z,2024-12-13T21:00:00Z,XOM,MarketOnOpen,Sell,-218,105.815784,-23067.84,4.5699,Filled,closed
5721,2024-12-13T05:00:00Z,2024-12-13T21:00:00Z,MA,MarketOnOpen,Buy,86,528.526067,45453.24,9.0027,Filled,
5722,2024-12-13T05:00:00Z,2024-12-13T21:00:00Z,UNH,MarketOnOpen,Sell,-88,493.489859,-43427.11,8.7669,Filled,
5723,2024-12-13T05:00:00Z,2024-12-13T21:00:00Z,NOW,MarketOnOpen,Buy,100,226.0,22600.0,4.4844,Filled,
5724,2024-12-13T05:00:00Z,2024-12-13T21:00:00Z,AMD,MarketOnOpen,Buy,177,131.01,23188.77,4.4926,Filled,
5725,2024-12-13T05:00:00Z,2024-12-13T21:00:00Z,TXN,MarketOnOpen,Buy,126,180.514207,22744.79,4.5989,Filled,
5726,2024-12-13T05:00:00Z,2024-12-13T21:00:00Z,BX,MarketOnOpen,Buy,129,179.155712,23111.09,4.572,Filled,
5727,2024-12-13T05:00:00Z,2024-12-13T21:00:00Z,PANW,MarketOnOpen,Sell,-115,199.97,-22996.55,4.5186,Filled,
5728,2024-12-13T05:00:00Z,2024-12-13T21:00:00Z,VRTX,MarketOnOpen,Buy,49,462.33,22654.17,4.5446,Filled,
5729,2024-12-13T05:00:00Z,2024-12-13T21:00:00Z,SPY,MarketOnOpen,Sell,-30,592.702917,-17781.09,3.5435,Filled,
5730,2024-12-16T05:00:00Z,2024-12-16T21:00:00Z,AMD,MarketOnOpen,Sell,-177,125.87,-22278.99,4.4848,Filled,closed
5731,2024-12-16T05:00:00Z,2024-12-16T21:00:00Z,BX,MarketOnOpen,Sell,-129,177.951873,-22955.79,4.573,Filled,closed
5732,2024-12-16T05:00:00Z,2024-12-16T21:00:00Z,DHR,MarketOnOpen,Sell,-100,231.679327,-23167.93,4.6294,Filled,closed
5733,2024-12-16T05:00:00Z,2024-12-16T21:00:00Z,LOW,MarketOnOpen,Sell,-88,253.665466,-22322.56,4.4191,Filled,closed
5734,2024-12-16T05:00:00Z,2024-12-16T21:00:00Z,MRK,MarketOnOpen,Sell,-244,95.305928,-23254.65,4.6113,Filled,closed
5735,2024-12-16T05:00:00Z,2024-12-16T21:00:00Z,NOW,MarketOnOpen,Sell,-100,223.56,-22356.0,4.5197,Filled,closed
5736,2024-12-16T05:00:00Z,2024-12-16T21:00:00Z,ORCL,MarketOnOpen,Sell,-135,169.743168,-22915.33,4.5088,Filled,closed
5737,2024-12-16T05:00:00Z,2024-12-16T21:00:00Z,PLD,MarketOnOpen,Sell,-221,104.068414,-22999.12,4.5402,Filled,closed
5738,2024-12-16T05:00:00Z,2024-12-16T21:00:00Z,PM,MarketOnOpen,Buy,194,119.322377,23148.54,4.5885,Filled,closed
5739,2024-12-16T05:00:00Z,2024-12-16T21:00:00Z,SCHW,MarketOnOpen,Sell,-289,78.246474,-22613.23,4.4067,Filled,closed
5740,2024-12-16T05:00:00Z,2024-12-16T21:00:00Z,MSFT,MarketOnOpen,Buy,53,441.126666,23379.71,4.7218,Filled,closed
5741,2024-12-16T05:00:00Z,2024-12-16T21:00:00Z,PANW,MarketOnOpen,Buy,115,198.51,22828.65,4.6575,Filled,closed
5742,2024-12-16T05:00:00Z,2024-12-16T21:00:00Z,NVDA,MarketOnOpen,Sell,-172,133.830139,-23018.78,4.529,Filled,
5743,2024-12-16T05:00:00Z,2024-12-16T21:00:00Z,UNH,MarketOnOpen,Buy,92,495.748481,45608.86,8.7784,Filled,
5744,2024-12-16T05:00:00Z,2024-12-16T21:00:00Z,CVX,MarketOnOpen,Buy,161,142.342352,22917.12,4.4715,Filled,
5745,2024-12-16T05:00:00Z,2024-12-16T21:00:00Z,WFC,MarketOnOpen,Buy,340,67.940855,23099.89,4.713,Filled,
5746,2024-12-16T05:00:00Z,2024-12-16T21:00:00Z,IBM,MarketOnOpen,Buy,104,220.428344,22924.55,4.5571,Filled,
5747,2024-12-16T05:00:00Z,2024-12-16T21:00:00Z,LIN,MarketOnOpen,Buy,54,425.524001,22978.3,4.5199,Filled,
5748,2024-12-16T05:00:00Z,2024-12-16T21:00:00Z,PGR,MarketOnOpen,Buy,99,233.550131,23121.46,4.5614,Filled,
5749,2024-12-16T05:00:00Z,2024-12-16T21:00:00Z,PFE,MarketOnOpen,Buy,1018,22.683234,23091.53,4.5587,Filled,
5750,2024-12-16T05:00:00Z,2024-12-16T21:00:00Z,LMT,MarketOnOpen,Buy,48,472.082841,22659.98,4.5031,Filled,
5751,2024-12-16T05:00:00Z,2024-12-16T21:00:00Z,BMY,MarketOnOpen,Buy,449,52.304839,23484.87,4.6233,Filled,
5752,2024-12-16T05:00:00Z,2024-12-16T21:00:00Z,APP,MarketOnOpen,Buy,71,326.16,23157.36,4.8842,Filled,
5753,2024-12-16T05:00:00Z,2024-12-16T21:00:00Z,MRVL,MarketOnOpen,Buy,192,121.939072,23412.3,4.7696,Filled,
5754,2024-12-17T05:00:00Z,2024-12-17T21:00:00Z,BMY,MarketOnOpen,Sell,-449,51.687429,-23207.66,4.7706,Filled,closed
5755,2024-12-17T05:00:00Z,2024-12-17T21:00:00Z,FISV,MarketOnOpen,Sell,-113,202.5,-22882.5,4.6163,Filled,closed
5756,2024-12-17T05:00:00Z,2024-12-17T21:00:00Z,LIN,MarketOnOpen,Sell,-54,419.1045,-22631.64,4.54,Filled,closed
5757,2024-12-17T05:00:00Z,2024-12-17T21:00:00Z,MA,MarketOnOpen,Sell,-43,523.806465,-22523.68,4.5184,Filled,closed
5758,2024-12-17T05:00:00Z,2024-12-17T21:00:00Z,NVDA,MarketOnOpen,Buy,172,128.57388,22114.71,4.4737,Filled,closed
5759,2024-12-17T05:00:00Z,2024-12-17T21:00:00Z,PFE,MarketOnOpen,Sell,-1018,22.993599,-23407.48,4.7718,Filled,closed
5760,2024-12-17T05:00:00Z,2024-12-17T21:00:00Z,SHOP,MarketOnOpen,Sell,-205,115.14,-23603.7,4.8991,Filled,closed
5761,2024-12-17T05:00:00Z,2024-12-17T21:00:00Z,VZ,MarketOnOpen,Sell,-616,36.169346,-22280.32,4.4758,Filled,closed
5762,2024-12-17T05:00:00Z,2024-12-17T21:00:00Z,XOM,MarketOnOpen,Buy,223,101.404429,22613.19,4.5553,Filled,
5763,2024-12-17T05:00:00Z,2024-12-17T21:00:00Z,ORCL,MarketOnOpen,Buy,137,166.524825,22813.9,4.535,Filled,
5764,2024-12-17T05:00:00Z,2024-12-17T21:00:00Z,ACN,MarketOnOpen,Buy,67,340.993627,22846.57,4.5685,Filled,
5765,2024-12-17T05:00:00Z,2024-12-17T21:00:00Z,PEP,MarketOnOpen,Buy,157,145.333562,22817.37,4.5752,Filled,
5766,2024-12-17T05:00:00Z,2024-12-17T21:00:00Z,MS,MarketOnOpen,Buy,186,122.586501,22801.09,4.5475,Filled,
5767,2024-12-17T05:00:00Z,2024-12-17T21:00:00Z,PM,MarketOnOpen,Buy,194,117.688467,22831.56,4.5922,Filled,
5768,2024-12-17T05:00:00Z,2024-12-17T21:00:00Z,ABT,MarketOnOpen,Buy,211,108.114099,22812.07,4.6063,Filled,
5769,2024-12-17T05:00:00Z,2024-12-17T21:00:00Z,PLTR,MarketOnOpen,Buy,303,73.22,22185.66,4.508,Filled,
5770,2024-12-17T05:00:00Z,2024-12-17T21:00:00Z,ANET,MarketOnOpen,Buy,197,114.93,22641.21,4.449,Filled,
5771,2024-12-17T05:00:00Z,2024-12-17T21:00:00Z,LOW,MarketOnOpen,Buy,91,249.890941,22740.08,4.5285,Filled,
5772,2024-12-17T05:00:00Z,2024-12-17T21:00:00Z,MU,MarketOnOpen,Buy,213,109.435601,23309.78,4.6026,Filled,
5773,2024-12-17T05:00:00Z,2024-12-17T21:00:00Z,GILD,MarketOnOpen,Buy,261,87.935453,22951.15,4.6291,Filled,
5774,2024-12-17T05:00:00Z,2024-12-17T21:00:00Z,ADI,MarketOnOpen,Buy,108,210.504775,22734.52,4.5033,Filled,
5775,2024-12-18T05:00:00Z,2024-12-18T21:00:00Z,APP,MarketOnOpen,Sell,-71,338.5,-24033.5,4.4418,Filled,closed
5776,2024-12-18T05:00:00Z,2024-12-18T21:00:00Z,GS,MarketOnOpen,Sell,-40,557.775358,-22311.01,4.2517,Filled,closed
5777,2024-12-18T05:00:00Z,2024-12-18T21:00:00Z,HON,MarketOnOpen,Sell,-107,222.368004,-23793.38,4.6319,Filled,closed
5778,2024-12-18T05:00:00Z,2024-12-18T21:00:00Z,ANET,MarketOnOpen,Sell,-197,113.49,-22357.53,4.2548,Filled,closed
5779,2024-12-18T05:00:00Z,2024-12-18T21:00:00Z,MRVL,MarketOnOpen,Sell,-192,111.984863,-21501.09,4.0242,Filled,closed
5780,2024-12-18T05:00:00Z,2024-12-18T21:00:00Z,PLTR,MarketOnOpen,Sell,-303,74.26,-22500.78,4.3293,Filled,closed
5781,2024-12-18T05:00:00Z,2024-12-18T21:00:00Z,RTX,MarketOnOpen,Sell,-206,113.548331,-23390.96,4.5794,Filled,closed
5782,2024-12-18T05:00:00Z,2024-12-18T21:00:00Z,VRTX,MarketOnOpen,Sell,-49,467.06,-22885.94,4.3855,Filled,closed
5783,2024-12-18T05:00:00Z,2024-12-18T21:00:00Z,CAT,MarketOnOpen,Buy,62,369.321817,22897.95,4.4181,Filled,
5784,2024-12-18T05:00:00Z,2024-12-18T21:00:00Z,VZ,MarketOnOpen,Buy,630,36.258433,22842.81,4.5169,Filled,
5785,2024-12-18T05:00:00Z,2024-12-18T21:00:00Z,SHOP,MarketOnOpen,Buy,191,118.73,22677.43,4.1905,Filled,
5786,2024-12-18T05:00:00Z,2024-12-18T21:00:00Z,PFE,MarketOnOpen,Buy,976,23.233023,22675.43,4.4814,Filled,
5787,2024-12-18T05:00:00Z,2024-12-18T21:00:00Z,SYK,MarketOnOpen,Buy,62,364.784489,22616.64,4.3791,Filled,
5788,2024-12-18T05:00:00Z,2024-12-18T21:00:00Z,GILD,MarketOnOpen,Sell,-519,88.604382,-45985.67,8.9958,Filled,
5789,2024-12-18T05:00:00Z,2024-12-18T21:00:00Z,FISV,MarketOnOpen,Buy,112,205.16,22977.92,4.5172,Filled,
5790,2024-12-18T05:00:00Z,2024-12-18T21:00:00Z,PLD,MarketOnOpen,Buy,222,102.360673,22724.07,4.353,Filled,
5791,2024-12-19T21:00:00Z,,ABT,MarketOnOpen,Sell,-211,0.0,0.0,0.0,Canceled,closed
5792,2024-12-19T21:00:00Z,,ADP,MarketOnOpen,Sell,-81,0.0,0.0,0.0,Canceled,closed
5793,2024-12-19T21:00:00Z,,AXP,MarketOnOpen,Sell,-78,0.0,0.0,0.0,Canceled,closed
5794,2024-12-19T21:00:00Z,2024-12-20T21:00:00Z,CB,MarketOnOpen,Sell,-87,266.77948,-23209.81,4.6493,Filled,closed
5795,2024-12-19T21:00:00Z,2024-12-20T21:00:00Z,DE,MarketOnOpen,Sell,-53,416.357167,-22066.93,4.4805,Filled,closed
5796,2024-12-19T21:00:00Z,,ISRG,MarketOnOpen,Sell,-43,0.0,0.0,0.0,Canceled,closed
5797,2024-12-19T21:00:00Z,,LMT,MarketOnOpen,Sell,-48,0.0,0.0,0.0,Canceled,closed
5798,2024-12-19T21:00:00Z,,MS,MarketOnOpen,Sell,-186,0.0,0.0,0.0,Canceled,closed
5799,2024-12-19T21:00:00Z,,PFE,MarketOnOpen,Sell,-976,0.0,0.0,0.0,Canceled,closed
5800,2024-12-19T21:00:00Z,,WFC,MarketOnOpen,Sell,-340,0.0,0.0,0.0,Canceled,closed
5801,2024-12-19T21:00:00Z,2024-12-20T21:00:00Z,ABBV,MarketOnOpen,Sell,-139,161.434995,-22439.46,4.6073,Filled,
5802,2024-12-19T21:00:00Z,2024-12-20T21:00:00Z,CSCO,MarketOnOpen,Buy,407,55.26815,22494.14,4.577,Filled,
5803,2024-12-19T21:00:00Z,2024-12-20T21:00:00Z,DIS,MarketOnOpen,Buy,206,108.460258,22342.81,4.5268,Filled,
5804,2024-12-19T21:00:00Z,2024-12-20T21:00:00Z,LIN,MarketOnOpen,Buy,55,409.64624,22530.54,4.5611,Filled,
5805,2024-12-19T21:00:00Z,2024-12-20T21:00:00Z,TMO,MarketOnOpen,Buy,43,513.45211,22078.44,4.4786,Filled,
5806,2024-12-19T21:00:00Z,2024-12-20T21:00:00Z,GS,MarketOnOpen,Buy,42,536.536063,22534.51,4.5929,Filled,
5807,2024-12-19T21:00:00Z,2024-12-20T21:00:00Z,HON,MarketOnOpen,Buy,104,215.327782,22394.09,4.5317,Filled,
5808,2024-12-19T21:00:00Z,2024-12-20T21:00:00Z,UNP,MarketOnOpen,Buy,105,214.670423,22540.39,4.5727,Filled,
5809,2024-12-19T21:00:00Z,2024-12-20T21:00:00Z,PANW,MarketOnOpen,Sell,-119,186.3,-22169.7,4.4416,Filled,
5810,2024-12-19T21:00:00Z,,FISV,MarketOnOpen,Sell,-223,0.0,0.0,0.0,Canceled,closed
5811,2024-12-19T21:00:00Z,,GILD,MarketOnOpen,Buy,517,0.0,0.0,0.0,Canceled,closed
5812,2024-12-19T21:00:00Z,2024-12-20T21:00:00Z,APP,MarketOnOpen,Buy,70,313.91,21973.7,4.7852,Filled,
5813,2024-12-20T05:00:00Z,2024-12-20T21:00:00Z,ABT,MarketOnOpen,Sell,-211,108.528403,-22899.49,4.6445,Filled,closed
5814,2024-12-20T05:00:00Z,2024-12-20T21:00:00Z,ADP,MarketOnOpen,Sell,-81,277.597266,-22485.38,4.5577,Filled,closed
5815,2024-12-20T05:00:00Z,2024-12-20T21:00:00Z,AXP,MarketOnOpen,Sell,-78,286.898316,-22378.07,4.5721,Filled,closed
5816,2024-12-20T05:00:00Z,2024-12-20T21:00:00Z,CVX,MarketOnOpen,Sell,-161,130.915915,-21077.46,4.2721,Filled,closed
5817,2024-12-20T05:00:00Z,2024-12-20T21:00:00Z,FISV,MarketOnOpen,Sell,-112,201.94,-22617.28,4.6164,Filled,closed
5818,2024-12-20T05:00:00Z,2024-12-20T21:00:00Z,GILD,MarketOnOpen,Buy,258,87.046734,22458.06,4.5646,Filled,closed
5819,2024-12-20T05:00:00Z,2024-12-20T21:00:00Z,ISRG,MarketOnOpen,Sell,-43,521.45,-22422.35,4.5101,Filled,closed
5820,2024-12-20T05:00:00Z,2024-12-20T21:00:00Z,LMT,MarketOnOpen,Sell,-48,457.437587,-21957.0,4.4791,Filled,closed
5821,2024-12-20T05:00:00Z,2024-12-20T21:00:00Z,MS,MarketOnOpen,Sell,-186,115.814845,-21541.56,4.3945,Filled,closed
5822,2024-12-20T05:00:00Z,2024-12-20T21:00:00Z,ORCL,MarketOnOpen,Sell,-137,162.779845,-22300.84,4.5337,Filled,closed
5823,2024-12-20T05:00:00Z,2024-12-20T21:00:00Z,PFE,MarketOnOpen,Sell,-976,22.966996,-22415.79,4.5628,Filled,closed
5824,2024-12-20T05:00:00Z,2024-12-20T21:00:00Z,PLD,MarketOnOpen,Sell,-222,95.6618,-21236.92,4.3282,Filled,closed
5825,2024-12-20T05:00:00Z,2024-12-20T21:00:00Z,PM,MarketOnOpen,Sell,-194,115.031016,-22316.02,4.5259,Filled,closed
5826,2024-12-20T05:00:00Z,2024-12-20T21:00:00Z,QCOM,MarketOnOpen,Sell,-155,144.457155,-22390.86,4.5645,Filled,closed
5827,2024-12-20T05:00:00Z,2024-12-20T21:00:00Z,SYK,MarketOnOpen,Sell,-62,350.261936,-21716.24,4.4453,Filled,closed
5828,2024-12-20T05:00:00Z,2024-12-20T21:00:00Z,WFC,MarketOnOpen,Sell,-340,66.37136,-22566.26,4.6056,Filled,closed
5829,2024-12-20T05:00:00Z,2024-12-20T21:00:00Z,MRK,MarketOnOpen,Buy,240,93.5779,22458.7,4.4478,Filled,
5830,2024-12-20T05:00:00Z,2024-12-20T21:00:00Z,PLTR,MarketOnOpen,Buy,303,72.5,21967.5,4.888,Filled,
5831,2024-12-20T05:00:00Z,2024-12-20T21:00:00Z,ANET,MarketOnOpen,Buy,206,107.7,22186.2,4.6502,Filled,
5832,2024-12-20T05:00:00Z,2024-12-20T21:00:00Z,TJX,MarketOnOpen,Buy,190,118.516695,22518.17,4.5371,Filled,
5833,2024-12-20T05:00:00Z,2024-12-20T21:00:00Z,COP,MarketOnOpen,Sell,-250,89.644486,-22411.12,4.4978,Filled,
5834,2024-12-20T05:00:00Z,2024-12-20T21:00:00Z,CB,MarketOnOpen,Sell,-84,266.77948,-22409.48,4.489,Filled,
5835,2024-12-20T05:00:00Z,2024-12-20T21:00:00Z,VRTX,MarketOnOpen,Buy,56,395.72,22160.32,4.4494,Filled,
5836,2024-12-23T05:00:00Z,2024-12-23T21:00:00Z,ACN,MarketOnOpen,Sell,-67,344.066157,-23052.43,4.5873,Filled,closed
5837,2024-12-23T05:00:00Z,2024-12-23T21:00:00Z,CAT,MarketOnOpen,Sell,-62,357.258812,-22150.05,4.4363,Filled,closed
5838,2024-12-23T05:00:00Z,2024-12-23T21:00:00Z,COP,MarketOnOpen,Buy,250,90.249745,22562.44,4.5574,Filled,closed
5839,2024-12-23T05:00:00Z,2024-12-23T21:00:00Z,COST,MarketOnOpen,Buy,24,944.758523,22674.2,4.516,Filled,closed
5840,2024-12-23T05:00:00Z,2024-12-23T21:00:00Z,CSCO,MarketOnOpen,Sell,-407,55.921528,-22760.06,4.613,Filled,closed
5841,2024-12-23T05:00:00Z,2024-12-23T21:00:00Z,HON,MarketOnOpen,Sell,-104,217.550508,-22625.25,4.5056,Filled,closed
5842,2024-12-23T05:00:00Z,2024-12-23T21:00:00Z,IBM,MarketOnOpen,Sell,-104,212.661333,-22116.78,4.41,Filled,closed
5843,2024-12-23T05:00:00Z,2024-12-23T21:00:00Z,META,MarketOnOpen,Buy,37,586.635171,21705.5,4.4136,Filled,closed
5844,2024-12-23T05:00:00Z,2024-12-23T21:00:00Z,MRK,MarketOnOpen,Sell,-240,93.568457,-22456.43,4.504,Filled,closed
5845,2024-12-23T05:00:00Z,2024-12-23T21:00:00Z,SPGI,MarketOnOpen,Sell,-50,456.928312,-22846.42,4.646,Filled,closed
5846,2024-12-23T05:00:00Z,2024-12-23T21:00:00Z,TJX,MarketOnOpen,Sell,-190,118.947309,-22599.99,4.5286,Filled,closed
5847,2024-12-23T05:00:00Z,2024-12-23T21:00:00Z,UNP,MarketOnOpen,Sell,-105,217.085369,-22793.96,4.5891,Filled,closed
5848,2024-12-23T05:00:00Z,2024-12-23T21:00:00Z,VZ,MarketOnOpen,Sell,-630,35.572463,-22410.65,4.4833,Filled,closed
5849,2024-12-23T05:00:00Z,2024-12-23T21:00:00Z,CVX,MarketOnOpen,Buy,171,132.357003,22633.05,4.546,Filled,
5850,2024-12-23T05:00:00Z,2024-12-23T21:00:00Z,WFC,MarketOnOpen,Buy,335,67.132035,22489.23,4.5507,Filled,
5851,2024-12-23T05:00:00Z,2024-12-23T21:00:00Z,AXP,MarketOnOpen,Buy,77,290.9513,22403.25,4.5157,Filled,
5852,2024-12-23T05:00:00Z,2024-12-23T21:00:00Z,ISRG,MarketOnOpen,Buy,43,524.88,22569.84,4.5341,Filled,
5853,2024-12-23T05:00:00Z,2024-12-23T21:00:00Z,QCOM,MarketOnOpen,Buy,154,149.753917,23062.1,4.6937,Filled,
5854,2024-12-23T05:00:00Z,2024-12-23T21:00:00Z,PFE,MarketOnOpen,Buy,971,23.383772,22705.64,4.5997,Filled,
5855,2024-12-23T05:00:00Z,2024-12-23T21:00:00Z,SYK,MarketOnOpen,Buy,63,358.678527,22596.75,4.5404,Filled,
5856,2024-12-23T05:00:00Z,2024-12-23T21:00:00Z,DE,MarketOnOpen,Buy,53,422.827167,22409.84,4.4794,Filled,
5857,2024-12-23T05:00:00Z,2024-12-23T21:00:00Z,BMY,MarketOnOpen,Sell,-429,52.756379,-22632.49,4.5526,Filled,
5858,2024-12-23T05:00:00Z,2024-12-23T21:00:00Z,APP,MarketOnOpen,Sell,-136,348.49,-47394.64,9.3824,Filled,
5859,2024-12-23T05:00:00Z,2024-12-23T21:00:00Z,CB,MarketOnOpen,Buy,168,265.537371,44610.28,9.0496,Filled,
5860,2024-12-24T18:00:00Z,,BMY,MarketOnOpen,Buy,429,0.0,0.0,0.0,Canceled,closed
5861,2024-12-24T18:00:00Z,,APP,MarketOnOpen,Buy,66,0.0,0.0,0.0,Canceled,closed
5862,2024-12-24T18:00:00Z,,NEE,MarketOnOpen,Sell,-329,0.0,0.0,0.0,Canceled,closed
5863,2024-12-24T18:00:00Z,,QCOM,MarketOnOpen,Sell,-154,0.0,0.0,0.0,Canceled,closed
5864,2024-12-24T18:00:00Z,,TMO,MarketOnOpen,Sell,-43,0.0,0.0,0.0,Canceled,closed
5865,2024-12-24T18:00:00Z,,TXN,MarketOnOpen,Sell,-126,0.0,0.0,0.0,Canceled,closed
5866,2024-12-24T18:00:00Z,,WFC,MarketOnOpen,Sell,-335,0.0,0.0,0.0,Canceled,closed
5867,2024-12-24T18:00:00Z,2024-12-26T21:00:00Z,CSCO,MarketOnOpen,Buy,395,57.276328,22624.15,4.5529,Filled,
5868,2024-12-24T18:00:00Z,2024-12-26T21:00:00Z,AMD,MarketOnOpen,Buy,180,125.69,22624.2,4.5022,Filled,
5869,2024-12-24T18:00:00Z,2024-12-26T21:00:00Z,HON,MarketOnOpen,Buy,104,217.50281,22620.29,4.6005,Filled,
5870,2024-12-24T18:00:00Z,2024-12-26T21:00:00Z,LMT,MarketOnOpen,Sell,-48,465.595042,-22348.56,4.4878,Filled,
5871,2024-12-24T18:00:00Z,2024-12-26T21:00:00Z,NKE,MarketOnOpen,Sell,-311,72.944074,-22685.61,4.5555,Filled,
5872,2024-12-26T05:00:00Z,2024-12-26T21:00:00Z,MU,MarketOnOpen,Sell,-213,88.045915,-18753.78,3.8067,Filled,closed
5873,2024-12-26T05:00:00Z,2024-12-26T21:00:00Z,BMY,MarketOnOpen,Buy,429,53.134197,22794.57,4.5858,Filled,closed
5874,2024-12-26T05:00:00Z,2024-12-26T21:00:00Z,CRM,MarketOnOpen,Buy,64,339.441381,21724.25,4.3161,Filled,closed
5875,2024-12-26T05:00:00Z,2024-12-26T21:00:00Z,APP,MarketOnOpen,Buy,66,341.35,22529.1,4.5767,Filled,closed
5876,2024-12-26T05:00:00Z,2024-12-26T21:00:00Z,DE,MarketOnOpen,Sell,-53,422.0062,-22366.33,4.4945,Filled,closed
5877,2024-12-26T05:00:00Z,2024-12-26T21:00:00Z,LIN,MarketOnOpen,Sell,-55,413.583925,-22747.12,4.5586,Filled,closed
5878,2024-12-26T05:00:00Z,2024-12-26T21:00:00Z,NEE,MarketOnOpen,Sell,-329,68.787978,-22631.24,4.5194,Filled,closed
5879,2024-12-26T05:00:00Z,2024-12-26T21:00:00Z,QCOM,MarketOnOpen,Sell,-154,151.554817,-23339.44,4.7023,Filled,closed
5880,2024-12-26T05:00:00Z,2024-12-26T21:00:00Z,TMO,MarketOnOpen,Sell,-43,521.312542,-22416.44,4.5053,Filled,closed
5881,2024-12-26T05:00:00Z,2024-12-26T21:00:00Z,TXN,MarketOnOpen,Sell,-126,181.476263,-22866.01,4.6022,Filled,closed
5882,2024-12-26T05:00:00Z,2024-12-26T21:00:00Z,PANW,MarketOnOpen,Buy,119,189.428,22541.93,4.4861,Filled,closed
5883,2024-12-26T05:00:00Z,2024-12-26T21:00:00Z,WFC,MarketOnOpen,Sell,-335,68.778561,-23040.82,4.6295,Filled,closed
5884,2024-12-26T05:00:00Z,2024-12-26T21:00:00Z,MS,MarketOnOpen,Buy,186,121.087856,22522.34,4.5579,Filled,
5885,2024-12-26T05:00:00Z,2024-12-26T21:00:00Z,PM,MarketOnOpen,Buy,196,115.349555,22608.51,4.5299,Filled,
5886,2024-12-26T05:00:00Z,2024-12-26T21:00:00Z,FISV,MarketOnOpen,Buy,108,208.47,22514.76,4.5416,Filled,
5887,2024-12-26T05:00:00Z,2024-12-26T21:00:00Z,GILD,MarketOnOpen,Buy,253,89.034407,22525.71,4.5651,Filled,
5888,2024-12-26T05:00:00Z,2024-12-26T21:00:00Z,MRVL,MarketOnOpen,Buy,196,114.324102,22407.52,4.5151,Filled,
5889,2024-12-27T05:00:00Z,2024-12-27T21:00:00Z,CSCO,MarketOnOpen,Sell,-395,57.324371,-22643.13,4.5248,Filled,closed
5890,2024-12-27T05:00:00Z,2024-12-27T21:00:00Z,LMT,MarketOnOpen,Buy,48,465.957595,22365.96,4.4786,Filled,closed
5891,2024-12-27T05:00:00Z,2024-12-27T21:00:00Z,NKE,MarketOnOpen,Buy,311,72.725137,22617.52,4.5247,Filled,closed
5892,2024-12-27T05:00:00Z,2024-12-27T21:00:00Z,PFE,MarketOnOpen,Sell,-971,23.410374,-22731.47,4.5842,Filled,closed
5893,2024-12-27T05:00:00Z,2024-12-27T21:00:00Z,WFC,MarketOnOpen,Buy,329,68.537841,22548.95,4.5054,Filled,
5894,2024-12-27T05:00:00Z,2024-12-27T21:00:00Z,NEE,MarketOnOpen,Buy,331,68.3609,22627.46,4.5305,Filled,
5895,2024-12-30T05:00:00Z,2024-12-30T21:00:00Z,CB,MarketOnOpen,Sell,-84,269.224575,-22614.86,4.5253,Filled,closed
5896,2024-12-30T05:00:00Z,2024-12-30T21:00:00Z,HON,MarketOnOpen,Sell,-104,217.50281,-22620.29,4.4973,Filled,closed
5897,2024-12-30T05:00:00Z,2024-12-30T21:00:00Z,ISRG,MarketOnOpen,Sell,-43,528.43,-22722.49,4.5319,Filled,closed
5898,2024-12-30T05:00:00Z,2024-12-30T21:00:00Z,MRVL,MarketOnOpen,Sell,-196,110.213013,-21601.75,4.357,Filled,closed
5899,2024-12-30T05:00:00Z,2024-12-30T21:00:00Z,PEP,MarketOnOpen,Sell,-157,142.459366,-22366.12,4.4457,Filled,closed
5900,2024-12-30T05:00:00Z,2024-12-30T21:00:00Z,SHOP,MarketOnOpen,Sell,-191,105.07,-20068.37,4.0756,Filled,closed
5901,2024-12-30T05:00:00Z,2024-12-30T21:00:00Z,UNH,MarketOnOpen,Sell,-46,485.221004,-22320.17,4.4711,Filled,closed
5902,2024-12-30T05:00:00Z,2024-12-30T21:00:00Z,WFC,MarketOnOpen,Sell,-329,67.796423,-22305.02,4.461,Filled,closed
5903,2024-12-30T05:00:00Z,2024-12-30T21:00:00Z,ORCL,MarketOnOpen,Buy,138,162.555537,22432.66,4.4927,Filled,
5904,2024-12-30T05:00:00Z,2024-12-30T21:00:00Z,CSCO,MarketOnOpen,Buy,397,56.776686,22540.34,4.5157,Filled,
5905,2024-12-30T05:00:00Z,2024-12-30T21:00:00Z,PFE,MarketOnOpen,Buy,964,23.481315,22635.99,4.5169,Filled,
5906,2024-12-30T05:00:00Z,2024-12-30T21:00:00Z,UNP,MarketOnOpen,Buy,102,219.538801,22392.96,4.4709,Filled,
5907,2024-12-30T05:00:00Z,2024-12-30T21:00:00Z,MU,MarketOnOpen,Buy,258,86.636183,22352.14,4.3851,Filled,
5908,2024-12-31T05:00:00Z,2024-12-31T21:00:00Z,MU,MarketOnOpen,Sell,-258,85.112056,-21958.91,4.326,Filled,closed
5909,2024-12-31T05:00:00Z,2024-12-31T21:00:00Z,AMD,MarketOnOpen,Sell,-180,122.91,-22123.8,4.3484,Filled,closed
5910,2024-12-31T05:00:00Z,2024-12-31T21:00:00Z,CSCO,MarketOnOpen,Sell,-397,56.968856,-22616.64,4.5165,Filled,closed
5911,2024-12-31T05:00:00Z,2024-12-31T21:00:00Z,FISV,MarketOnOpen,Sell,-108,206.45,-22296.6,4.4397,Filled,closed
5912,2024-12-31T05:00:00Z,2024-12-31T21:00:00Z,MCD,MarketOnOpen,Sell,-80,278.018387,-22241.47,4.4454,Filled,closed
5913,2024-12-31T05:00:00Z,2024-12-31T21:00:00Z,NEE,MarketOnOpen,Sell,-331,68.237522,-22586.62,4.5041,Filled,closed
5914,2024-12-31T05:00:00Z,2024-12-31T21:00:00Z,TMUS,MarketOnOpen,Sell,-103,212.076738,-21843.9,4.3801,Filled,closed
5915,2024-12-31T05:00:00Z,2024-12-31T21:00:00Z,PEP,MarketOnOpen,Buy,159,141.647498,22521.95,4.5124,Filled,
5916,2024-12-31T05:00:00Z,2024-12-31T21:00:00Z,LIN,MarketOnOpen,Buy,55,411.199818,22615.99,4.4998,Filled,
5917,2024-12-31T05:00:00Z,2024-12-31T21:00:00Z,HON,MarketOnOpen,Buy,104,217.044909,22572.67,4.4824,Filled,
5918,2024-12-31T05:00:00Z,2024-12-31T21:00:00Z,PLD,MarketOnOpen,Buy,228,100.096265,22821.95,4.5476,Filled,
