symbol,direction,quantity,entry_utc,entry_price,exit_utc,exit_price,profit_loss,total_fees,mae,mfe,end_trade_drawdown,duration_days,is_win,order_ids
ADI,Short,134,2024-01-03T21:00:00Z,182.908578,2024-01-04T21:00:00Z,174.404101,1139.6,9.6366,0.0,1139.6,0.0,1.0,True,46;50
AMAT,Long,165,2024-01-03T21:00:00Z,148.513288,2024-01-04T21:00:00Z,146.643534,-308.51,9.7159,-387.66,0.0,387.66,1.0,False,37;51
AMGN,Short,91,2024-01-03T21:00:00Z,276.412331,2024-01-04T21:00:00Z,277.665191,-114.01,10.1244,-261.55,0.0,261.55,1.0,False,10;52
BX,Short,212,2024-01-03T21:00:00Z,114.636733,2024-01-04T21:00:00Z,112.105756,536.57,9.5357,0.0,536.57,0.0,1.0,True,21;53
AVGO,Long,236,2024-01-03T21:00:00Z,104.110477,2024-01-04T21:00:00Z,102.888028,-288.5,9.6744,-493.91,0.0,493.91,1.0,False,26;54
BA,Short,99,2024-01-03T21:00:00Z,248.69,2024-01-04T21:00:00Z,244.58,406.89,9.6792,0.0,406.89,0.0,1.0,True,36;55
CB,Short,113,2024-01-03T21:00:00Z,221.101602,2024-01-04T21:00:00Z,220.783095,35.99,9.8967,0.0,194.13,158.14,1.0,True,23;56
SHOP,Short,337,2024-01-03T21:00:00Z,72.04,2024-01-04T21:00:00Z,71.63,138.17,9.7892,-465.06,138.17,465.06,1.0,True,20;57
CSCO,Short,530,2024-01-03T21:00:00Z,46.974497,2024-01-04T21:00:00Z,47.34024,-193.84,9.9994,-193.84,4.97,198.81,1.0,False,32;58
CVS,Short,342,2024-01-03T21:00:00Z,73.216182,2024-01-04T21:00:00Z,72.181801,353.76,9.9292,0.0,353.76,0.0,1.0,True,17;59
DIS,Long,282,2024-01-03T21:00:00Z,87.768805,2024-01-04T21:00:00Z,89.257072,419.69,9.9974,0.0,419.69,0.0,1.0,True,8;60
GILD,Short,326,2024-01-03T21:00:00Z,76.79858,2024-01-04T21:00:00Z,76.927113,-41.9,10.054,-248.42,0.0,248.42,1.0,False,18;61
GS,Short,68,2024-01-03T21:00:00Z,362.005673,2024-01-04T21:00:00Z,361.694477,21.16,9.8078,0.0,59.64,38.48,1.0,True,38;62
INTC,Short,528,2024-01-03T21:00:00Z,46.546611,2024-01-04T21:00:00Z,45.145377,739.85,9.7869,0.0,739.85,0.0,1.0,True,4;63
ISRG,Short,75,2024-01-03T21:00:00Z,328.1,2024-01-04T21:00:00Z,320.43,575.25,9.681,0.0,575.25,0.0,1.0,True,15;64
JNJ,Long,168,2024-01-03T21:00:00Z,149.008594,2024-01-04T21:00:00Z,149.434385,71.53,10.0022,-54.43,71.53,54.43,1.0,True,2;65
MA,Long,60,2024-01-03T21:00:00Z,414.352846,2024-01-04T21:00:00Z,411.696738,-159.37,9.8989,-159.37,0.0,159.37,1.0,False,1;66
MDLZ,Short,363,2024-01-03T21:00:00Z,68.989053,2024-01-04T21:00:00Z,67.819904,424.4,9.873,0.0,424.4,0.0,1.0,True,45;67
MDT,Short,329,2024-01-03T21:00:00Z,75.813455,2024-01-04T21:00:00Z,76.005411,-63.15,10.0522,-297.72,0.0,297.72,1.0,False,42;68
NFLX,Short,532,2024-01-03T21:00:00Z,46.732,2024-01-04T21:00:00Z,47.298,-301.11,10.0541,-391.02,0.0,391.02,1.0,False,3;69
NKE,Long,250,2024-01-03T21:00:00Z,98.844097,2024-01-04T21:00:00Z,96.008482,-708.9,9.6551,-776.75,0.0,776.75,1.0,False,9;70
PFE,Long,1003,2024-01-03T21:00:00Z,25.070223,2024-01-04T21:00:00Z,24.928158,-142.49,9.8604,-762.74,0.0,762.74,1.0,False,34;71
SBUX,Short,285,2024-01-03T21:00:00Z,87.611931,2024-01-04T21:00:00Z,86.810034,228.54,9.9272,0.0,228.54,0.0,1.0,True,16;72
T,Short,1659,2024-01-03T21:00:00Z,15.072018,2024-01-04T21:00:00Z,15.03721,57.75,9.9282,0.0,245.43,187.68,1.0,True,14;73
TMO,Short,46,2024-01-03T21:00:00Z,537.94474,2024-01-04T21:00:00Z,522.593578,706.15,9.7209,0.0,706.15,0.0,1.0,True,31;74
TXN,Short,159,2024-01-03T21:00:00Z,155.582981,2024-01-04T21:00:00Z,150.498449,808.44,9.7544,0.0,808.44,0.0,1.0,True,35;75
UPS,Short,184,2024-01-03T21:00:00Z,134.021436,2024-01-04T21:00:00Z,133.833958,34.5,9.8637,0.0,43.9,9.41,1.0,True,12;76
XOM,Long,266,2024-01-03T21:00:00Z,93.519308,2024-01-04T21:00:00Z,95.174436,440.26,10.001,0.0,440.26,0.0,1.0,True,27;77
ZTS,Short,131,2024-01-03T21:00:00Z,188.500686,2024-01-04T21:00:00Z,185.546944,386.94,9.7547,0.0,386.94,0.0,1.0,True,24;78
SPY,Long,191,2024-01-03T21:00:00Z,455.591972,2024-01-04T21:00:00Z,453.510096,-397.64,64.9478,-595.53,0.0,595.53,1.0,False,25;87
REGN,Short,27,2024-01-04T21:00:00Z,909.200042,2024-01-08T21:00:00Z,881.679746,743.05,9.7096,0.0,743.05,0.0,4.0,True,85;90
MU,Short,305,2024-01-03T21:00:00Z,80.345868,2024-01-08T21:00:00Z,83.153014,-856.18,10.1174,-1195.02,0.0,1195.02,5.0,False,47;100
C,Short,508,2024-01-03T21:00:00Z,49.209635,2024-01-08T21:00:00Z,49.893487,-347.4,10.1074,-507.01,0.0,507.01,5.0,False,44;101
INTU,Long,42,2024-01-03T21:00:00Z,584.620675,2024-01-08T21:00:00Z,580.25725,-183.26,9.7756,-441.31,33.69,441.31,5.0,False,7;102
LIN,Short,63,2024-01-03T21:00:00Z,391.996861,2024-01-08T21:00:00Z,393.039406,-65.68,9.938,-184.27,0.0,184.27,5.0,False,5;103
MS,Short,287,2024-01-03T21:00:00Z,85.899827,2024-01-08T21:00:00Z,86.066031,-47.7,9.8274,-127.2,233.2,360.4,5.0,False,11;104
NEE,Long,437,2024-01-04T21:00:00Z,57.333634,2024-01-08T21:00:00Z,56.927863,-177.32,10.0525,-177.32,302.25,479.58,4.0,False,82;105
PGR,Short,167,2024-01-04T21:00:00Z,150.639498,2024-01-08T21:00:00Z,149.50522,189.42,10.0325,-105.41,300.94,406.35,4.0,True,86;106
SCHW,Short,374,2024-01-03T21:00:00Z,64.852948,2024-01-08T21:00:00Z,64.583049,100.94,9.7229,-187.46,140.6,328.06,5.0,True,39;107
UNH,Long,48,2024-01-04T21:00:00Z,513.548159,2024-01-08T21:00:00Z,508.271334,-253.29,9.7872,-383.55,0.0,383.55,4.0,False,80;108
PANW,Short,172,2024-01-03T21:00:00Z,142.375,2024-01-08T21:00:00Z,142.22,26.66,9.9063,-408.5,156.52,565.02,5.0,True,22;109
AMD,Long,184,2024-01-04T21:00:00Z,134.25,2024-01-09T21:00:00Z,145.93,2149.12,10.4979,0.0,2761.84,612.72,5.0,True,81;119
SHOP,Short,335,2024-01-08T21:00:00Z,74.89,2024-01-09T21:00:00Z,77.25,-790.6,10.5726,-1748.7,0.0,1748.7,1.0,False,115;120
INTC,Short,539,2024-01-08T21:00:00Z,46.418329,2024-01-09T21:00:00Z,47.365642,-510.6,10.2652,-537.2,0.0,537.2,1.0,False,93;121
JPM,Long,152,2024-01-08T21:00:00Z,163.278951,2024-01-09T21:00:00Z,162.842478,-66.34,9.8847,-204.8,0.0,204.8,1.0,False,110;122
KO,Long,452,2024-01-08T21:00:00Z,55.226119,2024-01-09T21:00:00Z,55.466514,108.66,10.0392,0.0,112.84,4.18,1.0,True,92;123
LMT,Short,58,2024-01-08T21:00:00Z,422.486516,2024-01-09T21:00:00Z,426.33567,-223.25,9.8672,-223.25,0.0,223.25,1.0,False,95;124
MCD,Long,92,2024-01-08T21:00:00Z,269.971299,2024-01-09T21:00:00Z,271.019332,96.42,10.0339,0.0,203.17,106.75,1.0,True,111;125
MDT,Short,323,2024-01-08T21:00:00Z,77.687311,2024-01-09T21:00:00Z,79.00358,-425.15,10.2291,-493.06,0.0,493.06,1.0,False,113;126
UBER,Short,427,2024-01-03T21:00:00Z,57.61,2024-01-09T21:00:00Z,58.5,-380.03,10.1242,-1148.63,12.81,1161.44,6.0,False,41;127
TJX,Short,282,2024-01-08T21:00:00Z,88.529039,2024-01-09T21:00:00Z,89.291637,-215.05,10.1211,-372.94,0.0,372.94,1.0,False,114;128
ZTS,Short,133,2024-01-08T21:00:00Z,187.163324,2024-01-09T21:00:00Z,188.144697,-130.52,10.0346,-180.43,0.0,180.43,1.0,False,117;129
SPY,Long,86,2024-01-03T21:00:00Z,455.591972,2024-01-09T21:00:00Z,456.928246,114.92,7.8925,-268.15,341.43,517.97,6.0,True,25;139
ADBE,Long,43,2024-01-09T21:00:00Z,578.33,2024-01-10T21:00:00Z,585.43,305.3,10.1242,0.0,546.1,240.8,1.0,True,131;140
ADP,Short,113,2024-01-09T21:00:00Z,218.92325,2024-01-10T21:00:00Z,218.885987,4.21,9.9061,-30.53,4.21,30.53,1.0,True,136;141
AMT,Short,124,2024-01-03T21:00:00Z,199.32045,2024-01-10T21:00:00Z,193.931677,668.21,9.629,0.0,968.22,300.01,7.0,True,19;142
CVX,Short,187,2024-01-03T21:00:00Z,133.031734,2024-01-10T21:00:00Z,130.152722,538.38,9.8949,-241.69,792.56,254.19,7.0,True,30;143
MMC,Long,136,2024-01-09T21:00:00Z,181.755793,2024-01-10T21:00:00Z,182.319154,76.62,9.961,0.0,271.41,194.79,1.0,True,137;144
SBUX,Short,288,2024-01-08T21:00:00Z,86.810034,2024-01-10T21:00:00Z,86.71679,26.85,10.0805,-107.42,26.85,110.1,2.0,True,96;145
PANW,Short,172,2024-01-09T21:00:00Z,144.125,2024-01-10T21:00:00Z,152.83,-1497.26,15.8541,-2399.4,0.0,2399.4,1.0,False,138;154
SPY,Long,84,2024-01-03T21:00:00Z,455.591972,2024-01-10T21:00:00Z,459.15537,299.33,7.7525,-261.91,492.91,505.92,7.0,True,25;156
AMAT,Long,169,2024-01-10T21:00:00Z,148.552445,2024-01-11T21:00:00Z,147.084052,-248.16,9.9846,-248.16,33.09,281.25,1.0,False,149;157
AMZN,Long,171,2024-01-08T21:00:00Z,146.8,2024-01-11T21:00:00Z,155.07,1414.17,10.4064,0.0,1432.98,18.81,3.0,True,91;158
AXP,Short,135,2024-01-08T21:00:00Z,183.231014,2024-01-11T21:00:00Z,179.991345,437.36,9.8304,0.0,442.61,7.88,3.0,True,112;159
BLK,Short,33,2024-01-03T21:00:00Z,746.129294,2024-01-11T21:00:00Z,750.413551,-141.38,9.7988,-148.53,297.68,446.2,8.0,False,13;160
CB,Short,115,2024-01-10T21:00:00Z,216.912755,2024-01-11T21:00:00Z,218.128872,-139.85,10.0552,-329.65,0.0,329.65,1.0,False,155;161
SHOP,Short,312,2024-01-10T21:00:00Z,80.79,2024-01-11T21:00:00Z,81.15,-112.32,10.1338,-159.12,0.0,159.12,1.0,False,152;162
CI,Short,84,2024-01-03T21:00:00Z,296.963545,2024-01-11T21:00:00Z,291.531805,456.27,9.7313,-28.67,561.37,590.04,8.0,True,48;163
DHR,Long,107,2024-01-03T21:00:00Z,231.919617,2024-01-11T21:00:00Z,225.638071,-672.13,9.6738,-781.25,0.0,781.25,8.0,False,33;164
PUYI,Long,67,2024-01-10T21:00:00Z,370.2,2024-01-11T21:00:00Z,330.0,-2693.4,9.6721,-2693.4,0.0,2693.4,1.0,False,148;165
GILD,Short,326,2024-01-08T21:00:00Z,76.073285,2024-01-11T21:00:00Z,77.48715,-460.92,10.139,-957.76,0.0,957.76,3.0,False,97;166
LIN,Short,63,2024-01-09T21:00:00Z,392.691891,2024-01-11T21:00:00Z,392.1127,36.49,9.8825,0.0,58.38,21.89,2.0,True,133;167
MDLZ,Short,368,2024-01-08T21:00:00Z,67.829183,2024-01-11T21:00:00Z,67.597209,85.37,10.0043,-218.54,109.27,218.54,3.0,True,98;168
NFLX,Long,515,2024-01-09T21:00:00Z,47.526,2024-01-11T21:00:00Z,49.254,889.92,10.0355,0.0,889.92,0.0,2.0,True,132;169
PGR,Short,164,2024-01-10T21:00:00Z,151.920135,2024-01-11T21:00:00Z,151.846956,12.0,10.0071,-291.03,12.0,291.03,1.0,True,153;170
SYK,Short,86,2024-01-08T21:00:00Z,290.027569,2024-01-11T21:00:00Z,300.945105,-938.91,10.2284,-1006.93,0.0,1006.93,3.0,False,94;171
PANW,Long,166,2024-01-10T21:00:00Z,152.83,2024-01-11T21:00:00Z,160.265,1234.21,5.3703,0.0,1481.55,247.34,1.0,True,154;172
SPY,Long,157,2024-01-03T21:00:00Z,455.591972,2024-01-11T21:00:00Z,462.399223,1068.74,14.4835,-489.52,1068.74,945.6,8.0,True,25;190
SPY,Long,7,2024-01-03T21:00:00Z,455.591972,2024-01-12T21:00:00Z,462.680034,49.62,30.6487,-21.83,49.62,42.16,9.0,True,25;191
SPY,Long,188,2024-01-03T21:00:00Z,455.591972,2024-01-12T21:00:00Z,462.680034,1332.56,17.068,-586.18,1332.56,1132.31,9.0,True,49;191
SPY,Long,58,2024-01-08T21:00:00Z,453.539146,2024-01-12T21:00:00Z,462.680034,530.17,5.3309,-61.78,530.17,133.67,4.0,True,99;191
SPY,Long,79,2024-01-08T21:00:00Z,453.539146,2024-01-12T21:00:00Z,462.680034,722.13,7.2611,-84.15,722.13,182.06,4.0,True,118;191
MU,Short,306,2024-01-11T21:00:00Z,82.141251,2024-01-12T21:00:00Z,82.012301,39.46,10.0638,0.0,127.48,88.02,1.0,True,189;192
AMT,Short,130,2024-01-11T21:00:00Z,190.889037,2024-01-12T21:00:00Z,192.153749,-164.41,9.9381,-164.41,0.0,164.41,1.0,False,188;193
BX,Short,222,2024-01-08T21:00:00Z,112.408373,2024-01-12T21:00:00Z,110.48263,427.51,9.8402,0.0,659.59,232.08,4.0,True,116;194
BA,Long,109,2024-01-11T21:00:00Z,228.0,2024-01-12T21:00:00Z,220.0,-872.0,9.5998,-1122.7,0.0,1122.7,1.0,False,180;195
BKNG,Short,183,2024-01-03T21:00:00Z,135.293218,2024-01-12T21:00:00Z,139.578423,-784.19,9.8843,-784.19,388.84,1173.04,9.0,False,40;196
BMY,Short,538,2024-01-03T21:00:00Z,46.20862,2024-01-12T21:00:00Z,44.712891,804.7,9.7397,-73.69,885.86,253.02,9.0,True,43;197
C,Short,501,2024-01-09T21:00:00Z,49.708662,2024-01-12T21:00:00Z,48.331717,689.85,9.8246,0.0,791.71,250.01,3.0,True,135;198
IBM,Long,168,2024-01-11T21:00:00Z,148.463805,2024-01-12T21:00:00Z,150.261746,302.05,10.1602,0.0,740.42,438.37,1.0,True,179;199
LOW,Short,120,2024-01-11T21:00:00Z,208.524166,2024-01-12T21:00:00Z,208.656791,-15.91,9.9826,-15.91,137.55,153.47,1.0,False,183;200
MCD,Long,91,2024-01-11T21:00:00Z,275.529615,2024-01-12T21:00:00Z,276.587005,96.22,10.0075,-83.45,96.22,83.45,1.0,True,176;201
PFE,Long,1034,2024-01-11T21:00:00Z,24.125911,2024-01-12T21:00:00Z,23.816712,-319.71,9.8679,-319.71,0.0,319.71,1.0,False,178;202
SBUX,Short,287,2024-01-11T21:00:00Z,87.024495,2024-01-12T21:00:00Z,86.931251,26.76,9.8973,0.0,361.27,334.51,1.0,True,186;203
T,Short,1679,2024-01-11T21:00:00Z,14.857555,2024-01-12T21:00:00Z,14.450741,683.04,9.717,0.0,683.04,0.0,1.0,True,184;204
ABT,Short,240,2024-01-03T21:00:00Z,104.043366,2024-01-16T21:00:00Z,107.782796,-897.46,10.1491,-981.75,0.0,981.75,13.0,False,6;219
AMD,Short,167,2024-01-10T21:00:00Z,150.0,2024-01-16T21:00:00Z,150.35,-58.45,10.2632,-1459.58,574.48,2034.06,6.0,False,147;220
AMGN,Long,89,2024-01-12T21:00:00Z,281.239529,2024-01-16T21:00:00Z,282.363418,100.03,10.0025,-148.4,100.03,148.4,4.0,True,207;221
SHOP,Short,308,2024-01-12T21:00:00Z,81.1,2024-01-16T21:00:00Z,80.2,277.2,10.0236,-67.76,277.2,67.76,4.0,True,216;222
MS,Long,299,2024-01-12T21:00:00Z,84.283954,2024-01-16T21:00:00Z,80.331989,-1181.64,9.6999,-1466.0,0.0,1466.0,4.0,False,210;223
NOW,Long,172,2024-01-12T21:00:00Z,144.96,2024-01-16T21:00:00Z,146.0,178.88,10.0224,0.0,178.88,0.0,4.0,True,209;224
PG,Short,179,2024-01-11T21:00:00Z,139.590456,2024-01-16T21:00:00Z,139.683448,-16.65,9.9973,-81.56,53.27,81.56,5.0,False,175;225
PGR,Short,162,2024-01-12T21:00:00Z,154.93878,2024-01-16T21:00:00Z,155.35956,-68.17,10.0018,-68.17,120.03,188.2,4.0,False,218;226
RTX,Short,309,2024-01-12T21:00:00Z,82.135295,2024-01-16T21:00:00Z,81.708298,131.94,10.0763,0.0,310.8,178.85,4.0,True,214;227
TSLA,Long,104,2024-01-04T21:00:00Z,239.15,2024-01-16T21:00:00Z,215.0,-2511.6,9.5231,-2511.6,135.2,2646.8,12.0,False,79;228
VRTX,Short,60,2024-01-04T21:00:00Z,411.11,2024-01-16T21:00:00Z,431.78,-1240.2,10.2437,-1582.8,0.0,1582.8,12.0,False,84;229
XOM,Long,274,2024-01-10T21:00:00Z,91.260653,2024-01-16T21:00:00Z,91.205787,-15.03,9.8378,-536.19,37.58,573.77,6.0,False,146;230
AMAT,Short,168,2024-01-12T21:00:00Z,149.120224,2024-01-17T21:00:00Z,149.883789,-128.28,10.0196,-235.18,0.0,235.18,5.0,False,213;246
AVGO,Long,239,2024-01-09T21:00:00Z,103.632973,2024-01-17T21:00:00Z,107.588185,945.3,10.1626,0.0,1146.81,262.41,8.0,True,130;247
BKNG,Short,182,2024-01-16T21:00:00Z,136.671736,2024-01-17T21:00:00Z,136.630318,7.54,9.9469,0.0,56.18,48.64,1.0,True,239;248
CVS,Short,351,2024-01-11T21:00:00Z,71.26435,2024-01-17T21:00:00Z,69.375481,662.99,9.8451,0.0,842.95,271.51,6.0,True,187;249
HD,Short,75,2024-01-16T21:00:00Z,333.752094,2024-01-17T21:00:00Z,332.419174,99.97,9.9847,0.0,164.98,65.01,1.0,True,231;250
INTU,Long,42,2024-01-11T21:00:00Z,598.836651,2024-01-17T21:00:00Z,588.440759,-436.63,9.947,-466.26,25.93,492.18,6.0,False,177;251
SBUX,Short,291,2024-01-16T21:00:00Z,86.399761,2024-01-17T21:00:00Z,85.383403,295.76,10.0108,0.0,295.76,0.0,1.0,True,242;252
TXN,Long,163,2024-01-12T21:00:00Z,154.351209,2024-01-17T21:00:00Z,150.554017,-618.94,9.8815,-640.83,0.0,640.83,5.0,False,208;253
VZ,Long,763,2024-01-16T21:00:00Z,32.783351,2024-01-17T21:00:00Z,32.910747,97.2,10.1299,0.0,174.97,77.76,1.0,True,235;254
AMD,Short,157,2024-01-17T21:00:00Z,158.43,2024-01-18T21:00:00Z,166.24,-1226.17,10.1372,-1226.17,0.0,1226.17,1.0,False,257;265
AMT,Short,130,2024-01-16T21:00:00Z,191.512228,2024-01-18T21:00:00Z,188.103004,443.2,9.8161,0.0,602.85,159.65,2.0,True,244;266
BA,Short,124,2024-01-17T21:00:00Z,202.23,2024-01-18T21:00:00Z,205.64,-422.84,10.2838,-1163.12,0.0,1163.12,1.0,False,261;267
DIS,Long,287,2024-01-12T21:00:00Z,87.33108,2024-01-18T21:00:00Z,88.177349,242.88,10.1953,0.0,912.89,750.97,6.0,True,206;268
INTC,Short,537,2024-01-16T21:00:00Z,46.378857,2024-01-18T21:00:00Z,46.408461,-15.9,9.941,-15.9,498.11,514.01,2.0,False,233;269
PGR,Short,162,2024-01-17T21:00:00Z,154.810716,2024-01-18T21:00:00Z,153.961937,137.5,10.0962,-225.89,137.5,225.89,1.0,True,264;270
SCHW,Short,382,2024-01-09T21:00:00Z,64.583049,2024-01-18T21:00:00Z,60.833376,1432.37,9.5347,0.0,1575.98,143.61,9.0,True,134;271
SPGI,Long,62,2024-01-12T21:00:00Z,404.775373,2024-01-18T21:00:00Z,406.635155,115.31,10.0575,-52.78,122.19,52.78,6.0,True,211;272
BLK,Short,33,2024-01-17T21:00:00Z,729.14292,2024-01-19T21:00:00Z,751.157411,-726.48,9.8989,-965.43,0.0,965.43,2.0,False,262;280
COP,Long,250,2024-01-17T21:00:00Z,98.269315,2024-01-19T21:00:00Z,97.763342,-126.49,9.9097,-126.49,241.49,367.98,2.0,False,260;281
PUYI,Long,69,2024-01-16T21:00:00Z,351.0,2024-01-19T21:00:00Z,352.2,82.8,9.7704,-476.1,82.8,476.1,3.0,True,238;282
IBM,Long,163,2024-01-16T21:00:00Z,152.871065,2024-01-19T21:00:00Z,157.287545,719.89,10.1728,0.0,853.64,133.76,3.0,True,236;283
KO,Short,452,2024-01-12T21:00:00Z,55.549728,2024-01-19T21:00:00Z,55.734647,-83.58,10.0484,-83.58,104.48,188.06,7.0,False,205;284
MCD,Long,91,2024-01-17T21:00:00Z,271.496561,2024-01-19T21:00:00Z,278.851503,669.3,10.0768,0.0,884.74,215.44,2.0,True,258;285
SYK,Short,81,2024-01-16T21:00:00Z,303.611015,2024-01-19T21:00:00Z,307.683119,-329.84,9.956,-329.84,0.0,329.84,3.0,False,240;286
VRTX,Short,57,2024-01-18T21:00:00Z,431.59,2024-01-19T21:00:00Z,433.52,-110.01,9.8952,-195.51,0.0,195.51,1.0,False,277;287
WFC,Long,562,2024-01-16T21:00:00Z,43.883663,2024-01-19T21:00:00Z,43.677284,-115.98,10.0106,-179.25,706.45,822.44,3.0,False,234;288
XOM,Long,279,2024-01-17T21:00:00Z,88.361893,2024-01-19T21:00:00Z,88.480769,33.17,9.8969,0.0,81.64,48.47,2.0,True,255;289
SCHW,Short,412,2024-01-19T21:00:00Z,60.756262,2024-01-23T21:00:00Z,61.69127,-385.22,10.1429,-385.22,0.0,385.22,4.0,False,297;313
PANW,Short,154,2024-01-12T21:00:00Z,162.01,2024-01-23T21:00:00Z,173.045,-1699.39,10.3075,-1699.39,0.0,1699.39,11.0,False,217;315
SPY,Long,75,2024-01-16T21:00:00Z,460.191466,2024-01-23T21:00:00Z,468.732,640.54,17.8957,-214.97,697.91,343.51,7.0,True,245;332
MU,Short,296,2024-01-19T21:00:00Z,85.315409,2024-01-23T21:00:00Z,88.281263,-877.89,10.2787,-948.36,0.0,948.36,4.0,False,298;333
ACN,Short,74,2024-01-16T21:00:00Z,330.227058,2024-01-23T21:00:00Z,346.249547,-1185.66,10.0873,-1360.03,0.0,1360.03,7.0,False,232;334
AMAT,Long,158,2024-01-19T21:00:00Z,159.144455,2024-01-23T21:00:00Z,164.225095,802.74,10.3626,0.0,886.26,193.34,4.0,True,295;335
AMD,Short,153,2024-01-19T21:00:00Z,166.04,2024-01-23T21:00:00Z,166.5,-70.38,10.4851,-364.14,0.0,364.14,4.0,False,292;336
AVGO,Short,224,2024-01-19T21:00:00Z,112.549948,2024-01-23T21:00:00Z,118.743886,-1387.44,10.6199,-1503.12,0.0,1503.12,4.0,False,290;337
C,Short,526,2024-01-18T21:00:00Z,47.546303,2024-01-23T21:00:00Z,48.895433,-709.64,10.1505,-899.22,0.0,899.22,5.0,False,278;338
DE,Short,65,2024-01-04T21:00:00Z,381.304291,2024-01-23T21:00:00Z,374.219653,460.5,9.7987,-218.0,998.9,555.99,19.0,True,83;339
DIS,Long,278,2024-01-19T21:00:00Z,89.801797,2024-01-23T21:00:00Z,93.040965,900.49,10.1039,0.0,900.49,356.95,4.0,True,293;340
ELV,Short,55,2024-01-16T21:00:00Z,456.578002,2024-01-23T21:00:00Z,448.630962,437.09,9.9218,0.0,733.03,396.16,7.0,True,241;341
GILD,Short,319,2024-01-12T21:00:00Z,78.84593,2024-01-23T21:00:00Z,72.107118,2149.68,9.7152,-412.95,2181.9,412.95,11.0,True,215;342
MA,Long,59,2024-01-11T21:00:00Z,424.6618,2024-01-23T21:00:00Z,433.795477,538.89,10.0625,-208.11,538.89,208.11,12.0,True,174;343
MDT,Short,314,2024-01-11T21:00:00Z,79.460618,2024-01-23T21:00:00Z,79.396633,20.09,9.9556,-140.64,252.58,232.49,12.0,True,185;344
NEE,Short,469,2024-01-19T21:00:00Z,53.285144,2024-01-23T21:00:00Z,52.713375,268.16,9.9167,0.0,402.24,229.23,4.0,True,296;345
ORCL,Short,248,2024-01-03T21:00:00Z,99.526751,2024-01-23T21:00:00Z,106.673172,-1772.31,10.2613,-2141.71,169.65,2311.36,20.0,False,28;346
PLD,Short,205,2024-01-10T21:00:00Z,122.780373,2024-01-23T21:00:00Z,118.595405,857.92,9.799,0.0,1519.15,661.23,13.0,True,150;347
PM,Long,290,2024-01-16T21:00:00Z,86.037563,2024-01-23T21:00:00Z,82.231151,-1103.86,9.7701,-1103.86,0.0,1103.86,7.0,False,237;348
REGN,Short,27,2024-01-16T21:00:00Z,922.50449,2024-01-23T21:00:00Z,934.521092,-324.45,10.1208,-625.09,55.63,680.73,7.0,False,243;349
TMUS,Short,160,2024-01-18T21:00:00Z,154.371979,2024-01-23T21:00:00Z,156.583802,-353.89,9.9828,-385.79,0.0,385.79,5.0,False,274;350
SPY,Long,27,2024-01-16T21:00:00Z,460.191466,2024-01-23T21:00:00Z,468.732,230.59,2.5353,-77.39,251.25,123.66,7.0,True,245;354
ABT,Short,230,2024-01-23T21:00:00Z,108.637085,2024-01-24T21:00:00Z,105.257897,777.21,9.8143,0.0,803.41,26.2,1.0,True,322;355
ADBE,Short,41,2024-01-23T21:00:00Z,602.21,2024-01-24T21:00:00Z,601.71,20.5,9.87,-175.07,20.5,175.07,1.0,True,318;356
ADI,Short,132,2024-01-23T21:00:00Z,189.016077,2024-01-24T21:00:00Z,192.58278,-470.8,10.1165,-470.8,0.0,470.8,1.0,False,352;357
LRCX,Short,306,2024-01-23T21:00:00Z,81.139492,2024-01-24T21:00:00Z,83.133723,-610.23,10.0472,-610.23,0.0,610.23,1.0,False,327;358
SHOP,Short,311,2024-01-23T21:00:00Z,80.7,2024-01-24T21:00:00Z,82.37,-519.37,10.0683,-519.37,0.0,519.37,1.0,False,329;359
CVS,Short,372,2024-01-23T21:00:00Z,67.155647,2024-01-24T21:00:00Z,68.889223,-644.89,10.0812,-644.89,0.0,644.89,1.0,False,353;360
JNJ,Long,167,2024-01-19T21:00:00Z,149.202977,2024-01-24T21:00:00Z,147.657168,-258.15,9.913,-344.72,197.86,542.58,5.0,False,291;361
MMC,Short,131,2024-01-23T21:00:00Z,189.843376,2024-01-24T21:00:00Z,190.982673,-149.25,9.9698,-149.25,0.0,149.25,1.0,False,330;362
PG,Short,179,2024-01-17T21:00:00Z,138.651236,2024-01-24T21:00:00Z,144.046478,-965.75,10.0879,-974.12,99.59,1073.72,7.0,False,256;363
SBUX,Short,288,2024-01-23T21:00:00Z,86.744763,2024-01-24T21:00:00Z,86.297192,128.9,9.8829,0.0,265.86,136.96,1.0,True,328;364
SPGI,Long,60,2024-01-23T21:00:00Z,412.529088,2024-01-24T21:00:00Z,414.897765,142.12,9.9084,0.0,142.12,0.0,1.0,True,351;365
MSFT,Short,64,2024-01-23T21:00:00Z,387.409338,2024-01-24T21:00:00Z,393.137059,-366.57,10.0443,-431.12,0.0,431.12,1.0,False,316;366
VRTX,Short,56,2024-01-23T21:00:00Z,440.01,2024-01-24T21:00:00Z,436.93,172.48,9.7133,0.0,697.2,524.72,1.0,True,326;367
WFC,Long,549,2024-01-23T21:00:00Z,45.637884,2024-01-24T21:00:00Z,46.313306,370.81,10.157,0.0,432.61,61.8,1.0,True,323;368
INTU,Long,42,2024-01-18T21:00:00Z,591.223448,2024-01-24T21:00:00Z,628.799549,1578.2,15.1299,0.0,1578.2,0.0,6.0,True,275;373
SPY,Long,16,2024-01-16T21:00:00Z,460.191466,2024-01-24T21:00:00Z,472.314764,193.97,8.5542,-45.86,193.97,73.28,8.0,True,245;383
SPY,Long,75,2024-01-19T21:00:00Z,462.563837,2024-01-24T21:00:00Z,472.314764,731.32,14.6683,-392.89,731.32,57.37,5.0,True,299;383
MU,Short,286,2024-01-24T21:00:00Z,87.696027,2024-01-25T21:00:00Z,88.390374,-198.58,10.0585,-224.12,0.0,224.12,1.0,False,382;384
ADP,Short,113,2024-01-18T21:00:00Z,218.979146,2024-01-25T21:00:00Z,222.873185,-440.03,9.9543,-557.93,0.0,557.93,7.0,False,279;385
AMT,Short,133,2024-01-23T21:00:00Z,187.65394,2024-01-25T21:00:00Z,182.732561,654.54,9.8113,0.0,975.11,420.52,2.0,True,331;386
CSCO,Short,513,2024-01-24T21:00:00Z,48.737565,2024-01-25T21:00:00Z,48.550004,96.22,9.9721,-173.19,96.22,173.19,1.0,True,371;387
GILD,Short,341,2024-01-24T21:00:00Z,72.90586,2024-01-25T21:00:00Z,73.520984,-209.76,10.0032,-256.72,0.0,256.72,1.0,False,381;388
INTU,Short,39,2024-01-24T21:00:00Z,628.799549,2024-01-25T21:00:00Z,636.36376,-295.0,4.9026,-295.0,9.94,304.94,1.0,False,373;389
ISRG,Long,68,2024-01-11T21:00:00Z,364.45,2024-01-25T21:00:00Z,372.61,554.88,10.027,-378.76,772.48,390.32,14.0,True,182;390
META,Short,68,2024-01-11T21:00:00Z,368.47091,2024-01-25T21:00:00Z,386.300148,-1212.39,10.2763,-1426.58,305.79,1732.37,14.0,False,173;391
PM,Long,300,2024-01-24T21:00:00Z,83.207618,2024-01-25T21:00:00Z,82.683219,-157.32,9.878,-222.42,0.0,222.42,1.0,False,376;392
TJX,Short,278,2024-01-10T21:00:00Z,89.870827,2024-01-25T21:00:00Z,92.052438,-606.49,10.1788,-743.35,0.0,743.35,15.0,False,151;393
TXN,Short,154,2024-01-24T21:00:00Z,158.52812,2024-01-25T21:00:00Z,158.426244,15.69,9.627,0.0,534.85,519.16,1.0,True,375;394
PANW,Short,144,2024-01-24T21:00:00Z,173.9,2024-01-25T21:00:00Z,172.205,244.08,9.7962,0.0,547.92,303.84,1.0,True,380;395
VZ,Long,694,2024-01-24T21:00:00Z,35.866344,2024-01-25T21:00:00Z,35.178404,-477.43,14.959,-477.43,35.37,512.8,1.0,False,372;399
SPY,Long,82,2024-01-19T21:00:00Z,462.563837,2024-01-25T21:00:00Z,472.072685,779.73,18.2411,-429.56,820.22,62.73,6.0,True,299;411
ABBV,Short,171,2024-01-03T21:00:00Z,146.235053,2024-01-29T21:00:00Z,152.467796,-1065.8,10.1506,-1325.18,0.0,1325.18,26.0,False,29;412
ADI,Short,131,2024-01-25T21:00:00Z,193.675802,2024-01-29T21:00:00Z,185.947946,1012.35,9.91,0.0,1013.61,410.72,4.0,True,409;413
BKNG,Long,182,2024-01-25T21:00:00Z,137.53878,2024-01-29T21:00:00Z,137.636855,17.85,10.0372,-2.77,241.01,223.16,4.0,True,405;414
CAT,Long,89,2024-01-23T21:00:00Z,281.24711,2024-01-29T21:00:00Z,289.495735,734.13,10.2033,0.0,1098.61,364.48,6.0,True,324;415
DHR,Short,108,2024-01-24T21:00:00Z,227.347637,2024-01-29T21:00:00Z,229.387292,-220.28,9.8444,-340.53,355.43,695.97,5.0,False,374;416
PUYI,Long,70,2024-01-25T21:00:00Z,345.6,2024-01-29T21:00:00Z,346.2,42.0,9.681,0.0,714.0,672.0,4.0,True,402;417
ELV,Short,55,2024-01-24T21:00:00Z,464.610906,2024-01-29T21:00:00Z,461.54848,168.43,10.0766,0.0,351.03,326.37,5.0,True,379;418
MRK,Short,227,2024-01-23T21:00:00Z,108.455063,2024-01-29T21:00:00Z,111.56192,-705.26,10.0622,-705.26,0.0,705.26,6.0,False,317;419
RTX,Short,293,2024-01-25T21:00:00Z,85.636673,2024-01-29T21:00:00Z,85.788494,-44.48,10.0655,-44.48,47.26,91.75,4.0,False,403;420
VZ,Short,711,2024-01-25T21:00:00Z,35.178404,2024-01-29T21:00:00Z,35.77292,-422.7,5.0785,-591.78,0.0,591.78,4.0,False,399;421
SPY,Short,111,2024-01-25T21:00:00Z,472.072685,2024-01-29T21:00:00Z,472.227615,-17.2,20.5504,-403.06,11.82,414.88,4.0,False,411;434
CVX,Short,196,2024-01-23T21:00:00Z,126.556186,2024-01-30T21:00:00Z,132.078005,-1082.28,10.2111,-1420.32,0.0,1420.32,7.0,False,320;439
QCOM,Short,175,2024-01-29T21:00:00Z,142.041294,2024-01-30T21:00:00Z,139.774678,396.66,9.7717,0.0,730.51,333.85,1.0,True,427;445
SPY,Long,105,2024-01-29T21:00:00Z,472.227615,2024-01-30T21:00:00Z,474.977629,288.75,24.3372,0.0,326.37,37.62,1.0,True,434;459
AMGN,Short,87,2024-01-29T21:00:00Z,286.905037,2024-01-30T21:00:00Z,287.909168,-87.36,10.0675,-254.86,0.0,254.86,1.0,False,428;460
BLK,Long,33,2024-01-24T21:00:00Z,751.260987,2024-01-30T21:00:00Z,737.250053,-462.36,9.7411,-501.2,0.0,501.2,6.0,False,378;461
COP,Long,242,2024-01-29T21:00:00Z,103.071467,2024-01-30T21:00:00Z,102.307906,-184.78,10.0472,-184.78,447.48,632.26,1.0,False,429;462
COST,Short,36,2024-01-29T21:00:00Z,679.335423,2024-01-30T21:00:00Z,682.328871,-107.76,9.8884,-384.26,0.0,384.26,1.0,False,422;463
CRM,Short,90,2024-01-23T21:00:00Z,275.049252,2024-01-30T21:00:00Z,282.467634,-667.65,9.9707,-667.65,302.03,969.69,7.0,False,319;464
CSCO,Short,511,2024-01-29T21:00:00Z,48.700053,2024-01-30T21:00:00Z,49.009527,-158.14,10.0185,-158.14,0.0,158.14,1.0,False,425;465
CVS,Short,370,2024-01-25T21:00:00Z,64.895645,2024-01-30T21:00:00Z,67.164724,-839.56,9.7953,-839.56,0.0,839.56,5.0,False,410;466
DE,Short,65,2024-01-29T21:00:00Z,380.763036,2024-01-30T21:00:00Z,381.913202,-74.76,9.9841,-187.22,0.0,187.22,1.0,False,432;467
INTU,Short,39,2024-01-29T21:00:00Z,630.024324,2024-01-30T21:00:00Z,634.815645,-186.86,9.94,-186.86,0.0,186.86,1.0,False,426;468
LOW,Long,123,2024-01-29T21:00:00Z,201.632328,2024-01-30T21:00:00Z,200.765932,-106.57,9.9859,-106.57,320.87,427.44,1.0,False,431;469
MCD,Short,88,2024-01-25T21:00:00Z,281.41544,2024-01-30T21:00:00Z,273.368048,708.17,9.7474,0.0,708.17,196.81,5.0,True,398;470
MDT,Long,321,2024-01-25T21:00:00Z,78.03466,2024-01-30T21:00:00Z,79.945078,613.24,10.1382,0.0,613.24,137.91,5.0,True,407;471
NEE,Long,474,2024-01-25T21:00:00Z,53.930689,2024-01-30T21:00:00Z,54.87134,445.87,10.2515,0.0,476.47,126.77,5.0,True,406;472
NOW,Short,163,2024-01-25T21:00:00Z,156.48,2024-01-30T21:00:00Z,157.466,-160.72,10.1218,-160.72,422.5,583.21,5.0,False,400;473
T,Short,1634,2024-01-29T21:00:00Z,15.228994,2024-01-30T21:00:00Z,15.273213,-72.25,10.049,-433.52,0.0,433.52,1.0,False,430;474
BMY,Short,563,2024-01-17T21:00:00Z,43.923162,2024-02-01T21:00:00Z,43.284279,359.69,9.8565,-369.68,414.64,369.68,15.0,True,263;484
SYK,Long,81,2024-01-24T21:00:00Z,304.694956,2024-02-01T21:00:00Z,327.604204,1855.65,10.2561,-52.2,2257.47,401.82,8.0,True,377;490
XOM,Long,278,2024-01-24T21:00:00Z,89.770123,2024-02-01T21:00:00Z,94.708074,1372.75,10.2712,0.0,1687.97,607.57,8.0,True,370;494
BA,Long,121,2024-01-30T21:00:00Z,203.65,2024-02-01T21:00:00Z,213.84,1232.99,9.9281,0.0,1232.99,148.83,2.0,True,453;515
C,Short,503,2024-01-29T21:00:00Z,49.385219,2024-02-01T21:00:00Z,51.764839,-1196.95,10.2422,-1696.65,0.0,1696.65,3.0,False,433;516
GS,Long,69,2024-01-25T21:00:00Z,360.883482,2024-02-01T21:00:00Z,362.524333,113.22,9.9756,-318.83,271.99,318.83,7.0,True,404;517
IBM,Short,144,2024-01-30T21:00:00Z,173.229287,2024-02-01T21:00:00Z,169.39368,552.33,9.9517,0.0,560.29,430.18,2.0,True,450;518
LIN,Long,63,2024-01-30T21:00:00Z,391.919636,2024-02-01T21:00:00Z,394.110911,138.05,9.9269,-75.41,148.39,75.41,2.0,True,449;519
NKE,Short,256,2024-01-30T21:00:00Z,96.701009,2024-02-01T21:00:00Z,95.381465,337.8,9.8677,0.0,431.24,93.43,2.0,True,478;520
PFE,Short,1068,2024-01-30T21:00:00Z,23.742509,2024-02-01T21:00:00Z,22.902742,896.87,9.8402,0.0,896.87,190.25,2.0,True,451;521
RTX,Long,291,2024-01-30T21:00:00Z,85.551273,2024-02-01T21:00:00Z,87.012553,425.23,10.0935,0.0,555.01,129.78,2.0,True,480;522
TJX,Short,267,2024-01-30T21:00:00Z,92.82469,2024-02-01T21:00:00Z,91.666312,309.29,9.9941,-231.97,322.17,554.14,2.0,True,457;523
UNP,Long,111,2024-01-19T21:00:00Z,224.489516,2024-02-01T21:00:00Z,231.32332,758.55,10.2089,0.0,1126.34,367.78,13.0,True,294;524
UPS,Long,188,2024-01-17T21:00:00Z,130.732044,2024-02-01T21:00:00Z,121.008736,-1827.98,9.5142,-1844.0,1065.39,2909.39,15.0,False,259;525
VRTX,Long,57,2024-01-30T21:00:00Z,430.0,2024-02-01T21:00:00Z,434.0,228.0,10.0314,0.0,228.0,0.0,2.0,True,455;526
VZ,Short,697,2024-01-30T21:00:00Z,35.671003,2024-02-01T21:00:00Z,36.180589,-355.18,10.0587,-355.18,0.0,355.18,2.0,False,476;527
ADP,Long,109,2024-02-01T21:00:00Z,228.239134,2024-02-01T21:00:00Z,228.239134,0.0,15.0536,0.0,0.0,0.0,0.0,False,512;535
SPY,Short,151,2024-01-30T21:00:00Z,474.977629,2024-02-01T21:00:00Z,469.245207,865.6,36.0012,0.0,1117.09,924.08,2.0,True,459;537
SPY,Short,35,2024-01-30T21:00:00Z,474.977629,2024-02-01T21:00:00Z,469.245207,200.63,3.3274,0.0,258.93,214.19,2.0,True,482;537
SPY,Short,128,2024-02-01T21:00:00Z,469.245207,2024-02-01T21:00:00Z,469.245207,0.0,12.1267,-733.75,213.18,0.0,0.0,False,514;537
ADI,Long,136,2024-02-01T21:00:00Z,184.193358,2024-02-02T21:00:00Z,182.285364,-259.49,10.0172,-259.49,0.0,259.49,1.0,False,513;538
BKNG,Long,183,2024-02-01T21:00:00Z,140.36224,2024-02-02T21:00:00Z,138.279616,-381.12,10.182,-381.12,0.0,381.12,1.0,False,507;539
BLK,Long,34,2024-02-01T21:00:00Z,731.139102,2024-02-02T21:00:00Z,735.056137,133.18,10.0712,0.0,368.48,235.3,1.0,True,510;540
LRCX,Short,301,2024-01-30T21:00:00Z,82.262286,2024-02-02T21:00:00Z,80.912586,406.26,9.8591,0.0,468.67,398.31,3.0,True,456;541
CAT,Short,86,2024-02-01T21:00:00Z,293.581321,2024-02-02T21:00:00Z,297.221559,-313.06,10.3706,-986.64,0.0,986.64,1.0,False,503;542
CB,Long,106,2024-02-01T21:00:00Z,236.206544,2024-02-02T21:00:00Z,237.258581,111.52,10.0598,0.0,200.52,89.01,1.0,True,536;543
SHOP,Short,313,2024-02-01T21:00:00Z,79.5,2024-02-02T21:00:00Z,81.0,-469.5,9.9941,-1073.59,0.0,1073.59,1.0,False,534;544
COST,Short,36,2024-02-01T21:00:00Z,684.377204,2024-02-02T21:00:00Z,693.587699,-331.58,10.0394,-549.55,0.0,549.55,1.0,False,497;545
DHR,Short,106,2024-02-01T21:00:00Z,235.851126,2024-02-02T21:00:00Z,240.423106,-484.63,10.2662,-727.99,0.0,727.99,1.0,False,500;546
ETN,Long,103,2024-01-30T21:00:00Z,240.647987,2024-02-02T21:00:00Z,257.399818,1725.44,10.368,-271.97,2120.93,395.5,3.0,True,481;547
HON,Long,132,2024-01-11T21:00:00Z,188.839023,2024-02-02T21:00:00Z,184.187631,-613.98,9.807,-757.0,454.94,1211.94,22.0,False,181;548
INTC,Short,590,2024-02-01T21:00:00Z,42.579738,2024-02-02T21:00:00Z,42.471192,64.04,10.0092,0.0,320.21,256.17,1.0,True,501;549
LOW,Long,123,2024-02-01T21:00:00Z,202.812912,2024-02-02T21:00:00Z,206.897352,502.39,10.2988,0.0,757.68,255.29,1.0,True,508;550
MA,Long,56,2024-02-01T21:00:00Z,448.308861,2024-02-02T21:00:00Z,455.412832,397.82,10.169,0.0,397.82,0.0,1.0,True,495;551
MCD,Short,91,2024-02-01T21:00:00Z,272.946963,2024-02-02T21:00:00Z,277.045519,-372.97,10.1354,-456.42,0.0,456.42,1.0,False,529;552
MS,Long,315,2024-01-23T21:00:00Z,79.159327,2024-02-02T21:00:00Z,80.475565,414.61,10.1721,0.0,799.37,384.76,10.0,True,325;553
NEE,Long,464,2024-02-01T21:00:00Z,53.84769,2024-02-02T21:00:00Z,54.308794,213.95,10.09,-102.7,213.95,102.7,1.0,True,509;554
UBER,Long,395,2024-01-18T21:00:00Z,64.0,2024-02-02T21:00:00Z,66.98,1177.1,10.503,-94.8,1607.65,675.45,15.0,True,276;555
PLD,Long,213,2024-01-30T21:00:00Z,116.073459,2024-02-02T21:00:00Z,116.923245,181.0,9.9564,-66.17,663.68,482.68,3.0,True,454;556
QCOM,Short,179,2024-02-01T21:00:00Z,132.937052,2024-02-02T21:00:00Z,132.833165,18.6,9.5616,-157.22,18.6,157.22,1.0,True,502;557
REGN,Short,26,2024-01-25T21:00:00Z,948.647781,2024-02-02T21:00:00Z,962.150359,-351.07,9.757,-351.07,452.03,803.1,8.0,False,408;558
TMO,Short,47,2024-02-01T21:00:00Z,537.280745,2024-02-02T21:00:00Z,544.099079,-320.46,10.2851,-450.88,0.0,450.88,1.0,False,499;559
ABT,Long,231,2024-01-30T21:00:00Z,107.792288,2024-02-06T21:00:00Z,106.074218,-396.87,9.9758,-418.8,203.92,622.72,7.0,False,475;569
T,Long,1605,2024-02-01T21:00:00Z,16.016091,2024-02-06T21:00:00Z,15.609277,-652.94,10.1262,-709.71,0.0,709.71,5.0,False,506;576
PANW,Short,148,2024-02-01T21:00:00Z,169.665,2024-02-06T21:00:00Z,172.74,-455.1,15.034,-455.1,0.0,455.1,5.0,False,533;588
SPY,Long,59,2024-02-01T21:00:00Z,469.245207,2024-02-06T21:00:00Z,477.863206,508.46,5.6443,0.0,557.02,270.23,5.0,True,537;592
AMAT,Long,146,2024-01-25T21:00:00Z,173.436815,2024-02-06T21:00:00Z,167.387036,-883.27,9.7568,-1839.43,0.0,1839.43,12.0,False,401;593
AVGO,Short,210,2024-01-30T21:00:00Z,118.332513,2024-02-06T21:00:00Z,122.883876,-955.79,9.9288,-955.79,750.95,1706.73,7.0,False,447;594
COP,Long,243,2024-02-01T21:00:00Z,103.347453,2024-02-06T21:00:00Z,102.004322,-326.38,9.9658,-529.81,0.0,529.81,5.0,False,504;595
CSCO,Long,533,2024-02-01T21:00:00Z,47.105789,2024-02-06T21:00:00Z,47.180814,39.99,10.013,-359.89,39.99,359.89,5.0,True,530;596
CVX,Short,191,2024-02-01T21:00:00Z,132.318666,2024-02-06T21:00:00Z,135.696825,-645.23,10.2229,-660.55,0.0,660.55,5.0,False,498;597
DE,Short,65,2024-02-02T21:00:00Z,377.177223,2024-02-06T21:00:00Z,376.181701,64.71,9.8194,0.0,264.49,199.78,4.0,True,565;598
PUYI,Long,75,2024-02-01T21:00:00Z,348.0,2024-02-06T21:00:00Z,376.8,2160.0,10.917,0.0,2160.0,0.0,5.0,True,505;599
IBM,Short,145,2024-02-02T21:00:00Z,172.51011,2024-02-06T21:00:00Z,169.236936,474.61,9.8719,0.0,493.33,18.72,4.0,True,561;600
INTU,Short,40,2024-02-01T21:00:00Z,618.77599,2024-02-06T21:00:00Z,631.582238,-512.25,9.9405,-512.25,0.0,512.25,5.0,False,531;601
MMC,Long,134,2024-02-02T21:00:00Z,186.23925,2024-02-06T21:00:00Z,184.226888,-269.66,9.9609,-270.94,19.26,288.92,4.0,False,567;602
ORCL,Short,232,2024-02-01T21:00:00Z,109.207252,2024-02-06T21:00:00Z,112.756899,-823.52,10.3593,-823.52,0.0,823.52,5.0,False,528;603
PGR,Short,153,2024-02-01T21:00:00Z,162.511803,2024-02-06T21:00:00Z,167.319953,-735.65,10.0988,-760.97,0.0,760.97,5.0,False,511;604
PM,Long,297,2024-02-02T21:00:00Z,83.858595,2024-02-06T21:00:00Z,82.845963,-300.75,9.9168,-300.75,0.0,300.75,4.0,False,563;605
TJX,Long,267,2024-02-02T21:00:00Z,93.577636,2024-02-06T21:00:00Z,93.152897,-113.41,10.0317,-113.41,41.24,154.64,4.0,False,564;606
WFC,Short,544,2024-02-02T21:00:00Z,45.816738,2024-02-06T21:00:00Z,45.911205,-51.39,10.016,-102.78,107.92,159.31,4.0,False,560;607
SPY,Long,7,2024-02-01T21:00:00Z,469.245207,2024-02-06T21:00:00Z,477.863206,60.33,41.7102,0.0,66.09,32.06,5.0,True,537;625
SPY,Long,193,2024-02-02T21:00:00Z,474.106145,2024-02-06T21:00:00Z,477.863206,725.11,18.4773,-938.16,883.96,89.7,4.0,True,568;625
ADP,Short,109,2024-02-01T21:00:00Z,228.239134,2024-02-08T21:00:00Z,232.887759,-506.7,5.0991,-617.38,0.0,617.38,7.0,False,535;627
AMGN,Short,86,2024-02-01T21:00:00Z,289.723973,2024-02-08T21:00:00Z,273.602607,1386.44,9.8146,-688.47,1556.77,688.47,7.0,True,532;628
BKNG,Long,176,2024-02-06T21:00:00Z,142.032638,2024-02-08T21:00:00Z,146.526105,790.85,10.295,0.0,1411.29,620.44,2.0,True,587;629
GS,Long,69,2024-02-06T21:00:00Z,361.194678,2024-02-08T21:00:00Z,364.004871,193.9,10.0209,0.0,236.85,105.41,2.0,True,615;636
TMO,Long,45,2024-02-06T21:00:00Z,547.537977,2024-02-08T21:00:00Z,547.250576,-12.93,9.9109,-71.35,0.0,71.35,2.0,False,611;646
MU,Long,289,2024-02-06T21:00:00Z,86.128787,2024-02-08T21:00:00Z,84.809528,-381.27,9.7168,-559.0,0.0,559.0,2.0,False,591;659
LRCX,Long,299,2024-02-06T21:00:00Z,83.417356,2024-02-08T21:00:00Z,83.329332,-26.32,9.9368,-127.5,335.13,361.45,2.0,False,620;660
CAT,Long,80,2024-02-06T21:00:00Z,313.196007,2024-02-08T21:00:00Z,314.328741,90.62,9.987,-116.18,90.62,123.15,2.0,True,583;661
CB,Short,103,2024-02-06T21:00:00Z,240.414693,2024-02-08T21:00:00Z,237.480571,302.21,9.7824,0.0,472.21,170.0,2.0,True,622;662
SHOP,Short,306,2024-02-06T21:00:00Z,81.56,2024-02-08T21:00:00Z,85.17,-1104.66,10.3691,-1930.86,0.0,1930.86,2.0,False,621;663
CRM,Short,88,2024-02-06T21:00:00Z,282.546135,2024-02-08T21:00:00Z,283.586279,-91.53,9.9784,-346.27,0.0,346.27,2.0,False,579;664
DIS,Short,262,2024-01-30T21:00:00Z,94.013688,2024-02-08T21:00:00Z,104.15919,-2658.12,10.5754,-3537.37,152.91,3690.28,9.0,False,477;665
GILD,Long,354,2024-02-06T21:00:00Z,70.601444,2024-02-08T21:00:00Z,68.315389,-809.26,9.849,-1007.52,0.0,1007.52,2.0,False,624;666
HON,Long,138,2024-02-06T21:00:00Z,179.937866,2024-02-08T21:00:00Z,180.694418,104.4,9.9787,0.0,188.19,85.07,2.0,True,586;667
ISRG,Long,65,2024-01-30T21:00:00Z,377.37,2024-02-08T21:00:00Z,389.51,789.1,9.935,0.0,910.32,288.28,9.0,True,479;668
LMT,Short,62,2024-02-02T21:00:00Z,398.062052,2024-02-08T21:00:00Z,399.196344,-70.33,9.8338,-112.98,371.23,484.21,6.0,False,566;669
MDLZ,Short,354,2024-01-30T21:00:00Z,70.16748,2024-02-08T21:00:00Z,69.211748,338.33,9.9265,-410.59,338.33,525.56,9.0,True,458;670
MDT,Long,314,2024-02-06T21:00:00Z,79.597729,2024-02-08T21:00:00Z,79.113269,-152.12,9.9837,-258.32,22.96,281.28,2.0,False,619;671
MRK,Short,215,2024-02-06T21:00:00Z,116.373873,2024-02-08T21:00:00Z,117.178163,-172.92,10.0192,-172.92,0.0,172.92,2.0,False,610;672
NFLX,Short,438,2024-01-29T21:00:00Z,57.066,2024-02-08T21:00:00Z,56.055,442.82,9.9366,0.0,647.36,204.55,10.0,True,424;673
NKE,Long,263,2024-02-02T21:00:00Z,94.3146,2024-02-08T21:00:00Z,97.917609,947.59,10.0656,-270.74,947.59,270.74,6.0,True,562;674
PFE,Long,1108,2024-02-06T21:00:00Z,22.597372,2024-02-08T21:00:00Z,23.335349,817.68,10.3516,0.0,874.07,56.39,2.0,True,584;675
PLD,Long,215,2024-02-06T21:00:00Z,116.530333,2024-02-08T21:00:00Z,117.900956,294.68,10.3006,0.0,811.36,516.68,2.0,True,617;676
REGN,Short,26,2024-02-06T21:00:00Z,931.212316,2024-02-08T21:00:00Z,926.051022,134.19,9.7064,-165.62,134.19,204.51,2.0,True,590;677
SBUX,Short,289,2024-02-06T21:00:00Z,86.25057,2024-02-08T21:00:00Z,89.208422,-854.82,10.3932,-1258.75,0.0,1258.75,2.0,False,589;678
SYK,Long,74,2024-02-06T21:00:00Z,336.402684,2024-02-08T21:00:00Z,332.721189,-272.43,9.8104,-394.55,0.0,394.55,2.0,False,613;679
TSLA,Short,137,2024-02-06T21:00:00Z,177.23,2024-02-08T21:00:00Z,188.83,-1589.2,10.2657,-1689.21,0.0,1689.21,2.0,False,609;680
TXN,Long,161,2024-01-30T21:00:00Z,152.059445,2024-02-08T21:00:00Z,148.70835,-539.53,9.6862,-680.8,0.0,680.8,9.0,False,452;681
UNP,Long,107,2024-02-06T21:00:00Z,232.161073,2024-02-08T21:00:00Z,234.44842,244.75,10.0455,0.0,253.81,34.24,2.0,True,612;682
UPS,Long,210,2024-02-06T21:00:00Z,120.761606,2024-02-08T21:00:00Z,125.099173,910.89,10.5158,0.0,1107.74,196.85,2.0,True,616;683
VZ,Short,710,2024-02-06T21:00:00Z,35.152924,2024-02-08T21:00:00Z,34.210191,669.34,9.77,0.0,892.45,223.11,2.0,True,582;684
BX,Long,215,2024-02-08T21:00:00Z,116.776156,2024-02-09T21:00:00Z,118.550252,381.43,10.1524,0.0,381.43,0.0,1.0,True,691;693
AXP,Long,139,2024-01-12T21:00:00Z,180.789101,2024-02-09T21:00:00Z,205.81141,3478.1,10.6699,-816.79,3602.51,816.79,28.0,True,212;694
DHR,Long,103,2024-02-08T21:00:00Z,242.837191,2024-02-09T21:00:00Z,241.428154,-145.13,9.9221,-355.22,0.0,355.22,1.0,False,685;695
INTU,Short,39,2024-02-08T21:00:00Z,633.385107,2024-02-09T21:00:00Z,644.26111,-424.16,10.0212,-448.24,0.0,448.24,1.0,False,652;696
LIN,Long,64,2024-02-06T21:00:00Z,400.964678,2024-02-09T21:00:00Z,398.97612,-127.27,10.3158,-127.27,250.83,378.1,3.0,False,581;697
NOW,Long,158,2024-02-08T21:00:00Z,158.4,2024-02-09T21:00:00Z,160.8,379.2,10.1901,0.0,661.7,282.5,1.0,True,653;698
SPGI,Long,58,2024-02-08T21:00:00Z,399.529125,2024-02-09T21:00:00Z,404.275731,275.3,9.3863,0.0,326.82,51.52,1.0,True,688;699
T,Long,1636,2024-02-08T21:00:00Z,15.282057,2024-02-09T21:00:00Z,14.813337,-766.83,9.7387,-766.83,0.0,766.83,1.0,False,655;700
TJX,Long,265,2024-02-08T21:00:00Z,95.083528,2024-02-09T21:00:00Z,94.909771,-46.05,10.0845,-46.05,63.95,110.0,1.0,False,656;701
CI,Long,80,2024-02-08T21:00:00Z,313.306161,2024-02-13T21:00:00Z,320.178781,549.81,10.1576,0.0,549.81,0.0,5.0,True,658;728
UBER,Long,361,2024-02-06T21:00:00Z,69.15,2024-02-13T21:00:00Z,67.91,-447.64,10.069,-447.64,888.06,1335.7,7.0,False,585;732
ACN,Short,71,2024-01-25T21:00:00Z,350.981072,2024-02-13T21:00:00Z,340.641466,734.11,9.8339,-64.91,734.11,606.96,19.0,True,397;747
ADBE,Short,40,2024-01-29T21:00:00Z,615.71,2024-02-13T21:00:00Z,596.3,776.4,9.857,-762.0,776.4,802.8,15.0,True,423;748
ADP,Short,106,2024-02-09T21:00:00Z,233.726189,2024-02-13T21:00:00Z,233.31629,43.45,9.8665,0.0,128.37,84.92,4.0,True,718;749
AMD,Short,139,2024-01-25T21:00:00Z,183.43,2024-02-13T21:00:00Z,167.89,2160.06,9.782,0.0,2187.86,1385.83,19.0,True,396;750
AMGN,Long,92,2024-02-08T21:00:00Z,273.602607,2024-02-13T21:00:00Z,271.400889,-202.56,9.9216,-552.59,0.0,552.59,5.0,False,687;751
BA,Long,120,2024-02-06T21:00:00Z,206.02,2024-02-13T21:00:00Z,206.9,105.6,9.913,-187.2,708.0,895.2,7.0,True,614;752
BLK,Long,33,2024-02-06T21:00:00Z,739.086163,2024-02-13T21:00:00Z,739.387474,9.94,9.7323,-213.16,522.95,736.11,7.0,True,618;753
LRCX,Long,295,2024-02-09T21:00:00Z,86.23021,2024-02-13T21:00:00Z,85.608174,-183.5,10.4109,-183.5,759.97,943.47,4.0,False,717;754
C,Short,492,2024-02-08T21:00:00Z,50.612255,2024-02-13T21:00:00Z,49.641993,477.37,9.8274,0.0,683.92,206.55,5.0,True,657;755
CSCO,Long,534,2024-02-09T21:00:00Z,46.824449,2024-02-13T21:00:00Z,46.53373,-155.24,9.9927,-155.24,30.05,185.29,4.0,False,704;756
GOOGL,Short,171,2024-01-24T21:00:00Z,147.080428,2024-02-13T21:00:00Z,143.504455,611.49,9.9546,-852.02,1419.47,1507.55,20.0,True,369;757
IBM,Long,145,2024-02-09T21:00:00Z,171.691657,2024-02-13T21:00:00Z,171.635832,-8.09,9.9846,-111.98,219.91,331.88,4.0,False,706;758
INTC,Short,594,2024-02-09T21:00:00Z,42.110739,2024-02-13T21:00:00Z,42.556094,-264.54,10.1666,-870.04,0.0,870.04,4.0,False,705;759
MDLZ,Long,360,2024-02-09T21:00:00Z,69.081842,2024-02-13T21:00:00Z,68.311689,-277.26,9.6973,-825.08,0.0,825.08,4.0,False,719;760
PEP,Short,167,2024-01-23T21:00:00Z,148.7992,2024-02-13T21:00:00Z,154.821336,-1005.7,10.1633,-1402.84,0.0,1402.84,21.0,False,321;761
PG,Short,170,2024-02-01T21:00:00Z,146.984865,2024-02-13T21:00:00Z,148.220111,-209.99,10.0367,-326.12,127.27,337.26,12.0,False,496;762
QCOM,Long,182,2024-02-08T21:00:00Z,138.688591,2024-02-13T21:00:00Z,141.663525,541.44,10.2519,0.0,1074.28,532.84,5.0,True,686;763
RTX,Long,289,2024-02-09T21:00:00Z,86.47169,2024-02-13T21:00:00Z,86.538111,19.2,9.9325,-148.08,19.2,150.82,4.0,True,716;764
UNP,Long,106,2024-02-09T21:00:00Z,233.573016,2024-02-13T21:00:00Z,231.558644,-213.52,9.8792,-252.44,0.0,252.44,4.0,False,707;765
V,Short,95,2024-01-18T21:00:00Z,262.39738,2024-02-13T21:00:00Z,268.814076,-609.59,10.1331,-1071.07,0.0,1071.07,26.0,False,273;766
AMZN,Short,146,2024-02-06T21:00:00Z,169.4,2024-02-14T21:00:00Z,169.17,33.58,9.9318,-737.3,110.96,737.3,8.0,True,578;772
BX,Long,208,2024-02-13T21:00:00Z,116.600595,2024-02-14T21:00:00Z,116.997918,82.64,9.7212,0.0,338.26,255.62,1.0,True,745;773
AXP,Long,121,2024-02-13T21:00:00Z,204.517488,2024-02-14T21:00:00Z,205.420315,109.24,9.9017,0.0,109.24,0.0,1.0,True,742;774
BMY,Long,586,2024-02-06T21:00:00Z,42.54779,2024-02-14T21:00:00Z,43.319773,452.38,10.2072,0.0,967.16,571.98,8.0,True,623;775
CRM,Long,88,2024-02-13T21:00:00Z,275.157192,2024-02-14T21:00:00Z,279.661209,396.35,9.8493,0.0,754.71,358.36,1.0,True,767;776
CVX,Short,184,2024-02-13T21:00:00Z,135.973139,2024-02-14T21:00:00Z,134.841144,208.29,9.8912,0.0,262.41,54.12,1.0,True,736;777
ISRG,Long,64,2024-02-09T21:00:00Z,387.46,2024-02-14T21:00:00Z,380.09,-471.68,9.8557,-548.48,0.0,548.48,5.0,False,711;778
LIN,Long,61,2024-02-13T21:00:00Z,404.188844,2024-02-14T21:00:00Z,404.101965,-5.3,9.8306,-12.95,0.0,12.95,1.0,False,737;779
NKE,Long,249,2024-02-13T21:00:00Z,98.254514,2024-02-14T21:00:00Z,98.263872,2.33,9.8491,0.0,312.25,309.92,1.0,True,741;780
ORCL,Short,221,2024-02-08T21:00:00Z,113.250174,2024-02-14T21:00:00Z,110.571013,592.09,9.8728,0.0,728.9,136.8,6.0,True,651;781
TJX,Short,264,2024-02-13T21:00:00Z,93.809312,2024-02-14T21:00:00Z,94.83589,-271.02,9.9624,-271.02,0.0,271.02,1.0,False,744;782
VZ,Long,736,2024-02-13T21:00:00Z,34.227177,2024-02-14T21:00:00Z,34.23567,6.25,10.0365,-93.76,6.25,93.76,1.0,True,739;783
WFC,Long,542,2024-02-13T21:00:00Z,45.802567,2024-02-14T21:00:00Z,45.911205,58.88,9.9095,0.0,58.88,0.0,1.0,True,738;784
AMAT,Long,141,2024-02-14T21:00:00Z,178.791556,2024-02-15T21:00:00Z,185.017543,877.86,10.3204,0.0,877.86,0.0,1.0,True,790;799
AMD,Long,145,2024-02-14T21:00:00Z,173.51,2024-02-15T21:00:00Z,179.33,843.9,10.3083,0.0,843.9,0.0,1.0,True,787;800
CAT,Long,80,2024-02-13T21:00:00Z,304.937702,2024-02-15T21:00:00Z,305.886487,75.9,9.8505,0.0,627.36,551.46,2.0,True,740;801
SHOP,Long,324,2024-02-14T21:00:00Z,79.12,2024-02-15T21:00:00Z,80.25,366.12,10.6706,0.0,1581.12,1215.0,1.0,True,796;802
COST,Short,35,2024-02-14T21:00:00Z,706.072159,2024-02-15T21:00:00Z,711.486036,-189.49,9.9864,-293.72,0.0,293.72,1.0,False,786;803
MS,Long,313,2024-02-09T21:00:00Z,79.9068,2024-02-15T21:00:00Z,78.741298,-364.8,10.0137,-504.89,341.45,846.34,6.0,False,709;804
UBER,Long,363,2024-02-14T21:00:00Z,74.5,2024-02-15T21:00:00Z,79.15,1687.95,11.6552,0.0,2501.07,813.12,1.0,True,791;805
PLD,Long,207,2024-02-09T21:00:00Z,120.048265,2024-02-15T21:00:00Z,120.340664,60.53,10.0467,-166.45,325.33,293.18,6.0,True,715;806
PANW,Long,145,2024-02-06T21:00:00Z,172.74,2024-02-15T21:00:00Z,184.2475,1668.59,5.3216,0.0,2291.0,730.08,9.0,True,588;807
CRM,Long,88,2024-02-15T21:00:00Z,285.882444,2024-02-16T21:00:00Z,285.391811,-43.18,10.0454,-139.89,0.0,139.89,1.0,False,810;819
CSCO,Long,537,2024-02-14T21:00:00Z,46.48684,2024-02-16T21:00:00Z,45.727221,-407.92,9.9431,-569.07,0.0,569.07,2.0,False,788;820
ISRG,Long,65,2024-02-15T21:00:00Z,382.03,2024-02-16T21:00:00Z,378.29,-243.1,9.8644,-243.1,0.0,243.1,1.0,False,812;821
MMC,Long,133,2024-02-14T21:00:00Z,189.161965,2024-02-16T21:00:00Z,192.726719,474.11,10.1455,0.0,474.11,87.94,2.0,True,797;822
NOW,Long,159,2024-02-13T21:00:00Z,153.0,2024-02-16T21:00:00Z,154.854,294.79,9.7865,0.0,858.6,858.6,3.0,True,768;823
PFE,Long,1094,2024-02-14T21:00:00Z,22.894259,2024-02-16T21:00:00Z,23.326867,473.27,10.1577,0.0,584.63,111.36,2.0,True,789;824
RTX,Long,290,2024-02-15T21:00:00Z,86.737377,2024-02-16T21:00:00Z,86.680444,-16.51,10.0604,-110.07,0.0,110.07,1.0,False,813;825
NVDA,Short,348,2024-02-14T21:00:00Z,73.004827,2024-02-16T21:00:00Z,73.88325,-305.69,15.1776,-305.69,210.27,515.96,2.0,False,785;826
AMD,Long,142,2024-02-16T21:00:00Z,177.45,2024-02-21T21:00:00Z,162.7,-2094.5,9.6037,-2094.5,0.0,2094.5,5.0,False,829;841
CAT,Long,80,2024-02-16T21:00:00Z,313.409,2024-02-21T21:00:00Z,302.933634,-838.03,9.8991,-838.03,0.0,838.03,5.0,False,835;844
GILD,Long,370,2024-02-14T21:00:00Z,67.121867,2024-02-21T21:00:00Z,66.76381,-132.48,9.9354,-519.73,88.32,608.05,7.0,False,798;848
GOOGL,Short,177,2024-02-16T21:00:00Z,141.612459,2024-02-21T21:00:00Z,140.106787,266.5,9.9262,0.0,322.61,250.72,5.0,True,827;849
T,Long,1664,2024-02-13T21:00:00Z,15.087494,2024-02-21T21:00:00Z,14.963681,-206.02,9.979,-220.74,44.15,264.89,8.0,False,770;851
TXN,Long,167,2024-02-09T21:00:00Z,150.547251,2024-02-21T21:00:00Z,151.704733,193.3,10.1788,-690.58,436.48,690.58,12.0,True,708;852
KO,Short,457,2024-02-16T21:00:00Z,54.939494,2024-02-21T21:00:00Z,56.400356,-667.61,15.2789,-769.02,0.0,769.02,5.0,False,831;856
UBER,Short,308,2024-02-16T21:00:00Z,80.76,2024-02-21T21:00:00Z,76.38,1349.04,14.5685,0.0,1349.04,0.0,5.0,True,834;859
ADBE,Long,42,2024-02-16T21:00:00Z,589.9,2024-02-21T21:00:00Z,539.76,-2105.88,9.1155,-2157.96,0.0,2157.96,5.0,False,830;867
ADI,Long,140,2024-02-15T21:00:00Z,180.041793,2024-02-21T21:00:00Z,182.419595,332.89,10.2354,0.0,797.33,464.44,6.0,True,818;868
ADP,Long,107,2024-02-16T21:00:00Z,234.527355,2024-02-21T21:00:00Z,236.213529,180.42,10.1054,0.0,216.31,35.88,5.0,True,838;869
AMGN,Long,94,2024-02-15T21:00:00Z,267.274241,2024-02-21T21:00:00Z,264.451836,-265.31,9.9931,-385.74,0.0,385.74,6.0,False,811;870
AVGO,Short,205,2024-02-08T21:00:00Z,123.217448,2024-02-21T21:00:00Z,118.452132,976.89,9.9771,-327.76,976.89,327.76,13.0,True,650;871
LRCX,Long,280,2024-02-15T21:00:00Z,89.75997,2024-02-21T21:00:00Z,87.536387,-622.6,9.9447,-622.6,226.75,849.35,6.0,False,814;872
CI,Long,78,2024-02-15T21:00:00Z,324.198079,2024-02-21T21:00:00Z,324.226518,2.22,10.094,-67.29,102.04,99.82,6.0,True,817;873
DE,Long,71,2024-02-16T21:00:00Z,348.568045,2024-02-21T21:00:00Z,344.653613,-277.92,9.8539,-277.92,0.0,277.92,5.0,False,839;874
DIS,Long,229,2024-02-16T21:00:00Z,109.051987,2024-02-21T21:00:00Z,105.521002,-808.6,9.7686,-989.03,0.0,989.03,5.0,False,832;875
PUYI,Long,69,2024-02-08T21:00:00Z,355.8,2024-02-21T21:00:00Z,414.6,4057.2,10.5156,-1035.0,4347.0,2235.6,13.0,True,689;876
MA,Short,54,2024-02-15T21:00:00Z,458.979597,2024-02-21T21:00:00Z,446.643714,666.14,9.8998,-122.37,749.14,388.4,6.0,True,808;877
MRK,Short,217,2024-02-15T21:00:00Z,115.790188,2024-02-21T21:00:00Z,117.141395,-293.21,10.1591,-428.85,0.0,428.85,6.0,False,809;878
NVDA,Long,346,2024-02-16T21:00:00Z,73.88325,2024-02-21T21:00:00Z,67.801093,-2104.43,4.6554,-2286.58,0.0,2286.58,5.0,False,826;879
PM,Long,310,2024-02-09T21:00:00Z,80.323424,2024-02-21T21:00:00Z,81.055774,227.03,10.0728,0.0,484.89,285.89,12.0,True,710;880
SCHW,Long,412,2024-02-14T21:00:00Z,61.126355,2024-02-21T21:00:00Z,61.213458,35.89,10.1406,0.0,586.14,550.25,7.0,True,794;881
WMT,Short,465,2024-01-30T21:00:00Z,53.397579,2024-02-21T21:00:00Z,56.736954,-1552.81,10.2301,-1682.46,0.0,1682.46,22.0,False,448;882
AMAT,Short,136,2024-02-21T21:00:00Z,184.272078,2024-02-21T21:00:00Z,184.272078,0.0,15.2294,0.0,0.0,0.0,0.0,False,858;886
BX,Long,215,2024-02-21T21:00:00Z,116.341872,2024-02-22T21:00:00Z,118.559492,476.79,10.0714,0.0,476.79,0.0,1.0,True,865;893
BKNG,Long,166,2024-02-09T21:00:00Z,144.572424,2024-02-22T21:00:00Z,148.639207,675.09,9.9371,0.0,1310.15,635.07,13.0,True,712;894
BLK,Long,33,2024-02-21T21:00:00Z,752.155502,2024-02-22T21:00:00Z,763.671209,380.02,10.0606,0.0,454.59,74.57,1.0,True,889;895
MELI,Long,14,2024-02-21T21:00:00Z,1740.21,2024-02-22T21:00:00Z,1767.64,384.02,9.9561,0.0,1088.78,704.76,1.0,True,866;896
DHR,Short,103,2024-02-21T21:00:00Z,242.699243,2024-02-22T21:00:00Z,247.729407,-518.11,10.2176,-651.57,0.0,651.57,1.0,False,885;897
HON,Long,136,2024-02-13T21:00:00Z,183.767325,2024-02-22T21:00:00Z,185.962258,298.51,10.0305,-240.08,513.18,240.08,9.0,True,769;898
INTU,Short,38,2024-02-16T21:00:00Z,649.581533,2024-02-22T21:00:00Z,636.961451,479.56,9.7823,0.0,919.29,731.63,6.0,True,833;899
JNJ,Long,172,2024-02-09T21:00:00Z,144.648856,2024-02-22T21:00:00Z,148.274637,623.63,10.1393,-84.38,859.45,335.93,13.0,True,702;900
LMT,Long,64,2024-02-15T21:00:00Z,389.173667,2024-02-22T21:00:00Z,395.226322,387.37,10.1396,0.0,613.48,226.11,7.0,True,816;901
MDLZ,Long,371,2024-02-21T21:00:00Z,68.311689,2024-02-22T21:00:00Z,67.85702,-168.68,10.185,-168.68,175.57,344.25,1.0,False,892;902
MDT,Long,321,2024-02-21T21:00:00Z,79.094988,2024-02-22T21:00:00Z,78.40029,-223.0,10.0326,-431.32,0.0,431.32,1.0,False,890;903
MS,Long,314,2024-02-16T21:00:00Z,79.738968,2024-02-22T21:00:00Z,80.177196,137.6,10.0919,-49.77,137.6,49.77,6.0,True,836;904
NOW,Long,167,2024-02-21T21:00:00Z,147.398,2024-02-22T21:00:00Z,155.0,1269.53,10.1346,0.0,1269.53,0.0,1.0,True,861;905
UBER,Long,329,2024-02-21T21:00:00Z,76.38,2024-02-22T21:00:00Z,79.59,1056.09,5.1344,0.0,1056.09,0.0,1.0,True,859;906
UNP,Short,108,2024-02-21T21:00:00Z,234.7967,2024-02-22T21:00:00Z,237.197003,-259.23,10.2845,-515.42,0.0,515.42,1.0,False,888;907
UPS,Long,199,2024-02-13T21:00:00Z,124.417433,2024-02-22T21:00:00Z,127.57923,629.2,10.0498,-301.86,917.29,301.86,9.0,True,743;908
NKE,Long,260,2024-02-21T21:00:00Z,96.719725,2024-02-22T21:00:00Z,99.031266,601.0,15.2714,0.0,601.0,0.0,1.0,True,860;912
AMAT,Long,136,2024-02-21T21:00:00Z,184.272078,2024-02-23T21:00:00Z,195.45078,1520.3,5.2586,0.0,1574.98,342.74,2.0,True,886;923
AMD,Long,153,2024-02-22T21:00:00Z,173.18,2024-02-23T21:00:00Z,181.86,1328.04,10.9664,0.0,1328.04,0.0,1.0,True,911;924
AXP,Short,123,2024-02-22T21:00:00Z,206.716183,2024-02-23T21:00:00Z,209.167824,-301.55,10.2566,-301.55,0.0,301.55,1.0,False,914;925
SHOP,Long,320,2024-02-21T21:00:00Z,77.0,2024-02-23T21:00:00Z,75.0,-640.0,9.7171,-640.0,0.0,640.0,2.0,False,891;926
CRM,Long,89,2024-02-21T21:00:00Z,274.823561,2024-02-23T21:00:00Z,292.417685,1565.88,10.0669,0.0,1565.88,74.23,2.0,True,855;927
CVS,Long,361,2024-02-22T21:00:00Z,70.023763,2024-02-23T21:00:00Z,70.150831,45.87,10.1114,0.0,45.87,0.0,1.0,True,920;928
DE,Long,73,2024-02-22T21:00:00Z,342.275959,2024-02-23T21:00:00Z,345.997085,271.64,10.1804,0.0,742.96,471.32,1.0,True,919;929
GILD,Long,376,2024-02-22T21:00:00Z,66.378211,2024-02-23T21:00:00Z,67.2504,327.94,10.1027,0.0,431.5,103.56,1.0,True,921;930
GOOGL,Long,180,2024-02-21T21:00:00Z,140.106787,2024-02-23T21:00:00Z,142.256332,386.92,10.2171,0.0,472.5,85.59,2.0,True,883;931
INTC,Short,572,2024-02-21T21:00:00Z,44.001022,2024-02-23T21:00:00Z,42.704545,741.58,9.7889,0.0,837.82,96.24,2.0,True,857;932
LOW,Long,118,2024-02-08T21:00:00Z,211.591126,2024-02-23T21:00:00Z,220.540715,1056.05,10.1774,0.0,1159.41,497.69,15.0,True,690;933
MCD,Long,93,2024-02-06T21:00:00Z,264.010615,2024-02-23T21:00:00Z,276.980017,1206.15,10.1366,0.0,1358.45,419.46,17.0,True,580;934
NKE,Short,256,2024-02-22T21:00:00Z,99.031266,2024-02-23T21:00:00Z,98.507192,134.16,5.0613,0.0,134.16,0.0,1.0,True,912;935
PFE,Long,1076,2024-02-21T21:00:00Z,23.403209,2024-02-23T21:00:00Z,23.538929,146.03,10.1184,-36.51,155.16,36.51,2.0,True,887;936
T,Long,1681,2024-02-22T21:00:00Z,14.831024,2024-02-23T21:00:00Z,14.707211,-208.13,9.9308,-208.13,59.47,267.6,1.0,False,916;937
VRTX,Long,60,2024-02-15T21:00:00Z,419.16,2024-02-23T21:00:00Z,430.0,650.4,10.2768,0.0,657.0,154.2,8.0,True,815;938
AMGN,Short,95,2024-02-23T21:00:00Z,266.011586,2024-02-26T21:00:00Z,267.645609,-155.23,10.1527,-155.23,13.23,168.46,3.0,False,945;958
BA,Long,122,2024-02-14T21:00:00Z,206.26,2024-02-26T21:00:00Z,201.01,-640.5,9.8556,-697.84,0.0,697.84,12.0,False,793;959
COST,Short,35,2024-02-21T21:00:00Z,715.6278,2024-02-26T21:00:00Z,731.711651,-562.93,10.1361,-678.56,0.0,678.56,5.0,False,854;960
CVX,Long,180,2024-02-23T21:00:00Z,139.583344,2024-02-26T21:00:00Z,139.204898,-68.12,10.0283,-74.61,0.0,74.61,3.0,False,940;961
ETN,Long,91,2024-02-23T21:00:00Z,276.617999,2024-02-26T21:00:00Z,276.617999,0.0,10.0201,-149.63,0.0,149.63,3.0,False,948;962
MDLZ,Long,366,2024-02-23T21:00:00Z,68.784916,2024-02-26T21:00:00Z,68.5715,-78.11,10.0029,-285.27,0.0,285.27,3.0,False,952;963
KLAC,Long,375,2024-02-23T21:00:00Z,67.024887,2024-02-26T21:00:00Z,66.300665,-271.58,9.9554,-271.58,30.18,301.76,3.0,False,957;964
RTX,Long,292,2024-02-21T21:00:00Z,86.253447,2024-02-26T21:00:00Z,86.018981,-68.46,10.0202,-216.28,0.0,216.28,5.0,False,863;965
TSLA,Short,125,2024-02-16T21:00:00Z,202.11,2024-02-26T21:00:00Z,192.24,1233.75,9.9838,0.0,1267.5,928.75,10.0,True,828;966
AMD,Long,142,2024-02-26T21:00:00Z,178.71,2024-02-27T21:00:00Z,175.92,-396.18,10.0539,-396.18,0.0,396.18,1.0,False,969;979
AXP,Short,120,2024-02-26T21:00:00Z,208.019833,2024-02-27T21:00:00Z,211.531907,-421.45,10.1554,-485.66,0.0,485.66,1.0,False,970;980
SHOP,Long,330,2024-02-26T21:00:00Z,76.29,2024-02-27T21:00:00Z,77.56,419.1,10.1765,0.0,419.1,0.0,1.0,True,977;981
GILD,Long,372,2024-02-26T21:00:00Z,67.479924,2024-02-27T21:00:00Z,66.873982,-225.41,9.9707,-225.41,0.0,225.41,1.0,False,978;982
LIN,Long,58,2024-02-23T21:00:00Z,432.559578,2024-02-27T21:00:00Z,428.148069,-255.87,9.9937,-255.87,0.0,255.87,4.0,False,941;983
MDT,Long,321,2024-02-26T21:00:00Z,78.208334,2024-02-27T21:00:00Z,76.288775,-616.18,9.8301,-616.18,0.0,616.18,1.0,False,975;984
META,Short,54,2024-02-06T21:00:00Z,459.598125,2024-02-27T21:00:00Z,475.950768,-883.04,10.0802,-1260.53,207.53,1468.06,21.0,False,608;985
NOW,Long,163,2024-02-23T21:00:00Z,155.07,2024-02-27T21:00:00Z,156.452,225.27,10.0285,-267.65,225.27,408.15,4.0,True,944;986
PLD,Long,206,2024-02-16T21:00:00Z,120.559964,2024-02-27T21:00:00Z,121.756974,246.58,10.0094,0.0,282.35,178.82,11.0,True,837;987
SBUX,Long,280,2024-02-23T21:00:00Z,89.977622,2024-02-27T21:00:00Z,88.476744,-420.25,9.9677,-470.15,0.0,470.15,4.0,False,949;988
T,Long,1693,2024-02-26T21:00:00Z,14.857555,2024-02-27T21:00:00Z,14.689524,-284.48,10.0091,-284.48,52.4,336.88,1.0,False,974;989
BX,Long,214,2024-02-23T21:00:00Z,118.236089,2024-02-28T21:00:00Z,116.582115,-353.95,9.9434,-529.94,0.0,529.94,5.0,False,955;1002
BLK,Long,32,2024-02-26T21:00:00Z,763.586465,2024-02-28T21:00:00Z,752.127254,-366.69,9.7365,-366.69,0.0,366.69,2.0,False,973;1003
BSX,Long,377,2024-02-23T21:00:00Z,66.89,2024-02-28T21:00:00Z,66.46,-162.11,10.1028,-173.42,37.7,199.81,5.0,False,954;1004
CI,Long,77,2024-02-22T21:00:00Z,326.150851,2024-02-28T21:00:00Z,322.719281,-264.23,9.8873,-651.82,13.14,664.96,6.0,False,918;1005
CVS,Long,362,2024-02-27T21:00:00Z,69.397497,2024-02-28T21:00:00Z,69.061673,-121.57,9.9528,-417.27,0.0,417.27,1.0,False,1001;1006
CVX,Long,180,2024-02-27T21:00:00Z,137.970445,2024-02-28T21:00:00Z,137.105427,-155.7,9.88,-155.7,0.0,155.7,1.0,False,990;1007
ETN,Long,91,2024-02-27T21:00:00Z,275.186549,2024-02-28T21:00:00Z,274.267713,-83.61,10.043,-83.61,214.76,298.37,1.0,False,998;1008
KO,Long,449,2024-02-21T21:00:00Z,56.400356,2024-02-28T21:00:00Z,55.817861,-261.54,5.0149,-273.99,83.03,357.02,7.0,False,856;1009
MCD,Long,90,2024-02-27T21:00:00Z,277.728611,2024-02-28T21:00:00Z,275.136602,-233.28,9.9199,-233.28,0.0,233.28,1.0,False,991;1010
MDLZ,Long,369,2024-02-27T21:00:00Z,67.986925,2024-02-28T21:00:00Z,67.968367,-6.85,10.0198,-27.39,0.0,27.39,1.0,False,1000;1011
MMC,Long,128,2024-02-23T21:00:00Z,195.831505,2024-02-28T21:00:00Z,195.064892,-98.13,10.0514,-138.6,210.97,309.1,5.0,False,951;1012
MRK,Short,211,2024-02-26T21:00:00Z,119.20957,2024-02-28T21:00:00Z,118.851086,75.64,9.9701,0.0,290.92,215.28,2.0,True,968;1013
NKE,Long,256,2024-02-27T21:00:00Z,98.104778,2024-02-28T21:00:00Z,97.42161,-174.89,10.0383,-174.89,0.0,174.89,1.0,False,992;1014
UBER,Long,323,2024-02-23T21:00:00Z,78.5,2024-02-28T21:00:00Z,78.6,32.3,10.0731,-248.71,80.75,329.46,5.0,True,943;1015
PFE,Short,1090,2024-02-27T21:00:00Z,22.987567,2024-02-28T21:00:00Z,22.860329,138.69,9.9727,0.0,138.69,0.0,1.0,True,993;1016
ABT,Long,227,2024-02-21T21:00:00Z,110.867728,2024-02-29T21:00:00Z,114.208947,758.46,10.1922,0.0,758.46,303.81,8.0,True,884;1027
AMD,Long,141,2024-02-28T21:00:00Z,176.18,2024-02-29T21:00:00Z,179.97,534.39,10.4078,0.0,2305.35,1770.96,1.0,True,1018;1028
AMGN,Short,97,2024-02-28T21:00:00Z,259.020565,2024-02-29T21:00:00Z,258.584207,42.33,9.9295,0.0,464.69,422.37,1.0,True,1021;1029
CAT,Long,82,2024-02-22T21:00:00Z,310.775636,2024-02-29T21:00:00Z,320.45712,793.88,10.4165,0.0,1028.87,234.99,7.0,True,913;1030
LIN,Long,58,2024-02-28T21:00:00Z,428.601769,2024-02-29T21:00:00Z,436.179526,439.51,10.0739,0.0,439.51,0.0,1.0,True,1020;1031
ABNB,Long,162,2024-02-23T21:00:00Z,153.23,2024-02-29T21:00:00Z,153.4,27.54,10.0482,-641.52,686.88,659.34,6.0,True,953;1032
NEE,Long,489,2024-02-27T21:00:00Z,51.595153,2024-02-29T21:00:00Z,51.641685,22.75,10.0802,-182.03,22.75,182.03,2.0,True,997;1033
NFLX,Long,418,2024-02-28T21:00:00Z,59.579,2024-02-29T21:00:00Z,60.425,353.63,10.027,0.0,353.63,0.0,1.0,True,1019;1034
RTX,Long,292,2024-02-27T21:00:00Z,85.990327,2024-02-29T21:00:00Z,86.353276,105.98,10.0453,-100.4,105.98,100.4,2.0,True,996;1035
SCHW,Long,407,2024-02-22T21:00:00Z,62.626448,2024-02-29T21:00:00Z,64.010404,563.27,10.3524,-122.11,815.36,252.09,7.0,True,917;1036
TMO,Long,45,2024-02-09T21:00:00Z,544.723432,2024-02-29T21:00:00Z,569.499355,1114.92,9.9979,-492.79,1114.92,492.79,20.0,True,703;1037
MU,Long,312,2024-02-22T21:00:00Z,84.313565,2024-03-01T21:00:00Z,91.177682,2141.6,11.2069,0.0,3141.23,999.62,8.0,True,922;1047
ADI,Long,137,2024-02-23T21:00:00Z,185.10421,2024-03-01T21:00:00Z,184.615226,-66.99,10.1477,-696.18,407.2,696.18,7.0,False,956;1048
BKNG,Long,165,2024-02-23T21:00:00Z,144.505998,2024-03-01T21:00:00Z,136.075863,-1390.97,9.0333,-1479.43,0.0,1479.43,7.0,False,946;1049
SHOP,Long,328,2024-02-28T21:00:00Z,75.6,2024-03-01T21:00:00Z,77.11,495.28,9.981,0.0,495.28,0.0,2.0,True,1026;1050
CVX,Long,183,2024-02-29T21:00:00Z,137.835286,2024-03-01T21:00:00Z,138.141647,56.06,10.0513,-26.38,56.06,26.38,1.0,True,1041;1051
KO,Long,451,2024-02-29T21:00:00Z,55.845598,2024-03-01T21:00:00Z,55.374054,-212.67,9.9703,-362.78,0.0,362.78,1.0,False,1042;1052
LOW,Long,113,2024-02-26T21:00:00Z,221.62609,2024-03-01T21:00:00Z,228.757199,805.82,10.2424,0.0,1281.34,475.53,4.0,True,971;1053
REGN,Long,25,2024-02-27T21:00:00Z,977.218167,2024-03-01T21:00:00Z,958.455229,-469.07,9.7885,-503.99,28.98,532.97,3.0,False,999;1054
TJX,Long,258,2024-02-28T21:00:00Z,97.547978,2024-03-01T21:00:00Z,96.259736,-332.37,9.9765,-549.78,0.0,549.78,2.0,False,1023;1055
TXN,Long,165,2024-02-22T21:00:00Z,153.92635,2024-03-01T21:00:00Z,156.4,408.15,10.3649,-286.48,947.22,539.07,8.0,True,915;1056
PANW,Long,159,2024-02-28T21:00:00Z,155.675,2024-03-01T21:00:00Z,155.75,11.92,9.8354,-713.12,11.92,713.12,2.0,True,1025;1057
XOM,Short,261,2024-02-22T21:00:00Z,96.234307,2024-03-01T21:00:00Z,97.738689,-392.64,10.1456,-392.64,103.58,496.22,8.0,False,909;1058
SPY,Short,173,2024-02-06T21:00:00Z,477.863206,2024-03-01T21:00:00Z,492.823665,-2588.16,17.1824,-3241.48,0.0,3241.48,24.0,False,625;1072
CB,Long,105,2024-02-14T21:00:00Z,238.397484,2024-03-04T21:00:00Z,240.771807,249.3,10.0609,0.0,913.1,785.41,19.0,True,795;1073
CVS,Long,373,2024-03-01T21:00:00Z,67.736531,2024-03-04T21:00:00Z,67.128418,-226.83,10.0027,-250.52,0.0,250.52,3.0,False,1071;1074
ETN,Long,90,2024-02-29T21:00:00Z,277.585195,2024-03-04T21:00:00Z,286.183565,773.85,10.1947,0.0,833.92,60.06,4.0,True,1044;1075
ISRG,Long,66,2024-02-21T21:00:00Z,376.75,2024-03-04T21:00:00Z,398.3,1422.3,10.3068,0.0,1573.44,275.22,12.0,True,862;1076
MDLZ,Long,371,2024-02-29T21:00:00Z,68.311689,2024-03-04T21:00:00Z,66.808498,-557.68,9.9543,-726.37,0.0,726.37,4.0,False,1045;1077
AMGN,Long,99,2024-03-01T21:00:00Z,256.708794,2024-03-05T21:00:00Z,259.605471,286.77,10.2388,0.0,286.77,251.84,4.0,True,1064;1095
BKNG,Long,183,2024-03-04T21:00:00Z,135.264695,2024-03-05T21:00:00Z,134.882164,-70.0,9.8557,-225.53,0.0,225.53,1.0,False,1082;1096
BLK,Long,33,2024-02-29T21:00:00Z,765.893373,2024-03-05T21:00:00Z,783.680103,586.96,10.1811,0.0,654.7,233.98,5.0,True,1043;1097
ELV,Long,52,2024-03-04T21:00:00Z,477.184975,2024-03-05T21:00:00Z,480.209239,157.26,9.9488,-90.79,157.26,90.79,1.0,True,1084;1098
NOW,Short,163,2024-03-01T21:00:00Z,154.4,2024-03-05T21:00:00Z,153.246,188.1,9.8698,-133.33,1038.31,850.21,4.0,True,1063;1099
ORCL,Short,233,2024-03-01T21:00:00Z,108.017588,2024-03-05T21:00:00Z,109.120203,-256.91,10.1285,-536.35,166.77,536.35,4.0,False,1059;1100
TSLA,Short,124,2024-02-29T21:00:00Z,204.17,2024-03-05T21:00:00Z,183.0,2625.08,9.489,0.0,2905.32,280.24,5.0,True,1038;1101
PANW,Long,166,2024-03-04T21:00:00Z,151.0125,2024-03-05T21:00:00Z,147.825,-529.12,9.8041,-900.96,0.0,900.96,1.0,False,1092;1102
ABBV,Short,154,2024-03-05T21:00:00Z,163.444374,2024-03-06T21:00:00Z,164.005154,-86.36,10.1996,-462.95,0.0,462.95,1.0,False,1103;1115
ADI,Long,134,2024-03-05T21:00:00Z,186.198016,2024-03-06T21:00:00Z,184.348462,-247.84,9.8491,-247.84,0.0,247.84,1.0,False,1114;1116
AVGO,Short,198,2024-02-23T21:00:00Z,127.240736,2024-03-06T21:00:00Z,135.33302,-1602.27,10.1916,-1807.92,364.9,2172.82,12.0,False,939;1117
AXP,Short,118,2024-03-05T21:00:00Z,211.541636,2024-03-06T21:00:00Z,211.716753,-20.66,10.0034,-120.54,0.0,120.54,1.0,False,1109;1118
DHR,Short,99,2024-03-05T21:00:00Z,251.419507,2024-03-06T21:00:00Z,251.734816,-31.22,9.8971,-31.22,220.46,251.68,1.0,False,1106;1119
ETN,Long,87,2024-03-05T21:00:00Z,284.694084,2024-03-06T21:00:00Z,285.632264,81.62,9.9068,0.0,201.11,119.49,1.0,True,1111;1120
HD,Short,71,2024-02-28T21:00:00Z,350.064058,2024-03-06T21:00:00Z,354.94266,-346.38,10.0237,-588.34,0.0,588.34,7.0,False,1017;1121
UBER,Short,309,2024-03-05T21:00:00Z,80.83,2024-03-06T21:00:00Z,80.17,203.94,9.7477,0.0,676.71,472.77,1.0,True,1108;1122
PEP,Long,167,2024-03-04T21:00:00Z,149.834506,2024-03-06T21:00:00Z,147.711585,-354.53,9.9928,-366.7,0.0,366.7,2.0,False,1080;1123
PLD,Long,206,2024-03-05T21:00:00Z,121.574225,2024-03-06T21:00:00Z,121.638187,13.18,9.9959,0.0,13.18,0.0,1.0,True,1110;1124
QCOM,Short,162,2024-03-04T21:00:00Z,156.811243,2024-03-06T21:00:00Z,156.450539,58.43,10.2859,-413.65,576.65,990.3,2.0,True,1081;1125
RTX,Long,294,2024-03-01T21:00:00Z,85.694237,2024-03-06T21:00:00Z,85.827955,39.31,10.1125,0.0,151.64,112.32,5.0,True,1065;1126
WMT,Long,439,2024-03-04T21:00:00Z,56.899066,2024-03-06T21:00:00Z,58.455279,683.18,10.2366,0.0,883.86,200.68,2.0,True,1079;1127
ABT,Short,220,2024-03-05T21:00:00Z,114.322852,2024-03-07T21:00:00Z,113.995375,72.05,9.9986,-100.24,229.71,329.95,2.0,True,1105;1137
ADP,Long,107,2024-02-28T21:00:00Z,233.418764,2024-03-07T21:00:00Z,228.761128,-498.37,9.9126,-677.82,56.82,734.64,8.0,False,1024;1138
BA,Long,125,2024-02-27T21:00:00Z,200.93,2024-03-07T21:00:00Z,200.82,-13.75,10.1107,-116.25,758.75,875.0,9.0,False,995;1139
BKNG,Long,188,2024-03-06T21:00:00Z,134.139765,2024-03-07T21:00:00Z,134.502624,68.22,10.1588,-36.51,394.18,325.96,1.0,True,1133;1140
SHOP,Long,328,2024-03-04T21:00:00Z,76.3,2024-03-07T21:00:00Z,74.26,-669.12,9.9122,-928.24,0.0,928.24,3.0,False,1091;1141
CI,Long,79,2024-03-04T21:00:00Z,315.306331,2024-03-07T21:00:00Z,327.531266,965.77,10.1993,0.0,965.77,200.79,3.0,True,1093;1142
CRM,Long,83,2024-03-01T21:00:00Z,301.249092,2024-03-07T21:00:00Z,300.267824,-81.45,10.0878,-671.92,622.24,1294.16,6.0,False,1060;1143
PUYI,Short,52,2024-03-01T21:00:00Z,465.6,2024-03-07T21:00:00Z,480.6,-780.0,10.5456,-3837.6,0.0,3837.6,6.0,False,1062;1144
MA,Short,53,2024-02-26T21:00:00Z,466.044157,2024-03-07T21:00:00Z,466.241215,-10.44,9.8389,-305.49,286.17,305.49,10.0,False,967;1145
MDT,Long,328,2024-03-04T21:00:00Z,76.416745,2024-03-07T21:00:00Z,78.63795,728.56,10.2064,0.0,728.56,119.93,3.0,True,1086;1146
NEE,Long,490,2024-03-01T21:00:00Z,51.427636,2024-03-07T21:00:00Z,52.200074,378.49,10.1655,-132.25,451.46,132.25,6.0,True,1066;1147
NVDA,Short,306,2024-03-04T21:00:00Z,83.913824,2024-03-07T21:00:00Z,89.870579,-1822.77,10.8563,-2597.46,0.0,2597.46,3.0,False,1078;1148
SBUX,Long,282,2024-03-01T21:00:00Z,88.654973,2024-03-07T21:00:00Z,85.831447,-796.23,9.7405,-941.73,0.0,941.73,6.0,False,1069;1149
TSLA,Long,139,2024-03-06T21:00:00Z,180.0,2024-03-07T21:00:00Z,174.3,-792.3,9.8743,-792.3,0.0,792.3,1.0,False,1128;1150
TXN,Short,158,2024-03-06T21:00:00Z,161.589997,2024-03-07T21:00:00Z,160.815231,122.41,10.2396,-318.57,122.41,318.57,1.0,True,1132;1151
ETN,Long,88,2024-03-07T21:00:00Z,288.369428,2024-03-08T21:00:00Z,290.834466,216.92,10.206,0.0,253.64,230.53,1.0,True,1158;1160
LIN,Short,56,2024-03-06T21:00:00Z,443.071906,2024-03-08T21:00:00Z,449.867753,-380.57,10.0142,-380.57,0.0,380.57,2.0,False,1131;1161
LMT,Long,63,2024-02-23T21:00:00Z,398.740767,2024-03-08T21:00:00Z,401.319817,162.48,10.159,0.0,456.32,293.84,14.0,True,950;1162
MMC,Long,129,2024-03-04T21:00:00Z,192.410491,2024-03-08T21:00:00Z,195.189466,358.49,10.0631,0.0,538.97,180.48,4.0,True,1090;1163
ORCL,Short,235,2024-03-06T21:00:00Z,107.843491,2024-03-08T21:00:00Z,110.329211,-584.14,10.2141,-690.97,0.0,690.97,2.0,False,1129;1164
PG,Short,168,2024-02-22T21:00:00Z,149.043608,2024-03-08T21:00:00Z,149.586367,-91.18,10.0902,-276.7,66.03,278.27,15.0,False,910;1165
PGR,Long,144,2024-03-01T21:00:00Z,173.939204,2024-03-08T21:00:00Z,179.243798,763.86,10.2265,0.0,1219.27,455.4,7.0,True,1067;1166
T,Long,1689,2024-02-28T21:00:00Z,14.892931,2024-03-08T21:00:00Z,15.087494,328.62,10.2051,-59.75,537.74,268.87,9.0,True,1022;1167
UNH,Short,56,2024-03-07T21:00:00Z,446.871704,2024-03-08T21:00:00Z,451.868653,-279.83,10.1023,-279.83,0.0,279.83,1.0,False,1153;1168
V,Long,91,2024-03-07T21:00:00Z,275.879867,2024-03-08T21:00:00Z,273.799384,-189.32,9.9717,-189.32,0.0,189.32,1.0,False,1152;1169
SPY,Short,45,2024-02-06T21:00:00Z,477.863206,2024-03-08T21:00:00Z,499.166125,-958.63,4.4596,-958.63,0.0,958.63,31.0,False,625;1181
PUYI,Short,46,2024-03-08T21:00:00Z,558.6,2024-03-12T20:00:00Z,570.0,-524.4,10.4273,-552.0,0.0,552.0,3.9583,False,1175;1184
MRK,Short,220,2024-03-08T21:00:00Z,113.271611,2024-03-12T20:00:00Z,113.060198,46.51,9.9558,0.0,115.27,68.76,3.9583,True,1172;1185
PEP,Short,169,2024-03-08T21:00:00Z,147.89381,2024-03-12T20:00:00Z,150.353848,-415.75,10.0885,-415.75,0.0,415.75,3.9583,False,1173;1187
REGN,Long,25,2024-03-04T21:00:00Z,973.632009,2024-03-12T20:00:00Z,955.423836,-455.2,9.618,-455.2,0.0,455.2,7.9583,False,1087;1189
TMUS,Short,160,2024-03-08T21:00:00Z,156.55956,2024-03-12T20:00:00Z,156.530969,4.57,9.9933,-74.72,89.97,85.39,3.9583,True,1174;1192
TSLA,Long,140,2024-03-08T21:00:00Z,181.5,2024-03-12T20:00:00Z,177.77,-522.2,9.8806,-554.4,0.0,554.4,3.9583,False,1170;1193
SPY,Short,18,2024-02-06T21:00:00Z,477.863206,2024-03-12T20:00:00Z,497.142347,-347.02,10.5085,-405.76,0.0,405.76,34.9583,False,625;1206
SPY,Short,87,2024-02-08T21:00:00Z,482.317452,2024-03-12T20:00:00Z,497.142347,-1289.77,9.2646,-1573.67,387.52,1912.32,32.9583,False,692;1206
MU,Long,266,2024-03-04T21:00:00Z,96.266253,2024-03-12T20:00:00Z,94.560144,-453.83,10.1947,-680.74,509.23,1179.42,7.9583,False,1089;1207
ADP,Long,110,2024-03-08T21:00:00Z,228.526885,2024-03-12T20:00:00Z,228.70491,19.58,10.0401,0.0,79.36,59.78,3.9583,True,1179;1208
AMAT,Short,121,2024-03-07T21:00:00Z,209.090758,2024-03-12T20:00:00Z,199.598667,1148.54,9.9086,0.0,1407.2,423.58,4.9583,True,1155;1209
AMZN,Short,150,2024-02-21T21:00:00Z,168.97,2024-03-12T20:00:00Z,173.48,-676.5,10.3194,-1387.5,0.0,1387.5,19.9583,False,853;1210
BA,Long,124,2024-03-08T21:00:00Z,201.84,2024-03-12T20:00:00Z,188.08,-1706.24,9.4917,-2182.4,0.0,2182.4,3.9583,False,1176;1211
COP,Long,242,2024-02-08T21:00:00Z,104.055816,2024-03-12T20:00:00Z,106.706733,641.52,10.2294,-743.58,659.46,743.58,32.9583,True,654;1212
COST,Short,34,2024-02-29T21:00:00Z,742.125229,2024-03-12T20:00:00Z,707.137184,1189.59,9.9296,-1107.45,1290.18,1212.06,11.9583,True,1040;1213
ABNB,Long,159,2024-03-01T21:00:00Z,157.23,2024-03-12T20:00:00Z,163.0,917.43,10.3792,0.0,1500.96,583.53,10.9583,True,1070;1214
NEE,Long,480,2024-03-08T21:00:00Z,52.786383,2024-03-12T20:00:00Z,53.670499,424.38,10.2708,0.0,513.72,321.63,3.9583,True,1177;1215
UBER,Short,321,2024-03-07T21:00:00Z,79.4,2024-03-12T20:00:00Z,78.0,449.4,10.1263,0.0,619.53,272.85,4.9583,True,1156;1216
PLD,Long,207,2024-03-07T21:00:00Z,122.478836,2024-03-12T20:00:00Z,122.076786,-83.22,10.1121,-83.22,194.82,278.04,4.9583,False,1157;1217
KLAC,Long,357,2024-03-05T21:00:00Z,69.90313,2024-03-12T20:00:00Z,67.880607,-722.04,9.8393,-944.15,382.92,1327.07,6.9583,False,1113;1218
SBUX,Long,295,2024-03-08T21:00:00Z,85.005964,2024-03-12T20:00:00Z,86.319232,387.41,10.1536,0.0,492.57,105.16,3.9583,True,1178;1219
SCHW,Long,390,2024-03-04T21:00:00Z,64.494305,2024-03-12T20:00:00Z,65.00724,200.04,10.126,-52.84,585.04,637.88,7.9583,True,1083;1220
SPGI,Long,64,2024-02-14T21:00:00Z,392.728432,2024-03-12T20:00:00Z,398.060953,341.28,10.0753,-74.69,818.38,893.07,26.9583,True,792;1221
SYK,Long,75,2024-02-09T21:00:00Z,330.904855,2024-03-12T20:00:00Z,346.831958,1194.53,10.2586,0.0,1430.36,436.51,31.9583,True,713;1222
TMO,Long,43,2024-03-06T21:00:00Z,583.07656,2024-03-12T20:00:00Z,593.531999,449.58,10.1316,0.0,472.17,92.9,5.9583,True,1130;1223
UPS,Long,196,2024-02-26T21:00:00Z,127.363797,2024-03-12T20:00:00Z,133.387295,1180.61,10.2988,-5.07,1618.05,437.45,14.9583,True,972;1224
SPY,Short,9,2024-02-08T21:00:00Z,482.317452,2024-03-12T20:00:00Z,497.142347,-133.42,19.9161,-162.79,40.09,197.83,32.9583,False,692;1235
SPY,Short,190,2024-02-09T21:00:00Z,483.043688,2024-03-12T20:00:00Z,497.142347,-2678.75,37.3696,-3298.76,984.29,4176.34,31.9583,False,720;1235
AMD,Short,127,2024-03-12T20:00:00Z,200.5,2024-03-13T20:00:00Z,198.62,238.76,10.0978,0.0,725.17,486.41,1.0,True,1195;1236
BX,Long,219,2024-03-12T20:00:00Z,115.380904,2024-03-13T20:00:00Z,114.577017,-176.05,10.109,-176.05,248.9,424.95,1.0,False,1205;1237
CB,Long,105,2024-03-05T21:00:00Z,239.603949,2024-03-13T20:00:00Z,249.48731,1037.75,10.3283,0.0,1212.06,176.34,7.9583,True,1112;1238
ISRG,Long,66,2024-03-12T20:00:00Z,378.9,2024-03-13T20:00:00Z,389.67,710.82,10.1955,0.0,710.82,0.0,1.0,True,1229;1239
LMT,Long,62,2024-03-12T20:00:00Z,405.459451,2024-03-13T20:00:00Z,408.072479,162.01,10.098,0.0,162.01,0.0,1.0,True,1233;1240
MMC,Long,128,2024-03-12T20:00:00Z,197.403064,2024-03-13T20:00:00Z,198.840465,183.99,10.1868,0.0,233.05,49.06,1.0,True,1204;1241
PGR,Short,139,2024-03-12T20:00:00Z,181.110059,2024-03-13T20:00:00Z,183.527924,-336.08,10.1893,-350.14,0.0,350.14,1.0,False,1203;1242
RTX,Long,289,2024-03-12T20:00:00Z,86.792636,2024-03-13T20:00:00Z,86.028532,-220.83,9.9653,-220.83,0.0,220.83,1.0,False,1201;1243
SPY,Short,195,2024-02-09T21:00:00Z,483.043688,2024-03-13T20:00:00Z,500.705745,-3444.1,20.7842,-3444.1,1010.19,4344.78,32.9583,False,720;1253
SPY,Short,13,2024-02-13T21:00:00Z,478.899302,2024-03-13T20:00:00Z,500.705745,-283.48,25.1651,-283.48,13.47,283.48,28.9583,False,746;1253
MU,Long,260,2024-03-13T20:00:00Z,94.421274,2024-03-14T20:00:00Z,92.596133,-474.54,9.5727,-969.71,0.0,969.71,1.0,False,1251;1254
AMT,Long,134,2024-03-06T21:00:00Z,189.211919,2024-03-14T20:00:00Z,184.226387,-668.06,9.9521,-892.8,104.38,997.18,7.9583,False,1134;1255
AXP,Short,115,2024-03-13T20:00:00Z,217.087015,2024-03-14T20:00:00Z,218.20582,-128.66,9.9189,-128.66,298.72,427.38,1.0,False,1248;1256
BKNG,Long,184,2024-03-12T20:00:00Z,137.980067,2024-03-14T20:00:00Z,139.066351,199.88,10.1078,-160.52,199.88,160.52,2.0,True,1231;1257
SHOP,Long,334,2024-03-08T21:00:00Z,76.08,2024-03-14T20:00:00Z,78.68,868.4,10.3259,-370.74,868.4,370.74,5.9583,True,1180;1258
COP,Long,235,2024-03-13T20:00:00Z,108.216952,2024-03-14T20:00:00Z,110.412793,516.02,10.3348,0.0,648.84,132.82,1.0,True,1249;1259
CVS,Long,366,2024-03-12T20:00:00Z,68.816613,2024-03-14T20:00:00Z,67.8636,-348.8,10.0741,-348.8,199.32,548.12,2.0,False,1234;1260
DE,Long,71,2024-02-26T21:00:00Z,350.385114,2024-03-14T20:00:00Z,367.763257,1233.85,10.2035,-127.64,1233.85,235.38,16.9583,True,976;1261
ELV,Long,52,2024-03-12T20:00:00Z,484.339588,2024-03-14T20:00:00Z,486.933376,134.88,10.1147,0.0,225.46,90.58,2.0,True,1202;1262
INTU,Short,39,2024-02-23T21:00:00Z,639.587368,2024-03-14T20:00:00Z,646.681266,-276.66,10.0107,-634.34,497.92,875.46,19.9583,False,942;1263
JPM,Short,144,2024-02-29T21:00:00Z,176.164401,2024-03-14T20:00:00Z,181.259752,-733.73,10.2211,-781.55,50.55,832.11,13.9583,False,1039;1264
LIN,Short,55,2024-03-12T20:00:00Z,450.823419,2024-03-14T20:00:00Z,460.792591,-548.3,10.054,-548.3,0.0,548.3,2.0,False,1197;1265
PM,Short,296,2024-03-12T20:00:00Z,85.639743,2024-03-14T20:00:00Z,85.693991,-16.06,10.0959,-160.57,206.07,222.13,2.0,False,1228;1266
QCOM,Short,155,2024-03-12T20:00:00Z,164.129734,2024-03-14T20:00:00Z,160.987814,487.0,10.0498,0.0,656.2,169.2,2.0,True,1198;1267
SPY,Short,54,2024-02-13T21:00:00Z,478.899302,2024-03-14T20:00:00Z,500.579864,-1170.75,5.3852,-1177.55,55.95,1177.55,29.9583,False,746;1280
CI,Short,76,2024-03-14T20:00:00Z,331.748202,2024-03-15T20:00:00Z,329.38748,179.41,10.1508,-256.1,179.41,256.1,1.0,True,1277;1281
CVX,Long,187,2024-03-05T21:00:00Z,134.122915,2024-03-15T20:00:00Z,140.123981,1122.2,10.2831,-84.25,1157.58,84.25,9.9583,True,1104;1282
DHR,Short,101,2024-03-12T20:00:00Z,249.123664,2024-03-15T20:00:00Z,247.034742,210.98,10.0055,-250.79,322.44,250.79,3.0,True,1227;1283
PUYI,Short,44,2024-03-13T20:00:00Z,576.0,2024-03-15T20:00:00Z,396.0,7920.0,9.2506,0.0,7920.0,6019.2,2.0,True,1246;1284
ETN,Long,88,2024-03-12T20:00:00Z,284.683243,2024-03-15T20:00:00Z,289.155978,393.6,10.1711,0.0,586.56,204.06,3.0,True,1232;1285
GILD,Long,361,2024-03-14T20:00:00Z,69.302703,2024-03-15T20:00:00Z,68.616354,-247.77,9.9042,-344.87,0.0,344.87,1.0,False,1279;1286
IBM,Short,140,2024-03-05T21:00:00Z,178.641946,2024-03-15T20:00:00Z,178.52099,16.93,9.9784,-752.9,121.14,788.07,9.9583,True,1107;1287
MRK,Short,222,2024-03-13T20:00:00Z,113.087773,2024-03-15T20:00:00Z,110.835801,499.94,9.9765,0.0,499.94,207.41,2.0,True,1244;1288
MS,Short,302,2024-03-14T20:00:00Z,82.983725,2024-03-15T20:00:00Z,82.489552,149.24,9.9951,0.0,174.58,25.34,1.0,True,1272;1289
REGN,Long,26,2024-03-14T20:00:00Z,957.266448,2024-03-15T20:00:00Z,947.528345,-253.19,9.9087,-253.19,0.0,253.19,1.0,False,1275;1290
SBUX,Long,289,2024-03-13T20:00:00Z,86.760115,2024-03-15T20:00:00Z,85.793925,-279.23,9.8533,-642.5,0.0,642.5,2.0,False,1252;1291
T,Long,1648,2024-03-12T20:00:00Z,15.299745,2024-03-15T20:00:00Z,14.954837,-568.41,9.9836,-568.41,0.0,568.41,3.0,False,1200;1292
TSLA,Short,148,2024-03-14T20:00:00Z,167.59,2024-03-15T20:00:00Z,162.56,744.44,9.6517,0.0,744.44,0.0,1.0,True,1268;1293
VRTX,Long,59,2024-03-01T21:00:00Z,423.2,2024-03-15T20:00:00Z,409.18,-827.18,9.9173,-915.09,48.97,964.06,13.9583,False,1068;1294
MU,Short,279,2024-03-15T20:00:00Z,91.733159,2024-03-19T20:00:00Z,91.832352,-27.67,10.3642,-420.66,0.0,420.66,4.0,False,1303;1306
ABT,Long,224,2024-03-15T20:00:00Z,107.279714,2024-03-19T20:00:00Z,106.729172,-123.32,9.6786,-123.32,29.77,153.09,4.0,False,1296;1307
AMGN,Short,98,2024-03-14T20:00:00Z,257.024457,2024-03-19T20:00:00Z,250.841164,605.96,9.8859,0.0,725.15,260.22,5.0,True,1271;1308
BSX,Long,376,2024-02-29T21:00:00Z,66.83,2024-03-19T20:00:00Z,67.44,229.36,10.0768,-297.04,372.24,669.28,18.9583,True,1046;1309
LRCX,Long,273,2024-02-23T21:00:00Z,92.63444,2024-03-19T20:00:00Z,89.584629,-832.6,9.9409,-936.95,1266.41,2203.36,24.9583,False,947;1310
CSCO,Short,536,2024-03-12T20:00:00Z,47.377752,2024-03-19T20:00:00Z,46.027317,723.83,9.9738,0.0,799.23,170.91,7.0,True,1226;1311
ABNB,Long,153,2024-03-14T20:00:00Z,165.74,2024-03-19T20:00:00Z,161.49,-650.25,10.0438,-780.3,0.0,780.3,5.0,False,1276;1312
RTX,Long,289,2024-03-15T20:00:00Z,86.964559,2024-03-19T20:00:00Z,90.641809,1062.73,10.3672,0.0,1062.73,0.0,4.0,True,1299;1313
SCHW,Short,393,2024-03-15T20:00:00Z,63.816844,2024-03-19T20:00:00Z,65.423395,-631.37,10.299,-916.63,0.0,916.63,4.0,False,1301;1314
TMO,Short,42,2024-03-14T20:00:00Z,586.068188,2024-03-19T20:00:00Z,576.448808,404.01,9.7266,0.0,455.24,111.21,5.0,True,1269;1315
PEP,Short,167,2024-03-13T20:00:00Z,150.426738,2024-03-19T20:00:00Z,155.893487,-912.95,15.3301,-1019.46,66.95,1086.41,6.0,False,1245;1317
PFE,Short,1054,2024-03-14T20:00:00Z,23.920642,2024-03-19T20:00:00Z,23.428657,518.55,15.0142,0.0,518.55,0.0,5.0,True,1270;1321
UBER,Long,326,2024-03-15T20:00:00Z,77.0,2024-03-19T20:00:00Z,75.38,-528.12,15.1343,-528.12,26.08,554.2,4.0,False,1298;1322
BA,Long,138,2024-03-14T20:00:00Z,182.0,2024-03-19T20:00:00Z,180.11,-260.82,15.0711,-298.08,73.14,371.22,5.0,False,1274;1328
MDT,Short,320,2024-03-13T20:00:00Z,78.619668,2024-03-19T20:00:00Z,76.499012,678.61,14.972,0.0,713.71,157.95,6.0,True,1250;1329
ACN,Long,72,2024-03-19T20:00:00Z,352.027285,2024-03-20T20:00:00Z,356.306393,308.1,10.295,0.0,471.64,163.55,1.0,True,1316;1332
BKNG,Short,187,2024-03-19T20:00:00Z,135.309993,2024-03-20T20:00:00Z,137.50254,-410.01,10.3794,-911.14,0.0,911.14,1.0,False,1327;1334
CAT,Short,76,2024-03-15T20:00:00Z,330.283827,2024-03-20T20:00:00Z,339.936266,-733.59,10.3514,-1125.76,0.0,1125.76,5.0,False,1297;1335
INTC,Short,569,2024-03-12T20:00:00Z,44.535447,2024-03-20T20:00:00Z,42.556094,1126.25,9.8479,0.0,1661.22,534.97,8.0,True,1199;1336
NEE,Long,455,2024-03-14T20:00:00Z,55.029246,2024-03-20T20:00:00Z,57.18835,982.39,10.31,0.0,1299.98,317.58,6.0,True,1273;1340
UBER,Short,334,2024-03-19T20:00:00Z,75.38,2024-03-20T20:00:00Z,77.09,-571.14,10.4119,-1088.84,0.0,1088.84,1.0,False,1322;1352
C,Long,484,2024-03-04T21:00:00Z,51.694471,2024-03-20T20:00:00Z,54.567941,1390.76,15.6725,0.0,2131.29,740.53,15.9583,True,1088;1359
MDT,Long,330,2024-03-19T20:00:00Z,76.499012,2024-03-20T20:00:00Z,76.553857,18.1,10.1247,0.0,105.58,87.48,1.0,True,1329;1360
BA,Short,140,2024-03-19T20:00:00Z,180.11,2024-03-20T20:00:00Z,179.0,155.4,10.4781,-1073.8,155.4,1073.8,1.0,True,1328;1361
ADBE,Short,49,2024-03-19T20:00:00Z,508.99,2024-03-20T20:00:00Z,523.29,-700.7,10.1952,-700.7,0.0,700.7,1.0,False,1318;1367
AMD,Short,135,2024-03-15T20:00:00Z,184.48,2024-03-20T20:00:00Z,181.81,360.45,10.0113,-832.95,641.25,832.95,5.0,True,1295;1368
BLK,Long,32,2024-03-12T20:00:00Z,786.487316,2024-03-20T20:00:00Z,761.844451,-788.57,9.9897,-905.6,0.0,905.6,8.0,False,1230;1369
BMY,Long,569,2024-02-21T21:00:00Z,44.304716,2024-03-20T20:00:00Z,45.813189,858.32,10.3796,0.0,2256.88,1418.75,27.9583,True,864;1370
HD,Short,71,2024-03-08T21:00:00Z,351.632625,2024-03-20T20:00:00Z,355.777202,-294.26,10.0897,-626.48,231.68,858.16,11.9583,False,1171;1371
INTU,Short,40,2024-03-19T20:00:00Z,618.756393,2024-03-20T20:00:00Z,622.371929,-144.62,9.9879,-319.42,0.0,319.42,1.0,False,1320;1372
ISRG,Short,64,2024-03-19T20:00:00Z,391.99,2024-03-20T20:00:00Z,390.39,102.4,9.9955,0.0,103.68,1.28,1.0,True,1324;1373
MMC,Short,127,2024-03-19T20:00:00Z,199.022536,2024-03-20T20:00:00Z,198.236756,99.79,10.0556,0.0,150.91,51.11,1.0,True,1331;1374
NFLX,Long,417,2024-03-01T21:00:00Z,59.981,2024-03-20T20:00:00Z,61.995,839.84,10.4002,-88.4,1162.6,756.44,18.9583,True,1061;1375
PEP,Long,162,2024-03-19T20:00:00Z,155.893487,2024-03-20T20:00:00Z,156.986838,177.12,5.0734,0.0,177.12,0.0,1.0,True,1317;1376
PGR,Long,133,2024-03-19T20:00:00Z,190.790713,2024-03-20T20:00:00Z,188.464782,-309.35,10.0559,-309.35,0.0,309.35,1.0,False,1326;1377
PLD,Long,212,2024-03-15T20:00:00Z,117.65,2024-03-20T20:00:00Z,117.08849,-119.04,10.0587,-119.04,173.68,292.72,5.0,False,1300;1378
T,Long,1653,2024-03-19T20:00:00Z,15.299745,2024-03-20T20:00:00Z,15.131713,-277.76,10.0519,-277.76,0.0,277.76,1.0,False,1325;1379
TMUS,Short,161,2024-03-13T20:00:00Z,156.378479,2024-03-20T20:00:00Z,153.138066,521.71,9.9815,0.0,521.71,64.45,7.0,True,1247;1380
WFC,Long,463,2024-03-19T20:00:00Z,54.526641,2024-03-20T20:00:00Z,53.487499,-481.12,9.9995,-481.12,0.0,481.12,1.0,False,1319;1381
XOM,Short,256,2024-03-07T21:00:00Z,98.384743,2024-03-20T20:00:00Z,104.033098,-1445.98,10.411,-1531.04,0.0,1531.04,12.9583,False,1154;1382
AXP,Long,117,2024-03-20T20:00:00Z,215.481774,2024-03-21T20:00:00Z,222.89507,867.36,10.4044,0.0,868.49,1.14,1.0,True,1351;1391
BA,Long,139,2024-03-20T20:00:00Z,179.0,2024-03-21T20:00:00Z,189.49,1458.11,5.2181,0.0,1458.11,0.0,1.0,True,1361;1392
C,Short,461,2024-03-20T20:00:00Z,54.567941,2024-03-21T20:00:00Z,56.265901,-782.76,5.2755,-1221.45,0.0,1221.45,1.0,False,1359;1393
CB,Long,101,2024-03-20T20:00:00Z,249.917575,2024-03-21T20:00:00Z,249.443072,-47.92,10.0705,-173.12,0.0,173.12,1.0,False,1363;1394
DIS,Long,227,2024-03-20T20:00:00Z,111.483794,2024-03-21T20:00:00Z,113.905875,549.81,10.2958,0.0,549.81,0.0,1.0,True,1349;1395
ELV,Long,51,2024-03-20T20:00:00Z,491.70939,2024-03-21T20:00:00Z,491.316972,-20.01,10.0454,-20.01,45.4,65.41,1.0,False,1387;1396
ETN,Long,86,2024-03-20T20:00:00Z,295.491543,2024-03-21T20:00:00Z,302.428648,596.59,10.4354,0.0,914.49,317.9,1.0,True,1358;1397
GILD,Long,371,2024-03-20T20:00:00Z,67.95783,2024-03-21T20:00:00Z,68.542154,216.78,10.1214,-61.94,216.78,61.94,1.0,True,1389;1398
INTC,Long,608,2024-03-20T20:00:00Z,42.556094,2024-03-21T20:00:00Z,42.556094,0.0,10.1836,-349.0,0.0,349.0,1.0,False,1384;1399
LMT,Long,61,2024-03-20T20:00:00Z,409.30875,2024-03-21T20:00:00Z,413.364094,247.38,10.0958,0.0,350.21,102.84,1.0,True,1388;1400
MS,Short,308,2024-03-19T20:00:00Z,82.051323,2024-03-21T20:00:00Z,85.780929,-1148.72,10.443,-1550.77,0.0,1550.77,2.0,False,1323;1401
UBER,Long,328,2024-03-20T20:00:00Z,77.09,2024-03-21T20:00:00Z,79.6,823.28,5.2644,0.0,1036.48,213.2,1.0,True,1352;1402
PG,Long,167,2024-03-20T20:00:00Z,151.607678,2024-03-21T20:00:00Z,151.560889,-7.81,10.1221,-23.44,0.0,23.44,1.0,False,1347;1403
RTX,Long,279,2024-03-20T20:00:00Z,90.737321,2024-03-21T20:00:00Z,90.737321,0.0,10.0789,-197.2,0.0,197.2,1.0,False,1356;1404
SCHW,Long,382,2024-03-20T20:00:00Z,66.168602,2024-03-21T20:00:00Z,67.736441,598.91,10.464,0.0,1286.56,687.64,1.0,True,1386;1405
SYK,Short,72,2024-03-20T20:00:00Z,348.531109,2024-03-21T20:00:00Z,345.650364,207.41,9.9376,0.0,239.05,31.64,1.0,True,1354;1406
TMO,Short,43,2024-03-20T20:00:00Z,576.220719,2024-03-21T20:00:00Z,575.179446,44.77,9.9287,-131.34,44.77,131.34,1.0,True,1348;1407
TXN,Long,162,2024-03-20T20:00:00Z,155.961277,2024-03-21T20:00:00Z,161.32863,869.51,10.3606,0.0,869.51,0.0,1.0,True,1385;1408
PANW,Long,180,2024-03-20T20:00:00Z,140.885,2024-03-21T20:00:00Z,141.855,174.6,10.255,0.0,527.4,352.8,1.0,True,1365;1409
MDT,Short,329,2024-03-20T20:00:00Z,76.553857,2024-03-21T20:00:00Z,77.021697,-153.92,10.132,-153.92,0.0,153.92,1.0,False,1360;1421
SPY,Short,196,2024-02-13T21:00:00Z,478.899302,2024-03-21T20:00:00Z,508.322466,-5766.94,26.9844,-5766.94,203.07,5766.94,36.9583,False,746;1427
SPY,Short,32,2024-02-13T21:00:00Z,478.899302,2024-03-21T20:00:00Z,508.322466,-941.54,3.0619,-941.54,33.16,941.54,36.9583,False,771;1427
SPY,Short,38,2024-03-04T21:00:00Z,495.835123,2024-03-21T20:00:00Z,508.322466,-474.52,14.2867,-474.52,682.93,654.08,16.9583,False,1094;1427
ACN,Long,70,2024-03-21T20:00:00Z,347.82358,2024-03-22T20:00:00Z,330.198181,-1233.78,9.0063,-2080.27,0.0,2080.27,1.0,False,1412;1428
BLK,Short,32,2024-03-21T20:00:00Z,780.243698,2024-03-22T20:00:00Z,796.624903,-524.2,10.1074,-524.2,0.0,524.2,1.0,False,1418;1429
LRCX,Long,277,2024-03-20T20:00:00Z,90.761788,2024-03-22T20:00:00Z,96.520163,1595.07,10.4635,0.0,1595.07,126.79,2.0,True,1357;1430
CAT,Short,73,2024-03-21T20:00:00Z,346.568083,2024-03-22T20:00:00Z,352.657736,-444.54,10.2149,-444.54,0.0,444.54,1.0,False,1415;1431
SHOP,Short,311,2024-03-21T20:00:00Z,81.83,2024-03-22T20:00:00Z,79.06,861.47,9.8469,0.0,967.21,105.74,1.0,True,1424;1432
CI,Short,75,2024-03-21T20:00:00Z,337.078867,2024-03-22T20:00:00Z,336.660029,31.41,10.0735,0.0,166.35,134.93,1.0,True,1425;1433
CVS,Long,365,2024-03-15T20:00:00Z,68.616934,2024-03-22T20:00:00Z,71.267218,967.35,10.3282,0.0,1119.74,235.21,7.0,True,1304;1434
DE,Long,69,2024-03-15T20:00:00Z,365.733552,2024-03-22T20:00:00Z,385.131735,1338.47,10.4337,0.0,1364.48,26.01,7.0,True,1302;1435
GS,Long,68,2024-02-09T21:00:00Z,362.844959,2024-03-22T20:00:00Z,394.125707,2127.09,10.1826,-431.56,2127.09,936.23,41.9583,True,714;1436
HON,Long,135,2024-02-27T21:00:00Z,186.466626,2024-03-22T20:00:00Z,189.257106,376.71,10.0877,-278.76,513.64,792.41,23.9583,True,994;1437
IBM,Short,140,2024-03-20T20:00:00Z,179.451417,2024-03-22T20:00:00Z,178.641946,113.33,10.0248,0.0,264.43,151.1,2.0,True,1350;1438
JNJ,Short,173,2024-03-20T20:00:00Z,145.196851,2024-03-22T20:00:00Z,145.206178,-1.61,10.0357,-11.29,72.61,74.22,2.0,False,1383;1439
MCD,Long,94,2024-03-21T20:00:00Z,267.733647,2024-03-22T20:00:00Z,267.620719,-10.62,10.0165,-165.42,0.0,165.42,1.0,False,1413;1440
MDT,Long,330,2024-03-21T20:00:00Z,77.021697,2024-03-22T20:00:00Z,77.141511,39.54,5.0536,-149.03,39.54,149.03,1.0,True,1421;1441
PFE,Long,1076,2024-03-19T20:00:00Z,23.428657,2024-03-22T20:00:00Z,23.284454,-155.16,4.9944,-237.31,73.02,310.32,3.0,False,1321;1442
PLD,Short,214,2024-03-21T20:00:00Z,118.717788,2024-03-22T20:00:00Z,119.850011,-242.3,10.1847,-242.3,68.95,311.24,1.0,False,1420;1443
PM,Short,295,2024-03-21T20:00:00Z,85.89316,2024-03-22T20:00:00Z,84.756473,335.32,9.9017,0.0,762.59,427.27,1.0,True,1416;1444
KLAC,Long,378,2024-03-20T20:00:00Z,66.746189,2024-03-22T20:00:00Z,69.324145,974.47,10.4347,0.0,1223.0,248.53,2.0,True,1364;1445
REGN,Long,26,2024-03-19T20:00:00Z,956.087573,2024-03-22T20:00:00Z,963.903812,203.22,9.9468,0.0,203.22,19.83,3.0,True,1330;1446
MU,Long,265,2024-03-21T20:00:00Z,112.464377,2024-03-22T20:00:00Z,108.427245,-1069.84,16.6633,-1069.84,0.0,1069.84,1.0,False,1422;1461
SPY,Short,106,2024-03-04T21:00:00Z,495.835123,2024-03-22T20:00:00Z,507.147165,-1199.08,22.9844,-1323.66,1905.02,1824.55,17.9583,False,1094;1466
SPY,Short,46,2024-03-06T21:00:00Z,494.363285,2024-03-22T20:00:00Z,507.147165,-588.06,4.5411,-642.12,759.0,642.12,15.9583,False,1136;1466
SPY,Short,75,2024-03-15T20:00:00Z,495.588421,2024-03-22T20:00:00Z,507.147165,-866.91,8.9138,-955.05,1329.39,955.05,7.0,False,1305;1466
BKNG,Short,177,2024-03-22T20:00:00Z,142.003197,2024-03-26T20:00:00Z,142.944539,-166.62,10.1036,-250.38,0.0,250.38,4.0,False,1459;1467
HD,Long,70,2024-03-21T20:00:00Z,364.207008,2024-03-26T20:00:00Z,358.580886,-393.83,10.1756,-556.61,122.74,679.35,5.0,False,1410;1468
LOW,Short,102,2024-03-22T20:00:00Z,248.493898,2024-03-26T20:00:00Z,241.048602,759.42,9.9039,0.0,930.34,170.92,4.0,True,1455;1469
MDLZ,Long,384,2024-03-06T21:00:00Z,65.908439,2024-03-26T20:00:00Z,65.592954,-121.15,10.095,-352.75,488.15,840.9,19.9583,False,1135;1470
ABNB,Long,151,2024-03-22T20:00:00Z,167.0,2024-03-26T20:00:00Z,169.69,406.19,10.1245,0.0,406.19,90.6,4.0,True,1464;1471
NEE,Short,445,2024-03-22T20:00:00Z,57.914256,2024-03-26T20:00:00Z,58.305129,-173.94,10.2052,-173.94,331.31,505.25,4.0,False,1458;1472
NOW,Short,167,2024-03-20T20:00:00Z,152.124,2024-03-26T20:00:00Z,155.798,-613.56,10.3281,-613.56,0.0,613.56,6.0,False,1353;1473
PGR,Short,134,2024-03-21T20:00:00Z,188.005112,2024-03-26T20:00:00Z,189.191061,-158.92,10.1071,-187.25,0.0,187.25,5.0,False,1419;1474
PUYI,Short,49,2024-03-22T20:00:00Z,470.358,2024-03-26T20:00:00Z,538.2,-3324.26,10.1842,-3324.26,0.0,3324.26,4.0,False,1452;1475
SBUX,Short,291,2024-03-21T20:00:00Z,86.891442,2024-03-26T20:00:00Z,85.343662,450.4,9.9373,0.0,619.65,169.24,5.0,True,1423;1476
TJX,Long,263,2024-03-04T21:00:00Z,95.078041,2024-03-26T20:00:00Z,95.165215,22.93,10.0491,-611.38,336.26,613.93,21.9583,True,1085;1477
ADI,Long,136,2024-03-07T21:00:00Z,186.573706,2024-03-27T20:00:00Z,183.683779,-393.03,10.2599,-618.37,723.18,1341.54,19.9583,False,1159;1488
AMAT,Short,122,2024-03-22T20:00:00Z,204.442771,2024-03-27T20:00:00Z,204.001507,53.83,10.0072,0.0,217.73,163.9,5.0,True,1453;1490
BX,Long,216,2024-03-14T20:00:00Z,116.425033,2024-03-27T20:00:00Z,119.668302,700.55,10.2064,-512.94,1129.66,758.43,13.0,True,1278;1491
AMGN,Short,98,2024-03-22T20:00:00Z,257.665069,2024-03-27T20:00:00Z,263.885499,-609.6,15.3388,-797.94,0.0,797.94,5.0,False,1456;1499
MU,Short,233,2024-03-22T20:00:00Z,108.427245,2024-03-27T20:00:00Z,118.336569,-2308.87,5.5122,-2308.87,0.0,2308.87,5.0,False,1461;1509
ADP,Short,108,2024-03-22T20:00:00Z,234.804582,2024-03-27T20:00:00Z,231.384643,369.35,10.0371,0.0,647.63,417.93,5.0,True,1465;1510
BSX,Long,375,2024-03-21T20:00:00Z,67.43,2024-03-27T20:00:00Z,68.26,311.25,10.2135,-52.5,446.25,135.0,6.0,True,1426;1511
CVS,Long,352,2024-03-26T20:00:00Z,70.994928,2024-03-27T20:00:00Z,72.202078,424.92,10.1437,0.0,424.92,0.0,1.0,True,1485;1512
ELV,Short,51,2024-03-22T20:00:00Z,495.279437,2024-03-27T20:00:00Z,497.700944,-123.5,10.0927,-123.5,347.06,470.56,5.0,False,1462;1513
IBM,Short,143,2024-03-26T20:00:00Z,176.064663,2024-03-27T20:00:00Z,176.408921,-49.23,10.0933,-208.89,0.0,208.89,1.0,False,1479;1514
INTU,Long,39,2024-03-22T20:00:00Z,636.373559,2024-03-27T20:00:00Z,632.787417,-139.86,9.8779,-397.03,0.0,397.03,5.0,False,1451;1515
LMT,Long,60,2024-03-26T20:00:00Z,418.178059,2024-03-27T20:00:00Z,419.470524,77.55,10.1461,0.0,577.68,500.13,1.0,True,1484;1516
MS,Long,297,2024-03-26T20:00:00Z,85.240136,2024-03-27T20:00:00Z,85.808901,168.92,10.234,0.0,576.0,407.08,1.0,True,1480;1517
RTX,Short,276,2024-03-26T20:00:00Z,91.339053,2024-03-27T20:00:00Z,92.103157,-210.89,10.2025,-479.78,0.0,479.78,1.0,False,1481;1518
SPGI,Long,64,2024-03-21T20:00:00Z,396.23439,2024-03-27T20:00:00Z,392.164029,-260.5,10.104,-526.35,0.0,526.35,6.0,False,1417;1519
TXN,Long,157,2024-03-22T20:00:00Z,160.301832,2024-03-27T20:00:00Z,157.753506,-400.09,10.1224,-559.83,167.07,567.16,5.0,False,1454;1520
V,Long,91,2024-03-12T20:00:00Z,276.262597,2024-03-27T20:00:00Z,275.026084,-112.52,10.0545,-222.37,791.23,1013.6,15.0,False,1194;1521
TSLA,Short,147,2024-03-20T20:00:00Z,173.0,2024-03-27T20:00:00Z,181.32,-1223.04,15.5226,-1223.04,318.99,1542.03,7.0,False,1346;1522
UPS,Long,191,2024-03-20T20:00:00Z,131.577661,2024-03-27T20:00:00Z,124.115073,-1425.35,15.0734,-1464.86,638.61,2103.47,7.0,False,1355;1529
SPY,Short,15,2024-03-15T20:00:00Z,495.588421,2024-03-27T20:00:00Z,506.710069,-166.82,15.4483,-191.01,265.88,191.01,12.0,False,1305;1531
SPY,Short,137,2024-03-20T20:00:00Z,501.008403,2024-03-27T20:00:00Z,506.710069,-781.13,42.4666,-1002.03,3170.89,1002.03,7.0,False,1366;1531
SHOP,Short,320,2024-03-27T20:00:00Z,79.35,2024-03-28T20:00:00Z,78.8,176.0,9.9706,0.0,697.6,521.6,1.0,True,1506;1532
COP,Short,215,2024-03-27T20:00:00Z,116.41661,2024-03-28T20:00:00Z,118.59392,-468.12,10.1242,-468.12,0.0,468.12,1.0,False,1500;1533
ANET,Long,337,2024-03-27T20:00:00Z,74.0375,2024-03-28T20:00:00Z,71.925,-711.91,9.7471,-711.91,0.0,711.91,1.0,False,1507;1534
NKE,Short,289,2024-03-27T20:00:00Z,87.570076,2024-03-28T20:00:00Z,88.63136,-306.71,10.2116,-306.71,0.0,306.71,1.0,False,1528;1535
ORCL,Short,228,2024-03-12T20:00:00Z,122.109783,2024-03-28T20:00:00Z,121.277985,189.65,11.1651,-659.36,216.11,820.35,16.0,True,1196;1536
PUYI,Long,48,2024-03-27T20:00:00Z,521.4,2024-03-28T20:00:00Z,511.2,-489.6,10.4342,-489.6,1569.6,2059.2,1.0,False,1497;1537
SCHW,Short,366,2024-03-27T20:00:00Z,69.101041,2024-03-28T20:00:00Z,70.068843,-354.22,10.2524,-354.22,0.0,354.22,1.0,False,1502;1538
SYK,Long,73,2024-03-22T20:00:00Z,345.113276,2024-03-28T20:00:00Z,350.982798,428.48,10.1413,-216.0,436.33,216.0,6.0,True,1457;1539
TSLA,Long,141,2024-03-27T20:00:00Z,181.32,2024-03-28T20:00:00Z,177.47,-542.85,4.9573,-779.73,0.0,779.73,1.0,False,1522;1540
VRTX,Long,60,2024-03-20T20:00:00Z,414.33,2024-03-28T20:00:00Z,419.48,309.0,9.9614,0.0,309.0,68.4,8.0,True,1362;1541
JPM,Short,135,2024-03-27T20:00:00Z,186.449988,2024-03-28T20:00:00Z,189.287064,-383.01,15.2605,-486.76,0.0,486.76,1.0,False,1523;1542
ADI,Long,134,2024-03-28T20:00:00Z,186.920498,2024-04-02T20:00:00Z,188.057203,152.32,10.1374,0.0,333.04,224.61,5.0,True,1550;1552
AMAT,Short,122,2024-03-28T20:00:00Z,203.619077,2024-04-02T20:00:00Z,202.569848,128.01,9.8658,-124.42,184.23,124.42,5.0,True,1545;1553
AMGN,Long,96,2024-03-27T20:00:00Z,263.885499,2024-04-02T20:00:00Z,263.059203,-79.32,4.9236,-714.81,8.02,722.83,6.0,False,1499;1554
DHR,Long,102,2024-03-27T20:00:00Z,246.415707,2024-04-02T20:00:00Z,241.671063,-483.95,9.955,-483.95,0.0,483.95,6.0,False,1498;1555
GS,Long,65,2024-03-27T20:00:00Z,389.016319,2024-04-02T20:00:00Z,390.079983,69.14,10.1905,0.0,498.17,465.45,6.0,True,1501;1556
LIN,Long,56,2024-03-22T20:00:00Z,450.268543,2024-04-02T20:00:00Z,447.790018,-138.8,10.0811,-208.2,144.22,352.42,11.0,False,1449;1557
PLD,Short,215,2024-03-26T20:00:00Z,116.131163,2024-04-02T20:00:00Z,116.793928,-142.49,9.9239,-803.51,114.79,803.51,7.0,False,1483;1558
UNP,Short,110,2024-03-27T20:00:00Z,229.138922,2024-04-02T20:00:00Z,229.224075,-9.37,10.1404,-390.29,0.0,390.29,6.0,False,1527;1559
VZ,Short,724,2024-03-27T20:00:00Z,34.94909,2024-04-02T20:00:00Z,35.90881,-694.84,10.3402,-854.71,0.0,854.71,6.0,False,1525;1560
V,Short,91,2024-03-28T20:00:00Z,273.298891,2024-04-02T20:00:00Z,272.818024,43.76,14.9309,0.0,43.76,14.29,5.0,True,1543;1561
V,Long,91,2024-04-02T20:00:00Z,272.818024,2024-04-03T20:00:00Z,273.946588,102.7,9.8934,-92.88,102.7,92.88,1.0,True,1561;1573
SPY,Short,189,2024-03-20T20:00:00Z,501.008403,2024-04-03T20:00:00Z,502.912196,-359.82,19.0707,-1382.36,4374.44,1382.36,14.0,False,1366;1578
AMD,Long,141,2024-03-21T20:00:00Z,186.12,2024-04-03T20:00:00Z,177.63,-1197.09,10.1365,-1197.09,0.0,1197.09,13.0,False,1411;1579
COP,Short,209,2024-04-02T20:00:00Z,120.002223,2024-04-03T20:00:00Z,121.290079,-269.16,10.1584,-408.58,0.0,408.58,1.0,False,1566;1580
HD,Long,70,2024-03-27T20:00:00Z,357.118094,2024-04-03T20:00:00Z,339.442694,-1237.28,9.7904,-1375.12,180.5,1555.62,7.0,False,1524;1581
INTC,Long,577,2024-03-28T20:00:00Z,43.318145,2024-04-03T20:00:00Z,40.942921,-1370.5,9.6506,-1964.39,428.28,2392.67,6.0,False,1544;1582
ISRG,Short,62,2024-03-28T20:00:00Z,401.45,2024-04-03T20:00:00Z,383.77,1096.16,9.7031,0.0,1183.58,87.42,6.0,True,1548;1583
PGR,Short,133,2024-03-27T20:00:00Z,188.611876,2024-04-03T20:00:00Z,193.4202,-639.51,10.198,-698.23,0.0,698.23,7.0,False,1530;1584
KLAC,Long,365,2024-03-28T20:00:00Z,68.385992,2024-04-03T20:00:00Z,67.729482,-239.63,10.0013,-239.63,501.82,741.44,6.0,False,1551;1585
QCOM,Long,159,2024-03-21T20:00:00Z,162.069925,2024-04-03T20:00:00Z,161.367502,-111.69,10.4067,-553.9,478.44,590.12,13.0,False,1414;1586
TSLA,Short,142,2024-04-02T20:00:00Z,164.75,2024-04-03T20:00:00Z,164.11,90.88,9.5143,-515.46,90.88,515.46,1.0,True,1562;1587
UPS,Short,202,2024-03-27T20:00:00Z,124.115073,2024-04-03T20:00:00Z,130.552201,-1300.3,5.3011,-1434.33,0.0,1434.33,7.0,False,1529;1588
WFC,Long,465,2024-03-22T20:00:00Z,54.611662,2024-04-03T20:00:00Z,54.03541,-267.96,10.0383,-496.38,65.89,496.38,12.0,False,1450;1589
ABBV,Short,150,2024-04-03T20:00:00Z,165.82539,2024-04-04T20:00:00Z,163.31567,376.46,9.5212,0.0,1720.95,1344.49,1.0,True,1575;1601
AVGO,Long,200,2024-03-12T20:00:00Z,127.107501,2024-04-04T20:00:00Z,135.297984,1638.1,10.1725,-1390.69,1638.1,1390.69,23.0,True,1225;1602
COST,Short,35,2024-04-03T20:00:00Z,700.13563,2024-04-04T20:00:00Z,699.642563,17.26,9.7371,0.0,176.02,158.77,1.0,True,1590;1603
DE,Short,63,2024-03-28T20:00:00Z,396.365378,2024-04-04T20:00:00Z,398.392897,-127.73,9.9968,-127.73,279.91,407.65,7.0,False,1549;1604
DIS,Long,217,2024-03-26T20:00:00Z,116.366864,2024-04-04T20:00:00Z,115.919412,-97.1,10.009,-525.59,688.12,1213.72,9.0,False,1478;1605
MDLZ,Long,386,2024-03-27T20:00:00Z,65.39592,2024-04-04T20:00:00Z,63.995579,-540.53,9.9681,-749.54,0.0,749.54,8.0,False,1508;1606
MS,Long,286,2024-04-02T20:00:00Z,86.685358,2024-04-04T20:00:00Z,87.832212,328.0,9.8661,-184.0,328.0,192.0,2.0,True,1565;1607
PFE,Long,1074,2024-03-27T20:00:00Z,23.547412,2024-04-04T20:00:00Z,23.165699,-409.96,9.9174,-1011.23,0.0,1011.23,8.0,False,1526;1608
PG,Long,166,2024-04-03T20:00:00Z,150.25078,2024-04-04T20:00:00Z,146.807065,-571.66,9.6809,-793.8,0.0,793.8,1.0,False,1574;1609
PLD,Short,216,2024-04-03T20:00:00Z,115.12781,2024-04-04T20:00:00Z,118.045818,-630.29,9.9725,-630.29,75.56,705.84,1.0,False,1576;1610
PUYI,Long,45,2024-04-02T20:00:00Z,517.8,2024-04-04T20:00:00Z,570.0,2349.0,9.7389,0.0,2349.0,189.0,2.0,True,1563;1611
VZ,Short,693,2024-04-03T20:00:00Z,36.163603,2024-04-04T20:00:00Z,36.520313,-247.2,10.0399,-247.2,76.51,323.71,1.0,False,1592;1612
V,Short,91,2024-04-03T20:00:00Z,273.946588,2024-04-04T20:00:00Z,273.092805,77.69,9.7877,0.0,459.91,382.22,1.0,True,1573;1613
COP,Long,204,2024-04-04T20:00:00Z,122.420427,2024-04-08T20:00:00Z,123.921381,306.19,9.9861,0.0,306.19,207.91,4.0,True,1619;1633
ADBE,Long,49,2024-03-22T20:00:00Z,509.07,2024-04-08T20:00:00Z,484.78,-1190.21,9.6412,-1214.71,0.0,1214.71,17.0,False,1448;1651
ADP,Long,108,2024-04-04T20:00:00Z,231.965564,2024-04-08T20:00:00Z,228.967261,-323.82,9.879,-323.82,0.0,323.82,4.0,False,1625;1652
AMGN,Short,97,2024-04-03T20:00:00Z,255.956771,2024-04-08T20:00:00Z,250.191268,559.25,9.7914,0.0,684.43,167.51,5.0,True,1593;1653
BA,Short,134,2024-03-27T20:00:00Z,188.84,2024-04-08T20:00:00Z,182.14,897.8,10.0101,-556.1,975.52,556.1,12.0,True,1505;1654
BLK,Short,32,2024-03-26T20:00:00Z,776.3971,2024-04-08T20:00:00Z,759.390586,544.21,9.8444,-474.48,830.11,474.48,13.0,True,1482;1655
CVX,Long,173,2024-04-03T20:00:00Z,144.25985,2024-04-08T20:00:00Z,145.656494,241.62,10.0299,0.0,241.62,51.44,5.0,True,1591;1656
ELV,Short,50,2024-04-02T20:00:00Z,482.329642,2024-04-08T20:00:00Z,483.497325,-58.38,9.6594,-290.01,255.55,545.56,6.0,False,1567;1657
JNJ,Long,173,2024-04-04T20:00:00Z,144.851766,2024-04-08T20:00:00Z,141.755328,-535.68,9.813,-600.22,0.0,600.22,4.0,False,1614;1658
MDT,Short,318,2024-04-03T20:00:00Z,78.772819,2024-04-08T20:00:00Z,77.657631,354.63,9.8423,0.0,750.29,395.66,5.0,True,1595;1659
KLAC,Long,363,2024-04-04T20:00:00Z,69.309425,2024-04-08T20:00:00Z,67.549899,-638.71,9.7147,-834.99,0.0,834.99,4.0,False,1627;1660
REGN,Long,26,2024-04-04T20:00:00Z,953.204777,2024-04-08T20:00:00Z,930.380169,-593.44,9.6614,-610.95,0.0,610.95,4.0,False,1624;1661
RTX,Short,267,2024-04-04T20:00:00Z,93.870147,2024-04-08T20:00:00Z,97.127139,-869.62,10.2615,-918.07,0.0,918.07,4.0,False,1620;1662
TJX,Short,259,2024-04-03T20:00:00Z,96.288794,2024-04-08T20:00:00Z,93.441102,737.55,9.7091,0.0,918.18,265.92,5.0,True,1577;1663
TXN,Long,155,2024-03-28T20:00:00Z,162.010051,2024-04-08T20:00:00Z,156.456007,-860.88,9.9448,-876.79,0.0,876.79,11.0,False,1547;1664
CSCO,Long,543,2024-04-08T20:00:00Z,45.561891,2024-04-09T20:00:00Z,46.176442,333.7,10.088,0.0,934.36,600.66,1.0,True,1669;1676
IBM,Short,141,2024-04-02T20:00:00Z,175.980925,2024-04-09T20:00:00Z,177.274218,-182.35,9.923,-230.89,157.43,339.78,7.0,False,1564;1677
LOW,Long,109,2024-04-08T20:00:00Z,226.84351,2024-04-09T20:00:00Z,232.108534,573.89,10.1075,0.0,636.15,62.27,1.0,True,1671;1678
MDLZ,Long,392,2024-04-08T20:00:00Z,63.482121,2024-04-09T20:00:00Z,63.416772,-25.62,9.9145,-51.23,0.0,51.23,1.0,False,1649;1679
MMC,Long,126,2024-04-08T20:00:00Z,197.557144,2024-04-09T20:00:00Z,197.095562,-58.16,9.9019,-134.49,0.0,134.49,1.0,False,1673;1680
NFLX,Long,391,2024-04-08T20:00:00Z,63.639,2024-04-09T20:00:00Z,63.199,-172.04,9.7485,-711.23,0.0,711.23,1.0,False,1641;1681
ADI,Long,133,2024-04-03T20:00:00Z,185.581498,2024-04-10T20:00:00Z,193.027877,990.37,10.0367,-89.68,1469.54,998.06,7.0,True,1596;1689
BX,Long,214,2024-04-03T20:00:00Z,116.08315,2024-04-10T20:00:00Z,118.32849,480.5,9.9917,0.0,1259.59,1170.61,7.0,True,1597;1690
CB,Long,100,2024-04-04T20:00:00Z,247.235183,2024-04-10T20:00:00Z,240.543729,-669.15,9.6882,-707.88,0.0,707.88,6.0,False,1623;1691
FISV,Long,158,2024-04-03T20:00:00Z,158.48,2024-04-10T20:00:00Z,153.71,-753.66,9.8421,-753.66,0.0,753.66,7.0,False,1599;1692
LIN,Long,55,2024-04-04T20:00:00Z,447.906199,2024-04-10T20:00:00Z,438.263189,-530.37,9.6652,-660.83,85.73,746.56,6.0,False,1616;1693
LLY,Short,32,2024-04-08T20:00:00Z,771.783699,2024-04-10T20:00:00Z,738.612593,1061.48,9.6852,0.0,1061.48,149.12,2.0,True,1666;1694
MRK,Long,213,2024-04-09T20:00:00Z,117.08893,2024-04-10T20:00:00Z,116.34429,-158.61,9.9878,-158.61,33.49,192.1,1.0,False,1682;1695
ABNB,Long,154,2024-04-08T20:00:00Z,160.17,2024-04-10T20:00:00Z,159.63,-83.16,9.8729,-83.16,383.46,466.62,2.0,False,1648;1696
UBER,Long,320,2024-03-28T20:00:00Z,77.9,2024-04-10T20:00:00Z,74.4,-1120.0,9.6858,-1136.0,0.0,1136.0,13.0,False,1546;1697
PLD,Short,217,2024-04-08T20:00:00Z,115.265887,2024-04-10T20:00:00Z,112.108548,685.14,9.8593,-207.74,918.85,233.71,2.0,True,1672;1698
PUYI,Long,47,2024-04-08T20:00:00Z,542.4,2024-04-10T20:00:00Z,529.86,-589.38,9.9377,-648.6,0.0,648.6,2.0,False,1642;1699
SBUX,Long,305,2024-04-08T20:00:00Z,81.469521,2024-04-10T20:00:00Z,80.972355,-151.64,9.9072,-257.49,80.11,337.6,2.0,False,1674;1700
SYK,Short,72,2024-04-09T20:00:00Z,343.651897,2024-04-10T20:00:00Z,340.715621,211.41,9.8411,0.0,266.38,54.97,1.0,True,1686;1701
TXN,Long,157,2024-04-09T20:00:00Z,159.601743,2024-04-10T20:00:00Z,158.56561,-162.67,10.0353,-301.9,0.0,301.9,1.0,False,1685;1702
V,Long,91,2024-04-04T20:00:00Z,273.092805,2024-04-10T20:00:00Z,270.286116,-255.41,4.9024,-339.35,0.0,339.35,6.0,False,1613;1703
VZ,Short,704,2024-04-09T20:00:00Z,35.437375,2024-04-10T20:00:00Z,35.048997,273.42,9.8868,0.0,328.1,54.68,1.0,True,1684;1704
SPY,Short,75,2024-03-20T20:00:00Z,501.008403,2024-04-10T20:00:00Z,498.784074,166.82,7.4906,-560.94,1735.89,759.82,21.0,True,1366;1713
AMT,Long,141,2024-04-10T20:00:00Z,171.551773,2024-04-11T20:00:00Z,168.515615,-428.1,9.3609,-897.47,0.0,897.47,1.0,False,1712;1714
C,Short,444,2024-03-22T20:00:00Z,57.105551,2024-04-11T20:00:00Z,56.303219,356.24,10.0682,-932.01,426.65,1039.71,20.0,True,1463;1715
CI,Long,73,2024-04-10T20:00:00Z,339.115943,2024-04-11T20:00:00Z,340.201114,79.22,9.8802,-220.28,79.22,220.28,1.0,True,1711;1716
COST,Long,35,2024-04-10T20:00:00Z,701.141487,2024-04-11T20:00:00Z,721.35724,707.55,10.0433,0.0,736.89,29.34,1.0,True,1706;1717
CRM,Long,84,2024-04-08T20:00:00Z,295.845564,2024-04-11T20:00:00Z,294.244009,-134.53,9.9186,-160.94,104.82,265.76,3.0,False,1640;1718
CVS,Long,373,2024-04-03T20:00:00Z,67.201029,2024-04-11T20:00:00Z,64.550745,-988.56,9.7732,-1455.75,182.82,1638.57,8.0,False,1598;1719
HD,Long,73,2024-04-04T20:00:00Z,340.014683,2024-04-11T20:00:00Z,329.165644,-791.98,9.6523,-1043.2,0.0,1043.2,7.0,False,1615;1720
PGR,Short,128,2024-04-04T20:00:00Z,194.257198,2024-04-11T20:00:00Z,189.704295,582.77,9.6893,0.0,1052.52,469.75,7.0,True,1622;1721
TSLA,Long,141,2024-04-10T20:00:00Z,173.01,2024-04-11T20:00:00Z,172.47,-76.14,9.7674,-76.14,224.19,300.33,1.0,False,1705;1722
SPY,Short,19,2024-03-20T20:00:00Z,501.008403,2024-04-11T20:00:00Z,500.882131,2.4,4.6289,-142.1,439.76,192.49,22.0,True,1366;1730
SPY,Short,27,2024-03-20T20:00:00Z,501.008403,2024-04-11T20:00:00Z,500.882131,3.41,8.2911,-201.94,624.92,273.53,22.0,True,1390;1730
MU,Short,203,2024-04-08T20:00:00Z,128.171112,2024-04-12T20:00:00Z,124.507378,743.74,9.8951,0.0,1388.71,1070.26,4.0,True,1644;1731
ADBE,Long,50,2024-04-10T20:00:00Z,489.49,2024-04-12T20:00:00Z,477.95,-577.0,9.6131,-770.0,0.0,770.0,2.0,False,1707;1732
DE,Short,62,2024-04-08T20:00:00Z,400.653241,2024-04-12T20:00:00Z,398.955558,105.26,9.7199,0.0,946.1,840.85,4.0,True,1647;1733
IBM,Short,144,2024-04-11T20:00:00Z,173.096602,2024-04-12T20:00:00Z,171.198531,273.32,9.8656,0.0,505.11,231.79,1.0,True,1725;1734
NOW,Long,164,2024-04-04T20:00:00Z,153.68,2024-04-12T20:00:00Z,152.44,-203.36,10.0123,-203.36,564.16,767.52,8.0,False,1618;1735
T,Short,1676,2024-03-22T20:00:00Z,15.175932,2024-04-12T20:00:00Z,14.74993,713.98,9.9477,-667.0,864.62,726.29,21.0,True,1460;1736
V,Long,92,2024-04-11T20:00:00Z,268.892585,2024-04-12T20:00:00Z,270.413693,139.94,9.961,0.0,176.96,37.02,1.0,True,1723;1737
ADI,Long,132,2024-04-11T20:00:00Z,190.696669,2024-04-15T20:00:00Z,187.797109,-382.74,9.891,-975.29,0.0,975.29,4.0,False,1726;1750
ADP,Long,108,2024-04-09T20:00:00Z,232.649552,2024-04-15T20:00:00Z,231.506449,-123.46,9.9997,-450.31,0.0,450.31,6.0,False,1687;1751
AMD,Long,147,2024-04-09T20:00:00Z,170.13,2024-04-15T20:00:00Z,164.36,-848.19,9.7343,-1442.07,54.39,1496.46,6.0,False,1683;1752
SHOP,Long,329,2024-04-04T20:00:00Z,75.61,2024-04-15T20:00:00Z,70.0,-1845.69,9.4344,-2316.16,0.0,2316.16,11.0,False,1626;1753
INTC,Long,650,2024-04-08T20:00:00Z,38.231207,2024-04-15T20:00:00Z,35.648151,-1678.99,9.558,-1891.27,0.0,1891.27,7.0,False,1670;1754
JPM,Long,132,2024-03-28T20:00:00Z,189.287064,2024-04-15T20:00:00Z,176.180339,-1730.09,4.6081,-1958.11,18.51,1976.62,18.0,False,1542;1755
PGR,Short,133,2024-04-12T20:00:00Z,191.617434,2024-04-15T20:00:00Z,191.09316,69.73,10.0431,0.0,212.86,143.13,3.0,True,1745;1756
REGN,Long,26,2024-04-10T20:00:00Z,926.278872,2024-04-15T20:00:00Z,906.812572,-506.12,9.4516,-939.1,0.0,939.1,5.0,False,1710;1757
SPGI,Short,63,2024-04-12T20:00:00Z,388.705612,2024-04-15T20:00:00Z,390.198387,-94.04,9.6658,-94.04,564.85,658.9,3.0,False,1744;1758
VZ,Short,717,2024-04-12T20:00:00Z,34.677879,2024-04-15T20:00:00Z,34.617465,43.32,9.88,0.0,43.32,0.0,3.0,True,1741;1759
WFC,Long,461,2024-04-04T20:00:00Z,54.592768,2024-04-15T20:00:00Z,54.422727,-78.39,9.8988,-574.85,0.0,574.85,11.0,False,1617;1760
SPY,Short,55,2024-03-20T20:00:00Z,501.008403,2024-04-15T20:00:00Z,500.260485,41.14,7.6437,-411.36,1272.99,565.21,26.0,True,1390;1775
SPY,Short,23,2024-03-26T20:00:00Z,506.272974,2024-04-15T20:00:00Z,500.260485,138.29,14.5132,-50.94,653.42,236.36,20.0,True,1486;1775
FISV,Long,162,2024-04-11T20:00:00Z,153.6,2024-04-17T20:00:00Z,147.6,-972.0,9.7424,-1166.4,0.0,1166.4,6.0,False,1729;1776
GS,Short,64,2024-04-10T20:00:00Z,383.688499,2024-04-17T20:00:00Z,382.159481,97.86,9.7817,0.0,882.54,876.46,7.0,True,1708;1777
LIN,Long,56,2024-04-12T20:00:00Z,435.852436,2024-04-17T20:00:00Z,431.340747,-252.65,9.6963,-301.99,0.0,301.99,5.0,False,1740;1778
TSLA,Long,142,2024-04-12T20:00:00Z,172.39,2024-04-17T20:00:00Z,157.62,-2097.34,9.2726,-2405.48,0.0,2405.48,5.0,False,1738;1779
SCHW,Short,360,2024-04-04T20:00:00Z,69.972063,2024-04-18T20:00:00Z,70.194657,-80.13,10.0537,-268.27,790.89,1059.16,14.0,False,1621;1791
TXN,Long,160,2024-04-15T20:00:00Z,157.090755,2024-04-18T20:00:00Z,152.787538,-688.51,9.8579,-690.01,0.0,690.01,3.0,False,1768;1792
MU,Short,204,2024-04-15T20:00:00Z,122.749977,2024-04-18T20:00:00Z,115.174289,1545.44,9.4509,0.0,2369.81,824.37,3.0,True,1769;1804
AMZN,Short,134,2024-04-08T20:00:00Z,186.88,2024-04-18T20:00:00Z,181.38,737.0,9.7662,-290.78,1026.44,452.92,10.0,True,1665;1805
BKNG,Short,175,2024-03-27T20:00:00Z,144.078224,2024-04-18T20:00:00Z,135.932461,1425.51,9.7396,0.0,1698.76,794.81,22.0,True,1504;1806
LRCX,Short,264,2024-04-03T20:00:00Z,94.275622,2024-04-18T20:00:00Z,89.118078,1361.59,9.6636,-559.7,1887.13,824.15,15.0,True,1594;1807
COST,Short,34,2024-04-15T20:00:00Z,725.232748,2024-04-18T20:00:00Z,705.27339,678.62,9.586,0.0,810.72,132.1,3.0,True,1762;1808
ETN,Short,83,2024-03-27T20:00:00Z,304.650462,2024-04-18T20:00:00Z,304.407906,20.13,10.0393,-1329.53,407.47,1488.17,22.0,True,1503;1809
HD,Long,76,2024-04-12T20:00:00Z,324.552224,2024-04-18T20:00:00Z,314.734642,-746.14,9.6315,-947.1,0.0,947.1,6.0,False,1739;1810
IBM,Short,146,2024-04-15T20:00:00Z,172.659301,2024-04-18T20:00:00Z,169.663327,437.41,9.8545,0.0,556.95,119.54,3.0,True,1767;1811
JNJ,Long,178,2024-04-11T20:00:00Z,140.710746,2024-04-18T20:00:00Z,135.217366,-977.82,9.7792,-1065.81,0.0,1065.81,7.0,False,1724;1812
PEP,Long,161,2024-03-22T20:00:00Z,157.642847,2024-04-18T20:00:00Z,154.982362,-428.34,10.1009,-890.42,291.92,1182.33,27.0,False,1447;1813
KLAC,Long,368,2024-04-09T20:00:00Z,68.693149,2024-04-18T20:00:00Z,64.354686,-1596.55,9.6859,-2014.38,22.03,2036.41,9.0,False,1688;1814
QCOM,Short,152,2024-04-15T20:00:00Z,165.420674,2024-04-18T20:00:00Z,154.115457,1718.39,9.5595,0.0,1851.13,132.74,3.0,True,1766;1815
SBUX,Long,312,2024-04-15T20:00:00Z,80.09997,2024-04-18T20:00:00Z,81.06616,301.45,10.0866,0.0,515.1,213.65,3.0,True,1773;1816
TMUS,Short,162,2024-04-15T20:00:00Z,154.396109,2024-04-18T20:00:00Z,152.547168,299.53,9.902,0.0,341.22,163.66,3.0,True,1765;1817
UNP,Long,111,2024-04-12T20:00:00Z,222.165787,2024-04-18T20:00:00Z,218.296028,-429.54,9.7505,-586.03,0.0,586.03,6.0,False,1743;1818
UPS,Short,191,2024-04-08T20:00:00Z,130.914128,2024-04-18T20:00:00Z,123.296429,1454.98,9.6401,0.0,1591.59,288.03,10.0,True,1646;1819
V,Long,91,2024-04-15T20:00:00Z,272.710075,2024-04-18T20:00:00Z,267.489241,-475.1,9.6921,-584.05,0.0,584.05,3.0,False,1761;1820
VRTX,Long,61,2024-04-10T20:00:00Z,399.89,2024-04-18T20:00:00Z,394.19,-347.7,9.6509,-414.19,20.74,434.93,8.0,False,1709;1821
SPY,Short,42,2024-03-26T20:00:00Z,506.272974,2024-04-18T20:00:00Z,487.594433,784.5,4.0756,-93.01,1193.21,431.62,23.0,True,1486;1832
ABT,Short,247,2024-04-18T20:00:00Z,101.592214,2024-04-19T20:00:00Z,101.096177,122.52,10.0161,-183.78,122.52,183.78,1.0,True,1825;1833
ADBE,Long,52,2024-04-15T20:00:00Z,477.02,2024-04-19T20:00:00Z,475.83,-61.88,9.7252,-624.0,0.0,624.0,4.0,False,1764;1834
ADP,Long,109,2024-04-18T20:00:00Z,229.089067,2024-04-19T20:00:00Z,228.442558,-70.47,9.9127,-121.53,0.0,121.53,1.0,False,1801;1835
DIS,Long,224,2024-04-17T20:00:00Z,110.890433,2024-04-19T20:00:00Z,108.643443,-503.33,9.829,-503.33,0.0,503.33,2.0,False,1783;1836
INTC,Long,706,2024-04-18T20:00:00Z,35.054345,2024-04-19T20:00:00Z,34.767339,-202.63,9.6758,-852.43,0.0,852.43,1.0,False,1797;1837
NKE,Long,280,2024-04-18T20:00:00Z,89.37332,2024-04-19T20:00:00Z,90.096497,202.49,10.0072,-165.67,202.49,165.67,1.0,True,1826;1838
PFE,Long,1158,2024-04-18T20:00:00Z,21.511612,2024-04-19T20:00:00Z,21.545542,39.29,10.0958,0.0,628.65,589.36,1.0,True,1798;1839
PG,Long,170,2024-04-08T20:00:00Z,145.70283,2024-04-19T20:00:00Z,146.596089,151.85,10.0287,-58.86,550.53,398.68,11.0,True,1638;1840
PM,Short,300,2024-04-18T20:00:00Z,83.225613,2024-04-19T20:00:00Z,83.913125,-206.25,10.1735,-819.51,0.0,819.51,1.0,False,1827;1841
REGN,Long,27,2024-04-18T20:00:00Z,892.834481,2024-04-19T20:00:00Z,905.42566,339.96,9.58,-118.76,339.96,118.76,1.0,True,1802;1842
RTX,Short,259,2024-04-18T20:00:00Z,96.009637,2024-04-19T20:00:00Z,96.974318,-249.85,10.0075,-257.27,0.0,257.27,1.0,False,1828;1843
T,Short,1723,2024-04-18T20:00:00Z,14.498255,2024-04-19T20:00:00Z,14.678023,-309.74,10.1703,-588.51,0.0,588.51,1.0,False,1800;1844
VZ,Short,727,2024-04-18T20:00:00Z,34.393069,2024-04-19T20:00:00Z,34.643357,-181.96,10.117,-401.57,0.0,401.57,1.0,False,1796;1845
XOM,Short,222,2024-04-08T20:00:00Z,111.721136,2024-04-19T20:00:00Z,109.967562,389.29,9.8528,-235.62,524.52,286.85,11.0,True,1667;1846
SPY,Short,52,2024-03-26T20:00:00Z,506.272974,2024-04-19T20:00:00Z,485.049567,1103.62,5.002,-115.16,1477.31,534.38,24.0,True,1486;1859
ABBV,Long,159,2024-04-08T20:00:00Z,155.556682,2024-04-22T20:00:00Z,155.589752,5.26,9.9179,-881.43,135.94,1017.37,14.0,True,1639;1860
AMD,Long,162,2024-04-18T20:00:00Z,155.51,2024-04-22T20:00:00Z,148.2,-1184.22,9.8405,-1436.94,0.0,1436.94,4.0,False,1824;1861
BSX,Long,361,2024-04-12T20:00:00Z,68.22,2024-04-22T20:00:00Z,67.63,-212.99,9.8257,-321.29,0.0,321.29,10.0,False,1746;1862
CB,Long,105,2024-04-12T20:00:00Z,236.844546,2024-04-22T20:00:00Z,243.080865,654.81,10.1132,-106.76,703.62,170.82,10.0,True,1747;1863
CRM,Long,91,2024-04-17T20:00:00Z,272.893215,2024-04-22T20:00:00Z,274.229482,121.6,9.8376,-658.97,121.6,658.97,5.0,True,1782;1864
SCCO,Long,250,2024-04-17T20:00:00Z,101.329136,2024-04-22T20:00:00Z,95.047792,-1570.34,9.8337,-1570.34,0.0,1570.34,5.0,False,1785;1865
JPM,Long,144,2024-04-17T20:00:00Z,173.326713,2024-04-22T20:00:00Z,178.07003,683.04,10.156,-49.48,1071.97,388.93,5.0,True,1780;1866
MMC,Long,130,2024-04-15T20:00:00Z,192.498973,2024-04-22T20:00:00Z,196.105084,468.79,9.9697,-486.3,468.79,486.3,7.0,True,1772;1867
MRK,Short,214,2024-04-17T20:00:00Z,116.247163,2024-04-22T20:00:00Z,117.209183,-205.87,9.9892,-251.4,87.1,338.5,5.0,False,1781;1868
NOW,Long,170,2024-04-19T20:00:00Z,145.0,2024-04-22T20:00:00Z,144.65,-59.5,9.7638,-103.7,0.0,103.7,3.0,False,1851;1869
UBER,Long,326,2024-04-12T20:00:00Z,75.16,2024-04-22T20:00:00Z,70.48,-1525.68,9.4058,-2014.68,0.0,2014.68,10.0,False,1742;1870
PLD,Long,254,2024-04-18T20:00:00Z,97.536922,2024-04-22T20:00:00Z,95.327705,-561.14,9.7625,-577.51,0.0,577.51,4.0,False,1830;1871
TSLA,Long,160,2024-04-18T20:00:00Z,151.29,2024-04-22T20:00:00Z,140.6,-1710.4,9.3434,-1710.4,0.0,1710.4,4.0,False,1795;1872
WFC,Long,449,2024-04-19T20:00:00Z,55.735825,2024-04-22T20:00:00Z,57.03003,581.1,10.3028,0.0,890.73,309.64,3.0,True,1848;1873
AXP,Long,114,2024-04-08T20:00:00Z,218.071888,2024-04-22T20:00:00Z,226.435246,953.42,15.1732,-663.06,1061.34,663.06,14.0,True,1643;1880
SPY,Short,27,2024-03-26T20:00:00Z,506.272974,2024-04-22T20:00:00Z,483.602295,612.11,46.6945,-59.79,767.06,277.47,27.0,True,1486;1889
SPY,Short,48,2024-04-03T20:00:00Z,502.912196,2024-04-22T20:00:00Z,483.602295,926.88,4.8433,-267.62,1202.35,493.28,19.0,True,1600;1889
SPY,Short,106,2024-04-04T20:00:00Z,508.487591,2024-04-22T20:00:00Z,483.602295,2637.84,10.5652,0.0,3246.18,1089.32,18.0,True,1628;1889
SPY,Short,140,2024-04-08T20:00:00Z,504.252622,2024-04-22T20:00:00Z,483.602295,2891.05,14.1077,-592.9,3694.52,1438.72,14.0,True,1650;1889
SPY,Short,98,2024-04-08T20:00:00Z,504.252622,2024-04-22T20:00:00Z,483.602295,2023.73,9.8754,-415.03,2586.16,1007.11,14.0,True,1675;1889
SPY,Short,62,2024-04-12T20:00:00Z,499.697117,2024-04-22T20:00:00Z,483.602295,997.88,19.2526,-545.01,1353.7,637.15,10.0,True,1749;1889
AMGN,Short,102,2024-04-19T20:00:00Z,245.326335,2024-04-23T20:00:00Z,252.660872,-748.12,10.2743,-880.7,0.0,880.7,4.0,False,1853;1890
BX,Long,214,2024-04-11T20:00:00Z,116.887037,2024-04-23T20:00:00Z,113.283405,-771.18,9.9336,-1601.68,0.0,1601.68,12.0,False,1727;1891
AXP,Short,110,2024-04-22T20:00:00Z,226.435246,2024-04-23T20:00:00Z,229.333633,-318.82,5.1304,-743.92,0.0,743.92,1.0,False,1880;1892
LRCX,Long,292,2024-04-22T20:00:00Z,85.90025,2024-04-23T20:00:00Z,86.057073,45.79,10.0485,0.0,315.4,269.6,1.0,True,1888;1893
SHOP,Long,359,2024-04-18T20:00:00Z,69.33,2024-04-23T20:00:00Z,71.42,750.31,10.3047,0.0,1680.12,929.81,5.0,True,1831;1894
CI,Long,74,2024-04-12T20:00:00Z,334.86093,2024-04-23T20:00:00Z,336.974158,156.38,9.8968,-401.51,156.38,401.51,11.0,True,1748;1895
DE,Long,64,2024-04-22T20:00:00Z,386.92626,2024-04-23T20:00:00Z,388.885871,125.42,9.8944,-101.82,125.42,101.82,1.0,True,1887;1896
GS,Short,65,2024-04-18T20:00:00Z,385.094056,2024-04-23T20:00:00Z,396.699396,-754.35,10.2116,-1142.63,91.98,1234.61,5.0,False,1829;1897
INTC,Short,737,2024-04-22T20:00:00Z,34.034978,2024-04-23T20:00:00Z,33.985494,36.47,10.0204,0.0,80.23,43.76,1.0,True,1885;1898
KO,Long,445,2024-04-22T20:00:00Z,56.105888,2024-04-23T20:00:00Z,56.413445,136.86,10.0524,0.0,182.48,45.62,1.0,True,1877;1899
MCD,Long,97,2024-04-19T20:00:00Z,256.111466,2024-04-23T20:00:00Z,260.336858,409.86,10.0206,0.0,431.77,21.91,4.0,True,1849;1900
META,Short,50,2024-04-19T20:00:00Z,496.952096,2024-04-23T20:00:00Z,487.105864,492.31,9.6893,0.0,964.3,712.44,4.0,True,1847;1901
NEE,Short,420,2024-04-18T20:00:00Z,59.421907,2024-04-23T20:00:00Z,60.845799,-598.03,10.1791,-918.55,0.0,918.55,5.0,False,1799;1902
ORCL,Short,224,2024-04-22T20:00:00Z,112.645319,2024-04-23T20:00:00Z,111.878761,171.71,9.9817,0.0,217.35,45.64,1.0,True,1876;1903
PM,Long,290,2024-04-22T20:00:00Z,85.71899,2024-04-23T20:00:00Z,86.525671,233.94,10.1933,0.0,1103.23,869.29,1.0,True,1884;1904
UNH,Short,55,2024-04-18T20:00:00Z,459.881313,2024-04-23T20:00:00Z,464.488357,-253.39,10.1913,-780.45,0.0,780.45,5.0,False,1823;1905
PANW,Long,177,2024-04-11T20:00:00Z,141.35,2024-04-23T20:00:00Z,141.885,94.7,10.2173,-932.79,954.92,932.79,12.0,True,1728;1906
VRTX,Long,63,2024-04-19T20:00:00Z,394.72,2024-04-23T20:00:00Z,404.0,584.64,10.0698,0.0,641.97,57.33,4.0,True,1857;1907
LOW,Short,113,2024-04-23T20:00:00Z,221.202665,2024-04-25T20:00:00Z,217.892708,374.03,10.0213,0.0,374.03,0.0,2.0,True,1914;1925
ABNB,Long,155,2024-04-15T20:00:00Z,161.81,2024-04-25T20:00:00Z,161.51,-46.5,9.8769,-1054.0,186.0,1054.0,10.0,False,1770;1927
UBER,Short,362,2024-04-23T20:00:00Z,70.23,2024-04-25T20:00:00Z,67.86,857.94,10.144,0.0,857.94,0.0,2.0,True,1912;1929
SPY,Short,132,2024-04-12T20:00:00Z,499.697117,2024-04-25T20:00:00Z,484.884442,1955.27,24.1591,-1160.34,2882.08,1356.51,13.0,True,1749;1944
SPY,Short,66,2024-04-17T20:00:00Z,491.576857,2024-04-25T20:00:00Z,484.884442,441.7,6.4178,-1116.11,905.1,672.49,8.0,True,1786;1944
SPY,Short,49,2024-04-18T20:00:00Z,487.594433,2024-04-25T20:00:00Z,484.884442,132.79,10.7713,-1023.76,476.83,499.27,7.0,True,1803;1944
MU,Long,230,2024-04-23T20:00:00Z,108.929062,2024-04-25T20:00:00Z,108.561696,-84.49,10.2325,-84.49,472.71,557.21,2.0,False,1917;1945
ABT,Short,244,2024-04-22T20:00:00Z,102.527053,2024-04-25T20:00:00Z,101.926085,146.64,9.9587,-25.6,146.64,25.6,3.0,True,1879;1946
ACN,Long,83,2024-04-23T20:00:00Z,301.340744,2024-04-25T20:00:00Z,292.550693,-729.57,9.8297,-744.5,0.0,744.5,2.0,False,1910;1947
ADI,Long,138,2024-04-19T20:00:00Z,180.2255,2024-04-25T20:00:00Z,190.600339,1431.73,10.1377,-103.69,1442.36,103.69,6.0,True,1858;1948
AMAT,Long,134,2024-04-22T20:00:00Z,188.057147,2024-04-25T20:00:00Z,192.469793,591.29,10.1692,0.0,751.6,160.31,3.0,True,1881;1949
BMY,Long,573,2024-04-15T20:00:00Z,43.41076,2024-04-25T20:00:00Z,42.540032,-498.93,9.5887,-1882.55,401.2,2283.75,10.0,False,1771;1950
BSX,Long,367,2024-04-23T20:00:00Z,68.32,2024-04-25T20:00:00Z,73.13,1765.27,10.4412,0.0,1812.98,47.71,2.0,True,1918;1951
C,Long,439,2024-04-23T20:00:00Z,56.984268,2024-04-25T20:00:00Z,57.693306,311.27,10.1948,0.0,569.29,278.5,2.0,True,1916;1952
CRM,Long,92,2024-04-23T20:00:00Z,270.151903,2024-04-25T20:00:00Z,266.860363,-302.82,9.9401,-302.82,112.09,414.91,2.0,False,1909;1953
CVS,Long,391,2024-04-23T20:00:00Z,63.984018,2024-04-25T20:00:00Z,61.857938,-831.3,9.7341,-892.21,0.0,892.21,2.0,False,1919;1954
MDLZ,Long,399,2024-04-15T20:00:00Z,62.800622,2024-04-25T20:00:00Z,66.553535,1497.41,10.1817,-480.51,1504.86,480.51,10.0,True,1774;1955
NFLX,Long,399,2024-04-15T20:00:00Z,63.017,2024-04-25T20:00:00Z,54.946,-3220.33,9.3522,-3220.33,0.0,3220.33,10.0,False,1763;1956
PFE,Long,1132,2024-04-22T20:00:00Z,22.054492,2024-04-25T20:00:00Z,22.28352,259.26,9.896,-700.96,307.27,1008.23,3.0,True,1883;1957
TMO,Long,43,2024-04-08T20:00:00Z,574.534848,2024-04-25T20:00:00Z,572.601055,-83.15,9.8123,-1613.17,420.03,2033.2,17.0,False,1668;1958
TSLA,Short,175,2024-04-23T20:00:00Z,143.22,2024-04-25T20:00:00Z,159.0,-2761.5,11.0201,-4718.0,0.0,4718.0,2.0,False,1908;1959
WMT,Long,429,2024-04-22T20:00:00Z,58.126885,2024-04-25T20:00:00Z,58.605095,205.15,10.0776,-196.78,272.14,196.78,3.0,True,1874;1960
XOM,Long,225,2024-04-22T20:00:00Z,110.069085,2024-04-25T20:00:00Z,111.702678,367.56,10.0474,0.0,434.01,66.45,3.0,True,1875;1961
SPY,Short,62,2024-04-18T20:00:00Z,487.594433,2024-04-25T20:00:00Z,484.884442,168.02,29.4409,-1295.38,603.34,631.73,7.0,True,1803;1968
SPY,Short,86,2024-04-23T20:00:00Z,487.409881,2024-04-25T20:00:00Z,484.884442,217.19,8.4478,-1812.68,821.01,301.56,2.0,True,1920;1968
ADBE,Long,53,2024-04-22T20:00:00Z,471.0,2024-04-26T20:00:00Z,472.31,69.43,10.0112,0.0,347.68,278.25,4.0,True,1878;1969
BKNG,Short,182,2024-04-25T20:00:00Z,137.997695,2024-04-26T20:00:00Z,136.489902,274.42,10.015,0.0,274.42,0.0,1.0,True,1966;1970
INTC,Short,734,2024-04-25T20:00:00Z,34.223017,2024-04-26T20:00:00Z,31.382645,2084.83,9.7326,0.0,2084.83,0.0,1.0,True,1938;1971
LIN,Long,58,2024-04-25T20:00:00Z,428.620179,2024-04-26T20:00:00Z,425.473614,-182.5,9.963,-182.5,24.71,207.21,1.0,False,1935;1972
MMC,Long,129,2024-04-25T20:00:00Z,192.941323,2024-04-26T20:00:00Z,192.883625,-7.44,9.9096,-333.7,0.0,333.7,1.0,False,1942;1973
NOW,Long,172,2024-04-23T20:00:00Z,145.44,2024-04-26T20:00:00Z,144.752,-118.34,10.0758,-376.68,656.7,1033.38,3.0,False,1911;1974
QCOM,Short,161,2024-04-25T20:00:00Z,155.748116,2024-04-26T20:00:00Z,154.628036,180.33,10.0546,-241.46,180.33,241.46,1.0,True,1964;1975
TXN,Long,163,2024-04-19T20:00:00Z,152.227466,2024-04-26T20:00:00Z,163.587586,1851.7,10.26,0.0,2191.0,339.3,7.0,True,1850;1976
VRTX,Long,62,2024-04-25T20:00:00Z,402.44,2024-04-26T20:00:00Z,393.52,-553.04,9.8602,-553.04,0.0,553.04,1.0,False,1941;1977
UNP,Short,113,2024-04-22T20:00:00Z,220.443791,2024-04-26T20:00:00Z,230.766302,-1166.44,15.1671,-1166.44,107.98,1274.43,4.0,False,1886;1981
SPY,Long,97,2024-04-25T20:00:00Z,484.884442,2024-04-26T20:00:00Z,491.907107,681.2,9.5775,0.0,853.62,172.42,1.0,True,1968;1992
AMGN,Short,100,2024-04-26T20:00:00Z,247.433854,2024-04-29T20:00:00Z,249.912742,-247.89,10.1451,-916.35,0.0,916.35,3.0,False,1982;1993
DHR,Short,101,2024-04-25T20:00:00Z,246.534076,2024-04-29T20:00:00Z,242.904078,366.63,9.8157,0.0,366.63,23.91,4.0,True,1936;1994
GS,Short,62,2024-04-26T20:00:00Z,399.092641,2024-04-29T20:00:00Z,406.063443,-432.19,10.1085,-622.97,0.0,622.97,3.0,False,1984;1995
LOW,Short,113,2024-04-26T20:00:00Z,220.026004,2024-04-29T20:00:00Z,220.03557,-1.08,9.9627,-101.61,0.0,101.61,3.0,False,1985;1996
ABNB,Long,153,2024-04-26T20:00:00Z,162.85,2024-04-29T20:00:00Z,164.75,290.7,9.9903,-91.8,290.7,91.8,3.0,True,1989;1997
NEE,Short,404,2024-04-25T20:00:00Z,61.469333,2024-04-29T20:00:00Z,62.372062,-364.7,10.1004,-515.1,22.56,537.65,4.0,False,1939;1998
NKE,Short,282,2024-04-23T20:00:00Z,88.424739,2024-04-29T20:00:00Z,88.697104,-76.81,9.9627,-129.78,55.62,132.43,6.0,False,1913;1999
PGR,Short,129,2024-04-26T20:00:00Z,192.233686,2024-04-29T20:00:00Z,191.139149,141.2,9.8409,0.0,276.46,135.26,3.0,True,1987;2000
WFC,Long,442,2024-04-26T20:00:00Z,56.453778,2024-04-29T20:00:00Z,56.501012,20.88,9.9969,0.0,20.88,0.0,3.0,True,1980;2001
SPY,Long,56,2024-04-25T20:00:00Z,484.884442,2024-04-29T20:00:00Z,495.442723,591.26,39.4365,0.0,591.26,99.54,4.0,True,1968;2012
ACN,Long,85,2024-04-29T20:00:00Z,290.53532,2024-05-01T20:00:00Z,283.978264,-557.35,9.6804,-675.58,0.0,675.58,2.0,False,2004;2013
ADI,Long,131,2024-04-26T20:00:00Z,189.829691,2024-05-01T20:00:00Z,189.829691,0.0,9.991,-400.03,863.16,1263.2,5.0,False,1990;2014
LRCX,Short,283,2024-04-26T20:00:00Z,88.056577,2024-05-01T20:00:00Z,86.554989,424.95,9.9495,-843.52,840.47,843.52,5.0,True,1988;2015
LIN,Long,58,2024-04-29T20:00:00Z,430.885705,2024-05-01T20:00:00Z,428.95904,-111.75,9.9632,-241.46,0.0,241.46,2.0,False,2003;2016
PFE,Short,1168,2024-04-26T20:00:00Z,21.4692,2024-05-01T20:00:00Z,22.334415,-1010.57,10.4148,-1852.71,0.0,1852.71,5.0,False,1983;2017
RTX,Short,257,2024-04-23T20:00:00Z,96.4681,2024-05-01T20:00:00Z,96.773741,-78.55,9.9464,-353.47,0.0,353.47,8.0,False,1915;2018
UNP,Long,108,2024-04-26T20:00:00Z,230.766302,2024-05-01T20:00:00Z,223.093015,-828.72,4.8018,-913.53,0.0,913.53,5.0,False,1981;2019
SPY,Short,66,2024-04-29T20:00:00Z,495.442723,2024-05-01T20:00:00Z,486.95336,560.3,6.4152,0.0,623.12,62.83,2.0,True,2012;2030
AMD,Long,165,2024-04-25T20:00:00Z,149.12,2024-05-02T20:00:00Z,145.73,-559.35,9.8974,-800.25,1828.2,2628.45,7.0,False,1934;2031
AVGO,Short,197,2024-05-01T20:00:00Z,124.848751,2024-05-02T20:00:00Z,122.695227,424.24,9.5486,0.0,764.99,340.74,1.0,True,2020;2032
ELV,Short,48,2024-04-26T20:00:00Z,513.416808,2024-05-02T20:00:00Z,505.09946,399.23,9.766,0.0,532.0,132.77,6.0,True,1986;2033
GOOGL,Short,162,2024-04-18T20:00:00Z,153.816331,2024-05-02T20:00:00Z,163.177255,-1516.47,10.3547,-2675.08,190.96,2866.05,14.0,False,1822;2034
ISRG,Short,66,2024-04-19T20:00:00Z,385.27,2024-05-02T20:00:00Z,374.13,735.24,9.8207,0.0,1078.44,575.52,13.0,True,1854;2035
ORCL,Short,220,2024-04-29T20:00:00Z,113.518614,2024-05-02T20:00:00Z,111.888464,358.63,9.8816,0.0,693.78,335.15,3.0,True,2002;2036
PGR,Short,131,2024-05-01T20:00:00Z,192.38085,2024-05-02T20:00:00Z,194.763076,-312.07,10.1412,-312.07,15.66,327.74,1.0,False,2028;2037
PLD,Long,263,2024-04-26T20:00:00Z,95.208039,2024-05-02T20:00:00Z,95.051553,-41.16,10.0996,-375.24,382.51,757.75,6.0,False,1991;2038
REGN,Long,28,2024-04-29T20:00:00Z,874.943316,2024-05-02T20:00:00Z,891.58626,466.0,10.1527,0.0,1509.24,1043.24,3.0,True,2011;2039
SBUX,Long,301,2024-04-25T20:00:00Z,84.002252,2024-05-02T20:00:00Z,70.269221,-4133.64,9.1917,-4266.35,0.0,4266.35,7.0,False,1967;2040
UNH,Short,54,2024-04-25T20:00:00Z,462.558507,2024-05-02T20:00:00Z,458.131205,239.07,10.0823,-326.43,268.7,473.55,7.0,True,1933;2041
ADP,Long,109,2024-04-29T20:00:00Z,228.667431,2024-05-03T20:00:00Z,227.702352,-105.19,9.9237,-220.6,334.99,555.59,4.0,False,2008;2055
C,Short,428,2024-04-29T20:00:00Z,58.532957,2024-05-03T20:00:00Z,57.883942,277.78,9.9278,0.0,563.01,289.26,4.0,True,2007;2057
COP,Long,210,2024-04-19T20:00:00Z,118.723632,2024-05-03T20:00:00Z,113.257194,-1147.95,9.7911,-1149.9,408.59,1558.49,14.0,False,1852;2058
SCHW,Short,353,2024-04-19T20:00:00Z,71.036645,2024-05-03T20:00:00Z,73.698099,-939.49,10.2121,-939.49,0.0,939.49,14.0,False,1855;2061
MU,Short,230,2024-05-02T20:00:00Z,110.944612,2024-05-03T20:00:00Z,114.181407,-744.46,10.369,-744.46,0.0,744.46,1.0,False,2048;2075
ADBE,Long,53,2024-05-02T20:00:00Z,474.3,2024-05-03T20:00:00Z,482.27,422.41,10.2051,0.0,629.64,207.23,1.0,True,2044;2076
AMGN,Long,98,2024-05-01T20:00:00Z,254.554854,2024-05-03T20:00:00Z,290.828317,3554.8,10.7119,0.0,3554.8,0.0,2.0,True,2025;2077
LRCX,Short,295,2024-05-02T20:00:00Z,86.355039,2024-05-03T20:00:00Z,88.056577,-501.95,10.3641,-794.86,0.0,794.86,1.0,False,2050;2078
CSCO,Long,567,2024-05-02T20:00:00Z,44.465153,2024-05-03T20:00:00Z,44.54079,42.89,10.0686,0.0,48.25,5.36,1.0,True,2046;2079
HON,Short,134,2024-04-08T20:00:00Z,185.585037,2024-05-03T20:00:00Z,182.730027,382.57,9.9063,-100.68,916.16,734.94,25.0,True,1645;2080
LLY,Short,32,2024-05-02T20:00:00Z,765.000041,2024-05-03T20:00:00Z,730.472203,1104.89,9.3807,0.0,1357.52,252.63,1.0,True,2042;2081
MDLZ,Long,380,2024-05-02T20:00:00Z,66.189447,2024-05-03T20:00:00Z,65.984063,-78.05,9.9608,-358.3,0.0,358.3,1.0,False,2053;2082
MS,Long,295,2024-04-22T20:00:00Z,84.951092,2024-05-03T20:00:00Z,87.834611,850.64,10.2649,0.0,933.92,597.02,11.0,True,1882;2083
NEE,Short,403,2024-05-01T20:00:00Z,62.232465,2024-05-03T20:00:00Z,65.043024,-1132.66,10.4077,-1226.42,0.0,1226.42,2.0,False,2026;2084
TSLA,Short,139,2024-05-02T20:00:00Z,182.8,2024-05-03T20:00:00Z,182.0,111.2,10.0414,0.0,223.79,112.59,1.0,True,2043;2085
VRTX,Long,64,2024-05-01T20:00:00Z,392.81,2024-05-03T20:00:00Z,401.5,556.16,10.2812,0.0,556.16,0.0,2.0,True,2029;2086
AVGO,Short,207,2024-05-03T20:00:00Z,122.960877,2024-05-06T20:00:00Z,125.402515,-505.42,10.4659,-1037.32,0.0,1037.32,3.0,False,2087;2096
AXP,Long,110,2024-05-03T20:00:00Z,227.635588,2024-05-06T20:00:00Z,226.884155,-82.66,9.9842,-82.66,108.42,191.08,3.0,False,2092;2097
CAT,Long,76,2024-05-03T20:00:00Z,328.514446,2024-05-06T20:00:00Z,331.215709,205.3,10.0263,0.0,296.13,90.83,3.0,True,2093;2098
DE,Long,65,2024-05-03T20:00:00Z,387.692642,2024-05-06T20:00:00Z,392.892404,337.98,10.1244,0.0,337.98,0.0,3.0,True,2070;2099
ETN,Short,81,2024-04-25T20:00:00Z,304.698973,2024-05-06T20:00:00Z,313.667671,-726.46,10.1429,-1113.49,158.75,1272.23,11.0,False,1965;2100
ISRG,Short,66,2024-05-03T20:00:00Z,380.0,2024-05-06T20:00:00Z,382.63,-173.58,10.0902,-201.3,0.0,201.3,3.0,False,2067;2101
PEP,Long,155,2024-04-25T20:00:00Z,162.435365,2024-05-06T20:00:00Z,161.050455,-214.66,9.9563,-442.03,0.0,442.03,11.0,False,1963;2102
PGR,Short,130,2024-05-03T20:00:00Z,191.074765,2024-05-06T20:00:00Z,192.426839,-175.77,10.1451,-929.07,0.0,929.07,3.0,False,2068;2103
PM,Long,276,2024-04-25T20:00:00Z,91.374922,2024-05-06T20:00:00Z,89.614891,-485.77,9.7933,-1199.24,0.0,1199.24,11.0,False,1937;2104
SYK,Short,77,2024-04-19T20:00:00Z,323.362233,2024-05-06T20:00:00Z,323.283933,6.03,9.8114,-639.84,367.78,843.33,17.0,True,1856;2105
MSFT,Long,63,2024-04-26T20:00:00Z,404.428451,2024-05-06T20:00:00Z,401.044318,-213.2,10.133,-1419.48,76.63,1419.48,10.0,False,1978;2106
UPS,Short,198,2024-04-25T20:00:00Z,127.493057,2024-05-06T20:00:00Z,127.372415,23.89,10.0367,-102.37,346.36,322.48,11.0,True,1940;2107
PANW,Long,169,2024-05-03T20:00:00Z,146.845,2024-05-06T20:00:00Z,149.49,447.0,10.0868,0.0,580.52,133.51,3.0,True,2094;2108
WMT,Long,430,2024-05-03T20:00:00Z,58.185441,2024-05-06T20:00:00Z,58.556298,159.47,10.0457,0.0,159.47,0.0,3.0,True,2062;2109
SPY,Short,137,2024-04-29T20:00:00Z,495.442723,2024-05-06T20:00:00Z,499.056044,-495.03,13.7481,-864.96,1293.45,2158.42,7.0,False,2012;2126
AMD,Long,166,2024-05-06T20:00:00Z,152.95,2024-05-07T20:00:00Z,156.48,585.98,10.299,0.0,585.98,0.0,1.0,True,2114;2127
AMGN,Long,86,2024-05-06T20:00:00Z,287.903786,2024-05-07T20:00:00Z,280.151459,-666.7,9.5778,-782.47,0.0,782.47,1.0,False,2116;2128
BKNG,Short,184,2024-05-03T20:00:00Z,144.942394,2024-05-07T20:00:00Z,140.27094,859.55,10.3546,0.0,859.55,50.46,4.0,True,2069;2129
DHR,Short,103,2024-05-02T20:00:00Z,245.606848,2024-05-07T20:00:00Z,243.190138,248.92,10.0706,0.0,248.92,138.18,5.0,True,2047;2130
HON,Short,136,2024-05-06T20:00:00Z,184.636498,2024-05-07T20:00:00Z,183.734916,122.62,10.0097,-31.93,122.62,31.93,1.0,True,2120;2131
IBM,Long,160,2024-04-29T20:00:00Z,155.799968,2024-05-07T20:00:00Z,157.242129,230.75,9.9983,-449.58,230.75,449.58,8.0,True,2005;2132
LLY,Long,34,2024-05-06T20:00:00Z,725.595834,2024-05-07T20:00:00Z,755.9355,1031.55,10.3252,0.0,1328.04,296.5,1.0,True,2111;2133
NFLX,Long,443,2024-05-03T20:00:00Z,56.551,2024-05-07T20:00:00Z,59.628,1363.11,10.5021,0.0,1793.71,430.6,4.0,True,2063;2134
UBER,Long,365,2024-05-03T20:00:00Z,69.76,2024-05-07T20:00:00Z,71.76,730.0,10.1952,0.0,730.0,394.2,4.0,True,2065;2135
PLD,Long,260,2024-05-03T20:00:00Z,98.264122,2024-05-07T20:00:00Z,98.015585,-64.62,10.2266,-497.81,241.73,497.81,4.0,False,2071;2136
KLAC,Long,374,2024-05-03T20:00:00Z,68.202484,2024-05-07T20:00:00Z,70.325102,793.86,10.357,0.0,858.09,146.81,4.0,True,2073;2137
SPGI,Short,65,2024-04-17T20:00:00Z,381.436447,2024-05-07T20:00:00Z,395.335016,-903.41,10.133,-1034.79,0.0,1034.79,20.0,False,1784;2138
TXN,Short,150,2024-05-06T20:00:00Z,167.928141,2024-05-07T20:00:00Z,170.990628,-459.37,10.2397,-572.19,0.0,572.19,1.0,False,2117;2139
UNP,Long,111,2024-05-03T20:00:00Z,229.224075,2024-05-07T20:00:00Z,228.372539,-94.52,10.1397,-321.37,11.55,321.37,4.0,False,2064;2140
CI,Long,74,2024-04-25T20:00:00Z,335.603415,2024-05-09T20:00:00Z,330.881969,-349.39,9.9389,-779.08,325.44,1104.51,14.0,False,1943;2147
T,Short,1652,2024-05-02T20:00:00Z,15.253279,2024-05-09T20:00:00Z,15.379116,-207.88,10.0972,-311.82,178.19,490.01,7.0,False,2049;2151
DELL,Long,207,2024-05-06T20:00:00Z,120.804312,2024-05-09T20:00:00Z,126.767213,1234.32,10.4431,0.0,1336.35,102.03,3.0,True,2125;2163
SHOP,Long,348,2024-05-03T20:00:00Z,73.98,2024-05-09T20:00:00Z,63.57,-3622.68,9.5289,-4012.44,1179.72,5192.16,6.0,False,2072;2164
INTC,Short,793,2024-04-29T20:00:00Z,31.540993,2024-05-09T20:00:00Z,29.741333,1427.13,9.6645,0.0,1427.13,569.61,10.0,True,2006;2165
KO,Long,437,2024-04-25T20:00:00Z,57.643674,2024-05-09T20:00:00Z,58.575666,407.28,10.1511,-44.8,419.5,109.97,14.0,True,1962;2166
LOW,Short,115,2024-05-01T20:00:00Z,217.682249,2024-05-09T20:00:00Z,222.015804,-498.36,10.2015,-943.91,0.0,943.91,8.0,False,2027;2167
NEE,Long,380,2024-05-07T20:00:00Z,66.718191,2024-05-09T20:00:00Z,67.937341,463.28,10.364,0.0,1022.04,558.76,2.0,True,2142;2168
NKE,Short,288,2024-05-03T20:00:00Z,87.682778,2024-05-09T20:00:00Z,87.945752,-75.74,10.0372,-113.6,0.0,113.6,6.0,False,2066;2169
PFE,Long,1063,2024-05-06T20:00:00Z,23.750992,2024-05-09T20:00:00Z,23.902523,161.08,10.2369,-207.39,545.5,384.42,3.0,True,2118;2170
RTX,Short,259,2024-05-06T20:00:00Z,97.222652,2024-05-09T20:00:00Z,99.438553,-573.92,10.2736,-977.15,0.0,977.15,3.0,False,2119;2171
TMUS,Long,160,2024-05-01T20:00:00Z,156.778765,2024-05-09T20:00:00Z,155.587437,-190.61,10.0689,-352.25,62.52,414.77,8.0,False,2024;2172
TSLA,Short,138,2024-05-06T20:00:00Z,183.96,2024-05-09T20:00:00Z,175.0,1236.48,9.8457,0.0,1654.62,418.14,3.0,True,2112;2173
PANW,Long,167,2024-05-07T20:00:00Z,150.195,2024-05-09T20:00:00Z,149.285,-151.97,10.0405,-392.45,218.77,611.22,2.0,False,2145;2174
AMAT,Long,125,2024-05-06T20:00:00Z,201.324502,2024-05-10T20:00:00Z,205.148795,478.04,10.2616,0.0,541.77,126.25,4.0,True,2115;2182
AMGN,Short,88,2024-05-09T20:00:00Z,287.374585,2024-05-10T20:00:00Z,290.494085,-274.52,10.1801,-274.52,0.0,274.52,1.0,False,2176;2183
BKNG,Short,175,2024-05-09T20:00:00Z,142.591977,2024-05-10T20:00:00Z,148.211433,-983.4,10.4007,-1136.28,0.0,1136.28,1.0,False,2158;2184
CSCO,Long,555,2024-05-09T20:00:00Z,45.382253,2024-05-10T20:00:00Z,45.268797,-62.97,10.0591,-62.97,31.48,94.45,1.0,False,2156;2185
ELV,Short,49,2024-05-09T20:00:00Z,510.765594,2024-05-10T20:00:00Z,515.991454,-256.07,10.1091,-259.35,0.0,259.35,1.0,False,2178;2186
FISV,Long,164,2024-05-09T20:00:00Z,153.19,2024-05-10T20:00:00Z,155.38,359.16,10.1316,0.0,359.16,0.0,1.0,True,2161;2187
LMT,Long,58,2024-05-07T20:00:00Z,434.568016,2024-05-10T20:00:00Z,439.250861,271.61,10.1641,0.0,271.61,0.0,3.0,True,2144;2188
UNP,Long,108,2024-05-09T20:00:00Z,232.355836,2024-05-10T20:00:00Z,234.645522,247.29,10.096,0.0,247.29,0.0,1.0,True,2157;2189
CAT,Long,73,2024-05-10T20:00:00Z,344.945513,2024-05-14T20:00:00Z,347.588475,192.94,10.1145,0.0,225.57,32.63,4.0,True,2194;2209
WFC,Long,448,2024-05-01T20:00:00Z,56.293183,2024-05-14T20:00:00Z,58.146481,830.28,10.3066,0.0,1123.97,293.7,13.0,True,2021;2217
SPY,Short,89,2024-04-29T20:00:00Z,495.442723,2024-05-14T20:00:00Z,506.068996,-945.74,9.0476,-1143.7,840.27,1983.98,15.0,False,2012;2228
MU,Short,220,2024-05-06T20:00:00Z,119.036599,2024-05-14T20:00:00Z,122.084746,-670.59,10.7006,-1074.7,454.34,1529.04,8.0,False,2121;2229
ADI,Long,134,2024-05-02T20:00:00Z,188.972346,2024-05-14T20:00:00Z,201.331602,1656.14,10.5443,0.0,2035.65,379.51,12.0,True,2052;2230
AXP,Long,110,2024-05-07T20:00:00Z,229.538569,2024-05-14T20:00:00Z,232.40768,315.6,10.2236,0.0,761.09,445.49,7.0,True,2141;2231
BMY,Long,625,2024-05-10T20:00:00Z,40.170213,2024-05-14T20:00:00Z,40.753691,364.67,10.0594,-22.44,364.67,196.36,4.0,True,2206;2232
LRCX,Short,281,2024-05-06T20:00:00Z,89.711069,2024-05-14T20:00:00Z,88.115386,448.39,10.1194,-3.86,448.39,240.99,8.0,True,2122;2233
DE,Long,63,2024-05-10T20:00:00Z,398.227979,2024-05-14T20:00:00Z,397.742927,-30.56,10.0313,-153.4,139.35,169.9,4.0,False,2200;2234
MA,Long,57,2024-05-03T20:00:00Z,438.974411,2024-05-14T20:00:00Z,451.810843,731.68,10.0981,0.0,731.68,200.21,11.0,True,2088;2235
NEE,Long,361,2024-05-10T20:00:00Z,69.677653,2024-05-14T20:00:00Z,69.742799,23.52,10.0258,-97.43,184.78,161.26,4.0,True,2196;2236
PGR,Short,127,2024-05-10T20:00:00Z,197.191291,2024-05-14T20:00:00Z,194.855054,296.7,10.0325,0.0,296.7,147.18,4.0,True,2198;2237
RTX,Short,248,2024-05-10T20:00:00Z,101.243748,2024-05-14T20:00:00Z,101.052722,47.37,10.0443,0.0,71.06,23.69,4.0,True,2197;2238
TMUS,Long,159,2024-05-10T20:00:00Z,156.692989,2024-05-14T20:00:00Z,156.25458,-69.71,9.8987,-303.07,0.0,303.07,4.0,False,2192;2239
UNH,Short,52,2024-05-10T20:00:00Z,481.516443,2024-05-14T20:00:00Z,486.79515,-274.49,10.101,-274.49,0.0,274.49,4.0,False,2190;2240
VRTX,Short,59,2024-05-10T20:00:00Z,420.67,2024-05-14T20:00:00Z,429.07,-495.6,10.0462,-546.34,0.0,546.34,4.0,False,2201;2241
SPY,Short,50,2024-04-29T20:00:00Z,495.442723,2024-05-14T20:00:00Z,506.068996,-531.31,20.1284,-642.53,472.06,1114.59,15.0,False,2012;2247
SPY,Short,148,2024-05-03T20:00:00Z,496.472325,2024-05-14T20:00:00Z,506.068996,-1420.31,25.328,-1749.51,1549.69,1749.51,11.0,False,2074;2247
AMAT,Long,124,2024-05-14T20:00:00Z,201.844213,2024-05-15T20:00:00Z,208.306288,801.3,10.3916,0.0,1416.56,615.26,1.0,True,2221;2248
BX,Long,226,2024-05-09T20:00:00Z,111.222758,2024-05-15T20:00:00Z,118.460238,1635.67,10.6945,0.0,2470.32,834.65,6.0,True,2160;2249
DELL,Long,197,2024-05-10T20:00:00Z,129.492559,2024-05-15T20:00:00Z,135.204187,1125.19,10.7352,-567.36,2888.18,1762.99,5.0,True,2205;2250
CB,Long,105,2024-04-29T20:00:00Z,237.803235,2024-05-15T20:00:00Z,244.417219,694.47,10.2124,0.0,942.57,248.1,16.0,True,2009;2251
ELV,Short,48,2024-05-14T20:00:00Z,516.527439,2024-05-15T20:00:00Z,511.914134,221.44,9.874,-14.7,221.44,14.7,1.0,True,2223;2252
SCCO,Long,239,2024-05-14T20:00:00Z,105.746114,2024-05-15T20:00:00Z,109.300605,849.52,10.2726,0.0,849.52,0.0,1.0,True,2227;2253
HON,Short,135,2024-05-09T20:00:00Z,186.233049,2024-05-15T20:00:00Z,192.102724,-792.41,10.2868,-858.33,0.0,858.33,6.0,False,2177;2254
LMT,Long,57,2024-05-14T20:00:00Z,441.227022,2024-05-15T20:00:00Z,436.703393,-257.85,9.943,-375.29,0.0,375.29,1.0,False,2224;2255
ABNB,Long,160,2024-05-02T20:00:00Z,157.21,2024-05-15T20:00:00Z,147.57,-1542.4,9.7322,-1825.6,766.4,2592.0,13.0,False,2051;2256
SCHW,Short,346,2024-05-14T20:00:00Z,72.823418,2024-05-15T20:00:00Z,75.173186,-813.02,10.4651,-1236.33,0.0,1236.33,1.0,False,2244;2257
SPY,Short,107,2024-05-03T20:00:00Z,496.472325,2024-05-15T20:00:00Z,510.750773,-1527.79,35.5065,-1938.32,1120.38,1938.32,12.0,False,2074;2264
SPY,Short,148,2024-05-03T20:00:00Z,496.472325,2024-05-15T20:00:00Z,510.750773,-2113.21,14.7002,-2681.05,1549.69,2681.05,12.0,False,2095;2264
SPY,Short,90,2024-05-09T20:00:00Z,502.504241,2024-05-15T20:00:00Z,510.750773,-742.19,13.4397,-1087.49,1485.25,1087.49,6.0,False,2162;2264
ADP,Long,110,2024-05-06T20:00:00Z,227.008995,2024-05-16T20:00:00Z,230.831831,420.51,10.1582,0.0,801.86,381.35,10.0,True,2124;2265
AMGN,Short,87,2024-05-14T20:00:00Z,286.631848,2024-05-16T20:00:00Z,294.184241,-657.06,10.151,-832.77,0.0,832.77,2.0,False,2222;2266
BSX,Short,345,2024-05-14T20:00:00Z,72.6,2024-05-16T20:00:00Z,74.43,-631.35,10.2148,-672.75,0.0,672.75,2.0,False,2225;2267
CI,Long,75,2024-05-10T20:00:00Z,334.689587,2024-05-16T20:00:00Z,327.369442,-549.01,9.8187,-880.99,0.0,880.99,6.0,False,2202;2268
ANET,Long,345,2024-05-09T20:00:00Z,73.05,2024-05-16T20:00:00Z,81.6725,2974.76,10.6329,0.0,2974.76,507.15,7.0,True,2180;2269
MDLZ,Long,383,2024-05-09T20:00:00Z,65.909378,2024-05-16T20:00:00Z,66.590878,261.01,10.1631,0.0,475.55,214.53,7.0,True,2179;2270
MDT,Short,326,2024-05-14T20:00:00Z,77.16916,2024-05-16T20:00:00Z,78.100019,-303.46,10.2119,-573.87,0.0,573.87,2.0,False,2246;2271
MMC,Long,131,2024-04-29T20:00:00Z,190.421854,2024-05-16T20:00:00Z,200.201625,1281.15,10.2699,0.0,1400.82,119.67,17.0,True,2010;2272
QCOM,Long,146,2024-05-03T20:00:00Z,172.758149,2024-05-16T20:00:00Z,185.098017,1801.62,10.336,-256.38,1801.62,256.38,13.0,True,2090;2273
SYK,Short,79,2024-05-14T20:00:00Z,317.205842,2024-05-16T20:00:00Z,324.947822,-611.62,10.1799,-764.71,0.0,764.71,2.0,False,2245;2274
T,Short,1625,2024-05-10T20:00:00Z,15.460012,2024-05-16T20:00:00Z,15.531919,-116.85,10.0738,-189.88,0.0,189.88,6.0,False,2199;2275
TXN,Long,142,2024-05-14T20:00:00Z,176.227433,2024-05-16T20:00:00Z,181.078764,688.89,10.3093,0.0,1080.06,391.17,2.0,True,2242;2276
PANW,Long,169,2024-05-10T20:00:00Z,148.93,2024-05-16T20:00:00Z,157.255,1406.92,10.3785,0.0,1586.91,179.98,6.0,True,2204;2277
SPY,Short,43,2024-05-09T20:00:00Z,502.504241,2024-05-16T20:00:00Z,514.665205,-522.92,8.3192,-522.92,709.62,522.92,7.0,False,2162;2290
SPY,Short,38,2024-05-09T20:00:00Z,502.504241,2024-05-16T20:00:00Z,514.665205,-462.12,15.5618,-462.12,627.11,462.12,7.0,False,2181;2290
ADBE,Long,52,2024-05-14T20:00:00Z,480.41,2024-05-17T20:00:00Z,483.32,151.32,9.9776,0.0,256.88,128.44,3.0,True,2219;2291
AMAT,Long,118,2024-05-16T20:00:00Z,214.258456,2024-05-17T20:00:00Z,212.640486,-190.92,9.861,-742.85,0.0,742.85,1.0,False,2282;2292
BX,Long,206,2024-05-16T20:00:00Z,121.399883,2024-05-17T20:00:00Z,119.632375,-364.11,9.7178,-925.6,0.0,925.6,1.0,False,2289;2293
BA,Short,142,2024-05-16T20:00:00Z,177.6,2024-05-17T20:00:00Z,183.25,-802.3,10.4486,-1043.7,0.0,1043.7,1.0,False,2287;2294
C,Short,433,2024-05-06T20:00:00Z,58.345057,2024-05-17T20:00:00Z,60.584754,-969.79,10.3401,-969.79,0.0,969.79,11.0,False,2123;2295
ETN,Short,79,2024-05-07T20:00:00Z,319.292339,2024-05-17T20:00:00Z,323.739524,-351.33,10.1119,-757.24,0.0,757.24,10.0,False,2143;2296
IBM,Short,159,2024-05-16T20:00:00Z,158.107713,2024-05-17T20:00:00Z,158.774874,-106.08,10.0999,-115.04,0.0,115.04,1.0,False,2283;2297
ISRG,Long,63,2024-05-16T20:00:00Z,398.28,2024-05-17T20:00:00Z,396.19,-131.67,10.0201,-131.67,34.02,165.69,1.0,False,2285;2298
PLD,Long,258,2024-05-09T20:00:00Z,98.116841,2024-05-17T20:00:00Z,102.295943,1078.21,10.433,0.0,1166.08,87.87,8.0,True,2159;2299
KLAC,Long,360,2024-05-10T20:00:00Z,70.65581,2024-05-17T20:00:00Z,74.385753,1342.78,10.3685,-206.67,1457.83,426.21,7.0,True,2203;2300
REGN,Short,25,2024-05-14T20:00:00Z,970.838372,2024-05-17T20:00:00Z,960.208682,265.74,9.7427,-56.71,297.69,354.41,3.0,True,2226;2301
DE,Long,62,2024-05-15T20:00:00Z,402.283017,2024-05-17T20:00:00Z,382.677201,-1215.56,14.7632,-1217.97,0.0,1217.97,2.0,False,2263;2309
CB,Long,102,2024-05-16T20:00:00Z,259.049327,2024-05-17T20:00:00Z,258.555457,-50.37,15.8037,-50.37,668.7,719.07,1.0,False,2288;2310
SPY,Short,65,2024-05-09T20:00:00Z,502.504241,2024-05-17T20:00:00Z,513.587036,-720.38,6.6855,-790.46,1072.68,790.46,8.0,False,2181;2312
MU,Long,197,2024-05-17T20:00:00Z,127.734244,2024-05-20T20:00:00Z,126.185348,-305.13,9.9477,-305.13,68.46,373.59,3.0,False,2306;2313
AVGO,Short,179,2024-05-16T20:00:00Z,139.271017,2024-05-20T20:00:00Z,136.341052,524.46,9.8815,0.0,536.88,327.62,4.0,True,2278;2314
BLK,Short,32,2024-05-16T20:00:00Z,768.7418,2024-05-20T20:00:00Z,766.458474,73.07,9.78,-25.16,187.97,114.91,4.0,True,2286;2315
LRCX,Short,280,2024-05-15T20:00:00Z,90.663773,2024-05-20T20:00:00Z,89.623835,291.18,10.3727,-491.25,354.85,822.5,5.0,True,2262;2316
LOW,Short,113,2024-05-15T20:00:00Z,224.885709,2024-05-20T20:00:00Z,220.226897,526.45,10.0587,0.0,638.87,112.42,5.0,True,2261;2317
MDLZ,Long,374,2024-05-17T20:00:00Z,67.113672,2024-05-20T20:00:00Z,66.534864,-216.47,9.881,-565.63,0.0,565.63,3.0,False,2311;2318
NOW,Short,165,2024-05-17T20:00:00Z,153.0,2024-05-20T20:00:00Z,152.706,48.51,10.1589,-302.94,48.51,302.94,3.0,True,2305;2319
PFE,Short,1026,2024-05-14T20:00:00Z,24.582746,2024-05-20T20:00:00Z,24.686071,-106.01,10.0508,-326.87,17.67,326.87,6.0,False,2243;2320
ABT,Long,253,2024-05-15T20:00:00Z,99.588987,2024-05-21T20:00:00Z,98.74954,-212.38,10.0181,-347.53,113.43,460.96,6.0,False,2258;2330
DELL,Short,173,2024-05-20T20:00:00Z,145.834966,2024-05-21T20:00:00Z,140.181324,978.08,9.7872,0.0,978.08,0.0,1.0,True,2327;2331
SCCO,Long,230,2024-05-20T20:00:00Z,109.71878,2024-05-21T20:00:00Z,111.983897,520.98,10.258,0.0,520.98,0.0,1.0,True,2328;2332
INTC,Short,814,2024-05-15T20:00:00Z,31.182193,2024-05-21T20:00:00Z,31.798285,-501.5,10.1934,-582.39,0.0,582.39,6.0,False,2260;2333
KO,Long,428,2024-05-10T20:00:00Z,58.640905,2024-05-21T20:00:00Z,58.501106,-59.83,10.0656,-139.61,263.27,402.88,11.0,False,2191;2334
QCOM,Long,136,2024-05-17T20:00:00Z,183.455865,2024-05-21T20:00:00Z,186.151652,366.63,10.1909,0.0,978.53,611.91,4.0,True,2303;2335
REGN,Short,25,2024-05-20T20:00:00Z,971.254446,2024-05-21T20:00:00Z,978.753677,-187.48,9.8135,-335.09,0.0,335.09,1.0,False,2326;2336
SCHW,Long,328,2024-05-20T20:00:00Z,76.513137,2024-05-21T20:00:00Z,76.221844,-95.54,10.036,-95.54,31.85,127.39,1.0,False,2324;2337
VRTX,Long,57,2024-05-17T20:00:00Z,442.0,2024-05-21T20:00:00Z,446.0,228.0,10.1142,0.0,228.0,220.59,4.0,True,2308;2338
ADP,Short,106,2024-05-21T20:00:00Z,237.053309,2024-05-22T20:00:00Z,236.39743,69.52,10.0542,-101.31,69.52,101.31,1.0,True,2343;2346
BSX,Short,336,2024-05-20T20:00:00Z,74.81,2024-05-22T20:00:00Z,75.95,-383.04,10.1291,-383.04,0.0,383.04,2.0,False,2325;2347
CRM,Long,91,2024-05-09T20:00:00Z,267.420416,2024-05-22T20:00:00Z,278.464269,1004.99,9.9961,0.0,1374.26,369.27,13.0,True,2175;2348
CVX,Long,173,2024-05-06T20:00:00Z,144.827518,2024-05-22T20:00:00Z,145.188675,62.48,10.0224,-242.99,793.45,1036.43,16.0,True,2113;2349
HON,Short,128,2024-05-17T20:00:00Z,194.611555,2024-05-22T20:00:00Z,191.656458,378.25,9.8813,0.0,395.78,17.52,5.0,True,2307;2350
JPM,Long,135,2024-05-21T20:00:00Z,188.014771,2024-05-22T20:00:00Z,189.92355,257.69,10.2515,0.0,257.69,0.0,1.0,True,2339;2351
MS,Short,268,2024-05-15T20:00:00Z,94.148841,2024-05-22T20:00:00Z,95.306293,-310.2,10.1513,-373.25,118.53,491.78,7.0,False,2259;2352
VZ,Short,731,2024-05-10T20:00:00Z,34.358546,2024-05-22T20:00:00Z,34.263609,69.4,10.1184,-460.56,119.87,460.56,12.0,True,2195;2353
ADI,Short,120,2024-05-21T20:00:00Z,207.275219,2024-05-24T20:00:00Z,227.65884,-2446.03,10.3841,-2888.77,0.0,2888.77,3.0,False,2342;2364
COP,Long,223,2024-05-16T20:00:00Z,112.215447,2024-05-24T20:00:00Z,110.387925,-407.54,9.8591,-644.57,282.78,927.36,8.0,False,2284;2365
SCCO,Long,228,2024-05-22T20:00:00Z,106.338529,2024-05-24T20:00:00Z,102.801462,-806.45,9.3028,-1094.47,0.0,1094.47,2.0,False,2363;2366
MRK,Short,206,2024-05-16T20:00:00Z,121.519772,2024-05-24T20:00:00Z,121.593774,-15.24,9.9229,-15.24,358.24,373.49,8.0,False,2279;2367
NKE,Short,288,2024-05-22T20:00:00Z,86.35852,2024-05-24T20:00:00Z,86.189466,48.69,9.9674,0.0,148.77,100.08,2.0,True,2360;2368
PFE,Short,1024,2024-05-22T20:00:00Z,24.513863,2024-05-24T20:00:00Z,24.686071,-176.34,10.3124,-361.5,0.0,361.5,2.0,False,2356;2369
TJX,Short,265,2024-05-22T20:00:00Z,99.270207,2024-05-24T20:00:00Z,98.093743,311.76,10.4742,-10.31,499.85,510.16,2.0,True,2361;2370
TXN,Long,137,2024-05-17T20:00:00Z,183.335197,2024-05-24T20:00:00Z,186.936089,493.32,10.155,0.0,971.19,676.22,7.0,True,2304;2371
XOM,Short,230,2024-05-14T20:00:00Z,108.646346,2024-05-24T20:00:00Z,106.850616,413.02,9.891,-620.6,714.76,620.6,10.0,True,2218;2372
ADBE,Long,52,2024-05-21T20:00:00Z,481.42,2024-05-28T20:00:00Z,473.01,-437.32,9.9869,-437.32,130.52,567.84,7.0,False,2340;2382
AMGN,Short,87,2024-05-24T20:00:00Z,286.507756,2024-05-28T20:00:00Z,283.412851,269.26,9.8597,0.0,506.79,237.53,4.0,True,2374;2383
DE,Short,65,2024-05-17T20:00:00Z,382.677201,2024-05-28T20:00:00Z,363.789263,1227.72,4.657,0.0,1589.03,361.32,11.0,True,2309;2384
NOW,Short,162,2024-05-22T20:00:00Z,156.0,2024-05-28T20:00:00Z,147.776,1332.29,9.718,0.0,1656.94,324.65,6.0,True,2357;2385
SPY,Short,51,2024-05-09T20:00:00Z,502.504241,2024-05-28T20:00:00Z,515.005168,-637.55,16.4677,-694.52,841.64,694.52,19.0,False,2181;2395
SPY,Short,109,2024-05-10T20:00:00Z,506.826628,2024-05-28T20:00:00Z,515.005168,-891.46,16.5936,-1013.22,2269.94,1106.39,18.0,False,2207;2395
SCCO,Long,244,2024-05-28T20:00:00Z,106.991928,2024-05-29T20:00:00Z,103.785916,-782.27,10.2209,-782.27,0.0,782.27,1.0,False,2394;2397
LMT,Short,57,2024-05-28T20:00:00Z,436.075892,2024-05-29T20:00:00Z,427.056733,514.09,9.7288,0.0,688.13,174.03,1.0,True,2392;2399
AMAT,Short,115,2024-05-28T20:00:00Z,218.23474,2024-05-29T20:00:00Z,213.912287,497.08,14.8563,0.0,497.08,0.0,1.0,True,2389;2406
AXP,Long,107,2024-05-28T20:00:00Z,232.017324,2024-05-29T20:00:00Z,229.772783,-240.17,14.8095,-240.17,0.0,240.17,1.0,False,2390;2407
SPY,Short,55,2024-05-10T20:00:00Z,506.826628,2024-05-29T20:00:00Z,510.663354,-211.02,16.8634,-511.26,1145.38,558.27,19.0,False,2207;2413
SPY,Short,110,2024-05-20T20:00:00Z,514.422374,2024-05-29T20:00:00Z,510.663354,413.49,25.4341,-186.98,3126.3,454.09,9.0,True,2329;2413
ABBV,Long,169,2024-05-09T20:00:00Z,149.210461,2024-05-29T20:00:00Z,143.721951,-927.56,9.8853,-943.24,880.51,1823.75,20.0,False,2155;2414
MU,Long,196,2024-05-21T20:00:00Z,123.206703,2024-05-29T20:00:00Z,128.975346,1130.65,10.0836,0.0,1669.71,539.06,8.0,True,2341;2415
BSX,Short,337,2024-05-24T20:00:00Z,74.54,2024-05-29T20:00:00Z,74.78,-80.88,10.1511,-212.31,0.0,212.31,5.0,False,2379;2416
LIN,Long,61,2024-05-03T20:00:00Z,404.77406,2024-05-29T20:00:00Z,412.035363,442.94,10.0381,0.0,1040.61,597.67,26.0,True,2089;2417
MCD,Long,97,2024-05-01T20:00:00Z,254.972774,2024-05-29T20:00:00Z,238.428811,-1604.76,9.5629,-1968.99,370.61,2339.6,28.0,False,2022;2418
MDLZ,Long,390,2024-05-24T20:00:00Z,64.144949,2024-05-29T20:00:00Z,62.539225,-626.23,9.8471,-648.08,0.0,648.08,5.0,False,2381;2419
MDT,Short,334,2024-05-24T20:00:00Z,74.643858,2024-05-29T20:00:00Z,74.966433,-107.74,10.0832,-310.91,0.0,310.91,5.0,False,2378;2420
META,Long,57,2024-04-26T20:00:00Z,437.815213,2024-05-29T20:00:00Z,470.457503,1860.61,10.373,-642.62,2260.77,955.74,33.0,True,1979;2421
MS,Short,269,2024-05-24T20:00:00Z,93.612461,2024-05-29T20:00:00Z,91.626913,534.11,9.935,0.0,559.43,25.31,5.0,True,2375;2422
NEE,Short,351,2024-05-22T20:00:00Z,70.961948,2024-05-29T20:00:00Z,71.445885,-169.86,9.9957,-418.12,303.79,721.91,7.0,False,2358;2423
NVDA,Short,235,2024-05-28T20:00:00Z,109.962581,2024-05-29T20:00:00Z,112.703636,-644.15,10.7194,-1065.95,0.0,1065.95,1.0,False,2387;2424
PFE,Short,1006,2024-05-28T20:00:00Z,24.798007,2024-05-29T20:00:00Z,24.24694,554.37,9.7241,0.0,848.88,294.51,1.0,True,2391;2425
PUYI,Long,47,2024-05-01T20:00:00Z,476.4,2024-05-29T20:00:00Z,555.0,3694.2,10.2254,0.0,3835.2,831.9,28.0,True,2023;2426
UNH,Short,50,2024-05-20T20:00:00Z,496.302498,2024-05-29T20:00:00Z,465.756003,1527.32,9.4785,0.0,1887.75,360.43,9.0,True,2321;2427
UNP,Long,113,2024-05-22T20:00:00Z,222.127941,2024-05-29T20:00:00Z,214.577653,-853.18,9.8488,-950.48,0.0,950.48,7.0,False,2359;2428
AMGN,Short,88,2024-05-29T20:00:00Z,279.607334,2024-05-30T20:00:00Z,277.868203,153.04,9.8305,-161.27,153.04,161.27,1.0,True,2408;2441
BX,Long,215,2024-05-21T20:00:00Z,116.981113,2024-05-30T20:00:00Z,108.013336,-1928.07,9.882,-1928.07,186.01,2114.08,9.0,False,2345;2442
DELL,Short,155,2024-05-29T20:00:00Z,159.896588,2024-05-30T20:00:00Z,172.179971,-1903.92,10.4621,-1903.92,0.0,1903.92,1.0,False,2410;2443
ELV,Long,50,2024-05-29T20:00:00Z,493.393917,2024-05-30T20:00:00Z,483.3729,-501.05,9.6943,-501.05,0.0,501.05,1.0,False,2434;2444
PGR,Long,132,2024-05-29T20:00:00Z,188.030298,2024-05-30T20:00:00Z,186.852982,-155.41,9.9576,-155.41,303.53,458.93,1.0,False,2435;2445
TJX,Short,253,2024-05-29T20:00:00Z,98.268754,2024-05-30T20:00:00Z,99.163255,-226.31,10.0762,-565.77,0.0,565.77,1.0,False,2436;2446
TXN,Long,133,2024-05-29T20:00:00Z,184.895897,2024-05-30T20:00:00Z,183.758279,-151.3,9.7682,-151.3,0.0,151.3,1.0,False,2433;2447
ACN,Long,88,2024-05-03T20:00:00Z,286.239644,2024-05-31T20:00:00Z,269.47326,-1475.44,9.7586,-1684.43,788.51,2472.95,28.0,False,2091;2455
C,Long,426,2024-05-30T20:00:00Z,58.439162,2024-05-31T20:00:00Z,58.345057,-40.09,9.9612,-40.09,84.19,124.27,1.0,False,2450;2456
CB,Short,97,2024-05-17T20:00:00Z,258.555457,2024-05-31T20:00:00Z,257.315941,120.23,5.0877,-358.82,513.81,872.63,14.0,True,2310;2457
DHR,Long,96,2024-05-16T20:00:00Z,258.893825,2024-05-31T20:00:00Z,249.65114,-887.3,9.8794,-920.44,447.91,1368.35,15.0,False,2280;2458
SCCO,Long,239,2024-05-30T20:00:00Z,101.607919,2024-05-31T20:00:00Z,103.812052,526.79,9.8824,0.0,526.79,0.0,1.0,True,2452;2459
MDLZ,Long,398,2024-05-30T20:00:00Z,62.716601,2024-05-31T20:00:00Z,63.08069,144.91,10.1376,0.0,501.6,356.69,1.0,True,2453;2460
PM,Short,274,2024-05-20T20:00:00Z,91.549091,2024-05-31T20:00:00Z,91.008249,148.19,10.0956,-379.27,148.19,494.81,11.0,True,2322;2461
MSFT,Short,59,2024-05-28T20:00:00Z,422.551325,2024-05-31T20:00:00Z,409.383446,776.9,9.8035,0.0,888.8,111.9,3.0,True,2386;2462
TMUS,Long,162,2024-05-16T20:00:00Z,155.234804,2024-05-31T20:00:00Z,162.726021,1213.58,10.4745,0.0,1968.36,754.78,15.0,True,2281;2463
QCOM,Short,123,2024-05-29T20:00:00Z,198.016909,2024-05-31T20:00:00Z,198.247026,-28.3,14.5872,-28.3,434.76,463.07,2.0,False,2432;2467
INTU,Long,40,2024-05-10T20:00:00Z,616.775154,2024-05-31T20:00:00Z,550.348686,-2657.06,14.5785,-2657.06,1635.45,4292.5,21.0,False,2193;2471
SPY,Short,47,2024-05-20T20:00:00Z,514.422374,2024-05-31T20:00:00Z,508.633289,272.09,4.8151,-79.89,1335.78,217.3,11.0,True,2329;2480
AVGO,Short,182,2024-05-28T20:00:00Z,137.708369,2024-06-03T20:00:00Z,132.112135,1018.51,9.7207,0.0,1565.99,547.47,6.0,True,2388;2481
AXP,Short,107,2024-05-29T20:00:00Z,229.772783,2024-06-03T20:00:00Z,234.388732,-493.91,4.947,-493.91,0.0,493.91,5.0,False,2407;2482
BSX,Short,332,2024-05-31T20:00:00Z,75.18,2024-06-03T20:00:00Z,75.33,-49.8,10.031,-106.24,0.0,106.24,3.0,False,2478;2483
KKR,Long,240,2024-05-29T20:00:00Z,102.230097,2024-06-03T20:00:00Z,102.377544,35.39,9.7372,-273.66,35.39,273.66,5.0,True,2411;2484
ETN,Long,76,2024-05-31T20:00:00Z,324.488831,2024-06-03T20:00:00Z,325.024051,40.68,9.7226,-664.88,40.68,664.88,3.0,True,2476;2485
MMC,Long,127,2024-05-29T20:00:00Z,195.162687,2024-06-03T20:00:00Z,199.182298,510.49,9.977,0.0,565.45,130.68,5.0,True,2438;2486
NFLX,Long,387,2024-05-22T20:00:00Z,64.714,2024-06-03T20:00:00Z,64.493,-85.53,9.8628,-516.64,289.48,806.12,12.0,False,2355;2487
PLD,Long,259,2024-05-28T20:00:00Z,97.33441,2024-06-03T20:00:00Z,101.96456,1199.21,10.1277,-176.42,1199.21,736.69,6.0,True,2393;2488
TMO,Short,44,2024-05-31T20:00:00Z,559.897523,2024-06-03T20:00:00Z,564.657629,-209.44,9.9273,-217.74,0.0,217.74,3.0,False,2468;2489
TXN,Long,135,2024-05-31T20:00:00Z,183.683064,2024-06-03T20:00:00Z,184.623245,126.92,9.8679,-209.43,126.92,209.43,3.0,True,2469;2490
UNP,Long,114,2024-05-31T20:00:00Z,217.105078,2024-06-03T20:00:00Z,221.710567,525.03,10.0046,0.0,525.03,0.0,3.0,True,2475;2491
VZ,Long,715,2024-05-31T20:00:00Z,34.643357,2024-06-03T20:00:00Z,35.540943,641.77,15.095,0.0,641.77,0.0,3.0,True,2470;2496
CAT,Long,73,2024-05-24T20:00:00Z,342.652354,2024-06-04T20:00:00Z,319.400111,-1697.41,9.5967,-1778.28,0.0,1778.28,11.0,False,2373;2506
COP,Long,229,2024-06-03T20:00:00Z,108.401894,2024-06-04T20:00:00Z,105.175758,-738.79,9.6572,-851.95,0.0,851.95,1.0,False,2499;2507
DE,Short,68,2024-06-03T20:00:00Z,364.1385,2024-06-04T20:00:00Z,356.901519,492.11,9.73,0.0,492.11,0.0,1.0,True,2503;2508
SCCO,Long,241,2024-06-03T20:00:00Z,103.75978,2024-06-04T20:00:00Z,98.619707,-1238.76,9.4872,-1872.83,0.0,1872.83,1.0,False,2505;2509
HD,Long,80,2024-05-29T20:00:00Z,306.182936,2024-06-04T20:00:00Z,308.632484,195.96,9.8487,-46.51,800.26,604.29,6.0,True,2430;2510
IBM,Short,160,2024-05-31T20:00:00Z,155.636399,2024-06-04T20:00:00Z,154.931652,112.76,10.0028,-27.06,112.76,79.68,4.0,True,2472;2511
PUYI,Long,49,2024-06-03T20:00:00Z,522.0,2024-06-04T20:00:00Z,523.8,88.2,10.243,-29.4,88.2,29.4,1.0,True,2494;2512
TJX,Short,247,2024-05-31T20:00:00Z,100.505007,2024-06-04T20:00:00Z,102.235673,-427.47,10.037,-600.39,0.0,600.39,4.0,False,2477;2513
TSLA,Short,139,2024-05-31T20:00:00Z,178.4,2024-06-04T20:00:00Z,174.81,499.01,9.8092,0.0,504.57,5.56,4.0,True,2464;2514
UPS,Long,205,2024-06-03T20:00:00Z,121.667215,2024-06-04T20:00:00Z,120.164183,-308.12,9.7902,-715.38,0.0,715.38,1.0,False,2500;2515
AAPL,Short,138,2024-05-06T20:00:00Z,180.314274,2024-06-06T20:00:00Z,193.743161,-1853.19,10.2781,-1891.46,0.0,1891.46,31.0,False,2110;2525
ABBV,Long,166,2024-06-03T20:00:00Z,148.463504,2024-06-06T20:00:00Z,153.557658,845.63,10.1278,0.0,1320.04,474.42,3.0,True,2493;2526
ADBE,Long,56,2024-06-04T20:00:00Z,442.82,2024-06-06T20:00:00Z,457.7,833.28,10.1528,0.0,857.36,24.08,2.0,True,2516;2527
AMAT,Long,114,2024-05-29T20:00:00Z,213.912287,2024-06-06T20:00:00Z,217.763199,439.0,4.9668,-619.31,629.39,619.31,8.0,True,2406;2528
BLK,Short,34,2024-05-29T20:00:00Z,723.170027,2024-06-06T20:00:00Z,746.287517,-785.99,9.8901,-824.33,46.06,870.39,8.0,False,2437;2529
ANET,Long,317,2024-05-22T20:00:00Z,79.9175,2024-06-06T20:00:00Z,73.90875,-1904.77,9.7164,-2115.98,0.0,2115.98,15.0,False,2362;2530
MCD,Long,106,2024-05-30T20:00:00Z,235.840876,2024-06-06T20:00:00Z,247.127977,1196.43,10.2643,0.0,1378.16,274.09,7.0,True,2449;2531
NOW,Long,187,2024-06-04T20:00:00Z,131.434,2024-06-06T20:00:00Z,141.246,1834.84,10.2862,0.0,1834.84,35.53,2.0,True,2518;2532
PM,Short,268,2024-06-03T20:00:00Z,92.804946,2024-06-06T20:00:00Z,95.33499,-678.05,10.1806,-737.01,0.0,737.01,3.0,False,2498;2533
VRTX,Long,52,2024-06-04T20:00:00Z,472.57,2024-06-06T20:00:00Z,484.41,615.68,9.989,0.0,673.92,58.24,2.0,True,2519;2534
VZ,Short,701,2024-06-03T20:00:00Z,35.540943,2024-06-06T20:00:00Z,35.661771,-84.7,5.001,-229.9,0.0,229.9,3.0,False,2496;2535
WMT,Short,400,2024-05-17T20:00:00Z,62.832414,2024-06-06T20:00:00Z,65.672408,-1136.0,10.3258,-1171.25,0.0,1171.25,20.0,False,2302;2536
C,Short,425,2024-06-04T20:00:00Z,57.441649,2024-06-07T20:00:00Z,57.968637,-223.97,9.8235,-359.95,0.0,359.95,3.0,False,2520;2543
ISRG,Long,63,2024-05-20T20:00:00Z,398.58,2024-06-07T20:00:00Z,418.13,1231.65,10.3023,-11.97,1232.91,406.35,18.0,True,2323;2546
NKE,Long,283,2024-05-31T20:00:00Z,87.701562,2024-06-07T20:00:00Z,89.882863,617.31,10.2052,0.0,942.84,325.53,7.0,True,2474;2549
RTX,Long,247,2024-05-24T20:00:00Z,101.689486,2024-06-07T20:00:00Z,103.870674,538.75,10.176,-299.04,619.45,299.04,14.0,True,2376;2550
ADI,Short,111,2024-05-29T20:00:00Z,221.310633,2024-06-07T20:00:00Z,228.293586,-775.11,9.9197,-921.11,0.0,921.11,9.0,False,2409;2562
AMZN,Long,141,2024-06-03T20:00:00Z,177.71,2024-06-07T20:00:00Z,185.0,1027.89,10.2264,0.0,1027.89,98.7,4.0,True,2492;2563
CSCO,Long,545,2024-05-14T20:00:00Z,46.327716,2024-06-07T20:00:00Z,43.434598,-1576.75,9.7686,-1628.28,345.24,1973.51,24.0,False,2220;2564
INTU,Short,45,2024-05-31T20:00:00Z,550.348686,2024-06-07T20:00:00Z,561.897276,-519.69,5.0679,-590.33,0.0,590.33,7.0,False,2471;2565
MMC,Short,124,2024-06-04T20:00:00Z,197.999493,2024-06-07T20:00:00Z,202.903803,-608.13,9.9801,-608.13,0.0,608.13,3.0,False,2522;2566
MS,Short,270,2024-06-03T20:00:00Z,92.219754,2024-06-07T20:00:00Z,90.450641,477.66,9.8861,0.0,477.66,142.28,4.0,True,2497;2567
NEE,Short,343,2024-06-06T20:00:00Z,72.067913,2024-06-07T20:00:00Z,70.775299,443.37,9.7727,0.0,497.98,54.62,1.0,True,2540;2568
QCOM,Long,127,2024-05-31T20:00:00Z,198.247026,2024-06-07T20:00:00Z,199.895907,209.41,5.0021,-439.39,472.08,639.12,7.0,True,2467;2569
TXN,Long,134,2024-06-06T20:00:00Z,184.256574,2024-06-07T20:00:00Z,184.501021,32.76,9.8734,-46.61,32.76,46.61,1.0,True,2539;2570
MU,Long,192,2024-06-07T20:00:00Z,129.372499,2024-06-10T20:00:00Z,128.786698,-112.47,10.1325,-112.47,861.66,974.14,3.0,False,2555;2579
ADP,Long,110,2024-05-30T20:00:00Z,225.500474,2024-06-10T20:00:00Z,235.441721,1093.54,10.0548,0.0,1200.73,561.71,11.0,True,2451;2580
BKNG,Short,166,2024-06-07T20:00:00Z,148.702974,2024-06-10T20:00:00Z,149.420324,-119.08,9.9094,-119.08,0.0,119.08,3.0,False,2557;2581
LRCX,Short,263,2024-06-07T20:00:00Z,95.295957,2024-06-10T20:00:00Z,93.628724,438.48,10.1348,-794.22,438.48,794.22,3.0,True,2575;2582
MCD,Long,100,2024-06-07T20:00:00Z,246.332348,2024-06-10T20:00:00Z,242.477338,-385.5,9.6616,-592.93,0.0,592.93,3.0,False,2552;2583
PGR,Short,126,2024-06-07T20:00:00Z,197.761554,2024-06-10T20:00:00Z,194.763076,377.81,9.8001,0.0,548.17,170.36,3.0,True,2558;2584
PLD,Long,250,2024-06-04T20:00:00Z,98.033996,2024-06-10T20:00:00Z,101.071669,759.42,10.1228,0.0,1074.69,315.27,6.0,True,2523;2585
RTX,Short,238,2024-06-07T20:00:00Z,103.870674,2024-06-10T20:00:00Z,103.774586,22.87,9.8428,0.0,230.98,208.11,3.0,True,2573;2586
UPS,Short,206,2024-06-06T20:00:00Z,119.379992,2024-06-10T20:00:00Z,119.275433,21.54,9.8807,-120.26,21.54,120.26,4.0,True,2541;2587
ADI,Short,109,2024-06-10T20:00:00Z,224.657136,2024-06-11T20:00:00Z,225.972448,-143.37,9.9445,-422.73,0.0,422.73,1.0,False,2594;2597
DE,Long,69,2024-06-10T20:00:00Z,356.823911,2024-06-11T20:00:00Z,355.717991,-76.31,9.8188,-180.06,0.0,180.06,1.0,False,2596;2598
DIS,Long,233,2024-05-02T20:00:00Z,108.400262,2024-06-11T20:00:00Z,99.918117,-1976.34,9.6777,-2438.69,1140.02,3578.72,40.0,False,2045;2599
ETN,Short,80,2024-06-10T20:00:00Z,305.036045,2024-06-11T20:00:00Z,312.071745,-562.86,9.9983,-562.86,0.0,562.86,1.0,False,2593;2600
LOW,Short,118,2024-06-07T20:00:00Z,206.910541,2024-06-11T20:00:00Z,208.393325,-174.97,9.8213,-232.54,0.0,232.54,4.0,False,2576;2601
MDLZ,Long,389,2024-06-07T20:00:00Z,63.351422,2024-06-11T20:00:00Z,62.585903,-297.79,9.8335,-297.79,0.0,297.79,4.0,False,2577;2602
MRK,Long,214,2024-05-29T20:00:00Z,116.681922,2024-06-11T20:00:00Z,121.038762,932.36,10.2041,-318.71,1128.34,318.71,13.0,True,2431;2603
NKE,Long,272,2024-06-10T20:00:00Z,90.260007,2024-06-11T20:00:00Z,90.062006,-53.86,9.8413,-53.86,35.9,89.76,1.0,False,2591;2604
NOW,Short,177,2024-06-10T20:00:00Z,139.464,2024-06-11T20:00:00Z,142.346,-510.11,10.062,-521.09,0.0,521.09,1.0,False,2592;2605
ORCL,Long,219,2024-05-31T20:00:00Z,113.130483,2024-06-11T20:00:00Z,120.369126,1585.26,10.2456,0.0,1982.64,433.5,11.0,True,2465;2606
PEP,Long,160,2024-05-31T20:00:00Z,154.900361,2024-06-11T20:00:00Z,151.401638,-559.8,9.8918,-559.8,565.63,1125.42,11.0,False,2466;2607
PFE,Long,981,2024-06-04T20:00:00Z,25.228528,2024-06-11T20:00:00Z,24.066121,-1140.32,9.7189,-1140.32,211.17,1351.49,7.0,False,2517;2608
SCHW,Long,344,2024-06-07T20:00:00Z,71.852439,2024-06-11T20:00:00Z,71.629113,-76.82,9.8455,-183.71,36.74,220.45,4.0,False,2556;2609
AMT,Long,135,2024-06-06T20:00:00Z,183.088739,2024-06-12T20:00:00Z,183.042504,-6.24,9.8196,-590.46,0.0,590.46,6.0,False,2542;2627
AXP,Long,108,2024-06-07T20:00:00Z,226.806084,2024-06-12T20:00:00Z,221.165452,-609.19,9.6271,-882.16,3.16,885.33,5.0,False,2554;2628
BKNG,Short,166,2024-06-11T20:00:00Z,148.141502,2024-06-12T20:00:00Z,149.477256,-221.74,9.9919,-674.13,0.0,674.13,1.0,False,2621;2629
BLK,Short,33,2024-06-07T20:00:00Z,732.134821,2024-06-12T20:00:00Z,733.717939,-52.24,9.6857,-76.16,316.6,392.77,5.0,False,2559;2630
GS,Long,57,2024-05-31T20:00:00Z,429.722203,2024-06-12T20:00:00Z,435.302018,318.05,9.8598,-298.99,649.17,948.16,12.0,True,2473;2631
MCD,Long,102,2024-06-11T20:00:00Z,239.645278,2024-06-12T20:00:00Z,241.416499,180.66,9.8305,0.0,180.66,0.0,1.0,True,2614;2632
KLAC,Long,327,2024-06-10T20:00:00Z,74.841033,2024-06-12T20:00:00Z,79.190289,1422.21,10.4322,0.0,2145.05,722.84,2.0,True,2595;2633
TSLA,Long,142,2024-06-11T20:00:00Z,173.89,2024-06-12T20:00:00Z,171.15,-389.08,9.8818,-389.08,482.8,871.88,1.0,False,2611;2634
UPS,Long,206,2024-06-11T20:00:00Z,119.162161,2024-06-12T20:00:00Z,120.660837,308.73,9.8283,-59.23,308.73,59.23,1.0,True,2623;2635
PANW,Long,162,2024-05-29T20:00:00Z,152.725,2024-06-12T20:00:00Z,157.825,826.2,10.1501,-1244.16,1146.96,1244.16,14.0,True,2439;2636
CB,Short,94,2024-06-03T20:00:00Z,261.460575,2024-06-12T20:00:00Z,254.856275,620.8,14.5337,0.0,633.55,358.65,9.0,True,2502;2649
ACN,Long,90,2024-06-06T20:00:00Z,275.528839,2024-06-13T20:00:00Z,272.188809,-300.6,9.777,-756.19,257.17,1013.36,7.0,False,2538;2651
ADP,Long,107,2024-06-11T20:00:00Z,231.253467,2024-06-13T20:00:00Z,228.873564,-254.65,9.8421,-254.65,0.0,254.65,2.0,False,2625;2652
AMAT,Long,113,2024-06-07T20:00:00Z,220.258433,2024-06-13T20:00:00Z,227.665545,837.0,10.1968,0.0,1491.95,654.95,6.0,True,2553;2653
BSX,Short,328,2024-06-04T20:00:00Z,75.38,2024-06-13T20:00:00Z,77.11,-567.44,10.0289,-669.12,0.0,669.12,9.0,False,2521;2654
C,Short,428,2024-06-11T20:00:00Z,57.187566,2024-06-13T20:00:00Z,56.227696,410.82,9.6157,0.0,410.82,88.61,2.0,True,2624;2655
IBM,Long,155,2024-06-12T20:00:00Z,161.011272,2024-06-13T20:00:00Z,158.812461,-340.82,9.8493,-340.82,0.0,340.82,1.0,False,2644;2656
MDLZ,Long,391,2024-06-12T20:00:00Z,63.090025,2024-06-13T20:00:00Z,61.643006,-565.78,9.6512,-565.78,0.0,565.78,1.0,False,2650;2657
NEE,Long,343,2024-06-11T20:00:00Z,70.531763,2024-06-13T20:00:00Z,68.012102,-864.24,9.3762,-976.69,0.0,976.69,2.0,False,2617;2658
NOW,Long,173,2024-06-12T20:00:00Z,144.452,2024-06-13T20:00:00Z,144.4,-9.0,9.9043,-432.5,0.0,432.5,1.0,False,2646;2659
REGN,Short,25,2024-05-24T20:00:00Z,974.840604,2024-06-13T20:00:00Z,1013.119374,-956.97,9.9638,-1080.55,434.65,1515.2,20.0,False,2380;2660
RTX,Short,240,2024-06-11T20:00:00Z,102.35249,2024-06-13T20:00:00Z,102.400534,-11.53,9.7756,-57.65,343.61,355.14,2.0,False,2619;2661
SBUX,Long,319,2024-06-04T20:00:00Z,77.475208,2024-06-13T20:00:00Z,75.121746,-750.75,9.831,-780.91,0.0,780.91,9.0,False,2524;2662
SPGI,Long,61,2024-06-12T20:00:00Z,403.437451,2024-06-13T20:00:00Z,408.826528,328.73,9.9463,0.0,328.73,0.0,1.0,True,2647;2663
V,Long,91,2024-06-12T20:00:00Z,272.113622,2024-06-13T20:00:00Z,265.772136,-577.08,9.6897,-577.08,0.0,577.08,1.0,False,2639;2664
COP,Long,234,2024-06-11T20:00:00Z,105.539397,2024-06-13T20:00:00Z,104.58834,-222.55,14.6362,-501.82,0.0,501.82,2.0,False,2620;2676
AVGO,Short,175,2024-06-11T20:00:00Z,140.540669,2024-06-14T20:00:00Z,164.748042,-4236.29,10.9251,-5059.76,0.0,5059.76,3.0,False,2610;2684
AXP,Long,112,2024-06-13T20:00:00Z,218.023093,2024-06-14T20:00:00Z,216.042041,-221.88,9.7716,-221.88,154.11,375.99,1.0,False,2672;2685
COP,Short,234,2024-06-13T20:00:00Z,104.58834,2024-06-14T20:00:00Z,103.665255,216.0,4.7734,0.0,606.55,390.55,1.0,True,2676;2686
CVX,Long,175,2024-06-06T20:00:00Z,140.392134,2024-06-14T20:00:00Z,139.372755,-178.39,9.8274,-267.59,409.34,676.93,8.0,False,2537;2687
DE,Long,68,2024-06-13T20:00:00Z,357.173148,2024-06-14T20:00:00Z,363.798964,450.56,9.9736,0.0,647.8,197.24,1.0,True,2681;2688
ELV,Long,48,2024-06-11T20:00:00Z,514.139139,2024-06-14T20:00:00Z,515.300765,55.76,9.8774,-227.64,147.46,227.64,3.0,True,2622;2689
ANET,Long,334,2024-06-07T20:00:00Z,74.385,2024-06-14T20:00:00Z,82.365,2665.32,10.4418,0.0,2849.86,267.2,7.0,True,2560;2690
INTC,Long,802,2024-06-13T20:00:00Z,30.158686,2024-06-14T20:00:00Z,30.109001,-39.85,9.7084,-39.85,79.69,119.54,1.0,False,2675;2691
MDT,Short,335,2024-05-31T20:00:00Z,74.395015,2024-06-14T20:00:00Z,74.791321,-132.76,10.0288,-1034.31,0.0,1034.31,14.0,False,2479;2692
SNPS,Long,41,2024-06-13T20:00:00Z,585.88,2024-06-14T20:00:00Z,586.91,42.23,9.6494,0.0,177.53,135.3,1.0,True,2683;2693
MS,Long,274,2024-06-12T20:00:00Z,91.579862,2024-06-14T20:00:00Z,88.782969,-766.35,9.8572,-766.35,0.0,766.35,2.0,False,2645;2694
MSFT,Short,58,2024-06-12T20:00:00Z,427.641594,2024-06-14T20:00:00Z,430.412745,-160.73,10.0726,-421.2,0.0,421.2,2.0,False,2637;2695
TSLA,Long,138,2024-06-13T20:00:00Z,188.11,2024-06-14T20:00:00Z,185.78,-321.54,9.9492,-1393.8,0.0,1393.8,1.0,False,2665;2696
WFC,Long,454,2024-06-12T20:00:00Z,55.324667,2024-06-14T20:00:00Z,54.146535,-534.87,9.8951,-534.87,0.0,534.87,2.0,False,2642;2697
AAPL,Short,115,2024-06-14T20:00:00Z,211.860459,2024-06-17T20:00:00Z,211.246314,70.63,9.7775,-317.82,70.63,317.82,3.0,True,2698;2713
ADI,Long,108,2024-06-12T20:00:00Z,231.175665,2024-06-17T20:00:00Z,222.96464,-886.79,9.8358,-886.79,0.0,886.79,5.0,False,2648;2714
AMGN,Long,86,2024-06-07T20:00:00Z,286.788261,2024-06-17T20:00:00Z,279.093075,-661.79,9.7829,-661.79,0.0,661.79,10.0,False,2572;2715
CB,Long,96,2024-06-12T20:00:00Z,254.856275,2024-06-17T20:00:00Z,252.524021,-223.9,4.8643,-262.14,2.79,264.93,5.0,False,2649;2716
CSCO,Long,571,2024-06-10T20:00:00Z,43.217141,2024-06-17T20:00:00Z,42.924047,-167.36,9.8838,-167.36,32.39,199.75,7.0,False,2588;2717
ISRG,Long,59,2024-06-10T20:00:00Z,416.6,2024-06-17T20:00:00Z,425.36,516.84,10.0109,0.0,790.6,306.8,7.0,True,2590;2718
LLY,Short,31,2024-05-22T20:00:00Z,784.729818,2024-06-17T20:00:00Z,864.667219,-2478.06,10.3062,-2692.07,0.0,2692.07,26.0,False,2354;2719
LOW,Short,112,2024-06-14T20:00:00Z,215.061069,2024-06-17T20:00:00Z,212.717314,262.5,9.6455,-210.0,262.5,210.0,3.0,True,2710;2720
NFLX,Long,373,2024-06-14T20:00:00Z,65.505,2024-06-17T20:00:00Z,66.911,524.44,10.0353,0.0,775.09,250.66,3.0,True,2699;2721
KLAC,Short,301,2024-06-13T20:00:00Z,80.241466,2024-06-17T20:00:00Z,81.263143,-307.52,9.9385,-972.6,0.0,972.6,4.0,False,2680;2722
TMO,Long,42,2024-06-14T20:00:00Z,568.485985,2024-06-17T20:00:00Z,562.124928,-267.16,9.5033,-267.16,0.0,267.16,3.0,False,2701;2723
PANW,Long,152,2024-06-14T20:00:00Z,159.32,2024-06-17T20:00:00Z,157.595,-262.2,9.6806,-262.2,72.2,334.4,3.0,False,2711;2724
MU,Long,184,2024-06-11T20:00:00Z,134.31705,2024-06-18T20:00:00Z,150.669813,3008.91,10.542,0.0,3319.48,325.19,7.0,True,2618;2736
AMT,Long,134,2024-06-14T20:00:00Z,181.746163,2024-06-18T20:00:00Z,179.555102,-293.6,9.7403,-331.08,0.0,331.08,4.0,False,2712;2737
BX,Long,213,2024-06-13T20:00:00Z,114.562418,2024-06-18T20:00:00Z,113.799599,-162.48,9.7136,-376.48,0.0,376.48,5.0,False,2682;2738
DELL,Long,184,2024-06-03T20:00:00Z,135.842033,2024-06-18T20:00:00Z,138.693015,524.58,10.0001,-1883.16,1527.51,1883.16,15.0,True,2504;2739
COP,Short,240,2024-06-17T20:00:00Z,101.539362,2024-06-18T20:00:00Z,102.630281,-261.82,9.7992,-261.82,0.0,261.82,1.0,False,2734;2740
CRM,Long,104,2024-06-07T20:00:00Z,237.776906,2024-06-18T20:00:00Z,226.45794,-1177.17,9.6802,-1325.34,0.0,1325.34,11.0,False,2571;2741
DIS,Long,250,2024-06-13T20:00:00Z,97.865671,2024-06-18T20:00:00Z,98.293669,107.0,9.8041,-153.2,226.16,153.2,5.0,True,2670;2742
LMT,Short,56,2024-06-03T20:00:00Z,439.383851,2024-06-18T20:00:00Z,432.962812,359.58,9.7957,-218.07,404.46,258.73,15.0,True,2501;2743
TJX,Long,235,2024-06-13T20:00:00Z,104.170518,2024-06-18T20:00:00Z,107.145708,699.17,9.9858,0.0,712.88,13.71,5.0,True,2677;2744
TSLA,Long,137,2024-06-17T20:00:00Z,177.9,2024-06-18T20:00:00Z,186.43,1168.61,10.201,0.0,1168.61,0.0,1.0,True,2726;2745
UPS,Long,207,2024-06-17T20:00:00Z,118.073007,2024-06-18T20:00:00Z,118.761352,142.49,9.7415,-236.28,142.49,236.28,1.0,True,2735;2746
XOM,Long,235,2024-05-30T20:00:00Z,105.38984,2024-06-18T20:00:00Z,101.686727,-870.23,9.768,-1073.58,872.42,1945.99,19.0,False,2448;2747
BLK,Short,33,2024-06-13T20:00:00Z,731.438631,2024-06-18T20:00:00Z,742.863783,-377.03,14.7099,-525.26,0.0,525.26,5.0,False,2679;2756
LRCX,Long,241,2024-06-13T20:00:00Z,100.677955,2024-06-21T20:00:00Z,104.087093,821.6,9.8777,0.0,1522.35,928.41,8.0,True,2674;2764
HD,Short,77,2024-06-12T20:00:00Z,327.667669,2024-06-21T20:00:00Z,335.041915,-567.82,10.1777,-637.61,13.81,651.43,9.0,False,2640;2765
MCD,Long,102,2024-06-17T20:00:00Z,238.972782,2024-06-21T20:00:00Z,245.877703,704.3,9.9105,-145.88,704.3,145.88,4.0,True,2728;2767
ORCL,Short,180,2024-06-13T20:00:00Z,136.282497,2024-06-21T20:00:00Z,139.377842,-557.16,9.8281,-731.82,405.21,1137.03,8.0,False,2666;2769
SCHW,Long,344,2024-06-17T20:00:00Z,70.794072,2024-06-21T20:00:00Z,70.473649,-110.23,9.7633,-110.23,143.63,253.85,4.0,False,2732;2771
MSFT,Short,56,2024-06-17T20:00:00Z,434.579298,2024-06-21T20:00:00Z,439.699047,-286.71,9.885,-414.93,0.0,414.93,4.0,False,2725;2772
ABT,Long,255,2024-06-03T20:00:00Z,97.461751,2024-06-21T20:00:00Z,101.744841,1092.19,10.1479,0.0,1315.98,1004.62,18.0,True,2495;2787
ADI,Short,109,2024-06-18T20:00:00Z,224.125209,2024-06-21T20:00:00Z,224.028495,10.54,9.8341,0.0,235.08,224.54,3.0,True,2757;2788
AXP,Long,111,2024-06-17T20:00:00Z,218.794045,2024-06-21T20:00:00Z,225.537429,748.52,9.9365,0.0,748.52,0.0,4.0,True,2729;2789
BA,Short,145,2024-05-24T20:00:00Z,173.0,2024-06-21T20:00:00Z,176.83,-555.35,10.1813,-2670.9,195.75,2866.65,28.0,False,2377;2790
BKNG,Long,161,2024-06-14T20:00:00Z,150.655563,2024-06-21T20:00:00Z,156.371585,920.28,9.9224,0.0,961.43,41.15,7.0,True,2709;2791
BLK,Long,33,2024-06-18T20:00:00Z,742.863783,2024-06-21T20:00:00Z,747.4224,150.43,4.9574,0.0,272.54,122.11,3.0,True,2756;2792
ETN,Long,76,2024-06-14T20:00:00Z,315.652848,2024-06-21T20:00:00Z,314.261278,-105.76,9.453,-318.76,238.14,556.9,7.0,False,2708;2793
INTU,Long,42,2024-06-13T20:00:00Z,583.346058,2024-06-21T20:00:00Z,614.067073,1290.28,10.111,0.0,1550.32,260.03,8.0,True,2671;2794
JPM,Long,133,2024-06-12T20:00:00Z,186.945854,2024-06-21T20:00:00Z,187.737998,105.36,9.8457,-281.79,354.15,300.83,9.0,True,2638;2795
LIN,Long,58,2024-06-12T20:00:00Z,425.372996,2024-06-21T20:00:00Z,430.666483,307.02,9.8783,-58.59,307.02,157.74,9.0,True,2641;2796
MRK,Long,207,2024-06-18T20:00:00Z,119.362046,2024-06-21T20:00:00Z,121.120791,364.06,9.9668,0.0,471.93,107.87,3.0,True,2749;2797
NEE,Long,363,2024-06-18T20:00:00Z,64.911702,2024-06-21T20:00:00Z,68.97688,1475.66,9.7414,0.0,1475.66,0.0,3.0,True,2754;2798
NKE,Long,278,2024-06-17T20:00:00Z,87.054282,2024-06-21T20:00:00Z,90.665437,1003.9,10.0747,0.0,1271.26,267.36,4.0,True,2730;2799
PFE,Long,1022,2024-06-12T20:00:00Z,24.281382,2024-06-21T20:00:00Z,23.911134,-378.39,9.7502,-1073.58,0.0,1073.58,9.0,False,2643;2800
SBUX,Long,319,2024-06-18T20:00:00Z,76.567849,2024-06-21T20:00:00Z,75.613232,-304.52,9.6549,-388.95,0.0,388.95,3.0,False,2759;2801
SPGI,Long,60,2024-06-14T20:00:00Z,403.929901,2024-06-21T20:00:00Z,407.600048,220.21,9.7407,-79.72,250.31,79.72,7.0,True,2706;2802
TXN,Long,132,2024-06-14T20:00:00Z,182.244588,2024-06-21T20:00:00Z,183.325796,142.72,9.666,-134.03,299.09,433.12,7.0,True,2703;2803
WFC,Long,449,2024-06-17T20:00:00Z,54.488573,2024-06-21T20:00:00Z,55.543191,473.52,9.9261,0.0,725.22,405.27,4.0,True,2727;2804
PEP,Long,162,2024-06-14T20:00:00Z,149.80378,2024-06-21T20:00:00Z,153.550481,606.97,14.7974,0.0,617.38,10.41,7.0,True,2700;2805
MU,Long,173,2024-06-21T20:00:00Z,136.560963,2024-06-24T20:00:00Z,141.356582,829.64,9.5692,0.0,829.64,0.0,3.0,True,2778;2811
AMGN,Long,86,2024-06-18T20:00:00Z,283.076245,2024-06-24T20:00:00Z,289.855115,582.98,10.0376,0.0,1238.34,655.35,6.0,True,2752;2812
AMZN,Long,133,2024-06-21T20:00:00Z,187.81,2024-06-24T20:00:00Z,189.31,199.5,9.9657,-297.92,199.5,297.92,3.0,True,2775;2813
DELL,Short,172,2024-06-21T20:00:00Z,141.022122,2024-06-24T20:00:00Z,138.494896,434.68,9.4008,0.0,1389.66,954.97,3.0,True,2810;2814
C,Short,434,2024-06-21T20:00:00Z,56.669989,2024-06-24T20:00:00Z,56.557063,49.01,9.9106,-457.43,49.01,457.43,3.0,True,2809;2815
DE,Short,66,2024-06-21T20:00:00Z,366.660772,2024-06-24T20:00:00Z,366.340638,21.13,9.6451,-13.45,21.13,13.45,3.0,True,2785;2816
DHR,Long,97,2024-06-14T20:00:00Z,250.144346,2024-06-24T20:00:00Z,251.485867,130.13,9.7904,-481.28,375.07,856.35,10.0,True,2702;2817
LOW,Long,113,2024-06-21T20:00:00Z,217.806611,2024-06-24T20:00:00Z,218.839777,116.75,9.8799,0.0,116.75,0.0,3.0,True,2780;2818
NOW,Long,168,2024-06-21T20:00:00Z,147.988,2024-06-24T20:00:00Z,148.4,69.22,10.0055,-11.76,69.22,11.76,3.0,True,2779;2819
NVDA,Short,190,2024-06-21T20:00:00Z,126.84875,2024-06-24T20:00:00Z,122.789989,771.16,9.2722,0.0,1722.33,951.17,3.0,True,2774;2820
PG,Short,156,2024-06-21T20:00:00Z,157.737956,2024-06-24T20:00:00Z,158.934082,-186.6,9.8943,-186.6,0.0,186.6,3.0,False,2776;2821
KLAC,Short,303,2024-06-21T20:00:00Z,81.903289,2024-06-24T20:00:00Z,80.020218,570.57,9.5971,0.0,1160.21,589.64,3.0,True,2784;2822
QCOM,Long,124,2024-06-11T20:00:00Z,197.484537,2024-06-24T20:00:00Z,197.112824,-46.09,9.6761,-751.66,2350.71,3102.38,13.0,False,2613;2823
UPS,Long,207,2024-06-21T20:00:00Z,119.040176,2024-06-24T20:00:00Z,120.068337,212.83,9.9272,0.0,357.12,144.29,3.0,True,2808;2824
SCHW,Short,351,2024-06-21T20:00:00Z,70.473649,2024-06-24T20:00:00Z,71.396079,-323.77,15.1449,-664.59,0.0,664.59,3.0,False,2807;2836
AXP,Long,111,2024-06-24T20:00:00Z,226.093686,2024-06-26T20:00:00Z,224.49323,-177.65,10.0123,-177.65,0.0,177.65,2.0,False,2832;2840
LRCX,Long,242,2024-06-24T20:00:00Z,102.903805,2024-06-26T20:00:00Z,103.461571,134.98,9.8867,0.0,186.31,51.33,2.0,True,2835;2841
CRM,Long,103,2024-06-24T20:00:00Z,238.94614,2024-06-26T20:00:00Z,237.433014,-155.85,9.778,-155.85,0.0,155.85,2.0,False,2828;2842
ELV,Long,48,2024-06-21T20:00:00Z,513.22712,2024-06-26T20:00:00Z,511.595084,-78.34,9.8497,-78.34,327.64,405.97,5.0,False,2782;2843
INTC,Long,809,2024-06-17T20:00:00Z,30.118938,2024-06-26T20:00:00Z,30.446858,265.29,9.8912,0.0,627.04,442.15,9.0,True,2733;2844
ISRG,Long,57,2024-06-24T20:00:00Z,432.78,2024-06-26T20:00:00Z,441.25,482.79,9.9362,0.0,557.46,74.67,2.0,True,2834;2845
MA,Long,56,2024-05-29T20:00:00Z,436.705096,2024-06-26T20:00:00Z,446.709817,560.26,9.8886,-28.18,792.88,375.17,28.0,True,2429;2846
MMC,Short,121,2024-06-24T20:00:00Z,206.192576,2024-06-26T20:00:00Z,202.307593,470.08,9.9262,0.0,470.08,0.0,2.0,True,2839;2847
SNPS,Long,40,2024-06-18T20:00:00Z,611.41,2024-06-26T20:00:00Z,597.44,-558.8,9.7506,-632.4,0.0,632.4,8.0,False,2758;2848
MS,Long,269,2024-06-18T20:00:00Z,91.325787,2024-06-26T20:00:00Z,91.636323,83.53,9.8449,-225.29,189.85,324.01,8.0,True,2753;2849
PM,Long,260,2024-06-11T20:00:00Z,94.858315,2024-06-26T20:00:00Z,94.226199,-164.35,9.8723,-543.41,0.0,543.41,15.0,False,2616;2850
PUYI,Long,50,2024-06-18T20:00:00Z,480.0,2024-06-26T20:00:00Z,427.2,-2640.0,8.844,-3030.0,597.0,3627.0,8.0,False,2750;2851
REGN,Short,23,2024-06-24T20:00:00Z,1050.090484,2024-06-26T20:00:00Z,1057.025044,-159.49,9.7203,-254.96,0.0,254.96,2.0,False,2838;2852
SCHW,Long,350,2024-06-24T20:00:00Z,71.396079,2024-06-26T20:00:00Z,71.434918,13.59,4.9794,-91.76,125.74,217.5,2.0,True,2836;2853
SYK,Long,72,2024-06-07T20:00:00Z,342.389298,2024-06-26T20:00:00Z,330.976974,-821.69,9.7227,-821.69,0.0,821.69,19.0,False,2574;2854
TJX,Long,230,2024-06-21T20:00:00Z,106.922082,2024-06-26T20:00:00Z,107.213768,67.09,9.9088,0.0,241.52,174.43,5.0,True,2781;2855
VRTX,Long,51,2024-06-18T20:00:00Z,473.4,2024-06-26T20:00:00Z,471.72,-85.68,9.6011,-239.19,79.05,239.19,8.0,False,2755;2856
VZ,Long,701,2024-06-10T20:00:00Z,35.307916,2024-06-26T20:00:00Z,35.385591,54.45,9.8531,-877.26,157.3,877.26,16.0,True,2589;2857
PEP,Short,161,2024-06-21T20:00:00Z,153.550481,2024-06-26T20:00:00Z,152.319947,198.12,9.8915,-128.63,198.12,128.63,5.0,True,2805;2860
MU,Long,177,2024-06-26T20:00:00Z,142.071457,2024-06-27T20:00:00Z,134.892921,-1270.6,9.6513,-1908.54,0.0,1908.54,1.0,False,2863;2872
AMGN,Long,83,2024-06-26T20:00:00Z,296.568533,2024-06-27T20:00:00Z,291.472694,-422.95,9.7242,-422.95,0.0,422.95,1.0,False,2862;2873
AMT,Long,138,2024-06-26T20:00:00Z,178.408292,2024-06-27T20:00:00Z,180.179787,244.47,9.9843,0.0,510.81,266.34,1.0,True,2871;2874
GS,Short,57,2024-06-26T20:00:00Z,435.120483,2024-06-27T20:00:00Z,428.747646,363.25,9.8227,0.0,514.65,151.4,1.0,True,2864;2875
IBM,Long,153,2024-06-14T20:00:00Z,158.135903,2024-06-27T20:00:00Z,160.79515,406.86,9.778,0.0,966.12,598.08,13.0,True,2705;2876
MRK,Short,201,2024-06-26T20:00:00Z,124.117172,2024-06-27T20:00:00Z,122.833009,258.12,9.7755,0.0,665.87,407.75,1.0,True,2859;2877
PEP,Long,162,2024-06-26T20:00:00Z,152.319947,2024-06-27T20:00:00Z,153.118876,129.43,4.9468,0.0,129.43,0.0,1.0,True,2860;2878
PFE,Long,1045,2024-06-24T20:00:00Z,24.074732,2024-06-27T20:00:00Z,23.566717,-530.88,10.1055,-530.88,26.99,557.87,3.0,False,2833;2879
PGR,Long,131,2024-06-13T20:00:00Z,187.128915,2024-06-27T20:00:00Z,192.123312,654.27,9.9995,0.0,951.88,320.51,14.0,True,2678;2880
RTX,Long,244,2024-06-17T20:00:00Z,99.931083,2024-06-27T20:00:00Z,97.500067,-593.17,9.6168,-792.45,377.47,1169.92,10.0,False,2731;2881
LIN,Long,58,2024-06-27T20:00:00Z,427.077596,2024-06-28T20:00:00Z,426.93676,-8.17,9.9058,-50.42,0.0,50.42,1.0,False,2883;2898
LOW,Long,119,2024-06-26T20:00:00Z,206.772211,2024-06-28T20:00:00Z,210.622284,458.16,10.001,0.0,493.45,35.29,2.0,True,2869;2899
PM,Long,262,2024-06-27T20:00:00Z,94.904085,2024-06-28T20:00:00Z,94.281915,-163.01,9.873,-211.67,0.0,211.67,1.0,False,2887;2902
BLK,Long,33,2024-06-24T20:00:00Z,752.057312,2024-06-28T20:00:00Z,748.156738,-128.72,9.9845,-234.46,182.85,417.31,4.0,False,2837;2916
CAT,Long,77,2024-06-11T20:00:00Z,318.477017,2024-06-28T20:00:00Z,319.205776,56.11,9.8823,-470.61,399.53,543.19,17.0,True,2615;2917
CRM,Long,103,2024-06-27T20:00:00Z,240.724554,2024-06-28T20:00:00Z,249.076222,860.22,10.3216,0.0,1224.55,364.33,1.0,True,2882;2918
HD,Short,74,2024-06-24T20:00:00Z,336.986979,2024-06-28T20:00:00Z,322.304582,1086.5,9.7138,0.0,1298.21,413.64,4.0,True,2827;2919
JNJ,Short,178,2024-06-21T20:00:00Z,139.04637,2024-06-28T20:00:00Z,137.306998,309.61,9.871,-205.85,349.77,205.85,7.0,True,2777;2920
MDT,Long,336,2024-06-27T20:00:00Z,73.731432,2024-06-28T20:00:00Z,73.216216,-173.11,9.8315,-207.48,0.0,207.48,1.0,False,2894;2921
SNPS,Long,41,2024-06-27T20:00:00Z,600.31,2024-06-28T20:00:00Z,596.82,-143.09,9.7585,-215.25,0.0,215.25,1.0,False,2895;2922
MS,Long,272,2024-06-27T20:00:00Z,90.413,2024-06-28T20:00:00Z,91.034072,168.93,9.8779,0.0,284.11,115.18,1.0,True,2888;2923
T,Long,1522,2024-06-21T20:00:00Z,16.286943,2024-06-28T20:00:00Z,16.925118,971.3,10.2698,0.0,1374.87,403.57,7.0,True,2806;2924
TJX,Long,231,2024-06-27T20:00:00Z,107.447116,2024-06-28T20:00:00Z,107.281828,-38.18,9.9115,-92.09,0.0,92.09,1.0,False,2892;2925
VRTX,Long,52,2024-06-27T20:00:00Z,476.77,2024-06-28T20:00:00Z,473.21,-185.12,9.7888,-418.6,0.0,418.6,1.0,False,2893;2926
NOW,Short,164,2024-06-27T20:00:00Z,151.642,2024-06-28T20:00:00Z,155.086,-564.82,15.2735,-933.49,0.0,933.49,1.0,False,2889;2928
UBER,Short,350,2024-06-27T20:00:00Z,71.21,2024-06-28T20:00:00Z,70.81,140.0,15.1426,-514.5,140.0,514.5,1.0,True,2890;2931
ADBE,Long,53,2024-06-13T20:00:00Z,457.87,2024-07-02T20:00:00Z,560.0,5412.89,10.8804,0.0,5821.52,491.31,19.0,True,2669;2936
AMT,Long,136,2024-06-28T20:00:00Z,182.911621,2024-07-02T20:00:00Z,181.317274,-216.83,9.8056,-495.8,0.0,495.8,4.0,False,2935;2937
COP,Long,232,2024-06-26T20:00:00Z,107.41354,2024-07-02T20:00:00Z,107.450836,8.65,9.8525,-266.07,8.65,266.07,6.0,True,2868;2938
INTU,Long,39,2024-06-27T20:00:00Z,627.05801,2024-07-02T20:00:00Z,638.753779,456.13,10.0079,0.0,693.77,246.44,5.0,True,2885;2939
ISRG,Long,55,2024-06-28T20:00:00Z,444.74,2024-07-02T20:00:00Z,436.31,-463.65,9.7203,-467.5,0.0,467.5,4.0,False,2929;2940
NKE,Short,279,2024-06-26T20:00:00Z,88.713716,2024-07-02T20:00:00Z,72.317377,4574.58,8.9492,-26.31,4924.45,384.06,6.0,True,2865;2941
UBER,Long,353,2024-06-28T20:00:00Z,70.81,2024-07-02T20:00:00Z,71.25,155.32,4.9893,-49.42,155.32,151.79,4.0,True,2931;2942
PUYI,Long,61,2024-06-28T20:00:00Z,402.0,2024-07-02T20:00:00Z,393.0,-549.0,9.6835,-549.0,0.0,549.0,4.0,False,2908;2943
QCOM,Long,133,2024-06-28T20:00:00Z,186.809697,2024-07-02T20:00:00Z,188.954196,285.22,10.1244,0.0,527.34,242.12,4.0,True,2906;2944
WFC,Long,458,2024-06-27T20:00:00Z,53.623977,2024-07-02T20:00:00Z,57.272384,1670.97,10.3034,0.0,1971.22,300.25,5.0,True,2884;2945
SPGI,Long,59,2024-06-26T20:00:00Z,414.698764,2024-07-02T20:00:00Z,414.73593,2.19,14.877,-17.54,226.41,224.21,6.0,True,2866;2951
ANET,Long,285,2024-06-28T20:00:00Z,87.0,2024-07-02T20:00:00Z,89.33,664.05,15.0751,0.0,664.05,0.0,4.0,True,2934;2956
C,Long,428,2024-06-28T20:00:00Z,58.345057,2024-07-03T17:00:00Z,60.867069,1079.42,10.3069,0.0,1079.42,88.61,4.875,True,2933;2959
ANET,Short,280,2024-07-02T20:00:00Z,89.33,2024-07-03T17:00:00Z,89.5025,-48.3,5.1052,-513.8,0.0,513.8,0.875,False,2956;2960
IBM,Long,154,2024-06-28T20:00:00Z,160.541441,2024-07-03T17:00:00Z,167.147272,1017.3,10.0914,0.0,1017.3,227.19,4.875,True,2909;2961
AMAT,Long,107,2024-06-24T20:00:00Z,228.893515,2024-07-03T17:00:00Z,237.842957,957.59,9.947,-87.24,1083.73,220.74,8.875,True,2829;2986
AMD,Long,154,2024-06-11T20:00:00Z,160.44,2024-07-03T17:00:00Z,164.15,571.34,9.9441,-894.74,595.98,894.74,21.875,True,2612;2987
AXP,Long,110,2024-06-27T20:00:00Z,224.249258,2024-07-03T17:00:00Z,230.543734,692.39,9.9642,0.0,692.39,27.91,5.875,True,2886;2988
LOW,Long,122,2024-07-02T20:00:00Z,203.466656,2024-07-03T17:00:00Z,206.470489,366.47,9.967,0.0,366.47,0.0,0.875,True,2954;2989
MS,Long,267,2024-07-02T20:00:00Z,93.132542,2024-07-03T17:00:00Z,94.031214,239.95,10.0425,0.0,309.04,69.09,0.875,True,2949;2990
NOW,Long,160,2024-06-28T20:00:00Z,155.086,2024-07-03T17:00:00Z,158.734,583.68,5.0299,0.0,597.76,262.08,4.875,True,2928;2991
ORCL,Short,181,2024-06-24T20:00:00Z,135.84585,2024-07-03T17:00:00Z,139.484578,-658.61,9.9852,-769.26,310.86,1080.12,8.875,False,2826;2992
PFE,Long,1037,2024-06-28T20:00:00Z,23.971406,2024-07-03T17:00:00Z,24.04029,71.43,9.9389,-151.79,339.3,491.1,4.875,True,2930;2993
KLAC,Short,306,2024-07-02T20:00:00Z,80.573831,2024-07-03T17:00:00Z,82.593585,-618.04,10.185,-1020.95,0.0,1020.95,0.875,False,2955;2994
SCHW,Long,347,2024-06-28T20:00:00Z,71.852439,2024-07-03T17:00:00Z,72.095183,84.23,9.961,-195.42,84.23,195.42,4.875,True,2910;2995
TMO,Long,45,2024-06-28T20:00:00Z,548.708158,2024-07-03T17:00:00Z,528.930332,-890.0,9.7227,-890.0,0.0,890.0,4.875,False,2907;2996
TMUS,Long,145,2024-07-02T20:00:00Z,170.408366,2024-07-03T17:00:00Z,171.125895,104.04,9.9447,0.0,104.04,0.0,0.875,True,2947;2997
TSLA,Short,125,2024-06-28T20:00:00Z,199.64,2024-07-03T17:00:00Z,234.55,-4363.75,11.1068,-5843.75,0.0,5843.75,4.875,False,2904;2998
TXN,Long,135,2024-06-24T20:00:00Z,183.880502,2024-07-03T17:00:00Z,186.277962,323.66,9.9724,-314.77,426.47,314.77,8.875,True,2831;2999
UNH,Long,52,2024-06-18T20:00:00Z,466.183333,2024-07-03T17:00:00Z,472.272948,316.66,9.5931,-401.14,913.42,953.93,14.875,True,2748;3000
UPS,Long,209,2024-06-28T20:00:00Z,118.656793,2024-07-03T17:00:00Z,118.129643,-110.17,9.9219,-231.28,0.0,231.28,4.875,False,2913;3001
ABBV,Long,161,2024-07-03T17:00:00Z,154.114396,2024-07-05T20:00:00Z,152.852456,-203.17,9.8924,-203.17,173.29,376.47,2.125,False,3002;3007
GS,Long,56,2024-07-02T20:00:00Z,440.948714,2024-07-05T20:00:00Z,446.643183,318.89,9.9558,0.0,342.97,169.61,3.0,True,2950;3008
LIN,Long,59,2024-07-03T17:00:00Z,417.787282,2024-07-05T20:00:00Z,419.992093,130.08,9.953,0.0,313.46,183.38,2.125,True,2972;3009
UBER,Long,352,2024-07-03T17:00:00Z,70.66,2024-07-05T20:00:00Z,70.99,116.16,10.0221,0.0,140.8,24.64,2.125,True,3004;3010
PEP,Long,166,2024-07-02T20:00:00Z,150.143554,2024-07-05T20:00:00Z,149.353808,-131.1,9.9991,-137.2,135.67,266.77,3.0,False,2946;3011
VRTX,Long,52,2024-07-03T17:00:00Z,477.52,2024-07-05T20:00:00Z,472.14,-279.76,9.8264,-279.76,0.0,279.76,2.125,False,2980;3012
LRCX,Long,239,2024-06-27T20:00:00Z,105.685759,2024-07-05T20:00:00Z,107.071335,331.15,15.0397,-366.59,331.15,366.59,8.0,True,2891;3016
SPGI,Short,60,2024-07-02T20:00:00Z,414.73593,2024-07-05T20:00:00Z,419.390977,-279.3,10.0235,-385.23,0.0,385.23,3.0,False,2951;3017
MU,Long,182,2024-07-05T20:00:00Z,135.846088,2024-07-08T20:00:00Z,130.340276,-1002.06,9.4835,-1087.06,0.0,1087.06,3.0,False,3015;3023
CAT,Long,78,2024-07-03T17:00:00Z,318.962856,2024-07-08T20:00:00Z,321.003379,159.16,9.9994,0.0,159.16,0.0,5.125,True,2974;3024
CI,Long,79,2024-05-21T20:00:00Z,318.878455,2024-07-08T20:00:00Z,305.949384,-1021.4,9.9489,-1094.64,724.18,1818.82,48.0,False,2344;3025
DHR,Long,103,2024-07-02T20:00:00Z,239.135973,2024-07-08T20:00:00Z,236.459925,-275.63,9.7857,-296.99,0.0,296.99,6.0,False,2948;3026
KO,Long,418,2024-06-13T20:00:00Z,58.603626,2024-07-08T20:00:00Z,59.725203,468.82,9.8514,-84.74,649.41,427.93,25.0,True,2668;3027
LOW,Long,121,2024-07-05T20:00:00Z,203.466656,2024-07-08T20:00:00Z,205.676482,267.39,9.9788,0.0,516.26,248.87,3.0,True,3019;3028
SPGI,Long,59,2024-07-05T20:00:00Z,419.390977,2024-07-08T20:00:00Z,422.057641,157.33,4.9984,0.0,247.79,90.45,3.0,True,3017;3029
MSFT,Short,56,2024-06-24T20:00:00Z,442.204875,2024-07-08T20:00:00Z,458.251999,-898.64,10.0585,-966.33,167.84,1134.17,14.0,False,2825;3030
WFC,Long,430,2024-07-03T17:00:00Z,57.95646,2024-07-08T20:00:00Z,56.977851,-420.8,9.7781,-813.01,0.0,813.01,5.125,False,2971;3031
SPY,Short,41,2024-05-20T20:00:00Z,514.422374,2024-07-08T20:00:00Z,541.252174,-1100.02,4.437,-1100.02,1165.26,1378.79,49.0,False,2329;3041
BX,Long,213,2024-06-21T20:00:00Z,116.050846,2024-07-09T20:00:00Z,112.13442,-834.2,9.7251,-834.2,101.05,935.25,18.0,False,2786;3042
DELL,Long,183,2024-06-26T20:00:00Z,134.179766,2024-07-09T20:00:00Z,141.080108,1262.76,10.0448,-164.48,1262.76,797.63,13.0,True,2870;3043
BSX,Short,326,2024-07-05T20:00:00Z,76.56,2024-07-09T20:00:00Z,76.45,35.86,9.9697,0.0,146.7,130.4,4.0,True,3020;3044
LRCX,Short,233,2024-07-05T20:00:00Z,107.071335,2024-07-09T20:00:00Z,108.616974,-360.13,5.0911,-507.71,0.0,507.71,4.0,False,3016;3045
ELV,Long,48,2024-06-28T20:00:00Z,520.993688,2024-07-09T20:00:00Z,506.122966,-713.79,9.8715,-743.75,0.0,743.75,11.0,False,2912;3046
MS,Long,263,2024-07-08T20:00:00Z,93.941817,2024-07-09T20:00:00Z,94.666401,190.57,10.0579,0.0,688.02,497.45,1.0,True,3035;3047
QCOM,Long,127,2024-07-05T20:00:00Z,196.321742,2024-07-09T20:00:00Z,196.064402,-32.68,9.9952,-32.68,231.2,263.88,4.0,False,3014;3048
ADI,Short,109,2024-07-09T20:00:00Z,226.078833,2024-07-10T20:00:00Z,226.755832,-73.79,9.9165,-481.76,0.0,481.76,1.0,False,3053;3056
AMGN,Long,85,2024-07-03T17:00:00Z,291.24829,2024-07-10T20:00:00Z,296.456331,442.68,10.0307,-48.48,809.07,366.39,7.125,True,2973;3057
COST,Short,29,2024-06-13T20:00:00Z,837.396435,2024-07-10T20:00:00Z,876.500155,-1134.01,9.9123,-1134.01,61.3,1195.31,27.0,False,2667;3058
INTC,Long,814,2024-07-02T20:00:00Z,30.655534,2024-07-10T20:00:00Z,34.3024,2968.55,10.6674,0.0,3251.65,283.1,8.0,True,2953;3059
NFLX,Long,363,2024-07-05T20:00:00Z,68.251,2024-07-10T20:00:00Z,68.502,91.11,9.9339,-176.42,117.25,293.67,5.0,True,3013;3060
NKE,Short,358,2024-07-09T20:00:00Z,68.989081,2024-07-10T20:00:00Z,67.933077,378.05,9.7888,0.0,378.05,0.0,1.0,True,3054;3061
PGR,Long,127,2024-06-28T20:00:00Z,193.521375,2024-07-10T20:00:00Z,192.784875,-93.54,9.7608,-109.8,84.1,178.81,12.0,False,2932;3062
TJX,Long,232,2024-07-03T17:00:00Z,107.252659,2024-07-10T20:00:00Z,109.391684,496.25,10.0767,0.0,600.02,103.76,7.125,True,2979;3063
VRTX,Long,52,2024-07-08T20:00:00Z,473.0,2024-07-10T20:00:00Z,487.34,745.68,10.1245,0.0,968.24,222.56,2.0,True,3039;3064
WFC,Long,440,2024-07-09T20:00:00Z,56.127506,2024-07-10T20:00:00Z,56.569305,194.39,9.9997,0.0,269.64,75.25,1.0,True,3050;3065
XOM,Short,234,2024-06-26T20:00:00Z,106.431922,2024-07-10T20:00:00Z,103.203329,755.49,9.8523,-156.76,755.49,193.77,14.0,True,2858;3066
ABBV,Long,158,2024-07-10T20:00:00Z,155.376336,2024-07-11T20:00:00Z,155.283546,-14.66,9.9121,-14.66,360.65,375.32,1.0,False,3068;3076
ACN,Long,91,2024-06-14T20:00:00Z,266.265696,2024-07-11T20:00:00Z,280.766588,1319.58,10.0914,0.0,2373.85,1165.83,27.0,True,2704;3077
AMAT,Long,100,2024-07-10T20:00:00Z,248.541027,2024-07-11T20:00:00Z,251.065732,252.47,9.7497,-1153.31,252.47,1153.31,1.0,True,3069;3078
AMT,Long,135,2024-07-08T20:00:00Z,181.932636,2024-07-11T20:00:00Z,187.489539,750.18,10.1544,0.0,1519.24,769.06,3.0,True,3040;3079
ANET,Short,270,2024-07-10T20:00:00Z,91.7725,2024-07-11T20:00:00Z,90.94,224.78,9.7654,0.0,504.9,280.12,1.0,True,3075;3080
LMT,Short,56,2024-07-03T17:00:00Z,438.90298,2024-07-11T20:00:00Z,433.651117,294.1,9.7832,0.0,294.1,37.49,8.125,True,3006;3081
MCD,Long,106,2024-07-03T17:00:00Z,235.146187,2024-07-11T20:00:00Z,237.949831,297.19,10.1365,-244.98,656.62,529.11,8.125,True,3003;3082
PG,Short,161,2024-07-03T17:00:00Z,153.640989,2024-07-11T20:00:00Z,156.560667,-470.07,9.9888,-556.5,0.0,556.5,8.125,False,2970;3083
SPGI,Short,57,2024-07-10T20:00:00Z,428.663906,2024-07-11T20:00:00Z,433.802112,-292.88,9.9485,-628.65,0.0,628.65,1.0,False,3073;3084
PANW,Long,145,2024-06-28T20:00:00Z,169.905,2024-07-11T20:00:00Z,168.61,-187.78,9.718,-636.55,163.12,799.68,13.0,False,2914;3085
UBER,Long,347,2024-07-08T20:00:00Z,71.31,2024-07-11T20:00:00Z,69.51,-624.6,15.2978,-707.88,770.34,1394.94,3.0,False,3037;3093
MU,Long,182,2024-07-11T20:00:00Z,135.53759,2024-07-12T20:00:00Z,130.956401,-833.78,9.5416,-833.78,0.0,833.78,1.0,False,3092;3096
AMD,Long,134,2024-07-11T20:00:00Z,184.05,2024-07-12T20:00:00Z,181.94,-282.74,9.7431,-326.96,0.0,326.96,1.0,False,3087;3097
COST,Short,28,2024-07-11T20:00:00Z,878.268168,2024-07-12T20:00:00Z,839.450886,1086.88,9.3449,0.0,1280.2,193.32,1.0,True,3086;3098
CVX,Short,175,2024-07-09T20:00:00Z,139.527482,2024-07-12T20:00:00Z,142.13964,-457.13,9.8306,-457.13,0.0,457.13,3.0,False,3049;3099
ELV,Long,48,2024-07-10T20:00:00Z,507.495796,2024-07-12T20:00:00Z,515.195162,369.57,9.8625,0.0,369.57,0.0,2.0,True,3074;3100
ETN,Long,81,2024-06-28T20:00:00Z,304.481363,2024-07-12T20:00:00Z,321.861391,1407.78,10.1529,-40.99,1407.78,82.76,14.0,True,2911;3101
INTU,Long,39,2024-07-11T20:00:00Z,627.445455,2024-07-12T20:00:00Z,620.616745,-266.32,9.7435,-266.32,128.75,395.07,1.0,False,3091;3102
META,Short,46,2024-07-08T20:00:00Z,538.55687,2024-07-12T20:00:00Z,493.316505,2081.06,9.3889,0.0,2081.06,214.13,4.0,True,3032;3103
ABNB,Long,169,2024-05-29T20:00:00Z,144.88,2024-07-12T20:00:00Z,146.83,329.55,9.9166,0.0,1598.74,1409.46,44.0,True,2412;3104
ORCL,Short,181,2024-07-10T20:00:00Z,136.932617,2024-07-12T20:00:00Z,138.86642,-350.02,10.0899,-712.84,0.0,712.84,2.0,False,3067;3105
UBER,Short,357,2024-07-11T20:00:00Z,69.51,2024-07-12T20:00:00Z,72.6,-1103.13,5.1715,-1103.13,0.0,1103.13,1.0,False,3093;3106
PFE,Long,1035,2024-07-10T20:00:00Z,23.936965,2024-07-12T20:00:00Z,24.884111,980.3,10.2076,0.0,1007.03,26.74,2.0,True,3071;3107
PM,Long,261,2024-07-10T20:00:00Z,94.495496,2024-07-12T20:00:00Z,97.671347,828.9,10.1169,0.0,1015.52,186.62,2.0,True,3070;3108
KLAC,Short,281,2024-07-11T20:00:00Z,88.137584,2024-07-12T20:00:00Z,83.961393,1173.51,9.4537,0.0,1173.51,0.0,1.0,True,3094;3109
SYK,Long,75,2024-07-03T17:00:00Z,327.675142,2024-07-12T20:00:00Z,331.66807,299.47,9.8801,0.0,395.12,231.04,9.125,True,2978;3110
TXN,Long,129,2024-07-11T20:00:00Z,191.618188,2024-07-12T20:00:00Z,190.029283,-204.97,9.7478,-235.29,0.0,235.29,1.0,False,3090;3111
HON,Long,124,2024-06-13T20:00:00Z,195.527352,2024-07-12T20:00:00Z,204.269908,1084.08,14.9203,0.0,1084.08,616.96,29.0,True,2673;3120
ABT,Long,247,2024-06-26T20:00:00Z,100.24719,2024-07-15T20:00:00Z,99.666615,-143.4,9.8199,-812.88,0.0,812.88,19.0,False,2861;3128
ACN,Long,88,2024-07-12T20:00:00Z,284.710473,2024-07-15T20:00:00Z,297.140838,1093.87,10.5122,0.0,1528.74,434.87,3.0,True,3117;3129
AMZN,Short,125,2024-06-28T20:00:00Z,197.73,2024-07-15T20:00:00Z,194.5,403.75,9.6493,-283.75,626.25,350.0,17.0,True,2927;3130
BX,Long,214,2024-07-11T20:00:00Z,117.678813,2024-07-15T20:00:00Z,120.702182,647.0,10.3114,0.0,1168.58,521.58,4.0,True,3095;3131
COP,Long,234,2024-07-03T17:00:00Z,106.341269,2024-07-15T20:00:00Z,106.303973,-8.73,10.0077,-624.01,113.46,624.01,12.125,False,2976;3132
CSCO,Long,569,2024-06-18T20:00:00Z,43.084776,2024-07-15T20:00:00Z,45.20845,1208.37,10.0897,0.0,1208.37,714.22,27.0,True,2751;3133
GS,Long,55,2024-07-08T20:00:00Z,446.815164,2024-07-15T20:00:00Z,458.853806,662.13,10.0585,0.0,1291.67,629.54,7.0,True,3036;3134
IBM,Long,148,2024-07-09T20:00:00Z,166.884167,2024-07-15T20:00:00Z,172.315419,803.83,9.9952,0.0,803.83,0.0,6.0,True,3051;3135
INTC,Long,750,2024-07-12T20:00:00Z,33.606812,2024-07-15T20:00:00Z,34.481265,655.84,10.2773,0.0,655.84,0.0,3.0,True,3119;3136
NFLX,Short,365,2024-07-11T20:00:00Z,67.151,2024-07-15T20:00:00Z,64.7,894.62,9.5572,0.0,894.62,323.02,4.0,True,3088;3137
PUYI,Long,63,2024-07-03T17:00:00Z,390.0,2024-07-15T20:00:00Z,343.2,-2948.4,9.3366,-2948.4,0.0,2948.4,12.125,False,2975;3138
TMUS,Long,144,2024-07-08T20:00:00Z,171.288535,2024-07-15T20:00:00Z,171.01109,-39.95,9.9445,-39.95,373.34,413.3,7.0,False,3033;3139
VZ,Long,693,2024-07-08T20:00:00Z,35.670402,2024-07-15T20:00:00Z,36.341874,465.33,9.927,-17.94,465.33,389.05,7.0,True,3034;3140
UNP,Long,115,2024-06-14T20:00:00Z,210.615524,2024-07-15T20:00:00Z,219.122358,978.29,15.1454,0.0,1603.12,624.83,31.0,True,2707;3146
HON,Short,123,2024-07-12T20:00:00Z,204.269908,2024-07-15T20:00:00Z,202.985904,157.93,10.0194,0.0,157.93,0.0,3.0,True,3120;3147
DELL,Long,183,2024-07-12T20:00:00Z,134.914256,2024-07-17T20:00:00Z,123.838917,-2026.79,9.3643,-2552.05,0.0,2552.05,5.0,False,3126;3153
ETN,Long,78,2024-07-15T20:00:00Z,320.489284,2024-07-17T20:00:00Z,318.182976,-179.89,9.6934,-1354.12,236.82,1590.94,2.0,False,3148;3154
MMC,Short,119,2024-07-12T20:00:00Z,210.096791,2024-07-17T20:00:00Z,210.875711,-92.69,10.0475,-249.47,1.14,250.61,5.0,False,3125;3158
UPS,Short,202,2024-07-15T20:00:00Z,124.607931,2024-07-17T20:00:00Z,128.075797,-700.51,15.2448,-769.15,0.0,769.15,2.0,False,3151;3175
BLK,Long,33,2024-07-03T17:00:00Z,752.581839,2024-07-17T20:00:00Z,807.113576,1799.55,15.2343,0.0,1799.55,157.67,14.125,True,3005;3176
AMAT,Long,104,2024-07-15T20:00:00Z,240.210482,2024-07-17T20:00:00Z,227.164534,-1356.78,9.5142,-2497.98,134.86,2632.85,2.0,False,3142;3179
C,Long,409,2024-07-05T20:00:00Z,60.69768,2024-07-17T20:00:00Z,62.749167,839.06,10.1334,0.0,1197.01,946.83,12.0,True,3018;3180
CI,Long,79,2024-07-09T20:00:00Z,307.966171,2024-07-17T20:00:00Z,324.587933,1313.12,10.1656,0.0,1703.51,390.39,8.0,True,3055;3181
KKR,Long,231,2024-06-11T20:00:00Z,106.545386,2024-07-17T20:00:00Z,113.34762,1571.32,10.1722,-881.03,1880.13,1584.94,36.0,True,2626;3182
HON,Long,123,2024-07-15T20:00:00Z,202.985904,2024-07-17T20:00:00Z,207.394947,542.31,5.1147,0.0,606.18,63.87,2.0,True,3147;3183
INTU,Long,39,2024-07-15T20:00:00Z,629.852698,2024-07-17T20:00:00Z,651.498235,844.18,10.094,0.0,962.2,277.43,2.0,True,3143;3184
LIN,Long,58,2024-07-11T20:00:00Z,422.595129,2024-07-17T20:00:00Z,434.172812,671.51,9.9625,0.0,806.14,135.2,6.0,True,3089;3185
LOW,Long,118,2024-07-09T20:00:00Z,206.604418,2024-07-17T20:00:00Z,229.066203,2650.49,10.371,0.0,3055.74,405.25,8.0,True,3052;3186
SNPS,Long,41,2024-07-02T20:00:00Z,601.42,2024-07-17T20:00:00Z,604.35,120.13,9.6763,-1272.64,815.08,2087.72,15.0,True,2957;3187
NEE,Long,352,2024-07-15T20:00:00Z,69.473318,2024-07-17T20:00:00Z,67.20656,-797.9,9.3552,-1078.15,0.0,1078.15,2.0,False,3145;3188
PEP,Long,165,2024-07-12T20:00:00Z,151.576117,2024-07-17T20:00:00Z,152.47606,148.49,10.1904,-181.83,731.85,583.36,5.0,True,3116;3189
PG,Short,160,2024-07-12T20:00:00Z,156.551249,2024-07-17T20:00:00Z,157.653192,-176.31,10.1281,-485.23,247.14,732.37,5.0,False,3112;3190
PGR,Long,128,2024-07-12T20:00:00Z,195.481103,2024-07-17T20:00:00Z,198.803076,425.21,10.2393,-286.22,1050.66,836.29,5.0,True,3123;3191
REGN,Short,23,2024-07-12T20:00:00Z,1081.870581,2024-07-17T20:00:00Z,1082.791887,-21.19,9.9601,-66.3,227.17,293.47,5.0,False,3124;3192
SCHW,Long,347,2024-07-08T20:00:00Z,72.046634,2024-07-17T20:00:00Z,64.337062,-2675.22,9.2346,-3504.07,633.43,4137.5,9.0,False,3038;3193
SYK,Long,75,2024-07-15T20:00:00Z,332.119359,2024-07-17T20:00:00Z,326.507677,-420.88,9.7596,-420.88,0.0,420.88,2.0,False,3149;3194
T,Long,1463,2024-07-02T20:00:00Z,17.059943,2024-07-17T20:00:00Z,17.260794,293.84,10.0602,-394.5,594.15,394.5,15.0,True,2952;3195
TJX,Short,225,2024-07-12T20:00:00Z,111.141795,2024-07-17T20:00:00Z,111.666829,-118.13,9.9874,-155.32,109.38,264.7,5.0,False,3122;3196
TMO,Long,46,2024-07-15T20:00:00Z,542.416567,2024-07-17T20:00:00Z,548.777624,292.61,10.0404,0.0,403.08,110.47,2.0,True,3141;3197
UNP,Short,114,2024-07-15T20:00:00Z,219.122358,2024-07-17T20:00:00Z,231.644723,-1427.55,5.2913,-1476.36,0.0,1476.36,2.0,False,3146;3198
PANW,Short,149,2024-07-15T20:00:00Z,166.405,2024-07-17T20:00:00Z,167.325,-137.08,10.0284,-431.36,49.92,431.36,2.0,False,3152;3199
ABT,Long,254,2024-07-17T20:00:00Z,98.352814,2024-07-18T20:00:00Z,98.189788,-41.41,9.9746,-606.52,0.0,606.52,1.0,False,3170;3208
ADI,Short,106,2024-07-17T20:00:00Z,232.57802,2024-07-18T20:00:00Z,228.709456,410.07,9.7309,0.0,410.07,0.0,1.0,True,3206;3209
ADP,Long,111,2024-06-28T20:00:00Z,224.001515,2024-07-18T20:00:00Z,233.905831,1099.38,10.1693,-445.61,1208.17,445.61,20.0,True,2915;3210
BX,Long,196,2024-07-17T20:00:00Z,126.023311,2024-07-18T20:00:00Z,123.02785,-587.11,9.8919,-587.11,171.39,758.5,1.0,False,3178;3211
LRCX,Long,239,2024-07-12T20:00:00Z,103.794463,2024-07-18T20:00:00Z,96.644655,-1708.8,9.493,-2449.97,445.92,2895.88,6.0,False,3121;3212
COP,Long,233,2024-07-17T20:00:00Z,107.926365,2024-07-18T20:00:00Z,108.07555,34.76,10.1104,0.0,186.84,152.08,1.0,True,3174;3213
DE,Long,70,2024-07-05T20:00:00Z,353.683049,2024-07-18T20:00:00Z,372.810528,1338.92,10.0988,-976.24,1497.77,976.24,13.0,True,3021;3214
DIS,Long,251,2024-06-24T20:00:00Z,99.460937,2024-07-18T20:00:00Z,95.092373,-1096.51,9.7279,-1270.66,0.0,1270.66,24.0,False,2830;3215
ELV,Long,48,2024-07-15T20:00:00Z,520.744083,2024-07-18T20:00:00Z,487.095354,-1615.14,9.5423,-1737.71,493.53,2231.24,3.0,False,3150;3216
GS,Long,52,2024-07-17T20:00:00Z,480.466035,2024-07-18T20:00:00Z,477.265285,-166.44,9.8213,-827.72,0.0,827.72,1.0,False,3171;3217
JNJ,Short,177,2024-07-12T20:00:00Z,141.030195,2024-07-18T20:00:00Z,146.248312,-923.61,10.1613,-1095.01,126.48,1221.49,6.0,False,3113;3218
JPM,Short,124,2024-07-03T17:00:00Z,199.992362,2024-07-18T20:00:00Z,206.935367,-860.93,9.937,-1008.49,429.03,1437.52,15.125,False,2969;3219
MDT,Long,346,2024-07-05T20:00:00Z,71.66337,2024-07-18T20:00:00Z,74.77836,1077.79,10.2193,-74.0,1348.04,318.51,13.0,True,3022;3220
NKE,Short,364,2024-07-17T20:00:00Z,68.357365,2024-07-18T20:00:00Z,68.800509,-161.3,9.9837,-161.3,41.18,202.49,1.0,False,3177;3221
ORCL,Long,180,2024-07-17T20:00:00Z,136.69648,2024-07-18T20:00:00Z,135.606645,-196.17,9.7108,-443.13,0.0,443.13,1.0,False,3167;3222
PUYI,Long,70,2024-07-17T20:00:00Z,369.6,2024-07-18T20:00:00Z,343.8,-1806.0,9.6264,-1890.0,0.0,1890.0,1.0,False,3173;3223
QCOM,Long,125,2024-07-17T20:00:00Z,190.3648,2024-07-18T20:00:00Z,184.693791,-708.88,9.1275,-985.28,0.0,985.28,1.0,False,3168;3224
UNH,Short,48,2024-07-17T20:00:00Z,526.309972,2024-07-18T20:00:00Z,536.285161,-478.81,10.3753,-478.81,0.0,478.81,1.0,False,3201;3225
UPS,Long,194,2024-07-17T20:00:00Z,128.075797,2024-07-18T20:00:00Z,127.230614,-163.97,4.894,-376.95,0.0,376.95,1.0,False,3175;3226
WFC,Long,437,2024-07-17T20:00:00Z,57.158371,2024-07-18T20:00:00Z,57.661927,220.05,9.9772,-381.98,220.05,381.98,1.0,True,3202;3227
BLK,Short,31,2024-07-17T20:00:00Z,807.113576,2024-07-18T20:00:00Z,796.489519,329.35,9.6454,0.0,511.76,182.41,1.0,True,3176;3248
AMAT,Long,114,2024-07-18T20:00:00Z,217.940027,2024-07-19T20:00:00Z,213.666693,-487.16,9.5844,-1297.97,0.0,1297.97,1.0,False,3236;3255
BKNG,Long,158,2024-06-26T20:00:00Z,156.59107,2024-07-19T20:00:00Z,154.624347,-310.74,9.8634,-640.84,812.12,1169.58,23.0,False,2867;3256
BLK,Long,30,2024-07-18T20:00:00Z,796.489519,2024-07-19T20:00:00Z,795.058991,-42.92,4.7534,-127.89,0.0,127.89,1.0,False,3248;3257
KKR,Long,222,2024-07-18T20:00:00Z,111.794509,2024-07-19T20:00:00Z,113.32796,340.43,10.0408,0.0,340.43,0.0,1.0,True,3253;3258
DHR,Long,102,2024-07-12T20:00:00Z,242.848866,2024-07-19T20:00:00Z,241.920643,-94.68,9.8756,-240.73,625.48,866.21,7.0,False,3118;3259
ISRG,Long,56,2024-07-15T20:00:00Z,444.0,2024-07-19T20:00:00Z,449.43,304.08,9.9933,-1560.16,616.56,1560.16,4.0,True,3144;3260
PEP,Long,159,2024-07-18T20:00:00Z,154.927945,2024-07-19T20:00:00Z,156.369691,229.24,9.9209,0.0,229.24,0.0,1.0,True,3233;3261
PG,Long,155,2024-07-18T20:00:00Z,158.981174,2024-07-19T20:00:00Z,159.15045,26.24,9.8513,-52.55,26.24,52.55,1.0,True,3229;3262
KLAC,Long,323,2024-07-18T20:00:00Z,78.054546,2024-07-19T20:00:00Z,77.231502,-265.84,9.8436,-991.91,0.0,991.91,1.0,False,3252;3263
REGN,Short,23,2024-07-18T20:00:00Z,1081.196938,2024-07-19T20:00:00Z,1062.166525,437.7,9.7103,0.0,633.42,195.72,1.0,True,3249;3264
TMUS,Long,143,2024-07-17T20:00:00Z,176.033794,2024-07-19T20:00:00Z,174.330858,-243.52,10.0037,-266.78,0.0,266.78,2.0,False,3169;3265
TMO,Long,45,2024-07-18T20:00:00Z,547.477626,2024-07-19T20:00:00Z,537.018103,-470.68,14.4793,-774.34,0.0,774.34,1.0,False,3235;3269
AXP,Long,102,2024-07-17T20:00:00Z,243.533884,2024-07-22T20:00:00Z,237.856876,-579.05,9.8781,-641.95,38.94,680.89,5.0,False,3203;3283
BSX,Long,328,2024-07-19T20:00:00Z,76.9,2024-07-22T20:00:00Z,77.67,252.56,10.2224,0.0,449.36,196.8,3.0,True,3279;3284
COP,Long,228,2024-07-19T20:00:00Z,109.241062,2024-07-22T20:00:00Z,105.865741,-769.57,9.6375,-1028.93,0.0,1028.93,3.0,False,3274;3285
INTU,Long,39,2024-07-19T20:00:00Z,627.632139,2024-07-22T20:00:00Z,632.377847,185.08,9.818,0.0,219.95,34.87,3.0,True,3270;3286
KO,Long,405,2024-07-18T20:00:00Z,60.842879,2024-07-22T20:00:00Z,61.284314,178.78,9.887,-3.8,194.0,197.8,4.0,True,3231;3287
LIN,Long,56,2024-07-18T20:00:00Z,434.163099,2024-07-22T20:00:00Z,435.017827,47.86,9.704,-122.38,47.86,122.38,4.0,True,3234;3288
LMT,Long,55,2024-07-18T20:00:00Z,447.398363,2024-07-22T20:00:00Z,447.869805,25.93,9.8593,0.0,25.93,17.11,4.0,True,3250;3289
ABNB,Long,165,2024-07-17T20:00:00Z,149.24,2024-07-22T20:00:00Z,148.14,-181.5,9.8399,-389.4,155.1,389.4,5.0,False,3207;3290
NOW,Long,166,2024-07-10T20:00:00Z,148.112,2024-07-22T20:00:00Z,150.962,473.1,9.9577,-149.07,906.03,1055.1,12.0,True,3072;3291
PFE,Short,961,2024-07-18T20:00:00Z,25.753763,2024-07-22T20:00:00Z,25.934582,-173.77,9.8137,-173.77,256.51,430.28,4.0,False,3238;3292
T,Long,1423,2024-07-18T20:00:00Z,17.425008,2024-07-22T20:00:00Z,17.060087,-519.28,9.7911,-701.03,19.47,720.51,4.0,False,3242;3293
UNP,Long,107,2024-07-18T20:00:00Z,230.883485,2024-07-22T20:00:00Z,231.016702,14.25,9.9022,-32.58,64.14,49.89,4.0,True,3241;3294
UPS,Long,196,2024-07-19T20:00:00Z,126.611974,2024-07-22T20:00:00Z,126.890798,54.65,9.9175,-22.2,54.65,22.2,3.0,True,3277;3295
WFC,Long,440,2024-07-19T20:00:00Z,56.34128,2024-07-22T20:00:00Z,56.303276,-16.72,9.9002,-54.35,0.0,54.35,3.0,False,3268;3296
ADI,Long,111,2024-07-22T20:00:00Z,229.328426,2024-07-23T20:00:00Z,226.078833,-360.7,10.0989,-730.0,0.0,730.0,1.0,False,3306;3307
AMGN,Long,80,2024-07-19T20:00:00Z,311.968255,2024-07-23T20:00:00Z,312.632117,53.11,9.9415,-30.67,173.54,204.21,4.0,True,3271;3308
AMT,Long,129,2024-07-12T20:00:00Z,194.920499,2024-07-23T20:00:00Z,195.386682,60.14,10.1062,-26.46,488.32,451.03,11.0,True,3127;3309
BA,Long,137,2024-07-19T20:00:00Z,181.4,2024-07-23T20:00:00Z,179.1,-315.1,10.0325,-342.5,695.96,1011.06,4.0,False,3280;3310
LRCX,Long,265,2024-07-19T20:00:00Z,94.225053,2024-07-23T20:00:00Z,94.639449,109.81,9.7678,0.0,455.91,452.01,4.0,True,3276;3311
COST,Short,29,2024-07-18T20:00:00Z,838.996536,2024-07-23T20:00:00Z,838.473046,15.18,9.6901,-76.77,323.67,400.44,5.0,True,3230;3312
DHR,Long,103,2024-07-22T20:00:00Z,243.026611,2024-07-23T20:00:00Z,266.617305,2429.84,10.4775,0.0,2429.84,0.0,1.0,True,3301;3313
IBM,Short,141,2024-07-18T20:00:00Z,175.378721,2024-07-23T20:00:00Z,173.236289,302.08,9.7864,0.0,449.15,147.07,5.0,True,3237;3314
NFLX,Long,392,2024-07-22T20:00:00Z,63.911,2024-07-23T20:00:00Z,64.75,328.89,10.1156,0.0,328.89,0.0,1.0,True,3297;3315
SPGI,Long,54,2024-07-18T20:00:00Z,453.323579,2024-07-23T20:00:00Z,453.295704,-1.51,9.8366,-403.9,384.84,403.9,5.0,False,3240;3316
TMUS,Long,142,2024-07-22T20:00:00Z,173.565494,2024-07-23T20:00:00Z,169.930013,-516.24,9.6183,-660.24,0.0,660.24,1.0,False,3298;3317
VZ,Long,680,2024-07-22T20:00:00Z,35.087496,2024-07-23T20:00:00Z,33.98224,-751.57,9.3028,-751.57,0.0,751.57,1.0,False,3300;3318
TMO,Short,46,2024-07-19T20:00:00Z,537.018103,2024-07-23T20:00:00Z,566.610416,-1361.25,9.974,-1361.25,0.0,1361.25,4.0,False,3269;3324
ANET,Long,298,2024-07-19T20:00:00Z,83.08,2024-07-23T20:00:00Z,85.5725,742.76,15.117,0.0,1066.84,324.08,4.0,True,3281;3329
ACN,Long,79,2024-07-22T20:00:00Z,314.294361,2024-07-24T20:00:00Z,313.020914,-100.6,9.9129,-153.16,0.0,153.16,2.0,False,3299;3333
C,Long,390,2024-07-18T20:00:00Z,63.633754,2024-07-24T20:00:00Z,60.584754,-1189.11,9.4358,-1453.36,0.0,1453.36,6.0,False,3245;3334
ANET,Short,290,2024-07-23T20:00:00Z,85.5725,2024-07-24T20:00:00Z,85.125,129.78,4.7258,0.0,1186.82,1057.05,1.0,True,3329;3335
INTU,Long,39,2024-07-23T20:00:00Z,632.446625,2024-07-24T20:00:00Z,618.828507,-531.11,9.6361,-898.21,0.0,898.21,1.0,False,3326;3336
MS,Short,258,2024-07-22T20:00:00Z,96.313182,2024-07-24T20:00:00Z,96.793101,-123.82,9.9254,-281.63,92.26,281.63,2.0,False,3302;3337
PLD,Long,217,2024-07-18T20:00:00Z,113.734451,2024-07-24T20:00:00Z,116.436225,586.28,9.9004,0.0,838.13,721.27,6.0,True,3251;3338
PM,Short,247,2024-07-18T20:00:00Z,99.602859,2024-07-24T20:00:00Z,102.082251,-612.41,10.0417,-958.75,32.11,990.87,6.0,False,3239;3339
PUYI,Long,72,2024-07-19T20:00:00Z,336.6,2024-07-24T20:00:00Z,325.8,-777.6,9.4262,-2332.8,604.8,2937.6,5.0,False,3275;3340
UNH,Short,46,2024-07-23T20:00:00Z,530.860558,2024-07-24T20:00:00Z,532.01008,-52.88,9.7405,-52.88,0.0,52.88,1.0,False,3320;3341
WFC,Short,442,2024-07-23T20:00:00Z,56.217766,2024-07-24T20:00:00Z,56.740324,-230.97,14.9398,-230.97,0.0,230.97,1.0,False,3325;3343
BX,Long,189,2024-07-23T20:00:00Z,132.14447,2024-07-24T20:00:00Z,132.56309,79.12,14.6271,-777.13,79.12,777.13,1.0,True,3331;3352
CB,Short,97,2024-07-23T20:00:00Z,255.108828,2024-07-24T20:00:00Z,260.28816,-502.4,14.7165,-502.4,234.7,737.1,1.0,False,3330;3354
AMD,Long,155,2024-07-18T20:00:00Z,163.17,2024-07-25T20:00:00Z,144.15,-2948.1,9.1168,-3851.75,0.0,3851.75,7.0,False,3232;3355
AMGN,Long,79,2024-07-24T20:00:00Z,311.594249,2024-07-25T20:00:00Z,314.156194,202.39,9.8968,0.0,202.39,0.0,1.0,True,3345;3356
BX,Short,185,2024-07-24T20:00:00Z,132.56309,2024-07-25T20:00:00Z,128.10711,824.36,4.8195,0.0,824.36,0.0,1.0,True,3352;3357
CB,Long,96,2024-07-24T20:00:00Z,260.28816,2024-07-25T20:00:00Z,251.027553,-889.02,4.8809,-889.02,0.0,889.02,1.0,False,3354;3358
FISV,Long,157,2024-07-18T20:00:00Z,157.94,2024-07-25T20:00:00Z,161.76,599.74,9.8521,-287.31,599.74,789.71,7.0,True,3254;3359
JNJ,Short,171,2024-07-23T20:00:00Z,144.142261,2024-07-25T20:00:00Z,147.122699,-509.65,10.032,-1017.7,0.0,1017.7,2.0,False,3321;3360
NEE,Long,368,2024-07-22T20:00:00Z,68.330573,2024-07-25T20:00:00Z,70.428729,772.12,10.0886,-289.55,847.95,679.05,3.0,True,3304;3361
UBER,Long,336,2024-07-17T20:00:00Z,73.36,2024-07-25T20:00:00Z,66.0,-2472.96,9.029,-2560.32,0.0,2560.32,8.0,False,3172;3362
TMO,Long,45,2024-07-23T20:00:00Z,566.610416,2024-07-25T20:00:00Z,571.740941,230.87,5.3096,0.0,1050.77,819.89,2.0,True,3324;3363
PANW,Short,147,2024-07-24T20:00:00Z,166.875,2024-07-25T20:00:00Z,164.0,422.62,9.4731,0.0,1014.3,591.68,1.0,True,3351;3364
VZ,Short,726,2024-07-24T20:00:00Z,34.455921,2024-07-25T20:00:00Z,35.017321,-407.58,10.141,-426.68,0.0,426.68,1.0,False,3347;3365
WFC,Long,437,2024-07-24T20:00:00Z,56.740324,2024-07-25T20:00:00Z,56.5218,-95.5,4.9574,-95.5,0.0,95.5,1.0,False,3343;3366
XOM,Short,224,2024-07-19T20:00:00Z,110.349034,2024-07-25T20:00:00Z,107.083223,731.54,9.7343,0.0,1081.68,837.83,6.0,True,3267;3367
TMUS,Short,146,2024-07-24T20:00:00Z,169.394258,2024-07-25T20:00:00Z,170.532738,-166.22,14.7604,-166.22,268.18,434.4,1.0,False,3344;3372
QCOM,Long,133,2024-07-23T20:00:00Z,185.094098,2024-07-25T20:00:00Z,171.559926,-1800.04,14.163,-2384.43,0.0,2384.43,2.0,False,3323;3373
MMC,Short,117,2024-07-24T20:00:00Z,210.933409,2024-07-25T20:00:00Z,209.844611,127.39,14.7374,0.0,278.72,151.33,1.0,True,3353;3381
ABBV,Long,158,2024-07-12T20:00:00Z,158.327048,2024-07-26T20:00:00Z,171.786396,2126.58,10.4719,-154.88,2379.58,618.45,14.0,True,3115;3385
AXP,Long,105,2024-07-25T20:00:00Z,234.910704,2024-07-26T20:00:00Z,236.799778,198.35,9.991,0.0,605.34,406.98,1.0,True,3374;3386
LRCX,Long,278,2024-07-25T20:00:00Z,89.450659,2024-07-26T20:00:00Z,89.17374,-76.98,9.7117,-444.43,0.0,444.43,1.0,False,3379;3387
CVX,Long,176,2024-07-24T20:00:00Z,140.792604,2024-07-26T20:00:00Z,143.359254,451.73,10.0249,0.0,504.59,52.86,2.0,True,3342;3388
ISRG,Short,54,2024-07-22T20:00:00Z,462.61,2024-07-26T20:00:00Z,438.6,1296.54,9.7461,0.0,1396.98,246.24,4.0,True,3303;3389
MMC,Long,119,2024-07-25T20:00:00Z,209.844611,2024-07-26T20:00:00Z,208.946932,-106.82,5.0074,-106.82,65.47,172.3,1.0,False,3381;3390
NOW,Long,170,2024-07-25T20:00:00Z,157.866,2024-07-26T20:00:00Z,165.17,1241.68,11.2635,0.0,1301.52,59.84,1.0,True,3376;3391
KLAC,Short,335,2024-07-25T20:00:00Z,75.474296,2024-07-26T20:00:00Z,77.618933,-718.45,10.2132,-718.45,0.0,718.45,1.0,False,3382;3392
TMUS,Long,147,2024-07-25T20:00:00Z,170.532738,2024-07-26T20:00:00Z,168.083572,-360.03,4.9372,-382.53,0.0,382.53,1.0,False,3372;3393
MRK,Short,205,2024-06-28T20:00:00Z,120.543849,2024-07-26T20:00:00Z,118.398924,439.71,14.4483,0.0,1009.14,608.54,28.0,True,2905;3394
RTX,Long,258,2024-07-03T17:00:00Z,96.952368,2024-07-26T20:00:00Z,109.501406,3237.65,15.6374,-198.32,3237.65,540.43,23.125,True,2977;3399
ADP,Long,106,2024-07-19T20:00:00Z,233.924679,2024-07-26T20:00:00Z,235.187456,133.85,15.0298,-112.88,443.52,309.66,7.0,True,3282;3406
SPY,Short,49,2024-05-20T20:00:00Z,514.422374,2024-07-26T20:00:00Z,528.496537,-689.63,16.3404,-1764.45,1392.62,2097.61,67.0,False,2329;3410
SPY,Short,105,2024-05-29T20:00:00Z,510.663354,2024-07-26T20:00:00Z,528.496537,-1872.48,49.6705,-4175.66,2589.5,4494.89,58.0,False,2440;3410
CAT,Short,75,2024-07-25T20:00:00Z,327.335198,2024-07-29T20:00:00Z,341.647759,-1073.44,10.0807,-1095.39,0.0,1095.39,4.0,False,3375;3411
KO,Long,408,2024-07-23T20:00:00Z,61.594257,2024-07-29T20:00:00Z,62.815248,498.16,10.1005,0.0,563.31,84.3,6.0,True,3322;3412
NKE,Long,370,2024-07-26T20:00:00Z,67.885934,2024-07-29T20:00:00Z,68.357365,174.43,10.1943,0.0,540.73,366.3,3.0,True,3405;3413
QCOM,Short,144,2024-07-25T20:00:00Z,171.559926,2024-07-29T20:00:00Z,172.989592,-205.87,4.9036,-205.87,186.66,392.53,4.0,False,3373;3414
MDT,Short,341,2024-07-26T20:00:00Z,73.104634,2024-07-29T20:00:00Z,73.457976,-120.49,15.1076,-437.57,0.0,437.57,3.0,False,3407;3423
ANET,Long,317,2024-07-26T20:00:00Z,79.7925,2024-07-29T20:00:00Z,80.4675,213.98,15.1315,0.0,213.98,0.0,3.0,True,3408;3424
SPY,Short,160,2024-05-29T20:00:00Z,510.663354,2024-07-29T20:00:00Z,532.092282,-3428.63,16.987,-6362.91,3945.9,6849.35,61.0,False,2440;3425
ADI,Long,116,2024-07-26T20:00:00Z,217.896822,2024-07-31T20:00:00Z,221.5236,420.71,10.2722,-80.78,682.11,316.37,5.0,True,3402;3426
AMAT,Short,125,2024-07-26T20:00:00Z,203.027565,2024-07-31T20:00:00Z,203.214217,-23.33,10.2823,-679.07,1219.37,1898.44,5.0,False,3396;3427
KKR,Short,213,2024-07-29T20:00:00Z,117.348355,2024-07-31T20:00:00Z,124.10144,-1438.41,10.1358,-1438.41,0.0,1438.41,2.0,False,3421;3428
PLD,Long,217,2024-07-25T20:00:00Z,114.885722,2024-07-31T20:00:00Z,117.076851,475.47,9.9318,-213.56,475.47,213.56,6.0,True,3380;3429
SCHW,Long,387,2024-07-26T20:00:00Z,64.608936,2024-07-31T20:00:00Z,63.424342,-458.44,9.9045,-612.5,0.0,612.5,5.0,False,3401;3430
UPS,Long,225,2024-07-26T20:00:00Z,112.261281,2024-07-31T20:00:00Z,113.132604,196.05,10.1631,-45.09,299.95,103.91,5.0,True,3404;3431
VRTX,Long,51,2024-07-17T20:00:00Z,489.95,2024-07-31T20:00:00Z,507.04,871.59,10.0377,-93.33,871.59,350.88,14.0,True,3205;3433
MDT,Long,339,2024-07-29T20:00:00Z,73.457976,2024-07-31T20:00:00Z,74.722569,428.7,9.9929,0.0,570.55,154.46,2.0,True,3423;3439
BMY,Short,540,2024-07-29T20:00:00Z,45.56538,2024-07-31T20:00:00Z,44.426246,615.13,14.3125,0.0,1200.74,585.61,2.0,True,3422;3440
SPY,Short,84,2024-05-29T20:00:00Z,510.663354,2024-07-31T20:00:00Z,534.976673,-2042.32,9.0172,-3340.53,2071.6,3595.91,63.0,False,2440;3441
BLK,Long,31,2024-07-25T20:00:00Z,786.75239,2024-07-31T20:00:00Z,834.779992,1488.86,10.1289,0.0,1523.74,34.89,6.0,True,3377;3442
BSX,Long,335,2024-07-26T20:00:00Z,74.5,2024-07-31T20:00:00Z,74.5,0.0,9.9696,-207.7,365.15,572.85,5.0,False,3403;3443
C,Long,415,2024-07-25T20:00:00Z,60.048356,2024-07-31T20:00:00Z,62.090433,847.46,10.0953,0.0,847.46,386.63,6.0,True,3378;3444
DIS,Short,278,2024-07-24T20:00:00Z,88.222582,2024-07-31T20:00:00Z,91.642819,-950.83,9.9695,-958.98,290.68,1249.66,7.0,False,3346;3445
ELV,Long,51,2024-07-24T20:00:00Z,484.272892,2024-07-31T20:00:00Z,511.479882,1387.56,10.2245,0.0,1557.94,207.11,7.0,True,3349;3446
MRK,Long,212,2024-07-26T20:00:00Z,118.398924,2024-07-31T20:00:00Z,107.94416,-2216.41,4.4632,-2784.57,107.52,2892.08,5.0,False,3394;3447
PG,Short,155,2024-07-29T20:00:00Z,159.984244,2024-07-31T20:00:00Z,152.309548,1189.58,9.7131,0.0,1189.58,0.0,2.0,True,3415;3448
RTX,Short,228,2024-07-26T20:00:00Z,109.501406,2024-07-31T20:00:00Z,112.845254,-762.4,5.1479,-773.35,0.0,773.35,5.0,False,3399;3449
V,Short,99,2024-07-25T20:00:00Z,251.093319,2024-07-31T20:00:00Z,260.089379,-890.61,10.1113,-1000.6,0.0,1000.6,6.0,False,3369;3450
WMT,Short,357,2024-07-18T20:00:00Z,69.217504,2024-07-31T20:00:00Z,67.748541,524.42,9.7514,-24.47,713.21,188.79,13.0,True,3228;3451
NEE,Long,362,2024-07-26T20:00:00Z,69.529519,2024-07-31T20:00:00Z,70.166459,230.57,15.3253,0.0,732.41,501.83,5.0,True,3398;3457
KLAC,Short,320,2024-07-29T20:00:00Z,78.003413,2024-07-31T20:00:00Z,79.207006,-385.15,15.4535,-938.02,1081.5,2019.52,2.0,False,3419;3461
AMZN,Long,136,2024-07-23T20:00:00Z,184.18,2024-08-02T20:00:00Z,166.44,-2412.64,9.6372,-2412.64,380.8,2793.44,10.0,False,3319;3463
BA,Long,132,2024-07-31T20:00:00Z,189.88,2024-08-02T20:00:00Z,175.01,-1962.84,9.5185,-2630.76,0.0,2630.76,2.0,False,3458;3464
CI,Short,76,2024-07-25T20:00:00Z,328.793554,2024-08-02T20:00:00Z,318.547131,778.73,9.8573,-637.8,827.4,663.23,8.0,True,3384;3465
INTU,Short,39,2024-07-31T20:00:00Z,640.621426,2024-08-02T20:00:00Z,615.998769,960.28,9.7429,0.0,1076.01,115.72,2.0,True,3455;3466
JNJ,Short,163,2024-07-31T20:00:00Z,150.291178,2024-08-02T20:00:00Z,152.312611,-329.49,9.8692,-657.45,0.0,657.45,2.0,False,3453;3467
KO,Long,390,2024-07-31T20:00:00Z,63.397566,2024-08-02T20:00:00Z,64.552811,450.55,9.9684,0.0,670.32,219.78,2.0,True,3454;3468
LLY,Long,31,2024-07-31T20:00:00Z,788.019098,2024-08-02T20:00:00Z,799.787633,364.82,9.8227,0.0,985.18,854.21,2.0,True,3452;3469
KLAC,Long,332,2024-07-31T20:00:00Z,79.207006,2024-08-02T20:00:00Z,69.94603,-3074.64,4.5455,-3569.24,0.0,3569.24,2.0,False,3461;3470
SPGI,Long,54,2024-07-31T20:00:00Z,456.724272,2024-08-02T20:00:00Z,453.184206,-191.16,14.6188,-276.46,0.0,276.46,2.0,False,3456;3478
DE,Short,67,2024-07-23T20:00:00Z,366.519107,2024-08-02T20:00:00Z,346.86572,1316.78,14.2883,-666.22,1474.03,1119.72,10.0,True,3332;3485
BMY,Long,555,2024-07-31T20:00:00Z,44.426246,2024-08-02T20:00:00Z,44.544715,65.75,9.9378,-293.35,65.75,293.35,2.0,True,3440;3487
SPY,Short,103,2024-05-29T20:00:00Z,510.663354,2024-08-02T20:00:00Z,521.899466,-1157.32,10.6973,-4096.12,2540.17,4409.27,65.0,False,2440;3488
ADP,Short,106,2024-07-26T20:00:00Z,235.187456,2024-08-05T20:00:00Z,252.037044,-1786.06,5.1572,-1786.06,0.0,1786.06,10.0,False,3406;3489
AMD,Short,186,2024-08-02T20:00:00Z,133.41,2024-08-05T20:00:00Z,122.16,2092.5,9.9443,-262.26,2092.5,262.26,3.0,True,3474;3490
DE,Long,70,2024-08-02T20:00:00Z,346.86572,2024-08-05T20:00:00Z,336.746855,-708.32,4.7018,-771.72,0.0,771.72,3.0,False,3485;3494
DIS,Short,271,2024-08-02T20:00:00Z,89.971789,2024-08-05T20:00:00Z,84.826775,1394.3,9.3923,0.0,1394.3,0.0,3.0,True,3476;3495
TJX,Long,224,2024-07-18T20:00:00Z,110.665376,2024-08-05T20:00:00Z,108.468014,-492.21,9.6665,-1073.71,0.0,1073.71,18.0,False,3246;3501
BSX,Short,328,2024-08-02T20:00:00Z,75.12,2024-08-05T20:00:00Z,73.46,544.48,14.4741,0.0,708.48,164.0,3.0,True,3484;3512
MU,Long,197,2024-07-17T20:00:00Z,121.8139,2024-08-05T20:00:00Z,86.96308,-6865.61,8.2192,-6865.61,0.0,6865.61,19.0,False,3204;3519
BX,Short,187,2024-07-31T20:00:00Z,133.576321,2024-08-05T20:00:00Z,118.689803,2783.78,9.5065,0.0,2783.78,0.0,5.0,True,3460;3520
AVGO,Long,171,2024-08-02T20:00:00Z,138.890239,2024-08-05T20:00:00Z,126.38855,-2137.79,9.5798,-2137.79,53.61,2191.4,3.0,False,3471;3521
BMY,Short,563,2024-08-02T20:00:00Z,44.544715,2024-08-05T20:00:00Z,43.633408,513.07,4.8834,0.0,661.86,148.79,3.0,True,3487;3522
LRCX,Long,295,2024-07-31T20:00:00Z,87.556416,2024-08-05T20:00:00Z,72.666631,-4392.49,9.8008,-4392.49,0.0,4392.49,5.0,False,3437;3523
CRM,Long,101,2024-07-25T20:00:00Z,250.684208,2024-08-05T20:00:00Z,230.559799,-2032.57,9.8503,-2032.57,792.15,2824.72,11.0,False,3371;3524
GILD,Short,347,2024-07-26T20:00:00Z,71.382491,2024-08-05T20:00:00Z,72.180533,-276.92,9.8936,-658.09,390.95,667.87,10.0,False,3409;3525
ANET,Short,311,2024-07-29T20:00:00Z,80.4675,2024-08-05T20:00:00Z,75.0225,1693.4,4.901,-1913.43,1693.4,2686.26,7.0,True,3424;3526
IBM,Short,138,2024-08-02T20:00:00Z,177.3896,2024-08-05T20:00:00Z,173.414825,548.52,9.6589,0.0,709.31,160.8,3.0,True,3475;3527
INTC,Long,715,2024-07-19T20:00:00Z,34.282526,2024-08-05T20:00:00Z,20.082604,-10152.94,7.544,-10223.99,0.0,10223.99,17.0,False,3272;3528
JPM,Short,123,2024-07-19T20:00:00Z,202.741574,2024-08-05T20:00:00Z,186.292693,2023.21,9.5537,-463.9,2023.21,779.07,17.0,True,3266;3529
LMT,Long,52,2024-07-24T20:00:00Z,476.156319,2024-08-05T20:00:00Z,521.565603,2361.28,10.4,0.0,2361.28,170.62,12.0,True,3348;3530
MRK,Long,233,2024-08-02T20:00:00Z,106.455275,2024-08-05T20:00:00Z,106.967079,119.25,9.867,-446.65,119.25,446.65,3.0,True,3473;3531
NEE,Short,357,2024-07-31T20:00:00Z,70.166459,2024-08-05T20:00:00Z,73.735198,-1274.04,5.1283,-1434.55,0.0,1434.55,5.0,False,3457;3532
NOW,Short,150,2024-07-29T20:00:00Z,165.8,2024-08-05T20:00:00Z,151.408,2158.8,9.482,0.0,2158.8,467.7,7.0,True,3418;3533
ORCL,Short,184,2024-08-02T20:00:00Z,129.194132,2024-08-05T20:00:00Z,124.494218,864.78,9.3511,0.0,879.11,14.32,3.0,True,3472;3534
PUYI,Short,105,2024-08-02T20:00:00Z,228.0,2024-08-05T20:00:00Z,204.0,2520.0,8.4294,0.0,4158.0,1638.0,3.0,True,3486;3535
T,Long,1468,2024-07-23T20:00:00Z,16.914118,2024-08-05T20:00:00Z,17.224301,455.35,9.944,0.0,1258.91,803.56,13.0,True,3327;3536
PANW,Short,151,2024-07-29T20:00:00Z,164.5,2024-08-05T20:00:00Z,144.08,3083.42,9.3025,0.0,3083.42,552.66,7.0,True,3420;3537
VRTX,Long,48,2024-08-02T20:00:00Z,491.5,2024-08-05T20:00:00Z,470.5,-1008.0,9.3252,-1008.0,0.0,1008.0,3.0,False,3479;3538
RTX,Long,220,2024-08-02T20:00:00Z,111.970857,2024-08-05T20:00:00Z,110.606413,-300.18,14.6392,-300.18,0.0,300.18,3.0,False,3477;3547
AMT,Short,127,2024-07-25T20:00:00Z,196.300401,2024-08-05T20:00:00Z,216.197098,-2526.88,15.052,-2853.69,0.0,2853.69,11.0,False,3383;3549
MDT,Short,330,2024-07-31T20:00:00Z,74.722569,2024-08-05T20:00:00Z,75.150299,-141.15,9.7551,-352.88,9.21,352.88,5.0,False,3439;3551
NKE,Long,354,2024-07-31T20:00:00Z,70.243085,2024-08-07T20:00:00Z,68.715651,-540.71,9.845,-1028.02,0.0,1028.02,7.0,False,3438;3564
AMAT,Long,137,2024-08-05T20:00:00Z,172.043439,2024-08-07T20:00:00Z,186.24859,1946.11,14.4357,0.0,1946.11,646.01,2.0,True,3548;3573
SPGI,Short,54,2024-08-02T20:00:00Z,453.184206,2024-08-07T20:00:00Z,449.532642,197.18,9.5957,0.0,790.24,593.06,5.0,True,3478;3574
SPY,Short,34,2024-05-29T20:00:00Z,510.663354,2024-08-07T20:00:00Z,515.07827,-150.11,17.184,-1352.12,838.5,1455.49,70.0,False,2440;3580
SPY,Short,57,2024-05-30T20:00:00Z,509.439487,2024-08-07T20:00:00Z,515.07827,-321.41,5.7869,-2336.55,1335.97,2382.5,69.0,False,2454;3580
SPY,Short,79,2024-06-07T20:00:00Z,518.395085,2024-08-07T20:00:00Z,515.07827,262.03,19.6067,-2530.88,2559.1,2530.88,61.0,True,2561;3580
ABBV,Short,138,2024-08-05T20:00:00Z,175.532079,2024-08-07T20:00:00Z,175.194967,46.52,9.6152,-20.68,224.85,245.53,2.0,True,3504;3581
CAT,Short,74,2024-07-31T20:00:00Z,336.935444,2024-08-07T20:00:00Z,325.383929,854.81,9.7033,0.0,2061.22,1206.41,7.0,True,3435;3582
KKR,Short,229,2024-08-05T20:00:00Z,99.703834,2024-08-07T20:00:00Z,109.533651,-2251.03,9.6803,-2251.03,0.0,2251.03,2.0,False,3515;3583
COST,Short,30,2024-07-25T20:00:00Z,825.524075,2024-08-07T20:00:00Z,815.146403,311.33,9.6445,0.0,972.46,661.13,13.0,True,3370;3584
DE,Short,71,2024-08-05T20:00:00Z,336.746855,2024-08-07T20:00:00Z,340.86647,-292.49,9.5537,-292.49,0.0,292.49,2.0,False,3552;3585
HCA,Short,69,2024-08-05T20:00:00Z,343.856398,2024-08-07T20:00:00Z,349.560947,-393.61,9.5343,-393.61,0.0,393.61,2.0,False,3517;3586
HD,Short,74,2024-07-12T20:00:00Z,335.192988,2024-08-07T20:00:00Z,335.362945,-12.58,9.8123,-1180.12,880.38,1247.2,26.0,False,3114;3587
HON,Long,120,2024-07-19T20:00:00Z,205.997648,2024-08-07T20:00:00Z,189.050686,-2033.64,9.3477,-2296.48,0.0,2296.48,19.0,False,3273;3588
ISRG,Short,54,2024-08-05T20:00:00Z,437.55,2024-08-07T20:00:00Z,452.0,-780.3,9.5824,-780.3,0.0,780.3,2.0,False,3509;3589
KO,Long,376,2024-08-05T20:00:00Z,64.67491,2024-08-07T20:00:00Z,63.914139,-286.05,9.6452,-286.05,0.0,286.05,2.0,False,3505;3590
LIN,Short,55,2024-08-05T20:00:00Z,440.952361,2024-08-07T20:00:00Z,436.40676,250.01,9.4549,0.0,669.36,419.35,2.0,True,3544;3591
LOW,Long,106,2024-07-18T20:00:00Z,231.448224,2024-08-07T20:00:00Z,232.339805,94.51,9.5742,-935.65,482.73,1418.38,20.0,True,3243;3592
MCD,Long,93,2024-08-05T20:00:00Z,261.411408,2024-08-07T20:00:00Z,255.576797,-542.62,9.475,-583.14,0.0,583.14,2.0,False,3545;3593
MMC,Long,113,2024-08-05T20:00:00Z,218.666965,2024-08-07T20:00:00Z,209.777044,-1004.56,9.4758,-1017.65,0.0,1017.65,2.0,False,3513;3594
PFE,Short,923,2024-08-05T20:00:00Z,25.401205,2024-08-07T20:00:00Z,25.837802,-402.98,9.4458,-402.98,193.43,596.41,2.0,False,3546;3595
PG,Short,152,2024-08-05T20:00:00Z,161.291784,2024-08-07T20:00:00Z,159.396798,288.04,9.7391,0.0,308.2,277.96,2.0,True,3503;3596
PGR,Long,122,2024-07-18T20:00:00Z,205.493033,2024-08-07T20:00:00Z,196.566955,-1088.98,9.8886,-1392.1,0.0,1392.1,20.0,False,3244;3597
KLAC,Short,358,2024-08-05T20:00:00Z,63.900535,2024-08-07T20:00:00Z,72.828162,-3196.09,9.8653,-3196.09,0.0,3196.09,2.0,False,3516;3598
RTX,Short,219,2024-08-05T20:00:00Z,110.606413,2024-08-07T20:00:00Z,109.828104,170.45,4.8042,0.0,202.01,31.56,2.0,True,3547;3599
TMO,Short,40,2024-08-05T20:00:00Z,602.901189,2024-08-07T20:00:00Z,596.381354,260.79,9.4108,0.0,800.64,539.85,2.0,True,3506;3600
WFC,Long,484,2024-08-05T20:00:00Z,48.740433,2024-08-07T20:00:00Z,50.498129,850.72,9.6035,0.0,850.72,27.59,2.0,True,3508;3601
MU,Short,276,2024-08-07T20:00:00Z,92.826206,2024-08-08T20:00:00Z,87.927018,1352.18,9.8119,0.0,1352.18,0.0,1.0,True,3605;3609
ADBE,Short,46,2024-08-05T20:00:00Z,504.23,2024-08-08T20:00:00Z,520.59,-752.56,9.564,-1196.46,0.0,1196.46,3.0,False,3543;3610
BX,Short,200,2024-08-07T20:00:00Z,125.024292,2024-08-08T20:00:00Z,120.879272,829.0,9.6651,0.0,829.0,0.0,1.0,True,3577;3611
BMY,Short,567,2024-08-07T20:00:00Z,43.214206,2024-08-08T20:00:00Z,42.439595,439.2,9.647,0.0,439.2,0.0,1.0,True,3606;3612
CI,Short,76,2024-08-05T20:00:00Z,322.790985,2024-08-08T20:00:00Z,314.523116,628.36,9.5994,0.0,631.99,436.58,3.0,True,3553;3613
DHR,Long,92,2024-08-07T20:00:00Z,266.617305,2024-08-08T20:00:00Z,261.76882,-446.06,9.6653,-446.06,0.0,446.06,1.0,False,3572;3614
MELI,Short,13,2024-08-07T20:00:00Z,1834.88,2024-08-08T20:00:00Z,1880.0,-586.56,9.6957,-586.56,0.0,586.56,1.0,False,3607;3615
LMT,Long,47,2024-08-07T20:00:00Z,509.034677,2024-08-08T20:00:00Z,514.352542,249.94,9.7506,0.0,520.71,270.77,1.0,True,3575;3616
NEE,Short,339,2024-08-07T20:00:00Z,72.798521,2024-08-08T20:00:00Z,72.236515,190.52,9.8499,0.0,190.52,0.0,1.0,True,3603;3617
ORCL,Short,196,2024-08-07T20:00:00Z,125.447823,2024-08-08T20:00:00Z,124.883444,110.62,9.7214,-7.63,110.62,7.63,1.0,True,3569;3618
UBER,Long,379,2024-07-26T20:00:00Z,66.1,2024-08-08T20:00:00Z,66.5,151.6,10.1125,-2887.98,1102.89,2887.98,13.0,True,3400;3619
SPGI,Long,54,2024-08-07T20:00:00Z,449.532642,2024-08-08T20:00:00Z,444.868303,-251.87,9.8683,-251.87,169.59,421.46,1.0,False,3574;3624
MS,Short,255,2024-07-26T20:00:00Z,98.703368,2024-08-08T20:00:00Z,88.08822,2706.86,14.6142,0.0,2877.56,619.82,13.0,True,3395;3625
AMT,Long,112,2024-08-05T20:00:00Z,216.197098,2024-08-09T20:00:00Z,209.633239,-735.15,4.6488,-970.11,0.0,970.11,4.0,False,3549;3633
LRCX,Short,333,2024-08-08T20:00:00Z,76.584737,2024-08-09T20:00:00Z,79.344105,-918.87,10.51,-918.87,0.0,918.87,1.0,False,3628;3634
DE,Short,72,2024-08-08T20:00:00Z,337.827889,2024-08-09T20:00:00Z,339.532221,-122.71,9.7492,-122.71,59.6,182.31,1.0,False,3629;3635
DIS,Short,291,2024-08-08T20:00:00Z,83.131314,2024-08-09T20:00:00Z,84.167158,-301.43,9.7925,-324.18,0.0,324.18,1.0,False,3623;3636
LLY,Long,30,2024-08-05T20:00:00Z,746.489467,2024-08-09T20:00:00Z,850.879814,3131.71,9.8498,0.0,3949.5,817.79,4.0,True,3502;3637
MRK,Long,236,2024-08-07T20:00:00Z,103.803198,2024-08-09T20:00:00Z,105.822499,476.55,9.9721,0.0,658.83,182.28,2.0,True,3602;3638
PEP,Long,149,2024-08-05T20:00:00Z,164.854868,2024-08-09T20:00:00Z,158.03183,-1016.63,9.4803,-1057.68,0.0,1057.68,4.0,False,3542;3639
BA,Long,144,2024-08-05T20:00:00Z,163.0,2024-08-09T20:00:00Z,168.39,776.16,14.4821,0.0,845.28,259.2,4.0,True,3514;3647
SPY,Short,110,2024-06-07T20:00:00Z,518.395085,2024-08-09T20:00:00Z,516.276851,233.01,36.4602,-3524.01,3563.3,3524.01,63.0,True,2561;3651
SPY,Short,133,2024-06-07T20:00:00Z,518.395085,2024-08-09T20:00:00Z,516.276851,281.73,13.7973,-4260.85,4308.35,4260.85,63.0,True,2578;3651
SPY,Short,25,2024-07-31T20:00:00Z,534.976673,2024-08-09T20:00:00Z,516.276851,467.5,2.6837,-386.37,1224.38,516.95,9.0,True,3462;3651
SPY,Short,83,2024-08-05T20:00:00Z,498.697654,2024-08-09T20:00:00Z,516.276851,-1459.07,18.2507,-4293.91,1053.78,1716.27,4.0,False,3518;3651
ADI,Long,125,2024-08-08T20:00:00Z,199.414762,2024-08-12T20:00:00Z,205.178921,720.52,10.2933,0.0,720.52,0.0,4.0,True,3627;3652
GILD,Short,352,2024-08-08T20:00:00Z,69.523523,2024-08-12T20:00:00Z,68.856924,234.64,9.8206,0.0,350.31,115.67,4.0,True,3631;3653
MCD,Long,96,2024-08-08T20:00:00Z,254.724338,2024-08-12T20:00:00Z,253.13308,-152.76,9.8322,-152.76,48.19,200.95,4.0,False,3622;3654
MDLZ,Short,375,2024-08-08T20:00:00Z,64.866967,2024-08-12T20:00:00Z,65.58103,-267.77,9.8343,-267.77,0.0,267.77,4.0,False,3630;3655
MDT,Long,323,2024-08-05T20:00:00Z,75.150299,2024-08-12T20:00:00Z,76.275415,363.41,4.8769,-12.01,417.47,306.35,7.0,True,3551;3656
TMO,Short,42,2024-08-08T20:00:00Z,585.237099,2024-08-12T20:00:00Z,591.707316,-271.75,9.9956,-388.87,0.0,388.87,4.0,False,3621;3657
PANW,Short,153,2024-08-09T20:00:00Z,159.05,2024-08-12T20:00:00Z,165.475,-983.02,15.0002,-983.02,0.0,983.02,3.0,False,3648;3660
SPY,Short,45,2024-08-05T20:00:00Z,498.697654,2024-08-12T20:00:00Z,520.56446,-984.01,4.6768,-2328.03,571.33,984.01,7.0,False,3518;3665
AMT,Short,117,2024-08-12T20:00:00Z,206.593725,2024-08-14T20:00:00Z,208.122805,-178.9,9.7899,-178.9,0.0,178.9,2.0,False,3662;3666
BA,Short,144,2024-08-09T20:00:00Z,168.39,2024-08-14T20:00:00Z,168.0,56.16,4.8528,-53.28,613.44,666.72,5.0,True,3647;3667
CI,Short,76,2024-08-12T20:00:00Z,316.33918,2024-08-14T20:00:00Z,320.200705,-293.48,9.6324,-293.48,0.0,293.48,2.0,False,3663;3668
COP,Long,237,2024-07-23T20:00:00Z,104.289969,2024-08-14T20:00:00Z,101.90759,-564.62,9.7652,-1608.74,0.0,1608.74,22.0,False,3328;3669
DHR,Long,92,2024-08-12T20:00:00Z,264.879355,2024-08-14T20:00:00Z,265.116348,21.8,9.7258,-14.54,42.7,57.23,2.0,True,3659;3670
HCA,Short,68,2024-08-12T20:00:00Z,354.390142,2024-08-14T20:00:00Z,363.910836,-647.41,9.8045,-753.08,0.0,753.08,2.0,False,3664;3671
JNJ,Short,158,2024-08-05T20:00:00Z,154.64431,2024-08-14T20:00:00Z,148.391971,987.87,9.4993,0.0,987.87,255.51,9.0,True,3541;3672
WMT,Long,374,2024-08-08T20:00:00Z,65.535305,2024-08-14T20:00:00Z,66.514613,366.26,9.9857,0.0,651.95,285.68,6.0,True,3620;3673
MS,Long,280,2024-08-08T20:00:00Z,88.08822,2024-08-14T20:00:00Z,92.584019,1258.82,10.2914,0.0,1771.92,513.1,6.0,True,3625;3677
GS,Short,53,2024-07-26T20:00:00Z,473.634583,2024-08-14T20:00:00Z,470.940221,142.8,14.9649,-674.0,1858.44,2009.34,19.0,True,3397;3678
MU,Short,266,2024-08-09T20:00:00Z,91.097081,2024-08-15T20:00:00Z,102.853146,-3127.11,10.5751,-4039.08,0.0,4039.08,6.0,False,3649;3684
MMC,Long,115,2024-08-09T20:00:00Z,211.833019,2024-08-15T20:00:00Z,213.67664,212.02,9.7974,-234.22,212.02,234.22,6.0,True,3645;3690
MS,Short,265,2024-08-14T20:00:00Z,92.584019,2024-08-15T20:00:00Z,95.707816,-827.81,5.0645,-827.81,0.0,827.81,1.0,False,3677;3691
GS,Long,51,2024-08-14T20:00:00Z,470.940221,2024-08-15T20:00:00Z,482.501139,589.61,9.7265,0.0,589.61,0.0,1.0,True,3678;3696
SPY,Short,53,2024-08-05T20:00:00Z,498.697654,2024-08-15T20:00:00Z,535.463902,-1948.61,20.372,-2741.9,672.9,2132.99,10.0,False,3518;3705
SPY,Short,136,2024-08-05T20:00:00Z,498.697654,2024-08-15T20:00:00Z,535.463902,-5000.21,32.7707,-7035.81,1726.68,5473.33,10.0,False,3554;3705
ADP,Long,98,2024-08-05T20:00:00Z,252.037044,2024-08-15T20:00:00Z,248.314679,-364.79,9.6379,-788.69,0.0,788.69,10.0,False,3550;3706
AMAT,Short,135,2024-08-07T20:00:00Z,186.24859,2024-08-15T20:00:00Z,203.479458,-2326.17,5.6186,-2949.48,0.0,2949.48,8.0,False,3573;3707
COST,Short,28,2024-08-14T20:00:00Z,855.463068,2024-08-15T20:00:00Z,863.376055,-221.56,9.6383,-345.64,0.0,345.64,1.0,False,3674;3708
FISV,Short,150,2024-08-14T20:00:00Z,162.02,2024-08-15T20:00:00Z,164.45,-364.5,9.8934,-562.5,0.0,562.5,1.0,False,3682;3709
GOOGL,Long,145,2024-07-25T20:00:00Z,171.07013,2024-08-15T20:00:00Z,159.040677,-1744.27,9.4498,-2043.37,0.0,2043.37,21.0,False,3368;3710
HON,Long,131,2024-08-14T20:00:00Z,185.529116,2024-08-15T20:00:00Z,188.285948,361.14,9.7957,0.0,361.14,0.0,1.0,True,3679;3711
MDT,Short,318,2024-08-14T20:00:00Z,75.708208,2024-08-15T20:00:00Z,76.768234,-337.09,9.7809,-659.39,0.0,659.39,1.0,False,3680;3712
QCOM,Long,150,2024-08-14T20:00:00Z,162.63881,2024-08-15T20:00:00Z,163.811136,175.85,9.7357,0.0,386.01,210.16,1.0,True,3676;3713
UPS,Long,217,2024-08-02T20:00:00Z,113.167457,2024-08-15T20:00:00Z,111.52937,-355.47,9.7038,-1240.35,0.0,1240.35,13.0,False,3483;3714
SBUX,Long,274,2024-08-15T20:00:00Z,88.873903,2024-08-15T20:00:00Z,88.873903,0.0,14.7429,0.0,0.0,0.0,0.0,False,3700;3716
SPY,Short,62,2024-08-05T20:00:00Z,498.697654,2024-08-15T20:00:00Z,535.463902,-2279.51,6.6829,-3207.5,787.16,2495.19,10.0,False,3554;3719
AMD,Short,187,2024-08-07T20:00:00Z,133.83,2024-08-16T20:00:00Z,145.68,-2215.95,10.3684,-2754.51,0.0,2754.51,9.0,False,3570;3720
BA,Short,144,2024-08-15T20:00:00Z,170.0,2024-08-16T20:00:00Z,176.34,-912.96,10.2643,-1438.56,0.0,1438.56,1.0,False,3702;3721
CB,Long,92,2024-07-31T20:00:00Z,267.517847,2024-08-16T20:00:00Z,265.389754,-195.78,9.8173,-904.72,0.0,904.72,16.0,False,3459;3722
COP,Long,237,2024-08-15T20:00:00Z,103.0064,2024-08-16T20:00:00Z,103.607458,142.45,9.9008,0.0,333.87,191.42,1.0,True,3699;3723
JNJ,Short,163,2024-08-15T20:00:00Z,148.89968,2024-08-16T20:00:00Z,149.717655,-133.33,9.7616,-156.32,0.0,156.32,1.0,False,3693;3724
NFLX,Long,393,2024-07-29T20:00:00Z,63.461,2024-08-16T20:00:00Z,66.943,1368.43,10.2261,-1417.16,1550.78,1417.16,18.0,True,3417;3725
SO,Short,305,2024-08-15T20:00:00Z,79.274015,2024-08-16T20:00:00Z,80.089667,-248.77,9.748,-248.77,0.0,248.77,1.0,False,3718;3726
DIS,Long,289,2024-08-15T20:00:00Z,85.417987,2024-08-16T20:00:00Z,86.864259,417.97,14.9645,0.0,530.94,112.97,1.0,True,3697;3729
RTX,Short,220,2024-08-09T20:00:00Z,110.539152,2024-08-16T20:00:00Z,114.1543,-795.33,14.8008,-795.33,0.0,795.33,7.0,False,3643;3730
KLAC,Short,312,2024-08-14T20:00:00Z,79.149973,2024-08-16T20:00:00Z,81.619701,-770.56,14.689,-1006.3,338.4,1344.7,2.0,False,3681;3732
DE,Short,67,2024-08-16T20:00:00Z,362.428709,2024-08-19T20:00:00Z,369.099953,-446.97,9.7986,-446.97,0.0,446.97,3.0,False,3734;3738
DHR,Long,92,2024-08-15T20:00:00Z,266.617305,2024-08-19T20:00:00Z,266.617305,0.0,9.8224,-61.78,115.38,115.38,4.0,False,3694;3739
DIS,Short,281,2024-08-16T20:00:00Z,86.864259,2024-08-19T20:00:00Z,87.372409,-142.79,4.9867,-524.48,0.0,524.48,3.0,False,3729;3740
HCA,Short,66,2024-08-15T20:00:00Z,368.72036,2024-08-19T20:00:00Z,367.618792,72.7,9.6864,0.0,72.7,28.56,4.0,True,3704;3741
PGR,Long,113,2024-08-15T20:00:00Z,218.550872,2024-08-19T20:00:00Z,216.425178,-240.2,9.8691,-240.2,29.12,269.32,4.0,False,3698;3742
KLAC,Long,296,2024-08-16T20:00:00Z,81.619701,2024-08-19T20:00:00Z,80.633589,-291.89,4.7848,-291.89,0.0,291.89,3.0,False,3732;3743
PANW,Long,147,2024-08-12T20:00:00Z,165.475,2024-08-19T20:00:00Z,168.1725,396.53,5.044,0.0,906.26,674.0,7.0,True,3660;3744
BX,Short,199,2024-08-09T20:00:00Z,122.16114,2024-08-21T20:00:00Z,124.696808,-504.6,9.8938,-1063.19,238.33,1301.53,12.0,False,3650;3752
MELI,Short,12,2024-08-16T20:00:00Z,1992.0,2024-08-21T20:00:00Z,2013.02,-252.24,9.565,-432.0,0.0,432.0,5.0,False,3735;3754
ANET,Long,292,2024-08-09T20:00:00Z,83.15,2024-08-21T20:00:00Z,88.00875,1418.76,10.101,0.0,1749.08,335.07,12.0,True,3646;3755
AMT,Short,117,2024-08-15T20:00:00Z,206.304691,2024-08-21T20:00:00Z,203.600829,316.35,9.5462,0.0,316.35,78.54,6.0,True,3717;3767
BA,Long,135,2024-08-19T20:00:00Z,180.04,2024-08-21T20:00:00Z,173.03,-946.35,9.5329,-1071.9,0.0,1071.9,2.0,False,3749;3768
KKR,Short,209,2024-08-15T20:00:00Z,118.139364,2024-08-21T20:00:00Z,116.751226,290.12,9.8345,-37.04,290.12,226.34,6.0,True,3703;3769
CRM,Long,99,2024-08-09T20:00:00Z,244.740373,2024-08-21T20:00:00Z,256.942949,1208.06,10.0078,0.0,1625.03,417.95,12.0,True,3641;3770
CSCO,Long,516,2024-08-19T20:00:00Z,47.039292,2024-08-21T20:00:00Z,47.964249,477.28,9.8831,0.0,551.08,73.81,2.0,True,3745;3771
LLY,Short,27,2024-08-12T20:00:00Z,890.223158,2024-08-21T20:00:00Z,942.418626,-1409.28,9.7728,-1409.28,0.0,1409.28,9.0,False,3658;3772
MCD,Long,95,2024-08-14T20:00:00Z,255.605212,2024-08-21T20:00:00Z,271.981904,1555.79,10.0934,0.0,1786.14,230.35,7.0,True,3675;3773
META,Long,51,2024-07-17T20:00:00Z,474.855101,2024-08-21T20:00:00Z,523.221994,2466.71,10.0951,-1266.01,2982.02,1785.87,35.0,True,3200;3774
PFE,Short,986,2024-08-19T20:00:00Z,24.746309,2024-08-21T20:00:00Z,25.305153,-551.02,9.958,-581.15,0.0,581.15,2.0,False,3746;3775
REGN,Long,23,2024-07-24T20:00:00Z,1046.127878,2024-08-21T20:00:00Z,1183.541134,3160.5,10.2359,0.0,3209.95,614.06,28.0,True,3350;3776
RTX,Long,214,2024-08-16T20:00:00Z,114.1543,2024-08-21T20:00:00Z,114.473086,68.22,4.8482,-188.12,68.22,225.33,5.0,True,3730;3777
SBUX,Short,274,2024-08-15T20:00:00Z,88.873903,2024-08-21T20:00:00Z,87.946697,254.05,4.8346,-350.4,303.56,350.4,6.0,True,3716;3778
T,Long,1380,2024-08-19T20:00:00Z,17.653084,2024-08-21T20:00:00Z,17.808176,214.03,9.8238,0.0,232.91,18.88,2.0,True,3747;3779
GS,Short,51,2024-08-15T20:00:00Z,482.501139,2024-08-21T20:00:00Z,477.246176,268.0,9.6766,0.0,416.14,148.13,6.0,True,3696;3784
ACN,Long,79,2024-08-05T20:00:00Z,297.986635,2024-08-22T20:00:00Z,317.306919,1526.3,9.6745,0.0,1526.3,354.36,17.0,True,3507;3787
DE,Short,67,2024-08-21T20:00:00Z,364.084346,2024-08-22T20:00:00Z,367.239796,-211.42,9.8352,-211.42,0.0,211.42,1.0,False,3765;3788
DIS,Short,277,2024-08-21T20:00:00Z,88.163949,2024-08-22T20:00:00Z,88.926174,-211.14,9.7799,-211.14,75.79,286.93,1.0,False,3783;3789
FISV,Short,145,2024-08-19T20:00:00Z,167.45,2024-08-22T20:00:00Z,168.65,-174.0,9.7646,-194.3,0.0,194.3,3.0,False,3750;3790
KO,Short,373,2024-08-21T20:00:00Z,65.257228,2024-08-22T20:00:00Z,65.538995,-105.1,9.7322,-105.1,52.55,157.65,1.0,False,3780;3791
LMT,Long,46,2024-08-21T20:00:00Z,526.487456,2024-08-22T20:00:00Z,522.527344,-182.17,9.6356,-182.17,0.0,182.17,1.0,False,3762;3792
PGR,Long,110,2024-08-21T20:00:00Z,220.694972,2024-08-22T20:00:00Z,218.661298,-223.7,9.6677,-223.7,39.48,263.18,1.0,False,3785;3793
QCOM,Short,148,2024-08-21T20:00:00Z,164.983462,2024-08-22T20:00:00Z,166.127195,-169.27,9.6829,-169.27,578.35,747.62,1.0,False,3782;3794
TJX,Long,229,2024-08-07T20:00:00Z,106.854023,2024-08-22T20:00:00Z,116.442419,2195.74,10.1236,-182.58,2392.35,514.33,15.0,True,3576;3795
UPS,Long,215,2024-08-19T20:00:00Z,112.949402,2024-08-22T20:00:00Z,112.949402,0.0,9.7057,-220.07,166.95,387.03,3.0,False,3748;3796
WFC,Short,452,2024-08-21T20:00:00Z,54.024062,2024-08-22T20:00:00Z,53.325186,315.89,9.6429,0.0,315.89,0.0,1.0,True,3761;3797
SPY,Short,57,2024-08-05T20:00:00Z,498.697654,2024-08-22T20:00:00Z,548.170816,-2819.97,6.1789,-2948.83,723.68,2819.97,17.0,False,3554;3808
ADI,Long,112,2024-08-16T20:00:00Z,216.155969,2024-08-26T20:00:00Z,220.35336,470.11,9.7228,-172.23,529.68,605.51,10.0,True,3733;3809
AMD,Long,155,2024-08-21T20:00:00Z,156.05,2024-08-26T20:00:00Z,154.7,-209.25,9.5418,-939.3,0.0,939.3,5.0,False,3781;3810
BMY,Short,545,2024-08-16T20:00:00Z,44.754316,2024-08-26T20:00:00Z,43.897687,466.86,9.6949,-94.37,740.03,307.93,10.0,True,3736;3811
LRCX,Long,308,2024-08-12T20:00:00Z,79.289114,2024-08-26T20:00:00Z,82.584644,1015.02,9.8587,0.0,2500.05,2153.14,14.0,True,3661;3812
ELV,Long,48,2024-08-02T20:00:00Z,512.593506,2024-08-26T20:00:00Z,525.073776,599.05,9.9517,-589.84,599.05,589.84,24.0,True,3481;3813
HON,Long,130,2024-08-16T20:00:00Z,187.379673,2024-08-26T20:00:00Z,193.269996,765.74,9.9303,0.0,797.21,151.79,10.0,True,3731;3814
NKE,Long,357,2024-08-08T20:00:00Z,69.045652,2024-08-26T20:00:00Z,78.917399,3524.21,10.6682,0.0,3719.44,198.59,18.0,True,3626;3815
SYK,Long,75,2024-07-18T20:00:00Z,324.673089,2024-08-26T20:00:00Z,346.845119,1662.9,10.0882,-1103.7,1718.82,1946.18,39.0,True,3247;3816
T,Long,1366,2024-08-22T20:00:00Z,17.844668,2024-08-26T20:00:00Z,18.063621,299.09,9.7902,0.0,299.09,0.0,4.0,True,3801;3817
TXN,Short,123,2024-08-22T20:00:00Z,197.265948,2024-08-26T20:00:00Z,197.776951,-62.85,9.5914,-165.28,24.44,165.28,4.0,False,3799;3818
VRTX,Long,51,2024-08-07T20:00:00Z,476.75,2024-08-26T20:00:00Z,481.98,266.73,9.675,-624.24,576.3,624.24,19.0,True,3604;3819
SPY,Short,70,2024-08-05T20:00:00Z,498.697654,2024-08-26T20:00:00Z,548.765234,-3504.73,23.3887,-3621.37,888.73,3504.73,21.0,False,3554;3827
SPY,Short,14,2024-08-07T20:00:00Z,515.07827,2024-08-26T20:00:00Z,548.765234,-471.62,1.4152,-494.95,407.08,534.24,19.0,False,3608;3827
SPY,Short,116,2024-08-08T20:00:00Z,510.605514,2024-08-26T20:00:00Z,548.765234,-4426.53,11.9966,-4619.82,2854.07,4426.53,18.0,False,3632;3827
SPY,Short,14,2024-08-14T20:00:00Z,528.99351,2024-08-26T20:00:00Z,548.765234,-276.8,5.0867,-300.13,601.89,276.8,12.0,False,3683;3827
SPY,Short,34,2024-08-14T20:00:00Z,528.99351,2024-08-27T20:00:00Z,545.140256,-548.99,15.4315,-728.89,1461.73,672.24,13.0,False,3683;3844
SPY,Short,107,2024-08-16T20:00:00Z,537.208179,2024-08-27T20:00:00Z,545.140256,-848.73,14.152,-1414.9,5479.12,1236.6,11.0,False,3737;3844
BKNG,Long,159,2024-07-22T20:00:00Z,156.112837,2024-08-27T20:00:00Z,149.144299,-1108.0,9.7276,-4185.14,0.0,4185.14,36.0,False,3305;3845
BLK,Long,30,2024-08-05T20:00:00Z,786.494895,2024-08-27T20:00:00Z,842.581139,1682.59,9.8242,0.0,1757.83,513.27,22.0,True,3510;3846
COP,Long,235,2024-08-21T20:00:00Z,104.302432,2024-08-27T20:00:00Z,106.744232,573.82,9.8013,-240.56,573.82,249.39,6.0,True,3763;3847
GS,Long,51,2024-08-21T20:00:00Z,477.246176,2024-08-27T20:00:00Z,485.214611,406.39,4.9435,-85.27,483.38,105.25,6.0,True,3784;3848
ANET,Long,273,2024-08-22T20:00:00Z,88.8775,2024-08-27T20:00:00Z,85.5,-922.06,9.5278,-922.06,0.0,922.06,5.0,False,3804;3849
MA,Short,53,2024-08-05T20:00:00Z,449.594782,2024-08-27T20:00:00Z,465.483758,-842.12,9.6046,-1046.88,350.88,1397.77,22.0,False,3540;3850
MMC,Long,112,2024-08-26T20:00:00Z,215.587828,2024-08-27T20:00:00Z,217.103265,169.73,9.7444,0.0,321.08,151.35,1.0,True,3824;3851
MS,Short,254,2024-08-22T20:00:00Z,95.665089,2024-08-27T20:00:00Z,97.283956,-411.19,9.7741,-411.19,0.0,411.19,5.0,False,3800;3852
NEE,Short,333,2024-08-15T20:00:00Z,72.629919,2024-08-27T20:00:00Z,75.271348,-879.6,9.7953,-966.93,0.0,966.93,12.0,False,3695;3853
REGN,Long,20,2024-08-22T20:00:00Z,1178.577971,2024-08-27T20:00:00Z,1188.12785,191.0,9.4683,0.0,238.95,47.95,5.0,True,3802;3854
MSFT,Long,59,2024-08-26T20:00:00Z,410.259151,2024-08-27T20:00:00Z,406.577313,-217.23,9.6107,-217.23,0.0,217.23,1.0,False,3820;3855
TMUS,Short,134,2024-08-07T20:00:00Z,181.640087,2024-08-27T20:00:00Z,192.431724,-1446.08,10.1179,-1816.57,0.0,1816.57,20.0,False,3571;3856
WMT,Short,340,2024-08-16T20:00:00Z,71.398154,2024-08-27T20:00:00Z,74.95333,-1208.76,9.9893,-1208.76,0.0,1208.76,11.0,False,3727;3857
MU,Long,244,2024-08-15T20:00:00Z,102.853146,2024-08-28T20:00:00Z,96.781332,-1481.52,9.7868,-2094.98,1243.9,3338.88,13.0,False,3715;3863
AMZN,Long,146,2024-08-05T20:00:00Z,154.04,2024-08-28T20:00:00Z,173.67,2865.98,9.6891,0.0,3806.22,1359.26,23.0,True,3539;3864
SHOP,Short,323,2024-08-27T20:00:00Z,74.15,2024-08-28T20:00:00Z,74.23,-25.84,9.5001,-25.84,523.26,549.1,1.0,False,3843;3865
UNP,Short,106,2024-07-31T20:00:00Z,233.27187,2024-08-28T20:00:00Z,238.334102,-536.6,10.0743,-758.5,1036.88,1795.38,28.0,False,3436;3866
AMAT,Short,125,2024-08-27T20:00:00Z,191.713832,2024-08-29T20:00:00Z,193.948098,-279.28,9.5658,-279.28,232.53,511.81,2.0,False,3858;3872
AMT,Short,118,2024-08-22T20:00:00Z,204.197543,2024-08-29T20:00:00Z,209.073819,-575.4,9.7613,-879.05,0.0,879.05,7.0,False,3805;3873
COST,Short,26,2024-08-28T20:00:00Z,901.051761,2024-08-29T20:00:00Z,880.537344,533.37,9.128,0.0,625.7,92.32,1.0,True,3867;3874
CRM,Long,93,2024-08-26T20:00:00Z,259.737732,2024-08-29T20:00:00Z,266.695168,647.04,9.5599,-634.23,647.04,658.02,3.0,True,3822;3875
FISV,Short,142,2024-08-27T20:00:00Z,170.26,2024-08-29T20:00:00Z,172.55,-325.18,9.7453,-379.14,0.0,379.14,2.0,False,3862;3876
PEP,Short,150,2024-08-26T20:00:00Z,161.916278,2024-08-29T20:00:00Z,159.326646,388.44,9.5888,0.0,582.67,194.22,3.0,True,3823;3877
PFE,Short,959,2024-08-27T20:00:00Z,25.322617,2024-08-29T20:00:00Z,25.191638,125.61,9.6367,0.0,234.47,108.86,2.0,True,3839;3878
PM,Short,213,2024-08-28T20:00:00Z,113.894188,2024-08-29T20:00:00Z,114.089197,-41.54,9.6967,-41.54,19.78,61.32,1.0,False,3870;3879
UPS,Long,212,2024-08-27T20:00:00Z,114.414214,2024-08-29T20:00:00Z,112.96705,-306.8,9.5362,-501.35,0.0,501.35,2.0,False,3859;3880
WFC,Short,449,2024-08-28T20:00:00Z,53.669837,2024-08-29T20:00:00Z,54.866542,-537.32,9.8368,-554.51,0.0,554.51,1.0,False,3869;3881
RTX,Long,211,2024-08-27T20:00:00Z,114.666289,2024-08-29T20:00:00Z,116.975071,487.15,14.7471,0.0,731.75,244.6,2.0,True,3840;3887
DE,Short,64,2024-08-27T20:00:00Z,371.544452,2024-08-30T20:00:00Z,372.226185,-43.63,9.4956,-264.28,221.27,485.55,3.0,False,3842;3894
GS,Long,50,2024-08-29T20:00:00Z,483.456587,2024-08-30T20:00:00Z,488.075515,230.95,9.7778,0.0,347.24,116.29,1.0,True,3888;3895
KLAC,Long,302,2024-08-28T20:00:00Z,79.718407,2024-08-30T20:00:00Z,80.145952,129.12,9.6613,-400.74,303.76,400.74,2.0,True,3871;3896
RTX,Short,207,2024-08-29T20:00:00Z,116.975071,2024-08-30T20:00:00Z,117.902448,-191.97,4.9328,-449.92,0.0,449.92,1.0,False,3887;3897
SBUX,Long,266,2024-08-27T20:00:00Z,90.713752,2024-08-30T20:00:00Z,90.409471,-80.94,9.7718,-209.93,0.0,209.93,3.0,False,3861;3898
AMAT,Long,127,2024-08-30T20:00:00Z,194.420542,2024-09-03T20:00:00Z,190.040593,-556.25,9.5158,-1770.01,0.0,1770.01,4.0,False,3906;3911
LRCX,Short,306,2024-08-29T20:00:00Z,80.365366,2024-09-03T20:00:00Z,79.104502,385.82,9.3934,-78.43,1582.96,1197.14,5.0,True,3891;3912
KKR,Long,201,2024-08-30T20:00:00Z,121.220832,2024-09-03T20:00:00Z,120.231415,-198.87,9.5791,-961.71,0.0,961.71,4.0,False,3908;3913
PEP,Long,153,2024-08-30T20:00:00Z,158.004281,2024-09-03T20:00:00Z,158.29814,44.96,9.8469,0.0,769.95,724.99,4.0,True,3903;3914
PFE,Short,966,2024-08-30T20:00:00Z,25.095587,2024-09-03T20:00:00Z,24.97334,118.09,9.6666,0.0,371.14,253.05,4.0,True,3905;3915
TXN,Short,123,2024-08-29T20:00:00Z,199.328885,2024-09-03T20:00:00Z,200.568539,-152.48,9.6124,-430.66,1025.44,1177.92,5.0,False,3885;3916
V,Short,89,2024-08-30T20:00:00Z,270.945144,2024-09-03T20:00:00Z,272.265242,-117.49,9.7307,-307.75,0.0,307.75,4.0,False,3900;3917
ADBE,Long,43,2024-08-29T20:00:00Z,567.91,2024-09-04T20:00:00Z,568.87,41.28,9.846,0.0,315.62,274.34,6.0,True,3883;3930
ADP,Long,94,2024-08-27T20:00:00Z,255.646323,2024-09-04T20:00:00Z,260.094313,418.11,9.7423,0.0,418.11,61.12,8.0,True,3860;3931
BMY,Short,541,2024-08-29T20:00:00Z,44.900125,2024-09-04T20:00:00Z,46.221521,-714.88,9.8288,-714.88,0.0,714.88,6.0,False,3892;3932
CI,Short,71,2024-08-26T20:00:00Z,338.906161,2024-09-04T20:00:00Z,351.560214,-898.44,9.7993,-914.79,46.15,960.93,9.0,False,3826;3933
DE,Short,64,2024-09-03T20:00:00Z,374.81677,2024-09-04T20:00:00Z,376.452929,-104.71,9.694,-441.92,0.0,441.92,1.0,False,3928;3934
DIS,Short,276,2024-08-29T20:00:00Z,88.574378,2024-09-04T20:00:00Z,86.981524,439.63,9.657,0.0,439.63,26.97,6.0,True,3886;3935
ETN,Long,82,2024-07-19T20:00:00Z,303.8391,2024-09-04T20:00:00Z,281.398711,-1840.11,9.6016,-3095.53,774.82,3870.35,47.0,False,3278;3936
MELI,Short,12,2024-08-22T20:00:00Z,2000.2,2024-09-04T20:00:00Z,1996.83,40.44,9.553,-737.52,120.36,797.88,13.0,True,3806;3937
GS,Long,49,2024-09-03T20:00:00Z,487.729518,2024-09-04T20:00:00Z,467.767467,-978.14,9.2125,-978.14,0.0,978.14,1.0,False,3925;3938
HCA,Short,65,2024-08-22T20:00:00Z,372.566013,2024-09-04T20:00:00Z,390.161593,-1143.71,9.9401,-1143.71,0.0,1143.71,13.0,False,3807;3939
ANET,Long,279,2024-08-30T20:00:00Z,87.73,2024-09-04T20:00:00Z,80.8325,-1924.4,9.4753,-1924.4,0.0,1924.4,5.0,False,3907;3940
MDT,Long,299,2024-08-22T20:00:00Z,81.640637,2024-09-04T20:00:00Z,82.728559,325.29,9.9455,0.0,898.02,572.73,13.0,True,3803;3941
MMC,Long,110,2024-08-29T20:00:00Z,218.078164,2024-09-04T20:00:00Z,221.42757,368.43,9.736,0.0,582.91,214.48,6.0,True,3890;3942
PLD,Long,208,2024-08-02T20:00:00Z,118.051718,2024-09-04T20:00:00Z,119.407247,281.95,9.7427,-1585.49,345.68,1585.49,33.0,True,3482;3943
QCOM,Short,147,2024-08-29T20:00:00Z,165.288458,2024-09-04T20:00:00Z,155.357044,1459.92,9.3821,-263.4,1459.92,292.82,6.0,True,3884;3944
RTX,Short,202,2024-09-03T20:00:00Z,118.936087,2024-09-04T20:00:00Z,117.013712,388.32,9.4485,0.0,392.22,3.9,1.0,True,3924;3945
SCHW,Long,398,2024-08-05T20:00:00Z,59.83172,2024-09-04T20:00:00Z,63.170993,1329.03,9.773,0.0,1631.67,651.83,30.0,True,3511;3946
SPGI,Short,55,2024-08-08T20:00:00Z,444.868303,2024-09-04T20:00:00Z,475.630548,-1691.92,5.2559,-1811.72,0.0,1811.72,27.0,False,3624;3947
TMUS,Short,124,2024-08-28T20:00:00Z,196.124607,2024-09-04T20:00:00Z,192.770952,415.85,9.5109,0.0,668.17,252.32,7.0,True,3868;3948
PANW,Long,132,2024-08-21T20:00:00Z,182.145,2024-09-04T20:00:00Z,171.755,-1371.48,9.3129,-1371.48,0.0,1371.48,14.0,False,3764;3949
AMD,Long,162,2024-09-03T20:00:00Z,146.49,2024-09-04T20:00:00Z,140.59,-955.8,13.9315,-955.8,0.0,955.8,1.0,False,3921;3953
AMT,Short,116,2024-08-30T20:00:00Z,208.738167,2024-09-04T20:00:00Z,215.777533,-816.57,14.6891,-934.45,0.0,934.45,5.0,False,3909;3961
KLAC,Long,299,2024-09-03T20:00:00Z,79.360806,2024-09-04T20:00:00Z,72.406798,-2079.25,13.5872,-2079.25,0.0,2079.25,1.0,False,3926;3965
SPY,Short,24,2024-08-16T20:00:00Z,537.208179,2024-09-04T20:00:00Z,536.16551,25.02,40.8026,-317.36,1228.96,289.76,19.0,True,3737;3968
SPY,Short,54,2024-08-19T20:00:00Z,540.540821,2024-09-04T20:00:00Z,536.16551,236.27,5.8894,-534.1,2945.13,472.01,16.0,True,3751;3968
SPY,Short,162,2024-08-21T20:00:00Z,545.442337,2024-09-04T20:00:00Z,536.16551,1502.85,17.7001,-808.25,9629.42,1316.57,14.0,True,3766;3968
SPY,Short,10,2024-08-21T20:00:00Z,545.442337,2024-09-04T20:00:00Z,536.16551,92.77,1.0926,-49.89,594.41,81.27,14.0,True,3786;3968
SPY,Short,130,2024-08-29T20:00:00Z,545.968544,2024-09-04T20:00:00Z,536.16551,1274.39,16.5403,-580.19,7795.72,1056.51,6.0,True,3893;3968
ABT,Short,218,2024-09-04T20:00:00Z,109.985221,2024-09-05T20:00:00Z,109.572861,89.89,9.5121,0.0,332.4,242.51,1.0,True,3955;3969
AXP,Short,95,2024-08-30T20:00:00Z,254.966205,2024-09-05T20:00:00Z,247.351183,723.43,9.4936,0.0,813.62,90.2,6.0,True,3904;3970
BSX,Long,329,2024-08-05T20:00:00Z,73.46,2024-09-05T20:00:00Z,81.77,2733.99,5.3541,0.0,2796.5,213.85,31.0,True,3512;3971
LRCX,Short,319,2024-09-04T20:00:00Z,73.897054,2024-09-05T20:00:00Z,73.673162,71.42,9.5251,-106.19,71.42,106.19,1.0,True,3966;3972
C,Long,415,2024-08-02T20:00:00Z,56.152412,2024-09-05T20:00:00Z,58.531163,987.18,9.3708,-1179.46,1395.28,1179.46,34.0,True,3480;3973
GILD,Short,321,2024-09-04T20:00:00Z,74.799988,2024-09-05T20:00:00Z,74.321163,153.7,9.5175,0.0,271.24,117.54,1.0,True,3967;3974
MRK,Short,223,2024-08-26T20:00:00Z,108.563908,2024-09-05T20:00:00Z,108.409436,34.45,9.7473,-399.26,179.71,578.96,10.0,True,3821;3975
MS,Short,254,2024-09-04T20:00:00Z,94.701365,2024-09-05T20:00:00Z,95.7363,-262.87,9.6328,-262.87,43.41,306.28,1.0,False,3958;3976
PEP,Long,147,2024-09-04T20:00:00Z,163.367207,2024-09-05T20:00:00Z,164.129403,112.04,9.6605,0.0,188.99,76.95,1.0,True,3952;3977
TMO,Short,40,2024-08-16T20:00:00Z,597.195093,2024-09-05T20:00:00Z,606.374465,-367.17,9.6129,-527.14,0.0,527.14,20.0,False,3728;3978
UPS,Long,213,2024-09-03T20:00:00Z,112.583198,2024-09-05T20:00:00Z,114.08772,320.46,9.5827,-34.77,320.46,285.69,2.0,True,3927;3979
VZ,Short,638,2024-09-04T20:00:00Z,37.719058,2024-09-05T20:00:00Z,36.245383,940.2,9.2666,0.0,945.8,5.6,1.0,True,3957;3980
SPY,Short,22,2024-08-29T20:00:00Z,545.968544,2024-09-05T20:00:00Z,536.779418,202.16,5.7842,-98.19,1319.28,178.79,7.0,True,3893;3989
SPY,Short,32,2024-08-30T20:00:00Z,546.416794,2024-09-05T20:00:00Z,536.779418,308.4,10.8758,-128.47,1933.29,260.06,6.0,True,3910;3989
SPY,Short,67,2024-08-30T20:00:00Z,546.416794,2024-09-06T20:00:00Z,535.834195,709.03,11.163,-268.99,4047.83,621.55,7.0,True,3910;3990
SPY,Short,39,2024-09-03T20:00:00Z,546.104968,2024-09-06T20:00:00Z,535.834195,400.56,4.1962,-168.74,2344.04,361.8,3.0,True,3929;3990
AMD,Short,175,2024-09-04T20:00:00Z,140.59,2024-09-06T20:00:00Z,138.59,350.0,4.7023,0.0,1092.0,742.0,2.0,True,3953;3991
AMT,Long,111,2024-09-04T20:00:00Z,215.777533,2024-09-06T20:00:00Z,218.173714,265.98,4.8882,0.0,489.52,223.54,2.0,True,3961;3992
AVGO,Long,156,2024-08-29T20:00:00Z,155.134597,2024-09-06T20:00:00Z,140.21291,-2327.78,8.9848,-3262.41,684.73,3947.14,8.0,False,3882;3993
COST,Short,27,2024-09-05T20:00:00Z,878.964638,2024-09-06T20:00:00Z,880.319737,-36.59,9.4148,-36.59,319.14,355.73,1.0,False,3982;3994
CSCO,Short,506,2024-09-05T20:00:00Z,47.163256,2024-09-06T20:00:00Z,46.657867,255.73,9.4214,0.0,463.2,207.48,1.0,True,3984;3995
MDLZ,Short,339,2024-09-05T20:00:00Z,70.720403,2024-09-06T20:00:00Z,70.748589,-9.56,9.5795,-12.74,0.0,12.74,1.0,False,3988;3996
UBER,Short,353,2024-08-09T20:00:00Z,69.14,2024-09-06T20:00:00Z,71.13,-702.47,9.7513,-1821.48,0.0,1821.48,28.0,False,3644;3997
PFE,Short,972,2024-09-04T20:00:00Z,24.693918,2024-09-06T20:00:00Z,24.938412,-237.65,9.6697,-250.38,0.0,250.38,2.0,False,3959;3998
KLAC,Short,329,2024-09-04T20:00:00Z,72.406798,2024-09-06T20:00:00Z,71.72312,224.93,4.5556,0.0,1043.62,818.69,2.0,True,3965;3999
RTX,Short,205,2024-09-05T20:00:00Z,116.830169,2024-09-06T20:00:00Z,115.584006,255.46,9.4296,0.0,495.08,239.62,1.0,True,3985;4000
SBUX,Long,271,2024-09-04T20:00:00Z,88.78347,2024-09-06T20:00:00Z,87.005328,-481.88,9.4561,-572.07,0.0,572.07,2.0,False,3963;4001
MSFT,Long,59,2024-08-30T20:00:00Z,408.54621,2024-09-06T20:00:00Z,403.062831,-323.52,9.5121,-772.5,0.0,772.5,7.0,False,3899;4002
AAPL,Long,109,2024-09-05T20:00:00Z,219.900467,2024-09-09T20:00:00Z,218.988099,-99.45,9.5836,-99.45,0.0,99.45,4.0,False,3981;4012
MU,Short,271,2024-09-06T20:00:00Z,88.811455,2024-09-09T20:00:00Z,87.20158,436.28,9.2991,0.0,834.85,398.57,3.0,True,4011;4013
ADI,Long,111,2024-08-27T20:00:00Z,217.713065,2024-09-09T20:00:00Z,210.704688,-777.93,9.6888,-1141.13,1044.54,2185.67,13.0,False,3841;4014
CB,Long,90,2024-08-26T20:00:00Z,268.917141,2024-09-09T20:00:00Z,280.053191,1002.24,9.932,0.0,1352.07,349.82,14.0,True,3825;4015
CI,Short,70,2024-09-06T20:00:00Z,342.982298,2024-09-09T20:00:00Z,342.109155,61.12,9.5522,-10.07,61.12,10.07,3.0,True,4010;4016
KKR,Long,206,2024-09-06T20:00:00Z,117.007195,2024-09-09T20:00:00Z,116.16053,-174.41,9.5197,-174.41,0.0,174.41,3.0,False,4009;4017
CRM,Long,97,2024-09-03T20:00:00Z,248.164967,2024-09-09T20:00:00Z,242.5754,-542.19,9.4276,-783.69,0.0,783.69,6.0,False,3920;4018
CVX,Long,172,2024-07-29T20:00:00Z,144.151093,2024-09-09T20:00:00Z,127.592195,-2848.13,9.3459,-2860.0,327.18,3187.19,42.0,False,3416;4019
DE,Long,62,2024-09-05T20:00:00Z,381.770446,2024-09-09T20:00:00Z,374.115559,-474.6,9.3099,-630.39,0.0,630.39,4.0,False,3986;4020
KO,Short,357,2024-08-30T20:00:00Z,67.793131,2024-09-09T20:00:00Z,66.919653,311.83,9.6782,-278.3,348.71,278.3,10.0,True,3902;4021
LIN,Short,56,2024-08-09T20:00:00Z,433.337509,2024-09-09T20:00:00Z,447.499744,-793.09,9.919,-1726.94,0.0,1726.94,31.0,False,3642;4022
MS,Short,255,2024-09-06T20:00:00Z,94.663385,2024-09-09T20:00:00Z,92.816642,470.92,9.4315,0.0,470.92,0.0,3.0,True,4006;4023
PM,Short,211,2024-09-03T20:00:00Z,114.748511,2024-09-09T20:00:00Z,117.125756,-501.6,9.9207,-760.24,0.0,760.24,6.0,False,3923;4024
T,Short,1288,2024-09-04T20:00:00Z,18.693111,2024-09-09T20:00:00Z,19.112771,-540.52,9.8869,-1175.05,0.0,1175.05,5.0,False,3960;4025
TMUS,Short,125,2024-09-05T20:00:00Z,190.524965,2024-09-09T20:00:00Z,185.505088,627.48,9.4178,0.0,659.88,275.95,4.0,True,3983;4026
WFC,Short,430,2024-09-04T20:00:00Z,55.996232,2024-09-09T20:00:00Z,52.396543,1547.87,9.2806,0.0,1848.38,300.52,5.0,True,3956;4027
AMD,Short,179,2024-09-09T20:00:00Z,136.0,2024-09-10T20:00:00Z,139.03,-542.37,10.0594,-1224.36,0.0,1224.36,1.0,False,4029;4037
AXP,Long,100,2024-09-09T20:00:00Z,242.985759,2024-09-10T20:00:00Z,246.382177,339.64,9.7163,-277.0,339.64,277.0,1.0,True,4031;4038
BA,Short,147,2024-09-05T20:00:00Z,164.15,2024-09-10T20:00:00Z,162.61,226.38,9.4733,0.0,959.91,777.63,5.0,True,3987;4039
MRK,Short,218,2024-09-06T20:00:00Z,110.763735,2024-09-10T20:00:00Z,107.637077,681.61,9.4602,0.0,750.58,68.97,4.0,True,4005;4040
ORCL,Short,173,2024-09-06T20:00:00Z,139.615682,2024-09-10T20:00:00Z,150.115077,-1816.4,10.023,-2089.11,604.34,2693.45,4.0,False,4004;4041
AMAT,Short,136,2024-09-06T20:00:00Z,177.077911,2024-09-11T20:00:00Z,177.402716,-44.17,9.6563,-807.17,315.91,1123.08,5.0,False,4008;4047
AMGN,Short,78,2024-09-10T20:00:00Z,307.879329,2024-09-11T20:00:00Z,308.641966,-59.49,9.678,-218.85,0.0,218.85,1.0,False,4045;4048
BX,Long,185,2024-09-04T20:00:00Z,128.795044,2024-09-11T20:00:00Z,132.762287,733.94,9.7323,-91.74,972.82,238.88,7.0,True,3962;4049
BMY,Short,543,2024-09-09T20:00:00Z,44.398906,2024-09-11T20:00:00Z,44.754316,-192.99,9.6088,-277.11,64.33,277.11,2.0,False,4034;4050
COST,Short,27,2024-09-10T20:00:00Z,882.891458,2024-09-11T20:00:00Z,885.265353,-64.1,9.5859,-208.31,0.0,208.31,1.0,False,4042;4051
DHR,Short,90,2024-09-03T20:00:00Z,263.704264,2024-09-11T20:00:00Z,270.349947,-598.11,9.5309,-681.65,227.51,909.17,8.0,False,3922;4052
DIS,Short,278,2024-09-06T20:00:00Z,86.434286,2024-09-11T20:00:00Z,86.023858,114.1,9.5767,0.0,114.1,13.58,5.0,True,4007;4053
GILD,Short,326,2024-09-09T20:00:00Z,73.908059,2024-09-11T20:00:00Z,76.236463,-759.06,9.8011,-832.52,0.0,832.52,2.0,False,4035;4054
NFLX,Short,349,2024-08-22T20:00:00Z,69.1,2024-09-11T20:00:00Z,67.746,472.55,9.5656,-361.22,880.53,611.1,20.0,True,3798;4055
RTX,Short,210,2024-09-09T20:00:00Z,115.574346,2024-09-11T20:00:00Z,115.79653,-46.66,9.7545,-133.89,77.09,133.89,2.0,False,4032;4056
VZ,Long,642,2024-09-10T20:00:00Z,37.534849,2024-09-11T20:00:00Z,38.14888,394.21,9.8496,0.0,568.79,174.58,1.0,True,4044;4057
SPY,Long,68,2024-09-09T20:00:00Z,530.78651,2024-09-11T20:00:00Z,534.703826,266.38,24.0665,0.0,644.08,377.7,2.0,True,4036;4066
AXP,Short,100,2024-09-11T20:00:00Z,239.2174,2024-09-12T20:00:00Z,249.103226,-988.58,9.9706,-1052.2,0.0,1052.2,1.0,False,4062;4067
FISV,Short,138,2024-09-04T20:00:00Z,174.26,2024-09-12T20:00:00Z,171.4,394.68,9.5847,0.0,580.98,498.18,8.0,True,3964;4068
JNJ,Short,151,2024-09-04T20:00:00Z,158.972723,2024-09-12T20:00:00Z,155.619148,506.39,9.4984,0.0,506.39,429.14,8.0,True,3951;4069
QCOM,Long,155,2024-09-11T20:00:00Z,155.316829,2024-09-12T20:00:00Z,158.919045,558.34,9.8464,0.0,558.34,0.0,1.0,True,4061;4070
TMO,Long,39,2024-09-09T20:00:00Z,609.81797,2024-09-12T20:00:00Z,611.008808,46.44,9.5562,-13.55,375.41,388.96,3.0,True,4028;4071
TSLA,Long,104,2024-09-06T20:00:00Z,232.6,2024-09-12T20:00:00Z,224.71,-820.56,9.1632,-1698.32,0.0,1698.32,6.0,False,4003;4072
AVGO,Long,155,2024-09-12T20:00:00Z,154.909253,2024-09-13T20:00:00Z,163.335156,1306.02,10.0912,0.0,1454.84,148.82,1.0,True,4073;4084
BA,Short,150,2024-09-11T20:00:00Z,159.79,2024-09-13T20:00:00Z,160.14,-52.5,9.543,-447.0,453.0,505.5,2.0,False,4065;4085
LRCX,Short,320,2024-09-12T20:00:00Z,75.170684,2024-09-13T20:00:00Z,74.21718,305.12,9.537,-132.61,305.12,132.61,1.0,True,4083;4086
CSCO,Short,521,2024-09-09T20:00:00Z,46.333655,2024-09-13T20:00:00Z,47.411182,-561.39,9.7871,-601.14,0.0,601.14,4.0,False,4030;4087
HCA,Short,63,2024-09-11T20:00:00Z,378.516447,2024-09-13T20:00:00Z,384.496387,-376.74,9.7075,-609.1,0.0,609.1,2.0,False,4064;4088
INTU,Short,38,2024-09-12T20:00:00Z,632.495753,2024-09-13T20:00:00Z,631.680238,30.99,9.7201,-432.36,30.99,432.36,1.0,True,4077;4089
NOW,Short,137,2024-09-12T20:00:00Z,176.006,2024-09-13T20:00:00Z,176.354,-47.68,9.6726,-47.68,29.59,77.27,1.0,False,4078;4090
NVDA,Long,192,2024-08-27T20:00:00Z,124.654825,2024-09-13T20:00:00Z,118.721437,-1139.21,9.4743,-4244.89,116.8,4361.68,17.0,False,3838;4091
ORCL,Short,158,2024-09-11T20:00:00Z,152.557476,2024-09-13T20:00:00Z,169.021773,-2601.36,9.8154,-2601.36,0.0,2601.36,2.0,False,4059;4092
SCHW,Long,389,2024-09-12T20:00:00Z,61.864679,2024-09-13T20:00:00Z,60.441382,-553.66,9.3941,-553.66,0.0,553.66,1.0,False,4082;4093
WFC,Long,468,2024-09-12T20:00:00Z,51.439178,2024-09-13T20:00:00Z,49.648907,-837.85,9.3507,-837.85,0.0,837.85,1.0,False,4076;4094
CRM,Short,96,2024-09-13T20:00:00Z,248.519235,2024-09-16T20:00:00Z,251.363222,-273.02,9.6641,-412.84,0.0,412.84,3.0,False,4095;4106
ISRG,Short,48,2024-09-13T20:00:00Z,490.28,2024-09-16T20:00:00Z,493.47,-153.12,9.42,-153.12,0.0,153.12,3.0,False,4098;4107
MDLZ,Short,344,2024-09-13T20:00:00Z,69.92178,2024-09-16T20:00:00Z,71.161994,-426.63,9.7473,-426.63,0.0,426.63,3.0,False,4104;4108
MMC,Long,108,2024-09-13T20:00:00Z,221.649577,2024-09-16T20:00:00Z,223.290496,177.22,9.6084,0.0,177.22,0.0,3.0,True,4101;4109
UBER,Short,346,2024-09-09T20:00:00Z,71.02,2024-09-16T20:00:00Z,72.36,-463.64,9.7793,-505.16,1013.78,1518.94,7.0,False,4033;4110
SBUX,Long,255,2024-09-13T20:00:00Z,94.260526,2024-09-16T20:00:00Z,93.613929,-164.88,9.4507,-683.78,0.0,683.78,3.0,False,4102;4111
TXN,Short,129,2024-09-13T20:00:00Z,186.601134,2024-09-16T20:00:00Z,187.982733,-178.23,9.7268,-178.23,0.0,178.23,3.0,False,4097;4112
ETN,Long,81,2024-09-13T20:00:00Z,298.602893,2024-09-17T20:00:00Z,301.200119,210.38,9.7679,0.0,467.41,257.04,4.0,True,4100;4122
GS,Short,51,2024-09-16T20:00:00Z,462.702469,2024-09-17T20:00:00Z,469.016898,-322.04,9.5145,-322.04,0.0,322.04,1.0,False,4118;4123
ANET,Long,266,2024-09-16T20:00:00Z,88.38,2024-09-17T20:00:00Z,91.1725,742.8,9.5784,0.0,742.8,0.0,1.0,True,4120;4124
MA,Short,50,2024-08-30T20:00:00Z,476.115934,2024-09-17T20:00:00Z,492.676831,-828.04,9.7264,-946.13,282.6,1228.73,18.0,False,3901;4125
NOW,Short,136,2024-09-16T20:00:00Z,177.0,2024-09-17T20:00:00Z,178.13,-153.68,9.6739,-153.68,0.0,153.68,1.0,False,4116;4126
KLAC,Short,323,2024-09-16T20:00:00Z,72.406798,2024-09-17T20:00:00Z,73.819469,-456.29,9.3931,-456.29,0.0,456.29,1.0,False,4121;4127
WFC,Short,473,2024-09-16T20:00:00Z,50.587124,2024-09-17T20:00:00Z,51.755109,-552.46,9.8084,-756.23,0.0,756.23,1.0,False,4117;4128
SPY,Long,89,2024-09-09T20:00:00Z,530.78651,2024-09-17T20:00:00Z,550.626446,1765.75,17.2288,0.0,1765.75,494.34,8.0,True,4036;4140
SPY,Long,68,2024-09-13T20:00:00Z,545.393614,2024-09-17T20:00:00Z,550.626446,355.83,21.5776,-993.28,355.83,0.0,4.0,True,4105;4140
BSX,Long,290,2024-09-12T20:00:00Z,82.95,2024-09-18T20:00:00Z,82.5,-130.5,9.6512,-130.5,162.4,292.9,6.0,False,4080;4141
COP,Long,240,2024-09-17T20:00:00Z,99.090128,2024-09-18T20:00:00Z,100.977827,453.05,9.7782,0.0,700.98,247.94,1.0,True,4137;4142
COST,Short,27,2024-09-12T20:00:00Z,890.626402,2024-09-18T20:00:00Z,890.151623,12.82,9.6546,-416.08,210.98,416.08,6.0,True,4074;4143
CRM,Long,94,2024-09-17T20:00:00Z,254.600841,2024-09-18T20:00:00Z,252.319642,-214.43,9.3986,-545.19,0.0,545.19,1.0,False,4132;4144
FISV,Short,138,2024-09-13T20:00:00Z,173.83,2024-09-18T20:00:00Z,175.63,-248.4,9.6639,-248.4,0.0,248.4,5.0,False,4103;4145
IBM,Short,121,2024-09-12T20:00:00Z,199.055115,2024-09-18T20:00:00Z,202.969866,-473.68,9.7845,-821.21,0.0,821.21,6.0,False,4075;4146
LMT,Short,44,2024-09-10T20:00:00Z,547.608316,2024-09-18T20:00:00Z,536.951211,468.91,9.4924,0.0,503.54,248.64,8.0,True,4046;4147
MCD,Short,84,2024-09-16T20:00:00Z,283.901262,2024-09-18T20:00:00Z,279.976185,329.71,9.4226,0.0,477.75,148.05,2.0,True,4115;4148
MDLZ,Short,336,2024-09-17T20:00:00Z,70.964687,2024-09-18T20:00:00Z,70.541887,142.06,9.4802,0.0,151.53,9.47,1.0,True,4139;4149
MMC,Long,106,2024-09-17T20:00:00Z,222.595518,2024-09-18T20:00:00Z,221.080081,-160.64,9.2956,-452.24,0.0,452.24,1.0,False,4138;4150
ORCL,Short,143,2024-09-17T20:00:00Z,165.693883,2024-09-18T20:00:00Z,163.105524,370.14,9.2395,0.0,800.1,429.97,1.0,True,4130;4151
PM,Short,204,2024-09-11T20:00:00Z,117.469342,2024-09-18T20:00:00Z,114.135627,680.08,9.3286,0.0,1049.48,369.4,7.0,True,4060;4152
SYK,Short,67,2024-09-11T20:00:00Z,357.509277,2024-09-18T20:00:00Z,356.273137,82.82,9.5667,-496.27,200.48,496.27,7.0,True,4063;4153
UNH,Short,43,2024-09-03T20:00:00Z,562.904665,2024-09-18T20:00:00Z,549.970652,556.16,9.6521,-476.32,556.16,476.32,15.0,True,3918;4154
SPY,Long,129,2024-09-13T20:00:00Z,545.393614,2024-09-18T20:00:00Z,549.31093,505.33,21.1165,-1884.32,675.04,460.08,5.0,True,4105;4165
ABBV,Short,136,2024-08-09T20:00:00Z,178.463076,2024-09-19T20:00:00Z,181.127193,-362.32,9.7695,-1116.89,50.94,1167.83,41.0,False,3640;4166
CSCO,Short,490,2024-09-17T20:00:00Z,48.650815,2024-09-19T20:00:00Z,49.108525,-224.28,9.5365,-224.28,210.26,434.54,2.0,False,4133;4167
ELV,Long,45,2024-09-18T20:00:00Z,523.898876,2024-09-19T20:00:00Z,521.231621,-120.03,9.3375,-263.45,0.0,263.45,1.0,False,4161;4168
ETN,Long,78,2024-09-18T20:00:00Z,306.160235,2024-09-19T20:00:00Z,316.109759,776.06,9.8028,0.0,1169.81,393.74,1.0,True,4163;4169
LIN,Short,53,2024-09-10T20:00:00Z,449.701297,2024-09-19T20:00:00Z,460.075872,-549.85,9.632,-685.12,0.0,685.12,9.0,False,4043;4170
MDT,Long,285,2024-09-16T20:00:00Z,83.686302,2024-09-19T20:00:00Z,82.468201,-347.16,9.518,-495.56,0.0,495.56,3.0,False,4119;4171
UBER,Short,333,2024-09-17T20:00:00Z,71.97,2024-09-19T20:00:00Z,75.0,-1008.99,9.8608,-1102.23,0.0,1102.23,2.0,False,4136;4172
AAPL,Long,110,2024-09-11T20:00:00Z,219.4542,2024-09-20T20:00:00Z,228.091943,950.15,9.8366,-542.16,950.15,703.61,9.0,True,4058;4179
ABT,Short,217,2024-09-19T20:00:00Z,110.752404,2024-09-20T20:00:00Z,109.083782,362.09,9.483,0.0,372.5,10.4,1.0,True,4174;4180
ACN,Short,73,2024-09-04T20:00:00Z,323.113458,2024-09-20T20:00:00Z,315.814895,532.8,9.4378,-979.57,532.8,990.67,16.0,True,3954;4181
ADP,Long,92,2024-09-12T20:00:00Z,262.909758,2024-09-20T20:00:00Z,263.476984,52.18,9.6933,-24.01,282.52,306.52,8.0,True,4081;4182
AMD,Long,157,2024-09-16T20:00:00Z,151.8,2024-09-20T20:00:00Z,156.25,698.65,9.6721,-551.07,775.58,551.07,4.0,True,4114;4183
C,Long,421,2024-09-19T20:00:00Z,57.889843,2024-09-20T20:00:00Z,59.400508,635.99,10.0126,0.0,635.99,0.0,1.0,True,4178;4184
KKR,Long,190,2024-09-18T20:00:00Z,126.478034,2024-09-20T20:00:00Z,129.520123,578.0,9.8196,0.0,890.38,312.38,2.0,True,4164;4185
DHR,Short,89,2024-09-13T20:00:00Z,269.480972,2024-09-20T20:00:00Z,271.831155,-209.17,9.6125,-310.23,87.88,398.12,7.0,False,4096;4186
GS,Short,51,2024-09-19T20:00:00Z,475.494713,2024-09-20T20:00:00Z,480.732709,-267.14,9.8254,-267.14,0.0,267.14,1.0,False,4176;4187
JNJ,Short,151,2024-09-18T20:00:00Z,157.854864,2024-09-20T20:00:00Z,155.647568,333.3,9.45,0.0,353.33,20.03,2.0,True,4156;4188
MA,Short,48,2024-09-18T20:00:00Z,494.0602,2024-09-20T20:00:00Z,483.833154,490.9,9.3674,0.0,490.9,0.0,2.0,True,4155;4189
PFE,Short,922,2024-09-19T20:00:00Z,26.117224,2024-09-20T20:00:00Z,25.794142,297.88,9.5129,0.0,394.49,96.61,1.0,True,4175;4190
REGN,Long,21,2024-09-18T20:00:00Z,1140.55677,2024-09-20T20:00:00Z,1135.276598,-110.88,9.5025,-130.86,0.0,130.86,2.0,False,4160;4191
TXN,Short,126,2024-09-17T20:00:00Z,188.730311,2024-09-20T20:00:00Z,193.405039,-589.02,9.6506,-972.95,0.0,972.95,3.0,False,4134;4192
WMT,Short,302,2024-09-16T20:00:00Z,79.333464,2024-09-20T20:00:00Z,76.829128,756.31,9.4684,0.0,812.66,302.52,4.0,True,4113;4193
COP,Long,235,2024-09-19T20:00:00Z,103.823464,2024-09-24T20:00:00Z,104.565395,174.35,9.687,-361.95,174.35,361.95,5.0,True,4177;4203
ELV,Long,46,2024-09-20T20:00:00Z,517.052601,2024-09-24T20:00:00Z,512.777291,-196.66,9.4541,-426.11,0.0,426.11,4.0,False,4199;4204
NOW,Short,135,2024-09-18T20:00:00Z,177.552,2024-09-24T20:00:00Z,185.11,-1020.33,9.7955,-1339.2,0.0,1339.2,6.0,False,4159;4205
ORCL,Short,147,2024-09-20T20:00:00Z,162.628721,2024-09-24T20:00:00Z,161.276158,198.83,9.5494,0.0,198.83,0.0,4.0,True,4194;4206
SBUX,Long,260,2024-09-20T20:00:00Z,91.949893,2024-09-24T20:00:00Z,90.485541,-380.73,9.4194,-556.26,0.0,556.26,4.0,False,4201;4207
VRTX,Long,49,2024-09-18T20:00:00Z,483.78,2024-09-24T20:00:00Z,459.59,-1185.31,9.1841,-1185.31,0.0,1185.31,6.0,False,4162;4208
CRM,Long,96,2024-09-19T20:00:00Z,256.262136,2024-09-25T20:00:00Z,266.561903,988.78,10.2205,0.0,1333.19,344.42,6.0,True,4173;4217
MRK,Short,215,2024-09-17T20:00:00Z,111.448574,2024-09-25T20:00:00Z,107.82324,779.45,9.3864,0.0,853.97,74.52,8.0,True,4131;4218
PM,Short,216,2024-09-20T20:00:00Z,110.969062,2024-09-25T20:00:00Z,113.19773,-481.39,9.7273,-481.39,0.0,481.39,5.0,False,4195;4219
REGN,Long,22,2024-09-24T20:00:00Z,1066.267821,2024-09-25T20:00:00Z,1038.717806,-606.1,9.0539,-984.67,0.0,984.67,1.0,False,4212;4220
TMO,Long,39,2024-09-24T20:00:00Z,606.928596,2024-09-25T20:00:00Z,609.569963,103.01,9.3847,-442.65,103.01,442.65,1.0,True,4209;4221
UPS,Long,211,2024-09-24T20:00:00Z,114.096544,2024-09-25T20:00:00Z,114.308324,44.69,9.7202,0.0,411.48,366.79,1.0,True,4215;4222
VZ,Short,623,2024-09-20T20:00:00Z,38.403264,2024-09-25T20:00:00Z,39.27168,-541.02,9.7144,-541.02,0.0,541.02,5.0,False,4196;4223
MMC,Long,110,2024-09-20T20:00:00Z,215.288602,2024-09-26T20:00:00Z,215.04729,-26.54,9.4997,-26.54,162.45,189.0,6.0,False,4200;4238
NFLX,Short,339,2024-09-18T20:00:00Z,70.755,2024-09-26T20:00:00Z,72.473,-582.4,9.5049,-582.4,221.03,803.43,8.0,False,4157;4239
AMD,Long,151,2024-09-25T20:00:00Z,158.5,2024-09-26T20:00:00Z,167.0,1283.5,9.9512,0.0,1357.49,73.99,1.0,True,4224;4247
AMGN,Short,77,2024-09-12T20:00:00Z,310.911046,2024-09-26T20:00:00Z,295.978428,1149.81,9.4125,-519.08,1258.56,519.08,14.0,True,4079;4248
AMT,Long,108,2024-09-25T20:00:00Z,220.579219,2024-09-26T20:00:00Z,217.353232,-348.41,9.413,-484.35,0.0,484.35,1.0,False,4231;4249
BKNG,Short,148,2024-09-24T20:00:00Z,162.456796,2024-09-26T20:00:00Z,165.695306,-479.3,9.8394,-820.91,0.0,820.91,2.0,False,4211;4250
CAT,Short,66,2024-09-20T20:00:00Z,361.297042,2024-09-26T20:00:00Z,380.643878,-1276.89,9.7847,-1329.05,0.0,1329.05,6.0,False,4197;4251
INTU,Short,37,2024-09-17T20:00:00Z,638.65633,2024-09-26T20:00:00Z,633.743589,181.77,9.3187,-154.14,615.48,769.62,9.0,True,4135;4252
NVDA,Long,204,2024-09-17T20:00:00Z,117.813872,2024-09-26T20:00:00Z,126.440724,1759.88,9.7507,-968.44,1759.88,968.44,9.0,True,4129;4253
QCOM,Short,149,2024-09-25T20:00:00Z,158.995688,2024-09-26T20:00:00Z,167.656335,-1290.44,9.7334,-1290.44,0.0,1290.44,1.0,False,4226;4254
TXN,Short,124,2024-09-24T20:00:00Z,194.994825,2024-09-26T20:00:00Z,199.026068,-499.87,9.7206,-499.87,117.34,617.22,2.0,False,4210;4255
UNP,Short,101,2024-09-20T20:00:00Z,232.915427,2024-09-26T20:00:00Z,236.282695,-340.09,9.4419,-529.46,24.15,529.46,6.0,False,4198;4256
V,Short,87,2024-09-04T20:00:00Z,274.570488,2024-09-26T20:00:00Z,266.482426,703.66,9.4652,-1101.35,778.23,1109.06,22.0,True,3950;4257
BX,Long,168,2024-09-26T20:00:00Z,144.776296,2024-09-27T20:00:00Z,144.317818,-77.02,9.696,-77.02,33.01,110.03,1.0,False,4265;4269
AXP,Long,92,2024-09-26T20:00:00Z,262.600803,2024-09-27T20:00:00Z,262.316953,-26.11,9.7111,-26.11,249.44,275.55,1.0,False,4261;4270
CB,Long,84,2024-09-26T20:00:00Z,280.851414,2024-09-27T20:00:00Z,282.099166,104.81,9.4888,0.0,119.55,14.74,1.0,True,4264;4271
KO,Short,355,2024-09-26T20:00:00Z,67.009623,2024-09-27T20:00:00Z,67.652674,-228.28,9.6141,-312.21,0.0,312.21,1.0,False,4241;4272
PEP,Long,146,2024-09-18T20:00:00Z,163.648894,2024-09-27T20:00:00Z,157.449371,-905.13,9.3272,-1007.8,0.0,1007.8,9.0,False,4158;4273
PGR,Short,105,2024-08-29T20:00:00Z,227.651791,2024-09-27T20:00:00Z,231.028977,-354.6,9.6837,-1144.98,0.0,1144.98,29.0,False,3889;4274
UPS,Long,207,2024-09-26T20:00:00Z,116.982048,2024-09-27T20:00:00Z,118.217432,255.72,9.7756,0.0,308.7,52.97,1.0,True,4244;4275
PANW,Long,139,2024-09-24T20:00:00Z,172.26,2024-09-27T20:00:00Z,169.475,-387.12,9.4427,-608.12,0.0,608.12,3.0,False,4214;4276
WFC,Short,468,2024-09-26T20:00:00Z,51.731175,2024-09-27T20:00:00Z,54.033635,-1077.55,10.0622,-1077.55,0.0,1077.55,1.0,False,4242;4277
SPY,Short,64,2024-09-18T20:00:00Z,549.31093,2024-09-27T20:00:00Z,560.48634,-715.23,14.7465,-782.16,0.0,782.16,9.0,False,4165;4296
SPY,Short,41,2024-09-20T20:00:00Z,555.090845,2024-09-27T20:00:00Z,560.48634,-221.22,4.5546,-264.1,236.98,264.1,7.0,False,4202;4296
SPY,Short,27,2024-09-24T20:00:00Z,557.681074,2024-09-27T20:00:00Z,560.48634,-75.74,6.5893,-103.98,225.99,117.44,3.0,False,4216;4296
C,Long,419,2024-09-26T20:00:00Z,58.003855,2024-09-30T20:00:00Z,58.602421,250.8,9.8974,0.0,617.05,366.25,4.0,True,4266;4297
GILD,Short,304,2024-09-27T20:00:00Z,78.882153,2024-09-30T20:00:00Z,78.796865,25.93,9.648,-172.85,25.93,172.85,3.0,True,4295;4298
ANET,Long,248,2024-09-25T20:00:00Z,96.015,2024-09-30T20:00:00Z,94.4875,-378.82,9.5721,-378.82,143.22,522.04,5.0,False,4230;4299
ISRG,Long,49,2024-09-27T20:00:00Z,490.03,2024-09-30T20:00:00Z,480.0,-491.47,9.5104,-491.47,60.76,552.23,3.0,False,4287;4300
PLD,Long,204,2024-09-27T20:00:00Z,117.845099,2024-09-30T20:00:00Z,116.573019,-259.5,9.612,-259.5,55.34,314.84,3.0,False,4292;4301
QCOM,Long,144,2024-09-27T20:00:00Z,165.740263,2024-09-30T20:00:00Z,164.178664,-224.87,9.3861,-406.97,0.0,406.97,3.0,False,4284;4302
SCHW,Long,385,2024-09-26T20:00:00Z,62.478841,2024-09-30T20:00:00Z,62.722557,93.83,9.657,0.0,270.23,176.4,4.0,True,4267;4303
TMO,Long,38,2024-09-27T20:00:00Z,615.051297,2024-09-30T20:00:00Z,608.19963,-260.36,9.3051,-260.36,0.0,260.36,3.0,False,4281;4304
MU,Long,219,2024-09-27T20:00:00Z,109.710022,2024-10-02T20:00:00Z,100.060708,-2113.2,9.0252,-2296.01,0.0,2296.01,5.0,False,4291;4313
BKNG,Short,142,2024-09-27T20:00:00Z,168.006223,2024-10-02T20:00:00Z,161.393822,938.96,9.3584,0.0,938.96,134.23,5.0,True,4290;4316
HCA,Short,60,2024-09-30T20:00:00Z,397.179469,2024-10-02T20:00:00Z,398.37155,-71.52,9.5794,-135.96,0.0,135.96,2.0,False,4312;4321
NEE,Long,300,2024-09-30T20:00:00Z,79.661817,2024-10-02T20:00:00Z,80.029487,110.3,9.6137,0.0,263.03,152.72,2.0,True,4308;4323
PEP,Long,152,2024-09-30T20:00:00Z,157.976793,2024-10-02T20:00:00Z,158.689276,108.3,9.5527,-165.96,108.3,257.38,2.0,True,4305;4324
VRTX,Long,51,2024-09-30T20:00:00Z,463.16,2024-10-02T20:00:00Z,461.66,-76.5,9.4576,-76.5,336.6,413.1,2.0,False,4309;4326
VZ,Short,612,2024-09-27T20:00:00Z,39.219049,2024-10-02T20:00:00Z,39.578695,-220.1,9.6567,-268.42,0.0,268.42,5.0,False,4286;4327
SPY,Short,32,2024-09-24T20:00:00Z,557.681074,2024-10-02T20:00:00Z,554.92468,88.2,18.2378,-123.24,267.84,139.19,8.0,True,4216;4342
SPY,Short,132,2024-09-25T20:00:00Z,558.306638,2024-10-02T20:00:00Z,554.92468,446.42,16.604,-425.77,1187.43,425.77,7.0,True,4232;4342
ADI,Long,106,2024-09-27T20:00:00Z,227.890407,2024-10-02T20:00:00Z,218.443116,-1001.41,9.4641,-1136.24,0.0,1136.24,5.0,False,4293;4343
ADP,Long,91,2024-09-27T20:00:00Z,261.59215,2024-10-02T20:00:00Z,266.618375,457.39,9.6403,0.0,757.98,300.59,5.0,True,4294;4344
BX,Long,165,2024-09-30T20:00:00Z,144.018403,2024-10-02T20:00:00Z,141.117825,-478.6,9.428,-478.6,0.0,478.6,2.0,False,4310;4345
AXP,Long,90,2024-09-30T20:00:00Z,264.372421,2024-10-02T20:00:00Z,262.982533,-125.09,9.5512,-132.14,72.24,197.32,2.0,False,4306;4346
CAT,Short,62,2024-09-27T20:00:00Z,381.473168,2024-10-02T20:00:00Z,382.42929,-59.28,9.4984,-184.49,0.0,184.49,5.0,False,4285;4347
KKR,Long,184,2024-09-30T20:00:00Z,129.283844,2024-10-02T20:00:00Z,127.984311,-239.11,9.5211,-262.66,163.03,402.15,2.0,False,4311;4348
COP,Long,242,2024-09-26T20:00:00Z,96.732852,2024-10-02T20:00:00Z,104.509046,1881.84,9.6669,0.0,1881.84,0.0,6.0,True,4263;4349
CVX,Short,181,2024-09-26T20:00:00Z,129.67678,2024-10-02T20:00:00Z,139.662536,-1807.42,9.7597,-1807.42,0.0,1807.42,6.0,False,4259;4350
DE,Long,60,2024-09-24T20:00:00Z,400.995315,2024-10-02T20:00:00Z,406.691262,341.76,9.6866,-281.07,412.71,281.07,8.0,True,4213;4351
DIS,Long,255,2024-09-30T20:00:00Z,94.896931,2024-10-02T20:00:00Z,91.603731,-839.77,9.4851,-839.77,0.0,839.77,2.0,False,4307;4352
ELV,Long,47,2024-09-25T20:00:00Z,509.85968,2024-10-02T20:00:00Z,480.587283,-1375.8,9.2835,-1375.8,0.0,1375.8,7.0,False,4228;4353
LOW,Short,99,2024-09-13T20:00:00Z,243.192583,2024-10-02T20:00:00Z,261.254912,-1788.17,10.0356,-1870.01,0.0,1870.01,19.0,False,4099;4354
MS,Short,241,2024-09-27T20:00:00Z,99.629178,2024-10-02T20:00:00Z,99.686147,-13.73,9.548,-13.73,157.89,171.62,5.0,False,4288;4355
NOW,Short,135,2024-09-26T20:00:00Z,178.73,2024-10-02T20:00:00Z,173.8,665.55,9.5325,-19.98,714.69,357.21,6.0,True,4262;4356
SBUX,Long,264,2024-09-26T20:00:00Z,93.661473,2024-10-02T20:00:00Z,92.016454,-434.28,9.7385,-502.06,0.0,502.06,6.0,False,4245;4357
XOM,Long,226,2024-09-27T20:00:00Z,106.688525,2024-10-02T20:00:00Z,114.351341,1731.8,10.0618,0.0,1731.8,0.0,5.0,True,4278;4358
AMAT,Short,123,2024-10-02T20:00:00Z,194.715819,2024-10-03T20:00:00Z,194.774875,-7.26,9.703,-213.07,0.0,213.07,1.0,False,4335;4365
BSX,Long,287,2024-09-25T20:00:00Z,83.96,2024-10-03T20:00:00Z,84.42,132.02,9.6042,-252.56,152.11,252.56,8.0,True,4229;4366
CB,Long,83,2024-10-02T20:00:00Z,284.195,2024-10-03T20:00:00Z,284.009786,-15.37,9.3833,-242.73,0.0,242.73,1.0,False,4340;4367
COST,Short,27,2024-10-02T20:00:00Z,865.136694,2024-10-03T20:00:00Z,864.928978,5.61,9.3696,-27.24,5.61,27.24,1.0,True,4359;4368
CRM,Short,89,2024-10-02T20:00:00Z,269.784892,2024-10-03T20:00:00Z,274.979128,-462.29,9.8315,-630.71,0.0,630.71,1.0,False,4329;4369
GS,Short,50,2024-10-02T20:00:00Z,472.063585,2024-10-03T20:00:00Z,470.871821,59.59,9.4004,0.0,243.64,184.05,1.0,True,4361;4370
INTU,Long,40,2024-10-02T20:00:00Z,596.799777,2024-10-03T20:00:00Z,590.816058,-239.35,9.5196,-239.35,0.0,239.35,1.0,False,4334;4371
LMT,Short,43,2024-09-25T20:00:00Z,551.40088,2024-10-03T20:00:00Z,573.094346,-932.82,9.6524,-990.71,169.6,1160.32,8.0,False,4227;4372
MDT,Long,283,2024-10-02T20:00:00Z,83.915258,2024-10-03T20:00:00Z,83.427924,-137.92,9.383,-469.44,0.0,469.44,1.0,False,4362;4373
PG,Short,148,2024-09-03T20:00:00Z,162.049779,2024-10-03T20:00:00Z,161.727631,47.68,9.6657,-947.95,127.61,947.95,30.0,True,3919;4374
PLD,Long,205,2024-10-02T20:00:00Z,115.039041,2024-10-03T20:00:00Z,115.731202,141.89,9.4424,-182.16,141.89,182.16,1.0,True,4363;4375
PM,Short,211,2024-10-02T20:00:00Z,112.965153,2024-10-03T20:00:00Z,111.997953,204.08,9.4304,0.0,380.42,176.34,1.0,True,4331;4376
KLAC,Short,322,2024-10-02T20:00:00Z,74.934632,2024-10-03T20:00:00Z,75.348385,-133.23,9.8457,-440.92,0.0,440.92,1.0,False,4341;4377
TXN,Short,125,2024-10-02T20:00:00Z,192.013976,2024-10-03T20:00:00Z,190.282245,216.47,9.5837,0.0,216.47,0.0,1.0,True,4332;4378
UNP,Short,102,2024-09-27T20:00:00Z,234.063359,2024-10-03T20:00:00Z,231.910987,219.54,9.4618,-175.63,395.18,175.63,6.0,True,4289;4379
UPS,Long,203,2024-10-02T20:00:00Z,117.793872,2024-10-03T20:00:00Z,116.999697,-161.22,9.4484,-496.19,0.0,496.19,1.0,False,4339;4380
VZ,Long,602,2024-10-02T20:00:00Z,39.578695,2024-10-03T20:00:00Z,39.41203,-100.33,9.4598,-316.84,0.0,316.84,1.0,False,4360;4381
ACN,Short,70,2024-09-27T20:00:00Z,338.632407,2024-10-04T20:00:00Z,346.111534,-523.54,9.4721,-523.54,289.38,812.92,7.0,False,4282;4401
ADP,Long,88,2024-10-03T20:00:00Z,269.198123,2024-10-04T20:00:00Z,271.968258,243.77,9.5461,0.0,243.77,0.0,1.0,True,4397;4402
BLK,Short,26,2024-10-02T20:00:00Z,901.644735,2024-10-04T20:00:00Z,921.665936,-520.55,9.5103,-520.55,0.0,520.55,2.0,False,4336;4403
COP,Long,230,2024-10-03T20:00:00Z,103.964337,2024-10-04T20:00:00Z,106.659708,619.94,9.8049,0.0,829.46,209.53,1.0,True,4392;4404
MMC,Long,110,2024-10-03T20:00:00Z,215.423736,2024-10-04T20:00:00Z,213.844438,-173.72,9.4463,-173.72,0.0,173.72,1.0,False,4398;4405
UBER,Short,327,2024-10-03T20:00:00Z,72.75,2024-10-04T20:00:00Z,74.06,-428.37,9.6282,-500.31,0.0,500.31,1.0,False,4389;4406
SYK,Short,68,2024-09-26T20:00:00Z,355.144915,2024-10-04T20:00:00Z,346.486269,588.79,9.5179,-4.27,667.01,119.68,8.0,True,4243;4407
TMO,Long,39,2024-10-02T20:00:00Z,605.727072,2024-10-04T20:00:00Z,598.408697,-285.42,9.3822,-441.1,0.0,441.1,2.0,False,4330;4408
TMUS,Long,123,2024-09-25T20:00:00Z,194.181892,2024-10-04T20:00:00Z,198.885027,578.49,9.7183,0.0,704.81,126.32,9.0,True,4225;4409
WFC,Short,450,2024-10-03T20:00:00Z,52.73162,2024-10-04T20:00:00Z,53.688984,-430.81,9.6451,-809.93,0.0,809.93,1.0,False,4386;4410
ADBE,Short,47,2024-10-04T20:00:00Z,507.29,2024-10-07T20:00:00Z,503.96,156.51,9.3485,0.0,939.53,783.02,3.0,True,4413;4425
AMD,Short,149,2024-10-03T20:00:00Z,159.7,2024-10-07T20:00:00Z,170.9,-1668.8,9.9478,-1679.23,0.0,1679.23,4.0,False,4384;4426
AMGN,Long,79,2024-10-03T20:00:00Z,298.567627,2024-10-07T20:00:00Z,301.363962,220.91,9.4453,0.0,220.91,164.38,4.0,True,4388;4427
AXP,Long,89,2024-10-03T20:00:00Z,263.922176,2024-10-07T20:00:00Z,269.233976,472.75,9.4621,-91.47,614.24,190.4,4.0,True,4385;4428
BMY,Long,482,2024-10-04T20:00:00Z,49.20857,2024-10-07T20:00:00Z,49.816766,293.15,9.5407,0.0,293.15,0.0,3.0,True,4423;4429
KKR,Long,183,2024-10-03T20:00:00Z,129.648107,2024-10-07T20:00:00Z,130.849191,219.8,9.4488,-64.86,286.46,351.32,4.0,True,4395;4430
FISV,Short,130,2024-10-03T20:00:00Z,182.55,2024-10-07T20:00:00Z,185.15,-338.0,9.5768,-370.5,0.0,370.5,4.0,False,4399;4431
ANET,Long,250,2024-10-02T20:00:00Z,95.4575,2024-10-07T20:00:00Z,98.50875,762.81,9.7765,0.0,885.0,215.62,5.0,True,4337;4432
ISRG,Long,49,2024-10-02T20:00:00Z,482.57,2024-10-07T20:00:00Z,476.86,-279.79,9.3869,-555.66,0.0,555.66,5.0,False,4333;4433
NFLX,Short,336,2024-09-27T20:00:00Z,70.843,2024-10-07T20:00:00Z,71.431,-197.57,9.4703,-378.67,218.74,455.95,10.0,False,4279;4434
NOW,Short,133,2024-10-04T20:00:00Z,179.958,2024-10-07T20:00:00Z,183.824,-514.18,9.7017,-514.18,0.0,514.18,3.0,False,4416;4435
TJX,Long,212,2024-10-04T20:00:00Z,112.305713,2024-10-07T20:00:00Z,111.525203,-165.47,9.3829,-616.37,0.0,616.37,3.0,False,4418;4436
SPY,Short,17,2024-09-25T20:00:00Z,558.306638,2024-10-07T20:00:00Z,558.414157,-1.83,4.2179,-54.83,152.93,91.56,12.0,False,4232;4452
SPY,Short,21,2024-09-26T20:00:00Z,561.532206,2024-10-07T20:00:00Z,558.414157,65.48,11.971,0.0,256.65,113.1,11.0,True,4246;4452
COP,Long,220,2024-10-07T20:00:00Z,107.946349,2024-10-09T20:00:00Z,103.222405,-1039.27,9.3261,-1039.27,0.0,1039.27,2.0,False,4445;4455
MCD,Short,82,2024-09-27T20:00:00Z,289.160105,2024-10-09T20:00:00Z,288.607545,45.31,9.492,-77.34,208.58,232.8,12.0,True,4283;4459
MRK,Long,226,2024-09-27T20:00:00Z,106.202613,2024-10-09T20:00:00Z,101.55619,-1050.09,9.483,-1050.09,290.05,1340.14,12.0,False,4280;4460
PM,Short,212,2024-10-07T20:00:00Z,111.659903,2024-10-09T20:00:00Z,111.566,19.91,9.5193,-252.82,21.9,274.72,2.0,True,4442;4463
KLAC,Short,312,2024-10-04T20:00:00Z,78.855436,2024-10-09T20:00:00Z,77.039848,566.46,9.7864,-128.17,577.53,705.7,5.0,True,4424;4464
ABT,Long,219,2024-10-07T20:00:00Z,107.693263,2024-10-09T20:00:00Z,110.263325,562.84,9.6318,0.0,766.56,203.72,2.0,True,4441;4482
BKNG,Short,146,2024-10-03T20:00:00Z,160.567764,2024-10-09T20:00:00Z,166.431635,-856.13,9.6485,-1218.11,0.0,1218.11,6.0,False,4391;4483
BSX,Long,280,2024-10-07T20:00:00Z,84.38,2024-10-09T20:00:00Z,84.63,70.0,9.5822,0.0,649.6,579.6,2.0,True,4446;4484
CRM,Short,86,2024-10-04T20:00:00Z,279.779115,2024-10-09T20:00:00Z,286.639055,-589.95,9.7592,-653.53,0.0,653.53,5.0,False,4411;4485
DIS,Long,255,2024-10-07T20:00:00Z,92.94251,2024-10-09T20:00:00Z,89.766575,-809.86,9.2693,-809.86,0.0,809.86,2.0,False,4444;4486
KO,Short,357,2024-10-07T20:00:00Z,66.26255,2024-10-09T20:00:00Z,65.392541,310.59,9.357,0.0,310.59,131.66,2.0,True,4438;4487
LIN,Short,52,2024-10-07T20:00:00Z,452.633454,2024-10-09T20:00:00Z,455.594835,-153.99,9.4506,-250.74,0.0,250.74,2.0,False,4440;4488
NEE,Long,296,2024-10-03T20:00:00Z,80.745972,2024-10-09T20:00:00Z,75.39119,-1585.02,9.2439,-1585.02,0.0,1585.02,6.0,False,4387;4489
PGR,Short,101,2024-10-03T20:00:00Z,234.489119,2024-10-09T20:00:00Z,228.532992,601.57,9.3542,-59.51,855.4,487.21,6.0,True,4390;4490
MSFT,Long,58,2024-10-03T20:00:00Z,411.361734,2024-10-09T20:00:00Z,409.284547,-120.48,9.524,-475.06,0.0,475.06,6.0,False,4382;4491
UNH,Short,42,2024-10-07T20:00:00Z,561.344555,2024-10-09T20:00:00Z,555.023601,265.48,9.4082,-97.3,288.7,386.01,2.0,True,4437;4492
VRTX,Long,51,2024-10-03T20:00:00Z,460.0,2024-10-09T20:00:00Z,460.0,0.0,9.3995,-581.4,406.47,581.4,6.0,False,4394;4493
WMT,Short,300,2024-09-26T20:00:00Z,79.588809,2024-10-09T20:00:00Z,78.390655,359.45,9.4469,-67.76,571.58,439.0,13.0,True,4258;4494
AMAT,Short,119,2024-10-09T20:00:00Z,198.229622,2024-10-09T20:00:00Z,198.229622,0.0,14.4108,0.0,0.0,0.0,0.0,False,4475;4499
AMD,Long,136,2024-10-09T20:00:00Z,174.0,2024-10-10T20:00:00Z,169.89,-558.96,9.1174,-1335.52,0.0,1335.52,1.0,False,4469;4507
AMGN,Long,79,2024-10-09T20:00:00Z,298.14394,2024-10-10T20:00:00Z,302.550286,348.1,9.5716,0.0,348.1,0.0,1.0,True,4473;4508
LMT,Short,41,2024-10-04T20:00:00Z,572.354796,2024-10-10T20:00:00Z,574.677742,-95.24,9.3501,-170.66,239.85,335.09,6.0,False,4417;4509
NVDA,Long,178,2024-10-09T20:00:00Z,133.761081,2024-10-10T20:00:00Z,131.646755,-376.35,9.4961,-376.35,122.49,498.84,1.0,False,4468;4510
SHOP,Short,286,2024-10-09T20:00:00Z,82.63,2024-10-10T20:00:00Z,82.37,74.36,9.5021,-22.88,74.36,22.88,1.0,True,4480;4511
RTX,Short,198,2024-10-09T20:00:00Z,118.849145,2024-10-10T20:00:00Z,119.428756,-114.76,9.4446,-114.76,17.21,131.98,1.0,False,4500;4512
TXN,Short,124,2024-10-04T20:00:00Z,195.032677,2024-10-10T20:00:00Z,191.11499,485.79,9.5089,0.0,566.76,434.16,6.0,True,4415;4513
MRK,Short,232,2024-10-09T20:00:00Z,101.55619,2024-10-10T20:00:00Z,103.813827,-523.77,14.242,-523.77,0.0,523.77,1.0,False,4496;4514
AMAT,Long,119,2024-10-09T20:00:00Z,198.229622,2024-10-10T20:00:00Z,197.855603,-44.51,9.4754,-44.51,299.84,344.35,1.0,False,4499;4518
ADBE,Short,47,2024-10-09T20:00:00Z,495.88,2024-10-11T20:00:00Z,503.5,-358.14,9.3013,-361.43,21.62,379.76,2.0,False,4471;4527
ADP,Long,87,2024-10-07T20:00:00Z,269.931114,2024-10-11T20:00:00Z,274.148193,366.89,9.4493,0.0,397.53,71.22,4.0,True,4448;4528
AMAT,Short,117,2024-10-10T20:00:00Z,197.855603,2024-10-11T20:00:00Z,198.957973,-128.98,4.7229,-465.24,0.0,465.24,1.0,False,4518;4529
AMT,Short,113,2024-10-07T20:00:00Z,207.246381,2024-10-11T20:00:00Z,205.730177,171.33,9.3607,-210.71,294.43,210.71,4.0,True,4451;4530
BLK,Short,25,2024-10-09T20:00:00Z,911.36274,2024-10-11T20:00:00Z,924.035479,-316.82,9.3351,-965.56,0.0,965.56,2.0,False,4501;4531
DHR,Long,88,2024-10-10T20:00:00Z,265.266355,2024-10-11T20:00:00Z,264.544797,-63.5,9.3381,-63.5,170.49,233.98,1.0,False,4516;4532
HD,Short,61,2024-10-03T20:00:00Z,389.437648,2024-10-11T20:00:00Z,390.007613,-34.77,9.5435,-354.05,110.1,464.15,8.0,False,4383;4533
ISRG,Long,49,2024-10-09T20:00:00Z,482.55,2024-10-11T20:00:00Z,486.0,169.05,9.5566,0.0,169.05,0.0,2.0,True,4498;4534
MRK,Long,229,2024-10-10T20:00:00Z,103.813827,2024-10-11T20:00:00Z,102.202567,-368.98,4.7079,-368.98,0.0,368.98,1.0,False,4514;4535
UBER,Short,303,2024-10-10T20:00:00Z,77.53,2024-10-11T20:00:00Z,81.98,-1348.35,9.9542,-2669.43,0.0,2669.43,1.0,False,4519;4536
PM,Short,209,2024-10-10T20:00:00Z,113.265642,2024-10-11T20:00:00Z,112.373565,186.44,9.4003,0.0,186.44,0.0,1.0,True,4517;4537
SBUX,Long,259,2024-10-10T20:00:00Z,90.732769,2024-10-11T20:00:00Z,89.515646,-315.24,9.3305,-315.24,32.02,347.25,1.0,False,4524;4538
TJX,Long,213,2024-10-09T20:00:00Z,110.656885,2024-10-11T20:00:00Z,109.88613,-164.17,9.4641,-172.48,64.42,228.59,2.0,False,4476;4539
PANW,Long,133,2024-10-09T20:00:00Z,177.69,2024-10-11T20:00:00Z,185.005,972.9,9.7871,0.0,1179.71,206.82,2.0,True,4503;4540
CRM,Short,83,2024-10-10T20:00:00Z,283.780747,2024-10-11T20:00:00Z,285.052201,-105.53,14.1182,-105.53,0.0,105.53,1.0,False,4515;4541
FISV,Short,126,2024-10-10T20:00:00Z,187.78,2024-10-11T20:00:00Z,188.5,-90.72,14.2952,-328.86,0.0,328.86,1.0,False,4525;4551
BKNG,Short,140,2024-10-10T20:00:00Z,168.792926,2024-10-15T20:00:00Z,168.373797,58.68,9.4722,-103.42,58.68,126.94,5.0,True,4520;4557
LRCX,Short,295,2024-10-07T20:00:00Z,79.368746,2024-10-15T20:00:00Z,84.234489,-1435.39,9.122,-1487.7,1226.19,2661.58,8.0,False,4450;4558
CRM,Long,82,2024-10-11T20:00:00Z,285.052201,2024-10-15T20:00:00Z,288.531453,285.3,4.661,-69.51,285.3,265.9,4.0,True,4541;4562
ANET,Long,236,2024-10-09T20:00:00Z,99.805,2024-10-15T20:00:00Z,103.5625,886.77,9.4317,-403.56,1046.96,1450.52,6.0,True,4477;4564
MCD,Short,81,2024-10-11T20:00:00Z,290.017524,2024-10-15T20:00:00Z,297.448497,-601.91,9.5438,-688.34,0.0,688.34,4.0,False,4543;4566
VRTX,Long,49,2024-10-11T20:00:00Z,478.53,2024-10-15T20:00:00Z,487.01,415.52,9.4669,0.0,415.52,25.48,4.0,True,4550;4573
SPY,Short,86,2024-09-26T20:00:00Z,561.532206,2024-10-15T20:00:00Z,571.482593,-855.73,50.5499,-855.73,1051.03,1445.84,19.0,False,4246;4586
SPY,Short,77,2024-09-26T20:00:00Z,561.532206,2024-10-15T20:00:00Z,571.482593,-766.18,8.6146,-766.18,941.04,1294.53,19.0,False,4268;4586
SPY,Short,44,2024-10-02T20:00:00Z,554.92468,2024-10-15T20:00:00Z,571.482593,-728.55,4.8931,-728.55,247.0,739.73,13.0,False,4364;4586
SPY,Short,123,2024-10-03T20:00:00Z,554.670544,2024-10-15T20:00:00Z,571.482593,-2067.88,13.6533,-2067.88,659.23,2067.88,12.0,False,4400;4586
SPY,Short,116,2024-10-09T20:00:00Z,560.261528,2024-10-15T20:00:00Z,571.482593,-1301.64,15.9083,-1301.64,1270.27,1301.64,6.0,False,4481;4586
MU,Long,235,2024-10-04T20:00:00Z,102.922708,2024-10-15T20:00:00Z,107.445863,1062.94,9.6536,-409.96,1142.43,939.85,11.0,True,4421;4587
ADI,Long,106,2024-10-09T20:00:00Z,223.705636,2024-10-15T20:00:00Z,229.152635,577.38,9.4503,-466.23,620.61,1086.84,6.0,True,4478;4588
AMGN,Long,78,2024-10-11T20:00:00Z,303.359999,2024-10-15T20:00:00Z,306.966048,281.27,9.5976,0.0,281.27,0.0,4.0,True,4546;4589
BX,Long,167,2024-10-03T20:00:00Z,141.969285,2024-10-15T20:00:00Z,146.479217,753.16,9.6104,-517.21,753.16,546.9,12.0,True,4396;4590
BMY,Long,489,2024-10-09T20:00:00Z,48.148835,2024-10-15T20:00:00Z,47.328692,-401.05,9.5134,-401.05,229.82,630.86,6.0,False,4505;4591
C,Long,407,2024-10-02T20:00:00Z,58.621423,2024-10-15T20:00:00Z,63.52396,1995.33,9.6418,-150.81,1995.33,1303.15,13.0,True,4338;4592
CB,Long,83,2024-10-07T20:00:00Z,282.089418,2024-10-15T20:00:00Z,282.138158,4.05,9.1359,-762.16,4.05,762.16,8.0,True,4447;4593
KKR,Long,182,2024-10-09T20:00:00Z,129.746557,2024-10-15T20:00:00Z,134.737945,908.43,9.7018,0.0,908.43,136.18,6.0,True,4502;4594
COP,Long,224,2024-10-11T20:00:00Z,104.011294,2024-10-15T20:00:00Z,99.719361,-961.39,9.0754,-1165.45,0.0,1165.45,4.0,False,4549;4595
ELV,Long,49,2024-10-04T20:00:00Z,481.232431,2024-10-15T20:00:00Z,468.021336,-647.34,9.2095,-750.2,436.44,1186.64,11.0,False,4419;4596
FISV,Long,125,2024-10-11T20:00:00Z,188.5,2024-10-15T20:00:00Z,194.48,747.5,4.8513,0.0,747.5,0.0,4.0,True,4551;4597
INTU,Long,39,2024-10-09T20:00:00Z,604.267143,2024-10-15T20:00:00Z,610.023621,224.5,9.5073,0.0,253.29,149.31,6.0,True,4474;4598
JNJ,Short,155,2024-10-02T20:00:00Z,153.004496,2024-10-15T20:00:00Z,150.626678,368.56,9.5524,-380.31,368.56,671.05,13.0,True,4328;4599
LMT,Short,41,2024-10-11T20:00:00Z,569.434522,2024-10-15T20:00:00Z,580.736363,-463.38,9.401,-463.38,0.0,463.38,4.0,False,4548;4600
MS,Long,231,2024-10-07T20:00:00Z,102.249749,2024-10-15T20:00:00Z,109.593994,1696.52,9.6444,-43.87,1696.52,210.56,8.0,True,4443;4601
NKE,Long,303,2024-10-03T20:00:00Z,78.03823,2024-10-15T20:00:00Z,76.807044,-373.05,9.4249,-467.75,14.35,467.75,12.0,False,4393;4602
NOW,Long,125,2024-10-11T20:00:00Z,188.564,2024-10-15T20:00:00Z,189.056,61.5,9.3328,-371.5,61.5,418.25,4.0,True,4544;4603
PEP,Long,152,2024-10-04T20:00:00Z,154.53467,2024-10-15T20:00:00Z,163.417569,1350.2,9.6728,0.0,1350.2,28.13,11.0,True,4412;4604
SCHW,Long,385,2024-10-04T20:00:00Z,62.55683,2024-10-15T20:00:00Z,70.774909,3163.96,10.262,0.0,3163.96,18.77,11.0,True,4422;4605
SPGI,Short,49,2024-10-11T20:00:00Z,481.727541,2024-10-15T20:00:00Z,493.344405,-569.23,9.5825,-569.23,0.0,569.23,4.0,False,4547;4606
TXN,Short,123,2024-10-11T20:00:00Z,190.556673,2024-10-15T20:00:00Z,196.849576,-774.03,9.4268,-847.94,178.08,952.11,4.0,False,4545;4607
VZ,Short,612,2024-10-09T20:00:00Z,38.648877,2024-10-15T20:00:00Z,38.699419,-30.93,9.5055,-194.5,236.22,430.72,6.0,False,4472;4608
SBUX,Long,261,2024-10-15T20:00:00Z,90.019611,2024-10-15T20:00:00Z,90.019611,0.0,14.1522,0.0,0.0,0.0,0.0,False,4584;4619
SPY,Short,25,2024-10-09T20:00:00Z,560.261528,2024-10-15T20:00:00Z,571.482593,-280.53,17.1144,-280.53,273.76,280.53,6.0,False,4481;4620
SPY,Short,126,2024-10-09T20:00:00Z,560.261528,2024-10-15T20:00:00Z,571.482593,-1413.85,25.2727,-1413.85,1379.78,1413.85,6.0,False,4506;4620
AMAT,Short,111,2024-10-15T20:00:00Z,210.316314,2024-10-17T20:00:00Z,187.146873,2571.81,8.1778,0.0,3325.65,753.84,2.0,True,4580;4621
BLK,Short,24,2024-10-15T20:00:00Z,957.410542,2024-10-17T20:00:00Z,981.969369,-589.41,9.2533,-589.41,0.0,589.41,2.0,False,4582;4622
BSX,Long,269,2024-10-15T20:00:00Z,87.81,2024-10-17T20:00:00Z,87.31,-134.5,9.3176,-373.91,0.0,373.91,2.0,False,4583;4623
LRCX,Long,279,2024-10-15T20:00:00Z,84.234489,2024-10-17T20:00:00Z,75.310676,-2489.74,8.2167,-3402.1,0.0,3402.1,2.0,False,4618;4624
CVX,Short,171,2024-10-07T20:00:00Z,139.432449,2024-10-17T20:00:00Z,137.269636,369.84,9.5151,-45.64,599.61,549.25,10.0,True,4439;4625
DIS,Short,253,2024-10-15T20:00:00Z,93.157496,2024-10-17T20:00:00Z,94.760122,-405.46,9.4345,-405.46,0.0,405.46,2.0,False,4611;4626
ETN,Short,69,2024-10-15T20:00:00Z,338.283821,2024-10-17T20:00:00Z,336.858276,98.36,9.2505,-136.76,361.11,497.88,2.0,True,4615;4627
GILD,Short,294,2024-10-11T20:00:00Z,80.417341,2024-10-17T20:00:00Z,82.445306,-596.22,9.6014,-696.52,0.0,696.52,6.0,False,4552;4628
MELI,Short,11,2024-10-11T20:00:00Z,2058.21,2024-10-17T20:00:00Z,2066.85,-95.04,9.1455,-239.25,270.49,365.53,6.0,False,4553;4629
MDT,Long,286,2024-10-09T20:00:00Z,82.434511,2024-10-17T20:00:00Z,84.486939,586.99,9.5495,0.0,586.99,58.97,8.0,True,4479;4630
NVDA,Short,171,2024-10-15T20:00:00Z,137.511019,2024-10-17T20:00:00Z,138.947166,-245.58,9.1591,-245.58,368.37,613.95,2.0,False,4609;4631
UBER,Long,277,2024-10-15T20:00:00Z,84.77,2024-10-17T20:00:00Z,80.0,-1321.29,9.0357,-1348.99,0.0,1348.99,2.0,False,4579;4632
PFE,Short,928,2024-10-15T20:00:00Z,25.401205,2024-10-17T20:00:00Z,25.724286,-299.82,9.5148,-469.99,0.0,469.99,2.0,False,4613;4633
PM,Short,208,2024-10-15T20:00:00Z,112.946372,2024-10-17T20:00:00Z,113.52857,-121.1,9.3971,-121.1,27.34,148.44,2.0,False,4578;4634
KLAC,Long,288,2024-10-15T20:00:00Z,81.324163,2024-10-17T20:00:00Z,69.055397,-3533.4,7.8191,-4405.27,0.0,4405.27,2.0,False,4617;4635
SBUX,Short,261,2024-10-15T20:00:00Z,90.019611,2024-10-17T20:00:00Z,90.64719,-163.8,4.7288,-196.06,0.0,196.06,2.0,False,4619;4636
TJX,Long,209,2024-10-15T20:00:00Z,112.725238,2024-10-17T20:00:00Z,115.193602,515.89,9.5527,0.0,515.89,0.0,2.0,True,4616;4637
XOM,Short,206,2024-10-09T20:00:00Z,113.432178,2024-10-17T20:00:00Z,113.263352,34.78,14.0642,-610.55,113.99,610.55,8.0,True,4495;4638
UPS,Long,204,2024-10-07T20:00:00Z,115.63195,2024-10-18T20:00:00Z,120.132278,918.07,9.6174,-14.4,918.07,140.41,11.0,True,4449;4661
PLD,Long,208,2024-10-04T20:00:00Z,113.729547,2024-10-18T20:00:00Z,115.057748,276.27,14.2278,-643.97,1046.7,869.65,14.0,True,4420;4672
AAPL,Long,105,2024-10-09T20:00:00Z,223.272261,2024-10-18T20:00:00Z,234.042168,1130.84,9.6744,0.0,1130.84,215.55,9.0,True,4467;4674
AMD,Short,143,2024-10-11T20:00:00Z,164.14,2024-10-18T20:00:00Z,157.41,962.39,9.2624,-161.59,1168.31,205.92,7.0,True,4542;4675
CSCO,Short,478,2024-09-26T20:00:00Z,50.538871,2024-10-18T20:00:00Z,54.23043,-1764.57,10.0317,-1911.54,118.51,2030.05,22.0,False,4260;4676
ELV,Long,49,2024-10-17T20:00:00Z,389.886183,2024-10-18T20:00:00Z,420.25148,1487.9,8.2581,0.0,1487.9,0.0,1.0,True,4647;4677
ANET,Long,231,2024-10-17T20:00:00Z,102.91,2024-10-18T20:00:00Z,102.2625,-149.57,9.348,-554.4,0.0,554.4,1.0,False,4646;4678
LOW,Short,86,2024-10-17T20:00:00Z,273.001674,2024-10-18T20:00:00Z,270.377397,225.69,9.3073,0.0,225.69,0.0,1.0,True,4642;4679
MRK,Long,229,2024-10-15T20:00:00Z,103.008197,2024-10-18T20:00:00Z,102.802106,-47.19,9.4489,-270.3,96.54,366.83,3.0,False,4575;4680
NEE,Short,301,2024-10-15T20:00:00Z,78.247702,2024-10-18T20:00:00Z,79.115026,-261.06,9.4874,-394.43,0.0,394.43,3.0,False,4612;4681
PGR,Short,100,2024-10-17T20:00:00Z,236.597238,2024-10-18T20:00:00Z,232.169267,442.8,9.2511,0.0,542.22,99.42,1.0,True,4643;4682
SHOP,Short,287,2024-10-17T20:00:00Z,82.89,2024-10-18T20:00:00Z,82.25,183.68,9.4314,0.0,183.68,0.0,1.0,True,4651;4683
SCHW,Long,335,2024-10-17T20:00:00Z,70.69692,2024-10-18T20:00:00Z,70.784657,29.39,9.3578,-378.83,29.39,378.83,1.0,True,4645;4684
SO,Long,276,2024-10-17T20:00:00Z,85.301696,2024-10-18T20:00:00Z,85.662086,99.47,9.4846,0.0,237.19,137.72,1.0,True,4652;4685
SPGI,Short,47,2024-10-17T20:00:00Z,494.964064,2024-10-18T20:00:00Z,487.675599,342.56,9.1328,0.0,342.56,0.0,1.0,True,4641;4686
TMO,Long,40,2024-10-09T20:00:00Z,589.948378,2024-10-18T20:00:00Z,595.82691,235.14,9.5404,-101.68,384.49,486.17,9.0,True,4497;4687
UNH,Short,43,2024-10-17T20:00:00Z,533.896552,2024-10-18T20:00:00Z,540.427251,-280.82,9.3113,-393.97,0.0,393.97,1.0,False,4639;4688
SPY,Short,63,2024-10-09T20:00:00Z,560.261528,2024-10-18T20:00:00Z,570.837479,-666.28,7.1997,-786.98,689.89,786.98,9.0,False,4506;4704
AMGN,Long,77,2024-10-18T20:00:00Z,301.862971,2024-10-21T20:00:00Z,301.439284,-32.62,9.2565,-280.57,0.0,280.57,3.0,False,4694;4705
AMT,Long,111,2024-10-18T20:00:00Z,212.125788,2024-10-21T20:00:00Z,211.393251,-81.31,9.3356,-458.68,0.0,458.68,3.0,False,4703;4706
C,Short,387,2024-10-18T20:00:00Z,60.920675,2024-10-21T20:00:00Z,59.657036,489.03,9.1687,0.0,842.01,352.98,3.0,True,4700;4707
CAT,Long,61,2024-10-18T20:00:00Z,386.59525,2024-10-21T20:00:00Z,384.106831,-151.79,9.3525,-259.9,0.0,259.9,3.0,False,4693;4708
GILD,Long,284,2024-10-18T20:00:00Z,82.2463,2024-10-21T20:00:00Z,81.95253,-83.43,9.3125,-134.57,0.0,134.57,3.0,False,4702;4709
GS,Short,46,2024-10-15T20:00:00Z,517.071908,2024-10-21T20:00:00Z,507.460906,442.11,9.1974,0.0,893.05,450.95,6.0,True,4581;4710
HON,Short,116,2024-10-10T20:00:00Z,200.62222,2024-10-21T20:00:00Z,211.368144,-1246.53,9.5826,-1246.53,0.0,1246.53,11.0,False,4521;4711
LMT,Short,40,2024-10-17T20:00:00Z,581.049249,2024-10-21T20:00:00Z,583.713525,-106.57,9.2859,-106.57,38.68,145.26,4.0,False,4644;4712
MCD,Short,78,2024-10-18T20:00:00Z,300.640005,2024-10-21T20:00:00Z,302.126199,-115.92,9.3846,-115.92,50.53,166.45,3.0,False,4665;4713
PFE,Short,921,2024-10-18T20:00:00Z,25.55838,2024-10-21T20:00:00Z,25.436132,112.59,9.353,0.0,273.43,160.84,3.0,True,4695;4714
RTX,Short,193,2024-10-18T20:00:00Z,121.86312,2024-10-21T20:00:00Z,121.708557,29.83,9.3899,0.0,46.61,16.78,3.0,True,4671;4715
TMUS,Short,110,2024-10-18T20:00:00Z,212.600905,2024-10-21T20:00:00Z,213.791086,-130.92,9.4174,-134.09,0.0,134.09,3.0,False,4663;4716
UNP,Short,101,2024-10-18T20:00:00Z,232.006648,2024-10-21T20:00:00Z,233.15458,-115.94,9.3613,-115.94,210.63,326.57,3.0,False,4696;4717
UPS,Short,197,2024-10-18T20:00:00Z,120.132278,2024-10-21T20:00:00Z,117.820345,455.45,9.2919,0.0,836.15,380.7,3.0,True,4701;4718
NFLX,Long,342,2024-10-18T20:00:00Z,73.764,2024-10-21T20:00:00Z,76.531,946.31,15.2619,0.0,1177.51,231.19,3.0,True,4691;4719
MDT,Long,279,2024-10-18T20:00:00Z,84.402593,2024-10-21T20:00:00Z,86.220726,507.26,14.225,0.0,507.26,0.0,3.0,True,4673;4723
PLD,Short,205,2024-10-18T20:00:00Z,115.057748,2024-10-21T20:00:00Z,112.91579,439.1,9.0328,0.0,1004.76,565.65,3.0,True,4672;4724
ACN,Long,69,2024-10-09T20:00:00Z,343.051459,2024-10-22T20:00:00Z,357.463153,994.41,9.6836,0.0,1141.89,333.81,13.0,True,4470;4729
BKNG,Short,137,2024-10-21T20:00:00Z,170.140042,2024-10-22T20:00:00Z,170.474558,-45.83,9.4262,-294.11,0.0,294.11,1.0,False,4722;4730
ELV,Long,56,2024-10-21T20:00:00Z,412.326749,2024-10-22T20:00:00Z,399.674141,-708.55,9.0817,-708.55,0.0,708.55,1.0,False,4727;4731
KO,Long,353,2024-10-21T20:00:00Z,66.139614,2024-10-22T20:00:00Z,65.250692,-313.79,9.2735,-313.79,0.0,313.79,1.0,False,4720;4732
PGR,Short,101,2024-10-21T20:00:00Z,231.202662,2024-10-22T20:00:00Z,228.661873,256.62,9.279,0.0,269.64,13.02,1.0,True,4721;4733
QCOM,Long,143,2024-10-18T20:00:00Z,165.040896,2024-10-22T20:00:00Z,161.917698,-446.62,9.4283,-446.62,124.67,571.29,4.0,False,4666;4734
REGN,Long,23,2024-10-09T20:00:00Z,998.041659,2024-10-22T20:00:00Z,953.997298,-1013.02,8.9979,-1028.06,206.66,1234.72,13.0,False,4504;4735
AMD,Short,148,2024-10-22T20:00:00Z,156.5,2024-10-23T20:00:00Z,153.01,516.52,9.0872,0.0,531.32,14.8,1.0,True,4737;4746
AXP,Long,88,2024-10-22T20:00:00Z,265.573532,2024-10-23T20:00:00Z,266.927798,119.18,9.3895,0.0,119.18,0.0,1.0,True,4738;4747
COP,Short,236,2024-10-18T20:00:00Z,99.663012,2024-10-23T20:00:00Z,98.226106,339.11,9.3169,0.0,356.84,17.73,5.0,True,4698;4748
CRM,Long,82,2024-10-18T20:00:00Z,287.841516,2024-10-23T20:00:00Z,283.593478,-348.34,9.3327,-615.05,0.0,615.05,5.0,False,4692;4749
ETN,Short,69,2024-10-18T20:00:00Z,341.310664,2024-10-23T20:00:00Z,332.952673,576.7,9.3396,0.0,576.7,94.99,5.0,True,4697;4750
HON,Short,111,2024-10-22T20:00:00Z,208.843042,2024-10-23T20:00:00Z,210.16255,-146.47,9.3274,-146.47,0.0,146.47,1.0,False,4742;4751
MS,Long,208,2024-10-22T20:00:00Z,111.706593,2024-10-23T20:00:00Z,112.038911,69.12,9.3453,0.0,124.42,55.3,1.0,True,4739;4752
NOW,Long,127,2024-10-22T20:00:00Z,183.298,2024-10-23T20:00:00Z,184.022,91.95,9.2742,-223.77,91.95,223.77,1.0,True,4740;4753
SHOP,Long,284,2024-10-21T20:00:00Z,82.03,2024-10-23T20:00:00Z,81.34,-195.96,9.2198,-673.08,0.0,673.08,2.0,False,4726;4754
SYK,Short,66,2024-10-15T20:00:00Z,353.005194,2024-10-23T20:00:00Z,358.6097,-369.9,9.3736,-683.99,0.0,683.99,8.0,False,4614;4755
UNP,Short,102,2024-10-22T20:00:00Z,230.619563,2024-10-23T20:00:00Z,230.830017,-21.47,9.4218,-26.35,0.0,26.35,1.0,False,4741;4756
WFC,Short,395,2024-10-15T20:00:00Z,60.227782,2024-10-23T20:00:00Z,62.027627,-710.94,9.6499,-718.5,0.0,718.5,8.0,False,4610;4757
PM,Short,208,2024-10-18T20:00:00Z,112.739786,2024-10-23T20:00:00Z,122.05495,-1937.55,14.5183,-2216.86,214.85,2431.71,5.0,False,4667;4758
ABT,Long,209,2024-10-15T20:00:00Z,112.48838,2024-10-23T20:00:00Z,111.910281,-120.82,14.0988,-126.86,531.62,658.48,8.0,False,4577;4759
SPY,Short,35,2024-10-09T20:00:00Z,560.261528,2024-10-23T20:00:00Z,568.227702,-278.82,11.0731,-437.21,383.27,437.21,14.0,False,4506;4770
SPY,Short,63,2024-10-10T20:00:00Z,562.881079,2024-10-23T20:00:00Z,568.227702,-336.84,9.348,-621.95,854.92,621.95,13.0,False,4526;4770
AAPL,Short,100,2024-10-22T20:00:00Z,231.900087,2024-10-25T20:00:00Z,227.873768,402.63,9.2679,0.0,402.63,83.3,3.0,True,4736;4771
C,Short,388,2024-10-23T20:00:00Z,60.027577,2024-10-25T20:00:00Z,60.469375,-171.42,9.2057,-171.42,523.47,694.89,2.0,False,4766;4772
CAT,Short,61,2024-10-23T20:00:00Z,378.878223,2024-10-25T20:00:00Z,381.482735,-158.88,9.2183,-158.88,58.53,217.41,2.0,False,4761;4773
CB,Short,80,2024-10-18T20:00:00Z,293.884573,2024-10-25T20:00:00Z,287.177907,536.53,9.1967,0.0,1052.01,515.48,7.0,True,4699;4774
DE,Long,59,2024-10-10T20:00:00Z,395.598438,2024-10-25T20:00:00Z,403.641957,474.57,9.384,-160.3,474.57,524.16,15.0,True,4523;4775
DIS,Long,249,2024-10-18T20:00:00Z,94.642856,2024-10-25T20:00:00Z,93.812227,-206.83,9.3588,-442.85,0.0,442.85,7.0,False,4668;4776
GILD,Long,286,2024-10-22T20:00:00Z,81.194412,2024-10-25T20:00:00Z,84.757566,1019.06,9.603,0.0,1019.06,0.0,3.0,True,4744;4777
LMT,Short,42,2024-10-23T20:00:00Z,547.632019,2024-10-25T20:00:00Z,537.311505,433.46,9.0268,0.0,609.08,175.61,2.0,True,4765;4778
UBER,Short,291,2024-10-23T20:00:00Z,79.98,2024-10-25T20:00:00Z,78.0,576.18,9.1636,0.0,686.76,110.58,2.0,True,4762;4779
QCOM,Long,141,2024-10-23T20:00:00Z,162.693707,2024-10-25T20:00:00Z,163.402654,99.96,9.1011,-232.34,99.96,232.34,2.0,True,4760;4780
T,Long,1181,2024-10-23T20:00:00Z,19.625681,2024-10-25T20:00:00Z,20.614357,1167.63,9.6749,0.0,1167.63,392.85,2.0,True,4763;4781
V,Short,82,2024-10-18T20:00:00Z,285.692804,2024-10-25T20:00:00Z,279.978948,468.54,9.2471,0.0,668.07,199.53,7.0,True,4690;4782
BMY,Long,478,2024-10-17T20:00:00Z,49.015053,2024-10-28T20:00:00Z,47.798661,-581.44,9.3223,-581.44,13.21,594.65,11.0,False,4650;4800
LLY,Long,27,2024-10-25T20:00:00Z,887.305359,2024-10-28T20:00:00Z,882.512472,-129.41,9.5234,-129.41,0.0,129.41,3.0,False,4783;4805
MMC,Long,107,2024-10-10T20:00:00Z,221.003911,2024-10-28T20:00:00Z,216.072691,-527.64,9.2336,-705.94,0.0,705.94,18.0,False,4522;4806
REGN,Long,24,2024-10-23T20:00:00Z,942.902003,2024-10-28T20:00:00Z,926.041116,-404.66,8.8921,-551.36,0.0,551.36,5.0,False,4769;4809
UPS,Long,202,2024-10-22T20:00:00Z,115.437818,2024-10-28T20:00:00Z,121.182354,1160.4,14.191,0.0,1342.21,529.4,6.0,True,4743;4824
MDT,Short,272,2024-10-21T20:00:00Z,86.220726,2024-10-28T20:00:00Z,85.002389,331.39,9.3739,-68.83,359.43,293.15,7.0,True,4723;4826
MU,Short,218,2024-10-23T20:00:00Z,106.003303,2024-10-28T20:00:00Z,106.0232,-4.34,9.1715,-294.96,34.7,294.96,5.0,False,4767;4834
ABT,Short,209,2024-10-23T20:00:00Z,111.910281,2024-10-28T20:00:00Z,110.57969,278.09,4.5941,-78.53,418.85,140.76,5.0,True,4759;4835
ADBE,Short,46,2024-10-15T20:00:00Z,513.82,2024-10-28T20:00:00Z,487.65,1203.82,9.0994,0.0,1507.88,304.06,13.0,True,4576;4836
ADI,Long,106,2024-10-17T20:00:00Z,226.734983,2024-10-28T20:00:00Z,222.472536,-451.82,9.4168,-915.99,0.0,915.99,11.0,False,4648;4837
ADP,Short,84,2024-10-23T20:00:00Z,275.795043,2024-10-28T20:00:00Z,274.6432,96.75,9.2194,0.0,262.28,165.52,5.0,True,4768;4838
AXP,Long,89,2024-10-25T20:00:00Z,266.397868,2024-10-28T20:00:00Z,263.72859,-237.57,9.4121,-237.57,0.87,238.44,3.0,False,4785;4839
BA,Long,146,2024-10-22T20:00:00Z,160.23,2024-10-28T20:00:00Z,153.6,-967.98,9.0686,-1392.84,0.0,1392.84,6.0,False,4745;4840
BSX,Long,279,2024-10-25T20:00:00Z,85.21,2024-10-28T20:00:00Z,85.0,-58.59,9.4575,-125.55,0.0,125.55,3.0,False,4790;4841
FISV,Long,119,2024-10-17T20:00:00Z,198.28,2024-10-28T20:00:00Z,200.485,262.4,9.4524,-134.47,592.62,442.68,11.0,True,4649;4842
HCA,Long,60,2024-10-25T20:00:00Z,364.520411,2024-10-28T20:00:00Z,358.116674,-384.22,8.5137,-792.68,0.0,792.68,3.0,False,4793;4843
INTU,Short,40,2024-10-25T20:00:00Z,600.358828,2024-10-28T20:00:00Z,603.153941,-111.8,9.6164,-111.8,0.0,111.8,3.0,False,4788;4844
ISRG,Short,49,2024-10-18T20:00:00Z,495.61,2024-10-28T20:00:00Z,513.66,-884.45,10.1139,-1139.25,0.0,1139.25,10.0,False,4670;4845
PGR,Short,102,2024-10-23T20:00:00Z,228.293642,2024-10-28T20:00:00Z,225.393828,295.78,9.2314,0.0,395.31,99.53,5.0,True,4764;4846
PLD,Long,205,2024-10-21T20:00:00Z,112.91579,2024-10-28T20:00:00Z,110.783186,-437.18,4.518,-609.76,21.09,630.85,7.0,False,4724;4847
PM,Long,190,2024-10-23T20:00:00Z,122.05495,2024-10-28T20:00:00Z,121.7169,-64.23,4.6566,-64.23,503.13,567.36,5.0,False,4758;4848
TSLA,Long,107,2024-10-15T20:00:00Z,220.0,2024-10-28T20:00:00Z,270.0,5350.0,10.3165,-679.45,5350.0,821.76,13.0,True,4574;4849
TXN,Short,121,2024-10-25T20:00:00Z,196.461592,2024-10-28T20:00:00Z,195.032677,172.9,9.4524,0.0,203.81,30.92,3.0,True,4787;4850
PANW,Short,130,2024-10-25T20:00:00Z,184.105,2024-10-28T20:00:00Z,184.355,-32.5,9.4766,-32.5,371.15,403.65,3.0,False,4791;4851
VZ,Short,601,2024-10-17T20:00:00Z,39.091402,2024-10-28T20:00:00Z,36.882043,1327.82,9.1524,-58.9,1338.53,728.16,11.0,True,4640;4852
CB,Short,84,2024-10-28T20:00:00Z,282.235639,2024-10-28T20:00:00Z,282.235639,0.0,14.2488,0.0,0.0,0.0,0.0,False,4823;4857
BKNG,Short,138,2024-10-28T20:00:00Z,172.373823,2024-10-30T20:00:00Z,172.570991,-27.21,9.571,-455.88,0.0,455.88,2.0,False,4820;4859
LRCX,Long,310,2024-10-28T20:00:00Z,76.078951,2024-10-30T20:00:00Z,75.881958,-61.07,9.2762,-241.22,326.71,567.93,2.0,False,4832;4860
C,Short,405,2024-10-28T20:00:00Z,59.238991,2024-10-30T20:00:00Z,60.996683,-711.87,9.9015,-900.41,0.0,900.41,2.0,False,4856;4861
CB,Long,84,2024-10-28T20:00:00Z,282.235639,2024-10-30T20:00:00Z,282.596317,30.3,4.6451,-482.3,30.3,482.3,2.0,True,4857;4862
DE,Long,59,2024-10-28T20:00:00Z,399.732592,2024-10-30T20:00:00Z,393.536248,-365.58,9.4226,-365.58,0.0,365.58,2.0,False,4827;4863
IBM,Short,112,2024-10-04T20:00:00Z,212.287541,2024-10-30T20:00:00Z,198.562217,1537.24,9.1491,-1199.64,2023.46,1199.64,26.0,True,4414;4864
NEE,Long,309,2024-10-28T20:00:00Z,77.342669,2024-10-30T20:00:00Z,75.183786,-667.09,9.436,-859.36,0.0,859.36,2.0,False,4818;4865
NKE,Short,318,2024-10-28T20:00:00Z,74.988678,2024-10-30T20:00:00Z,73.87114,355.38,9.3579,0.0,822.19,466.81,2.0,True,4825;4866
NOW,Long,124,2024-10-25T20:00:00Z,191.452,2024-10-30T20:00:00Z,190.206,-154.5,9.4282,-304.05,0.0,304.05,5.0,False,4786;4867
UBER,Long,306,2024-10-28T20:00:00Z,78.18,2024-10-30T20:00:00Z,79.02,257.04,9.6157,0.0,382.5,125.46,2.0,True,4854;4868
PFE,Long,957,2024-10-28T20:00:00Z,24.97334,2024-10-30T20:00:00Z,24.693918,-267.41,9.5899,-267.41,0.0,267.41,2.0,False,4855;4869
QCOM,Long,145,2024-10-28T20:00:00Z,162.48294,2024-10-30T20:00:00Z,162.789511,44.45,9.4418,-275.05,889.06,1164.11,2.0,True,4853;4870
RTX,Short,196,2024-10-28T20:00:00Z,120.974384,2024-10-30T20:00:00Z,118.182593,547.19,9.3644,0.0,638.07,90.88,2.0,True,4819;4871
SBUX,Long,255,2024-10-21T20:00:00Z,92.187612,2024-10-30T20:00:00Z,92.586981,101.84,9.3968,-31.52,259.45,169.73,9.0,True,4725;4872
SO,Long,280,2024-10-28T20:00:00Z,85.218528,2024-10-30T20:00:00Z,83.47202,-489.02,9.3742,-740.0,0.0,740.0,2.0,False,4831;4873
MDT,Long,280,2024-10-28T20:00:00Z,85.002389,2024-10-30T20:00:00Z,84.327618,-188.94,9.4993,-188.94,0.0,188.94,2.0,False,4826;4881
UPS,Short,196,2024-10-28T20:00:00Z,121.182354,2024-10-30T20:00:00Z,118.243905,575.94,9.3273,0.0,610.53,34.59,2.0,True,4824;4882
SPY,Short,20,2024-10-10T20:00:00Z,562.881079,2024-10-30T20:00:00Z,568.296123,-108.3,6.8031,-197.44,271.4,197.44,20.0,False,4526;4887
SPY,Short,40,2024-10-17T20:00:00Z,572.753271,2024-10-30T20:00:00Z,568.296123,178.29,22.3132,0.0,937.69,176.72,13.0,True,4653;4887
AMD,Short,142,2024-10-30T20:00:00Z,153.0,2024-10-31T20:00:00Z,147.72,749.76,8.3118,0.0,1268.06,518.3,1.0,True,4875;4888
AVGO,Long,139,2024-10-28T20:00:00Z,170.084804,2024-10-31T20:00:00Z,171.480634,194.02,9.34,-445.43,848.5,1293.92,3.0,True,4813;4889
KO,Long,374,2024-10-25T20:00:00Z,63.595783,2024-10-31T20:00:00Z,62.224573,-512.83,9.3534,-686.13,0.0,686.13,6.0,False,4784;4892
ACN,Long,69,2024-10-28T20:00:00Z,347.329528,2024-10-31T20:00:00Z,328.846635,-1275.32,9.2984,-1275.32,0.0,1275.32,3.0,False,4815;4911
BX,Long,151,2024-10-28T20:00:00Z,158.671637,2024-10-31T20:00:00Z,160.345726,252.79,9.5923,-136.33,401.9,538.24,3.0,True,4822;4912
AXP,Short,89,2024-10-30T20:00:00Z,265.946446,2024-10-31T20:00:00Z,268.596097,-235.82,9.5054,-235.82,80.35,316.17,1.0,False,4877;4913
BMY,Long,489,2024-10-30T20:00:00Z,48.379212,2024-10-31T20:00:00Z,49.761475,675.93,9.7721,0.0,1473.52,797.59,1.0,True,4884;4914
CAT,Short,62,2024-10-30T20:00:00Z,366.19836,2024-10-31T20:00:00Z,369.478479,-203.37,9.1721,-203.37,0.0,203.37,1.0,False,4878;4915
INTC,Long,1035,2024-10-30T20:00:00Z,22.41,2024-10-31T20:00:00Z,22.14,-279.45,9.0707,-921.15,0.0,921.15,1.0,False,4886;4916
MDT,Short,280,2024-10-30T20:00:00Z,84.327618,2024-10-31T20:00:00Z,84.243272,23.62,4.684,0.0,191.56,167.94,1.0,True,4881;4917
MRK,Short,244,2024-10-28T20:00:00Z,97.940224,2024-10-31T20:00:00Z,94.745808,779.44,9.4424,-91.43,779.44,278.86,3.0,True,4814;4918
UPS,Long,199,2024-10-30T20:00:00Z,118.243905,2024-10-31T20:00:00Z,117.846817,-79.02,4.7082,-79.02,10.54,89.56,1.0,False,4882;4919
XOM,Long,208,2024-10-17T20:00:00Z,113.263352,2024-10-31T20:00:00Z,110.046283,-669.15,4.5549,-784.25,0.0,784.25,14.0,False,4638;4920
SPY,Short,156,2024-10-17T20:00:00Z,572.753271,2024-10-31T20:00:00Z,562.646493,1576.66,18.2307,0.0,3657.01,1065.84,14.0,True,4653;4928
SPY,Short,8,2024-10-21T20:00:00Z,570.739735,2024-10-31T20:00:00Z,562.646493,64.75,9.812,-16.11,171.43,54.66,10.0,True,4728;4928
AMAT,Long,126,2024-10-30T20:00:00Z,184.056302,2024-11-01T20:00:00Z,178.967687,-641.17,9.1445,-672.17,0.0,672.17,2.0,False,4880;4929
CB,Long,85,2024-10-31T20:00:00Z,276.708488,2024-11-01T20:00:00Z,275.178042,-130.09,9.2777,-534.44,0.0,534.44,1.0,False,4906;4930
COST,Long,27,2024-10-31T20:00:00Z,867.658959,2024-11-01T20:00:00Z,864.721268,-79.32,9.3614,-80.65,34.07,113.39,1.0,False,4899;4931
CRM,Long,81,2024-10-31T20:00:00Z,288.393465,2024-11-01T20:00:00Z,286.057537,-189.21,9.3582,-189.21,169.25,358.46,1.0,False,4900;4932
IBM,Short,122,2024-10-31T20:00:00Z,193.491051,2024-11-01T20:00:00Z,196.941339,-420.94,9.5976,-476.44,0.0,476.44,1.0,False,4926;4933
LIN,Long,49,2024-10-18T20:00:00Z,469.856223,2024-11-01T20:00:00Z,445.044915,-1215.75,9.0112,-1249.64,49.16,1298.81,14.0,False,4664;4934
MMC,Long,110,2024-10-30T20:00:00Z,214.638859,2024-11-01T20:00:00Z,212.48811,-236.58,9.3806,-352.74,0.0,352.74,2.0,False,4883;4935
MS,Short,211,2024-10-31T20:00:00Z,112.092157,2024-11-01T20:00:00Z,111.862479,48.46,9.4137,0.0,56.54,8.08,1.0,True,4902;4936
PLD,Long,218,2024-10-31T20:00:00Z,107.724582,2024-11-01T20:00:00Z,107.387855,-73.41,9.2305,-360.92,0.0,360.92,1.0,False,4907;4937
REGN,Long,25,2024-10-30T20:00:00Z,911.131812,2024-11-01T20:00:00Z,836.714079,-1860.44,8.7494,-2019.2,0.0,2019.2,2.0,False,4885;4938
SPGI,Long,51,2024-10-25T20:00:00Z,463.175929,2024-11-01T20:00:00Z,448.543148,-746.27,9.2469,-817.96,0.0,817.96,7.0,False,4789;4939
TMUS,Short,110,2024-10-31T20:00:00Z,214.36698,2024-11-01T20:00:00Z,214.04064,35.9,9.4271,0.0,35.9,0.0,1.0,True,4901;4940
SPY,Short,78,2024-10-21T20:00:00Z,570.739735,2024-11-01T20:00:00Z,558.433706,959.87,26.3452,-157.06,1671.45,532.92,11.0,True,4728;4955
SPY,Short,158,2024-10-25T20:00:00Z,568.462289,2024-11-01T20:00:00Z,558.433706,1584.52,19.5829,-677.98,3025.91,1079.51,7.0,True,4794;4955
AVGO,Short,136,2024-10-31T20:00:00Z,171.480634,2024-11-04T21:00:00Z,166.988422,610.94,9.0457,0.0,788.74,177.8,4.0417,True,4923;4956
GILD,Long,281,2024-10-28T20:00:00Z,84.444842,2024-11-04T21:00:00Z,84.947095,141.13,9.5118,-274.28,194.39,274.28,7.0417,True,4828;4957
MELI,Long,11,2024-10-28T20:00:00Z,2056.0,2024-11-04T21:00:00Z,2059.0,33.0,9.0635,-388.08,84.7,388.08,7.0417,True,4829;4958
ANET,Short,246,2024-11-01T20:00:00Z,96.7575,2024-11-04T21:00:00Z,99.72,-728.78,9.7101,-728.78,0.0,728.78,3.0417,False,4951;4959
INTU,Short,39,2024-11-01T20:00:00Z,595.437854,2024-11-04T21:00:00Z,613.15336,-690.9,9.5249,-690.9,0.0,690.9,3.0417,False,4945;4960
KO,Long,385,2024-11-01T20:00:00Z,61.912504,2024-11-04T21:00:00Z,61.543696,-141.99,9.4748,-141.99,0.0,141.99,3.0417,False,4941;4961
LLY,Long,28,2024-10-31T20:00:00Z,824.958382,2024-11-04T21:00:00Z,793.883514,-870.1,9.0344,-870.1,0.0,870.1,4.0417,False,4896;4962
PLTR,Long,542,2024-10-31T20:00:00Z,43.0,2024-11-04T21:00:00Z,41.05,-1056.9,8.9939,-1056.9,0.0,1056.9,4.0417,False,4908;4963
PG,Long,149,2024-10-31T20:00:00Z,157.979441,2024-11-04T21:00:00Z,157.884135,-14.2,9.3798,-96.56,0.0,96.56,4.0417,False,4898;4964
VZ,Short,634,2024-11-01T20:00:00Z,37.532378,2024-11-04T21:00:00Z,36.962221,361.48,9.3104,0.0,604.35,242.87,3.0417,True,4943;4965
WFC,Long,378,2024-10-31T20:00:00Z,62.324409,2024-11-04T21:00:00Z,61.807433,-195.42,9.3084,-506.64,0.0,506.64,4.0417,False,4925;4966
MU,Long,240,2024-11-01T20:00:00Z,99.48691,2024-11-05T21:00:00Z,101.476648,477.54,9.8,0.0,1310.84,833.3,4.0417,True,4953;4981
BLK,Long,25,2024-11-01T20:00:00Z,943.979933,2024-11-05T21:00:00Z,951.654566,191.87,9.5906,0.0,727.89,536.03,4.0417,True,4948;4982
BMY,Long,473,2024-11-04T21:00:00Z,50.065573,2024-11-05T21:00:00Z,50.811995,353.06,9.7113,0.0,706.12,353.06,1.0,True,4978;4983
LRCX,Long,314,2024-10-31T20:00:00Z,74.956088,2024-11-05T21:00:00Z,73.478635,-463.92,9.3248,-596.91,92.78,596.91,5.0417,False,4909;4984
C,Short,390,2024-11-01T20:00:00Z,61.120197,2024-11-05T21:00:00Z,60.387352,285.81,9.4817,0.0,528.8,493.45,4.0417,True,4952;4985
DIS,Short,253,2024-11-04T21:00:00Z,93.743822,2024-11-05T21:00:00Z,93.294306,113.73,9.5165,-182.95,113.73,182.95,1.0,True,4974;4986
UBER,Long,298,2024-10-31T20:00:00Z,74.5,2024-11-05T21:00:00Z,73.55,-283.1,8.7135,-372.5,0.0,372.5,5.0417,False,4903;4987
TSLA,Long,95,2024-11-04T21:00:00Z,244.54,2024-11-05T21:00:00Z,247.23,255.55,9.3913,0.0,655.5,399.95,1.0,True,4968;4988
UNH,Long,44,2024-10-31T20:00:00Z,534.735532,2024-11-05T21:00:00Z,532.256727,-109.07,9.4933,-130.46,280.22,410.68,5.0417,False,4897;4989
VRTX,Short,50,2024-11-04T21:00:00Z,473.91,2024-11-05T21:00:00Z,483.0,-454.5,9.7268,-1298.5,0.0,1298.5,1.0,False,4977;4990
SPY,Short,15,2024-10-25T20:00:00Z,568.462289,2024-11-05T21:00:00Z,557.935209,157.91,12.8522,-64.36,287.27,118.17,11.0417,True,4794;5001
SPY,Short,93,2024-10-28T20:00:00Z,569.371312,2024-11-05T21:00:00Z,557.935209,1063.56,10.5598,-314.52,1865.62,732.67,8.0417,True,4833;5001
SPY,Short,6,2024-10-28T20:00:00Z,569.371312,2024-11-05T21:00:00Z,557.935209,68.62,7.1534,-20.29,120.36,47.27,8.0417,True,4858;5001
AMD,Short,165,2024-11-01T20:00:00Z,144.05,2024-11-06T21:00:00Z,145.0,-156.75,9.4697,-173.25,551.1,724.35,5.0417,False,4942;5002
AXP,Short,88,2024-11-04T21:00:00Z,267.251645,2024-11-06T21:00:00Z,282.629434,-1353.25,9.7646,-1971.58,0.0,1971.58,2.0,False,4973;5003
DE,Short,60,2024-11-01T20:00:00Z,396.6051,2024-11-06T21:00:00Z,403.270567,-399.93,9.4544,-399.93,318.42,718.35,5.0417,False,4954;5004
ELV,Long,58,2024-11-05T21:00:00Z,400.694823,2024-11-06T21:00:00Z,392.933786,-450.14,9.4574,-450.14,714.86,1165.0,1.0,False,5000;5005
ANET,Short,239,2024-11-05T21:00:00Z,99.4675,2024-11-06T21:00:00Z,104.14625,-1118.22,9.8962,-1492.56,0.0,1492.56,1.0,False,4996;5006
PM,Short,193,2024-11-04T21:00:00Z,123.228736,2024-11-06T21:00:00Z,124.524596,-250.1,9.2661,-250.1,1072.9,1323.0,2.0,False,4972;5007
SBUX,Long,256,2024-11-05T21:00:00Z,91.921367,2024-11-06T21:00:00Z,92.235156,80.33,9.4045,-143.62,80.33,143.62,1.0,True,4999;5008
SO,Long,287,2024-10-31T20:00:00Z,83.804688,2024-11-06T21:00:00Z,81.291194,-721.37,9.4654,-867.24,0.0,867.24,6.0417,False,4927;5009
TJX,Long,215,2024-10-31T20:00:00Z,109.612952,2024-11-06T21:00:00Z,113.310621,795.0,9.5928,0.0,795.0,0.0,6.0417,True,4905;5010
VZ,Short,647,2024-11-05T21:00:00Z,36.525695,2024-11-06T21:00:00Z,36.890952,-236.32,9.5013,-236.32,0.0,236.32,1.0,False,4995;5011
NVDA,Short,172,2024-10-18T20:00:00Z,138.52829,2024-11-06T21:00:00Z,142.617318,-703.31,14.6385,-1151.03,1053.25,2204.29,19.0417,False,4689;5012
AAPL,Long,107,2024-11-04T21:00:00Z,219.315362,2024-11-06T21:00:00Z,220.723582,150.68,14.1208,0.0,244.06,93.38,2.0,True,4967;5013
INTC,Long,1021,2024-11-04T21:00:00Z,22.95,2024-11-08T21:00:00Z,26.0,3114.05,9.9486,0.0,3348.88,234.83,4.0,True,4979;5036
NEE,Long,318,2024-10-31T20:00:00Z,73.901655,2024-11-08T21:00:00Z,70.422932,-1106.23,9.3667,-1160.2,77.95,1238.14,8.0417,False,4904;5038
PEP,Short,152,2024-11-06T21:00:00Z,154.571682,2024-11-08T21:00:00Z,151.601463,451.47,9.2776,0.0,451.47,156.12,2.0,True,5014;5040
CAT,Long,63,2024-11-06T21:00:00Z,399.156212,2024-11-08T21:00:00Z,392.595974,-413.29,14.4641,-881.49,33.93,915.42,2.0,False,5016;5049
AMAT,Short,129,2024-11-06T21:00:00Z,186.024819,2024-11-08T21:00:00Z,189.263029,-417.73,14.25,-646.27,0.0,646.27,2.0,False,5018;5056
LMT,Long,44,2024-10-28T20:00:00Z,533.803383,2024-11-08T21:00:00Z,526.663881,-314.14,14.0531,-830.19,65.08,830.19,11.0417,False,4821;5064
VRTX,Long,47,2024-11-06T21:00:00Z,505.35,2024-11-08T21:00:00Z,507.17,85.54,14.2516,-136.3,535.33,449.79,2.0,True,5020;5066
SPY,Short,57,2024-10-28T20:00:00Z,569.371312,2024-11-08T21:00:00Z,582.75253,-762.73,33.0939,-873.6,1143.44,1646.36,11.0417,False,4858;5078
SPY,Short,226,2024-10-31T20:00:00Z,562.646493,2024-11-08T21:00:00Z,582.75253,-4543.96,29.4582,-4983.56,3013.84,6269.21,8.0417,False,4910;5078
AAPL,Short,106,2024-11-06T21:00:00Z,220.723582,2024-11-08T21:00:00Z,225.503502,-506.67,4.7769,-516.14,0.0,516.14,2.0,False,5013;5079
ABT,Short,208,2024-11-06T21:00:00Z,116.226752,2024-11-08T21:00:00Z,110.994958,1088.21,9.3546,0.0,1088.21,258.53,2.0,True,5015;5080
ACN,Long,71,2024-11-04T21:00:00Z,329.438241,2024-11-08T21:00:00Z,344.228371,1050.1,9.477,0.0,1050.1,350.94,4.0,True,4971;5081
AMGN,Short,78,2024-11-01T20:00:00Z,300.610741,2024-11-08T21:00:00Z,303.623627,-235.01,9.4663,-440.63,174.05,614.69,7.0417,False,4944;5082
AMT,Long,112,2024-10-25T20:00:00Z,211.928566,2024-11-08T21:00:00Z,187.360405,-2751.63,8.9323,-2965.16,0.0,2965.16,14.0417,False,4792;5083
BX,Long,150,2024-11-01T20:00:00Z,158.737472,2024-11-08T21:00:00Z,165.650142,1036.9,9.7511,-245.47,1224.53,245.47,7.0417,True,4950;5084
AVGO,Long,142,2024-11-05T21:00:00Z,167.263656,2024-11-08T21:00:00Z,180.121017,1825.75,9.9813,0.0,1905.31,79.56,3.0,True,4991;5085
CB,Long,88,2024-11-05T21:00:00Z,270.011569,2024-11-08T21:00:00Z,273.257674,285.66,9.5845,0.0,374.87,173.28,3.0,True,4998;5086
KKR,Short,175,2024-11-05T21:00:00Z,135.215135,2024-11-08T21:00:00Z,148.601601,-2342.63,10.0464,-2604.84,0.0,2604.84,3.0,False,4997;5087
CVX,Short,167,2024-11-05T21:00:00Z,142.285523,2024-11-08T21:00:00Z,144.126215,-307.4,9.5406,-470.32,0.0,470.32,3.0,False,4994;5088
ETN,Long,73,2024-11-01T20:00:00Z,328.021849,2024-11-08T21:00:00Z,354.481023,1931.52,10.0173,-277.14,2263.18,331.66,7.0417,True,4949;5089
MELI,Long,11,2024-11-06T21:00:00Z,2101.84,2024-11-08T21:00:00Z,1825.9,-3035.34,8.7765,-3605.69,0.0,3605.69,2.0,False,5023;5090
GS,Long,47,2024-10-30T20:00:00Z,503.039845,2024-11-08T21:00:00Z,563.685267,2850.33,10.0612,-538.9,3278.56,623.82,9.0417,True,4879;5091
INTU,Short,38,2024-11-06T21:00:00Z,632.95536,2024-11-08T21:00:00Z,667.284074,-1304.49,9.9678,-1537.12,0.0,1537.12,2.0,False,5017;5092
NVDA,Long,169,2024-11-06T21:00:00Z,142.617318,2024-11-08T21:00:00Z,148.401796,977.58,4.9765,0.0,991.06,210.68,2.0,True,5012;5093
SHOP,Long,300,2024-10-28T20:00:00Z,79.74,2024-11-08T21:00:00Z,85.67,1779.0,10.0194,-459.0,2214.0,654.0,11.0417,True,4830;5094
XOM,Long,212,2024-11-05T21:00:00Z,111.85647,2024-11-08T21:00:00Z,113.422799,332.06,9.5471,0.0,375.81,43.74,3.0,True,4993;5095
SPGI,Short,51,2024-11-06T21:00:00Z,468.788885,2024-11-08T21:00:00Z,462.850136,302.88,14.1067,0.0,309.52,271.54,2.0,True,5019;5102
SCHW,Long,328,2024-11-08T21:00:00Z,71.858807,2024-11-08T21:00:00Z,71.858807,0.0,14.2265,0.0,0.0,0.0,0.0,False,5062;5105
GILD,Long,252,2024-11-08T21:00:00Z,91.021514,2024-11-08T21:00:00Z,91.021514,0.0,13.8362,0.0,0.0,0.0,0.0,False,5073;5106
CRM,Long,81,2024-11-04T21:00:00Z,293.705977,2024-11-12T21:00:00Z,334.372806,3294.01,10.2055,-39.92,3492.01,197.99,8.0,True,4970;5113
GILD,Short,252,2024-11-08T21:00:00Z,91.021514,2024-11-12T21:00:00Z,91.305808,-71.64,4.5063,-234.03,405.97,477.61,4.0,False,5106;5117
LMT,Short,44,2024-11-08T21:00:00Z,526.663881,2024-11-12T21:00:00Z,544.536339,-786.39,4.7222,-786.39,0.0,786.39,4.0,False,5064;5120
LOW,Short,91,2024-11-08T21:00:00Z,259.6603,2024-11-12T21:00:00Z,266.195731,-594.72,9.505,-594.72,0.0,594.72,4.0,False,5059;5121
NKE,Long,326,2024-11-08T21:00:00Z,71.266709,2024-11-12T21:00:00Z,72.545248,416.8,9.4191,0.0,435.33,18.52,4.0,True,5075;5124
SYK,Long,64,2024-11-08T21:00:00Z,364.892646,2024-11-12T21:00:00Z,375.029918,648.79,9.6037,0.0,1006.84,358.06,4.0,True,5060;5128
TSLA,Long,79,2024-11-08T21:00:00Z,299.29,2024-11-12T21:00:00Z,342.74,3432.55,10.2654,0.0,4006.09,1699.29,4.0,True,5042;5129
VRTX,Short,46,2024-11-08T21:00:00Z,507.17,2024-11-12T21:00:00Z,503.0,191.82,4.508,0.0,789.82,598.0,4.0,True,5066;5131
WFC,Short,350,2024-11-08T21:00:00Z,67.406456,2024-11-12T21:00:00Z,70.073636,-933.51,9.6142,-933.51,0.0,933.51,4.0,False,5047;5132
NEE,Short,333,2024-11-08T21:00:00Z,70.422932,2024-11-12T21:00:00Z,71.243119,-273.12,14.0598,-379.86,138.13,411.25,4.0,False,5103;5135
PFE,Long,966,2024-11-04T21:00:00Z,24.528011,2024-11-12T21:00:00Z,23.233023,-1250.96,13.8335,-1259.52,0.0,1259.52,8.0,False,4975;5136
UBER,Long,320,2024-11-08T21:00:00Z,73.25,2024-11-12T21:00:00Z,71.84,-451.2,13.8316,-601.6,0.0,601.6,4.0,False,5055;5137
ANET,Long,217,2024-11-08T21:00:00Z,101.615,2024-11-12T21:00:00Z,99.775,-399.28,13.2829,-589.7,0.0,589.7,4.0,False,5104;5141
ABBV,Long,132,2024-10-18T20:00:00Z,178.368537,2024-11-12T21:00:00Z,166.13561,-1614.75,8.9696,-2227.75,1856.46,4084.21,25.0417,False,4662;5148
ADI,Long,106,2024-11-08T21:00:00Z,219.977209,2024-11-12T21:00:00Z,214.083575,-624.73,9.1671,-721.47,0.0,721.47,4.0,False,5074;5149
AMAT,Long,122,2024-11-08T21:00:00Z,189.263029,2024-11-12T21:00:00Z,185.739384,-429.88,4.4816,-682.05,0.0,682.05,4.0,False,5056;5150
AMD,Short,156,2024-11-08T21:00:00Z,149.25,2024-11-12T21:00:00Z,147.0,351.0,9.0973,0.0,876.72,525.72,4.0,True,5096;5151
AXP,Short,83,2024-11-08T21:00:00Z,281.334049,2024-11-12T21:00:00Z,286.554842,-433.33,9.3851,-512.33,0.0,512.33,4.0,False,5048;5152
LRCX,Long,314,2024-11-06T21:00:00Z,76.512338,2024-11-12T21:00:00Z,75.350075,-364.95,9.4318,-612.37,473.2,1085.57,6.0,False,5024;5153
CAT,Short,58,2024-11-08T21:00:00Z,392.595974,2024-11-12T21:00:00Z,389.492101,180.02,4.4638,0.0,451.48,271.46,4.0,True,5049;5154
DELL,Long,174,2024-11-08T21:00:00Z,134.520293,2024-11-12T21:00:00Z,135.036106,89.75,9.1682,-296.35,89.75,345.46,4.0,True,5108;5155
COST,Long,27,2024-11-04T21:00:00Z,872.912186,2024-11-12T21:00:00Z,925.960019,1432.29,9.7257,0.0,1670.29,305.39,8.0,True,4969;5156
CSCO,Long,443,2024-10-30T20:00:00Z,53.356056,2024-11-12T21:00:00Z,56.459605,1374.87,9.7305,-323.5,1374.87,323.5,13.0417,True,4876;5157
DHR,Short,96,2024-11-08T21:00:00Z,243.688814,2024-11-12T21:00:00Z,241.514257,208.76,9.2041,0.0,658.54,449.78,4.0,True,5100;5158
DIS,Short,242,2024-11-08T21:00:00Z,96.377405,2024-11-12T21:00:00Z,98.453978,-502.53,9.4599,-559.29,0.0,559.29,4.0,False,5053;5159
FISV,Long,112,2024-11-08T21:00:00Z,209.995,2024-11-12T21:00:00Z,214.48,502.32,9.5148,0.0,549.36,103.04,4.0,True,5107;5160
HD,Long,63,2024-10-31T20:00:00Z,370.951804,2024-11-12T21:00:00Z,395.17529,1526.08,9.5375,-127.47,1526.08,701.4,12.0417,True,4924;5161
ISRG,Short,44,2024-11-08T21:00:00Z,525.0,2024-11-12T21:00:00Z,534.0,-396.0,9.447,-531.08,0.0,531.08,4.0,False,5099;5162
MDT,Long,284,2024-11-08T21:00:00Z,82.659435,2024-11-12T21:00:00Z,82.68755,7.98,9.3699,0.0,26.62,18.63,4.0,True,5071;5163
MS,Short,190,2024-11-08T21:00:00Z,123.260222,2024-11-12T21:00:00Z,127.470975,-800.04,9.522,-858.23,0.0,858.23,4.0,False,5098;5164
NFLX,Short,308,2024-10-21T20:00:00Z,76.531,2024-11-12T21:00:00Z,80.8,-1314.85,5.0481,-1669.05,498.65,2167.7,22.0417,False,4719;5165
PEP,Long,154,2024-11-08T21:00:00Z,151.601463,2024-11-12T21:00:00Z,151.832789,35.62,9.3891,0.0,71.25,35.62,4.0,True,5097;5166
PM,Short,201,2024-11-08T21:00:00Z,116.862122,2024-11-12T21:00:00Z,117.622735,-152.88,9.4546,-152.88,43.41,196.29,4.0,False,5051;5167
QCOM,Short,141,2024-11-08T21:00:00Z,164.86845,2024-11-12T21:00:00Z,160.250715,651.1,9.0322,0.0,1172.52,521.42,4.0,True,5052;5168
TXN,Long,113,2024-11-08T21:00:00Z,206.746919,2024-11-12T21:00:00Z,205.165717,-178.68,9.3228,-459.61,0.0,459.61,4.0,False,5050;5169
UPS,Long,198,2024-11-08T21:00:00Z,118.340971,2024-11-12T21:00:00Z,116.1614,-431.55,9.1755,-693.63,0.0,693.63,4.0,False,5072;5170
HON,Long,109,2024-11-12T21:00:00Z,227.173765,2024-11-12T21:00:00Z,227.173765,0.0,14.5256,0.0,0.0,0.0,0.0,False,5139;5180
KKR,Long,152,2024-11-12T21:00:00Z,152.791033,2024-11-12T21:00:00Z,152.791033,0.0,13.7691,0.0,0.0,0.0,0.0,False,5140;5182
MU,Short,207,2024-11-08T21:00:00Z,111.594467,2024-11-12T21:00:00Z,104.461255,1476.57,13.3706,0.0,1661.92,185.34,4.0,True,5070;5184
ADBE,Long,46,2024-11-12T21:00:00Z,504.39,2024-11-13T21:00:00Z,523.79,892.4,9.7421,0.0,1293.06,400.66,1.0,True,5174;5190
BA,Long,156,2024-11-12T21:00:00Z,148.31,2024-11-13T21:00:00Z,145.22,-482.04,8.8964,-1301.04,0.0,1301.04,1.0,False,5143;5191
ELV,Long,57,2024-11-12T21:00:00Z,408.398085,2024-11-13T21:00:00Z,397.48834,-621.86,9.0431,-726.69,0.0,726.69,1.0,False,5146;5192
GILD,Long,254,2024-11-12T21:00:00Z,91.305808,2024-11-13T21:00:00Z,89.268366,-517.51,9.0013,-895.41,0.0,895.41,1.0,False,5183;5193
LIN,Long,52,2024-11-12T21:00:00Z,445.191036,2024-11-13T21:00:00Z,441.801034,-176.28,9.2381,-176.28,0.0,176.28,1.0,False,5133;5194
SHW,Long,61,2024-11-12T21:00:00Z,385.067378,2024-11-13T21:00:00Z,378.24994,-415.86,9.2396,-415.86,0.0,415.86,1.0,False,5189;5195
NEE,Long,326,2024-11-12T21:00:00Z,71.243119,2024-11-13T21:00:00Z,70.35694,-288.89,4.5633,-408.75,0.0,408.75,1.0,False,5135;5196
NOW,Short,112,2024-11-12T21:00:00Z,205.606,2024-11-13T21:00:00Z,209.658,-453.82,9.3804,-453.82,0.0,453.82,1.0,False,5134;5197
PGR,Short,99,2024-11-08T21:00:00Z,238.852649,2024-11-13T21:00:00Z,241.6512,-277.06,14.1507,-277.06,0.0,277.06,5.0,False,5057;5201
UNP,Short,101,2024-11-08T21:00:00Z,231.46138,2024-11-13T21:00:00Z,229.022024,246.37,13.9576,0.0,294.68,144.93,5.0,True,5058;5204
BX,Long,135,2024-11-12T21:00:00Z,171.321352,2024-11-13T21:00:00Z,170.484308,-113.0,13.8768,-113.0,0.0,113.0,1.0,False,5181;5205
BMY,Long,428,2024-11-13T21:00:00Z,54.562536,2024-11-14T21:00:00Z,54.074136,-209.04,9.222,-280.03,0.0,280.03,1.0,False,5208;5213
LRCX,Long,312,2024-11-13T21:00:00Z,73.518034,2024-11-14T21:00:00Z,74.315858,248.92,9.1357,0.0,248.92,0.0,1.0,True,5211;5214
APP,Long,81,2024-11-12T21:00:00Z,280.69,2024-11-14T21:00:00Z,284.57,314.28,9.2894,0.0,314.28,0.0,2.0,True,5147;5215
IBM,Long,115,2024-11-12T21:00:00Z,202.55371,2024-11-14T21:00:00Z,200.623899,-221.93,9.2254,-332.89,0.0,332.89,2.0,False,5176;5216
MMC,Long,107,2024-11-12T21:00:00Z,217.545275,2024-11-14T21:00:00Z,218.145934,64.27,9.2606,-316.17,122.32,438.49,2.0,True,5187;5217
PGR,Long,96,2024-11-13T21:00:00Z,241.6512,2024-11-14T21:00:00Z,238.613299,-291.64,4.5513,-441.88,0.0,441.88,1.0,False,5201;5218
SBUX,Long,245,2024-11-12T21:00:00Z,95.211404,2024-11-14T21:00:00Z,94.54579,-163.08,9.2268,-209.67,0.0,209.67,2.0,False,5186;5219
PFE,Short,1004,2024-11-12T21:00:00Z,23.233023,2024-11-14T21:00:00Z,23.640931,-409.54,9.1648,-462.96,160.25,569.79,2.0,False,5136;5222
SHOP,Long,259,2024-11-12T21:00:00Z,107.23,2024-11-14T21:00:00Z,115.0,2012.43,15.6992,0.0,2035.74,1556.59,2.0,True,5185;5224
ETN,Short,64,2024-11-12T21:00:00Z,363.861263,2024-11-14T21:00:00Z,361.79526,132.22,13.695,0.0,610.99,478.76,2.0,True,5138;5225
SPY,Short,39,2024-10-31T20:00:00Z,562.646493,2024-11-14T21:00:00Z,583.837494,-826.45,5.4517,-881.72,520.09,1103.58,14.0417,False,4910;5230
SPY,Short,8,2024-11-04T21:00:00Z,558.228443,2024-11-14T21:00:00Z,583.837494,-204.87,4.3443,-216.21,71.34,218.56,10.0,False,4980;5230
MU,Long,216,2024-11-12T21:00:00Z,104.461255,2024-11-15T21:00:00Z,97.119122,-1585.9,4.1405,-1860.96,0.0,1860.96,3.0,False,5184;5231
AMAT,Short,126,2024-11-13T21:00:00Z,181.172425,2024-11-15T21:00:00Z,165.355394,1992.95,8.7226,-239.35,1992.95,239.35,2.0,True,5202;5232
CRM,Short,69,2024-11-12T21:00:00Z,334.372806,2024-11-15T21:00:00Z,322.08208,848.06,9.0642,-167.98,951.43,167.98,3.0,True,5173;5233
GS,Short,40,2024-11-12T21:00:00Z,574.785975,2024-11-15T21:00:00Z,568.500379,251.42,9.1199,0.0,362.91,189.53,3.0,True,5177;5234
INTU,Long,33,2024-11-14T21:00:00Z,690.491388,2024-11-15T21:00:00Z,680.236078,-338.43,9.0201,-445.28,0.0,445.28,1.0,False,5221;5235
TMO,Short,43,2024-11-12T21:00:00Z,545.313244,2024-11-15T21:00:00Z,525.691659,843.73,8.9995,0.0,1540.57,696.84,3.0,True,5175;5236
TSLA,Short,66,2024-11-12T21:00:00Z,342.74,2024-11-15T21:00:00Z,310.52,2126.52,13.3804,0.0,2126.52,629.64,3.0,True,5171;5237
NEE,Short,332,2024-11-14T21:00:00Z,69.763012,2024-11-15T21:00:00Z,71.12999,-453.84,14.2279,-735.53,0.0,735.53,1.0,False,5223;5243
PFE,Long,982,2024-11-14T21:00:00Z,23.640931,2024-11-15T21:00:00Z,22.621161,-1001.41,8.7702,-1619.68,0.0,1619.68,1.0,False,5222;5244
ETN,Long,64,2024-11-14T21:00:00Z,361.79526,2024-11-15T21:00:00Z,350.652553,-713.13,9.0688,-713.13,0.0,713.13,1.0,False,5225;5245
SCHW,Short,328,2024-11-08T21:00:00Z,71.858807,2024-11-15T21:00:00Z,78.207346,-2082.32,9.8603,-2303.71,0.0,2303.71,7.0,False,5105;5246
SPY,Short,31,2024-11-04T21:00:00Z,558.228443,2024-11-15T21:00:00Z,576.467561,-565.41,6.6414,-837.82,276.44,846.91,11.0,False,4980;5248
SPY,Short,27,2024-11-06T21:00:00Z,576.017936,2024-11-15T21:00:00Z,576.467561,-12.14,5.8926,-249.4,721.09,249.4,9.0,False,5025;5248
ADP,Short,80,2024-11-08T21:00:00Z,290.968911,2024-11-18T21:00:00Z,283.33438,610.76,9.1785,-171.35,610.76,171.35,10.0,True,5069;5249
AMGN,Long,77,2024-11-12T21:00:00Z,300.902614,2024-11-18T21:00:00Z,265.147349,-2753.16,8.4072,-2798.46,0.0,2798.46,6.0,False,5178;5250
CB,Long,85,2024-11-12T21:00:00Z,273.53062,2024-11-18T21:00:00Z,279.242984,485.55,9.4727,0.0,673.64,188.09,6.0,True,5142;5251
ANET,Short,235,2024-11-12T21:00:00Z,99.775,2024-11-18T21:00:00Z,94.975,1128.0,4.3513,0.0,1690.82,562.82,6.0,True,5141;5252
MRK,Long,252,2024-11-13T21:00:00Z,92.218379,2024-11-18T21:00:00Z,90.33358,-474.97,9.2095,-503.3,0.0,503.3,5.0,False,5198;5253
TSLA,Long,75,2024-11-15T21:00:00Z,310.52,2024-11-18T21:00:00Z,340.68,2262.0,5.0811,0.0,2262.0,0.0,3.0,True,5237;5254
JPM,Short,102,2024-11-08T21:00:00Z,230.758945,2024-11-18T21:00:00Z,239.391043,-880.47,14.1315,-880.47,0.0,880.47,10.0,False,5044;5255
LLY,Long,29,2024-11-08T21:00:00Z,790.303641,2024-11-18T21:00:00Z,721.368354,-1999.12,13.3865,-2067.88,888.59,2956.46,10.0,False,5043;5256
WFC,Short,333,2024-11-13T21:00:00Z,70.049564,2024-11-18T21:00:00Z,71.912738,-620.44,14.0692,-620.44,0.0,620.44,5.0,False,5199;5257
UBER,Short,326,2024-11-12T21:00:00Z,71.84,2024-11-18T21:00:00Z,71.43,133.66,8.9436,-459.66,818.26,684.6,6.0,True,5137;5262
SCHW,Long,297,2024-11-15T21:00:00Z,78.207346,2024-11-18T21:00:00Z,79.234459,305.05,9.4425,0.0,418.36,113.31,3.0,True,5246;5263
UNP,Long,101,2024-11-13T21:00:00Z,229.022024,2024-11-18T21:00:00Z,224.879902,-418.35,9.149,-483.09,0.0,483.09,5.0,False,5204;5264
PFE,Short,1012,2024-11-15T21:00:00Z,22.621161,2024-11-18T21:00:00Z,22.097974,529.46,9.1486,0.0,583.31,53.84,3.0,True,5244;5265
ETN,Short,65,2024-11-15T21:00:00Z,350.652553,2024-11-18T21:00:00Z,352.091901,-93.56,9.1797,-93.56,18.46,112.01,3.0,False,5245;5266
SPY,Short,24,2024-11-06T21:00:00Z,576.017936,2024-11-18T21:00:00Z,573.017181,72.02,6.7836,-221.68,640.97,221.68,12.0,True,5025;5269
SPY,Short,5,2024-11-08T21:00:00Z,582.75253,2024-11-18T21:00:00Z,573.017181,48.68,0.5847,-12.51,167.21,19.65,10.0,True,5109;5269
SPY,Short,30,2024-11-13T21:00:00Z,583.886366,2024-11-18T21:00:00Z,573.017181,326.08,13.7758,-41.05,1037.26,117.88,5.0,True,5212;5269
BA,Long,166,2024-11-14T21:00:00Z,140.8,2024-11-20T21:00:00Z,145.91,848.26,9.4361,-101.26,876.48,101.26,6.0,True,5229;5270
COP,Short,230,2024-11-06T21:00:00Z,105.185237,2024-11-20T21:00:00Z,106.771415,-364.82,9.8435,-551.88,126.76,678.65,14.0,False,5022;5271
HON,Short,109,2024-11-12T21:00:00Z,227.173765,2024-11-20T21:00:00Z,217.092607,1098.85,4.7139,0.0,1192.43,93.58,8.0,True,5180;5272
IBM,Short,116,2024-11-15T21:00:00Z,198.694088,2024-11-20T21:00:00Z,201.579251,-334.68,9.2999,-733.63,0.0,733.63,5.0,False,5240;5273
INTC,Long,933,2024-11-12T21:00:00Z,24.7,2024-11-20T21:00:00Z,24.01,-643.77,8.9885,-643.77,307.89,951.66,8.0,False,5144;5274
NKE,Long,320,2024-11-13T21:00:00Z,73.047193,2024-11-20T21:00:00Z,69.760874,-1051.62,9.0846,-1142.54,0.0,1142.54,7.0,False,5209;5275
UBER,Long,319,2024-11-18T21:00:00Z,71.43,2024-11-20T21:00:00Z,69.29,-682.66,4.4405,-733.7,0.0,733.7,2.0,False,5262;5276
PLD,Long,219,2024-11-12T21:00:00Z,106.452502,2024-11-20T21:00:00Z,107.023067,124.95,9.3117,-79.89,565.36,645.25,8.0,True,5188;5277
PM,Long,194,2024-11-15T21:00:00Z,120.561895,2024-11-20T21:00:00Z,121.7169,224.07,9.4358,0.0,606.63,397.13,5.0,True,5238;5278
SYK,Short,61,2024-11-13T21:00:00Z,380.191963,2024-11-20T21:00:00Z,383.318687,-190.73,9.2848,-204.53,203.33,407.85,7.0,False,5203;5279
TJX,Short,205,2024-11-08T21:00:00Z,114.286259,2024-11-20T21:00:00Z,116.892106,-534.2,9.518,-798.02,0.0,798.02,12.0,False,5065;5280
TMO,Short,45,2024-11-18T21:00:00Z,507.420547,2024-11-20T21:00:00Z,503.528006,175.16,9.0632,-82.22,175.16,166.23,2.0,True,5260;5281
VRTX,Short,47,2024-11-13T21:00:00Z,491.34,2024-11-20T21:00:00Z,448.46,2015.36,8.8909,0.0,2036.51,151.34,7.0,True,5207;5282
PFE,Long,1063,2024-11-18T21:00:00Z,22.097974,2024-11-20T21:00:00Z,22.168915,75.41,9.324,0.0,169.67,150.82,2.0,True,5265;5288
AMAT,Short,140,2024-11-18T21:00:00Z,165.040432,2024-11-20T21:00:00Z,166.644773,-224.61,14.0688,-387.21,0.0,387.21,2.0,False,5267;5289
MU,Long,243,2024-11-18T21:00:00Z,96.014817,2024-11-21T21:00:00Z,99.48691,843.72,9.6832,0.0,1510.96,667.24,3.0,True,5268;5292
ABT,Short,209,2024-11-18T21:00:00Z,111.35627,2024-11-21T21:00:00Z,111.284007,15.1,9.4491,-339.31,15.1,339.31,3.0,True,5259;5293
LOW,Long,88,2024-11-12T21:00:00Z,266.195731,2024-11-21T21:00:00Z,254.91077,-993.08,9.0918,-1400.84,0.0,1400.84,9.0,False,5179;5297
PFE,Short,1045,2024-11-20T21:00:00Z,22.168915,2024-11-21T21:00:00Z,22.035902,139.0,4.6574,-120.47,139.0,120.47,1.0,True,5288;5298
QCOM,Short,148,2024-11-15T21:00:00Z,156.159901,2024-11-21T21:00:00Z,148.495611,1134.31,8.96,-242.46,1237.82,242.46,6.0,True,5242;5300
UPS,Long,197,2024-11-14T21:00:00Z,117.970355,2024-11-21T21:00:00Z,117.689311,-55.37,9.2351,-122.24,539.43,661.67,7.0,False,5227;5301
WMT,Short,295,2024-10-30T20:00:00Z,80.138781,2024-11-21T21:00:00Z,85.461724,-1570.27,14.56,-1967.18,0.0,1967.18,22.0417,False,4874;5303
JPM,Long,98,2024-11-18T21:00:00Z,239.391043,2024-11-21T21:00:00Z,234.872227,-442.84,9.3587,-676.57,0.0,676.57,3.0,False,5255;5304
NFLX,Short,280,2024-11-14T21:00:00Z,83.367,2024-11-21T21:00:00Z,88.316,-1385.72,14.4532,-1786.68,271.88,2058.56,7.0,False,5220;5305
JNJ,Long,157,2024-11-08T21:00:00Z,148.732003,2024-11-21T21:00:00Z,145.530002,-502.71,13.9937,-763.0,0.0,763.0,13.0,False,5045;5306
CAT,Short,61,2024-11-15T21:00:00Z,378.124285,2024-11-21T21:00:00Z,375.911429,134.98,13.9719,-203.67,279.52,483.2,6.0,True,5241;5309
ETN,Long,66,2024-11-18T21:00:00Z,352.091901,2024-11-21T21:00:00Z,356.889727,316.66,9.5889,0.0,734.13,417.47,3.0,True,5266;5313
UNP,Short,103,2024-11-18T21:00:00Z,224.879902,2024-11-21T21:00:00Z,223.913726,99.52,9.4661,-388.21,176.37,564.58,3.0,True,5264;5315
AMAT,Long,139,2024-11-20T21:00:00Z,166.644773,2024-11-21T21:00:00Z,169.295927,368.51,9.6405,0.0,937.62,569.1,1.0,True,5289;5316
AAPL,Long,102,2024-11-20T21:00:00Z,226.565793,2024-11-21T21:00:00Z,227.211109,65.82,9.2662,0.0,65.82,0.0,1.0,True,5283;5323
ADI,Long,109,2024-11-13T21:00:00Z,210.471661,2024-11-21T21:00:00Z,206.121829,-474.13,9.0339,-1102.78,0.0,1102.78,8.0,False,5210;5324
C,Short,359,2024-11-08T21:00:00Z,65.889311,2024-11-21T21:00:00Z,65.946823,-20.65,9.4686,-364.76,203.03,364.76,13.0,False,5063;5325
DIS,Short,219,2024-11-15T21:00:00Z,109.213068,2024-11-21T21:00:00Z,111.548601,-511.48,9.8354,-633.47,0.0,633.47,6.0,False,5239;5326
MDT,Long,282,2024-11-14T21:00:00Z,82.190844,2024-11-21T21:00:00Z,78.910708,-925.0,9.0248,-948.78,0.0,948.78,7.0,False,5228;5327
MMC,Long,108,2024-11-15T21:00:00Z,214.202896,2024-11-21T21:00:00Z,215.036069,89.98,9.3448,-38.71,347.37,307.62,6.0,True,5247;5328
PG,Long,150,2024-11-08T21:00:00Z,156.511727,2024-11-21T21:00:00Z,163.70734,1079.34,9.7344,0.0,1219.44,140.1,13.0,True,5046;5329
SHOP,Short,202,2024-11-14T21:00:00Z,115.0,2024-11-21T21:00:00Z,103.74,2274.52,4.3018,0.0,2274.52,513.08,7.0,True,5224;5330
SCHW,Short,296,2024-11-18T21:00:00Z,79.234459,2024-11-21T21:00:00Z,78.833396,118.71,4.6791,0.0,234.53,176.62,3.0,True,5263;5331
TXN,Short,122,2024-11-18T21:00:00Z,192.601829,2024-11-21T21:00:00Z,188.83933,459.02,9.4217,0.0,466.0,6.97,3.0,True,5261;5332
VZ,Long,649,2024-11-08T21:00:00Z,36.196072,2024-11-21T21:00:00Z,37.612557,919.3,9.5954,-132.98,1081.19,185.02,13.0,True,5101;5333
WFC,Long,326,2024-11-18T21:00:00Z,71.912738,2024-11-21T21:00:00Z,71.190577,-235.42,4.6978,-393.94,45.52,393.94,3.0,False,5257;5334
AXP,Long,83,2024-11-20T21:00:00Z,280.244748,2024-11-21T21:00:00Z,284.415495,346.17,14.1756,0.0,605.19,259.02,1.0,True,5285;5337
PLTR,Short,419,2024-11-08T21:00:00Z,55.55,2024-11-21T21:00:00Z,62.04,-2719.31,14.6493,-4282.18,0.0,4282.18,13.0,False,5067;5343
SPY,Short,86,2024-11-13T21:00:00Z,583.886366,2024-11-21T21:00:00Z,580.005911,333.72,9.9808,-117.68,2973.49,665.76,8.0,True,5212;5346
AMZN,Short,123,2024-10-31T20:00:00Z,190.5,2024-11-22T21:00:00Z,198.19,-945.87,9.4346,-2902.8,0.0,2902.8,22.0417,False,4922;5347
BX,Short,137,2024-11-13T21:00:00Z,170.484308,2024-11-22T21:00:00Z,182.748419,-1680.18,5.1295,-2290.92,7.73,2298.66,9.0,False,5205;5348
CAT,Long,62,2024-11-21T21:00:00Z,375.911429,2024-11-22T21:00:00Z,382.21709,390.95,4.8261,0.0,823.79,432.84,1.0,True,5309;5349
APP,Long,71,2024-11-21T21:00:00Z,327.99,2024-11-22T21:00:00Z,308.84,-1359.65,9.2507,-1359.65,378.43,1738.08,1.0,False,5345;5350
DE,Long,59,2024-11-12T21:00:00Z,391.434964,2024-11-22T21:00:00Z,425.143465,1988.8,9.692,-637.75,2660.58,671.78,10.0,True,5145;5351
ETN,Short,66,2024-11-21T21:00:00Z,356.889727,2024-11-22T21:00:00Z,364.732705,-517.64,4.8779,-834.94,0.0,834.94,1.0,False,5313;5352
GOOGL,Short,136,2024-10-31T20:00:00Z,171.982311,2024-11-22T21:00:00Z,164.097679,1072.31,9.072,-1138.49,1138.49,1671.94,22.0417,True,4921;5353
GS,Short,41,2024-11-20T21:00:00Z,561.11913,2024-11-22T21:00:00Z,573.027161,-488.23,9.3367,-746.73,0.0,746.73,2.0,False,5286;5354
HON,Long,108,2024-11-21T21:00:00Z,217.50281,2024-11-22T21:00:00Z,217.26432,-25.76,9.3807,-25.76,109.21,134.97,1.0,False,5311;5355
IBM,Short,113,2024-11-21T21:00:00Z,206.174494,2024-11-22T21:00:00Z,213.377847,-813.98,9.616,-813.98,0.0,813.98,1.0,False,5339;5356
INTU,Short,36,2024-11-21T21:00:00Z,649.352045,2024-11-22T21:00:00Z,657.619281,-297.62,9.3454,-297.62,696.57,994.19,1.0,False,5310;5357
LIN,Long,53,2024-11-21T21:00:00Z,439.901464,2024-11-22T21:00:00Z,442.141982,118.75,9.3955,0.0,164.7,45.95,1.0,True,5336;5358
NKE,Long,336,2024-11-21T21:00:00Z,69.476754,2024-11-22T21:00:00Z,71.977008,840.09,9.7055,0.0,1285.59,445.5,1.0,True,5320;5359
NVDA,Long,160,2024-11-21T21:00:00Z,148.900458,2024-11-22T21:00:00Z,145.469664,-548.93,9.2111,-1172.85,0.0,1172.85,1.0,False,5302;5360
TJX,Short,199,2024-11-21T21:00:00Z,117.312933,2024-11-22T21:00:00Z,117.684827,-74.01,9.3965,-311.61,0.0,311.61,1.0,False,5317;5361
PANW,Short,121,2024-11-08T21:00:00Z,194.635,2024-11-22T21:00:00Z,197.04,-291.0,9.3741,-791.34,365.42,791.34,14.0,False,5068;5362
PM,Short,190,2024-11-21T21:00:00Z,122.543245,2024-11-22T21:00:00Z,123.707641,-221.24,13.9589,-221.24,90.99,312.23,1.0,False,5308;5365
ABT,Long,209,2024-11-21T21:00:00Z,111.284007,2024-11-22T21:00:00Z,112.945078,347.16,14.1626,0.0,455.1,107.93,1.0,True,5338;5366
UNP,Long,104,2024-11-21T21:00:00Z,223.913726,2024-11-22T21:00:00Z,229.586424,589.96,9.5532,0.0,827.74,237.78,1.0,True,5315;5369
PLTR,Long,376,2024-11-21T21:00:00Z,62.04,2024-11-22T21:00:00Z,61.37,-251.92,9.7426,-251.92,868.56,1120.48,1.0,False,5343;5372
SPY,Short,2,2024-11-13T21:00:00Z,583.886366,2024-11-22T21:00:00Z,580.250272,7.27,12.4565,-2.74,69.15,19.08,9.0,True,5212;5378
SPY,Short,52,2024-11-20T21:00:00Z,577.005155,2024-11-22T21:00:00Z,580.250272,-168.75,6.0027,-428.98,1440.1,263.79,2.0,False,5290;5378
SPY,Short,53,2024-11-21T21:00:00Z,580.005911,2024-11-22T21:00:00Z,580.250272,-12.95,24.3717,-278.19,1626.83,109.83,1.0,False,5322;5378
SPY,Short,157,2024-11-21T21:00:00Z,580.005911,2024-11-26T21:00:00Z,585.313435,-833.28,18.435,-1114.11,4819.11,1114.11,5.0,False,5322;5379
LOW,Long,91,2024-11-22T21:00:00Z,256.889741,2024-11-26T21:00:00Z,265.104884,747.58,9.4725,0.0,809.07,74.67,4.0,True,5367;5386
UBER,Short,336,2024-11-22T21:00:00Z,70.0,2024-11-26T21:00:00Z,73.49,-1172.64,9.6143,-1172.64,0.0,1172.64,4.0,False,5368;5391
ABT,Short,207,2024-11-22T21:00:00Z,112.945078,2024-11-26T21:00:00Z,114.54063,-330.28,9.3878,-330.28,0.0,330.28,4.0,False,5366;5399
PM,Long,190,2024-11-22T21:00:00Z,123.707641,2024-11-26T21:00:00Z,122.759222,-180.2,9.4652,-183.77,96.34,276.54,4.0,False,5365;5400
PFE,Long,1051,2024-11-22T21:00:00Z,22.328531,2024-11-26T21:00:00Z,23.188685,904.02,14.2051,0.0,922.66,372.79,4.0,True,5370;5403
PLTR,Short,381,2024-11-22T21:00:00Z,61.37,2024-11-26T21:00:00Z,64.57,-1219.2,9.7866,-1676.4,0.0,1676.4,4.0,False,5372;5405
SCHW,Long,296,2024-11-22T21:00:00Z,79.048601,2024-11-26T21:00:00Z,79.987676,277.97,14.1836,0.0,416.95,138.98,4.0,True,5371;5406
AVGO,Long,132,2024-11-12T21:00:00Z,175.864719,2024-11-26T21:00:00Z,161.896592,-1843.79,8.8481,-2031.93,0.0,2031.93,14.0,False,5172;5409
AXP,Short,82,2024-11-21T21:00:00Z,284.415495,2024-11-26T21:00:00Z,299.911046,-1270.64,4.9179,-1270.64,0.0,1270.64,5.0,False,5337;5410
BSX,Short,276,2024-11-06T21:00:00Z,87.9,2024-11-26T21:00:00Z,89.78,-518.88,9.7511,-993.6,281.52,1275.12,20.0,False,5021;5411
KKR,Short,152,2024-11-12T21:00:00Z,152.791033,2024-11-26T21:00:00Z,156.734027,-599.34,4.8327,-939.46,746.17,1685.63,14.0,False,5182;5412
COP,Short,221,2024-11-22T21:00:00Z,106.081042,2024-11-26T21:00:00Z,100.832315,1159.97,9.1347,0.0,1268.65,142.12,4.0,True,5374;5413
FISV,Short,107,2024-11-21T21:00:00Z,218.38,2024-11-26T21:00:00Z,221.86,-372.36,9.4132,-435.49,0.0,435.49,5.0,False,5344;5414
GILD,Long,265,2024-11-14T21:00:00Z,87.477313,2024-11-26T21:00:00Z,85.610448,-494.72,9.2143,-1145.14,0.0,1145.14,12.0,False,5226;5415
ANET,Short,231,2024-11-22T21:00:00Z,101.25,2024-11-26T21:00:00Z,100.75,115.5,9.4087,-186.82,300.88,487.7,4.0,True,5375;5416
ISRG,Short,43,2024-11-21T21:00:00Z,544.85,2024-11-26T21:00:00Z,542.06,119.97,9.3974,-129.86,356.9,238.65,5.0,True,5341;5417
LMT,Short,43,2024-11-13T21:00:00Z,534.751524,2024-11-26T21:00:00Z,495.261451,1698.07,8.7996,0.0,1734.77,459.07,13.0,True,5206;5418
MDT,Long,294,2024-11-22T21:00:00Z,79.49176,2024-11-26T21:00:00Z,80.916277,418.81,9.4722,0.0,418.81,19.29,4.0,True,5377;5419
MMC,Long,107,2024-11-22T21:00:00Z,218.223439,2024-11-26T21:00:00Z,224.336602,654.11,9.5492,0.0,779.54,125.43,4.0,True,5376;5420
MRK,Long,255,2024-11-21T21:00:00Z,91.542024,2024-11-26T21:00:00Z,95.232933,941.18,9.6259,0.0,941.18,0.0,5.0,True,5335;5421
MS,Long,185,2024-11-21T21:00:00Z,127.470975,2024-11-26T21:00:00Z,125.126351,-433.76,9.4282,-433.76,263.79,697.55,5.0,False,5307;5422
QCOM,Long,158,2024-11-21T21:00:00Z,148.495611,2024-11-26T21:00:00Z,153.285792,756.85,9.4573,0.0,756.85,286.09,5.0,True,5342;5423
SBUX,Long,248,2024-11-21T21:00:00Z,95.235831,2024-11-26T21:00:00Z,97.589459,583.7,9.5262,0.0,702.34,431.84,5.0,True,5319;5424
UNP,Short,102,2024-11-22T21:00:00Z,229.586424,2024-11-26T21:00:00Z,236.053108,-659.6,4.7934,-909.39,0.0,909.39,4.0,False,5369;5425
VRTX,Long,51,2024-11-21T21:00:00Z,455.03,2024-11-26T21:00:00Z,464.0,457.47,9.3579,-207.06,614.04,207.06,5.0,True,5318;5426
JNJ,Short,161,2024-11-21T21:00:00Z,145.530002,2024-11-26T21:00:00Z,148.168304,-424.77,9.4437,-424.77,0.0,424.77,5.0,False,5306;5428
NFLX,Long,264,2024-11-21T21:00:00Z,88.316,2024-11-26T21:00:00Z,86.749,-413.69,9.3368,-463.85,386.23,850.08,5.0,False,5305;5429
BA,Long,159,2024-11-21T21:00:00Z,146.39,2024-11-26T21:00:00Z,152.5,971.49,13.9679,0.0,1066.89,372.06,5.0,True,5321;5433
ADI,Long,108,2024-11-26T21:00:00Z,225.404789,2024-11-27T21:00:00Z,212.94757,-1345.38,9.1486,-1570.83,0.0,1570.83,1.0,False,5434;5435
ADP,Short,80,2024-11-26T21:00:00Z,290.911794,2024-11-27T21:00:00Z,294.738579,-306.14,9.3654,-306.14,0.0,306.14,1.0,False,5408;5436
AMAT,Short,139,2024-11-21T21:00:00Z,169.295927,2024-11-27T21:00:00Z,170.874444,-219.41,4.6987,-449.8,38.4,449.8,6.0,False,5316;5437
BA,Short,153,2024-11-26T21:00:00Z,152.5,2024-11-27T21:00:00Z,151.11,212.67,4.6634,0.0,212.67,0.0,1.0,True,5433;5438
IBM,Short,108,2024-11-26T21:00:00Z,216.606936,2024-11-27T21:00:00Z,218.613175,-216.67,9.4047,-216.67,0.0,216.67,1.0,False,5398;5439
PLTR,Long,363,2024-11-26T21:00:00Z,64.57,2024-11-27T21:00:00Z,66.24,606.21,4.796,0.0,606.21,0.0,1.0,True,5405;5440
NVDA,Long,173,2024-11-26T21:00:00Z,137.261688,2024-11-27T21:00:00Z,134.688593,-445.15,9.395,-445.15,0.0,445.15,1.0,False,5393;5441
PM,Short,191,2024-11-26T21:00:00Z,122.759222,2024-11-27T21:00:00Z,124.468254,-326.43,9.3827,-326.43,0.0,326.43,1.0,False,5400;5442
ABT,Long,206,2024-11-26T21:00:00Z,114.54063,2024-11-27T21:00:00Z,114.155231,-79.39,9.4437,-79.39,13.89,93.29,1.0,False,5399;5443
TMO,Short,45,2024-11-21T21:00:00Z,510.518692,2024-11-27T21:00:00Z,511.799656,-57.64,13.9365,-336.92,50.94,387.86,6.0,False,5340;5445
SYK,Long,62,2024-11-26T21:00:00Z,381.499681,2024-11-27T21:00:00Z,382.640247,70.72,14.1397,0.0,70.72,0.0,1.0,True,5404;5451
PFE,Short,1011,2024-11-26T21:00:00Z,23.188685,2024-11-27T21:00:00Z,22.84285,349.64,9.3223,0.0,349.64,0.0,1.0,True,5403;5452
SCHW,Short,293,2024-11-26T21:00:00Z,79.987676,2024-11-27T21:00:00Z,80.212662,-65.92,9.4212,-237.89,0.0,237.89,1.0,False,5406;5453
BX,Long,129,2024-11-26T21:00:00Z,181.290645,2024-11-27T21:00:00Z,181.50696,27.9,13.8237,-453.75,27.9,453.75,1.0,True,5401;5454
APP,Long,71,2024-11-27T21:00:00Z,325.0,2024-11-29T18:00:00Z,332.48,531.08,9.448,0.0,825.73,294.65,1.875,True,5456;5458
DIS,Short,207,2024-11-26T21:00:00Z,113.356441,2024-11-29T18:00:00Z,114.450917,-226.56,9.4231,-323.65,0.0,323.65,2.875,False,5431;5459
GILD,Short,270,2024-11-27T21:00:00Z,86.776054,2024-11-29T18:00:00Z,87.979566,-324.95,9.4665,-324.95,0.0,324.95,1.875,False,5455;5460
NOW,Long,111,2024-11-26T21:00:00Z,212.0,2024-11-29T18:00:00Z,209.59,-267.51,9.4106,-412.92,0.0,412.92,2.875,False,5397;5461
PEP,Long,159,2024-11-18T21:00:00Z,147.123002,2024-11-29T18:00:00Z,149.399245,361.92,9.4682,-335.44,654.7,335.44,10.875,True,5258;5462
TMO,Long,45,2024-11-27T21:00:00Z,511.799656,2024-11-29T18:00:00Z,519.465579,344.97,4.7333,0.0,635.42,290.45,1.875,True,5445;5463
WFC,Long,317,2024-11-26T21:00:00Z,74.584731,2024-11-29T18:00:00Z,74.806194,70.2,9.3719,-393.75,70.2,393.75,2.875,True,5396;5464
ABT,Short,206,2024-11-27T21:00:00Z,114.155231,2024-11-29T18:00:00Z,113.972167,37.71,9.3836,-57.56,37.71,57.56,1.875,True,5443;5470
PM,Long,188,2024-11-27T21:00:00Z,124.468254,2024-11-29T18:00:00Z,123.613738,-160.65,9.421,-160.65,90.03,250.68,1.875,False,5442;5471
CAT,Short,58,2024-11-27T21:00:00Z,400.04723,2024-11-29T18:00:00Z,398.833096,70.42,13.89,0.0,139.7,69.28,1.875,True,5444;5472
PFE,Long,1024,2024-11-27T21:00:00Z,22.84285,2024-11-29T18:00:00Z,22.904923,63.56,9.5152,0.0,408.62,345.05,1.875,True,5452;5474
ETN,Short,63,2024-11-26T21:00:00Z,370.607594,2024-11-29T18:00:00Z,367.151201,217.75,13.9916,0.0,402.19,212.2,2.875,True,5402;5475
SPY,Short,95,2024-11-27T21:00:00Z,586.965317,2024-11-29T18:00:00Z,586.056293,86.36,43.0318,-189.43,86.36,189.43,1.875,True,5457;5479
AMGN,Long,87,2024-11-20T21:00:00Z,266.779726,2024-12-02T21:00:00Z,267.709801,80.92,9.3462,-247.7,1108.89,1356.59,12.0,True,5287;5480
C,Short,346,2024-11-26T21:00:00Z,67.375032,2024-12-02T21:00:00Z,68.31439,-325.02,9.3618,-364.82,43.11,407.93,6.0,False,5407;5481
COP,Short,230,2024-11-29T18:00:00Z,101.900974,2024-12-02T21:00:00Z,102.269804,-84.83,9.3305,-84.83,350.2,435.03,3.125,False,5476;5482
MMC,Short,103,2024-11-29T18:00:00Z,226.216084,2024-12-02T21:00:00Z,225.906066,31.93,9.3055,0.0,45.9,13.97,3.125,True,5478;5483
UBER,Short,327,2024-11-27T21:00:00Z,72.06,2024-12-02T21:00:00Z,71.85,68.67,9.4627,-330.27,68.67,362.97,5.0,True,5449;5484
NFLX,Short,271,2024-11-26T21:00:00Z,86.749,2024-12-02T21:00:00Z,88.751,-542.54,9.5879,-819.78,0.0,819.78,6.0,False,5429;5486
JNJ,Long,159,2024-11-26T21:00:00Z,148.168304,2024-12-02T21:00:00Z,147.776779,-62.25,9.3425,-62.25,36.44,98.69,6.0,False,5428;5487
PM,Short,189,2024-11-29T18:00:00Z,123.613738,2024-12-02T21:00:00Z,124.533986,-173.93,9.252,-173.93,110.04,283.96,3.125,False,5471;5488
ABT,Long,204,2024-11-29T18:00:00Z,113.972167,2024-12-02T21:00:00Z,114.52136,112.04,9.1838,-290.9,112.04,290.9,3.125,True,5470;5489
UNP,Short,99,2024-11-27T21:00:00Z,235.364349,2024-12-02T21:00:00Z,233.441563,190.36,13.766,0.0,498.15,307.79,5.0,True,5450;5491
SCHW,Long,290,2024-11-27T21:00:00Z,80.212662,2024-12-02T21:00:00Z,80.946315,212.76,9.2036,-173.04,215.6,388.64,5.0,True,5453;5492
AAPL,Long,101,2024-11-26T21:00:00Z,231.897103,2024-12-03T21:00:00Z,238.082217,624.7,9.5802,0.0,909.47,284.77,7.0,True,5427;5497
ABT,Short,204,2024-12-02T21:00:00Z,114.52136,2024-12-03T21:00:00Z,112.824641,346.13,4.5714,0.0,505.14,159.01,1.0,True,5489;5498
ADP,Short,80,2024-12-02T21:00:00Z,292.882303,2024-12-03T21:00:00Z,291.501995,110.42,9.2848,0.0,312.24,201.81,1.0,True,5494;5499
AMD,Long,172,2024-11-29T18:00:00Z,136.26,2024-12-03T21:00:00Z,142.5,1073.28,9.6029,0.0,1073.28,13.76,4.125,True,5466;5500
BX,Short,129,2024-11-27T21:00:00Z,181.50696,2024-12-03T21:00:00Z,176.174329,687.91,4.5174,0.0,827.43,139.52,6.0,True,5454;5501
GILD,Short,266,2024-12-02T21:00:00Z,87.733178,2024-12-03T21:00:00Z,88.898784,-310.05,9.4029,-310.05,22.69,332.74,1.0,False,5496;5502
LOW,Long,88,2024-11-27T21:00:00Z,265.61652,2024-12-03T21:00:00Z,263.463786,-189.44,9.3035,-263.35,0.0,263.35,6.0,False,5448;5503
META,Long,41,2024-11-26T21:00:00Z,561.623006,2024-12-03T21:00:00Z,591.129823,1209.78,9.6716,0.0,1969.46,759.68,7.0,True,5394;5504
PLTR,Long,348,2024-12-02T21:00:00Z,67.44,2024-12-03T21:00:00Z,66.37,-372.36,9.5596,-372.36,1228.44,1600.8,1.0,False,5490;5505
ETN,Long,64,2024-11-29T18:00:00Z,367.151201,2024-12-03T21:00:00Z,364.527083,-167.94,9.3685,-172.33,0.0,172.33,4.125,False,5475;5509
PFE,Short,1023,2024-11-29T18:00:00Z,22.904923,2024-12-03T21:00:00Z,22.833982,72.57,9.2702,0.0,244.93,172.36,4.125,True,5474;5510
SHOP,Short,219,2024-11-22T21:00:00Z,107.01,2024-12-03T21:00:00Z,112.7,-1246.11,14.2153,-1881.21,0.0,1881.21,11.0,False,5373;5511
UNP,Long,99,2024-12-02T21:00:00Z,233.441563,2024-12-03T21:00:00Z,231.241359,-217.82,9.0683,-666.72,0.0,666.72,1.0,False,5491;5512
SPY,Short,84,2024-11-27T21:00:00Z,586.965317,2024-12-03T21:00:00Z,589.790132,-237.28,9.9168,-279.16,76.36,355.52,6.0,False,5457;5517
AMGN,Short,88,2024-12-03T21:00:00Z,262.63235,2024-12-04T21:00:00Z,261.759218,76.84,9.2968,-127.78,76.84,127.78,1.0,True,5508;5518
APP,Short,68,2024-12-03T21:00:00Z,338.8,2024-12-04T21:00:00Z,374.0,-2393.6,10.0697,-2393.6,0.0,2393.6,1.0,False,5516;5519
INTU,Long,37,2024-11-26T21:00:00Z,622.995308,2024-12-04T21:00:00Z,628.900477,218.49,9.4204,0.0,788.03,569.53,8.0,True,5432;5520
LLY,Short,31,2024-11-18T21:00:00Z,721.368354,2024-12-04T21:00:00Z,818.017054,-2996.11,5.0824,-3049.39,16.23,3065.62,16.0,False,5256;5521
MCD,Short,83,2024-11-26T21:00:00Z,282.948574,2024-12-04T21:00:00Z,280.12691,234.2,9.3812,0.0,234.2,210.8,8.0,True,5430;5522
MMC,Short,103,2024-12-03T21:00:00Z,225.721993,2024-12-04T21:00:00Z,222.185853,364.22,9.1786,0.0,364.22,0.0,1.0,True,5515;5523
NFLX,Long,263,2024-12-02T21:00:00Z,88.751,2024-12-04T21:00:00Z,89.805,277.2,4.7922,0.0,619.36,342.16,2.0,True,5486;5524
UBER,Long,320,2024-12-03T21:00:00Z,73.06,2024-12-04T21:00:00Z,71.25,-579.2,9.1795,-579.2,0.0,579.2,1.0,False,5507;5525
PEP,Long,155,2024-12-03T21:00:00Z,150.676161,2024-12-04T21:00:00Z,148.603485,-321.26,9.2329,-381.5,0.0,381.5,1.0,False,5506;5526
PFE,Long,1022,2024-12-03T21:00:00Z,22.833982,2024-12-04T21:00:00Z,22.541353,-299.07,4.573,-471.26,0.0,471.26,1.0,False,5510;5527
PGR,Long,98,2024-11-21T21:00:00Z,238.797414,2024-12-04T21:00:00Z,241.1725,232.76,9.4509,0.0,855.25,769.55,13.0,True,5312;5528
PM,Long,187,2024-12-02T21:00:00Z,124.533986,2024-12-04T21:00:00Z,122.411781,-396.85,4.5824,-514.5,0.0,514.5,2.0,False,5488;5529
T,Long,1143,2024-11-01T20:00:00Z,20.882316,2024-12-04T21:00:00Z,21.880232,1140.62,9.6424,-718.17,1214.55,718.17,33.0417,True,4946;5530
UPS,Short,192,2024-12-02T21:00:00Z,121.610799,2024-12-04T21:00:00Z,115.867025,1102.8,9.0145,0.0,1262.31,159.5,2.0,True,5495;5531
WMT,Long,272,2024-11-21T21:00:00Z,85.461724,2024-12-04T21:00:00Z,91.776582,1717.64,5.0461,0.0,1984.77,267.13,13.0,True,5303;5532
MU,Short,235,2024-12-04T21:00:00Z,100.103729,2024-12-05T21:00:00Z,103.277361,-745.8,9.5421,-745.8,0.0,745.8,1.0,False,5542;5543
ADP,Long,81,2024-12-04T21:00:00Z,290.283516,2024-12-05T21:00:00Z,288.627147,-134.17,9.3344,-242.12,0.0,242.12,1.0,False,5540;5544
CB,Short,82,2024-12-03T21:00:00Z,282.586569,2024-12-05T21:00:00Z,279.359961,264.58,9.1584,0.0,422.85,161.47,2.0,True,5514;5545
ETN,Short,64,2024-12-03T21:00:00Z,364.527083,2024-12-05T21:00:00Z,369.648028,-327.74,4.6504,-327.74,77.71,405.45,2.0,False,5509;5546
GILD,Short,267,2024-12-04T21:00:00Z,87.733178,2024-12-05T21:00:00Z,87.050872,182.18,9.3608,-204.95,182.18,204.95,1.0,True,5541;5547
HON,Short,108,2024-12-04T21:00:00Z,217.149845,2024-12-05T21:00:00Z,218.91467,-190.6,9.3974,-190.6,139.09,329.69,1.0,False,5539;5548
IBM,Short,108,2024-11-29T18:00:00Z,218.374337,2024-12-05T21:00:00Z,223.122436,-512.79,9.5369,-636.61,122.78,759.39,6.125,False,5468;5549
JPM,Short,100,2024-11-21T21:00:00Z,234.872227,2024-12-05T21:00:00Z,236.938523,-206.63,4.7405,-679.75,0.0,679.75,14.0,False,5304;5550
LIN,Long,52,2024-11-29T18:00:00Z,444.440949,2024-12-05T21:00:00Z,447.56722,162.57,9.229,-317.58,227.09,544.67,6.125,True,5467;5551
SHOP,Long,207,2024-12-03T21:00:00Z,112.7,2024-12-05T21:00:00Z,113.43,151.11,4.7233,0.0,287.73,136.62,2.0,True,5511;5552
TMO,Long,44,2024-12-04T21:00:00Z,528.819594,2024-12-05T21:00:00Z,523.516999,-233.31,9.1729,-510.76,0.0,510.76,1.0,False,5535;5553
TMUS,Short,98,2024-11-29T18:00:00Z,236.784988,2024-12-05T21:00:00Z,234.078158,265.27,9.268,0.0,265.27,81.19,6.125,True,5465;5554
V,Short,82,2024-11-05T21:00:00Z,287.377406,2024-12-05T21:00:00Z,305.502616,-1486.27,9.7416,-2063.34,0.0,2063.34,30.0,False,4992;5555
XOM,Long,209,2024-12-02T21:00:00Z,111.631397,2024-12-05T21:00:00Z,108.482456,-658.13,9.1952,-745.09,0.0,745.09,3.0,False,5485;5556
SCHW,Short,288,2024-12-02T21:00:00Z,80.946315,2024-12-05T21:00:00Z,78.637755,664.87,9.2991,0.0,664.87,194.39,3.0,True,5492;5564
AMAT,Short,130,2024-12-05T21:00:00Z,174.169597,2024-12-06T21:00:00Z,169.848408,561.75,8.8508,0.0,561.75,0.0,1.0,True,5563;5570
BSX,Short,257,2024-12-02T21:00:00Z,90.78,2024-12-06T21:00:00Z,90.36,107.94,9.2777,-15.42,182.47,95.09,4.0,True,5493;5571
DE,Long,52,2024-12-05T21:00:00Z,447.602769,2024-12-06T21:00:00Z,437.966183,-501.1,9.0678,-710.49,0.0,710.49,1.0,False,5567;5572
JNJ,Short,157,2024-12-02T21:00:00Z,147.776779,2024-12-06T21:00:00Z,142.448221,836.58,4.4771,0.0,836.58,0.0,4.0,True,5487;5573
LOW,Long,88,2024-12-04T21:00:00Z,263.946462,2024-12-06T21:00:00Z,262.855614,-95.99,9.2715,-284.59,0.85,284.59,2.0,False,5538;5574
MCD,Short,82,2024-12-05T21:00:00Z,283.251358,2024-12-06T21:00:00Z,288.062625,-394.52,9.4065,-394.52,0.0,394.52,1.0,False,5562;5575
NKE,Short,313,2024-12-05T21:00:00Z,74.400481,2024-12-06T21:00:00Z,75.409494,-315.82,9.3835,-315.82,0.0,315.82,1.0,False,5568;5576
PFE,Short,1044,2024-12-05T21:00:00Z,22.364001,2024-12-06T21:00:00Z,22.87832,-536.95,9.5225,-536.95,0.0,536.95,1.0,False,5565;5577
SBUX,Short,241,2024-11-29T18:00:00Z,96.9867,2024-12-06T21:00:00Z,94.652207,562.61,9.3417,-46.12,562.61,202.91,7.125,True,5477;5578
SCHW,Long,293,2024-12-05T21:00:00Z,78.637755,2024-12-06T21:00:00Z,79.909419,372.6,4.6701,0.0,372.6,0.0,1.0,True,5564;5579
SYK,Short,61,2024-11-27T21:00:00Z,382.640247,2024-12-06T21:00:00Z,376.67194,364.07,4.6185,-179.33,402.45,179.33,9.0,True,5451;5580
TXN,Long,124,2024-12-04T21:00:00Z,188.315438,2024-12-06T21:00:00Z,184.467212,-477.18,9.207,-556.32,0.0,556.32,2.0,False,5536;5581
UNP,Short,101,2024-12-03T21:00:00Z,231.241359,2024-12-06T21:00:00Z,225.463434,583.57,4.5134,0.0,788.4,204.83,3.0,True,5512;5582
ACN,Long,69,2024-12-04T21:00:00Z,338.569954,2024-12-09T21:00:00Z,343.942111,370.68,9.4748,0.0,518.82,210.69,5.0,True,5533;5603
AMGN,Long,89,2024-12-06T21:00:00Z,260.999973,2024-12-09T21:00:00Z,259.244219,-156.26,9.2948,-156.26,221.3,377.56,3.0,False,5590;5604
BX,Short,132,2024-12-06T21:00:00Z,176.371834,2024-12-09T21:00:00Z,178.487957,-279.33,9.2451,-279.33,270.64,549.97,3.0,False,5592;5605
CB,Short,83,2024-12-06T21:00:00Z,279.398953,2024-12-09T21:00:00Z,275.870155,292.89,9.0722,0.0,752.45,459.56,3.0,True,5599;5606
DHR,Long,98,2024-11-13T21:00:00Z,236.305203,2024-12-09T21:00:00Z,226.924953,-919.26,9.2496,-1084.91,215.04,1299.95,26.0,False,5200;5607
FISV,Short,107,2024-12-03T21:00:00Z,219.63,2024-12-09T21:00:00Z,207.125,1338.04,8.9501,0.0,1789.04,451.0,6.0,True,5513;5608
GILD,Short,263,2024-12-06T21:00:00Z,88.500772,2024-12-09T21:00:00Z,87.050872,381.32,9.1079,0.0,697.85,316.52,3.0,True,5598;5609
ANET,Short,218,2024-12-06T21:00:00Z,106.94,2024-12-09T21:00:00Z,108.825,-410.93,9.3426,-410.93,196.2,607.13,3.0,False,5594;5610
PEP,Long,157,2024-12-05T21:00:00Z,148.908835,2024-12-09T21:00:00Z,147.143933,-277.09,9.3357,-277.09,0.0,277.09,4.0,False,5561;5611
PM,Short,187,2024-12-06T21:00:00Z,123.810934,2024-12-09T21:00:00Z,122.571416,231.79,9.1055,0.0,551.38,319.59,3.0,True,5585;5612
SHOP,Long,204,2024-12-06T21:00:00Z,117.0,2024-12-09T21:00:00Z,118.6,326.4,9.5333,-348.84,326.4,348.84,3.0,True,5591;5613
T,Long,1060,2024-12-06T21:00:00Z,22.000352,2024-12-09T21:00:00Z,22.065032,68.56,9.2557,-430.95,68.56,430.95,3.0,True,5588;5614
TJX,Short,189,2024-12-06T21:00:00Z,123.742782,2024-12-09T21:00:00Z,123.703635,7.4,9.322,0.0,99.88,92.48,3.0,True,5593;5615
TSLA,Short,67,2024-11-20T21:00:00Z,345.0,2024-12-09T21:00:00Z,398.0,-3551.0,9.8064,-3551.0,811.37,4362.37,19.0,False,5284;5616
ADP,Long,81,2024-12-06T21:00:00Z,286.970777,2024-12-11T21:00:00Z,288.217814,101.01,9.3347,-300.72,101.01,300.72,5.0,True,5596;5631
APP,Short,58,2024-12-09T21:00:00Z,368.99,2024-12-11T21:00:00Z,328.21,2365.24,7.9003,0.0,2780.52,1021.38,2.0,True,5624;5636
TXN,Long,126,2024-12-09T21:00:00Z,182.914586,2024-12-11T21:00:00Z,183.019364,13.2,9.2451,-222.04,13.2,222.04,2.0,True,5620;5642
SPY,Short,69,2024-11-27T21:00:00Z,586.965317,2024-12-11T21:00:00Z,592.106676,-354.75,8.1939,-492.34,62.72,555.06,14.0,False,5457;5656
ADI,Long,112,2024-12-06T21:00:00Z,208.490934,2024-12-11T21:00:00Z,210.446272,219.0,9.4878,0.0,569.55,374.58,5.0,True,5601;5657
AMD,Long,168,2024-12-09T21:00:00Z,135.61,2024-12-11T21:00:00Z,128.5,-1194.48,8.7703,-1322.16,0.0,1322.16,2.0,False,5618;5658
AXP,Short,79,2024-12-06T21:00:00Z,296.015078,2024-12-11T21:00:00Z,297.712817,-134.12,9.4014,-134.12,381.43,515.55,5.0,False,5584;5659
BLK,Long,23,2024-11-08T21:00:00Z,998.642511,2024-12-11T21:00:00Z,1023.023533,560.76,9.3104,-475.05,652.12,758.8,33.0,True,5054;5660
BMY,Short,430,2024-12-06T21:00:00Z,54.221578,2024-12-11T21:00:00Z,53.346144,376.44,9.1953,0.0,867.78,491.35,5.0,True,5597;5661
BSX,Short,258,2024-12-09T21:00:00Z,90.12,2024-12-11T21:00:00Z,90.61,-126.42,9.2508,-126.42,0.0,126.42,2.0,False,5625;5662
DIS,Short,205,2024-12-04T21:00:00Z,113.327125,2024-12-11T21:00:00Z,111.998118,272.45,9.2796,-152.25,272.45,152.25,7.0,True,5534;5663
LMT,Long,47,2024-12-06T21:00:00Z,492.042367,2024-12-11T21:00:00Z,488.970203,-144.39,9.1233,-514.79,0.0,514.79,5.0,False,5595;5664
PLTR,Long,330,2024-12-04T21:00:00Z,71.08,2024-12-11T21:00:00Z,72.99,630.3,9.3958,-56.1,1729.2,1785.3,7.0,True,5537;5665
ORCL,Long,127,2024-12-05T21:00:00Z,183.933131,2024-12-11T21:00:00Z,173.595426,-1312.89,9.0371,-1345.09,382.72,1727.81,6.0,False,5557;5666
PG,Short,142,2024-11-22T21:00:00Z,165.804074,2024-12-11T21:00:00Z,165.041625,108.27,9.3898,-775.47,452.02,775.47,19.0,True,5364;5667
PGR,Long,97,2024-12-06T21:00:00Z,239.984957,2024-12-11T21:00:00Z,227.455918,-1215.32,8.899,-1514.46,0.0,1514.46,5.0,False,5589;5668
SYK,Long,61,2024-12-09T21:00:00Z,378.353292,2024-12-11T21:00:00Z,376.603113,-106.76,9.0839,-518.21,0.0,518.21,2.0,False,5623;5669
PANW,Short,115,2024-12-05T21:00:00Z,201.8,2024-12-11T21:00:00Z,196.5,609.5,9.2155,-129.95,837.2,533.6,6.0,True,5566;5670
WFC,Long,332,2024-12-05T21:00:00Z,70.675436,2024-12-11T21:00:00Z,69.895503,-258.94,9.2872,-575.42,297.3,872.72,6.0,False,5560;5671
DE,Long,53,2024-12-09T21:00:00Z,434.916878,2024-12-11T21:00:00Z,437.809809,153.33,13.9388,-53.87,156.95,53.87,2.0,True,5626;5679
SPY,Short,1,2024-11-27T21:00:00Z,586.965317,2024-12-11T21:00:00Z,592.106676,-5.14,0.1188,-7.14,0.91,8.04,14.0,False,5457;5685
MU,Long,238,2024-12-11T21:00:00Z,98.989475,2024-12-13T21:00:00Z,100.233062,295.97,9.6869,-298.34,710.34,414.36,2.0,True,5683;5686
APP,Long,72,2024-12-11T21:00:00Z,328.21,2024-12-13T21:00:00Z,326.28,-138.96,9.5488,-270.72,0.0,270.72,2.0,False,5684;5688
IBM,Long,102,2024-12-09T21:00:00Z,227.373752,2024-12-13T21:00:00Z,221.880479,-560.31,8.981,-767.87,0.0,767.87,4.0,False,5619;5691
VRTX,Short,49,2024-12-11T21:00:00Z,472.31,2024-12-13T21:00:00Z,462.33,489.02,9.1338,0.0,489.02,0.0,2.0,True,5655;5694
ADP,Short,81,2024-12-11T21:00:00Z,288.217814,2024-12-13T21:00:00Z,283.62554,371.97,13.8383,0.0,371.97,0.0,2.0,True,5677;5702
DE,Short,53,2024-12-11T21:00:00Z,437.809809,2024-12-13T21:00:00Z,430.030172,412.32,9.1258,0.0,439.26,49.73,2.0,True,5679;5703
ABT,Short,209,2024-12-11T21:00:00Z,111.100943,2024-12-13T21:00:00Z,109.694236,294.0,9.1632,0.0,388.65,94.64,2.0,True,5675;5707
ADBE,Long,42,2024-12-11T21:00:00Z,547.05,2024-12-13T21:00:00Z,473.99,-3068.52,8.5312,-3417.12,0.0,3417.12,2.0,False,5674;5708
BA,Long,142,2024-12-11T21:00:00Z,165.5,2024-12-13T21:00:00Z,167.99,353.58,9.5313,0.0,589.3,235.72,2.0,True,5678;5709
BKNG,Long,129,2024-11-01T20:00:00Z,183.747767,2024-12-13T21:00:00Z,206.561177,2942.93,10.1387,0.0,3249.77,766.54,42.0417,True,4947;5710
CAT,Long,59,2024-11-29T18:00:00Z,398.833096,2024-12-13T21:00:00Z,373.385248,-1501.42,4.3964,-1549.37,0.0,1549.37,14.125,False,5472;5711
COP,Short,240,2024-12-11T21:00:00Z,96.803561,2024-12-13T21:00:00Z,95.564673,297.33,9.2246,0.0,329.11,31.78,2.0,True,5654;5712
GILD,Long,266,2024-12-11T21:00:00Z,87.562601,2024-12-13T21:00:00Z,87.591433,7.67,9.3271,-5.04,57.24,49.57,2.0,True,5680;5713
GOOGL,Short,126,2024-12-11T21:00:00Z,184.169048,2024-12-13T21:00:00Z,190.15392,-754.09,9.6509,-840.53,0.0,840.53,2.0,False,5672;5714
HD,Short,57,2024-11-26T21:00:00Z,407.144541,2024-12-13T21:00:00Z,397.03661,576.15,9.1908,-272.98,649.63,272.98,17.0,True,5395;5715
MS,Short,186,2024-11-29T18:00:00Z,126.590545,2024-12-13T21:00:00Z,122.556835,750.27,9.2208,0.0,977.22,226.95,14.125,True,5469;5716
PEP,Long,156,2024-12-11T21:00:00Z,149.50488,2024-12-13T21:00:00Z,147.003956,-390.14,9.1637,-390.14,0.0,390.14,2.0,False,5647;5717
PFE,Long,1027,2024-12-11T21:00:00Z,22.523618,2024-12-13T21:00:00Z,22.47928,-45.53,9.2545,-45.53,163.93,209.46,2.0,False,5653;5718
TMO,Short,43,2024-12-11T21:00:00Z,531.252432,2024-12-13T21:00:00Z,519.623195,500.06,9.0662,0.0,500.06,97.43,2.0,True,5649;5719
XOM,Long,218,2024-12-11T21:00:00Z,105.910347,2024-12-13T21:00:00Z,105.815784,-20.61,9.1843,-239.13,0.0,239.13,2.0,False,5673;5720
MA,Short,43,2024-12-13T21:00:00Z,528.526067,2024-12-13T21:00:00Z,528.526067,0.0,13.504,0.0,0.0,0.0,0.0,False,5697;5721
UNH,Long,42,2024-12-06T21:00:00Z,551.991832,2024-12-13T21:00:00Z,493.489859,-2457.08,13.1685,-2457.08,0.0,2457.08,7.0,False,5583;5722
AMD,Long,177,2024-12-13T21:00:00Z,131.01,2024-12-16T21:00:00Z,125.87,-909.78,8.9774,-909.78,0.0,909.78,3.0,False,5724;5730
BX,Long,129,2024-12-13T21:00:00Z,179.155712,2024-12-16T21:00:00Z,177.951873,-155.3,9.1449,-246.29,0.0,246.29,3.0,False,5726;5731
DHR,Long,100,2024-12-11T21:00:00Z,233.07302,2024-12-16T21:00:00Z,231.679327,-139.37,9.283,-160.13,0.0,160.13,5.0,False,5650;5732
LOW,Long,88,2024-12-09T21:00:00Z,264.506366,2024-12-16T21:00:00Z,253.665466,-954.0,9.077,-1180.82,0.0,1180.82,7.0,False,5621;5733
MRK,Long,244,2024-12-13T21:00:00Z,94.73644,2024-12-16T21:00:00Z,95.305928,138.96,9.2742,-59.19,198.86,258.05,3.0,True,5698;5734
NOW,Long,100,2024-12-13T21:00:00Z,226.0,2024-12-16T21:00:00Z,223.56,-244.0,9.0041,-244.0,0.0,244.0,3.0,False,5723;5735
ORCL,Long,135,2024-12-13T21:00:00Z,170.66966,2024-12-16T21:00:00Z,169.743168,-125.08,9.0745,-496.36,0.0,496.36,3.0,False,5696;5736
PLD,Long,221,2024-12-13T21:00:00Z,103.92705,2024-12-16T21:00:00Z,104.068414,31.24,9.1346,-266.93,31.24,271.07,3.0,True,5705;5737
PM,Short,194,2024-12-13T21:00:00Z,118.608715,2024-12-16T21:00:00Z,119.322377,-138.45,9.2019,-138.45,67.4,205.85,3.0,False,5700;5738
SCHW,Long,289,2024-12-11T21:00:00Z,80.63329,2024-12-16T21:00:00Z,78.246474,-689.79,9.0662,-1269.33,118.73,1388.06,5.0,False,5676;5739
MSFT,Short,53,2024-12-11T21:00:00Z,438.019446,2024-12-16T21:00:00Z,441.126666,-164.68,9.4165,-394.19,0.0,394.19,5.0,False,5645;5740
PANW,Short,115,2024-12-13T21:00:00Z,199.97,2024-12-16T21:00:00Z,198.51,167.9,9.1761,-290.95,403.65,694.6,3.0,True,5727;5741
UNH,Short,46,2024-12-13T21:00:00Z,493.489859,2024-12-16T21:00:00Z,495.748481,-103.9,8.7784,-103.9,754.57,858.47,3.0,False,5722;5743
BMY,Long,449,2024-12-16T21:00:00Z,52.304839,2024-12-17T21:00:00Z,51.687429,-277.22,9.3939,-277.22,368.24,645.46,1.0,False,5751;5754
FISV,Long,113,2024-12-13T21:00:00Z,206.27,2024-12-17T21:00:00Z,202.5,-426.01,9.2407,-426.01,0.0,426.01,4.0,False,5704;5755
LIN,Long,54,2024-12-16T21:00:00Z,425.524001,2024-12-17T21:00:00Z,419.1045,-346.65,9.0599,-346.65,0.0,346.65,1.0,False,5747;5756
MA,Long,43,2024-12-13T21:00:00Z,528.526067,2024-12-17T21:00:00Z,523.806465,-202.94,4.5184,-202.94,0.0,202.94,4.0,False,5721;5757
NVDA,Short,172,2024-12-16T21:00:00Z,133.830139,2024-12-17T21:00:00Z,128.57388,904.08,9.0027,0.0,904.08,0.0,1.0,True,5742;5758
PFE,Long,1018,2024-12-16T21:00:00Z,22.683234,2024-12-17T21:00:00Z,22.993599,315.95,9.3305,0.0,767.31,451.36,1.0,True,5749;5759
SHOP,Long,205,2024-12-11T21:00:00Z,115.35,2024-12-17T21:00:00Z,115.14,-43.05,9.7113,-147.6,848.7,891.75,6.0,False,5652;5760
VZ,Long,616,2024-12-06T21:00:00Z,37.915453,2024-12-17T21:00:00Z,36.169346,-1075.6,9.1261,-1075.6,0.0,1075.6,11.0,False,5587;5761
APP,Long,71,2024-12-16T21:00:00Z,326.16,2024-12-18T21:00:00Z,338.5,876.14,9.326,-948.56,876.14,1767.19,2.0,True,5752;5775
GS,Long,40,2024-11-27T21:00:00Z,584.04137,2024-12-18T21:00:00Z,557.775358,-1050.64,8.9068,-2103.04,34.22,2137.26,21.0,False,5446;5776
HON,Long,107,2024-12-09T21:00:00Z,216.205425,2024-12-18T21:00:00Z,222.368004,659.4,9.2281,0.0,955.41,929.89,9.0,True,5622;5777
ANET,Long,197,2024-12-17T21:00:00Z,114.93,2024-12-18T21:00:00Z,113.49,-283.68,8.7039,-1367.18,0.0,1367.18,1.0,False,5770;5778
MRVL,Long,192,2024-12-16T21:00:00Z,121.939072,2024-12-18T21:00:00Z,111.984863,-1911.21,8.7939,-3291.1,0.0,3291.1,2.0,False,5753;5779
PLTR,Long,303,2024-12-17T21:00:00Z,73.22,2024-12-18T21:00:00Z,74.26,315.12,8.8373,-539.34,315.12,539.34,1.0,True,5769;5780
RTX,Long,206,2024-11-04T21:00:00Z,115.023716,2024-12-18T21:00:00Z,113.548331,-303.93,9.2758,-798.08,1092.51,1890.58,44.0,False,4976;5781
VRTX,Long,49,2024-12-13T21:00:00Z,462.33,2024-12-18T21:00:00Z,467.06,231.77,8.9301,-726.67,338.59,1065.26,5.0,True,5728;5782
GILD,Long,261,2024-12-17T21:00:00Z,87.935453,2024-12-18T21:00:00Z,88.604382,174.59,13.6249,-331.72,174.59,331.72,1.0,True,5773;5788
CB,Long,87,2024-12-11T21:00:00Z,267.486821,2024-12-20T21:00:00Z,266.77948,-61.54,9.3344,-163.65,272.01,435.66,9.0,False,5682;5794
DE,Long,53,2024-12-13T21:00:00Z,430.030172,2024-12-20T21:00:00Z,416.357167,-724.67,4.4805,-725.19,185.96,911.15,7.0,False,5703;5795
ABT,Long,211,2024-12-17T21:00:00Z,108.114099,2024-12-20T21:00:00Z,108.528403,87.42,9.2509,-56.92,410.66,323.24,3.0,True,5768;5813
ADP,Long,81,2024-12-13T21:00:00Z,283.62554,2024-12-20T21:00:00Z,277.597266,-488.29,4.5577,-613.08,31.0,644.08,7.0,False,5702;5814
AXP,Long,78,2024-12-13T21:00:00Z,296.819786,2024-12-20T21:00:00Z,286.898316,-773.87,9.1976,-1123.69,84.97,1208.65,7.0,False,5699;5815
CVX,Long,161,2024-12-16T21:00:00Z,142.342352,2024-12-20T21:00:00Z,130.915915,-1839.66,8.7435,-1839.66,0.0,1839.66,4.0,False,5744;5816
FISV,Long,112,2024-12-18T21:00:00Z,205.16,2024-12-20T21:00:00Z,201.94,-360.64,9.1336,-360.64,104.16,464.8,2.0,False,5789;5817
GILD,Short,258,2024-12-18T21:00:00Z,88.604382,2024-12-20T21:00:00Z,87.046734,401.87,4.5646,0.0,401.87,364.89,2.0,True,5788;5818
ISRG,Long,43,2024-11-29T18:00:00Z,539.0,2024-12-20T21:00:00Z,521.45,-754.65,9.1713,-754.65,490.63,1245.28,21.125,False,5473;5819
LMT,Long,48,2024-12-16T21:00:00Z,472.082841,2024-12-20T21:00:00Z,457.437587,-702.97,8.9822,-702.97,0.0,702.97,4.0,False,5750;5820
MS,Long,186,2024-12-17T21:00:00Z,122.586501,2024-12-20T21:00:00Z,115.814845,-1259.53,8.942,-1352.09,0.0,1352.09,3.0,False,5766;5821
ORCL,Long,137,2024-12-17T21:00:00Z,166.524825,2024-12-20T21:00:00Z,162.779845,-513.06,9.0686,-713.48,0.0,713.48,3.0,False,5763;5822
PFE,Long,976,2024-12-18T21:00:00Z,23.233023,2024-12-20T21:00:00Z,22.966996,-259.64,9.0442,-372.15,138.48,398.12,2.0,False,5786;5823
PLD,Long,222,2024-12-18T21:00:00Z,102.360673,2024-12-20T21:00:00Z,95.6618,-1487.15,8.6812,-1487.15,0.0,1487.15,2.0,False,5790;5824
PM,Long,194,2024-12-17T21:00:00Z,117.688467,2024-12-20T21:00:00Z,115.031016,-515.55,9.1181,-575.66,0.0,575.66,3.0,False,5767;5825
QCOM,Long,155,2024-11-27T21:00:00Z,150.344621,2024-12-20T21:00:00Z,144.457155,-912.56,9.2094,-912.56,951.86,1864.41,23.0,False,5447;5826
SYK,Long,62,2024-12-18T21:00:00Z,364.784489,2024-12-20T21:00:00Z,350.261936,-900.4,8.8244,-900.4,0.0,900.4,2.0,False,5787;5827
WFC,Long,340,2024-12-16T21:00:00Z,67.940855,2024-12-20T21:00:00Z,66.37136,-533.63,9.3185,-589.28,81.84,671.13,4.0,False,5745;5828
ACN,Long,67,2024-12-17T21:00:00Z,340.993627,2024-12-23T21:00:00Z,344.066157,205.86,9.1559,-623.33,946.19,856.04,6.0,True,5764;5836
CAT,Long,62,2024-12-18T21:00:00Z,369.321817,2024-12-23T21:00:00Z,357.258812,-747.91,8.8544,-1021.09,0.0,1021.09,5.0,False,5783;5837
COP,Short,250,2024-12-20T21:00:00Z,89.644486,2024-12-23T21:00:00Z,90.249745,-151.31,9.0552,-375.92,0.0,375.92,3.0,False,5833;5838
COST,Short,24,2024-11-22T21:00:00Z,953.533799,2024-12-23T21:00:00Z,944.758523,210.61,9.099,-759.47,304.98,803.44,31.0,True,5363;5839
CSCO,Long,407,2024-12-20T21:00:00Z,55.26815,2024-12-23T21:00:00Z,55.921528,265.93,9.1901,0.0,570.96,305.03,3.0,True,5802;5840
HON,Long,104,2024-12-20T21:00:00Z,215.327782,2024-12-23T21:00:00Z,217.550508,231.16,9.0373,0.0,231.16,0.0,3.0,True,5807;5841
IBM,Long,104,2024-12-16T21:00:00Z,220.428344,2024-12-23T21:00:00Z,212.661333,-807.77,8.9671,-1049.21,0.0,1049.21,7.0,False,5746;5842
META,Short,37,2024-12-09T21:00:00Z,619.444444,2024-12-23T21:00:00Z,586.635171,1213.94,8.9245,-337.45,1388.69,537.12,14.0,True,5617;5843
MRK,Long,240,2024-12-20T21:00:00Z,93.5779,2024-12-23T21:00:00Z,93.568457,-2.27,8.9518,-2.27,61.19,63.46,3.0,False,5829;5844
SPGI,Long,50,2024-11-08T21:00:00Z,462.850136,2024-12-23T21:00:00Z,456.928312,-296.09,4.646,-457.41,1235.49,1692.9,45.0,False,5102;5845
TJX,Long,190,2024-12-20T21:00:00Z,118.516695,2024-12-23T21:00:00Z,118.947309,81.82,9.0657,0.0,124.58,42.77,3.0,True,5832;5846
UNP,Long,105,2024-12-20T21:00:00Z,214.670423,2024-12-23T21:00:00Z,217.085369,253.57,9.1618,0.0,405.1,151.54,3.0,True,5808;5847
VZ,Long,630,2024-12-18T21:00:00Z,36.258433,2024-12-23T21:00:00Z,35.572463,-432.16,9.0002,-432.16,0.0,432.16,5.0,False,5784;5848
APP,Long,70,2024-12-20T21:00:00Z,313.91,2024-12-23T21:00:00Z,348.49,2420.6,14.1676,0.0,2420.6,0.0,3.0,True,5812;5858
CB,Short,84,2024-12-20T21:00:00Z,266.77948,2024-12-23T21:00:00Z,265.537371,104.34,13.5385,-214.43,104.34,214.43,3.0,True,5834;5859
MU,Long,213,2024-12-17T21:00:00Z,109.435601,2024-12-26T21:00:00Z,88.045915,-4556.0,8.4093,-4854.79,0.0,4854.79,9.0,False,5772;5872
BMY,Short,429,2024-12-23T21:00:00Z,52.756379,2024-12-26T21:00:00Z,53.134197,-162.08,9.1384,-296.5,0.0,296.5,3.0,False,5857;5873
CRM,Short,64,2024-12-05T21:00:00Z,356.233938,2024-12-26T21:00:00Z,339.441381,1074.72,8.8752,-35.32,1565.41,580.97,21.0,True,5558;5874
APP,Short,66,2024-12-23T21:00:00Z,348.49,2024-12-26T21:00:00Z,341.35,471.24,4.5767,0.0,471.24,325.38,3.0,True,5858;5875
DE,Long,53,2024-12-23T21:00:00Z,422.827167,2024-12-26T21:00:00Z,422.0062,-43.51,8.9739,-43.51,62.68,106.19,3.0,False,5856;5876
LIN,Long,55,2024-12-20T21:00:00Z,409.64624,2024-12-26T21:00:00Z,413.583925,216.57,9.1197,0.0,347.16,130.59,6.0,True,5804;5877
NEE,Long,329,2024-11-15T21:00:00Z,71.12999,2024-12-26T21:00:00Z,68.787978,-770.52,4.5194,-1616.7,1162.25,2778.95,41.0,False,5243;5878
QCOM,Long,154,2024-12-23T21:00:00Z,149.753917,2024-12-26T21:00:00Z,151.554817,277.34,9.396,0.0,572.47,295.14,3.0,True,5853;5879
TMO,Long,43,2024-12-20T21:00:00Z,513.45211,2024-12-26T21:00:00Z,521.312542,338.0,8.9839,0.0,525.16,187.16,6.0,True,5805;5880
TXN,Long,126,2024-12-13T21:00:00Z,180.514207,2024-12-26T21:00:00Z,181.476263,121.22,9.2011,-604.9,351.66,604.9,13.0,True,5725;5881
PANW,Short,119,2024-12-20T21:00:00Z,186.3,2024-12-26T21:00:00Z,189.428,-372.23,8.9276,-379.61,0.0,379.61,6.0,False,5809;5882
WFC,Long,335,2024-12-23T21:00:00Z,67.132035,2024-12-26T21:00:00Z,68.778561,551.59,9.1802,0.0,658.03,106.45,3.0,True,5850;5883
CSCO,Long,395,2024-12-26T21:00:00Z,57.276328,2024-12-27T21:00:00Z,57.324371,18.98,9.0777,0.0,18.98,0.0,1.0,True,5867;5889
LMT,Short,48,2024-12-26T21:00:00Z,465.595042,2024-12-27T21:00:00Z,465.957595,-17.4,8.9664,-44.42,0.0,44.42,1.0,False,5870;5890
NKE,Short,311,2024-12-26T21:00:00Z,72.944074,2024-12-27T21:00:00Z,72.725137,68.09,9.0802,0.0,68.09,0.0,1.0,True,5871;5891
PFE,Long,971,2024-12-23T21:00:00Z,23.383772,2024-12-27T21:00:00Z,23.410374,25.83,9.1839,0.0,318.59,292.75,4.0,True,5854;5892
CB,Long,84,2024-12-23T21:00:00Z,265.537371,2024-12-30T21:00:00Z,269.224575,309.73,4.5253,0.0,556.19,246.47,7.0,True,5859;5895
HON,Long,104,2024-12-26T21:00:00Z,217.50281,2024-12-30T21:00:00Z,217.50281,0.0,9.0977,-133.94,155.76,289.7,4.0,False,5869;5896
ISRG,Long,43,2024-12-23T21:00:00Z,524.88,2024-12-30T21:00:00Z,528.43,152.65,9.0659,0.0,599.85,510.41,7.0,True,5852;5897
MRVL,Long,196,2024-12-26T21:00:00Z,114.324102,2024-12-30T21:00:00Z,110.213013,-805.77,8.8721,-805.77,0.0,805.77,4.0,False,5888;5898
PEP,Long,157,2024-12-17T21:00:00Z,145.333562,2024-12-30T21:00:00Z,142.459366,-451.25,9.0209,-651.97,0.0,651.97,13.0,False,5765;5899
SHOP,Long,191,2024-12-18T21:00:00Z,118.73,2024-12-30T21:00:00Z,105.07,-2609.06,8.2661,-2609.06,0.0,2609.06,12.0,False,5785;5900
UNH,Long,46,2024-12-16T21:00:00Z,495.748481,2024-12-30T21:00:00Z,485.221004,-484.26,4.4711,-1429.9,0.0,1429.9,14.0,False,5743;5901
WFC,Long,329,2024-12-27T21:00:00Z,68.537841,2024-12-30T21:00:00Z,67.796423,-243.93,8.9664,-243.93,0.0,243.93,3.0,False,5893;5902
MU,Long,258,2024-12-30T21:00:00Z,86.636183,2024-12-31T21:00:00Z,85.112056,-393.22,8.7111,-722.2,0.0,722.2,1.0,False,5907;5908
AMD,Long,180,2024-12-26T21:00:00Z,125.69,2024-12-31T21:00:00Z,122.91,-500.4,8.8506,-882.0,0.0,882.0,5.0,False,5868;5909
CSCO,Long,397,2024-12-30T21:00:00Z,56.776686,2024-12-31T21:00:00Z,56.968856,76.29,9.0322,0.0,76.29,0.0,1.0,True,5904;5910
FISV,Long,108,2024-12-26T21:00:00Z,208.47,2024-12-31T21:00:00Z,206.45,-218.16,8.9813,-316.44,0.0,316.44,5.0,False,5886;5911
MCD,Long,80,2024-12-11T21:00:00Z,288.810192,2024-12-31T21:00:00Z,278.018387,-863.34,8.986,-900.15,0.0,900.15,20.0,False,5648;5912
NEE,Long,331,2024-12-27T21:00:00Z,68.3609,2024-12-31T21:00:00Z,68.237522,-40.84,9.0346,-106.81,0.0,106.81,4.0,False,5894;5913
TMUS,Long,103,2024-12-11T21:00:00Z,224.628336,2024-12-31T21:00:00Z,212.076738,-1292.81,9.0303,-1507.13,7.94,1515.06,20.0,False,5646;5914
